L9328351,AR,AR-B,AR-B-LU,-34.5064583,-59.2332267,"(-34,506, -59,233) Los Ñacundaes",2026-03-26 15:52,80,47
L14468849,AR,AR-B,AR-B-MN,-34.6285195,-58.6426514,"1258 gobernador Udaondo, Buenos Aires, AR (-34,626, -58,682)",2021-04-12 08:30,30,1
L21004897,AR,AR-X,AR-X-RC,-33.6041216,-64.6013755,"1º paso nivel, Coronel Moldes",2026-09-22 13:55,85,38
L53225840,AR,AR-N,AR-N-IG,-25.6562953,-54.5550998,2000 Ha.,2025-12-15 15:40,2,1
L12192681,AR,AR-Z,AR-Z-GA,-51.5779143,-72.2249683,28 de Nnoviembre,2026-03-16 07:30,26,12
L16321015,AR,AR-S,AR-S-SV,-30.506791,-59.918598,4 Soles,2023-06-11 08:49,113,17
L37098382,AR,AR-S,AR-S-GL,-33.7635142,-61.7195182,4 lagunas,2026-09-22 10:56,108,23
L5996794,AR,AR-S,AR-S-LC,-31.6343591,-61.2350464,4.5 km al sur de Paraje La Vigilancia,2024-07-23 13:21,132,15
L13520746,AR,AR-Q,AR-Q-CC,-40.3173366,-70.6532186,"43 Ruta Nacional 234, Neuquén, AR (-40,317, -70,653)",2026-04-01 20:37,35,8
L31923816,AR,AR-S,AR-S-GL,-33.6865025,-61.4106435,4to puente,2026-07-10 12:30,127,26
L38436002,AR,AR-S,AR-S-GL,-33.6958635,-61.4079255,5to puente,2026-06-21 11:03,73,5
L956073,AR,AR-N,AR-N-IG,-25.606856,-54.5487607,600 hectáreas (Reserva Municipal Selva Iryapú),2026-09-25 16:36,329,1510
L26075475,AR,AR-B,AR-B-NJ,-35.4370033,-60.8763511,9 de Julio--Parque San Martín,2026-07-17 16:56,80,57
L6586687,AR,AR-V,AR-V-RG,-53.7942886,-67.6685929,A las afueras de la Reserva Natural Urbana Punta Popper,2026-07-04 13:03,55,69
L4612473,AR,AR-S,AR-S-LP,-31.6774158,-60.7514334,A.N.P. Laguna Juan de Garay (Bedetti),2026-09-05 16:15,164,67
L11511180,AR,AR-S,AR-S-LC,-31.3047471,-60.9583782,ABC Pueblo y campos lindantes .,2022-10-24 19:37,38,1
L38780152,AR,AR-U,AR-U-FA,-44.6898383,-66.6245317,ACA Garayalde,2026-01-25 10:30,16,4
L40344937,AR,AR-X,AR-X-GM,-32.4143052,-63.1443638,ACABIO Villa María,2025-02-01 09:15,30,2
L68408977,AR,AR-R,AR-R-SA,-40.7923627,-65.0558188,ANP Bahía de San Antonio,2026-07-19 10:47,35,4
L4409161,AR,AR-R,AR-R-SA,-40.7595456,-64.987607,ANP Bahía de San Antonio--Costas,2026-01-29 10:31,123,27
L5830102,AR,AR-R,AR-R-SA,-40.7844444,-65.0516667,ANP Bahía de San Antonio--Refugio Los Álamos,2026-07-18 15:13,146,104
L13827539,AR,AR-Q,AR-Q-CO,-38.9829403,-68.0113053,ANP Bosque Ribereño de la Confluencia (Península Hiroki),2026-09-12 17:33,123,168
L2463313,AR,AR-U,AR-U-FA,-44.9137631,-65.5904388,ANP Cabo Dos Bahías,2025-11-16 16:04,92,56
L5549311,AR,AR-U,AR-U-FA,-44.9034595,-65.5753541,ANP Cabo Dos Bahías--Caleta Sara,2026-02-10 12:00,76,14
L17503315,AR,AR-U,AR-U-FA,-44.9131857,-65.5466759,ANP Cabo Dos Bahías--Pingüinera,2026-02-14 11:53,98,69
L2380012,AR,AR-U,AR-U-BI,-42.6277702,-64.947052,ANP El Doradillo,2026-02-18 12:00,112,112
L1267422,AR,AR-U,AR-U-BI,-42.6132436,-64.8900604,ANP El Doradillo--Playa Gaviota,2025-07-19 14:53,71,30
L11845465,AR,AR-U,AR-U-BI,-42.631658,-64.953004,ANP El Doradillo--Playa Las Canteras 2da bajada,2026-09-18 09:25,70,65
L28216759,AR,AR-Q,AR-Q-PL,-39.451311,-69.040802,ANP El Mangrullo (Acceso restringido).,2025-10-11 16:35,54,7
L7145425,AR,AR-X,AR-X-SJ,-31.3194927,-62.1347827,ANP La Kava,2025-12-27 18:54,120,28
L3607660,AR,AR-U,AR-U-FU,-43.2707062,-71.6809845,ANP Lago Baguilt,2026-04-12 12:02,52,15
L2761902,AR,AR-U,AR-U-LA,-43.1526667,-70.4521667,ANP Laguna Aleusco,2025-12-04 16:15,90,38
L6422392,AR,AR-Q,AR-Q-CO,-38.9440881,-68.1325722,ANP Laguna San Lorenzo,2026-08-26 10:24,107,225
L29172091,AR,AR-R,AR-R-SA,-40.7875804,-65.0536188,ANP Las Grutas,2026-04-08 18:15,65,8
L4103149,AR,AR-U,AR-U-PI,-43.8845086,-68.406297,ANP Los Altares--Río Chubut,2026-04-13 14:10,65,19
L4906401,AR,AR-Q,AR-Q-CO,-38.9366464,-68.0576849,ANP Parque Regional Bardas Norte,2026-08-30 09:20,111,156
L13477097,AR,AR-Q,AR-Q-CO,-38.979716,-68.1260959,ANP Parque Ribereño Perlas del Limay,2026-09-12 09:42,113,107
L13467701,AR,AR-Q,AR-Q-CO,-38.9142515,-68.0504669,ANP Parque Ribereño Río Neuquén,2026-09-19 09:13,93,52
L6448682,AR,AR-R,AR-R-EC,-39.1128177,-67.6224482,ANP Paso Córdoba,2026-09-25 13:46,159,541
L27455769,AR,AR-R,AR-R-EC,-39.1236596,-67.6456212,ANP Paso Córdoba--zona de cañadones,2026-01-03 16:00,65,25
L2763348,AR,AR-U,AR-U-BI,-42.3046667,-63.6711667,ANP Península Valdés--Caleta Valdés,2026-04-14 16:53,107,58
L2470224,AR,AR-U,AR-U-BI,-42.4649648,-64.4991446,ANP Península Valdés--Centro de Visitantes,2026-04-29 19:35,94,197
L22587244,AR,AR-U,AR-U-BI,-42.1132964,-63.7365102,ANP Península Valdés--Ea. La Ernestina,2026-05-05 16:58,69,27
L3028271,AR,AR-U,AR-U-BI,-42.1308213,-63.9019775,ANP Península Valdés--Ea. San Lorenzo (acceso restringido),2026-09-23 15:55,73,74
L682248,AR,AR-U,AR-U-BI,-42.4202056,-64.5166755,ANP Península Valdés--Isla de los Pájaros,2026-04-29 18:08,95,144
L17737525,AR,AR-U,AR-U-BI,-42.4949474,-63.6086082,ANP Península Valdés--Mirador Elefantes Marinos,2026-09-17 13:32,89,113
L30650668,AR,AR-U,AR-U-BI,-42.428344,-64.516936,ANP Península Valdés--Mirador Isla de los Pájaros,2026-09-23 17:10,92,91
L10571661,AR,AR-U,AR-U-BI,-42.4609851,-63.6120102,ANP Península Valdés--Mirador de Pinguinos,2026-09-22 13:14,103,140
L30650066,AR,AR-U,AR-U-BI,-42.461208,-63.611881,ANP Península Valdés--Mirador de Pingüinos,2026-09-17 13:57,65,55
L678079,AR,AR-U,AR-U-BI,-42.6142543,-64.2162895,ANP Península Valdés--Playa Colombo,2026-01-16 16:32,91,12
L5405403,AR,AR-U,AR-U-BI,-42.4277014,-64.1257811,ANP Península Valdés--Playa Fracasso,2026-02-25 10:30,50,8
L682247,AR,AR-U,AR-U-BI,-42.573531,-64.2790103,ANP Península Valdés--Puerto Pirámides,2026-07-10 12:54,140,426
L2763306,AR,AR-U,AR-U-BI,-42.5728333,-64.2265,ANP Península Valdés--Puerto Pirámides 5 km al Este,2026-02-26 07:45,61,26
L1972048,AR,AR-U,AR-U-BI,-42.5132186,-63.6007655,ANP Península Valdés--Punta Cantor,2026-09-22 14:35,108,314
L485678,AR,AR-U,AR-U-BI,-42.7656349,-63.6380053,ANP Península Valdés--Punta Delgada,2026-04-12 18:10,104,70
L1064860,AR,AR-U,AR-U-BI,-42.0800374,-63.7591553,ANP Península Valdés--Punta Norte,2026-09-23 11:39,132,350
L2763314,AR,AR-U,AR-U-BI,-42.6186667,-64.259,ANP Península Valdés--Punta Pardelas,2024-11-22 10:30,63,20
L2763305,AR,AR-U,AR-U-BI,-42.5843333,-64.3083333,ANP Península Valdés--Punta Pirámides,2026-09-22 09:30,118,463
L21360879,AR,AR-U,AR-U-BI,-42.5825303,-64.2129603,ANP Península Valdés--Ruta 2 a Salina Chica/Establecimiento María,2026-04-13 12:04,61,13
L2959522,AR,AR-U,AR-U-BI,-42.6701936,-63.9060116,ANP Península Valdés--Ruta 2 de Puerto Pirámides a Pta. Delgada,2026-01-15 09:43,87,47
L9172310,AR,AR-U,AR-U-BI,-42.2252703,-63.674907,ANP Península Valdés--Ruta 47,2023-10-30 16:15,71,6
L8376746,AR,AR-U,AR-U-BI,-42.660567,-63.86049,ANP Península Valdés--Salina Chica,2026-01-15 19:06,72,45
L11196920,AR,AR-U,AR-U-BI,-42.3958697,-64.0334826,ANP Península Valdés--Salina Grande,2026-01-27 12:01,66,9
L3125026,AR,AR-U,AR-U-LA,-42.6554244,-70.1063347,ANP Piedra Parada,2026-05-30 16:15,102,101
L8871560,AR,AR-U,AR-U-CU,-42.640049,-70.093179,ANP Piedra Parada--Cañadón de la Buitrera,2026-04-25 11:05,60,37
L8866969,AR,AR-U,AR-U-LA,-42.655422,-70.100606,ANP Piedra Parada--área Río Chubut,2026-09-10 11:22,39,11
L1295559,AR,AR-U,AR-U-BI,-42.8148745,-64.892571,ANP Punta Loma,2026-09-20 13:13,114,290
L485324,AR,AR-U,AR-U-FA,-44.0484242,-65.2227402,ANP Punta Tombo,2026-09-21 12:39,160,620
L54817281,AR,AR-U,AR-U-FA,-43.9893379,-65.3283689,ANP Punta Tombo--Ea. La Perla,2026-02-10 10:42,22,6
L7982609,AR,AR-Q,AR-Q-MI,-36.6297281,-70.606372,ANP Volcan Domuyo,2024-01-14 17:23,69,25
L4417684,AR,AR-N,AR-N-PS,-27.4405531,-55.8962601,ARA Área de Recursos Ambientales Arroyo Zaimán,2025-07-16 08:30,140,46
L28255908,AR,AR-S,AR-S-CO,-33.2194886,-60.3133977,ARENERA,2023-12-10 07:30,55,1
L4257686,AR,AR-Q,AR-Q-AL,-39.3194418,-70.9381092,Abra Ancha,2024-01-07 12:03,15,7
L14591502,AR,AR-A,AR-A-OR,-22.9203402,-64.4645422,Abra Grande,2026-05-09 07:16,243,38
L2762237,AR,AR-A,AR-A-OR,-23.2328825,-64.3014339,Abra Grande,2021-10-26 09:00,91,2
L7231625,AR,AR-G,AR-G-BA,-27.3245,-64.3456793,Abra Grande,2026-02-22 16:58,97,22
L846266,AR,AR-Y,AR-Y-CO,-22.7125398,-65.6975555,Abra Pampa,2026-07-26 11:33,160,282
L846831,AR,AR-A,AR-A-SV,-22.2189531,-65.2259159,Abra de Lizoite,2026-09-19 11:49,131,198
L761055,AR,AR-Y,AR-Y-EC,-24.4938659,-65.305481,Abra de Santa Laura (lado jujeño),2026-09-18 10:46,153,60
L7317189,AR,AR-Y,AR-Y-EC,-24.4979762,-65.3060389,Abra de Santa Laura (lado salteño),2026-09-17 11:38,151,73
L21181666,AR,AR-A,AR-A-LP,-24.4366302,-66.2390506,Abra del Acay,2023-11-28 12:00,32,8
L39908128,AR,AR-X,AR-X-GM,-32.417478,-63.15329,Acabio cunetas,2025-02-01 09:30,35,1
L30295183,AR,AR-W,AR-W-SG,-27.8583891,-57.3785855,Acceso Portal San Antonio-hacia arroyo,2026-09-14 14:41,167,31
L8129653,AR,AR-B,AR-B-SC,-38.6929637,-59.4745302,Acceso a Balneario San Cayetano,2026-06-09 13:20,100,31
L7601904,AR,AR-B,AR-B-VI,-38.868136,-62.4743342,Acceso a Cabeza de Buey,2023-11-12 14:52,75,13
L30180607,AR,AR-K,AR-K-AG,-27.4639964,-66.0176921,Aconquija (ciudad),2024-05-19 09:42,25,4
L15898151,AR,AR-K,AR-K-AC,-28.7149315,-65.529439,Acostilla,2025-12-17 14:30,55,2
L12311093,AR,AR-S,AR-S-RO,-32.9113382,-60.6752367,Acuario del Río Paraná,2026-09-27 10:39,102,68
L2763524,AR,AR-X,AR-X-JC,-33.7666667,-64.0333333,Adelia María--caminos rurales,2017-08-25 15:45,56,4
L30613266,AR,AR-A,AR-A-CH,-25.100134,-65.560449,Adolfo Morillo,2024-12-29 08:57,70,7
L24652557,AR,AR-K,AR-K-TI,-26.9143977,-68.1320357,Aduana Argentina  y laguna (Catamarca),2026-06-29 16:00,50,11
L11314836,AR,AR-S,AR-S-SC,-29.8725277,-61.928537,Aeroclub Ceres,2025-08-10 08:35,33,2
L15758821,AR,AR-R,AR-R-GR,-38.805028,-68.0392262,Aeroclub Cinco Saltos,2021-07-11 18:40,1,2
L30068481,AR,AR-N,AR-N-ED,-26.393425,-54.575864,Aeroclub Eldorado,2023-02-20 00:00,8,1
L21144329,AR,AR-X,AR-X-TA,-32.1697576,-64.0894749,Aeroclub Río Tercero,2025-11-29 18:10,42,9
L53068583,AR,AR-A,AR-A-GM,-22.6156913,-63.7958997,Aerodromo Tartagal,2025-09-20 09:00,42,0
L6003579,AR,AR-X,AR-X-PU,-31.0007131,-64.5296252,Aerodromo de La Cumbre,2026-05-09 13:26,84,28
L2975377,AR,AR-C,AR-C-DF,-34.5572544,-58.418169,Aeroparque Jorge Newbery,2026-09-16 07:18,129,291
L27926271,AR,AR-U,AR-U-BI,-42.755941,-65.100236,Aeropuerto El Tehuelche,2026-01-07 21:58,38,26
L793306,AR,AR-B,AR-B-EB,-34.8108436,-58.5391474,Aeropuerto Ezeiza,2026-09-24 06:54,128,432
L5251194,AR,AR-N,AR-N-IG,-25.7359675,-54.474678,Aeropuerto Int. Puerto Iguazú,2026-09-17 09:07,164,390
L18988939,AR,AR-J,AR-J-SJ,-31.5715443,-68.4232257,Aeropuerto Internacional De San Juan,2026-08-29 13:56,19,6
L42109001,AR,AR-Z,AR-Z-GA,-51.6117809,-69.3065643,Aeropuerto Internacional Río Gallegos,2026-01-02 07:39,12,2
L29091491,AR,AR-V,AR-V-US,-54.839594,-68.312372,Aeropuerto Internacional de Ushuaia,2026-04-08 12:42,57,71
L8016087,AR,AR-Q,AR-Q-LO,-38.0796788,-70.6402656,Aeropuerto La Rufa,2026-07-09 16:21,88,33
L9096706,AR,AR-B,AR-B-GP,-37.9341854,-57.5833335,Aeropuerto Mar del Plata,2026-03-27 08:44,55,25
L2763229,AR,AR-N,AR-N-PS,-27.3911667,-55.9656667,Aeropuerto Posadas,2026-08-04 09:40,178,91
L6421974,AR,AR-B,AR-B-VG,-37.234497,-57.0210171,Aeropuerto Villa Gesell,2026-09-19 16:48,138,67
L30919944,AR,AR-Q,AR-Q-ZA,-38.9936,-70.11,Aeropuerto Zapala-RP 46,2025-07-25 14:22,15,2
L7679947,AR,AR-H,AR-H-SF,-27.444051,-59.042254,Aeropuerto de Resistencia,2026-09-07 14:42,97,12
L13363016,AR,AR-B,AR-B-SF,-34.4554033,-58.5841656,Aeropuerto de San Fernando,2024-11-16 07:11,86,7
L19688145,AR,AR-Y,AR-Y-EC,-24.3855639,-65.0939941,Aeropuerto jujuy,2026-07-10 10:40,97,39
L7680009,AR,AR-H,AR-H-PM,-27.3821634,-58.890677,Afueras de Colonia Benítez,2025-07-09 16:01,87,2
L21060761,AR,AR-B,AR-B-BB,-38.6923601,-62.2525715,Agronomía UNS--Arroyo Napostá,2026-09-26 11:40,105,168
L5904573,AR,AR-Q,AR-Q-PI,-38.5201513,-70.4107654,Agua De La Culebra,2026-06-15 14:31,80,45
L27692072,AR,AR-X,AR-X-PU,-30.8865393,-64.4975889,Agua de los Palos,2026-01-25 08:22,72,2
L9603766,AR,AR-M,AR-M-LA,-32.3331679,-68.2882162,Agua del cruze,2019-06-29 08:30,30,4
L14425330,AR,AR-G,AR-G-SI,-28.009365,-64.2035527,Aguada del Ceibo,2021-04-11 08:30,45,2
L4992640,AR,AR-X,AR-X-CE,-30.7774968,-64.6499705,Aguas Antiguas,2026-07-08 14:44,49,3
L56012823,AR,AR-Z,AR-Z-LA,-49.0481808,-72.8653662,Aguas Arriba Lodge,2025-12-16 10:14,5,1
L27555403,AR,AR-A,AR-A-ME,-25.4292369,-64.5911895,"Aguas Caliente, El Galpon",2025-11-28 11:11,71,12
L2763621,AR,AR-K,AR-K-AS,-26.3614,-68.0317,Aguas Dulces,2025-02-13 10:40,7,1
L16046493,AR,AR-B,AR-B-LC,-36.6377061,-56.6922882,Aguas Verdes,2026-02-21 14:56,94,37
L14743912,AR,AR-X,AR-X-CE,-30.7492789,-64.6655637,Aguas antiguas Río San Marcos,2021-05-08 18:04,96,7
L2763432,AR,AR-X,AR-X-MI,-30.7956725,-65.3615713,Aguas de Ramón,2022-08-11 10:01,66,3
L29577466,AR,AR-N,AR-N-GU,-27.2454904,-54.0276181,Aires del Monte Lodges,2026-02-17 22:09,43,4
L75928578,AR,AR-N,AR-N-CD,-27.3903046,-55.5473715,Al Kamar Cabañas Lodge,2026-08-23 18:13,65,6
L56262215,AR,AR-G,AR-G-SE,-27.9377651,-64.1383885,Albardón del Río Dulce--San Pedro.,2026-05-10 10:30,159,71
L2762405,AR,AR-B,AR-B-AL,-35.0333,-60.2833,Alberti (Bragado),2026-05-30 17:31,48,2
L41905379,AR,AR-Q,AR-Q-CC,-40.3046882,-70.6447848,Alcantarilla sobre ruta 234.,2026-01-05 12:57,23,5
L26051307,AR,AR-N,AR-N-GU,-27.2269095,-54.0408039,Aldea Yaboty Ecolodge,2024-07-12 18:52,47,3
L1068508,AR,AR-N,AR-N-GU,-27.2267759,-54.0372849,Aldea Yabotí,2024-10-08 10:25,180,41
L11978471,AR,AR-U,AR-U-RS,-45.5517001,-71.5264127,Aldea beleiro,2025-02-11 13:00,49,6
L35694087,AR,AR-S,AR-S-SV,-29.9116817,-59.8177671,Alejandra--Camping,2022-06-18 07:40,23,0
L9566864,AR,AR-A,AR-A-LV,-25.624352,-65.615845,Alemanía,2026-07-03 14:50,108,28
L2584328,AR,AR-S,AR-S-LC,-31.6613054,-61.1793423,"Algarrobal al norte de arroyo Colastine, San Carlos Centro",2026-01-01 08:00,106,11
L10170610,AR,AR-S,AR-S-BE,-32.6903581,-61.9001231,"Algarrobal arroyo Tortugas, Tortugas",2025-10-13 08:53,90,9
L7152741,AR,AR-S,AR-S-NJ,-28.0223952,-61.2049413,Algarrobal de Gato Colorado,2025-07-12 15:13,65,13
L9078275,AR,AR-S,AR-S-LP,-31.2409116,-60.4838293,Algarrobal del Saladillo,2024-08-04 11:00,84,17
L11568358,AR,AR-D,AR-D-JU,-32.3197786,-65.0452423,Algarrobo Agüero (Algarrobo Abuelo),2026-09-20 10:58,64,16
L11858700,AR,AR-K,AR-K-SR,-28.1794484,-65.4899678,Alijilán,2026-08-17 12:00,146,118
L4025083,AR,AR-R,AR-R-GR,-38.9765986,-67.8231369,Allen,2023-03-08 16:30,111,108
L4025109,AR,AR-R,AR-R-GR,-38.956323,-67.878466,Allen--Camino al Autódromo,2021-05-09 17:24,100,15
L4025090,AR,AR-R,AR-R-GR,-39.0304432,-67.8439143,Allen--Gauchos Libres,2023-10-08 12:16,55,13
L2763440,AR,AR-R,AR-R-GR,-39.0271667,-67.8505,Allen--Isla 16,2026-05-09 10:21,82,38
L10060334,AR,AR-R,AR-R-GR,-39.0221779,-67.8502905,Allen--Isla 16 Arroyo,2025-10-11 10:32,67,32
L10060347,AR,AR-R,AR-R-EC,-39.0316689,-67.8483835,Allen--Isla 16 Balneario,2026-05-09 09:02,59,49
L16841565,AR,AR-X,AR-X-SM,-31.5546981,-64.4859741,Almacuna,2021-11-06 16:10,62,1
L3627654,AR,AR-X,AR-X-TA,-32.1926833,-64.2555571,Almafuerte,2026-08-27 13:36,227,108
L6263022,AR,AR-X,AR-X-TA,-32.1707449,-64.2292929,Almafuerte circuito Aguada de Pájaros,2026-05-25 09:30,150,40
L52865987,AR,AR-Y,AR-Y-RI,-22.4581929,-65.9592257,Alojamiento Dios de Vino.,2026-07-03 15:06,27,8
L11104714,AR,AR-H,AR-H-SC,-26.8108024,-59.5972547,Alojamiento Los Quebrachos,2026-08-18 09:20,132,19
L2991302,AR,AR-X,AR-X-RC,-32.66021,-64.75094,Alpa Corral,2026-05-23 10:35,157,75
L22446029,AR,AR-S,AR-S-LC,-31.3096947,-61.012978,Alrededores de la esc. 535 D F Sarmiento.,2024-02-24 16:05,59,11
L20451198,AR,AR-X,AR-X-SM,-31.6681751,-64.45418,Alta Gracia--Cantera,2026-07-31 12:25,106,44
L12040644,AR,AR-X,AR-X-SM,-31.640187,-64.4344869,Alta Gracia--Potrero de Loyola,2026-09-10 11:38,174,175
L51397395,AR,AR-X,AR-X-SM,-31.6500433,-64.5188909,"Alta Gracia--Puesto viejo (-31.65, -64.467)",2025-08-10 10:52,47,1
L5530855,AR,AR-X,AR-X-SM,-31.6558655,-64.4353294,Alta Gracia--Tajamar,2026-06-22 09:39,136,59
L2762856,AR,AR-N,AR-N-SP,-26.4568333,-54.0385,Alta cuenca del arroyo Alegría,2004-02-14 00:00,35,1
L2704838,AR,AR-M,AR-M-TP,-33.3378426,-69.1486359,Altamisque Bodega Lodges,2023-11-04 15:11,20,4
L25061787,AR,AR-X,AR-X-SA,-31.7799746,-65.1764604,Altautina,2023-07-11 09:00,97,3
L3971123,AR,AR-X,AR-X-SA,-31.78998,-65.16596,Altautina,2023-07-09 15:20,92,9
L9518132,AR,AR-S,AR-S-GL,-34.3733587,-62.3628314,Alteo Laguna La Picasa,2024-07-20 13:13,124,33
L5551018,AR,AR-X,AR-X-UN,-32.3431133,-62.8748631,Alto Alegre,2024-01-28 10:30,93,3
L6574976,AR,AR-A,AR-A-AN,-25.5854064,-63.9393053,Alto Alegre,2025-11-01 14:43,89,2
L2763331,AR,AR-Y,AR-Y-VG,-23.5617252,-64.9009717,Alto Calilegua,2024-03-30 07:37,132,33
L12090491,AR,AR-X,AR-X-PU,-31.3962504,-64.7545052,Alto Los Gigantes,2026-09-12 13:51,59,13
L3591960,AR,AR-U,AR-U-FU,-42.8389683,-71.4584684,Alto Río Percy,2025-03-26 12:28,60,19
L2763569,AR,AR-U,AR-U-RS,-45.05,-70.7666667,Alto Río Senguer,2026-03-28 13:52,34,18
L2762653,AR,AR-X,AR-X-SJ,-30.9167,-62.3333,Altos de Chipion (Ea. La Africana)
L28099932,AR,AR-W,AR-W-EM,-27.8073817,-58.8005033,Altos de Coé Porá,2026-09-02 08:49,86,6
L3627703,AR,AR-Q,AR-Q-AL,-39.23495,-70.922103,Aluminé,2026-06-30 14:45,87,62
L40155706,AR,AR-Q,AR-Q-AL,-39.264389,-70.9182822,Aluminé rafting,2025-01-25 14:30,12,1
L3930474,AR,AR-Q,AR-Q-AL,-39.2239,-70.96458,"Aluminé--Laguna Barrera, Río Ruca Choroy",2026-03-29 07:45,79,36
L2763446,AR,AR-Q,AR-Q-AL,-38.9346667,-71.1923333,Aluminé--Moquehue,2022-06-26 15:00,65,12
L19096521,AR,AR-Q,AR-Q-AL,-39.2198176,-70.9237302,Aluminé--RN Urbana Quilque Lil,2025-12-30 18:33,54,23
L33569405,AR,AR-B,AR-B-ML,-35.32154,-57.451068,Alvarez Jonte,2026-07-18 12:57,52,4
L838281,AR,AR-T,AR-T-TD,-26.5889109,-65.9148788,Amaicha del Valle,2026-08-23 12:35,181,160
L4821059,AR,AR-A,AR-A-AN,-25.041,-64.77299,Amakella,2015-05-23 08:00,88,1
L17046722,AR,AR-S,AR-S-SC,-30.0117143,-61.5688118,Ambrosetti (pueblo y alrededores),2025-11-22 11:25,93,6
L2761549,AR,AR-A,AR-A-LV,-25.3513333,-65.5235,Ampascachi,2025-08-24 14:00,131,22
L17481107,AR,AR-K,AR-K-EA,-28.41757,-65.3460453,"Ancuja (-28.418, -65.346)",2023-07-20 09:23,38,8
L5727635,AR,AR-Q,AR-Q-MI,-37.1783385,-70.6623888,Andacollo,2024-12-16 16:19,43,14
L6429041,AR,AR-K,AR-K-AG,-27.5835847,-66.3146882,Andalgalá,2026-01-20 18:31,121,16
L18651461,AR,AR-X,AR-X-RC,-33.0334588,-64.1688701,Angelina II,2022-05-15 14:25,57,7
L20699029,AR,AR-Y,AR-Y-CA,-24.0228302,-65.3895929,Angosto de Jaire,2026-07-17 13:53,137,42
L5520746,AR,AR-Y,AR-Y-TI,-23.5085892,-65.3686523,Angosto de Perchel,2026-09-18 17:52,48,10
L3880508,AR,AR-F,AR-F-CB,-28.8133182,-66.936307,Anillaco,2026-07-20 09:52,77,11
L16786069,AR,AR-L,AR-L-PU,-38.2244036,-67.1711851,Antigua Villa Casa de Piedra,2025-11-11 07:29,61,15
L2763337,AR,AR-K,AR-K-AS,-26.0585,-67.4058333,Antofagasta de la Sierra,2026-03-27 07:37,102,34
L13408423,AR,AR-K,AR-K-AS,-25.5194612,-67.6163755,Antofalla,2026-02-22 13:37,40,5
L15925387,AR,AR-L,AR-L-CL,-38.9693746,-63.8522229,Anzoátegui,2026-09-12 11:47,47,16
L57433587,AR,AR-N,AR-N-OB,-27.3391296,-55.2372931,"Apepú, Cab. RP 5, Misiones, AR (-27.339, -55.237)",2026-09-27 08:42,135,36
L10050633,AR,AR-N,AR-N-AP,-27.9154346,-55.7639408,Apóstoles,2025-08-18 15:16,68,16
L77260915,AR,AR-N,AR-N-AP,-27.8952954,-55.7897515,Apóstoles--Cabañas Santa Evelyn,2026-08-04 09:05,45,1
L2763576,AR,AR-Q,AR-Q-AN,-37.7701667,-68.9581667,Area Natural Protegida Auca Mahuida,2018-07-09 09:00,23,9
L53962000,AR,AR-B,AR-B-MR,-34.6768409,-58.8630295,Area Natural Protejida Dique Ingeniero Roggero,2026-09-20 09:52,191,253
L21177521,AR,AR-A,AR-A-GU,-25.297084,-65.3474032,Area entre Guanaquitos y Presa Gral Belgrano,2026-02-08 16:39,101,7
L8206879,AR,AR-S,AR-S-LC,-31.7643312,-60.9837055,Area rural Matilde,2024-02-11 09:35,23,4
L9435652,AR,AR-S,AR-S-GL,-33.7243418,-61.3400351,Area rural chorlo cabezon,2025-05-03 14:00,8,1
L8161391,AR,AR-R,AR-R-BA,-41.1624765,-71.386699,Arelauquen,2026-08-05 15:25,72,67
L6982353,AR,AR-B,AR-B-LO,-38.5440339,-58.5609001,Arenas Verdes,2026-07-15 13:21,115,55
L53585418,AR,AR-B,AR-B-LT,-34.865575,-58.0243992,Aroyo Rodriguez.,2025-05-10 11:40,10,1
L20710952,AR,AR-G,AR-G-SE,-28.0595031,-64.2375405,Arraga--Barrio el Hacha,2022-08-28 12:09,38,2
L20707379,AR,AR-G,AR-G-SE,-28.0544776,-64.251016,Arraga--Canal San Martin,2022-08-28 14:06,34,3
L10070506,AR,AR-E,AR-E-FL,-30.5701195,-58.489566,Arroceras Los Conquistadores,2025-06-26 16:30,9,2
L29093252,AR,AR-L,AR-L-GU,-37.6908843,-63.4745407,Arroyito Guatrache,2026-03-08 18:30,70,6
L53779920,AR,AR-B,AR-B-TI,-34.4040309,-58.5631964,Arroyo Abra Vieja,2026-03-14 10:00,60,14
L15539190,AR,AR-N,AR-N-PS,-27.363,-55.942,Arroyo Antonica,2026-05-23 11:00,67,7
L8165546,AR,AR-W,AR-W-GO,-29.2583,-58.8022,Arroyo Batel,2019-09-01 17:39,113,3
L3705046,AR,AR-X,AR-X-PO,-31.3614794,-65.1312447,Arroyo Cachimayo,2025-09-14 10:19,125,43
L75341716,AR,AR-B,AR-B-MC,-37.742507,-57.431187,Arroyo Cangrejo y San Martin,2026-09-13 10:16,20,7
L75342901,AR,AR-B,AR-B-MC,-37.746594,-57.433361,Arroyo Cangrejo y Sarmiento,2026-08-07 11:55,16,4
L6687879,AR,AR-W,AR-W-CO,-28.4823472,-57.9639637,Arroyo Carambolita,2019-07-14 11:00,55,3
L2936502,AR,AR-A,AR-A-LC,-24.6988447,-65.4802752,Arroyo Castellanos,2026-09-26 07:48,183,140
L13019085,AR,AR-S,AR-S-LC,-31.34615,-61.14156,Arroyo Cañada de Flesia - (D4 puente y alrededores),2023-06-24 16:17,82,17
L2762416,AR,AR-B,AR-B-VI,-39.1,-63.0,Arroyo Chasico
L15719012,AR,AR-U,AR-U-TH,-44.029826,-70.8263922,Arroyo Cherque,2024-07-23 05:00,12,1
L2763460,AR,AR-B,AR-B-TA,-38.8446667,-60.0865,Arroyo Claromecó,2025-12-07 18:00,118,30
L4004939,AR,AR-B,AR-B-TA,-38.818378,-60.0994205,Arroyo Claromecó--7° cascada,2025-01-23 13:04,76,10
L3538450,AR,AR-S,AR-S-SR,-32.0185,-60.9739065,"Arroyo Colastiné (Arocena), Santa Fe",2026-01-06 14:00,170,27
L8206861,AR,AR-S,AR-S-LC,-31.8227522,-61.1958789,"Arroyo Colastiné, sección isla, San Carlos Sud",2015-02-14 15:00,74,1
L2763206,AR,AR-B,AR-B-LT,-35.0166667,-57.85,Arroyo Correas,2022-12-03 09:58,143,9
L65563279,AR,AR-W,AR-W-ME,-28.543013,-57.2041885,Arroyo Corrientes,2026-09-15 12:10,103,13
L6212441,AR,AR-X,AR-X-CA,-32.2146165,-64.5682383,Arroyo Corto-Amboy,2026-01-20 12:48,92,29
L2761577,AR,AR-B,AR-B-SC,-38.5935,-59.4403333,Arroyo Cristiano Muerto,2025-06-26 12:56,87,27
L43835208,AR,AR-S,AR-S-CL,-31.2645958,-61.5038075,Arroyo Cuculucito- Canal Sur Rafaela,2026-05-30 12:14,44,12
L40561259,AR,AR-S,AR-S-LC,-31.228803,-60.9857645,Arroyo Cululú a la altura de esc Miguel Soler 522,2025-06-01 12:32,60,4
L28732532,AR,AR-S,AR-S-GO,-29.221323,-59.6031679,"Arroyo Curupi, Ruta A 009, Puerto Reconquista.",2026-06-25 13:54,123,10
L3601886,AR,AR-E,AR-E-DI,-32.2949687,-60.3647661,Arroyo Doll,2021-10-21 12:00,119,5
L12516848,AR,AR-E,AR-E-NO,-32.2264368,-59.9360251,Arroyo Don Cristóbal--Zona puente de madera,2020-10-17 06:18,79,1
L12354313,AR,AR-Q,AR-Q-CO,-38.9752578,-68.0835505,Arroyo Duran- Los Polvorines,2026-05-09 13:26,99,39
L21028769,AR,AR-X,AR-X-RC,-33.7424521,-64.7670074,Arroyo El Ají Camino a Laguna Oscura,2025-11-18 12:41,87,4
L40207438,AR,AR-B,AR-B-LT,-35.023316,-57.860659,Arroyo El Pescado,2026-09-26 07:45,154,170
L5007745,AR,AR-B,AR-B-ES,-34.3861585,-58.7217093,Arroyo Garín y Puente Negro,2026-09-17 11:32,132,79
L27811609,AR,AR-B,AR-B-ES,-34.3922959,-58.7298383,Arroyo Garín y Puente Santa Fe,2026-08-10 11:34,55,15
L16077655,AR,AR-B,AR-B-QU,-34.7335251,-58.2170832,Arroyo Gimenez,2026-08-08 09:26,51,12
L12612387,AR,AR-B,AR-B-VL,-34.5248228,-58.4652456,Arroyo Guemes,2026-09-26 18:11,134,168
L15829588,AR,AR-B,AR-B-GR,-34.5659815,-58.9864979,Arroyo Iberá,2026-06-07 08:41,35,4
L14639588,AR,AR-R,AR-R-GR,-38.9901422,-67.9667579,Arroyo Isla Jordan,2021-04-23 15:00,6,0
L4018861,AR,AR-B,AR-B-ML,-35.1410376,-57.4418449,Arroyo Juan Blanco,2026-07-04 08:00,104,29
L30215352,AR,AR-D,AR-D-JU,-32.3439695,-64.9964184,Arroyo Juan Perez,2026-08-02 15:12,68,11
L2763292,AR,AR-E,AR-E-DI,-32.0383333,-60.6338333,Arroyo La Ensenada,2025-12-19 10:35,118,11
L7179881,AR,AR-B,AR-B-GP,-38.2322069,-57.7811337,Arroyo Las Brusquitas,2026-09-11 15:00,127,166
L10891164,AR,AR-S,AR-S-SR,-32.2329967,-60.8016922,Arroyo Las Cañas,2025-12-17 08:00,66,2
L2762838,AR,AR-E,AR-E-PA,-31.6833,-60.4,Arroyo Las Conchas,2026-05-30 14:15,240,110
L13119103,AR,AR-X,AR-X-PU,-31.3388779,-64.497924,Arroyo Las Mojarras,2024-03-14 08:16,47,3
L7786760,AR,AR-X,AR-X-CA,-32.2256593,-64.5328633,Arroyo Las Mojarras,2026-01-17 18:41,87,16
L2763234,AR,AR-S,AR-S-GA,-31.5046667,-60.3341667,Arroyo Leyes (Departamento Garay),2023-10-21 08:29,127,7
L4657909,AR,AR-S,AR-S-GA,-31.4965064,-60.4444599,Arroyo Leyes y puente RP 1,2026-08-20 15:49,47,1
L6993004,AR,AR-S,AR-S-LP,-31.5632519,-60.5463517,"Arroyo Leyes, costas y bañados al noroeste de la RP 1",2026-09-24 09:15,200,62
L16605579,AR,AR-S,AR-S-RO,-32.9068871,-60.6788103,Arroyo Ludueña,2025-10-04 09:25,31,3
L6104090,AR,AR-S,AR-S-LC,-31.6810984,-61.0036469,"Arroyo Malaquia-Los Troncos, segundo puente, San Carlos Norte",2022-12-03 17:40,77,6
L7253312,AR,AR-B,AR-B-TI,-34.3810496,-58.554039,Arroyo Marchini,2025-02-10 09:07,78,17
L18149691,AR,AR-U,AR-U-ES,-45.0933213,-66.5266789,Arroyo Marea,2025-02-04 16:10,44,15
L10117449,AR,AR-B,AR-B-LT,-34.8584898,-58.0609703,"Arroyo Martin, City Bell, Buenos Aires, AR (-34.858, -58.061)",2026-09-15 08:07,149,56
L2762841,AR,AR-E,AR-E-II,-33.6488505,-58.5943794,Arroyo Martínez,2026-02-22 14:45,74,7
L19056358,AR,AR-V,AR-V-RG,-54.0704157,-67.3192182,Arroyo Mineros  humedal al lado de la ruta,2026-07-11 15:17,30,20
L7013288,AR,AR-S,AR-S-SR,-32.3565397,-60.8853507,Arroyo Monje,2024-10-12 14:30,108,4
L22964061,AR,AR-M,AR-M-LC,-33.0376293,-69.3345022,Arroyo Morteritos--Puesto Las Lajas,2026-08-01 12:47,34,4
L16268622,AR,AR-B,AR-B-TF,-34.5865914,-58.6168984,Arroyo Morón Barrio Newbery,2026-09-22 09:30,96,97
L2762425,AR,AR-B,AR-B-BB,-38.5,-61.8667,Arroyo Naposta boca,2026-02-17 12:08,22,1
L12741644,AR,AR-E,AR-E-NO,-32.2742328,-59.7532966,Arroyo Nogoyá--Zona desembocadura Arroyo Don Cristóbal,2023-08-21 15:26,112,4
L17216653,AR,AR-S,AR-S-SV,-29.4348797,-59.7954369,Arroyo Nueva Romang,2025-07-06 07:56,148,33
L16444127,AR,AR-E,AR-E-FL,-30.3290446,-58.7669538,Arroyo Pajas Blancas,2025-02-02 11:00,78,4
L2359830,AR,AR-U,AR-U-FU,-43.069891,-70.819931,Arroyo Pescado,2026-05-31 10:30,102,45
L14104252,AR,AR-B,AR-B-CP,-38.001916,-61.359969,Arroyo Pillahuincó - La Hoya,2026-01-24 17:37,76,23
L9423236,AR,AR-B,AR-B-ES,-34.4033529,-58.8116608,Arroyo Pinazo. Matheu,2024-04-01 17:54,41,6
L5117502,AR,AR-B,AR-B-VL,-34.5277021,-58.4600329,Arroyo Raggio,2026-09-24 17:55,140,144
L24005934,AR,AR-G,AR-G-AT,-28.7594069,-64.1936918,Arroyo Saladillo (La Resbalosa),2026-08-27 13:46,69,12
L6117363,AR,AR-S,AR-S-RO,-33.1416959,-60.9119797,Arroyo Saladillo (Muñoz),2021-01-21 06:10,72,5
L12552783,AR,AR-A,AR-A-RF,-25.8371768,-64.938836,Arroyo Salado,2025-07-11 08:19,72,5
L11998844,AR,AR-E,AR-E-DI,-31.877713,-60.6177649,Arroyo Salto (Puente caido),2020-08-01 08:00,31,1
L2762657,AR,AR-X,AR-X-PU,-31.4167,-64.5167,Arroyo San Antonio,2024-03-29 10:37,34,3
L15996117,AR,AR-S,AR-S-SC,-30.4725556,-61.0170375,Arroyo San Antonio al sur de La Lucila,2021-08-03 11:45,18,2
L14530644,AR,AR-B,AR-B-MN,-34.627,-58.669,Arroyo Soto (Ituzaingó),2026-08-08 08:45,72,39
L16060509,AR,AR-Q,AR-Q-ZA,-38.8818069,-70.0308064,Arroyo Sucio,2025-12-23 10:32,26,11
L58807363,AR,AR-Z,AR-Z-LB,-46.86001,-70.68955,Arroyo Telken (abajo),2026-05-06 13:31,11,3
L29796508,AR,AR-Z,AR-Z-LB,-46.923722,-70.783599,Arroyo Telken - Ea. El Rincón,2026-04-30 14:20,44,11
L23216045,AR,AR-Z,AR-Z-LB,-46.8964826,-70.7503288,Arroyo Telken - Ea. La Paloma,2026-02-09 20:02,49,14
L60008041,AR,AR-E,AR-E-FC,-30.3316585,-58.1927565,Arroyo Tunas--Camping y alrededores.,2026-05-16 13:53,137,81
L10809339,AR,AR-N,AR-N-GB,-25.592,-54.161,Arroyo Yacuí,2025-10-17 07:47,151,60
L53128289,AR,AR-E,AR-E-CC,-31.3562007,-58.0917624,Arroyo Yuquerí Grande,2026-02-26 17:20,54,3
L2763610,AR,AR-B,AR-B-ML,-35.0166667,-57.65,Arroyo Zapata,2026-08-30 07:50,169,56
L11921078,AR,AR-X,AR-X-CA,-32.1714356,-64.5923639,Arroyo amboy,2025-06-08 18:19,90,9
L68432147,AR,AR-E,AR-E-PA,-31.3936324,-60.0990059,Arroyo cercano a Pueblo Brugo
L68554788,AR,AR-E,AR-E-PA,-31.4441011,-60.1348489,Arroyo cercano a Pueblo Brugo,2026-05-30 10:00,67,1
L39535140,AR,AR-B,AR-B-MD,-34.5890386,-59.3643866,Arroyo de Oro,2025-01-09 11:02,12,2
L15828201,AR,AR-B,AR-B-SE,-34.9916772,-58.4685656,Arroyo de San Eliseo,2026-07-05 12:05,61,17
L2762422,AR,AR-B,AR-B-EC,-34.3,-59.1,Arroyo de la Cruz,2026-05-02 16:24,96,16
L30302790,AR,AR-X,AR-X-SA,-31.7618249,-65.0084118,Arroyo de los Patos,2025-12-04 11:41,69,4
L20961232,AR,AR-X,AR-X-RC,-33.552444,-64.4205014,"Arroyo del Gato, cruce con Ruta 35",2019-03-24 09:45,10,0
L15720016,AR,AR-S,AR-S-SL,-33.350013,-60.930046,"Arroyo del Sauce, Maizales",2021-07-10 15:00,21,0
L3920927,AR,AR-S,AR-S-LC,-31.6681071,-60.9968287,"Arrroyo Malaquia-Los Troncos, primer puente, San Carlos Norte",2018-07-15 07:53,73,3
L40939437,AR,AR-Z,AR-Z-RC,-47.772238,-71.362115,Asador--Laguna de Los Carneros (A66),2026-03-06 19:24,44,37
L14853598,AR,AR-B,AR-B-RM,-33.4080472,-60.1030431,Asimrra,2021-05-08 15:40,17,1
L2763523,AR,AR-B,AR-B-ML,-35.016089,-57.5290692,Atalaya,2026-08-17 13:00,178,59
L10956322,AR,AR-Q,AR-Q-HU,-39.7421395,-71.0809865,Atreuco,2025-12-05 07:41,28,4
L16611126,AR,AR-X,AR-X-CA,-32.1506767,-64.2687606,Autodromo Almafuerte,2025-10-11 00:18,99,17
L75343368,AR,AR-B,AR-B-MC,-37.735182,-57.44444,Av San Martin y Ruta 11. Mar Chiquita,2026-08-07 14:30,20,4
L14058075,AR,AR-N,AR-N-PS,-27.428478,-55.903188,Av. Cabo de Hornos y Arroyo Zaimán,2026-08-08 08:45,56,8
L69378442,AR,AR-K,AR-K-CT,-28.4711848,-65.809314,Av. Ocampo,2026-08-01 17:45,23,0
L53548938,AR,AR-C,AR-C-DF,-34.6499902,-58.3676463,"Avenida Don Pedro de Mendoza & Avenida Regimiento de Patricio, C",2026-08-08 16:17,28,7
L12052174,AR,AR-Q,AR-Q-CO,-38.9094124,-68.0659371,Avenida de la Costa -- Río Neuquen,2024-10-28 09:15,44,6
L2761617,AR,AR-N,AR-N-AP,-28.0568333,-55.6883333,Azara,2025-08-19 06:51,26,2
L10432978,AR,AR-S,AR-S-RO,-33.1804037,-60.4254493,Azhares del Paraná,2020-01-05 15:30,50,0
L39937313,AR,AR-D,AR-D-LC,-33.2271621,-67.1777192,"Azud Norte, Rio Desaguadero, San Luis",2026-01-29 15:13,25,4
L2393095,AR,AR-Y,AR-Y-HU,-22.9711191,-65.4496282,Azul Pampa,2026-09-18 14:45,112,187
L12150682,AR,AR-B,AR-B-AZ,-36.7688934,-59.8702419,Azul--Lago Guemes,2024-10-13 11:37,40,7
L2762516,AR,AR-B,AR-B-AZ,-36.7647,-59.8647,Azul--Laguna Las Nutrias,2023-01-09 10:41,10,3
L21673783,AR,AR-B,AR-B-AZ,-36.7838299,-59.8740558,Azul--Parque Municipal Domingo F. Sarmiento,2026-03-15 08:54,31,4
L33774977,AR,AR-B,AR-B-AZ,-36.8009995,-59.8920729,Azul-sendero del callvú,2026-08-08 17:16,39,3
L30337644,AR,AR-N,AR-N-IG,-25.7006207,-54.3457087,"A° Ibicuí (Ruta 101, PN Iguazú)",2026-09-16 20:19,181,56
L12739885,AR,AR-Q,AR-Q-AN,-38.3650295,-68.7746479,Añelo--Arroyo Club Hipico,2026-01-27 11:47,38,4
L4309972,AR,AR-S,AR-S-NJ,-28.2288024,-61.687417,B3Q (relicto bosque tres Quebrachos),2026-09-11 10:13,150,52
L21132170,AR,AR-X,AR-X-CE,-30.7527899,-64.7127771,Bado La Cruz Cam. A los Sauces y San Marcos Córdoba,2026-05-08 14:56,103,5
L9461331,AR,AR-B,AR-B-BB,-38.7319534,-62.3891302,Bahia Blanca--estuario,2026-07-12 08:44,123,54
L16251403,AR,AR-Q,AR-Q-CO,-38.5720275,-68.668228,Bahia Escondida Lago Mari Menuco,2021-08-29 14:40,18,2
L29068381,AR,AR-V,AR-V-US,-54.855052,-67.503644,Bahía Almirante Brown,2026-03-27 12:00,52,22
L4388716,AR,AR-B,AR-B-BB,-38.7155188,-62.2646713,Bahía Blanca,2026-09-18 17:48,127,78
L5433688,AR,AR-B,AR-B-BB,-38.6865985,-62.3570144,Bahía Blanca--Caldenal,2026-09-17 13:42,131,50
L35091925,AR,AR-B,AR-B-BB,-38.7318242,-62.3103333,Bahía Blanca--Parque Marítimo Almirante Brown,2026-04-25 16:36,23,2
L678066,AR,AR-U,AR-U-ES,-45.1265934,-66.5365505,Bahía Bustamante,2026-01-24 13:14,140,364
L2763402,AR,AR-U,AR-U-ES,-45.1578324,-66.5167236,"Bahía Bustamante--Puerto Piojo, Caleta Malaspina",2026-01-16 10:03,82,33
L18150300,AR,AR-U,AR-U-ES,-45.1275,-66.5363,Bahía Bustamante--sitios de descanso,2026-01-20 20:44,78,20
L4059463,AR,AR-W,AR-W-IZ,-27.5262746,-56.5304596,Bahía Carayá,2026-09-25 11:47,230,337
L12953703,AR,AR-R,AR-R-AA,-41.083087,-63.9365807,Bahía Creek,2026-04-06 16:30,110,24
L42751275,AR,AR-V,AR-V-US,-54.8560586,-68.4568191,Bahía Cucharita,2026-08-07 10:51,47,13
L18149803,AR,AR-U,AR-U-ES,-45.0477,-66.3717,Bahía Ezquerra,2025-11-02 13:12,47,12
L23126945,AR,AR-B,AR-B-TI,-34.3966999,-58.6496102,Bahía Grande - Nordelta,2026-09-27 12:47,38,2
L18149289,AR,AR-U,AR-U-FA,-45.0121,-65.8953,Bahía Melo,2025-06-13 12:23,30,12
L3628165,AR,AR-Z,AR-Z-LA,-50.3343401,-72.30021,Bahía Redonda,2026-09-15 08:12,118,411
L16446928,AR,AR-R,AR-R-AA,-41.1508056,-63.3357878,Bahía Rosas,2026-02-27 09:52,31,3
L37847499,AR,AR-R,AR-R-AA,-41.1548667,-63.3759333,Bahía Rosas,2024-10-17 17:30,14,1
L15598449,AR,AR-B,AR-B-PA,-40.6563514,-62.2330437,Bahía San Blas--camino al faro,2026-02-19 10:55,47,2
L2762351,AR,AR-V,AR-V-RG,-53.0,-68.05,Bahía San Sebastián y Cabo Domingo,2022-02-07 13:00,8,1
L682288,AR,AR-V,AR-V-RG,-53.0626753,-68.3061218,Bahía San Sebastián--sector norte,2004-12-15 08:00,7,0
L5790986,AR,AR-U,AR-U-ES,-45.6715389,-67.360611,Bahía Solano,2026-06-13 16:06,93,20
L2761964,AR,AR-B,AR-B-CI,-35.916,-57.4178333,Bahía de Samborombón,2026-09-14 14:15,179,27
L2763122,AR,AR-V,AR-V-RG,-53.1761,-68.5244,Bahía de San Sebastián Tierra del Fuego,2026-02-11 10:41,55,31
L2763112,AR,AR-V,AR-V-US,-54.8107626,-68.2654258,Bahía de Ushuaia,2026-07-04 09:58,87,196
L3939555,AR,AR-Q,AR-Q-PI,-38.4028469,-70.028497,Bajada del Agrio,2026-03-22 13:51,85,19
L10879432,AR,AR-S,AR-S-LP,-31.7963273,-60.8400536,Bajada del Club Franck,2020-06-07 17:00,33,2
L18730180,AR,AR-Z,AR-Z-RC,-47.4433359,-70.9250337,Bajo Caracoles,2026-03-17 11:30,33,17
L77477620,AR,AR-L,AR-L-TO,-36.7148754,-64.28298,Bajo Giuliani
L13527252,AR,AR-G,AR-G-JM,-27.2003415,-64.4814821,Bajo Hondo,2026-07-28 17:25,43,4
L20267733,AR,AR-K,AR-K-CT,-28.5481374,-65.7845874,Bajo Hondo,2026-09-27 10:13,162,38
L59775906,AR,AR-Z,AR-Z-LB,-47.09498,-70.72062,Bajo Pinturas.,2025-03-14 12:21,50,42
L2763532,AR,AR-B,AR-B-AC,-38.1518333,-60.5848333,"Bajo camino El 43, la sortija",2017-03-13 16:00,37,1
L2357201,AR,AR-L,AR-L-SR,-36.712058,-64.282925,Bajo de Giuliani,2026-09-16 12:35,131,112
L53546751,AR,AR-S,AR-S-GL,-33.6584066,-61.9814938,Bajo de Kenny,2026-07-11 09:19,77,18
L19036965,AR,AR-B,AR-B-PA,-40.4762653,-62.8008321,Bajo de Querencia,2026-02-17 08:54,30,10
L12506184,AR,AR-L,AR-L-QQ,-36.032313,-63.6823508,Bajo del Bárbulo,2026-01-04 08:02,95,22
L16184784,AR,AR-S,AR-S-LC,-31.5132098,-60.9087039,Bajo del Chatarrerio al este de Pujato Norte,2025-11-09 15:12,111,28
L23025308,AR,AR-R,AR-R-SA,-40.414,-65.312,"Bajo del Gualicho--Lagunita (-40.414, -65.312)",2023-03-02 10:22,28,3
L2763041,AR,AR-S,AR-S-VE,-28.1667,-60.0,Bajos Submeridionales,2022-10-21 08:47,36,1
L6243431,AR,AR-B,AR-B-CD,-38.7725606,-61.6209666,Bajos de Est. El Rejunte,2026-09-17 16:57,61,13
L13782976,AR,AR-G,AR-G-JI,-28.1192791,-61.7325612,Bajos submeridionales (Camino interprovincial),2026-02-03 07:24,95,7
L13809210,AR,AR-G,AR-G-JI,-28.2249703,-61.8027412,Bajos submeridionales (El Cuadradro),2021-02-16 11:30,37,6
L13808722,AR,AR-G,AR-G-JI,-28.1098162,-62.0897241,Bajos submeridionales (Ruta 116),2021-02-16 08:30,47,6
L29506953,AR,AR-K,AR-K-TI,-27.5857462,-68.5403149,Balcon del Pissis San Fernando del Valle de Catamarca,2026-06-30 12:22,30,4
L31601903,AR,AR-K,AR-K-PA,-27.9097518,-65.7108546,Balcozna,2026-09-06 17:45,50,8
L54548579,AR,AR-K,AR-K-TI,-27.75561,-68.799304,Balcón de Pisis,2025-10-05 08:30,3,1
L28170085,AR,AR-D,AR-D-LC,-33.340347,-66.6289446,Balde,2026-06-14 15:30,38,4
L65722460,AR,AR-J,AR-J-VF,-30.22031,-67.69199,"Baldecitos, Valle Fértil, San Juan",2026-05-05 12:45,14,2
L12561700,AR,AR-A,AR-A-ME,-25.4347157,-65.073292,Balderrama Metán,2020-10-17 09:00,38,1
L65720240,AR,AR-J,AR-J-VF,-30.3213596,-67.6964145,"Baldes del Rosario, Valle Fértil, San Juan",2026-05-04 18:00,19,2
L21590141,AR,AR-V,AR-V-US,-54.8168921,-68.1871351,Baliza Escarpados a Zona de Escalada,2026-06-14 13:06,56,94
L5245091,AR,AR-X,AR-X-SJ,-31.0138078,-62.6689339,Balnearia,2026-07-16 15:00,188,38
L2763409,AR,AR-B,AR-B-CR,-38.9166667,-62.0333333,Balneario Arroyo Pareja,2026-07-18 09:00,120,50
L52035100,AR,AR-B,AR-B-VI,-38.6431863,-63.0967532,Balneario Chapalcó,2026-09-17 07:23,101,24
L50337217,AR,AR-N,AR-N-PS,-27.4206048,-55.8775806,Balneario Costa Sur,2026-06-20 08:13,22,4
L10927501,AR,AR-B,AR-B-ML,-35.278909,-57.2225112,Balneario El Pericon / rincon derecho,2026-06-21 08:30,116,50
L14936135,AR,AR-W,AR-W-GP,-27.7559752,-57.6228189,Balneario El Rincón,2025-11-23 07:15,111,23
L17881339,AR,AR-E,AR-E-UR,-32.5005768,-58.2291377,Balneario Itapé,2025-08-10 16:09,75,18
L55554428,AR,AR-B,AR-B-LR,-37.5697225,-60.802388,Balneario Laprida,2021-08-28 19:00,5,0
L2763281,AR,AR-B,AR-B-NE,-38.6693333,-59.0045,Balneario Los Angeles: Pdo de Necochea,2025-01-24 07:54,78,38
L55419744,AR,AR-X,AR-X-PU,-31.0377487,-64.5133066,Balneario Los Quimbaletes,2025-10-05 11:27,22,3
L53012226,AR,AR-Q,AR-Q-HU,-39.949885,-71.0639477,Balneario Municipal,2026-09-26 12:29,24,5
L21094941,AR,AR-W,AR-W-ME,-29.1613673,-58.0332543,Balneario Municipal Mercedes,2026-03-01 18:10,132,25
L16862850,AR,AR-B,AR-B-CP,-38.000951,-61.367095,Balneario Municipal de Coronel Pringles,2026-01-07 09:10,49,4
L9755306,AR,AR-S,AR-S-LC,-31.3866091,-60.898158,Balneario Municipal intendente Bertero,2026-03-13 18:57,189,104
L2514697,AR,AR-B,AR-B-TA,-38.8092157,-59.7365499,Balneario Orense,2026-08-31 11:15,131,116
L2514427,AR,AR-B,AR-B-TA,-38.788131,-59.744623,Balneario Orense--humedales,2026-08-23 12:40,84,21
L13766332,AR,AR-X,AR-X-TA,-32.1582725,-64.1128579,Balneario Río Tercero,2026-05-23 13:53,88,30
L7484624,AR,AR-B,AR-B-SC,-38.742101,-59.4292116,Balneario San Cayetano,2025-06-26 08:59,135,60
L21369677,AR,AR-X,AR-X-CA,-32.1558352,-64.5135727,Balneario San Ignacio,2026-08-16 10:36,157,46
L32860601,AR,AR-R,AR-R-AA,-40.724697,-63.22987,"Balneario San Javier, RN",2024-12-21 21:15,17,1
L37417696,AR,AR-S,AR-S-GO,-28.5129345,-59.2620778,Balneario San Vicente,2026-08-16 08:10,97,18
L21160590,AR,AR-D,AR-D-JU,-32.3456112,-65.2146454,Balneario Santa Rosa,2025-10-11 16:00,51,2
L27528937,AR,AR-D,AR-D-JU,-32.3351411,-65.2127763,Balneario Santa Rosa Norte,2026-08-27 14:59,103,11
L12935854,AR,AR-B,AR-B-MH,-38.9958696,-61.2035742,Balneario Sauce Grande,2026-01-17 17:53,40,15
L17963293,AR,AR-X,AR-X-TA,-32.1693645,-63.8885021,Balneario Villa Ascasubi,2024-10-12 15:59,34,3
L8561059,AR,AR-R,AR-R-AV,-39.0897723,-66.5325268,Balneario de Chelforó,2025-09-15 13:49,94,17
L50238070,AR,AR-D,AR-D-CH,-32.7723007,-65.369752,Balneario de Renca,2025-07-13 11:45,10,1
L39787476,AR,AR-X,AR-X-RG,-31.5933047,-63.6135864,Balneario de Rincón,2025-08-16 14:31,43,1
L7935271,AR,AR-E,AR-E-UR,-32.4580672,-58.2109805,Banco Pelay,2026-07-09 16:49,115,17
L5594327,AR,AR-E,AR-E-CO,-32.0849744,-58.1688738,Bancos del Caraballo,2025-11-09 10:48,27,6
L12195355,AR,AR-K,AR-K-CT,-28.4312165,-65.7488191,Banda de Varela,2022-10-10 08:56,8,1
L6114230,AR,AR-B,AR-B-BD,-33.9634024,-59.4372505,Baradero--Camino de las Cañadas,2026-09-10 12:06,159,55
L5754612,AR,AR-B,AR-B-BD,-33.7964815,-59.5262003,Baradero--Colonia Suiza,2025-06-01 14:51,29,10
L7153794,AR,AR-B,AR-B-BD,-33.810817,-59.4866109,Baradero--Reserva Natural Urbana Parque del Este,2026-05-23 08:25,169,84
L6114652,AR,AR-B,AR-B-BD,-33.8353637,-59.401145,Baradero--Reserva Privada Barranca Norte,2026-03-15 13:52,76,4
L56934644,AR,AR-R,AR-R-GR,-39.0914474,-67.0807732,Barda - Meseta patagonica,2026-01-06 18:13,15,2
L14886052,AR,AR-R,AR-R-GR,-38.723624,-68.1564265,Barda del Medio,2025-12-08 07:45,61,15
L835101,AR,AR-M,AR-M-ML,-35.8631784,-69.8019791,Bardas Blancas,2026-09-12 07:50,81,47
L11172860,AR,AR-R,AR-R-BA,-41.1228103,-71.4507262,Bariloche--Arroyo Casa de Piedra,2026-09-12 16:50,71,173
L11129641,AR,AR-R,AR-R-BA,-41.1563467,-71.4108765,Bariloche--Arroyo Gutierrez,2026-05-17 16:33,76,177
L10034965,AR,AR-R,AR-R-BA,-41.180513,-71.4262918,Bariloche--Balcón del Gutierrez,2026-06-06 15:30,45,14
L12596104,AR,AR-R,AR-R-BA,-41.1443631,-71.3161439,Bariloche--Barrio Jardín Botánico.,2026-09-17 17:18,58,75
L2763543,AR,AR-R,AR-R-BA,-41.1031667,-71.464,Bariloche--Bº 2 de Agosto,2026-09-04 11:42,75,17
L11177128,AR,AR-R,AR-R-BA,-41.0460226,-71.5553391,Bariloche--Cerro Llao Llao,2026-05-09 12:46,54,94
L4209497,AR,AR-R,AR-R-BA,-41.1436953,-71.3719726,Bariloche--Cerro Otto,2026-09-14 16:02,83,135
L11411482,AR,AR-R,AR-R-BA,-41.0719023,-71.5220949,Bariloche--Circuito chico,2026-09-04 16:20,67,37
L5559402,AR,AR-R,AR-R-BA,-41.0924191,-71.5082073,Bariloche--Colonia Suiza,2026-08-08 17:39,65,59
L11978035,AR,AR-R,AR-R-BA,-41.1093264,-71.4665517,Bariloche--Desembocadura Arroyo Casa de Piedra en Lago Moreno,2026-04-09 12:59,50,17
L4977109,AR,AR-R,AR-R-BA,-41.0576298,-71.5309354,Bariloche--Hotel Llao Llao,2026-09-22 08:42,87,56
L2762969,AR,AR-R,AR-R-BA,-41.0615565,-71.5531826,Bariloche--Lago Moreno Oeste,2026-03-04 11:42,55,22
L2762975,AR,AR-R,AR-R-BA,-41.0710679,-71.4915538,Bariloche--Laguna El Trébol,2026-08-08 15:44,65,37
L10049082,AR,AR-R,AR-R-BA,-41.0932201,-71.4501746,Bariloche--Laguna Fantasma,2026-02-08 09:38,35,24
L8950082,AR,AR-R,AR-R-BA,-41.108959,-71.435401,Bariloche--Mallín del Km 12 Av Bustillo,2026-09-25 16:19,101,323
L12039988,AR,AR-R,AR-R-BA,-41.0619743,-71.5219595,Bariloche--Mallín del Lago Morenito,2026-09-12 12:36,85,136
L2430291,AR,AR-R,AR-R-BA,-41.0523107,-71.5398934,Bariloche--Parque Municipal Llao Llao,2026-09-27 10:01,102,302
L12596113,AR,AR-R,AR-R-BA,-41.1320654,-71.3007704,Bariloche--Paseo Costanera,2026-09-27 16:07,97,398
L10996930,AR,AR-R,AR-R-BA,-41.0680909,-71.4563064,Bariloche--Península San Pedro,2024-08-06 18:05,61,24
L11914608,AR,AR-R,AR-R-BA,-41.1214407,-71.3976252,Bariloche--Playa Bonita,2026-09-24 21:16,69,80
L21237796,AR,AR-R,AR-R-BA,-41.1417381,-71.3104382,Bariloche--Plaza del barrio El Mallín,2026-08-28 08:50,32,11
L10049447,AR,AR-R,AR-R-BA,-41.1318798,-71.3113262,Bariloche--Puerto San Carlos,2026-09-22 19:22,92,229
L12125290,AR,AR-R,AR-R-BA,-41.1672733,-71.4426691,Bariloche--Villa Catedral,2026-09-24 11:14,71,67
L10864927,AR,AR-R,AR-R-BA,-41.1329815,-71.4137056,Bariloche--Virgen de las Nieves,2026-09-19 11:02,49,55
L12596092,AR,AR-R,AR-R-BA,-41.1362598,-71.3044821,Bariloche--centro urbano,2026-09-23 13:33,62,71
L2762040,AR,AR-N,AR-N-AP,-28.1155938,-55.5956268,Barra Concepción,2021-07-10 12:04,148,46
L46698832,AR,AR-T,AR-T-CH,-27.3244619,-65.7451487,Barranca colorada,2025-07-15 15:46,45,2
L2762078,AR,AR-B,AR-B-BD,-33.8715558,-59.3289185,Barrancas de Baradero,2026-03-31 11:46,41,1
L7424649,AR,AR-C,AR-C-DF,-34.5598963,-58.4495871,Barrancas de Belgrano,2026-07-20 17:03,58,139
L52395133,AR,AR-J,AR-J-CL,-31.6522946,-69.4674754,Barreal,2026-06-14 08:27,48,6
L9968628,AR,AR-P,AR-P-FO,-26.2022442,-58.1650736,Barrera Contención Riacho de Oro,2025-10-25 18:50,72,7
L27454903,AR,AR-B,AR-B-ES,-34.3099315,-58.769934,Barrio El Cazador,2026-09-13 17:09,136,137
L40349053,AR,AR-Y,AR-Y-LE,-23.8317769,-64.7917652,"Barrio Ledesma, Libertador General San Martín",2026-07-16 20:07,13,3
L10067374,AR,AR-Y,AR-Y-CA,-24.1674169,-65.3149658,Barrio Los Perales,2025-11-27 09:46,59,9
L15737089,AR,AR-X,AR-X-CA,-32.1401553,-64.500422,Barrio Parque El Corcovado,2026-03-08 18:13,97,26
L28614180,AR,AR-B,AR-B-ES,-34.4015458,-58.7625235,Barrio Parque Las Acacias,2026-09-25 11:39,86,328
L10884668,AR,AR-Y,AR-Y-PA,-24.2281243,-65.2485915,Barrio Sgto. Cabral,2025-09-11 14:39,52,11
L2763382,AR,AR-B,AR-B-EB,-34.8368333,-58.4788333,Barrio Vitum Zona de Quintas,2024-11-18 07:30,26,2
L2763545,AR,AR-B,AR-B-TA,-38.2933333,-60.2266667,Barrow,2022-09-18 11:07,55,1
L34084748,AR,AR-X,AR-X-CE,-31.4055808,-64.7710688,Base de Los Gigantes,2026-01-25 13:18,53,8
L17093665,AR,AR-M,AR-M-LH,-32.8585799,-68.9394183,Base del Cero Arco,2026-09-19 10:09,66,13
L8187311,AR,AR-B,AR-B-GP,-38.0020388,-57.7274127,Batán,2025-11-19 09:04,56,8
L4777940,AR,AR-X,AR-X-RC,-33.2184588,-64.457581,Bañado Arroyo Chico,2026-08-08 08:52,136,41
L72451282,AR,AR-S,AR-S-CL,-31.5559902,-61.6006197,Bañado El Cartucho,2026-09-22 19:08,76,3
L39884411,AR,AR-W,AR-W-ST,-28.385842,-55.964145,Bañado Ibirá Ocay,2026-06-18 09:35,79,20
L3236792,AR,AR-P,AR-P-PA,-24.3095564,-60.5353546,Bañado La Estrella Este--Punta del Agua,2026-09-07 06:54,134,15
L2762894,AR,AR-P,AR-P-PA,-24.4080487,-60.3339154,Bañado La Estrella Este--Vertedero,2026-09-11 11:02,284,228
L2761768,AR,AR-P,AR-P-RL,-23.1302572,-61.9532776,Bañado La Estrella Oeste,2012-07-26 00:00,23,0
L1533024,AR,AR-P,AR-P-BE,-23.673534,-61.1640218,Bañado La Estrella Oeste--Guadalcazar,2026-04-19 09:45,171,9
L67938763,AR,AR-S,AR-S-CL,-31.4887972,-61.5042519,Bañado Los Eucaliptos,2026-09-06 14:47,78,9
L38893685,AR,AR-X,AR-X-SA,-31.615633,-64.989691,Bañado San Lorenzo,2024-12-26 19:17,26,2
L2763085,AR,AR-G,AR-G-GT,-28.55,-62.8833,Bañado de Añatuya,2023-07-18 15:00,161,13
L9676076,AR,AR-S,AR-S-GL,-33.7930611,-61.4763959,"Bañado de Burrito Común, 2",2019-08-19 13:25,41,4
L2763196,AR,AR-J,AR-J-ZO,-31.55,-68.7,Bañado de Zonda,2026-03-23 11:30,67,7
L3530573,AR,AR-B,AR-B-BD,-33.776365,-59.5219088,Bañado de la Papelera,2023-12-27 18:00,152,34
L2763091,AR,AR-G,AR-G-RI,-30.25,-62.3333,Bañado del Río Dulce--terraplén,2014-11-12 06:30,22,1
L2762659,AR,AR-X,AR-X-RC,-33.6667,-64.1666,Bañado del Tigre Muerto,2026-05-31 13:47,50,9
L10969946,AR,AR-S,AR-S-GA,-30.6652044,-60.0536791,Bañados Arundinicola,2024-03-09 16:24,226,73
L2762428,AR,AR-B,AR-B-AA,-37.2,-62.7667,Bañados Carhue (lecho río cuaternario),2025-09-26 14:06,27,1
L12127926,AR,AR-S,AR-S-SR,-31.866037,-61.1970501,Bañados Colastine Norte,2021-11-13 07:00,69,3
L4253377,AR,AR-S,AR-S-VE,-29.1152033,-60.0711429,Bañados El Toba,2026-04-19 08:46,146,23
L4323729,AR,AR-S,AR-S-GL,-34.3680672,-62.4256253,"Bañados Los Juncales, Aaron Castellanos",2026-09-01 08:50,97,19
L10373842,AR,AR-S,AR-S-SV,-30.5723848,-59.9622163,Bañados de Escuela Oreste Constantino Caporaleti,2023-03-25 00:00,108,9
L2763088,AR,AR-G,AR-G-FI,-27.1667,-63.6667,Bañados de Figueroa,2023-05-25 10:38,183,13
L24694257,AR,AR-G,AR-G-FI,-27.191243,-63.5287829,Bañados de Figueroa--CI Tonokote,2025-02-11 06:19,43,6
L37259290,AR,AR-G,AR-G-FI,-27.1400247,-63.5588305,Bañados de Figueroa--Canal San Jorge altura Colonia Totorillas,2026-08-30 08:07,74,8
L38641074,AR,AR-G,AR-G-FI,-27.1390178,-63.5595623,Bañados de Figueroa--Canal Totorillas,2025-02-03 09:15,45,4
L26448101,AR,AR-G,AR-G-FI,-27.3871439,-63.5430188,Bañados de Figueroa--Caspi Corral,2026-04-11 08:23,11,1
L24697232,AR,AR-G,AR-G-FI,-27.081246,-63.5997571,Bañados de Figueroa--Desbastadero,2026-08-30 09:32,187,50
L24695519,AR,AR-G,AR-G-FI,-27.0871551,-63.6451048,Bañados de Figueroa--Dique Viejo,2026-08-30 15:26,146,33
L21099539,AR,AR-G,AR-G-FI,-27.2831494,-63.5273584,Bañados de Figueroa--Embalse de Bandera Bajada,2026-09-23 18:14,185,91
L26415596,AR,AR-G,AR-G-FI,-27.2481008,-63.5608438,Bañados de Figueroa--Finca Galpón Los Italianos,2023-08-05 03:10,1,0
L26002239,AR,AR-G,AR-G-FI,-27.1177576,-63.619742,Bañados de Figueroa--Paredón del Dique,2026-08-30 13:47,59,22
L33104340,AR,AR-G,AR-G-FI,-27.2682191,-63.5012776,Bañados de Figueroa--Viejo Cauce Río Muerto,2026-09-24 17:18,129,21
L35769910,AR,AR-E,AR-E-PA,-31.6814988,-60.3867134,Bañados de Gastiazoro,2024-08-10 08:24,101,3
L10765031,AR,AR-G,AR-G-AG,-29.6210481,-62.1863695,Bañados de Palo Negro,2026-09-09 13:39,154,44
L3955105,AR,AR-S,AR-S-LP,-31.7882987,-60.8362985,Bañados de Sauce Viejo,2025-06-07 14:26,177,64
L49459912,AR,AR-S,AR-S-LP,-31.5982832,-60.6310738,Bañados de la Setúbal aledaños al gasoducto,2026-09-18 08:45,94,6
L10355636,AR,AR-S,AR-S-SJ,-30.7256693,-60.2924924,"Bañados de los juncales, del Paraje El Saladillo",2023-02-06 08:04,104,9
L10366775,AR,AR-S,AR-S-SV,-30.2327122,-60.0550608,Bañados de pato fierro,2025-05-31 10:30,74,11
L10351753,AR,AR-S,AR-S-GA,-30.7399267,-60.1655338,Bañados de ruta 73,2026-03-10 07:49,181,41
L2761828,AR,AR-X,AR-X-JC,-33.155,-63.5418333,Bañados del Arroyo Chucul y Reserva Natural de Fauna Laguna La Felipa,2023-11-20 09:25,186,132
L2763493,AR,AR-M,AR-M-LH,-32.3341667,-68.5021667,Bañados del Arroyo Tulumaya,2024-03-12 11:54,105,29
L2761860,AR,AR-A,AR-A-RI,-24.1506667,-63.3336667,Bañados del Quirquincho,2020-01-26 08:00,187,7
L2762217,AR,AR-G,AR-G-AG,-29.6667,-62.2,Bañados del Río Dulce,2021-02-05 00:00,78,4
L37325009,AR,AR-G,AR-G-MI,-29.913622,-62.5383538,Bañados del Río Dulce --Aguada del Aguara Guazú,2025-06-28 09:29,38,14
L37318656,AR,AR-G,AR-G-MI,-29.9145526,-62.4439347,Bañados del Río Dulce--Camino Alto.,2025-01-04 07:43,29,8
L2763100,AR,AR-G,AR-G-RI,-30.0797154,-62.5477839,Bañados del Río Dulce--Laguna De Soria,2025-01-04 17:11,78,8
L36081232,AR,AR-G,AR-G-RI,-30.053321,-62.5391439,Bañados del Río Dulce--Laguna Los Porongos,2025-06-29 11:28,117,34
L15749442,AR,AR-G,AR-G-SV,-28.8804301,-63.2760759,Bañados del Río Dulce--Laguna de Yacu Hurmana,2022-02-11 09:00,71,7
L15751141,AR,AR-G,AR-G-SV,-29.2404005,-63.1178899,Bañados del Río Dulce--Paso de Los Oscares,2026-09-10 09:30,145,22
L37324874,AR,AR-G,AR-G-RI,-29.9152095,-62.272499,Bañados del Río Dulce--Punkumampa.,2025-06-28 08:12,25,9
L15750216,AR,AR-G,AR-G-SV,-28.912667,-63.3044644,Bañados del Río Dulce--Ruta Los Telares-Dora,2021-07-09 14:50,56,5
L2762247,AR,AR-X,AR-X-UN,-33.4167,-62.9167,Bañados del Río Saladillo,2019-08-01 17:47,163,23
L7152814,AR,AR-S,AR-S-NJ,-29.2767166,-61.7487645,Bañados del Río Salado (Tostado),2026-03-03 18:38,159,19
L9081173,AR,AR-S,AR-S-LP,-31.2396608,-60.4651059,Bañados del Saladillo,2026-09-10 12:49,116,31
L12325942,AR,AR-S,AR-S-LP,-31.5884457,-60.5934914,Bañados del nacimiento de la Setubal,2026-08-23 09:21,135,14
L10348915,AR,AR-S,AR-S-GA,-31.0795838,-60.1655668,Bañados del pato fierro,2021-03-18 15:24,94,8
L17409111,AR,AR-J,AR-J-AN,-31.2619344,-68.1889629,Baños de Guayaupa,2024-11-16 09:00,9,0
L5846067,AR,AR-X,AR-X-UN,-32.6287857,-62.6861429,Bell Ville,2024-09-29 14:45,67,10
L3327889,AR,AR-W,AR-W-BV,-28.5104833,-59.0421581,Bella Vista,2026-07-21 12:07,188,47
L4019812,AR,AR-B,AR-B-GS,-34.576479,-58.6966896,Bella Vista,2026-08-30 10:00,72,28
L8082847,AR,AR-Z,AR-Z-GA,-51.8631944,-70.6218267,Bella Vista,2024-09-29 07:25,45,12
L11685924,AR,AR-K,AR-K-AM,-28.1720743,-65.8848406,Bella Vista - Ambato,2026-06-15 17:10,57,6
L21026960,AR,AR-W,AR-W-BV,-28.5121146,-59.0258335,Bella Vista--Escuela Agrotécnica,2025-08-09 07:15,81,3
L3329493,AR,AR-W,AR-W-BV,-28.5833535,-59.06239,Bella Vista--Toropí,2026-01-23 19:16,125,37
L2763166,AR,AR-B,AR-B-TI,-34.4088333,-58.7043333,Benavidez,2024-07-16 20:03,15,2
L28023500,AR,AR-X,AR-X-JC,-33.0274749,-63.6729623,Bengolea,2026-01-04 17:30,32,3
L4610920,AR,AR-X,AR-X-JC,-32.990826,-63.68621,Bengolea--Laguna Zona Norte,2023-06-25 12:11,118,17
L4617464,AR,AR-X,AR-X-JC,-33.118834,-63.670075,Bengolea--Paso del Zurdo,2025-10-11 17:33,131,26
L4640845,AR,AR-X,AR-X-JC,-33.119357,-63.632718,Bengolea--Terraplén,2025-10-11 15:27,69,5
L41029536,AR,AR-B,AR-B-BS,-34.9282797,-57.7595623,Berisso--Arroyo El Pescado,2026-09-12 09:56,108,14
L12593408,AR,AR-B,AR-B-BS,-34.9288571,-57.7181668,Berisso--Balneario La Balandra,2026-05-31 14:05,139,57
L17768560,AR,AR-B,AR-B-BS,-34.9189588,-57.7413066,Berisso--Balneario Municipal,2025-09-12 10:30,79,39
L9525711,AR,AR-B,AR-B-BS,-34.871882,-57.8910724,Berisso--Humedal Urbano Canal Génova,2026-09-13 13:31,117,1588
L17984561,AR,AR-B,AR-B-BS,-34.8556622,-57.8384138,Berisso--Playa Palo Blanco,2026-09-16 15:07,114,39
L20507699,AR,AR-B,AR-B-BS,-34.8634235,-57.8815788,Berisso--Predio Pista Municipal.,2026-05-09 13:06,42,7
L9514233,AR,AR-B,AR-B-BS,-34.8665828,-57.8793116,Berisso--Terraplén Costero,2026-09-20 10:06,160,204
L7231877,AR,AR-S,AR-S-IR,-32.9311,-61.2611,Berreta,2025-04-05 09:30,66,5
L2761543,AR,AR-X,AR-X-PU,-31.3195,-64.4683333,Bialet Massé,2026-01-25 16:15,119,36
L45208829,AR,AR-Y,AR-Y-LE,-23.8262875,-64.7991737,Bicisenda y Circuito Av. Wollman y Uriburu (Libertador General San Martín),2026-03-31 18:15,34,11
L27926210,AR,AR-U,AR-U-BI,-42.5136832,-64.7493249,Bilheteria/Box-Office Península Valdés,2026-03-25 19:15,13,17
L2161886,AR,AR-N,AR-N-GB,-25.8598221,-53.9594579,Bio Reserva Karadya,2026-09-20 15:14,346,607
L4665617,AR,AR-B,AR-B-ES,-34.3649771,-58.8036776,Bioparque Temaikén,2026-08-27 10:00,112,156
L16233352,AR,AR-S,AR-S-LP,-31.7930665,-60.8418854,Bird Garden,2021-08-28 09:05,32,1
L25971007,AR,AR-N,AR-N-IG,-25.6354714,-54.5771384,Birding Iguazú,2026-09-15 17:23,198,143
L5845293,AR,AR-P,AR-P-FO,-26.0754675,-57.9822111,Boca Pilagá,2026-01-31 14:15,116,52
L9930052,AR,AR-G,AR-G-BA,-27.685157,-64.3213113,Boca Toma,2026-01-18 07:28,148,31
L3861659,AR,AR-X,AR-X-SV,-31.9146489,-65.110774,Boca de Río,2026-02-01 09:42,146,40
L5198807,AR,AR-M,AR-M-LC,-33.001456,-68.87375,Bodega Alta Vista,2026-05-03 14:34,33,45
L7119548,AR,AR-B,AR-B-TI,-34.339304,-58.63695,Bonanza Deltaventura,2025-09-17 16:11,45,4
L20387346,AR,AR-W,AR-W-ME,-28.81155,-58.175957,"Boquerón, Parque Iberá, AR-Corrientes -28.81155, -58.17596",2026-08-07 18:15,238,152
L2763243,AR,AR-B,AR-B-PU,-37.8073333,-63.0391667,Bordenave,2025-05-24 09:28,107,14
L2763313,AR,AR-B,AR-B-CE,-37.0658333,-62.0201667,Bordenave: Sierras de Puán,2008-10-05 10:00,61,1
L5118387,AR,AR-B,AR-B-SI,-34.4632588,-58.499279,Bosque Alegre,2026-08-16 08:00,150,163
L12470962,AR,AR-Q,AR-Q-ZA,-38.8976797,-70.0934172,Bosque Comunal,2026-01-15 18:10,18,5
L57097989,AR,AR-D,AR-D-GP,-33.6551929,-65.5347866,Bosque Dique Vulpiani,2026-08-06 18:08,60,5
L10088430,AR,AR-B,AR-B-GP,-38.0899807,-57.579571,Bosque Peralta Ramos,2026-09-21 07:30,68,30
L15682930,AR,AR-B,AR-B-GN,-34.577665,-58.5271745,Bosque Urbano UNSAM,2022-12-01 17:31,37,2
L41468315,AR,AR-D,AR-D-LC,-33.279951,-66.235827,Bosque Vulpiani,2026-01-15 19:51,30,3
L66444454,AR,AR-B,AR-B-GV,-35.0739028,-62.9941299,Bosque de Acacias Negras cerca del cementerio,2026-07-12 02:30,30,3
L22113711,AR,AR-Q,AR-Q-NO,-37.86667,-71.082436,Bosque de Arauc-Ñire y Lenga,2026-08-22 15:54,26,5
L21114505,AR,AR-K,AR-K-CA,-28.6116396,-66.0657455,Bosque de Arrayanes (Catamarca),2026-09-10 13:30,39,2
L13190973,AR,AR-D,AR-D-JU,-32.3412851,-65.0088742,Bosque de Comechingones,2023-02-18 11:19,69,18
L6257019,AR,AR-S,AR-S-RO,-32.9025783,-60.7362843,Bosque de Los Constituyentes,2026-09-24 10:03,194,342
L11601837,AR,AR-K,AR-K-AM,-28.175051,-65.90505,Bosque de Pino Bella Vista,2019-04-13 14:00,8,1
L9046930,AR,AR-S,AR-S-RO,-33.1832768,-60.4201275,Bosque de barranca Fighiera,2019-04-14 13:15,60,3
L34701811,AR,AR-Q,AR-Q-HU,-39.9442939,-71.1188382,Bosque de cipreces,2026-09-15 12:36,40,10
L16664408,AR,AR-S,AR-S-LC,-31.512328,-60.8028479,Bosque de espinal antes del Puente Mihura,2021-10-16 17:55,53,2
L8426568,AR,AR-Y,AR-Y-VG,-23.39444,-64.9534,Bosque de queñoa y aliso del cerro entre Valle Colorado y Santa Ana,2026-08-12 08:01,86,43
L9624931,AR,AR-X,AR-X-CA,-31.9564349,-64.5266931,Bosque del arroyo de ruta 365,2022-08-14 09:22,62,6
L9967949,AR,AR-X,AR-X-SJ,-31.4318489,-63.159585,Bosque natural Don Justiniano,2026-02-17 15:43,55,12
L12635746,AR,AR-X,AR-X-PU,-30.9718597,-64.4968476,Bosque serrano Amaranta,2026-01-04 19:45,134,107
L15490824,AR,AR-S,AR-S-CL,-31.18758,-61.531201,Bosque y caminos atrás del complejo ambiental - Rafaela,2026-08-28 10:27,104,16
L45549158,AR,AR-S,AR-S-CL,-31.2753861,-61.4956744,Bosquecito de N. Besaccia,2026-09-13 18:10,40,4
L56546323,AR,AR-S,AR-S-LC,-31.4731713,-60.9387594,Bosquecito de la Santa Fe - Esp.,2026-04-19 17:51,40,9
L34285952,AR,AR-X,AR-X-TA,-32.1846097,-64.1031407,"Bosquecito de las Hadas - Plaza Bº Acuña, Río III",2026-04-27 15:47,58,19
L2762120,AR,AR-F,AR-F-GO,-30.8756667,-65.7388333,Bosques de Chacho,2025-03-03 10:37,21,2
L8050913,AR,AR-S,AR-S-IR,-32.8806908,-61.2016106,Bosques de Correa,2019-11-28 13:00,13,1
L12860450,AR,AR-B,AR-B-EB,-34.7702426,-58.5465503,Bosques de Ezeiza,2026-09-06 15:51,140,151
L6072747,AR,AR-M,AR-M-GA,-35.0027722,-67.5030778,Bowen,2023-08-19 17:00,33,5
L6072895,AR,AR-M,AR-M-GA,-34.9894194,-67.3326972,Bowen--Paraje La Chilena,2023-06-23 10:30,55,1
L10064123,AR,AR-B,AR-B-BG,-35.0895063,-60.4783967,Bragado,2026-05-09 10:00,75,14
L76904749,AR,AR-B,AR-B-BG,-35.0745903,-60.4656674,Bragado
L5837888,AR,AR-B,AR-B-BG,-35.0867931,-60.4672909,Bragado--laguna,2026-07-14 15:00,114,43
L8949722,AR,AR-R,AR-R-BA,-41.057445,-71.489368,Brazo Campanario--Club Regatas,2026-08-09 11:20,52,88
L12593498,AR,AR-R,AR-R-EC,-39.0632785,-67.7580161,Bubalcó Zona de tigres,2026-05-22 11:24,49,14
L2762847,AR,AR-E,AR-E-VG,-31.2833,-58.5667,Buena Vista (Entre Ríos),2025-05-04 16:21,88,20
L28142963,AR,AR-B,AR-B-TI,-34.411123,-58.5694242,Buenos Aires Rowing Club,2026-07-30 10:25,53,14
L22747483,AR,AR-C,AR-C-DF,-34.588742,-58.4252671,Buenos Aires--Plaza Armenia,2026-09-12 16:29,41,41
L54795689,AR,AR-S,AR-S-IR,-32.7555434,-61.289757,Bustinza. Camino a Correa (RP 27s),2025-11-02 18:00,5,0
L4899499,AR,AR-Q,AR-Q-PE,-37.0485688,-69.8737496,Buta Ranquil,2026-02-01 16:07,43,6
L39540356,AR,AR-E,AR-E-CC,-31.3748998,-58.0033064,CEF N°4 General San Martín,2025-09-23 08:49,79,3
L7022493,AR,AR-B,AR-B-MC,-37.7276197,-57.4159241,CELPA-Mar Chiquita,2026-05-24 12:25,146,135
L31714223,AR,AR-B,AR-B-ES,-34.2930416,-58.7665534,"CUBE, Escobar",2026-08-29 17:25,110,257
L65801374,AR,AR-K,AR-K-VV,-28.4898487,-65.605883,CUESTA DEL PORTEZUELO,2026-08-10 10:09,14,2
L19240373,AR,AR-N,AR-N-LM,-26.9100203,-54.83489,"Caa Porá (-26,91, -54,835)",2024-10-31 05:40,50,7
L5722463,AR,AR-X,AR-X-PU,-31.3947109,-64.5680022,Cabalango Córdoba,2026-08-16 17:17,128,35
L7170794,AR,AR-A,AR-A-LC,-24.6903764,-65.4059163,Cabaña El Chacho,2023-12-19 20:01,60,17
L23500987,AR,AR-F,AR-F-CL,-29.1239356,-67.5734925,Cabaña Rio Amarillo,2025-11-15 08:47,51,3
L27832849,AR,AR-V,AR-V-US,-54.6114058,-67.1951336,Cabaña de Alexis,2023-11-05 11:30,19,1
L16121677,AR,AR-S,AR-S-SV,-30.2856715,-59.9768266,Cabañas 8 Hermanos,2021-08-14 15:20,69,2
L29384595,AR,AR-S,AR-S-GO,-28.5210419,-59.1236973,Cabañas Amanecer del Virá Pitá,2026-08-15 14:10,209,10
L5113418,AR,AR-E,AR-E-DI,-31.932934,-60.6664824,Cabañas El Deseado,2026-07-24 14:01,37,5
L53125532,AR,AR-N,AR-N-SP,-26.6336,-54.1197667,Cabañas Julio César Sargento Eduardo Ramírez,2025-10-11 03:37,47,17
L37341857,AR,AR-E,AR-E-CO,-31.8627242,-58.3254719,Cabañas Mirador del Palmar,2025-12-12 10:09,66,5
L11714217,AR,AR-A,AR-A-SA,-24.7580121,-65.3917519,Cabañas Portal Del Cerro,2026-09-26 12:22,95,92
L6298423,AR,AR-X,AR-X-PU,-31.2745529,-64.4714534,Cabañas Santa Maria,2025-01-04 07:05,13,1
L17432196,AR,AR-N,AR-N-GU,-27.0354665,-54.1389084,Cabañas Ysyrys,2023-06-26 10:30,47,2
L66700466,AR,AR-B,AR-B-EN,-34.897636,-57.932237,Cabecera El Dique,2026-09-17 17:26,71,18
L2763560,AR,AR-V,AR-V-RG,-54.5413333,-67.2255,Cabecera Lago Fagnano,2026-09-23 11:41,84,351
L8806884,AR,AR-Q,AR-Q-CC,-39.891341,-70.839752,Cabecera del Río Collón Curá,2026-04-14 10:00,58,8
L18578518,AR,AR-B,AR-B-VI,-38.8378403,-62.3503639,Cabeza de Buey,2022-04-17 13:28,16,2
L53982884,AR,AR-A,AR-A-GG,-24.7914537,-65.0232145,Cabeza de Buey,2025-10-12 09:15,21,2
L25375713,AR,AR-J,AR-J-RI,-31.5601185,-68.697588,Cabeza del Indio,2025-05-16 08:13,62,6
L4327588,AR,AR-V,AR-V-RG,-54.0160217,-67.3429728,Cabo Auricosta,2026-07-11 12:59,76,159
L14079160,AR,AR-Z,AR-Z-MA,-49.1714,-67.6199,Cabo Curioso,2026-05-01 15:58,29,9
L4609159,AR,AR-V,AR-V-RG,-53.6950617,-67.8374434,Cabo Domingo (Tierra del Fuego),2026-08-06 17:08,66,144
L62960833,AR,AR-V,AR-V-RG,-53.842,-67.544,Cabo Peñas,2026-09-27 08:21,44,7
L17606632,AR,AR-U,AR-U-FA,-44.3380919,-65.2478027,Cabo Raso,2026-01-23 16:01,52,12
L11564372,AR,AR-V,AR-V-RG,-54.2854082,-66.6961312,Cabo San Pablo,2025-02-19 13:00,42,23
L58101606,AR,AR-M,AR-M-LH,-33.0207571,-69.1142013,Cacheuta,2026-01-31 11:30,57,17
L2761542,AR,AR-A,AR-A-CA,-25.1183333,-66.1571667,Cachi,2026-09-21 07:26,147,169
L12156291,AR,AR-V,AR-V-US,-54.8210309,-68.324625,Cadic - Conicet,2026-09-25 10:25,50,53
L2761544,AR,AR-A,AR-A-CF,-26.0725116,-65.9765911,Cafayate,2026-07-04 18:00,163,156
L8324157,AR,AR-A,AR-A-CF,-26.0765996,-65.9984336,Cafayate--Cascadas del Río Colorado,2025-09-14 08:15,73,24
L11731619,AR,AR-A,AR-A-CF,-26.07465,-65.97628,Cafayate--Hotel Killa (restricted access),2025-07-16 10:57,20,3
L2308654,AR,AR-A,AR-A-CF,-26.0496117,-65.898056,Cafayate--Km 8 monte,2025-07-24 11:24,99,51
L3955682,AR,AR-A,AR-A-CF,-26.0815894,-65.9763712,Cafayate--Rio Seco,2026-06-15 10:49,83,35
L2763326,AR,AR-A,AR-A-CF,-26.0901667,-65.976,Cafayate--Viñedos del Sur,2025-11-11 09:11,56,24
L37343345,AR,AR-W,AR-W-SM,-28.5374621,-57.1738386,Café de los Pajaros,2026-05-02 09:29,64,11
L2763381,AR,AR-Y,AR-Y-SB,-23.7548333,-64.4415,Caimancito--Puesto Viejo,2008-03-14 00:00,41,1
L846822,AR,AR-Y,AR-Y-YA,-22.2190946,-65.2825266,Cajas,2026-09-01 14:45,59,78
L3100796,AR,AR-S,AR-S-VE,-29.8537464,-60.2881622,Calchaquí,2023-12-23 07:00,125,5
L2762239,AR,AR-B,AR-B-PU,-38.2111667,-63.135,Caldenal del Sudoeste de Buenos Aires,2023-01-14 10:02,27,1
L37265467,AR,AR-B,AR-B-VI,-38.4661917,-62.888025,Caldenal y vado del Río Chasicó,2026-09-15 16:58,78,23
L5423281,AR,AR-A,AR-A-LC,-24.6361474,-65.3813553,Calderilla,2026-09-14 09:24,146,23
L846724,AR,AR-Z,AR-Z-DE,-46.4422929,-67.5087547,Caleta Olivia,2026-09-09 16:52,89,130
L2763384,AR,AR-R,AR-R-AA,-41.0213333,-64.077,Caleta de los Loros Río Negro,2023-03-01 10:59,96,18
L60985708,AR,AR-V,AR-V-RG,-53.706707,-67.821932,Caleta la Misión -- Muelle,2026-06-14 11:43,19,2
L28574604,AR,AR-B,AR-B-ES,-34.3428413,-58.7517587,Calle Falucho y Puertos del Lago,2026-09-27 17:02,85,139
L54057184,AR,AR-E,AR-E-FE,-31.0767354,-59.1433384,Calle K. El Cencerro,2025-10-11 11:45,6,2
L20218395,AR,AR-B,AR-B-ES,-34.2943318,-58.7514276,Calle del Luján y Ruta 25,2025-08-26 08:15,123,38
L13024218,AR,AR-B,AR-B-TQ,-38.0914866,-62.1936241,Calvario de Tornquist,2024-11-27 15:00,45,3
L27516787,AR,AR-E,AR-E-CO,-32.2565605,-58.172602,Calzada de Cateloti oeste,2026-05-09 08:31,54,28
L27726258,AR,AR-X,AR-X-TA,-32.1467519,-64.1399861,"Cam. Corralito (Canteras Bocos) Río Tercero, Córdoba -ARG",2023-10-28 11:30,31,1
L3314958,AR,AR-U,AR-U-FA,-44.802423,-65.7145929,Camarones,2026-07-31 10:12,120,127
L2763398,AR,AR-U,AR-U-FA,-44.8833333,-65.6166667,Camarones--Caleta Carolina,2025-10-14 20:07,47,10
L2763400,AR,AR-U,AR-U-FA,-44.8833333,-65.65,Camarones--Caleta Paton,2025-12-14 17:00,37,7
L2763386,AR,AR-U,AR-U-FA,-44.7666667,-65.7,Camarones--Playa Thompson,2026-07-31 09:28,38,20
L2763396,AR,AR-U,AR-U-FA,-44.8174026,-65.7298279,Camarones--Playas,2025-12-30 13:40,57,14
L2763397,AR,AR-U,AR-U-FA,-44.8833333,-65.6666667,"Camarones--Puerto Piojo, Playa Elola",2024-12-14 14:06,39,7
L2763406,AR,AR-U,AR-U-FA,-44.8333333,-65.7166667,Camarones--Punta Gaviota,2026-01-14 10:12,35,10
L3659919,AR,AR-W,AR-W-SM,-28.5407081,-57.0975094,Cambá Trapo,2026-09-13 16:01,272,420
L8918384,AR,AR-S,AR-S-SV,-30.3879306,-60.1231282,Camino  La Brava a Colonia Teresa,2023-03-12 18:00,134,8
L39936842,AR,AR-D,AR-D-LC,-33.4577341,-66.6308718,Camino A Las Salinas de Bebedero,2026-06-14 16:30,61,4
L27467865,AR,AR-B,AR-B-ES,-34.3029862,-58.798392,Camino Aeródromo Escobar,2026-09-26 09:21,137,97
L11686707,AR,AR-A,AR-A-GM,-22.4516779,-63.8500647,Camino AltoYariguarenda,2021-02-20 09:30,20,2
L34871879,AR,AR-E,AR-E-VG,-31.734049,-58.648932,Camino Arroyo El Doctor,2025-07-26 14:49,49,6
L12543293,AR,AR-E,AR-E-FL,-30.4096374,-58.6002879,Camino Arroyo Víboras,2020-10-17 07:30,107,4
L10656707,AR,AR-B,AR-B-ES,-34.3016961,-58.763305,Camino Barrio El Cazal,2026-09-05 17:23,167,197
L31616850,AR,AR-E,AR-E-PA,-31.7980964,-60.3137183,Camino Calzada De Espinillo Norte,2025-07-14 14:49,73,4
L30295472,AR,AR-W,AR-W-IZ,-27.6346533,-56.8138289,Camino Cambyreta,2026-09-26 14:25,161,49
L38534846,AR,AR-E,AR-E-PA,-31.6491828,-60.3865878,Camino Costero Villa Urquiza,2025-07-23 16:16,66,3
L38235346,AR,AR-U,AR-U-CU,-42.0652538,-70.4748468,Camino Cushamen - El Saltillo,2024-11-23 12:35,24,1
L14104237,AR,AR-B,AR-B-CP,-38.013732,-61.369908,Camino Gaviota-Navarro,2026-01-07 12:21,50,5
L68906456,AR,AR-B,AR-B-GJ,-37.065,-56.98,"Camino Ingreso Laguna Los Horcones, Gral Madariaga, Provincia de Buenos Aires, AR (-37.141, -56.907)",2026-06-28 14:42,35,3
L24816068,AR,AR-V,AR-V-US,-54.7444625,-68.1980995,Camino Laguna Arcoiris,2026-05-03 14:59,18,6
L12807306,AR,AR-X,AR-X-PU,-30.9401806,-64.5065722,Camino Las Barrancas,2026-05-09 17:11,105,5
L27439484,AR,AR-W,AR-W-ME,-29.2101048,-58.0415215,Camino Molino Ala,2026-05-10 15:21,125,23
L58052596,AR,AR-S,AR-S-GO,-28.5034012,-59.2733547,Camino Perdido - V.O - Jaaukanigás,2026-07-22 08:10,99,9
L64110272,AR,AR-X,AR-X-RG,-31.7870707,-63.7766929,Camino R9 km 645 - Humedal Cachicoya,2026-08-01 16:30,37,7
L27478595,AR,AR-S,AR-S-GL,-33.6616895,-61.4890645,Camino Rural Melincue,2025-06-21 11:02,39,3
L22121625,AR,AR-E,AR-E-FL,-30.2922752,-58.6075487,Camino San Jaime,2023-01-07 22:30,3,1
L23643242,AR,AR-G,AR-G-FI,-27.2578062,-63.4981153,"Camino Santa Rita, Figueroa",2023-07-23 17:17,27,2
L2763423,AR,AR-X,AR-X-CA,-32.0666667,-64.65,Camino Yacanto-Sta Rosa de Calamuchita,2026-02-03 16:13,84,24
L18408716,AR,AR-P,AR-P-LA,-26.5777492,-58.4571802,Camino a Banco Payaguá,2026-05-22 09:59,184,24
L2763484,AR,AR-V,AR-V-RG,-53.815,-67.6385,Camino a Cabo Peñas,2026-09-06 13:08,53,71
L35008096,AR,AR-A,AR-A-RL,-24.3070958,-66.0258558,Camino a Cachiñal,2024-08-27 08:56,14,6
L30041787,AR,AR-B,AR-B-CM,-34.0859837,-58.9906639,Camino a Camping Buena Onda y Canal Alem,2026-09-22 08:20,217,315
L16610894,AR,AR-Y,AR-Y-CA,-24.0543912,-65.2573802,Camino a Corral de Piedra-Los Payos,2025-04-01 09:27,51,1
L2763492,AR,AR-V,AR-V-US,-54.8188333,-68.1726667,Camino a Ea. Túnel,2026-07-26 14:37,67,145
L15657332,AR,AR-E,AR-E-CC,-31.2198083,-58.3872329,Camino a El Duraznal,2026-07-02 17:46,118,24
L65533393,AR,AR-X,AR-X-SA,-31.7976798,-64.9663391,Camino a Karrupachina,2026-09-27 08:45,73,10
L13310561,AR,AR-B,AR-B-CL,-35.0103238,-58.7652058,Camino a Las Heras,2026-08-03 10:03,115,13
L21398717,AR,AR-B,AR-B-GV,-34.8620536,-62.9984929,Camino a Piedritas,2024-05-11 11:19,73,7
L7364548,AR,AR-R,AR-R-GR,-38.7069003,-68.0560863,Camino a Pital Có. Perilago (Monte),2022-05-14 11:32,28,5
L20854933,AR,AR-B,AR-B-ML,-34.9618995,-57.6893439,Camino a Playa Punta Blanca - Arroyo Zapata,2026-07-12 09:08,129,19
L60250793,AR,AR-E,AR-E-II,-33.760183,-58.7719,Camino a Quinta Ferreyra,2026-03-24 08:00,88,6
L8880246,AR,AR-Y,AR-Y-VG,-23.2310233,-65.0489406,Camino a Santa Ana. 4300/4400 msnm.,2026-05-25 09:42,54,18
L8992628,AR,AR-S,AR-S-RO,-32.9719113,-60.7755583,Camino a Techin,2020-02-25 18:10,25,1
L26466117,AR,AR-E,AR-E-GG,-33.0357585,-59.6980333,Camino a arroyo el portugues,2023-08-05 08:23,85,1
L17104367,AR,AR-Y,AR-Y-SA,-24.3729243,-65.3326125,Camino a la Cruz,2026-04-18 11:49,46,2
L23068223,AR,AR-B,AR-B-GJ,-37.0190501,-57.0817925,Camino a laguna Salada Grande,2026-09-27 08:49,94,7
L22177199,AR,AR-X,AR-X-CA,-32.0583095,-64.8869716,Camino al Cerro los Linderos,2026-07-17 15:11,54,11
L34153046,AR,AR-S,AR-S-GO,-29.2746056,-59.6046252,Camino al Correntoso. P. Reconquista - Jaaukanigás,2026-05-03 10:09,114,17
L21176270,AR,AR-G,AR-G-BA,-27.365822,-64.2734929,Camino al Lago de Sal (Huyamampa),2022-11-20 08:59,81,7
L14066601,AR,AR-D,AR-D-LC,-33.191228,-66.2612519,Camino al Mirador,2023-07-08 12:30,46,2
L4010245,AR,AR-N,AR-N-IG,-25.6208919,-54.5418459,Camino al Santuario,2026-09-22 16:39,257,372
L31355684,AR,AR-Q,AR-Q-HU,-39.7083134,-71.5036627,Camino al Volcán Lanín,2026-02-26 10:44,39,2
L11344712,AR,AR-S,AR-S-SR,-32.4493585,-60.8228651,Camino al cementerio de Gaboto,2026-09-05 11:35,23,3
L9204073,AR,AR-W,AR-W-IZ,-27.548,-56.569,Camino alternativo Ituzaingó (Corrientes),2026-09-20 16:57,188,94
L10198908,AR,AR-S,AR-S-LP,-31.2310795,-60.6085193,Camino alternativo Laguna Paiva - Campo Andino,2026-06-15 11:30,129,31
L27554399,AR,AR-X,AR-X-TA,-32.1824295,-64.2418543,Camino alternativo barrio pinares,2026-01-29 11:15,52,14
L55136208,AR,AR-S,AR-S-CL,-31.297875,-61.3865052,Camino cortado EL CHAJA,2025-11-15 06:49,38,0
L4588357,AR,AR-B,AR-B-BB,-38.6849738,-62.2433853,Camino de la Carrindanga,2026-08-17 12:11,78,38
L49810949,AR,AR-E,AR-E-GC,-33.0038862,-58.4915362,Camino de la Península,2025-07-13 12:30,12,2
L37757214,AR,AR-B,AR-B-ME,-34.645504,-58.7369399,Camino de la Ribera,2026-08-20 14:30,34,7
L56127137,AR,AR-E,AR-E-NO,-32.3739923,-59.750552,Camino de las Achiras,2026-02-03 07:00,66,4
L12295922,AR,AR-B,AR-B-TI,-34.4222021,-58.6204031,Camino de los Remeros,2026-09-19 08:48,68,19
L18775759,AR,AR-U,AR-U-FU,-43.1872702,-71.1074879,Camino de los Rifleros,2026-06-07 15:04,53,11
L27065493,AR,AR-K,AR-K-EA,-28.3294182,-65.4073895,"Camino de los algarrobos, Departamento El Alto",2026-01-03 09:00,102,13
L28201916,AR,AR-V,AR-V-US,-54.817818,-68.3498204,Camino de los presos,2026-01-08 17:46,19,6
L17593912,AR,AR-G,AR-G-BA,-27.6873923,-64.2935637,Camino del Cacan.,2026-07-03 09:18,156,109
L9755303,AR,AR-S,AR-S-LP,-31.76955,-60.830602,Camino del Indio Hostel,2026-03-14 12:45,92,13
L43870865,AR,AR-B,AR-B-GL,-36.5491787,-56.7268973,Camino diagonal entre Ruta 11 y  Cno. 042-02,2026-05-18 11:45,71,9
L28659173,AR,AR-S,AR-S-VE,-28.4659845,-59.7887131,Camino entre Villa Ana y Los Tábanos,2026-01-17 18:00,73,2
L35553263,AR,AR-S,AR-S-GO,-28.5199055,-59.2763175,Camino interno San Vicente,2025-03-12 14:00,172,8
L9435570,AR,AR-S,AR-S-GL,-33.7873743,-61.5034917,Camino monjita castaña de ruta 8 a 90,2020-06-14 13:22,38,2
L2374756,AR,AR-B,AR-B-NE,-38.4947126,-58.7500763,Camino ribereño del Rio Quequén Grande,2026-04-30 16:56,148,270
L28019084,AR,AR-S,AR-S-GO,-28.4462797,-59.35853,Camino rural 34 Ocampo Norte,2024-10-10 10:00,92,3
L8002252,AR,AR-B,AR-B-SP,-33.633535,-59.8220917,Camino rural acceso Vuelta de Obligado,2025-12-06 19:45,92,16
L75547054,AR,AR-B,AR-B-LT,-35.0637442,-57.8618251,Camino rural hacia Ruta 36,2026-08-13 12:00,22,0
L27628474,AR,AR-S,AR-S-GO,-28.4874723,-59.3183782,Camino rural ruta 32,2025-09-12 07:39,117,7
L8918412,AR,AR-S,AR-S-SV,-30.0794595,-59.9438755,"Camino rural, La Herradura o C del pajonal",2026-03-15 11:19,151,42
L15719577,AR,AR-B,AR-B-SC,-38.5651704,-59.6954079,Camino secundario 116-01,2026-06-14 11:56,12,8
L16393079,AR,AR-A,AR-A-CF,-26.0476942,-66.0113418,Camino senda San Luis a Yacochuya,2025-08-05 18:02,68,17
L16058782,AR,AR-E,AR-E-II,-33.7191843,-58.6285326,Camino vecinal Isla,2023-07-23 15:00,85,3
L9439344,AR,AR-S,AR-S-SR,-32.1019083,-60.9460092,Camino viejo Arocena - Comipinic,2026-01-03 08:00,186,52
L2763295,AR,AR-B,AR-B-EB,-34.898,-58.6028333,Caminos Rurales Carlos Spegazzini,2026-06-22 11:26,44,5
L16593097,AR,AR-B,AR-B-SE,-35.0654073,-58.532478,Caminos Rurales San Vicente,2024-09-28 13:20,76,7
L7438401,AR,AR-S,AR-S-LC,-31.4571705,-60.8959259,Caminos rurales al sur de la Avenida Argentina,2026-08-31 15:55,184,223
L22312239,AR,AR-E,AR-E-UR,-32.3721783,-58.984098,Campamento Calá,2023-02-23 13:51,61,3
L11407365,AR,AR-A,AR-A-GM,-22.5902778,-63.8644444,Campamento Vespucio--Mirador de la Divina Misericordia,2024-04-20 08:20,61,5
L9196790,AR,AR-A,AR-A-GM,-22.5880799,-63.8560367,Campamento Vespucio--Parque Temático,2026-05-18 00:32,80,12
L58763333,AR,AR-A,AR-A-GM,-22.5688718,-63.8644426,Campamento Vespucio--Sendero Surucuá,2026-02-15 09:00,39,1
L40636652,AR,AR-G,AR-G-AG,-29.139012,-62.6576237,"Camping ""Las Palmeras""",2026-08-08 17:00,84,18
L14935323,AR,AR-J,AR-J-JA,-30.2958321,-68.7280869,Camping Agua Negra,2026-05-10 09:00,58,14
L4917948,AR,AR-E,AR-E-DI,-32.0638465,-60.5666399,Camping Arroyo Verde (Aldea Protestante),2021-04-24 11:12,73,13
L8987262,AR,AR-S,AR-S-RO,-33.2242307,-60.4223572,Camping Balneario Fighiera,2026-03-21 14:45,81,11
L52381018,AR,AR-P,AR-P-PA,-24.624626,-60.5241323,Camping Bañado La Estrella,2025-07-28 08:05,20,3
L52922778,AR,AR-S,AR-S-SR,-32.022573,-60.929924,Camping Bianchi,2025-07-21 16:20,22,1
L75827403,AR,AR-W,AR-W-CO,-28.4358646,-57.6953459,Camping Carambolita,2026-08-21 19:00,27,2
L60377319,AR,AR-Z,AR-Z-LB,-47.2059798,-70.7731774,Camping Cañadon Caracoles,2026-03-16 18:00,4,1
L38405231,AR,AR-B,AR-B-LB,-35.2772481,-59.1360116,Camping Club de Pescadores,2026-07-14 07:42,41,6
L10525483,AR,AR-X,AR-X-CA,-31.9066344,-64.5615435,Camping Corral De Pirca,2026-05-27 11:09,59,5
L37944696,AR,AR-S,AR-S-GO,-28.6329235,-59.3722404,Camping Don Aníbal,2024-10-25 18:36,17,1
L24791117,AR,AR-S,AR-S-GO,-28.506915,-59.265391,Camping Don Avelino,2026-09-23 17:26,128,29
L10304276,AR,AR-A,AR-A-LC,-24.5847207,-65.3633299,Camping El Angosto,2026-04-05 12:25,86,8
L37460862,AR,AR-G,AR-G-RH,-27.6834024,-64.97944,"Camping El Chorro, Pozo Del Arbolito, Villa Río Hondo, Santiago",2026-08-30 18:26,125,40
L3264110,AR,AR-B,AR-B-SF,-34.161021,-58.74567,Camping El Cielo,2024-09-21 12:56,185,65
L4578831,AR,AR-X,AR-X-CA,-32.1687878,-64.7711715,Camping El Durazno,2026-01-23 14:59,70,19
L12720152,AR,AR-S,AR-S-LP,-31.434998,-60.5841494,Camping El Moja,2025-10-04 18:31,103,5
L27555831,AR,AR-R,AR-R-SA,-40.7663066,-65.0378072,Camping El Oasis,2026-02-20 14:58,86,38
L55488970,AR,AR-E,AR-E-LP,-31.1620272,-59.7277737,Camping El Solar puente,2025-11-26 14:20,33,1
L19769173,AR,AR-A,AR-A-ME,-25.2458347,-64.4819154,Camping El Tunal,2023-08-25 17:16,137,34
L17095722,AR,AR-E,AR-E-CO,-32.3350275,-58.2629442,Camping El Viejo Molino,2026-08-08 13:52,70,7
L55629410,AR,AR-N,AR-N-SP,-26.6025168,-54.1119788,Camping Farelluck,2026-08-04 01:30,79,5
L20936837,AR,AR-E,AR-E-II,-33.7124886,-58.7252712,Camping Grunwald,2026-03-15 11:42,132,23
L64172504,AR,AR-X,AR-X-CA,-32.21155,-64.76268,Camping La Florida,2024-01-02 00:00,5,0
L26858271,AR,AR-S,AR-S-GO,-28.1487596,-59.1778817,Camping La Mocha - Hardy - Jaaukanigás.,2024-10-27 10:59,132,18
L18237421,AR,AR-E,AR-E-CC,-31.286693,-57.9557991,Camping La Tortuga Alegre,2025-03-01 07:32,79,3
L76534467,AR,AR-Z,AR-Z-LA,-49.0833031,-72.8917381,Camping Lago del Desierto,2025-11-13 14:02,4,1
L37516453,AR,AR-Q,AR-Q-AL,-39.1432086,-71.2238717,Camping Las Tres Araucarias,2026-03-22 09:04,18,1
L37516557,AR,AR-Q,AR-Q-AL,-39.1400133,-71.2151599,Camping Liwen-Río Pulmari,2026-04-12 14:43,11,1
L53080098,AR,AR-R,AR-R-BA,-41.5746775,-71.5035881,Camping Los Fogones,2026-02-04 09:32,15,3
L17490777,AR,AR-R,AR-R-BA,-41.3508238,-71.5987372,Camping Los Rápidos,2026-09-17 16:55,45,19
L21033953,AR,AR-X,AR-X-SJ,-30.9039922,-62.6673889,Camping Los Sanavirones,2026-05-09 00:18,100,31
L3946311,AR,AR-S,AR-S-GO,-29.1127256,-59.7280741,Camping Los Tatané,2026-09-13 10:41,158,37
L13555326,AR,AR-V,AR-V-US,-54.83277,-68.4235671,Camping Municipal (Usuhaia),2026-02-28 07:59,50,40
L39632023,AR,AR-H,AR-H-SF,-27.4864779,-58.9227891,Camping Municipal Barranqueras,2025-01-25 19:41,33,1
L18583431,AR,AR-J,AR-J-CL,-31.6636423,-69.4684397,Camping Municipal Barreal,2025-12-27 15:54,40,8
L21604169,AR,AR-P,AR-P-PR,-26.3343626,-59.3573904,Camping Municipal El Colorado y Paque Acuático.,2024-01-06 19:01,72,7
L7995707,AR,AR-R,AR-R-GR,-38.6956313,-68.0264531,Camping Municipal Lago Pellegrini,2026-07-17 16:15,94,34
L77569422,AR,AR-H,AR-H-BE,-26.6630593,-58.62957,Camping Municipal Los Pescadores,2026-09-23 09:13,57,2
L6914011,AR,AR-X,AR-X-PU,-30.8132654,-64.6542454,Camping Municipal Rio Quilpo,2026-01-03 12:03,107,14
L28153110,AR,AR-E,AR-E-CO,-32.173403,-58.305302,Camping Municipal Rocha,2024-07-09 15:06,29,2
L38398412,AR,AR-M,AR-M-TP,-33.3248093,-69.1866651,Camping Municipal Tupungato,2026-08-30 15:45,42,6
L16408172,AR,AR-S,AR-S-GO,-29.1331138,-59.6531184,Camping Municipal de Reconquista,2025-07-12 08:58,115,13
L36863971,AR,AR-R,AR-R-EC,-38.9881132,-68.1197323,Camping Muten Silvia Roggetti,2024-09-22 10:30,38,2
L7982513,AR,AR-Q,AR-Q-LA,-40.151679,-71.6251659,Camping Nonthue,2026-04-30 17:25,24,3
L30067599,AR,AR-N,AR-N-MO,-26.482592,-54.583777,Camping Panambí Howy,2024-12-17 08:33,37,5
L21758535,AR,AR-W,AR-W-MB,-28.1189909,-58.1503236,Camping Paso Aguirre,2026-09-24 10:22,156,18
L22526816,AR,AR-E,AR-E-UR,-32.4433095,-58.208549,Camping Paso Vera,2026-03-30 07:47,58,5
L58724959,AR,AR-E,AR-E-FC,-30.8982715,-57.8916331,Camping Prever,2026-02-16 19:15,12,1
L12158113,AR,AR-T,AR-T-CH,-27.3233763,-65.9232509,Camping Samay Cochuna,2026-09-18 18:07,96,39
L54585845,AR,AR-Y,AR-Y-EC,-24.4312061,-65.2769841,Camping San Cayetano,2026-09-17 12:51,38,10
L22121450,AR,AR-Q,AR-Q-AL,-38.9436561,-71.307106,Camping Trenel,2024-03-31 11:20,10,0
L17921618,AR,AR-Q,AR-Q-LL,-40.7685068,-71.6631371,Camping UnCuyo,2026-02-07 06:24,39,7
L496642,AR,AR-N,AR-N-IG,-25.6241333,-54.5488333,Camping Viejo Americano,2026-08-01 15:24,135,59
L15897871,AR,AR-M,AR-M-LC,-33.3289876,-68.7593104,Camping Viejo Luján,2026-02-05 09:58,115,44
L49520957,AR,AR-S,AR-S-GL,-34.0472557,-61.6519188,Camping Villa Cañas,2025-07-05 14:00,22,2
L31604863,AR,AR-E,AR-E-PA,-31.226493,-59.9900388,Camping Villa Hernandarias,2024-05-11 15:00,34,1
L12885362,AR,AR-E,AR-E-PA,-31.6428233,-60.3807092,Camping Villa Urquiza,2026-02-04 17:23,109,8
L22259930,AR,AR-K,AR-K-CA,-28.677147,-66.0551262,Camping concepción,2025-10-07 17:10,48,3
L28084947,AR,AR-K,AR-K-SR,-28.1865641,-65.519862,Camping de Alijilán,2026-05-09 18:30,58,12
L3611068,AR,AR-N,AR-N-CG,-27.0881484,-54.9519986,Camping del Cuñapirú,2026-07-28 12:10,226,130
L18574680,AR,AR-V,AR-V-RG,-54.2057099,-67.2228799,Camping del Puente Justicia,2025-12-02 11:38,24,10
L44736247,AR,AR-X,AR-X-CA,-32.1627315,-64.3759925,Camping el Chino.Ruta S-375,2026-04-26 12:41,48,9
L44153076,AR,AR-X,AR-X-SJ,-30.884086,-62.0374278,Camping municipal Brinkmann,2025-05-03 02:20,1,0
L12505219,AR,AR-S,AR-S-GL,-33.6781188,-61.5117153,Camping viejo,2025-04-17 16:32,89,16
L66326393,AR,AR-N,AR-N-SP,-26.6402282,-54.1257334,Camping y Salto Santa Rita,2026-05-16 15:53,11,1
L54040334,AR,AR-B,AR-B-LT,-34.9455443,-58.0174101,Campito de Adulp,2026-02-13 13:42,10,3
L7822022,AR,AR-B,AR-B-JU,-34.7255694,-60.7930374,"Campo ""Don Francisco""",2025-12-23 18:57,100,6
L8004226,AR,AR-S,AR-S-SM,-31.8709069,-61.545507,"Campo ""Don Osvaldo""",2026-04-18 13:30,112,36
L2763044,AR,AR-S,AR-S-LP,-31.2333,-60.5333,Campo Andino--pueblo y alrededores,2024-09-27 13:40,213,54
L9692713,AR,AR-N,AR-N-GB,-26.0488982,-53.7716193,Campo Anexo General Manuel Belgrano,2024-11-23 06:51,70,1
L16106095,AR,AR-B,AR-B-GS,-34.5373537,-58.6881709,Campo Argentino de Pato,2023-06-24 10:03,59,22
L2763282,AR,AR-B,AR-B-EB,-34.8355,-58.4801667,Campo Barrio Docente Monte Grande,2024-02-11 18:50,41,4
L2763094,AR,AR-G,AR-G-RI,-30.2,-62.5167,Campo Belen
L18933259,AR,AR-X,AR-X-SJ,-30.9435032,-62.6765383,Campo Cabañas Abu,2025-12-06 09:34,97,5
L9572715,AR,AR-B,AR-B-GS,-34.5807713,-58.7134774,Campo Canale,2023-10-21 08:44,56,8
L2761539,AR,AR-B,AR-B-CR,-38.899,-61.9343333,Campo Cereijo,2013-05-18 08:00,32,1
L18230042,AR,AR-A,AR-A-GM,-22.1857866,-63.6909658,Campo Durán,2025-12-03 11:12,79,7
L27870196,AR,AR-M,AR-M-LH,-32.783848,-68.798135,Campo Espejo / Las Heras (acceso restringido),2026-05-01 08:10,152,55
L2762669,AR,AR-X,AR-X-SJ,-30.9167,-62.3167,Campo Gaido Hnos.
L11878444,AR,AR-A,AR-A-SA,-24.76108,-65.4470945,Campo Gral. Belgrano,2024-06-09 13:00,78,13
L28296945,AR,AR-S,AR-S-GO,-28.1540892,-59.251484,Campo Hardy,2023-12-15 13:30,27,1
L16553004,AR,AR-X,AR-X-RC,-32.9693189,-64.6491785,Campo La Aguada UNRC,2026-04-14 11:09,57,9
L2763506,AR,AR-B,AR-B-TA,-38.2868333,-60.3726667,Campo La Margarita,2021-01-07 03:29,42,5
L8106251,AR,AR-R,AR-R-SA,-40.6827073,-64.9630565,Campo Los Olivos,2024-10-15 15:40,73,10
L64101960,AR,AR-X,AR-X-RG,-31.80739,-63.79939,Campo Paira,2026-09-22 12:30,78,22
L3877703,AR,AR-E,AR-E-II,-33.6053088,-58.7412894,Campo Paranacito,2026-04-25 15:02,198,113
L21749178,AR,AR-A,AR-A-RL,-24.9082104,-65.6047455,Campo Quijano--Chawasi,2026-09-14 14:51,159,54
L11731583,AR,AR-A,AR-A-RL,-24.9074698,-65.6427913,Campo Quijano--Plaza Martin Fierro,2026-09-16 19:28,13,6
L30544034,AR,AR-A,AR-A-RL,-24.9017399,-65.6569897,Campo Quijano--vías,2026-09-23 09:20,84,11
L10134242,AR,AR-A,AR-A-GG,-24.6851209,-65.1187483,Campo Santo,2025-07-20 14:38,53,9
L31620485,AR,AR-B,AR-B-PU,-38.5355706,-63.2481454,Campo Sur (Alianza del Pastizal-AR),2026-09-23 10:48,81,8
L37258359,AR,AR-B,AR-B-ES,-34.300353,-58.842354,Campo Temaiken,2025-05-10 12:11,107,48
L27475024,AR,AR-S,AR-S-SL,-32.5344722,-60.8459043,Campo Timbó,2025-12-21 11:41,24,1
L41791962,AR,AR-S,AR-S-GL,-33.8119444,-61.8558333,"Campo Torres, Venado Tuerto",2025-12-14 17:26,18,1
L54021762,AR,AR-E,AR-E-FE,-31.0855253,-59.1684946,Campo Velli. El Cencerro,2025-10-11 06:00,63,3
L2762308,AR,AR-N,AR-N-CG,-27.303,-54.8411667,Campo Viera y Campo Ramón
L10285982,AR,AR-S,AR-S-CO,-33.4867934,-61.3795853,Campo biondi,2024-07-17 12:07,40,3
L26920935,AR,AR-H,AR-H-GG,-25.0955579,-61.2392497,Campo de Soraire - Chaco,2025-02-06 06:30,84,4
L37507011,AR,AR-B,AR-B-MN,-34.6053062,-58.6589983,Campo experimental UNAHUR,2024-10-19 10:30,19,1
L19107963,AR,AR-B,AR-B-GS,-34.473523,-58.7235258,"Campo la Juanita, reserva natural urbana en recuperación vecinal",2022-05-07 09:00,33,2
L12042831,AR,AR-S,AR-S-LC,-31.4403775,-61.1483521,Campos Cultivados entre Humboldt y Pilar,2026-07-26 10:41,131,77
L13382255,AR,AR-E,AR-E-VC,-32.5733242,-59.7724818,Campos de los Segura - Martínez.
L8956435,AR,AR-B,AR-B-GL,-36.4956033,-57.0137614,Canal 2--camino,2026-09-20 07:48,186,278
L4229131,AR,AR-X,AR-X-CB,-31.3310954,-64.2710093,Canal Barrio Argüello,2018-05-14 10:00,60,4
L487925,AR,AR-V,AR-V-US,-54.8718657,-67.9504395,Canal Beagle,2026-09-12 09:15,118,1006
L11409817,AR,AR-M,AR-M-LH,-32.8594919,-68.7869711,Canal Cacique Guaymallén,2026-09-07 18:00,62,28
L11572084,AR,AR-S,AR-S-LC,-31.3817694,-60.9614095,Canal Donnet y rp 52 s (puente y alrededores),2026-03-01 19:21,115,39
L12540810,AR,AR-X,AR-X-CB,-31.3267775,-64.2976916,Canal La Alameda,2026-09-14 17:11,22,2
L11588288,AR,AR-S,AR-S-GL,-33.4773564,-61.5911846,Canal La Blanqueda al oeste de la RN 33,2025-01-11 19:30,29,3
L16251345,AR,AR-Q,AR-Q-CO,-38.5714072,-68.4824306,Canal Lago Mari Menuco,2021-08-29 10:03,16,0
L12954760,AR,AR-B,AR-B-LT,-34.8501219,-58.0596827,Canal Martín Carnaval (City Bell),2026-09-26 07:18,181,114
L29072540,AR,AR-V,AR-V-US,-54.873076,-67.4857,Canal al Norte de Isla Gable e Isla Warú,2025-12-16 17:47,23,5
L11182848,AR,AR-V,AR-V-US,-55.083,-66.5833,Canal de Beagle--Boca Oriental,2026-03-03 15:21,57,160
L14781455,AR,AR-V,AR-V-US,-55.056918,-66.5260614,Canal de Beagle--Islote Blanco,2026-03-03 15:09,27,13
L10060425,AR,AR-R,AR-R-GR,-38.9560789,-67.8783443,Canal de Riego y Calle al Autódromo,2022-06-29 11:52,47,12
L16670907,AR,AR-Z,AR-Z-DE,-47.775,-66.02,Canal de la Isla Lola,2021-10-11 15:30,24,1
L41750460,AR,AR-G,AR-G-MO,-27.4911882,-62.631898,Canal de la Patria.,2025-08-08 17:20,70,3
L37474729,AR,AR-A,AR-A-SA,-24.7217974,-65.4245905,Canal del Huaico,2026-09-03 06:42,105,23
L3556286,AR,AR-S,AR-S-RO,-32.8497924,-60.6727219,Canal del Kayakista,2026-08-23 15:30,99,13
L19900781,AR,AR-X,AR-X-UN,-33.577253,-62.891051,Canals,2026-07-26 19:48,71,7
L4119139,AR,AR-H,AR-H-BE,-27.0658825,-58.7188768,Cancha Larga,2026-05-09 14:48,242,145
L38322052,AR,AR-S,AR-S-GL,-33.679974,-61.4580495,Cancha de Kite Surf,2026-07-25 16:28,63,12
L857377,AR,AR-N,AR-N-CD,-27.4909131,-55.7385349,Candelaria,2026-03-27 11:48,279,142
L13453005,AR,AR-X,AR-X-CO,-31.1139,-64.3656,Candonga,2026-03-06 18:39,48,10
L19763635,AR,AR-N,AR-N-GB,-25.6906361,-54.1523972,Canela Iguazú,2026-09-23 18:47,114,19
L56024429,AR,AR-E,AR-E-LP,-31.1867068,-59.9247842,Cantera Tuyango I y II,2026-08-15 19:17,81,10
L17310475,AR,AR-J,AR-J-AN,-31.419188,-68.2123179,Capilla Medalla Milagrosa,2022-01-01 19:00,5,1
L13851731,AR,AR-X,AR-X-TA,-32.1636963,-64.254341,Capilla San Jose y Salto Norte,2026-09-13 17:50,166,63
L38646999,AR,AR-K,AR-K-TI,-27.9444942,-67.6430775,Capilla Virgen del Rosario de Andacollo,2026-08-16 10:15,16,5
L3932553,AR,AR-X,AR-X-CO,-31.1926813,-64.3642187,Capilla de Buffo,2026-05-30 12:19,133,99
L51525604,AR,AR-G,AR-G-SE,-27.9463791,-64.1641259,Capilla de San Pedro,2026-09-25 14:45,92,19
L28229165,AR,AR-X,AR-X-RP,-31.4273573,-63.8322087,Capilla de los Remedios,2025-12-06 13:21,42,4
L2763140,AR,AR-X,AR-X-PU,-30.8585,-64.5235,Capilla del Monte,2026-07-12 10:20,188,72
L18755612,AR,AR-X,AR-X-PU,-30.8772339,-64.51453,Capilla del Monte--Base Cerro Las Gemelas,2025-12-02 20:05,58,7
L2763428,AR,AR-M,AR-M-LA,-32.1456036,-68.1935978,Capilla del Rosario (Mendoza),2024-09-26 16:00,104,11
L27596428,AR,AR-H,AR-H-SC,-26.8031071,-59.5536363,Capitán Solari,2026-05-22 14:02,54,4
L8034385,AR,AR-X,AR-X-PU,-30.818453,-64.529926,Caranday,2020-09-30 08:52,144,93
L3274334,AR,AR-B,AR-B-PI,-37.1635063,-56.9100809,Cariló,2026-08-18 11:00,90,74
L28083614,AR,AR-B,AR-B-CC,-35.6167594,-61.3709858,Carlos Casares--Parque Ambiental,2026-05-06 15:10,62,9
L10164447,AR,AR-B,AR-B-LU,-34.4776512,-59.2274071,Carlos keen,2026-08-23 10:24,62,14
L12187859,AR,AR-S,AR-S-GL,-33.7308783,-61.7711457,Carmen,2020-08-05 08:00,8,0
L7023962,AR,AR-B,AR-B-PA,-40.809879,-62.9828167,Carmen de Patagones,2025-10-11 09:55,76,29
L32595443,AR,AR-B,AR-B-PA,-40.8110403,-62.9690623,Carmen de Patagones--Cerro de la Caballada,2026-09-15 13:16,58,24
L32849133,AR,AR-B,AR-B-PA,-40.814707,-62.9774971,Carmen de Patagones--El Malecón,2026-01-09 18:31,14,2
L7571382,AR,AR-B,AR-B-PA,-40.8138458,-62.9698187,Carmen de Patagones--afueras,2025-05-16 11:56,74,15
L69771465,AR,AR-B,AR-B-PA,-40.8148854,-62.9714482,Carmende Patagones--Costanera + puente viejo,2026-09-06 09:37,29,2
L10173451,AR,AR-X,AR-X-RC,-32.9286023,-64.0499149,Carnerillo,2026-02-12 13:26,23,5
L3022278,AR,AR-D,AR-D-JU,-32.4123023,-65.0053659,Carpintería,2026-07-10 17:46,126,55
L42219816,AR,AR-B,AR-B-BB,-38.6582694,-62.2041818,Carrindanga--Agropirales y pastizales,2026-08-30 17:01,70,27
L44092903,AR,AR-A,AR-A-CA,-25.0886305,-66.1310863,"Cartel de ""Cachi""",2026-04-03 18:01,47,3
L12224161,AR,AR-X,AR-X-CO,-31.2176,-64.351919,Casa Apacheta,2026-09-25 16:20,109,2094
L7129208,AR,AR-X,AR-X-PU,-31.1661929,-64.5017799,Casa Grande--Balcón De Punilla,2026-09-06 11:08,163,309
L42163693,AR,AR-B,AR-B-TI,-34.3829533,-58.5769022,Casa Museo Sarmiento,2026-04-20 16:02,49,9
L7154040,AR,AR-L,AR-L-PU,-38.1591265,-67.1524286,Casa de Piedra,2026-05-06 20:24,111,67
L31520555,AR,AR-K,AR-K-CA,-28.4919708,-66.0066015,Casa de Piedra (Catamarca),2025-01-12 12:00,20,1
L5944718,AR,AR-Z,AR-Z-LB,-47.1257316,-70.8629751,Casa de Piedra--zona Casco,2024-01-28 16:24,43,18
L68942223,AR,AR-L,AR-L-PU,-38.2350851,-67.1926831,Casa de Piedra. Club de Pescadores,2026-06-02 13:00,33,1
L44017432,AR,AR-B,AR-B-GP,-38.0087256,-57.5736594,Casa sobre el Arroyo,2026-08-07 14:02,56,137
L8343320,AR,AR-B,AR-B-RU,-36.352718,-58.5820903,Casalins,2024-01-13 14:14,13,0
L17857316,AR,AR-X,AR-X-CE,-31.3949307,-64.7800362,Casas Nuevas,2026-08-16 10:59,74,15
L16414911,AR,AR-A,AR-A-GM,-22.1940427,-63.7607214,Cascada Capiazuty. Aguaray,2024-05-18 13:47,66,4
L21121330,AR,AR-Q,AR-Q-LA,-40.1407203,-71.6713934,Cascada Chachin,2026-02-14 11:05,34,7
L7168752,AR,AR-B,AR-B-TA,-38.6289407,-60.601058,Cascada Cifuentes,2026-09-12 17:52,81,40
L29756365,AR,AR-T,AR-T-TD,-26.957695,-65.787239,Cascada El Rincón,2024-03-09 10:30,2,0
L28657468,AR,AR-V,AR-V-US,-54.8410721,-67.4503293,Cascada Lasifashaj,2025-10-12 12:46,22,5
L44145919,AR,AR-X,AR-X-PU,-31.609572,-64.675786,Cascada Lágrima del Indio,2026-06-19 10:54,14,3
L41943655,AR,AR-U,AR-U-CU,-42.0418989,-71.6143799,Cascada Motoco,2026-05-09 09:07,27,3
L11751585,AR,AR-M,AR-M-LC,-32.9251887,-69.3616693,Cascada de El Salto,2023-03-05 19:51,44,7
L18344362,AR,AR-X,AR-X-RC,-33.1611617,-64.4295098,Cascada del Río Santa Catalina,2026-09-26 10:00,148,102
L14844699,AR,AR-S,AR-S-SR,-32.0206008,-60.959701,Cascada del arroyo Colastine,2025-10-11 09:38,124,13
L7432139,AR,AR-T,AR-T-YB,-26.7869736,-65.3884041,Cascada del río Noque,2026-08-26 12:32,57,13
L2357428,AR,AR-Q,AR-Q-LL,-40.4886069,-71.6603851,Cascada Ñivinco,2025-12-25 10:29,47,45
L31647191,AR,AR-A,AR-A-LC,-24.6665182,-65.4173804,Casitas de Campo Wara Kusi,2026-03-24 17:19,102,17
L10973010,AR,AR-A,AR-A-LC,-24.651049,-65.429649,Casitas de campo Wara Kusi,2024-11-24 22:44,145,57
L7922795,AR,AR-M,AR-M-ML,-35.5168909,-69.7968836,Castillos de Pincheira,2026-02-09 15:01,65,19
L9753560,AR,AR-W,AR-W-CN,-27.5682614,-58.762119,Catalinas Club de Campo,2026-09-01 12:38,92,12
L27992887,AR,AR-K,AR-K-CT,-28.4629757,-65.8335114,Catamarca--Camping municipal,2026-08-24 08:24,104,65
L14449098,AR,AR-R,AR-R-GR,-37.8793485,-67.7915824,"Catriel, Río Negro",2026-02-24 17:10,80,122
L10107317,AR,AR-R,AR-R-GR,-37.8400567,-67.7378933,Catriel--Rincón del Indio,2026-04-22 17:45,71,29
L64079327,AR,AR-M,AR-M-LH,-33.0354784,-69.0534637,Cauce Seco en Alvarez Condarco,2026-04-26 09:33,27,1
L40250295,AR,AR-S,AR-S-CL,-31.4184233,-61.5357928,Cava 7km al sur de Susana.,2026-09-20 17:45,116,22
L12271578,AR,AR-S,AR-S-RO,-33.0606287,-60.7704532,Cava Andino M,2020-11-07 00:00,8,0
L12263223,AR,AR-E,AR-E-PA,-31.764525,-60.3959917,Cava Colonia Avellaneda,2023-09-18 17:48,107,49
L27223883,AR,AR-S,AR-S-SV,-30.5258429,-60.0147665,Cava EL TRIANGULO entre La brava y San Javier - RP39,2026-03-21 15:30,45,13
L59886898,AR,AR-S,AR-S-CL,-31.3264543,-61.4219752,Cava RP70s,2026-08-15 10:03,60,5
L9675892,AR,AR-S,AR-S-RO,-33.0602163,-60.7702644,Cava de  Soldini,2026-01-28 18:30,160,106
L13311275,AR,AR-B,AR-B-CH,-35.544444,-58.056944,Cava del Castillo cerca de la Laguna de Chascomús,2026-08-16 17:00,116,24
L59160437,AR,AR-S,AR-S-CL,-31.526761,-61.5151764,Cava entre la 19 y la 34,2026-09-09 16:25,92,15
L21177761,AR,AR-X,AR-X-SJ,-31.1989127,-62.1230597,Cava industrial al sur de Freyre,2023-02-13 18:30,50,4
L17981963,AR,AR-A,AR-A-CH,-25.1158891,-65.3994269,Cavilmonte,2026-03-21 15:33,166,17
L9862081,AR,AR-Q,AR-Q-MI,-37.1548432,-70.7676179,Cayanta,2021-01-01 12:00,22,2
L9145375,AR,AR-S,AR-S-GA,-31.1531348,-60.2979916,Cayastacito Bañado,2024-11-30 19:16,149,23
L9145386,AR,AR-S,AR-S-SJ,-31.1277214,-60.5286142,"Cayastacito Bañado La Curva, RP 62",2023-11-25 10:38,103,5
L5831340,AR,AR-S,AR-S-GA,-31.2028911,-60.1601028,Cayastá--costanera y alrededores.,2024-09-29 08:58,68,14
L10111050,AR,AR-S,AR-S-LC,-31.5109476,-61.2816242,Cañada  El Sauce,2025-08-16 10:39,73,3
L6248662,AR,AR-P,AR-P-FO,-25.9535481,-58.0618617,Cañada 12,2025-07-06 09:42,179,24
L2763499,AR,AR-B,AR-B-ML,-35.0693333,-57.5928333,Cañada Arregui--Empalme Magdalena,2025-12-27 06:18,139,23
L6292077,AR,AR-H,AR-H-FJ,-27.8814941,-61.5330935,Cañada El Saladillo,2017-09-16 12:06,16,0
L2762672,AR,AR-X,AR-X-SJ,-31.4,-62.4666,Cañada Jeanmaire,2024-06-18 12:50,47,3
L21160838,AR,AR-D,AR-D-JU,-32.3289375,-65.1037018,Cañada La Negra,2026-07-16 12:12,73,3
L8876513,AR,AR-S,AR-S-VE,-29.203781,-60.1595991,Cañada La Zulema,2025-07-19 09:12,101,11
L40439491,AR,AR-S,AR-S-CR,-33.397213,-61.682152,Cañada Maldonado,2025-01-27 13:30,6,1
L7403176,AR,AR-S,AR-S-GL,-33.8353223,-61.5230083,Cañada Santa Emilia,2019-08-18 16:06,54,3
L10512050,AR,AR-S,AR-S-RO,-33.0240713,-60.8194637,Cañada Secco,2026-07-06 17:05,67,7
L9675981,AR,AR-S,AR-S-GL,-33.7711877,-61.5474079,Cañada afluente de laguna Melincue,2023-04-30 12:44,37,5
L9289747,AR,AR-S,AR-S-SV,-29.559753,-59.8823366,Cañada cercana a Romang,2019-11-21 11:45,82,3
L9335014,AR,AR-S,AR-S-VE,-29.8670397,-60.3330309,Cañada de Azua,2026-07-24 14:30,161,23
L7011619,AR,AR-S,AR-S-SR,-32.3729787,-61.1285305,Cañada de Díaz,2019-11-10 14:50,129,9
L4106034,AR,AR-S,AR-S-SJ,-30.8288488,-60.4678488,"Cañada de García, San Justo",2021-06-29 11:17,64,2
L4106039,AR,AR-S,AR-S-SJ,-30.8287794,-60.4678917,"Cañada de García, San Justo",2023-06-19 11:15,81,2
L8964369,AR,AR-S,AR-S-VE,-29.9181848,-60.3100238,Cañada de Grass,2026-08-22 10:09,221,99
L10060340,AR,AR-E,AR-E-CO,-32.1680476,-58.4856416,Cañada de Las Ovejas,2022-03-13 18:40,177,52
L7152708,AR,AR-S,AR-S-NJ,-28.1600727,-61.3807011,Cañada de Las Víboras,2025-07-12 15:38,44,12
L3593133,AR,AR-S,AR-S-GL,-33.5310374,-61.7728186,Cañada de Los Leones,2026-07-05 12:15,163,50
L2762223,AR,AR-X,AR-X-SJ,-30.8333,-62.0,Cañada de Los Tres Arboles y Los Morteros,2014-10-10 00:00,1,0
L11596046,AR,AR-S,AR-S-SR,-32.0896928,-61.3490589,Cañada de la 66,2026-07-05 14:00,182,58
L9798265,AR,AR-S,AR-S-LC,-31.1351778,-61.1274517,Cañada de las Calaveras (Sarmiento),2023-09-24 16:19,76,6
L4009068,AR,AR-S,AR-S-RO,-32.9520804,-60.7957989,"Cañada del Arroyo Ludueña, Pérez",2026-05-24 08:44,143,22
L3512640,AR,AR-S,AR-S-LP,-31.6975904,-60.8519411,"Cañada del Arroyo de los Padres (San Agustín), Santa Fe",2023-09-12 16:30,105,3
L27519876,AR,AR-B,AR-B-ES,-34.3133669,-58.755146,Cañada del Cazador,2026-05-01 10:38,137,51
L15682549,AR,AR-S,AR-S-GL,-33.5163066,-61.3677801,Cañada mansa,2024-07-17 12:08,98,31
L69680208,AR,AR-R,AR-R-SA,-40.9077786,-65.1487372,Cañadón De Las Ostras,2026-02-04 09:15,21,1
L9070965,AR,AR-Q,AR-Q-CO,-39.2722243,-68.8447842,Cañadón Escondido,2026-04-02 12:52,52,13
L11475619,AR,AR-Z,AR-Z-DE,-47.743755,-65.8773238,Cañadón de La Rural,2022-10-17 17:01,18,12
L4980100,AR,AR-Z,AR-Z-DE,-47.7438399,-65.9459737,Cañadón del Paraguayo,2026-06-13 15:41,78,67
L54029811,AR,AR-S,AR-S-GL,-33.661411,-61.4492517,Cañaveral del Galvez,2025-10-13 17:00,21,1
L17330485,AR,AR-R,AR-R-BA,-41.5192572,-71.4553565,"Cañaveral los Cuatro Lifers, Río Negro, AR (-41.52, -71.455)",2023-09-08 08:55,30,7
L14913467,AR,AR-M,AR-M-SR,-34.91431,-68.62832,Cañon del Atuel,2026-02-10 09:15,94,43
L27367203,AR,AR-F,AR-F-FA,-28.903421,-67.686848,Cañón del Ocre,2026-03-28 09:33,15,4
L12903672,AR,AR-B,AR-B-TI,-34.5294388,-58.6083923,"Ceamse Norte III, Lagunas",2026-06-06 08:43,146,87
L10067034,AR,AR-A,AR-A-AN,-25.1171357,-64.2860476,Ceibalito,2025-11-30 17:24,103,25
L3428586,AR,AR-E,AR-E-II,-33.4916308,-58.7246275,Ceibas--Ea. Campo Bajo,2026-09-26 09:59,248,511
L23778905,AR,AR-E,AR-E-II,-33.496905,-58.829771,Ceibas--Ea. San Ricardo,2026-09-20 14:49,160,38
L2762863,AR,AR-E,AR-E-II,-33.4983288,-58.7476489,Ceibas--Terraplén,2026-09-26 15:40,286,1142
L2762850,AR,AR-E,AR-E-GC,-33.4412719,-58.6992323,Ceibas--camino Arroyo Ñancay,2026-09-19 11:48,249,498
L2762853,AR,AR-E,AR-E-GC,-33.3792569,-58.7691924,Ceibas--camino Cuatro Hermanas,2026-09-26 10:20,269,1374
L2762861,AR,AR-E,AR-E-II,-33.497,-58.8137,Ceibas--camino lateral,2026-09-19 07:47,242,192
L2507409,AR,AR-E,AR-E-II,-33.502181,-58.671424,Ceibas--humedales,2026-09-19 13:41,267,748
L43426436,AR,AR-Y,AR-Y-LE,-23.776197,-64.7641015,Cementerio Municipal de Calilegua,2026-06-26 13:46,69,13
L76748800,AR,AR-G,AR-G-BA,-27.6968607,-64.2260717,Cementerio Parque Aires Del Pinar,2026-09-08 16:24,36,3
L23658814,AR,AR-G,AR-G-FI,-27.2639195,-63.492593,"Cementerio San Miguel, Bandera Bajada, Figueroa",2023-06-13 17:40,13,0
L5703813,AR,AR-C,AR-C-DF,-34.58934,-58.4579086,Cementerio de la Chacarita,2026-06-05 10:48,83,168
L10059987,AR,AR-Q,AR-Q-CO,-38.8312225,-68.1158414,Centenario--Canal de Chacras,2026-03-23 18:41,64,19
L21665303,AR,AR-Q,AR-Q-CO,-38.8240905,-68.0996993,Centenario--Paseo Costero Balneario Municipal,2026-03-23 18:55,43,7
L4042469,AR,AR-B,AR-B-GD,-38.4333,-58.2167,Centinela del Mar,2024-04-28 13:10,131,31
L20985996,AR,AR-W,AR-W-SC,-27.3424611,-58.5995095,Centro De Conservación Aguará,2026-01-14 08:27,108,14
L25617618,AR,AR-B,AR-B-TI,-34.2873818,-58.6339088,Centro De Interpretación De Los Humedales Carapachay,2023-12-13 16:13,38,2
L21030706,AR,AR-U,AR-U-FU,-43.199285,-71.5801297,Centro Psicultura,2026-03-28 20:01,15,4
L29292997,AR,AR-B,AR-B-TO,-36.3159193,-57.0368331,Centro RNPOD Rincón de Ajo,2024-01-27 18:45,6,2
L26070864,AR,AR-R,AR-R-BA,-41.8580565,-71.4154083,"Centro Reciclaje, Los Repollos",2022-05-15 16:55,3,1
L12900987,AR,AR-S,AR-S-RO,-33.152332,-60.4794855,Centro Recreativo Arroyo Seco,2025-11-09 16:25,45,2
L14890357,AR,AR-N,AR-N-PS,-27.3637638,-56.0037088,Centro Verde,2021-07-06 09:00,33,3
L17096036,AR,AR-E,AR-E-FL,-30.3868862,-58.750941,Centro de Feliciano,2026-05-08 16:58,30,19
L2311165,AR,AR-Z,AR-Z-GA,-51.6254769,-69.1939545,Centro de Interpretacion Ambiental Estuario del Rio Gallegos,2026-09-27 14:47,98,1121
L5747073,AR,AR-V,AR-V-RG,-53.7560441,-67.7239537,Centro de Interpretación de la Reserva Costa Atlántica,2026-09-22 15:07,87,514
L12933711,AR,AR-B,AR-B-SE,-35.0490339,-58.3964727,Centro de piscicultura San Vicente,2020-12-12 17:00,42,1
L43789029,AR,AR-B,AR-B-AA,-37.6691373,-63.2145376,Cerca de Darregueira,2025-04-20 14:50,1,1
L7987336,AR,AR-Y,AR-Y-CA,-24.0834463,-65.4828463,Cerca del Abra de Lozano,2025-08-12 09:53,42,2
L14835515,AR,AR-R,AR-R-AV,-39.155,-66.18,"Cerrito de la Cruz, Chimpay",2026-05-02 11:34,24,13
L25801752,AR,AR-A,AR-A-SA,-24.7821413,-65.3999765,Cerro 20 de Febrero,2026-08-30 18:44,38,5
L15767042,AR,AR-J,AR-J-CL,-31.4733748,-69.3984853,Cerro Alcazar,2024-06-21 18:27,8,1
L9221896,AR,AR-N,AR-N-LA,-27.6328842,-55.4966481,Cerro Azul,2026-04-08 11:25,33,8
L11855892,AR,AR-R,AR-R-GR,-38.856,-67.881,"Cerro Azul, Cipolletti",2025-11-01 16:14,44,11
L8823457,AR,AR-Q,AR-Q-LL,-40.754915,-71.59292,Cerro Bayo--base 1050 msnm,2026-03-21 13:08,24,7
L8823482,AR,AR-Q,AR-Q-LL,-40.74758,-71.608813,Cerro Bayo--filo 1500-1600 msnm,2023-01-05 17:38,31,7
L27556004,AR,AR-R,AR-R-BA,-41.0708192,-71.4750109,"Cerro Campanario, San Carlos de Bariloche.",2026-09-04 15:23,42,49
L13207082,AR,AR-M,AR-M-LC,-32.9228592,-69.318974,Cerro Castaño,2020-09-04 09:30,6,1
L29067081,AR,AR-V,AR-V-US,-54.72446,-68.016166,Cerro Castor,2026-01-16 15:30,23,7
L5528850,AR,AR-R,AR-R-BA,-41.1623078,-71.4573956,Cerro Catedral--sendero norte,2026-02-18 11:00,92,63
L3826244,AR,AR-X,AR-X-CA,-31.98754,-64.9365377,Cerro Champaquí,2026-07-08 11:20,77,32
L5518278,AR,AR-Q,AR-Q-LA,-40.1956591,-71.3153458,Cerro Chapelco,2026-08-31 12:01,65,38
L3285145,AR,AR-Q,AR-Q-LA,-40.2297184,-71.2795544,Cerro Chapelco--Tercera Reserva,2025-04-18 13:53,44,13
L2763433,AR,AR-X,AR-X-RS,-30.0927712,-63.9307043,Cerro Colorado,2026-08-24 11:22,179,167
L11189619,AR,AR-Z,AR-Z-LA,-50.3424184,-72.4732599,Cerro Comisión,2026-02-26 16:26,71,60
L37232912,AR,AR-X,AR-X-PU,-31.0832934,-64.4689058,"Cerro Dragón, La Falda",2026-02-16 17:57,71,5
L15209240,AR,AR-R,AR-R-BA,-41.879,-71.627,Cerro Hielo Azul,2026-05-26 14:52,38,10
L39298137,AR,AR-Z,AR-Z-LA,-50.3818297,-72.2891935,Cerro Huyliche,2026-02-23 15:00,18,6
L15458721,AR,AR-X,AR-X-PU,-31.0822956,-64.4569099,Cerro La Banderita,2026-01-01 19:15,62,14
L11410563,AR,AR-R,AR-R-PI,-41.0799139,-71.1427769,Cerro Leones,2025-10-14 00:00,37,8
L9216215,AR,AR-Q,AR-Q-CO,-38.9891271,-68.4496748,Cerro Lisandro,2020-06-20 11:30,36,14
L70753022,AR,AR-N,AR-N-OB,-27.683053,-54.9106765,Cerro Mbororé,2026-09-10 15:01,40,2
L6065838,AR,AR-Q,AR-Q-ZA,-38.9028263,-70.0186857,Cerro Michacheo,2026-01-03 20:01,85,41
L11624308,AR,AR-K,AR-K-EA,-28.425328,-65.492232,Cerro Negro,2022-04-02 17:00,52,1
L1534065,AR,AR-Y,AR-Y-SA,-24.3711889,-65.5407429,Cerro Negro,2016-11-24 09:01,118,12
L39951374,AR,AR-K,AR-K-CA,-28.3971736,-66.0576545,Cerro Negro,2025-01-11 09:15,18,1
L3311492,AR,AR-Q,AR-Q-PI,-38.8054702,-70.6201172,Cerro Palau Mahuida,2025-04-08 16:20,79,43
L33434305,AR,AR-J,AR-J-ZO,-31.5674592,-68.6903882,Cerro Parkinson,2024-06-15 13:28,5,1
L10060427,AR,AR-X,AR-X-CA,-32.219247,-64.628708,Cerro Pelado (campo E.R.),2019-11-17 18:02,42,4
L23194182,AR,AR-R,AR-R-BA,-41.9745832,-71.4612396,Cerro Piltriquitron,2026-05-09 23:13,52,10
L3944071,AR,AR-X,AR-X-PO,-31.34405,-65.15381,Cerro Poca,2025-09-13 14:10,92,12
L16996798,AR,AR-R,AR-R-VA,-41.38915,-66.7648,Cerro Puntudo,2021-11-21 10:36,17,1
L22777572,AR,AR-G,AR-G-PE,-26.1819621,-64.4359918,Cerro Remate--Reserva Provincial De uso Múltiple,2026-09-13 14:28,110,84
L16965998,AR,AR-D,AR-D-CP,-33.1179694,-66.2092129,Cerro Retana,2020-12-12 06:00,1,0
L28266884,AR,AR-Y,AR-Y-RI,-22.4914081,-66.7677827,Cerro Salle,2023-12-03 09:00,14,0
L2763318,AR,AR-A,AR-A-SA,-24.7895,-65.3928333,Cerro San Bernardo,2026-09-24 07:22,162,189
L5843609,AR,AR-T,AR-T-YB,-26.8005537,-65.3568935,Cerro San Javier,2026-08-29 09:05,143,173
L7361126,AR,AR-N,AR-N-CD,-27.4239386,-55.5678177,Cerro Santa Ana--Acceso,2026-03-07 15:20,146,19
L3575425,AR,AR-N,AR-N-CD,-27.4621288,-55.566085,Cerro Santa Ana--Complejo Don Rodolfo,2025-12-20 14:04,185,74
L9206069,AR,AR-U,AR-U-CU,-42.7473683,-70.5389391,Cerro Ventana (Gualjaina).,2025-11-14 18:32,30,4
L27932677,AR,AR-M,AR-M-SR,-34.7773697,-68.4561536,Cerro Victoria (Valle Grande),2026-03-14 07:10,49,3
L7218095,AR,AR-D,AR-D-GP,-33.1577988,-65.3615999,Cerro de Moro,2024-02-21 17:30,26,4
L2434498,AR,AR-D,AR-D-JU,-32.3782943,-64.9868345,Cerro de Oro,2026-09-23 11:14,125,57
L16965968,AR,AR-D,AR-D-LM,-32.807591,-65.989478,Cerro de Piedra,2025-12-21 15:16,18,5
L12597170,AR,AR-Q,AR-Q-HU,-39.9332507,-71.086767,Cerro de la Cruz,2026-04-03 16:02,59,19
L20476114,AR,AR-X,AR-X-PU,-31.4256107,-64.4818086,Cerro de la Cruz,2026-07-29 12:01,89,22
L22237220,AR,AR-M,AR-M-LH,-32.9653348,-68.8899172,Cerro de la Cruz,2025-10-03 17:20,18,2
L8551913,AR,AR-X,AR-X-SM,-31.477853,-64.5066008,Cerro de la Cruz de San Antonio de Arredondo,2019-02-03 12:52,76,4
L13404324,AR,AR-Q,AR-Q-HU,-39.9714091,-71.0865711,Cerro de la Cruz sur,2026-08-16 18:40,65,33
L4928939,AR,AR-M,AR-M-MZ,-32.8889753,-68.891294,Cerro de la Gloria,2026-09-27 10:29,95,92
L50400990,AR,AR-B,AR-B-CI,-35.953,-57.4822222,Cerro de la Gloria--camino hacia puente río 15,2026-06-27 10:47,66,3
L10173744,AR,AR-A,AR-A-SA,-24.7684327,-65.3851589,Cerro de la Virgen,2026-08-30 09:11,148,93
L7440474,AR,AR-Y,AR-Y-SB,-24.2066548,-64.5142078,Cerros de Pereyra,2024-07-25 00:00,98,6
L10102523,AR,AR-L,AR-L-UT,-37.333348,-65.649905,Chacharramendi sobre RN143,2026-01-31 15:41,65,9
L10129034,AR,AR-Y,AR-Y-SB,-24.0190854,-64.2522931,Chaco seco alrededores de Palma Sola.,2026-05-09 17:20,143,9
L17016819,AR,AR-R,AR-R-GR,-39.1447979,-67.1487272,Chacra Arana,2026-03-01 21:41,26,2
L53552084,AR,AR-N,AR-N-IG,-25.6461764,-54.5459474,Chacra Atajacaminos,2025-10-18 11:36,156,2
L15718522,AR,AR-R,AR-R-EC,-38.9728483,-68.1876741,Chacra CERVI Balsa las Perlas,2021-07-14 11:27,45,1
L17155573,AR,AR-N,AR-N-IG,-25.9707912,-54.2508992,Chacra Don Eugenio,2025-01-23 06:55,44,3
L17104124,AR,AR-N,AR-N-GB,-26.0027189,-53.7990466,Chacra Las Araucarias,2021-12-11 07:55,66,8
L59031122,AR,AR-B,AR-B-EC,-34.4297905,-59.0754275,Chacra Las Delicias,2026-09-23 09:48,62,10
L3545028,AR,AR-N,AR-N-OB,-27.4062759,-55.007987,Chacra Mariposa,2026-06-14 11:01,209,51
L16189362,AR,AR-N,AR-N-CG,-27.076705,-54.856848,Chacra Nido de Pájaros,2022-11-12 16:11,39,6
L16426246,AR,AR-Q,AR-Q-PI,-38.523281,-70.329166,Chacra San Demetrio Meme,2026-08-15 11:03,69,18
L57279162,AR,AR-X,AR-X-CO,-31.4213196,-64.051808,Chacra de la Merced
L26199695,AR,AR-N,AR-N-GU,-27.246407,-54.037469,Chacra del Agua Lodge reserva privada,2026-06-29 13:33,16,0
L3963885,AR,AR-M,AR-M-LC,-32.9891043,-68.8840179,Chacras de Coria,2026-08-30 13:01,73,38
L2763485,AR,AR-V,AR-V-RG,-53.8203333,-67.682,Chacras de la margen sur del Río Grande,2026-09-23 16:09,60,70
L2762496,AR,AR-A,AR-A-OR,-23.8956667,-63.955,Chaguaral,2021-05-01 08:58,63,3
L4598773,AR,AR-E,AR-E-FC,-30.7557772,-57.9873848,Chajarí,2024-09-14 13:00,85,18
L28996846,AR,AR-Z,AR-Z-LA,-49.304923,-72.8881073,Chalten Camp - Glamping,2026-03-30 16:00,42,26
L17388213,AR,AR-X,AR-X-PO,-31.4167182,-65.448967,Chancaní Comuna,2026-03-22 11:00,81,9
L2762527,AR,AR-X,AR-X-MI,-31.1561667,-65.4455,Chancaní y Sierras de Pocho,2022-10-21 11:00,75,3
L64592370,AR,AR-L,AR-L-CP,-35.0294983,-63.4419134,Chapaleufu (Rio Quinto),2026-06-21 14:30,39,2
L8924673,AR,AR-Q,AR-Q-CM,-37.1807936,-70.2482937,Chapua,2026-09-03 17:52,39,6
L3368963,AR,AR-X,AR-X-CE,-31.115511,-64.7500062,Characato,2026-08-16 16:05,92,10
L7067037,AR,AR-H,AR-H-CH,-27.2322096,-61.1707961,Charata--Club De Caza y Pesca,2025-08-18 10:20,157,23
L10919544,AR,AR-X,AR-X-PU,-30.7746535,-64.5426207,Charbonier,2026-01-17 10:28,112,18
L11928978,AR,AR-B,AR-B-CH,-35.582882,-57.999823,Chascomus--Arroyo Los Toldos,2026-09-17 08:49,116,35
L29460069,AR,AR-B,AR-B-CH,-35.5534428,-58.0179821,Chascomús--Estacion hidrobiológica,2025-01-18 11:44,14,2
L17389583,AR,AR-B,AR-B-CH,-35.5848395,-57.9960322,Chascomús--Puerto aventura,2026-08-20 12:10,108,25
L16069068,AR,AR-W,AR-W-SR,-28.9497366,-58.569539,Chavarria,2026-09-14 08:00,130,27
L18901172,AR,AR-Q,AR-Q-CL,-39.6343292,-70.9342112,Chenques de Pilo Lil,2026-04-25 12:29,24,6
L2763639,AR,AR-Y,AR-Y-RI,-22.727,-67.0664,Chica/Cráter,2024-02-05 13:15,4,1
L17016810,AR,AR-R,AR-R-GR,-39.1146591,-66.9402332,Chichinales,2026-02-15 20:27,26,3
L16766316,AR,AR-S,AR-S-LC,-31.4759238,-60.9447347,Chilcal frente al cementerio de Esperanza,2026-02-18 19:51,69,18
L2763185,AR,AR-B,AR-B-AZ,-37.2998333,-59.9831667,Chillar--La Loma,2026-07-09 15:15,88,10
L16663064,AR,AR-G,AR-G-SE,-27.876742,-64.2536249,Chimenea de Ingenio,2021-10-16 12:00,17,1
L3627059,AR,AR-Q,AR-Q-CO,-38.990799,-68.31453,China Muerta,2026-07-12 17:43,87,34
L17330568,AR,AR-U,AR-U-MA,-43.7021189,-67.2894064,"Chinchillón Arcoiris, Chubut, AR (-43.702, -67.289)",2026-01-27 18:23,5,0
L38364962,AR,AR-R,AR-R-VA,-40.9914523,-66.6595911,Chipauquil_Fundación Somuncurá,2026-09-25 15:42,57,21
L28316654,AR,AR-C,AR-C-DF,-34.6019335,-58.5098825,Chivilcoy y Ricardo Gutiérrez,2026-03-27 18:46,10,2
L21472713,AR,AR-A,AR-A-IR,-22.7167881,-65.20007,Chiyuyoc,2022-08-31 09:00,4,2
L6661233,AR,AR-R,AR-R-AV,-39.2981461,-65.6637383,Choele Choel,2026-09-12 07:40,84,52
L6557602,AR,AR-U,AR-U-CU,-42.5083626,-71.4442635,Cholila,2026-08-09 15:07,59,16
L28280599,AR,AR-V,AR-V-RG,-53.7822237,-67.7275836,Chorrillo La Cimarrona,2026-09-11 10:33,44,75
L9647779,AR,AR-Z,AR-Z-LA,-49.2955293,-72.9075143,Chorrillo del Salto,2026-08-29 13:22,67,183
L6777392,AR,AR-D,AR-D-CH,-32.6382546,-64.9513006,Chorro de San Ignacio,2026-05-04 12:18,43,5
L4614894,AR,AR-Q,AR-Q-CM,-37.3772509,-70.2616882,Chos Malal,2026-09-06 14:26,127,124
L15710251,AR,AR-D,AR-D-LC,-33.4074639,-66.8023836,Chosmes,2025-11-18 10:17,35,3
L5708116,AR,AR-A,AR-A-CH,-25.1001344,-65.5604491,Cielo Verde,2026-09-27 17:14,230,183
L16419065,AR,AR-A,AR-A-SC,-25.9740136,-65.919486,Cienaga Las Pirquitas,2026-08-20 15:15,59,9
L11464463,AR,AR-S,AR-S-RO,-33.068505,-60.8193296,Cinacinal Agriornis,2026-07-06 17:25,175,88
L15693189,AR,AR-R,AR-R-GR,-38.8097325,-68.0619139,Cinco Saltos,2026-07-25 10:15,22,8
L19080486,AR,AR-R,AR-R-GR,-38.8332149,-68.0447106,Cinco Saltos--Bosquecito,2022-05-14 08:00,9,2
L15692872,AR,AR-R,AR-R-GR,-38.8389639,-68.0871787,Cinco Saltos--Zona bomba del río,2023-02-09 12:42,22,6
L5052911,AR,AR-R,AR-R-GR,-38.989922,-67.9887256,Cipolleti--Isla Jordan,2026-09-19 15:57,132,113
L11968752,AR,AR-R,AR-R-GR,-38.9398,-67.9772,Cipolletti,2026-09-11 16:00,37,22
L26567460,AR,AR-X,AR-X-TA,-32.1689814,-64.2371494,"Circuito Aguada de Aves, Balneario de Almafuerte",2026-09-06 18:02,134,53
L26130668,AR,AR-B,AR-B-TQ,-38.0006799,-62.173385,"Circuito Chico, Sa de la ventana",2026-05-24 17:40,50,13
L3169468,AR,AR-E,AR-E-II,-33.6329157,-59.1339111,Circuito Ibicuy,2024-08-17 11:02,172,17
L21169804,AR,AR-X,AR-X-CA,-32.3281643,-64.3107413,Circuito Los Cóndores,2026-09-25 17:00,148,54
L34563809,AR,AR-K,AR-K-AG,-27.5770832,-66.3014734,Circuito Tatul-Río Andalgalá,2025-01-16 18:54,65,8
L29512711,AR,AR-X,AR-X-SJ,-30.9189594,-62.6834822,Circuito Turístico Natural Observación de Aves Miramar Córdoba,2026-09-25 08:02,166,214
L30776587,AR,AR-J,AR-J-RI,-31.5477023,-68.5794056,Circuito autóctono Bellas Artes,2026-09-14 11:30,15,5
L4810903,AR,AR-P,AR-P-PM,-25.2439196,-57.7364588,Circuito de Canotaje Pilcomayo Norte,2025-09-14 10:23,49,3
L4355201,AR,AR-B,AR-B-LT,-34.8811719,-58.0645359,City Bell,2026-07-11 17:27,59,29
L5009633,AR,AR-T,AR-T-YB,-26.7860733,-65.3588247,Ciudad Universitaria,2026-08-25 10:15,74,11
L8074213,AR,AR-X,AR-X-CB,-31.4341929,-64.1854679,Ciudad Universitaria,2026-09-22 18:21,104,254
L3714373,AR,AR-W,AR-W-CN,-27.4772072,-58.8321304,Ciudad de Corrientes,2026-07-31 09:08,128,34
L4380039,AR,AR-W,AR-W-CN,-27.4603009,-58.829062,Ciudad de Corrientes--Parque Mitre,2026-05-19 11:47,73,10
L1650653,AR,AR-P,AR-P-FO,-26.1849143,-58.1745564,Ciudad de Formosa,2026-07-24 17:19,111,59
L1653771,AR,AR-A,AR-A-SA,-24.7845254,-65.4150616,Ciudad de Salta,2026-04-24 13:04,157,102
L11418471,AR,AR-A,AR-A-SA,-24.7959722,-65.4245409,Ciudad de Salta--Plaza Gurruchaga,2025-09-01 00:00,48,21
L2763454,AR,AR-B,AR-B-TA,-38.3766667,-60.2766667,Ciudad de Tres Arroyos,2026-09-26 16:38,56,16
L21407830,AR,AR-U,AR-U-ES,-45.7280527,-67.4723196,Ciénaga La Siniestra,2024-12-17 06:43,25,3
L24000920,AR,AR-G,AR-G-AT,-28.758826,-64.075712,"Cjo. Turístico de Guanaco Sombriana (-28,594, -64,116)",2026-08-27 10:04,98,42
L2763459,AR,AR-B,AR-B-TA,-38.7876667,-60.0233333,Claromeco--Ea. Barbera,2026-07-09 17:00,34,6
L2763470,AR,AR-B,AR-B-TA,-38.8533333,-60.0051667,Claromecó--2° Salto,2025-05-03 13:41,92,49
L2763468,AR,AR-B,AR-B-TA,-38.1666667,-60.5833333,"Claudio Molina, Tres Arroyos",2021-12-08 09:20,51,0
L4677460,AR,AR-P,AR-P-PM,-25.2814353,-57.7203682,Clorinda,2023-10-14 07:39,79,13
L15539125,AR,AR-N,AR-N-PS,-27.358,-55.941,Club ATSA,2024-11-15 11:28,47,4
L22178052,AR,AR-C,AR-C-DF,-34.542431,-58.4596306,Club Ciudad de Buenos Aires,2026-09-08 17:43,55,12
L12156957,AR,AR-N,AR-N-CD,-27.4530152,-55.7198973,Club De Campo Santa Cecilia,2025-12-31 15:48,172,30
L27892499,AR,AR-M,AR-M-RI,-33.3385239,-68.7043762,Club El Biguá,2026-06-15 16:28,66,6
L44727698,AR,AR-B,AR-B-LU,-34.5934823,-59.185549,Club Náutico El Timón,2026-08-29 07:52,38,3
L13267445,AR,AR-S,AR-S-LP,-31.5880772,-60.5373287,Club Náutico Ubajay,2022-11-27 07:26,140,39
L74750256,AR,AR-S,AR-S-GO,-28.3411947,-59.2053766,Club Pato Cua y alrededores. LT Jaaukanigáss,2026-05-23 09:24,11,1
L16838931,AR,AR-S,AR-S-RO,-32.8922919,-60.684762,Club Remeros,2026-05-16 15:58,27,3
L4219494,AR,AR-A,AR-A-SA,-24.7874637,-65.510273,Club de Campo La Aguada,2026-03-08 12:07,177,182
L14864531,AR,AR-X,AR-X-JC,-33.1550142,-63.5141945,Club de Caza y Pesca Alas Coloradas,2023-10-19 09:34,86,7
L6180357,AR,AR-X,AR-X-SJ,-31.1520747,-62.0867872,Club de Cazadores,2023-08-26 01:52,84,2
L37681553,AR,AR-G,AR-G-RH,-27.511594,-64.8874511,Club de Golf (Termas de Río Hondo),2025-07-17 09:07,128,21
L4972186,AR,AR-B,AR-B-SD,-38.0364645,-62.4669743,Club de Pesca Tornquist,2025-05-10 16:16,146,34
L50115273,AR,AR-B,AR-B-SD,-38.026964,-62.4642526,Club de Pesca y Turismo de Saavedra,2026-08-29 14:46,94,9
L20649684,AR,AR-N,AR-N-SI,-27.2777466,-55.5723667,Club de Río,2026-05-03 17:15,105,9
L12670159,AR,AR-B,AR-B-SA,-34.2402333,-59.4975436,Club de pescadores,2026-07-12 13:00,73,12
L9041317,AR,AR-S,AR-S-RO,-33.1759469,-60.4355487,"Club de pescadores los Amigos del rio, Fighiera",2024-03-10 08:40,111,5
L12550716,AR,AR-A,AR-A-RF,-25.8405768,-64.9443661,Club del Dique,2026-08-31 08:30,144,21
L5954032,AR,AR-P,AR-P-LA,-26.293064,-58.526617,Cnia. El Esterito,2017-07-05 12:44,60,5
L5829311,AR,AR-P,AR-P-LA,-26.230189,-58.669052,Cnia. El Naranjito,2018-07-07 09:20,58,13
L6071418,AR,AR-P,AR-P-LA,-26.231037,-58.658747,Cnia. Laguna Gobernador,2017-07-09 16:24,15,1
L4806474,AR,AR-P,AR-P-PM,-25.2739117,-58.1565088,Cnia. Naineck--campo Angelita,2017-10-16 16:21,95,4
L5830561,AR,AR-P,AR-P-LA,-26.22227,-58.7017,Cnia. Rincón Ñandú,2018-12-20 11:30,113,35
L5833294,AR,AR-P,AR-P-LA,-26.23471,-58.623248,Cnia. San Antonio,2018-02-24 17:00,34,5
L4984814,AR,AR-H,AR-H-SF,-27.7026228,-59.0149498,Cnia. Tacuarí,2021-05-02 11:16,113,2
L43771958,AR,AR-C,AR-C-DF,-34.5652593,-58.4753537,Coghlan,2026-09-20 07:57,35,18
L16224817,AR,AR-S,AR-S-SC,-30.5297004,-61.0409011,Col. La Clara (pueblo y alrededores),2025-08-18 13:35,36,4
L8187294,AR,AR-B,AR-B-GP,-38.0079972,-57.6800834,Colina Alegre,2026-08-13 08:23,35,8
L11424376,AR,AR-L,AR-L-PU,-37.7751522,-67.7141184,Colonia 25 de Mayo,2026-04-03 12:41,86,58
L25412737,AR,AR-S,AR-S-CL,-30.9805008,-61.7432174,Colonia Aldao--zona urbana,2024-10-12 06:09,26,2
L11850450,AR,AR-X,AR-X-TA,-32.0281708,-63.8626851,Colonia Almada,2020-07-16 10:00,21,3
L7042372,AR,AR-E,AR-E-CC,-31.1899934,-58.0245582,Colonia Ayuí - Paso del Águila,2026-08-20 16:53,201,223
L18405648,AR,AR-S,AR-S-SM,-31.9066315,-61.3979217,Colonia Belgrano,2022-04-05 12:00,26,1
L22556196,AR,AR-H,AR-H-PM,-27.3396079,-58.963269,Colonia Benitez--Bº de la Reserva,2026-08-25 12:43,76,8
L6822366,AR,AR-P,AR-P-PG,-25.0282431,-58.4383965,Colonia Buena Vista,2023-10-01 09:59,26,0
L66700359,AR,AR-N,AR-N-GB,-25.6836984,-54.1342695,Colonia Cabure-í,2026-08-15 14:30,42,7
L3290711,AR,AR-P,AR-P-LA,-26.85302,-58.3258152,Colonia Cano,2026-07-20 09:45,61,6
L57797361,AR,AR-W,AR-W-SM,-28.5407282,-57.1783279,Colonia Carlos Pellegrini--Mirador del Mariscal,2026-09-22 18:27,70,11
L12940433,AR,AR-W,AR-W-SM,-28.538007,-57.186553,Colonia Carlos Pellegrini--camping,2026-09-22 15:27,268,342
L6525232,AR,AR-P,AR-P-FO,-25.8559811,-57.9054889,Colonia Dalmacia,2026-01-31 10:56,193,108
L17344238,AR,AR-G,AR-G-AV,-28.5842827,-62.9653693,"Colonia Dora, Ruta 34",2026-07-06 08:54,69,15
L44646970,AR,AR-S,AR-S-SV,-29.557262,-59.93621,Colonia Durán,2025-05-26 09:28,60,5
L29115492,AR,AR-E,AR-E-UR,-32.6919444,-58.1880555,Colonia Elia,2025-05-25 08:30,82,4
L22399094,AR,AR-W,AR-W-ST,-28.2300648,-55.755419,Colonia Garabi,2026-09-05 13:53,80,14
L2763351,AR,AR-W,AR-W-ST,-28.2295,-55.756,Colonia Garabí,2026-07-13 07:18,276,91
L10681430,AR,AR-Z,AR-Z-DE,-46.3338889,-67.5758333,Colonia Gaviotines Sudamericanos 2020,2026-02-07 13:24,40,27
L12048732,AR,AR-M,AR-M-GA,-35.149988,-67.6687326,Colonia Italiana Carmensa,2023-02-19 07:47,33,2
L6043027,AR,AR-P,AR-P-FO,-26.1438,-58.72323,Colonia Ituzaingó,2017-12-28 09:20,43,5
L21177536,AR,AR-X,AR-X-SJ,-31.086723,-62.4888377,Colonia La Trinchera--puente y alrededores,2022-10-07 14:57,57,2
L11171337,AR,AR-P,AR-P-FO,-25.6745069,-58.2628212,"Colonia Pastoril, Formosa, AR (-25.675, -58.263)",2026-05-19 17:38,88,9
L11466422,AR,AR-P,AR-P-FO,-25.6766838,-58.3344207,"Colonia Pastoril, Formosa, AR (-25.677, -58.334)",2020-05-16 17:53,20,2
L12497309,AR,AR-W,AR-W-GO,-29.1899753,-59.1647475,Colonia Porvenir,2025-06-20 12:21,161,39
L10847713,AR,AR-S,AR-S-LC,-31.650136,-60.8543612,Colonia San José (pueblo y alrdedores),2023-10-14 09:27,52,9
L16580035,AR,AR-W,AR-W-GP,-27.7316638,-57.5943339,Colonia San Martín Caá Catí,2021-10-09 07:05,76,4
L37501358,AR,AR-W,AR-W-CO,-28.2580658,-58.1400561,Colonia Santa Rosa,2026-01-01 16:36,53,3
L2761527,AR,AR-N,AR-N-AP,-27.7666667,-55.6,Colonia Taranco--Campo de Félix,2013-02-09 00:00,45,0
L3204884,AR,AR-S,AR-S-SV,-30.2454251,-59.9776268,Colonia Teresa,2025-05-31 07:45,111,8
L2762868,AR,AR-E,AR-E-CC,-31.4694847,-58.2643604,Colonia Yeruá,2026-04-28 16:20,91,7
L16670857,AR,AR-Z,AR-Z-DE,-47.779,-66.051,Colonia de cormoranes grises,2022-11-25 11:00,21,3
L835408,AR,AR-E,AR-E-CO,-32.2159599,-58.136344,Colón,2026-07-27 11:26,154,89
L4220873,AR,AR-R,AR-R-PI,-41.0434009,-70.3039384,Comallo (Ruta 23),2025-12-01 15:25,29,9
L1839846,AR,AR-N,AR-N-GB,-25.6721514,-54.0429123,Comandante Andresito,2026-09-19 16:41,282,51
L11397406,AR,AR-Z,AR-Z-CA,-49.9798311,-68.9140977,Comandante Luis Piedra Buena,2026-02-17 14:30,58,38
L37962268,AR,AR-Z,AR-Z-CA,-49.9843188,-68.9072531,Comandante Luis Piedrabuena--100 Avenida Gregorio Ibañez,2026-09-26 09:00,44,21
L25317363,AR,AR-X,AR-X-SV,-32.0023383,-65.0734716,"Comarca Biodinámica La Matilde, San Javier",2025-04-23 09:06,51,7
L2763573,AR,AR-B,AR-B-EC,-34.405,-59.0716667,Comarca del Sol,2026-01-16 09:49,56,6
L54323708,AR,AR-B,AR-B-BG,-35.3219843,-60.520892,Comodoro Py,2025-10-17 09:00,14,1
L2762560,AR,AR-U,AR-U-ES,-45.8669469,-67.4807811,Comodoro Rivadavia,2026-05-12 16:17,82,119
L6427817,AR,AR-U,AR-U-ES,-45.728563,-67.4763794,Comodoro Rivadavia--Barrio Astra,2026-06-06 15:00,56,28
L6427894,AR,AR-U,AR-U-ES,-45.6393675,-67.5118876,"Comodoro Rivadavia--Camping San Carlos, Barrio Astra",2026-01-25 09:59,26,1
L12607068,AR,AR-U,AR-U-ES,-45.8822122,-67.5046668,Comodoro Rivadavia--Playa Stella Maris,2026-05-30 14:30,78,67
L682253,AR,AR-U,AR-U-ES,-45.8644778,-67.4723089,Comodoro Rivadavia--Puerto,2026-02-18 11:00,70,43
L12309093,AR,AR-B,AR-B-GS,-34.539827,-58.611803,Complejo Ambiental III CEAMSE,2026-09-23 09:37,123,37
L5959138,AR,AR-N,AR-N-SP,-26.6096228,-54.0991956,Complejo Der Wald,2026-09-23 21:17,153,217
L27563674,AR,AR-H,AR-H-CF,-26.8185436,-60.417465,Complejo Ecológico Sáenz Peña (ex-zoo),2025-12-29 11:49,65,2
L2762591,AR,AR-R,AR-R-SA,-41.4307567,-65.0519702,Complejo Islote Lobos,2025-11-22 13:26,117,39
L27557036,AR,AR-X,AR-X-TA,-32.1824908,-64.2740872,Complejo La Bomba,2026-09-15 14:49,90,13
L53452221,AR,AR-E,AR-E-CO,-32.1898631,-58.2124354,Complejo La Trinidad,2026-09-26 11:07,47,9
L47369600,AR,AR-B,AR-B-ES,-34.3850657,-58.7505947,Complejo Las Clavelinas,2025-10-07 10:30,20,0
L3979889,AR,AR-B,AR-B-TI,-34.4231599,-58.567729,Complejo Náutico Albardón,2025-11-15 10:09,75,18
L21617252,AR,AR-J,AR-J-UL,-31.4418451,-68.6606026,Complejo Náutico Ullúm - Universidad Nacional De San Juan,2026-08-29 08:55,111,23
L34142234,AR,AR-S,AR-S-GO,-29.2778566,-59.5960206,Complejo T. Gente del Agua. Jaaukanigás,2026-08-09 10:34,149,40
L16621421,AR,AR-A,AR-A-GG,-24.5948989,-65.1474248,Complejo Termal El Sauce,2026-09-17 12:19,106,15
L3511663,AR,AR-X,AR-X-CA,-32.2105862,-64.6494448,Complejo Turístico Cerro Pelado,2026-01-03 10:00,103,15
L57622512,AR,AR-N,AR-N-OB,-27.480911,-55.195823,"Complejo Turístico Salto Berrondo -27.48091, -55.19582",2026-08-10 07:10,61,4
L70247280,AR,AR-N,AR-N-OB,-27.295658,-55.181762,Complejo Turístico Sierras del Chapá,2026-07-03 17:21,23,5
L15410456,AR,AR-B,AR-B-GP,-38.2097637,-57.6976185,Complejo Unidad Turística Chapadmalal,2026-07-23 11:16,103,74
L4857026,AR,AR-X,AR-X-CA,-32.2074009,-64.4200895,Complejo Unidad Turística Embalse,2026-09-25 21:57,167,250
L57696395,AR,AR-N,AR-N-ED,-26.3489418,-54.6184303,Complejo Ysyry,2026-09-09 15:39,5,1
L9908931,AR,AR-B,AR-B-AV,-34.6796591,-58.3089742,Complejo ambiental Ceamse,2026-09-11 12:39,209,256
L3336926,AR,AR-S,AR-S-SV,-30.636946,-59.9582752,Complejo de Cabañas Ansenuza Colonia Francesa,2026-05-29 11:46,292,160
L41750570,AR,AR-G,AR-G-MO,-27.0101272,-62.7411803,Compuertas del Canal de la Patria.,2025-03-26 11:08,21,1
L13825642,AR,AR-A,AR-A-OR,-23.085563,-64.867611,Comunidad Kolla - San Andrés,2025-10-16 08:00,107,8
L9112143,AR,AR-A,AR-A-OR,-23.1215449,-64.6792468,Comunidad Kolla de Los Naranjos,2025-10-18 08:00,120,3
L15839594,AR,AR-A,AR-A-OR,-23.18479,-64.683851,Comunidad Kolla--Río Blanquito,2023-09-30 16:14,90,2
L24253272,AR,AR-A,AR-A-GM,-22.432,-63.795,Comunidad Yariguarenda,2026-03-22 18:31,120,24
L75315446,AR,AR-T,AR-T-CH,-27.2630988,-65.7232189,Comunidad indigena Solco Yampa,2026-08-09 08:10,34,1
L6424794,AR,AR-T,AR-T-CH,-27.3653836,-65.5909538,Concepción,2024-12-22 19:21,22,5
L2945331,AR,AR-K,AR-K-CA,-28.6841667,-66.0603333,Concepción de Capayán,2026-07-11 15:48,86,17
L2762871,AR,AR-E,AR-E-UR,-32.4833,-58.2333,Concepción del Uruguay,2026-06-14 12:05,118,31
L12079285,AR,AR-W,AR-W-CO,-28.4145762,-57.8435939,Concepción del Yaguarete Cora--Posta Yatay,2026-07-13 09:46,78,4
L7967853,AR,AR-W,AR-W-CO,-28.3928221,-57.8825956,Concepción del Yaguareté Corá,2026-09-17 11:00,193,50
L30294892,AR,AR-W,AR-W-CO,-28.3888993,-57.881082,Concepción del Yaguareté Corá--lagunita interna,2025-03-28 07:55,54,2
L2762649,AR,AR-W,AR-W-CO,-28.6881783,-58.2852173,Concepción--Chavarría,2026-05-17 16:16,109,6
L50337624,AR,AR-E,AR-E-CC,-31.3905439,-57.9870951,Concordia---Playa Nébel,2025-07-21 17:45,3,0
L5003426,AR,AR-E,AR-E-CC,-31.3993568,-58.0025395,Concordia--Desembocadura Arroyo Manzores,2026-08-16 15:13,150,197
L4501138,AR,AR-E,AR-E-CC,-31.2654206,-58.2068539,Concordia--El Duraznal,2026-05-15 12:54,193,151
L4277416,AR,AR-E,AR-E-CC,-31.273049,-58.1796026,Concordia--Laguna San Bonifacio,2026-05-15 12:42,146,117
L42358611,AR,AR-E,AR-E-CC,-31.3748907,-57.9885435,Concordia--Naranjal de Pereda,2026-08-10 14:46,26,4
L4550729,AR,AR-E,AR-E-CC,-31.3693395,-57.9972821,Concordia--Parque San Carlos,2026-09-19 07:03,176,278
L6429917,AR,AR-E,AR-E-CC,-31.2263065,-58.0021955,Concordia--Punta Norte,2026-09-08 15:31,152,98
L21181711,AR,AR-A,AR-A-LA,-24.2757287,-66.2194459,Condor Huasi del Acay,2022-10-08 12:50,26,8
L12712999,AR,AR-Q,AR-Q-CO,-38.9924718,-68.0039113,Conflencia de los ríos Limay y Neuquén,2026-08-16 10:27,91,7
L17046475,AR,AR-S,AR-S-SC,-30.6632895,-61.3197275,"Constanza, Santa Fe, (pueblo y alrededores))",2026-08-08 16:53,72,6
L5145554,AR,AR-X,AR-X-IS,-30.6700703,-64.5014462,Copacabana,2023-06-10 16:30,71,3
L17003476,AR,AR-Q,AR-Q-NO,-37.8180855,-71.1008716,"Copahue, Complejo Termal",2026-04-12 12:21,63,41
L57400021,AR,AR-Q,AR-Q-NO,-37.49459,-71.071603,Copahue--Las mellizas,2026-01-16 10:20,18,1
L10481768,AR,AR-Q,AR-Q-NO,-37.485922,-71.053899,Copahue--termas,2026-01-21 13:50,36,5
L21025263,AR,AR-X,AR-X-PU,-31.5666159,-64.7101593,Copina,2026-07-06 11:00,150,182
L15867625,AR,AR-X,AR-X-PU,-31.5667367,-64.709698,Copina--Camino de los Puentes Colgantes,2026-08-23 17:15,100,60
L13289095,AR,AR-Y,AR-Y-SU,-23.0249923,-66.3782376,Coranzuli,2026-06-24 16:10,24,1
L2868630,AR,AR-U,AR-U-FU,-43.5405848,-71.4681244,Corcovado,2026-09-27 14:05,16,2
L5838363,AR,AR-Q,AR-Q-CL,-39.1146119,-70.5243301,Cordón Chachil,2017-04-23 08:45,43,3
L59493843,AR,AR-U,AR-U-CU,-42.8477002,-71.2600708,Cordón Esquel--Curva de los guanacos,2026-05-16 18:22,17,6
L7133114,AR,AR-H,AR-H-MF,-27.683978,-60.897799,Coronel Du Graty,2025-12-25 19:31,55,3
L21263722,AR,AR-X,AR-X-RC,-33.5797772,-64.5742087,Coronel Moldes--Médanos de Chiecher,2026-05-03 17:22,34,4
L21183177,AR,AR-X,AR-X-RC,-33.6185505,-64.6099091,Coronel Moldes--Parque Sarmiento,2025-04-02 07:44,34,3
L8424977,AR,AR-B,AR-B-CE,-37.4760683,-61.9177241,Coronel Suarez,2026-08-19 10:20,121,28
L39170832,AR,AR-X,AR-X-GR,-34.7723359,-64.9218833,Corr. del Caldén,2025-01-03 15:00,17,1
L11878732,AR,AR-A,AR-A-RL,-24.9843442,-65.7058795,Corralito,2026-09-14 11:52,184,96
L17023674,AR,AR-S,AR-S-IR,-32.8093064,-61.2094668,Correa,2024-06-20 16:06,84,7
L27561271,AR,AR-S,AR-S-RO,-33.2036529,-60.3898016,Corredor Biológico,2024-08-17 08:45,88,5
L14851405,AR,AR-B,AR-B-LO,-37.8601222,-58.6053038,"Corredor Biológico ""Camino de los Curros""",2025-06-20 11:25,85,25
L10960971,AR,AR-B,AR-B-ES,-34.3662973,-58.7961392,Corredor Münchis,2026-08-01 14:17,78,70
L2762675,AR,AR-N,AR-N-GB,-25.8418333,-53.9645,Corredor Urugua-í Foerster,2024-03-16 10:01,216,16
L30172102,AR,AR-B,AR-B-GV,-35.053108,-63.0526514,Corredor de Elordi ( camino paralelo a las vías del tren),2025-05-03 10:01,80,17
L60297028,AR,AR-B,AR-B-GV,-35.2116333,-63.3185741,Corredor de Villa Sauze,2026-04-19 08:31,69,1
L16354904,AR,AR-B,AR-B-CP,-37.973253,-61.392245,Cortaderales del Puente de Hierro,2026-07-19 11:29,35,4
L2763370,AR,AR-K,AR-K-TI,-27.559,-68.1656667,Cortaderas,2025-10-05 13:38,103,51
L2870834,AR,AR-D,AR-D-CH,-32.5059978,-64.9839592,Cortaderas,2026-04-03 09:23,106,17
L3178584,AR,AR-A,AR-A-IR,-22.9977,-64.7152,Cortaderas,2005-03-16 00:00,47,5
L3924590,AR,AR-B,AR-B-NE,-38.562863,-58.6277987,Costa Bonita,2026-08-30 09:49,131,301
L19460378,AR,AR-B,AR-B-BZ,-34.7444579,-58.1758616,Costa De Berazategui--Camping El Recreo,2025-05-04 09:09,81,8
L11873604,AR,AR-S,AR-S-GL,-33.7160812,-61.4022114,Costa Este De Melincué Lado Hugues,2026-08-23 08:36,147,52
L51335294,AR,AR-G,AR-G-RO,-27.931587,-64.1347618,Costa Sachayoj,2026-09-12 08:30,69,9
L16482382,AR,AR-G,AR-G-SE,-27.947343,-64.141984,Costa Santiago del Estero
L16598821,AR,AR-V,AR-V-US,-54.850922,-68.3924339,Costa Susana,2026-07-18 11:36,79,140
L16600511,AR,AR-G,AR-G-SE,-27.884063,-64.16177,Costa Tacuara,2025-10-11 18:35,77,26
L14477810,AR,AR-B,AR-B-BZ,-34.7545417,-58.1243625,Costa de Hudson--Arroyo Negro,2026-09-14 08:33,162,134
L37272441,AR,AR-B,AR-B-BZ,-34.769212,-58.106218,Costa de Hudson--Camino de Las Rosas,2026-09-20 07:39,100,24
L7709389,AR,AR-B,AR-B-BZ,-34.7528819,-58.1077972,Costa de Hudson--Costanera,2026-09-20 11:02,203,205
L37272347,AR,AR-B,AR-B-BZ,-34.758818,-58.113244,Costa de Hudson--Final de la Calle 63,2026-09-26 07:48,179,166
L11966839,AR,AR-B,AR-B-BZ,-34.7802865,-58.1346459,Costa de Hudson--Inicio de Calle 63,2026-09-20 07:28,155,101
L14741322,AR,AR-B,AR-B-BZ,-34.7678533,-58.1229158,Costa de Hudson--Laguna De La 63,2026-09-25 17:32,200,283
L12528172,AR,AR-B,AR-B-BZ,-34.7797746,-58.1483109,Costa de Hudson--Tosquera de la Ripiolita y alrededores,2026-08-22 11:56,149,49
L14477754,AR,AR-B,AR-B-BZ,-34.7990683,-58.1216183,Costa de Hudson--Tosquera del Baldovinos,2026-06-27 13:45,42,3
L21717272,AR,AR-Z,AR-Z-DE,-47.7422429,-66.0096636,Costa de la ria de Deseado. Cañadones y pampas.,2025-11-30 17:29,60,9
L10341733,AR,AR-B,AR-B-LC,-36.6086544,-56.6854988,Costa del Este,2026-08-01 16:48,87,56
L3409146,AR,AR-U,AR-U-CU,-42.7016136,-70.6867218,Costa del Lepá,2026-03-13 15:06,43,4
L6428880,AR,AR-Q,AR-Q-HU,-39.7911,-71.0121,Costa del Malleo,2022-06-14 15:21,46,5
L6430560,AR,AR-R,AR-R-PM,-38.9771033,-64.1064801,Costa del Rio Colorado - Puente sobre Ruta 22,2026-08-29 14:56,115,64
L12912724,AR,AR-S,AR-S-GL,-33.7194975,-61.5358923,Costa oeste de laguna Melincue y bañados,2025-10-10 12:16,19,3
L58263443,AR,AR-S,AR-S-GL,-33.7271074,-61.4339436,Costa sureste,2026-02-08 15:30,28,1
L40620640,AR,AR-B,AR-B-CH,-35.5831204,-57.9985898,Costanera Chascomús,2026-09-12 17:16,70,11
L30069469,AR,AR-N,AR-N-ED,-26.411947,-54.693641,Costanera Eldorado,2026-09-06 18:48,80,12
L28129816,AR,AR-Z,AR-Z-LA,-50.3386218,-72.2849056,Costanera Lago Argentino,2026-09-21 15:06,99,230
L59558815,AR,AR-X,AR-X-PU,-31.400573,-64.4833486,Costanera Lago San Roque,2026-08-12 09:32,38,8
L13043946,AR,AR-B,AR-B-SF,-34.4394779,-58.5365295,Costanera Municipal San Fernando,2026-08-23 16:43,82,30
L56519191,AR,AR-S,AR-S-LP,-31.634039,-60.6685641,Costanera Nestor Kirchner,2026-07-24 09:30,11,1
L43785173,AR,AR-S,AR-S-LP,-31.6299985,-60.6778207,Costanera Oeste: faro y mirador SF,2026-09-21 17:17,66,2
L38296868,AR,AR-W,AR-W-PL,-29.7236881,-57.0853043,Costanera Paso de los Libres,2026-07-11 08:16,51,5
L55202374,AR,AR-Z,AR-Z-GA,-51.6245617,-69.1906394,Costanera Rio Gallegos,2026-07-07 15:58,41,11
L64188443,AR,AR-X,AR-X-RG,-31.6633944,-63.8935969,Costanera Río Segundo (Río Xanaes),2025-03-03 00:00,4,0
L14880137,AR,AR-X,AR-X-SJ,-31.4075908,-63.0607728,Costanera Río Xanaes,2025-06-07 11:12,69,18
L37501922,AR,AR-X,AR-X-CA,-32.5307692,-64.5850461,Costanera Río de los Sauces,2026-02-08 08:58,79,7
L75813374,AR,AR-Q,AR-Q-CO,-38.539599,-68.576487,Costanera Yatch club neuquén,2026-08-17 12:30,25,1
L40162015,AR,AR-B,AR-B-ZA,-34.0994031,-59.0121174,Costanera Zarate,2026-01-19 16:07,41,4
L15757629,AR,AR-N,AR-N-CD,-27.4969271,-55.7742196,Costanera de Candelaria sobre arroyo Garupá,2026-09-16 17:08,204,110
L43606403,AR,AR-N,AR-N-LM,-26.675296,-54.819518,Costanera de El Alcazar,2025-06-27 10:08,96,7
L75342419,AR,AR-B,AR-B-MC,-37.74329,-57.424384,Costanera de Mar Chiquita sobre la albufera,2026-09-17 17:40,39,10
L17310989,AR,AR-G,AR-G-SE,-27.786487,-64.238783,Costanera y Alsina,2026-09-16 08:15,122,34
L21170867,AR,AR-G,AR-G-SE,-27.8124848,-64.2143877,Costanera y Solis,2026-05-31 19:46,62,10
L54023457,AR,AR-Y,AR-Y-LE,-23.9405661,-64.8381,Coto de Pesca Peyú Quapé,2019-04-07 15:00,80,10
L15427664,AR,AR-S,AR-S-LC,-31.4842291,-60.8059967,Country Pujol,2021-07-28 11:56,28,2
L3627401,AR,AR-Q,AR-Q-ZA,-38.7509787,-70.0239463,Covunco,2025-11-24 10:58,105,14
L19059193,AR,AR-Q,AR-Q-ZA,-38.750045,-70.024446,Covunco centro--Rim10,2022-05-14 11:50,16,1
L7018554,AR,AR-X,AR-X-CO,-31.2578073,-64.2908871,Cranioleuca Cueva,2026-09-22 11:16,118,301
L3195134,AR,AR-B,AR-B-TA,-38.6453351,-59.7875977,Cristiano Muerto--rutas interiores,2026-07-10 10:00,99,12
L28419080,AR,AR-M,AR-M-LC,-32.8251284,-70.0715227,Cristo Redentor,2026-04-05 13:03,10,7
L9078046,AR,AR-S,AR-S-LP,-31.2928125,-60.6196506,Cruce Arroyo Aguiar y ruta 80-S,2026-09-10 10:59,142,25
L64109588,AR,AR-X,AR-X-RG,-31.7816916,-63.7644028,Cruce Canal Principal - Humedal Cachicoya,2026-08-09 15:37,128,20
L10061670,AR,AR-S,AR-S-CL,-31.533427,-61.5298533,Cruce RN 34 y RN 19 al norte de Angélica.,2026-08-15 13:29,67,10
L62660407,AR,AR-Z,AR-Z-RC,-48.8652774,-70.9048113,Cruce Ruta 40--Ruta 29,2026-04-12 16:00,3,1
L15781856,AR,AR-X,AR-X-CA,-32.3504692,-64.6870125,Cruce Tala Cruz,2026-05-02 09:03,82,44
L68549406,AR,AR-B,AR-B-ML,-35.1979353,-57.8363175,Cruce de Bavio,2026-06-14 07:59,44,3
L9078142,AR,AR-S,AR-S-LP,-31.28328,-60.5446609,Cruce de canal con ruta 82-S,2024-09-27 17:15,53,5
L7053133,AR,AR-S,AR-S-LP,-31.766462,-60.9570408,Cruce ruta 50S y Arroyo Malaquia Los Troncos,2022-08-15 09:00,157,10
L21293999,AR,AR-V,AR-V-RG,-53.7879397,-67.780821,Cruce ruta C,2026-09-26 18:16,45,83
L16783762,AR,AR-V,AR-V-RG,-53.8692134,-67.6889206,Cruce ruta F,2025-12-05 14:13,28,14
L13439719,AR,AR-X,AR-X-CE,-31.0673506,-64.9455195,Cruz de Caña,2025-01-25 12:43,82,3
L2763238,AR,AR-N,AR-N-GU,-26.9251667,-54.4358333,Cuartel Río Victoria,2012-08-14 11:00,53,1
L14612240,AR,AR-X,AR-X-SJ,-31.8142599,-62.6654337,Cuatro Bocas Las Varillas-Las Varas,2025-03-29 10:36,119,17
L4835656,AR,AR-L,AR-L-UC,-38.3333968,-64.6432757,Cuchillo Có,2023-06-30 11:59,39,4
L2762738,AR,AR-N,AR-N-CD,-27.5748333,-55.7523333,Cuenca del Arroyo Garupá,2017-09-02 14:15,29,2
L13449455,AR,AR-N,AR-N-SP,-26.6076343,-54.0737526,"Cuenca del Arroyo Mbiguá Ruta Nacional 27, Misiones, AR (-26,608",2026-05-27 14:11,130,38
L2762824,AR,AR-B,AR-B-LB,-35.2188333,-59.4081667,Cuenca del Río Salado,2025-06-11 16:37,63,4
L18784302,AR,AR-B,AR-B-TR,-35.7853064,-62.905596,Cuero de Zorro,2025-07-18 15:40,84,8
L3298574,AR,AR-X,AR-X-PU,-31.4828439,-64.5775509,Cuesta Blanca,2026-01-26 12:40,150,122
L13413072,AR,AR-X,AR-X-PU,-31.4852488,-64.5818431,Cuesta Blanca--Sendero Bosque Serrano,2026-06-14 16:17,104,12
L30623871,AR,AR-T,AR-T-TD,-26.6345317,-65.8349705,Cuesta De Los Cardones,2026-02-02 15:58,46,38
L18776542,AR,AR-K,AR-K-AG,-27.6373379,-66.1773851,Cuesta La Chilca,2026-07-22 13:40,45,10
L37930535,AR,AR-K,AR-K-AM,-27.7525913,-65.8858096,Cuesta Loma Larga,2024-11-02 13:40,4,0
L838293,AR,AR-T,AR-T-TD,-26.7064557,-65.7963252,Cuesta Los Cardones,2026-09-25 14:56,131,217
L37931126,AR,AR-K,AR-K-CA,-28.619542,-66.102654,Cuesta Ruta 14 (Capayán),2024-11-06 17:40,12,0
L4097936,AR,AR-Y,AR-Y-TU,-23.6747914,-65.6127977,Cuesta de Lipán--Abra de Potrerillos (4170 m.s.n.m.).,2026-09-02 11:30,60,29
L26477928,AR,AR-M,AR-M-SR,-34.6898641,-68.5569087,Cuesta de Los Terneros,2026-07-28 17:26,37,15
L2763372,AR,AR-F,AR-F-CL,-29.3475788,-67.714963,Cuesta de Miranda,2026-09-24 11:06,107,29
L7085093,AR,AR-K,AR-K-PA,-27.8243197,-65.8024169,Cuesta de Singuil,2026-09-19 15:00,132,50
L2762858,AR,AR-K,AR-K-PA,-27.8063976,-65.7843733,Cuesta de las Higuerillas,2026-09-06 14:40,178,123
L2762886,AR,AR-K,AR-K-AG,-27.3517955,-65.9795952,Cuesta del Clavillo,2026-08-07 10:00,57,20
L844592,AR,AR-A,AR-A-CH,-25.182185,-65.8157015,Cuesta del Obispo,2026-09-27 07:39,248,426
L6435441,AR,AR-K,AR-K-VV,-28.4757254,-65.6188059,Cuesta del Portezuelo,2026-06-14 14:00,90,39
L17905826,AR,AR-K,AR-K-PA,-28.1234292,-65.6339893,Cuesta del Totoral,2026-03-21 10:20,108,28
L55851411,AR,AR-K,AR-K-PA,-27.9434961,-65.732553,Cuestecilla RP124,2025-12-08 11:05,20,0
L66822864,AR,AR-K,AR-K-EA,-28.195583,-65.4655399,Cuestecilla de Alijilán-RP21,2026-05-17 17:30,29,2
L4832609,AR,AR-X,AR-X-PU,-31.2994398,-64.5700631,Cueva De Los Pajaritos,2026-07-27 15:04,64,15
L7238028,AR,AR-N,AR-N-ED,-26.3725026,-54.6587151,Cueva Miní lodge & adventure,2024-08-16 10:30,176,80
L3885511,AR,AR-Z,AR-Z-LB,-47.1522671,-70.662657,Cueva de las Manos,2026-04-22 15:33,84,101
L19328055,AR,AR-B,AR-B-BB,-38.6397897,-62.2896965,Cueva de los Leones,2026-04-06 11:38,73,26
L56002171,AR,AR-A,AR-A-CH,-25.1656243,-65.6479836,Cueva del Gigante,2026-08-04 08:00,48,9
L21399640,AR,AR-A,AR-A-LP,-24.7680333,-66.1862633,Cueva del diablo,2023-01-11 15:58,13,2
L27209542,AR,AR-A,AR-A-GU,-25.7001817,-65.5083203,Cuevas Pintadas Las Juntas,2025-01-30 18:42,21,4
L16165916,AR,AR-S,AR-S-LC,-31.4537334,-60.9250574,Cullen y Schneider (4 manzanas),2026-09-13 11:29,93,350
L38396963,AR,AR-T,AR-T-YB,-26.7768306,-65.3246869,Cupulas - Instituto de Ecologia Regional,2026-02-18 14:10,77,10
L5891625,AR,AR-W,AR-W-CC,-29.7896322,-58.0596972,Curuzú Cuatiá,2026-07-27 17:00,125,45
L7987520,AR,AR-Y,AR-Y-SB,-24.3029269,-64.489703,Curva La Herradura (Ruta Provincial Nº 6.),2025-03-19 11:00,119,42
L11878590,AR,AR-A,AR-A-RL,-24.9195906,-65.6620115,Cámara,2026-09-06 11:12,110,13
L1040710,AR,AR-X,AR-X-CB,-31.4311166,-64.1776228,Córdoba--Parque Sarmiento,2026-09-27 08:20,162,845
L10824188,AR,AR-B,AR-B-PU,-37.6993436,-63.2220097,Darregueira--Laguna Espinoza,2026-09-02 13:30,145,100
L7796168,AR,AR-B,AR-B-AC,-37.943974,-60.421428,De la Garma,2018-08-01 17:10,3,0
L2763458,AR,AR-B,AR-B-AC,-37.8433333,-60.4281667,"De la Garma, Lago El Balde",2009-08-26 11:00,2,0
L65244387,AR,AR-M,AR-M-LP,-33.5063391,-67.1236783,Delta del Rio Tunuyan,2026-09-27 11:44,153,247
L16962509,AR,AR-M,AR-M-LP,-33.478696,-67.1331714,Delta del Rio Tunuyan--Campo de Fran,2026-09-27 11:44,122,80
L16962650,AR,AR-M,AR-M-LP,-33.6013827,-67.0990053,Delta del Rio Tunuyan--Estación Maquinista Levet,2025-04-26 19:00,56,18
L16917316,AR,AR-M,AR-M-LP,-33.6378986,-67.1456921,Delta del Río Tunuyán--La Tosca,2026-03-22 10:52,140,148
L5958417,AR,AR-W,AR-W-GO,-29.0795009,-59.2301381,Delta del río Santa Lucía,2019-09-17 18:41,21,2
L16944091,AR,AR-B,AR-B-TI,-34.3727309,-58.6275506,Delta eco hotel,2026-08-30 15:20,71,13
L835328,AR,AR-D,AR-D-LC,-33.4060091,-67.1477079,Desaguadero (Pueblo),2026-02-09 09:47,115,14
L10060378,AR,AR-R,AR-R-GR,-39.0396207,-67.7585741,Desague y Calle Lago Mascardi Guerrico,2025-02-02 08:10,22,6
L73930246,AR,AR-X,AR-X-RC,-33.1105545,-64.3065714,"Desagües de Banda Norte, barrio universitario",2026-09-15 08:36,43,9
L75342006,AR,AR-B,AR-B-MC,-37.742536,-57.414488,Desembocadura Albufera de Mar Chiquita,2026-09-13 11:14,21,7
L12677215,AR,AR-N,AR-N-SI,-27.2836516,-55.498481,Desembocadura Arroyo El Cazador,2026-08-12 09:00,316,342
L3511426,AR,AR-N,AR-N-PS,-27.4583779,-55.8145595,Desembocadura Arroyo Garupá,2026-04-25 12:15,241,125
L18585750,AR,AR-V,AR-V-US,-54.7966784,-68.2577936,Desembocadura Arroyo Grande,2026-05-31 13:33,59,29
L2879604,AR,AR-N,AR-N-PS,-27.3844193,-55.9542274,Desembocadura Arroyo Mártires,2026-09-27 07:00,217,273
L13019578,AR,AR-N,AR-N-PS,-27.4091349,-55.8927997,Desembocadura Arroyo Zaimán,2026-08-04 11:20,45,7
L66491546,AR,AR-X,AR-X-CA,-32.2100423,-64.5207551,Desembocadura Del Rio Amboy,2026-06-20 15:41,84,11
L10991912,AR,AR-X,AR-X-PU,-30.867227,-64.5438479,Desembocadura Del Río Dolores,2026-09-02 17:01,191,97
L52140142,AR,AR-N,AR-N-IG,-25.6500817,-54.5815133,Desembocadura Mbocay,2026-08-18 07:15,107,6
L14826132,AR,AR-V,AR-V-RG,-54.292669,-66.7041975,Desembocadura Rio San Pablo,2026-03-03 11:30,53,41
L751650,AR,AR-V,AR-V-US,-54.7992996,-68.232007,Desembocadura Río Olivia,2026-09-25 16:58,72,451
L3280170,AR,AR-V,AR-V-US,-54.8377863,-68.350963,Desembocadura Río Pipo,2026-09-26 11:12,100,1263
L21095709,AR,AR-X,AR-X-CA,-32.1717439,-64.5014185,Desembocadura Río Santa Rosa,2026-09-19 09:21,191,188
L3962901,AR,AR-B,AR-B-CD,-38.9933052,-61.1108065,Desembocadura Río Sauce Grande,2026-04-03 12:45,43,9
L29777966,AR,AR-X,AR-X-SJ,-30.8940968,-62.6546382,Desembocadura arroyo Cristalli,2024-12-08 16:00,96,9
L20462804,AR,AR-X,AR-X-CA,-31.8825939,-64.5525662,Desembocadura de los ríos,2026-07-12 17:03,128,39
L27830216,AR,AR-Q,AR-Q-LA,-40.3942452,-70.7077533,Desembocadura del A°Caleufu y A°Alicura.,2026-04-06 16:26,79,12
L10261154,AR,AR-B,AR-B-MC,-37.5907677,-57.3728648,Desembocadura del Canal 7,2026-09-19 13:52,137,47
L4710728,AR,AR-X,AR-X-CE,-30.7908985,-64.7044301,Desembocadura del Rio Quilpo,2026-05-09 18:09,178,31
L11055817,AR,AR-X,AR-X-CE,-30.7586367,-64.7200312,Desembocadura del Río San Marcos,2026-05-09 17:38,178,23
L11056000,AR,AR-X,AR-X-CE,-30.7898582,-64.7384171,Desembocadura del Río de la Candelaria,2024-08-18 17:51,48,2
L2412164,AR,AR-B,AR-B-TA,-38.894254,-60.317829,Desembocadura del arroyo El Gaucho--Albúfera de Reta,2026-09-01 07:48,179,356
L8335251,AR,AR-B,AR-B-CD,-38.931465,-60.510529,Desembocadura del río Quequén Salado,2026-06-15 09:29,128,50
L55057306,AR,AR-K,AR-K-AS,-25.9924781,-67.3094015,Despeñadero de Campo Las Tobas,2025-10-08 09:55,11,1
L39530525,AR,AR-S,AR-S-RO,-32.9670045,-60.8190513,Detras del Kectucky,2021-11-06 08:00,32,3
L2763236,AR,AR-E,AR-E-DI,-32.0691667,-60.6341667,Diamante,2026-02-20 07:57,116,24
L53929057,AR,AR-R,AR-R-PI,-41.0747731,-71.171465,Dina Huapi--Costa del lago,2026-08-16 17:20,19,7
L12910928,AR,AR-N,AR-N-GB,-26.2550582,-53.6436182,Dionísio Cerqueira--Fronteira Brasil/Argentina,2026-09-08 11:20,30,5
L17717456,AR,AR-D,AR-D-CP,-33.0599085,-66.0762914,Dique Antonio Esteban Aguero,2026-06-18 11:47,61,9
L5827789,AR,AR-R,AR-R-GR,-38.7247726,-68.1711906,Dique Ballester,2026-06-21 15:00,77,24
L2763410,AR,AR-R,AR-R-GR,-38.7175,-68.162,Dique Ballester y zona aledaña de chacras,2025-01-05 18:41,93,32
L21191320,AR,AR-D,AR-D-CP,-33.1687538,-66.1579735,Dique Berta Vidal de Battini,2025-08-16 14:19,44,8
L10674224,AR,AR-M,AR-M-ML,-35.5450423,-69.6438146,Dique Blas Brisoli,2026-09-22 11:13,128,193
L5217761,AR,AR-D,AR-D-GP,-33.0084476,-65.0521946,Dique Boca de Río,2026-08-23 10:43,173,102
L16545228,AR,AR-A,AR-A-GU,-25.371,-65.437,"Dique Cabracorral, Guachipas",2026-01-28 12:05,123,22
L34818060,AR,AR-A,AR-A-LC,-24.5529522,-65.372139,Dique Campo Alegre,2026-09-25 09:22,186,102
L44937404,AR,AR-A,AR-A-LC,-24.5762806,-65.3667403,Dique Campo Alegre sur,2026-09-14 09:54,91,14
L12872094,AR,AR-Y,AR-Y-EC,-24.4475012,-65.2059174,Dique Catamontaña,2026-08-29 08:51,219,77
L29944226,AR,AR-X,AR-X-SM,-31.7507833,-64.3672307,Dique Chico,2026-08-12 16:30,58,6
L16251370,AR,AR-Q,AR-Q-CO,-38.5487285,-68.6169696,Dique Compensador Mari Menuco,2025-01-16 17:44,47,3
L4472130,AR,AR-F,AR-F-SA,-29.3945053,-66.9825321,Dique De Los Sauces,2026-09-15 17:40,145,47
L3938496,AR,AR-T,AR-T-TV,-26.6184571,-65.203557,Dique El Cadillal,2026-08-29 08:51,143,34
L2762681,AR,AR-X,AR-X-PU,-30.8532879,-64.5501494,Dique El Cajón,2026-09-06 14:24,191,102
L9206602,AR,AR-Q,AR-Q-CO,-38.5977871,-68.3907564,Dique El Chañar,2026-08-12 15:00,87,27
L6004420,AR,AR-R,AR-R-EC,-39.275886,-68.7522483,Dique El Chocón,2026-02-26 15:13,63,14
L8833567,AR,AR-F,AR-F-GO,-30.7496972,-66.2105883,Dique El Cisco,2026-08-28 13:30,141,25
L11558746,AR,AR-K,AR-K-CT,-28.459413,-65.812245,Dique El Jumeal,2026-08-22 18:10,142,95
L14855493,AR,AR-A,AR-A-GM,-22.1039921,-63.7410977,Dique El Limoncito,2026-05-16 11:38,205,47
L22141125,AR,AR-M,AR-M-SR,-34.6071818,-68.6140504,Dique El Tigre,2026-09-27 12:18,103,54
L6379183,AR,AR-A,AR-A-AN,-25.2283918,-64.4793606,Dique El Tunal,2026-06-15 12:22,256,133
L3365107,AR,AR-X,AR-X-MI,-30.905907,-65.1844865,Dique Embalse Rio Pichanas,2026-06-30 16:01,119,15
L2763298,AR,AR-T,AR-T-JA,-27.6591846,-65.762465,Dique Escaba,2026-08-02 14:08,138,27
L1814751,AR,AR-U,AR-U-GM,-43.6985963,-66.4677143,Dique Florentino Ameghino,2026-02-24 17:58,95,37
L17717094,AR,AR-M,AR-M-SR,-34.5911065,-68.5600305,Dique Galileo Vitali,2026-09-13 13:43,121,94
L37345064,AR,AR-A,AR-A-GM,-22.099858,-63.73689,Dique Itiyuro,2025-11-12 07:42,79,2
L4061849,AR,AR-X,AR-X-SM,-31.8401598,-64.4343853,Dique José de la Quintana,2026-08-24 14:38,188,170
L11648082,AR,AR-K,AR-K-SR,-28.174324,-65.5289439,Dique La Cañada,2026-08-16 16:00,191,109
L844610,AR,AR-Y,AR-Y-EC,-24.4197211,-65.2908897,Dique La Ciénaga,2026-04-30 11:30,287,300
L37781681,AR,AR-A,AR-A-CH,-25.0943027,-65.5252781,Dique La Población,2026-08-13 16:27,136,34
L3718846,AR,AR-X,AR-X-CO,-31.1511933,-64.3471813,Dique La Quebrada,2026-09-27 16:34,145,103
L29071342,AR,AR-X,AR-X-SV,-31.8730491,-65.0316978,Dique La Viña--Ingreso Sur,2026-06-12 12:30,34,5
L29071316,AR,AR-X,AR-X-SA,-31.8693577,-65.0358868,Dique La Viña--Sendero Los Colibríes,2026-02-28 11:33,51,14
L14267690,AR,AR-A,AR-A-RL,-24.9000614,-65.6276894,Dique Las Lomitas,2026-05-09 10:16,170,67
L6425203,AR,AR-Y,AR-Y-EC,-24.4530877,-65.2543688,Dique Las Maderas,2025-05-10 11:00,186,35
L10056286,AR,AR-Y,AR-Y-EC,-24.4768737,-65.2728803,Dique Las Maderas--sobre el puente.,2025-05-12 10:10,109,8
L56823315,AR,AR-D,AR-D-AY,-32.6411192,-66.1474639,Dique Las Palmeras--Playa Sur,2026-06-29 11:22,97,12
L34227334,AR,AR-K,AR-K-FE,-28.2710282,-65.7387697,Dique Las Pirquitas,2026-08-23 10:37,54,7
L1554707,AR,AR-Y,AR-Y-CA,-24.1578365,-65.3737326,Dique Los Molinos,2026-09-25 19:05,119,15
L4018749,AR,AR-G,AR-G-BA,-27.6510476,-64.362199,Dique Los Quiroga - Sgo. del Estero,2026-09-26 09:30,275,1183
L65628517,AR,AR-G,AR-G-SE,-27.6436579,-64.3849347,Dique Los Quiroga--Viejas Canteras.,2026-08-21 14:33,56,3
L50500514,AR,AR-T,AR-T-TD,-26.626689,-65.8712097,Dique Los Zazos,2026-09-25 13:02,49,6
L4604017,AR,AR-B,AR-B-TI,-34.3702199,-58.7004447,Dique Luján,2026-05-30 17:06,104,20
L11959876,AR,AR-X,AR-X-CO,-31.3221506,-64.3308949,Dique Malpaso (Dumesnil),2026-07-19 11:32,147,175
L1307677,AR,AR-D,AR-D-CP,-33.3177624,-65.9014893,Dique Paso de Carretas,2026-07-11 18:05,100,8
L4431358,AR,AR-B,AR-B-TQ,-38.3870151,-61.756382,Dique Paso de las Piedras,2026-08-22 08:00,114,18
L6297399,AR,AR-D,AR-D-CH,-32.5533245,-64.9579954,Dique Piscu Yaco,2026-09-27 11:10,142,85
L2763533,AR,AR-M,AR-M-LC,-32.98173,-69.15592,Dique Potrerillos,2026-07-06 12:45,161,160
L5835501,AR,AR-M,AR-M-LC,-32.9575453,-69.1884613,Dique Potrerillos--bosque inundado,2026-07-19 11:00,141,175
L57389610,AR,AR-A,AR-A-LV,-25.2699504,-65.5223679,Dique Puerta de Díaz,2026-06-16 10:44,105,19
L61110279,AR,AR-J,AR-J-ZO,-31.5196301,-68.8184809,Dique Punta Negra,2026-05-24 16:07,31,4
L16356563,AR,AR-G,AR-G-RH,-27.5212885,-64.8854247,Dique Río Hondo,2026-09-24 18:25,164,81
L16356456,AR,AR-T,AR-T-GR,-27.6106831,-65.022535,Dique Río Hondo--Perilargo
L11886026,AR,AR-J,AR-J-VF,-30.6348793,-67.4778357,Dique San Agustín,2026-08-15 16:06,149,54
L20273965,AR,AR-A,AR-A-SC,-25.861,-65.9538352,Dique San Carlos,2026-09-23 12:31,162,103
L2761526,AR,AR-D,AR-D-CH,-32.805,-65.46,Dique San Felipe,2026-08-30 10:00,194,47
L5384555,AR,AR-X,AR-X-PU,-30.9837167,-64.4604349,Dique San Jerónimo,2026-08-16 10:52,128,46
L7259885,AR,AR-Z,AR-Z-GA,-51.5269018,-72.3281372,"Dique San José, Río Turbio, Santa Cruz",2026-09-20 08:19,69,30
L2762578,AR,AR-K,AR-K-PA,-28.0661297,-65.5750859,Dique Sumampa,2026-08-24 11:49,260,203
L2763525,AR,AR-M,AR-M-RI,-33.25183,-68.68008,Dique Tiburcio Benegas,2026-08-17 10:55,135,59
L6690381,AR,AR-D,AR-D-BE,-32.6822246,-66.4299059,Dique Villa General Roca,2026-08-01 12:30,189,50
L35095321,AR,AR-T,AR-T-RC,-27.3591374,-65.8170611,Dique Villa Lola,2024-10-12 09:23,59,5
L12121201,AR,AR-K,AR-K-EA,-28.3365534,-65.3033863,"Dique de Collagasta, El Alto Departamento, Catamarca, AR",2026-07-09 11:26,105,16
L12516643,AR,AR-F,AR-F-SA,-29.3776791,-66.9862824,Dique de Los Sauces--El Bosquesillo,2022-07-14 13:35,49,4
L3861606,AR,AR-X,AR-X-SA,-31.86458,-65.02805,Dique la Viña,2026-08-23 10:30,130,26
L9108963,AR,AR-X,AR-X-PU,-30.885286,-64.460838,Dique los Alazanes,2026-05-23 09:09,87,13
L2763053,AR,AR-S,AR-S-LP,-31.65,-60.7,Diques y zona alrededor del casino y Shopping Ribera.,2026-09-03 10:26,67,34
L28580268,AR,AR-E,AR-E-CC,-31.2260136,-58.3932518,Distrito Yuqueri,2025-04-20 15:43,46,4
L14855760,AR,AR-A,AR-A-CF,-26.0891071,-66.0127157,Divisadero,2025-12-29 15:12,72,24
L41144690,AR,AR-U,AR-U-GM,-43.3143006,-65.7194858,Dolavon,2025-03-12 12:00,6,0
L21371929,AR,AR-U,AR-U-GM,-43.3086812,-65.7112771,Dolavon--Costanera del Río Principal Norte,2026-09-07 14:45,40,29
L5197813,AR,AR-N,AR-N-GU,-27.1410919,-53.9259785,Don Moconá Virgin Lodge,2026-07-18 17:08,273,96
L27210012,AR,AR-A,AR-A-LD,-26.0937883,-65.4195499,Don Valucho -El Jardin,2023-09-17 07:00,13,8
L2763649,AR,AR-Y,AR-Y-CO,-22.8463193,-66.0744703,Doncellas,2010-01-24 00:00,1,0
L51100690,AR,AR-B,AR-B-BG,-35.0235762,-60.7329784,Dos Aguas,2025-07-28 14:00,18,1
L2763315,AR,AR-U,AR-U-FA,-43.8986667,-65.4131667,Dos Pozos,2025-11-12 08:50,83,40
L2763016,AR,AR-N,AR-N-LM,-27.028,-54.7645,Dos de Mayo,2018-01-30 00:00,9,0
L5036592,AR,AR-U,AR-U-RA,-43.311839,-65.403286,Drofa Dulog,2026-04-11 16:34,60,12
L2763442,AR,AR-B,AR-B-TA,-38.8586916,-60.0857735,Dunamar,2026-05-09 16:11,88,28
L52473597,AR,AR-Q,AR-Q-ZA,-38.9023,-70.0236,E. M-Michacheo,2025-12-03 11:50,59,5
L14153399,AR,AR-V,AR-V-RG,-54.2676179,-66.8105516,E.A Cabo San Pablo,2021-12-07 18:33,21,13
L64012656,AR,AR-S,AR-S-SJ,-30.7823106,-60.6039935,"EEAL ""Dr. René Favarolo. SJ.SF",2026-06-05 10:36,36,4
L14541897,AR,AR-N,AR-N-ED,-26.4179655,-54.6026654,EL Dorado--Parque Lago Ziegler,2025-11-22 09:01,77,6
L20854146,AR,AR-V,AR-V-RG,-52.9957597,-68.37479,Ea Cullen--Puesto Baños,2026-04-19 16:49,49,91
L13889580,AR,AR-Z,AR-Z-LA,-49.0833033,-72.5508288,Ea El Cóndor,2025-04-10 10:29,49,7
L69510535,AR,AR-Z,AR-Z-LB,-46.6073053,-71.4079142,Ea La Ascensión,2026-06-08 13:00,3,2
L21722535,AR,AR-V,AR-V-RG,-54.175069,-67.2786928,Ea La Catalana--Casco,2026-08-31 10:48,53,783
L20309784,AR,AR-V,AR-V-RG,-54.2869232,-67.0570805,Ea Rolito--El casco,2025-01-17 15:26,26,8
L54019951,AR,AR-B,AR-B-LB,-35.3403414,-59.1848407,Ea San Lorenzo (Alianza del Pastizal),2025-10-11 09:30,42,2
L13332326,AR,AR-V,AR-V-RG,-54.2557867,-66.9411085,Ea Tepi,2021-01-18 09:15,5,0
L2761869,AR,AR-P,AR-P-LA,-26.2473333,-58.836,Ea. & Reserva El Bagual,2025-10-14 08:00,285,229
L5130925,AR,AR-Z,AR-Z-LA,-50.43611,-72.215278,Ea. 25 de Mayo (Santa Cruz),2026-03-14 12:24,40,11
L58806666,AR,AR-Z,AR-Z-RC,-48.65797,-70.26763,Ea. Alta Vista--Casco
L12692787,AR,AR-B,AR-B-MT,-35.5611453,-58.6252051,Ea. Benquerencia,2024-02-07 06:59,108,13
L28996917,AR,AR-Z,AR-Z-LA,-49.2304257,-72.872859,Ea. Bonanza,2025-12-26 09:18,35,7
L2763456,AR,AR-B,AR-B-AC,-38.0248333,-60.5946667,Ea. Bonnefon,2017-02-07 10:30,39,2
L2170224,AR,AR-W,AR-W-ES,-29.7843806,-59.2405128,Ea. Buena Vista,2026-01-24 13:04,134,6
L63284753,AR,AR-Q,AR-Q-LA,-40.386742,-70.992599,Ea. Caleufu (Alianza del Pastizal),2026-02-21 08:00,48,0
L63485601,AR,AR-Q,AR-Q-LA,-40.320313,-71.049904,Ea. Caleufu (Alianza del Pastizal),2026-02-22 17:00,11,0
L63486161,AR,AR-Q,AR-Q-LA,-40.320313,-71.049904,Ea. Caleufu (Alianza del Pastizal)
L63494473,AR,AR-Q,AR-Q-LA,-40.325682,-71.051736,Ea. Caleufu (Alianza del Pastizal),2026-02-22 21:00,1,0
L9517204,AR,AR-L,AR-L-CL,-38.591077,-63.5045507,Ea. Callaqueo,2019-06-20 11:25,33,2
L10318162,AR,AR-M,AR-M-LH,-32.7890014,-69.0194574,Ea. Casa de Piedra,2026-06-14 12:45,75,52
L22151657,AR,AR-Z,AR-Z-LB,-47.0755136,-70.8169607,Ea. Casa de Piedra--Río Pinturas,2023-01-08 09:19,10,2
L58806622,AR,AR-Z,AR-Z-RC,-48.74742,-71.38478,Ea. Cerro Bayo--Casco
L14198893,AR,AR-Q,AR-Q-LA,-40.295079,-70.680818,Ea. Collón cura,2023-01-08 19:28,65,7
L18326244,AR,AR-Z,AR-Z-LA,-49.9626977,-73.1328031,Ea. Cristina,2026-04-03 13:39,72,50
L38401382,AR,AR-P,AR-P-LA,-26.3635093,-58.3265244,Ea. Don Luis,2024-12-01 15:12,211,51
L3781992,AR,AR-W,AR-W-BA,-27.414062,-57.6459074,Ea. Doña Marina,2025-01-27 14:14,157,2
L10071480,AR,AR-A,AR-A-GG,-24.6582112,-65.105238,Ea. El Bordo de Las Lanzas,2025-02-22 17:15,143,14
L46674573,AR,AR-S,AR-S-LC,-31.662879,-61.430397,Ea. El Carmen,2025-06-01 16:15,27,1
L53972587,AR,AR-B,AR-B-GL,-36.465033,-56.720341,Ea. El Carrizal - Alianza de Pastizal,2026-01-14 09:30,34,3
L8490311,AR,AR-Z,AR-Z-LB,-46.2663532,-71.363222,Ea. El Cerrito (Río Fénix Grande),2019-01-19 07:30,12,9
L17600970,AR,AR-E,AR-E-FC,-30.4123294,-58.3681756,Ea. El Chentecó,2025-06-29 13:43,101,10
L20841443,AR,AR-D,AR-D-AY,-32.3340254,-66.2007988,"Ea. El Corralito, Paraje El Baldecito",2025-10-27 07:08,122,9
L2763240,AR,AR-Z,AR-Z-GA,-52.1206667,-69.1301667,Ea. El Cóndor,2026-07-06 12:23,58,45
L4853633,AR,AR-R,AR-R-PI,-41.3018361,-71.1417444,Ea. El Desafío del Cerro La Buitrera,2026-04-12 11:02,67,28
L7245173,AR,AR-S,AR-S-GA,-31.2717777,-60.2643871,Ea. El Dorado,2025-10-11 08:45,163,16
L3000533,AR,AR-S,AR-S-SV,-30.0433158,-59.9797125,Ea. El Estero,2025-11-02 10:10,190,9
L13159726,AR,AR-X,AR-X-TO,-30.8609001,-64.3064976,Ea. El Gavilán,2025-10-12 13:42,97,3
L58807582,AR,AR-Z,AR-Z-RC,-47.33981,-70.99375,Ea. El Milagro--Laguna
L58807615,AR,AR-Z,AR-Z-RC,-47.35547,-71.04178,Ea. El Milagro--Ruta 41
L4132899,AR,AR-B,AR-B-SA,-34.1966823,-59.3888283,Ea. El Ombú,2026-04-03 14:32,74,21
L16619305,AR,AR-B,AR-B-GL,-36.482133,-56.986581,Ea. El Palenque,2026-09-25 16:17,192,405
L53951309,AR,AR-H,AR-H-BE,-26.7695414,-58.7422114,Ea. El Paraiso,2025-10-20 15:21,103,9
L21676838,AR,AR-U,AR-U-RA,-42.9648002,-64.3943238,Ea. El Pedral (acceso restringido),2026-03-27 11:35,62,25
L58806874,AR,AR-Z,AR-Z-CA,-49.58875,-69.24686,Ea. El Porvenir--Casco
L12256739,AR,AR-U,AR-U-FA,-44.8878638,-65.7980395,Ea. El Sauce,2026-06-13 16:12,114,159
L70369675,AR,AR-U,AR-U-ES,-45.671314,-67.5954008,Ea. El Talero,2026-06-07 15:00,19,1
L2762332,AR,AR-Z,AR-Z-LA,-50.5833,-71.25,Ea. El Tero--Ambientes acuáticos,2026-03-08 08:43,43,3
L4672560,AR,AR-E,AR-E-LP,-30.4147234,-59.220171,Ea. El Trochi,2024-07-10 16:54,80,12
L37031848,AR,AR-Z,AR-Z-CA,-50.3050915,-70.2631887,Ea. Enriqueta,2024-10-02 11:00,6,1
L16619053,AR,AR-B,AR-B-GL,-36.36099,-56.772756,Ea. Erandio - Alianza del Pastizal,2026-08-23 14:46,182,109
L10041946,AR,AR-B,AR-B-RM,-33.4996295,-59.9654885,Ea. Estrella Federal,2020-12-12 06:15,84,7
L6053907,AR,AR-Q,AR-Q-LL,-41.0041317,-71.1643857,Ea. Fortín Chacabuco--Casco,2026-09-18 14:14,87,101
L5704828,AR,AR-H,AR-H-LI,-27.4248999,-59.215813,Ea. Fortín Cué,2026-05-09 15:27,181,70
L27529956,AR,AR-R,AR-R-PI,-40.1752665,-69.9484921,Ea. Fuenzalida,2026-02-01 14:02,33,3
L8088969,AR,AR-B,AR-B-TQ,-38.141465,-62.0253057,Ea. Funke,2026-07-12 15:14,104,75
L13472111,AR,AR-X,AR-X-TU,-30.2329169,-63.9707718,Ea. Guayascate,2026-09-12 16:48,124,16
L2763261,AR,AR-P,AR-P-FO,-25.932,-58.2185,Ea. Guaycolec (Acceso restringido),2020-12-09 07:35,214,72
L20958062,AR,AR-W,AR-W-GO,-29.2672698,-58.8480695,Ea. Guayra,2022-09-20 10:30,33,2
L8583311,AR,AR-J,AR-J-IG,-30.2589735,-69.3042827,Ea. Guañizuil,2019-02-09 09:45,35,0
L7098212,AR,AR-Q,AR-Q-HU,-39.9888265,-70.8547783,Ea. Huechahue (acceso restringido),2026-03-29 16:49,118,37
L2763273,AR,AR-P,AR-P-FO,-25.8582967,-58.672142,Ea. La Alegría,2022-12-10 13:30,13,0
L8645294,AR,AR-Z,AR-Z-RC,-48.634265,-70.647723,Ea. La Angostura,2026-08-31 12:41,127,569
L6470453,AR,AR-Z,AR-Z-RC,-48.6221866,-70.6983519,Ea. La Angostura--Laguna Tonchi,2026-08-31 15:52,94,207
L6264015,AR,AR-P,AR-P-PG,-25.2558408,-58.6969672,Ea. La Armonía,2020-11-01 09:46,187,26
L5982470,AR,AR-Z,AR-Z-LB,-46.6073053,-71.4079142,Ea. La Ascencion (Casco),2026-03-14 09:49,69,47
L13452215,AR,AR-Z,AR-Z-LB,-46.68913,-71.5599338,Ea. La Aurora--Puesto El Blanco,2021-01-30 21:23,3,4
L31965370,AR,AR-W,AR-W-MB,-27.9678018,-58.2218786,Ea. La Belinda,2024-10-12 08:00,118,3
L3100202,AR,AR-W,AR-W-ST,-28.4594435,-55.9673218,Ea. La Blanca,2026-09-27 07:57,190,76
L17046442,AR,AR-S,AR-S-SC,-29.9926556,-61.349389,Ea. La CARLOTA - Huanqueros,2021-12-02 09:57,58,6
L29677535,AR,AR-V,AR-V-US,-54.588953,-67.720377,Ea. La Carmen,2026-01-15 12:10,16,1
L16344484,AR,AR-V,AR-V-RG,-54.1756449,-67.3658769,Ea. La Catalana,2025-10-03 17:12,46,49
L21170852,AR,AR-V,AR-V-RG,-54.1436492,-67.3489891,Ea. La Catalana--Dos Lagunas,2026-09-22 17:38,55,128
L18905308,AR,AR-V,AR-V-RG,-54.1638678,-67.3049262,Ea. La Catalana--Laguna Perdida,2026-08-30 10:04,33,28
L16553682,AR,AR-V,AR-V-RG,-54.1749674,-67.368805,Ea. La Catalana--Laguna de las Gallaretas,2026-09-26 17:50,66,263
L17255437,AR,AR-V,AR-V-RG,-54.185825,-67.250571,Ea. La Catalana--Laguna del las Becasinas,2026-09-22 14:46,53,127
L20177840,AR,AR-V,AR-V-RG,-54.1919723,-67.2894563,Ea. La Catalana--Lengal de los Rayaditos,2026-09-12 16:49,34,140
L31654577,AR,AR-V,AR-V-RG,-54.1855698,-67.3833885,Ea. La Catalana--Potrero 2 de Ruby,2026-08-16 15:46,38,49
L22612921,AR,AR-V,AR-V-RG,-54.1225417,-67.3797983,Ea. La Catalana--Potrero El Faldeo,2026-09-06 17:04,41,57
L28915653,AR,AR-V,AR-V-RG,-54.1320094,-67.3622593,Ea. La Catalana--Potrero La Legua,2026-07-12 16:31,30,36
L30326855,AR,AR-V,AR-V-RG,-54.163829,-67.3220599,Ea. La Catalana--Potrero Las Tumbas,2026-08-08 09:59,42,164
L17629281,AR,AR-V,AR-V-RG,-54.1699976,-67.2565494,Ea. La Catalana--Vega del Halcón,2026-08-16 10:44,49,311
L37552338,AR,AR-V,AR-V-RG,-54.1685129,-67.3433388,Ea. La Catalana--Vega del Salvador (Pot. EL Salvador),2025-12-08 15:45,27,18
L42339728,AR,AR-U,AR-U-TH,-43.8676536,-70.3059038,Ea. La Cautiva (Casco),2026-09-21 15:33,72,96
L2460208,AR,AR-P,AR-P-PM,-25.2498196,-57.7489471,Ea. La Clorinda,2013-12-08 08:00,20,1
L47269236,AR,AR-W,AR-W-LA,-28.9530668,-58.9402342,Ea. La Correntina,2026-09-19 17:12,108,6
L16838986,AR,AR-B,AR-B-TO,-36.4556957,-57.1152643,Ea. La Corvina,2026-09-25 14:36,144,221
L28759735,AR,AR-X,AR-X-SM,-31.7611401,-64.6608045,Ea. La Ernestina,2026-07-07 10:00,66,2
L17470537,AR,AR-R,AR-R-BA,-41.2855142,-71.2240434,Ea. La Esperanza,2025-03-07 12:27,48,6
L4299634,AR,AR-P,AR-P-FO,-26.2994939,-58.1948805,Ea. La Florida,2022-12-25 18:39,72,0
L14664370,AR,AR-X,AR-X-SM,-31.6908333,-64.6505556,Ea. La Herradura (San Clemente),2026-08-04 17:25,63,2
L15885239,AR,AR-U,AR-U-ES,-45.0689989,-66.4779924,Ea. La Ibérica (Acceso restringido),2025-11-08 11:20,82,69
L16684531,AR,AR-U,AR-U-ES,-45.092443,-66.509821,Ea. La Ibérica--Ría Arroyo Marea,2026-01-28 12:55,80,74
L6046373,AR,AR-S,AR-S-GO,-28.203953,-59.3729239,"Ea. La Isabel, EL Rabón. Bosque Chaqueño Mixto 4",2006-10-16 06:30,129,4
L55247367,AR,AR-B,AR-B-GL,-36.5665922,-56.9217462,Ea. La Isolina,2026-02-08 19:41,65,5
L11759633,AR,AR-Z,AR-Z-CA,-49.578741,-69.576103,Ea. La Julia,2026-03-18 12:20,59,26
L39540824,AR,AR-E,AR-E-VG,-31.638112,-59.1208697,Ea. La Laguna,2021-06-19 13:36,52,1
L2763287,AR,AR-H,AR-H-LM,-26.1105,-59.7113333,Ea. La Leonor,2022-06-17 08:00,193,40
L21798522,AR,AR-N,AR-N-IG,-25.89,-54.61,Ea. La Lorenza,2025-10-13 07:22,122,35
L28728709,AR,AR-Z,AR-Z-LB,-47.1797809,-71.0408616,Ea. La Lucha--Cañadón Río Ecker,2024-11-13 09:53,34,22
L14964157,AR,AR-R,AR-R-AA,-41.1529885,-63.3862651,Ea. La Magdalena,2021-05-16 08:45,28,1
L20646349,AR,AR-Q,AR-Q-LO,-38.045628,-70.643779,Ea. La Marita,2022-08-22 11:20,23,1
L11739400,AR,AR-S,AR-S-LC,-31.3770696,-60.8676886,Ea. La Media Luna.,2023-06-30 14:51,136,16
L3252215,AR,AR-S,AR-S-SV,-30.0252265,-59.9205254,Ea. La Norma,2025-08-17 09:47,163,10
L29669959,AR,AR-B,AR-B-SA,-34.249776,-59.400078,Ea. La Porteña,2025-02-08 12:56,25,0
L22481155,AR,AR-A,AR-A-SA,-24.8858136,-65.316124,Ea. La Quesera,2025-09-07 13:34,27,5
L13093231,AR,AR-Z,AR-Z-LA,-49.3581276,-72.8659572,Ea. La Quinta,2026-02-07 08:08,44,9
L10839585,AR,AR-W,AR-W-ES,-30.0881646,-59.4402966,Ea. La Rosita,2025-11-08 17:15,230,67
L2761540,AR,AR-B,AR-B-TA,-38.7421667,-60.3225,Ea. La Verbena,2022-06-20 10:43,70,6
L58806757,AR,AR-Z,AR-Z-RC,-48.44366,-70.54204,Ea. La Verde--Casco
L2763608,AR,AR-B,AR-B-CD,-38.5806667,-61.4176667,Ea. La Victoria Vieja,2026-07-13 09:59,6,1
L5944690,AR,AR-Z,AR-Z-LB,-47.1250454,-70.9427547,Ea. La Vizcaína,2026-03-02 15:59,85,97
L5944700,AR,AR-Z,AR-Z-LB,-47.173203,-70.9969139,Ea. La Vizcaína--Boca Toma,2025-11-13 12:14,69,23
L5944702,AR,AR-Z,AR-Z-LB,-47.1459191,-70.944128,Ea. La Vizcaína--Boquete,2024-12-12 12:17,42,14
L13014685,AR,AR-Z,AR-Z-LB,-47.163,-70.988,Ea. La Vizcaína--Cañadón Ecker,2026-02-06 19:18,57,24
L5944713,AR,AR-Z,AR-Z-LB,-47.1364467,-70.933882,Ea. La Vizcaína--Puente Colgante,2024-03-24 14:15,23,8
L5944695,AR,AR-Z,AR-Z-LB,-47.1274982,-71.0003471,Ea. La Vizcaína--Vega,2026-01-11 14:08,72,59
L7571271,AR,AR-Z,AR-Z-RC,-48.499147,-71.2337208,Ea. Laguna Verde,2026-03-17 09:40,80,74
L8968825,AR,AR-S,AR-S-VE,-29.7692238,-60.476242,Ea. Las Aves
L7157570,AR,AR-B,AR-B-PA,-40.814199,-62.2910213,Ea. Las Cortaderas,2022-10-23 17:27,35,3
L2973194,AR,AR-X,AR-X-MJ,-33.69908,-62.533,Ea. Las Dos Hermanas,2026-06-15 08:32,188,307
L9342081,AR,AR-S,AR-S-VE,-29.4396225,-60.3838291,Ea. Las Gamas,2026-03-18 08:11,122,54
L4684801,AR,AR-X,AR-X-CA,-32.5882184,-64.7167388,Ea. Las Guindas--UNRC,2025-10-31 07:22,115,65
L12253916,AR,AR-V,AR-V-RG,-54.209857,-67.273775,Ea. Las Hijas,2026-02-11 18:11,40,50
L13948286,AR,AR-B,AR-B-VI,-39.7572337,-62.231251,Ea. Las Isletas,2021-03-06 15:30,27,1
L53263366,AR,AR-N,AR-N-ED,-26.4660427,-54.5974284,Ea. Las Mercedes,2026-04-25 08:30,101,3
L58806816,AR,AR-Z,AR-Z-RC,-48.75912,-70.58248,Ea. Las Tunas--Casco,2026-04-13 10:30,6,1
L57458080,AR,AR-W,AR-W-SM,-29.0375239,-57.1031371,Ea. Loma Alta,2026-03-14 16:34,126,1
L17695351,AR,AR-V,AR-V-RG,-53.6380156,-68.1990972,Ea. Los Flamencos,2025-12-05 09:21,30,55
L2314152,AR,AR-V,AR-V-RG,-53.685836,-68.11228,Ea. Los Flamencos,2026-09-24 09:52,77,274
L54939693,AR,AR-B,AR-B-GA,-36.0448174,-59.7356084,Ea. Los Hinojales,2025-12-05 21:00,146,1
L4979927,AR,AR-Z,AR-Z-LA,-49.2216125,-72.966283,Ea. Los Huemules (Santa Cruz),2026-04-07 11:36,44,81
L8558876,AR,AR-Z,AR-Z-LA,-49.2187983,-72.9606618,Ea. Los Huemules--Sendero Laguna del Diablo,2026-01-20 18:05,58,35
L2763443,AR,AR-B,AR-B-AC,-38.0178333,-60.6726667,Ea. Los Incas,2016-07-02 10:00,44,1
L7016731,AR,AR-S,AR-S-SC,-30.0123035,-60.7571411,Ea. Los Molles,2010-09-26 00:00,136,2
L6343926,AR,AR-W,AR-W-MB,-28.100669,-58.2753,Ea. Los Naranjales de Rosarito,2017-11-05 11:00,178,33
L9708273,AR,AR-X,AR-X-TA,-32.1534859,-64.0284202,Ea. Los Potreros,2025-01-05 09:33,80,8
L15442362,AR,AR-B,AR-B-LU,-34.7293893,-59.1761914,Ea. Los Talas,2026-01-12 17:40,60,4
L58807420,AR,AR-Z,AR-Z-LB,-46.82776,-71.83439,Ea. Los Álamos--Laguna
L2761521,AR,AR-N,AR-N-GB,-26.4,-53.7333333,Ea. Macaca
L20866498,AR,AR-Z,AR-Z-CA,-49.8424373,-67.7717835,Ea. Makenke,2022-09-09 10:00,21,1
L13267707,AR,AR-V,AR-V-RG,-53.7868571,-67.9360175,Ea. Maria Behety,2026-04-05 12:49,49,37
L2763259,AR,AR-V,AR-V-RG,-53.7841667,-67.7996667,Ea. María Behety--Laguna de los Cisnes,2026-05-02 14:07,71,131
L10272434,AR,AR-W,AR-W-ST,-28.1807235,-56.4430844,Ea. María Concepción,2024-10-12 14:00,130,9
L17900837,AR,AR-Z,AR-Z-LA,-49.5837036,-71.1851238,Ea. Mata Amarilla--Laguna Armenia,2022-02-24 08:07,12,6
L2763299,AR,AR-B,AR-B-GJ,-37.4313402,-57.1920573,Ea. Medaland (Acceso restringido),2024-11-30 13:15,147,85
L17760759,AR,AR-V,AR-V-US,-54.9752434,-66.7414731,Ea. Moat,2026-02-21 16:23,54,22
L2763308,AR,AR-W,AR-W-ST,-28.3446667,-56.1801667,Ea. Mora Cué,2024-01-19 17:20,134,14
L13225426,AR,AR-Q,AR-Q-LL,-41.0237223,-71.1835494,Ea. Nahuel Huapi,2026-03-30 09:30,57,6
L32166600,AR,AR-D,AR-D-GD,-35.0897996,-65.9519949,Ea. Nahuel Mapa,2021-12-11 07:00,42,0
L2761831,AR,AR-W,AR-W-CC,-29.1463893,-58.6789227,Ea. Oscuro,2026-09-12 10:37,42,1
L58805670,AR,AR-Z,AR-Z-RC,-48.31344,-71.17019,Ea. Pecho Blanco--Casco
L22203258,AR,AR-W,AR-W-GO,-29.2554372,-59.3366397,Ea. Pehuajó Tuyá,2023-01-12 10:00,35,4
L4450768,AR,AR-D,AR-D-LM,-32.7314618,-65.9750891,Ea. Piedra del Agua,2023-02-06 07:33,43,3
L2763320,AR,AR-W,AR-W-IZ,-27.6227068,-56.434021,Ea. Puerto Valle,2026-09-20 16:00,190,32
L38163448,AR,AR-X,AR-X-GR,-34.9211324,-64.7848428,Ea. Ralicó,2026-01-04 06:00,73,3
L496038,AR,AR-W,AR-W-ME,-28.6553,-57.42455,Ea. Rincón del Socorro,2026-09-18 08:50,291,319
L57774589,AR,AR-V,AR-V-RG,-54.2332791,-67.218276,Ea. Río Ewan.,2026-05-31 15:58,11,4
L27273511,AR,AR-H,AR-H-GG,-25.8215539,-60.5098161,Ea. Río Salado,2026-05-23 15:52,125,14
L6859414,AR,AR-B,AR-B-VI,-39.6975454,-62.0947266,Ea. San Antonio Viejo,2023-04-22 08:26,187,203
L6046598,AR,AR-S,AR-S-GO,-28.1554567,-59.2829733,Ea. San Antonio--Bosque Chaqueño Mixto 3,2025-11-23 15:31,197,20
L484700,AR,AR-W,AR-W-IZ,-27.6459993,-56.8662408,Ea. San Gará,2023-10-17 19:31,157,15
L876159,AR,AR-W,AR-W-SG,-27.7103167,-57.1876144,Ea. San Juan Poriahú,2026-03-14 19:10,286,276
L4059530,AR,AR-W,AR-W-IZ,-27.5886335,-56.5038169,Ea. San Miguel,2024-01-30 18:45,133,7
L12529418,AR,AR-V,AR-V-RG,-54.267152,-66.803573,Ea. San Pablo,2021-10-22 18:05,51,69
L2704940,AR,AR-M,AR-M-TN,-33.4337335,-69.3910217,Ea. San Pablo (Tupungato),2026-01-28 07:45,44,13
L6155477,AR,AR-B,AR-B-TA,-38.706197,-60.5200982,Ea. San Pedro--Laguna,2026-07-11 15:00,64,12
L27474361,AR,AR-E,AR-E-GC,-33.4334274,-58.9452252,Ea. San Ricardo,2024-12-06 10:40,81,1
L29643107,AR,AR-W,AR-W-ST,-28.4559786,-56.125769,Ea. Santa Bárbara (Alianza del Pastzal),2026-05-06 16:04,198,180
L53928467,AR,AR-H,AR-H-TA,-27.641851,-59.8398076,Ea. Santa Catalina (Alianza del Pastizal),2025-10-11 11:25,93,26
L7374038,AR,AR-N,AR-N-CD,-27.4608341,-55.7043314,Ea. Santa Cecilia (Alianza del Pastizal),2026-08-02 16:46,345,636
L3550868,AR,AR-S,AR-S-LP,-31.6967977,-60.5060327,Ea. Santa Cándida,2024-02-27 13:00,98,6
L7238254,AR,AR-N,AR-N-PS,-27.5275965,-55.8675921,Ea. Santa Inés,2026-02-16 06:27,174,25
L6046289,AR,AR-S,AR-S-GO,-28.030597,-59.6995955,Ea. Santa María--Paraje El Nogés. Bosque Chaqueño Mixto 7,2006-08-20 08:00,105,6
L2632608,AR,AR-P,AR-P-FO,-25.9112694,-58.5161018,Ea. Santa Olga,2026-09-14 09:45,152,9
L7748747,AR,AR-B,AR-B-ML,-35.3309901,-57.4556063,Ea. Santa Teresa (Álvarez Jonte),2026-02-20 08:22,129,56
L2763481,AR,AR-L,AR-L-UT,-37.27,-64.5025,Ea. Santo Domingo (La Pampa),2026-01-04 10:11,35,1
L2359369,AR,AR-V,AR-V-RG,-53.434477,-68.181008,Ea. Sara,2026-09-17 11:41,49,36
L3132072,AR,AR-Z,AR-Z-GA,-51.0570416,-71.79986,Ea. Tapi Aike,2026-03-14 14:19,33,14
L2763568,AR,AR-V,AR-V-US,-54.797,-68.2116667,Ea. Túnel y Río Encajonado,2025-04-16 11:33,44,4
L6043935,AR,AR-S,AR-S-NJ,-28.5184529,-61.7847662,Ea. Urunday,2006-06-19 08:00,107,6
L17110871,AR,AR-V,AR-V-RG,-53.9957985,-67.3998136,Ea. Viamonte,2026-09-24 14:55,45,26
L37358688,AR,AR-V,AR-V-RG,-54.1569488,-67.2364639,Ea. Viamonte--Hautumai Calle,2026-08-14 13:28,13,8
L33567443,AR,AR-V,AR-V-RG,-54.1188696,-67.3525494,Ea. Viamonte--La Faja,2024-06-02 14:01,10,4
L3100104,AR,AR-W,AR-W-ST,-28.226244,-55.9744629,Ea. Virocay,2026-07-09 09:11,249,191
L66409437,AR,AR-W,AR-W-SM,-29.358011,-56.798608,Ea. Yapeyú (Alianza del Pastizal),2026-05-16 16:16,95,21
L4053787,AR,AR-X,AR-X-GM,-32.3681743,-63.4207296,Ea. Yucat,2025-11-17 06:36,172,55
L12642314,AR,AR-R,AR-R-EC,-39.2151048,-67.7701915,Ea. Zinelli,2021-11-28 16:20,30,3
L9903156,AR,AR-P,AR-P-LA,-26.5426189,-58.257751,Ea. de Cid,2019-09-11 09:05,90,1
L25999345,AR,AR-S,AR-S-SV,-30.449093,-60.1524473,Ea. en La Brava,2023-07-15 13:00,66,2
L12054173,AR,AR-B,AR-B-ML,-35.693223,-57.3671961,Ea.Punta Indio,2025-07-08 08:00,95,11
L4126224,AR,AR-L,AR-L-UT,-37.39906,-64.71595,Ea.Turística A Puro Campo,2026-01-30 18:18,80,16
L11988726,AR,AR-V,AR-V-US,-54.8202968,-68.1522918,Ea.Túnel,2026-03-08 15:59,59,44
L8003709,AR,AR-A,AR-A-ME,-25.471404,-65.0389769,Ecolodge El Crestón,2021-05-08 14:00,157,13
L4429499,AR,AR-C,AR-C-DF,-34.5794118,-58.4173965,Ecoparque (Ex Zoo. de Buenos Aires),2026-09-25 15:48,151,785
L9369987,AR,AR-E,AR-E-CC,-31.2630013,-57.9661776,Ecoparque Salto Grande - Concordia,2026-09-26 17:16,91,33
L14281144,AR,AR-M,AR-M-MZ,-32.886024,-68.887507,Ecoparque de Mendoza,2026-06-27 11:15,34,2
L27455155,AR,AR-B,AR-B-SF,-34.43977,-58.55167,Ecoparque de San Fernando,2026-06-28 17:15,36,6
L12029641,AR,AR-W,AR-W-SM,-28.5378203,-57.1674228,Ecoposada del Estero,2026-08-06 13:30,159,78
L4019624,AR,AR-H,AR-H-BE,-27.3161499,-58.7373412,Ecorecreo del Sol,2022-11-18 09:33,92,7
L17352959,AR,AR-L,AR-L-TO,-36.6583094,-64.3637141,Eje Histórico Toay La Pampa,2026-05-09 16:41,41,5
L2763491,AR,AR-V,AR-V-RG,-53.827,-67.803,El  Tropezón (Tierra del Fuego),2026-07-29 14:37,48,51
L2763227,AR,AR-X,AR-X-PU,-30.8325,-64.5318333,El 44,2026-01-18 22:42,151,170
L8130900,AR,AR-Y,AR-Y-SP,-24.1987448,-64.6983885,El Acheral,2022-10-27 18:37,8,2
L16599373,AR,AR-A,AR-A-GM,-22.5465173,-63.9361315,El Aguay,2022-05-14 09:45,42,6
L12633547,AR,AR-A,AR-A-RL,-24.491137,-65.8905083,El Alfarcito,2026-09-04 13:19,53,33
L31167439,AR,AR-Y,AR-Y-CA,-24.1927636,-65.2349339,El Algarrobal,2025-10-07 10:04,111,8
L18349434,AR,AR-K,AR-K-EA,-28.3127839,-65.3694281,El Alto--Pastizal de Neblina,2022-04-02 16:15,6,0
L72372605,AR,AR-A,AR-A-GU,-25.8543984,-65.7016548,El Anfiteatro,2026-09-23 08:58,10,2
L9202730,AR,AR-A,AR-A-RF,-25.92,-65.1,El Arenal,2024-07-14 14:20,170,8
L7547044,AR,AR-W,AR-W-PL,-29.747237,-57.123171,El Arenal (Palmar de Palmera de Bonpland),2025-05-20 10:15,44,5
L54797050,AR,AR-S,AR-S-IR,-32.7240866,-61.2728545,El Bajo.,2026-06-06 15:30,64,2
L13052826,AR,AR-B,AR-B-SD,-38.0725212,-62.2685122,El Balcon del Arroyo,2026-08-14 17:41,65,13
L16545174,AR,AR-A,AR-A-GU,-25.442,-65.456,"El Barrial, Guachipas",2024-12-27 18:00,97,7
L2763296,AR,AR-E,AR-E-PA,-31.7806667,-60.6361667,El Barroso,2008-09-06 17:00,4,0
L682695,AR,AR-R,AR-R-BA,-41.9638301,-71.5353298,El Bolsón,2026-09-24 15:00,117,172
L4980087,AR,AR-R,AR-R-BA,-41.9688717,-71.4722818,El Bolsón--Bosque Tallado,2026-05-22 13:17,36,14
L11227878,AR,AR-R,AR-R-BA,-41.8543978,-71.6198783,El Bolsón--Cajón del Río Azul,2026-05-11 10:22,68,37
L15133184,AR,AR-R,AR-R-BA,-41.929,-71.551,El Bolsón--Cascada Escondida y Jardín Botánico,2025-12-25 19:31,30,10
L15085209,AR,AR-R,AR-R-BA,-41.932,-71.558,El Bolsón--Costa del Río Azul,2025-01-26 18:00,33,10
L2763049,AR,AR-H,AR-H-PM,-26.8974262,-59.0074718,El Cachapé,2025-11-29 15:44,251,112
L27562586,AR,AR-X,AR-X-PO,-31.3384913,-65.5018365,El Cadillo,2024-09-14 13:19,24,4
L488103,AR,AR-Z,AR-Z-LA,-50.3388871,-72.2807693,El Calafate,2026-09-22 16:00,137,464
L33880893,AR,AR-Z,AR-Z-LA,-50.2856373,-72.0544876,El Calafate--Aeropuerto,2026-09-14 16:10,50,27
L6832876,AR,AR-Z,AR-Z-LA,-50.3470146,-72.7086085,El Calafate--Humedal en Ruta 11,2026-04-10 08:49,73,64
L53541727,AR,AR-G,AR-G-SE,-27.940124,-64.1574786,El Camino del Croata.,2026-05-03 09:36,112,20
L10357700,AR,AR-F,AR-F-LR,-29.1762972,-66.8074978,El Cantadero,2024-10-12 13:05,129,49
L55359343,AR,AR-B,AR-B-BC,-37.711553,-58.033802,El Casal  (Alianza del Pastizal),2025-11-22 08:11,43,2
L37251447,AR,AR-X,AR-X-SA,-31.6676242,-65.0211812,El Caserío,2024-11-17 11:47,54,2
L13884952,AR,AR-A,AR-A-OR,-23.1322327,-64.2859193,El Cedral,2025-10-14 10:44,237,110
L9699252,AR,AR-Y,AR-Y-SA,-24.3015776,-65.2858686,El Ceibal,2026-03-09 19:26,146,24
L54056641,AR,AR-E,AR-E-FE,-31.0677042,-59.1353464,El Cencerro,2026-07-10 10:35,60,4
L9970141,AR,AR-Y,AR-Y-SB,-24.2602552,-64.4186972,El Centinela,2025-09-11 10:42,133,54
L8905112,AR,AR-B,AR-B-EC,-34.1840166,-59.249852,El Chajá,2025-04-19 12:33,170,188
L2763233,AR,AR-E,AR-E-PA,-31.5746349,-60.2836438,El Chapetón,2025-12-18 05:12,151,15
L2762448,AR,AR-B,AR-B-SL,-35.5,-59.5,El Charco (Ea. El Recuerdo),2026-09-11 13:05,34,6
L11496632,AR,AR-L,AR-L-PU,-37.1892923,-67.6296953,"El Copel, Puelén, La Pampa",2026-06-29 12:33,94,128
L29704263,AR,AR-X,AR-X-CA,-32.1668215,-64.7783732,El Durazno,2025-09-15 16:38,50,7
L7519958,AR,AR-X,AR-X-PU,-31.3336247,-64.6500134,El Durazno,2022-12-02 08:13,58,4
L12507946,AR,AR-X,AR-X-SJ,-30.9418633,-62.6639133,El Encuentro,2026-09-26 15:30,120,77
L3978972,AR,AR-R,AR-R-GR,-38.70301,-68.05085,El Escondido (Reserva Privada),2024-07-20 15:30,107,29
L22714610,AR,AR-M,AR-M-SR,-34.762537,-68.330362,El Escorial (R175),2026-05-10 12:21,112,35
L3304262,AR,AR-A,AR-A-LD,-26.0853089,-65.487324,El Espinal,2017-05-04 08:00,114,0
L27210085,AR,AR-A,AR-A-LD,-26.0846465,-65.4899385,El Espinal - El Jardin,2023-09-17 07:30,9,8
L23422745,AR,AR-K,AR-K-PO,-28.4161647,-66.1158304,El Espinillo,2023-04-01 08:00,27,1
L3768626,AR,AR-S,AR-S-CR,-32.9175397,-61.2235022,El Espinillo,2024-08-24 15:10,121,11
L14223058,AR,AR-U,AR-U-ES,-45.7781523,-67.3642283,El Farallon,2026-03-22 20:46,46,22
L18178449,AR,AR-G,AR-G-JM,-27.0171654,-64.458912,El Fisco,2025-08-25 13:00,46,2
L2763115,AR,AR-Y,AR-Y-SB,-24.2562029,-64.4214471,El Fuerte y Santa Clara,2026-06-30 18:45,173,101
L11445114,AR,AR-E,AR-E-FE,-31.0253564,-58.8630679,El Guaranina,2025-10-11 16:30,117,16
L2493480,AR,AR-U,AR-U-CU,-42.0812159,-71.534214,El Hoyo--Laguna Salamín o De Los Buenos Pastos,2026-07-18 13:07,72,31
L4980071,AR,AR-U,AR-U-CU,-42.0526227,-71.4917815,El Hoyo--Río Catarata,2026-01-18 19:45,14,3
L838297,AR,AR-T,AR-T-TD,-26.7398616,-65.7717133,El Infiernillo,2026-09-26 10:27,212,639
L10862515,AR,AR-R,AR-R-SA,-40.7833775,-65.0497985,El Jahuel Reserva privada,2026-05-05 13:00,93,30
L12619384,AR,AR-A,AR-A-AN,-25.1104549,-64.7279611,El Libano,2025-08-15 17:53,201,22
L22205622,AR,AR-K,AR-K-EA,-28.5786337,-65.513692,El Lindero,2026-03-28 11:00,63,4
L8131492,AR,AR-Y,AR-Y-SP,-24.1873729,-64.7229298,El Lobaton,2022-11-13 07:01,6,0
L4100233,AR,AR-U,AR-U-CU,-42.056113,-71.1515964,El Maitén y alrededores,2026-01-25 11:52,111,26
L20213582,AR,AR-H,AR-H-GG,-25.9650566,-60.4521871,"El Malha (-25,965, -60,452)",2026-07-25 16:00,162,22
L4802673,AR,AR-Y,AR-Y-SA,-24.3276436,-65.4375234,El Mato,2025-11-22 15:32,121,16
L14358186,AR,AR-N,AR-N-GU,-27.0468572,-54.4005954,El Maynó - Reserva Ecológica,2026-07-27 15:00,88,6
L21472797,AR,AR-A,AR-A-SV,-22.600105,-65.151329,El Molino,2022-09-02 09:00,8,3
L16042523,AR,AR-A,AR-A-CH,-25.0296683,-65.5611778,El Mollar,2024-03-10 16:29,43,12
L10681110,AR,AR-N,AR-N-CD,-27.4467415,-55.5851783,El Monte de los Abuelos,2025-04-10 09:31,133,38
L5005352,AR,AR-B,AR-B-LO,-38.135918,-58.7378597,El Moro,2026-06-21 16:18,110,25
L16967396,AR,AR-D,AR-D-GP,-33.158554,-65.393634,El Morro,2025-06-07 10:19,24,3
L9203401,AR,AR-A,AR-A-RF,-25.7213009,-65.0148246,El Naranjo,2023-08-15 10:34,42,3
L9833785,AR,AR-A,AR-A-CH,-25.1696774,-65.6282969,El Nogalar,2025-10-30 16:45,110,28
L8796482,AR,AR-A,AR-A-OR,-23.1236696,-64.4757346,El Oculto,2025-07-09 07:55,257,60
L31745383,AR,AR-L,AR-L-LM,-36.9918644,-66.1994255,El Odre
L6423440,AR,AR-X,AR-X-SJ,-30.9583086,-62.7077159,El Pampero,2026-07-17 17:00,208,121
L13532798,AR,AR-B,AR-B-SF,-34.2570359,-58.6342243,El Pantano/La Rosana,2026-01-04 07:43,77,16
L14928921,AR,AR-A,AR-A-OR,-22.885,-64.337,El Paso (Ruta Prov. a Trementinal),2021-05-13 16:00,27,1
L27135327,AR,AR-S,AR-S-SV,-29.4679494,-59.7447295,El Paso - Romang,2023-09-16 10:30,101,3
L21659777,AR,AR-P,AR-P-PR,-25.4732976,-58.7878887,El Paso Ghisla--Casa de Pablo y alrededores,2026-09-04 13:15,257,262
L28404335,AR,AR-B,AR-B-LT,-34.9293644,-58.1568456,El Peligro,2026-08-09 16:42,37,4
L37326499,AR,AR-R,AR-R-AA,-41.0221967,-62.7970178,El Pescadero (Desembocadura Río Negro),2026-05-17 15:15,82,15
L11766741,AR,AR-K,AR-K-AS,-26.4766228,-67.2676995,El Peñón (Catamarca),2026-08-12 18:47,70,33
L9130440,AR,AR-E,AR-E-VC,-32.8835865,-60.6433997,El Pimpollal,2025-06-20 11:38,115,13
L17661932,AR,AR-Z,AR-Z-LB,-46.0403472,-71.6597272,El Portezuelo (zona),2022-02-04 19:46,22,1
L5176828,AR,AR-K,AR-K-VV,-28.4650648,-65.6321767,El Portezuelo--Refugio Verde,2025-07-17 15:55,71,10
L27619832,AR,AR-E,AR-E-VC,-32.6040554,-60.1214653,El Potrero,2026-08-24 20:14,62,4
L54992878,AR,AR-K,AR-K-CT,-28.4293107,-65.8819797,El Potrero,2025-11-07 20:10,18,4
L10094932,AR,AR-K,AR-K-AG,-27.4898114,-66.3080373,El Potrero (Andalgalá),2026-09-06 18:43,100,33
L13082859,AR,AR-N,AR-N-GB,-25.5307638,-54.1389143,El Puente Verde Reserva de Aves Argentinas,2026-09-27 17:30,315,1209
L7525685,AR,AR-S,AR-S-LC,-31.7170699,-61.1675406,"El Puente, San Carlos Centro",2026-09-27 17:30,180,33
L61928805,AR,AR-K,AR-K-PA,-27.8623175,-65.7655013,El Puestito,2026-04-04 08:45,9,0
L8991668,AR,AR-Y,AR-Y-SP,-24.107095,-64.8250898,El Quemado,2025-07-01 10:12,69,11
L37790781,AR,AR-S,AR-S-GO,-28.1905054,-59.2954604,"El Rabón, Jaaukanigas, Santa Fe.",2026-05-22 12:59,17,1
L75667107,AR,AR-B,AR-B-MD,-34.596745,-59.659221,El Reencuentro,2026-08-17 17:41,34,3
L15093542,AR,AR-L,AR-L-AT,-37.1604505,-64.0316148,El Refugio,2025-09-26 15:02,38,2
L23983561,AR,AR-X,AR-X-CA,-32.073186,-64.5419171,El Remanso - Santa Rosa de Calamuchita,2026-09-27 16:42,80,29
L8031131,AR,AR-C,AR-C-DF,-34.594469,-58.481617,El Renacer de la Laguna,2026-09-26 14:55,139,169
L55359215,AR,AR-B,AR-B-BC,-37.700764,-58.044188,El Retoño  (Alianza del Pastizal),2026-09-19 15:28,77,9
L15368230,AR,AR-G,AR-G-BA,-27.7043274,-64.2593523,El Rincón,2026-07-26 17:24,98,21
L27490759,AR,AR-X,AR-X-CA,-32.0456366,-64.6177348,El Rodeo,2022-08-15 09:30,13,0
L29034828,AR,AR-K,AR-K-AM,-28.2127434,-65.8747364,El Rodeo,2026-08-16 17:15,122,45
L2763600,AR,AR-M,AR-M-LC,-32.9541604,-69.2729187,El Salto,2026-03-28 14:13,84,25
L56488505,AR,AR-K,AR-K-PA,-27.8659767,-65.7249284,El Saltón,2025-12-26 19:30,9,0
L8055699,AR,AR-H,AR-H-GG,-24.4254554,-61.6827904,El Sauzalito,2020-02-04 07:00,81,2
L6435495,AR,AR-K,AR-K-BE,-27.6897303,-67.1850014,El Shincal de Quimivil,2026-09-22 14:53,127,38
L11369713,AR,AR-N,AR-N-GU,-27.2983419,-54.1978741,El Soberbio,2026-09-15 09:57,171,63
L23265656,AR,AR-R,AR-R-SA,-40.9035898,-65.1590494,El Sotano,2026-03-15 14:40,68,14
L17498994,AR,AR-A,AR-A-GU,-26.077854,-65.573669,El Sunchal,2022-01-19 09:00,22,1
L18035717,AR,AR-S,AR-S-GO,-29.3728297,-59.5958011,El Surubicito,2022-02-19 10:15,16,1
L11601913,AR,AR-K,AR-K-AM,-28.328827,-65.914534,El Tala,2026-03-14 13:30,131,46
L5910117,AR,AR-Y,AR-Y-SB,-23.5593379,-64.3631686,El Talar,2020-03-11 15:24,64,10
L8089591,AR,AR-S,AR-S-GO,-28.5572003,-59.3097291,El Talar,2023-06-18 09:38,39,1
L21334201,AR,AR-D,AR-D-JU,-32.452373,-64.9704114,El Talar de Los Molles,2026-05-05 16:59,75,19
L37358123,AR,AR-K,AR-K-SM,-27.0890379,-66.1532479,El Tesoro,2025-04-26 10:58,37,2
L3002808,AR,AR-B,AR-B-RM,-33.4280361,-60.0783018,El Tonelero,2025-08-29 08:30,195,46
L12194495,AR,AR-D,AR-D-CP,-33.0839369,-66.0686016,El Trapiche,2026-06-19 08:17,72,10
L16526581,AR,AR-A,AR-A-LV,-25.451,-65.583,El Tunal,2021-10-02 09:41,26,1
L6929180,AR,AR-X,AR-X-JC,-33.1911328,-63.9666188,"El Tunal, Las Acequias",2026-08-30 14:00,196,148
L11996814,AR,AR-A,AR-A-LC,-24.5040136,-65.3308971,El Ucumar--Camino de Corniza,2026-09-21 10:59,131,118
L31313083,AR,AR-M,AR-M-LH,-32.9826425,-68.9640901,El Ututucal,2026-09-20 18:03,79,26
L11604231,AR,AR-X,AR-X-CE,-30.8493871,-64.6508718,El Vado De López,2025-12-06 16:33,131,25
L2763200,AR,AR-Z,AR-Z-GA,-51.969,-71.2488333,El Zurdo,2024-12-25 08:00,53,16
L29227409,AR,AR-X,AR-X-CB,-31.4035386,-64.1894707,El bulo del Vigi,2026-09-09 17:17,35,26
L13453319,AR,AR-X,AR-X-CO,-31.2586,-64.3463,El solitario,1998-12-06 16:00,5,0
L65809859,AR,AR-B,AR-B-RM,-33.4104689,-60.0967293,El tonelero Norte,2026-04-19 12:30,6,1
L12284732,AR,AR-K,AR-K-PA,-28.1423929,-65.6553275,El totoral,2026-08-25 10:00,51,9
L4609323,AR,AR-N,AR-N-ED,-26.4093981,-54.6104622,Eldorado,2026-09-21 07:20,175,30
L30103870,AR,AR-N,AR-N-ED,-26.418707,-54.602594,Eldorado--Lago Ziegler,2025-12-27 08:51,59,4
L30069395,AR,AR-N,AR-N-ED,-26.406789,-54.569578,Eldorado--Laguna de las Pérgolas,2025-10-11 15:09,69,2
L39570353,AR,AR-N,AR-N-ED,-26.393553,-54.597491,Eldorado--Plantación Araucaria Av. Formosa,2025-01-13 15:10,35,2
L50059546,AR,AR-S,AR-S-LC,-30.6958714,-61.0478385,Elisa--zona urbana,2025-07-16 13:12,7,1
L15734774,AR,AR-L,AR-L-RE,-35.4048409,-64.3135069,Embajador Martini,2026-04-16 09:00,87,13
L931384,AR,AR-A,AR-A-LV,-25.2859899,-65.3988647,Embalse Cabra Corral,2026-09-26 10:00,244,129
L2763007,AR,AR-D,AR-D-LC,-33.2667,-66.2166,Embalse Cruz de Piedra,2026-07-13 16:04,151,25
L2762687,AR,AR-X,AR-X-CE,-30.7667,-64.7333,Embalse Cruz del Eje,2026-06-27 16:17,170,46
L2263158,AR,AR-M,AR-M-RI,-33.3305282,-68.7242889,Embalse El Carrizal,2026-09-18 14:16,207,291
L4800083,AR,AR-M,AR-M-SR,-35.0269039,-68.678627,Embalse El Nihuil,2026-07-16 14:39,177,164
L2763010,AR,AR-D,AR-D-CP,-33.1167,-66.05,Embalse La Florida,2026-07-21 13:10,150,42
L34563742,AR,AR-N,AR-N-IG,-25.8757227,-54.5576945,Embalse Lago Urugua-í,2026-08-16 10:00,89,18
L21181764,AR,AR-A,AR-A-RL,-24.1780992,-65.8827794,Embalse Laguna del Toro,2025-01-30 11:11,53,52
L4680348,AR,AR-D,AR-D-CP,-33.0350929,-65.6646341,Embalse Río El Rosario,2026-05-14 08:00,194,76
L2762690,AR,AR-X,AR-X-CA,-32.2,-64.4833333,Embalse Río Tercero,2025-08-20 17:50,125,36
L11595522,AR,AR-X,AR-X-CA,-32.1842469,-64.3708397,Embalse--Villa Cantamė,2026-06-18 16:17,89,13
L55873263,AR,AR-A,AR-A-GM,-23.2081217,-64.0709171,Embarcacion--Laguna,2024-06-16 10:20,89,1
L1650659,AR,AR-A,AR-A-GM,-23.2092163,-64.1011654,Embarcación,2026-09-15 18:15,72,10
L12342675,AR,AR-S,AR-S-LC,-31.5467708,-60.8122062,Empalme San Carlos (pueblo y alrededores),2026-07-23 14:15,84,5
L796747,AR,AR-W,AR-W-EM,-27.9618077,-58.8056946,Empedrado,2026-09-25 18:34,138,15
L2310095,AR,AR-T,AR-T-TD,-26.5169705,-65.997963,Encalilla,2026-08-21 14:00,111,92
L14717975,AR,AR-Y,AR-Y-TU,-23.9319018,-65.5523447,"Encrucijada, El Chañi",2021-04-26 09:00,15,0
L21813482,AR,AR-B,AR-B-SC,-38.555067,-59.3538067,Energía,2010-07-23 16:30,11,0
L10732510,AR,AR-B,AR-B-TI,-34.3687528,-58.6561554,Entrada Recreo ACA Benavidez,2024-10-20 14:04,75,2
L38705117,AR,AR-T,AR-T-MO,-27.2195145,-65.6323772,Entrada Reserva Provincial La Forida ruta 324,2026-09-26 09:51,48,7
L16625956,AR,AR-G,AR-G-AT,-28.7480716,-64.0387674,Entrada a Guanaco Sombriana,2026-04-02 08:23,65,18
L16534463,AR,AR-G,AR-G-AV,-28.44028,-63.2196637,Entrada a Mailin,2026-01-19 09:10,81,17
L15360403,AR,AR-A,AR-A-LV,-25.4441553,-65.6338948,Entre Rios,2021-06-12 08:00,54,1
L16137451,AR,AR-E,AR-E-GC,-33.0657672,-58.2733493,"Entre Ríos  33° 3'54.35""S / 58°16'11.69""O",2021-08-15 11:00,26,1
L16137183,AR,AR-E,AR-E-II,-33.4430207,-58.6940526,"Entre Ríos 33°25'55.45""S  58°42'17.86""O",2026-06-13 11:45,128,26
L10826347,AR,AR-Z,AR-Z-LA,-50.3659258,-72.5683604,Eolo Lodge,2026-01-06 08:10,31,9
L3457461,AR,AR-Z,AR-Z-LA,-50.3688977,-72.5804901,Eolo Lodge,2026-03-21 14:42,58,31
L21717039,AR,AR-B,AR-B-AA,-37.1446885,-62.785408,Epecuen,2026-09-14 12:09,87,33
L1814769,AR,AR-U,AR-U-CU,-42.227854,-71.3636845,Epuyén,2026-04-05 09:50,62,20
L31707296,AR,AR-B,AR-B-SN,-33.524467,-60.31403,Erézcano,2025-05-04 09:30,31,4
L16303511,AR,AR-Q,AR-Q-CO,-38.9946109,-68.9286889,Esc 176 Challaco,2021-09-05 12:16,15,3
L35184326,AR,AR-E,AR-E-NO,-32.0802803,-59.7811295,Esc. N°8 Hnos. Sepag Nogoyá Ruta Provincial 34,2026-09-25 12:54,70,7
L18374647,AR,AR-E,AR-E-NO,-32.137588,-59.7296965,"Esc. Nº12 ""M.S.C"" Crucecitas Tercera",2026-09-24 07:53,70,19
L69375687,AR,AR-K,AR-K-CA,-28.8644822,-66.2429667,Escape Urbano,2026-06-05 08:15,10,0
L6041398,AR,AR-B,AR-B-TA,-38.3342476,-60.2554876,Escuela Agropecuaria de Tres Arroyos,2021-09-24 14:30,51,9
L11415027,AR,AR-A,AR-A-SA,-24.8352714,-65.4429817,Escuela Agrícola,2025-01-24 18:54,44,3
L9573197,AR,AR-S,AR-S-LC,-31.4563981,-60.9259593,Escuela Jorge Newbery Nº6401,2021-06-26 15:22,56,44
L16893440,AR,AR-S,AR-S-SC,-30.3136098,-61.2315853,Escuela M Belgrano 409 (4 manzanas) SC,2026-09-20 19:26,63,34
L40091753,AR,AR-T,AR-T-TD,-26.6378595,-65.8234155,Escuela Manuela Pedraza,2026-08-23 13:52,30,38
L2763465,AR,AR-B,AR-B-EN,-34.8333333,-57.8833333,Escuela Naval de la Armada y alrededores,2026-05-26 15:10,137,35
L19070966,AR,AR-X,AR-X-RC,-33.5078127,-64.5150852,Escuela Rural Bartolomé Mitre,2024-05-22 14:04,29,3
L5052996,AR,AR-B,AR-B-BB,-38.6943195,-62.2320127,Escuela de Agricultura y Ganadería UNS,2023-11-16 05:58,31,4
L16195368,AR,AR-S,AR-S-SC,-30.3054195,-61.2353361,Escuela m de ciencias y museo de CN,2024-07-05 19:15,16,6
L52471028,AR,AR-N,AR-N-IG,-25.8453492,-54.532721,Espacio Benignia,2026-09-11 18:50,84,3
L30199473,AR,AR-C,AR-C-DF,-34.5386597,-58.4631845,Espacio Memoria y Derechos Humanos ex ESMA,2026-03-06 15:46,38,11
L23763124,AR,AR-B,AR-B-MN,-34.63762,-58.6907,Espacio Verde,2025-10-20 16:12,34,4
L12894936,AR,AR-S,AR-S-GL,-33.7256561,-61.404266,Espadañales del negruzco,2025-09-11 13:44,113,19
L27490105,AR,AR-B,AR-B-SD,-37.3641147,-62.4321048,Espartillar,2025-11-09 17:00,48,6
L38415698,AR,AR-B,AR-B-AA,-37.36413,-62.4653615,Espartillar,2025-11-09 17:45,74,6
L8284140,AR,AR-S,AR-S-GL,-34.3782204,-62.777757,Espartillar de tachuri canela,2026-07-27 17:18,66,7
L10170400,AR,AR-S,AR-S-BE,-32.6719178,-61.9018696,"Espartillar de tachuri canela, Tortugas",2023-10-19 17:38,61,4
L28359466,AR,AR-S,AR-S-LP,-31.6118362,-60.665946,Espigón 1 Santa Fe,2026-02-09 18:39,105,11
L2763217,AR,AR-W,AR-W-ME,-28.9853186,-57.6991653,Espinal de Mercedes,2026-09-12 10:58,221,77
L8156210,AR,AR-S,AR-S-LC,-31.5660877,-61.3584038,Espinal de Sa Pereira,2025-03-22 09:50,108,19
L3803057,AR,AR-S,AR-S-LC,-31.6661102,-61.4453745,Espinal de San Mariano,2026-03-14 08:28,137,22
L6424495,AR,AR-S,AR-S-BE,-33.0270638,-61.7844675,Espinal de cruce de ruta 15 y río Carcaraña,2026-07-31 11:12,97,9
L9684940,AR,AR-S,AR-S-SR,-31.92264,-60.781742,Espinillal Tapera Aguirre,2025-05-10 11:21,70,3
L6264023,AR,AR-P,AR-P-PG,-24.9816007,-58.5525095,Espinillo,2017-09-07 08:20,21,1
L31614456,AR,AR-U,AR-U-FU,-42.9413447,-71.3703451,Esquel--Callejón Codesal,2026-03-23 16:25,17,4
L7355514,AR,AR-U,AR-U-FU,-43.0353329,-71.3508368,Esquel--Camino Vecinal Ea. Cóndor,2026-06-28 15:31,44,19
L7101318,AR,AR-U,AR-U-FU,-42.9289182,-71.3018167,Esquel--Cerro La Cruz,2025-04-23 13:29,23,5
L4094468,AR,AR-U,AR-U-FU,-42.9163324,-71.2793008,Esquel--Humedal Acceso,2026-07-05 15:37,60,21
L4109369,AR,AR-U,AR-U-FU,-42.9334272,-71.3330269,Esquel--La Buitrera (acceso restringido),2025-06-08 15:46,43,14
L3448931,AR,AR-U,AR-U-FU,-42.8921271,-71.301527,Esquel--La Cascada,2026-09-22 19:19,80,115
L3878701,AR,AR-U,AR-U-FU,-42.8999005,-71.3133019,Esquel--Maitenal,2025-02-05 16:58,22,4
L8839031,AR,AR-U,AR-U-FU,-42.9234799,-71.3368212,Esquel--Mallin Sur Arroyo Esquel,2026-09-18 10:16,55,39
L2365808,AR,AR-U,AR-U-FU,-42.8850209,-71.3421249,Esquel--RNU Laguna La Zeta,2026-09-27 09:03,117,559
L11379662,AR,AR-U,AR-U-FU,-43.0021777,-71.4071083,Esquel--Villa los Cóndores,2026-07-13 09:01,45,15
L3627714,AR,AR-U,AR-U-FU,-42.9173379,-71.321826,Esquel--Zona urbana,2026-09-10 09:25,62,76
L20323015,AR,AR-W,AR-W-ES,-30.0366284,-59.5355558,Esquina--Cabaña Pesque con Foncho,2025-11-08 15:03,118,9
L16444076,AR,AR-W,AR-W-ES,-30.0183151,-59.5367272,Esquina--Posada Lauritto,2024-11-22 11:59,80,10
L2763469,AR,AR-B,AR-B-AC,-38.0941667,-60.4898333,Est. El Germerito,2017-09-07 17:44,6,0
L56082811,AR,AR-S,AR-S-CL,-31.0690138,-61.3760987,Est. El Puesto - Galisteo SF,2025-12-17 09:18,67,3
L2763457,AR,AR-B,AR-B-AC,-37.9123333,-60.5331667,Est. La Argentina,2023-01-12 08:50,94,4
L2763466,AR,AR-B,AR-B-TA,-38.5656667,-60.446,"Est. Maragatos, Tres Arroyos",2009-09-09 10:00,1,0
L2762451,AR,AR-B,AR-B-MT,-35.3,-58.75,Estab. El Brasero (S.M. Monte),2026-04-04 09:03,48,6
L16494697,AR,AR-S,AR-S-GO,-28.0094679,-59.5327655,"Establecimiento  Ramonita II, de los Moreira",2025-03-02 21:00,181,71
L57967273,AR,AR-S,AR-S-GO,-28.2853885,-59.2530938,Establecimiento Don Lito.,2026-09-13 18:06,139,14
L5525921,AR,AR-S,AR-S-SJ,-30.4257827,-60.5342388,Establecimiento Dos Marías (Colonia Silva),2023-06-17 11:41,114,10
L10970966,AR,AR-S,AR-S-GO,-28.2072036,-59.4029512,Establecimiento El Picaflor,2020-03-14 07:12,76,3
L16574005,AR,AR-B,AR-B-PA,-39.3688527,-63.2971003,Establecimiento El Progreso,2025-11-11 20:00,75,5
L8997140,AR,AR-B,AR-B-VI,-39.4574998,-62.8792332,Establecimiento El Puesto,2026-04-20 10:14,136,73
L7395450,AR,AR-B,AR-B-VI,-39.8419895,-62.1365261,Establecimiento El Riacho,2025-10-11 08:00,50,6
L57604265,AR,AR-B,AR-B-SC,-38.627935,-59.6187687,Establecimiento El Tamarindo,2026-07-10 10:00,47,5
L7413603,AR,AR-B,AR-B-SC,-38.5642962,-59.6999699,Establecimiento El Tamarisco,2026-06-14 12:46,64,46
L7514781,AR,AR-H,AR-H-BE,-26.9208455,-58.7790871,Establecimiento Ibiri,2026-05-17 11:38,189,106
L27355133,AR,AR-E,AR-E-CC,-31.2633423,-57.9913102,Establecimiento La Angélica,2026-02-28 07:15,102,49
L12128550,AR,AR-E,AR-E-PA,-31.7499,-60.2950783,Establecimiento La Rosalia,2023-12-28 16:30,140,21
L3887061,AR,AR-W,AR-W-ST,-28.110957,-56.051892,Establecimiento Las Marias,2026-07-02 08:02,265,167
L1007154,AR,AR-P,AR-P-FO,-26.343422,-58.2221639,Establecimiento Los Picazos,2026-06-17 11:45,295,212
L4577531,AR,AR-S,AR-S-LP,-31.6187434,-60.626936,Establecimiento Rincon del Bañado,2026-09-25 07:18,212,84
L6422075,AR,AR-H,AR-H-PM,-27.2785476,-59.0361071,Establecimiento San Rafael,2026-02-22 09:54,230,237
L2762693,AR,AR-X,AR-X-RG,-31.65,-63.6167,Establecimiento Santa Elena (laguna)
L9786478,AR,AR-H,AR-H-GD,-27.231665,-59.2742775,Establecimiento Santa Teresa,2019-08-11 07:14,99,7
L3025384,AR,AR-S,AR-S-SC,-30.198553,-61.149559,Establecimiento Tierra Buena,2026-09-26 09:53,205,164
L46672590,AR,AR-Q,AR-Q-LA,-40.496512,-71.2076576,Estacion meteorlogica,2017-01-16 16:00,1,0
L20572049,AR,AR-A,AR-A-GU,-25.623765,-65.610615,Estación Alemania,2026-07-08 14:31,90,18
L6501165,AR,AR-X,AR-X-CO,-31.1730618,-64.347589,Estación Biologica Mil Aves,2022-07-05 18:25,90,12
L5571369,AR,AR-Z,AR-Z-LB,-47.2413952,-71.1922216,Estación Biológica Juan Mazar Barnett - Aves Argentinas,2026-05-19 17:57,106,1096
L11639097,AR,AR-A,AR-A-LC,-24.6985995,-65.2887468,Estación El Mojotoro,2025-09-16 10:33,81,12
L52038670,AR,AR-S,AR-S-LC,-31.0834548,-61.1803358,Estación Ing. Boasi EEAL (Espacio Educativo al Aire Libre),2025-08-26 13:47,32,5
L6072626,AR,AR-B,AR-B-BB,-38.5232503,-62.2898598,Estación La Viticola,2024-04-28 17:48,41,7
L43288997,AR,AR-K,AR-K-AG,-27.617252,-66.330651,"Estación de Huaco (-27.6173,-66.3307)",2026-05-12 15:51,61,5
L32553393,AR,AR-B,AR-B-BZ,-34.7894001,-58.2032734,Estación de Ranelagh y alrededores,2026-04-08 12:39,37,12
L12441485,AR,AR-S,AR-S-LC,-31.4570709,-60.9329158,Estación de tren Esperanza y alrededores,2026-06-30 14:42,33,14
L16303534,AR,AR-Q,AR-Q-CO,-38.9769793,-68.9446452,Estación de tren de Challaco,2021-09-05 15:52,18,3
L14975972,AR,AR-G,AR-G-SE,-27.76535,-64.26771,Estadio unico de Santiago del Estero,2026-05-09 16:53,55,9
L2945334,AR,AR-B,AR-B-TA,-38.7266667,-60.3766667,Estancia El Gaucho,2026-02-02 16:17,67,4
L2763188,AR,AR-B,AR-B-VM,-35.2166667,-59.5666667,Estancia El Rincón,2022-07-27 15:01,70,0
L43393737,AR,AR-E,AR-E-CC,-31.4730351,-58.1720066,Estancia Grande,2026-04-28 12:41,7,2
L15300935,AR,AR-S,AR-S-SM,-31.8679932,-61.7345801,Estancia La Isabella,2021-09-18 16:45,46,2
L25646473,AR,AR-B,AR-B-GR,-34.6917686,-58.888363,Estancia Saavedra,2026-09-05 16:46,150,46
L76126583,AR,AR-W,AR-W-ME,-29.01664,-58.50386,Estancia Tupambaé,2026-08-23 16:00,70,2
L15360661,AR,AR-A,AR-A-LV,-25.4537921,-65.5806248,Estanque Infiernillo,2021-10-02 11:40,57,5
L22292469,AR,AR-K,AR-K-SR,-28.1870747,-65.4987004,Estanque de Alijilán,2024-02-25 17:00,52,10
L2763357,AR,AR-B,AR-B-PA,-40.7566667,-62.7698333,Estepas arbustivas del Sur de Buenos Aires,2019-05-11 16:00,7,0
L6366563,AR,AR-P,AR-P-PR,-25.4415695,-58.7524581,Estero Caindotá,2024-10-12 18:04,167,15
L10194668,AR,AR-S,AR-S-LP,-31.3245172,-60.723042,Estero El Boyero,2025-09-21 08:50,101,11
L13332513,AR,AR-S,AR-S-VE,-28.5599998,-60.2056026,Estero Las leonas (rp 31),2025-07-19 13:45,101,6
L4682036,AR,AR-W,AR-W-MB,-27.9392895,-58.2491255,Estero San Lorenzo,2025-11-23 10:24,142,7
L2763375,AR,AR-W,AR-W-SP,-27.5944134,-58.6628723,Estero Valenzuela,2025-09-07 11:33,99,9
L10147295,AR,AR-S,AR-S-GO,-28.2012263,-59.4460459,Estero Yugo Quebrado,2026-05-22 13:15,198,45
L13498986,AR,AR-S,AR-S-SC,-30.0287031,-60.8733789,Esteros del 12,2026-09-26 15:05,122,8
L2762584,AR,AR-H,AR-H-LM,-26.7833,-59.1333,Esteros del Río de Oro,2014-05-03 16:00,89,2
L14781100,AR,AR-V,AR-V-US,-54.9153686,-65.0244363,Estrecho Le Maire,2026-03-24 09:39,44,140
L2763572,AR,AR-Z,AR-Z-CA,-49.9381667,-68.5735,Estuario Rio Santa Cruz,2023-08-14 10:17,70,166
L2763389,AR,AR-Z,AR-Z-GA,-50.9692381,-69.2203903,Estuario del Río Coyle,2026-05-20 12:53,102,330
L2762354,AR,AR-V,AR-V-RG,-53.8,-67.6833,Estuario del Río Grande y costas cercanas,2026-05-31 17:21,64,75
L9747610,AR,AR-S,AR-S-LP,-31.2869985,-60.6634586,Eucaliptal - Laguna Paiva (ciudad),2026-09-20 13:09,65,5
L34994306,AR,AR-C,AR-C-DF,-34.5625839,-58.5043608,Ex Chacra Saavedra,2026-03-29 16:23,64,6
L14974808,AR,AR-K,AR-K-PA,-28.0883154,-65.6016868,Ex Cuesta del Totoral,2025-06-15 08:02,43,7
L51388240,AR,AR-J,AR-J-SJ,-31.6259607,-68.4255874,Ex Dique bello. Reserva natural,2026-04-19 17:34,32,4
L22267190,AR,AR-S,AR-S-LP,-31.6244716,-60.6990337,"Ex Jardin botanico, Rep. del Libano - CSF",2023-01-19 09:07,18,2
L26746606,AR,AR-C,AR-C-DF,-34.662261,-58.499799,Ex Mercado de Hacienda de Liniers (Mataderos),2026-04-26 15:50,24,1
L3743183,AR,AR-W,AR-W-CN,-27.5540142,-58.8154364,Ex Regimiento Santa Catalina,2020-10-17 07:00,133,10
L35908041,AR,AR-S,AR-S-IR,-32.7100864,-61.0084581,Ex-Usina Lucio V. López.,2026-09-26 16:00,137,56
L9676107,AR,AR-S,AR-S-GL,-33.7242844,-61.3996948,"Ex-ruta 93, sector sur laguna Melincue",2026-09-22 07:23,132,32
L2763272,AR,AR-X,AR-X-PP,-34.3166667,-63.1166667,Extremo sureste de Córdoba,2023-06-20 12:40,34,1
L4012774,AR,AR-B,AR-B-EB,-34.8541716,-58.5227537,Ezeiza,2026-05-30 13:00,61,26
L17610228,AR,AR-B,AR-B-QU,-34.7477674,-58.2203311,Ezpeleta,2022-02-15 06:00,14,1
L9420314,AR,AR-S,AR-S-LC,-31.4415753,-60.9401984,FCV Y FCA - UNL,2026-09-08 11:47,57,15
L5632173,AR,AR-B,AR-B-ES,-34.3295448,-58.8239336,FLENI,2024-08-24 07:39,70,13
L2473757,AR,AR-N,AR-N-PS,-27.6288526,-55.7048249,Fachinal,2026-05-09 07:48,221,48
L76130431,AR,AR-M,AR-M-LC,-33.0066481,-68.8725615,Facultad Ciencias Agrarias UNCuyo,2026-08-18 15:00,24,1
L9543737,AR,AR-B,AR-B-LT,-34.9086193,-57.9271709,Facultad de Ciencias Naturales y Museo de La Plata,2026-08-30 15:13,56,26
L2347597,AR,AR-C,AR-C-DF,-34.5924843,-58.4824133,Facultades de Agronomía y Veterinaria,2026-09-19 15:10,129,555
L15446753,AR,AR-U,AR-U-RS,-45.3121,-69.98222,Facundo,2024-06-07 16:09,24,2
L14667581,AR,AR-X,AR-X-SM,-31.5858333,-64.4586111,Falda del Carmen,2026-05-04 18:36,77,6
L13464830,AR,AR-X,AR-X-SM,-31.5314666,-64.5207759,Falda del cañete,2023-02-19 07:45,92,5
L4513972,AR,AR-V,AR-V-US,-54.8372302,-68.3767176,Faldeo Monte Susana,2026-08-19 14:22,75,449
L28983880,AR,AR-S,AR-S-GO,-28.530644,-59.2565994,Falsa Collera,2026-03-18 14:54,144,5
L2945337,AR,AR-F,AR-F-FA,-28.8615,-67.4916667,Famatina,2025-02-02 00:00,93,8
L9877094,AR,AR-V,AR-V-US,-54.8714953,-68.0833054,Faro Les Eclaireurs,2026-09-22 10:06,73,476
L30127023,AR,AR-U,AR-U-ES,-45.778778,-67.3797512,Faro San Jorge,2024-10-19 18:00,8,3
L7563192,AR,AR-E,AR-E-FC,-30.9856282,-57.9216133,Federación,2026-06-30 11:00,181,62
L77475701,AR,AR-E,AR-E-FC,-30.9771213,-57.9240495,Federación--Costanera
L7944285,AR,AR-E,AR-E-FE,-30.9479272,-58.7909723,Federal,2026-01-19 03:10,121,56
L2763435,AR,AR-W,AR-W-ME,-29.216,-58.322,Felipe Yofre,2024-12-17 05:23,80,2
L50191824,AR,AR-W,AR-W-ME,-29.0238113,-58.3298822,Felipe Yofre,2025-07-09 16:00,22,0
L15718362,AR,AR-R,AR-R-EC,-38.980097,-68.1560874,"Feria de Prod, Balsa las Perlas, Río Negro, AR (-38,98, -68,156)",2021-08-19 15:17,34,1
L15718425,AR,AR-R,AR-R-EC,-38.9798707,-68.1563455,Feria de Productores Balsa las Perlas,2021-07-10 14:24,26,0
L19944282,AR,AR-G,AR-G-SI,-28.1066335,-64.1480687,Feria de Villa Silípica,2023-09-30 13:15,57,10
L4028212,AR,AR-G,AR-G-RO,-27.922758,-63.8919353,Fernández,2026-09-07 19:07,54,15
L15892729,AR,AR-R,AR-R-GR,-38.95681,-67.9203343,Fernández Oro,2025-10-11 08:16,64,22
L2763369,AR,AR-K,AR-K-TI,-27.6815,-67.621,Fiambalá,2026-08-13 18:05,106,40
L7046031,AR,AR-Q,AR-Q-LL,-40.7196969,-71.6375005,Filo Falso Belvedere y Cajón Negro,2026-03-28 10:29,41,12
L55261965,AR,AR-U,AR-U-GM,-43.2833797,-65.4397999,"Finca ""Las Margaritas""",2025-11-19 10:41,21,13
L2763317,AR,AR-J,AR-J-SA,-32.0208333,-68.3683333,Finca Agrojumbo,2021-05-19 09:38,53,1
L73324256,AR,AR-K,AR-K-SR,-28.1759874,-65.5061531,Finca Alijilán,2026-07-11 11:45,33,2
L11747330,AR,AR-A,AR-A-OR,-23.1489182,-64.2116044,Finca Chagra,2023-04-26 12:18,74,2
L44111057,AR,AR-A,AR-A-CH,-25.099124,-65.560956,Finca Cielo Verde,2026-07-01 08:48,129,22
L18893297,AR,AR-N,AR-N-CD,-27.47424,-55.5997808,Finca Don Ramón,2025-09-14 10:31,65,9
L15180883,AR,AR-A,AR-A-GU,-25.552,-65.544,Finca El Acheral,2025-04-27 16:20,54,4
L7244790,AR,AR-A,AR-A-CH,-25.202043,-65.8286233,Finca El Candado,2023-10-14 09:23,86,54
L16961048,AR,AR-A,AR-A-LV,-25.438,-65.559,Finca El Carmen,2021-12-29 14:34,34,6
L17102230,AR,AR-Y,AR-Y-EC,-24.4326168,-65.2992067,Finca El Cornejo,2026-09-18 10:15,92,22
L14708043,AR,AR-A,AR-A-GU,-25.5298667,-65.5135145,Finca El Molino,2026-06-20 10:09,121,26
L12613716,AR,AR-A,AR-A-ME,-25.3893239,-64.944447,Finca El Naranjo,2024-11-29 09:21,22,6
L27555305,AR,AR-A,AR-A-AN,-25.2542129,-64.5619442,Finca El Polaco. El Galpon,2025-11-08 17:07,145,26
L53416132,AR,AR-A,AR-A-LC,-24.6650472,-65.4213053,Finca El Refugio,2025-08-02 08:30,27,1
L10948428,AR,AR-Y,AR-Y-SB,-23.5815571,-64.3533888,Finca El Talar,2020-03-11 16:30,78,3
L9810081,AR,AR-Y,AR-Y-SB,-23.638429,-64.381511,Finca El Talar,2019-08-18 08:50,10,2
L16976505,AR,AR-A,AR-A-GU,-25.818,-65.359,Finca El Tobar,2026-01-22 09:17,41,4
L25643155,AR,AR-A,AR-A-CH,-25.1417311,-65.4149721,Finca La Espuela,2025-10-11 16:35,150,23
L10219954,AR,AR-A,AR-A-SA,-24.8287189,-65.2338866,Finca La Montaña,2026-09-19 20:16,261,718
L11709195,AR,AR-A,AR-A-CH,-25.1658945,-65.6318584,Finca La Soñada,2025-09-30 17:13,122,33
L37360129,AR,AR-A,AR-A-GG,-24.8924953,-64.8484267,Finca La Trampa,2026-09-24 11:09,157,44
L15871626,AR,AR-A,AR-A-CH,-25.1191757,-65.6037855,Finca La Vida,2026-07-04 08:58,177,69
L11235274,AR,AR-Y,AR-Y-SP,-24.3345164,-64.6605618,Finca Lagami,2020-04-24 15:00,14,0
L2763602,AR,AR-A,AR-A-SA,-24.7720889,-65.5183233,Finca Las Costas,2026-09-19 08:25,168,41
L2763343,AR,AR-A,AR-A-SA,-24.767,-65.5583333,Finca Las Costas--Bosque Montano,2025-06-01 13:03,47,5
L2763198,AR,AR-J,AR-J-SA,-31.9,-68.45,Finca Las Palmeras,2008-06-30 09:00,19,0
L27331496,AR,AR-G,AR-G-SE,-27.9085365,-64.1724563,Finca Los Colmenares,2026-09-24 11:43,165,344
L27409176,AR,AR-Y,AR-Y-EC,-24.3808766,-65.0311394,Finca Magallon,2026-06-28 12:02,58,1
L3884973,AR,AR-A,AR-A-AN,-25.3190305,-64.7146225,Finca Miraflores,2023-02-12 09:35,62,1
L6125857,AR,AR-W,AR-W-ES,-30.2147976,-59.5539075,Finca Mombiri,2024-10-20 18:17,146,11
L44718883,AR,AR-G,AR-G-SE,-27.9644632,-64.1627177,Finca Monte Adentro. Santa Rosa,2026-09-26 21:20,113,477
L28955397,AR,AR-D,AR-D-AY,-32.6113844,-66.0834781,Finca Punta Serrana,2026-01-11 18:19,68,8
L22123715,AR,AR-A,AR-A-GM,-22.5783619,-63.7849581,Finca San Miguel,2026-01-02 19:26,25,3
L14847329,AR,AR-A,AR-A-GU,-25.536,-65.437,Finca Santa Elena,2021-05-08 10:29,24,1
L14947687,AR,AR-A,AR-A-GU,-25.536,-65.522,Finca Santa Elena,2022-05-14 16:43,69,6
L15379304,AR,AR-G,AR-G-SE,-27.9137594,-64.225614,Finca Sayago,2021-06-23 14:44,52,3
L12005099,AR,AR-D,AR-D-LM,-32.643212,-65.621351,Finca las Pircas,2020-08-02 08:00,34,1
L2763450,AR,AR-A,AR-A-OR,-23.1118333,-64.6565,Fincas Santiago y San Andrés,2018-09-11 17:00,10,0
L12016501,AR,AR-Z,AR-Z-LA,-49.27147,-73.0463588,Fitz Roy,2026-05-24 17:36,38,2
L5715287,AR,AR-C,AR-C-DF,-34.6349051,-58.4845813,Floresta - Estación y Cercanías,2026-08-15 14:12,43,29
L10065820,AR,AR-N,AR-N-SP,-26.556944,-53.896944,Forestal Belga,2024-11-03 19:14,203,14
L10059700,AR,AR-N,AR-N-SP,-26.5723702,-53.8025096,Forestal Belga--Campamento Yacutoro,2021-08-28 11:01,191,31
L4129371,AR,AR-P,AR-P-FO,-26.1728475,-58.1460113,Formosa--Paseo Costanero,2026-09-03 14:00,204,148
L10008806,AR,AR-P,AR-P-FO,-26.175063,-58.164253,Formosa--Paseo Ferroviario,2026-05-30 17:11,128,25
L2430039,AR,AR-D,AR-D-GD,-35.1306142,-65.3775358,Fortuna,2025-04-16 16:34,73,5
L3714352,AR,AR-P,AR-P-PA,-24.287731,-59.8297834,Fortín Cabo Lugones,2015-06-07 00:15,1,0
L7096744,AR,AR-B,AR-B-RI,-35.688352,-62.9981117,Fortín Olavarria--Laguna,2018-03-20 16:00,34,1
L2761729,AR,AR-P,AR-P-BE,-24.1492598,-60.6939697,Fortín Soledad,2026-09-15 06:02,238,162
L26977775,AR,AR-P,AR-P-BE,-24.1454618,-60.6931659,Fotín Soledad--Camino que rodea la laguna,2026-09-15 06:42,206,86
L27422002,AR,AR-B,AR-B-MT,-35.376545,-58.851679,Francisco Berra,2026-06-03 12:28,89,22
L11738300,AR,AR-S,AR-S-LC,-31.5848208,-60.9380663,Franck (Pueblo y alrededores),2025-05-26 17:35,36,6
L10287670,AR,AR-S,AR-S-GL,-33.6661879,-61.4964713,Frente Camping La Fabrica,2024-10-31 17:30,120,23
L2698680,AR,AR-U,AR-U-FA,-45.4909457,-63.6767578,Frente Golfo San Jorge,2026-07-01 22:00,35,21
L12498965,AR,AR-D,AR-D-LC,-33.1623424,-66.2663628,Frente a Los Lapachos,2025-12-07 16:57,70,7
L28492189,AR,AR-X,AR-X-RP,-30.9092566,-62.8407934,Frente desembocadura Suquía,2026-05-24 16:43,114,15
L9179765,AR,AR-B,AR-B-EN,-34.8470902,-57.9258392,Fuerte Barragán,2026-03-22 16:00,111,80
L26196974,AR,AR-K,AR-K-SM,-26.6152268,-66.049945,"Fuerte Quemado, Catamarca",2025-02-27 09:08,28,4
L2763338,AR,AR-B,AR-B-TD,-37.3666667,-58.8166667,Fulton,2025-11-09 16:00,81,6
L39720820,AR,AR-S,AR-S-RO,-32.9297169,-60.8283191,Funes,2026-05-08 17:20,27,4
L37282538,AR,AR-B,AR-B-ME,-34.6800877,-58.7473726,GIVA,2026-08-28 16:04,52,27
L488169,AR,AR-U,AR-U-GM,-43.2935751,-65.4948235,Gaiman,2026-04-12 12:00,114,126
L19591749,AR,AR-U,AR-U-GM,-43.2926052,-65.4968341,Gaiman--Costanera Río Chubut,2026-09-25 12:15,37,35
L19591594,AR,AR-U,AR-U-GM,-43.2912715,-65.4981065,Gaiman--Plaza Julio Argentino Roca,2026-09-25 11:45,29,30
L19592074,AR,AR-U,AR-U-GM,-43.2888146,-65.4955777,Gaiman--Sendero de la Estepa,2026-06-06 14:40,15,7
L21336621,AR,AR-U,AR-U-GM,-43.341306,-65.4358256,"Gaiman--lagunas de salitre, ca. Avícola Carpat",2026-03-19 14:26,74,49
L2763476,AR,AR-W,AR-W-ST,-28.0840969,-56.6976929,Galarza,2026-09-08 12:22,219,59
L3142369,AR,AR-P,AR-P-PM,-25.3253303,-57.7043474,Garcete Cué,2021-05-08 11:31,34,3
L24744434,AR,AR-A,AR-A-GU,-25.8485452,-65.7003987,Garganta del Diablo (Salta),2026-09-23 08:35,51,39
L8092544,AR,AR-W,AR-W-ST,-28.1758527,-55.6474656,Garruchos,2025-09-14 14:07,127,34
L3118553,AR,AR-N,AR-N-PS,-27.4798724,-55.8274555,Garupá,2026-06-23 10:24,153,19
L11630924,AR,AR-N,AR-N-PS,-27.4941439,-55.8209831,Garupá--costanera,2023-07-17 14:00,40,6
L5828893,AR,AR-L,AR-L-UT,-37.3722035,-64.5981181,General Acha,2026-08-11 17:05,109,23
L6072965,AR,AR-M,AR-M-GA,-34.9787443,-67.688098,General Alvear (Ciudad),2025-01-24 18:26,37,7
L57186674,AR,AR-B,AR-B-MT,-35.748308,-58.496075,General Belgrano,2026-08-03 16:03,80,13
L6424606,AR,AR-B,AR-B-BB,-38.7193561,-62.3947392,General Cerri,2023-11-15 08:10,99,16
L17677739,AR,AR-B,AR-B-BB,-38.7085265,-62.3704739,General Cerri--ingreso,2024-10-15 09:31,42,3
L15829120,AR,AR-B,AR-B-GG,-36.644974,-57.7946559,General Guido,2026-08-07 11:54,100,27
L76543793,AR,AR-B,AR-B-GJ,-36.979238,-57.1499777,General Juan Madariaga,2026-08-31 12:17,1,0
L17567399,AR,AR-B,AR-B-GJ,-36.9427775,-57.1303564,General Madariaga--Laguna La Larga,2026-09-27 09:59,114,59
L5870797,AR,AR-R,AR-R-GR,-39.0469192,-67.5880623,General Roca,2026-09-13 16:52,117,490
L36460870,AR,AR-B,AR-B-GV,-35.0424259,-63.0094761,General Villegas--Laguna del Parque Municipal,2026-05-25 14:00,61,14
L77808324,AR,AR-B,AR-B-ES,-34.3519424,-58.767105,Germinar -- Centro de Aprendizaje Nativo,2026-09-27 09:34,43,5
L5797979,AR,AR-V,AR-V-US,-54.7854438,-68.3885193,Glaciar Martial,2026-09-25 11:09,54,251
L1231085,AR,AR-V,AR-V-US,-54.7990522,-68.3701301,Glaciar Martial--estacionamiento,2026-08-02 17:00,54,196
L28197351,AR,AR-B,AR-B-CM,-34.0988167,-58.8976099,Glamping Casa Blanca,2026-08-30 16:55,104,14
L23152732,AR,AR-H,AR-H-GG,-24.7253139,-61.1735806,Glamping los Palmares,2026-09-25 15:52,119,28
L20880567,AR,AR-S,AR-S-LP,-31.4033737,-60.7531678,Gobernador Candioti,2026-08-15 09:42,37,8
L21675201,AR,AR-U,AR-U-TH,-44.049655,-70.5996263,Gobernador Costa,2026-05-15 04:11,29,10
L68941346,AR,AR-L,AR-L-CU,-38.7448009,-66.4376298,Gobernador Duval,2026-06-03 08:00,23,2
L58098858,AR,AR-Z,AR-Z-RC,-48.7439461,-70.3146729,Gobernador Gregores--Escuela Agropecuaria,2026-04-13 14:37,44,67
L10883146,AR,AR-Z,AR-Z-RC,-48.7563814,-70.2075113,Gobernador Gregores--Mallín Río Chico,2026-01-22 14:07,60,16
L6201916,AR,AR-B,AR-B-CL,-35.2932563,-58.5965675,Gobernador Udaondo--Bañado,2022-10-24 16:35,109,24
L68465892,AR,AR-B,AR-B-AL,-35.1548001,-60.0946825,"Gobernador Ugarte, Acceso RP51",2026-05-30 14:30,35,2
L22769655,AR,AR-U,AR-U-RA,-42.76247,-64.544783,Golfo Nuevo,2026-03-20 15:05,36,32
L3984496,AR,AR-B,AR-B-GB,-35.6769254,-58.9380777,Gorchs,2026-08-16 16:00,103,7
L39351716,AR,AR-W,AR-W-GO,-29.17671,-59.280965,Goya--Camino al Bajo,2025-09-27 16:41,140,11
L8840817,AR,AR-W,AR-W-GO,-29.12328,-59.2597035,Goya--Playa el Ingá,2026-09-03 13:23,139,42
L6108613,AR,AR-B,AR-B-GJ,-37.0802167,-57.16429,Gral Madariaga--Ea. Las Mostazas,2024-05-11 10:09,100,8
L17392229,AR,AR-R,AR-R-CO,-40.1072972,-64.4841934,Gral. Conesa,2026-01-18 09:13,83,27
L13400245,AR,AR-B,AR-B-GJ,-37.1541718,-56.9585907,Gral. Juan Madariaga--Camino a Juancho,2026-06-17 13:00,146,32
L844895,AR,AR-B,AR-B-GL,-36.4013717,-56.9511133,Gral. Lavalle,2026-09-12 21:51,197,181
L835806,AR,AR-T,AR-T-GR,-27.6407477,-65.3840375,"Graneros (humedal 5,5km al oriente)",2026-08-29 09:49,133,25
L50274984,AR,AR-E,AR-E-CO,-32.2196665,-58.1923843,Granja La Administración,2025-07-22 10:45,24,2
L37996132,AR,AR-N,AR-N-OB,-27.45893,-55.1618385,Granja La Lechuza Ecolodge,2025-04-27 12:30,165,46
L9721371,AR,AR-B,AR-B-AB,-34.8550137,-58.348141,Granja Municipal Almirante Brown,2026-09-19 09:13,85,55
L76169918,AR,AR-X,AR-X-CO,-31.1490631,-64.2930436,Granja Rundum - Villa Silvina,2026-08-22 18:50,2,0
L8224791,AR,AR-X,AR-X-CB,-31.3860809,-64.1402616,GringoCueva,2020-10-20 13:40,57,193
L34036096,AR,AR-X,AR-X-CA,-32.1802914,-64.4153591,"Gruta San Martin de Porres, Barrio Casitas - Embalse, Córdoba",2026-07-10 17:21,85,33
L10269345,AR,AR-Z,AR-Z-DE,-47.6892692,-66.0137558,Gruta de Lourdes,2026-02-25 12:41,44,27
L11219989,AR,AR-K,AR-K-EA,-28.3754738,-65.4584108,Gruta de Lourdes,2026-01-27 16:00,97,31
L26928014,AR,AR-J,AR-J-AL,-31.325625,-68.4703076,"Gruta de la Virgen de Lourdes de Las 7 Vertientes, La Laja, Albardón",2025-09-28 17:48,12,2
L28629563,AR,AR-X,AR-X-CA,-32.4992145,-64.762448,Guacha Corral,2024-01-01 14:00,61,1
L16955795,AR,AR-A,AR-A-GU,-25.523,-65.511,Guachipas,2025-04-27 16:00,71,16
L38305180,AR,AR-K,AR-K-PO,-28.4627464,-66.1099599,Guaicondo,2024-09-11 16:45,14,1
L3307743,AR,AR-E,AR-E-GG,-33.1589993,-59.3144131,Gualeguay,2026-05-23 10:00,224,64
L22214932,AR,AR-E,AR-E-GG,-33.1549698,-59.3085519,Gualeguay--Parque Intendente Quintana,2026-09-08 15:45,101,27
L3270427,AR,AR-E,AR-E-GC,-32.9233559,-58.7651139,Gualeguaychú--Malabrigo,2026-03-29 07:06,137,12
L8865053,AR,AR-U,AR-U-CU,-42.723938,-70.537815,Gualjaina y alrededores,2026-05-30 11:20,56,17
L15578438,AR,AR-B,AR-B-GU,-37.0053744,-62.4209396,Guaminí,2025-06-05 13:10,78,11
L12057190,AR,AR-G,AR-G-GU,-28.0598021,-64.8316284,Guampacha
L48762463,AR,AR-S,AR-S-GA,-31.1930553,-60.153404,Guardería Náutica Don Eduardo,2025-06-28 09:30,3,0
L8625249,AR,AR-J,AR-J-IG,-30.3923787,-69.5678018,Guardia Vieja--vega y entorno,2024-09-02 08:46,29,6
L3954748,AR,AR-B,AR-B-CL,-35.2118254,-58.6451483,Guardia del Juncal,2021-05-08 13:53,105,22
L3918799,AR,AR-L,AR-L-GU,-37.6702678,-63.5349011,Guatraché,2026-06-27 12:09,94,15
L4559158,AR,AR-K,AR-K-EA,-28.3439714,-65.3985214,Guayamba,2026-05-09 14:24,122,55
L12689727,AR,AR-X,AR-X-TU,-30.273912,-63.9300871,Guayascate Lodge,2026-02-11 18:38,98,5
L60843440,AR,AR-Z,AR-Z-GA,-51.6248387,-69.6153604,Guer Aike,2026-03-22 10:50,8,1
L2504325,AR,AR-N,AR-N-IG,-25.6263809,-54.5482618,Güira Oga,2026-09-24 08:57,151,87
L57744197,AR,AR-W,AR-W-SP,-27.5660197,-58.2589941,Herlitzka,2026-09-21 15:10,31,1
L3402029,AR,AR-X,AR-X-RC,-32.5964394,-64.0158656,Hernando,2026-03-26 00:00,203,92
L46733893,AR,AR-X,AR-X-TA,-32.5839443,-63.6982695,Hernando--Tajamar Choé - Laguna La Negra Muerta
L14857720,AR,AR-P,AR-P-LA,-26.4769621,-58.3067281,Herradura,2026-01-28 07:10,236,102
L2763575,AR,AR-P,AR-P-LA,-26.5166667,-58.2833333,Herradura,2025-07-06 11:51,231,60
L21212251,AR,AR-P,AR-P-LA,-26.4881663,-58.2958603,Herradura--El Cortijo,2025-10-10 13:11,169,26
L13645474,AR,AR-P,AR-P-LA,-26.490023,-58.3116972,Herradura--Plaza Unidad Nacional,2026-05-09 08:11,60,10
L8999481,AR,AR-A,AR-A-CA,-25.1931458,-65.8664536,Herrera,2026-05-10 13:15,60,47
L1652149,AR,AR-A,AR-A-GM,-23.2117406,-63.57262,Hickmann,2026-04-18 13:56,21,1
L5000420,AR,AR-B,AR-B-SI,-34.4866792,-58.5303497,Hipódromo de San Isidro,2026-04-11 16:54,65,29
L683583,AR,AR-N,AR-N-IG,-25.5953615,-54.5913863,Hito Tres Fronteras,2026-09-24 11:10,235,576
L53995943,AR,AR-C,AR-C-DF,-34.6344261,-58.3833432,Hogar de Ancianos Rawson,2025-10-11 09:50,31,9
L12648574,AR,AR-U,AR-U-ES,-45.9617389,-68.1990328,Holdich,2022-05-14 17:10,21,6
L13156319,AR,AR-B,AR-B-SE,-35.029028,-58.3503779,Hopliass Piscicultura,2023-07-20 07:47,80,5
L2763586,AR,AR-A,AR-A-RF,-25.6833333,-64.9333333,Horcones,2025-11-02 12:10,29,5
L27568431,AR,AR-Y,AR-Y-HU,-23.0865853,-65.3849774,Hornaditas,2026-05-08 10:25,60,12
L4844993,AR,AR-X,AR-X-SA,-31.7318903,-64.9011326,Hospedaje Kuntur Huaca,2022-01-01 11:28,75,12
L4307924,AR,AR-B,AR-B-SF,-34.2584003,-58.5413535,Hosteria Los Pecanes,2026-08-04 16:45,110,65
L73322187,AR,AR-K,AR-K-SR,-28.1698399,-65.4911113,Hosteria de Alijilán,2026-07-11 11:00,14,0
L32938269,AR,AR-R,AR-R-BA,-41.0506832,-71.526854,Hotel Amancay,2022-07-13 00:00,7,1
L36977479,AR,AR-W,AR-W-IZ,-27.5885727,-56.703244,Hotel Ituzaingó Fishing,2026-09-20 12:14,131,306
L38760538,AR,AR-A,AR-A-CF,-26.0021587,-65.8196801,Hotel Los Castillos,2026-07-16 15:10,107,30
L10452355,AR,AR-D,AR-D-JU,-32.3148643,-64.9968553,Hotel Piedra Blanca,2019-12-31 23:00,37,2
L6113100,AR,AR-P,AR-P-PA,-24.7332107,-60.5549924,Hotel Portal Del Oeste,2019-08-20 09:15,154,47
L58572722,AR,AR-X,AR-X-PU,-31.1259399,-64.4702817,Hotel Radio,2026-05-31 15:54,51,3
L6817732,AR,AR-Q,AR-Q-LA,-40.3237103,-71.363368,Hotel Río Hermoso,2025-11-30 10:19,23,4
L3538822,AR,AR-A,AR-A-SA,-24.7262195,-65.4981346,Hotel Selva Montana,2026-09-12 08:30,190,367
L12268937,AR,AR-N,AR-N-IG,-25.6054752,-54.5519675,Hotel Selva de Laurel,2026-08-04 15:38,210,265
L27479167,AR,AR-E,AR-E-FE,-30.7298306,-58.7392923,"Hotel de Campo Luisito - Selva de Montiel, Entre Ríos",2023-07-03 16:30,30,2
L29683436,AR,AR-A,AR-A-LV,-25.276894,-65.3883,Hotel del Dique,2025-09-16 08:11,47,22
L13394156,AR,AR-D,AR-D-JU,-32.3675384,-65.0171757,Howard Johnson Merlo,2025-09-26 17:59,66,6
L57226172,AR,AR-H,AR-H-SF,-27.4291565,-58.9633441,Howard Johnson y Puente Rio Negro,2026-01-27 14:00,28,4
L15914504,AR,AR-Z,AR-Z-LA,-50.404965,-72.3415541,Hoya del Chingue,2026-09-27 09:00,77,243
L23173900,AR,AR-Y,AR-Y-TI,-23.4479586,-65.3192839,Huacalera,2026-04-28 17:38,48,8
L65729427,AR,AR-J,AR-J-JA,-30.1562164,-68.4815056,"Huaco, Jáchal, San Juan",2026-05-08 10:00,21,2
L35153450,AR,AR-K,AR-K-BE,-27.2246841,-66.8337133,Hualfin,2026-09-25 07:23,28,2
L66197938,AR,AR-K,AR-K-BE,-27.2168538,-66.8331814,Hualfin--Pozo Verde,2026-06-12 09:35,22,3
L13519610,AR,AR-T,AR-T-TR,-26.3024876,-65.6136654,Hualinchay,2025-05-31 16:10,104,20
L28257132,AR,AR-J,AR-J-CL,-31.9281791,-70.0211997,Huanaquito,2024-03-31 14:22,16,2
L5038341,AR,AR-S,AR-S-SC,-29.9824459,-61.2436295,Huanqueros--Laguna Verde,2026-04-18 09:10,173,28
L3164524,AR,AR-X,AR-X-PU,-31.0667432,-64.5074487,Huerta Grande,2023-03-06 13:16,73,6
L18576182,AR,AR-Y,AR-Y-TI,-23.5911546,-65.4265255,Huichaira,2022-03-23 14:30,10,4
L846461,AR,AR-Y,AR-Y-HU,-23.2000141,-65.3557777,Humahuaca,2026-09-03 15:42,163,198
L10636863,AR,AR-Y,AR-Y-HU,-23.2027454,-65.3100046,Humahuaca--Pucará,2026-07-05 11:56,100,58
L11686919,AR,AR-K,AR-K-AM,-27.8899612,-65.9809379,Humaya,2019-12-14 18:30,20,1
L38517175,AR,AR-B,AR-B-ES,-34.320273,-58.746126,Humedal - Cañada del Cazador y Ruta 25,2026-09-20 13:22,88,38
L6473173,AR,AR-M,AR-M-JU,-33.049213,-68.5742569,Humedal Arroyo Claro,2026-07-09 09:30,53,8
L64108890,AR,AR-X,AR-X-RG,-31.7870287,-63.7766905,Humedal Cachicoya
L15759223,AR,AR-Z,AR-Z-GA,-51.6254088,-69.5310067,Humedal Difunta Correa,2026-09-13 09:26,44,28
L2474464,AR,AR-Z,AR-Z-GA,-51.6255401,-69.5315628,Humedal Difunta Correa.,2026-08-22 11:46,70,49
L19850659,AR,AR-R,AR-R-PI,-41.1445471,-70.6791034,Humedal Ea. Pilcaniyeu,2026-09-24 13:33,71,81
L40518332,AR,AR-R,AR-R-GR,-39.0732429,-67.3858195,Humedal El Maca,2026-07-04 10:20,136,227
L28141575,AR,AR-R,AR-R-GR,-39.0647685,-67.3876916,Humedal El Macá,2026-05-09 08:47,127,182
L28428557,AR,AR-R,AR-R-GR,-37.8650968,-67.7796198,Humedal Gallineta Pico Pintado,2025-10-11 17:05,79,39
L20843890,AR,AR-K,AR-K-PA,-27.8566393,-65.7223724,Humedal Laguna del Meandro,2025-09-07 15:15,83,8
L35788731,AR,AR-S,AR-S-LP,-31.6657089,-60.7967095,Humedal Peaje,2026-09-18 11:58,37,6
L21755885,AR,AR-K,AR-K-SM,-26.9707912,-66.3089944,Humedal Pié de Médano,2026-07-10 17:14,24,5
L8624524,AR,AR-J,AR-J-JA,-30.3006687,-68.6894881,Humedal Río Jachal,2025-02-25 19:53,41,6
L28046695,AR,AR-Y,AR-Y-CO,-22.7098082,-65.709486,Humedal Río Miraflores,2026-09-21 16:41,119,326
L12529834,AR,AR-Q,AR-Q-ZA,-38.554573,-69.582507,Humedal Sto Domingo,2022-09-17 16:10,44,3
L10650471,AR,AR-Z,AR-Z-GA,-51.019613,-71.777903,Humedal Tapi Aike,2026-04-14 14:12,44,26
L7018413,AR,AR-X,AR-X-CB,-31.3687899,-64.1248798,Humedal Teius teyou,2019-12-22 18:32,72,12
L13553005,AR,AR-J,AR-J-RI,-31.4919641,-68.6470423,"Humedal bajo Dique de Ullum (-31.492, -68.647)",2026-08-02 09:22,125,61
L17727090,AR,AR-X,AR-X-RG,-31.762339,-63.738877,Humedal de Laguna Larga,2026-08-16 14:50,206,148
L18629691,AR,AR-B,AR-B-GJ,-37.3284274,-57.084348,Humedal de Mar Azul,2026-04-30 10:02,80,6
L16029757,AR,AR-U,AR-U-RA,-43.2592091,-65.1179477,Humedal de las Lagunas Encadenadas,2025-11-08 10:24,77,37
L17231486,AR,AR-E,AR-E-UR,-32.503463,-58.2372401,Humedal del Arroyo de la China,2025-10-28 18:21,65,4
L3139194,AR,AR-J,AR-J-SA,-32.1076422,-68.3861405,Humedal del Carau,2022-03-05 11:43,24,7
L50917493,AR,AR-B,AR-B-CH,-35.5456032,-58.0588764,Humedal del Castillo,2026-09-02 10:00,97,25
L2763325,AR,AR-A,AR-A-SC,-25.5068333,-66.2288333,Humedal temporario al sur de Molinos,2025-08-03 13:32,60,16
L58865465,AR,AR-D,AR-D-GP,-33.6998106,-65.4687795,Humedal y Costa Río Quinto,2026-09-26 10:13,83,12
L62217735,AR,AR-Q,AR-Q-PI,-38.5469952,-70.1169824,Humedal-Michacheo-Zapalab,2026-04-08 09:30,21,1
L28992439,AR,AR-B,AR-B-ES,-34.3597147,-58.7467299,Humedales - Avenida de Los Lagos,2026-09-27 16:49,101,260
L44538747,AR,AR-X,AR-X-GR,-34.5134062,-63.8673252,Humedales Del Rio Popopis,2026-06-27 09:59,61,14
L3843279,AR,AR-Y,AR-Y-CA,-24.1555956,-65.3681803,Humedales Dique Los Molinos--Ladera NE,2026-09-16 10:11,231,74
L27455049,AR,AR-R,AR-R-GR,-39.0713239,-67.387592,Humedales de Cervantes,2025-10-11 12:17,71,33
L9911131,AR,AR-B,AR-B-GD,-38.231968,-57.7956022,Humedales de Copacabana,2021-02-08 18:18,59,12
L7792356,AR,AR-B,AR-B-QU,-34.7352574,-58.2120118,Humedales de Ezpeleta,2026-08-09 17:01,123,20
L39912754,AR,AR-D,AR-D-LC,-33.38203,-67.149,Humedales de Guanacache--Desaguadero--Azud Nº 1,2026-07-07 17:06,31,7
L9141160,AR,AR-M,AR-M-LP,-33.38097,-67.15142,Humedales de Guanacache--Desaguadero--Azud Nº 1,2026-09-27 07:25,123,106
L9141589,AR,AR-M,AR-M-LP,-33.2257776,-67.1789388,Humedales de Guanacache--Desaguadero--Azud Nº 2,2026-09-27 09:35,110,96
L25351004,AR,AR-B,AR-B-CR,-38.7887496,-62.114809,Humedales de Pago Chico,2026-04-12 09:28,72,10
L20853725,AR,AR-B,AR-B-BB,-38.7674183,-62.1740131,Humedales de Punta Blanca,2024-04-23 09:31,53,7
L8562073,AR,AR-B,AR-B-CR,-38.8466935,-62.1250248,Humedales de Villa del Mar,2026-09-12 15:21,83,17
L56944114,AR,AR-S,AR-S-SR,-32.3303327,-60.8719544,Humedales del Coronda y arroyo Monje,2026-04-11 13:14,91,3
L73965025,AR,AR-G,AR-G-BA,-27.3958202,-64.3081223,Huyamampa,2026-08-23 15:48,79,22
L12643224,AR,AR-G,AR-G-BA,-27.3197226,-64.2231721,Huyamampa (Lago de Sal),2021-06-08 14:40,37,3
L73964896,AR,AR-G,AR-G-BA,-27.3846712,-64.2962051,Huyamampa - Santiago del Estero,2026-07-19 09:20,40,1
L11486342,AR,AR-A,AR-A-CE,-24.8947835,-65.4731098,INTA Salta,2026-06-22 14:58,142,35
L75336693,AR,AR-B,AR-B-MN,-34.6137621,-58.6643816,"INTA, Arroyo Soto",2026-08-08 10:30,15,1
L15769165,AR,AR-Q,AR-Q-PI,-38.526,-70.358,INt. Ascheri,2021-07-14 12:53,18,1
L17844183,AR,AR-S,AR-S-RO,-32.8563143,-60.7681555,Ibarlucea
L33191974,AR,AR-P,AR-P-PA,-25.2017048,-59.8395473,Ibarreta,2026-06-15 13:52,96,12
L16235393,AR,AR-W,AR-W-SG,-27.7407778,-57.2522075,Iberá Birding Lodge,2026-09-27 22:21,246,549
L4530141,AR,AR-W,AR-W-ME,-28.7673379,-58.0215148,Iberá Lodge,2026-09-06 14:55,188,42
L11940334,AR,AR-W,AR-W-SG,-27.8747418,-57.3949814,Iberá--Portal San Antonio,2026-05-31 16:26,212,89
L2761772,AR,AR-E,AR-E-II,-33.7581667,-59.0251667,Ibicuy--Pastizales,2024-06-30 16:37,166,20
L2358487,AR,AR-E,AR-E-II,-33.6821987,-58.887791,Ibicuy--Ruta Prov. 45 (este),2026-04-15 14:36,176,73
L496002,AR,AR-E,AR-E-II,-33.7364991,-59.0020189,Ibicuy--Ruta Prov. 45 (oeste),2024-06-30 12:47,151,20
L40090635,AR,AR-K,AR-K-TI,-28.0200507,-67.6028497,Iglesia San Roque,2026-01-21 12:32,10,1
L33768531,AR,AR-K,AR-K-LP,-28.707226,-65.3320026,Iglesia de San Roque de Ancastillo,2024-06-22 17:15,4,0
L4013934,AR,AR-X,AR-X-RG,-31.7806,-63.6663,Impira,2024-10-16 16:25,110,14
L42742155,AR,AR-Y,AR-Y-HU,-23.0020964,-65.4634803,Inca Cueva,2026-07-09 13:30,25,4
L9905124,AR,AR-Y,AR-Y-HU,-22.9763257,-65.4829544,Inca Cueva,2026-07-11 17:10,51,20
L6960664,AR,AR-R,AR-R-GR,-39.1001594,-67.2411346,Ingeniero Huergo,2025-09-21 14:24,44,7
L8316153,AR,AR-P,AR-P-BE,-24.2355033,-61.7807342,Ingeniero Juarez,2025-08-12 00:00,53,1
L21921654,AR,AR-B,AR-B-ES,-34.3810673,-58.7422979,Ingeniero Maschwitz--Parque Papa Francisco,2026-09-10 10:21,42,11
L30163818,AR,AR-B,AR-B-ES,-34.3890999,-58.7378813,Ingeniero Maschwitz--Plaza Mitre,2026-09-22 11:03,50,104
L56261960,AR,AR-B,AR-B-VI,-39.4340295,-62.6466038,Ingreso a La Salada,2026-02-17 09:44,21,2
L15927921,AR,AR-N,AR-N-SI,-27.2910157,-55.5647447,Inmediaciones de la cabaña El Teyú,2025-09-14 07:49,129,15
L54277039,AR,AR-Q,AR-Q-CO,-38.9465042,-69.2115505,Instituto de Formación Docente 14,2025-10-31 09:15,12,3
L15204442,AR,AR-S,AR-S-CL,-31.2504513,-61.5059538,Intersección Ruta 70 y Ruta 34,2024-05-03 12:24,14,0
L2460092,AR,AR-D,AR-D-CP,-32.8350615,-65.962602,Inti Huasi,2026-04-09 13:52,70,9
L4598677,AR,AR-X,AR-X-CA,-31.9589713,-64.7183561,Intiyaco,2026-04-20 14:02,121,84
L13333229,AR,AR-S,AR-S-VE,-28.6743688,-60.0690653,Intiyaco (pueblo y alrededores),2022-10-18 21:09,112,5
L5847284,AR,AR-K,AR-K-AC,-28.8182063,-65.5490685,Ipizca,2025-10-23 09:45,121,10
L69254876,AR,AR-S,AR-S-SR,-32.1589578,-61.1043454,Irigoyen,2026-06-06 15:10,36,1
L28092357,AR,AR-W,AR-W-SM,-28.540681,-57.1747783,Irupe Lodge,2026-05-10 10:00,111,14
L3073982,AR,AR-A,AR-A-IR,-22.7908212,-65.2165604,Iruya,2026-07-17 16:30,124,54
L23738224,AR,AR-R,AR-R-AV,-39.3018198,-65.6649402,Isla 92 Choele Choel,2026-09-12 08:56,69,18
L6712254,AR,AR-V,AR-V-US,-54.8548419,-68.2257548,Isla Alicia,2026-05-29 10:28,57,79
L12570529,AR,AR-W,AR-W-IZ,-27.4721433,-56.8864486,Isla Apipé--Laguna Camba,2023-04-27 16:30,143,6
L11461997,AR,AR-W,AR-W-IZ,-27.4558581,-56.9186514,Isla Apipé--Monte Grande,2024-05-30 08:00,170,11
L3968474,AR,AR-W,AR-W-IZ,-27.5721995,-56.8017197,Isla Apipé--Puerto Tala,2015-10-21 08:49,41,2
L3968471,AR,AR-W,AR-W-IZ,-27.51259,-56.73919,Isla Apipé--San Antonio (Argentina),2026-09-15 13:18,230,79
L11392599,AR,AR-W,AR-W-IZ,-27.5128733,-56.7620145,Isla Apipé--Seccional San Antonio,2026-07-20 15:40,205,34
L60005460,AR,AR-V,AR-V-US,-54.8730139,-68.199136,Isla Berta,2026-01-22 10:40,10,1
L36468932,AR,AR-E,AR-E-PA,-31.6957676,-60.462417,Isla Bonita,2025-04-18 11:48,29,2
L38072311,AR,AR-S,AR-S-GO,-28.3663987,-59.1842176,Isla Del Medio - LT - Jaaukanigás,2026-05-23 10:14,99,4
L13246030,AR,AR-R,AR-R-EC,-39.155,-67.141,Isla El Bombero,2021-01-10 11:30,34,1
L57387073,AR,AR-B,AR-B-TI,-34.3822627,-58.5683727,Isla El Descanso,2026-05-16 13:28,35,4
L27277552,AR,AR-V,AR-V-US,-54.8575223,-68.1689644,Isla G,2026-05-23 12:29,53,66
L2761463,AR,AR-S,AR-S-GL,-34.1699,-61.9493,Isla García,2025-12-22 11:27,15,3
L2617546,AR,AR-V,AR-V-US,-54.8765081,-68.2434673,Isla H,2026-06-07 13:07,53,32
L18460764,AR,AR-S,AR-S-GO,-29.1494433,-59.4818595,Isla La Estrella,2022-04-09 07:00,25,1
L6208955,AR,AR-S,AR-S-GO,-29.2462347,-59.5712185,"Isla La Fuente, Puerto Reconquista",2023-09-16 14:00,175,52
L27246062,AR,AR-E,AR-E-VC,-32.8993627,-60.6640372,Isla La Invernada,2026-04-11 13:05,78,15
L14034478,AR,AR-S,AR-S-GO,-28.1225463,-58.9919082,Isla La Paloma,2021-03-13 06:32,85,4
L2762699,AR,AR-X,AR-X-TU,-30.3333,-63.2667,Isla Larga,2025-04-08 13:57,36,3
L13144848,AR,AR-B,AR-B-PA,-39.8524286,-62.1172833,Isla Margarita,2022-11-05 11:02,34,3
L5679989,AR,AR-V,AR-V-US,-54.9054846,-67.374258,Isla Martillo,2026-07-10 16:41,86,616
L5396006,AR,AR-V,AR-V-US,-54.9032887,-67.4003291,Isla Martillo--Colonia #61,2026-03-21 11:49,58,68
L6800358,AR,AR-B,AR-B-SF,-34.1998059,-58.3165455,Isla Oyarvide,2023-08-25 09:34,14,1
L12282101,AR,AR-N,AR-N-IG,-25.8931486,-54.4109785,Isla Palacio,2025-03-01 10:05,70,13
L2763498,AR,AR-B,AR-B-BS,-34.8543333,-57.8663333,Isla Paulino,2026-08-04 10:00,182,190
L63446700,AR,AR-Z,AR-Z-CA,-50.0032217,-68.933212,Isla Pavón,2026-04-20 15:05,13,1
L2104502,AR,AR-P,AR-P-LA,-26.7005325,-58.3171463,Isla Payaguá,2024-08-16 07:27,42,1
L32840488,AR,AR-E,AR-E-PA,-31.7079886,-60.5290782,Isla Puente,2024-06-02 09:27,55,2
L41070851,AR,AR-V,AR-V-US,-54.8643991,-68.4761899,Isla Redonda,2025-12-10 14:41,20,4
L21401012,AR,AR-S,AR-S-GA,-31.3671757,-60.2946159,Isla Santa Rosa de Calchines,2022-10-29 09:30,48,2
L27094509,AR,AR-B,AR-B-EN,-34.8346505,-57.9223842,Isla Santiago,2026-08-11 11:30,115,31
L22501772,AR,AR-B,AR-B-ZA,-33.9105983,-58.9142634,Isla Talavera,2026-09-06 10:10,190,163
L30624449,AR,AR-B,AR-B-CM,-34.0589489,-58.9872285,Isla Talavera--Camino Km 92,2026-09-19 16:08,149,160
L2762955,AR,AR-Q,AR-Q-LL,-40.9703722,-71.5226269,Isla Victoria--Puerto Anchorena,2026-04-07 17:04,72,62
L13149888,AR,AR-S,AR-S-SR,-31.8153571,-60.837431,Isla arenal,2021-01-03 10:11,52,2
L18113035,AR,AR-A,AR-A-IR,-22.8996312,-64.6626028,Isla de Cañas,2024-07-14 18:32,105,4
L2763387,AR,AR-B,AR-B-EN,-34.8333333,-57.9383333,Isla de Granda,2023-09-01 10:15,67,2
L7852094,AR,AR-S,AR-S-LP,-31.6701069,-60.7463109,Isla de Los Sapos,2026-08-23 14:46,72,3
L29697440,AR,AR-Z,AR-Z-MA,-49.2851937,-67.6915579,Isla de la Justicia,2024-02-29 14:00,7,2
L2763487,AR,AR-V,AR-V-US,-54.773,-64.2893333,"Isla de los Estados, Islas de Año Nuevo e islotes adyacentes",2026-03-23 10:23,61,40
L61020651,AR,AR-V,AR-V-RG,-53.695757,-67.806447,Isla de los Lobos,2025-09-20 14:26,4,1
L12723238,AR,AR-S,AR-S-RO,-32.8358475,-60.6881558,Isla de los Mastiles,2026-08-30 13:00,147,49
L42712753,AR,AR-X,AR-X-CE,-30.7632266,-64.7588253,Isla de los Patos,2026-06-18 15:11,37,10
L59944480,AR,AR-V,AR-V-US,-54.8588524,-68.1680125,Isla de los Pájaros (Canal Beagle),2026-09-11 11:20,55,64
L39416558,AR,AR-S,AR-S-GL,-33.6987129,-61.4805908,Isla de los conejos,2026-02-01 09:13,34,4
L26078802,AR,AR-N,AR-N-PS,-27.4757495,-55.8245873,Isla de los pajaros,2026-08-24 10:25,127,24
L2762188,AR,AR-H,AR-H-BE,-27.290028,-58.6196136,Isla del Cerrito,2026-07-23 11:00,206,45
L2763255,AR,AR-E,AR-E-VC,-32.9043333,-60.4591667,Isla frente a Rosario,2017-10-12 00:00,30,0
L2763253,AR,AR-E,AR-E-VC,-32.9043333,-60.6558333,Isla frente a Rosario (Argentina 1),2021-11-06 12:00,79,2
L3281755,AR,AR-V,AR-V-US,-54.8697667,-68.2383585,Islas Bridges,2026-09-24 10:09,74,172
L3244631,AR,AR-E,AR-E-GG,-33.4647881,-59.9569845,Islas Lechiguanas Entre Ríos,2015-07-24 10:30,92,3
L24402148,AR,AR-E,AR-E-VC,-32.6697767,-60.2605799,Islas Victoria. Humedal,2026-08-28 17:46,101,24
L3244712,AR,AR-B,AR-B-RM,-33.4798584,-59.9750662,Islas de Ramallo,2026-01-12 17:19,68,4
L2763500,AR,AR-E,AR-E-VC,-32.909,-60.2553333,Islas de Victoria,2025-11-30 11:20,69,1
L18156394,AR,AR-U,AR-U-ES,-45.1776,-66.5052,Islas de la Caleta Malaspina,2026-01-12 11:02,57,35
L26637735,AR,AR-E,AR-E-II,-33.864358,-58.841865,Islas del Ibicuy,2026-08-15 15:05,181,43
L27241346,AR,AR-E,AR-E-PA,-31.7154098,-60.5245809,Islote Curupí,2025-10-18 10:18,120,29
L7166164,AR,AR-A,AR-A-SC,-25.3566751,-65.8548896,Isonza,2026-08-02 18:00,69,5
L26254842,AR,AR-W,AR-W-GP,-27.4264915,-57.3212049,Ita-ibate,2026-05-01 08:41,129,14
L1951642,AR,AR-E,AR-E-GC,-33.0013744,-58.5618281,Itapeby,2024-08-04 15:18,125,22
L2763553,AR,AR-A,AR-A-GM,-22.1057613,-63.7438628,Itiyuro-Tuyunti,2026-05-16 12:39,245,60
L24463007,AR,AR-Y,AR-Y-HU,-22.9792329,-65.3539295,Iturbe,2025-11-29 14:39,45,15
L3121534,AR,AR-W,AR-W-IZ,-27.5918271,-56.6889381,Ituzaingó (ciudad),2026-09-17 07:07,256,177
L857393,AR,AR-W,AR-W-IZ,-27.5788946,-56.6196299,Ituzaingó--Humedales,2026-07-08 13:53,200,70
L24914475,AR,AR-W,AR-W-IZ,-27.5784251,-56.683268,Ituzaingó--Playas,2026-09-12 18:41,158,76
L20895956,AR,AR-U,AR-U-RA,-43.4313347,-65.2989453,J. Espinosa,2026-09-15 09:55,55,62
L20938608,AR,AR-S,AR-S-GO,-28.5384829,-59.2050086,Jaaukanigás--Ea. El Algarrobo,2023-05-15 17:38,51,5
L20942187,AR,AR-S,AR-S-GO,-28.5172348,-59.1463823,Jaaukanigás--Mirador de los Yacarés,2026-03-08 08:43,183,40
L5052457,AR,AR-L,AR-L-HU,-38.0872834,-63.433342,Jacinto Arauz,2026-06-05 12:30,65,6
L17356710,AR,AR-S,AR-S-LC,-30.7355962,-60.9733358,Jacinto L. Arauz (pueblo y alrededores),2022-01-03 12:44,15,1
L11105651,AR,AR-N,AR-N-SP,-26.6213873,-54.1045922,Jardin Botanico Yvyrá Pytá,2026-07-22 22:57,116,44
L8904835,AR,AR-E,AR-E-PA,-31.8334798,-60.5248166,Jardin Botánico de Oro Verde,2026-08-23 08:21,105,69
L57519264,AR,AR-X,AR-X-TA,-32.0742,-64.2149,Jardin De Monsalvo
L9533213,AR,AR-T,AR-T-YB,-26.7931782,-65.3151203,Jardin botanico Horco Molle,2026-09-10 16:25,112,75
L12747555,AR,AR-Q,AR-Q-CO,-38.966,-68.218,Jardín Botánico (Plottier),2026-08-17 16:40,96,116
L3674211,AR,AR-N,AR-N-PS,-27.40893,-55.89658,Jardín Botánico Alberto Roth,2026-09-15 09:44,166,90
L3527501,AR,AR-C,AR-C-DF,-34.5825499,-58.4170103,Jardín Botánico Carlos Thays,2026-09-25 13:03,118,605
L3998034,AR,AR-X,AR-X-CB,-31.3871277,-64.2502329,Jardín Botánico Córdoba,2026-09-25 17:32,121,149
L5841052,AR,AR-T,AR-T-TM,-26.8312322,-65.2220964,Jardín Botánico Miguel Lillo,2026-09-18 06:57,55,51
L67202750,AR,AR-N,AR-N-MO,-26.562735,-54.7742701,Jardín Botánico Municipal (Montecarlo),2026-05-28 07:34,31,3
L12940650,AR,AR-S,AR-S-LP,-31.5870902,-60.7072949,Jardín Botánico Municipal Ing. Lorenzo Parodi,2025-10-23 16:18,171,166
L9947461,AR,AR-B,AR-B-MN,-34.609718,-58.675351,Jardín Botánico Ragonese INTA,2026-09-18 16:45,94,107
L14880774,AR,AR-T,AR-T-CH,-27.3657491,-65.591467,Jardín Botánico de Concepción,2026-09-27 08:07,132,102
L43384502,AR,AR-G,AR-G-SE,-27.7690339,-64.2673846,Jardín Botánico.,2026-09-22 11:28,73,104
L9077134,AR,AR-B,AR-B-LO,-38.2035293,-58.7347909,Jardín Educativo Tamangueyú,2026-03-26 17:30,33,10
L496649,AR,AR-N,AR-N-IG,-25.6004,-54.56865,Jardín de los Colibries,2026-09-26 10:17,229,1895
L29254666,AR,AR-J,AR-J-RI,-31.5453965,-68.6832511,Jardín de los Poetas,2025-10-14 09:30,29,6
L847524,AR,AR-A,AR-A-AN,-25.1272576,-64.1168976,Joaquín V. González,2026-03-26 07:16,253,80
L2763615,AR,AR-M,AR-M-LA,-32.5218333,-68.6428333,Jocolí,2025-05-01 10:27,106,17
L56138155,AR,AR-X,AR-X-GR,-34.5088264,-63.9468811,Jovita,2026-06-28 10:52,37,8
L16579864,AR,AR-X,AR-X-GR,-34.5134561,-63.8736791,"Jovita- Ruta Provincial 27, Córdoba, AR (-34.513, -63.874)",2024-09-13 17:39,41,2
L54827072,AR,AR-F,AR-F-LR,-29.3322779,-66.8741226,Juan Caro,2026-07-23 13:06,46,5
L10944461,AR,AR-Y,AR-Y-CA,-24.2176964,-65.3957653,Juan Galán,2022-05-22 12:30,91,8
L21367371,AR,AR-D,AR-D-GP,-33.6152065,-65.2688498,Juan Jorba,2026-08-28 12:52,49,8
L25698312,AR,AR-H,AR-H-GG,-25.9559337,-60.6216856,Juan José Castelli--Parque 3 De Octubre,2026-08-28 16:10,67,26
L26234141,AR,AR-H,AR-H-GG,-25.9531718,-60.6205609,Juan José Castelli--Represa La Cuadrada,2026-08-22 17:39,48,15
L846457,AR,AR-Y,AR-Y-TI,-23.5222737,-65.4002059,Juella,2026-09-18 07:36,85,39
L8468792,AR,AR-Z,AR-Z-LB,-46.586115,-70.9424389,Juncales Perito Moreno,2026-04-29 10:49,34,6
L65822144,AR,AR-U,AR-U-SA,-45.6129942,-69.2405605,Juncales camino a El Alejandro,2026-05-02 14:30,29,1
L9676024,AR,AR-S,AR-S-GL,-33.7806814,-61.4966111,Juncales de burrito común 1,2019-07-21 13:12,23,1
L57349467,AR,AR-B,AR-B-CD,-38.388734,-60.85961,Juncales del Arroyo Indio Rico,2026-01-26 12:45,34,4
L2655572,AR,AR-Q,AR-Q-HU,-39.946209,-71.0691833,Junín de los Andes,2026-07-30 14:28,113,136
L11554341,AR,AR-P,AR-P-PA,-24.7756567,-59.0189517,"Karandaity (-24.776, -59.019)",2021-08-03 22:11,70,3
L14120456,AR,AR-G,AR-G-SM,-27.9960067,-64.1013487,Karijo Yvate (Cadillo alto),2026-02-08 08:17,79,4
L5892417,AR,AR-X,AR-X-CB,-31.3183745,-64.2988372,Klavinscueva,2024-05-02 08:00,33,1
L53928618,AR,AR-R,AR-R-BA,-41.1096315,-71.4332664,Km 12 El Mallín,2026-02-15 08:47,14,3
L17569712,AR,AR-V,AR-V-RG,-54.2471621,-66.9664515,Km. 23 Ruta Provincial A.,2026-04-12 12:33,16,12
L16852463,AR,AR-W,AR-W-GP,-27.8121359,-57.826229,Kuroki Town,2023-09-04 14:58,130,12
L18092518,AR,AR-K,AR-K-PA,-28.1516512,-65.6528101,Kusi espacio y hechurias,2022-03-12 08:00,19,1
L18614839,AR,AR-S,AR-S-CR,-33.3763842,-61.40603,LA CLARITA,2022-04-25 13:45,27,2
L13138109,AR,AR-B,AR-B-SA,-34.1195501,-59.4422579,La Aguada Cabañas,2023-02-07 16:15,33,3
L75835024,AR,AR-N,AR-N-IG,-25.6143636,-54.5552301,La Aldea de la Selva Lodge,2026-09-24 06:01,58,12
L2763293,AR,AR-E,AR-E-DI,-32.1011667,-60.6466667,La Azotea,2026-08-29 16:50,157,81
L4103413,AR,AR-G,AR-G-BA,-27.7891245,-64.2199373,La Bajada,2025-11-03 16:30,109,42
L48962864,AR,AR-W,AR-W-ST,-28.4888498,-55.9841132,La Blanca Pariopa,2018-01-07 06:00,3,0
L13418008,AR,AR-N,AR-N-GB,-25.6219672,-54.0948586,"La Blanquita Misiones, AR (-25,622, -54,098)",2025-01-05 16:51,74,16
L2357363,AR,AR-X,AR-X-SM,-31.7301382,-64.4261456,La Bolsa,2026-08-08 10:47,108,31
L21102739,AR,AR-R,AR-R-EC,-39.0145935,-67.9404743,La Buitrera,2022-10-02 13:30,18,1
L69768847,AR,AR-E,AR-E-FC,-30.891002,-57.928457,La Cabaña - EL Ceibal,2025-01-16 08:30,14,1
L16195429,AR,AR-S,AR-S-SC,-30.0867594,-61.1777989,La Cabral pueblo y alrededores,2025-01-03 17:54,39,2
L30558527,AR,AR-T,AR-T-MO,-27.081222,-65.664915,La Cadena,2026-09-24 12:02,78,108
L14747686,AR,AR-A,AR-A-LC,-24.5714992,-65.3719461,La Caldera,2025-11-25 14:12,126,34
L54163047,AR,AR-A,AR-A-LC,-24.6673179,-65.4198289,La Caldera,2025-11-28 07:24,39,3
L15270115,AR,AR-X,AR-X-CO,-31.3634206,-64.3476316,La Calera (Córdoba),2026-04-05 15:42,125,83
L36403746,AR,AR-X,AR-X-CO,-31.3687403,-64.346414,La Calera--La Estanzuela,2026-09-27 11:29,96,119
L37490974,AR,AR-X,AR-X-CO,-31.3605667,-64.3311145,La Calera--Parque Icardi,2026-09-26 17:49,136,85
L54935450,AR,AR-B,AR-B-MC,-37.7832381,-57.4652645,La Caleta--Arroyo los Cueros,2026-08-30 15:42,56,5
L2763619,AR,AR-D,AR-D-CP,-32.8,-66.1,La Carolina,2026-07-22 12:54,95,28
L12570444,AR,AR-K,AR-K-FE,-28.3504246,-65.7064024,"La Carrera -28.351349 , -65.707260",2026-08-20 08:30,121,37
L6544613,AR,AR-X,AR-X-CA,-32.1870176,-64.299159,La Cascada (Almafuerte- Piedras Moras),2026-09-15 16:42,202,196
L22633876,AR,AR-B,AR-B-TD,-37.3649644,-59.1006547,La Cascada de Tandil,2026-09-19 11:50,52,14
L55415054,AR,AR-B,AR-B-SF,-34.1392963,-58.6433142,La Casilla,2025-11-23 10:00,48,0
L38587321,AR,AR-U,AR-U-RA,-43.2970032,-65.3104579,La Casona del Rio gardens&hotel,2024-12-12 17:46,26,2
L13718638,AR,AR-A,AR-A-RI,-23.8232338,-63.4807583,La Cañada,2025-06-17 13:55,132,3
L29844533,AR,AR-N,AR-N-GU,-27.1889816,-54.1387414,La Chacra Lodge,2024-10-19 18:17,7,1
L13251143,AR,AR-J,AR-J-VF,-30.6008451,-67.4467521,La Cienaguita--San Agustín de Valle Fértil,2023-10-14 19:25,42,4
L31521319,AR,AR-K,AR-K-CA,-28.4564979,-66.0280442,La Ciénaga,2025-01-11 17:00,26,4
L28585122,AR,AR-T,AR-T-LU,-26.7807315,-65.6533243,"La Ciénaga, Tucumán, AR (-26.773, -65.651)",2026-08-15 17:27,38,9
L59236035,AR,AR-B,AR-B-GP,-37.9356569,-57.9285606,La Copelina,2026-02-21 11:00,7,3
L2763603,AR,AR-Y,AR-Y-EC,-24.4413333,-65.2798333,La Cornisa,2022-10-19 15:23,162,7
L7689197,AR,AR-S,AR-S-IR,-32.9693152,-61.2779188,La Costera,2021-07-31 13:45,71,4
L26506137,AR,AR-X,AR-X-TU,-30.4024474,-63.2501445,La Cristiandad Norte Ansenuza,2026-08-30 14:24,144,31
L2763437,AR,AR-M,AR-M-LH,-32.9833333,-69.0333333,La Crucecita-Mendoza,2026-01-29 18:01,74,20
L25155071,AR,AR-W,AR-W-SM,-29.1746006,-56.6451685,La Cruz,2026-09-20 18:37,64,11
L16046865,AR,AR-R,AR-R-EC,-39.0207252,-68.171258,La Cruz Balsa las Perlas,2024-10-15 17:20,31,16
L66109321,AR,AR-T,AR-T-MO,-27.0566741,-65.6709912,La Cuesta del indio,2026-09-24 10:52,42,42
L10767718,AR,AR-X,AR-X-PU,-30.9795,-64.5,La Cumbre,2026-09-23 16:50,120,31
L14743938,AR,AR-X,AR-X-PU,-30.9802759,-64.4887603,La Cumbre--Plaza 25 de mayo,2023-01-25 14:02,66,24
L12065131,AR,AR-X,AR-X-PU,-30.9802393,-64.4815101,La Cumbre--Rió San Gerónimo,2026-04-26 10:20,36,5
L14640441,AR,AR-X,AR-X-PU,-30.9847866,-64.4878141,La Cumbre--escuela Ides,2024-12-02 10:23,59,16
L1917526,AR,AR-X,AR-X-PU,-30.9905598,-64.5326614,La Cumbre--pastizales (oeste),2025-06-20 17:31,75,5
L13878317,AR,AR-X,AR-X-PU,-30.9759221,-64.4754895,La Cumbre--sendero del cristo al dique,2026-07-23 17:13,98,12
L18764677,AR,AR-X,AR-X-PU,-30.9913149,-64.4348623,"La Cumbre-Ascochinga, 1450 msnm.",2026-01-07 10:02,50,15
L10313295,AR,AR-X,AR-X-CA,-31.9177871,-64.7785103,La Cumbrecita--Arroyo Las Mojarritas,2026-01-21 08:29,53,5
L9629393,AR,AR-X,AR-X-CA,-31.8945461,-64.7767365,La Cumbrecita--caminata a la cascada,2026-07-05 13:38,89,56
L28206137,AR,AR-B,AR-B-DO,-36.3254914,-57.5586907,La Decisión y La Selva (Alianza del Pastizal),2025-10-04 09:00,107,11
L18930791,AR,AR-E,AR-E-UR,-32.3124596,-58.8681148,La Dorita,2026-04-20 18:42,140,19
L8558655,AR,AR-G,AR-G-BA,-27.6831238,-64.3017741,La Dársena,2024-04-28 12:20,24,2
L52851328,AR,AR-U,AR-U-BI,-42.5185649,-63.6048664,La Elvira Natural Lodge,2026-03-18 10:24,72,9
L13543825,AR,AR-B,AR-B-SN,-33.3531179,-60.3142289,La Emilia,2026-08-23 09:48,78,15
L22349446,AR,AR-X,AR-X-PU,-30.7902003,-64.6190501,La Espina San Marcos Sierras Córdoba,2023-01-26 08:10,30,1
L11297861,AR,AR-K,AR-K-CT,-28.458291,-65.8584716,La Estancita,2026-09-18 09:30,178,121
L8004587,AR,AR-E,AR-E-GC,-33.360143,-58.5084605,La Estopona,2026-07-29 15:05,206,70
L11650433,AR,AR-K,AR-K-PA,-28.1542704,-65.652913,La Falda,2026-09-14 10:00,149,108
L25993322,AR,AR-K,AR-K-FE,-28.422315,-65.6932262,"La Falda, San Antonio, Fray Mamerto Esquiú",2023-08-18 08:30,40,1
L35371600,AR,AR-G,AR-G-CO,-25.9500527,-63.1666199,La Firmeza,2024-08-01 09:00,1,0
L13032280,AR,AR-S,AR-S-IR,-33.0033551,-61.3824177,La Florida,2023-05-13 15:31,36,1
L28013776,AR,AR-K,AR-K-EA,-28.2125173,-65.4646852,La Gruta de la Virgen,2026-04-05 08:36,56,11
L20789723,AR,AR-S,AR-S-NJ,-29.244179,-61.3697041,La Herminia - R.N.P,2026-09-20 17:13,182,183
L21214355,AR,AR-S,AR-S-GO,-29.3486109,-59.5397715,La Herradura,2022-10-09 07:10,9,1
L6003662,AR,AR-X,AR-X-CO,-31.3520244,-64.40148,La Herradura,2026-05-03 09:09,83,7
L38893958,AR,AR-X,AR-X-SA,-31.607041,-64.984881,La Hornilla - San Lorenzo,2024-12-26 17:05,22,1
L2763345,AR,AR-B,AR-B-EB,-34.8065,-58.5053333,La Horqueta,2026-01-19 19:39,109,34
L17741202,AR,AR-Z,AR-Z-LB,-47.0697879,-70.7339939,La Horqueta--Confluencia de los ríos Ecker y Pinturas,2026-04-16 14:11,11,6
L3659312,AR,AR-U,AR-U-CU,-42.8432977,-71.2478829,La Hoya y Cerro 21 (cuenca superior Arroyo Esquel),2026-05-16 13:58,67,29
L16495853,AR,AR-X,AR-X-TU,-29.8910127,-64.6718957,La Industrial Salinera,2026-09-25 10:39,93,24
L20284111,AR,AR-J,AR-J-CL,-31.8962253,-69.694853,"La Junta, Río Los Patos/Río Blanco",2022-07-24 14:40,3,2
L75527814,AR,AR-X,AR-X-SA,-31.8066856,-65.0257587,La Juntura Río De Los Sauces,2026-08-09 14:00,10,1
L13453375,AR,AR-X,AR-X-SJ,-31.661,-63.0359,La Lagunita (Sacanta),1998-12-07 18:00,4,0
L18449753,AR,AR-Z,AR-Z-LA,-49.6627061,-72.8441114,La Leona - Estancia Helsingfors,2026-02-21 08:25,46,2
L13299458,AR,AR-X,AR-X-SM,-31.5887883,-64.5028893,"La Leona, Falda del Carmen",2026-09-20 11:26,133,38
L2369295,AR,AR-H,AR-H-BE,-27.0380276,-58.7049294,La Leonesa,2024-09-18 08:16,232,42
L20659385,AR,AR-H,AR-H-BE,-27.0853145,-58.849074,La Leonesa--Laguna Pato,2022-10-15 19:00,158,18
L22466650,AR,AR-M,AR-M-SR,-34.6404199,-68.0054355,La Llave,2026-03-26 12:00,37,7
L21639129,AR,AR-Z,AR-Z-DE,-46.1150742,-67.6286602,La Loberia,2025-10-22 14:30,37,13
L7998114,AR,AR-B,AR-B-VL,-34.4979517,-58.4891818,La Lucila,2026-02-14 18:54,50,22
L11098396,AR,AR-S,AR-S-SC,-30.4200263,-61.001569,La Lucila (pueblo y alrededores),2025-08-18 09:00,124,20
L2763285,AR,AR-B,AR-B-LC,-36.6545,-56.6816667,La Lucila del Mar,2025-10-11 08:13,159,26
L25649507,AR,AR-J,AR-J-VF,-30.6816145,-67.5056219,La Majadita,2025-09-27 11:00,82,5
L8673399,AR,AR-A,AR-A-CH,-25.1610937,-65.4330266,La Maroma,2025-10-24 12:08,186,92
L4895068,AR,AR-Y,AR-Y-SP,-24.3126069,-64.9622011,La Mendieta,2026-09-17 12:38,172,53
L11286469,AR,AR-Y,AR-Y-SP,-24.3087161,-64.9709627,La Mendieta--Picada de alta tensión.,2026-09-26 18:13,110,10
L35433307,AR,AR-K,AR-K-PA,-28.1540856,-65.656909,La Merced,2025-08-25 09:10,65,10
L35886255,AR,AR-K,AR-K-AM,-28.2167682,-65.8859081,"La Mesadita, El Rodeo",2025-11-17 16:02,23,2
L15813505,AR,AR-X,AR-X-GM,-32.3665268,-63.3572992,La Mestiza,2021-07-18 08:30,48,1
L2606732,AR,AR-A,AR-A-LC,-24.699761,-65.3864729,La Misión,2026-09-17 16:13,218,198
L17536939,AR,AR-N,AR-N-GU,-27.2280334,-54.018236,La Misión Moconá Lodge,2026-06-15 07:45,188,34
L64668357,AR,AR-A,AR-A-LC,-24.6964401,-65.3731942,La Misión--Etapa II,2026-05-01 17:30,44,2
L12911228,AR,AR-A,AR-A-OR,-23.093019,-64.225965,La Morita,2021-10-09 07:32,90,1
L18708369,AR,AR-X,AR-X-PP,-34.1246549,-63.4131384,La Muralla,2024-12-28 09:47,77,6
L29231328,AR,AR-X,AR-X-CA,-32.0497706,-64.6146727,La Olla,2025-12-30 17:46,56,5
L27522588,AR,AR-X,AR-X-SM,-31.716933,-64.4774187,La Paisanita,2026-07-08 09:00,75,17
L6117528,AR,AR-P,AR-P-PA,-24.5169791,-60.6511213,La Pampa,2026-09-15 11:18,105,27
L21183383,AR,AR-X,AR-X-RP,-30.8929758,-63.0007138,La Para--Parque central y alrededores.,2026-09-22 12:28,151,39
L21183409,AR,AR-X,AR-X-RP,-30.8934142,-63.0236172,La Para--bosques del cementerio,2026-07-12 09:26,39,2
L24818889,AR,AR-R,AR-R-EC,-39.0173165,-67.8921604,La Pasarella--Fernandez Oro,2023-05-28 10:09,44,1
L30553472,AR,AR-X,AR-X-IS,-30.4699814,-64.3065834,La Pausa. Casa de campo,2024-03-26 06:00,14,3
L7243571,AR,AR-A,AR-A-CA,-25.1503736,-66.2305212,La Paya,2025-10-29 07:39,72,24
L2455162,AR,AR-E,AR-E-LP,-30.7677992,-59.6379089,La Paz,2026-05-20 16:24,94,12
L5575922,AR,AR-X,AR-X-SV,-32.2169403,-65.0501561,La Paz,2026-01-13 09:51,65,5
L12374799,AR,AR-E,AR-E-LP,-30.7450785,-59.6265556,La Paz--Arroyo Cabayu Cuatia,2020-06-14 09:00,59,1
L12374883,AR,AR-E,AR-E-LP,-30.7550948,-59.6554037,La Paz--Parque de la Aventura,2026-08-29 12:39,52,4
L12548370,AR,AR-A,AR-A-CE,-24.8768282,-65.3637736,La Pedrera,2024-01-20 17:27,75,21
L16552566,AR,AR-N,AR-N-GU,-27.2242239,-54.0474128,La Perla de la Selva Ecolodge,2024-03-10 16:16,82,5
L59338460,AR,AR-U,AR-U-CU,-42.5623108,-71.6068268,La Pilarica River & Mountain Lodge,2026-09-23 15:53,52,5
L2763190,AR,AR-B,AR-B-LT,-34.9588333,-57.9815,La Plata--caminos rurales recorridos en bicicleta,2019-06-11 13:48,143,17
L3859213,AR,AR-X,AR-X-SV,-32.0643193,-65.02563,La Poblacion,2025-10-09 11:32,149,20
L22364929,AR,AR-X,AR-X-SV,-32.0771856,-65.066465,La Población--El Rincón de Ana,2019-01-10 00:00,66,1
L19306459,AR,AR-A,AR-A-LP,-24.7152432,-66.1962169,La Poma,2025-07-17 12:40,88,17
L10566065,AR,AR-L,AR-L-PU,-37.4084717,-67.2151217,La Porfía. Salitral Encantado,2025-01-07 14:30,64,37
L17048454,AR,AR-X,AR-X-SA,-31.6080588,-64.877352,La Posta,2025-12-04 13:04,77,66
L37318606,AR,AR-K,AR-K-AM,-28.1632664,-65.7961387,La Puerta,2026-01-22 00:00,43,5
L23977442,AR,AR-A,AR-A-MO,-25.2873011,-66.449639,"La Puerta, Luracatao",2025-07-26 13:16,20,1
L4611655,AR,AR-K,AR-K-AM,-28.189038,-65.7848883,La Puerta--Banda Sud,2025-07-16 17:00,121,42
L27587002,AR,AR-D,AR-D-LC,-33.1825045,-66.3130645,La Punta,2026-07-13 10:02,57,7
L19463868,AR,AR-K,AR-K-CT,-28.376947,-65.8670513,La Quebrada--Km 16,2026-09-18 16:00,57,8
L4660263,AR,AR-H,AR-H-LM,-26.6810803,-59.0379842,La Quelita ,2016-05-30 10:21,88,3
L2419642,AR,AR-Y,AR-Y-YA,-22.1040903,-65.5955887,La Quiaca,2026-05-09 08:05,85,55
L17661694,AR,AR-X,AR-X-SM,-31.7639306,-64.4523799,La Rancherita--Ea. Las Minas.,2022-02-06 07:10,69,1
L38987927,AR,AR-X,AR-X-TO,-30.732,-63.745,La Reservita de Cañada de Luque,2026-09-17 10:49,83,19
L56931131,AR,AR-G,AR-G-BA,-27.769,-64.26,La Ribera del Río Dulce,2026-09-20 15:32,106,102
L2762705,AR,AR-X,AR-X-RS,-30.1667,-62.9167,La Rinconada,2025-07-13 14:27,149,14
L16236645,AR,AR-S,AR-S-GL,-34.1160449,-62.6606726,La Rinconada laguna Mamil Lauquen,2025-06-20 10:55,78,3
L15734898,AR,AR-Q,AR-Q-CC,-39.9958501,-70.8319263,La Rinconada mirador,2026-09-12 10:43,41,9
L4767010,AR,AR-F,AR-F-LR,-29.4123857,-66.8624496,La Rioja,2026-09-15 08:17,88,17
L3852439,AR,AR-J,AR-J-UL,-31.50259,-68.83724,La Sal,2025-03-10 17:55,35,7
L44110561,AR,AR-A,AR-A-CH,-25.0818283,-65.5394693,La Serafina,2026-01-08 16:45,16,1
L22540177,AR,AR-D,AR-D-AY,-32.202626,-66.981938,La Siempre Viva (Alianza del Pastizal),2026-08-25 15:39,135,146
L10029816,AR,AR-X,AR-X-CA,-32.1207498,-64.3855879,La Sierrita,2026-01-26 10:41,54,2
L14353342,AR,AR-A,AR-A-RL,-24.8900811,-65.5947067,La Silleta,2026-08-23 16:41,44,3
L20404910,AR,AR-K,AR-K-AM,-28.1172714,-65.9589234,La Silleta,2026-02-15 07:00,81,23
L12776847,AR,AR-K,AR-K-AM,-27.9913121,-65.8888338,La Silleta (Catamarca),2022-05-05 10:45,80,5
L2945339,AR,AR-B,AR-B-CD,-38.8716667,-61.6,La Soberana,2026-02-08 00:00,85,7
L18176605,AR,AR-G,AR-G-PE,-26.0478033,-64.3668795,La Toma,2022-03-18 11:30,28,1
L26106714,AR,AR-K,AR-K-PA,-28.169802,-65.6802516,La Toma,2024-07-18 15:41,26,4
L9667047,AR,AR-Y,AR-Y-SA,-24.3380263,-65.3639517,La Toma,2022-07-30 15:00,59,6
L10350793,AR,AR-K,AR-K-AG,-27.5220495,-66.2806879,"La Toma, (-27.522, -66.281)",2026-02-17 00:25,111,38
L2480701,AR,AR-J,AR-J-VM,-32.3485203,-67.2831702,La Tranca--Rio Desaguadero.,2022-05-22 17:11,36,6
L22782892,AR,AR-G,AR-G-PE,-26.2195082,-64.4947093,La Triple Frontera,2023-02-20 17:39,16,5
L56386128,AR,AR-X,AR-X-RC,-32.696718,-64.70838,La Turbina y Barranca de los Loros,2025-12-28 07:39,55,2
L28798125,AR,AR-G,AR-G-BA,-27.6957687,-64.2965539,La Usina,2024-01-14 07:07,29,1
L7115083,AR,AR-S,AR-S-SC,-29.6401466,-61.0818386,La Verdecita,2025-11-09 16:22,104,6
L54710628,AR,AR-K,AR-K-PA,-28.0390454,-65.5967347,La Viña,2026-05-09 14:40,60,17
L15551322,AR,AR-Q,AR-Q-CO,-38.9888335,-68.09272,La Zagala,2025-12-01 10:57,54,5
L2763455,AR,AR-B,AR-B-TA,-38.2663333,-60.3996667,"La Zorrinera, Tres Arroyos",2021-04-06 08:45,9,0
L12648650,AR,AR-U,AR-U-ES,-45.8369158,-67.8464059,La chacra de Feeney,2026-01-24 17:04,49,57
L65713598,AR,AR-J,AR-J-JA,-30.1442365,-68.5744286,"La ciénaga, Jáchal, San Juan"
L29443619,AR,AR-D,AR-D-GP,-33.1269465,-65.3831341,La esquina (General Pedernera),2026-04-06 12:43,24,1
L15746565,AR,AR-Q,AR-Q-CO,-38.9403546,-69.1486358,La pasto verde-Plaza Huincul,2025-09-14 09:40,74,37
L16118041,AR,AR-T,AR-T-LU,-26.9018263,-65.3713131,La quebrada de Lules,2026-07-24 14:12,42,4
L13283064,AR,AR-S,AR-S-CO,-33.3164934,-60.7217194,"La vanguardia, Arroyo Pavon",2026-04-11 15:00,145,41
L28116423,AR,AR-T,AR-T-FA,-26.9295623,-65.4804611,La virgen Faimalla,2023-11-28 09:11,35,1
L2761522,AR,AR-X,AR-X-PP,-33.958,-63.438,Laboulaye,2025-11-06 12:59,21,3
L54826964,AR,AR-T,AR-T-CH,-27.3116887,-65.817697,Lachiguana reserva,2026-09-19 10:11,121,30
L17999987,AR,AR-Q,AR-Q-MI,-36.882273,-71.086568,Lag Vaca Lauquen,2026-02-15 09:59,56,14
L28169446,AR,AR-S,AR-S-LC,-31.5556935,-61.0527243,Lag. artf. de tratamiento Herfasa SA - S Jeronimo Nte.,2025-08-03 15:14,47,12
L41148645,AR,AR-Z,AR-Z-RC,-47.8592,-71.463959,Lago Asador (Guitarra),2025-12-16 13:00,26,7
L27189901,AR,AR-Z,AR-Z-LB,-46.5267622,-71.6558772,"Lago Buenos Aires, los Antiguos",2026-02-27 12:41,25,3
L2309512,AR,AR-Z,AR-Z-RC,-48.8958725,-71.3651276,Lago Cardiel,2026-01-22 13:20,85,152
L4094615,AR,AR-U,AR-U-CU,-42.4679828,-71.6015209,Lago Cholila,2026-02-28 12:12,70,12
L17385723,AR,AR-Z,AR-Z-LB,-47.1957238,-71.7319749,Lago Columna,2026-04-12 18:14,41,8
L22317688,AR,AR-Q,AR-Q-LL,-40.6235648,-71.667038,Lago Correntoso,2026-05-09 02:10,42,11
L2762456,AR,AR-B,AR-B-AA,-37.1167,-62.9333,Lago Epecuén (sur),2026-05-21 10:44,72,6
L3920328,AR,AR-B,AR-B-AA,-37.1623686,-62.7718878,Lago Epecuén--Balneario Carhué,2026-09-14 10:21,150,71
L23797735,AR,AR-U,AR-U-CU,-42.2149138,-71.4462888,Lago Epuyén,2026-04-21 11:23,48,12
L39541338,AR,AR-R,AR-R-BA,-41.0604724,-71.5662718,"Lago Escondido, Llao Llao",2026-05-17 17:40,37,25
L1231103,AR,AR-V,AR-V-US,-54.6394477,-67.7627707,Lago Escondido--nordeste,2026-09-23 10:33,63,57
L6594245,AR,AR-Q,AR-Q-LL,-40.581041,-71.7593694,Lago Espejo Grande,2025-07-08 13:18,32,6
L13233216,AR,AR-Q,AR-Q-LA,-40.495225,-71.3017367,Lago Filo Hua Hum,2025-12-27 13:25,90,89
L5295952,AR,AR-Q,AR-Q-LA,-40.3601164,-71.4767933,Lago Hermoso,2026-02-14 11:23,61,52
L2762932,AR,AR-Q,AR-Q-LA,-40.1619251,-71.358608,Lago Lacar--playa,2026-07-24 14:25,74,171
L5837097,AR,AR-Q,AR-Q-HU,-40.0172951,-71.3669944,Lago Lolog--Puerto Arturo,2026-05-16 13:10,50,10
L14306814,AR,AR-Q,AR-Q-HU,-40.0692742,-71.314436,Lago Lolog--Río Quilquihue Costa Lolog,2026-05-09 13:52,71,21
L7481061,AR,AR-Q,AR-Q-CO,-38.5848073,-68.5228872,Lago Mari Menuco,2026-02-15 20:00,61,7
L22177771,AR,AR-Q,AR-Q-LA,-40.3688023,-71.2617703,Lago Meliquina--Sendero bordeando la costa,2026-05-09 16:11,41,15
L4989796,AR,AR-Q,AR-Q-AL,-38.8973874,-71.2887651,Lago Moquehue,2026-02-15 08:12,73,73
L40460898,AR,AR-Q,AR-Q-AL,-38.9119,-71.2994,Lago Moquehue--Playa,2025-02-20 08:30,29,1
L4094610,AR,AR-U,AR-U-CU,-42.4784919,-71.3762153,Lago Mosquito,2026-07-12 16:55,55,6
L2762617,AR,AR-U,AR-U-SA,-45.5196207,-69.1939831,Lago Musters,2025-01-20 21:36,61,14
L12543433,AR,AR-G,AR-G-BA,-27.6770079,-63.9996234,Lago Nehuel,2023-03-26 07:54,59,6
L2763294,AR,AR-R,AR-R-GR,-38.6940181,-68.0175591,Lago Pellegrini (Río Negro),2026-07-25 11:10,140,133
L22290249,AR,AR-R,AR-R-GR,-38.7276112,-68.039894,Lago Pellegrini--Paraje El Arroyón,2025-11-13 11:59,59,5
L7364369,AR,AR-R,AR-R-GR,-38.6724863,-68.0692077,Lago Pellegrini--Península Pital Có,2024-07-20 13:10,58,13
L7364852,AR,AR-R,AR-R-GR,-38.6972944,-68.0397409,Lago Pellegrini--Península Tortuguitas,2025-05-11 11:11,99,23
L34979426,AR,AR-R,AR-R-GR,-38.6624713,-68.0764998,Lago Pellegrini--Puesto Señor con chivas.,2024-07-20 15:15,13,2
L7364082,AR,AR-R,AR-R-GR,-38.6990634,-68.0260885,Lago Pellegrini-Península Ruca Có,2026-09-27 09:54,131,174
L3511503,AR,AR-X,AR-X-TA,-32.1790996,-64.2693758,Lago Piedras Moras,2026-09-06 17:34,171,78
L14256952,AR,AR-Q,AR-Q-AL,-39.0800866,-71.1216436,Lago Polcahue,2021-11-06 13:36,18,4
L58577043,AR,AR-Z,AR-Z-RC,-47.5636699,-71.7431259,Lago Posadas,2026-02-14 11:10,4,1
L2945340,AR,AR-Z,AR-Z-RC,-47.3331667,-72.0098333,Lago Pueyrredon (Santa Cruz),2024-02-06 11:44,36,5
L22145201,AR,AR-Q,AR-Q-AL,-39.1161182,-71.0589246,Lago Pulmari,2026-02-05 17:59,57,13
L2761478,AR,AR-Y,AR-Y-RI,-22.5453,-66.7981,Lago Pululos,2026-02-03 18:35,50,13
L2761479,AR,AR-Y,AR-Y-RI,-22.5433,-66.7619,Lago Pululos B,1995-03-01 00:00,8,0
L2762312,AR,AR-Z,AR-Z-RC,-48.4167,-71.5833,Lago Quiroga,2021-01-13 11:55,5,4
L58804723,AR,AR-Z,AR-Z-RC,-48.49325,-71.59684,Lago Quiroga Chico
L3591930,AR,AR-U,AR-U-FU,-43.2405134,-71.3665438,Lago Rosario,2026-02-07 18:07,96,45
L8219014,AR,AR-Z,AR-Z-LA,-49.1304718,-72.4968156,Lago San Martín--Ea. El Cóndor,2015-12-19 00:00,22,1
L3890932,AR,AR-X,AR-X-PU,-31.39065,-64.47273,Lago San Roque,2026-07-06 11:46,123,62
L2762328,AR,AR-Z,AR-Z-LA,-50.4167,-71.8333,Lago Sarmiento y lagunas de la Meseta de Las Vizcachas,2025-11-20 16:30,29,9
L10055095,AR,AR-Z,AR-Z-RC,-48.4347481,-71.1781275,Lago Strobel,2025-01-04 12:28,71,12
L5238102,AR,AR-Q,AR-Q-LL,-40.6496479,-71.4195442,Lago Traful,2025-09-28 16:18,55,16
L6191351,AR,AR-X,AR-X-RC,-33.1068568,-64.3753982,Lago Villa Dalcar,2026-08-30 08:53,119,295
L1471853,AR,AR-C,AR-C-DF,-34.5590002,-58.4332571,Lago de Regatas,2026-09-27 10:32,182,1730
L7335296,AR,AR-B,AR-B-NE,-38.5883716,-58.7440789,Lago de los Cisnes,2026-03-04 12:54,68,32
L6357402,AR,AR-C,AR-C-DF,-34.6871118,-58.4512997,Lago del Autódromo,2026-02-21 10:33,110,18
L5063423,AR,AR-Z,AR-Z-LA,-49.0811715,-72.8888919,Lago del Desierto,2026-07-11 13:25,66,161
L38654691,AR,AR-C,AR-C-DF,-34.5694235,-58.4107111,Lago del Planetario Galileo Galilei,2026-08-18 17:32,76,55
L2763644,AR,AR-U,AR-U-RS,-44.8526043,-71.6593695,Lagos La Plata y Fontana,2026-01-07 16:39,60,24
L35008495,AR,AR-A,AR-A-RL,-24.2479739,-65.8554467,Lagua del Toro III,2024-11-21 10:57,40,12
L13740881,AR,AR-E,AR-E-DI,-32.4869019,-60.7425403,Laguana Mansa,2021-02-15 14:00,23,1
L17946938,AR,AR-E,AR-E-NO,-32.3619921,-59.9202008,Laguna - Acceso al pueblo de Betbeder,2026-02-22 06:53,73,4
L4927146,AR,AR-X,AR-X-UN,-32.7397105,-62.6079941,Laguna 1,2016-09-15 07:49,51,4
L4927148,AR,AR-X,AR-X-UN,-32.7189881,-62.5956345,Laguna 2,2016-09-15 15:32,32,4
L5256452,AR,AR-B,AR-B-CH,-35.6904851,-57.990303,Laguna Adela,2026-05-25 10:00,74,4
L28224237,AR,AR-B,AR-B-CC,-35.5200496,-61.4468712,Laguna Algarrobos,2024-10-20 14:57,66,6
L11053656,AR,AR-B,AR-B-GU,-36.8818599,-62.2301169,Laguna Alsina,2026-08-29 11:02,92,17
L2763680,AR,AR-Y,AR-Y-RI,-22.736,-67.075,Laguna Alta,2010-01-26 00:00,2,0
L20989949,AR,AR-K,AR-K-PA,-28.2231813,-65.6479662,Laguna Amadores,2022-09-23 18:25,38,1
L26069185,AR,AR-U,AR-U-RA,-43.297051,-65.294402,Laguna Amici,2026-07-29 09:42,66,22
L2763664,AR,AR-K,AR-K-AS,-26.1128,-67.4203,Laguna Antofagasta y La Alumbrera,2026-08-28 14:25,124,78
L65205303,AR,AR-K,AR-K-BE,-26.2353522,-66.8255935,Laguna Aparoma,2026-05-03 08:10,9,2
L5140299,AR,AR-X,AR-X-GM,-32.4430017,-63.4378052,Laguna Arroyo Cabral,2025-12-07 16:30,101,17
L2762817,AR,AR-W,AR-W-ES,-30.3157,-59.5157,Laguna Ati (Guayquiraro)
L2763623,AR,AR-K,AR-K-TI,-27.5703,-68.5344,Laguna Azul,2025-03-12 14:20,10,5
L9078179,AR,AR-S,AR-S-LP,-31.2310765,-60.514341,Laguna Añapiré,2026-09-21 12:15,225,146
L5859289,AR,AR-Q,AR-Q-PI,-38.462859,-70.031023,Laguna Bacaco,2023-10-01 12:42,80,11
L40732427,AR,AR-S,AR-S-GL,-33.8880556,-62.0711111,Laguna Bertoni,2026-01-30 09:50,39,4
L2763626,AR,AR-Y,AR-Y-RI,-22.8394,-66.9572,Laguna Blanca B,2018-02-18 12:00,7,0
L2762922,AR,AR-M,AR-M-ML,-35.2667,-69.6333,Laguna Blanca Coihue-co,2026-02-10 10:43,50,12
L14715233,AR,AR-B,AR-B-OL,-36.8379695,-60.467323,Laguna Blanca chica,2022-02-24 14:36,102,9
L2763549,AR,AR-B,AR-B-TA,-38.2381667,-60.3643333,Laguna Borioni,2026-09-10 12:56,69,8
L23587100,AR,AR-R,AR-R-AV,-39.2809584,-65.7382768,"Laguna Buglione (-39,281, -65,738)",2026-01-19 19:35,83,15
L2763627,AR,AR-K,AR-K-AS,-26.3011,-67.0847,Laguna Cabi,2026-03-11 09:29,29,13
L2763628,AR,AR-Y,AR-Y-RI,-22.5443,-66.7629,Laguna Caití,2024-12-13 12:25,30,7
L2763688,AR,AR-K,AR-K-AS,-25.664,-68.131,Laguna Cajeros,2010-01-22 00:00,3,0
L7168864,AR,AR-Q,AR-Q-LL,-40.7704181,-71.6516197,Laguna Calafate,2026-05-06 18:35,63,46
L40728611,AR,AR-X,AR-X-SJ,-31.415065,-62.40814,Laguna Camino Devoto,2026-05-22 00:00,52,6
L27139161,AR,AR-X,AR-X-UN,-33.6755876,-63.1504296,Laguna Camoati,2025-06-27 16:55,44,1
L11741459,AR,AR-S,AR-S-CR,-33.3941613,-61.6837525,Laguna Campo Galuser Los Quirquinchos,2020-06-20 12:30,54,1
L51468475,AR,AR-M,AR-M-SR,-35.0146376,-67.6940917,Laguna Canestrari,2025-08-13 10:09,47,2
L18198348,AR,AR-X,AR-X-CA,-32.1516918,-64.5148383,Laguna Cantera,2026-09-27 10:25,208,591
L13462572,AR,AR-G,AR-G-AG,-29.1242168,-62.6528428,Laguna Cantera Municipal de Pinto,2026-08-08 10:50,158,50
L65204726,AR,AR-K,AR-K-BE,-26.35714,-66.8076935,Laguna Carachi,2026-05-02 16:20,11,2
L2763633,AR,AR-K,AR-K-AS,-26.4740735,-67.5381088,Laguna Carachipampa,2026-08-12 09:59,37,28
L2359823,AR,AR-U,AR-U-FU,-42.8884782,-71.3915634,Laguna Caradog,2026-07-26 14:30,93,64
L2763636,AR,AR-K,AR-K-AS,-25.5781,-67.2875,Laguna Caro,2025-02-11 11:45,8,1
L7380741,AR,AR-R,AR-R-VM,-41.2139814,-69.4234228,Laguna Carrilaufquen Chica,2026-03-04 13:43,62,33
L2762712,AR,AR-X,AR-X-GR,-34.7166,-64.6666,Laguna Carucue
L2763637,AR,AR-Y,AR-Y-RI,-22.7003,-66.7022,Laguna Catal,2026-02-06 12:45,14,2
L2762462,AR,AR-B,AR-B-ML,-35.0833,-57.55,Laguna Cañada Arregui,2021-08-07 08:30,97,4
L2763638,AR,AR-Y,AR-Y-RI,-22.5122,-66.6919,Laguna Cerro Negro,2026-07-22 16:01,64,24
L16959736,AR,AR-R,AR-R-VA,-40.7144266,-66.2414296,Laguna Chachin,2024-10-28 09:51,26,14
L28266546,AR,AR-Y,AR-Y-RI,-22.546408,-66.765392,Laguna Chaupi Jara,2026-02-03 16:00,24,3
L843766,AR,AR-B,AR-B-CH,-35.76699,-57.9280651,Laguna Chis Chis (SE),2026-09-02 15:01,124,31
L23192325,AR,AR-U,AR-U-CU,-42.164285,-71.363792,Laguna Chulta (La.Las Mercedes),2026-05-09 19:38,12,2
L39933052,AR,AR-K,AR-K-AS,-25.593833,-66.875904,Laguna Coipar,2026-04-25 07:50,15,2
L11883780,AR,AR-S,AR-S-SR,-31.878517,-61.1981831,Laguna Colastine Sur,2021-06-13 08:30,130,19
L18561425,AR,AR-Y,AR-Y-YA,-22.1562671,-65.4921627,Laguna Colorada,2026-02-26 18:02,54,12
L2763641,AR,AR-K,AR-K-BE,-26.8725217,-67.1399403,Laguna Colorada,2010-01-22 00:00,5,0
L2763642,AR,AR-Y,AR-Y-RI,-22.6639,-66.86,Laguna Colpayoc,2010-01-28 00:00,14,0
L56396313,AR,AR-H,AR-H-SF,-27.4793257,-58.9415089,Laguna Concepción- Barranqueras,2026-01-04 17:59,52,5
L33768315,AR,AR-B,AR-B-GV,-35.2716794,-63.0050014,Laguna Condarco y Ruta 33,2026-05-03 15:00,55,6
L3951179,AR,AR-H,AR-H-SF,-27.4131668,-58.8915575,Laguna Cora,2026-09-26 10:40,226,255
L12791214,AR,AR-S,AR-S-SR,-32.1113388,-60.9230963,Laguna Coronda (costa oeste),2024-10-12 10:20,117,12
L31885148,AR,AR-K,AR-K-TI,-27.5564967,-68.1462234,Laguna Cortaderas,2026-08-14 12:29,105,54
L12570134,AR,AR-X,AR-X-UN,-32.9423655,-62.7029283,Laguna Cremeria,2022-10-09 15:01,104,21
L13482243,AR,AR-Z,AR-Z-LA,-49.1992065,-72.9466496,Laguna Cóndor,2026-02-03 16:23,65,99
L67925141,AR,AR-S,AR-S-CL,-31.4350639,-61.3937868,Laguna De Las Cachirlas,2026-06-27 09:09,49,5
L2763352,AR,AR-B,AR-B-EN,-34.844971,-57.9562072,Laguna De Los Patos (Ensenada),2026-09-26 07:28,202,338
L2763643,AR,AR-Y,AR-Y-RI,-22.3966,-66.4211,Laguna Del Arenal,1998-01-02 00:00,14,0
L2763648,AR,AR-K,AR-K-AS,-26.0262446,-67.040205,Laguna Diamante,2025-01-30 12:45,43,14
L2359300,AR,AR-L,AR-L-SR,-36.6188344,-64.321003,Laguna Don Tomás y Ea. La Malvina,2026-09-04 11:30,199,273
L10757832,AR,AR-R,AR-R-VM,-41.7574651,-68.0850217,Laguna Dulce,2020-02-08 17:10,17,3
L8276309,AR,AR-A,AR-A-GM,-22.5601681,-63.9044942,Laguna EL Seis. Co. Vespucio,2026-05-16 10:40,173,63
L40694363,AR,AR-S,AR-S-GL,-33.8247222,-61.8997222,Laguna Ea. San Juan (cerca planta tratamiento de residuos V),2025-01-28 08:15,18,2
L4225819,AR,AR-S,AR-S-VE,-29.3958433,-60.5493747,Laguna El Bonete,2026-09-26 09:01,237,195
L2762490,AR,AR-B,AR-B-AY,-37.0927045,-58.3158588,Laguna El Cacique Negro,2025-02-07 13:21,48,1
L8454239,AR,AR-B,AR-B-JU,-34.582019,-60.9082732,Laguna El Carpincho,2025-11-18 17:11,98,10
L40790107,AR,AR-S,AR-S-GL,-34.1763889,-61.5169444,"Laguna El Chañar, Teodelina, Punto 1",2026-05-23 15:20,24,4
L40790439,AR,AR-S,AR-S-GL,-34.1736111,-61.5002778,"Laguna El Chañar, teodelina, Punto 2",2026-02-02 09:45,21,4
L7115107,AR,AR-S,AR-S-VE,-30.0242686,-60.1151276,Laguna El Cristal,2025-10-05 00:02,267,173
L30467942,AR,AR-U,AR-U-FU,-43.235073,-71.0661585,Laguna El Cronómetro,2026-06-07 16:02,31,3
L25009180,AR,AR-J,AR-J-RA,-31.7814647,-68.3900236,Laguna El Desempeño,2026-08-30 10:00,171,67
L40694024,AR,AR-S,AR-S-GL,-33.9005556,-62.1494444,Laguna El Doce,2026-09-27 11:07,34,7
L2456804,AR,AR-X,AR-X-UN,-33.3590653,-62.8485131,Laguna El Gobernador,2022-07-01 14:17,28,9
L2762493,AR,AR-B,AR-B-CH,-35.799,-57.7657,Laguna El Hinojal
L3684162,AR,AR-S,AR-S-GL,-33.7712994,-61.89237,Laguna El Hinojo,2026-09-17 14:30,152,51
L22295276,AR,AR-B,AR-B-TR,-35.899579,-62.474944,Laguna El Hinojo Grande,2026-02-12 14:31,68,8
L40706116,AR,AR-S,AR-S-GL,-33.7644444,-61.8891667,Laguna El Hinojo Norte,2026-07-11 16:26,90,27
L40706616,AR,AR-S,AR-S-GL,-33.7211111,-61.8919444,"Laguna El Hinojo Norte, punto 2",2026-01-29 10:00,12,3
L40791958,AR,AR-S,AR-S-GL,-33.7811111,-61.8855556,"Laguna El Hinojo, Transecta en embarcacion",2026-07-10 08:18,91,10
L2763013,AR,AR-D,AR-D-GP,-33.8333,-65.5,Laguna El Nasau,2019-11-19 10:00,1,0
L3603174,AR,AR-H,AR-H-BE,-27.1645291,-58.6993933,Laguna El Palmar,2026-05-09 16:34,252,131
L2761476,AR,AR-K,AR-K-AS,-26.5142,-68.0942,Laguna El Peinado,2010-01-22 00:00,4,0
L9525724,AR,AR-S,AR-S-SJ,-30.2527912,-60.2156429,"Laguna El Platero Santa Fe, AR (-30.253, -60.216)",2026-05-31 07:35,198,18
L2763651,AR,AR-S,AR-S-GL,-33.8158,-62.395,Laguna El Retiro,2010-01-24 00:00,1,0
L11060134,AR,AR-B,AR-B-GJ,-37.0773922,-56.922061,Laguna El Rosario,2025-12-05 11:22,126,20
L39530125,AR,AR-E,AR-E-VC,-32.911882,-60.6479184,Laguna El Saco,2021-09-10 08:00,19,2
L16726021,AR,AR-M,AR-M-SR,-34.8461242,-69.9156833,Laguna El Sosneado,2026-03-23 16:46,53,12
L37342895,AR,AR-A,AR-A-RI,-24.0435418,-63.3058266,Laguna El Toro,2024-10-12 16:13,10,2
L27591297,AR,AR-B,AR-B-CD,-38.830688,-61.44071,"Laguna El Toro, Departmento Coronel Dorrego",2026-09-03 16:13,76,24
L2763279,AR,AR-B,AR-B-NE,-38.5308333,-58.9295,Laguna El Tupungato,2026-06-12 16:20,145,207
L39968683,AR,AR-G,AR-G-JM,-26.7748615,-63.7679091,Laguna El Volcán,2026-01-29 16:36,14,7
L21964078,AR,AR-E,AR-E-FL,-30.36327,-58.7196397,Laguna Esc 3,2026-05-02 10:49,18,2
L39932991,AR,AR-K,AR-K-AS,-25.55449,-66.914617,Laguna Escondida,2026-07-31 13:40,15,6
L10743550,AR,AR-R,AR-R-VM,-41.4966207,-68.5263525,"Laguna Escondida (Río Negro -41,497, -68,534)",2020-02-08 15:48,10,3
L65199677,AR,AR-K,AR-K-BE,-27.0054187,-66.7450215,Laguna Escondida - Barranca Larga,2026-07-18 10:32,13,2
L16877957,AR,AR-V,AR-V-US,-54.6913037,-68.1297206,Laguna Esmeralda,2026-09-14 12:20,47,132
L21019273,AR,AR-K,AR-K-AS,-26.2944751,-67.0885547,Laguna Espejo,2022-09-24 11:00,8,2
L2969364,AR,AR-U,AR-U-CU,-42.8860271,-71.0633469,Laguna Esquel (restringido),2026-07-18 14:40,97,44
L8835518,AR,AR-B,AR-B-NE,-38.4671965,-58.8628844,Laguna Establecimiento Luis Primero,2022-07-12 15:29,84,11
L8311440,AR,AR-B,AR-B-AC,-38.1855457,-59.9218685,Laguna Establecimiento Rancho Grande,2023-01-28 09:47,71,5
L40753290,AR,AR-S,AR-S-GL,-33.8238889,-61.9772222,Laguna Estancia La Victoria,2026-01-30 11:00,15,4
L2871492,AR,AR-H,AR-H-SF,-27.6415936,-58.9886749,Laguna Estirada,2017-11-11 17:00,111,3
L4373420,AR,AR-U,AR-U-TN,-42.8338702,-68.1097841,Laguna Fría,2017-07-10 09:00,29,2
L2824565,AR,AR-P,AR-P-PG,-25.2684494,-58.7408924,Laguna Gallo,2026-01-25 10:47,197,20
L5085348,AR,AR-X,AR-X-JC,-32.8907591,-63.9133072,Laguna Gardiem,2018-12-12 18:04,101,7
L2763653,AR,AR-K,AR-K-AS,-26.2255249,-67.0496464,Laguna Grande,2026-04-02 17:30,74,43
L40791146,AR,AR-S,AR-S-GL,-34.0291667,-61.6727778,"Laguna Grijera, Punto 2",2026-02-02 08:00,21,4
L2761412,AR,AR-Y,AR-Y-CO,-23.3471667,-65.886,Laguna Guayatayoc,2010-02-02 00:00,5,0
L753853,AR,AR-Y,AR-Y-CO,-23.1583333,-65.895,Laguna Guayatayoc--Norte,2026-02-08 17:25,23,1
L2763668,AR,AR-F,AR-F-GL,-28.3503,-69.2221,Laguna Guayca Chica,2020-01-22 09:49,13,2
L2763669,AR,AR-F,AR-F-VI,-28.3208,-69.1834,Laguna Guayca Grande,2010-02-01 00:00,1,0
L2763655,AR,AR-Y,AR-Y-RI,-22.7903,-66.8458,Laguna Guindas,2024-02-06 12:55,20,3
L7863042,AR,AR-Y,AR-Y-SB,-23.8833151,-64.4669411,Laguna Hedionda,2026-07-02 14:15,236,176
L6164341,AR,AR-B,AR-B-MC,-37.5746939,-57.3915052,Laguna Hinojales,1995-12-24 14:00,87,3
L2763656,AR,AR-Y,AR-Y-RI,-22.8153,-66.8592,Laguna Honda,2025-02-03 15:15,22,2
L2761405,AR,AR-Y,AR-Y-RI,-22.7433,-67.0719,Laguna Hoyitos,2010-02-01 00:00,1,0
L3913244,AR,AR-W,AR-W-ME,-28.5462509,-57.1964684,Laguna Iberá--Centro de Interpretación Aguas Brillantes,2026-09-23 09:35,277,366
L2761407,AR,AR-Y,AR-Y-SU,-23.155,-66.9567,Laguna Iglesias (ex Guachalaite ),2025-02-11 09:42,3,0
L21866484,AR,AR-B,AR-B-DA,-36.803673,-61.9768649,Laguna Inchauspe,2022-12-17 14:30,48,1
L2763662,AR,AR-Y,AR-Y-RI,-22.6834,-66.6994,Laguna Intermedia,2010-01-28 00:00,1,0
L22466517,AR,AR-B,AR-B-BB,-38.749953,-62.213223,Laguna Invisible,2025-07-13 14:17,78,10
L2763663,AR,AR-Y,AR-Y-RI,-22.6122678,-66.7179108,Laguna Isla Grande,2024-02-07 15:15,35,9
L15485018,AR,AR-B,AR-B-MA,-36.7846724,-57.7862867,Laguna Kakel Huincul,2026-08-09 13:15,103,24
L40705384,AR,AR-S,AR-S-GL,-33.6627778,-61.9633333,Laguna Kenny transecta 2,2025-07-19 17:36,55,4
L40704515,AR,AR-S,AR-S-GL,-33.8258333,-61.9783333,"Laguna Kenny, transecta 1",2025-01-28 11:30,21,2
L14211108,AR,AR-V,AR-V-RG,-54.4940782,-67.2008637,Laguna Khami,2026-02-23 11:22,40,26
L2762721,AR,AR-X,AR-X-PP,-34.3,-64.0833,Laguna La Amarga,2024-12-01 14:48,16,0
L2763665,AR,AR-S,AR-S-GL,-33.6917,-62.3417,Laguna La Badenia,2022-04-16 17:01,16,1
L9968493,AR,AR-B,AR-B-GD,-38.3153379,-57.9487013,Laguna La Ballenera,2026-06-03 11:13,123,33
L10270064,AR,AR-B,AR-B-BC,-37.884516,-57.9764212,Laguna La Brava,2026-08-03 16:51,129,55
L2457025,AR,AR-X,AR-X-UN,-33.5166387,-63.1175494,Laguna La Brava,2023-06-26 11:30,50,5
L2762724,AR,AR-X,AR-X-UN,-33.55,-63.1333,Laguna La Brava,1996-12-31 09:00,11,1
L2517211,AR,AR-X,AR-X-UN,-33.4039312,-62.9468536,Laguna La Brava y Bañados del Saladillo,2014-01-07 07:00,85,1
L11514322,AR,AR-R,AR-R-GR,-37.9839159,-67.960968,Laguna La Cesarea (Medanito-Catriel),2025-08-03 10:08,76,33
L2763417,AR,AR-X,AR-X-PP,-33.8380194,-63.4273767,Laguna La Chanchera,2026-03-01 08:00,142,25
L9820725,AR,AR-B,AR-B-TI,-34.443056,-58.521733,Laguna La Chincheta,2026-01-04 16:29,8,0
L20943337,AR,AR-Q,AR-Q-CO,-38.89494,-69.13143,Laguna La Colorada,2023-09-19 10:10,47,5
L14923965,AR,AR-U,AR-U-FU,-42.967991,-71.53827,Laguna La Coqueta,2021-05-13 14:26,14,2
L25847180,AR,AR-B,AR-B-SC,-38.239019,-59.464333,Laguna La Corina,2026-06-12 11:18,36,3
L10545517,AR,AR-S,AR-S-SM,-31.8799565,-61.6298601,Laguna La Correntina,2025-10-11 07:30,99,8
L65560334,AR,AR-B,AR-B-GT,-34.8471099,-60.7860271,Laguna La Delia,2026-05-02 16:21,22,6
L40477422,AR,AR-X,AR-X-JC,-33.1419083,-63.5437056,Laguna La Felipa,2025-08-02 14:52,17,2
L2762730,AR,AR-X,AR-X-JC,-33.0333,-63.5167,Laguna La Felipa (Ucacha),2020-01-16 16:25,95,2
L2762499,AR,AR-B,AR-B-GL,-36.6,-57.0,Laguna La Isolina,2025-04-21 08:00,163,7
L13819164,AR,AR-Q,AR-Q-LA,-40.1847075,-71.2333312,Laguna La Kika,2026-01-11 10:20,23,8
L57642090,AR,AR-B,AR-B-CP,-37.7894778,-61.1896323,Laguna La Libertad,2026-01-24 12:07,42,2
L20893107,AR,AR-B,AR-B-JU,-34.7455041,-60.7998228,Laguna La Machuca,2025-10-06 17:31,58,3
L2762252,AR,AR-X,AR-X-GR,-34.6402698,-63.7350368,Laguna La Margarita,2026-06-27 16:06,94,8
L2763607,AR,AR-M,AR-M-MP,-32.8398333,-68.6011667,Laguna La Paloma,2026-09-02 12:08,147,206
L17722855,AR,AR-X,AR-X-PP,-34.1421597,-63.4228327,Laguna La Pelopincho,2025-11-18 14:03,85,14
L7195102,AR,AR-B,AR-B-VI,-39.497045,-62.8449898,Laguna La Petrona,2026-02-02 07:13,106,23
L835337,AR,AR-S,AR-S-GL,-34.3638435,-62.3062134,Laguna La Picasa,2026-08-28 10:30,165,107
L10427093,AR,AR-S,AR-S-GL,-34.3639149,-62.1979193,Laguna La Picasa- costa este.,2026-08-29 17:30,107,24
L24373896,AR,AR-Q,AR-Q-ZA,-38.775141,-70.05242,Laguna La Protegida,2026-07-05 15:20,93,38
L2763058,AR,AR-S,AR-S-GL,-34.3333,-62.55,Laguna La Ragusa,2026-05-03 08:15,114,32
L25396352,AR,AR-B,AR-B-CI,-36.092956,-57.7939059,Laguna La Rosita,2026-08-03 08:03,106,23
L4018951,AR,AR-B,AR-B-BJ,-37.4053976,-59.794786,Laguna La Salada,2025-01-31 18:51,104,8
L6468817,AR,AR-B,AR-B-SC,-38.7211409,-59.4459568,Laguna La Salada,2026-01-17 16:52,109,34
L3400900,AR,AR-S,AR-S-SR,-31.847206,-60.9337807,Laguna La Salada (Matilde),2024-06-01 07:33,201,40
L3241672,AR,AR-Q,AR-Q-ZA,-38.7769443,-70.0251389,Laguna La Solitaria,2026-05-09 09:45,118,174
L16509446,AR,AR-B,AR-B-RO,-34.0574932,-60.9717127,Laguna La Tigra,2026-01-17 16:37,23,3
L2922182,AR,AR-B,AR-B-TA,-38.4012411,-60.2319671,Laguna La Tomasita,2026-09-17 18:29,108,48
L4023392,AR,AR-Q,AR-Q-MI,-36.6144652,-70.6089967,Laguna La Totora,2025-12-13 10:37,31,8
L2762510,AR,AR-B,AR-B-CH,-35.798,-57.7647,Laguna La Viuda,2021-05-15 10:36,81,2
L2762735,AR,AR-X,AR-X-RG,-31.7780881,-63.790226,Laguna Larga,2026-09-04 17:00,182,77
L2762916,AR,AR-Y,AR-Y-RI,-22.3635702,-66.1437035,Laguna Larga (Lag. de Lagunillas),2025-05-10 18:13,77,12
L2762513,AR,AR-B,AR-B-RP,-35.5,-59.0333,Laguna Las Flores Chica
L13533303,AR,AR-B,AR-B-MT,-35.582662,-59.012126,Laguna Las Flores Grande,2022-05-14 16:00,82,15
L6043885,AR,AR-S,AR-S-CR,-33.1652654,-61.8870764,Laguna Las Mojarras (Arteaga),2019-11-24 06:30,111,7
L2762519,AR,AR-B,AR-B-MT,-35.5,-58.8333,Laguna Las Perdices,2026-08-09 15:10,134,28
L17842462,AR,AR-Q,AR-Q-LA,-40.2966895,-71.4132273,Laguna Las Taguas,2026-07-19 10:33,36,5
L2762741,AR,AR-X,AR-X-GM,-32.9167,-63.25,Laguna Las Tunitas y otras,2021-11-07 08:05,52,5
L55716516,AR,AR-W,AR-W-CO,-28.2504325,-58.1139402,Laguna Laureity,2018-06-15 08:15,11,1
L2761416,AR,AR-Y,AR-Y-RI,-22.9961,-66.8811,Laguna Lina (ex Comisaria),2026-02-09 12:35,21,8
L4023314,AR,AR-Q,AR-Q-MI,-36.615728,-70.6269944,Laguna Los Cheuques,2025-12-13 10:05,43,15
L2763064,AR,AR-S,AR-S-GL,-34.35,-62.6,Laguna Los Cisnes
L13387982,AR,AR-B,AR-B-TD,-37.429752,-59.288666,Laguna Los Coscorobas,2026-05-29 16:37,111,21
L2761454,AR,AR-Y,AR-Y-CO,-22.6871667,-65.7285,Laguna Los Enamorados,2026-07-04 16:31,95,64
L485356,AR,AR-Z,AR-Z-LA,-50.4015153,-71.5608215,Laguna Los Escarchados,2026-05-05 15:59,76,69
L17138964,AR,AR-B,AR-B-SD,-37.892244,-62.555985,Laguna Los Flamencos,2026-05-25 10:06,99,38
L7157617,AR,AR-B,AR-B-PA,-39.893736,-62.6130795,Laguna Los Gauchos,2026-02-01 18:42,89,38
L5631966,AR,AR-B,AR-B-GJ,-37.0268138,-57.0719147,Laguna Los Horcones,2025-08-15 11:30,157,38
L682725,AR,AR-R,AR-R-PI,-41.0595502,-71.0057974,Laguna Los Juncos,2026-09-25 11:45,133,440
L2762171,AR,AR-K,AR-K-TI,-27.45,-67.6333,Laguna Los Nacimientos,2025-03-02 08:00,34,2
L10091874,AR,AR-E,AR-E-FL,-30.3685555,-58.6875827,Laguna Los Paraísos,2026-06-06 14:52,97,14
L2762744,AR,AR-X,AR-X-RP,-31.25,-63.5333,Laguna Ludueña,2022-11-27 10:00,145,12
L2762220,AR,AR-X,AR-X-SJ,-30.6946115,-62.6605225,Laguna Mar Chiquita,2024-12-27 07:54,169,21
L14886662,AR,AR-A,AR-A-GG,-24.7148086,-64.9445519,Laguna Marcileci (acceso restringido),2026-06-17 10:09,168,20
L16920168,AR,AR-V,AR-V-US,-54.6200626,-67.9866116,Laguna Margarita,2026-04-04 20:41,32,10
L16315248,AR,AR-V,AR-V-RG,-53.8212023,-67.6803649,Laguna Margen Sur (BIM),2026-09-21 15:18,44,35
L5549794,AR,AR-Z,AR-Z-GA,-51.6255302,-69.2445087,Laguna María la Gorda,2026-08-16 15:23,64,787
L21863967,AR,AR-Q,AR-Q-CO,-39.0117256,-68.4392106,Laguna Maturana,2025-09-14 10:40,97,32
L53998962,AR,AR-S,AR-S-GL,-33.6623825,-61.4271964,Laguna Melincue (norte),2026-09-21 15:26,84,15
L9361105,AR,AR-S,AR-S-GL,-33.7614067,-61.5028222,Laguna Melincué y adyacentes--Costa Ea. El Tehuelche,2019-05-26 13:13,38,4
L2762214,AR,AR-S,AR-S-GL,-33.7,-61.4667,Laguna Melincué y lagunas adyacentes,2026-06-28 09:38,211,124
L9360910,AR,AR-S,AR-S-GL,-33.6680587,-61.4501306,Laguna Melincué y lagunas adyacentes--Costa RN 90,2024-12-07 12:16,192,122
L9360975,AR,AR-S,AR-S-GL,-33.6996042,-61.4069877,Laguna Melincué y lagunas adyacentes--Costa ex RN 93,2026-06-21 10:31,209,223
L2763075,AR,AR-S,AR-S-GL,-34.3333,-62.4833,Laguna Miramar,2025-11-18 15:35,26,1
L16489082,AR,AR-M,AR-M-LA,-32.7636159,-68.5934887,Laguna Montenegro - Sistema Leyes-Tulumaya,2026-09-02 09:46,110,50
L2763670,AR,AR-F,AR-F-VI,-28.2744,-68.7253,Laguna Mulas Muertas,2026-01-05 16:07,6,1
L16155647,AR,AR-B,AR-B-VM,-35.4417045,-60.1553161,Laguna Mulitas,2026-07-23 13:14,99,15
L3037832,AR,AR-B,AR-B-MC,-37.6155912,-57.4231768,Laguna Nahuel Ruca,2026-08-04 08:52,186,553
L1064800,AR,AR-V,AR-V-RG,-54.5200852,-67.2613907,Laguna Negra,2026-02-26 19:01,50,36
L2761470,AR,AR-K,AR-K-TI,-27.6519,-68.555,Laguna Negra,2026-01-19 13:00,14,4
L37342940,AR,AR-A,AR-A-RI,-24.0556078,-63.2957925,Laguna Negra,2024-12-04 12:48,79,6
L22783145,AR,AR-G,AR-G-PE,-26.2076854,-64.4823404,Laguna Negra (Santiago del Estero),2025-01-31 16:20,56,11
L16077590,AR,AR-B,AR-B-QU,-34.694974,-58.2814847,Laguna Nuevo Quilmes,2026-09-18 08:15,111,39
L12766717,AR,AR-Z,AR-Z-DE,-47.7499955,-65.8999737,Laguna Orkeke,2025-10-11 15:30,31,8
L2761473,AR,AR-K,AR-K-AS,-26.0801054,-67.0431662,Laguna Pabellón,2026-03-11 12:43,30,24
L16016373,AR,AR-Q,AR-Q-CO,-38.9760241,-68.0273469,Laguna Paimún,2026-08-08 18:04,67,14
L7173590,AR,AR-S,AR-S-LP,-31.2742228,-60.6183529,Laguna Paiva,2025-11-15 10:00,187,37
L7157385,AR,AR-S,AR-S-LP,-31.270047,-60.6269676,Laguna Paiva--Balneario Municipal,2025-10-11 10:35,200,86
L7010987,AR,AR-S,AR-S-LP,-31.2747121,-60.6106281,Laguna Paiva--compuerta,2024-09-27 12:20,103,2
L12532125,AR,AR-A,AR-A-OR,-23.047295,-64.30556,Laguna Palopique,2026-05-09 14:11,195,42
L2761423,AR,AR-K,AR-K-AS,-25.542,-68.135,Laguna Patos,2010-01-22 00:00,2,0
L39932778,AR,AR-K,AR-K-AS,-25.68868,-67.14548,Laguna Pedernal,2025-02-02 09:38,10,2
L6025720,AR,AR-M,AR-M-GA,-35.0218298,-67.6828229,Laguna Pique Club,2025-01-27 10:24,49,1
L8632598,AR,AR-Q,AR-Q-LL,-40.721347,-71.7974494,Laguna Pire,2026-04-25 12:51,56,32
L8334888,AR,AR-Y,AR-Y-SA,-24.3017866,-65.3399623,Laguna Popayán,2026-04-18 09:52,191,27
L5110182,AR,AR-B,AR-B-ES,-34.3608899,-58.7943327,Laguna Portal Escobar,2026-09-20 12:55,97,167
L17072012,AR,AR-X,AR-X-RG,-31.7457228,-63.7535977,Laguna Pozos de Arena,2026-08-16 17:50,156,69
L21350364,AR,AR-X,AR-X-GM,-32.4450293,-63.2140753,Laguna Pueblo Nuevo,2026-08-30 09:30,155,60
L11781578,AR,AR-S,AR-S-GL,-33.4217819,-61.6770681,Laguna Puesto el 22 Cañada de Ucle,2024-11-17 11:46,83,4
L44047130,AR,AR-B,AR-B-GP,-38.0669313,-57.5456773,Laguna Punta Mogotes,2026-09-22 14:36,93,96
L8019101,AR,AR-R,AR-R-VA,-40.5843336,-66.0543762,Laguna Punta de Agua,2025-10-19 09:39,121,47
L2761492,AR,AR-K,AR-K-AS,-26.6563333,-67.8621667,Laguna Purulla,2026-03-10 16:28,30,6
L24363684,AR,AR-L,AR-L-UT,-37.3689294,-64.5790958,Laguna Quetre Huitru,2026-08-19 10:05,108,35
L11944612,AR,AR-S,AR-S-GL,-33.6874828,-61.9332903,Laguna RN33 ex-peaje Venado Tuerto,2025-11-06 12:20,46,6
L52464843,AR,AR-C,AR-C-DF,-34.6221489,-58.4498613,Laguna RUO,2025-10-02 10:20,15,1
L2762747,AR,AR-X,AR-X-GR,-34.8343734,-64.8134795,Laguna Ralico,2026-08-08 10:00,68,2
L8035137,AR,AR-S,AR-S-RO,-32.9687131,-60.7882961,Laguna Rally,2026-04-12 09:41,47,2
L18347549,AR,AR-V,AR-V-RG,-53.7025939,-67.8359261,Laguna Remanso Misión Salesiana,2026-01-11 10:40,45,34
L3053102,AR,AR-X,AR-X-RC,-32.78007,-64.33772,"Laguna Rivero, Gigena",2026-09-20 08:25,177,269
L2763078,AR,AR-S,AR-S-GL,-34.3,-62.55,Laguna Rosetti,2026-09-27 08:20,151,61
L2762152,AR,AR-Y,AR-Y-CO,-22.6485516,-65.6925774,Laguna Runtuyoc,2026-09-17 16:35,121,168
L28762243,AR,AR-Z,AR-Z-LB,-47.1963048,-71.6445127,Laguna Río Columna,2024-01-09 18:49,2,2
L8410097,AR,AR-V,AR-V-RG,-52.9625134,-68.3848673,Laguna Salada,2025-04-10 08:00,29,8
L68906308,AR,AR-B,AR-B-GL,-36.993,-56.924,Laguna Salada Chica Provincia de Buenos Aires,2016-11-07 17:20,8,1
L29211639,AR,AR-M,AR-M-SR,-34.9541769,-68.8374209,Laguna Salinas del Diamante,2026-02-04 12:39,68,13
L21591494,AR,AR-A,AR-A-SA,-24.7520037,-65.4227213,Laguna Salta Polo,2024-10-01 08:33,122,20
L2761536,AR,AR-B,AR-B-CR,-38.8166667,-62.0666667,Laguna San Antonio,2016-02-13 07:30,85,8
L4025722,AR,AR-B,AR-B-BJ,-37.630511,-59.875539,Laguna San Antonio de Iraola,2026-09-13 10:44,51,6
L47739775,AR,AR-S,AR-S-GL,-33.8520966,-62.1249215,Laguna San Eduardo,2025-07-19 08:43,59,3
L2763483,AR,AR-V,AR-V-RG,-53.9148333,-67.6015,Laguna San Luis,2026-09-23 14:59,41,59
L48083643,AR,AR-S,AR-S-LC,-31.6728342,-61.3213223,Laguna San Mariano,2026-03-14 10:49,18,2
L18439584,AR,AR-M,AR-M-MP,-33.0088986,-68.5795614,Laguna San roque,2024-09-05 07:58,82,21
L2762759,AR,AR-X,AR-X-MJ,-33.1333,-62.0,Laguna Santa Lucia,2019-11-24 10:00,42,1
L9852286,AR,AR-S,AR-S-CR,-33.1291667,-61.9177778,Laguna Santa Lucia,2019-08-25 10:30,49,2
L2761437,AR,AR-A,AR-A-LA,-24.4631,-67.7511,Laguna Santa María A,2010-01-29 00:00,2,0
L2761438,AR,AR-A,AR-A-LA,-24.0928,-67.3522,Laguna Santa María B,2025-11-08 09:00,26,6
L58290403,AR,AR-S,AR-S-GL,-33.997547,-62.2401456,Laguna Santi Spiritu,2026-02-03 08:00,20,2
L2762762,AR,AR-X,AR-X-CO,-31.1744755,-64.2472744,Laguna Santo Domingo,2023-12-14 15:15,125,16
L2762524,AR,AR-B,AR-B-CD,-38.9167,-61.45,Laguna Sauce Grande,2026-08-30 15:53,126,15
L40072903,AR,AR-B,AR-B-NJ,-35.4287726,-60.8452358,Laguna Sayavedra,2026-05-09 14:50,82,20
L30429720,AR,AR-V,AR-V-RG,-53.8034337,-67.7881289,Laguna Seca,2026-09-25 13:30,38,28
L7976688,AR,AR-X,AR-X-RC,-33.3262846,-64.8614021,Laguna Seca (Suco),2026-07-27 13:22,148,54
L69839303,AR,AR-S,AR-S-LP,-31.6123335,-60.6370861,Laguna Setubal,2025-05-15 09:00,1,0
L11642393,AR,AR-S,AR-S-LP,-31.599,-60.663,Laguna Setubal al final de avenida French,2023-02-09 09:19,69,4
L53925553,AR,AR-W,AR-W-LA,-29.0088075,-58.9081737,Laguna Sirena,2026-09-19 15:47,87,6
L2763020,AR,AR-D,AR-D-GP,-34.0833,-65.4166,Laguna Soven,2022-01-03 07:57,25,2
L2365781,AR,AR-U,AR-U-FU,-42.993599,-71.5295792,Laguna Terraplén,2026-09-23 17:39,107,141
L7747220,AR,AR-S,AR-S-SL,-32.9415578,-60.8756183,"Laguna Tierra De Sueños 3 Santa Fe, AR (-32.942, -60.876)",2026-09-16 15:15,129,74
L27429491,AR,AR-S,AR-S-SR,-32.3770273,-61.0315846,Laguna Toya,2024-10-12 09:00,47,4
L2762765,AR,AR-X,AR-X-GR,-34.8333,-64.9166,Laguna Tromel,2017-04-19 12:00,43,2
L2763674,AR,AR-F,AR-F-VI,-28.1833,-68.9667,Laguna Veladero,2020-01-22 10:50,19,2
L2761502,AR,AR-Y,AR-Y-RI,-22.8601,-67.0275,Laguna Verde,2010-01-27 00:00,2,0
L2763676,AR,AR-F,AR-F-VI,-28.4167,-68.9833,Laguna Verde,2010-02-01 00:00,2,0
L37418233,AR,AR-S,AR-S-GO,-28.5127942,-59.2598288,Laguna Vicente,2024-11-27 01:02,25,1
L29068429,AR,AR-V,AR-V-US,-54.776349,-67.700702,Laguna Victoria,2026-05-27 12:41,25,18
L5782488,AR,AR-B,AR-B-CH,-35.5252411,-58.1320953,Laguna Vitel,2026-07-02 09:00,142,62
L10326162,AR,AR-Y,AR-Y-TU,-23.9234398,-65.4774161,Laguna Volcán,2026-02-02 13:38,127,31
L3987637,AR,AR-U,AR-U-FU,-42.8857913,-71.2726235,Laguna Willmanco,2026-09-16 09:43,93,91
L4821040,AR,AR-P,AR-P-BE,-24.34572,-61.32191,Laguna Yema,2025-11-06 13:33,157,21
L5254463,AR,AR-B,AR-B-TA,-38.321984,-60.0382018,Laguna acceso a San Mayol,2026-08-21 16:41,111,28
L17470947,AR,AR-B,AR-B-GV,-35.0337057,-63.2590649,Laguna al costado de la Ruta Nacional 188,2026-01-31 11:03,49,8
L29908903,AR,AR-Q,AR-Q-CC,-40.1008623,-70.7523876,Laguna al costado de la Ruta Nacional 234.,2026-05-09 14:39,87,79
L17470914,AR,AR-S,AR-S-GL,-33.8912675,-62.2373335,Laguna al costado de la Ruta Nacional 33,2026-02-14 13:17,84,8
L17474157,AR,AR-L,AR-L-TR,-35.7945289,-64.2678297,Laguna al costado de la Ruta Nacional 35,2023-12-24 06:35,35,3
L66445798,AR,AR-B,AR-B-GV,-34.9078888,-62.9792697,Laguna camino a la Estancia Las Piedras,2026-05-10 08:30,42,1
L9194231,AR,AR-A,AR-A-OR,-23.288477,-64.221563,Laguna cerca del Río Colorado,2025-02-14 15:45,91,2
L9125697,AR,AR-S,AR-S-RO,-33.0604968,-60.7703463,Laguna cercana al arroyo,2023-10-08 09:34,6,0
L27880134,AR,AR-R,AR-R-AV,-39.34813,-65.726439,Laguna cuadrada,2026-05-02 09:18,66,7
L17444490,AR,AR-A,AR-A-MO,-25.2911944,-66.3647817,Laguna de Brealito,2026-09-24 13:46,113,24
L8245935,AR,AR-V,AR-V-RG,-53.7914751,-67.7396133,Laguna de Chacra XIII,2025-12-21 14:00,48,79
L3496175,AR,AR-S,AR-S-GL,-33.8309647,-61.7610598,Laguna de Chapuy (cruce de rutas 8 y 90),2026-06-28 14:22,63,9
L2762467,AR,AR-B,AR-B-CH,-35.5905,-58.0275,Laguna de Chascomús,2026-09-22 09:38,194,398
L6468398,AR,AR-B,AR-B-AC,-38.1045138,-60.0096885,Laguna de Ciancaglini,2026-05-23 11:28,74,10
L16316229,AR,AR-M,AR-M-ML,-36.57807,-69.82505,Laguna de Coipo Lauqen,2026-03-20 11:07,90,48
L4419468,AR,AR-G,AR-G-BA,-27.664297,-64.0916204,Laguna de Cuyoj,2026-03-14 09:58,75,25
L14825115,AR,AR-B,AR-B-GV,-34.9983219,-63.13917,Laguna de Don Ferdinando,2021-05-08 16:39,14,1
L29494697,AR,AR-B,AR-B-GV,-34.86134,-62.9975456,Laguna de El Arbolito,2026-07-19 13:35,105,27
L36404688,AR,AR-B,AR-B-GV,-35.0630383,-63.1168768,Laguna de Elordi,2026-09-06 11:25,43,2
L11724650,AR,AR-X,AR-X-RG,-31.6604511,-63.547737,Laguna de Garino,2026-08-30 14:00,167,27
L2763453,AR,AR-B,AR-B-TA,-38.5253333,-60.14,"Laguna de Gil ,Tres Arroyos",2026-08-22 16:22,77,26
L4993911,AR,AR-B,AR-B-JU,-34.6477548,-61.0538149,Laguna de Gómez (Junín),2026-08-28 09:00,140,35
L38548244,AR,AR-Q,AR-Q-NO,-37.9412869,-71.0426617,Laguna de Hualcupén,2026-01-25 14:58,41,3
L2154348,AR,AR-Y,AR-Y-CO,-22.767387,-65.7137883,Laguna de Huancar,2026-09-18 15:52,164,701
L12543547,AR,AR-A,AR-A-SA,-24.7870462,-65.5108309,Laguna de La Aguada,2025-10-11 11:49,113,19
L20368616,AR,AR-B,AR-B-GV,-34.9437755,-63.0482565,Laguna de La Espadaña,2026-09-20 16:00,83,6
L26806230,AR,AR-X,AR-X-UN,-33.1457174,-62.8662767,Laguna de Laborde,2026-07-10 12:10,61,8
L22372034,AR,AR-B,AR-B-AC,-38.1269008,-60.0417733,Laguna de Las Lomas,2026-08-26 11:22,75,2
L20796699,AR,AR-B,AR-B-GV,-35.0791861,-62.9170353,Laguna de Laureles,2026-06-15 16:49,159,27
L7650403,AR,AR-S,AR-S-GL,-34.1477998,-62.4661589,Laguna de Lazzarino,2022-07-04 10:05,59,3
L2762267,AR,AR-B,AR-B-LB,-35.2803095,-59.11623,Laguna de Lobos,2026-07-09 09:05,188,148
L18666767,AR,AR-K,AR-K-TI,-27.6624659,-68.4006494,Laguna de Los Aparejos,2026-07-14 11:28,39,19
L2761459,AR,AR-K,AR-K-TI,-27.6057895,-68.5897064,Laguna de Los Aparejos,2024-10-12 09:02,11,2
L19883066,AR,AR-S,AR-S-SL,-32.8917538,-61.1972522,Laguna de Lux,2025-11-15 09:47,60,4
L2762476,AR,AR-B,AR-B-MT,-35.4575938,-58.815093,Laguna de Monte,2026-09-22 15:07,209,464
L19052422,AR,AR-B,AR-B-TP,-36.3657992,-60.0510558,Laguna de Mora,2022-05-14 15:30,38,1
L6797063,AR,AR-B,AR-B-NA,-35.0101954,-59.2922688,Laguna de Navarro,2026-08-29 10:52,178,237
L8727807,AR,AR-G,AR-G-BA,-27.6784114,-64.1175814,Laguna de Nuevo Líbano,2026-07-11 17:05,163,61
L16789763,AR,AR-E,AR-E-NO,-32.215977,-59.8115668,Laguna de Osuna- Camino al Pueblito,2025-10-11 10:39,49,5
L4419527,AR,AR-G,AR-G-BA,-27.6179918,-64.0110254,Laguna de Pampa Mayo,2025-05-11 10:51,113,39
L58361681,AR,AR-B,AR-B-GV,-35.0417585,-63.270384,Laguna de Pivotto,2026-02-08 07:30,18,1
L2762228,AR,AR-X,AR-X-PO,-31.4167,-65.1833,Laguna de Pocho,2026-08-30 07:52,153,92
L2763671,AR,AR-B,AR-B-CT,-35.2806667,-62.835,Laguna de Pradere,2025-08-16 16:13,132,18
L2762715,AR,AR-X,AR-X-SJ,-30.9333,-62.4167,Laguna de Pusseto,2024-12-25 19:10,169,41
L14885479,AR,AR-A,,-24.537802,-64.7222524,Laguna de Quisto,2022-07-18 14:43,31,7
L7997255,AR,AR-L,AR-L-CO,-35.8891644,-64.235927,Laguna de Rajo,2025-07-10 17:39,101,15
L60366571,AR,AR-B,AR-B-BG,-34.6953972,-60.6869698,Laguna de Rocha,2025-10-16 14:00,1,0
L11146545,AR,AR-S,AR-S-GL,-33.9264089,-61.7479867,Laguna de Santa Isabel,2013-09-08 00:00,10,0
L16223007,AR,AR-M,AR-M-LA,-32.795306,-68.5874856,Laguna de Soria.,2026-09-02 11:25,113,52
L2763684,AR,AR-Q,AR-Q-MI,-36.3808333,-70.6333333,Laguna de Varvarco Campos y Tapia,2025-04-18 15:51,69,10
L2762148,AR,AR-Y,AR-Y-RI,-22.5833,-66.9167,Laguna de Vilama,2026-06-03 15:57,79,13
L28498377,AR,AR-U,AR-U-RA,-43.3152949,-65.3206899,Laguna de la Ladrillera,2026-05-24 09:20,64,12
L10674284,AR,AR-M,AR-M-ML,-35.1600958,-69.8697461,Laguna de la Niña Encantada,2026-03-20 18:43,54,29
L11512834,AR,AR-L,AR-L-PU,-37.2092958,-67.5859458,"Laguna de la Viuda, Puelén",2025-06-21 13:04,32,26
L2763704,AR,AR-K,AR-K-AS,-26.2121,-67.0816,Laguna de las Peñas,2025-01-29 14:30,23,9
L59961250,AR,AR-S,AR-S-GO,-28.5053265,-59.2258137,Laguna de las falsas Esperanzas,2026-05-30 16:50,105,3
L58056606,AR,AR-U,AR-U-RA,-43.24862,-65.22443,Laguna de los Dos Ejidos,2026-07-16 11:17,55,2
L7282199,AR,AR-B,AR-B-PA,-39.9033168,-62.6224566,Laguna de los Flamencos,2026-02-02 19:10,58,6
L71688901,AR,AR-X,AR-X-JC,-33.1568727,-63.9912142,Laguna de los Medanitos,2026-06-27 09:00,39,1
L8119909,AR,AR-S,AR-S-RO,-32.9432106,-60.8084546,Laguna de los Patos,2026-08-16 09:26,143,53
L14245366,AR,AR-V,AR-V-RG,-53.7159456,-68.0360502,"Laguna de los Patos, Río Grande, Tierra del Fuego, Argentina.",2026-02-14 10:43,48,22
L13341404,AR,AR-Y,AR-Y-RI,-22.4731244,-65.9939289,Laguna de los Pozuelos--Río Pincullo Casa Guardaparque,2026-03-09 13:55,57,77
L8010982,AR,AR-Y,AR-Y-RI,-22.4434015,-65.9949273,Laguna de los Pozuelos--camino de ingreso público,2026-09-18 08:21,98,159
L8010999,AR,AR-Y,AR-Y-RI,-22.4148886,-65.9833831,Laguna de los Pozuelos--punto conteo SE,2026-05-09 13:35,71,37
L40387067,AR,AR-X,AR-X-GR,-34.74325,-64.695293,Laguna del 20,2026-01-28 17:50,73,4
L21140700,AR,AR-V,AR-V-RG,-53.8183043,-67.6898819,Laguna del BIM,2026-08-30 12:30,45,81
L3285291,AR,AR-Q,AR-Q-CL,-39.115229,-70.4137802,Laguna del Burro,2026-01-21 14:02,56,18
L6692177,AR,AR-Q,AR-Q-NO,-37.9034387,-70.985198,Laguna del Cacique,2025-03-18 14:50,54,15
L16513603,AR,AR-Q,AR-Q-ZA,-38.85376,-69.97877,Laguna del Cristo--Zapala,2026-08-30 10:10,114,136
L14747027,AR,AR-V,AR-V-US,-54.8130951,-68.3438026,Laguna del Diablo,2026-07-25 15:52,33,28
L39728809,AR,AR-S,AR-S-RO,-32.9484087,-60.7835043,Laguna del Ludueña,2026-07-04 09:19,16,3
L11053596,AR,AR-B,AR-B-GU,-37.007191,-62.4228297,Laguna del Monte,2025-01-21 09:27,97,14
L2761474,AR,AR-Y,AR-Y-RI,-22.6733,-66.8114,Laguna del Palar,2024-02-06 15:30,17,1
L15882788,AR,AR-S,AR-S-SJ,-30.1439706,-60.1819491,Laguna del Plata,2025-05-20 11:40,148,9
L6692207,AR,AR-Q,AR-Q-NO,-37.9021858,-71.0328019,Laguna del Portezuelo,2025-02-13 16:44,11,2
L13462868,AR,AR-G,AR-G-AV,-28.4817145,-63.270223,Laguna del Santuario de Mailin,2025-03-17 09:00,137,24
L63277018,AR,AR-X,AR-X-SJ,-31.453576,-62.0754841,Laguna del Sur--San Francisco,2026-04-19 08:27,46,2
L20344531,AR,AR-X,AR-X-RC,-33.9418782,-64.5042753,Laguna del Tala,2026-02-16 10:00,75,20
L55470146,AR,AR-U,AR-U-TH,-44.3881052,-70.6363723,Laguna del Toro,2025-11-25 12:30,12,1
L6726579,AR,AR-X,AR-X-UN,-33.4247079,-62.9008484,Laguna la Helvecia,2026-07-26 14:07,134,21
L12486999,AR,AR-R,AR-R-BA,-41.1644976,-71.2699894,Laguna los Patos,2025-03-30 18:41,50,12
L10060401,AR,AR-R,AR-R-GR,-39.0684635,-67.6802177,Laguna paraje 4 Galpones,2019-10-19 12:45,3,2
L53922957,AR,AR-B,AR-B-LT,-34.8543092,-58.0542476,Laguna patuna.,2026-09-13 16:23,46,5
L16608458,AR,AR-U,AR-U-ES,-45.8936751,-67.6941,Laguna ruta 26,2022-05-14 15:27,58,27
L2762753,AR,AR-X,AR-X-JC,-33.1,-63.2,Laguna sin nombre (Chazon),2025-01-31 08:33,29,4
L15984293,AR,AR-W,AR-W-GO,-29.1841635,-59.1897869,Laguna verde,2026-08-21 11:50,121,25
L10674341,AR,AR-M,AR-M-ML,-35.1553461,-70.2016095,Laguna y Juncal Valle Hermoso,2026-02-10 16:11,65,18
L2763550,AR,AR-X,AR-X-PP,-34.1196667,-63.3736667,Laguna y Parque Municipal Laboulaye,2026-07-15 14:30,120,52
L10743728,AR,AR-R,AR-R-VM,-41.5077904,-68.6256143,Laguna Ñe Luan,2023-03-04 08:51,49,7
L43101005,AR,AR-B,AR-B-AA,-37.296804,-62.547985,"Laguna, Atajo Carhue-Espartillar",2025-03-26 08:30,10,1
L27525464,AR,AR-Q,AR-Q-NO,-37.802861,-70.820985,Laguna-Pta Trolope,2026-02-09 08:16,45,5
L77151164,AR,AR-B,AR-B-ES,-34.3653072,-58.757139,Lagunas - Barrio San Luis,2026-09-27 16:59,35,4
L16605036,AR,AR-Q,AR-Q-ZA,-38.609238,-69.775799,Lagunas -Monte,2021-10-09 13:10,33,3
L7492181,AR,AR-X,AR-X-GM,-33.066226,-63.3351517,Lagunas 1 y 2,2021-11-07 10:30,79,3
L50245822,AR,AR-S,AR-S-LP,-31.8148536,-60.8294076,Lagunas De Castillo- Sauce Viejo,2025-07-19 10:57,13,1
L2762773,AR,AR-X,AR-X-UN,-33.8,-63.05,Lagunas El Senuelo-La Salada
L22144188,AR,AR-A,AR-A-SA,-24.8090259,-65.4881007,Lagunas Oviedo,2026-08-15 09:10,203,145
L2761546,AR,AR-Y,AR-Y-SB,-23.9347997,-64.4975138,Lagunas San Miguel y El Sauce,2022-10-24 18:22,197,51
L15995542,AR,AR-S,AR-S-LC,-30.8420533,-61.0812409,Lagunas a 10km de La Pelada RP 69S,2021-07-31 11:38,78,3
L43791548,AR,AR-B,AR-B-NJ,-35.600714,-61.204572,Lagunas cerca de Carlos Casares,2026-04-30 09:19,26,3
L12783350,AR,AR-B,AR-B-BC,-37.5879602,-58.6767376,Lagunas cercanas a entrada de Ea. La Estrella,2026-08-08 14:56,87,8
L3274383,AR,AR-B,AR-B-DO,-36.276183,-57.7046585,Lagunas de Dolores,2026-08-29 14:30,116,32
L9192988,AR,AR-Q,AR-Q-HU,-39.9187367,-71.0588606,Lagunas de Ea. San Juan,2026-08-08 15:12,95,210
L2762233,AR,AR-X,AR-X-GM,-32.8833,-63.2167,Lagunas de Etruria,2023-07-15 09:42,24,3
L17716952,AR,AR-J,AR-J-VM,-32.219391,-67.639389,Lagunas de Guanacache,2025-09-21 10:02,32,4
L8004728,AR,AR-D,AR-D-AY,-32.2,-67.2123,Lagunas de Guanacache (sector San Luis) sitio RAMSAR,2020-12-23 00:00,21,1
L3878677,AR,AR-U,AR-U-FU,-42.9631279,-71.180774,Lagunas de Nahuelpan,2026-09-19 08:35,77,41
L2761446,AR,AR-S,AR-S-GL,-33.9551078,-61.4754581,Lagunas de Quirno,2019-05-19 00:00,15,1
L21919263,AR,AR-X,AR-X-CA,-32.1676302,-64.5038722,Lagunas de San Ignacio,2026-07-11 12:24,217,256
L12228085,AR,AR-V,AR-V-RG,-53.3058877,-68.4994242,Lagunas de San Sebastián,2026-02-10 17:44,15,5
L2762767,AR,AR-X,AR-X-RG,-31.8833,-63.5333,Lagunas de Villa del Rosario
L65198426,AR,AR-M,AR-M-RI,-33.2982258,-68.7201472,Lagunas del Paredon,2026-07-06 12:20,76,4
L21181792,AR,AR-A,AR-A-RL,-24.2001807,-65.8597248,Lagunas del Toro,2025-11-08 10:42,150,153
L2761531,AR,AR-X,AR-X-GR,-34.8336667,-64.8435,Lagunas del suroeste y relictos del Caldenal,2018-11-17 17:50,143,13
L7492250,AR,AR-X,AR-X-GM,-32.2632573,-63.324337,Lagunas entre James Craick y Villa Maria,2024-11-12 11:00,91,12
L6992195,AR,AR-X,AR-X-RG,-31.657692,-63.5352445,Lagunas entre Va. del Rosario y Matorrales,2024-09-12 14:45,214,72
L13652238,AR,AR-N,AR-N-SP,-26.6286192,-54.1249913,Lagunas frente a la terminal de ómnibus de San Pedro,2026-07-03 17:18,128,47
L15079862,AR,AR-S,AR-S-CL,-31.175207,-61.980772,Lagunas sobre RP70 limite con Córdoba,2026-08-02 08:22,91,12
L14886825,AR,AR-A,AR-A-SA,-24.7629112,-65.3140617,Lagunilla,2026-09-25 17:39,244,194
L27209650,AR,AR-A,AR-A-GU,-25.7368829,-65.4596463,Lagunilla de Morohuasi,2025-05-10 10:40,72,27
L19769139,AR,AR-A,AR-A-AN,-25.2240278,-64.46627,Lagunilla del Dique El Tunal,2025-11-09 12:31,119,29
L2761447,AR,AR-Y,AR-Y-RI,-22.3044,-66.0932,Lagunillas,2026-08-26 13:45,110,109
L38221790,AR,AR-X,AR-X-CO,-31.3627913,-64.347408,Lagunita De La Calera,2026-09-27 17:27,112,92
L24354321,AR,AR-M,AR-M-SR,-34.6880662,-68.167657,Lagunita Goudge,2026-08-26 10:45,110,37
L11815010,AR,AR-S,AR-S-GL,-33.5820035,-61.7297382,Lagunita RN 33 y cerca acceso Elortondo,2024-07-18 14:33,24,2
L50987577,AR,AR-X,AR-X-MJ,-33.6131771,-62.5978726,Lagunita de Alejo Ledesma,2026-08-05 12:22,114,10
L14451584,AR,AR-X,AR-X-SA,-31.6707904,-65.0225136,Lagunita de San Lorenzo,2025-01-18 12:52,121,22
L16686985,AR,AR-B,AR-B-EC,-34.2208809,-59.2527333,Lagunita de la vía,2024-08-25 08:24,88,15
L42019577,AR,AR-L,AR-L-CO,-36.24014,-64.15031,Lagunita de los silos,2026-08-18 14:00,71,9
L17824988,AR,AR-B,AR-B-MD,-34.7694735,-59.3707349,Lagunita permanente camino a Navarro pasando Esc 31,2026-08-22 15:14,71,33
L77603543,AR,AR-M,AR-M-RI,-33.5100074,-68.9887683,Lagunitas del Rio Tunuyan,2026-09-23 09:48,45,1
L15443016,AR,AR-X,AR-X-SM,-31.7471851,-64.3697297,Lagunitas frente a Dique Chico,2026-09-09 15:42,200,87
L5833784,AR,AR-B,AR-B-LS,-34.7190487,-58.39095,Lanús--Circuito de Ciclismo Eva Perón,2026-09-23 11:54,72,154
L14156321,AR,AR-B,AR-B-LS,-34.7292399,-58.3946617,Lanús--Paseo de la Carbonilla,2026-05-27 08:03,56,232
L7909360,AR,AR-B,AR-B-LS,-34.7341667,-58.3905556,Lanús--UNLa,2026-09-15 15:08,60,94
L72926761,AR,AR-L,AR-L-CP,-35.0426001,-63.5934622,Larroude,2026-06-21 16:20,14,1
L8239048,AR,AR-X,AR-X-PU,-31.0993158,-64.4985759,Las 7 Cascadas,2026-07-22 15:42,63,7
L25285710,AR,AR-M,AR-M-SR,-34.9291832,-67.728824,Las 7 lagunas,2025-04-26 08:30,68,11
L20920575,AR,AR-K,AR-K-AM,-28.1433246,-65.8929282,Las Agüitas,2022-09-17 18:30,4,0
L5746004,AR,AR-X,AR-X-RC,-32.8891735,-64.8430681,Las Albahacas,2026-01-29 18:23,121,26
L11359760,AR,AR-S,AR-S-SC,-29.8968116,-61.2873072,Las Avispas. (pueblo y alrededores),2025-12-13 14:32,46,0
L17800476,AR,AR-T,AR-T-TD,-26.9565505,-65.7770656,Las Carreras,2026-07-11 12:00,38,10
L75539193,AR,AR-X,AR-X-IS,-30.0875467,-64.7023449,Las Cañas,2026-08-29 15:50,15,2
L11719384,AR,AR-K,AR-K-AM,-27.6983562,-65.9344351,Las Chacritas,2025-03-04 10:30,29,5
L4997747,AR,AR-Q,AR-Q-CL,-39.7413823,-70.5917931,Las Coloradas--Ea. Las Vertientes (acceso restringido),2026-09-26 13:44,121,95
L844337,AR,AR-A,AR-A-CF,-25.9654529,-65.7506847,"Las Conchas, Quebrada de Cafayate",2026-07-24 14:27,127,132
L10362457,AR,AR-M,AR-M-LH,-32.8136682,-70.046672,Las Cuevas,2026-03-14 20:18,46,51
L4609437,AR,AR-E,AR-E-DI,-32.3483523,-60.4855728,Las Cuevas,2024-11-01 06:21,141,17
L21181730,AR,AR-A,AR-A-RL,-24.3421195,-66.0385271,Las Cuevas (Salta),2026-09-19 15:58,35,3
L21192416,AR,AR-A,AR-A-AN,-24.4333,-63.95,Las Cuevas km 100,2025-03-26 12:23,29,2
L2763652,AR,AR-S,AR-S-GL,-33.9958,-61.7115,Las Encadenadas (bañados /3y4)
L2761450,AR,AR-S,AR-S-GL,-33.9335,-61.8566,Las Encadenadas 1,2024-07-19 17:20,26,5
L2761451,AR,AR-S,AR-S-GL,-33.9834,-61.738,Las Encadenadas 3,2010-01-01 00:00,3,0
L2761452,AR,AR-S,AR-S-GL,-34.0294,-61.6766,Las Encadenadas 4,2024-05-11 15:49,13,1
L7075020,AR,AR-B,AR-B-LF,-36.0077112,-59.0767908,"Las Flores--Parque Plaza Montero, Laguna del Difunto Manuel",2026-05-10 12:22,135,53
L27209891,AR,AR-A,AR-A-LD,-26.0469128,-65.5279541,Las Galerias El Jardin,2025-06-01 12:03,30,9
L8288945,AR,AR-B,AR-B-VG,-37.3387983,-57.0248689,Las Gaviotas,2025-11-24 13:55,52,7
L15208880,AR,AR-U,AR-U-CU,-42.034,-71.528,"Las Golondrinas, Chubut, AR",2025-08-14 15:45,40,21
L2763383,AR,AR-R,AR-R-SA,-40.8151084,-65.0934792,Las Grutas,2026-08-25 18:08,210,557
L5594269,AR,AR-R,AR-R-SA,-40.7730913,-65.0799233,Las Grutas--Cerro Banderita,2024-12-22 08:12,151,117
L15381611,AR,AR-R,AR-R-SA,-40.7919637,-65.0837627,Las Grutas--Laguna,2026-02-22 15:05,118,98
L22351615,AR,AR-R,AR-R-SA,-40.800863,-65.0605078,Las Grutas--Playa La Rinconada,2026-07-21 10:58,81,28
L7177745,AR,AR-R,AR-R-SA,-40.7862605,-65.057044,Las Grutas--área NE,2026-09-16 11:53,135,57
L12547442,AR,AR-L,AR-L-LO,-36.7425592,-65.5717564,Las Jarillas,2020-11-18 10:30,82,23
L18637434,AR,AR-X,AR-X-PU,-31.5381638,-64.5445919,Las Jarillas,2025-07-19 09:36,61,8
L21615925,AR,AR-B,AR-B-PJ,-35.628563,-61.715838,Las Juanitas,2024-10-02 11:08,64,3
L11647909,AR,AR-K,AR-K-AM,-28.108055,-65.8967817,Las Juntas,2026-08-10 14:15,129,62
L58730470,AR,AR-K,AR-K-AC,-29.0784784,-65.5148242,Las Juntas- Ancasti,2025-06-27 15:30,1,0
L21608495,AR,AR-R,AR-R-GR,-39.0912999,-67.6457405,"Las Lagunas Río Negro, AR (-39.089, -67.645)",2026-01-23 18:30,64,11
L10100671,AR,AR-Q,AR-Q-PL,-39.50043,-69.284695,Las Lagunas--2 km N Picún Leufú,2026-07-20 11:45,77,53
L13294581,AR,AR-K,AR-K-PA,-27.844002,-65.727528,Las Lajas,2026-02-15 13:04,88,14
L2763364,AR,AR-Q,AR-Q-PI,-38.5206667,-70.3583333,Las Lajas--Ciudad,2026-06-13 17:52,156,191
L3177195,AR,AR-Q,AR-Q-PI,-38.5704007,-70.3288096,Las Lajas--Ea. La Porteña (acceso restringido),2026-09-13 17:08,177,555
L5620443,AR,AR-A,AR-A-AN,-24.7341044,-64.2057831,Las Lajitas,2026-08-30 09:33,206,57
L15769480,AR,AR-Q,AR-Q-PI,-38.5232015,-70.3776565,Las Lajitas--Humedal,2026-07-13 12:24,80,32
L10674311,AR,AR-M,AR-M-ML,-35.1488067,-70.0920267,Las Leñas,2026-03-24 17:10,56,15
L835089,AR,AR-M,AR-M-ML,-35.7943724,-70.1423407,Las Loicas,2026-09-04 10:10,75,68
L3064193,AR,AR-P,AR-P-PA,-24.7041082,-60.588398,Las Lomitas,2026-09-04 19:26,129,23
L47911009,AR,AR-P,AR-P-PA,-24.7017549,-60.5844823,Las Lomitas--Camping El Madrejón,2025-10-26 17:27,102,12
L14011054,AR,AR-Q,AR-Q-NO,-37.8357,-71.0862422,Las Maquinitas (Copahue),2025-12-03 11:24,32,10
L24884855,AR,AR-X,AR-X-SA,-31.6667395,-65.0349629,Las Maravillas Oeste.,2024-10-06 16:29,76,5
L11891230,AR,AR-X,AR-X-GM,-32.297481,-63.2130301,Las Mojarras,2026-08-30 08:00,170,54
L15552009,AR,AR-X,AR-X-GM,-32.2977654,-63.1439306,Las Mojarras 2,2026-05-10 08:00,192,106
L10735004,AR,AR-Q,AR-Q-MI,-36.659705,-70.584937,Las Olletas--1830 msnm,2025-12-13 11:45,29,13
L4034227,AR,AR-B,AR-B-CR,-38.762067,-61.713265,Las Oscuras,2026-06-14 09:38,46,4
L3628140,AR,AR-Q,AR-Q-MI,-36.9898451,-70.7485628,Las Ovejas,2026-09-05 14:53,80,90
L2394945,AR,AR-H,AR-H-BE,-27.0508705,-58.6772919,Las Palmas,2025-02-06 15:55,104,9
L4986925,AR,AR-S,AR-S-GO,-29.430464,-59.724241,Las Palmas,2025-09-14 07:06,90,4
L2763371,AR,AR-K,AR-K-TI,-27.0465,-68.0903333,Las Peladas,2026-05-27 21:39,48,6
L12168551,AR,AR-X,AR-X-TO,-30.5624791,-63.9984303,Las Peñas,2024-05-11 17:22,81,11
L13158888,AR,AR-K,AR-K-AM,-27.9907598,-65.9373805,Las Piedras Blancas,2022-03-20 10:34,48,2
L3933176,AR,AR-U,AR-U-MA,-43.7208076,-67.2882128,Las Plumas,2026-04-02 10:18,39,10
L3841979,AR,AR-X,AR-X-SA,-31.8635625,-64.9771357,Las Rabonas,2026-06-15 10:02,183,55
L5836791,AR,AR-X,AR-X-SV,-31.9524535,-65.0481391,Las Rosas,2026-07-10 10:19,115,34
L63274716,AR,AR-J,AR-J-UL,-31.4825,-68.6472222,Las Tapias,2026-08-05 11:13,12,1
L13100762,AR,AR-M,AR-M-SR,-34.725849,-68.4731165,Las Tinajas,2023-09-30 18:36,49,8
L51001365,AR,AR-J,AR-J-VF,-30.8673559,-67.3211879,Las Tumanas. Parador Valle Extremo,2026-01-13 11:51,50,7
L2761458,AR,AR-X,AR-X-MJ,-33.7333,-62.5578,Las Tunas,2025-03-08 17:47,43,9
L16673012,AR,AR-S,AR-S-LC,-31.5718623,-60.9956494,Las Tunas (pueblo y arededores),2024-07-28 17:08,45,6
L14166201,AR,AR-A,AR-A-OR,-23.351304,-64.024024,Las Varas RP15,2024-03-23 17:26,130,3
L3772799,AR,AR-X,AR-X-SJ,-31.8749337,-62.7054977,Las Varillas,2026-06-06 21:27,170,78
L2263215,AR,AR-M,AR-M-LC,-33.0165446,-69.2744422,Las Vegas,2026-01-09 15:41,62,29
L20142780,AR,AR-D,AR-D-CP,-32.9096702,-66.1122644,Las Verbenas,2025-10-23 09:40,56,17
L33091902,AR,AR-X,AR-X-SM,-31.6118422,-64.500308,Las cuevas,2025-04-26 09:30,71,2
L10221776,AR,AR-Y,AR-Y-PA,-24.3540226,-65.0323246,Las lajitas,2022-10-08 09:22,42,4
L27453939,AR,AR-B,AR-B-LT,-35.02859,-58.06037,Las luciérnagas pradera Etcheverry,2024-07-14 11:05,44,2
L16946282,AR,AR-T,AR-T-LC,-28.0045219,-65.5845155,Las tranquitas,2021-11-20 11:00,31,1
L53994941,AR,AR-B,AR-B-GL,-36.3629,-56.7668295,Lavalle,2026-09-20 11:58,68,12
L34728927,AR,AR-N,AR-N-LA,-27.5779817,-55.4079151,Leandro N Alem--Amaraka lodge,2025-12-20 00:00,80,6
L5866189,AR,AR-E,AR-E-VC,-32.8622543,-60.5917695,Legado Deliot,2023-09-30 09:15,116,5
L2762639,AR,AR-U,AR-U-CU,-42.4167,-71.0833,Leleque,2025-07-12 11:30,109,24
L53713469,AR,AR-U,AR-U-CU,-42.3815195,-71.1115298,Leleque--Laguna sobre RN40,2026-09-21 17:25,40,3
L2763205,AR,AR-A,AR-A-LC,-24.6343333,-65.4856667,Lesser,2026-02-03 16:19,196,72
L26545045,AR,AR-B,AR-B-CH,-35.907115,-58.044818,Lezama,2026-05-02 08:30,99,10
L4638577,AR,AR-E,AR-E-UR,-32.260209,-58.9080048,Libaros,2023-07-15 15:01,46,3
L33737712,AR,AR-B,AR-B-ZA,-34.0904878,-59.2339853,Lima,2026-07-30 16:13,30,1
L20551132,AR,AR-A,AR-A-CH,-25.148134,-65.416277,Limite Finca La Espuela,2022-08-13 12:00,15,1
L23427782,AR,AR-B,AR-B-LO,-38.1698283,-58.7666157,Lobería--Camino de Sirga,2026-08-16 16:01,65,18
L6541787,AR,AR-B,AR-B-LO,-38.1634457,-58.7819624,Lobería--Plazas Mitre y R. Alfonsín,2025-07-13 10:50,51,17
L27900491,AR,AR-W,AR-W-ME,-28.5518713,-57.2121499,Lobo Cua,2026-09-21 15:35,164,55
L22224354,AR,AR-A,AR-A-SA,-24.7291697,-65.4617652,Loma Balcon,2025-06-01 11:05,35,3
L39476765,AR,AR-A,AR-A-SA,-24.7506753,-65.5155018,Loma Bola,2026-05-24 14:01,23,2
L5575950,AR,AR-X,AR-X-SV,-32.2148344,-65.0269389,Loma Bola,2025-01-30 07:20,85,13
L37153568,AR,AR-K,AR-K-CT,-28.4311096,-65.8464932,Loma Cortada,2024-10-05 16:00,24,4
L5038600,AR,AR-U,AR-U-RA,-43.12059,-65.29782,Loma María,2025-10-14 07:40,74,9
L51110062,AR,AR-A,AR-A-CA,-25.1031468,-66.1972461,Loma Puskana,2025-08-06 08:30,37,1
L46706143,AR,AR-Z,AR-Z-LA,-49.3593762,-72.9688802,Loma del Pliegue Tumbado,2026-01-29 15:24,7,2
L2761561,AR,AR-W,AR-W-IZ,-28.2485,-57.4145,Lomada de San Alonso,2026-09-26 08:05,214,157
L2761564,AR,AR-A,AR-A-OR,-23.645,-63.9476667,Lomas de Olmedo,2021-03-14 12:37,43,5
L2763373,AR,AR-Q,AR-Q-LO,-38.0731631,-70.6142378,Loncopué,2026-04-16 14:25,146,105
L15769351,AR,AR-Q,AR-Q-LO,-38.082,-70.667,Loncopué--Aeropuerto La Rufa,2021-07-14 18:01,18,3
L15769242,AR,AR-Q,AR-Q-LO,-38.084,-70.613,Loncopué--Río Agrio,2026-02-03 13:42,64,12
L11726358,AR,AR-B,AR-B-AB,-34.85828,-58.370117,Longchamps--Lomas Athletic Club y Club Campos Largos,2026-02-25 17:15,58,67
L9141106,AR,AR-W,AR-W-SG,-27.7723862,-57.2764652,Loreto,2026-08-01 08:08,267,357
L40358745,AR,AR-X,AR-X-GR,-34.8106631,-64.7227184,Los Alfalfares,2024-03-30 17:46,1,0
L8432950,AR,AR-S,AR-S-SC,-30.463564,-61.1968767,Los Algarrobos Campo y Polo,2025-11-24 13:38,150,43
L4466180,AR,AR-Y,AR-Y-SA,-24.2710269,-65.3440404,Los Alisos,2026-04-30 10:00,211,53
L30599151,AR,AR-K,AR-K-AM,-27.8657212,-65.8528481,Los Altos de Singuil,2026-03-14 16:15,19,4
L12140636,AR,AR-K,AR-K-CA,-28.4840569,-65.9773668,Los Angeles,2026-02-03 09:00,60,4
L6421935,AR,AR-Z,AR-Z-LB,-46.5367831,-71.6140473,Los Antiguos,2026-09-19 11:19,94,131
L58605447,AR,AR-Z,AR-Z-LB,-46.5403319,-71.6092329,Los Antiguos--Costanera,2026-09-11 15:24,33,25
L11839975,AR,AR-G,AR-G-RO,-27.9148843,-64.1424197,Los Arias,2026-06-05 09:02,46,5
L4936070,AR,AR-U,AR-U-FU,-42.8734731,-71.3983616,Los Barros (mallín camino a Alto Río Percy),2026-09-14 14:38,56,23
L65804696,AR,AR-J,AR-J-JA,-30.1479894,-68.6173981,"Los Cauquenes, Jáchal, San Juan, AR",2026-09-23 17:14,39,3
L13239251,AR,AR-X,AR-X-SA,-31.6970664,-65.0260731,Los Chiflones (Villa Cura Brochero),2025-06-01 17:33,64,9
L11175686,AR,AR-U,AR-U-FU,-43.180888,-71.641081,Los Cipreses,2025-04-13 12:38,43,6
L2763411,AR,AR-X,AR-X-PU,-30.9333333,-64.4833333,Los Cocos,2026-04-19 15:38,62,10
L3861532,AR,AR-X,AR-X-SV,-31.9061608,-64.9866199,Los Hornillos,2026-01-09 10:29,153,66
L31697133,AR,AR-K,AR-K-SR,-28.1365226,-65.4998035,Los Manantiales,2026-05-09 16:12,65,18
L39999076,AR,AR-R,AR-R-VM,-40.842292,-68.088448,Los Menucos--zona ACA-Ruta 23,2026-04-25 10:37,17,11
L15861838,AR,AR-D,AR-D-JU,-32.4319073,-65.0240777,Los Molles,2026-05-09 14:40,87,13
L8137575,AR,AR-X,AR-X-SV,-31.963419,-65.0324191,Los Molles,2026-06-13 15:30,66,4
L17097812,AR,AR-Y,AR-Y-SA,-24.3039584,-65.4151846,Los Morados,2025-12-26 14:57,90,9
L15787616,AR,AR-J,AR-J-CL,-31.7108242,-69.7139263,Los Morillos,2023-04-03 12:37,12,2
L14890481,AR,AR-A,AR-A-GU,-25.751,-65.39,Los Morteritos,2023-01-05 08:35,32,3
L17016285,AR,AR-K,AR-K-AC,-28.5750444,-65.6185296,Los Morteros,2026-03-28 09:40,43,5
L12350773,AR,AR-G,AR-G-BA,-27.70911,-64.25336,Los Naranjos,2026-09-09 11:40,91,24
L17104383,AR,AR-Y,AR-Y-EC,-24.4386943,-65.2775396,Los Naranjos,2024-12-30 13:43,42,5
L10093704,AR,AR-A,AR-A-AN,-25.1113044,-64.7300894,Los Nogales,2019-10-19 09:18,61,0
L6987980,AR,AR-S,AR-S-CR,-33.1300525,-61.6424847,Los Nogales,2018-02-24 14:30,1,0
L10066184,AR,AR-Y,AR-Y-CA,-24.1211899,-65.4353048,Los Nogales (Yala  Jujuy),2026-09-17 15:51,147,97
L9297959,AR,AR-X,AR-X-PU,-30.8029132,-64.5412254,Los Paredones,2026-05-25 09:45,137,33
L5128785,AR,AR-Y,AR-Y-CA,-24.0401541,-65.2911445,Los Payos,2016-08-06 11:30,41,5
L2305617,AR,AR-Y,AR-Y-CA,-24.1725176,-65.3216228,Los Perales,2026-06-27 16:37,238,106
L2762776,AR,AR-X,AR-X-IS,-30.5,-64.3,Los Pozos,2026-08-31 18:07,22,0
L4466019,AR,AR-X,AR-X-CA,-31.9104797,-64.5705684,Los Reartes,2026-04-25 07:49,145,56
L29215659,AR,AR-X,AR-X-CA,-31.9164539,-64.5702236,Los Reartes--Isla del chiricote,2026-05-27 13:23,55,6
L40636160,AR,AR-X,AR-X-CA,-31.9265949,-64.5996324,Los Reartes--Sendero Yucac,2026-05-27 17:13,91,22
L2412108,AR,AR-B,AR-B-PA,-39.6784307,-62.4897258,Los Relinchos,2026-09-20 14:02,150,254
L18375149,AR,AR-Q,AR-Q-MI,-36.81563,-71.08424,"Los Robles, Laguna Epulafquen Superior",2026-03-21 08:41,55,13
L28902805,AR,AR-X,AR-X-CA,-32.0656255,-64.8792704,Los Sauces,2026-04-19 13:06,30,19
L3824726,AR,AR-X,AR-X-PU,-30.7791006,-64.4954431,Los Terrones,2026-07-17 17:46,106,19
L58578791,AR,AR-X,AR-X-PU,-30.7948669,-64.4650068,Los Terrones,2026-07-11 11:20,34,1
L40386859,AR,AR-X,AR-X-GR,-34.8416681,-64.3099013,Los Tobares,2026-02-03 12:27,16,2
L2763430,AR,AR-A,AR-A-SV,-22.2800425,-64.6917915,Los Toldos,2026-02-08 12:00,145,32
L10846748,AR,AR-B,AR-B-TI,-34.453955,-58.617764,Los Troncos del Talar,2026-05-17 13:03,31,4
L4504863,AR,AR-X,AR-X-PO,-31.3748907,-65.3432035,Los Túneles,2026-07-23 10:15,132,80
L12645173,AR,AR-U,AR-U-ES,-45.9460458,-67.6256804,Los Vagones reserva privada,2026-02-25 12:00,40,34
L15017681,AR,AR-X,AR-X-CA,-32.359513,-64.8570347,Los Vallecitos Parque Natural,2025-08-03 15:11,53,11
L21334123,AR,AR-K,AR-K-CA,-28.4505889,-65.9507848,Los Ángeles Norte,2023-08-15 10:30,28,1
L20268568,AR,AR-K,AR-K-CA,-28.5426541,-65.9482732,Los Ángeles Sur,2022-07-23 18:02,14,0
L38374667,AR,AR-S,AR-S-GL,-33.6694457,-61.4173326,Lote de chilcas,2026-03-14 18:19,65,8
L34536719,AR,AR-B,AR-B-GJ,-36.9799429,-57.149695,Loteo Paso de las Tropas,2026-09-07 16:25,51,84
L2762540,AR,AR-B,AR-B-GH,-34.85,-59.05,Lozano (Gral. Las Heras),2020-09-16 17:52,30,1
L33262433,AR,AR-L,AR-L-LO,-36.2042,-65.0994,Luan Toro,2026-03-02 10:31,33,1
L5696136,AR,AR-B,AR-B-LU,-34.5481,-59.0594316,Lujan,2026-08-22 17:51,75,29
L7686319,AR,AR-B,AR-B-ML,-35.7094655,-57.3577008,Luján del Río--Río Samborombón,2025-10-18 18:35,89,38
L2761570,AR,AR-A,AR-A-MO,-25.3698333,-66.2915,Luracatao y Valles Calchaquíes,2022-06-14 11:00,8,1
L2763557,AR,AR-X,AR-X-SV,-32.1498185,-65.0554991,Luyaba,2025-04-09 13:28,139,51
L43789997,AR,AR-B,AR-B-PU,-38.1279563,-62.7282756,López Lecube,2025-09-28 11:00,31,3
L22887465,AR,AR-Z,AR-Z-LB,-46.7216595,-71.517485,MLBA--Bajada del Águila,2025-02-06 18:29,18,5
L22156019,AR,AR-Z,AR-Z-LB,-46.716104,-71.48075,MLBA--Laguna 15,2026-01-28 08:17,59,90
L13094935,AR,AR-Z,AR-Z-LB,-46.8438809,-71.2516265,MLBA--Laguna 60,2020-12-29 17:28,6,3
L58944074,AR,AR-Z,AR-Z-LB,-46.79798,-70.9319,MLBA--Laguna 91c
L22887502,AR,AR-Z,AR-Z-LB,-46.7411092,-71.5175082,MLBA--Laguna BAX 35,2024-01-25 12:13,43,65
L6845273,AR,AR-Z,AR-Z-LB,-46.767822,-71.395503,MLBA--Laguna Colorada,2024-12-18 09:08,43,9
L13094685,AR,AR-Z,AR-Z-LB,-46.7372385,-71.5301131,MLBA--Laguna LA 4,2022-01-02 12:22,14,5
L13094694,AR,AR-Z,AR-Z-LB,-46.7425392,-71.5316872,MLBA--Laguna LA 5,2022-01-02 13:31,18,6
L58804355,AR,AR-Z,AR-Z-LB,-47.13563,-71.14057,MLBA--Laguna Las Acollaradas
L58807547,AR,AR-Z,AR-Z-LB,-46.74068,-71.53628,MLBA--Los Domos
L17635880,AR,AR-Z,AR-Z-LB,-47.1098961,-71.1509761,MLBA--Puesto 9 de Julio,2024-01-20 20:32,28,27
L18319728,AR,AR-Z,AR-Z-LB,-46.7407523,-71.5400251,MLBA-LA6,2025-02-14 12:21,41,14
L16377267,AR,AR-G,AR-G-SE,-27.8587199,-64.2102089,Maco,2026-09-16 18:37,108,25
L16453065,AR,AR-G,AR-G-SE,-27.868636,-64.21562,Maco--Gruta Padre Pío,2025-12-13 12:11,28,2
L20850776,AR,AR-G,AR-G-SE,-27.8513539,-64.1899299,Maco--La ruta natural,2026-07-25 17:15,143,101
L38181749,AR,AR-G,AR-G-SE,-27.8488551,-64.2096449,Maco-Ribera del Río Dulce,2026-08-14 17:20,224,486
L1237228,AR,AR-B,AR-B-ML,-35.0794603,-57.5232124,Magdalena,2026-08-21 10:37,152,41
L14161888,AR,AR-G,AR-G-AV,-28.4718477,-63.2741633,Mailín,2026-01-19 10:15,67,3
L846455,AR,AR-Y,AR-Y-TI,-23.6189685,-65.406847,Maimará,2026-09-18 18:17,91,34
L8506069,AR,AR-H,AR-H-GD,-27.1983378,-59.2753074,Makalle,2025-10-17 17:09,65,6
L9071099,AR,AR-X,AR-X-CB,-31.3443926,-64.2649495,Maki & Mamá,2021-09-18 12:20,100,214
L16686781,AR,AR-S,AR-S-GO,-29.3412289,-59.9840881,Malabrigo,2021-10-12 16:30,26,2
L17621393,AR,AR-X,AR-X-SM,-31.4566067,-64.3463144,Malagueño,2025-05-10 17:55,39,9
L10328322,AR,AR-M,AR-M-ML,-35.46756,-69.58555,Malargüe,2026-08-31 11:43,109,50
L58637103,AR,AR-M,AR-M-ML,-35.4499293,-69.7414255,Malargüe--Parque de Huellas de dinosaurios,2026-02-06 10:50,8,1
L27702621,AR,AR-Q,AR-Q-HU,-39.9780508,-71.0748658,Mallín de los Toros,2026-09-27 16:44,99,113
L3824706,AR,AR-M,AR-M-TN,-33.6133327,-69.5578766,Manantiales,2026-04-05 10:18,81,48
L4887705,AR,AR-W,AR-W-MB,-27.9186627,-58.0818629,Manantiales,2016-08-27 17:00,50,2
L25360018,AR,AR-G,AR-G-CH,-28.247962,-64.797562,Maquijata,2025-12-07 16:00,68,15
L3923528,AR,AR-B,AR-B-VG,-37.3544853,-57.03313,Mar Azul,2026-02-01 17:48,121,78
L1180022,AR,AR-B,AR-B-MC,-37.7404066,-57.4258268,Mar Chiquita,2026-09-21 09:01,227,1183
L2763622,AR,AR-X,AR-X-SJ,-30.891,-62.6504,Mar Chiquita--Arroyo Cristalli,2026-03-13 09:37,111,25
L12236327,AR,AR-X,AR-X-SJ,-30.906841,-62.6687793,Mar Chiquita--Arroyo San Antonio,2026-07-21 09:01,174,167
L3705820,AR,AR-X,AR-X-SJ,-30.8839144,-62.6495447,Mar Chiquita--Bahía Colonia Müller,2026-04-23 15:55,140,33
L3102946,AR,AR-X,AR-X-RP,-30.9257151,-62.8845406,Mar Chiquita--Bahía Laguna de Plata,2026-07-14 14:01,249,198
L9892878,AR,AR-X,AR-X-RP,-30.9406885,-62.8830167,Mar Chiquita--Bahía Laguna de Plata Camping Marull,2026-09-25 15:08,225,304
L16064725,AR,AR-X,AR-X-SJ,-30.9307266,-62.6995296,Mar Chiquita--Barrancas Mar de Ansenuza,2026-08-08 13:51,193,128
L38150676,AR,AR-X,AR-X-RP,-30.9400754,-62.8825003,Mar Chiquita--Camping Laguna del Plata,2026-09-27 10:00,193,84
L2762663,AR,AR-X,AR-X-RP,-30.7519416,-62.9420471,Mar Chiquita--Campo de Sacavino,2025-12-08 05:54,48,2
L2762666,AR,AR-X,AR-X-SJ,-30.8833,-62.6333,Mar Chiquita--Campo de Smuth,2024-03-10 11:22,88,8
L3705854,AR,AR-X,AR-X-SJ,-30.8615558,-62.5807943,Mar Chiquita--Costa de Paladino,2019-06-01 00:00,152,14
L9745319,AR,AR-X,AR-X-SJ,-30.8959163,-62.3818205,Mar Chiquita--Desembocadura Saladillo,2025-11-22 19:46,135,21
L2761504,AR,AR-X,AR-X-SJ,-30.9396299,-62.7257538,Mar Chiquita--Desembocadura del Río Xanaes,2026-06-23 15:17,262,293
L23720294,AR,AR-X,AR-X-RP,-30.9186105,-62.8668658,Mar Chiquita--Desembocadura del Suquia,2026-01-26 18:45,104,9
L2763650,AR,AR-X,AR-X-SJ,-30.875,-62.4745,Mar Chiquita--Ea. La Orihuela,2022-05-27 17:02,177,40
L2762780,AR,AR-X,AR-X-SJ,-30.6916593,-62.1750641,Mar Chiquita--El Bajo de Morteros,2025-08-08 16:45,190,69
L1047628,AR,AR-X,AR-X-SJ,-30.9458136,-62.7123642,Mar Chiquita--Lomas de los Indios,2026-09-26 07:00,280,835
L680946,AR,AR-X,AR-X-SJ,-30.9178365,-62.6784182,Mar Chiquita--Miramar,2026-08-16 15:56,273,633
L1047630,AR,AR-X,AR-X-RP,-30.8080581,-62.8770304,Mar Chiquita--Península de Mare,2026-09-27 09:00,246,163
L2762782,AR,AR-X,AR-X-SJ,-30.9042868,-62.7645493,Mar Chiquita--Playa Grande,2025-09-28 18:00,164,61
L2762784,AR,AR-X,AR-X-SJ,-30.5,-62.2,Mar Chiquita--Playa Orli,2016-09-06 12:30,9,0
L2761462,AR,AR-X,AR-X-SJ,-30.8894,-62.2881,Mar Chiquita--Portal de La Paquita,2026-09-21 09:14,102,17
L19851810,AR,AR-B,AR-B-LC,-36.7215436,-56.6733852,Mar de Ajó,2026-08-01 16:06,58,14
L5891532,AR,AR-B,AR-B-MC,-37.7725635,-57.455889,Mar de Cobo,2026-09-13 07:09,154,185
L3352428,AR,AR-B,AR-B-MC,-37.7643388,-57.4502188,Mar de Cobo--Parque Lago,2026-09-23 12:37,166,429
L8863206,AR,AR-B,AR-B-VG,-37.3248033,-57.0332452,Mar de las Pampas,2026-08-08 15:45,54,29
L26482574,AR,AR-B,AR-B-VG,-37.3251236,-57.0160389,Mar de las Pampas playa,2026-08-30 17:26,50,28
L3499804,AR,AR-B,AR-B-GP,-38.2511227,-56.8817139,Mar del Plata Pelágica,2026-08-02 07:41,54,131
L10568134,AR,AR-B,AR-B-GP,-38.0880838,-57.5557827,Mar del Plata--Alfar,2026-07-05 13:15,64,8
L65014928,AR,AR-B,AR-B-GP,-38.0371067,-57.5227404,Mar del Plata--Escollera Norte,2026-08-16 15:40,40,58
L2427602,AR,AR-B,AR-B-GP,-38.0392777,-57.518127,Mar del Plata--Escollera Sur,2026-09-06 13:05,104,501
L6977232,AR,AR-B,AR-B-GP,-38.1669716,-57.6694572,Marayui Country Club,2026-09-05 06:27,75,6
L18198407,AR,AR-N,AR-N-GU,-27.044067,-54.1006279,Margay Reserva Natural y Lodge de Selva,2023-08-24 06:48,196,116
L16786064,AR,AR-L,AR-L-PU,-38.2276969,-67.1846674,Margen Norte Rio Colorado Casa de Piedra,2025-11-11 07:43,57,16
L16047103,AR,AR-R,AR-R-EC,-39.0118747,-67.9516858,Margen Sur Isla Jordan Río Negro,2026-05-23 17:27,93,23
L21911654,AR,AR-N,AR-N-SP,-26.4428587,-54.1415656,Margen del arroyo Piray Guazú sobre la ruta provincial 20,2026-03-28 09:20,131,14
L58701821,AR,AR-E,AR-E-PA,-31.662056,-59.9263272,Maria Grande--Interlagos,2026-01-05 14:15,13,1
L3958346,AR,AR-X,AR-X-CO,-31.2016667,-64.3047222,Mariel,2025-12-13 06:35,128,104
L4859524,AR,AR-X,AR-X-SJ,-30.9301327,-62.5967159,Marimontes,2023-06-24 15:06,85,6
L30860782,AR,AR-X,AR-X-RP,-30.9192864,-62.8388888,Marull,2024-09-21 08:40,72,3
L12114266,AR,AR-Q,AR-Q-CO,-38.5384649,-68.562541,Marí Menuco--camping,2024-06-02 13:34,8,4
L17900865,AR,AR-Z,AR-Z-LA,-49.9623391,-71.1114794,Mata Amarilla--Laguna Azul (MA1),2022-02-23 11:36,18,2
L13975401,AR,AR-Z,AR-Z-LA,-49.9362892,-71.0279234,Mata Amarilla--Laguna MA8,2025-01-04 07:49,51,15
L27496388,AR,AR-X,AR-X-CA,-32.0541013,-64.5860798,Mate de luna,2023-07-05 08:30,34,0
L18929381,AR,AR-G,AR-G-RO,-27.831095,-64.1678311,Mayu Maman,2026-09-05 07:37,42,2
L15226900,AR,AR-X,AR-X-PU,-31.4726374,-64.5398353,Mayu Sumaj,2026-05-09 15:13,111,36
L13650807,AR,AR-E,AR-E-II,-33.6112582,-59.2761301,Mazaruca,2026-08-22 10:45,95,4
L3706746,AR,AR-W,AR-W-MB,-28.0456219,-58.2237625,Mburucuyá (pueblo y alrededores),2026-09-14 21:03,233,81
L12569879,AR,AR-W,AR-W-MB,-28.03941,-58.2042789,Mburucuyá--Recreo Cañada Fragosa,2026-07-21 10:44,166,44
L38436236,AR,AR-B,AR-B-AL,-35.0647417,-60.4069641,Mechita (Bragado),2025-11-02 13:12,55,7
L6035654,AR,AR-B,AR-B-GD,-38.1513526,-58.2136989,Mechongué,2023-07-21 17:11,67,8
L12025389,AR,AR-S,AR-S-GL,-33.6292055,-61.4827243,Melincue zona rural último bombeo,2024-08-04 16:25,82,11
L31628973,AR,AR-S,AR-S-GL,-33.6824548,-61.4717355,Melincué--canal aliviador,2026-08-29 11:18,86,20
L57257735,AR,AR-X,AR-X-CO,-31.2688009,-64.3011237,Mendiolaza,2026-02-21 08:41,48,3
L53673999,AR,AR-M,AR-M-MZ,-32.8975945,-68.8464323,Mendoza--Parque Cívico,2026-09-19 15:37,31,13
L3963222,AR,AR-W,AR-W-ME,-29.1844633,-58.0758762,Mercedes,2026-04-26 16:25,194,95
L2763496,AR,AR-D,AR-D-JU,-32.35,-65.0333333,Merlo (San Luis),2025-12-21 07:12,212,162
L9719690,AR,AR-R,AR-R-NJ,-41.4708533,-67.383538,Meseta de Somuncurá,2013-10-13 10:50,36,3
L2959448,AR,AR-U,AR-U-GS,-42.4116554,-68.3969247,Meseta de Somuncurá (sector Prov. de Chubut),2015-12-05 05:30,67,1
L10273500,AR,AR-R,AR-R-VA,-41.2889082,-66.8322158,Meseta de Somuncurá--Laguna Azul,2013-11-24 00:00,32,3
L16996762,AR,AR-R,AR-R-VA,-41.35171,-66.80904,Meseta de Somuncurá--Laguna La Maciega,2021-11-20 17:27,27,8
L16959529,AR,AR-R,AR-R-VA,-41.3695861,-66.8015356,Meseta de Somuncurá--Laguna el Ganso.,2021-11-21 16:35,27,7
L2762319,AR,AR-Z,AR-Z-LA,-49.520185,-72.0476951,Meseta del Lago Viedma (del Tobiano),2025-12-15 10:09,34,7
L2763599,AR,AR-A,AR-A-ME,-25.4833333,-64.9833333,Metán,2026-05-19 17:26,127,16
L9312003,AR,AR-B,AR-B-GS,-34.585242,-58.7027602,Microreserva Veinticinco Talas,2026-02-22 18:07,26,2
L6469959,AR,AR-X,AR-X-CB,-31.3919319,-64.2154741,Mil Aves,2026-07-08 11:50,11,1
L4019685,AR,AR-X,AR-X-SA,-31.7167,-65.0,Mina Clavero,2026-07-16 11:30,174,103
L76052539,AR,AR-M,AR-M-LH,-32.4805635,-69.1633798,Minas de Paramillos,2026-01-30 00:00,1,0
L59909817,AR,AR-N,AR-N-IG,-25.9572512,-54.5985072,Minas de Wanda.,2026-06-04 13:49,15,5
L19581149,AR,AR-B,AR-B-AB,-34.8500929,-58.337632,Ministro Rivadavia--Zona Productiva,2024-01-20 10:41,56,5
L8468020,AR,AR-Q,AR-Q-LL,-40.7323808,-71.6376185,Mirador Belvedere y Cascada Inacayal,2026-02-08 17:29,37,18
L12347215,AR,AR-Q,AR-Q-CO,-38.9425046,-68.0399823,Mirador Boca de Sapo,2025-12-19 09:44,46,8
L18436426,AR,AR-M,AR-M-ML,-35.6664606,-69.2422184,Mirador Carilauquen,2026-09-14 12:02,54,13
L61085177,AR,AR-V,AR-V-US,-54.790839,-67.6374252,Mirador Cerro Cornu,2026-03-26 17:45,3,1
L18765043,AR,AR-X,AR-X-PU,-30.9659393,-64.5855991,Mirador Cuchi Corral,2026-01-11 20:27,55,6
L16997391,AR,AR-R,AR-R-EC,-39.1121323,-67.6441308,Mirador Curi Leuvu,2026-06-07 14:42,70,18
L23463713,AR,AR-H,AR-H-GG,-25.671246,-60.9038122,"Mirador De Las Aves (-25,671, -60,904)",2026-09-19 18:12,121,34
L41481998,AR,AR-Y,AR-Y-SB,-24.127406,-64.398596,Mirador El Mangrullo,2026-09-12 17:44,30,2
L15732142,AR,AR-Q,AR-Q-AL,-38.8869141,-71.1753302,Mirador Golfo Azul,2026-02-08 13:03,54,14
L7404922,AR,AR-Q,AR-Q-LA,-40.4429789,-71.5396214,Mirador Lago Falkner,2026-09-10 17:35,59,50
L8606152,AR,AR-Q,AR-Q-LA,-40.332861,-71.4178305,Mirador Lago Machónico,2026-07-28 16:26,36,19
L34502858,AR,AR-M,AR-M-LC,-32.9909049,-69.1570959,Mirador Lago Potrerillos,2026-09-06 08:50,54,31
L68047085,AR,AR-B,AR-B-PU,-37.5439,-62.7675,Mirador Millenium,2018-05-11 15:20,5,2
L39884658,AR,AR-D,AR-D-BE,-32.9828739,-66.2226356,Mirador RP9 Entre Nogoli y El Trapiche,2026-03-03 18:11,54,6
L27549023,AR,AR-N,AR-N-GU,-27.1847669,-54.0033702,Mirador Reserva Biosfera Yaboti,2026-07-15 10:44,173,27
L31632567,AR,AR-B,AR-B-SP,-33.6793541,-59.6536696,Mirador San Pedro,2026-01-10 15:22,32,4
L24000622,AR,AR-Y,AR-Y-CA,-24.1702476,-65.4820347,Mirador Termas de Reyes,2026-09-26 05:57,129,62
L22613270,AR,AR-M,AR-M-SR,-34.85422,-68.50719,Mirador Valle Grande,2026-04-04 19:30,26,4
L30544344,AR,AR-A,AR-A-CH,-25.1732912,-65.8480573,Mirador Valle de Lerma,2026-09-16 10:27,60,65
L29556256,AR,AR-N,AR-N-GU,-27.1400752,-53.9536911,Mirador Yaboti,2026-07-29 13:00,123,15
L45469996,AR,AR-N,AR-N-GU,-27.123676,-53.9467771,"Mirador Yabotí 3, Misiones, AR (-27.124, -53.947)",2026-07-15 11:58,55,9
L13089147,AR,AR-B,AR-B-SP,-33.6577271,-59.7179484,"Mirador de ""Experiencia San Pedro""",2020-12-28 16:00,30,1
L3954458,AR,AR-B,AR-B-LO,-38.5563024,-58.589648,"Mirador de Aves Playeras, Lobería.",2026-06-14 10:57,111,306
L26681607,AR,AR-D,AR-D-JU,-32.350788,-64.9671611,Mirador de La Amistad,2026-05-06 08:32,15,2
L76949204,AR,AR-L,AR-L-TO,-36.715529,-64.2934942,Mirador de aves RP14 91,2026-09-09 09:10,8,1
L38349813,AR,AR-W,AR-W-SM,-28.5390927,-57.1822822,Mirador de la Cafeteria,2026-09-23 17:33,171,47
L7061581,AR,AR-A,AR-A-SA,-24.7333513,-65.5068784,Mirador de la laguna La Tempranera,2024-11-10 21:19,35,3
L7178341,AR,AR-A,AR-A-SA,-24.7328894,-65.5096207,Mirador de las Rapaces,2023-02-05 17:38,57,4
L6679489,AR,AR-Z,AR-Z-LA,-49.3474837,-72.8710806,Mirador de los Cóndores y de las Águilas,2026-06-21 16:43,60,79
L10270418,AR,AR-M,AR-M-SR,-34.8350432,-68.5088021,"Mirador de los Cóndores, San Rafael, Mendoza",2026-01-18 08:00,46,9
L39686161,AR,AR-H,AR-H-PM,-27.3875387,-58.7966957,Mirador del Ancho del Paraná- Camino Antequera,2026-03-15 16:51,64,3
L60058568,AR,AR-V,AR-V-US,-54.7608435,-67.7568505,Mirador del Cerro Cornú,2026-01-24 17:00,8,2
L27938503,AR,AR-Q,AR-Q-CO,-38.964821,-68.22501,Mirador del Jardín Botánico (Plottier),2026-08-22 11:58,63,14
L27951019,AR,AR-V,AR-V-US,-54.7254384,-68.1700101,Mirador del Valle Carbajal,2026-05-03 08:59,4,2
L61282476,AR,AR-U,AR-U-RA,-43.3068564,-65.0633406,Mirador el Elsa - Río Chubut,2026-07-23 11:41,36,8
L24459138,AR,AR-S,AR-S-GO,-28.5114164,-59.187415,Mirador el Quencho - Jaaukanigás,2026-08-16 13:52,203,47
L40558065,AR,AR-Z,AR-Z-DE,-47.8591162,-66.4057446,Miradores de Darwin,2012-11-16 08:45,15,1
L28315548,AR,AR-L,AR-L-PU,-37.6756774,-67.7587929,Miradores del Rio Colorado,2026-09-26 17:18,30,6
L44786519,AR,AR-A,AR-A-AN,-25.3119079,-64.8546124,"Miraflores, Rio Piedras Salta, (-25.312, -64.855)",2025-05-10 10:22,47,1
L52233389,AR,AR-X,AR-X-SJ,-30.9444473,-62.6658532,Miramar,2026-08-08 12:12,16,1
L2763534,AR,AR-B,AR-B-GD,-38.2551667,-57.8195,Miramar - Parque Mar,2014-02-25 15:00,1,1
L2763535,AR,AR-B,AR-B-GD,-38.2656667,-57.8298333,Miramar--Arroyo el Durazno,2026-09-24 15:04,93,62
L22251632,AR,AR-B,AR-B-GD,-38.2615442,-57.8174283,Miramar--Camping El Durazno,2023-01-23 19:23,43,3
L2763537,AR,AR-B,AR-B-GD,-38.2708333,-57.8256667,Miramar--Costa,2026-07-25 11:00,104,28
L2763536,AR,AR-B,AR-B-GD,-38.2936667,-57.8601667,Miramar--Vivero,2026-07-26 15:07,85,26
L6076441,AR,AR-P,AR-P-LA,-26.244718,-58.6274648,Misión Laishi,2023-09-23 13:43,153,52
L2500089,AR,AR-H,AR-H-GG,-24.9273004,-61.486187,Misión Nueva Pompeya,2026-08-14 13:15,135,13
L19535322,AR,AR-V,AR-V-RG,-53.7204215,-67.798279,Misión Salesiana,2026-09-01 10:21,73,342
L2763266,AR,AR-V,AR-V-RG,-53.7246667,-67.7961667,Misión Salesiana Ntra. Sra. de La Candelaria,2026-01-10 11:38,77,89
L2761587,AR,AR-P,AR-P-PG,-24.9269174,-58.7734222,Misión Tacaaglé,2018-08-04 16:00,75,7
L10715288,AR,AR-N,AR-N-CD,-27.333554,-55.5178987,Misión de Loreto,2026-09-23 08:00,168,92
L10715252,AR,AR-N,AR-N-CD,-27.3908129,-55.5805237,Misión de Santa Ana,2026-07-26 08:58,121,32
L12545827,AR,AR-E,AR-E-VG,-31.551341,-59.3081132,Mojon del Medio,2021-05-08 10:10,42,12
L1650649,AR,AR-P,AR-P-FO,-26.0333902,-58.0531918,Mojón de Fierro,2026-01-31 19:47,175,51
L10355166,AR,AR-S,AR-S-SV,-30.4910959,-60.0414173,Molino arrocero Tahin,2026-03-21 17:46,149,60
L55419985,AR,AR-X,AR-X-PU,-31.0615367,-64.5124912,Molino de Thea,2025-10-03 15:50,9,2
L2763324,AR,AR-A,AR-A-MO,-25.44,-66.287,Molinos--Alrededores,2026-07-06 14:06,90,23
L29557129,AR,AR-Y,AR-Y-TI,-23.5657376,-65.159483,Molulo,2025-09-25 15:10,41,11
L68431578,AR,AR-N,AR-N-CD,-27.3525789,-55.6017037,Momora Distrito Selva,2026-09-03 08:35,116,32
L29686306,AR,AR-Y,AR-Y-TU,-23.6990788,-65.65979,Monolito 4170,2026-09-27 17:40,41,29
L30926904,AR,AR-S,AR-S-GL,-33.6652445,-61.4960042,Monte Del Zorzalito,2022-10-21 15:30,9,1
L2762534,AR,AR-B,AR-B-MH,-38.9833,-61.2833,Monte Hermoso--lagunas y bañados,2026-01-09 20:00,98,17
L27260418,AR,AR-E,AR-E-DI,-31.9237209,-60.65506,Monte La Paloma,2025-02-08 07:49,92,15
L36853689,AR,AR-N,AR-N-IG,-25.6686321,-54.5698964,Monte NAYIB - Reserva Natural,2026-03-06 10:13,172,51
L12004734,AR,AR-K,AR-K-PA,-28.1750461,-65.6644236,Monte Potrero Norte,2020-07-31 18:05,1,0
L17477827,AR,AR-K,AR-K-PA,-28.1686175,-65.657433,Monte Potrero--Callejon La esquina,2024-11-17 07:49,66,2
L19108529,AR,AR-K,AR-K-PA,-28.1740486,-65.6627995,Monte Potrero--Camping,2026-05-24 16:57,27,4
L3529851,AR,AR-G,AR-G-CO,-25.804914,-62.8313255,Monte Quemado,2025-11-27 11:42,95,13
L7987413,AR,AR-Y,AR-Y-SB,-24.2906251,-64.4151236,Monte Redondo. El Fuerte.,2026-05-06 09:51,104,21
L40823696,AR,AR-X,AR-X-RG,-31.3934715,-63.3836115,"Monte Ruta Nacional 19, Córdoba,",2025-08-17 14:37,27,2
L74588368,AR,AR-N,AR-N-SI,-27.29778,-55.587177,Monte Victoria Eco Country,2026-07-03 09:00,16,2
L60968478,AR,AR-S,AR-S-CL,-31.3007077,-61.3371543,Monte a 2 km de Curva Peaje RP70 (Bella Italia),2026-09-18 15:58,95,15
L3882715,AR,AR-S,AR-S-LC,-30.6395537,-61.1093044,Monte a 8 km. al noroeste de Elisa,2026-06-26 10:02,105,7
L12442495,AR,AR-S,AR-S-LC,-31.4404947,-60.8162198,Monte al oeste de Villa Georgina,2025-07-20 15:39,138,37
L55740813,AR,AR-E,AR-E-II,-33.2662864,-59.2413359,Monte cerca de Gualaguay,2026-09-08 12:59,45,5
L29593687,AR,AR-X,AR-X-TA,-32.2004942,-64.0482262,Monte de Boyo - Camino a Tancacha,2026-08-08 13:50,90,28
L8156265,AR,AR-S,AR-S-LC,-31.579337,-61.1445456,"Monte de Capilla San Luis, San Jeronimo del Sauce",2025-05-01 13:10,161,44
L44689864,AR,AR-S,AR-S-LC,-31.4746474,-61.3513035,Monte de Olsen,2025-10-11 07:35,97,12
L11142956,AR,AR-S,AR-S-IR,-32.8754199,-61.1972052,Monte de Río Carcarañá y Autopista,2024-07-20 13:30,33,5
L27479179,AR,AR-S,AR-S-GL,-33.5282566,-61.4604552,Monte de eucaliptus,2023-12-08 17:44,24,1
L13480301,AR,AR-S,AR-S-SM,-31.9105672,-61.8569827,"Monte de las Brujas, al sur de San Jorge (paralela a la vía)",2025-06-22 10:00,122,57
L9504604,AR,AR-S,AR-S-SM,-32.0868293,-61.4127971,Monte de ruta 66,2026-08-28 09:38,166,84
L16951117,AR,AR-S,AR-S-SR,-32.0198052,-60.9422592,Monte del Colastine,2023-09-03 13:22,94,7
L5822627,AR,AR-D,AR-D-JU,-32.3702965,-64.9987221,Monte del Whitii,2026-03-22 09:15,132,80
L3128016,AR,AR-S,AR-S-LC,-31.5970522,-61.1659802,Monte del estero de San Jerónimo del Sauce,2025-07-13 12:52,156,33
L11411363,AR,AR-S,AR-S-SR,-32.4500985,-60.8170178,"Monte en ribera izquierda del Rio Carcaraña, cercano a Gobot",2026-09-05 10:16,43,4
L12042927,AR,AR-S,AR-S-LC,-31.4395632,-61.1859639,Monte grande al Este de Pilar.,2025-09-26 15:22,41,3
L21177280,AR,AR-S,AR-S-LC,-31.3505755,-61.3230326,Monte grande al OE de Nuevo Torino,2023-04-06 08:51,29,3
L11839909,AR,AR-S,AR-S-LC,-31.5488224,-60.8522397,Monte grande camino a Empalme SC.,2020-09-12 16:31,59,5
L24319455,AR,AR-X,AR-X-CA,-32.2214296,-64.5105768,Monte ingreso al cementerio de los indios,2026-07-20 17:15,64,14
L12594597,AR,AR-X,AR-X-TA,-32.144349,-64.0790001,Monte puente tránsito pesado.,2026-09-26 09:44,140,70
L11921035,AR,AR-S,AR-S-LP,-31.6356937,-60.6327189,Monte y bañados lado oeste altura La Guardia,2024-07-28 16:05,114,9
L12042861,AR,AR-S,AR-S-LC,-31.3782174,-61.1422342,Monte y espartillar entre Río Cuculucito Y Rp70 Y,2026-07-26 08:50,142,49
L2761591,AR,AR-N,AR-N-GU,-26.7661667,-54.4318333,Montecarlo,2022-02-21 16:15,17,1
L55485764,AR,AR-S,AR-S-CL,-31.370562,-61.4214534,Montecito RP70s,2026-08-01 14:59,71,4
L60558627,AR,AR-S,AR-S-CL,-31.2765681,-61.372661,Montecito escuela rural n°625 Domingo Faustino Sarmiento,2026-09-18 18:05,81,15
L6356610,AR,AR-B,AR-B-DO,-36.4708615,-57.5230837,Montes del Tordillo--Selva Dolorense,2017-10-16 11:30,77,1
L9392551,AR,AR-S,AR-S-LC,-31.4950099,-61.2824241,"Montes y pastizales, ""La Cañada"", Santa María Centro",2025-04-11 09:00,59,3
L2763312,AR,AR-V,AR-V-RG,-53.776,-67.7001667,Monumento Caídos en Malvinas,2026-09-24 14:56,73,242
L2761904,AR,AR-Y,AR-Y-HU,-23.0235592,-65.2514505,Monumento Natural Provincial Laguna Leandro,2026-02-08 10:10,50,11
L33385040,AR,AR-B,AR-B-GV,-34.9547875,-62.9041017,Moores,2024-06-30 15:40,25,2
L13408208,AR,AR-Q,AR-Q-AL,-38.9396146,-71.3281151,Moquehue,2026-05-18 12:06,76,56
L2761465,AR,AR-S,AR-S-GL,-34.2313,-61.8677,Morgan,2026-08-17 08:36,58,1
L26229155,AR,AR-Q,AR-Q-LL,-40.7829229,-71.65735,Muelle Modesta Victoria,2026-03-07 11:59,35,11
L842340,AR,AR-B,AR-B-GL,-36.3370803,-56.7541695,Mundo Marino,2026-01-14 14:16,138,40
L4018794,AR,AR-S,AR-S-RO,-32.9070821,-60.7074022,Mundoaparte,2015-11-21 09:00,22,1
L35509274,AR,AR-C,AR-C-DF,-34.5685317,-58.5075061,Museo Histórico Cornelio de Saavedra,2026-01-30 09:20,54,78
L22484601,AR,AR-B,AR-B-SI,-34.4698897,-58.5025069,Museo Pueyrredón,2025-08-05 08:55,45,2
L38449745,AR,AR-C,AR-C-DF,-34.61838,-58.35643,Museo de la Cárcova-UNA,2026-07-25 14:00,104,38
L37628141,AR,AR-B,AR-B-TI,-34.4163982,-58.5896158,Museo de la Reconquista,2026-09-13 15:15,63,14
L16614633,AR,AR-A,AR-A-LA,-24.264633,-66.2099704,Muñano,2021-10-09 07:21,1,0
L29157352,AR,AR-B,AR-B-NE,-38.6516005,-59.1480732,"Médano Blanco, Termas del Campo,",2025-01-25 10:35,38,2
L4604628,AR,AR-E,AR-E-II,-33.4379594,-59.0694362,Médanos,2026-09-19 16:25,238,257
L15732797,AR,AR-Q,AR-Q-AL,-38.9657643,-71.0511742,Naciente Río Aluminé,2022-07-03 15:02,59,5
L3721885,AR,AR-U,AR-U-FU,-43.2319467,-71.4172268,Nacientes Arroyo Nant y Fall,2026-09-06 17:01,64,10
L7987307,AR,AR-Y,AR-Y-CA,-24.0715993,-65.4856801,Nacientes de Río Lozano,2025-05-06 13:00,7,1
L2761599,AR,AR-P,AR-P-PA,-25.0258841,-59.6214294,Nacientes de los riachos Monte Lindo y Tatú Piré,2026-07-14 16:49,58,6
L22283108,AR,AR-X,AR-X-SA,-31.7092095,-64.898292,Nacimiento Rio Mina Clavero.,2026-03-21 17:00,36,19
L34931090,AR,AR-B,AR-B-MC,-37.581597,-57.5462446,Nahuel Rucá,2026-08-01 13:50,63,8
L23809223,AR,AR-L,AR-L-TO,-36.926228,-64.40657,Naico,2025-04-14 08:12,23,3
L10512451,AR,AR-B,AR-B-LM,-34.714194,-58.508871,Namuncurá,2026-09-15 12:15,73,25
L29591986,AR,AR-X,AR-X-CB,-31.461953,-64.30136,Nati,2026-09-26 07:30,108,463
L6273978,AR,AR-A,AR-A-SV,-22.510385,-65.101407,Nazareno,2026-08-06 14:29,55,12
L2763431,AR,AR-B,AR-B-NE,-38.56,-58.7436667,Necochea,2026-08-19 10:15,145,48
L21909712,AR,AR-B,AR-B-NE,-38.530103,-58.7405901,Necochea--Cavas del matadero,2025-06-21 10:05,70,25
L2512197,AR,AR-B,AR-B-NE,-38.579185,-58.704568,Necochea--Embocadero de Río Quequén,2026-08-29 18:32,92,53
L2358472,AR,AR-B,AR-B-NE,-38.5842035,-58.6971617,Necochea--Escollera Sur,2026-08-17 12:37,81,374
L2374674,AR,AR-B,AR-B-NE,-38.5878265,-58.7508059,Necochea--Parque Miguel Lillo,2026-09-27 17:55,97,84
L7134641,AR,AR-B,AR-B-NE,-38.6341705,-58.6203003,Necochea--pelágica,2023-02-06 15:34,21,5
L2879800,AR,AR-N,AR-N-PS,-27.372364,-55.9865642,Nemesio Parma--Desembocadura Arroyo Apepú,2026-03-23 07:42,191,79
L3510181,AR,AR-N,AR-N-PS,-27.3604098,-56.0037947,Nemesio Parma--Prefectura,2025-03-02 08:05,201,119
L11630202,AR,AR-Q,AR-Q-CO,-38.9717576,-68.0664515,Neuquén--Arroyo Durán,2026-02-11 08:34,79,50
L11630151,AR,AR-Q,AR-Q-CO,-38.9868842,-68.0732203,Neuquén--Balneario Sandra Canale,2026-02-01 17:08,85,48
L2763473,AR,AR-Q,AR-Q-CO,-38.8765,-68.0763333,Neuquén--Centenario chacra Mercedes,2025-01-15 16:25,66,6
L3625477,AR,AR-Q,AR-Q-CO,-38.9546033,-68.0568695,Neuquén--Ciudad,2026-09-17 16:25,114,127
L12332876,AR,AR-Q,AR-Q-CO,-38.9712707,-68.0556503,Neuquén--Club El Bigua confluencia,2020-09-20 08:30,18,2
L2763374,AR,AR-Q,AR-Q-CO,-38.9756667,-68.051,Neuquén--Isla 132,2026-09-24 14:15,131,316
L12680758,AR,AR-Q,AR-Q-CO,-38.9833394,-68.0660192,Neuquén--Isla Grande,2026-05-09 10:12,77,18
L11972118,AR,AR-Q,AR-Q-CO,-38.9929676,-68.0770904,Neuquén--Isla Verde,2026-09-16 14:29,74,21
L12700410,AR,AR-Q,AR-Q-CO,-38.9702534,-68.1890488,Neuquén--La Herradura,2026-08-01 16:14,122,95
L12575108,AR,AR-Q,AR-Q-CO,-38.9427306,-68.1382523,Neuquén--Lote Coop 28 de Mayo,2020-10-23 17:10,21,1
L12926182,AR,AR-Q,AR-Q-CO,-38.9152579,-68.0636322,"Neuquén--Parque Norte (-38,915, -68,063)",2026-06-20 10:51,93,47
L6727668,AR,AR-Q,AR-Q-CO,-38.9792448,-68.0535865,Neuquén--Paseo de la Costa,2026-08-02 10:51,108,184
L2763467,AR,AR-Q,AR-Q-CO,-38.9261667,-68.055,Neuquén--Rincón de Emilio,2025-10-04 17:00,83,21
L2763360,AR,AR-Q,AR-Q-CO,-38.9641806,-68.122766,Neuquén--Valentina Sur,2024-04-14 16:43,51,6
L2763349,AR,AR-Q,AR-Q-CO,-38.9771667,-68.1375,Neuquén--Zona Balsa Las Perlas,2026-07-14 08:25,98,43
L12394475,AR,AR-Q,AR-Q-CO,-38.986742,-68.0787055,Neuquén--lagunas Frente La Zagala,2026-08-16 17:18,71,18
L2761551,AR,AR-A,AR-A-RL,-24.4183333,-66.1563333,Nevado de Acay (Salta),2025-10-05 09:39,55,25
L6311782,AR,AR-D,AR-D-BE,-32.9336095,-66.2809333,Nogolí,2026-09-20 08:11,168,87
L57683100,AR,AR-E,AR-E-NO,-32.3859051,-59.7877693,Nogoyá y alrededores,2026-06-15 13:49,28,2
L12558523,AR,AR-E,AR-E-NO,-32.3955371,-59.7589195,Nogoyá--Paseo de los Puentes,2026-09-19 11:07,167,145
L2761525,AR,AR-X,AR-X-SA,-31.7895,-64.9678333,Nono,2026-09-26 19:01,137,81
L28665213,AR,AR-X,AR-X-SA,-31.7958811,-64.9792425,Nono--Arroyo de los Sanjuaninos,2026-05-25 17:14,124,79
L23015150,AR,AR-X,AR-X-SA,-31.8125847,-65.0230802,Nono--Bajo el Molino,2025-01-11 17:26,91,10
L26057925,AR,AR-X,AR-X-SA,-31.8477604,-65.0024568,Nono--Cola del Dique La Viña,2026-05-31 12:17,114,22
L16588908,AR,AR-X,AR-X-SA,-31.8326958,-65.007665,Nono--Cola del Río,2026-09-26 11:39,208,181
L15948265,AR,AR-X,AR-X-SA,-31.8151081,-65.0227484,Nono--Costanera,2025-01-19 09:20,88,13
L32172813,AR,AR-X,AR-X-SA,-31.7905228,-64.9616773,Nono--Karrupachina,2026-06-13 11:23,95,12
L22195163,AR,AR-A,AR-A-LC,-24.551621,-65.362702,Norte del Campo Alegre,2026-09-05 10:47,301,421
L6070780,AR,AR-A,AR-A-LC,-24.6824435,-65.4032723,Nueva Casa De Lalala,2025-10-19 14:13,153,97
L4587632,AR,AR-E,AR-E-CC,-31.6494359,-58.0145073,Nueva Escocia,2015-02-28 00:00,2,0
L38049126,AR,AR-S,AR-S-GO,-28.503002,-59.2405277,Nueva Reserva Natural Municipal EL PINDÓ,2026-09-19 09:12,177,40
L3527655,AR,AR-N,AR-N-OB,-27.4901999,-55.1208115,Oberá,2026-09-05 11:57,118,31
L26563442,AR,AR-N,AR-N-OB,-27.472761,-55.099448,Oberá--Jardín Botánico,2026-01-24 08:04,13,3
L4504788,AR,AR-X,AR-X-PU,-31.6062442,-64.5601702,Observatorio Bosque Alegre,2026-07-12 16:39,116,32
L8266608,AR,AR-N,AR-N-IG,-25.6008494,-54.5502307,Observatorio De Aves Ita Poty Miri,2026-09-27 06:34,182,41
L16379950,AR,AR-Q,AR-Q-HU,-39.9726146,-70.8891964,Observatorio de Cóndores,2026-09-03 08:31,37,51
L7419032,AR,AR-Y,AR-Y-CA,-23.9431348,-65.2321118,Ocloyas,2026-06-17 14:36,10,1
L2761472,AR,AR-Y,AR-Y-CO,-22.935,-66.335,Ojo de Laguna Vicuñahuasi,2010-03-25 15:30,3,0
L27041703,AR,AR-K,AR-K-AS,-25.6126609,-67.6725411,Ojos de Campo,2026-01-23 14:37,8,2
L20374055,AR,AR-F,AR-F-GB,-30.680381,-66.2462867,Olta,2026-05-10 13:32,22,0
L2761538,AR,AR-X,AR-X-IS,-30.7708333,-64.4078333,Ongamira,2026-05-09 17:28,143,58
L7717926,AR,AR-X,AR-X-UN,-32.8550039,-62.8080225,Ordoñez,2022-05-11 14:31,68,9
L11689120,AR,AR-E,AR-E-PA,-31.8257029,-60.5583396,Oro verde,2023-08-29 18:48,34,6
L12937450,AR,AR-B,AR-B-PI,-37.1258845,-56.8831583,Ostende,2025-08-07 15:06,43,15
L65630830,AR,AR-B,AR-B-TQ,-38.083003,-61.8929023,P P Ernesto Tornquist--Barrancas (Sitio Restringido),2026-04-30 13:42,57,7
L65629004,AR,AR-B,AR-B-TQ,-38.0690639,-61.9740847,P P Ernesto Tornquist--Base Cerro Bahía Blanca (uso público),2026-09-27 12:01,70,27
L65627736,AR,AR-B,AR-B-TQ,-38.067026,-62.0167519,P P Ernesto Tornquist--Base Cerro Ventana (uso público),2026-09-26 14:07,62,27
L65628637,AR,AR-B,AR-B-TQ,-38.038711,-61.9933076,P P Ernesto Tornquist--El Avestruz (Sitio Restringido),2026-05-31 16:04,82,30
L65631648,AR,AR-B,AR-B-TQ,-38.0744355,-62.0089897,P P Ernesto Tornquist--Sendero Mirador del Casuhatí (uso público),2026-09-11 13:48,19,1
L15753745,AR,AR-T,AR-T-CH,-27.2828916,-65.9651447,PN Aconquija--Laguna del Tesoro,2025-10-12 14:43,47,6
L2761625,AR,AR-T,AR-T-CH,-27.2855388,-65.872781,PN Aconquija--Portal Campo de los Alisos,2026-09-01 08:56,134,57
L55269873,AR,AR-T,AR-T-CH,-27.3223805,-65.9125791,PN Aconquija--sendero el Calao,2026-08-07 07:30,56,5
L2761595,AR,AR-Z,AR-Z-DE,-47.6715,-68.0988333,PN Bosques Petrificados de Jaramillo y Monumento Natural,2026-02-21 12:00,74,109
L64424469,AR,AR-Y,AR-Y-LE,-23.6923869,-64.849323,PN Calilegua,2026-09-27 18:43,289,2388
L42433378,AR,AR-Y,AR-Y-LE,-23.6830148,-64.888091,PN Calilegua--Aguada del Tigre,2026-08-20 13:54,117,30
L35941798,AR,AR-Y,AR-Y-LE,-23.7623527,-64.8512283,PN Calilegua--Camping y Desembocadura A. Aguas Negras,2026-09-09 12:28,149,103
L1532976,AR,AR-Y,AR-Y-LE,-23.6996875,-64.8671601,PN Calilegua--Mesada de las Colmenas,2026-09-27 10:27,226,485
L9971468,AR,AR-Y,AR-Y-LE,-23.6811925,-64.9014324,PN Calilegua--Monolito y sendero bosque del cielo,2026-09-27 16:04,178,415
L5085093,AR,AR-Y,AR-Y-LE,-23.759344,-64.850079,PN Calilegua--Seccional Aguas Negras,2026-09-03 10:42,240,431
L60434007,AR,AR-Y,AR-Y-LE,-23.7586662,-64.8503342,"PN Calilegua--Sector Aguas Negras (Senderos Guaraní, Somos Selva y Seres Fantásticos, Camping)",2026-05-01 14:39,25,2
L31663512,AR,AR-Y,AR-Y-LE,-23.7385686,-64.8526788,PN Calilegua--Sendero El Alejo,2026-09-14 11:35,94,29
L28486993,AR,AR-Y,AR-Y-LE,-23.7050409,-64.8652815,PN Calilegua--Sendero El Negrito,2026-09-20 17:05,83,22
L4820754,AR,AR-Y,AR-Y-LE,-23.7536637,-64.8536488,PN Calilegua--Sendero El Pedemontano,2026-09-27 18:06,220,390
L36510766,AR,AR-Y,AR-Y-LE,-23.7436061,-64.8509769,PN Calilegua--Sendero El Tapir,2026-09-14 08:38,77,25
L37282956,AR,AR-Y,AR-Y-LE,-23.7605749,-64.8514936,PN Calilegua--Sendero Guaraní,2026-09-27 18:43,105,41
L41438131,AR,AR-Y,AR-Y-LE,-23.751982,-64.8512767,PN Calilegua--Sendero La Lagunita,2026-09-14 07:05,102,34
L41438267,AR,AR-Y,AR-Y-LE,-23.7358586,-64.848398,PN Calilegua--Sendero Las Juntas,2026-09-22 12:25,97,33
L46523001,AR,AR-Y,AR-Y-LE,-23.7600815,-64.8497083,PN Calilegua--Sendero Seres Fantásticos,2026-07-07 11:04,40,15
L41438398,AR,AR-Y,AR-Y-LE,-23.7569769,-64.8503238,PN Calilegua--Sendero Somos Selva,2025-12-09 07:52,37,12
L50105821,AR,AR-Y,AR-Y-LE,-23.7370028,-64.8563256,PN Calilegua--Sendero Tataupa.,2025-07-19 13:25,34,6
L7999521,AR,AR-Y,AR-Y-LE,-23.7429344,-64.8580603,PN Calilegua--Sendero Tataupá,2024-12-23 06:47,161,67
L36042302,AR,AR-Y,AR-Y-LE,-23.718491,-64.8526598,PN Calilegua--Totoritas,2026-09-27 09:12,49,15
L9971356,AR,AR-Y,AR-Y-LE,-23.6938281,-64.8678151,PN Calilegua--Zona de Quebrada Tres Cruces,2026-09-27 17:28,171,233
L2762434,AR,AR-B,AR-B-GL,-36.35,-56.8667,PN Campos del Tuyú,2026-09-13 20:10,183,94
L847584,AR,AR-H,AR-H-PP,-26.8058397,-59.6138763,"PN Chaco Área general (por favor, si es posible cargue sus listas en un sitio de interés más específico del PN.)",2026-08-17 20:05,299,536
L27595932,AR,AR-H,AR-H-SC,-26.8107682,-59.5981259,PN Chaco--Acceso,2026-09-16 08:12,122,23
L26979864,AR,AR-H,AR-H-PP,-26.8113216,-59.6333681,PN Chaco--Camino del Palmar,2025-09-28 09:51,93,13
L26980369,AR,AR-H,AR-H-PP,-26.8636446,-59.6269904,PN Chaco--Mirador Panza de Cabra,2025-11-22 17:18,120,29
L52379827,AR,AR-H,AR-H-SC,-26.7835448,-59.6198845,PN Chaco--Sendero Las Lagunas,2026-09-16 15:46,79,19
L26979731,AR,AR-H,AR-H-PP,-26.8049806,-59.6081133,PN Chaco--Sendero Río Negro,2026-09-16 09:20,121,54
L35298907,AR,AR-H,AR-H-PP,-26.8061071,-59.6066618,PN Chaco--Sendero del Puente Colgante,2026-07-08 17:20,109,33
L26980175,AR,AR-H,AR-H-PP,-26.8074467,-59.6068868,PN Chaco--Área de acampe,2026-09-14 07:25,182,161
L11718398,AR,AR-B,AR-B-CM,-34.2030489,-58.8841965,PN Ciervo De Los Pantanos (antes RN Otamendi)--Camino Islas Malvinas,2026-09-13 08:40,241,551
L2478952,AR,AR-B,AR-B-CM,-34.2804108,-58.8885212,PN Ciervo De Los Pantanos (antes RN Otamendi)--Río Luján,2026-09-15 10:37,167,60
L11718483,AR,AR-B,AR-B-CM,-34.2275513,-58.8953162,PN Ciervo De Los Pantanos (antes RN Otamendi)--Sendero Guardianes de la Barranca,2026-09-13 15:49,174,82
L11718461,AR,AR-B,AR-B-CM,-34.2270585,-58.8990721,PN Ciervo De Los Pantanos (antes RN Otamendi)--Sendero Historias del Pastizal,2026-09-27 16:16,198,133
L11712713,AR,AR-B,AR-B-CM,-34.2258079,-58.9003398,PN Ciervo De Los Pantanos (antes RN Otamendi)--Área General,2026-09-14 09:12,221,218
L5146670,AR,AR-G,AR-G-CO,-25.9224956,-61.7141853,PN Copo--El Aybal,2026-09-03 12:32,169,137
L16790546,AR,AR-G,AR-G-CO,-25.671108,-61.9771537,PN Copo--La Aguada Secc.Guayacan,2026-01-16 06:20,147,95
L57306163,AR,AR-G,AR-G-CO,-25.8912534,-61.7393841,PN Copo--La Vieja Aguada,2026-01-15 09:37,36,1
L16791100,AR,AR-G,AR-G-CO,-25.6834335,-62.0067313,"PN Copo--Pastizal, Secc. Guayacan",2021-10-31 11:31,29,2
L16822231,AR,AR-G,AR-G-CO,-25.9728607,-61.9586098,PN Copo--Secc. El Portal,2026-07-10 17:00,155,32
L847460,AR,AR-G,AR-G-CO,-26.0089669,-61.8344879,"PN Copo--Área general (por favor, si es posible cargue sus listas en un sitio de interés más específico del PN.)",2024-11-02 08:22,153,38
L2763616,AR,AR-H,AR-H-GG,-25.0099785,-60.9948921,PN El Impenetrable (antes Ea. La Fidelidad),2026-08-11 13:15,266,348
L35331674,AR,AR-H,AR-H-GG,-24.9719631,-60.9557047,PN El Impenetrable (antes Ea. La Fidelidad)--Camping,2026-08-11 14:15,151,49
L48898718,AR,AR-H,AR-H-GG,-25.1498219,-61.0991996,PN El Impenetrable (antes Ea. La Fidelidad)--Camping Mapic,2026-09-01 08:16,136,23
L49064846,AR,AR-H,AR-H-GG,-24.9588768,-60.9636065,PN El Impenetrable (antes Ea. La Fidelidad)--Sendero Riacho del Casco,2026-08-11 16:06,89,15
L37315461,AR,AR-H,AR-H-GG,-24.9553704,-60.9637406,PN El Impenetrable (antes Ea. La Fidelidad)--Sendero de la selva.,2026-09-20 15:34,134,52
L26823337,AR,AR-H,AR-H-GG,-25.011811,-60.9463812,PN El Impenetrable (antes Ea. La Fidelidad)--Zona De Las Lagunas (acceso restringido),2026-06-04 09:05,226,51
L48900050,AR,AR-H,AR-H-GG,-25.0787015,-61.042697,PN El Impenetrable (antes Ea. La Fidelidad)--Zona Torre de observacion Laguna,2026-09-01 09:20,113,37
L48900288,AR,AR-H,AR-H-GG,-24.9567247,-60.9596914,PN El Impenetrable (antes Ea. La Fidelidad)--area de acampe Camping La Fidelidad,2026-07-16 14:07,156,38
L2761634,AR,AR-J,AR-J-CL,-31.85376,-69.3295,PN El Leoncito,2026-06-15 15:02,120,144
L17746195,AR,AR-J,AR-J-CL,-31.8126359,-69.395472,PN El Leoncito--Desembocadura Arroyo El Leoncito,2024-03-12 08:41,11,5
L20361991,AR,AR-J,AR-J-ZO,-31.7939762,-69.1280602,PN El Leoncito--La Virgencita.,2025-04-19 15:48,8,3
L20289535,AR,AR-J,AR-J-CL,-31.7989928,-69.3643452,PN El Leoncito--Mirador El Manzanar Histórico.,2026-06-14 11:52,48,20
L20289765,AR,AR-J,AR-J-CL,-31.7962769,-69.3455228,PN El Leoncito--Potreros de abajo.,2026-06-15 15:02,57,27
L20292044,AR,AR-J,AR-J-CL,-31.7891628,-69.3156024,PN El Leoncito--Sendero Cascada El Rincón,2026-06-14 13:40,53,25
L20293670,AR,AR-J,AR-J-CL,-31.7932305,-69.3103449,PN El Leoncito--Sendero Paisaje de Agua,2026-04-09 15:42,50,12
L22422022,AR,AR-E,AR-E-CO,-31.8649453,-58.2098063,PN El Palmar--Camping,2026-07-25 23:12,155,114
L22573245,AR,AR-E,AR-E-CO,-31.8856672,-58.2731199,PN El Palmar--Mirador La Glorieta,2026-01-21 09:02,87,13
L22421854,AR,AR-E,AR-E-CO,-31.8596645,-58.2287082,PN El Palmar--Mirador Los Loros,2026-08-13 07:45,106,40
L22421906,AR,AR-E,AR-E-CO,-31.8945751,-58.2379209,PN El Palmar--Mirador del Arroyo El Palmar,2026-07-26 11:26,99,25
L22573332,AR,AR-E,AR-E-CO,-31.8699707,-58.2276631,PN El Palmar--Observatorio de Aves Bajos Inundables,2026-09-21 17:23,121,53
L22573273,AR,AR-E,AR-E-CO,-31.8856348,-58.2392509,PN El Palmar--Observatorio de Aves del Pastizal,2026-05-24 17:40,131,47
L22574031,AR,AR-E,AR-E-CO,-31.8680994,-58.2093986,PN El Palmar--Parques del Centro Operativo,2026-08-29 12:38,144,72
L22573292,AR,AR-E,AR-E-CO,-31.8750815,-58.2077997,PN El Palmar--Playa,2026-07-25 15:51,92,25
L22612220,AR,AR-E,AR-E-CO,-31.8744437,-58.2306119,PN El Palmar--Primera rotonda,2026-09-21 14:28,131,28
L22573437,AR,AR-E,AR-E-CO,-31.853699,-58.3203961,PN El Palmar--Seccional La Portada,2026-07-24 13:54,123,50
L22573320,AR,AR-E,AR-E-CO,-31.8622065,-58.2085668,PN El Palmar--Sendero Arroyo Los Loros,2026-07-25 12:45,70,7
L22421898,AR,AR-E,AR-E-CO,-31.8626095,-58.2110462,PN El Palmar--Sendero El Mollar,2026-01-09 10:31,101,24
L22573394,AR,AR-E,AR-E-CO,-31.8870024,-58.2712668,PN El Palmar--Sendero La Glorieta,2026-05-24 08:10,116,37
L22573306,AR,AR-E,AR-E-CO,-31.8712241,-58.2088682,PN El Palmar--Sendero Sitio Histórico,2026-06-10 10:01,136,78
L22573658,AR,AR-E,AR-E-CO,-31.8689305,-58.2460282,PN El Palmar--Sendero Tres Cruces,2026-09-21 18:07,145,67
L22573379,AR,AR-E,AR-E-CO,-31.8785755,-58.2692032,PN El Palmar--Sendero Yatay,2026-07-23 15:10,123,39
L22421998,AR,AR-E,AR-E-CO,-31.8789519,-58.2067053,PN El Palmar--Sendero de la Selva,2026-09-12 10:26,117,41
L22573219,AR,AR-E,AR-E-CO,-31.8880275,-58.2411181,PN El Palmar--Sendero del Pastizal,2026-08-14 13:10,132,62
L22612129,AR,AR-E,AR-E-CO,-31.8842355,-58.3199343,PN El Palmar--camino límite oeste,2025-10-11 18:36,86,14
L951685,AR,AR-E,AR-E-CO,-31.8714351,-58.2115746,"PN El Palmar--Área general (por favor, si es posible cargue sus listas en un sitio de interés más específico del PN.)",2026-09-11 09:27,263,1040
L4815195,AR,AR-A,AR-A-AN,-24.7,-64.633333,PN El Rey,2026-09-08 09:59,325,133
L9922507,AR,AR-A,AR-A-AN,-24.7301099,-64.6391045,PN El Rey--La Sala y Los Patitos,2026-09-08 17:53,181,57
L9922343,AR,AR-A,AR-A-AN,-24.7553252,-64.6932434,PN El Rey--Pozo Verde,2026-08-01 07:36,129,8
L37303168,AR,AR-W,AR-W-ME,-28.619758,-57.294909,PN Iberá--Cerrito,2025-12-11 13:28,123,14
L3461245,AR,AR-W,AR-W-IZ,-27.823592,-56.8479395,PN Iberá--Portal Cambyretá,2026-09-13 16:10,298,592
L9739517,AR,AR-W,AR-W-CO,-28.4289073,-57.8169987,PN Iberá--Portal Carambola,2026-09-16 13:00,230,101
L484766,AR,AR-W,AR-W-SM,-28.5355205,-57.1742249,PN Iberá--Portal Laguna Iberá (Carlos Pellegrini y Laguna Iberá),2026-09-07 09:42,359,1440
L9818155,AR,AR-W,AR-W-ME,-28.5932208,-57.2474846,PN Iberá--Portal Lobo Cuá,2026-09-13 17:00,257,323
L4722858,AR,AR-W,AR-W-SG,-28.12793,-57.434677,PN Iberá--Portal San Nicolás,2026-09-08 14:20,247,312
L69900679,AR,AR-W,AR-W-IZ,-27.6580089,-57.0445451,PN Iberá--Portal Yerbalito,2026-09-14 08:37,141,5
L16967314,AR,AR-W,AR-W-SG,-28.1848393,-57.4424028,PN Iberá--Puerto Carambola,2025-01-27 09:19,124,35
L39127052,AR,AR-N,AR-N-IG,-25.7011243,-54.4450789,PN Iguazú--Estación Garganta del Diablo,2026-09-26 18:52,172,300
L39126313,AR,AR-N,AR-N-IG,-25.6955167,-54.4373886,PN Iguazú--Garganta del Diablo,2026-09-27 15:42,164,304
L16473219,AR,AR-N,AR-N-IG,-25.7151863,-54.4484808,PN Iguazú--Observatorio de Aves Daniel Pupi Somay,2026-09-27 06:40,299,769
L21290272,AR,AR-N,AR-N-IG,-25.6800158,-54.4451983,PN Iguazú--Parquizado hotel Meliá.,2026-09-26 10:34,243,596
L2429306,AR,AR-N,AR-N-IG,-25.6934357,-54.3255043,PN Iguazú--Ruta 101,2026-09-25 10:52,327,878
L10411764,AR,AR-N,AR-N-IG,-25.6538288,-54.4563961,PN Iguazú--Salto Arrechea,2026-08-22 10:32,204,44
L9666703,AR,AR-N,AR-N-IG,-25.6754131,-54.4481071,PN Iguazú--Sendero Macuco,2026-09-26 09:29,310,860
L9161162,AR,AR-N,AR-N-IG,-25.6827946,-54.4502298,PN Iguazú--Sendero Verde,2026-09-27 11:20,280,908
L982380,AR,AR-N,AR-N-IG,-25.7144812,-54.4413328,PN Iguazú--Sendero Ñandú,2026-09-27 07:15,298,441
L472205,AR,AR-N,AR-N-IG,-25.6833032,-54.455452,PN Iguazú--Área Cataratas,2026-09-26 17:57,382,3769
L11093904,AR,AR-N,AR-N-IG,-25.6980179,-54.3937929,PN Iguazú--Área general,2026-09-16 19:07,304,168
L53928777,AR,AR-S,AR-S-SR,-32.2773473,-60.6868022,PN Islas de Santa Fe--Camping y Centro Operativo,2026-03-08 09:28,61,3
L5134858,AR,AR-S,AR-S-SR,-32.2940981,-60.7025528,PN Islas de Santa Fe--Isla Campo Rico,2025-06-21 10:00,133,47
L32712628,AR,AR-S,AR-S-SR,-32.2718551,-60.6929567,PN Islas de Santa Fe--Sendero El Timbó,2026-09-25 07:54,112,20
L32712762,AR,AR-S,AR-S-SR,-32.2827314,-60.6912382,PN Islas de Santa Fe--Sendero La Isla Misteriosa,2026-09-04 09:22,75,13
L40499985,AR,AR-R,AR-R-SA,-41.6120182,-65.0208016,PN Islote Lobos,2026-01-27 19:21,67,18
L2428989,AR,AR-U,AR-U-CU,-42.17903,-71.68728,PN Lago Puelo (General),2026-09-12 13:08,124,366
L52314325,AR,AR-U,AR-U-CU,-42.1058097,-71.7265816,PN Lago Puelo--Arroyo Los Hitos,2026-05-21 10:44,9,2
L68078795,AR,AR-U,AR-U-CU,-42.0986154,-71.6839338,PN Lago Puelo--Camping Gendarmería,2026-09-09 10:59,29,1
L67987624,AR,AR-U,AR-U-CU,-42.2280363,-71.6666212,PN Lago Puelo--El Turbio,2026-08-06 11:27,20,2
L7367216,AR,AR-U,AR-U-CU,-42.08946,-71.61803,PN Lago Puelo--Intendencia,2026-09-11 13:57,100,89
L36520103,AR,AR-U,AR-U-CU,-42.0977217,-71.6100923,PN Lago Puelo--Observatorio de aves,2026-09-12 13:08,77,36
L67978915,AR,AR-U,AR-U-CU,-42.0922941,-71.6559231,PN Lago Puelo--Sendero Arroyo Las Lagrimas,2026-08-19 08:48,31,2
L67979774,AR,AR-U,AR-U-CU,-42.0994721,-71.7065867,PN Lago Puelo--Sendero Arroyo Los Hitos
L2762942,AR,AR-Q,AR-Q-ZA,-39.05,-70.3333,PN Laguna Blanca--Laguna Blanca,2026-05-09 09:57,130,171
L40458065,AR,AR-Q,AR-Q-ZA,-39.008128,-70.385256,PN Laguna Blanca--Laguna Verde,2026-03-26 10:52,22,1
L19382134,AR,AR-Q,AR-Q-ZA,-39.000001,-70.373373,PN Laguna Blanca--Llano Blanco y bardas,2025-02-16 15:01,24,3
L6697092,AR,AR-Q,AR-Q-AL,-39.1512046,-71.2569219,PN Lanín--Acceso Ñorquinco,2026-02-17 14:06,55,9
L12157784,AR,AR-Q,AR-Q-HU,-39.6804869,-71.4908244,PN Lanín--Base del Volcán Lanín,2025-03-17 18:39,52,11
L10578428,AR,AR-Q,AR-Q-LA,-40.121231,-71.658774,PN Lanín--Cabecera Río Huahum,2026-04-29 17:53,81,63
L12141789,AR,AR-Q,AR-Q-AL,-39.1209963,-71.3190461,PN Lanín--Cabecera oeste del Lago Ñorquinco,2025-03-10 13:57,56,5
L17743819,AR,AR-Q,AR-Q-AL,-39.37994,-71.24438,PN Lanín--Camping Lago Quillén--Playa Pudú,2024-02-02 20:43,24,5
L37516630,AR,AR-Q,AR-Q-AL,-39.1585508,-71.3101101,PN Lanín--Cascada Coloco,2023-01-07 12:32,3,0
L22341041,AR,AR-Q,AR-Q-HU,-39.7565474,-71.4416309,PN Lanín--Inmediaciones de Ruca Huincul,2025-01-29 17:46,23,2
L2762930,AR,AR-Q,AR-Q-HU,-39.9062071,-71.3360485,PN Lanín--Lago Curruhué Chico,2026-05-25 14:55,83,28
L4102747,AR,AR-Q,AR-Q-HU,-39.8530942,-71.4683117,PN Lanín--Lago Curruhué Grande,2024-03-17 12:30,34,5
L2762933,AR,AR-Q,AR-Q-HU,-39.7111123,-71.5730246,PN Lanín--Lago Paimún,2026-05-24 11:03,96,24
L8614296,AR,AR-Q,AR-Q-AL,-39.3728923,-71.2303212,PN Lanín--Lago Quillén,2026-01-25 14:49,54,19
L14138110,AR,AR-Q,AR-Q-AL,-39.2280939,-71.1737315,PN Lanín--Lago Ruca Choroy,2025-02-17 11:47,54,17
L10963479,AR,AR-Q,AR-Q-AL,-39.1423149,-71.2817377,PN Lanín--Lago Ñorquinco,2026-01-02 09:00,40,13
L4102749,AR,AR-Q,AR-Q-HU,-39.8268644,-71.5491642,PN Lanín--Laguna Toro,2025-02-27 09:23,19,4
L4102753,AR,AR-Q,AR-Q-HU,-39.8354984,-71.5249092,PN Lanín--Laguna Verde,2026-03-23 08:10,60,32
L17745196,AR,AR-Q,AR-Q-AL,-39.19933,-71.04931,PN Lanín--Laguna de Fortunato,2025-02-17 11:10,53,11
L7305112,AR,AR-Q,AR-Q-LA,-40.1477168,-71.5246439,PN Lanín--Lagunas Corinas,2026-05-09 11:59,40,9
L28498552,AR,AR-Q,AR-Q-HU,-39.9075877,-71.3383763,PN Lanín--Mirador Lago Curruhue Chico,2026-02-12 20:50,25,8
L13175830,AR,AR-Q,AR-Q-AL,-39.1369343,-71.2706242,PN Lanín--Playa Ecocamping Ñorquinco,2025-02-08 09:28,45,8
L13404177,AR,AR-Q,AR-Q-HU,-39.8026715,-71.2146184,PN Lanín--Playa oriental del Lago Huechulafquen,2026-05-24 16:21,66,19
L21265294,AR,AR-Q,AR-Q-HU,-39.7519128,-71.5024957,PN Lanín--Puerto Canoa,2026-04-30 14:06,50,20
L6843019,AR,AR-Q,AR-Q-LA,-40.1727087,-71.445744,PN Lanín--Quila Quina,2025-11-12 13:52,71,40
L14991387,AR,AR-Q,AR-Q-HU,-39.5897169,-71.4307102,PN Lanín--Sendero a la base del Volcán Lanín,2026-06-29 16:26,59,24
L3844317,AR,AR-Q,AR-Q-LA,-40.1662157,-71.5270042,PN Lanín--Yuco,2026-01-27 10:30,69,57
L13597558,AR,AR-Q,AR-Q-HU,-39.60005,-71.4585739,PN Lanín--bosque del Volcán Lanin,2026-03-09 16:47,32,8
L2098975,AR,AR-Q,AR-Q-HU,-39.5156954,-71.4296722,PN Lanín--Área Lago Tromen,2024-10-31 18:00,106,55
L62753494,AR,AR-L,AR-L-UC,-37.9918854,-65.5785923,PN Lihue Calel--Camino Vehicular,2025-10-15 10:00,16,1
L2353347,AR,AR-L,AR-L-UC,-38.0048,-65.57648,"PN Lihué Calel Área general (por favor, si es posible cargue sus listas en un sitio de interés más específico del PN.)",2026-09-06 18:14,180,629
L65623298,AR,AR-L,AR-L-UC,-37.9782354,-65.5931213,PN Lihué Calel--Camino de las Cortaderas
L57755376,AR,AR-L,AR-L-UC,-37.8469094,-65.5210053,PN Lihué Calel--Salitral Levalle,2025-11-24 00:00,9,0
L12254001,AR,AR-L,AR-L-UC,-38.0072724,-65.5984142,PN Lihué Calel--Sendero Cº Soc. Científica,2026-08-16 17:05,104,31
L54725040,AR,AR-L,AR-L-UC,-38.0014047,-65.5946109,PN Lihué Calel--Sendero Guanacos,2026-04-06 16:40,88,10
L12253951,AR,AR-L,AR-L-UC,-38.0052256,-65.5960267,PN Lihué Calel--Sendero Namuncurá,2026-04-14 11:31,108,92
L12255962,AR,AR-L,AR-L-UC,-38.0053962,-65.6286687,PN Lihué Calel--Sendero Valle de las Pinturas,2026-04-05 08:48,111,41
L12239989,AR,AR-L,AR-L-UC,-38.0040903,-65.5945163,PN Lihué Calel--Área de acampe,2026-09-06 18:14,132,189
L4100103,AR,AR-U,AR-U-FU,-42.6115071,-71.8907196,PN Los Alerces--Alerzal Milenario,2025-12-28 13:10,29,6
L5049069,AR,AR-U,AR-U-FU,-42.674012,-71.6981584,PN Los Alerces--Arroyo Colehual,2025-12-25 14:54,59,13
L6759386,AR,AR-U,AR-U-FU,-42.8185973,-71.6366385,PN Los Alerces--Bahía Rosales,2026-05-16 19:19,49,29
L4094449,AR,AR-U,AR-U-FU,-42.8569038,-71.60401,PN Los Alerces--Cascada Irigoyen,2026-02-07 07:30,47,28
L4347821,AR,AR-U,AR-U-FU,-42.7291604,-71.7549706,PN Los Alerces--Circuito Puerto Chucao,2026-06-14 14:55,63,49
L4100303,AR,AR-U,AR-U-FU,-43.1205018,-71.6506082,PN Los Alerces--Complejo Hidroeléctrico Futaleufú,2026-07-11 13:50,52,18
L2762607,AR,AR-U,AR-U-FU,-42.8667,-71.6166,PN Los Alerces--Lago Futalaufquen,2026-05-07 14:10,66,34
L2762611,AR,AR-U,AR-U-FU,-42.8820021,-71.751709,PN Los Alerces--Lago Krugger,2026-02-27 07:28,63,11
L2762614,AR,AR-U,AR-U-FU,-42.6904069,-71.8159246,PN Los Alerces--Lago Menéndez,2025-12-28 12:35,33,6
L2762622,AR,AR-U,AR-U-FU,-42.6559069,-71.6801183,PN Los Alerces--Lago Rivadavia,2026-01-12 09:58,70,27
L22406683,AR,AR-U,AR-U-FU,-42.6664817,-71.6808908,PN Los Alerces--Lago Rivadavia Camping Bahía Solís,2026-04-09 13:22,47,77
L2762628,AR,AR-U,AR-U-FU,-42.7166,-71.7333,PN Los Alerces--Lago Verde,2025-12-26 10:47,67,62
L2794040,AR,AR-U,AR-U-FU,-42.7516763,-71.7332554,PN Los Alerces--Laguna Escondida,2025-01-24 13:10,28,6
L28906715,AR,AR-U,AR-U-FU,-42.7273542,-71.7413823,PN Los Alerces--Pasarela Rio Arrayanes,2026-03-27 15:47,48,24
L5096772,AR,AR-U,AR-U-FU,-42.816411,-71.7158834,PN Los Alerces--Punta Matos,2026-05-16 12:26,47,23
L3950490,AR,AR-U,AR-U-FU,-42.7425053,-71.7429757,PN Los Alerces--Río Arrayanes,2026-03-28 12:39,65,43
L8813975,AR,AR-U,AR-U-FU,-42.9105965,-71.6082653,PN Los Alerces--Sector El Maitenal,2026-02-14 20:16,59,8
L8705960,AR,AR-U,AR-U-FU,-43.1077915,-71.5971028,PN Los Alerces--Sendero Laguna El Toro,2026-01-13 11:24,41,8
L10308448,AR,AR-U,AR-U-FU,-42.8962936,-71.725729,PN Los Alerces--Sendero Río Frey,2026-05-09 10:29,33,10
L5835860,AR,AR-U,AR-U-FU,-42.8941638,-71.6168261,PN Los Alerces--Área Villa Futalaufquen,2026-07-05 13:44,78,102
L3331769,AR,AR-Q,AR-Q-LL,-40.7863255,-71.6602135,PN Los Arrayanes,2026-09-24 10:44,74,110
L2761666,AR,AR-A,AR-A-SC,-25.2462486,-65.9389114,PN Los Cardones,2026-09-27 09:40,197,774
L30544452,AR,AR-A,AR-A-CA,-25.2358731,-65.9006327,PN Los Cardones--Cachipampa,2026-09-27 08:29,43,62
L14875073,AR,AR-A,AR-A-CA,-25.232981,-66.0651045,PN Los Cardones--Los Colorados,2026-03-13 14:30,82,27
L1533599,AR,AR-A,AR-A-SC,-25.1960886,-65.8424481,PN Los Cardones--Valle Encantado,2026-09-27 09:40,149,330
L7384664,AR,AR-A,AR-A-CA,-25.0842774,-65.9488249,PN Los Cardones--camino a Cerro Negro,2025-03-08 14:33,52,13
L2763026,AR,AR-Z,AR-Z-LA,-50.4833,-73.0167,PN Los Glaciares--Bahía Catalana,2025-12-28 11:14,78,37
L2763029,AR,AR-Z,AR-Z-LA,-49.395111,-72.8642464,PN Los Glaciares--Bahía Túnel,2026-01-26 11:03,79,46
L21560799,AR,AR-Z,AR-Z-LA,-49.3374835,-72.881434,PN Los Glaciares--Centro de visitantes Guardaparque Ceferino Fonzo,2026-03-19 18:10,56,117
L13880055,AR,AR-Z,AR-Z-LA,-50.3753627,-72.9384012,PN Los Glaciares--Cerro Buenos Aires,2025-03-26 17:31,15,6
L57241256,AR,AR-Z,AR-Z-LA,-49.3277512,-72.8820133,PN Los Glaciares--Chorrillo del Salto,2026-03-03 07:47,26,4
L1088137,AR,AR-Z,AR-Z-LA,-49.3301565,-72.8865194,PN Los Glaciares--El Chaltén,2026-08-23 14:01,118,436
L5217664,AR,AR-Z,AR-Z-LA,-50.4265927,-72.7521086,PN Los Glaciares--Entrada,2026-09-21 16:47,110,106
L1088711,AR,AR-Z,AR-Z-LA,-49.3274155,-73.0007601,PN Los Glaciares--Lago Torre & alrededores,2026-09-21 11:00,75,58
L13487534,AR,AR-Z,AR-Z-LA,-49.2790395,-72.988661,PN Los Glaciares--Laguna de los Tres,2026-03-20 09:00,58,52
L5217624,AR,AR-Z,AR-Z-LA,-50.4860616,-72.9661846,PN Los Glaciares--Mirador,2026-03-24 07:55,111,255
L39450164,AR,AR-Z,AR-Z-LA,-49.3384552,-72.8784943,PN Los Glaciares--Mirador de los Cóndores,2026-08-26 13:28,44,32
L6671789,AR,AR-Z,AR-Z-LA,-50.4689052,-73.0321351,PN Los Glaciares--Pasarelas y mirador del Glaciar Perito Moreno,2026-09-26 10:21,108,692
L2763035,AR,AR-Z,AR-Z-LA,-50.3106288,-72.7898741,PN Los Glaciares--Puerto Bandera,2026-07-24 10:03,98,114
L11035738,AR,AR-Z,AR-Z-LA,-50.5115979,-72.7618087,PN Los Glaciares--Seccional Lago Roca,2026-08-16 10:45,85,61
L17405247,AR,AR-Z,AR-Z-LA,-49.2546933,-72.9455121,PN Los Glaciares--Senda El Pilar a Laguna De Los Tres,2026-03-31 13:17,59,64
L8591134,AR,AR-Z,AR-Z-LA,-49.4336084,-72.9685552,PN Los Glaciares--Sendero Huemul,2026-02-24 10:08,61,21
L11189830,AR,AR-Z,AR-Z-LA,-49.3185333,-72.9036074,PN Los Glaciares--Sendero Laguna Capri,2026-05-10 15:28,68,92
L27780960,AR,AR-Z,AR-Z-LA,-49.3277582,-72.8819489,PN Los Glaciares--Sendero Mirador del Paredón,2026-08-11 18:40,64,64
L1088139,AR,AR-Z,AR-Z-LA,-49.3662777,-72.9134274,PN Los Glaciares--Sendero a Loma del Pliegue Tumbado,2026-03-14 08:00,66,56
L27780978,AR,AR-Z,AR-Z-LA,-49.3205264,-72.8949133,PN Los Glaciares--Sendero al Fitz Roy,2026-05-10 13:18,78,84
L55114865,AR,AR-Z,AR-Z-LA,-50.4623989,-73.0243665,PN Los Glaciares--Sendero de los Témpanos,2026-09-23 15:33,32,33
L1088743,AR,AR-Z,AR-Z-LA,-49.3345193,-72.9179764,PN Los Glaciares--Sendero desde El Chaltén a Laguna Torre,2026-03-22 10:14,92,236
L1088745,AR,AR-Z,AR-Z-LA,-49.2989344,-72.9372025,PN Los Glaciares--Sendero desde El Chaltén a Laguna de Los Tres,2026-04-03 08:10,92,165
L1088798,AR,AR-Z,AR-Z-LA,-49.2868291,-72.8905964,PN Los Glaciares--Sendero desde El Chaltén al camping Bonanza,2026-01-21 11:04,87,56
L4589547,AR,AR-Z,AR-Z-LA,-49.4009482,-72.8293777,PN Los Glaciares--Yendo a Bahía Túnel,2026-09-05 15:37,74,50
L2763038,AR,AR-Z,AR-Z-LA,-50.4255537,-72.7430534,PN Los Glaciares--desembocadura Río Mitre,2026-03-10 08:45,65,14
L21391651,AR,AR-Z,AR-Z-LA,-50.4523493,-72.776822,PN Los Glaciares--área de picnic/ Seccional Río Mitre,2026-04-04 09:31,69,187
L2761672,AR,AR-W,AR-W-MB,-28.0113766,-58.057251,PN Mburucuyá,2026-09-18 11:00,286,387
L2761676,AR,AR-Z,AR-Z-CA,-50.3376667,-68.9135,PN Monte León,2026-05-23 13:39,108,158
L60735075,AR,AR-Z,AR-Z-CA,-50.243531,-69.0050986,PN Monte León--Acceso,2026-04-19 15:00,8,2
L5430879,AR,AR-Z,AR-Z-CA,-50.3589259,-68.8814986,PN Monte León--Cabeza del León,2026-03-20 10:50,73,67
L5430853,AR,AR-Z,AR-Z-CA,-50.343711,-68.8797766,PN Monte León--Isla Monte León,2026-03-31 18:39,63,59
L60600506,AR,AR-Z,AR-Z-CA,-50.3341802,-68.8842551,PN Monte León--Ruta 63-- Camping,2026-03-20 17:00,9,2
L12564249,AR,AR-T,AR-T-CH,-27.285594,-65.872787,PN Nacional Aconquija--Centro Operativo Santa Rosa,2026-08-27 00:05,140,40
L12543371,AR,AR-T,AR-T-CH,-27.34059,-65.86052,PN Nacional Aconquija--Portal Cochuna,2026-08-27 15:00,148,68
L12543536,AR,AR-T,AR-T-CH,-27.33351,-65.67827,PN Nacional Aconquija--Portal Cochuna sitio aves 1,2025-02-08 07:14,65,4
L2761620,AR,AR-A,AR-A-SV,-22.4307448,-64.737286,PN Nacional Baritú,2026-05-09 12:21,196,67
L12527955,AR,AR-Z,AR-Z-LB,-46.605827,-71.406365,PN Nacional Patagonia--Centro Operativo La Ascensión,2026-05-09 10:36,82,62
L8949910,AR,AR-R,AR-R-BA,-41.109475,-71.429404,PN Nahuel Huapi--Bahía Hotel El Casco,2026-03-10 18:41,41,9
L4978526,AR,AR-R,AR-R-BA,-41.0736455,-71.5682244,PN Nahuel Huapi--Bahía López,2026-09-13 14:12,56,98
L13878195,AR,AR-R,AR-R-BA,-41.2063943,-71.457193,PN Nahuel Huapi--Bosque y Valle del Van Titter,2026-04-06 08:20,54,32
L11468278,AR,AR-Q,AR-Q-LL,-40.9371187,-71.400706,PN Nahuel Huapi--Brazo Huemul,2026-03-20 11:15,25,8
L4988138,AR,AR-Q,AR-Q-LL,-40.692094,-71.7256321,PN Nahuel Huapi--Brazo Última Esperanza,2026-03-27 14:51,58,25
L6076234,AR,AR-R,AR-R-BA,-41.3623479,-71.5113294,PN Nahuel Huapi--Camping Lago Guillelmo,2026-09-27 11:54,57,30
L13802875,AR,AR-R,AR-R-BA,-41.3809948,-71.7377186,PN Nahuel Huapi--Cascada Los Alerces,2026-09-06 11:57,56,26
L17226756,AR,AR-R,AR-R-BA,-41.1165534,-71.4153815,PN Nahuel Huapi--Centro Atómico,2026-03-18 08:39,46,22
L2672838,AR,AR-R,AR-R-BA,-41.10114,-71.5621348,PN Nahuel Huapi--Cerro López,2026-04-10 10:56,55,34
L38663485,AR,AR-R,AR-R-BA,-41.2440063,-71.4555854,PN Nahuel Huapi--Complejo Los Baqueanos,2026-01-02 10:57,11,2
L2762998,AR,AR-R,AR-R-BA,-41.088085,-71.1883378,PN Nahuel Huapi--Desembocadura Río Ñirihuau,2026-09-27 11:04,109,574
L10948972,AR,AR-R,AR-R-BA,-41.2111003,-71.3518267,PN Nahuel Huapi--Faldeo Cerro Ventana,2026-07-05 10:26,35,5
L10909810,AR,AR-Q,AR-Q-LL,-40.5972162,-71.7043157,PN Nahuel Huapi--Lago Espejo Chico,2026-01-15 17:06,40,15
L5268946,AR,AR-Q,AR-Q-LA,-40.4415255,-71.5357161,PN Nahuel Huapi--Lago Falkner,2026-07-10 11:01,60,25
L4105389,AR,AR-R,AR-R-BA,-41.0440488,-71.797722,PN Nahuel Huapi--Lago Frías,2026-02-19 09:11,39,11
L11248940,AR,AR-R,AR-R-BA,-41.5041792,-71.5401857,PN Nahuel Huapi--Lago Steffen,2026-05-09 16:19,63,15
L11177652,AR,AR-Q,AR-Q-LL,-40.6255184,-71.7068711,PN Nahuel Huapi--Laguna Bailey Willys,2026-04-05 13:22,24,7
L11177637,AR,AR-Q,AR-Q-LL,-40.6540852,-71.7032955,PN Nahuel Huapi--Laguna Ceferino,2026-03-30 10:30,45,17
L10162212,AR,AR-R,AR-R-BA,-41.5127295,-71.5091778,PN Nahuel Huapi--Laguna Hualahue,2026-05-09 18:13,34,14
L54977159,AR,AR-R,AR-R-BA,-41.3616171,-71.5245993,PN Nahuel Huapi--Laguna Juventus,2026-04-19 10:50,21,2
L844694,AR,AR-R,AR-R-BA,-41.1349359,-71.5785065,PN Nahuel Huapi--Laguna Negra,2026-04-10 09:13,57,34
L13878119,AR,AR-R,AR-R-BA,-41.1922983,-71.5007091,PN Nahuel Huapi--Laguna Schmoll y Mallin aledaño,2026-03-10 10:35,9,3
L2762985,AR,AR-R,AR-R-BA,-41.2540649,-71.6693115,PN Nahuel Huapi--Las Tres Lagunas,2025-10-28 14:18,59,9
L21676876,AR,AR-R,AR-R-BA,-41.362013,-71.557285,PN Nahuel Huapi--Mallin Camping La Querencia 2,2025-12-31 14:08,33,8
L5850931,AR,AR-R,AR-R-BA,-41.2311,-71.7739,PN Nahuel Huapi--Pampa Linda,2026-09-22 13:00,83,59
L16173622,AR,AR-R,AR-R-BA,-41.101329,-71.188855,PN Nahuel Huapi--Playa Punta del Este,2026-09-19 08:50,89,172
L8950036,AR,AR-R,AR-R-BA,-41.106263,-71.436951,PN Nahuel Huapi--Playa y Bahía Serena,2026-03-14 17:18,48,27
L5009264,AR,AR-Q,AR-Q-LL,-40.6139364,-71.5471569,PN Nahuel Huapi--Puerto Arrayanes,2026-02-01 11:05,58,13
L4105362,AR,AR-R,AR-R-BA,-41.0247882,-71.8141235,PN Nahuel Huapi--Puerto Blest,2026-09-27 12:33,71,72
L2762992,AR,AR-R,AR-R-BA,-41.0534987,-71.5309095,PN Nahuel Huapi--Puerto Pañuelo,2026-08-25 17:15,87,159
L21884143,AR,AR-R,AR-R-PI,-41.165249,-71.1323716,PN Nahuel Huapi--RP80--Puente Río Ñirihuau,2026-08-21 18:10,71,70
L6334917,AR,AR-R,AR-R-BA,-41.1983333,-71.4861111,PN Nahuel Huapi--Refugio Frey,2026-04-23 12:16,69,61
L15908285,AR,AR-R,AR-R-BA,-41.0939413,-71.5491643,PN Nahuel Huapi--Refugio Roca Negra,2026-07-17 10:03,38,13
L8953166,AR,AR-R,AR-R-BA,-41.143981,-71.175872,PN Nahuel Huapi--Ripieras del Arroyo Bernal,2026-09-18 13:02,98,354
L11117093,AR,AR-R,AR-R-BA,-41.1803921,-71.4132655,PN Nahuel Huapi--Seccional Lago Gutiérrez,2026-09-10 10:21,79,89
L42267913,AR,AR-R,AR-R-BA,-41.0741618,-71.5743896,PN Nahuel Huapi--Sendero Mirador Brazo Tristeza,2026-04-06 16:28,45,13
L42267328,AR,AR-Q,AR-Q-LL,-41.0226311,-71.8221113,PN Nahuel Huapi--Sendero Puerto Blest-Puerto Cántaros,2026-02-01 13:48,15,6
L11197230,AR,AR-R,AR-R-BA,-41.1808895,-71.4174582,PN Nahuel Huapi--Sendero a Cascada de Los Duendes,2026-09-27 10:44,62,47
L4160231,AR,AR-R,AR-R-BA,-41.258651,-71.2802489,PN Nahuel Huapi--Valle del Challhuaco,2026-01-23 16:39,83,49
L8185818,AR,AR-R,AR-R-BA,-41.1997682,-71.8414449,PN Nahuel Huapi--Ventisquero Negro del Cerro Tronador,2026-09-24 17:37,70,30
L4117427,AR,AR-Q,AR-Q-LL,-40.8048442,-71.7499924,PN Nahuel Huapi--Área Machete,2022-03-05 13:46,39,4
L51165470,AR,AR-E,AR-E-CO,-31.8669504,-58.2079507,PN Palmar--Mirador del río,2026-09-21 14:40,57,18
L12042011,AR,AR-Z,AR-Z-LB,-46.677761,-71.438727,PN Patagonia--Camino a Mirador Cóndor,2026-04-20 11:41,42,8
L12041950,AR,AR-Z,AR-Z-LB,-46.67243,-71.484755,PN Patagonia--Camino a laguna COA,2022-01-14 08:30,20,1
L58805522,AR,AR-Z,AR-Z-LB,-47.08994,-71.42745,PN Patagonia--Cerro Castillo
L5944659,AR,AR-Z,AR-Z-LB,-47.2678439,-71.206212,PN Patagonia--Ea. El Sauce,2026-05-09 18:38,52,69
L2525835,AR,AR-Z,AR-Z-RC,-47.37439,-71.267532,PN Patagonia--Ea. El Sauco,2025-09-20 16:13,71,62
L10058309,AR,AR-Z,AR-Z-LB,-46.669125,-71.481549,PN Patagonia--Laguna COA,2026-03-14 15:03,66,8
L2520251,AR,AR-Z,AR-Z-LB,-47.155988,-71.2752199,PN Patagonia--Laguna El Cervecero,2025-01-22 13:28,73,45
L5944671,AR,AR-Z,AR-Z-LB,-47.1603069,-71.2282276,PN Patagonia--Laguna El Chapu y alrededores,2025-01-22 11:32,55,69
L9927969,AR,AR-Z,AR-Z-LB,-47.1342,-71.2619861,PN Patagonia--Laguna El Huevo,2025-01-15 12:34,41,43
L4336237,AR,AR-Z,AR-Z-LB,-46.9194492,-71.3155818,PN Patagonia--Laguna El Sello,2026-03-18 14:49,54,38
L22887486,AR,AR-Z,AR-Z-LB,-46.728552,-71.4757891,PN Patagonia--Laguna La Ascensión,2026-02-28 09:35,49,40
L58804102,AR,AR-Z,AR-Z-LB,-47.1407136,-71.2194527,PN Patagonia--Laguna La Soñada,2024-01-16 10:41,26,3
L8536766,AR,AR-Z,AR-Z-LB,-46.6741383,-71.4183667,PN Patagonia--Puesto El Chacay,2026-04-13 10:42,31,8
L17266536,AR,AR-Z,AR-Z-LB,-47.1067259,-71.3506073,PN Patagonia--Puesto de las Ardillas
L5944685,AR,AR-Z,AR-Z-LB,-47.1498885,-71.2338924,PN Patagonia--Puesto sin Techo,2024-11-18 19:45,61,41
L2945341,AR,AR-Z,AR-Z-LB,-47.2666667,-71.1666667,"PN Patagonia--Área general (por favor, si es posible cargue sus listas en un sitio de interés más específico del PN.)",2026-05-09 16:34,81,72
L2761680,AR,AR-Z,AR-Z-RC,-47.8425,-72.245,PN Perito Moreno y Reserva Provincial San Lorenzo,2026-01-21 10:59,84,40
L5553955,AR,AR-Z,AR-Z-RC,-47.8045115,-72.0944256,PN Perito Moreno--Ea. La Oriental,2025-03-11 15:42,66,18
L2763032,AR,AR-Z,AR-Z-RC,-47.9697264,-72.035079,PN Perito Moreno--Laguna Roble,2024-02-14 13:00,27,6
L36806673,AR,AR-Z,AR-Z-RC,-47.9053758,-72.0493818,PN Perito Moreno--Observatorio de Aves,2026-02-19 11:27,43,8
L974718,AR,AR-E,AR-E-DI,-32.121891,-60.6327832,PN Pre-Delta,2026-09-07 07:30,257,1121
L23555264,AR,AR-E,AR-E-DI,-32.1178634,-60.6303986,PN Pre-Delta--Campo Sarmiento,2025-10-27 09:56,150,52
L37293153,AR,AR-E,AR-E-DI,-32.1173659,-60.6266785,PN Pre-Delta--Sendero del espinal,2026-09-21 09:43,157,66
L4507111,AR,AR-X,AR-X-PU,-31.624352,-64.7066516,PN Quebrada del Condorito,2026-09-20 00:00,191,628
L20476216,AR,AR-X,AR-X-SA,-31.6269206,-64.8317078,PN Quebrada del Condorito--Camino a Seccional Trinidad,2026-07-26 14:07,109,130
L74101563,AR,AR-X,AR-X-PU,-31.6241239,-64.7089895,PN Quebrada del Condorito--Centro Operativo Achala,2026-09-20 17:23,46,10
L19051873,AR,AR-X,AR-X-SA,-31.6900749,-64.8525799,PN Quebrada del Condorito--Sector Trinidad,2026-08-15 11:09,79,41
L2761695,AR,AR-P,AR-P-PM,-25.044,-58.1423333,"PN Río Pilcomayo  (por favor, si es posible cargue sus listas en un sitio de interés más específico /please use more specific locations if possible)",2026-05-10 07:35,276,114
L26256575,AR,AR-P,AR-P-PM,-25.0154169,-58.1302936,PN Río Pilcomayo--Parador yaguareté.,2026-02-07 14:27,62,4
L9222210,AR,AR-P,AR-P-PM,-25.0901444,-58.1555558,PN Río Pilcomayo--Área Recreativa Estero Poí,2026-09-23 08:43,237,106
L9220621,AR,AR-P,AR-P-PM,-25.1747967,-58.1289783,PN Río Pilcomayo--Área Recreativa Laguna Blanca,2026-07-16 07:56,230,113
L2761698,AR,AR-D,AR-D-BE,-32.5755,-67.1175,PN Sierra de las Quijadas,2026-08-28 14:38,209,218
L2761702,AR,AR-F,AR-F-CF,-29.8883333,-67.9796667,PN Talampaya,2026-09-15 00:00,107,84
L485914,AR,AR-V,AR-V-US,-54.8373785,-68.5594082,"PN Tierra del Fuego Área general (por favor, si es posible cargue sus listas en un sitio de interés más específico del PN /please use more specific locations if possible)",2026-09-26 12:53,109,1188
L1096927,AR,AR-V,AR-V-US,-54.8549987,-68.5673431,PN Tierra del Fuego--Bahia Lapataia,2026-09-12 11:47,92,284
L5532562,AR,AR-V,AR-V-US,-54.8571455,-68.5255265,PN Tierra del Fuego--Bahia Lapataia--senda costera,2026-03-25 09:29,92,185
L2763486,AR,AR-V,AR-V-US,-54.8466667,-68.4816667,PN Tierra del Fuego--Bahía Ensenada,2026-05-09 17:46,90,490
L68657219,AR,AR-V,AR-V-US,-54.8601285,-68.5607405,PN Tierra del Fuego--Baliza,2026-09-05 16:41,14,0
L4311269,AR,AR-V,AR-V-US,-54.8287586,-68.5587215,PN Tierra del Fuego--Cerro Guanaco,2026-02-22 17:14,57,61
L843558,AR,AR-V,AR-V-US,-54.8558363,-68.5733557,PN Tierra del Fuego--Fin de la Ruta Nacional Nº. 3,2026-09-25 13:43,99,793
L11168345,AR,AR-V,AR-V-US,-54.8304898,-68.5637202,PN Tierra del Fuego--Lago Acigami (Roca),2026-08-08 13:04,76,399
L4553736,AR,AR-V,AR-V-US,-54.8446193,-68.5773575,PN Tierra del Fuego--Río Lapataía,2026-08-22 15:01,89,296
L2763562,AR,AR-V,AR-V-US,-54.8196667,-68.4723333,PN Tierra del Fuego--Río Pipo,2026-05-09 23:45,81,183
L55037252,AR,AR-V,AR-V-US,-54.8551241,-68.5945156,PN Tierra del Fuego--Senda Castorera,2026-03-12 11:50,28,31
L54004590,AR,AR-V,AR-V-US,-54.8470223,-68.5809946,PN Tierra del Fuego--Senda Laguna Negra,2026-05-30 13:14,37,37
L44691234,AR,AR-V,AR-V-US,-54.8489928,-68.5824108,PN Tierra del Fuego--Senda Mirador Lapataia--Turbal,2026-09-24 11:40,50,71
L12941237,AR,AR-V,AR-V-US,-54.8279404,-68.561978,PN Tierra del Fuego--Sendero Hito ( XXXIV),2026-07-26 15:00,67,222
L54557549,AR,AR-V,AR-V-US,-54.833611,-68.5620669,PN Tierra del Fuego--sendero desde Lago Roca hasta Centro de visitantes Alakush,2026-09-25 10:39,62,109
L27972511,AR,AR-V,AR-V-US,-54.8440406,-68.5421872,PN Tierra del Fuego--Área forestal,2026-08-09 12:24,56,40
L864462,AR,AR-V,AR-V-US,-54.8376256,-68.5617042,PN Tierra del Fuego--área para acampar,2026-09-12 16:00,95,408
L5874188,AR,AR-X,AR-X-MI,-31.1496507,-65.4838371,"PN Traslasierra (por favor, si es posible cargue sus listas en un sitio de interés más específico del PN /please use more specific locations if possible)",2026-08-01 09:09,166,38
L5874252,AR,AR-X,AR-X-PO,-31.26415,-65.56179,PN Traslasierra--Acceso,2025-10-11 08:30,52,6
L37285860,AR,AR-W,AR-W-ME,-28.559328,-57.193039,PN. Iberá--Paso Claro,2026-08-06 10:00,133,10
L18575573,AR,AR-H,AR-H-GG,-25.1485265,-61.8103591,PNP Fuerte Esperanza,2026-07-30 17:41,182,132
L28966271,AR,AR-H,AR-H-GG,-25.0660278,-61.7117979,PNP Fuerte Esperanza--Picada F,2026-07-26 10:19,100,22
L2761524,AR,AR-M,AR-M-LH,-32.82269,-69.94239,PP Aconcagua,2026-09-09 13:10,98,277
L12138308,AR,AR-M,AR-M-LH,-32.8054922,-69.9433851,PP Aconcagua--Laguna de Horcones,2026-04-06 09:05,66,98
L3714399,AR,AR-D,AR-D-JU,-32.3148326,-65.412147,PP Bajo de Véliz,2026-05-24 10:21,159,57
L21697174,AR,AR-D,AR-D-JU,-32.2747921,-65.4034621,PP Bajo de Véliz--Arbol de la Vida,2026-07-07 11:36,95,8
L6143355,AR,AR-N,AR-N-GB,-25.5041968,-54.1120005,PP Cametti,2024-09-19 16:38,130,20
L10837450,AR,AR-S,AR-S-GA,-31.2195342,-60.1645231,PP Cayasta,2025-09-26 10:28,144,30
L859331,AR,AR-N,AR-N-GU,-26.8684106,-54.2171001,PP Caá Yarí,2026-09-25 07:35,312,508
L4591330,AR,AR-N,AR-N-CD,-27.5571436,-55.7102323,PP Cañadón de Profundidad,2026-08-02 16:30,255,124
L835427,AR,AR-X,AR-X-PO,-31.375999,-65.4797709,PP Chancaní,2026-08-30 14:34,223,493
L11718112,AR,AR-X,AR-X-PO,-31.3706693,-65.4594352,PP Chancaní--Picada Central,2025-07-18 18:09,55,5
L11718184,AR,AR-X,AR-X-PO,-31.344125,-65.4786785,PP Chancaní--Picada Cortafuego,2023-10-14 09:23,98,16
L10041325,AR,AR-X,AR-X-PO,-31.3692317,-65.4724667,PP Chancaní--sendero de interpretacion,2026-01-15 18:00,130,29
L10041285,AR,AR-X,AR-X-PO,-31.3788555,-65.460253,PP Chancaní--sendero diagonal,2025-10-12 07:08,81,9
L10041355,AR,AR-X,AR-X-PO,-31.3966486,-65.4253471,PP Chancaní--sendero los colorados,2022-10-16 11:00,109,13
L55729655,AR,AR-Q,AR-Q-NO,-37.8574095,-71.0579747,PP Copahue--Cascada De La Vieja Usina,2025-12-05 09:53,11,2
L2761709,AR,AR-Q,AR-Q-NO,-37.8301667,-71.0606667,PP Copahue--Caviahue,2025-07-23 15:10,102,34
L20663295,AR,AR-Q,AR-Q-NO,-37.8705535,-71.0371718,PP Copahue--Lago Caviahue,2026-08-14 11:00,64,48
L55757924,AR,AR-Q,AR-Q-NO,-37.8506314,-71.0123219,PP Copahue--Laguna Del Aeródromo Copahue,2025-12-06 10:03,16,1
L55729694,AR,AR-Q,AR-Q-NO,-37.8548629,-71.0452534,PP Copahue--Sendero Cascada De La Vieja Usina,2025-12-05 10:31,7,2
L18375119,AR,AR-Q,AR-Q-NO,-37.85976,-71.07096,PP Copahue--Sendero La cascada,2025-12-25 17:52,32,14
L55762924,AR,AR-Q,AR-Q-NO,-37.8878633,-71.0014367,PP Copahue--Sendero Puente De Piedra,2026-02-06 18:15,23,5
L16137799,AR,AR-M,AR-M-LC,-32.9814225,-69.3502936,PP Cordón del Plata,2026-08-31 10:05,73,53
L495974,AR,AR-N,AR-N-SP,-26.5192,-53.98765,PP Cruce Caballero,2026-09-24 08:31,316,976
L2761715,AR,AR-T,AR-T-TR,-26.4113333,-65.6873333,PP Cumbres Calchaquíes,2021-04-02 00:00,24,1
L8206966,AR,AR-F,AR-F-IN,-30.2102161,-67.5588944,PP El Chiflón,2026-04-12 11:40,81,21
L65895802,AR,AR-B,AR-B-TQ,-38.0656785,-61.9109235,PP Ernesto Tornquist--El Carol (Acceso Restringido),2024-12-08 09:42,49,1
L2761723,AR,AR-N,AR-N-GB,-25.8281667,-53.8771667,PP Guardaparque Horacio Foerster,2025-08-22 17:11,121,7
L6430760,AR,AR-J,AR-J-VF,-30.1671774,-67.8391385,PP Ischigualasto,2026-09-16 00:00,71,43
L8454173,AR,AR-N,AR-N-MO,-26.5548245,-54.772165,PP Juan Vortisch,2026-09-15 08:06,107,8
L2761736,AR,AR-A,AR-A-OR,-22.7978333,-64.5071667,PP Laguna Pintascayo,2026-09-16 22:24,106,7
L23380310,AR,AR-A,AR-A-OR,-22.9223651,-64.4485923,PP Laguna Pintascayo--Río Pescado.,2019-08-09 08:00,35,0
L2763363,AR,AR-T,AR-T-TD,-26.9727587,-65.7762623,PP Los Ñuñorcos y Reserva Natural Quebrada del Portugués,2026-01-02 12:57,94,32
L1068495,AR,AR-N,AR-N-SP,-27.1505053,-53.8992691,PP Moconá,2026-08-28 10:08,312,261
L7407381,AR,AR-Z,AR-Z-DE,-47.07214,-66.359824,PP Monte Loayza,2025-03-18 09:30,80,8
L2761744,AR,AR-H,AR-H-LM,-26.2607834,-60.0042343,PP Pampa del Indio,2026-09-23 10:31,250,223
L2763504,AR,AR-B,AR-B-BZ,-34.8320701,-58.107183,PP Pereyra Iraola--Sector San Juan y Bañados,2026-09-11 08:55,198,228
L26500771,AR,AR-B,AR-B-BZ,-34.8553306,-58.1303958,PP Pereyra Iraola--Sector casco estancia Santa Rosa,2026-09-24 11:20,82,43
L29831478,AR,AR-B,AR-B-BZ,-34.831806,-58.118241,PP Pereyra Iraola--Árbol de Cristal,2024-08-13 20:47,18,2
L495973,AR,AR-N,AR-N-SP,-26.4255833,-53.8405,PP Piñalito y alrededores,2026-09-24 10:02,246,152
L4748801,AR,AR-Y,AR-Y-CA,-24.1096491,-65.4801893,PP Potrero de Yala,2026-09-27 07:05,327,1087
L10948230,AR,AR-Y,AR-Y-CA,-24.1096395,-65.4840928,PP Potrero de Yala--Corral Redondo.,2026-01-23 11:18,147,36
L30618036,AR,AR-Y,AR-Y-CA,-24.1238232,-65.4682803,PP Potrero de Yala--Finca Villa Maria,2026-04-02 11:22,100,26
L15105584,AR,AR-Y,AR-Y-CA,-24.1138939,-65.4846954,PP Potrero de Yala--Laguna Comedero,2026-07-28 17:52,150,78
L55197221,AR,AR-Y,AR-Y-CA,-24.1052892,-65.4800099,PP Potrero de Yala--Laguna Rodeo,2026-09-14 18:10,77,14
L6802993,AR,AR-Y,AR-Y-CA,-24.1147839,-65.4862292,PP Potrero de Yala--Mirador Lagunas,2026-09-18 09:22,183,114
L12555873,AR,AR-Y,AR-Y-CA,-24.1139729,-65.4807358,PP Potrero de Yala--Sendero Bosque Montano,2026-03-22 07:33,176,34
L3153824,AR,AR-Y,AR-Y-CA,-24.1128408,-65.4710591,PP Potrero de Yala--Sendero Miradores,2026-09-17 17:54,160,91
L4946268,AR,AR-N,AR-N-IG,-25.7276943,-54.5302749,PP Puerto Península,2026-05-24 08:03,227,147
L859262,AR,AR-N,AR-N-CG,-27.0588869,-54.8276246,PP Salto Encantado,2026-09-23 14:20,303,309
L3246362,AR,AR-W,AR-W-CN,-27.5523021,-58.6794698,PP San Cayetano,2026-09-12 14:40,222,125
L2763258,AR,AR-N,AR-N-SI,-27.2823046,-55.5957556,PP Teyú Cuaré,2026-08-12 12:00,285,269
L2098644,AR,AR-Q,AR-Q-CM,-37.1121458,-70.09552,PP Tromen,2026-03-18 17:20,117,71
L25929037,AR,AR-Q,AR-Q-CM,-37.074512,-70.118642,PP Tromen--Refugio y Co Waile,2026-03-22 09:19,25,3
L25896458,AR,AR-Q,AR-Q-CM,-37.127394,-70.144274,PP Tromen--portada S y Los Barros,2026-03-22 11:26,61,22
L3289488,AR,AR-N,AR-N-GB,-25.8095115,-54.0143654,PP Urugua-í--Seccional 101,2026-09-07 07:53,254,63
L495969,AR,AR-N,AR-N-GB,-25.8573167,-54.1687833,PP Urugua-í--Seccional Uruzú,2026-09-25 12:33,365,2045
L2761758,AR,AR-N,AR-N-IG,-25.7903087,-54.3205261,PP Uruzú y Reserva Forestal San Jorge,2025-08-29 18:10,209,21
L3289485,AR,AR-N,AR-N-AP,-27.7442395,-55.5654573,PP de La Sierra Ing. Raúl Martínez Crovetto,2026-09-25 16:38,243,79
L496012,AR,AR-N,AR-N-SP,-26.6323333,-54.1021667,PP de la Araucaria,2026-09-26 05:54,315,1124
L10308401,AR,AR-B,AR-B-TI,-34.4159821,-58.5786165,PUERTO DELTA DE TIGRE,2026-09-19 11:46,119,133
L6418041,AR,AR-A,AR-A-AN,-25.014594,-64.598153,Pacha K' Anchay,2026-09-08 07:46,243,131
L12163835,AR,AR-K,AR-K-PA,-28.1431213,-65.6669099,Paclin viejo,2026-03-23 10:00,158,27
L10004181,AR,AR-F,AR-F-CF,-29.541178,-68.099942,Pagancillo,2026-08-16 16:59,53,9
L10098110,AR,AR-B,AR-B-AB,-34.8661606,-58.4134851,Paisaje Protegido Camino de las Flores--Longchamps,2026-08-22 10:15,143,216
L53915001,AR,AR-J,AR-J-SA,-31.9912228,-68.7455503,Paisaje Protegido Pedernal,2026-05-01 13:02,49,6
L21928181,AR,AR-S,AR-S-GO,-28.1426796,-59.4875244,Pajonal (Partido de General Obligado),2026-01-19 18:05,110,8
L10365050,AR,AR-S,AR-S-SV,-30.0168496,-59.9156224,"Pajonal de la ruta ""C""",2026-03-12 19:51,158,47
L10355475,AR,AR-S,AR-S-SV,-30.5262715,-60.161874,Pajonal sobre el arroyo de ruta 60,2025-10-05 12:40,85,8
L4017340,AR,AR-E,AR-E-UR,-32.4266328,-58.5235718,Palacio San José,2026-08-26 17:01,148,73
L12816654,AR,AR-Z,AR-Z-GA,-51.7181798,-69.5322194,Palermo Aike,2026-01-26 10:00,23,8
L13854156,AR,AR-A,AR-A-RI,-24.0469346,-63.304633,Palma Chueca,2026-05-09 14:02,148,32
L21888222,AR,AR-K,AR-K-CA,-28.8594061,-66.3982656,Palmar de La Cébila,2025-11-28 08:10,26,1
L13332552,AR,AR-S,AR-S-VE,-28.6100031,-60.1129768,"Palmares y pastizal, rp 31, entre estero y quebrachal",2023-11-20 07:04,125,4
L6794324,AR,AR-G,AR-G-AG,-29.6700364,-62.1353073,Palo Negro,2021-11-13 18:00,43,0
L6424738,AR,AR-P,AR-P-PR,-25.5652847,-59.3358278,Palo Santo,2026-06-15 15:14,35,19
L846879,AR,AR-A,AR-A-GG,-24.9174212,-64.9597549,Palomitas,2026-09-25 14:55,252,274
L18177783,AR,AR-G,AR-G-PE,-26.4950465,-64.4961278,Pampa Pozo,2026-09-13 16:58,28,5
L39723294,AR,AR-X,AR-X-SA,-31.6136111,-64.8533333,Pampa de Achala,2026-03-21 16:40,63,11
L10233494,AR,AR-Q,AR-Q-AL,-38.8826478,-70.9929088,Pampa de Lonco Luan,2024-02-16 12:05,22,5
L2763589,AR,AR-X,AR-X-PU,-31.0774225,-64.5996097,Pampa de Olaen,2026-01-25 11:37,73,4
L27495766,AR,AR-X,AR-X-CA,-32.0972435,-64.7114386,Pampa de Yacanto,2026-04-17 11:45,52,7
L5835661,AR,AR-M,AR-M-LC,-33.07606,-69.27711,Pampa de la Carrera,2026-05-02 12:59,97,44
L9141660,AR,AR-D,AR-D-LM,-32.7640289,-66.1192677,Pampa de las Invernadas,2025-12-23 17:18,79,15
L2465089,AR,AR-D,AR-D-AY,-32.0022532,-66.6540527,Pampa de las Salinas.,2017-01-11 06:00,74,3
L5147947,AR,AR-G,AR-G-CO,-26.2295286,-61.8373632,Pampa de los Guanacos,2026-07-15 14:37,143,24
L2861926,AR,AR-H,AR-H-AB,-26.5151272,-61.1674118,Pampa del Infierno,2025-12-29 12:34,85,6
L33903230,AR,AR-B,AR-B-GL,-36.3675723,-56.777908,Pampas de Anguyá-Tutú,2026-04-03 11:56,118,41
L2761611,AR,AR-Y,AR-Y-VG,-23.5541132,-65.0086355,Pampichuela,2026-09-19 00:36,104,10
L16289873,AR,AR-X,AR-X-PU,-31.5768256,-64.7108582,Pampilla casa de piedra,2026-09-19 12:20,72,43
L13452882,AR,AR-X,AR-X-CO,-31.2334,-64.4168,Pan de Azúcar,2026-07-28 12:00,80,17
L22648123,AR,AR-X,AR-X-SA,-31.631552,-65.0525073,Panaholma--Centro,2024-11-18 12:59,71,9
L10570210,AR,AR-N,AR-N-IG,-25.619103,-54.594007,Panambi Lodge,2023-09-04 11:58,67,29
L53120859,AR,AR-B,AR-B-EC,-34.3854472,-59.117462,Parada Robles,2025-10-30 06:00,29,1
L18308356,AR,AR-K,AR-K-CT,-28.421339,-65.849996,Parador Cusi Yacu,2022-07-31 09:12,45,6
L15475215,AR,AR-E,AR-E-VG,-31.5068574,-59.2120335,Parador La vieja estación,2024-04-14 15:12,15,1
L39620902,AR,AR-E,AR-E-CC,-31.4127584,-58.1560991,Parador Playa Tribilin,2025-02-23 17:45,10,5
L16953838,AR,AR-X,AR-X-PU,-31.6150157,-64.6881866,Parador el Condor,2026-09-05 13:52,86,91
L7114110,AR,AR-S,AR-S-LP,-31.5636907,-60.638051,Paraje Chaco Chico,2026-08-30 14:18,157,22
L11542165,AR,AR-A,AR-A-LC,-24.5031025,-65.3332763,Paraje El Ucumar,2026-09-18 09:31,133,60
L15110942,AR,AR-A,AR-A-LV,-25.4488162,-65.6221962,Paraje Entre Rios La Quebrada,2022-12-09 16:42,103,14
L19077705,AR,AR-B,AR-B-CP,-38.3350961,-61.6083386,Paraje Fra-Pal,2024-08-15 16:20,38,1
L14859064,AR,AR-X,AR-X-CA,-32.5093184,-64.7342563,Paraje Huerta Vieja,2023-08-21 09:47,22,6
L4978230,AR,AR-E,AR-E-DI,-31.8269891,-60.6053274,Paraje La Jaula,2025-07-06 17:04,215,125
L7713481,AR,AR-E,AR-E-DI,-31.8789425,-60.6489301,Paraje La Juanita,2024-02-24 07:26,112,12
L2763521,AR,AR-B,AR-B-AC,-38.0178333,-60.6716667,Paraje La Sortija,2020-11-06 12:18,5,0
L3971568,AR,AR-H,AR-H-LM,-26.6204522,-58.7194777,Paraje La Textil,2015-10-22 08:35,33,0
L27128504,AR,AR-Y,AR-Y-VG,-23.6776225,-64.9300384,Paraje Loma Chata.,2026-07-07 14:14,90,48
L2763271,AR,AR-S,AR-S-GA,-31.4978333,-60.4333333,Paraje Los Zapallos,2020-11-27 09:00,69,1
L16211524,AR,AR-W,AR-W-CN,-27.42326,-58.7517336,"Paraje Perichon, Corrientes, AR",2023-03-18 14:58,52,5
L6314242,AR,AR-B,AR-B-LO,-37.8621151,-58.6080265,Paraje Puerta del Diablo,2026-02-27 17:00,74,35
L3486979,AR,AR-S,AR-S-GO,-28.2162999,-59.5638904,Paraje San Juan  Bosque Chaqueño Mixto 6 (Nucleo),2026-01-18 18:10,225,55
L73450775,AR,AR-K,AR-K-PO,-28.1784888,-66.4782878,Paraje San Nicolás,2026-07-18 07:35,10,0
L3967011,AR,AR-W,AR-W-ME,-28.6833216,-57.5632364,Paraje Uguay,2024-10-23 13:09,182,27
L3611052,AR,AR-H,AR-H-SF,-27.6529083,-58.8957944,Paranacito,2024-01-21 07:50,158,12
L2763297,AR,AR-E,AR-E-PA,-31.721,-60.5166667,Paraná,2026-03-26 01:10,120,112
L27186763,AR,AR-B,AR-B-ES,-34.2467786,-58.7322235,Paraná de las Palmas Escobar,2026-09-20 14:01,84,29
L12452183,AR,AR-E,AR-E-PA,-31.7211734,-60.5687735,Paraná--Humedales del Paraná,2026-08-02 20:28,104,5
L16605349,AR,AR-Q,AR-Q-ZA,-38.484027,-69.617369,Paredones,2021-10-09 16:40,13,3
L859400,AR,AR-W,AR-W-ST,-28.4464307,-56.0083008,Pario Pá,2025-11-11 14:11,153,29
L1295521,AR,AR-C,AR-C-DF,-34.5720266,-58.416431,Parque 3 de Febrero (Bosques de Palermo),2026-09-25 10:00,176,908
L35323012,AR,AR-K,AR-K-CT,-28.4508212,-65.7694501,Parque Adán Quiroga,2026-09-23 08:50,60,16
L16484001,AR,AR-C,AR-C-DF,-34.6604658,-58.5003103,Parque Alberdi,2026-09-12 11:42,38,9
L41716488,AR,AR-B,AR-B-VG,-37.2380275,-56.9943465,Parque Ambiental Villa Gesell,2026-06-01 10:54,47,6
L24123554,AR,AR-C,AR-C-DF,-34.6360559,-58.394472,Parque Ameghino,2026-02-05 12:05,23,5
L27722881,AR,AR-C,AR-C-DF,-34.6054766,-58.4928479,Parque Aristobulo Del Valle,2026-06-15 12:18,24,9
L51805319,AR,AR-K,AR-K-AC,-28.9048391,-65.4211873,Parque Arqueológico La Tunita,2025-08-17 10:15,25,1
L2967055,AR,AR-X,AR-X-CB,-31.3830331,-64.2242757,Parque Autóctono,2026-04-20 14:16,62,29
L2304741,AR,AR-C,AR-C-DF,-34.6457777,-58.4785509,Parque Avellaneda,2026-09-24 13:39,99,316
L10351508,AR,AR-E,AR-E-TA,-32.3099058,-59.0766475,Parque Balneario Dr. Delio Panizza,2026-09-13 10:56,117,19
L12639112,AR,AR-Q,AR-Q-CO,-38.9348977,-68.0845494,Parque Bardas Soleadas,2025-09-18 11:29,48,35
L5125490,AR,AR-Y,AR-Y-CA,-24.1659603,-65.3118539,Parque Botánico Municipal Barón Carlos María Schüel,2026-07-14 10:53,140,164
L4894085,AR,AR-W,AR-W-CN,-27.4653623,-58.8446278,Parque Camba Cuá,2026-09-03 08:36,55,22
L74273190,AR,AR-B,AR-B-BB,-38.7049946,-62.2449343,Parque Campaña del Desierto,2026-07-25 01:10,38,5
L44624643,AR,AR-H,AR-H-SF,-27.3895705,-58.9835428,Parque Caraguatá Chaco,2026-03-08 20:10,128,13
L17746326,AR,AR-C,AR-C-DF,-34.5631255,-58.5038603,Parque Carlos Mugica,2026-09-27 07:21,59,26
L5141689,AR,AR-C,AR-C-DF,-34.6063848,-58.4357965,Parque Centenario,2026-09-15 13:19,99,619
L8035077,AR,AR-M,AR-M-MZ,-32.8744692,-68.8424778,Parque Central (Mendoza),2026-08-20 16:00,37,20
L50790512,AR,AR-B,AR-B-QU,-34.7387221,-58.2574801,Parque Cervecero,2026-09-19 18:25,32,7
L4940468,AR,AR-C,AR-C-DF,-34.6326782,-58.4428453,Parque Chacabuco,2026-09-26 17:40,57,82
L19478718,AR,AR-C,AR-C-DF,-34.6723558,-58.4526567,Parque De La Ciudad,2026-07-09 12:13,80,23
L12745128,AR,AR-C,AR-C-DF,-34.6077961,-58.4132794,Parque De La Estación,2026-08-15 17:33,29,17
L17645232,AR,AR-X,AR-X-CB,-31.4434631,-64.2230941,Parque De La Vida,2026-09-27 08:58,67,26
L2763223,AR,AR-B,AR-B-FC,-34.8535,-58.2243333,Parque Ecologico Provincial Guillermo Enrique Hudson,2026-09-05 11:17,128,24
L30068907,AR,AR-N,AR-N-CD,-27.460528,-55.802174,Parque Ecológico El Puma,2025-01-26 06:08,33,2
L2168779,AR,AR-B,AR-B-LT,-34.8645247,-58.0685806,Parque Ecológico Municipal de Villa Elisa,2026-08-29 15:57,144,79
L2633542,AR,AR-E,AR-E-PA,-31.7233277,-60.3272377,Parque Escolar Rural Enrique Berduc,2026-09-20 14:19,225,347
L10783005,AR,AR-B,AR-B-EC,-34.376808,-59.090401,Parque Exaltación,2026-03-24 13:54,72,15
L26712342,AR,AR-J,AR-J-RI,-31.5053216,-68.6440158,Parque Faunístico,2026-07-13 14:24,59,5
L2762279,AR,AR-N,AR-N-CD,-27.4126904,-55.6177831,Parque Federal Campo San Juan,2026-09-18 08:49,362,1296
L21073504,AR,AR-S,AR-S-LP,-31.6214078,-60.6959072,Parque Federal y La Redonda - CSF,2026-05-10 11:00,42,9
L27363010,AR,AR-C,AR-C-DF,-34.572972,-58.447533,Parque Ferroviario Colegiales,2026-09-22 15:00,64,150
L4640176,AR,AR-B,AR-B-LZ,-34.7874441,-58.3992863,Parque Finky,2026-09-27 17:39,154,1152
L4854659,AR,AR-E,AR-E-PA,-31.7672888,-60.501194,Parque Gazzano,2024-12-30 10:13,67,35
L23222245,AR,AR-C,AR-C-DF,-34.5665575,-58.5053921,Parque General Paz,2025-01-19 09:34,70,49
L2763538,AR,AR-M,AR-M-MZ,-32.8888333,-68.8715,Parque Gral. San Martin (Mendoza),2026-09-27 11:15,135,662
L60974982,AR,AR-K,AR-K-CA,-28.5419962,-65.8858811,Parque Hotel La Aguada,2026-04-09 08:30,28,2
L22247570,AR,AR-B,AR-B-BB,-38.7173269,-62.2443509,Parque Independencia (Bahía Blanca),2026-09-27 16:00,41,9
L14841642,AR,AR-S,AR-S-RO,-32.9623754,-60.6569786,Parque Independencia (Rosario),2026-08-29 16:14,59,27
L6221676,AR,AR-C,AR-C-DF,-34.6647869,-58.4643214,"Parque Indoamericano, Reservorio Lago Soldati, Paseo Islas Malvinas.",2026-09-21 10:48,169,351
L22289875,AR,AR-B,AR-B-QU,-34.7395645,-58.3377024,Parque Industrial de Quilmes,2026-08-14 15:23,90,67
L8002571,AR,AR-U,AR-U-FA,-45.0530523,-65.6963432,Parque Interjurisdiccional Marino Costero Patagonia Austral,2026-02-11 19:55,68,20
L2763407,AR,AR-U,AR-U-FA,-45.095822,-66.0035419,Parque Interjurisdiccional Marino Costero Patagonia Austral--Isla Tova,2026-05-10 20:20,113,179
L2763408,AR,AR-U,AR-U-FA,-45.1166667,-65.95,Parque Interjurisdiccional Marino Costero Patagonia Austral--Isla Tovita,2026-05-10 13:51,71,30
L2393808,AR,AR-Z,AR-Z-DE,-47.907739,-65.7160091,Parque Interjurisdiccional Marino Isla Pingüino--Isla Pingüino,2026-03-15 09:30,75,171
L20682733,AR,AR-S,AR-S-LP,-31.635229,-60.7198295,Parque Juan de Garay - SFC,2026-08-08 17:15,48,18
L15746862,AR,AR-Q,AR-Q-CO,-38.9593915,-69.1321847,Parque La Curva--camino rural,2021-07-12 13:50,22,1
L16597975,AR,AR-B,AR-B-CV,-34.8388929,-60.1061311,Parque Lacunario La Martija,2026-01-29 18:43,134,37
L26158236,AR,AR-C,AR-C-DF,-34.5838814,-58.4088349,Parque Las Heras,2026-09-25 10:15,50,165
L8633082,AR,AR-C,AR-C-DF,-34.6279173,-58.3698949,Parque Lezama,2026-09-15 15:07,57,126
L27689843,AR,AR-K,AR-K-CT,-28.465635,-65.830624,Parque Lineal La Quebrada,2026-06-24 17:15,91,15
L12198041,AR,AR-C,AR-C-DF,-34.5910455,-58.448598,Parque Los Andes,2026-09-06 13:06,71,66
L17716414,AR,AR-M,AR-M-MP,-32.9703948,-68.8038655,Parque Metropolitano,2026-05-24 11:21,41,21
L4084526,AR,AR-B,AR-B-TA,-38.369521,-60.2595538,Parque Miedan y Arroyo del Medio (entre Roca y Belgrano),2026-09-24 13:05,109,106
L60434493,AR,AR-Y,AR-Y-LE,-23.7906913,-64.7861144,Parque Mirador Del Río (Calilegua),2026-06-28 14:43,39,6
L7396889,AR,AR-B,AR-B-BC,-37.8603194,-58.2551122,Parque Municipal Cerro El Triunfo,2025-01-07 08:00,49,4
L57746091,AR,AR-B,AR-B-JU,-34.6012982,-60.9374714,Parque Municipal Intendente Borchex
L53261056,AR,AR-N,AR-N-SP,-26.6358404,-54.1122911,Parque Municipal Kury,2026-08-25 17:01,55,2
L1460216,AR,AR-B,AR-B-EN,-34.882597,-57.9340844,Parque Municipal Martín Rodriguez,2026-05-09 17:45,83,43
L3625917,AR,AR-N,AR-N-ED,-26.3869444,-54.6808333,Parque Municipal Salto Küppers,2026-09-16 08:21,170,45
L5174388,AR,AR-B,AR-B-LC,-36.3754784,-56.7123699,Parque Municipal Vivero Cosme Argerich,2026-03-24 10:55,62,95
L10109239,AR,AR-B,AR-B-LZ,-34.770412,-58.429225,Parque Municipal de Lomas de Zamora y Emajea,2026-09-16 11:04,72,98
L37333605,AR,AR-T,AR-T-RC,-27.3603641,-65.8165851,"Parque Nacional Aconquija, Las Ánimas",2025-05-10 10:24,19,3
L24389580,AR,AR-Z,AR-Z-LA,-49.985,-73.138,Parque Nacional Los Glaciares,2026-04-22 21:46,43,10
L54544274,AR,AR-R,AR-R-BA,-41.3575984,-71.566967,"Parque Nacional Nahuel Huapi, Playa Negra",2026-09-22 10:00,36,5
L17053833,AR,AR-D,AR-D-LC,-33.2331058,-66.2262726,Parque Nativo Potrero de los Funes,2025-12-28 18:30,115,21
L16961324,AR,AR-B,AR-B-TI,-34.4395306,-58.5238345,Parque Natural CNSI,2026-06-15 15:04,124,19
L24601878,AR,AR-H,AR-H-SF,-27.3814759,-58.9819482,Parque Natural Cultural Caraguatá,2024-09-10 14:14,23,1
L17648455,AR,AR-E,AR-E-UR,-32.457352,-58.24112,Parque Natural Humedales del Arroyo El Curro,2026-09-09 16:52,117,16
L21643635,AR,AR-E,AR-E-UR,-32.6760176,-58.1841879,Parque Natural Islas y canales verdes del Río Uruguay,2025-10-11 12:10,144,76
L10182830,AR,AR-B,AR-B-VL,-34.4981659,-58.4773787,Parque Natural La Lucila,2026-09-26 07:17,198,412
L66678684,AR,AR-N,AR-N-SI,-27.3298758,-55.2413607,Parque Natural Municipal El Tombó,2026-06-14 09:04,120,27
L53889624,AR,AR-N,AR-N-LM,-26.8000525,-55.0450815,"Parque Natural Municipal Monte Seguín (-26.8, -55.046)",2026-09-25 17:10,200,171
L29891087,AR,AR-X,AR-X-IS,-30.7730906,-64.4107175,Parque Natural Ongamira,2026-05-25 15:10,57,9
L5828273,AR,AR-J,AR-J-ZO,-31.5484046,-68.7144935,Parque Natural Provincial Presidente Sarmiento,2026-09-27 09:28,157,143
L7810408,AR,AR-A,AR-A-SA,-24.7337271,-65.3909919,Parque Natural de la Ciudad,2026-09-18 09:19,161,65
L5050673,AR,AR-C,AR-C-DF,-34.5453782,-58.4353352,Parque Norte,2026-05-10 17:38,99,16
L30947180,AR,AR-B,AR-B-SF,-34.4423479,-58.5315782,Parque Náutico San Fernando,2025-09-19 12:29,22,1
L4543005,AR,AR-C,AR-C-DF,-34.5632988,-58.4189606,Parque Olímpico,2026-05-09 15:27,131,133
L17046355,AR,AR-C,AR-C-DF,-34.672209,-58.445241,Parque Olímpico de la Juventud,2026-02-13 21:50,28,4
L6456451,AR,AR-C,AR-C-DF,-34.6340554,-58.4022903,Parque Patricios,2025-08-31 17:22,19,3
L20355941,AR,AR-T,AR-T-YB,-26.8092824,-65.2831541,Parque Percy Hill,2026-04-01 15:27,42,9
L16590670,AR,AR-B,AR-B-BZ,-34.839752,-58.173838,Parque Pereyra Iraola,2026-04-30 18:00,95,19
L16431614,AR,AR-X,AR-X-GM,-32.4000558,-63.2514989,Parque Pereyra y Dominguez,2022-06-20 14:01,3,0
L28745327,AR,AR-J,AR-J-CL,-31.6336525,-69.4338083,Parque Petrificado,2025-07-08 15:10,7,2
L12518449,AR,AR-C,AR-C-DF,-34.5613049,-58.504305,Parque Pioneros de la Antártida,2026-05-03 15:42,44,14
L2363855,AR,AR-B,AR-B-TQ,-38.07084,-61.97407,Parque Provincial Ernesto Tornquist,2026-09-27 12:01,138,267
L21463787,AR,AR-N,AR-N-SP,-26.8427617,-53.9328558,Parque Provincial Esmeralda,2026-07-27 08:17,203,13
L54015577,AR,AR-N,AR-N-PS,-27.6339993,-55.730617,Parque Provincial Fachinal,2026-04-26 10:15,47,3
L2761725,AR,AR-N,AR-N-MO,-26.6653333,-54.7875,Parque Provincial Isla Caraguatay,2024-12-01 06:05,30,3
L2761733,AR,AR-T,AR-T-MO,-27.1046667,-65.8933333,Parque Provincial La Florida,2023-06-09 16:47,15,1
L2761644,AR,AR-U,AR-U-CU,-42.235,-71.862,Parque Provincial Río Turbio,2025-03-02 11:00,37,3
L12633415,AR,AR-B,AR-B-AB,-34.8388071,-58.3847939,Parque Público UNAB - Quinta Rocca,2026-06-06 10:18,53,35
L54978125,AR,AR-B,AR-B-SI,-34.5055664,-58.5403919,Parque Público del Golf,2026-07-06 15:35,33,5
L3530602,AR,AR-B,AR-B-SN,-33.3151804,-60.2147341,Parque Rafael de Aguiar,2026-06-20 13:30,196,151
L4837449,AR,AR-C,AR-C-DF,-34.6178285,-58.4333611,Parque Rivadavia,2026-08-30 16:26,52,76
L3175370,AR,AR-C,AR-C-DF,-34.5510691,-58.4797955,Parque Saavedra,2026-09-10 18:45,70,192
L21347511,AR,AR-B,AR-B-LT,-34.931881,-57.9405829,Parque Saavedra (La Plata),2026-08-02 17:30,58,102
L16208936,AR,AR-C,AR-C-DF,-34.5488751,-58.4263667,Parque Saint Tropez,2026-09-14 16:51,98,92
L28922113,AR,AR-C,AR-C-DF,-34.5656519,-58.3969776,Parque Salguero y Parque Carrasco,2026-09-19 17:16,70,73
L12633593,AR,AR-B,AR-B-AB,-34.8058589,-58.3751017,"Parque Saludable Ramón Carrillo, Plaza 24 de septiembre y centro tradicionalista",2026-06-14 12:40,50,21
L26801901,AR,AR-B,AR-B-GS,-34.570497,-58.6614185,Parque San Francisco,2025-05-10 08:00,64,19
L8044862,AR,AR-E,AR-E-FL,-30.3899966,-58.7788199,Parque San José (Entre Ríos),2026-01-18 19:07,88,12
L29685906,AR,AR-A,AR-A-SA,-24.794521,-65.402765,Parque San Martin (Salta),2026-09-19 16:28,61,35
L38308322,AR,AR-Y,AR-Y-LE,-23.7750927,-64.7669289,Parque San Martin y Paseo Av. Sarmiento (Calilegua),2026-07-14 17:59,47,14
L51583640,AR,AR-Y,AR-Y-CA,-24.1826194,-65.3155231,Parque San Martín (Jujuy),2026-05-08 11:55,10,2
L35850917,AR,AR-B,AR-B-GS,-34.597836,-58.695871,Parque Santa María,2026-09-19 08:30,57,12
L2359524,AR,AR-C,AR-C-DF,-34.5568384,-58.4992361,Parque Sarmiento,2026-09-18 11:06,124,286
L56568954,AR,AR-X,AR-X-RC,-33.1055077,-64.3336003,Parque Sarmiento (Río Cuarto),2026-07-05 16:54,26,6
L16604454,AR,AR-S,AR-S-SL,-32.8411604,-61.1415618,Parque Sarmiento Carcarañá,2021-10-09 12:00,12,1
L74521834,AR,AR-B,AR-B-LT,-34.9936291,-57.862314,Parque Sicardi,2026-07-27 16:20,2,0
L2762026,AR,AR-T,AR-T-TV,-26.7148333,-65.3833333,Parque Sierra de San Javier,2025-11-30 10:11,73,8
L16881961,AR,AR-G,AR-G-SE,-27.8353321,-64.2470612,Parque Sur,2026-09-23 10:33,92,200
L5008119,AR,AR-T,AR-T-TV,-26.7840237,-65.2243736,Parque Sur,2023-10-31 10:00,26,6
L3068959,AR,AR-N,AR-N-CD,-27.448231,-55.575097,Parque Temático de la Cruz,2026-09-25 12:21,172,53
L37319984,AR,AR-N,AR-N-CD,-27.453364,-55.5661339,Parque Temático de la Cruz--camino de ingreso,2026-07-29 11:30,65,7
L27739002,AR,AR-C,AR-C-DF,-34.5848273,-58.3877444,Parque Thays,2026-08-31 13:56,53,33
L12052214,AR,AR-Q,AR-Q-CO,-38.9386598,-68.048539,Parque Universitario Provincia del Monte,2025-04-28 15:02,39,10
L26091488,AR,AR-E,AR-E-GC,-33.010139,-58.495245,Parque Unzué,2026-09-26 12:51,124,51
L8209437,AR,AR-S,AR-S-RO,-32.9577639,-60.6229727,Parque Urquiza,2026-09-13 11:55,57,20
L30243723,AR,AR-E,AR-E-PA,-31.7200178,-60.5275333,"Parque Urquiza, Avenida Luis Etchevehere.",2025-08-25 17:14,49,9
L9693667,AR,AR-S,AR-S-RO,-33.0323353,-60.8900786,Parque Villarino,2026-09-03 11:11,108,76
L9554378,AR,AR-R,AR-R-GR,-37.8696375,-67.78422,Parque YPF Catriel,2026-09-11 18:47,65,270
L20555508,AR,AR-C,AR-C-DF,-34.631653,-58.367626,Parque de Flora Nativa Benito Quinquela Martín,2026-07-30 15:05,44,31
L7873682,AR,AR-M,AR-M-MZ,-32.8832182,-68.8841271,Parque de Los Pueblos Originarios,2026-09-19 12:50,49,16
L15093049,AR,AR-B,AR-B-BB,-38.6979468,-62.2698803,Parque de Mayo,2026-09-20 16:24,105,180
L1273982,AR,AR-J,AR-J-SJ,-31.5339757,-68.5401177,Parque de Mayo (Ciudad de San Juan),2026-09-03 18:06,41,75
L9420583,AR,AR-S,AR-S-LC,-31.4481059,-60.9182024,Parque de la Agricultura,2026-09-09 18:22,100,207
L44701071,AR,AR-J,AR-J-RI,-31.5086111,-68.6386111,Parque de la Biodiverdidad,2026-09-24 08:58,75,19
L13169493,AR,AR-X,AR-X-CB,-31.4289269,-64.1801011,Parque de la Biodiversidad (ex Zoo Ciudad de Córdoba),2026-09-17 10:17,123,84
L24308978,AR,AR-B,AR-B-BB,-38.6930802,-62.3131227,Parque de la Ciudad,2024-10-19 16:36,27,5
L23370080,AR,AR-N,AR-N-PS,-27.3991643,-55.9689819,Parque de la Ciudad (Posadas),2026-09-03 11:25,92,21
L6018897,AR,AR-S,AR-S-LP,-31.6699286,-60.7158009,Parque de la Constitución,2026-03-14 17:40,103,32
L3913321,AR,AR-C,AR-C-DF,-34.5936324,-58.4747314,Parque de la Isla,2026-08-19 18:07,46,30
L5061346,AR,AR-M,AR-M-TN,-33.5657833,-69.0081182,Parque de la Lombardía,2026-05-09 14:25,83,44
L3486943,AR,AR-C,AR-C-DF,-34.5413837,-58.4385967,Parque de la Memoria,2026-09-26 11:36,113,165
L12359492,AR,AR-X,AR-X-CB,-31.3085574,-64.3025306,Parque de la memoria Omar Patiño,2025-08-17 15:59,99,42
L12455465,AR,AR-X,AR-X-CB,-31.3829715,-64.2279457,Parque de las Naciones,2026-08-05 16:06,54,21
L77360761,AR,AR-F,AR-F-SA,-29.264163,-67.0534229,Parque de los Dinosaurios,2026-09-14 00:00,12,1
L3521468,AR,AR-C,AR-C-DF,-34.5290059,-58.4581178,Parque de los Niños,2026-09-04 14:30,156,136
L7708508,AR,AR-C,AR-C-DF,-34.6390552,-58.4071913,Parque de los Patricios,2026-09-08 18:25,63,121
L3538699,AR,AR-A,AR-A-SA,-24.7326244,-65.4199469,Parque del Bicentenario,2026-09-26 07:06,308,973
L17137820,AR,AR-X,AR-X-CB,-31.3732785,-64.2558575,Parque del Chateu,2026-08-01 12:47,69,31
L10710712,AR,AR-X,AR-X-CB,-31.373938,-64.2445707,Parque del Kempes,2026-09-26 18:19,122,101
L24964673,AR,AR-B,AR-B-AV,-34.6676969,-58.3009986,Parque del Río - Costa de Villa Dominico,2026-06-27 08:33,105,19
L18469732,AR,AR-S,AR-S-LP,-31.6634001,-60.7141602,Parque del Sur (Santa Fe),2026-09-03 18:01,93,37
L22952802,AR,AR-X,AR-X-RC,-33.1086793,-64.3754732,Parque ecológico urbano,2026-06-25 14:17,115,188
L24394647,AR,AR-E,AR-E-PA,-31.7222936,-60.3310977,Parque general san martin,2026-05-01 10:34,99,18
L14472689,AR,AR-Y,AR-Y-CA,-24.1894959,-65.3014148,Parque lineal Xibi Xibi,2026-09-26 11:57,110,116
L8160386,AR,AR-S,AR-S-LC,-31.760584,-61.1003873,Parques de San Carlos Sud,2024-09-23 11:32,30,5
L12596660,AR,AR-G,AR-G-SE,-27.8031425,-64.2459226,Parroquia El Buen Pastor,2026-09-16 09:56,105,41
L52035998,AR,AR-S,AR-S-LC,-31.4533291,-60.9182055,Pasaje del Piojito Silbón,2026-09-16 13:00,75,101
L36693901,AR,AR-Y,AR-Y-LE,-23.8323596,-64.7950536,Paseo Avenida Uriburu (Libertador General San Martín),2026-02-15 17:53,40,7
L27314889,AR,AR-B,AR-B-TA,-38.8390391,-60.0894642,Paseo Cascadas Claromecó,2026-09-19 09:07,78,13
L54262767,AR,AR-B,AR-B-SI,-34.4897212,-58.4796238,Paseo Costero II Martínez,2026-08-16 16:00,87,42
L55947341,AR,AR-B,AR-B-VI,-39.4995942,-62.6792515,Paseo Ing.Agr.Hugo Pedro Rojas,2025-12-13 08:57,20,1
L15100301,AR,AR-B,AR-B-BB,-38.7019309,-62.2643816,Paseo Napostá,2026-09-16 10:15,84,77
L10503331,AR,AR-B,AR-B-PX,-34.4312131,-58.9319354,Paseo Ribereño de Pilar,2024-03-21 18:35,81,9
L52854534,AR,AR-Q,AR-Q-CO,-39.0288372,-68.4327965,Paseo costero y balneario de Senillosa,2025-09-14 11:30,20,2
L53413275,AR,AR-R,AR-R-GR,-39.1085824,-67.6281648,Paseo de La Isla,2026-09-27 16:11,58,14
L56296005,AR,AR-C,AR-C-DF,-34.6305684,-58.5237998,Paseo de Versalles,2026-03-18 13:10,25,0
L20713190,AR,AR-Z,AR-Z-DE,-46.541466,-68.9135543,"Paseo de la Laguna (Las Heras, Santa Cruz)",2026-05-30 11:34,29,8
L28963987,AR,AR-X,AR-X-SJ,-30.9077544,-62.6684393,Paseo de las Aves,2026-03-14 16:49,99,19
L2763601,AR,AR-B,AR-B-LT,-34.9054254,-57.9313024,Paseo del Bosque en La Plata,2026-09-27 17:45,130,451
L28586674,AR,AR-B,AR-B-LT,-34.91,-57.937,Paseo del Bosque en La Plata--Lago del bosque,2026-09-26 14:07,74,86
L16841917,AR,AR-B,AR-B-VL,-34.5002614,-58.4776497,Paseo del Viento,2026-09-25 16:26,129,53
L56934350,AR,AR-R,AR-R-GR,-39.0886019,-67.0941925,Paseo del arroyo salado,2026-02-09 09:54,24,3
L65309011,AR,AR-B,AR-B-SE,-35.104354,-58.289706,Paseo del río,2025-10-04 10:29,25,1
L16613481,AR,AR-Q,AR-Q-PL,-39.348371,-69.815197,Paso Aguerre--Lagunas,2024-10-11 08:40,92,12
L3757792,AR,AR-U,AR-U-FU,-43.1631688,-71.5535641,Paso Ancho,2025-07-09 16:33,58,21
L3945211,AR,AR-W,AR-W-CO,-28.3876722,-57.8808421,Paso Batalla,2024-11-16 10:07,142,12
L16325440,AR,AR-W,AR-W-CO,-28.4498342,-57.8943409,Paso Batalla Concepcion,2025-03-23 17:00,106,7
L12208514,AR,AR-E,AR-E-FL,-30.4394783,-58.7495946,Paso Bravo,2022-01-08 09:00,95,9
L8824494,AR,AR-Q,AR-Q-LL,-40.713333,-71.943989,Paso Cardenal Samoré,2026-07-04 14:19,25,20
L5155131,AR,AR-W,AR-W-LA,-29.0314824,-58.7881207,Paso Cerrito,2025-08-09 14:45,89,7
L15110917,AR,AR-E,AR-E-VC,-32.8465986,-60.6530565,"Paso Destileria, Islas Frente a Rosario",2026-02-21 12:43,97,23
L57745783,AR,AR-W,AR-W-GP,-27.7432354,-57.7732527,Paso Florentin,2026-01-16 19:05,16,1
L1231097,AR,AR-V,AR-V-US,-54.6894211,-67.8417081,Paso Garibaldi,2026-04-19 11:13,56,353
L6696913,AR,AR-Z,AR-Z-GA,-51.6903034,-72.2971624,Paso Laurita,2026-02-24 09:08,25,6
L11067821,AR,AR-M,AR-M-ML,-35.9810743,-70.3889372,Paso Pehuenche,2025-11-15 17:39,32,28
L5049918,AR,AR-Q,AR-Q-PI,-38.6682891,-70.8373117,Paso Pino Hachado (AR),2025-03-12 14:30,54,12
L5154926,AR,AR-W,AR-W-LA,-29.0647226,-59.1720843,Paso Rubio,2026-09-24 15:29,85,11
L6668932,AR,AR-Z,AR-Z-GA,-51.2544337,-72.2395937,Paso Río Don Guillermo,2026-09-26 11:34,39,38
L35225817,AR,AR-E,AR-E-FE,-31.0633747,-58.6358356,"Paso Sociedad, Federal, Entre Ríos",2024-07-27 08:00,8,1
L2762881,AR,AR-E,AR-E-LP,-30.3667,-59.5333,Paso Telégrafo,2026-07-01 18:17,66,3
L74467906,AR,AR-W,AR-W-IZ,-27.602397,-56.2437239,Paso Tirante,2026-07-20 08:00,32,1
L12378517,AR,AR-S,AR-S-LC,-31.4099354,-60.9077318,Paso Vinal entre 1 de mayo y rp nº6,2025-06-15 16:32,65,8
L2763106,AR,AR-G,AR-G-MI,-29.8167,-62.8,Paso de La Cina,2026-09-07 16:13,75,3
L20574310,AR,AR-E,AR-E-VG,-31.8000068,-59.1395197,Paso de La Laguna,2025-07-26 15:25,69,11
L4250322,AR,AR-W,AR-W-SC,-27.3191621,-58.5725784,Paso de la Patria,2026-09-04 11:34,211,102
L6022535,AR,AR-M,AR-M-SR,-35.1990481,-67.7316606,Paso de la arena,2023-10-01 09:54,38,5
L28568369,AR,AR-B,AR-B-CE,-37.5133683,-61.849916,Paso de los Chilenos,2023-12-30 17:30,49,1
L4657504,AR,AR-G,AR-G-SV,-29.2610181,-63.2032299,Paso de los Oscares,2023-12-17 10:39,164,7
L6025730,AR,AR-M,AR-M-GA,-35.6356493,-67.4258518,Paso de los loros,2019-02-13 12:10,47,6
L4125255,AR,AR-A,AR-A-LP,-24.4561528,-66.2070894,Paso del Acay,2024-12-12 10:16,75,13
L3066748,AR,AR-X,AR-X-RC,-33.18829,-64.04986,Paso del Durazno,2026-03-01 18:41,145,34
L10452455,AR,AR-D,AR-D-JU,-32.3199962,-64.9730587,Pasos Malos,2026-06-28 14:10,48,12
L9078114,AR,AR-S,AR-S-LP,-31.299142,-60.5990449,Pastizal capuchino canela,2023-11-26 07:12,46,5
L17403460,AR,AR-K,AR-K-EA,-28.5040878,-65.5904523,Pastizal de altura Los Pedraza,2026-04-18 08:40,51,17
L27098139,AR,AR-K,AR-K-CA,-28.507391,-66.1205338,Pastizal de la cumbre (RP14),2023-09-14 17:00,4,0
L12551050,AR,AR-A,AR-A-RF,-25.8308961,-64.9575472,Pastizal y monte camino a Termas,2025-10-01 15:45,90,3
L2761775,AR,AR-D,AR-D-GP,-34.1256667,-65.9455,Pastizales de La Travesía y Buena Esperanza,2026-09-14 09:24,69,1
L18026442,AR,AR-B,AR-B-AB,-34.8472608,-58.3201427,Pastizales de Ministro Rivadavia,2026-09-05 17:14,56,7
L29361527,AR,AR-W,AR-W-ST,-28.261,-55.928,Pastizales del Yohasa,2026-09-23 09:03,115,14
L2761475,AR,AR-A,AR-A-LA,-24.8664,-68.3236,Pastos Grandes,2010-01-24 00:00,7,0
L8525492,AR,AR-B,AR-B-PA,-39.4308432,-63.3805805,Patagones--Establecimiento El Meridiano,2019-01-29 15:30,17,1
L29683248,AR,AR-A,AR-A-CF,-26.0606441,-65.9704167,Patios de Cayafate,2026-09-02 18:46,68,39
L2763319,AR,AR-A,AR-A-CA,-25.0493333,-66.0908333,Payogasta,2026-09-13 14:56,133,122
L18469673,AR,AR-S,AR-S-GL,-33.6778644,-61.4655728,Pedrera,2026-07-05 17:55,117,36
L3236383,AR,AR-B,AR-B-VI,-39.4514499,-62.7043785,Pedro Luro--Laguna La Salada,2026-02-24 16:21,156,94
L3234642,AR,AR-B,AR-B-VI,-39.5442382,-62.4202264,Pedro Luro--Marahué,2025-09-15 16:53,177,246
L4009994,AR,AR-B,AR-B-CR,-38.9922134,-61.552062,Pehuen-Có,2026-07-16 15:54,146,53
L2763270,AR,AR-V,AR-V-RG,-53.0418333,-68.2593333,Península El Páramo,2026-01-26 13:14,61,57
L12729132,AR,AR-Z,AR-Z-DE,-47.7432004,-65.8404545,Península Foca,2026-06-09 16:17,71,25
L17102443,AR,AR-R,AR-R-GR,-38.7089157,-68.0348106,Península Lago Pellegrini--Casa Abandonada,2026-05-09 08:30,99,38
L2761778,AR,AR-V,AR-V-US,-54.7823333,-65.5651667,Península Mitre,2026-01-30 11:30,9,2
L2761780,AR,AR-Z,AR-Z-MA,-49.3600687,-67.6449409,Península y Bahía de San Julián,2025-07-17 14:08,61,17
L2098900,AR,AR-E,AR-E-GC,-33.2978211,-58.7111092,Perdices,2026-09-06 07:00,263,267
L17880524,AR,AR-G,AR-G-RH,-27.5140814,-64.9193044,Perilago (Zona del autodromo),2026-06-14 10:04,149,52
L40033779,AR,AR-G,AR-G-RH,-27.5429294,-64.8765873,Perilago Antisuyu.,2026-04-17 09:16,101,11
L6136382,AR,AR-Y,AR-Y-EC,-24.4501968,-65.2498627,Perilago Dique Las Maderas,2025-12-20 11:14,158,16
L16362061,AR,AR-G,AR-G-RH,-27.6092213,-65.0215502,Perilago del Dique Las Termas.,2026-08-27 15:04,122,48
L11981028,AR,AR-Z,AR-Z-LB,-46.585402,-70.929137,Perito Moreno,2026-05-09 16:29,33,27
L17969428,AR,AR-Z,AR-Z-LB,-46.5967903,-70.9280428,Perito Moreno--Laguna del Cisne,2026-05-09 14:03,70,97
L50191499,AR,AR-W,AR-W-CC,-29.3605585,-58.6112022,Perugorría,2026-09-19 07:36,27,1
L5535370,AR,AR-B,AR-B-TA,-38.820406,-59.7694924,Pescadero de Balneario Orense--5° Salto,2026-08-23 14:30,76,112
L26761479,AR,AR-Z,AR-Z-DE,-47.7527707,-65.8805037,Pesquera Santa Elena,2026-06-09 17:25,40,12
L71326108,AR,AR-B,AR-B-ML,-34.9537745,-57.6497269,Pesquero 25 de mayo,2026-07-12 10:08,85,3
L16701480,AR,AR-A,AR-A-OR,-22.81,-64.356,Peña Colorada,2025-06-21 07:40,221,24
L11746111,AR,AR-A,AR-A-OR,-23.095273,-64.2316239,Peña de la Virgen,2026-06-28 15:46,30,2
L10741029,AR,AR-K,AR-K-AS,-26.2264931,-67.0631604,Peñas de Gaudi,2020-02-03 12:05,9,2
L8389027,AR,AR-B,AR-B-VI,-39.5002167,-62.8973378,Peñi Mapu,2022-01-02 07:00,55,2
L53669753,AR,AR-A,AR-A-CF,-26.045197,-65.998199,Piatelli Vineyards,2026-07-24 15:55,12,0
L15729122,AR,AR-L,AR-L-CH,-36.6953771,-66.2392343,Picada 143 y ruta 14,2021-05-14 12:00,46,17
L12039085,AR,AR-N,AR-N-LA,-27.6309048,-55.2650686,Picada Flor,2026-01-24 08:05,36,5
L9953810,AR,AR-S,AR-S-GO,-28.7080682,-59.3742574,Picada con Cuero,2023-11-26 10:19,120,14
L45303983,AR,AR-N,AR-N-GU,-27.1143316,-53.951425,Picada de El Familiar,2025-05-17 08:00,112,2
L28945443,AR,AR-R,AR-R-BA,-41.2610362,-71.2890982,Picada valle de los perdidos,2024-04-14 15:19,25,2
L22586586,AR,AR-L,AR-L-UC,-38.8298693,-64.93293,Pichi Mahuida,2025-10-12 12:55,61,2
L2762952,AR,AR-Q,AR-Q-LL,-40.5,-71.5833,Pichi Traful,2026-09-13 14:36,62,29
L2763388,AR,AR-Q,AR-Q-PL,-39.519,-69.292,Picún Leufú,2026-07-26 15:22,87,37
L44922858,AR,AR-A,AR-A-CH,-25.186604,-65.8028005,Pie de la Cuesta,2026-09-27 07:18,123,81
L39258931,AR,AR-K,AR-K-SM,-26.9994812,-66.2312135,"Pie de medano, Santa Maria",2026-09-25 10:14,48,10
L24606325,AR,AR-W,AR-W-ME,-29.359273,-58.0760687,Piedra Itá Pucú,2026-05-17 13:06,48,6
L22540322,AR,AR-D,AR-D-LM,-32.7316582,-65.9839404,Piedra del Agua (Alianza del Pastizal),2026-08-20 09:27,84,27
L7971803,AR,AR-Q,AR-Q-CC,-40.048055,-70.0762321,Piedra del Aguila--Ciudad,2026-04-17 07:57,98,73
L10970473,AR,AR-Q,AR-Q-CC,-40.0506251,-70.0324938,Piedra del Águila--Rincón del Dique,2026-02-26 09:47,114,43
L20303532,AR,AR-T,AR-T-TR,-26.2761689,-65.56208,Piedra pintada,2025-10-24 17:04,86,0
L6557890,AR,AR-E,AR-E-LP,-31.1817087,-59.9566841,Piedras Blancas,2025-11-28 08:37,62,5
L55421176,AR,AR-E,AR-E-LP,-31.1937111,-59.9642874,Piedras Blancas--camping El Saucedal,2025-11-25 16:55,69,2
L27816675,AR,AR-B,AR-B-PL,-36.0041337,-58.1411256,"Pila, Buenos Aires. Argentina",2026-08-03 16:24,39,5
L2761786,AR,AR-P,AR-P-PR,-25.5108409,-58.987999,Pilagás III,2025-10-13 18:11,48,3
L19850634,AR,AR-R,AR-R-PI,-41.1224777,-70.7226847,Pilcaniyeu--Pueblo,2026-09-24 13:38,57,53
L57743221,AR,AR-M,AR-M-LA,-32.8401756,-68.5454242,Piletones de El Paramillo (Acceso Restringido),2026-09-27 16:52,203,296
L40395469,AR,AR-Q,AR-Q-CL,-39.6014923,-70.930413,Pilo Lil,2026-04-25 11:02,30,10
L2763368,AR,AR-Q,AR-Q-PI,-38.6660776,-70.8984661,Pino Hachado,2025-11-25 12:54,76,31
L18765484,AR,AR-J,AR-J-RI,-31.5361155,-68.6551738,Pircas de Puyuta,2022-04-20 08:00,36,2
L27951011,AR,AR-V,AR-V-US,-54.6315677,-67.7554107,Pista Lago Escondido,2026-08-02 14:38,11,10
L19088174,AR,AR-R,AR-R-BA,-41.1726894,-71.4593655,Pistas del Cerro Catedral,2026-09-08 11:25,62,38
L44535502,AR,AR-N,AR-N-GB,-25.9329439,-53.939706,Piñalito Norte,2025-11-08 17:27,129,13
L2763444,AR,AR-B,AR-B-TA,-38.1986667,-60.3681667,"Pje la Horqueta, Baden Arroyo, Tres Arroyos",2010-01-18 09:00,5,0
L2763445,AR,AR-B,AR-B-TA,-38.129,-60.4151667,"Pje la Pastora, Tres Arroyos",2026-01-15 09:52,70,7
L27801304,AR,AR-Q,AR-Q-CC,-40.3145649,-70.6521344,Planicie de inuncación río Collón Curá. Junto a ruta 234,2026-05-09 17:04,84,46
L33505810,AR,AR-L,AR-L-MA,-35.6972471,-63.7284274,"Planta De Tratamiento De Aguas Cloacales CORPICO La Pampa, AR (-35.697, -63.728)",2026-03-28 09:21,116,35
L24864438,AR,AR-A,AR-A-GM,-22.5949217,-63.7293591,Planta de procesamiento aguas cloacales,2023-05-28 09:47,44,1
L54083546,AR,AR-Z,AR-Z-DE,-46.0535635,-67.6270227,Playa Acina,2026-02-07 15:31,19,2
L12937412,AR,AR-R,AR-R-EC,-38.9980748,-67.9969168,Playa Aventura,2026-04-04 09:38,105,24
L52847459,AR,AR-B,AR-B-BS,-34.8735385,-57.8103161,Playa Bagliardi,2025-09-12 08:00,35,1
L19882309,AR,AR-U,AR-U-ES,-45.6963634,-67.3628211,Playa Barrancas Blancas,2026-02-13 15:00,16,1
L25937891,AR,AR-B,AR-B-SC,-38.7540331,-59.4269156,Playa Centro de San Cayetano,2026-06-09 12:45,23,13
L15106184,AR,AR-U,AR-U-BI,-42.8334794,-64.8796088,Playa Cerro Avanzado,2026-09-20 14:40,64,29
L12104944,AR,AR-B,AR-B-MC,-37.8764613,-57.5203657,Playa Dorada,2026-09-23 12:55,60,84
L16786101,AR,AR-L,AR-L-PU,-38.1589101,-67.1572406,Playa Embalse Dique Casa de Piedra,2026-01-21 10:50,73,21
L61404858,AR,AR-V,AR-V-RG,-54.2982699,-66.701275,Playa Frente Barco Desdemona,2026-04-12 13:42,19,3
L11130062,AR,AR-U,AR-U-RA,-43.6804059,-65.339405,Playa Isla Escondida,2026-09-26 16:31,93,106
L65309233,AR,AR-B,AR-B-BS,-34.826317,-57.873214,Playa Isla Paulino,2025-10-18 14:35,12,1
L74464224,AR,AR-B,AR-B-BS,-34.8337334,-57.8697223,Playa Isla Paulino,2026-07-26 08:27,48,2
L10269854,AR,AR-Z,AR-Z-MA,-49.1554958,-67.6362133,Playa La Mina,2026-03-18 13:10,30,12
L6764288,AR,AR-V,AR-V-US,-54.8070481,-68.2157421,Playa Larga,2026-09-13 13:48,83,275
L19850747,AR,AR-R,AR-R-SA,-40.8173777,-64.7587076,Playa Las Conchillas--Saco Viejo,2025-01-30 06:40,62,10
L19850774,AR,AR-R,AR-R-SA,-40.8220035,-64.8131117,Playa Las Conchillas--Zona SAE,2026-01-29 19:05,46,14
L5009191,AR,AR-U,AR-U-RA,-43.382222,-65.045,"Playa Magagna (Playa Bonita, El Faro y Cangrejal)",2025-12-30 07:27,86,51
L9936844,AR,AR-U,AR-U-BI,-42.7964162,-64.9431789,Playa Paraná,2026-07-05 16:08,75,72
L16997451,AR,AR-R,AR-R-EC,-39.1124143,-67.6160431,Playa Paso Cordoba,2026-09-21 15:55,114,122
L34942124,AR,AR-R,AR-R-SA,-40.8422556,-65.1167393,Playa Piedras Coloradas,2026-07-06 16:44,83,35
L2761789,AR,AR-B,AR-B-GP,-38.0651221,-57.541666,Playa Punta Mogotes y Puerto de Mar del Plata,2026-08-10 12:09,139,85
L55159618,AR,AR-U,AR-U-RA,-43.4245811,-65.0850651,Playa Santa Isabel,2025-12-15 15:03,34,8
L16655042,AR,AR-E,AR-E-CC,-31.250992,-57.9490625,"Playa Sol, Lago Salto Grande.",2026-09-06 16:30,120,77
L16446985,AR,AR-R,AR-R-AA,-40.8987271,-64.4697533,Playa Winter,2026-03-14 13:49,30,6
L64274189,AR,AR-X,AR-X-PU,-31.4743833,-64.5950651,Playa de los Hippies,2026-06-28 15:33,13,2
L27548330,AR,AR-Q,AR-Q-LL,-40.8025906,-71.6075995,Playa del Río Bonito,2026-06-30 14:09,35,7
L28952047,AR,AR-U,AR-U-ES,-45.800131,-67.4160868,Playa km 8,2026-09-12 17:47,49,23
L56220547,AR,AR-U,AR-U-GM,-43.3551417,-65.6602225,Playa la angostura,2025-12-20 08:23,34,2
L15471437,AR,AR-S,AR-S-GL,-33.6894461,-61.4202603,Playa noreste,2025-01-06 05:52,109,20
L4231359,AR,AR-R,AR-R-SA,-41.636807,-65.0247288,Playas Doradas,2026-04-23 14:47,118,105
L28240300,AR,AR-C,AR-C-DF,-34.606541,-58.4479458,"Plaza 24 de Septiembre, CABA",2025-12-07 22:24,18,18
L34341819,AR,AR-C,AR-C-DF,-34.580132,-58.4625914,Plaza 25 de Agosto,2025-06-20 08:18,31,19
L41928699,AR,AR-K,AR-K-CT,-28.4690391,-65.7789426,Plaza 25 de Mayo,2025-08-31 14:03,19,36
L37338687,AR,AR-B,AR-B-SI,-34.491461,-58.509977,Plaza 9 de Julio - Martínez,2026-08-24 09:43,11,1
L54612229,AR,AR-X,AR-X-CB,-31.4139541,-64.1702584,Plaza Alberdi,2025-10-30 08:35,2,1
L18469764,AR,AR-S,AR-S-LP,-31.6624046,-60.714042,Plaza Alemania y P. Aramburu (Santa Fe Ciudad),2022-04-11 10:15,16,4
L7086362,AR,AR-C,AR-C-DF,-34.6178109,-58.4972405,Plaza All Boys y Estadio Islas Malvinas,2025-10-18 16:08,36,7
L4806570,AR,AR-C,AR-C-DF,-34.5995143,-58.5122395,Plaza Arenales,2026-09-25 09:25,72,502
L12726376,AR,AR-X,AR-X-CB,-31.3404413,-64.2578936,Plaza Arguello,2023-07-22 08:15,51,10
L46525316,AR,AR-Y,AR-Y-LE,-23.7744947,-64.7700775,Plaza Asencio López (Calilegua),2026-07-14 17:46,34,10
L29956929,AR,AR-M,AR-M-MZ,-32.9014343,-68.8483787,Plaza Belgrano,2025-11-19 10:50,21,3
L37233454,AR,AR-C,AR-C-DF,-34.6054644,-58.4455672,Plaza Benito Nazar,2024-10-11 17:17,12,1
L22054991,AR,AR-C,AR-C-DF,-34.5675769,-58.4647935,Plaza Castelli Y Plaza Los Olmos,2026-09-27 18:07,39,24
L37270278,AR,AR-J,AR-J-RA,-31.5819538,-68.5421991,"Plaza Centenario, Villa Krause, Rawson,San Juan",2026-06-28 16:07,17,6
L28260705,AR,AR-Y,AR-Y-LE,-23.8151828,-64.7928049,Plaza Central (Libertador General San Martín),2026-09-26 18:36,59,38
L16223583,AR,AR-M,AR-M-MZ,-32.8869365,-68.8469367,Plaza Chile,2026-06-18 11:24,19,9
L35022155,AR,AR-C,AR-C-DF,-34.6281018,-58.5210741,Plaza Ciudad de Banff,2026-08-30 18:30,24,1
L36693866,AR,AR-Y,AR-Y-LE,-23.8342691,-64.7919114,Plaza De Las Madres (Libertador General San Martín),2026-08-19 08:11,54,15
L12403760,AR,AR-C,AR-C-DF,-34.6258452,-58.5082081,Plaza Don Bosco,2026-05-24 18:55,38,10
L14825752,AR,AR-S,AR-S-RO,-32.9458631,-60.6521097,Plaza Dr.Maiztegui (Maternidad Martin),2025-09-11 16:42,11,0
L31335956,AR,AR-Y,AR-Y-LE,-23.8299935,-64.7902605,Plaza El Bosquecito (Libertador General San Martín),2026-07-21 18:27,24,11
L22267200,AR,AR-S,AR-S-LP,-31.6423209,-60.7024777,Plaza España - CSF,2024-02-28 15:00,10,2
L16182519,AR,AR-C,AR-C-DF,-34.5870507,-58.3910649,Plaza Francia,2026-09-21 09:04,72,218
L4710957,AR,AR-X,AR-X-CB,-31.3800247,-64.1941479,Plaza G. Orso,2026-06-25 13:17,44,5
L11703584,AR,AR-C,AR-C-DF,-34.6168926,-58.4409249,Plaza Giordano Bruno,2026-07-14 14:29,36,33
L27115870,AR,AR-C,AR-C-DF,-34.6278422,-58.4638636,Plaza Gral Pueyrredón,2026-05-30 15:10,20,4
L74902043,AR,AR-B,AR-B-MN,-34.590134,-58.628208,Plaza Hurlingham,2026-08-26 10:00,28,3
L5481047,AR,AR-M,AR-M-MZ,-32.8898943,-68.8444734,Plaza Independencia,2026-09-26 15:25,46,90
L5227542,AR,AR-C,AR-C-DF,-34.6149501,-58.4577584,Plaza Irlanda,2026-09-17 00:00,48,49
L5192822,AR,AR-M,AR-M-MZ,-32.8919934,-68.8482285,Plaza Italia,2026-09-20 13:38,37,11
L23720766,AR,AR-S,AR-S-LP,-31.6564206,-60.7156445,Plaza Italia--Legislatura. MSF,2026-09-17 16:33,12,2
L20080135,AR,AR-C,AR-C-DF,-34.6453002,-58.4090452,Plaza José C. Paz y Plaza Nicaragua,2026-04-26 08:49,25,6
L13309315,AR,AR-B,AR-B-CP,-37.984911,-61.34925,Plaza Juan Pascual Pringles,2026-04-20 13:38,17,1
L11988026,AR,AR-X,AR-X-CB,-31.3376293,-64.2687643,Plaza Las Palmeras,2026-09-26 17:51,84,169
L37290247,AR,AR-W,AR-W-ST,-28.0520401,-56.0227413,Plaza Libertad,2026-09-16 10:24,31,9
L17036802,AR,AR-G,AR-G-SE,-27.7875278,-64.2616906,Plaza Libertad (Santiago del Estero),2026-09-11 12:04,40,81
L18039514,AR,AR-S,AR-S-LP,-31.6369661,-60.7100355,Plaza Los Constituyentes y alrededores,2023-03-28 13:05,18,3
L48450113,AR,AR-M,AR-M-GU,-32.9052181,-68.8034892,Plaza Mafalda (Mendoza),2025-06-17 16:00,24,1
L27563164,AR,AR-J,AR-J-SJ,-31.5336648,-68.5633349,Plaza Manuel Belgrano (Ciudad de San Juan),2025-10-26 18:44,14,2
L20061102,AR,AR-C,AR-C-DF,-34.622465,-58.4130442,Plaza Mariano Boedo,2026-08-14 10:38,41,65
L31688092,AR,AR-X,AR-X-TA,-32.1975357,-64.2482529,Plaza Mariano Moreno,2026-08-07 10:46,17,2
L37394240,AR,AR-C,AR-C-DF,-34.625907,-58.4077513,Plaza Martín Fierro,2026-05-03 13:05,18,3
L57291314,AR,AR-C,AR-C-DF,-34.6741277,-58.4785026,Plaza Nicolas Granada,2026-03-13 12:05,19,5
L28167550,AR,AR-C,AR-C-DF,-34.6163302,-58.4660321,Plaza Nuestra Señora de la Asunción,2025-07-26 15:49,11,2
L49335179,AR,AR-M,AR-M-GU,-32.8938866,-68.823761,Plaza Néstor Lencinas,2025-10-10 17:00,23,2
L24787178,AR,AR-C,AR-C-DF,-34.6558345,-58.5185366,Plaza Onésimo Leguizamón,2026-02-28 18:26,11,3
L20772253,AR,AR-C,AR-C-DF,-34.6108923,-58.518329,Plaza Pablo Riccheri,2026-09-13 18:40,24,6
L16168955,AR,AR-X,AR-X-CB,-31.3381669,-64.271325,Plaza Padre José Kentenich,2024-01-01 09:21,47,14
L54034420,AR,AR-M,AR-M-MZ,-32.879628,-68.828843,Plaza Pedro del Castillo,2026-03-08 11:32,25,1
L21378733,AR,AR-S,AR-S-LP,-31.6382323,-60.6929755,Plaza Pueyrredon - CSF,2025-11-05 08:01,21,3
L6277737,AR,AR-C,AR-C-DF,-34.6357881,-58.482184,Plaza Ramón Falcón (Radowitzky),2023-11-04 02:24,34,17
L12951953,AR,AR-C,AR-C-DF,-34.5820552,-58.3975132,Plaza República Oriental del Uruguay,2026-09-15 11:48,60,53
L10927244,AR,AR-B,AR-B-LT,-34.9208626,-57.9415941,Plaza Rocha,2026-09-12 10:35,32,21
L28010347,AR,AR-S,AR-S-SC,-30.308848,-61.2283372,Plaza San Martin - SC,2025-04-05 17:37,16,2
L5201168,AR,AR-C,AR-C-DF,-34.5946216,-58.3757472,Plaza San Martín,2026-09-23 17:31,88,269
L6120627,AR,AR-B,AR-B-ES,-34.346095,-58.7943961,Plaza San Martín (Escobar Centro),2026-09-26 17:52,50,152
L9426526,AR,AR-S,AR-S-LC,-31.4487649,-60.9304333,Plaza San Martín (centro de la ciudad) ),2026-08-07 18:00,44,41
L73491729,AR,AR-N,AR-N-IG,-25.5973917,-54.5770233,"Plaza San Martín, Puerto Iguazú, Misiones, AR (-25.597, -54.577)",2026-07-14 15:13,6,1
L38760659,AR,AR-Y,AR-Y-LE,-23.7399325,-64.5915158,Plaza Sarmiento (Caimancito),2026-07-01 12:11,39,14
L8035060,AR,AR-M,AR-M-MZ,-32.8879843,-68.8322639,Plaza Sarmiento (Mendoza),2026-05-10 11:26,24,10
L11364263,AR,AR-C,AR-C-DF,-34.6196827,-58.5190952,Plaza Terán,2026-09-26 11:26,74,454
L21916066,AR,AR-C,AR-C-DF,-34.5921304,-58.4197062,Plaza Unidad Latinoamericana,2026-08-13 12:40,24,11
L37078890,AR,AR-K,AR-K-CT,-28.4612968,-65.7837725,Plaza Virgen del Valle,2026-05-31 17:00,40,41
L52278738,AR,AR-X,AR-X-RP,-30.9775355,-63.2612514,Plaza de Mercedes,2026-07-17 14:23,22,0
L17902485,AR,AR-M,AR-M-TP,-33.3730038,-69.1470403,Plaza de Tupungato,2026-02-06 10:47,43,12
L27647832,AR,AR-X,AR-X-CA,-31.986034,-64.5581156,Plaza de la Confraternidad,2026-04-05 14:52,30,3
L54056257,AR,AR-Q,AR-Q-CO,-38.9457666,-68.0652378,Plaza de la diversidad,2025-09-28 18:30,6,1
L22585695,AR,AR-S,AR-S-LP,-31.631418,-60.6931365,Plaza de las Banderas . CSF,2023-02-13 08:03,15,1
L3998300,AR,AR-C,AR-C-DF,-34.5815106,-58.3936027,Plaza de las Naciones Unidas,2026-09-15 12:09,74,107
L47822662,AR,AR-S,AR-S-LP,-31.6589514,-60.7093039,Plaza de las Tres Culturas - CSF,2025-12-07 14:07,31,4
L38232376,AR,AR-C,AR-C-DF,-34.5766468,-58.4439611,Plaza de los Colegiales,2026-08-06 10:00,28,5
L27253109,AR,AR-C,AR-C-DF,-34.6213166,-58.4732525,Plaza de los Periodistas,2026-09-27 18:19,82,1182
L27557361,AR,AR-K,AR-K-CT,-28.4603347,-65.7878065,Plaza del Maestro,2025-12-03 06:52,37,28
L17824611,AR,AR-D,AR-D-JU,-32.3510668,-64.973081,Plaza la Serranita,2026-04-12 16:31,39,3
L29017806,AR,AR-S,AR-S-CL,-31.2249862,-61.4892769,"Plaza los arces Agostino, Eduardo D 994 S2300 Rafaela Santa Fe",2026-01-18 09:13,34,5
L20754152,AR,AR-N,AR-N-GB,-26.0615397,-53.7405059,Plaza verde,2022-08-16 00:00,1,0
L21607943,AR,AR-C,AR-C-DF,-34.581147,-58.444966,Plazas Mafalda Y Clemente,2026-08-22 10:30,45,83
L28260699,AR,AR-Y,AR-Y-LE,-23.8169431,-64.7976342,Plazoleta Cristo de la Hermandad (Libertador General San Martín),2026-09-22 21:48,104,206
L40249740,AR,AR-S,AR-S-CL,-31.2507384,-61.4607514,"Plazoletas ,calle N. Providenti - Rafaela.",2025-08-26 18:39,33,10
L22267263,AR,AR-S,AR-S-LP,-31.6438054,-60.6998241,Plazoletas y plazas frente a la Terminal - CSF,2026-09-22 17:06,26,9
L38378405,AR,AR-B,AR-B-GH,-34.7935796,-59.029926,Plomer,2026-01-04 15:05,44,6
L37238444,AR,AR-Q,AR-Q-CO,-38.9670503,-68.2306123,"Plottier, Neuquen,",2026-09-10 13:00,37,6
L2763439,AR,AR-Q,AR-Q-CO,-38.9314387,-68.3698511,Plottier--Lagunas Capex,2025-02-06 15:30,64,6
L11751315,AR,AR-Q,AR-Q-CO,-38.9792852,-68.2327553,Plottier--Los Canales.,2026-05-15 13:55,67,15
L29196760,AR,AR-Q,AR-Q-CO,-38.967523,-68.214573,Plottier--Paseo de la Costa,2026-09-05 14:00,85,35
L2763329,AR,AR-A,AR-A-RI,-23.3801667,-63.1035,Pluma de Pato,2024-08-04 12:51,124,8
L17705681,AR,AR-B,AR-B-AB,-34.8408814,-58.3716662,Polideportivo Municipal de Almirante Brown,2025-11-29 09:30,25,3
L12299631,AR,AR-R,AR-R-AV,-39.4867674,-65.5931043,Pomona--chacras,2026-09-24 10:24,94,24
L3494525,AR,AR-U,AR-U-LA,-43.6627803,-71.4327192,Poncho Moro Lodge (restringido),2024-04-05 16:00,39,2
L21217050,AR,AR-W,AR-W-ME,-28.9951551,-58.5575232,Portal Río Corrientes,2026-09-24 09:02,211,87
L23833695,AR,AR-W,AR-W-SG,-27.8821558,-57.3438671,Portal San Antonio--Estero Bola,2026-08-25 19:05,223,170
L20702849,AR,AR-W,AR-W-ME,-28.6548254,-57.4811916,Portal Uguay,2025-12-12 16:15,171,23
L6557125,AR,AR-A,AR-A-OR,-22.6228845,-64.4363782,Portal del Baritú Ecolodge,2004-07-07 08:00,57,2
L22488927,AR,AR-S,AR-S-GO,-28.5010175,-59.2645454,Portal del Humedal,2026-09-20 12:00,244,187
L21407282,AR,AR-X,AR-X-SJ,-31.0141572,-62.0620672,Porteña,2022-11-23 10:20,25,1
L4605151,AR,AR-P,AR-P-PM,-25.2559329,-57.7539575,Porteño Norte--Puerto Tacuaras,2017-10-14 06:00,67,3
L31070112,AR,AR-B,AR-B-ZA,-34.0015006,-59.1579224,Porá,2026-03-06 10:46,83,12
L19462397,AR,AR-N,AR-N-CG,-27.0620177,-54.8194316,Posada Camboatá,2026-03-07 09:45,98,17
L14963071,AR,AR-W,AR-W-SM,-28.5366539,-57.1731547,Posada El Yacare,2025-07-24 16:14,96,4
L30552014,AR,AR-X,AR-X-PU,-31.5643488,-64.7003746,Posada Las Vertientes,2026-03-18 08:21,40,10
L4986543,AR,AR-D,AR-D-JU,-32.3768573,-64.9846794,Posada Los Antiguos,2019-04-18 00:00,31,3
L23535512,AR,AR-B,AR-B-TI,-34.37456,-58.6174,Posada Madreselva,2024-02-03 12:00,25,2
L57750020,AR,AR-W,AR-W-SG,-27.979862,-57.539741,Posada Mbarete,2026-05-23 16:18,56,5
L2423663,AR,AR-N,AR-N-IG,-25.9162488,-54.6140456,Posada Puerto Bemberg,2026-09-26 16:17,224,94
L21802465,AR,AR-N,AR-N-GU,-27.2246771,-54.0436363,Posada Puerto Paraiso Lodge,2026-08-18 18:40,109,19
L52210878,AR,AR-W,AR-W-SM,-28.5353246,-57.175226,Posada Rancho Jabirú,2025-11-22 08:50,54,11
L14143727,AR,AR-U,AR-U-GM,-43.3138127,-65.5473518,Posada los Mimbres (acceso restringido),2026-01-19 10:52,42,9
L36934771,AR,AR-N,AR-N-PS,-27.401665,-55.9144836,Posadas -- Terminal De Buses,2026-07-21 05:51,25,6
L2763231,AR,AR-N,AR-N-PS,-27.4236667,-55.8663333,Posadas--Bañado,2025-12-26 09:00,50,6
L5098885,AR,AR-N,AR-N-PS,-27.3634436,-55.8856487,Posadas--Costanera,2026-09-12 14:52,110,68
L74510391,AR,AR-X,AR-X-CA,-32.041663,-64.388404,Posta Calma,2026-09-20 17:30,69,11
L3707735,AR,AR-P,AR-P-PA,-24.2128782,-60.1969886,Posta Cambio Zalazar,2025-11-06 05:50,103,4
L10054487,AR,AR-E,AR-E-LP,-30.7351895,-59.642409,Posta El Surubí,2026-07-02 18:01,32,5
L76101417,AR,AR-T,AR-T-CH,-27.3393304,-65.7628298,Posta Los Alisos,2026-08-23 10:12,52,3
L27402076,AR,AR-A,AR-A-CH,-25.1654854,-65.8349442,Posta Virgen del Valle,2026-09-16 12:16,72,49
L54055017,AR,AR-X,AR-X-RG,-31.794128,-63.681917,Posta de Impira,2026-06-10 12:40,9,0
L12157170,AR,AR-A,AR-A-LD,-26.0776122,-65.4779858,Potrerillos,2025-06-01 13:46,60,6
L2762903,AR,AR-P,AR-P-BE,-24.3167,-61.75,Potrerito
L37741000,AR,AR-E,AR-E-FL,-30.4349457,-58.758478,Potrerito de ensayo. Agrotecnica,2025-05-15 10:27,58,5
L9955089,AR,AR-X,AR-X-SM,-31.7830066,-64.5414908,Potrero de Garay,2026-09-03 18:46,124,30
L3178943,AR,AR-D,AR-D-LC,-33.2149271,-66.2255859,Potrero de Los Funes,2026-05-01 17:00,149,67
L27557549,AR,AR-A,AR-A-OR,-23.377353,-64.1991301,Pozo Cuico,2026-05-14 11:35,114,12
L12533408,AR,AR-A,AR-A-GM,-22.5846533,-63.8359365,Pozo Las Lomitas,2024-05-11 17:30,52,11
L53956320,AR,AR-B,AR-B-BG,-35.2903995,-60.6826859,Pozo Pampa,2026-04-30 10:24,72,12
L11646762,AR,AR-A,AR-A-GM,-23.1273992,-64.2106372,Pozo Rodas,2020-05-28 15:00,34,2
L16446973,AR,AR-R,AR-R-AA,-41.0132415,-64.1651586,Pozo Salado,2026-03-14 16:17,65,11
L75765664,AR,AR-X,AR-X-RG,-31.7903496,-63.7324338,Pozo Santa Teresa,2026-08-16 16:40,19,2
L75766574,AR,AR-X,AR-X-RG,-31.7528205,-63.7642083,Pozo del Puente--Laguna Larga,2026-08-16 14:30,4,2
L11943533,AR,AR-X,AR-X-CO,-31.1260862,-64.1925849,Pozo del Tigre,2025-09-14 17:51,41,10
L36477966,AR,AR-K,AR-K-PA,-28.1712486,-65.6818537,Pozo del pajaro,2024-09-14 11:07,62,2
L29721990,AR,AR-P,AR-P-BE,-23.8960677,-61.7558651,Pozo el Sombrero,2025-01-24 06:13,94,8
L21629605,AR,AR-M,AR-M-ML,-35.7282143,-69.1956077,Pozos de Carapacho,2026-09-13 16:34,90,47
L56924145,AR,AR-Y,AR-Y-RI,-22.4754722,-65.9771654,Pozuelos y alrededores,2006-12-17 07:00,39,0
L26490286,AR,AR-N,AR-N-IG,-25.5947969,-54.5755445,Pque. Natural Municipal Luis Rolón,2026-09-11 11:14,131,79
L21469863,AR,AR-Q,AR-Q-PE,-37.366883,-69.017963,Pra.Pasarela,2025-10-12 07:29,50,4
L23060571,AR,AR-A,AR-A-SA,-24.7854707,-65.5311839,Praderas de San Lorenzo,2025-10-03 19:00,16,2
L25424896,AR,AR-A,AR-A-SA,-24.7877378,-65.5006492,Praderas de San Lorenzo Chico,2026-04-25 12:15,58,19
L10366767,AR,AR-S,AR-S-SV,-30.2238275,-60.0136805,Praderas de chorlo pampa,2025-05-31 08:10,156,16
L10366782,AR,AR-S,AR-S-SV,-30.2500602,-60.0658962,Praderas del batitu,2025-05-31 11:30,97,13
L57685939,AR,AR-N,AR-N-CG,-27.0594195,-54.8240873,Predio Adventista Salto Encantado,2025-12-30 12:45,60,19
L15874712,AR,AR-J,AR-J-RI,-31.5422786,-68.5774957,"Predio CUIM UNSJ, Rivadavia",2026-09-05 10:42,35,20
L55851167,AR,AR-K,AR-K-PA,-28.0170107,-65.7010059,Predio Cabañas Arakuku,2025-12-07 22:00,40,4
L75476711,AR,AR-B,AR-B-CH,-35.6287116,-58.0026847,Predio Proyecto Reserva Natural Chascomús,2026-09-22 09:38,49,7
L40013980,AR,AR-S,AR-S-LP,-31.6391149,-60.6773722,Predio UNL- ATE,2026-09-04 11:14,69,7
L15861204,AR,AR-S,AR-S-GO,-28.5134256,-59.2633673,Predio de Cabañas La Joyita,2026-08-17 07:21,245,174
L17962570,AR,AR-B,AR-B-RP,-35.3847728,-59.3318474,Predio del Bicentenario (las 33 Hectáreas),2026-01-14 09:02,92,9
L22442497,AR,AR-E,AR-E-II,-33.4985656,-58.8098932,Predio del Hotel Ceibas,2026-09-26 07:13,157,189
L73139528,AR,AR-B,AR-B-GV,-35.122783,-63.2022816,Primer Laguna camino a Villa Sauze,2026-08-19 13:45,61,2
L32435336,AR,AR-Q,AR-Q-PI,-38.8678441,-70.568626,Primeros Pinos,2025-12-21 09:01,35,2
L5977966,AR,AR-Q,AR-Q-PI,-38.8591594,-70.4724669,Primeros Pinos--Cruce Río Covunco,2026-02-15 20:03,55,21
L53674779,AR,AR-Z,AR-Z-LA,-50.4867813,-72.7681527,Pristine El Calafate Luxury Camp,2026-09-26 10:07,49,29
L6982406,AR,AR-S,AR-S-LC,-31.2402148,-61.0025954,Progreso--Arroyos Cululú y Corrales,2026-01-03 13:18,168,48
L16196732,AR,AR-E,AR-E-UR,-32.34973,-58.4425449,Pronunciamiento,2021-08-22 10:00,36,2
L20376867,AR,AR-B,AR-B-TF,-34.553914,-58.624977,Proyecto Reserva Natural Barrios Churruca-El Libertador,2026-06-24 10:49,43,2
L6539233,AR,AR-B,AR-B-VL,-34.5139448,-58.4702002,Proyecto Reserva Natural Yrigoyen,2026-09-24 18:59,232,1084
L14770681,AR,AR-B,AR-B-LM,-34.7328721,-58.5944156,Proyecto Reserva Natural de Laferrere,2023-09-17 09:28,56,10
L19060734,AR,AR-B,AR-B-LM,-34.8325709,-58.6435391,Proyecto Reserva Pulmón Verde Esperanza,2024-04-05 12:32,58,8
L17901638,AR,AR-T,AR-T-BU,-26.4971662,-64.8787646,Proyecto Seamos Bosques,2026-08-26 14:31,198,501
L26808330,AR,AR-B,AR-B-GS,-34.5901023,-58.6863499,Proyecto reserva Hurlingham Rio Reconquista,2023-08-26 08:30,44,2
L2762786,AR,AR-X,AR-X-SJ,-31.0,-62.7833,Pte. Marull-Boca Xanaes,2024-10-12 16:25,90,23
L27131691,AR,AR-Y,AR-Y-VG,-23.5759729,-64.9701526,Pte. Rio Sunchal,2026-07-21 08:33,55,10
L14781259,AR,AR-V,AR-V-US,-54.9049876,-65.9903196,Pto Español - Bahía Aguirre,2026-01-30 12:47,52,8
L4019359,AR,AR-P,AR-P-PM,-25.3487577,-57.6727724,Pto. Pilcomayo,2022-10-08 16:57,104,10
L2761523,AR,AR-A,AR-A-SA,-24.7166667,-65.4333333,Pucará Bella Vista(Salta),2026-03-16 17:22,222,121
L1312509,AR,AR-Y,AR-Y-TI,-23.5860336,-65.4033923,Pucará de Tilcara,2026-07-08 11:15,100,137
L29255068,AR,AR-E,AR-E-PA,-31.3809536,-60.0961193,Pueblo Brugo camping,2026-08-02 16:53,67,4
L15017798,AR,AR-X,AR-X-CA,-32.4249094,-64.8720616,Pueblo Escondido,2026-04-19 15:00,71,14
L14947503,AR,AR-A,AR-A-LV,-25.464,-65.569,Pueblo La Viña,2026-04-14 16:40,110,24
L835563,AR,AR-M,AR-M-LH,-32.9035061,-69.2625439,Pueblo del Río Mountain Lodge,2026-09-13 09:00,69,52
L7427127,AR,AR-L,AR-L-CU,-38.1455095,-65.9073365,Puelches,2026-01-16 14:14,83,27
L22276406,AR,AR-L,AR-L-PU,-37.0726671,-67.8523512,Puelen,2025-12-04 14:00,91,5
L18652762,AR,AR-L,AR-L-PU,-37.34221,-67.6179089,Puelén,2026-04-23 09:19,50,22
L16133155,AR,AR-S,AR-S-SV,-30.2251426,-60.0108451,"Puente ""Del Cántaro"",  A.S.Dulce, RP N56-S",2026-06-01 09:50,83,6
L22187670,AR,AR-Q,AR-Q-LA,-40.513494,-71.1811722,Puente Arroyo Córdoba Grande.,2026-02-01 13:07,26,6
L40706108,AR,AR-B,AR-B-CH,-35.5543567,-58.0607967,Puente Arroyo Vitel Chascomús,2026-09-17 09:00,131,81
L55315658,AR,AR-E,AR-E-DI,-32.0839926,-60.4903793,Puente Blanco,2026-04-19 10:40,66,4
L17058270,AR,AR-B,AR-B-BB,-38.5906861,-62.0875382,Puente Canesa,2026-09-01 09:00,74,26
L16929542,AR,AR-X,AR-X-GM,-32.5124547,-63.1129928,Puente Carcano,2021-11-28 07:30,56,4
L9972050,AR,AR-S,AR-S-SJ,-31.1461425,-60.4349204,"Puente Cayastacito, RP 62",2025-04-06 07:30,111,12
L55322526,AR,AR-S,AR-S-CL,-31.3076915,-61.3999985,Puente Cuculucito Bella Italia,2026-09-04 15:43,80,3
L55379643,AR,AR-S,AR-S-CL,-31.336624,-61.3710685,Puente Cuculucito Bella Italia y Aurelia Nte.,2026-05-17 07:59,105,6
L22875993,AR,AR-X,AR-X-TA,-32.149982,-64.1279456,Puente Ferrocarril Puente Negro,2026-09-24 10:02,109,14
L53909253,AR,AR-Y,AR-Y-LE,-23.7703488,-64.6355459,Puente Ferroviario Río Zora (Caimancito),2026-07-16 16:47,62,3
L13904163,AR,AR-E,AR-E-CO,-32.1674527,-58.2076309,Puente La Picada,2026-03-15 17:30,76,3
L15644697,AR,AR-X,AR-X-GM,-32.2860632,-63.2295596,Puente Las Mojarras,2024-05-19 10:00,129,31
L54952435,AR,AR-A,AR-A-CH,-25.1616732,-65.6580976,Puente Mal Paso,2026-09-13 08:38,27,7
L21658224,AR,AR-S,AR-S-LC,-31.5122274,-60.7956532,Puente Mihura y arededores.,2026-07-23 10:00,99,5
L11921682,AR,AR-A,AR-A-LC,-24.7055975,-65.2545577,Puente Negro,2025-07-20 13:57,136,36
L10185179,AR,AR-S,AR-S-SR,-31.9244095,-61.1252404,Puente Oroño caido,2026-07-10 13:55,141,19
L38412652,AR,AR-E,AR-E-FL,-30.4422348,-58.7481784,Puente Paso Bravo,2026-05-02 09:10,41,3
L6157211,AR,AR-M,AR-M-LH,-32.6821767,-69.5230315,Puente Pichueuta,2026-09-06 11:30,23,17
L53282316,AR,AR-N,AR-N-SP,-26.5313978,-54.100558,Puente Piray,2025-09-26 10:00,5,0
L10345902,AR,AR-Q,AR-Q-HU,-40.057368,-71.077571,Puente Quilquihue,2026-07-24 13:47,45,32
L22103459,AR,AR-S,AR-S-SC,-30.0170943,-61.2955828,"Puente RP38, canal Laguna Palos Negros - La Verde",2024-03-15 11:14,6,2
L16209960,AR,AR-W,AR-W-CN,-27.5549274,-58.7499475,Puente Riachuelo,2026-09-10 08:00,79,9
L3984430,AR,AR-B,AR-B-MT,-35.6192446,-58.9321017,Puente Romero,2025-09-13 16:30,88,6
L3169433,AR,AR-E,AR-E-VC,-32.7225986,-60.3588867,Puente Rosario-Victoria,2026-09-18 07:00,175,51
L15732672,AR,AR-Q,AR-Q-AL,-38.9048089,-71.0628471,Puente Ruta N° 13  Río Litrán,2026-02-21 09:25,34,8
L22442397,AR,AR-E,AR-E-GC,-33.1484294,-59.0260011,Puente Ruta a Pehuajó Vieja al este de Enrique Carbo,2024-05-11 11:21,31,3
L40555599,AR,AR-S,AR-S-LC,-31.2542383,-60.887576,Puente Río Salado en RP4 y Eucaliptal,2026-09-27 17:36,51,6
L55664688,AR,AR-H,AR-H-PM,-27.3348807,-58.9663801,Puente RíoTragadero Luzuriaga,2024-10-12 12:05,19,1
L8167996,AR,AR-S,AR-S-GA,-30.8564636,-60.2787474,Puente Saladillo Saladero,2021-06-29 09:41,66,3
L27230171,AR,AR-S,AR-S-LC,-31.6061976,-61.159524,Puente San Jerónimo Del Sauce,2026-03-15 10:16,73,7
L6189606,AR,AR-W,AR-W-MB,-28.1246021,-58.145957,Puente Santa Lucía,2026-07-12 12:08,164,32
L17016833,AR,AR-R,AR-R-EC,-39.1600815,-66.883564,Puente Valle Azul,2021-12-05 07:42,23,3
L28048838,AR,AR-B,AR-B-LB,-35.2437676,-59.1149193,Puente Viejo (Lobos),2026-07-03 10:37,167,45
L53286775,AR,AR-W,AR-W-GA,-29.0289433,-56.4956633,Puente Viejo Rio Santa Ana Corrientes,2025-12-01 13:45,52,4
L13332092,AR,AR-V,AR-V-RG,-53.8356076,-67.7922001,Puente Viejo de Rio Grande,2026-08-12 18:32,51,43
L53305536,AR,AR-N,AR-N-MO,-26.7411615,-54.7548906,Puente Viejo del Arroyo Paranay Guazú,2025-09-26 07:00,69,1
L16519450,AR,AR-S,AR-S-LC,-31.278364,-61.0634569,"Puente Viejo, A. Las Prusianas - Grutly",2026-07-13 13:10,83,15
L17356584,AR,AR-S,AR-S-LC,-31.1954808,-60.9441941,Puente al oeste de Cululú (arroyo cululú),2024-07-31 17:55,30,6
L55420625,AR,AR-E,AR-E-PA,-31.2459811,-59.9484449,Puente arroyo Hernandarias,2025-11-24 06:00,55,2
L20297846,AR,AR-B,AR-B-LB,-35.2807735,-59.144939,Puente camino a Sdor. María,2026-01-17 10:36,99,14
L55487885,AR,AR-S,AR-S-CL,-31.3763169,-61.4384254,Puente carrilero Aurelia,2026-07-18 08:21,30,2
L35769030,AR,AR-T,AR-T-MO,-27.1267214,-65.7843959,Puente colgante río Los Reales,2025-08-27 10:14,55,6
L14029879,AR,AR-S,AR-S-LC,-31.3296606,-61.1128395,"Puente de ""Cirilo"" y alrededores",2025-11-24 06:49,141,37
L3463665,AR,AR-X,AR-X-SJ,-30.965319,-62.4378347,Puente de Chipión,2025-05-04 08:21,134,27
L7482759,AR,AR-B,AR-B-LB,-35.144602,-59.05294,Puente de arroyo - Empalme Lobos,2026-06-07 09:53,101,17
L17754267,AR,AR-B,AR-B-MD,-34.629793,-59.4296717,Puente de calle 29 sobre el Río Luján.,2026-01-18 14:59,62,13
L12146351,AR,AR-S,AR-S-LC,-31.363072,-60.9467237,Puente de hierro (rp 50s) y arroyo Cululú y alrededores,2026-09-12 13:08,206,123
L17390744,AR,AR-B,AR-B-MD,-34.6228894,-59.4074162,Puente de la Ruta 41 sobre el Río Luján. Mercedes (Bs. As.),2025-01-09 09:25,53,10
L55419637,AR,AR-E,AR-E-PA,-31.7308014,-60.3087066,Puente de la picada,2025-11-21 13:00,3,0
L17686578,AR,AR-Y,AR-Y-SB,-24.0736165,-64.3790467,Puente de madera RP N°6 - Río Santa Rita,2026-07-02 10:45,75,27
L1304237,AR,AR-M,AR-M-LH,-32.82517,-69.9096,Puente del Inca,2026-09-06 13:36,60,53
L21285674,AR,AR-K,AR-K-PA,-28.1496326,-65.6673009,Puente del Rio Paclin,2026-05-24 15:19,130,18
L30311029,AR,AR-S,AR-S-SC,-30.2264068,-61.0842186,Puente del camino Vizcacheras,2024-03-30 18:33,14,2
L19621867,AR,AR-Y,AR-Y-CA,-24.1206114,-65.4381752,Puente en Yala,2026-08-06 07:27,138,88
L62670168,AR,AR-S,AR-S-CR,-33.3100366,-61.5898,Puente naranja,2026-04-25 09:48,52,6
L35845736,AR,AR-S,AR-S-LP,-31.0426542,-60.8405907,Puente río Salado ruta 62,2024-08-17 10:30,45,1
L19071064,AR,AR-X,AR-X-RC,-33.5304899,-64.5374056,Puente sobre Arroyo Sampacho,2024-05-22 14:54,26,2
L11865290,AR,AR-S,AR-S-GA,-31.1493171,-60.4015582,Puente sobre Aº Saladillo Dulce Ruta 62,2025-09-21 12:07,121,8
L8030735,AR,AR-W,AR-W-ME,-28.9094145,-57.2413512,Puente sobre Rio Miriñay,2026-08-31 10:12,205,61
L7408762,AR,AR-Y,AR-Y-LE,-23.7114172,-64.5364809,Puente sobre Río San Francisco (Jujuy),2026-07-30 10:05,232,145
L3895658,AR,AR-A,AR-A-OR,-23.3593737,-64.1813556,Puente sobre Río San Francisco (Salta),2025-10-31 07:15,156,32
L4927854,AR,AR-H,AR-H-SF,-27.4281567,-58.869617,Puente sobre Río Tragadero,2026-03-31 18:26,203,68
L21901008,AR,AR-N,AR-N-SP,-26.6298926,-53.8948292,Puente sobre al Arroyo Yaboti Guazú Mini,2024-07-23 11:24,41,4
L34564334,AR,AR-N,AR-N-IG,-25.9442387,-54.3078272,Puente-- Ruta 19 x Arroyo Falso Urugua-í,2026-07-30 07:00,82,5
L21810867,AR,AR-E,AR-E-NO,-32.2588252,-59.8104471,Puentes - zona Don Cristóbal,2026-06-27 15:40,126,17
L22755836,AR,AR-S,AR-S-CL,-30.9080407,-61.248131,Puentes de la R10 Y 80S,2023-02-21 11:27,14,2
L27242622,AR,AR-S,AR-S-LC,-31.288798,-61.1017771,Puentes del Yaguarundí - Grutly,2023-09-24 12:32,57,2
L12858424,AR,AR-K,AR-K-SR,-28.0015872,-65.4378708,Puerta Grande.,2020-12-01 11:13,1,0
L2761520,AR,AR-A,AR-A-CH,-25.1351667,-65.5183333,Puerta de Díaz,2026-03-24 18:33,47,5
L3008554,AR,AR-H,AR-H-SF,-27.6527582,-58.8524522,Puerto,2014-04-27 07:00,68,1
L55487522,AR,AR-E,AR-E-LP,-31.1095108,-59.8499829,Puerto Algarrobo,2025-11-26 05:45,91,1
L23940027,AR,AR-V,AR-V-US,-54.8718211,-67.57008,Puerto Almanza,2026-05-20 15:58,74,79
L5250995,AR,AR-H,AR-H-PM,-27.442021,-58.851335,Puerto Antequeras,2026-01-05 05:54,90,8
L4022500,AR,AR-P,AR-P-FO,-26.3753382,-58.2124007,Puerto Aquino,2025-08-13 17:04,138,19
L49444541,AR,AR-N,AR-N-SI,-27.2904554,-55.5597563,Puerto Arara-á,2013-01-22 07:00,20,2
L13892819,AR,AR-B,AR-B-CI,-35.837198,-57.423095,Puerto Boca del Salado,2025-06-09 13:32,88,36
L60736127,AR,AR-Z,AR-Z-GA,-50.9567659,-69.2220143,Puerto Coig,2026-05-03 09:01,17,3
L2762884,AR,AR-E,AR-E-II,-33.834526,-59.0396476,Puerto Constanza,2023-12-23 11:20,81,6
L28575843,AR,AR-B,AR-B-BB,-38.7480827,-62.3821635,Puerto Cuatreros,2026-09-17 13:21,117,123
L1653559,AR,AR-P,AR-P-FO,-25.8748745,-57.8732263,Puerto Dalmacia,2023-08-18 08:19,44,2
L682260,AR,AR-Z,AR-Z-DE,-47.7545596,-65.8984852,Puerto Deseado,2026-08-23 14:15,131,484
L11927791,AR,AR-Z,AR-Z-DE,-47.7496099,-65.9373392,Puerto Deseado--Camino Costero,2026-08-29 14:34,87,180
L38736967,AR,AR-Z,AR-Z-DE,-47.7430577,-65.9621986,Puerto Deseado--Cañadón Torcido,2026-09-19 10:43,41,27
L11927879,AR,AR-Z,AR-Z-DE,-47.7571219,-65.8950526,Puerto Deseado--Costanera,2026-09-25 19:19,75,163
L30208359,AR,AR-Z,AR-Z-DE,-47.9694,-66.5904,Puerto Deseado--Ea. El Triunfo,2025-10-24 08:58,25,4
L28815676,AR,AR-Z,AR-Z-DE,-47.7524638,-65.9074229,Puerto Deseado--Laguna Prefectura,2026-05-27 14:10,34,36
L11515400,AR,AR-Z,AR-Z-DE,-47.7500574,-65.8784698,Puerto Deseado--Laguna de CARSA,2026-09-17 15:24,84,244
L12434921,AR,AR-Z,AR-Z-DE,-47.743398,-65.8962049,Puerto Deseado--Lagunita Inset,2026-05-17 11:05,28,12
L38749193,AR,AR-Z,AR-Z-DE,-47.756931,-65.9008782,Puerto Deseado--Muelle de Puerto Penacho,2026-05-27 14:25,26,12
L11357243,AR,AR-S,AR-S-SR,-32.4525653,-60.820097,Puerto Gaboto--Arbolada externa cementerio y ribera del rio Carcaraña,2025-02-15 09:02,35,2
L11842059,AR,AR-S,AR-S-SR,-32.4508473,-60.8362882,Puerto Gaboto--Camino rural de PuertoGaboto a RP 95 Chanchería,2020-07-26 08:30,17,2
L11968052,AR,AR-S,AR-S-SR,-32.3993275,-60.879061,Puerto Gaboto--Camino rural entre Puerto Gaboto y Arroyo Monje,2020-08-02 00:00,22,2
L23954260,AR,AR-S,AR-S-SR,-32.4453227,-60.8101948,Puerto Gaboto--Camping Comunal,2025-10-11 18:30,19,2
L11124294,AR,AR-S,AR-S-SR,-32.4409986,-60.8078876,Puerto Gaboto--Jardín de Cabañas Aguapé,2026-09-05 17:51,65,33
L13241564,AR,AR-S,AR-S-SR,-32.4417783,-60.8052055,Puerto Gaboto--Parque del Fuerte,2025-06-20 15:00,88,10
L19881282,AR,AR-B,AR-B-BB,-38.7741348,-62.305368,Puerto Galván,2026-05-20 09:00,55,24
L485353,AR,AR-V,AR-V-US,-54.8779893,-67.3312569,Puerto Harberton,2026-03-26 15:05,90,144
L23516994,AR,AR-N,AR-N-IG,-25.5986368,-54.5435891,Puerto Iguazu--Awasi,2026-09-07 14:40,167,425
L39093576,AR,AR-N,AR-N-IG,-25.6001472,-54.5620196,Puerto Iguazú--Aduana Argentina,2026-09-22 07:01,122,812
L64025267,AR,AR-N,AR-N-IG,-25.5944084,-54.5858181,Puerto Iguazú--Costanera Eduardo Arrabal,2026-09-20 07:05,104,38
L2504261,AR,AR-N,AR-N-IG,-25.6244752,-54.5499569,Puerto Iguazú--Hotel Orquídeas Palace,2026-09-07 10:06,173,117
L39208817,AR,AR-N,AR-N-IG,-25.5946869,-54.5656346,Puerto Iguazú--Iguazú Jungle Lodge,2026-08-17 08:42,107,56
L39499832,AR,AR-N,AR-N-IG,-25.5930093,-54.5762628,Puerto Iguazú--Mirador escondido,2026-08-02 16:24,93,58
L27529172,AR,AR-N,AR-N-IG,-25.6071972,-54.5699661,Puerto Iguazú--Plaza Malvinas,2026-07-06 17:22,97,48
L28282923,AR,AR-N,AR-N-IG,-25.6106437,-54.5781469,Puerto Iguazú--Plaza de los Niños,2026-09-10 06:39,44,7
L8134618,AR,AR-N,AR-N-IG,-25.598419,-54.5709586,Puerto Iguazú--ciudad,2026-09-25 17:51,251,684
L74272231,AR,AR-B,AR-B-VI,-38.7983076,-62.2718469,Puerto Ingeniero White,2026-06-11 10:15,23,3
L21209356,AR,AR-W,AR-W-CO,-28.4437185,-57.6913708,Puerto Juli Cué,2026-07-29 09:12,152,35
L3713345,AR,AR-N,AR-N-IG,-25.9196069,-54.583683,Puerto Libertad,2026-08-19 15:25,122,68
L2762647,AR,AR-R,AR-R-SA,-42.0,-65.0833,Puerto Lobos,2026-04-17 15:34,61,9
L46137593,AR,AR-U,AR-U-BI,-42.7665089,-65.1000669,Puerto Madryn--Cementerio Parque,2025-04-09 16:00,14,1
L2771712,AR,AR-U,AR-U-BI,-42.7046412,-65.0716782,Puerto Madryn--Cota 130,2026-09-16 08:55,137,222
L1295551,AR,AR-U,AR-U-BI,-42.7821417,-64.9957609,Puerto Madryn--Ecocentro,2026-07-24 16:54,105,101
L28353045,AR,AR-U,AR-U-BI,-42.7790133,-65.0738305,Puerto Madryn--Lagunas Barrio El Progreso,2026-01-08 17:36,66,20
L55319416,AR,AR-U,AR-U-BI,-42.7536261,-65.043346,Puerto Madryn--Parque Bernardo Houssay,2026-09-02 11:10,25,7
L15153937,AR,AR-U,AR-U-BI,-42.7797488,-65.0016163,Puerto Madryn--Punta Cueva,2026-09-25 11:10,96,175
L2364650,AR,AR-U,AR-U-BI,-42.7613814,-65.0361443,Puerto Madryn--ciudad y playa,2026-09-22 07:20,156,651
L27703579,AR,AR-U,AR-U-BI,-42.7621767,-65.0245671,Puerto Madryn--muelle de cruceros,2026-09-02 12:30,76,147
L24459128,AR,AR-S,AR-S-GO,-28.5514948,-59.114281,Puerto Ocampo - Jaaukanigás,2026-07-23 11:43,185,19
L51517408,AR,AR-P,AR-P-PR,-25.41302,-58.89421,Puerto Onza,2025-08-10 00:00,1,0
L16637128,AR,AR-U,AR-U-CU,-42.1483378,-71.5313119,"Puerto Patriada, Lago Epuyén,Chubut",2026-01-15 16:04,60,23
L3664621,AR,AR-S,AR-S-GO,-28.2283218,-59.1143042,Puerto Piracuacito,2026-05-25 13:29,260,139
L7840724,AR,AR-S,AR-S-GO,-28.1297347,-59.0743101,Puerto Piracuá,2026-03-13 12:42,140,10
L69503802,AR,AR-N,AR-N-MO,-26.4587786,-54.6895552,Puerto Piray,2026-07-14 08:54,68,12
L9776032,AR,AR-N,AR-N-LM,-26.808462,-55.022373,Puerto Rico,2026-09-19 16:55,81,20
L678091,AR,AR-B,AR-B-CR,-38.9120735,-62.0594931,Puerto Rosales,2026-05-21 09:00,99,45
L2762995,AR,AR-R,AR-R-SA,-40.8,-64.8833,Puerto San Antonio Este,2026-07-18 12:41,133,91
L5842094,AR,AR-Z,AR-Z-MA,-49.3140661,-67.723031,Puerto San Julián,2026-09-20 19:11,119,160
L16517978,AR,AR-Z,AR-Z-MA,-49.2995868,-67.7269792,Puerto San Julián--La Marisma,2026-07-17 10:25,73,36
L4988770,AR,AR-Z,AR-Z-MA,-49.2680006,-67.7284598,Puerto San Julián--Paseo costero,2026-05-05 11:23,100,79
L5431010,AR,AR-Z,AR-Z-MA,-49.3030481,-67.7450466,Puerto San Julián--Salina en acceso,2026-05-06 12:44,67,47
L3627472,AR,AR-Z,AR-Z-CA,-50.0192493,-68.522037,Puerto Santa Cruz,2026-07-09 16:26,79,78
L6032146,AR,AR-E,AR-E-CC,-31.5308509,-58.0099427,Puerto Yeruá,2026-02-28 15:40,107,12
L12381002,AR,AR-E,AR-E-CC,-31.5665859,-58.0028571,Puerto Yeruá--Bañados y Cavas,2025-08-23 16:24,135,50
L21892164,AR,AR-E,AR-E-GC,-33.0630064,-58.3910539,Puerto boca,2026-06-13 10:34,69,5
L19783208,AR,AR-U,AR-U-ES,-45.7492425,-67.3678346,Puerto de Caleta Córdova,2025-12-11 18:22,44,14
L4788958,AR,AR-B,AR-B-GP,-38.0461309,-57.5407863,Puerto de MDQ,2026-08-15 11:11,73,52
L52373213,AR,AR-B,AR-B-ES,-34.3424842,-58.7229023,Puertos (General),2026-09-27 17:18,207,556
L52373203,AR,AR-B,AR-B-ES,-34.3202454,-58.7074771,Puertos (Reserva),2026-09-12 10:40,167,135
L11851528,AR,AR-S,AR-S-LP,-31.7347153,-60.8501278,"Puesto ""El Mesías""",2026-08-08 08:44,129,13
L49255408,AR,AR-M,AR-M-LH,-32.7945693,-68.9714727,Puesto Agua de las Chilcas,2025-12-30 08:58,48,10
L11401317,AR,AR-Z,AR-Z-LB,-46.630503,-71.4583234,Puesto Cisne,2023-11-16 20:18,22,2
L34793872,AR,AR-X,AR-X-TU,-30.5359546,-63.4566296,Puesto De Fierro,2025-12-29 09:17,34,4
L15756099,AR,AR-V,AR-V-RG,-53.2962572,-68.4588006,Puesto Fronterizo San Sebastián--Rio San Martin,2026-03-05 12:47,51,63
L12879419,AR,AR-A,AR-A-OR,-23.1083269,-64.2129788,Puesto La Balsa
L30174560,AR,AR-Z,AR-Z-LA,-49.8702986,-71.0775841,Puesto La Betty - Ea Mata Amarilla,2025-10-30 20:00,30,23
L13734439,AR,AR-J,AR-J-CC,-31.5764312,-67.8680521,Puesto Nikizanga,2021-02-15 14:21,12,2
L11638935,AR,AR-A,AR-A-LC,-24.6856525,-65.28751,Puesto Policial Gallinato,2025-11-15 11:20,91,11
L7987587,AR,AR-Y,AR-Y-SB,-23.8169288,-64.2114948,Puesto Páez. Las Vertientes.,2026-07-02 13:15,209,124
L54737016,AR,AR-W,AR-W-ST,-28.2587057,-55.9577844,Puesto Yohaza,2026-08-18 06:36,168,41
L15718838,AR,AR-S,AR-S-LC,-31.5064933,-60.9325784,Pujato Norte (pueblo y alrededores),2023-12-16 15:18,90,12
L30613336,AR,AR-A,AR-A-CH,-25.0919266,-65.5691129,Pulares,2026-09-27 13:59,78,25
L4512973,AR,AR-B,AR-B-CR,-38.873394,-62.0820236,Punta Alta,2025-10-24 15:17,69,15
L24366533,AR,AR-B,AR-B-CR,-38.870437,-62.0724857,Punta Alta--Parque San Martín,2025-09-21 18:06,29,3
L54879931,AR,AR-U,AR-U-BI,-42.6974867,-64.9965753,Punta Arco,2026-01-25 19:54,27,1
L16145462,AR,AR-S,AR-S-GA,-31.1857831,-60.1306173,Punta Arena. Complejo Turístico,2026-08-09 12:29,134,38
L2343947,AR,AR-Z,AR-Z-CA,-49.9379636,-68.5759735,Punta Beagle,2025-05-11 14:42,59,40
L63942670,AR,AR-B,AR-B-ML,-34.968343,-57.696502,Punta Blanca,2026-08-15 11:41,97,3
L65690881,AR,AR-Z,AR-Z-DE,-48.1051982,-65.9199079,Punta Buque,2026-04-20 09:30,11,0
L8002971,AR,AR-Z,AR-Z-DE,-47.744207,-65.8483448,Punta Cavendish--Las Piletas,2026-06-10 17:20,82,95
L23038253,AR,AR-R,AR-R-SA,-41.6968422,-65.0188903,Punta Colorada,2026-01-22 17:47,82,26
L16342819,AR,AR-G,AR-G-AV,-28.4712109,-63.4559135,Punta Corral,2021-09-07 17:00,1,0
L4583216,AR,AR-Z,AR-Z-GA,-52.3937252,-68.427465,Punta Dúngeness,2026-06-27 11:02,62,46
L2763394,AR,AR-U,AR-U-FA,-44.6333333,-65.5,Punta Fabián Norte,2009-02-12 11:30,13,1
L2763395,AR,AR-U,AR-U-FA,-44.6333333,-65.5833333,Punta Fabián Sur,2009-02-12 11:30,15,1
L3890404,AR,AR-B,AR-B-NE,-38.65795,-58.94525,Punta Florida,2024-07-07 12:02,45,7
L12859182,AR,AR-Z,AR-Z-DE,-47.8026247,-65.873521,Punta Guanaco,2025-02-09 13:11,19,4
L2683008,AR,AR-B,AR-B-ML,-35.2349637,-57.2736168,Punta Indio,2026-08-08 08:12,271,812
L2763221,AR,AR-B,AR-B-EN,-34.8061667,-58.039,Punta Lara--Camino Villa Elisa,2026-09-17 08:46,213,270
L2761798,AR,AR-U,AR-U-RA,-43.0616667,-64.466,Punta León,2019-11-16 10:12,26,4
L2287972,AR,AR-Z,AR-Z-GA,-51.6146057,-69.0119934,Punta Loyola,2026-09-10 17:18,134,1535
L59960145,AR,AR-Z,AR-Z-GA,-51.6100467,-69.0141867,Punta Loyola--Puerto,2026-09-18 10:37,43,17
L2763552,AR,AR-B,AR-B-LC,-36.8833333,-56.675,Punta Médanos,2025-02-12 00:00,119,20
L4149176,AR,AR-B,AR-B-NE,-38.6224776,-58.8278376,Punta Negra,2025-06-08 16:25,85,43
L5892312,AR,AR-U,AR-U-RA,-42.9770231,-64.3086004,Punta Ninfas,2026-04-11 13:37,77,23
L31624976,AR,AR-N,AR-N-PS,-27.3430186,-56.0192203,Punta Parma,2024-05-11 15:00,11,1
L5891529,AR,AR-B,AR-B-ML,-35.3906593,-57.1475101,Punta Piedras,2026-05-30 16:18,200,74
L19045277,AR,AR-B,AR-B-LC,-36.311772,-56.770245,Punta Rasa--Camino interno antes de Termas Marinas,2026-06-16 09:01,142,74
L38975669,AR,AR-B,AR-B-LC,-36.3156784,-56.751852,Punta Rasa--Mirador de Aves,2026-08-23 09:45,136,72
L2554761,AR,AR-B,AR-B-LC,-36.306288,-56.772803,Punta Rasa--Termas Marinas,2026-02-20 17:55,172,119
L22165927,AR,AR-Z,AR-Z-LA,-50.313311,-72.292462,Punta Soberana,2026-09-27 11:18,95,459
L30650822,AR,AR-R,AR-R-SA,-40.8025191,-64.9002675,Punta Villarino,2026-08-29 01:00,53,8
L46733407,AR,AR-X,AR-X-TA,-32.5340142,-63.7958254,Punta del Agua--Laguna de la RP 10,2025-05-30 09:18,56,1
L20320997,AR,AR-B,AR-B-ML,-35.5875578,-57.2603925,Punta piedras,2026-05-02 17:20,142,58
L40439721,AR,AR-S,AR-S-GL,-33.7022222,-61.4747222,Punto 1 - Laguna Melincué,2026-02-01 09:13,28,2
L15917828,AR,AR-Z,AR-Z-CA,-50.0816664,-68.4970435,Punto Isla Leones (PMT),2026-09-20 14:00,54,95
L15917782,AR,AR-Z,AR-Z-CA,-49.9902786,-68.5521542,Punto Misionero (PMT),2026-06-17 13:14,69,104
L15917884,AR,AR-Z,AR-Z-CA,-50.0149702,-68.5176806,Punto Pueblo (PMT),2026-08-11 11:01,61,119
L1312504,AR,AR-Y,AR-Y-TU,-23.7472667,-65.4993296,Purmamarca,2026-09-27 12:40,152,350
L13332583,AR,AR-S,AR-S-VE,-28.6176824,-60.0982979,"Quebrachal (entre estero Las Leonas - Intiyaco, rp 31)",2025-07-19 12:55,80,8
L30612993,AR,AR-A,AR-A-CH,-25.1781605,-65.8160663,"Quebrada ""La Sirena""",2026-09-13 09:50,107,120
L41988303,AR,AR-K,AR-K-CA,-28.5509414,-65.9751176,Quebrada Arroyo Los Pinos,2025-10-10 09:30,28,2
L12927069,AR,AR-M,AR-M-LC,-32.836076,-69.8681327,Quebrada De Vargas,2026-04-05 12:02,40,17
L5420969,AR,AR-J,AR-J-VF,-30.672645,-67.4578249,Quebrada El Pilucho,2021-02-21 18:30,17,3
L22162721,AR,AR-K,AR-K-AM,-28.1966536,-65.8459309,Quebrada El Rodeo-La Puerta,2026-03-14 15:00,47,10
L8404802,AR,AR-A,AR-A-SV,-22.20228,-65.21122,Quebrada Lizoite,2026-09-20 16:57,105,360
L65207860,AR,AR-K,AR-K-BE,-26.389213,-66.7447387,Quebrada Río Aparoma,2026-05-03 12:15,3,0
L18459434,AR,AR-K,AR-K-CA,-28.6467708,-66.0529057,Quebrada Río El Simbolar,2024-12-20 06:00,108,13
L21521569,AR,AR-K,AR-K-CA,-28.7959559,-66.2514672,Quebrada Río San Gerónimo,2023-04-08 17:00,47,3
L41485722,AR,AR-K,AR-K-PO,-28.0435517,-66.1342415,Quebrada San José de Colpes,2025-03-21 09:15,30,1
L21132505,AR,AR-X,AR-X-SV,-32.029084,-65.0039774,Quebrada de Ambrosio (San Javier),2026-01-24 16:09,57,10
L5834788,AR,AR-F,AR-F-CB,-28.7960949,-67.0088553,Quebrada de Anillaco,2022-08-11 08:00,63,2
L844319,AR,AR-A,AR-A-LV,-25.7115716,-65.7020187,Quebrada de Cafayate,2026-07-23 16:32,110,32
L6992534,AR,AR-K,AR-K-AS,-25.7265654,-67.5161705,Quebrada de Calalaste,2025-11-10 08:35,37,9
L50912550,AR,AR-G,AR-G-GU,-28.1149844,-64.8266034,Quebrada de Conso,2025-08-01 09:30,45,3
L3921970,AR,AR-A,AR-A-CH,-25.154235,-65.6868782,Quebrada de Escoipe,2026-09-26 16:34,242,151
L23612316,AR,AR-A,AR-A-SA,-24.8685,-65.216386,Quebrada de La Horqueta,2026-06-13 13:55,95,13
L9376049,AR,AR-X,AR-X-SV,-31.910448,-65.0349047,Quebrada de Los Pozos,2025-10-11 15:27,69,8
L13744022,AR,AR-X,AR-X-SV,-31.9233366,-65.0428927,Quebrada de Los Pozos (Córdoba),2023-07-21 15:07,49,5
L14640426,AR,AR-X,AR-X-PU,-30.7746556,-64.4914419,"Quebrada de Luna, camino a Ongamira",2022-12-31 07:08,86,3
L71986690,AR,AR-K,AR-K-CT,-28.4305812,-65.7552767,Quebrada de Moreira,2026-06-28 13:15,2,0
L5421022,AR,AR-J,AR-J-VF,-30.7221003,-67.4323654,"Quebrada de Quimilo, San Agustín de Valle Fertil",2023-06-09 10:12,42,5
L3081504,AR,AR-A,AR-A-SA,-24.7224423,-65.5078736,Quebrada de San Lorenzo,2026-09-12 10:36,218,253
L2763598,AR,AR-A,AR-A-CH,-25.1228333,-65.5356667,Quebrada de Tilián,2025-04-20 14:00,149,15
L26961465,AR,AR-K,AR-K-CA,-28.8270345,-66.3070791,Quebrada de Trampasacha,2024-12-05 10:02,48,2
L9610786,AR,AR-M,AR-M-LC,-32.9241253,-69.2439054,Quebrada de la Cascada del Ángel,2026-01-18 09:50,43,11
L2761805,AR,AR-K,AR-K-PO,-28.7148333,-66.332,Quebrada de la Cébila,2026-09-15 16:40,41,3
L16989275,AR,AR-G,AR-G-CH,-28.3714325,-64.8029117,Quebrada de la Virgen del Carmen,2021-11-27 17:45,13,1
L2761808,AR,AR-A,AR-A-GU,-25.6625,-65.6288333,Quebrada de las Conchas,2024-11-16 08:30,67,14
L72969980,AR,AR-Y,AR-Y-HU,-23.307719,-65.3625583,Quebrada de las Señoritas,2026-09-20 16:00,15,1
L2763441,AR,AR-M,AR-M-LH,-33.0166667,-69.05,Quebrada de los Berros,2026-07-06 08:30,79,25
L2761485,AR,AR-A,AR-A-LA,-24.5184,-68.1993,Quebrada del Agua,2023-03-02 10:22,10,1
L10135801,AR,AR-X,AR-X-PU,-31.5964301,-64.709537,Quebrada del Batán,2026-09-21 10:08,102,199
L13518129,AR,AR-T,AR-T-TR,-26.378,-65.693,Quebrada del Corralito,2023-07-30 10:04,62,29
L2763354,AR,AR-M,AR-M-LC,-33.0946667,-69.313,Quebrada del Cóndor (Mendoza),2025-10-30 10:12,61,14
L44070114,AR,AR-A,AR-A-CH,-25.166727,-65.8499908,Quebrada del Escoipe,2026-09-16 10:55,60,43
L2763277,AR,AR-A,AR-A-LC,-24.6833333,-65.3,Quebrada del Gallinato,2026-06-17 16:31,189,61
L47068883,AR,AR-B,AR-B-VI,-38.7005263,-62.5327713,Quebrada del Indio,2026-02-14 07:16,58,16
L11414139,AR,AR-K,AR-K-CT,-28.4212214,-65.8494759,Quebrada del Río Tala km 11,2022-08-14 16:24,65,5
L21775807,AR,AR-X,AR-X-CA,-32.1755035,-64.7728157,Quebrada del Silencio El Durazno,2025-02-26 09:25,51,8
L44728936,AR,AR-D,AR-D-CH,-32.6423438,-64.9515941,Quebrada del Talar de Los Molles,2025-05-10 16:12,8,1
L2761810,AR,AR-A,AR-A-RL,-24.7378333,-65.7446667,Quebrada del Toro,2025-01-17 11:20,87,17
L1554716,AR,AR-A,AR-A-RL,-24.5892485,-65.8426653,Quebrada del Toro--Ingeniero Maury,2024-01-12 10:00,80,5
L1533607,AR,AR-A,AR-A-RL,-24.5492918,-65.8651498,Quebrada del Toro--Puerta Tastil,2019-10-14 00:00,85,3
L51009544,AR,AR-J,AR-J-VF,-30.86435,-67.3239712,Quebrada del río Las Tumanas,2025-08-01 09:00,50,3
L10102644,AR,AR-L,AR-L-UT,-37.119032,-64.514155,Quehué sobre RP18,2026-09-26 13:49,52,14
L21673991,AR,AR-B,AR-B-NE,-38.5595558,-58.7049007,Quequén,2026-08-13 09:42,17,4
L2761803,AR,AR-Y,AR-Y-SC,-21.8697232,-66.1113346,Queñoales de Santa Catalina,2026-04-20 12:00,69,36
L2763339,AR,AR-B,AR-B-EB,-34.8091667,-58.4795,Quinta La Isolina Monte Grande,2025-11-30 05:40,30,4
L39996085,AR,AR-B,AR-B-EC,-34.3944985,-59.0771127,Quinta Mintaka,2025-02-04 10:00,15,1
L4740889,AR,AR-X,AR-X-CB,-31.3356041,-64.2833877,Quisquizacate,2026-09-24 14:00,89,145
L17336488,AR,AR-S,AR-S-SC,-30.1025331,-60.9897348,R P 93 S Puente Arroyo Las Conchas,2026-09-26 14:29,134,10
L37341475,AR,AR-A,AR-A-RI,-23.9363841,-63.2207983,"R.P. 13 y Cam. a Palma Chueca (-23.911, -63.19)",2025-06-17 14:32,57,7
L37329039,AR,AR-G,AR-G-QU,-29.3847131,-63.432638,R.U.M. Sierras de Sumampa--Sumampa Viejo,2024-10-13 13:07,40,5
L22089037,AR,AR-Q,AR-Q-PI,-38.518358,-70.415133,R242-las lajas,2026-06-15 15:55,25,5
L24864973,AR,AR-A,AR-A-GM,-22.2021966,-63.9321544,"R46 Chorrito (-22,17, -63,911)",2023-05-27 09:07,13,1
L30988097,AR,AR-D,AR-D-GP,-33.7448251,-65.1458411,"RESERVA NATURAL ""EL AMANECER"", Justo Daract, S.L.",2024-04-21 09:38,14,1
L3550639,AR,AR-N,AR-N-GU,-27.105986,-54.060349,RN El Coatí,2021-08-11 08:45,41,1
L22185722,AR,AR-M,AR-M-MZ,-32.8931339,-68.877319,RN Flecha Nativa,2026-08-12 12:18,62,70
L2761877,AR,AR-P,AR-P-BE,-24.28,-61.7585,"RN Formosa (por favor, si es posible cargue sus listas en un sitio de interés más específico /please use more specific locations if possible)",2025-05-01 11:02,219,80
L48803172,AR,AR-P,AR-P-BE,-24.3116484,-61.8126135,RN Formosa--Camping Guaipo,2025-10-11 06:16,137,12
L48803224,AR,AR-P,AR-P-BE,-24.3211212,-61.8010424,RN Formosa--Mirador El Alisal,2025-06-29 12:27,1,0
L48803193,AR,AR-P,AR-P-BE,-24.3021176,-61.75978,RN Formosa--Mirador Ganso de Monte,2025-07-23 11:27,11,1
L51516458,AR,AR-P,AR-P-BE,-24.304759,-61.762017,RN Formosa--Mirador La Espera,2025-09-13 10:00,51,3
L48803233,AR,AR-P,AR-P-BE,-24.3149477,-61.8111909,RN Formosa--Mirador Lagunita,2025-06-29 12:19,5,0
L48803200,AR,AR-P,AR-P-BE,-24.301214,-61.7658334,RN Formosa--Mirador Madrejón del Corte,2025-10-11 10:02,98,10
L48803229,AR,AR-P,AR-P-BE,-24.3162034,-61.8105009,RN Formosa--Mirador Monte Adentro,2025-07-23 17:14,26,2
L48803242,AR,AR-P,AR-P-BE,-24.3037435,-61.8346552,RN Formosa--Mirador Río Bermejo,2025-06-29 12:13,1,0
L48803183,AR,AR-P,AR-P-BE,-24.3026242,-61.7563532,RN Formosa--Mirador de Tañhi Wuk,2025-09-24 14:50,35,2
L48803219,AR,AR-P,AR-P-BE,-24.3166116,-61.8067405,RN Formosa--Sendero Monte Adentro,2025-08-13 17:03,78,3
L65112273,AR,AR-B,AR-B-VI,-38.82062,-62.263795,RN Islote de la Gaviota Cangrejera,2026-05-05 09:40,41,14
L20463784,AR,AR-K,AR-K-PA,-28.0000362,-65.6194966,RN Las Tranquitas,2024-08-24 18:00,56,29
L2761883,AR,AR-H,AR-H-GG,-25.4664195,-61.8900029,RN Loro Hablador,2026-07-02 15:10,127,33
L61019651,AR,AR-K,AR-K-CA,-28.8223781,-66.2539506,RN Los Capayanes--Senda El Palmar del Tamandúa,2026-09-07 15:30,36,1
L5589605,AR,AR-N,AR-N-SI,-27.2792342,-55.578289,RN Osununú,2026-09-03 10:38,193,99
L19119850,AR,AR-A,AR-A-AN,-24.235239,-64.157594,RN Pizarro--Lote 7,2026-09-10 15:36,33,2
L1676761,AR,AR-W,AR-W-IZ,-27.4979671,-56.6012799,RN Rincón de Santa María,2026-09-17 08:33,264,379
L51999531,AR,AR-E,AR-E-GC,-33.040554,-58.456947,RN Senderos del Monte,2026-07-27 14:17,50,3
L27970416,AR,AR-D,AR-D-BE,-32.3367391,-66.445174,"RN20, km 334",2026-09-03 16:00,10,0
L29293897,AR,AR-B,AR-B-ML,-35.6002634,-57.2608325,RNPOD Bahía Samborombon,2024-01-28 09:55,7,2
L12434431,AR,AR-V,AR-V-RG,-53.7431449,-67.7498247,RNU Costa Norte,2026-09-23 17:13,77,285
L8406678,AR,AR-A,AR-A-SV,-22.25035,-65.07191,RP 7--Km. 5,2026-09-19 14:59,73,40
L18985605,AR,AR-J,AR-J-IG,-28.5826754,-69.3706614,RP San Guillermo--Laguna Huayca Chica,2022-06-18 13:15,15,3
L19081444,AR,AR-J,AR-J-IG,-28.5344482,-69.3134862,RP San Guillermo--Laguna Huayca Grande.,2022-05-06 13:02,10,1
L18846969,AR,AR-J,AR-J-IG,-28.7829235,-69.3223894,RP San Guillermo--Quebrada La Guanaca.,2022-05-03 13:04,1,0
L18103025,AR,AR-J,AR-J-IG,-28.7229108,-69.2804903,RP San Guillermo--Q° La Guanaca hacia La Brea,2022-03-13 15:38,9,1
L18053015,AR,AR-J,AR-J-IG,-28.8161362,-69.1669581,RP San Guillermo--Refugio Las Majaditas,2022-06-27 18:00,25,13
L18103617,AR,AR-J,AR-J-IG,-28.6837587,-69.3173132,RP San Guillermo--Vegas del refugio La Brea,2022-05-08 16:27,36,5
L2763558,AR,AR-B,AR-B-ML,-35.3245796,-57.2016048,"RP11 cruce a Verónica, al S de Punta Indio",2025-02-24 14:45,160,38
L8869246,AR,AR-U,AR-U-LA,-42.649506,-70.288767,RP12- balcón al Río Chubut,2025-02-24 16:10,56,23
L10858299,AR,AR-U,AR-U-LA,-42.6405712,-70.2409336,RP12-Angostura Blanca Rio Chubut,2026-05-30 13:15,33,7
L53064249,AR,AR-Q,AR-Q-PI,-38.7257,-70.024,RP14-Covunco Centro,2025-09-20 09:45,15,1
L18496281,AR,AR-Y,AR-Y-TI,-23.4721523,-65.2198176,RP18. La puerta. Jujuy,2024-06-21 10:58,20,6
L27525234,AR,AR-Q,AR-Q-NO,-37.823644,-70.871325,RP27 -pta Trolope,2025-10-03 11:30,27,3
L27524402,AR,AR-Q,AR-Q-NO,-37.82551,-70.955471,RP27-Lagunas,2026-05-19 20:04,50,14
L41904912,AR,AR-S,AR-S-SR,-32.249928,-61.175774,RP40-S y afluente rio del carrizal,2025-09-24 17:35,58,2
L8641817,AR,AR-R,AR-R-PI,-41.296846,-71.039471,RP80 x Rio Pichileufu,2026-06-16 09:01,55,31
L8949310,AR,AR-R,AR-R-PI,-41.314273,-71.046845,RP80--0.1-4.6 km S Río Pichileufú,2023-04-23 13:58,51,6
L37342414,AR,AR-A,AR-A-RI,-23.9390209,-63.2235774,"RPr.13, Salta, Lag. Las víboras  (-23.911, -63.19)",2024-12-04 08:30,68,4
L682241,AR,AR-B,AR-B-CR,-38.8466843,-62.1247728,"RUM Bahía Blanca, Bahía Falsa y Bahía Verde--Portal Villa del Mar",2024-10-24 12:23,90,10
L2761863,AR,AR-B,AR-B-PA,-40.157,-62.3375,RUM Bahía San Blas y Refugio de Vida Silvestre Complementario (con Isla del Jabalí e Isla Gama),2021-02-09 13:30,41,9
L27479080,AR,AR-E,AR-E-FE,-30.7271689,-58.78933,RUM El Gato y Loma Limpia- Selva de Montiel,2025-02-27 07:37,105,29
L2904817,AR,AR-B,AR-B-VI,-38.7712164,-62.3460388,"RUM de Bahía Blanca, Bahía Falsa y Bahía Verde",2026-05-04 09:11,81,22
L55880396,AR,AR-W,AR-W-SM,-28.5265615,-57.12173,RUTA PROV. N.40...ZONA ARROCERA COL.PELLEGRINI,2026-05-24 16:56,80,3
L56827954,AR,AR-T,AR-T-TV,-26.6721524,-65.4262392,Raco,2026-09-20 18:51,58,2
L5842986,AR,AR-U,AR-U-ES,-45.937542,-67.5629997,Rada Tilly,2026-01-31 12:35,55,36
L3181216,AR,AR-U,AR-U-ES,-45.9267967,-67.574544,Rada Tilly--Laguna,2026-09-26 09:58,85,129
L2762643,AR,AR-U,AR-U-ES,-45.9313,-67.548,Rada Tilly--Playa,2026-08-25 11:30,69,98
L4654712,AR,AR-B,AR-B-TI,-34.3686612,-58.7116885,Radio Ciudad,2026-08-08 14:42,176,283
L12277382,AR,AR-B,AR-B-TI,-34.4484259,-58.6236484,Radio Nacional,2026-03-07 18:00,144,30
L2658786,AR,AR-S,AR-S-CL,-31.1974032,-61.4990723,Rafaela Estación Experimental INTA,2025-05-12 18:23,31,5
L38125604,AR,AR-S,AR-S-CL,-31.2602836,-61.4640427,Rafaela--Balneario Municipal,2025-02-03 08:37,13,1
L38173503,AR,AR-S,AR-S-CL,-31.2503838,-61.460404,Rafaela--N.Providenti esquina La Plata
L21186162,AR,AR-S,AR-S-CL,-31.2526115,-61.491766,Rafaela--Plaza 25 de Mayo,2026-08-21 11:57,52,31
L75521591,AR,AR-S,AR-S-CL,-31.2501764,-61.4684629,Rafaela--Plaza Villa Rosas,2026-08-09 11:04,10,1
L17101748,AR,AR-S,AR-S-NJ,-28.5526597,-61.7218062,"Raihué, Villa Minetti",2021-12-11 09:44,25,0
L44871389,AR,AR-B,AR-B-RM,-33.4244393,-60.1845431,Ramallo,2025-05-10 16:20,29,1
L3005082,AR,AR-B,AR-B-RM,-33.4899287,-59.9874973,Ramallo--Arroyo Las Hermanas,2023-10-14 07:15,173,32
L4448339,AR,AR-B,AR-B-RM,-33.4829278,-59.9914455,Ramallo--Paseo del Río,2024-06-01 19:58,114,19
L2762829,AR,AR-W,AR-W-SP,-27.8667,-58.2833,Ramones,2017-07-30 11:00,58,1
L23025206,AR,AR-R,AR-R-NJ,-40.49605,-67.25849,Ramos Mexia--Mallin,2026-03-06 13:02,54,13
L7055477,AR,AR-B,AR-B-LB,-35.285041,-59.0998,Rancho Colorado--Laguna de Lobos,2024-08-25 14:16,128,42
L8047362,AR,AR-S,AR-S-SR,-31.9111111,-60.8083333,Rancho Eden,2019-03-16 07:00,55,2
L9610682,AR,AR-S,AR-S-SJ,-30.0403738,-60.5581349,Rancho Los Colorados,2010-03-04 00:00,27,2
L29636348,AR,AR-V,AR-V-RG,-54.0796845,-67.6479723,Rancho Río Fuego (Lugar Fiesta del Ovejero),2026-09-26 12:30,15,4
L16328839,AR,AR-B,AR-B-GZ,-35.50971,-58.32492,Ranchos,2026-09-06 08:08,120,31
L8279482,AR,AR-B,AR-B-RU,-36.7748329,-59.0865712,Rauch y alrededores,2023-02-21 05:30,107,39
L22209166,AR,AR-B,AR-B-RU,-36.773613,-59.1065014,Rauch--Arroyo Chapaleofú Puente Silva y alrededores,2025-02-05 18:42,47,7
L22387859,AR,AR-B,AR-B-RU,-36.5322793,-59.1328831,Rauch--Miranda,2025-02-28 17:00,37,1
L29801296,AR,AR-B,AR-B-RU,-36.7732388,-59.1123164,Rauch--Parque Municipal Juan Silva,2025-02-07 09:41,40,3
L5009323,AR,AR-U,AR-U-RA,-43.2921899,-65.1266786,Rawson--Barrio La Isla,2025-07-26 16:27,48,4
L4094659,AR,AR-U,AR-U-RA,-43.2996504,-65.1064737,Rawson--Ciudad,2026-09-04 09:20,64,40
L54294764,AR,AR-U,AR-U-RA,-43.3417289,-65.0484167,Rawson--Faro Playa Unión,2026-02-28 12:49,19,4
L57813203,AR,AR-U,AR-U-RA,-43.3439441,-65.055501,Rawson--Playa La Galesa,2026-02-28 08:48,24,5
L3169887,AR,AR-U,AR-U-RA,-43.3239289,-65.0466156,Rawson--Playa Unión,2026-03-11 09:00,98,94
L38785219,AR,AR-U,AR-U-RA,-43.3331267,-65.0659933,Rawson--Puente Unión,2026-04-20 14:50,68,34
L21582480,AR,AR-B,AR-B-TI,-34.4087154,-58.5894763,Recreo Suteba,2026-01-21 11:06,45,14
L27209380,AR,AR-A,AR-A-GU,-25.6162751,-65.5028385,Recta del Cebilar,2026-02-16 06:38,94,20
L844589,AR,AR-A,AR-A-CA,-25.1948451,-65.9766769,Recta del Tin Tin,2026-07-06 13:30,86,101
L7434737,AR,AR-X,AR-X-CE,-31.4172693,-64.80313,Refugio CAC-Los Gigantes,2026-09-15 12:31,81,17
L17470697,AR,AR-R,AR-R-BA,-41.8403725,-71.66266,Refugio Casa de Campo en la Montaña,2022-01-29 14:00,26,3
L18927801,AR,AR-B,AR-B-CI,-35.8221282,-57.417984,Refugio El Manantial,2026-04-30 09:04,112,20
L6872223,AR,AR-F,AR-F-VI,-28.4761608,-68.8370705,Refugio El Peñón,2026-01-22 10:40,58,31
L22875454,AR,AR-R,AR-R-BA,-41.8893358,-71.6372182,Refugio Hielo Azul,2026-01-09 15:01,16,5
L68670205,AR,AR-R,AR-R-BA,-41.7714717,-71.7273331,Refugio Los Laguitos,2023-01-15 10:59,1,0
L13482205,AR,AR-Z,AR-Z-LA,-49.1124806,-72.9154919,"Refugio Río Cañadón de Los Toros, Aves Argentinas",2026-07-07 19:11,56,98
L14317422,AR,AR-N,AR-N-GU,-27.0349583,-54.1073333,Refugio Tangara,2010-01-16 08:00,9,1
L6517969,AR,AR-N,AR-N-LM,-26.7280854,-54.7979325,Refugio Tingazú,2026-09-26 09:11,183,429
L16625370,AR,AR-Y,AR-Y-TU,-23.819342,-65.476911,Refugio de Aves de humedal -Molle Punco,2026-09-27 11:57,131,279
L10078057,AR,AR-X,AR-X-SV,-32.1529432,-65.0500488,"Refugio de Vida Silvestre ""Los Barrancos""",2025-04-11 15:52,108,30
L3011795,AR,AR-E,AR-E-CO,-31.8167601,-58.3210999,Refugio de Vida Silvestre La Aurora del Palmar,2026-07-27 09:00,191,117
L5962699,AR,AR-Q,AR-Q-CC,-39.9874455,-69.9871588,Refugio de Vida Silvestre La Teresa--Área costera,2025-11-24 12:10,91,11
L4998095,AR,AR-X,AR-X-SV,-32.1634793,-65.0157273,Refugio de Vida Silvestre Los Barrancos.,2026-01-12 11:49,128,76
L42168005,AR,AR-B,AR-B-VI,-39.5446624,-62.4156188,Refugio de Vida Silvestre Marahué,2025-07-30 10:45,109,0
L9133413,AR,AR-B,AR-B-GL,-36.5958917,-56.7756775,Refugio de Vida Silvestre San Bernardo - Los Ñanduces,2026-08-22 18:37,121,25
L13610849,AR,AR-Z,AR-Z-LB,-47.0283951,-70.6470797,Regugio La Posta de los Toldos,2026-02-04 07:05,52,21
L2763147,AR,AR-X,AR-X-PU,-30.95,-64.5,Relinchos,2025-01-06 10:25,118,19
L31914386,AR,AR-A,AR-A-MO,-25.2925566,-66.3437476,"Reposo de los Peregrinos, Rio Brealitos",2024-12-30 15:28,24,5
L4546358,AR,AR-Y,AR-Y-SP,-24.2956324,-64.952985,Represa Agua de Los Andes,2026-09-05 16:14,126,30
L27550897,AR,AR-X,AR-X-PO,-31.4086492,-65.4360285,Represa Chancaní,2026-05-09 15:50,66,11
L70163340,AR,AR-T,AR-T-LC,-27.7494239,-65.6484818,Represa Los Pizarro,2026-06-14 14:43,15,1
L18022525,AR,AR-Y,AR-Y-PA,-24.2442218,-65.2078517,Represa Martijena,2025-05-10 16:31,135,65
L4605313,AR,AR-X,AR-X-TU,-30.3027981,-63.9796355,Represa San José de la Dormida,2026-09-08 14:31,67,7
L17009549,AR,AR-M,AR-M-SR,-34.600512,-68.6397216,Represa de Los Reyunos,2026-02-22 07:02,95,37
L39974229,AR,AR-T,AR-T-LC,-27.9940491,-65.5847679,Represa de Rumi Punco,2026-02-03 14:26,36,3
L5383540,AR,AR-G,AR-G-BA,-27.5481928,-64.4250137,Represa del Tata Olegario Navarro,2020-12-06 08:50,59,4
L14974148,AR,AR-Q,AR-Q-CO,-39.1053527,-68.5866134,Represa hidroelectrica Arroyito,2024-03-21 19:07,46,7
L3581441,AR,AR-N,AR-N-GB,-25.8700072,-53.9725471,Reserva  Mainumby Birding Lodge,2026-09-26 12:35,260,105
L21170455,AR,AR-X,AR-X-CO,-31.0727123,-64.3063698,Reserva 22 Hectáreas,2026-08-31 09:44,95,29
L12869244,AR,AR-B,AR-B-TI,-34.4127162,-58.5091925,Reserva Achalay,2026-06-18 11:00,145,57
L6427757,AR,AR-X,AR-X-CA,-32.1580795,-64.5094304,Reserva Ambiental Aguada de los Pájaros,2026-09-27 08:34,250,1388
L5009241,AR,AR-S,AR-S-GO,-28.7111138,-59.4649812,Reserva Arroyo Ceibal,2022-06-25 13:57,128,19
L7098157,AR,AR-W,AR-W-MC,-30.6473728,-57.9598975,Reserva Biprovincial Mocoretá--Sector Corrientes,2026-08-12 07:30,152,23
L2689508,AR,AR-N,AR-N-GB,-25.6642733,-54.0243244,Reserva Cabure-í,2020-02-11 08:00,29,4
L21362328,AR,AR-W,AR-W-SM,-28.5463455,-57.0922602,Reserva Camba Trapo,2026-09-22 08:59,211,67
L55028153,AR,AR-W,AR-W-GA,-28.9220501,-56.5982768,Reserva Campos del Aguapey - Aves Argentinas,2026-09-22 11:24,210,245
L15915334,AR,AR-Z,AR-Z-LA,-50.3333387,-72.3150771,Reserva Casaverde Bahia Redonda,2026-09-05 23:24,96,123
L12178943,AR,AR-X,AR-X-PU,-31.352503,-64.6586514,Reserva Cerro Blanco,2026-07-19 10:36,81,16
L52243410,AR,AR-E,AR-E-FC,-31.0670875,-57.9021335,Reserva Chaviyú,2026-04-04 13:54,13,1
L6250595,AR,AR-B,AR-B-AV,-34.664263,-58.312287,Reserva Costera Municipal de Avellaneda,2026-09-11 10:22,210,549
L682264,AR,AR-Z,AR-Z-GA,-51.6376239,-69.1729259,Reserva Costera Urbana (Santa Cruz),2026-05-05 12:39,99,309
L3226341,AR,AR-Z,AR-Z-GA,-51.66457,-69.20218,Reserva Costera Urbana--Centro de Visitantes,2026-09-27 15:04,98,820
L27291056,AR,AR-E,AR-E-VG,-31.5389012,-59.3744044,Reserva De Usos Múltiples El Guayabo,2025-11-23 16:00,67,3
L2099560,AR,AR-D,AR-D-JU,-32.3302954,-65.0546837,Reserva Don Felix y Sacha Juan,2026-02-17 11:10,139,45
L15860646,AR,AR-S,AR-S-GO,-28.5004509,-59.2502159,Reserva Doña Sofía-área Ex Pindó,2026-09-18 09:30,228,113
L976247,AR,AR-C,AR-C-DF,-34.5385203,-58.4437037,Reserva Ecológica Ciudad Universitaria - Costanera Norte,2026-09-27 08:46,287,4504
L77483666,AR,AR-C,AR-C-DF,-34.5385203,-58.4437037,Reserva Ecológica Ciudad Universitaria-Costanera Norte
L472208,AR,AR-C,AR-C-DF,-34.6082039,-58.3539677,Reserva Ecológica Costanera Sur,2026-09-27 10:20,351,18735
L27436422,AR,AR-B,AR-B-SF,-34.4391955,-58.5443669,Reserva Ecológica Educativa de San Fernando,2026-09-19 09:17,107,91
L5453114,AR,AR-B,AR-B-AV,-34.6734174,-58.3405566,Reserva Ecológica La Saladita,2026-01-05 18:00,134,35
L12305618,AR,AR-B,AR-B-AV,-34.6667844,-58.3400332,Reserva Ecológica La Saladita--norte,2025-07-28 15:49,41,4
L5960477,AR,AR-C,AR-C-DF,-34.6802289,-58.4451628,Reserva Ecológica Lago Lugano,2026-09-26 11:18,205,1171
L38690068,AR,AR-B,AR-B-SF,-34.1711773,-58.5962213,Reserva Ecológica Tres Piezas,2025-11-23 11:49,48,1
L2763416,AR,AR-B,AR-B-VL,-34.492,-58.4791667,Reserva Ecológica de Vicente López,2026-09-23 16:29,235,1749
L6199859,AR,AR-S,AR-S-LP,-31.6361371,-60.6744218,Reserva Ecológica de la Ciudad Universitaria UNL,2026-09-17 12:22,199,230
L2762553,AR,AR-B,AR-B-ML,-35.1349311,-57.3906898,Reserva El Destino,2026-09-05 07:00,239,826
L4606265,AR,AR-E,AR-E-GC,-33.065723,-58.2696094,Reserva El Potrero,2026-05-20 09:26,227,235
L7923237,AR,AR-E,AR-E-UR,-32.9662174,-58.1858188,Reserva El Potrero--La Barraca,2025-12-10 14:19,182,33
L23692718,AR,AR-E,AR-E-GC,-33.0823702,-58.2100967,Reserva El Potrero--Puerto Unzué,2024-09-21 17:23,29,1
L7952562,AR,AR-E,AR-E-UR,-32.9795751,-58.2423261,Reserva El Potrero--administración,2026-01-05 11:06,172,35
L7982611,AR,AR-E,AR-E-UR,-32.9286517,-58.2149868,Reserva El Potrero--sector norte,2026-07-07 17:15,170,41
L27666094,AR,AR-E,AR-E-GC,-33.3718735,-58.9494137,Reserva El Ñandú,2025-09-17 10:30,86,6
L7138809,AR,AR-R,AR-R-AA,-41.1525929,-63.1793976,Reserva Faunística Punta Bermeja,2026-09-12 14:23,102,61
L21559721,AR,AR-T,AR-T-TR,-26.2507549,-65.5191408,Reserva Fitzoologica Carlos Pellegrini,2023-07-30 09:10,32,2
L7370157,AR,AR-D,AR-D-JU,-32.3541168,-64.9566221,Reserva Florofaunística de Rincón del Este,2026-09-20 17:09,112,67
L7123608,AR,AR-E,AR-E-FC,-31.0846529,-57.8987519,Reserva Forestal Chaviyú,2026-09-12 13:47,146,54
L2763613,AR,AR-X,AR-X-CB,-31.3618458,-64.2686462,Reserva Gral. San Martín (Córdoba),2026-09-27 14:53,207,999
L51266800,AR,AR-P,AR-P-PR,-25.4781264,-58.7262236,Reserva Guapurú,2026-09-06 06:50,153,22
L1554643,AR,AR-P,AR-P-FO,-25.9832195,-58.1649044,Reserva Guaycolec,2026-08-09 13:08,253,198
L65829352,AR,AR-X,AR-X-PU,-31.3931018,-64.7295486,Reserva Hídrica Natural Los Gigantes,2026-07-26 18:40,2,2
L7218027,AR,AR-X,AR-X-RC,-33.1716386,-64.9667001,Reserva Hídrica Presa Achiras,2026-09-26 08:38,198,142
L2763212,AR,AR-B,AR-B-GP,-37.9393333,-57.7371667,Reserva Integral Laguna de los Padres,2026-09-26 20:33,175,528
L5155077,AR,AR-W,AR-W-GO,-29.11565,-59.2950583,Reserva Isla de las Damas,2026-08-22 14:43,135,13
L26807531,AR,AR-W,AR-W-GO,-29.2112865,-59.355526,Reserva Isoro,2026-09-02 12:00,98,12
L35204883,AR,AR-X,AR-X-TU,-30.4077967,-63.450927,Reserva Kasik Sacat,2026-02-16 18:16,35,8
L2763420,AR,AR-X,AR-X-CA,-32.0717224,-64.5150018,Reserva La Cascada-Sta Rosa de Calamuchita,2026-09-15 14:12,106,33
L6135241,AR,AR-E,AR-E-VG,-31.9749395,-59.0608349,Reserva Laguna Del Yacaré,2020-09-27 16:27,130,21
L63512662,AR,AR-Z,AR-Z-LA,-50.3283406,-72.2683239,Reserva Laguna Nimez,2026-09-25 16:43,72,14
L13417868,AR,AR-E,AR-E-GC,-32.8883604,-58.5102883,Reserva Las Piedras,2026-09-22 10:49,170,162
L27762052,AR,AR-X,AR-X-RP,-30.7631927,-63.20563,Reserva Las Saladas,2025-10-11 08:04,113,23
L60031800,AR,AR-N,AR-N-PS,-27.6281367,-55.7097847,Reserva Municipal Fachinal Miní,2026-05-09 09:58,78,6
L40470801,AR,AR-N,AR-N-OB,-27.4017471,-55.1959861,Reserva Municipal Flieger - Gral. Alvear,2025-07-12 08:34,90,12
L7433771,AR,AR-S,AR-S-GL,-34.32619,-62.6645565,Reserva Municipal Laguna La Salada,2026-08-01 08:05,102,18
L7032028,AR,AR-Q,AR-Q-LL,-40.7752508,-71.6608143,Reserva Municipal Laguna Verde (Villa La Angostura),2026-09-24 13:22,60,93
L5894553,AR,AR-X,AR-X-CO,-31.172795,-64.3388557,Reserva Municipal Los Manantiales,2026-06-20 10:55,98,30
L8274783,AR,AR-S,AR-S-GL,-34.2182766,-62.6024117,Reserva Municipal Los Medanos,2026-01-09 17:35,14,3
L6018779,AR,AR-B,AR-B-MR,-34.670499,-58.8556232,Reserva Municipal Los Robles,2026-07-04 14:34,101,15
L3299325,AR,AR-B,AR-B-RM,-33.4460036,-60.0560117,Reserva Municipal Ramallo,2025-10-29 08:30,152,50
L24316127,AR,AR-W,AR-W-CN,-27.5547782,-58.8192504,Reserva Municipal Santa Catalina,2026-09-06 16:07,122,26
L27048039,AR,AR-Z,AR-Z-LB,-46.608958,-70.9107401,Reserva Municipal Valle Deseado,2026-05-30 12:52,54,13
L5839453,AR,AR-X,AR-X-PU,-30.8651733,-64.5149589,Reserva Municipal Villa Cielo,2026-09-05 09:24,135,97
L6236215,AR,AR-A,AR-A-SA,-24.7317084,-65.5024195,Reserva Municipal Yungas De San Lorenzo,2026-09-25 06:56,215,244
L2763429,AR,AR-A,AR-A-SV,-22.2773778,-64.7191549,Reserva Nacional El Nogalar De Los Toldos,2026-06-03 11:49,166,73
L5771505,AR,AR-A,AR-A-AN,-24.1783309,-64.0039873,Reserva Nacional Pizarro,2025-08-15 10:21,98,10
L13898335,AR,AR-A,AR-A-AN,-24.2407957,-64.1569292,Reserva Nacional Pizarro--sector yungueño,2026-09-11 07:01,99,14
L61403591,AR,AR-V,AR-V-US,-54.5668109,-67.2715436,Reserva Nacional Rio Valdez--Laguna Kosovo,2026-04-01 17:54,11,1
L54179609,AR,AR-N,AR-N-SI,-27.107577,-55.522821,Reserva Nat. Municipal Puerto Maní - Corpus Christi (acceso restringido),2025-10-18 09:37,51,2
L17674382,AR,AR-Y,AR-Y-CA,-24.0801731,-65.2990863,Reserva Natural Aldea Luna,2026-08-20 10:17,125,77
L16426358,AR,AR-B,AR-B-MD,-34.6454776,-59.3003798,Reserva Natural Arroyo Balta,2026-09-06 15:20,151,139
L4604933,AR,AR-W,AR-W-MC,-30.6496718,-57.9630089,Reserva Natural Biprovincial Mocoretá--Sector Entre Rios,2026-03-15 08:43,205,114
L5918891,AR,AR-Z,AR-Z-DE,-47.2033595,-65.7399774,Reserva Natural Cabo Blanco,2025-11-23 13:21,81,82
L37356649,AR,AR-S,AR-S-SL,-32.7256234,-61.0156661,Reserva Natural Carancho Diablo,2026-09-06 11:41,119,12
L5566458,AR,AR-X,AR-X-PU,-31.3925038,-64.596734,Reserva Natural Cascada Los Chorrillos,2026-08-23 11:48,182,80
L8913365,AR,AR-M,AR-M-ML,-35.8013355,-69.8194691,Reserva Natural Caverna de las Brujas,2026-02-07 12:40,32,7
L12694171,AR,AR-V,AR-V-US,-54.7792096,-68.2664343,Reserva Natural Cerro Alarkén,2025-12-18 07:30,50,63
L63221836,AR,AR-L,AR-L-RE,-35.4024486,-64.2879581,Reserva Natural Chadilauquen,2026-04-17 00:00,28,1
L682243,AR,AR-B,AR-B-VI,-38.6227717,-63.0771446,Reserva Natural Chasicó,2026-09-17 10:39,162,108
L7404890,AR,AR-B,AR-B-LM,-34.7425048,-58.536589,Reserva Natural Ciudad Evita,2026-04-19 11:51,137,52
L41449380,AR,AR-S,AR-S-SM,-31.8939137,-61.5644683,Reserva Natural Comunal San Martin de las Escobas,2026-05-09 07:53,102,8
L13917905,AR,AR-N,AR-N-GU,-26.9847222,-54.2397222,Reserva Natural Cultural Papel Misionero,2025-10-15 07:46,175,33
L19089659,AR,AR-X,AR-X-PU,-31.1397222,-64.4502778,"Reserva Natural Córdoba Gilwell Park (-31,14, -64,45)",2026-08-09 09:23,99,60
L10891963,AR,AR-X,AR-X-SM,-31.4068721,-64.3484259,Reserva Natural De La Defensa Campo La Calera,2026-08-30 12:01,141,73
L4021272,AR,AR-W,AR-W-IZ,-27.8571041,-56.9044043,Reserva Natural Don Luis,2026-09-24 16:15,291,861
L20696717,AR,AR-N,AR-N-CD,-27.4570636,-55.5648552,Reserva Natural Don Rodolfo,2026-09-06 08:11,197,90
L9202494,AR,AR-X,AR-X-CA,-32.231928,-64.4198733,Reserva Natural Educativa Cerro Pistarini,2026-09-26 23:12,152,252
L3134671,AR,AR-H,AR-H-PM,-27.3189524,-58.9503729,Reserva Natural Educativa Colonia Benítez,2023-06-16 11:20,192,21
L15903289,AR,AR-E,AR-E-CO,-32.1714036,-58.19755,Reserva Natural Educativa Los Teros,2025-07-21 14:50,96,22
L16835395,AR,AR-E,AR-E-PA,-31.5761501,-60.0690576,Reserva Natural Educativa Montecito De Lovera,2026-09-24 12:14,137,41
L17052072,AR,AR-E,AR-E-VG,-31.9581221,-59.55445,Reserva Natural El Caranday,2022-08-14 15:27,88,14
L31319750,AR,AR-S,AR-S-RO,-32.9709757,-60.7996702,Reserva Natural El Tachurí,2026-09-12 09:40,84,19
L45086649,AR,AR-W,AR-W-SG,-27.7744251,-57.2891783,Reserva Natural Estero Alma,2026-09-11 14:11,157,80
L2363055,AR,AR-D,AR-D-AY,-32.3967584,-65.9223139,Reserva Natural Estricta Quebrada de Las Higueritas RNQH,2026-09-22 12:00,243,995
L2404204,AR,AR-N,AR-N-GB,-26.0152277,-53.7885228,Reserva Natural Estricta San Antonio,2023-01-16 08:30,106,9
L5982182,AR,AR-B,AR-B-SP,-33.5973914,-59.8109007,Reserva Natural Histórica y Refugio de Vida Silvestre Vuelta de Obligado,2026-08-16 16:30,234,116
L34871567,AR,AR-E,AR-E-VG,-31.838788,-59.007347,Reserva Natural Huella del Monte,2024-07-18 12:40,48,5
L7105787,AR,AR-B,AR-B-ES,-34.372136,-58.755399,Reserva Natural Ingeniero Maschwitz,2026-09-10 12:26,141,341
L4979330,AR,AR-B,AR-B-EB,-34.7857523,-58.5059738,Reserva Natural Integral y Mixta Laguna de Rocha,2026-05-14 10:49,160,80
L55215453,AR,AR-X,AR-X-MJ,-33.2305392,-62.3921299,Reserva Natural Isla Verde,2026-08-28 14:49,50,7
L7374949,AR,AR-E,AR-E-VG,-31.838665,-59.0013349,Reserva Natural La Chinita,2026-05-25 17:09,102,23
L9188607,AR,AR-B,AR-B-SF,-34.2361242,-58.6544274,"Reserva Natural La Escondida (-34,2522,-58,6466)",2023-10-03 15:13,134,23
L8237346,AR,AR-X,AR-X-CO,-31.1100867,-64.363811,Reserva Natural La Estancita,2026-05-17 08:36,91,29
L16473728,AR,AR-X,AR-X-PU,-31.2088374,-64.485755,Reserva Natural La Juntura,2026-08-29 14:07,162,82
L15706420,AR,AR-K,AR-K-PA,-28.1178787,-65.6422728,Reserva Natural La Orquídea--Camping Los Túneles,2026-08-27 13:00,183,207
L20475963,AR,AR-X,AR-X-SM,-31.7594609,-64.460895,Reserva Natural La Rancherita,2026-08-30 16:31,116,58
L21461727,AR,AR-E,AR-E-GC,-32.9890233,-58.5463383,Reserva Natural La Serena del Gualeyán,2024-12-07 11:06,96,14
L28131635,AR,AR-W,AR-W-CN,-27.4837558,-58.7006378,Reserva Natural Laguna Brava (Corrientes),2026-09-19 17:25,121,17
L3918773,AR,AR-L,AR-L-HU,-37.7369195,-63.5258245,Reserva Natural Laguna Guatraché,2026-03-14 18:45,135,54
L36964992,AR,AR-B,AR-B-SE,-35.0096426,-58.4143603,Reserva Natural Laguna San Vicente--Puesto 3 Los Coipos,2026-07-10 11:28,115,34
L15099555,AR,AR-U,AR-U-BI,-42.7799985,-65.0319271,Reserva Natural Laguna de Puerto Madryn,2026-09-26 11:55,110,228
L3119790,AR,AR-B,AR-B-SE,-35.0157102,-58.4255934,Reserva Natural Laguna de San Vicente--Puesto 2 Lagarto Overo,2026-09-18 12:40,200,313
L75729012,AR,AR-B,AR-B-SE,-35.0050354,-58.4274573,Reserva Natural Laguna de San Vicente--Puesto 4,2026-08-27 11:03,67,9
L3831584,AR,AR-M,AR-M-SC,-34.1723286,-69.6798849,Reserva Natural Laguna del Diamante,2024-12-14 10:50,75,16
L16742824,AR,AR-M,AR-M-SC,-34.24549,-69.38175,Reserva Natural Laguna del Diamante -- Seccional Alvarado,2024-12-14 10:50,63,15
L2762260,AR,AR-M,AR-M-MP,-32.88898,-68.61284,Reserva Natural Laguna del Viborón,2024-06-22 09:07,159,117
L7015014,AR,AR-S,AR-S-VE,-29.6716473,-60.6844854,Reserva Natural Laguna el Palmar,2025-01-30 07:40,177,27
L2761880,AR,AR-Y,AR-Y-SB,-24.0653991,-64.3662383,Reserva Natural Las Lancitas,2026-07-01 14:50,259,139
L39293426,AR,AR-B,AR-B-SD,-37.6897893,-62.2546788,Reserva Natural Las Piedras,2026-09-24 13:44,75,30
L16210054,AR,AR-S,AR-S-SV,-30.5591094,-59.9112792,Reserva Natural Los Arenales,2026-09-06 14:09,150,35
L20004299,AR,AR-H,AR-H-PM,-27.3348415,-58.9675498,Reserva Natural Los Chaguares,2026-07-24 10:20,102,9
L2368860,AR,AR-G,AR-G-BA,-27.5764886,-64.4639808,Reserva Natural Los Corbalanes,2026-05-17 10:05,215,175
L4052049,AR,AR-E,AR-E-CO,-31.809797,-58.160193,Reserva Natural Los Monigotes,2015-12-05 06:15,100,1
L21096033,AR,AR-X,AR-X-RC,-33.5489059,-65.0027132,Reserva Natural Los Médanos,2025-07-14 13:23,18,1
L64590123,AR,AR-X,AR-X-PU,-30.7933501,-64.4681919,Reserva Natural Los Terrones,2026-03-31 15:00,21,2
L2407663,AR,AR-D,AR-D-JU,-32.3535095,-64.961611,Reserva Natural Mogote Bayo,2026-07-11 11:54,134,106
L9078729,AR,AR-H,AR-H-PM,-27.2981893,-58.8996778,Reserva Natural Monte Constanza,2024-09-27 10:27,154,9
L3982896,AR,AR-B,AR-B-TA,-38.8426291,-59.9718461,Reserva Natural Municipal Claromecó,2026-07-23 14:59,157,107
L6025606,AR,AR-M,AR-M-GA,-35.0535242,-67.6867712,Reserva Natural Municipal El Trapal,2025-12-21 11:34,142,34
L17351062,AR,AR-D,AR-D-JU,-32.3185063,-65.0056167,Reserva Natural Municipal El Viejo Molino,2026-09-26 11:04,77,48
L3092213,AR,AR-B,AR-B-VG,-37.4643573,-57.1114423,Reserva Natural Municipal Faro Querandí,2026-03-23 15:17,158,109
L15788760,AR,AR-N,AR-N-LM,-26.7597511,-54.9238569,Reserva Natural Municipal Gruta India,2026-07-02 15:27,142,33
L23728625,AR,AR-S,AR-S-GO,-28.0294075,-59.2168341,Reserva Natural Municipal Jardín Florido,2026-08-14 17:12,164,28
L1042673,AR,AR-Z,AR-Z-LA,-50.3252173,-72.2663176,Reserva Natural Municipal Laguna Nimez,2026-09-27 18:11,136,2167
L6275120,AR,AR-L,AR-L-UT,-37.2823166,-64.5912409,Reserva Natural Municipal Laguna de Utracán,2026-08-13 11:20,158,154
L496005,AR,AR-B,AR-B-LC,-36.294115,-56.7756057,Reserva Natural Municipal Punta Rasa,2026-09-20 14:57,274,1088
L7115408,AR,AR-B,AR-B-LU,-34.5764436,-59.1293836,Reserva Natural Municipal Quinta de Cigordia,2026-09-13 15:42,93,62
L4779635,AR,AR-B,AR-B-LZ,-34.7841838,-58.4311509,Reserva Natural Municipal Santa Catalina,2026-08-14 18:04,140,681
L3626668,AR,AR-W,AR-W-IZ,-27.5729778,-56.6774333,Reserva Natural Municipal Zanjón Loreto,2026-08-05 09:54,229,412
L37774408,AR,AR-E,AR-E-GC,-33.0091673,-58.4849131,Reserva Natural Municipal de Galeguaychú,2026-08-28 15:14,122,29
L5808182,AR,AR-S,AR-S-LC,-31.3842701,-60.918932,Reserva Natural Méd. Vet. Martín Rodolfo de la Peña,2025-08-01 17:00,192,55
L9360842,AR,AR-B,AR-B-ES,-34.2905242,-58.7716941,Reserva Natural Náutico Escobar - NECC,2025-09-28 08:53,79,9
L75337742,AR,AR-N,AR-N-SI,-27.2792342,-55.578289,Reserva Natural Osununu,2026-08-09 15:00,12,1
L7141971,AR,AR-B,AR-B-GP,-37.9230201,-57.8146928,Reserva Natural Paititi--Sierra de los Padres,2026-09-18 15:00,127,170
L26553200,AR,AR-X,AR-X-CO,-30.9785261,-64.1070405,Reserva Natural Parque del Oeste,2026-09-01 08:16,154,110
L18389771,AR,AR-H,AR-H-DC,-27.6095096,-61.6832175,Reserva Natural Pigüen N'Onaxá Campo Del Cielo,2025-11-11 08:52,120,38
L16355975,AR,AR-G,AR-G-RH,-27.648522,-64.988879,Reserva Natural Pozo del Arbolito,2026-09-27 09:30,181,594
L44180030,AR,AR-H,AR-H-PM,-27.1984095,-59.054761,"Reserva Natural Privada ""Punta Rieles""",2026-09-27 07:16,159,61
L8899188,AR,AR-X,AR-X-RC,-32.8607347,-64.8267931,Reserva Natural Privada Alto Lindo,2025-11-21 12:35,98,21
L31094812,AR,AR-A,AR-A-LC,-24.5719275,-65.3438397,Reserva Natural Privada Campo Alegre-CAM,2026-09-24 09:30,124,26
L13375267,AR,AR-X,AR-X-PO,-31.3258999,-65.2498285,Reserva Natural Privada Cerro del Cóndor,2022-10-16 11:31,120,6
L7363031,AR,AR-N,AR-N-LM,-26.8384123,-54.8966861,Reserva Natural Privada Curindy,2025-07-19 13:01,202,42
L37487269,AR,AR-P,AR-P-FO,-26.257792,-58.266768,Reserva Natural Privada Don Pedro,2026-09-04 08:45,62,3
L2936655,AR,AR-Y,AR-Y-SB,-24.0983423,-64.4002998,Reserva Natural Privada Eco-Portal de Piedra,2026-09-06 13:32,317,1118
L37884185,AR,AR-N,AR-N-SI,-27.0001457,-55.3701049,Reserva Natural Privada El Lapacho
L27530046,AR,AR-E,AR-E-UR,-32.5112817,-58.2984781,Reserva Natural Privada Estancia La Titina,2026-09-24 17:15,223,241
L53742779,AR,AR-D,AR-D-BE,-32.5030535,-66.9469429,Reserva Natural Privada Famiyasta,2026-08-24 07:45,66,21
L8044030,AR,AR-Y,AR-Y-VG,-23.6366985,-64.9492026,Reserva Natural Privada Loma Chata,2026-09-23 12:09,124,39
L56962908,AR,AR-N,AR-N-LA,-27.5458545,-55.3079509,Reserva Natural Privada Macuco,2026-09-25 20:48,137,47
L3250203,AR,AR-W,AR-W-SM,-29.1083387,-56.9333839,Reserva Natural Privada Paraje Tres Cerros,2023-08-24 07:38,129,12
L9742479,AR,AR-Y,AR-Y-SB,-24.1176073,-64.4049384,Reserva Natural Privada Villa Monte,2026-07-01 13:00,142,27
L15517174,AR,AR-L,AR-L-CH,-36.7099386,-66.8932414,Reserva Natural Privada Ñochilei-Co,2021-06-25 15:40,3,0
L8130624,AR,AR-B,AR-B-NE,-38.7309402,-59.3271822,Reserva Natural Provincial Arroyo Zabala,2025-02-02 11:03,89,37
L14117014,AR,AR-Q,AR-Q-AL,-38.8368945,-71.0995715,Reserva Natural Provincial Batea Mahuida--Laguna Corazón,2025-11-28 18:12,37,7
L1042667,AR,AR-Z,AR-Z-GA,-52.3368075,-68.3578777,Reserva Natural Provincial Cabo Vírgenes,2026-02-15 15:40,97,98
L15516965,AR,AR-L,AR-L-CC,-36.3780921,-68.050554,Reserva Natural Provincial La Humada,2021-06-25 15:22,1,0
L720676,AR,AR-T,AR-T-MO,-27.021381,-65.659748,Reserva Natural Provincial Los Sosa--Quebrada Los Sosa,2026-09-25 16:21,273,695
L7958324,AR,AR-L,AR-L-UC,-38.8209165,-64.8225622,Reserva Natural Provincial Pichi Mahuida,2026-05-25 12:59,148,81
L4217463,AR,AR-Z,AR-Z-DE,-47.7532324,-65.9413147,Reserva Natural Provincial Ría Deseado,2026-09-18 16:05,105,217
L12728725,AR,AR-Z,AR-Z-DE,-47.764,-65.882,Reserva Natural Provincial Ría Deseado--Isla Chaffers,2025-10-16 16:01,55,17
L12230223,AR,AR-Z,AR-Z-DE,-47.7527032,-65.9679324,Reserva Natural Provincial Ría Deseado--Isla de los Pájaros,2026-01-22 13:33,46,17
L19202058,AR,AR-B,AR-B-LZ,-34.7867166,-58.4447353,Reserva Natural Provincial Santa Catalina--Bosque y Pastizal,2026-09-18 07:45,93,69
L2337625,AR,AR-B,AR-B-GP,-38.0553905,-57.5420952,Reserva Natural Puerto Mar del Plata,2026-09-25 09:10,187,748
L1060281,AR,AR-B,AR-B-EN,-34.7921668,-57.9975986,Reserva Natural Punta Lara,2026-01-26 17:45,218,151
L5038034,AR,AR-D,AR-D-CH,-32.5071017,-64.9636173,Reserva Natural Quebrada de Villa Elena,2026-02-10 16:17,121,52
L28955289,AR,AR-D,AR-D-LM,-32.6480136,-66.088044,Reserva Natural Quebrada del Palmar,2026-07-05 11:37,79,8
L37281914,AR,AR-B,AR-B-TI,-34.3936841,-58.6219096,Reserva Natural Rincón de Milberg,2026-09-19 15:20,118,66
L37567450,AR,AR-V,AR-V-US,-54.5859407,-67.3481655,Reserva Natural Río Valdez,2026-03-28 11:50,47,60
L61403215,AR,AR-V,AR-V-US,-54.5817791,-67.3360602,Reserva Natural Río Valdez--Desembocadura Río Valdez,2026-03-30 13:40,8,1
L5894572,AR,AR-B,AR-B-LZ,-34.7720757,-58.463788,Reserva Natural Santa Catalina--Laguna Santa Catalina,2026-09-16 17:08,145,204
L16589930,AR,AR-E,AR-E-GC,-33.0278584,-58.6850428,Reserva Natural Santa Isabel,2026-07-20 15:01,109,6
L55919855,AR,AR-B,AR-B-TD,-37.3721694,-59.1275167,Reserva Natural Sierra del Tigre,2026-08-26 13:30,43,4
L39474415,AR,AR-B,AR-B-TQ,-38.1709708,-61.9012546,Reserva Natural Sierras Grandes,2026-09-07 10:03,59,12
L17237393,AR,AR-E,AR-E-CO,-32.2584127,-58.1111956,Reserva Natural Sur,2026-05-02 09:10,114,13
L31841837,AR,AR-Y,AR-Y-CA,-24.0056503,-65.3568816,Reserva Natural Tiraxi,2025-10-07 08:20,109,6
L4715880,AR,AR-B,AR-B-ZA,-34.1330497,-59.0317512,Reserva Natural Toyota,2026-09-16 10:30,154,65
L5532182,AR,AR-X,AR-X-PU,-30.8272416,-64.6661067,Reserva Natural Tres Piletas del Río Quilpo,2025-01-08 15:24,110,10
L38863618,AR,AR-L,AR-L-MA,-35.6809691,-63.6983013,"Reserva Natural Urbana ""Delfin Perez""",2026-08-22 12:36,117,31
L25763038,AR,AR-N,AR-N-PS,-27.3596601,-56.0027822,Reserva Natural Urbana - El carpincho,2026-05-16 17:49,120,9
L4978756,AR,AR-V,AR-V-US,-54.8174286,-68.3185029,Reserva Natural Urbana Bahía Encerrada,2026-09-26 08:14,119,2588
L28693610,AR,AR-V,AR-V-US,-54.7955898,-68.2946329,Reserva Natural Urbana Barrio Bosque del Faldeo,2024-10-12 11:57,21,26
L77493475,AR,AR-L,AR-L-MA,-35.6788688,-63.6981189,Reserva Natural Urbana Benicio Delfín  Perez.
L3684039,AR,AR-X,AR-X-RC,-33.1152683,-64.3011224,Reserva Natural Urbana Bosque Autóctono,2026-09-13 14:27,194,813
L7689732,AR,AR-L,AR-L-MA,-35.6799059,-63.6976254,Reserva Natural Urbana Delfín Pérez,2026-09-13 16:57,163,214
L75540262,AR,AR-B,AR-B-GS,-34.5681395,-58.6768627,Reserva Natural Urbana El Corredor,2025-01-03 10:00,44,1
L9247574,AR,AR-B,AR-B-GS,-34.573132,-58.66955,Reserva Natural Urbana El Corredor,2026-05-05 13:06,119,131
L29575955,AR,AR-Z,AR-Z-LB,-46.5373897,-71.6147997,Reserva Natural Urbana Laguna de Los Juncos,2026-09-06 15:41,54,26
L5746995,AR,AR-V,AR-V-RG,-53.7890663,-67.6747406,Reserva Natural Urbana Punta Popper,2026-09-21 10:41,96,521
L17846802,AR,AR-B,AR-B-MR,-34.6175,-58.72131,Reserva Natural Urbana Río Reconquista,2024-06-14 16:30,39,5
L13340666,AR,AR-N,AR-N-GB,-26.059065,-53.7410072,Reserva Natural Urbana San Antonio,2025-05-16 12:50,49,5
L38497263,AR,AR-S,AR-S-SC,-30.2980818,-61.244466,Reserva Natural Urbana San Cristobal,2025-07-15 10:45,53,8
L18124540,AR,AR-B,AR-B-MN,-34.5906662,-58.6786662,Reserva Natural Urbana de Hurlingam,2026-08-23 16:00,63,27
L5779863,AR,AR-B,AR-B-MN,-34.6700998,-58.6548471,Reserva Natural Urbana de Morón,2026-09-26 15:04,122,201
L11336450,AR,AR-S,AR-S-LP,-31.6085404,-60.724608,Reserva Natural Urbana del Oeste,2026-09-17 14:26,215,622
L19089739,AR,AR-N,AR-N-PS,-27.5002778,-55.7949901,Reserva Natural Urutaú,2026-08-15 13:48,204,193
L4586490,AR,AR-X,AR-X-PU,-31.1139465,-64.452948,Reserva Natural Vaquerías,2026-08-01 13:45,158,222
L2763438,AR,AR-M,AR-M-LH,-32.5198221,-69.0075731,Reserva Natural Villavicencio,2026-08-29 13:00,178,329
L34221932,AR,AR-N,AR-N-GB,-25.8590684,-53.9821433,Reserva Natural Yate-I,2026-08-15 12:30,107,11
L5006089,AR,AR-B,AR-B-QU,-34.6857746,-58.268312,Reserva Natural de Bernal,2026-09-06 10:30,181,82
L15336632,AR,AR-G,AR-G-SE,-27.8655235,-64.267766,Reserva Natural de Enrique,2024-08-29 15:28,98,28
L3325228,AR,AR-B,AR-B-PX,-34.4126333,-58.9158375,Reserva Natural de Pilar,2026-09-26 16:40,230,639
L4661652,AR,AR-B,AR-B-LT,-34.1837424,-58.2499624,Reserva Natural de Uso Múltiple Isla Martín García,2026-09-27 13:40,201,182
L27360403,AR,AR-B,AR-B-LT,-34.1843624,-58.2478353,Reserva Natural de Uso Múltiple Isla Martín García--Aeródromo,2026-05-02 16:34,56,4
L27360660,AR,AR-B,AR-B-LT,-34.1888345,-58.2539256,Reserva Natural de Uso Múltiple Isla Martín García--La cantera,2025-08-24 14:27,54,11
L27362538,AR,AR-B,AR-B-LT,-34.1856377,-58.2520702,Reserva Natural de Uso Múltiple Isla Martín García--Parque de las luces,2026-05-24 12:11,77,33
L6131097,AR,AR-S,AR-S-RO,-33.0086905,-60.6276494,Reserva Natural de Villa Gobernador Gálvez,2026-05-09 09:15,159,60
L43675436,AR,AR-S,AR-S-LP,-31.693529,-60.6762783,Reserva Natural de la Boca - EETP 645,2025-04-22 13:23,34,1
L10442739,AR,AR-X,AR-X-CO,-30.9580325,-64.2967558,Reserva Natural de la Defensa Ascochinga,2026-08-19 11:18,143,131
L10013970,AR,AR-U,AR-U-BI,-42.2236758,-64.2130341,Reserva Natural de la Defensa Punta Buenos Aires,2022-11-07 19:04,20,3
L3063935,AR,AR-E,AR-E-PA,-31.8360946,-60.5241054,Reserva Natural de la Escuela Alberdi,2025-06-27 16:12,121,34
L12542051,AR,AR-B,AR-B-GP,-38.2357083,-57.7511342,Reserva Natural de las Dunas San Eduardo del Mar,2026-08-16 09:35,73,47
L60733562,AR,AR-E,AR-E-II,-33.4982556,-58.7637647,Reserva Natural privada Monte y Cielo,2026-04-23 13:38,64,6
L22430232,AR,AR-B,AR-B-PU,-37.554475,-62.7907263,Reserva Natural y Cultural Municipal Isla De Puán,2025-01-24 21:30,119,146
L23720602,AR,AR-S,AR-S-SM,-31.8936441,-61.8845136,Reserva Natural y Cultural Municipal de San Jorge,2024-11-24 07:30,100,20
L838308,AR,AR-T,AR-T-TD,-26.9161005,-65.6851959,Reserva Natural y Dique La Angostura,2026-09-22 18:17,222,635
L4075366,AR,AR-G,AR-G-RH,-27.51596,-64.8799324,Reserva Natutural Tara Inti,2026-08-14 10:56,201,101
L15427744,AR,AR-S,AR-S-LP,-31.5035348,-60.7811803,Reserva P: Humedales del Mihura,2021-09-20 13:20,86,3
L37790842,AR,AR-S,AR-S-GO,-28.2019939,-59.4436158,Reserva Paisajística Provincial Yugo Quebrado,2026-08-16 10:09,150,21
L29328334,AR,AR-B,AR-B-ML,-35.3235434,-57.1948562,"Reserva Parque costero del sur, Punta Indio. Buenos Aires.",2026-06-21 09:32,116,9
L22777784,AR,AR-X,AR-X-SA,-31.6714769,-65.0229384,Reserva Periurbana Arroyo San Lorenzo,2026-01-10 08:00,136,24
L51988253,AR,AR-X,AR-X-MJ,-32.6783712,-62.0834813,Reserva Posta del Espinillo,2026-09-12 12:03,107,10
L7840604,AR,AR-S,AR-S-VE,-29.3486616,-60.2380197,Reserva Potrero Lote7B,2026-05-30 13:06,145,23
L9375989,AR,AR-X,AR-X-SV,-32.005188,-65.063799,Reserva Privada Abracaral,2026-01-02 06:26,96,19
L38050957,AR,AR-S,AR-S-GO,-28.4955522,-59.2657461,Reserva Privada DOÑA SOFÍA,2026-03-15 06:59,83,3
L34985043,AR,AR-S,AR-S-VE,-29.5510064,-60.637616,Reserva Privada Grupo Bon Bivant,2024-10-12 08:33,146,9
L25178348,AR,AR-X,AR-X-CA,-32.1305871,-64.3696357,Reserva Privada Jardín de Monsalvo,2026-09-20 10:35,133,264
L32929316,AR,AR-X,AR-X-SA,-31.768299,-64.911282,Reserva Privada Kuntur Huaca,2025-12-04 12:15,15,3
L4607275,AR,AR-D,AR-D-CP,-33.1309208,-66.0248762,Reserva Privada Los Talas,2025-12-25 18:37,75,9
L4713075,AR,AR-D,AR-D-AY,-32.35435,-65.9706041,Reserva Privada Punta del Agua,2026-09-23 09:00,185,300
L2602195,AR,AR-S,AR-S-GO,-28.7200802,-59.3911457,"Reserva Privada Usos Múltiples Guapo-í, Aº Ceibal",2025-03-04 06:53,210,85
L7078738,AR,AR-S,AR-S-NJ,-28.7669572,-61.0887909,Reserva Privada Usos Múltiples Isleta Linda,2016-11-13 08:00,87,3
L859313,AR,AR-N,AR-N-GU,-26.6897778,-54.2645001,Reserva Privada Yaguaroundi,2025-01-14 07:00,240,113
L8033864,AR,AR-N,AR-N-GU,-27.2245368,-54.0191341,Reserva Privada Yasy Yateré,2026-07-17 16:30,197,87
L2761908,AR,AR-S,AR-S-SM,-32.0140364,-61.4155743,Reserva Privada de Usos Múltiples Federico Wildemuth,2026-06-20 08:42,142,28
L2762557,AR,AR-A,AR-A-GM,-22.088,-63.9311667,Reserva Provincial Acambuco,2025-10-11 18:30,142,12
L15912410,AR,AR-X,AR-X-RC,-33.120686,-64.2890469,Reserva Provincial Chocancharava,2026-09-23 21:31,194,335
L13044017,AR,AR-V,AR-V-RG,-54.4839577,-67.5823431,Reserva Provincial Corazón de la Isla,2026-01-31 11:01,41,10
L2441417,AR,AR-M,AR-M-MZ,-32.8801278,-68.9225578,Reserva Provincial Divisadero Largo,2026-07-10 10:48,91,94
L2761912,AR,AR-M,AR-M-ML,-36.2653333,-68.9913333,Reserva Provincial El Payén (o La Payunia),2025-03-20 11:26,41,8
L2763418,AR,AR-M,AR-M-LA,-32.3833333,-67.9833333,Reserva Provincial Florística y Faunística Bosques Teltecas,2026-07-06 13:07,112,164
L6584968,AR,AR-Z,AR-Z-GA,-52.0770795,-69.577446,Reserva Provincial Laguna Azul,2026-09-21 15:18,73,101
L2763667,AR,AR-F,AR-F-VI,-28.3522,-68.8669,Reserva Provincial Laguna Brava,2026-01-22 13:32,62,60
L8968796,AR,AR-S,AR-S-VE,-28.8132014,-60.2889886,Reserva Provincial Laguna La Loca,2022-08-26 16:00,13,6
L2761926,AR,AR-B,AR-B-GJ,-36.9579759,-56.9700098,Reserva Provincial Laguna Salada Grande,2025-06-13 16:05,154,63
L2761923,AR,AR-M,AR-M-ML,-35.6253333,-69.1561667,Reserva Provincial Laguna de Llancanelo,2026-09-14 15:24,135,86
L2761931,AR,AR-Q,AR-Q-MI,-36.842,-71.0535,Reserva Provincial Lagunas de Epulafquen,2026-02-16 08:21,131,136
L2763340,AR,AR-S,AR-S-VE,-29.75,-60.5833333,Reserva Provincial Lagunas y Palmares,2021-10-07 20:55,27,1
L2605628,AR,AR-M,AR-M-TN,-33.6140564,-69.4981867,Reserva Provincial Manzano Histórico,2026-08-30 09:00,117,115
L2761934,AR,AR-Y,AR-Y-SU,-23.7643333,-66.8393333,Reserva Provincial Olaroz-Cauchari,2026-09-16 20:14,26,5
L2437841,AR,AR-D,AR-D-CH,-32.8343414,-65.0252438,Reserva Provincial Palmar de Papagayos,2023-03-18 10:16,38,2
L2761937,AR,AR-L,AR-L-TO,-36.9134194,-64.2701869,Reserva Provincial Parque Luro,2026-08-16 14:44,195,473
L4720034,AR,AR-D,AR-D-AY,-32.3605054,-66.9181369,Reserva Provincial Quebracho De La Legua,2025-05-02 09:38,108,53
L2761941,AR,AR-T,AR-T-RC,-27.4526667,-65.8346667,Reserva Provincial Santa Ana,2022-01-06 08:00,26,2
L682262,AR,AR-Z,AR-Z-GA,-51.6731939,-69.1374779,Reserva Provincial de Aves Playeras (Santa Cruz),2026-08-06 11:28,114,1218
L1294852,AR,AR-B,AR-B-SI,-34.4693445,-58.494966,Reserva Ribera Norte,2026-09-25 08:32,251,2300
L36659447,AR,AR-N,AR-N-SP,-26.4186546,-53.8489396,Reserva Rojaijú Yvorasá,2026-09-26 23:31,126,10
L12447735,AR,AR-V,AR-V-US,-54.5832149,-67.2569999,Reserva Río Valdez--Sendero y Mirador,2026-01-19 09:37,39,17
L15860221,AR,AR-E,AR-E-CO,-32.2035417,-58.1508064,Reserva Río de los Pájaros,2026-09-22 16:27,188,115
L20414850,AR,AR-X,AR-X-CO,-31.317476,-64.315006,Reserva Saldán Inchín,2025-08-17 16:42,75,11
L4946600,AR,AR-N,AR-N-IG,-25.8300246,-54.5848203,Reserva Salto Jasy,2025-10-23 13:00,144,42
L15175287,AR,AR-T,AR-T-LU,-26.8597224,-65.382914,Reserva San Pablo,2025-08-10 16:09,38,7
L5837671,AR,AR-D,AR-D-JU,-32.3200124,-64.9922419,Reserva Sendas y Molles - Azud,2026-08-16 10:06,100,26
L60935975,AR,AR-D,AR-D-JU,-32.3322917,-64.9718872,Reserva Serrana del Chumamaya,2026-09-17 19:01,39,3
L40442854,AR,AR-X,AR-X-PU,-31.1641479,-64.4750905,Reserva Tatu Carreta,2024-10-22 12:00,22,1
L21782111,AR,AR-G,AR-G-SI,-27.9858372,-64.1645262,Reserva Trincheras de Upianita,2022-12-11 08:00,63,2
L2879553,AR,AR-N,AR-N-PS,-27.3593772,-55.9108883,Reserva Urbana Arroyo Itá,2026-09-16 12:06,242,648
L9144811,AR,AR-B,AR-B-MN,-34.627632,-58.607587,Reserva Urbana De La Defensa El Palomar (Isla Verde),2026-09-27 09:13,165,607
L2343814,AR,AR-X,AR-X-UN,-32.6271232,-62.7007985,Reserva Urbana Parque Tau,2026-09-26 07:45,171,87
L9450790,AR,AR-B,AR-B-TI,-34.5114258,-58.6138067,Reserva Urbana de la Defensa Campo de Mayo,2025-11-02 15:25,153,56
L8233953,AR,AR-N,AR-N-CD,-27.4924173,-55.7599009,Reserva Urutaú,2026-07-27 15:00,285,391
L10965642,AR,AR-N,AR-N-GB,-25.8596236,-53.9810763,Reserva Yvytu,2026-08-12 07:30,270,386
L77410559,AR,AR-X,AR-X-CA,-31.8534098,-64.5281219,Reserva comunal recreativa Tres Bahias
L2763482,AR,AR-V,AR-V-RG,-53.9891667,-67.4268333,Reserva costera al sur de la desembocadura del Río Fuego,2026-09-23 14:44,48,22
L2761850,AR,AR-J,AR-J-IG,-29.1381667,-69.5555,Reserva de Biosfera San Guillermo,2026-03-18 17:05,55,57
L495986,AR,AR-N,AR-N-GU,-27.0223333,-54.0393333,Reserva de Biosfera Yabotí,2026-08-19 09:00,279,70
L14034061,AR,AR-N,AR-N-SP,-26.7836979,-54.0323813,Reserva de Biosfera Yabotí--Laguna Ischuk,2023-02-27 16:01,65,3
L2761842,AR,AR-B,AR-B-MC,-37.6133333,-57.3281667,Reserva de Biósfera Albúfera de Mar Chiquita,2026-09-17 10:46,169,20
L2503749,AR,AR-K,AR-K-BE,-26.5876266,-67.0042419,Reserva de Biósfera Laguna Blanca,2026-05-05 11:30,103,50
L1006806,AR,AR-P,AR-P-FO,-26.2191533,-58.1733584,Reserva de Biósfera Laguna Oca,2026-09-26 09:01,282,329
L2762907,AR,AR-Y,AR-Y-RI,-22.4075372,-66.0055161,Reserva de Biósfera Laguna de los Pozuelos,2026-09-18 09:37,165,254
L53075869,AR,AR-N,AR-N-GU,-26.9269485,-54.2158771,Reserva de Usos Múltiples Guaraní,2026-07-18 07:36,81,7
L3914270,AR,AR-E,AR-E-UR,-32.4922173,-58.2184839,Reserva de Usos Múltiples Isla del Puerto,2026-09-19 21:24,192,294
L12481233,AR,AR-N,AR-N-GB,-26.0007,-54.085,Reserva de Vida Silvestre Urugua-í,2026-09-15 13:04,250,125
L2264482,AR,AR-M,AR-M-ST,-34.0443388,-67.9073953,Reserva de la Biosfera Ñacuñán,2026-09-12 16:31,148,215
L7375191,AR,AR-Y,AR-Y-YA,-22.34812,-65.95892,Reserva de la Biósfera Laguna de los Pozuelos--Mirador Gutiérrez,2026-06-26 15:58,63,18
L7375349,AR,AR-Y,AR-Y-RI,-22.419146,-65.992668,Reserva de la Biósfera Laguna de los Pozuelos--Senda desde Estacionamiento,2026-07-26 16:45,121,132
L3457277,AR,AR-A,AR-A-SA,-24.7324977,-65.5038786,Reserva del Huaico,2026-09-16 12:17,242,315
L38440948,AR,AR-S,AR-S-GA,-31.153306,-60.121885,Reserva del alojamiento rural CAMPO DEL MEDIO,2025-03-24 09:00,117,5
L11811701,AR,AR-W,AR-W-IZ,-27.5314016,-56.6343793,Reserva hipico,2026-03-02 18:46,126,31
L16735212,AR,AR-X,AR-X-RC,-33.1395174,-64.9322038,Reserva hídrica Dique Las Lajas,2025-11-22 19:13,102,15
L56709545,AR,AR-N,AR-N-PS,-27.448238,-55.9612134,Reserva los Lapachos
L8083015,AR,AR-B,AR-B-ES,-34.281392,-58.682893,Reserva los Zorzales,2019-08-24 13:30,82,7
L58813620,AR,AR-E,AR-E-CO,-32.1935836,-58.1584029,Reserva natural San José,2026-09-04 11:45,44,3
L23729478,AR,AR-V,AR-V-RG,-53.7865218,-67.7304591,Reserva natural Urbana Laguna de los Patos,2026-09-22 16:24,84,531
L11331428,AR,AR-S,AR-S-GO,-28.5107236,-59.2623954,"Reserva privada ""El INDIO""",2026-08-17 09:50,165,77
L72415282,AR,AR-S,AR-S-RO,-32.9518332,-60.791114,Reservorio Parque Insdustrial Funes,2026-07-04 09:16,26,7
L15948819,AR,AR-X,AR-X-PP,-34.1968887,-63.1782977,Reservorio cerca de Rosales,2026-08-02 08:56,101,11
L19178120,AR,AR-B,AR-B-MN,-34.6687886,-58.6493054,Reservorio de Agua de Morón,2024-11-18 06:53,72,37
L15600819,AR,AR-E,AR-E-FC,-30.741264,-58.0141854,Reseva Natural Chajarí,2026-09-27 16:29,131,68
L3938475,AR,AR-T,AR-T-YB,-26.7733536,-65.3275609,Residencia universitaria y alrededores,2026-06-13 11:20,148,60
L3230646,AR,AR-H,AR-H-SF,-27.45893,-58.9883423,Resistencia,2026-08-25 18:30,90,36
L14578931,AR,AR-H,AR-H-SF,-27.45423,-58.9746781,Resistencia--Laguna Argüello,2026-09-13 08:45,120,114
L28443402,AR,AR-H,AR-H-SF,-27.4802113,-58.9417574,Resistencia--Laguna Blanca
L14596042,AR,AR-H,AR-H-SF,-27.4408415,-58.96988,Resistencia--Laguna Francia,2026-07-09 17:41,95,38
L44870334,AR,AR-H,AR-H-SF,-27.4577885,-58.9676145,Resistencia--Laguna Los Lirios,2026-07-10 17:45,43,5
L26670942,AR,AR-H,AR-H-SF,-27.4371059,-58.9555783,Resistencia--Laguna Los Teros,2025-05-14 09:52,79,5
L34308115,AR,AR-H,AR-H-SF,-27.4808136,-58.9389414,Resistencia--Mirador Laguna Concepción
L39803045,AR,AR-H,AR-H-SF,-27.4374505,-58.9829779,Resistencia--Parque Intercultural 2 de Febrero,2026-09-12 11:04,54,9
L14596149,AR,AR-H,AR-H-SF,-27.4327317,-58.9693137,Resistencia--Parque de la Democracia,2026-09-12 14:30,125,75
L66037096,AR,AR-H,AR-H-SF,-27.4308992,-58.9831924,Resistencia--Parque Ávalos,2026-06-06 12:51,29,3
L17397807,AR,AR-H,AR-H-SF,-27.4511613,-58.9865613,Resistencia--Plaza 25 de Mayo,2026-06-12 14:49,19,7
L12642169,AR,AR-U,AR-U-ES,-45.791218,-67.4047923,Restinga Ali,2026-02-06 17:30,81,42
L30595574,AR,AR-T,AR-T-MO,-26.9762965,-65.6606269,Restobar La Curva,2026-09-24 14:39,71,54
L4015702,AR,AR-B,AR-B-TA,-38.8905652,-60.3321075,Reta,2026-08-29 11:04,144,57
L13408712,AR,AR-B,AR-B-PA,-39.8372053,-62.2902315,Riacho Azul,2021-01-27 08:30,64,2
L6540834,AR,AR-P,AR-P-FO,-26.04585,-58.195935,Riacho Colón,2026-07-17 14:49,55,15
L3403311,AR,AR-P,AR-P-LA,-26.3924079,-58.3422089,Riacho Cortapick,2024-09-10 15:37,49,4
L6053245,AR,AR-P,AR-P-FO,-26.1496374,-58.1885982,Riacho Formosa,2020-04-01 11:19,38,1
L35288239,AR,AR-E,AR-E-VC,-32.6697847,-60.1881979,Riacho Victoria,2024-07-28 16:35,12,1
L66089346,AR,AR-B,AR-B-ES,-34.3257124,-58.7828963,"Riachuelo Mermoz (en Frutos gonzales), Belen de Escobar, Bs. AS.",2026-09-25 17:15,43,18
L20721219,AR,AR-C,AR-C-DF,-34.6501497,-58.3666804,Riachuelo--Desde Desembocadura a Puente Pueyrredon,2026-05-13 09:24,45,17
L22614191,AR,AR-B,AR-B-AV,-34.6397767,-58.3566892,Riachuelo--Desde Desembocadura a Puente Pueyrredon,2026-07-14 13:00,90,44
L20721213,AR,AR-C,AR-C-DF,-34.6602939,-58.4188481,Riachuelo--Desde Puente Pueyrredon a Puente Olímpico,2026-07-25 15:54,31,6
L24577759,AR,AR-B,AR-B-LS,-34.663808,-58.4242125,Riachuelo--Desde Puente Pueyrredon a Puente Olímpico,2023-08-10 16:51,7,0
L19828678,AR,AR-N,AR-N-IG,-25.9673763,-54.6036743,Riberas del Paraná Pto Wanda,2025-10-27 09:46,103,10
L18861089,AR,AR-Q,AR-Q-ZA,-38.746794,-70.026444,Rim 10 Covunco (II),2025-11-27 19:54,32,3
L18861178,AR,AR-Q,AR-Q-ZA,-38.756794,-70.024455,Rim 10 Covunco (III),2022-09-12 17:20,29,3
L18860891,AR,AR-Q,AR-Q-ZA,-38.744213,-70.024284,Rim 10-Covunco( I),2022-09-10 16:05,21,3
L15437682,AR,AR-E,AR-E-VC,-32.4523367,-60.4461239,Rincon del Doll,2021-06-19 10:39,27,1
L2761486,AR,AR-K,AR-K-AS,-26.5097,-67.1214,Rincón,1998-08-01 00:00,2,0
L3231812,AR,AR-W,AR-W-IZ,-27.4115476,-56.2630463,Rincón Ombú Chico,2026-07-17 06:49,211,33
L13442487,AR,AR-E,AR-E-FL,-30.237618,-58.4972614,Rincón de Basualdo,2021-01-20 17:30,1,0
L67040902,AR,AR-K,AR-K-PO,-28.2213076,-66.142088,Rincón pueblo,2026-05-20 12:20,13,1
L16426319,AR,AR-Q,AR-Q-PI,-38.517933,-70.319959,Rio Agrio--puntilla,2026-06-14 13:27,85,9
L2263207,AR,AR-M,AR-M-LC,-32.9697876,-69.2292738,Rio Blanco,2025-05-11 13:39,28,5
L8409229,AR,AR-X,AR-X-PO,-31.3238122,-65.0873867,Rio Cachimayo C.A.I,2026-08-19 10:40,86,15
L12104663,AR,AR-X,AR-X-CO,-31.1752613,-64.3215609,Rio Ceballos,2026-03-31 14:21,77,9
L20646492,AR,AR-Q,AR-Q-NO,-37.9843968,-70.6415614,Rio Hualcupén--Mirador,2024-11-17 17:42,25,2
L16223231,AR,AR-V,AR-V-US,-54.5146279,-66.297642,Rio Irigoyen hasta Bahía Buen Suseso,2026-03-23 11:13,48,12
L19788105,AR,AR-Z,AR-Z-LA,-49.8076432,-72.0527241,Rio La Leona cerca Lago Viedma,2026-04-21 10:50,65,48
L10970643,AR,AR-Q,AR-Q-HU,-39.7757877,-71.0452188,Rio Malleo,2026-07-09 12:07,40,9
L28895301,AR,AR-T,AR-T-SI,-27.43803,-65.536342,"Rio Medinas, Trinidad, Tucumán",2023-12-15 19:00,1,0
L15760817,AR,AR-Q,AR-Q-MI,-36.9824697,-70.8651424,Rio Nahueve,2025-03-01 18:46,38,22
L27543328,AR,AR-X,AR-X-SA,-31.8060596,-65.0119373,Rio Nono,2026-06-14 17:48,35,6
L22069613,AR,AR-Q,AR-Q-CL,-39.181277,-70.271094,Rio Picun Leufu--pasarela,2023-01-04 01:20,28,1
L12052994,AR,AR-K,AR-K-AG,-27.4011082,-65.9955111,Rio Potrero (Aconquija),2026-04-12 17:26,74,13
L5069012,AR,AR-S,AR-S-GO,-28.0107791,-59.27315,"Rio Tapenaga, 6 km al noroeste de Florencia  Bosque chaqueño mixto 1",2026-01-19 07:20,192,52
L22783266,AR,AR-G,AR-G-PE,-26.2328463,-64.4681032,Rio Urueña (El Remate),2026-09-13 07:58,27,7
L2763208,AR,AR-M,AR-M-LH,-32.8203333,-69.9206667,Rio de Los Horcones,2025-11-24 18:09,55,23
L22487966,AR,AR-J,AR-J-CH,-31.503314,-68.639636,Rio-Pinar,2026-08-28 16:18,55,10
L54796117,AR,AR-S,AR-S-IR,-32.7348279,-61.2986833,"Ripeado,Bustinza",2026-02-17 16:00,15,1
L41842431,AR,AR-R,AR-R-PI,-41.080762,-70.832093,Ripieras del Río Pichi Leufú,2025-03-24 17:17,16,1
L20740122,AR,AR-Q,AR-Q-LO,-37.9655269,-70.813921,Riscos Bayos,2025-01-14 16:50,36,9
L52437252,AR,AR-Q,AR-Q-LO,-37.982481,-70.782091,Riscos Bayos--A M.Quemado,2025-09-04 10:45,23,1
L6557164,AR,AR-A,AR-A-RI,-24.1815623,-62.8818154,Rivadavia,2004-07-13 00:00,100,1
L19882249,AR,AR-U,AR-U-ES,-45.5220746,-67.2729671,Rocas coloradas,2023-02-20 14:00,19,2
L21472916,AR,AR-A,AR-A-IR,-22.6608132,-65.1801382,Rodeo Colorado,2022-09-04 18:00,6,2
L8595953,AR,AR-J,AR-J-IG,-30.1937077,-69.0955947,Rodeo--Cuesta del Viento,2025-07-14 13:30,89,18
L42005569,AR,AR-S,AR-S-SL,-32.9028731,-60.9064799,"Roldan, Santa Fe",2026-05-14 09:30,19,3
L42029970,AR,AR-B,AR-B-RP,-35.3577669,-59.3323683,Roque Pérez Río Salado,2025-12-25 08:13,76,6
L42031029,AR,AR-B,AR-B-RP,-35.3949974,-59.3255711,Roque Pérez--Laguna De Ratto,2026-04-04 12:58,38,5
L42030265,AR,AR-B,AR-B-RP,-35.3732562,-59.2844773,Roque Pérez--Pasarela,2026-06-15 11:21,48,4
L974282,AR,AR-S,AR-S-RO,-32.9441489,-60.6445313,Rosario,2026-08-30 08:30,72,29
L8080320,AR,AR-S,AR-S-RO,-32.9283731,-60.6544876,Rosario--Parque Sunchales,2025-10-21 06:14,58,15
L40162094,AR,AR-N,AR-N-PS,-27.3830902,-55.9573501,Rotonda Parque Fotovoltaico,2026-09-08 14:23,18,0
L35578506,AR,AR-S,AR-S-CL,-30.998707,-61.4169836,Rotonda ruta 13 Ataliva,2024-08-06 08:30,1,0
L7763030,AR,AR-S,AR-S-GL,-34.3021662,-62.6127344,Rufino--zona rural,2026-07-26 15:11,70,2
L29491715,AR,AR-X,AR-X-SJ,-30.9070967,-62.672436,Ruinas Anfiteatro Municipal,2026-09-24 10:19,157,129
L50452865,AR,AR-N,AR-N-SI,-27.1262383,-55.4990967,Ruinas Jesuíticas de Corpus Christi,2026-09-09 11:16,45,7
L844352,AR,AR-T,AR-T-TD,-26.4657325,-66.0350418,Ruinas de Quilmes,2026-09-26 18:31,163,162
L6157483,AR,AR-N,AR-N-CO,-27.891535,-55.3450597,Ruinas de Santa María,2026-01-27 12:22,101,9
L43299981,AR,AR-Z,AR-Z-LA,-50.3393695,-72.4314502,Ruta 11 Camino al PN Los Glaciares,2026-04-21 16:46,29,5
L2763291,AR,AR-B,AR-B-CI,-36.0995,-57.4335,Ruta 11 Pcia. Bs As-- zona Cerro de la Gloria,2026-09-14 14:43,153,57
L13809071,AR,AR-G,AR-G-JI,-28.3139534,-62.0868917,Ruta 116 (trayecto Los Juries/el Cuadradro),2021-02-15 07:45,9,5
L2762832,AR,AR-W,AR-W-ES,-30.3147,-59.5147,Ruta 12 (N de Guayquiraro),2024-08-20 10:00,46,4
L23011137,AR,AR-W,AR-W-SR,-28.7984266,-58.7229538,"Ruta 12 y 123, tajamares en el camino.",2026-06-26 16:40,66,10
L5072446,AR,AR-W,AR-W-SR,-28.8999176,-58.6743093,Ruta 123 y Río Santa Lucía,2026-06-29 14:21,111,20
L8403627,AR,AR-W,AR-W-GP,-27.9292032,-57.8857365,Ruta 13-Palmar Grande,2026-07-15 13:48,72,7
L5049081,AR,AR-U,AR-U-CU,-42.3731942,-71.2303032,Ruta 15 (Cholila - Leleque),2024-02-16 07:40,23,2
L4800013,AR,AR-L,AR-L-PU,-36.9594084,-67.4873507,Ruta 151--25 de Mayo a Algarrobo del Águila,2022-10-07 11:10,12,1
L16605217,AR,AR-Q,AR-Q-ZA,-38.540734,-69.743564,Ruta 16 pto.2,2021-10-09 13:20,11,3
L3591951,AR,AR-U,AR-U-FU,-43.316498,-71.4607859,Ruta 17 a Corcovado,2025-08-01 14:23,21,3
L28846887,AR,AR-R,AR-R-PI,-41.0525733,-71.040407,Ruta 23 vieja--acceso San Ramon,2026-03-24 16:46,40,14
L40000756,AR,AR-R,AR-R-PI,-41.024302,-70.614213,Ruta 23--área Pilca Viejo,2026-04-22 12:30,12,2
L27900112,AR,AR-B,AR-B-ES,-34.2755634,-58.7217414,Ruta 25 (Río Luján -- Río Paraná),2026-07-25 15:22,71,15
L4654728,AR,AR-B,AR-B-ES,-34.3706803,-58.7232971,Ruta 26 Maschwitz-Dique Luján,2026-08-08 14:37,94,25
L3632444,AR,AR-E,AR-E-CC,-31.0839617,-58.3016632,Ruta 28 sur,2026-04-18 07:50,151,49
L60912391,AR,AR-V,AR-V-RG,-53.3015095,-68.448527,Ruta 3--Paso Limítrofe,2026-03-23 18:00,2,1
L27874971,AR,AR-S,AR-S-GO,-28.4928636,-59.278352,Ruta 32 desde Iseta hasta Villa San Vicente,2025-02-07 13:33,109,10
L60431325,AR,AR-Z,AR-Z-RC,-48.2383011,-71.2371261,Ruta 35--Puente Río Belgrano,2026-03-17 13:30,4,1
L8087489,AR,AR-S,AR-S-VE,-29.8686268,-60.0670522,Ruta 38 20km al este de Calchaqui monte espinal bajo,2025-10-03 17:50,78,4
L8086920,AR,AR-S,AR-S-VE,-29.8765667,-60.0069808,Ruta 38 a 15 km de Alejandra,2025-05-10 16:45,152,20
L75903169,AR,AR-K,AR-K-PA,-28.2572267,-65.6306185,Ruta 38- Amadores,2026-08-16 16:50,3,0
L58480646,AR,AR-Z,AR-Z-RC,-47.4410865,-71.8240921,Ruta 39-- Puente Rio Union,2026-02-13 20:10,10,2
L58576616,AR,AR-Z,AR-Z-RC,-47.509006,-71.7737313,Ruta 39--Playa Costoso,2026-02-14 10:30,4,1
L37304653,AR,AR-W,AR-W-ME,-28.7319756,-57.4850337,Ruta 40 Portal Uguay,2026-09-14 08:15,165,48
L2945342,AR,AR-F,AR-F-FA,-28.8325,-67.4353333,Ruta 40 km 3.917 al sur de Pituil,2023-09-29 19:25,29,0
L62340766,AR,AR-Z,AR-Z-GA,-51.0195028,-70.7944949,Ruta 40-- La Esperanza,2026-04-20 18:06,8,2
L53713318,AR,AR-U,AR-U-FU,-43.4183493,-70.8772553,Ruta 40--Humedal Ea. La Mimosa,2026-09-23 10:02,29,10
L54348867,AR,AR-U,AR-U-RS,-45.6023152,-70.2053116,Ruta 40--Río Faquico,2026-05-27 16:00,16,3
L54348638,AR,AR-U,AR-U-FU,-43.199263,-70.832913,Ruta 40-Cuesta el Arbolito,2026-08-23 11:35,16,3
L57506854,AR,AR-Z,AR-Z-LB,-46.8840337,-71.8822465,Ruta 41--Arroyo Lincoln,2026-01-25 08:06,23,3
L57507899,AR,AR-Z,AR-Z-LB,-47.0885184,-71.8263755,Ruta 41--Laguna 2,2026-01-25 14:50,23,6
L57525337,AR,AR-Z,AR-Z-LB,-47.1713277,-71.8268215,Ruta 41--Laguna 3,2026-02-28 14:31,38,6
L57506679,AR,AR-Z,AR-Z-LB,-46.8477567,-71.8721816,Ruta 41--Laguna Chica,2026-02-05 11:24,24,3
L58577410,AR,AR-Z,AR-Z-LB,-46.9186648,-71.8573282,Ruta 41--Laguna Huairavo,2026-02-14 17:00,6,1
L58807927,AR,AR-Z,AR-Z-LB,-47.01408,-71.81944,Ruta 41--Portezuelo,2024-01-09 13:25,4,2
L62818700,AR,AR-Z,AR-Z-LB,-46.5799554,-71.6598691,Ruta 43-- A metros del límite,2026-04-14 13:00,2,1
L3933180,AR,AR-U,AR-U-MA,-44.2132178,-67.1717405,Ruta 48 (Las Plumas-Garayalde),2019-11-06 15:25,6,0
L13828218,AR,AR-D,AR-D-JU,-32.2463289,-65.3315011,Ruta 5 - Los Chañares,2024-04-21 13:40,75,2
L57749956,AR,AR-W,AR-W-SG,-27.9300824,-57.5146132,Ruta 5 y 118,2026-05-10 15:43,68,5
L16535497,AR,AR-G,AR-G-SR,-28.157439,-63.3479913,Ruta 56 (entre Garza y Villa Matara),2023-10-27 16:57,84,24
L60735685,AR,AR-Z,AR-Z-CA,-50.7597767,-69.4331441,Ruta 57--Casa abandonada,2026-07-08 11:46,9,2
L9675925,AR,AR-S,AR-S-GL,-33.7143013,-61.5367849,"Ruta 6-S, costa oeste Laguna Melincué",2021-07-10 08:00,101,13
L4058663,AR,AR-S,AR-S-GA,-31.1506722,-60.3144291,"Ruta 62 S, entre Ruta Pcial 1 y Puente sobre Aº Saladillo",2026-09-05 09:10,197,30
L24435980,AR,AR-G,AR-G-GU,-28.166732,-64.969709,Ruta 64 Km 88,2026-06-14 10:00,42,6
L41281036,AR,AR-B,AR-B-GI,-34.4078505,-62.0740306,Ruta 7 cruce ferrocarril,2024-09-18 13:00,30,3
L7955655,AR,AR-G,AR-G-SE,-27.7497605,-64.3905016,"Ruta 9 ,km 1152 ,Dpto Capital,Santiago del Estero",2024-06-15 09:24,56,4
L11541813,AR,AR-A,AR-A-LC,-24.5664386,-65.3799155,Ruta 9 frente al Dique Campo Alegre,2026-04-05 13:00,171,19
L75904348,AR,AR-K,AR-K-PA,-28.0958507,-65.6688763,Ruta 9- Las Victorias,2026-08-16 17:15,3,0
L18455448,AR,AR-G,AR-G-AL,-26.747854,-62.713409,Ruta 92 cerca de Agustina Libarona,2022-04-08 13:00,10,1
L8965022,AR,AR-W,AR-W-ST,-28.3178147,-55.9092597,Ruta 94,2024-08-23 09:18,58,7
L16626031,AR,AR-G,AR-G-QU,-29.0630482,-63.5279031,Ruta 96 (Telares a el 49),2021-08-16 08:00,14,1
L60963421,AR,AR-V,AR-V-RG,-54.2614075,-67.1447931,Ruta A--Rio Chapel,2026-03-24 15:15,2,1
L61479293,AR,AR-V,AR-V-RG,-53.9235194,-68.024237,Ruta B--Arroyo Guanaco,2026-03-31 16:30,5,1
L61479552,AR,AR-V,AR-V-RG,-53.9503881,-68.2329706,Ruta B--Arroyo La Despedida,2026-03-31 17:15,2,1
L61479629,AR,AR-V,AR-V-RG,-53.9141357,-68.368724,Ruta B--Río Menéndez,2026-03-31 17:50,3,1
L61479413,AR,AR-V,AR-V-RG,-53.9263856,-68.0662522,Ruta B--Río Ona,2026-03-31 17:00,4,1
L6217144,AR,AR-V,AR-V-RG,-53.6667647,-68.1197834,Ruta C y Ea. Flamencos,2026-09-24 13:06,61,132
L2762567,AR,AR-B,AR-B-GL,-36.4167,-56.9167,Ruta Campos del Tuyú- Palenque (19 km),2026-03-30 08:14,181,99
L2763561,AR,AR-V,AR-V-US,-54.7958333,-67.6043333,Ruta J,2026-03-11 11:07,61,37
L61237193,AR,AR-V,AR-V-US,-54.8539475,-67.4966826,Ruta J Laguna camino a Almanza,2026-04-04 17:23,8,2
L61142533,AR,AR-V,AR-V-US,-54.8732906,-67.3938531,Ruta J--Puente sobre Rio Larsipasank,2026-03-27 12:40,7,1
L74237753,AR,AR-Y,AR-Y-TU,-23.7280742,-65.5215379,Ruta Nac 52 camino a Cuesta de Lipán
L55103740,AR,AR-S,AR-S-LP,-31.6873007,-60.5237542,Ruta Nac.168 puente arroyo las sandias,2026-03-15 17:03,59,2
L67017559,AR,AR-W,AR-W-PL,-29.558238,-57.5017788,Ruta Nacional 123. Paso sobre río Miriñay,2026-05-20 08:00,93,4
L15797708,AR,AR-R,AR-R-GR,-37.8062754,-67.747119,Ruta Nacional 151 km 139,2024-11-30 11:09,7,3
L12949261,AR,AR-Z,AR-Z-DE,-46.519,-67.465,Ruta Nacional 3 y Cañadón Seco,2025-09-04 15:43,79,77
L40436030,AR,AR-U,AR-U-RA,-43.2316958,-65.2984861,"Ruta Nacional 3, Servicoop (Alrededores)",2026-09-13 13:35,36,10
L12021177,AR,AR-A,AR-A-OR,-22.9672255,-64.3664608,Ruta Nacional 50 y Rio Pescado,2025-05-10 14:04,113,16
L7359494,AR,AR-M,AR-M-LC,-33.0809095,-69.0011793,Ruta Nacional 7--Zona Penitenciaría,2026-08-14 15:00,55,22
L5084469,AR,AR-S,AR-S-GA,-31.3184455,-60.2873173,"Ruta Pcial Nº 1, Los Cerrillos, Monumento Monzón",2025-09-21 07:56,105,12
L13885089,AR,AR-A,AR-A-OR,-22.656,-64.421,Ruta Prov. N°19 (Aguas Blancas),2021-05-08 08:00,11,3
L13119618,AR,AR-A,AR-A-RI,-23.8281322,-63.472994,Ruta Provincial 13 KM 65,2026-01-10 12:33,212,54
L14036638,AR,AR-A,AR-A-OR,-23.8180793,-64.1554135,Ruta Provincial 13 KM1,2026-07-02 12:40,184,65
L12689492,AR,AR-A,AR-A-OR,-23.350941,-64.0420856,Ruta Provincial 15 KM 15,2023-10-14 11:16,170,19
L12689425,AR,AR-A,AR-A-OR,-23.3700188,-63.8383874,Ruta Provincial 15 KM 35,2026-09-14 07:44,168,19
L12883749,AR,AR-A,AR-A-OR,-23.3607583,-64.1583065,Ruta Provincial 15 KM 5,2024-11-09 07:00,123,14
L44743930,AR,AR-W,AR-W-PL,-29.2986667,-57.47092,"Ruta Provincial 49. San Salvador. Espinal. Corrientes, AR (-29.299, -57.471)",2026-04-19 07:34,69,14
L8879945,AR,AR-Y,AR-Y-HU,-23.1010856,-65.1753111,Ruta Provincial 73,2026-07-05 15:36,59,24
L14975360,AR,AR-Y,AR-Y-SB,-24.3173606,-64.6101184,"Ruta Provincial N°6, Santa Clara - Afatal.",2026-03-29 18:32,103,6
L17020899,AR,AR-Y,AR-Y-SB,-23.8439591,-64.431805,Ruta Provincial N°6--Cruce Siete Aguas,2024-11-03 23:35,22,5
L9971237,AR,AR-Y,AR-Y-SB,-23.806461,-64.4342259,Ruta Provincial Nº1. Santa Bárbara.,2026-05-05 18:18,103,21
L12950192,AR,AR-Y,AR-Y-SB,-24.2141434,-64.3951822,Ruta Provincial Nº6 y Aº Cabo Ríos,2026-01-17 09:35,93,23
L9970925,AR,AR-Y,AR-Y-SB,-24.1833387,-64.3998581,Ruta Provincial Nº6--El Rastro.,2026-06-30 18:00,93,36
L68648322,AR,AR-B,AR-B-CH,-35.597821,-57.826857,Ruta Provincial RP58 - Laguna La Limpia,2026-05-31 09:00,65,3
L11968740,AR,AR-X,AR-X-CA,-32.0978468,-64.4899359,Ruta S372 Camino al Parador de la Montaña,2026-03-07 20:07,73,17
L62421458,AR,AR-Z,AR-Z-LA,-50.320779,-72.3154461,Ruta a Punta Soberana,2026-09-07 14:36,6,1
L27591654,AR,AR-B,AR-B-CR,-38.897582,-61.609502,Ruta provincial 113 y Acceso a Monte Hermoso,2023-10-16 10:00,13,1
L32099274,AR,AR-S,AR-S-NJ,-28.108958,-61.3764956,"Ruta provincial 95 Km 906, Santa Fe",2026-08-13 14:35,16,2
L16604881,AR,AR-Q,AR-Q-ZA,-38.647965,-69.845994,Ruta16-pto.2,2022-08-27 15:59,31,4
L29733213,AR,AR-R,AR-R-SA,-40.7233166,-64.9513251,Rías de San Antonio Oeste,2026-07-20 17:46,62,20
L55249559,AR,AR-K,AR-K-EA,-28.4422898,-65.4484333,Río (Tintigasta),2026-03-28 20:15,22,6
L30623669,AR,AR-T,AR-T-TD,-26.5848248,-65.9463267,Río Amaicha y RN 307,2026-09-27 08:09,56,23
L2763023,AR,AR-D,AR-D-LC,-33.6667,-66.6333,Río Bebedero y salina (bañado),2026-09-18 15:35,130,23
L7953289,AR,AR-A,AR-A-OR,-22.7207059,-64.3942268,"Río Bermejo--costa sur, entre Aguas Blancas y PN Baritú",2026-08-01 08:48,95,6
L8844781,AR,AR-Y,AR-Y-PA,-24.2293834,-65.2360548,Río Blanco,2026-05-01 10:10,131,171
L23380169,AR,AR-A,AR-A-OR,-23.1212624,-64.488205,"Río Blanco. Orán, Salta.",2019-08-08 09:00,16,0
L22173218,AR,AR-Q,AR-Q-LA,-40.4973579,-71.2040038,Río Caleufú a la altura de Casa de Piedra,2025-03-08 13:53,21,5
L4356678,AR,AR-B,AR-B-TI,-34.3255046,-58.5705185,Río Capitán,2024-08-11 11:14,105,12
L8806613,AR,AR-Q,AR-Q-CC,-39.891337,-70.832969,Río Catan Lil--Puesto Cañuqueo,2024-01-25 13:28,33,1
L8851373,AR,AR-U,AR-U-CU,-42.609536,-70.385173,Río Chubut--Pasarela El Mirador,2026-02-05 09:11,34,3
L5796340,AR,AR-Z,AR-Z-GA,-51.143602,-69.524231,Río Coyle,2026-07-03 11:30,82,116
L8924497,AR,AR-Q,AR-Q-CM,-37.3608082,-70.324039,Río Curi Leuvú Caepe Malal,2026-09-04 17:21,32,1
L31025228,AR,AR-C,AR-C-DF,-34.6273354,-58.357135,Río Darsena Sur,2026-08-09 17:15,38,16
L29731200,AR,AR-M,AR-M-SR,-34.6017936,-68.0240671,Río Diamante La Llave,2026-08-28 08:59,50,4
L12286772,AR,AR-X,AR-X-PU,-30.9165063,-64.5374489,"Río Dolores -30.916893, -64.537272",2025-02-04 16:00,89,6
L10337319,AR,AR-Z,AR-Z-LB,-47.123672,-70.88652,Río Ecker,2026-04-27 18:01,70,25
L4356689,AR,AR-B,AR-B-SF,-34.2521086,-58.5602832,Río Estudiante,2025-07-11 13:00,14,5
L2290860,AR,AR-Z,AR-Z-GA,-51.6316573,-69.2166138,Río Gallegos,2026-08-09 12:05,103,92
L2412064,AR,AR-Z,AR-Z-GA,-51.6090575,-69.230576,Río Gallegos--Escuela de kayak I Yenu Jono,2026-09-14 14:46,73,588
L20967925,AR,AR-Z,AR-Z-GA,-51.6437505,-69.2036345,Río Gallegos--Laguna Marina,2026-04-22 10:29,40,189
L12047103,AR,AR-Z,AR-Z-GA,-51.6474482,-69.2375227,Río Gallegos--RN Laguna Ortiz sector 1,2026-09-19 15:51,61,617
L487919,AR,AR-V,AR-V-RG,-53.7763119,-67.7434158,Río Grande,2025-10-11 07:26,102,56
L55739805,AR,AR-E,AR-E-II,-33.2301152,-59.3085974,Río Gualeguay y alrededores,2026-09-08 16:36,119,11
L35143558,AR,AR-K,AR-K-TI,-27.7692,-68.0140129,Río Guanchín (Las Angosturas),2025-07-16 10:48,10,2
L2762927,AR,AR-N,AR-N-IG,-25.5833333,-54.1666667,Río Iguazú Superior,2025-01-10 13:06,66,15
L10580843,AR,AR-Y,AR-Y-VG,-23.6484799,-64.9370711,Río Jordán,2026-09-27 12:52,151,224
L2763588,AR,AR-A,AR-A-ME,-25.1333333,-65.0,Río Juramento,2025-03-14 09:33,186,37
L11885913,AR,AR-J,AR-J-VF,-30.8647842,-67.3236041,Río La Tumana,2026-08-30 16:19,92,23
L2763585,AR,AR-A,AR-A-ME,-25.6333333,-64.9333333,Río Las Cañas (Salta),2024-08-31 12:29,62,7
L4220806,AR,AR-R,AR-R-PI,-41.0551549,-71.1396036,Río Limay--naciente,2026-07-25 15:56,98,183
L37151826,AR,AR-X,AR-X-SA,-31.7980551,-65.0186685,Río Los Sauces (Vado Nono),2026-02-27 17:39,68,10
L53111780,AR,AR-Q,AR-Q-HU,-39.7789434,-71.0386071,Río Malleo y Ruta 23,2026-04-12 09:37,28,6
L2763193,AR,AR-R,AR-R-BA,-41.5198333,-71.522,Río Manso,2026-01-25 14:05,83,18
L2761821,AR,AR-Y,AR-Y-SA,-24.3726667,-65.4675,Río Morado,2016-08-06 10:00,40,2
L15735741,AR,AR-Q,AR-Q-MI,-37.06309,-70.77709,Río Nahueve,2026-09-05 14:30,31,9
L33045427,AR,AR-G,AR-G-LO,-28.3362572,-64.1898032,Río Namby,2024-06-08 08:00,27,3
L12231426,AR,AR-Q,AR-Q-CO,-38.9601499,-68.0078408,Río Neuquén--Confluencia Neuquén,2026-05-05 15:00,43,7
L21058785,AR,AR-Q,AR-Q-CO,-38.9767667,-68.004038,Río Neuquén--Mirador de aves,2023-05-27 17:01,40,7
L34951552,AR,AR-E,AR-E-GG,-32.851181,-59.858911,Río Nogoya en Ruta 11,2024-11-01 14:41,26,2
L8285873,AR,AR-V,AR-V-US,-54.7533262,-68.1974723,Río Olívia,2026-05-02 09:38,26,23
L30329789,AR,AR-S,AR-S-LP,-31.6139445,-60.3483951,Río Paraná - Villa Urquiza,2024-03-29 08:00,61,1
L10935073,AR,AR-R,AR-R-PI,-40.7318325,-70.6879445,Río Pichileufu,2026-02-25 17:27,57,9
L2763001,AR,AR-R,AR-R-PI,-41.1,-70.8333,Río Pichileufu y Ruta Provincial 23,2026-09-13 16:38,94,132
L3659437,AR,AR-U,AR-U-TH,-44.1594538,-71.4465809,Río Pico y alrededores,2026-01-14 13:33,69,7
L7001805,AR,AR-U,AR-U-TH,-44.248888,-71.5763998,Río Pico--Lago 3,2025-03-26 20:35,57,4
L4605182,AR,AR-X,AR-X-TU,-30.3113058,-63.9528403,Río Pisco Huasi,2022-06-20 17:13,72,8
L1653755,AR,AR-T,AR-T-TR,-26.4435748,-65.5709301,Río Potrero,2005-12-10 13:00,14,0
L3178530,AR,AR-A,AR-A-RL,-24.7283,-65.6056,Río Potrero,2020-10-04 17:27,64,3
L40820909,AR,AR-K,AR-K-AS,-25.8303565,-67.2862999,Río Punilla,2025-02-27 16:35,6,2
L10352204,AR,AR-Q,AR-Q-AL,-39.3641022,-71.2190731,Río Quillén--Desembocadura en el Lago Quillén Ea. Río Quillén.,2025-09-20 09:35,64,16
L11430607,AR,AR-A,AR-A-RF,-25.7971234,-64.9815878,Río Rosario (altura Rosario de la Frontera),2024-06-08 11:16,65,2
L2763596,AR,AR-A,AR-A-RF,-25.7666667,-64.75,Río Rosario y Arroyo Salado,2015-05-09 11:00,26,0
L8918369,AR,AR-S,AR-S-SV,-30.459545,-60.0948,Río Saladillo--Humedales,2026-03-21 16:17,126,23
L8085932,AR,AR-S,AR-S-SJ,-30.3332396,-60.6542786,Río Salado y bañados sobre la RP 39,2026-05-01 11:49,129,11
L2762564,AR,AR-B,AR-B-CH,-35.7166,-57.35,"Río Samborombon, desembocadura",2025-08-09 15:33,54,3
L15756382,AR,AR-V,AR-V-RG,-53.2576184,-68.5428976,Río San Martin--Entrada Cañadón Piedra,2025-11-24 07:36,38,33
L10500993,AR,AR-V,AR-V-RG,-53.2484062,-68.5498621,Río San Martín--desembocadura,2026-05-05 10:15,51,96
L13235100,AR,AR-X,AR-X-RC,-33.2842976,-64.3537669,Río Santa Catalina (Santa Flora),2026-09-20 07:26,156,75
L2761823,AR,AR-A,AR-A-OR,-23.301,-64.5791667,Río Santa María,2021-10-31 08:08,59,1
L28035448,AR,AR-Q,AR-Q-ZA,-39.0029334,-70.0888413,Río Santo Domingo sobre ruta 40,2026-05-09 17:51,19,5
L10699970,AR,AR-A,AR-A-CF,-26.1226057,-65.9687458,Río Seco,2026-07-05 09:15,94,66
L21882871,AR,AR-X,AR-X-TA,-32.1455977,-64.1248782,Río Tercero--Paseo Ecológico,2026-01-05 20:45,83,9
L844802,AR,AR-Y,AR-Y-CA,-24.0023862,-65.360713,Río Tiraxi,2025-10-10 20:25,153,21
L2762963,AR,AR-Q,AR-Q-LL,-40.6647,-71.248,Río Traful--Ea. La Primavera,2024-05-17 13:56,37,5
L3630913,AR,AR-Z,AR-Z-GA,-51.5331491,-72.3359799,Río Turbio,2026-09-20 08:16,77,26
L66034752,AR,AR-A,AR-A-LC,-24.7099172,-65.4087782,"Río Vaqueros, Costanera",2026-05-09 16:40,29,2
L844832,AR,AR-Y,AR-Y-CA,-24.1217081,-65.4526591,Río Yala,2026-09-27 08:44,235,639
L3840294,AR,AR-X,AR-X-CE,-31.37685,-64.77079,Río Yuspe,2026-09-16 15:00,101,37
L61410172,AR,AR-K,AR-K-EA,-28.5452604,-65.400232,Río de Infanzón (Yungas),2026-03-28 14:30,3,0
L68092860,AR,AR-N,AR-N-GU,-27.2686187,-54.2106988,Río de Los Pájaros (RN Privada)
L3947663,AR,AR-E,AR-E-GC,-33.4069274,-58.7186193,Río de las Aves,2026-09-21 14:05,236,418
L7414577,AR,AR-Y,AR-Y-SP,-24.4229253,-64.669261,Río del Medio - Jujuy,2019-09-19 13:39,63,2
L2762788,AR,AR-X,AR-X-RC,-32.8833,-64.5667,Río del Medio desembocadura,2024-05-01 08:05,73,7
L11055783,AR,AR-R,AR-R-BA,-41.2657878,-71.2093852,Río Ñirihuau--Alto,2025-03-04 16:42,71,12
L19850579,AR,AR-R,AR-R-BA,-41.1050501,-71.1450383,Río Ñirihuau--Zona de Lagunas,2026-09-27 09:30,103,163
L6657795,AR,AR-S,AR-S-SC,-30.311542,-61.2356043,SAN CRISTOBAL,2025-11-24 13:20,113,24
L45619265,AR,AR-X,AR-X-TO,-30.9065092,-64.0736207,SINSACATE,2026-09-08 14:32,47,5
L4602109,AR,AR-B,AR-B-SN,-33.3781684,-60.1716685,"SOMISA, Arroyo Ramallo, San Nicolás",2023-07-16 17:01,75,7
L13468913,AR,AR-G,AR-G-SV,-28.6503328,-63.5001297,Sabagasta (Pueblo del maiz),2021-01-31 08:00,67,3
L44073241,AR,AR-A,AR-A-CA,-25.0627622,-66.107043,Sala de Payogasta,2026-09-18 09:15,59,14
L20426082,AR,AR-W,AR-W-SL,-28.2586092,-58.6161308,"Saladas--Laguna Soto (-28.259, -58.616)",2026-08-12 16:45,46,5
L8168002,AR,AR-S,AR-S-GA,-30.8742202,-60.2202172,Saladero Cabal Arrocera,2022-09-25 15:00,66,3
L13527276,AR,AR-G,AR-G-JM,-27.2186497,-64.5216599,Saladillo (ruta 17),2025-06-29 08:16,8,2
L2761489,AR,AR-K,AR-K-AS,-25.3314,-67.9167,Salar de Archibarca,2010-01-22 00:00,3,0
L2763657,AR,AR-A,AR-A-LA,-24.2394515,-67.565918,Salar de Inca Huasi,2010-01-28 00:00,1,0
L39889115,AR,AR-K,AR-K-AS,-26.39813,-67.68561,Salar de Inca Huasi,2025-02-01 10:18,1,2
L2761490,AR,AR-A,AR-A-LA,-24.8390881,-68.2717896,Salar de Llullaillaco,2025-11-19 16:12,12,1
L2761968,AR,AR-K,AR-K-PO,-28.1545176,-66.4178467,Salar de Pipanaco,2026-06-05 18:18,125,26
L7389471,AR,AR-K,AR-K-PO,-27.9742147,-66.243782,Salar de Pipanaco--Algarrobal,2026-09-18 23:36,111,13
L40820480,AR,AR-K,AR-K-AS,-25.3418852,-67.2158507,Salar del Hombre Muerto (Oeste),2025-02-27 15:30,1,0
L6991949,AR,AR-K,AR-K-AS,-25.3819982,-67.0193996,Salar del Hombre Muerto--Sector Norte,2025-02-02 18:40,17,4
L3870803,AR,AR-Y,AR-Y-TU,-23.6131987,-65.8606768,Salinas Grandes,2026-09-26 08:53,52,8
L835798,AR,AR-X,AR-X-TU,-30.045916,-64.6784878,Salinas Grandes,2026-09-26 09:17,220,490
L51710789,AR,AR-W,AR-W-LA,-28.8545488,-58.9670149,Salinas Grandes (Prov. de Corrientes),2026-09-25 17:00,173,32
L21812771,AR,AR-K,AR-K-LP,-29.5366888,-65.0864402,Salinas Grandes (RN60),2026-08-31 15:37,46,17
L2762569,AR,AR-B,AR-B-VI,-38.75,-62.9666,Salinas Las Barrancas (Chicas),2026-09-17 11:44,140,58
L2761975,AR,AR-G,AR-G-OJ,-29.268,-64.3736667,Salinas de Ambargasta,2023-05-01 00:00,10,0
L39477593,AR,AR-G,AR-G-LO,-28.8232371,-64.3534186,Salinas de Ambargasta--Entrada a La Laguna Barranca Colorada,2025-10-11 09:18,14,19
L34483234,AR,AR-G,AR-G-LO,-28.8361855,-64.4526258,Salinas de Ambargasta--Laguna Barrancas Colorada.,2026-08-27 08:38,97,41
L24006370,AR,AR-G,AR-G-OJ,-28.9649132,-64.0534874,Salinas de Ambargasta--Laguna Manca Potrillo,2025-06-16 16:53,68,26
L33176501,AR,AR-G,AR-G-OJ,-28.924694,-64.025853,Salinas de Ambargasta--Laguna Puca Jume,2026-01-12 12:49,18,9
L16143235,AR,AR-G,AR-G-OJ,-29.1992755,-64.133267,Salinas de Ambargasta--Laguna de Quimilar,2021-09-26 09:45,38,19
L39477671,AR,AR-G,AR-G-LO,-28.8217328,-64.3141919,Salinas de Ambargasta--Tapera de Leiva,2025-10-11 07:35,26,19
L6000104,AR,AR-G,AR-G-BA,-27.2259746,-64.0608931,Salinas de Huyamampa (ruta 132),2026-01-29 09:57,97,40
L34456563,AR,AR-G,AR-G-BA,-27.2807124,-64.1251467,Salinas de Huyamampa--Laguna del Gaucho,2026-01-29 12:33,50,12
L37027224,AR,AR-X,AR-X-PO,-31.3088363,-65.0980873,"Salsacate, Córdoba, AR (-31.311, -65.094)",2026-09-25 08:52,85,31
L846894,AR,AR-A,AR-A-AN,-24.9639614,-63.8571739,Salta Forestal,2022-12-09 06:00,179,27
L7936349,AR,AR-A,AR-A-SA,-24.8442287,-65.4784298,Salta--Aeropuerto,2026-09-16 10:49,123,68
L35683413,AR,AR-E,AR-E-DI,-32.0859882,-60.4354495,Salto,2026-04-05 15:30,40,4
L10707743,AR,AR-N,AR-N-CG,-27.1315629,-54.827342,Salto Alegre,2021-02-06 11:43,53,4
L39299281,AR,AR-E,AR-E-CC,-31.3577662,-57.9917656,Salto Chico,2026-06-05 17:00,45,9
L16859563,AR,AR-N,AR-N-GU,-26.903382,-54.197888,Salto Paraiso,2024-10-13 23:33,34,1
L26563565,AR,AR-N,AR-N-CG,-27.1136171,-54.8109258,Salto Piedras Blancas,2026-07-25 17:47,79,9
L2763380,AR,AR-E,AR-E-DI,-32.1293333,-60.433,Salto de Ander Egg,2026-09-03 14:58,156,72
L20579948,AR,AR-B,AR-B-OL,-36.9481169,-60.3743041,Salto de piedra (Olavarria).,2023-12-12 11:35,28,1
L16967451,AR,AR-D,AR-D-LM,-32.459488,-65.868946,Salto del Chispiadero,2021-05-02 12:00,1,0
L10458155,AR,AR-Q,AR-Q-NO,-37.8097055,-70.9243112,Salto del agrio,2026-08-19 16:15,75,39
L57444772,AR,AR-X,AR-X-PU,-31.5981664,-64.7155076,Saltos del Rocío,2026-09-17 17:16,19,4
L2689248,AR,AR-N,AR-N-SI,-26.9999492,-55.1793909,Saltos del Tabay,2026-03-13 07:59,175,28
L51331753,AR,AR-K,AR-K-EA,-28.4824946,-65.5281781,Saltón Grande,2025-11-18 14:25,46,3
L28250693,AR,AR-A,AR-A-GM,-22.054326,-63.713284,Salvador Mazza--La  Toma,2026-05-17 15:30,155,73
L33416095,AR,AR-A,AR-A-GM,-22.0505034,-63.658205,Salvador Mazza--Planta decantadora,2024-05-31 09:11,23,1
L14319253,AR,AR-A,AR-A-OR,-23.133,-64.256,San Agustín,2022-10-08 20:32,74,12
L9148990,AR,AR-M,AR-M-LH,-32.4723296,-69.4112106,San Alberto,2025-05-01 16:45,31,3
L8012066,AR,AR-W,AR-W-ST,-28.1667,-56.02,San Alonso,2023-05-13 07:30,143,7
L4804739,AR,AR-Y,AR-Y-SA,-24.3705537,-65.3315306,San Antonio,2026-07-16 16:51,185,21
L21103909,AR,AR-W,AR-W-SM,-28.579155,-57.147877,San Antonio (Alianza del Pastizal),2025-11-02 10:00,161,28
L42537189,AR,AR-K,AR-K-PA,-28.0105057,-65.7104684,San Antonio (Paclín),2026-05-25 17:45,11,9
L9858475,AR,AR-A,AR-A-LA,-24.2312142,-66.3226383,San Antonio De Los Cobres,2026-09-25 13:10,70,23
L19850723,AR,AR-R,AR-R-SA,-40.7830027,-64.8460416,San Antonio Este--Punta Perdices,2026-07-18 13:15,68,34
L2761988,AR,AR-R,AR-R-SA,-40.7342507,-64.9443054,San Antonio Oeste,2026-07-22 11:13,152,105
L678088,AR,AR-R,AR-R-SA,-40.7555796,-64.9393272,San Antonio Oeste--Playa Grande.,2026-04-09 12:44,109,83
L12385767,AR,AR-X,AR-X-UN,-32.2055888,-62.6766254,San Antonio de Litin,2021-07-17 17:45,13,1
L2834315,AR,AR-S,AR-S-NJ,-28.6180149,-61.4478207,San Bernardo (Santa Fe),2014-05-02 08:00,78,2
L2301369,AR,AR-A,AR-A-SC,-25.9027974,-65.9715271,San Carlos Reservorio,2017-10-01 17:00,104,9
L6096155,AR,AR-S,AR-S-LC,-31.7634911,-61.1095051,San Carlos Sur--Lagunas de Cervecería,2019-06-16 16:00,63,3
L6086617,AR,AR-S,AR-S-LC,-31.8348248,-61.0987043,San Carlos Sur--Lagunas semipermantes al sur,2019-09-07 15:00,74,6
L8011992,AR,AR-B,AR-B-BO,-36.2318298,-61.1165289,San Carlos de Bolívar,2026-09-14 16:35,110,12
L53924896,AR,AR-W,AR-W-CN,-27.5687993,-58.6947306,"San Cayetano, Corrientes,AR",2026-09-12 14:18,50,2
L17777078,AR,AR-B,AR-B-SC,-38.7532983,-59.41439,San Cayetano--Restinga,2026-01-15 17:50,18,4
L4466116,AR,AR-X,AR-X-SM,-31.7199904,-64.623642,San Clemente,2025-08-16 00:00,128,30
L495984,AR,AR-B,AR-B-LC,-36.3848072,-56.7066193,San Clemente del Tuyú,2026-04-03 06:54,220,114
L54932168,AR,AR-B,AR-B-LC,-36.3560517,-56.7163292,San Clemente del Tuyú--Playa Grande,2026-08-23 15:00,28,20
L845070,AR,AR-B,AR-B-LC,-36.341125,-56.7471474,San Clemente del Tuyú--Puerto,2026-09-20 12:55,206,691
L847596,AR,AR-W,AR-W-SC,-27.3728344,-58.4912109,San Cosme,2024-10-07 16:32,172,31
L3327898,AR,AR-W,AR-W-SC,-27.382876,-58.5605997,San Cosme--Don Lautaro,2026-01-13 18:28,46,11
L4598958,AR,AR-W,AR-W-SC,-27.2962662,-58.5113657,San Cosme--Río Paraná,2026-05-20 05:33,219,23
L5662581,AR,AR-Q,AR-Q-LO,-38.2708018,-70.5052757,San Demetrio,2021-12-16 11:21,75,3
L55524042,AR,AR-Y,AR-Y-VG,-23.6220115,-64.9505228,San Francisco (Ejido Urbano),2026-09-23 13:38,81,31
L3706558,AR,AR-B,AR-B-TA,-38.6932153,-60.0147057,San Francisco de Bellocq,2026-06-27 07:51,39,5
L3178914,AR,AR-D,AR-D-AY,-32.5928167,-66.1276531,San Francisco del Monte de Oro,2026-05-15 11:00,123,31
L55524270,AR,AR-Y,AR-Y-VG,-23.6263891,-64.9504608,San Francisco--Circuito del Ojo de Agua,2026-08-01 15:56,33,5
L9971550,AR,AR-Y,AR-Y-VG,-23.6183836,-64.9533337,San Francisco--La Esquina Hostal,2026-05-18 20:09,56,24
L55524173,AR,AR-Y,AR-Y-VG,-23.6198728,-64.9452455,San Francisco--Senda Mirador Del Ceibo,2025-11-27 16:13,45,5
L55547701,AR,AR-Y,AR-Y-VG,-23.6301184,-64.942736,San Francisco--Sendero Mirador de la Cruz,2026-01-04 17:09,57,5
L11101920,AR,AR-P,AR-P-FO,-25.947024,-58.634199,San Hilario,2022-06-18 10:43,39,2
L72412970,AR,AR-N,AR-N-SI,-27.2977699,-55.587194,San Ignacio,2026-07-26 17:19,25,1
L484993,AR,AR-N,AR-N-SI,-27.2552018,-55.5318117,San Ignacio Mini,2026-09-27 11:33,284,139
L10992412,AR,AR-A,AR-A-IR,-22.7334811,-65.2503691,San Isidro,2026-07-12 10:11,54,8
L10267906,AR,AR-E,AR-E-FC,-30.3393997,-58.3067127,San Jaime De La Frontera,2025-11-17 19:00,99,48
L2761996,AR,AR-S,AR-S-SV,-30.57645,-59.9341965,San Javier,2026-03-22 21:00,199,53
L3824419,AR,AR-X,AR-X-SV,-32.0288165,-65.0288486,San Javier,2026-03-01 17:33,151,73
L9078188,AR,AR-S,AR-S-SV,-30.5767245,-59.9803637,San Javier Bañado La Totora,2019-04-22 15:00,62,2
L6110890,AR,AR-N,AR-N-SJ,-27.8289054,-55.0999117,San Javier--Cerro Monje,2023-08-06 10:00,58,3
L6366560,AR,AR-S,AR-S-LC,-31.5525556,-61.07785,San Jerónimo Norte (pueblo y alrededores),2026-06-28 19:15,193,186
L33104233,AR,AR-X,AR-X-TU,-30.0071458,-64.6236055,San José de las salinas,2026-08-29 15:22,138,95
L3029987,AR,AR-S,AR-S-LP,-31.5972526,-60.5841064,San José del Rincón,2026-07-27 20:30,226,147
L21162509,AR,AR-S,AR-S-LP,-31.5943174,-60.5599456,San José del Rincón--Bañado La Lonja y arroyo Ubajay,2026-05-08 14:25,126,16
L62337821,AR,AR-S,AR-S-LP,-31.5893553,-60.5711293,San José del Rincón--bañados zona oeste,2026-09-01 17:15,88,3
L13400959,AR,AR-N,AR-N-AP,-27.7620887,-55.7714436,"San José, Misiones, Argentina",2026-02-22 07:00,56,10
L7419630,AR,AR-Y,AR-Y-SC,-22.2540562,-66.3526154,San Juan de Misa Rumi,2015-11-27 18:00,1,0
L16534339,AR,AR-E,AR-E-FE,-30.6161728,-58.9530724,San Juan del Puerto,2021-09-28 10:30,46,2
L24410011,AR,AR-A,AR-A-SA,-24.7976465,-65.4757286,San Lorenzo chico,2026-05-09 13:39,31,8
L8185871,AR,AR-A,AR-A-SA,-24.7312148,-65.49299,San Lorenzo pueblo,2026-09-12 11:53,149,148
L48380726,AR,AR-S,AR-S-SL,-32.6774538,-60.7295471,"San Lorenzo, Santa Fe, Argentina",2026-02-03 18:00,15,14
L12517637,AR,AR-X,AR-X-SA,-31.6794757,-65.0298838,San Lorenzo--Barrancas del Panaholma,2026-06-14 09:20,109,26
L12517319,AR,AR-X,AR-X-SA,-31.6676126,-65.0218073,San Lorenzo--EL Caserío,2023-10-14 07:30,104,27
L29557400,AR,AR-Y,AR-Y-VG,-23.6118868,-65.045552,San Lucas,2025-09-27 10:01,44,9
L4019035,AR,AR-B,AR-B-LO,-37.7870639,-58.8479233,San Manuel,2025-12-05 05:59,77,48
L2763419,AR,AR-X,AR-X-CE,-30.7868247,-64.6369886,San Marcos Sierra,2025-12-23 18:45,160,51
L64182784,AR,AR-X,AR-X-CE,-30.7827185,-64.631238,San Marcos Sierra--Cerro de la Cruz,2023-10-29 00:00,1,0
L21046647,AR,AR-X,AR-X-CE,-30.7810732,-64.63377,San Marcos Sierras--Quebrada del Río San Marcos,2026-08-22 08:08,108,20
L12103367,AR,AR-X,AR-X-CE,-30.7430793,-64.6489636,San Marcos Sierras--bosque de chaco seco cercano al rincón,2024-06-21 08:17,129,27
L7748996,AR,AR-S,AR-S-SM,-31.8923769,-61.5628842,San Martin de las Escobas (S.Carrizales),2025-03-16 08:03,154,53
L9093453,AR,AR-S,AR-S-SM,-31.8956732,-61.621472,San Martin de las Escobas Juncal Correntina,2021-02-28 17:00,76,11
L6343099,AR,AR-S,AR-S-SM,-31.858897,-61.5714598,San Martín de las Escobas,2025-10-11 00:05,143,47
L7730685,AR,AR-S,AR-S-SM,-31.8069362,-61.5585488,San Martín de las Escobas (N.Corralito),2026-01-07 17:50,127,13
L3626773,AR,AR-Q,AR-Q-LA,-40.1568357,-71.3525105,San Martín de los Andes,2026-09-25 15:47,112,167
L36652854,AR,AR-Q,AR-Q-LA,-40.1531182,-71.3077487,San Martín de los Andes--Jardín Botánico y Reserva Natural Los Radales,2026-06-14 11:55,31,8
L4102703,AR,AR-Q,AR-Q-LA,-40.1094902,-71.3351375,San Martín de los Andes--Laguna Rosales,2026-09-02 09:45,115,260
L4049170,AR,AR-Q,AR-Q-LA,-40.1289568,-71.2776339,San Martín de los Andes--Reserva Natural Urbana Cotesma,2026-09-26 17:06,146,1585
L4830141,AR,AR-W,AR-W-SG,-27.996796,-57.588121,San Miguel,2026-09-11 17:32,134,20
L4895233,AR,AR-W,AR-W-SL,-28.0,-58.5666667,San Miguel,2016-08-14 08:00,56,1
L13380325,AR,AR-X,AR-X-CA,-32.0435868,-64.7496414,San Miguel de los Ríos,2025-11-24 14:09,64,9
L22857934,AR,AR-B,AR-B-MT,-35.37151,-58.811789,San Miguel del Monte--Ruta 3 km 102.5,2026-05-18 10:57,52,5
L4029749,AR,AR-B,AR-B-SN,-33.3374124,-60.2134895,San Nicolás de los Arroyos,2026-08-26 07:50,110,18
L24864634,AR,AR-A,AR-A-GM,-22.3850971,-64.0042321,"San Pedrito (-22,385, -64,005)",2025-06-07 14:02,34,6
L3618209,AR,AR-N,AR-N-SP,-26.6244422,-54.1081381,San Pedro,2026-07-24 12:45,257,351
L2763479,AR,AR-X,AR-X-TU,-30.0833333,-64.15,San Pedro Norte y alrededores,2022-11-26 06:00,92,3
L8969320,AR,AR-Y,AR-Y-SP,-24.2560071,-64.8880954,San Pedro de Jujuy,2026-09-11 21:59,62,11
L56072891,AR,AR-B,AR-B-SP,-33.6703512,-59.6629241,San Pedro--Paseo Público 1,2026-08-16 14:00,60,7
L10331389,AR,AR-B,AR-B-SP,-33.6792752,-59.6507441,San Pedro--Paseo Público número 2,2026-06-05 17:31,112,38
L6491580,AR,AR-B,AR-B-SP,-33.6566382,-59.7275269,San Pedro--VistalRío,2025-10-04 08:00,134,25
L4800033,AR,AR-M,AR-M-SR,-34.6118773,-68.3509254,San Rafael,2026-08-14 15:30,75,53
L29275753,AR,AR-M,AR-M-SR,-34.6123752,-68.3504418,San Rafael--Parque Hipólito Yrigoyen,2026-07-06 09:27,42,21
L29345616,AR,AR-M,AR-M-SR,-34.6122083,-68.308516,San Rafael--Parque Juan Domingo Perón,2026-08-14 15:30,24,3
L8033609,AR,AR-G,AR-G-BA,-27.7194295,-64.2652478,"San Ramón (La Banda,Santiago del Estero).",2026-08-27 11:18,49,3
L1839170,AR,AR-N,AR-N-GB,-25.8572992,-53.9759858,San Sebastián de la Selva,2026-09-22 08:20,355,690
L52617035,AR,AR-S,AR-S-GL,-33.5596243,-61.4367332,San Urbano Tambo,2025-09-08 13:30,30,1
L12085937,AR,AR-W,AR-W-ST,-27.9762247,-56.1278868,San Vicente Golf,2023-08-17 07:17,113,1
L10103075,AR,AR-S,AR-S-LC,-31.495406,-61.0264736,San Wendelino,2026-09-16 15:30,197,492
L11421160,AR,AR-A,AR-A-SA,-24.8331345,-65.5029055,San luis,2025-10-12 17:07,114,57
L8843387,AR,AR-Y,AR-Y-VG,-23.3553657,-64.9883272,Santa Ana,2026-08-11 18:58,128,87
L18623276,AR,AR-N,AR-N-CD,-27.3844119,-55.5931629,Santa Ana--Jardín de mariposas,2026-09-08 17:10,166,286
L16490116,AR,AR-Y,AR-Y-VG,-23.3562507,-64.9757218,Santa Ana--desde Abra del Valle hasta bosque de queñoa y alisos,2026-08-11 18:48,62,39
L3859888,AR,AR-W,AR-W-SC,-27.4450678,-58.6427665,Santa Ana--lagunas,2026-09-07 09:00,170,57
L5047107,AR,AR-Y,AR-Y-SC,-21.9448567,-66.0534418,Santa Catalina,2024-03-04 12:04,88,26
L6153665,AR,AR-B,AR-B-MC,-37.8456809,-57.5048215,Santa Clara del Mar,2026-09-20 08:00,89,59
L16613800,AR,AR-Y,AR-Y-SB,-24.0743264,-64.3778072,Santa Clara ruta 6,2026-07-31 16:19,58,8
L2763609,AR,AR-A,AR-A-CE,-24.9085,-65.3866667,Santa Elena,2014-10-17 08:05,42,3
L4658702,AR,AR-B,AR-B-TA,-38.696636,-60.210368,Santa Elena--Campo de Hausbrot,2018-10-04 12:00,74,7
L36628711,AR,AR-B,AR-B-GV,-34.6950789,-62.6976055,Santa Eleodora,2025-06-18 08:09,17,1
L9534527,AR,AR-S,AR-S-GA,-30.758159,-59.9898164,"Santa Fe, AR  Colonia San Joaquín Puerto (-30.758, -59.99)",2026-03-21 11:18,75,7
L11036427,AR,AR-X,AR-X-PU,-30.7954473,-64.5358748,Santa Inés,2024-09-19 12:25,69,9
L11367909,AR,AR-S,AR-S-GL,-33.871086,-61.690519,Santa Isabel,2025-12-20 18:15,6,0
L10878983,AR,AR-X,AR-X-PU,-30.7968773,-64.5482124,Santa Isabel--Sendero hacia Río San Marcos,2022-04-11 10:47,87,7
L4915863,AR,AR-W,AR-W-LA,-28.9876367,-59.0906471,Santa Lucia,2025-10-11 14:41,106,13
L2763614,AR,AR-B,AR-B-AC,-38.098,-60.4591667,Santa Luisa; atras; La Pastora,2019-02-27 16:35,6,0
L16914480,AR,AR-A,AR-A-OR,-23.261447,-64.5256856,Santa María,2021-10-31 07:36,67,0
L2763587,AR,AR-X,AR-X-PU,-31.2801647,-64.4573021,Santa María de Punilla,2026-03-23 09:40,163,39
L27495901,AR,AR-X,AR-X-CA,-32.0538246,-64.5791306,Santa Monica,2025-11-02 11:31,65,10
L5641795,AR,AR-X,AR-X-CA,-32.0630464,-64.5822501,"Santa Mónica, Santa Rosa de Calamuchita, Córdoba.",2026-07-29 14:30,105,35
L2763574,AR,AR-F,AR-F-GO,-30.9623333,-66.2196667,Santa Rita Catuna
L5053066,AR,AR-L,AR-L-SR,-36.6232432,-64.2787743,Santa Rosa,2026-07-10 14:15,116,44
L29327760,AR,AR-S,AR-S-GA,-31.4141596,-60.3285018,Santa Rosa de Calchines camping,2024-02-17 13:30,26,1
L7790854,AR,AR-A,AR-A-RL,-24.4492044,-65.9528591,Santa Rosa de Tastil,2026-09-25 14:05,80,37
L12865583,AR,AR-A,AR-A-RI,-22.2916866,-62.7127531,Santa Victoria Este,2025-06-08 18:42,102,5
L2384628,AR,AR-A,AR-A-SV,-22.2497792,-64.9649048,Santa Victoria Oeste,2026-05-15 19:33,136,148
L35820935,AR,AR-S,AR-S-LC,-31.1214191,-60.8856271,Santo Domingo,2024-08-16 09:00,37,1
L4612423,AR,AR-S,AR-S-LP,-31.6552262,-60.7578707,Santo Tome--Humedal,2026-03-14 15:45,141,33
L4734797,AR,AR-W,AR-W-ST,-28.5591193,-56.0266256,Santo Tomé,2025-11-12 17:06,150,37
L24033890,AR,AR-W,AR-W-ST,-28.5412582,-56.0293787,Santo Tomé--La Islita,2026-09-25 01:52,52,6
L20310187,AR,AR-W,AR-W-ST,-28.5490169,-56.0990238,Santo Tomé--Paraje los Bretes,2026-01-19 07:00,50,8
L40432455,AR,AR-W,AR-W-ST,-28.546832,-56.028682,Santo Tomé--Paseo Costero,2026-09-02 14:40,71,15
L20310091,AR,AR-W,AR-W-ST,-28.5706906,-56.0148239,Santo Tomé--Reserva Municipal Taji Poty,2026-01-16 12:31,187,85
L8680248,AR,AR-S,AR-S-SC,-30.1856121,-61.1881785,Santurce,2026-09-27 08:36,202,260
L75343146,AR,AR-B,AR-B-MC,-37.753002,-57.427574,Sarmiento y Playa. Mar Chiquita,2026-08-07 13:15,13,4
L2907354,AR,AR-U,AR-U-SA,-45.5620769,-69.0416107,Sarmiento y alrededores,2024-12-06 00:00,77,24
L48094589,AR,AR-K,AR-K-EA,-28.2453293,-65.4533418,Sauce Mayo,2026-01-12 09:00,19,2
L34522431,AR,AR-E,AR-E-PA,-31.7759721,-60.3707314,Sauce Montrull,2025-02-08 00:23,17,0
L37342746,AR,AR-E,AR-E-FE,-31.2440494,-59.2091937,Sauce de Luna,2025-12-07 16:49,40,4
L2763323,AR,AR-A,AR-A-MO,-25.33,-66.248,Seclantas,2026-04-26 16:26,124,44
L7998262,AR,AR-C,AR-C-DF,-34.6240979,-58.3989686,Sede de Aves Argentinas,2026-09-18 10:00,45,182
L6739927,AR,AR-X,AR-X-CA,-32.1666036,-64.3860626,Segunda Usina,2026-04-09 17:35,127,63
L36959385,AR,AR-X,AR-X-PU,-31.5639832,-64.711597,Segundo Puente Colgante,2026-02-05 15:43,52,12
L18175669,AR,AR-N,AR-N-SP,-26.5973007,-54.1138846,Selva Madre,2026-09-24 17:07,188,113
L11037217,AR,AR-E,AR-E-DI,-32.3738994,-60.4600482,Selva Marginal,2017-05-13 07:00,84,1
L2762011,AR,AR-E,AR-E-LP,-30.6518333,-59.0473333,Selva de Montiel,2018-06-09 11:33,89,4
L17383808,AR,AR-E,AR-E-FL,-30.5799635,-58.8291167,Selva de Montiel--Caminos Rurales,2022-01-08 11:20,58,4
L12250662,AR,AR-X,AR-X-CE,-30.7146198,-64.6537782,Semillamadre,2025-08-21 11:55,106,10
L15853853,AR,AR-Q,AR-Q-LL,-40.6883936,-71.7218451,Senda Cohiue El Abuelo y Ultima Esperanza,2026-01-15 08:09,40,16
L40681580,AR,AR-V,AR-V-US,-54.8413915,-68.5596202,Senda Costera,2026-09-25 12:16,69,53
L61410280,AR,AR-K,AR-K-EA,-28.4841638,-65.4093064,Senda Cuevas de Oyola,2026-03-28 15:20,27,3
L69380630,AR,AR-K,AR-K-CT,-28.4643663,-65.8178462,Senda Monumento a la Mujer Aborigen,2026-08-29 18:12,29,1
L27585775,AR,AR-T,AR-T-MO,-27.1223053,-65.8162049,Senda a Campo de las Azucenas,2025-11-01 15:42,57,3
L15725594,AR,AR-T,AR-T-LC,-27.739995,-65.68873,Senda a Cascada Los Pizarros,2025-01-12 09:04,44,3
L22081430,AR,AR-B,AR-B-CP,-37.99938,-61.342033,Sendas del Pillahuincó,2026-05-24 14:32,42,6
L21114426,AR,AR-K,AR-K-CA,-28.6498915,-66.0862095,Sendero Bosque de Arrayanes (Catamarca),2026-09-10 09:50,94,5
L9739684,AR,AR-W,AR-W-CO,-28.4010429,-57.8586914,Sendero Ca'abí Aguilar,2025-11-22 08:23,119,20
L12759313,AR,AR-V,AR-V-RG,-54.2844429,-66.700333,Sendero Cabo San Pablo,2026-01-29 11:12,35,17
L76786680,AR,AR-Z,AR-Z-LA,-49.0738624,-72.9012764,Sendero Camping Lago del Desierto a Glaciar Huemul,2022-10-23 15:53,6,1
L27742791,AR,AR-K,AR-K-AG,-27.3898232,-65.9794775,Sendero Campo de las Azucenas,2025-03-09 08:34,51,5
L30294239,AR,AR-W,AR-W-CO,-28.4361747,-57.6960956,Sendero Carambolita,2026-06-24 09:40,174,69
L6367346,AR,AR-W,AR-W-ME,-28.547019,-57.1948886,Sendero Carayá,2026-09-13 08:14,198,142
L12911177,AR,AR-V,AR-V-US,-54.7742728,-68.2593277,Sendero Cascada de los Amigos,2026-06-21 11:59,36,61
L54022556,AR,AR-A,AR-A-GM,-22.102,-63.93,Sendero Chaguar,2025-10-11 07:30,48,1
L26969309,AR,AR-K,AR-K-CA,-28.574251,-65.9803537,Sendero El Potrero,2023-09-06 10:00,28,1
L5036281,AR,AR-T,AR-T-YB,-26.7859967,-65.3362513,Sendero Funicular,2026-02-26 13:20,90,18
L30027261,AR,AR-X,AR-X-RG,-31.799392,-63.7727661,"Sendero Laguna Cachicoya (-31.799, -63.773)",2026-07-29 14:30,136,29
L61084481,AR,AR-V,AR-V-RG,-54.5136831,-67.2808313,Sendero Laguna Negra,2026-09-13 11:21,13,2
L64587266,AR,AR-X,AR-X-PU,-30.8568806,-64.503366,Sendero Las Higueras,2026-06-18 16:27,30,4
L16172273,AR,AR-W,AR-W-SG,-27.7700536,-57.305601,Sendero Loreto Pora,2025-06-19 08:54,136,24
L20047470,AR,AR-A,AR-A-CA,-25.1975624,-65.9936727,Sendero Los Huaipos,2026-09-14 11:11,82,73
L23640081,AR,AR-A,AR-A-ME,-25.496973,-64.989697,Sendero Media Luna,2026-05-16 15:45,61,3
L14850412,AR,AR-Q,AR-Q-CO,-38.9164598,-68.0492573,Sendero Parque Agreste,2025-12-21 08:11,71,25
L26663241,AR,AR-K,AR-K-CA,-28.5868119,-66.0273925,Sendero Rodeo El Nogal,2023-08-16 10:15,24,1
L27239417,AR,AR-Z,AR-Z-LB,-47.0296946,-70.6956277,Sendero Tierra de Colores,2026-01-22 18:50,21,7
L75828997,AR,AR-W,AR-W-CO,-28.4425475,-57.6985908,Sendero Yurumí,2026-08-22 06:30,88,2
L20109640,AR,AR-T,AR-T-TD,-26.9351303,-65.7963337,Sendero a Cascada de Los Alisos,2025-11-13 12:43,80,26
L16568613,AR,AR-V,AR-V-US,-54.7689382,-68.2444899,Sendero a Cerro Cortez,2026-02-22 15:36,31,33
L20110327,AR,AR-T,AR-T-TD,-26.8728623,-65.719416,Sendero a Cerro El Pelado y Río Tafí,2026-08-11 12:48,110,26
L23663561,AR,AR-V,AR-V-US,-54.7557702,-68.3197134,Sendero a Laguna Encantada,2026-03-16 20:46,33,10
L13524491,AR,AR-V,AR-V-US,-54.7643828,-68.3015244,Sendero a Laguna de los Témpanos,2026-01-26 10:36,35,15
L22404191,AR,AR-V,AR-V-US,-54.7544579,-68.4145763,Sendero a Laguna del Caminante,2026-03-14 15:51,33,7
L68741366,AR,AR-A,AR-A-GU,-25.6637778,-65.6139438,Sendero a la Cascada de Alemania,2026-05-31 10:00,51,1
L22791909,AR,AR-T,AR-T-TD,-26.9617763,-65.7815481,Sendero a la Cascada el Rincón,2023-12-01 09:11,56,4
L21399625,AR,AR-A,AR-A-MO,-25.3386073,-66.0841733,Sendero a las Cuevas de Acsibi,2026-04-09 10:30,42,6
L26247325,AR,AR-K,AR-K-SR,-28.1920308,-65.4779944,Sendero a las Yungas de la Aguada,2025-02-20 08:35,84,16
L23112424,AR,AR-V,AR-V-US,-54.7779737,-68.3394281,Sendero al Cerro del medio,2026-02-28 12:03,33,34
L39608697,AR,AR-Q,AR-Q-NO,-37.8291691,-71.1217868,"Sendero al Hito Arg.-Chile y a Laguna Las Mellizas, Copahue, AR.",2026-04-12 09:30,35,9
L14428848,AR,AR-X,AR-X-CA,-32.3740605,-64.6419269,Sendero al Mirador Cuesta de Las Lajas,2026-01-16 06:28,103,25
L3042792,AR,AR-U,AR-U-FU,-43.1075001,-71.3417816,Sendero al Peñón de los Rifleros (mástil),2024-04-21 15:52,80,14
L76377070,AR,AR-Z,AR-Z-LA,-49.2206951,-73.0334654,Sendero al mirador del Lago Eléctrico,2025-11-07 09:07,5,1
L54056462,AR,AR-H,AR-H-GG,-24.9570814,-60.9604849,Sendero de la Selva,2026-09-01 11:54,60,11
L18931020,AR,AR-K,AR-K-PA,-27.9935734,-65.6497243,Sendero de la selva El Rosario,2022-05-07 17:00,23,0
L37947374,AR,AR-S,AR-S-GO,-28.009504,-59.2693736,Sendero de los hermanos Winckler,2026-08-16 15:05,164,35
L65533433,AR,AR-X,AR-X-SA,-31.7925458,-64.9671927,Sendero del Arroyo Los Sanjuaninos,2026-05-09 10:54,46,2
L67041114,AR,AR-K,AR-K-PO,-28.2286028,-66.119942,Sendero del Azud,2026-09-15 08:30,48,4
L17064987,AR,AR-W,AR-W-ME,-28.5462273,-57.19594,Sendero del Portal Laguna Iberá,2026-09-21 11:30,262,337
L76513357,AR,AR-Z,AR-Z-LA,-49.1830499,-73.0056095,Sendero entre laguna Azul e laguna del Diablop,2025-11-10 08:49,6,1
L20308328,AR,AR-Q,AR-Q-LA,-40.1663632,-71.368475,Sendero mirador Las Bandurrias,2026-07-14 13:43,56,32
L15689080,AR,AR-V,AR-V-US,-54.8386241,-68.4410992,Sendero subida al Monte Susana,2026-08-23 08:18,76,49
L76513834,AR,AR-Z,AR-Z-LA,-49.2973258,-72.9021482,Senderobase Fitzroy-Valle Granito-El Chaltén,2025-11-11 06:35,7,1
L27454740,AR,AR-X,AR-X-PO,-31.36437,-64.92253,Senderos de San Gerónimo,2026-01-19 07:50,60,9
L29165778,AR,AR-V,AR-V-US,-54.8155113,-68.3677924,Senderos de los Miradores,2026-05-27 14:58,37,12
L16786088,AR,AR-L,AR-L-PU,-38.1472229,-67.1593794,Senderos en Bardas Villa Casa de Piedra,2025-08-22 11:34,42,6
L10063361,AR,AR-Y,AR-Y-TU,-23.6604368,-65.591856,Sepultura,2026-07-02 09:36,78,39
L8213757,AR,AR-B,AR-B-DO,-36.2035086,-57.7492055,Sevigne,2026-09-25 17:59,118,60
L7126338,AR,AR-E,AR-E-GC,-33.4558994,-58.802036,Shell - Ceibas,2026-09-13 08:52,150,458
L58806194,AR,AR-Z,AR-Z-LA,-49.18884,-71.47583,Siberia--Laguna C03
L58806571,AR,AR-Z,AR-Z-LA,-49.1964,-71.46736,Siberia--Laguna C04
L58806071,AR,AR-Z,AR-Z-LA,-49.0248718,-71.7302684,Siberia--Laguna C199
L58806115,AR,AR-Z,AR-Z-RC,-49.09,-71.5661,Siberia--Laguna C223
L58806021,AR,AR-Z,AR-Z-RC,-48.84566,-71.73583,Siberia--Laguna La Cabaña,2026-02-24 16:21,30,2
L58806149,AR,AR-Z,AR-Z-LA,-49.08982,-71.57796,Siberia-Laguna C222
L17620771,AR,AR-U,AR-U-FU,-43.1964683,-71.3440118,Sierra Colorada,2022-02-01 08:00,18,2
L3591912,AR,AR-U,AR-U-FU,-43.2128393,-71.3387346,Sierra Colorada--Lagunas Las Mellizas,2026-09-05 14:43,32,2
L2762044,AR,AR-N,AR-N-IG,-26.0606667,-54.3138333,Sierra Morena,2022-08-10 15:25,5,2
L26998508,AR,AR-U,AR-U-LA,-42.7174965,-69.5703694,Sierra Taquetren,2025-08-27 08:43,13,2
L2762015,AR,AR-K,AR-K-PO,-28.2851667,-66.0935,Sierra de Ambato,2026-01-11 09:00,40,1
L23379700,AR,AR-R,AR-R-VA,-41.1748176,-65.7924056,Sierra de Pailemán,2026-08-01 13:35,30,2
L2762032,AR,AR-Y,AR-Y-PA,-24.2071667,-65.1116667,Sierra de Zapla,2026-03-23 16:17,138,10
L53126039,AR,AR-D,AR-D-AY,-32.0081692,-67.176363,Sierra de guayaguas,2025-09-20 17:15,13,1
L2763526,AR,AR-B,AR-B-TQ,-38.141,-61.7983333,Sierra de la Ventana,2026-09-25 12:25,149,133
L6105357,AR,AR-B,AR-B-GP,-37.9453221,-57.778194,Sierra de los Padres,2026-08-08 15:50,101,74
L2763283,AR,AR-B,AR-B-GP,-37.89,-57.8408333,Sierra de los difuntos (pdo de General Pueyrredón),2026-04-26 10:34,84,25
L2762051,AR,AR-B,AR-B-SD,-37.816,-62.0998333,Sierras Australes de Buenos Aires,2016-08-22 10:00,36,2
L5422543,AR,AR-X,AR-X-MI,-31.0803569,-65.3364658,Sierras de Guasapampa.,2017-02-08 08:00,71,2
L16954097,AR,AR-G,AR-G-GU,-28.0911866,-64.8060294,Sierras de Guasayan--Puerta del Jardin,2025-11-23 15:42,96,51
L20378148,AR,AR-G,AR-G-CH,-28.352359,-64.7999595,Sierras de Guasayan--Quebrada de Calapuchin,2022-07-31 10:08,29,5
L52580506,AR,AR-G,AR-G-GU,-28.0048462,-64.8226181,Sierras de Guasayan--Quebrada de Los Huasanes,2025-09-07 08:02,51,2
L14526198,AR,AR-G,AR-G-GU,-28.0150654,-64.8299547,Sierras de Guasayan--Quebrada de Los Tres Pozos,2026-07-09 14:50,123,140
L2762058,AR,AR-G,AR-G-CH,-28.1903619,-64.8255157,Sierras de Guasayán,2020-01-07 07:50,116,10
L55430080,AR,AR-G,AR-G-CH,-28.2371675,-64.8253504,Sierras de Guasayán --Alto Bello.,2026-09-27 08:10,101,27
L13078225,AR,AR-G,AR-G-CH,-28.3700109,-64.8184562,Sierras de Guasayán--Dique de Villa la Punta,2026-08-15 15:30,90,24
L53261308,AR,AR-G,AR-G-CH,-28.2390923,-64.8051121,Sierras de Guasayán--Quebrada de la Piedra Sagrada.,2026-08-16 08:18,74,15
L57655931,AR,AR-G,AR-G-GU,-27.8654317,-64.8188755,Sierras de Guasayán--Quebrada del Cebil,2026-03-01 10:02,86,40
L2762061,AR,AR-Y,AR-Y-SB,-23.9591667,-64.5458333,Sierras de Puesto Viejo,2026-02-08 19:51,11,1
L2763584,AR,AR-A,AR-A-RF,-25.8579878,-64.9254227,Sierras de Rosario de la Frontera,2020-12-09 06:39,211,98
L3684998,AR,AR-X,AR-X-RC,-32.4758662,-64.2891728,Sierras de las Peñas Norte,2026-06-08 17:36,164,70
L2471391,AR,AR-X,AR-X-RC,-32.64029,-64.2827322,Sierras de las Peñas Sur,2025-10-11 07:24,128,60
L2099612,AR,AR-D,AR-D-JU,-32.3777416,-64.9256372,Sierras de los Comechingones--Filo Serrano Merlo,2026-08-02 16:47,99,153
L20476079,AR,AR-X,AR-X-SO,-29.9358238,-64.1135429,Sierras del Norte Cordobés--Chuña Huasi,2021-10-01 00:00,45,1
L65209600,AR,AR-N,AR-N-IG,-25.6257354,-54.5915607,Sinfonías de la Selva,2026-05-01 14:40,30,1
L37326610,AR,AR-K,AR-K-AM,-27.7981714,-65.8660516,Singuil,2025-02-15 09:04,52,6
L2762075,AR,AR-X,AR-X-PU,-30.8653333,-64.506,Sistema Uritorco,2026-07-30 16:15,131,55
L18149882,AR,AR-U,AR-U-ES,-45.1585,-66.5112,Sitio 1 Caleta Malaspina,2026-05-05 10:30,30,10
L18149932,AR,AR-U,AR-U-ES,-45.1675,-66.5983,Sitio 2 Caleta Malaspina,2026-05-05 11:15,48,28
L2928899,AR,AR-B,AR-B-TA,-38.3603938,-60.2456149,Sitio Arqueológico Arroyo Seco,2026-09-24 12:09,129,145
L65804654,AR,AR-B,AR-B-RM,-33.4067417,-60.1047384,Sitio Paleontológico
L27478305,AR,AR-S,AR-S-GL,-33.6981725,-61.5135796,Sitio arqueológico,2023-05-15 17:30,1,0
L64183572,AR,AR-X,AR-X-PU,-31.39421,-64.56846,Socavón Camping Parador,2025-11-10 00:00,2,0
L27550839,AR,AR-X,AR-X-TA,-32.1773344,-64.263068,Sociedad Española,2026-09-13 17:07,121,24
L25359754,AR,AR-G,AR-G-CH,-28.275209,-64.768708,Sol de Mayo,2023-06-20 09:30,30,1
L9928768,AR,AR-S,AR-S-RO,-33.0495869,-60.7248556,Soldini--Monte a orillas del Río Saladillo,2025-09-28 08:05,65,5
L16496591,AR,AR-B,AR-B-SN,-33.3933059,-60.1784179,Somisa--Costanera Sur y Arroyo Ramallo,2026-05-09 15:30,38,5
L14075590,AR,AR-Z,AR-Z-RC,-48.6711463,-71.4097848,Strobel--El Islote y Laguna del Medio,2026-03-06 07:46,68,66
L58805885,AR,AR-Z,AR-Z-RC,-48.4599667,-71.360156,Strobel--Laguna España (R3)
L30470319,AR,AR-Z,AR-Z-RC,-48.4880945,-71.424303,Strobel--Laguna La Pocha (R16),2025-01-29 16:00,52,76
L58805751,AR,AR-Z,AR-Z-RC,-48.71629,-70.97942,Strobel--Laguna Las Coloradas
L8570349,AR,AR-Z,AR-Z-RC,-48.505,-71.2155556,Strobel--Laguna Nueve,2025-01-22 12:00,54,45
L8570264,AR,AR-Z,AR-Z-RC,-48.5075,-71.2213889,Strobel--Laguna Ocho,2025-01-22 12:17,53,27
L29425549,AR,AR-Z,AR-Z-RC,-48.3558321,-71.457236,Strobel--Laguna PB Grande,2025-02-09 09:13,24,10
L17510683,AR,AR-Z,AR-Z-RC,-48.3587248,-71.4330016,Strobel--Laguna PB10,2025-02-09 08:58,11,7
L58804921,AR,AR-Z,AR-Z-RC,-48.3802596,-71.4775506,Strobel--Laguna PB18,2023-01-28 11:48,11,2
L17510811,AR,AR-Z,AR-Z-RC,-48.3850529,-71.4721589,Strobel--Laguna PB8,2025-02-09 15:34,22,18
L58805717,AR,AR-Z,AR-Z-RC,-48.5742519,-71.1451337,Strobel--Laguna Puesto Valeta
L17679261,AR,AR-Z,AR-Z-RC,-48.3636073,-71.5208962,Strobel--Laguna Q5,2022-02-06 16:42,12,3
L22255982,AR,AR-Z,AR-Z-RC,-48.5017,-71.4386,Strobel--Laguna R19,2025-01-27 14:49,51,111
L58685183,AR,AR-Z,AR-Z-RC,-48.6181722,-71.3182814,Strobel--Laguna S114,2026-02-15 13:23,5,3
L58805955,AR,AR-Z,AR-Z-RC,-48.729,-71.2497,Strobel--Laguna S27,2026-03-08 13:58,7,2
L17505171,AR,AR-Z,AR-Z-RC,-48.3493425,-71.396383,Strobel--Puesto Ea. Pecho Blanco,2025-02-14 08:45,24,48
L19990016,AR,AR-A,AR-A-CE,-25.052496,-65.4459753,Sumalao,2026-09-26 09:41,91,9
L9602750,AR,AR-S,AR-S-CL,-30.9386031,-61.5738696,Sunchales (noroeste hasta RP 280-S),2026-01-03 08:30,77,15
L2762085,AR,AR-B,AR-B-RM,-33.5219339,-59.9180603,Sur de Ramallo,2025-06-20 14:30,110,2
L2871747,AR,AR-H,AR-H-SF,-27.9186627,-58.8669348,Sur-soto,2014-06-06 06:00,91,2
L55840230,AR,AR-L,AR-L-GU,-37.6654374,-63.5211674,Surgente Guatrache,2025-11-15 15:40,22,1
L21176324,AR,AR-G,AR-G-BA,-27.3804395,-64.2867482,Surgente de Huyamampa,2023-02-21 17:33,81,18
L2427513,AR,AR-N,AR-N-GB,-25.5380539,-54.1412124,Surucuá Reserva & Ecolodge,2026-09-19 14:30,286,526
L21177363,AR,AR-S,AR-S-CL,-31.3558358,-61.5157771,Susana--Plaza central y alrededores,2026-05-01 17:21,31,5
L2861879,AR,AR-H,AR-H-AB,-25.621716,-63.2615089,Taco Pozo,2026-09-09 08:45,188,59
L10028522,AR,AR-N,AR-N-CG,-27.0553193,-54.8418507,Tacuapi Lodge,2026-09-23 07:45,189,133
L20906667,AR,AR-W,AR-W-SG,-27.839386,-57.377996,Tacuaralito (Acceso restringido),2025-10-11 07:32,179,61
L4779877,AR,AR-N,AR-N-CD,-27.616908,-55.6301308,Tacuaruzú,2026-04-26 13:52,185,18
L2763434,AR,AR-T,AR-T-TD,-26.85,-65.7,Tafí del Valle,2026-08-26 14:00,214,185
L8273241,AR,AR-T,AR-T-TD,-26.8492697,-65.7154481,Tafí del Valle--Camping Municipal,2026-02-19 11:02,101,13
L3063919,AR,AR-E,AR-E-PA,-31.8422378,-60.5198729,Tajamar de la Escuela Alberdi,2026-03-26 15:47,131,102
L10582040,AR,AR-A,AR-A-ME,-25.1304144,-64.1887945,Talamuyo,2023-07-01 09:57,135,13
L5081082,AR,AR-B,AR-B-ES,-34.2943723,-58.7875843,Talar de Belén,2026-04-25 07:52,177,92
L3627729,AR,AR-B,AR-B-TD,-37.3244444,-59.1386111,Tandil,2026-05-07 21:30,133,41
L18287349,AR,AR-B,AR-B-TD,-37.2766643,-59.2149511,Tandil--Camino a Base Aérea,2026-03-24 07:43,21,3
L17001914,AR,AR-B,AR-B-TD,-37.3328139,-59.1201836,Tandil--Cerro Del Libertador,2023-02-04 13:00,23,2
L11394131,AR,AR-B,AR-B-TD,-37.3550466,-59.1719556,Tandil--Cerro El Centinela,2026-07-23 13:36,54,14
L4647448,AR,AR-B,AR-B-TD,-37.3292186,-59.1571712,Tandil--Cerro Los Nogales,2026-08-24 15:02,51,10
L22486896,AR,AR-B,AR-B-TD,-37.306486,-59.2516185,Tandil--Cerro de la Virgen,2023-02-05 18:22,34,1
L27526819,AR,AR-B,AR-B-TD,-37.3428673,-59.1301346,Tandil--Dique del Lago del Fuerte,2026-01-12 16:10,71,24
L55662081,AR,AR-B,AR-B-TD,-37.2766647,-59.1251091,Tandil--La Morena,2026-01-03 00:00,7,1
L6488757,AR,AR-B,AR-B-TD,-37.3479011,-59.1281668,Tandil--Lago del Fuerte,2026-07-23 10:24,102,83
L22573522,AR,AR-B,AR-B-TD,-37.3404305,-59.1382599,Tandil--Parque Independencia,2026-07-21 14:10,51,9
L6486479,AR,AR-B,AR-B-TD,-37.3380596,-59.1129148,Tandil--Parque del Origen,2026-09-20 11:14,55,18
L11393700,AR,AR-B,AR-B-TD,-37.3089642,-59.1686762,Tandil--Piedra movediza,2026-07-21 15:50,40,9
L28926330,AR,AR-B,AR-B-TD,-37.3345249,-59.1042566,Tandil--Sendero de las Ánimas,2026-06-15 12:15,50,11
L4504855,AR,AR-X,AR-X-PO,-31.3459404,-65.0797248,Taninga,2024-05-11 09:20,86,21
L11356190,AR,AR-X,AR-X-PO,-31.3403302,-65.0841282,Taninga--Refugio de Montaña Ruca Leufu,2021-12-24 15:00,34,0
L4811967,AR,AR-H,AR-H-AB,-25.6679867,-61.5099192,Tantanacuy,2024-04-01 09:17,161,149
L4578661,AR,AR-X,AR-X-PU,-31.3555426,-64.5917559,Tanti,2026-09-13 12:58,139,32
L844653,AR,AR-B,AR-B-LC,-36.321721,-56.7727733,Tapera de López,2026-09-15 10:14,190,376
L31620655,AR,AR-B,AR-B-LC,-36.322605,-56.773049,Tapera de López--quincho,2026-08-02 11:57,71,17
L9659922,AR,AR-K,AR-K-TI,-27.3337115,-67.5669813,Tatón,2025-03-02 10:29,65,8
L3288158,AR,AR-U,AR-U-LA,-43.4897939,-70.8161545,Tecka,2026-08-23 14:08,57,30
L2841148,AR,AR-B,AR-B-VL,-34.5611957,-58.5086355,Tecnópolis,2026-08-02 16:00,138,299
L2763307,AR,AR-B,AR-B-BJ,-37.3679744,-59.7786713,Tedin Uriburu,2008-10-04 08:15,87,1
L20929521,AR,AR-B,AR-B-GS,-34.5491692,-58.6784184,Teniente Agneta,2023-07-27 10:27,17,2
L38797992,AR,AR-S,AR-S-GL,-34.1708407,-61.5012178,Teodelina,2025-05-10 17:40,35,2
L12325485,AR,AR-X,AR-X-CA,-32.1939253,-64.314073,Tercera Usina,2026-03-11 08:39,80,15
L10734864,AR,AR-Q,AR-Q-MI,-36.67778,-70.604879,Termas Aguas Calientes,2026-01-04 10:21,59,34
L65203896,AR,AR-K,AR-K-BE,-26.3334643,-66.6308314,Termas Aguas Calientes,2026-05-02 12:45,7,2
L12066221,AR,AR-M,AR-M-ML,-35.90034,-70.2792288,Termas de Cajon Grande,2026-02-16 12:19,46,13
L30919907,AR,AR-E,AR-E-CO,-32.2076976,-58.1480815,Termas de Colón,2026-09-24 16:43,67,6
L36627910,AR,AR-X,AR-X-CE,-30.4607333,-65.39106,Termas de El Quicho,2026-09-19 08:39,72,4
L42763808,AR,AR-K,AR-K-TI,-27.7431355,-67.5509619,Termas de Fiambalá,2026-05-23 09:15,28,8
L37779994,AR,AR-E,AR-E-PA,-31.6585447,-59.930686,Termas de María Grande,2026-04-12 17:51,96,10
L1312488,AR,AR-Y,AR-Y-CA,-24.1698585,-65.4892311,Termas de Reyes,2026-09-27 18:53,197,143
L2763530,AR,AR-G,AR-G-RH,-27.5,-64.85,Termas de Río Hondo,2026-08-21 07:37,215,26
L2945344,AR,AR-F,AR-F-AR,-28.6004987,-66.5386105,Termas de Santa Teresita,2025-12-07 18:57,97,31
L33600002,AR,AR-E,AR-E-CO,-32.1273449,-58.4386948,Termas de Villa Elisa,2026-07-21 13:57,55,4
L1952059,AR,AR-E,AR-E-GC,-32.9711692,-58.5927647,Termas del Guaychú,2026-03-27 16:13,128,14
L49036435,AR,AR-Y,AR-Y-VG,-23.6646795,-64.9539989,Termas del Río Jordan,2026-07-15 12:30,32,2
L7143144,AR,AR-R,AR-R-SA,-40.7894082,-65.0543591,Terraza al Mar,2026-07-06 15:55,104,61
L37327157,AR,AR-L,AR-L-LO,-36.8030482,-65.5924237,TerrraPampa,2024-10-12 13:53,106,10
L16624557,AR,AR-E,AR-E-DI,-32.0555499,-60.6243558,Tierra Chaná - Eco Aventura,2026-06-14 16:24,117,21
L7233706,AR,AR-A,AR-A-LC,-24.7005718,-65.420133,Tierra Depino,2026-09-03 08:34,125,51
L29677508,AR,AR-V,AR-V-US,-54.716424,-68.08468,Tierra Mayor,2026-09-27 11:27,36,26
L1554672,AR,AR-Y,AR-Y-TI,-23.5799973,-65.3971644,Tilcara,2026-09-22 15:34,165,252
L13342754,AR,AR-Y,AR-Y-TI,-23.5945139,-65.3745988,Tilcara--Garganta del Diablo,2026-09-20 10:45,106,63
L23561418,AR,AR-X,AR-X-SV,-32.1739234,-65.2237513,Tilquicho,2024-10-14 09:06,61,4
L4708347,AR,AR-X,AR-X-CO,-31.1243419,-63.892107,Tinoco,2026-07-29 17:22,87,6
L15948708,AR,AR-X,AR-X-SV,-31.9127168,-64.9859083,Tintitacos-Los Hornillos,2026-08-02 12:00,83,29
L11891471,AR,AR-X,AR-X-GM,-32.2825499,-63.3420737,Tio Pujio,2025-08-16 17:00,99,8
L4053600,AR,AR-G,AR-G-SE,-27.6327447,-64.398551,Tipiro,2026-07-12 09:20,187,84
L2762089,AR,AR-Y,AR-Y-CA,-24.0333333,-65.1968333,Tiraxi y Las Capillas,2022-05-19 15:20,35,1
L76949626,AR,AR-L,AR-L-TO,-36.7151226,-64.328594,"Toay ,La Pampa.",2026-09-09 09:50,10,1
L3636343,AR,AR-N,AR-N-SP,-26.4695742,-53.8924885,Tobuna,2026-08-29 11:03,205,76
L2763567,AR,AR-V,AR-V-RG,-54.5193333,-67.2186667,Tolhuin,2026-02-22 18:59,67,49
L61084244,AR,AR-V,AR-V-RG,-54.5250437,-67.2324592,Tolhuin--Camping Hain,2026-03-26 10:30,3,1
L7166250,AR,AR-A,AR-A-CF,-26.2182794,-65.9232173,Tolombón,2026-08-21 08:15,138,130
L6370894,AR,AR-D,AR-D-BE,-32.7213349,-66.3303208,Toro Negro,2026-05-25 13:02,52,5
L16222936,AR,AR-B,AR-B-LT,-35.03267,-58.09101,Tosquera Ruta 2 y Ruta 215,2025-04-21 11:24,34,3
L13398555,AR,AR-S,AR-S-NJ,-29.2118033,-61.7974297,Tostado,2025-11-10 12:36,48,27
L39128819,AR,AR-B,AR-B-CP,-38.106336,-61.358354,Totoral Pillahuinco,2026-01-23 09:35,52,6
L12435938,AR,AR-S,AR-S-IR,-32.5831146,-61.1646802,Totoras,2024-01-31 14:30,15,2
L12897007,AR,AR-S,AR-S-GA,-30.6709373,-59.9793705,Tramo 1 (5km)  camino interdepartamental Garay - San Javier,2026-09-05 09:01,162,21
L31649304,AR,AR-N,AR-N-SI,-27.2941383,-55.4934034,Tramo de camino de la Comunidad Aborigen Yvy Poty,2026-07-31 20:26,83,11
L27409330,AR,AR-Y,AR-Y-EC,-24.3942738,-64.9836866,Trampa Lavallen,2025-12-04 09:38,60,3
L2762092,AR,AR-T,AR-T-TR,-26.2250629,-65.2874565,Trancas,2025-12-29 18:09,79,15
L36760858,AR,AR-B,AR-B-SI,-34.4516552,-58.5190845,Treinta y Tres Orientales,2026-07-16 14:33,48,2
L2763341,AR,AR-U,AR-U-RA,-43.2093333,-65.2848333,Trelew--Aeropuerto,2026-03-30 07:28,60,87
L3640089,AR,AR-U,AR-U-RA,-43.2747155,-65.2893555,Trelew--Barrio San Benito,2026-09-06 17:40,63,105
L4594346,AR,AR-U,AR-U-RA,-43.2526182,-65.3118675,Trelew--Ciudad,2026-01-17 07:18,100,97
L3314952,AR,AR-U,AR-U-RA,-43.2480786,-65.2993011,Trelew--Laguna Chiquichano,2026-09-22 16:03,118,622
L48876226,AR,AR-U,AR-U-RA,-43.2407914,-65.2673805,Trelew--Laguna de la Base,2026-07-16 09:35,86,27
L678082,AR,AR-U,AR-U-RA,-43.2417014,-65.2423954,Trelew--Laguna del Ornitólogo,2026-09-15 14:23,151,411
L1267414,AR,AR-U,AR-U-RA,-43.2488914,-65.3048587,Trelew--Plaza Centenario,2026-09-20 09:45,68,134
L53156295,AR,AR-U,AR-U-RA,-43.2531214,-65.3094667,Trelew--Plaza Independencia,2026-09-13 10:00,30,32
L40016548,AR,AR-U,AR-U-RA,-43.2366223,-65.2727205,Trelew--Totoral,2026-06-03 16:03,69,32
L41082350,AR,AR-U,AR-U-RA,-43.2499644,-65.307964,Trelew--Universidad de la Patagonia San Juan Bosco,2026-04-04 17:15,18,6
L22883232,AR,AR-B,AR-B-TR,-35.9723706,-62.760251,Trenque Lauquen--Parque Municipal Armando Pastor,2026-03-23 15:11,41,2
L2412288,AR,AR-B,AR-B-TA,-38.425709,-60.364022,Tres Arroyos--Lagunas Ruta Nac N° 3 km 502,2026-09-24 14:11,119,81
L55705011,AR,AR-X,AR-X-CO,-30.943541,-64.3203677,Tres Cascadas RND Ascochinga,2026-03-23 15:23,46,5
L2762587,AR,AR-H,AR-H-GG,-24.8667,-61.4666,Tres Isletas (Nueva Pompeya),2022-12-04 08:00,6,0
L2957439,AR,AR-U,AR-U-FU,-43.0789579,-71.4669442,Trevelin,2026-07-12 16:12,93,92
L3129718,AR,AR-U,AR-U-FU,-43.1268618,-71.4404049,Trevelin--Bañados Río Corintos (Cinco Esquinas),2026-09-27 12:15,101,194
L21515166,AR,AR-U,AR-U-FU,-43.1697553,-71.5076986,Trevelin--Campo de Tulipanes,2026-09-27 10:41,22,2
L7984602,AR,AR-U,AR-U-FU,-43.0515949,-71.5055121,"Trevelin--Estación Tierra, Parque Ecológico",2026-08-15 11:40,55,348
L4421040,AR,AR-U,AR-U-FU,-43.0633627,-71.4899393,Trevelin--Laguna Brychan,2026-07-13 15:00,91,131
L26652811,AR,AR-U,AR-U-FU,-43.0918287,-71.4709674,Trevelín--Costanera,2026-07-20 16:34,54,13
L6991896,AR,AR-K,AR-K-AS,-25.5109048,-66.9766967,Tumba Hombre Muerto,2026-04-23 11:16,19,4
L8014157,AR,AR-E,AR-E-FL,-30.2339168,-58.6487102,Tunas Cora,2019-04-10 09:00,76,3
L2283521,AR,AR-M,AR-M-TP,-33.3041339,-69.4620895,Tupungato,2025-09-17 18:31,48,4
L35672766,AR,AR-E,AR-E-DI,-32.0755383,-60.4651451,UAP,2026-09-26 13:46,100,15
L20688955,AR,AR-W,AR-W-CN,-27.472511,-58.78425,UNNE--Arboreto,2026-05-09 17:04,58,9
L4598965,AR,AR-W,AR-W-CN,-27.467057,-58.7833796,UNNE--Campus,2025-11-14 19:05,112,57
L8015059,AR,AR-W,AR-W-CN,-27.458216,-58.8225174,UNNE--Facultad de Veterinaria,2024-11-06 10:13,67,8
L16685649,AR,AR-B,AR-B-GN,-34.5797209,-58.526777,UNSAM Campus Miguelete,2026-01-19 18:14,50,52
L40829532,AR,AR-X,AR-X-JC,-33.1217833,-63.5729644,Ucacha,2025-03-03 16:16,1,0
L56736441,AR,AR-B,AR-B-BB,-38.701135,-62.26823,Universidad Nacional del Sur -- Complejo Alem,2026-09-25 08:58,43,7
L68050437,AR,AR-M,AR-M-MZ,-32.8812671,-68.876138,Universidad de Cuyo,2026-05-19 13:10,1,0
L28086940,AR,AR-B,AR-B-SF,-34.4464517,-58.5298079,Universidad de San Andrés--Campus Victoria,2026-07-14 10:30,23,3
L24408905,AR,AR-W,AR-W-ST,-28.1918465,-56.1228794,Universidad del Salvador Sede Virasoro,2025-10-11 07:30,67,4
L12054126,AR,AR-X,AR-X-CA,-32.2694509,-64.5025939,Unión Río Quillinzo y La Cruz,2026-09-20 14:34,145,60
L12150775,AR,AR-X,AR-X-CO,-31.2352645,-64.3154597,Unquillo,2026-06-12 12:21,88,41
L5113951,AR,AR-Y,AR-Y-HU,-23.3054484,-65.3585243,Uquía,2026-08-03 18:39,90,46
L10991774,AR,AR-B,AR-B-CL,-35.116279,-58.888336,Uribelarrea,2026-05-30 15:22,106,31
L2763559,AR,AR-V,AR-V-US,-54.8353333,-68.3158333,Ushuaia--Bahía Golondrina,2026-09-15 13:48,109,603
L11903752,AR,AR-V,AR-V-US,-54.8111829,-68.314306,Ushuaia--Bahía Ushuaia entre Saint Cristopher y Muelle AFASYN,2026-09-10 18:42,93,375
L4553694,AR,AR-V,AR-V-US,-54.8093049,-68.3083212,Ushuaia--Barco Hundido,2026-09-26 08:47,96,961
L38399642,AR,AR-V,AR-V-US,-54.7836372,-68.2585287,Ushuaia--Cerro Alarkén,2026-03-05 17:40,49,67
L11908580,AR,AR-V,AR-V-US,-54.8157876,-68.2997448,Ushuaia--Costa Aeroclub,2026-03-26 09:34,71,105
L27687583,AR,AR-V,AR-V-US,-54.8381409,-68.3577822,Ushuaia--Costa de los Yamanas,2026-09-26 10:19,82,248
L3337298,AR,AR-V,AR-V-US,-54.8010807,-68.2819176,Ushuaia--Costanera,2026-04-04 15:22,92,342
L30103169,AR,AR-V,AR-V-US,-54.8320858,-68.3397176,Ushuaia--Humedal Bahía Golondrina,2026-06-27 16:30,63,54
L21083026,AR,AR-V,AR-V-US,-54.831574,-68.3101266,Ushuaia--Laguna de las sorpresas,2026-08-23 17:25,78,99
L11413695,AR,AR-V,AR-V-US,-54.7899506,-68.2748857,Ushuaia--Los Morros,2026-07-25 14:30,41,26
L14852387,AR,AR-V,AR-V-US,-54.810233,-68.3134163,Ushuaia--Muelle Club Náutico,2026-09-17 14:15,63,217
L56078771,AR,AR-V,AR-V-US,-54.8363281,-68.34952,Ushuaia--Playa Tolkeyen,2026-09-26 12:30,59,77
L23659652,AR,AR-V,AR-V-US,-54.5960333,-67.62966,Ushuaia--Prefectura Naval Argentina,2026-09-23 11:05,27,14
L16687194,AR,AR-V,AR-V-US,-54.8074375,-68.3022236,Ushuaia--Puerto Turístico,2026-09-18 15:50,104,818
L3625984,AR,AR-V,AR-V-US,-54.7969988,-68.2980752,Ushuaia--Reserva Natural Urbana Barrio Ecológico,2026-06-30 16:48,53,64
L749642,AR,AR-V,AR-V-US,-54.7903829,-68.2212825,Ushuaia--relleno sanitario,2026-09-25 16:04,75,1159
L682317,AR,AR-V,AR-V-US,-54.7921248,-68.3901072,Ushuaia--Área de ski,2026-06-20 12:36,49,180
L487913,AR,AR-V,AR-V-US,-54.8109743,-68.321228,"Ushuaia--Área general (por favor, si es posible cargue sus listas en un sitio de interés más específico /please use more specific locations if possible)",2026-04-14 19:00,117,517
L54507633,AR,AR-R,AR-R-AV,-39.5594698,-65.6823452,Usina Céspedes,2025-10-26 16:58,54,1
L2763150,AR,AR-M,AR-M-LH,-32.592,-69.3495,Uspallata,2026-09-06 10:12,128,141
L7938507,AR,AR-M,AR-M-LH,-32.5808061,-69.3413675,Uspallata--Potrero Anegado,2025-12-30 10:31,47,40
L51554460,AR,AR-S,AR-S-LC,-31.3764822,-61.1485038,Vado Arroyo Las Prusianas,2026-07-26 16:32,46,4
L40020259,AR,AR-X,AR-X-CO,-31.1408754,-64.3568447,Vado Colanchanga,2026-03-22 11:34,34,6
L12623717,AR,AR-X,AR-X-PU,-30.9619576,-64.5985172,Vado de chuña Río Pinto,2025-03-06 18:13,83,4
L21775873,AR,AR-X,AR-X-CA,-32.1792129,-64.7821908,Vado de la Chaqueña,2022-12-02 10:30,6,1
L54560307,AR,AR-X,AR-X-PU,-31.5763451,-64.66066,Vado río de la suela,2026-08-23 17:59,41,8
L8025480,AR,AR-R,AR-R-VA,-40.6820389,-66.1628783,Valcheta,2025-11-24 14:14,109,78
L5086658,AR,AR-W,AR-W-BA,-27.374408,-57.701569,Valencia,2026-06-28 11:33,19,1
L6129125,AR,AR-B,AR-B-PI,-37.1473165,-56.8770317,Valeria Del Mar--Playa,2026-02-28 17:00,71,36
L2763620,AR,AR-J,AR-J-VF,-30.6333333,-67.4833333,Valle Fértil,2026-09-27 09:00,164,66
L68898752,AR,AR-X,AR-X-PU,-31.1282356,-64.4775233,Valle Hermoso,2026-06-27 11:26,29,2
L717977,AR,AR-E,AR-E-LP,-30.6000939,-59.4140625,Valle Maria (Dto.Diamante)
L777341,AR,AR-V,AR-V-US,-54.792615,-68.2265107,Valle Rio Olivia,2026-04-02 10:23,50,73
L13482253,AR,AR-Z,AR-Z-LA,-49.1030556,-72.9255556,Valle Río Cañadón de Los Toros,2026-02-22 16:50,47,63
L3623692,AR,AR-R,AR-R-CO,-40.0894979,-64.4286346,Valle de Conesa,2026-04-06 16:37,168,70
L7926582,AR,AR-J,AR-J-ZO,-31.5324394,-68.7482464,Valle de Zonda,2025-11-30 12:30,66,9
L25016727,AR,AR-V,AR-V-US,-54.7966351,-68.2043179,Valle de la Tata,2026-09-04 15:00,33,28
L56014173,AR,AR-X,AR-X-CO,-30.9393551,-64.3097303,Valle de los Osos RND Ascochinga,2026-05-03 15:23,46,5
L2763328,AR,AR-A,AR-A-LV,-25.3071667,-65.2746667,Valle del Cóndor,2024-12-04 16:35,162,73
L3239326,AR,AR-Q,AR-Q-CC,-40.1926144,-70.6745338,Valle del Río Collón Cura,2025-10-14 13:37,140,84
L40820802,AR,AR-K,AR-K-AS,-25.7747581,-67.271168,Valle del Río Punilla,2025-02-27 16:15,2,0
L61242550,AR,AR-S,AR-S-LC,-31.3824847,-60.9056944,"Valle del Río Salado, entre la reserva y el balneario.",2026-03-28 07:55,65,2
L9482013,AR,AR-S,AR-S-SR,-31.9102054,-61.1427693,"Valle inundacion arroyo Colastine, Gessler",2024-09-23 11:01,72,6
L7791730,AR,AR-S,AR-S-RO,-33.0787551,-60.7719776,Valle inundación Arroyo Saladillo (Soldini),2024-08-11 14:15,169,34
L835572,AR,AR-M,AR-M-LC,-32.9741327,-69.3585831,Vallecitos,2026-08-31 10:51,104,113
L4229673,AR,AR-A,AR-A-LC,-24.696111,-65.4125,Vaqueros,2026-05-09 06:58,185,252
L27773782,AR,AR-Q,AR-Q-MI,-36.8428466,-70.673461,Varvarco,2026-01-05 10:25,26,7
L16620380,AR,AR-A,AR-A-LA,-24.4283491,-66.2454852,Vega Abra del Acay,2026-02-14 09:45,44,20
L10474327,AR,AR-M,AR-M-ML,-35.9806467,-70.3948017,Vega Caiquenes,2025-06-08 13:13,28,19
L2761499,AR,AR-Y,AR-Y-SU,-23.2333,-67.0333,Vega Jama,2025-10-13 14:19,37,17
L73185885,AR,AR-Y,AR-Y-HU,-23.1911605,-65.2160229,Vega a 4100m.,2026-09-18 16:40,26,3
L14595180,AR,AR-V,AR-V-RG,-54.2787008,-66.7328933,Vega al pie del Cabo San Pablo,2026-03-30 18:50,20,3
L17992142,AR,AR-K,AR-K-AS,-26.00862,-67.161917,Vega camino al Volcán Galán,2024-12-20 15:10,11,6
L6991839,AR,AR-K,AR-K-AS,-25.4841599,-67.08918,Vega de Hombre Muerto,2025-02-02 17:05,15,3
L2761500,AR,AR-A,AR-A-LA,-24.5174,-68.1983,Vega y Laguna Toro A,2010-01-30 00:00,4,0
L16614680,AR,AR-A,AR-A-LA,-24.1950946,-66.5510788,Vegas de Tocomar,2026-05-31 12:12,36,13
L11846326,AR,AR-S,AR-S-GL,-33.730457,-61.927122,Venado Tuerto,2026-08-28 17:37,73,16
L40695682,AR,AR-S,AR-S-GL,-33.7308333,-61.9227778,Venado Tuerto--Laprida y Av. Circunvalación.,2026-02-28 13:48,49,4
L7142875,AR,AR-S,AR-S-VE,-29.4708341,-60.2139997,Vera,2026-08-15 13:47,22,9
L10369607,AR,AR-S,AR-S-VE,-29.479458,-60.209688,Vera--Hotel Monte Regina,2003-10-10 08:20,8,1
L16329937,AR,AR-Q,AR-Q-CO,-38.973,-68.16,Verde Limay,2022-05-14 14:22,70,6
L52103454,AR,AR-J,AR-J-ZO,-31.5536463,-68.7250789,Verdesierto,2025-08-27 10:50,16,1
L10897219,AR,AR-X,AR-X-PU,-30.8029624,-64.5339085,Vertientes del Río Seco,2022-12-06 14:50,94,9
L64328000,AR,AR-B,AR-B-ML,-35.41011,-57.3389762,Verónica,2026-08-07 17:44,8,0
L20646578,AR,AR-A,AR-A-LA,-24.1974477,-66.4143592,Viaducto la Polvorilla,2026-09-19 15:59,27,12
L9920035,AR,AR-E,AR-E-VC,-32.6366705,-60.1648777,Victoria,2026-09-07 12:31,102,23
L51683112,AR,AR-E,AR-E-VC,-32.6445726,-60.1548572,Victoria--Costa 5to Cuartel.,2025-08-17 17:10,65,6
L2353353,AR,AR-L,AR-L-LO,-36.2309813,-65.3961182,Victorica,2026-09-13 07:00,75,31
L4346984,AR,AR-R,AR-R-AA,-40.812739,-62.9852371,Viedma,2026-09-27 09:56,98,62
L32637834,AR,AR-R,AR-R-AA,-40.8374017,-62.9807997,Viedma--Estación de Tren,2026-01-30 19:32,10,1
L12384947,AR,AR-E,AR-E-DI,-31.8404297,-60.5665357,Viejo Camino a La Jaula,2024-05-01 16:00,103,32
L12894577,AR,AR-X,AR-X-CA,-32.0453609,-64.6196037,Viejo camino a Yacanto,2026-04-12 10:37,106,15
L45593766,AR,AR-N,AR-N-GU,-27.2340453,-54.0472305,Vientos de Agua,2025-05-23 18:00,70,2
L68543923,AR,AR-B,AR-B-ML,-35.3075967,-57.6585217,Vieytes,2026-07-18 08:56,55,7
L10233753,AR,AR-B,AR-B-PA,-41.033249,-62.754895,Villa 7 de Marzo,2026-02-28 14:40,53,5
L11672498,AR,AR-X,AR-X-CA,-32.1932107,-64.5559796,Villa Amancay,2026-05-09 15:24,151,65
L18302300,AR,AR-X,AR-X-CA,-32.1985855,-64.547289,Villa Amancay--Toma de agua,2026-01-20 13:51,30,2
L26858306,AR,AR-S,AR-S-GO,-28.4962508,-59.6142599,Villa Ana - pueblo,2026-05-24 16:11,26,7
L54711727,AR,AR-X,AR-X-PU,-31.0382084,-64.5026958,Villa Bautista Thea,2026-07-13 10:11,44,21
L10456568,AR,AR-X,AR-X-CA,-31.9138407,-64.730257,Villa Berna,2026-01-24 07:18,63,11
L3708991,AR,AR-B,AR-B-BJ,-37.6711159,-59.3983917,Villa Cacique,2025-02-07 19:51,99,23
L17944993,AR,AR-X,AR-X-RS,-29.7619995,-63.4109212,Villa Candelaria,2021-03-01 16:40,28,1
L2763475,AR,AR-G,AR-G-QU,-29.3,-63.35,Villa Candelaria,2008-10-11 00:00,60,0
L7868337,AR,AR-X,AR-X-PU,-31.4111844,-64.489549,Villa Carlos Paz,2026-07-28 11:36,136,57
L23463888,AR,AR-X,AR-X-PU,-31.392,-64.463,Villa Carlos Paz--Costa Azul Norte,2026-03-18 07:58,61,8
L22709080,AR,AR-X,AR-X-PU,-31.422,-64.512,Villa Carlos Paz--Parque Ea. La Quinta,2026-09-13 12:58,46,5
L12195935,AR,AR-X,AR-X-PU,-31.4209703,-64.5018481,Villa Carlos Paz--Plaza Renacer,2026-08-18 09:00,42,16
L21089764,AR,AR-X,AR-X-CA,-32.0120085,-64.5590529,Villa Castelar,2026-09-20 15:06,127,57
L16286189,AR,AR-X,AR-X-CA,-32.37583,-64.6435325,Villa Cañada Del Sauce-- Barrio Sur,2026-01-16 07:12,131,112
L11368140,AR,AR-S,AR-S-GL,-34.007432,-61.591691,Villa Cañas,2022-03-25 08:00,2,0
L51821559,AR,AR-X,AR-X-CO,-31.0685941,-64.3236107,Villa Cerro Azul,2026-08-30 13:58,84,6
L10250309,AR,AR-X,AR-X-CA,-31.911944,-64.525,Villa Ciudad Parque,2026-01-05 17:30,81,12
L21006685,AR,AR-X,AR-X-CA,-31.8800904,-64.5586681,Villa Ciudad Parque--Unión de los Ríos,2026-08-23 12:00,105,25
L55851355,AR,AR-K,AR-K-PA,-27.9674122,-65.7245366,Villa Collante,2025-12-08 10:30,8,0
L20090612,AR,AR-S,AR-S-CO,-33.2025167,-60.3363132,Villa Constitución,2026-02-22 13:13,70,3
L3315950,AR,AR-S,AR-S-CO,-33.2233235,-60.3196621,Villa Constitución--Reserva Isla del Sol,2026-09-20 08:13,168,71
L3315896,AR,AR-S,AR-S-CO,-33.227057,-60.3295326,Villa Constitución--Zona rural,2025-05-10 17:55,58,8
L4852430,AR,AR-X,AR-X-CB,-31.3155514,-64.2551762,Villa Cornú Anexo,2026-09-20 23:34,33,22
L14722559,AR,AR-J,AR-J-CL,-31.2177187,-69.4540957,Villa Corral,2023-11-20 06:24,56,4
L10320770,AR,AR-Q,AR-Q-CO,-39.261519,-68.779103,Villa El Chocón,2026-08-30 12:07,124,87
L22096741,AR,AR-K,AR-K-PA,-28.1607787,-65.6711626,Villa Enduro,2023-01-04 15:00,36,1
L29455389,AR,AR-H,AR-H-SF,-27.4299436,-58.939706,Villa Fabiana,2025-06-26 09:18,81,7
L12442543,AR,AR-S,AR-S-LC,-31.4430659,-60.806847,Villa Georgina,2024-11-18 07:40,130,9
L12019160,AR,AR-B,AR-B-VG,-37.252245,-56.9646478,Villa Gesell,2026-09-25 16:20,121,116
L3687364,AR,AR-X,AR-X-PU,-31.0292543,-64.4724083,Villa Giardino--Camino de los artesanos,2026-07-15 10:25,122,43
L3778061,AR,AR-X,AR-X-PU,-31.04864,-64.51124,Villa Giardino--Dique El Portecelo,2026-07-22 20:52,149,103
L2626671,AR,AR-X,AR-X-CA,-31.9579882,-64.5501709,Villa Gral. Belgrano,2026-05-24 15:45,120,45
L33545677,AR,AR-X,AR-X-CA,-31.972913,-64.5316758,Villa Gral. Belgrano - - Monte nativo del pozo verde,2026-07-26 09:55,97,11
L57173637,AR,AR-X,AR-X-CA,-31.9689836,-64.5343781,Villa Gral. Belgrano--Cerro Mirador,2026-07-15 12:09,52,7
L21008263,AR,AR-X,AR-X-CA,-31.9812882,-64.543047,Villa Gral. Belgrano--Cerro de la Virgen,2026-05-17 10:00,68,20
L29996340,AR,AR-X,AR-X-CA,-31.9647772,-64.5328329,Villa Gral. Belgrano--Pozo verde,2026-05-10 10:03,86,34
L2763422,AR,AR-X,AR-X-CA,-31.9666667,-64.5333333,Villa Gral. Belgrano--Sendero de la Virgen,2026-03-01 13:45,73,14
L22709430,AR,AR-X,AR-X-CA,-31.976,-64.553,Villa Gral. Belgrano--Sendero de los Arroyos,2026-09-18 08:57,83,46
L3662274,AR,AR-S,AR-S-GO,-28.1486707,-59.4378805,Villa Guillermina--Ea. San Antonio. Bosque Chaqueño mixto 2,2016-11-04 15:34,171,8
L60452389,AR,AR-S,AR-S-GO,-28.2002961,-59.4443442,Villa Guillermina--Las Palmitas. Bosque Chaqueño Mixto 5,2026-03-15 15:16,55,2
L7751911,AR,AR-S,AR-S-GO,-28.1475329,-59.4095441,Villa Guillermina--Las Palmitas. Bosque Chaqueño Mixto 5,2018-09-23 07:00,141,24
L39580995,AR,AR-Y,AR-Y-CA,-24.1652221,-65.386576,Villa Jardín de Reyes,2026-02-26 07:27,81,23
L4018574,AR,AR-Q,AR-Q-LL,-40.7627,-71.6426,Villa La Angostura,2026-09-23 14:00,94,128
L4352498,AR,AR-Q,AR-Q-LL,-40.7993541,-71.5965271,Villa La Angostura--Bahía Manzano,2026-09-21 12:56,66,44
L5266638,AR,AR-Q,AR-Q-LL,-40.7874303,-71.5916133,Villa La Angostura--Sendero Río Bonito,2025-03-14 12:48,31,8
L11398293,AR,AR-B,AR-B-CE,-38.1226694,-61.7934949,Villa La Arcadia,2026-09-17 18:35,93,56
L27611657,AR,AR-G,AR-G-CH,-28.3677268,-64.7962654,Villa La Punta,2026-01-11 10:11,72,15
L7161247,AR,AR-D,AR-D-CH,-32.6214485,-64.9612355,Villa Larca--Altos del Cóndor,2022-08-02 15:50,40,3
L34227499,AR,AR-K,AR-K-FE,-28.2798747,-65.7320809,Villa Las Pirquitas,2026-06-20 08:43,66,10
L23473659,AR,AR-X,AR-X-SV,-31.9371588,-65.0418949,Villa Las Rosas--Sendero Reina Mora,2023-04-08 17:50,18,1
L43640637,AR,AR-Q,AR-Q-LL,-40.894915,-71.0398729,Villa Llanquín,2026-05-02 18:13,13,2
L55851490,AR,AR-K,AR-K-PA,-27.9084362,-65.7482873,Villa Los Cordero RP124,2025-12-08 11:35,24,0
L22429018,AR,AR-B,AR-B-PA,-40.444551,-62.4234284,Villa Los Pocitos,2026-02-19 06:30,108,24
L11416647,AR,AR-X,AR-X-GM,-32.3262562,-63.2675033,Villa María,2025-05-13 09:49,39,3
L43756740,AR,AR-X,AR-X-GM,-32.411081,-63.2471119,Villa María Pque de la Vida,2026-04-30 14:45,28,3
L1064900,AR,AR-R,AR-R-AA,-41.0534664,-62.8363037,Villa Marítima El Cóndor,2026-08-16 18:29,109,112
L9550666,AR,AR-D,AR-D-GP,-33.700398,-65.472978,Villa Mercedes,2026-07-11 12:46,148,68
L58945527,AR,AR-X,AR-X-GM,-32.457778,-63.2172322,Villa Nueva Zona Rural,2026-02-21 08:15,48,1
L8329239,AR,AR-W,AR-W-IZ,-27.6341328,-56.8976518,Villa Olivari--Malezales y pastizales,2026-09-07 15:00,172,35
L1951600,AR,AR-E,AR-E-II,-33.7197708,-58.6546326,Villa Paranacito,2026-09-06 16:52,221,134
L1069354,AR,AR-E,AR-E-II,-33.67289,-58.7148321,Villa Paranacito--Ruta Prov. 46,2026-08-30 07:46,206,84
L23555272,AR,AR-S,AR-S-LC,-31.2914635,-60.9795376,Villa Paso de las Piedras.,2026-09-20 10:38,125,22
L3972984,AR,AR-Q,AR-Q-AL,-38.8783052,-71.1901617,Villa Pehuenia,2026-05-09 08:44,108,87
L11429817,AR,AR-Q,AR-Q-AL,-38.8807676,-71.1794425,Villa Pehuenia--Laguna Pollo Lafquen,2026-07-19 13:33,67,34
L12460186,AR,AR-Q,AR-Q-AL,-38.8835111,-71.1752965,Villa Pehuenia--Laguna del Manzano,2024-03-29 12:29,53,8
L12141951,AR,AR-Q,AR-Q-AL,-38.8733597,-71.2026673,Villa Pehuenia--Paraje La Angostura,2026-03-23 13:33,75,37
L7746958,AR,AR-X,AR-X-CA,-32.2345664,-64.5120025,Villa Quillinzo,2024-10-12 17:27,95,11
L8157026,AR,AR-R,AR-R-EC,-39.1656387,-67.0985927,Villa Regina--Isla 58,2026-01-13 11:18,97,65
L34720420,AR,AR-X,AR-X-TU,-30.4302934,-63.4739603,Villa Rosario del Saladillo,2025-12-26 22:52,44,6
L2763225,AR,AR-X,AR-X-CA,-32.2011667,-64.4576667,Villa Rumipal,2025-12-29 17:58,177,103
L27478001,AR,AR-X,AR-X-SM,-31.8020222,-64.4242251,Villa San Isidro,2026-07-16 17:10,31,5
L10761577,AR,AR-B,AR-B-TQ,-38.0525724,-62.0741414,Villa Serrana la Gruta--Tornquist,2026-09-03 15:29,69,11
L11427355,AR,AR-Q,AR-Q-LL,-40.6548538,-71.3987649,Villa Traful,2026-09-17 11:17,59,35
L17589629,AR,AR-Q,AR-Q-LL,-40.6665512,-71.3612918,Villa Traful--Camping Arroyo La Máquina,2024-01-22 10:00,25,6
L5375475,AR,AR-F,AR-F-CF,-29.3197437,-68.2248187,Villa Union,2026-06-20 09:56,81,44
L2763284,AR,AR-E,AR-E-DI,-31.9918333,-60.5863333,Villa Valle María,2024-10-12 18:40,57,3
L9616671,AR,AR-B,AR-B-TQ,-38.0842603,-61.9331181,Villa Ventana,2026-09-26 20:43,103,85
L45309788,AR,AR-K,AR-K-BE,-27.0934564,-66.8216867,Villa Vil,2026-05-01 10:02,39,5
L4312464,AR,AR-X,AR-X-CA,-32.1031528,-64.7535038,Villa Yacanto,2026-05-09 10:16,92,33
L8011646,AR,AR-X,AR-X-CA,-32.0320082,-64.7187056,Villa Yacanto--puente blanco,2025-09-28 17:21,75,5
L26714809,AR,AR-X,AR-X-SV,-31.9368463,-65.0422543,Villa de las Rosas--Plazoleta Malvinas Argentinas,2024-05-12 12:56,21,4
L13452808,AR,AR-X,AR-X-RG,-31.55,-63.53,Villa del Rosario,2025-11-23 14:10,59,8
L64107478,AR,AR-X,AR-X-RG,-31.5432112,-63.5388923,Villa del Rosario--Costanera,2023-03-14 00:00,1,0
L22859054,AR,AR-Q,AR-Q-LL,-40.763584,-71.593301,Villa la Angostura--Cascada del Río Bonito,2026-07-02 17:14,29,7
L8038636,AR,AR-Y,AR-Y-SB,-24.0992531,-64.3991786,Villamonte,2026-08-02 10:29,143,61
L28161477,AR,AR-B,AR-B-VI,-38.7355383,-62.447965,Villarino Viejo--Río Sauce Chico,2026-01-30 14:26,112,36
L6365901,AR,AR-B,AR-B-VI,-38.8554051,-62.4898642,Villarino--RN 3 km 732 Lagunas,2025-12-03 14:05,68,9
L3614905,AR,AR-W,AR-W-ST,-28.0464551,-56.0125065,Virasoro,2026-09-18 00:00,192,55
L12762869,AR,AR-M,AR-M-SR,-34.8183718,-68.4879541,Virgen Del Valle,2026-09-02 17:29,53,14
L6477797,AR,AR-A,AR-A-SA,-24.7812063,-65.3948629,Virgen del Cerro,2024-11-20 06:40,66,10
L19881870,AR,AR-K,AR-K-AG,-27.4912295,-66.5116982,Vis Vis,2026-07-25 11:24,78,7
L16137700,AR,AR-B,AR-B-EB,-34.8274937,-58.4669348,Vivero Enraizando Nativas,2025-11-29 11:14,40,8
L8918349,AR,AR-S,AR-S-SV,-30.5506483,-59.935395,Vivero Municipal de San Javier,2026-05-31 17:35,153,106
L5940235,AR,AR-X,AR-X-CO,-31.2997222,-64.2697222,Vivero PCN,2023-01-21 19:07,146,174
L27248656,AR,AR-B,AR-B-EN,-34.8003902,-58.0073227,Vivero Punta Lara,2025-05-31 16:15,50,7
L13725926,AR,AR-B,AR-B-SL,-35.5829097,-59.6592433,Vivero de Cazon,2026-06-21 12:54,74,11
L10669930,AR,AR-C,AR-C-DF,-34.624106,-58.5201117,Vivero de Plantas Nativas Solnaturi,2026-09-27 11:15,84,519
L846278,AR,AR-Y,AR-Y-TU,-23.9211487,-65.4669285,Volcán,2026-03-07 15:07,143,87
L17498985,AR,AR-Q,AR-Q-AL,-38.8193028,-71.1926063,Volcán Batea Mahuida,2026-02-16 16:50,56,26
L24285211,AR,AR-K,AR-K-AS,-25.9333,-66.9166,Volcán Galán,2023-05-02 09:00,15,1
L10674426,AR,AR-M,AR-M-ML,-35.7695408,-69.4627829,Volcán Malacara,2026-02-06 15:00,32,12
L21183986,AR,AR-Q,AR-Q-PE,-37.1399982,-70.0500298,Volcán Tromen,2022-10-13 13:00,22,2
L10017353,AR,AR-Y,AR-Y-TU,-23.8866695,-65.5190056,Volcán--Puesto Las Tarukas,2025-08-07 10:59,69,17
L3526083,AR,AR-U,AR-U-FU,-43.0397243,-71.2141085,Vuelta al Nahuelpan,2026-09-19 12:02,88,31
L15130601,AR,AR-B,AR-B-AB,-34.8391839,-58.3214618,Vueltas de Robinson,2021-05-29 07:22,50,5
L14303891,AR,AR-E,AR-E-CC,-31.4473236,-58.0808443,Vía del viejo tren,2021-04-04 08:00,72,3
L2785362,AR,AR-N,AR-N-GU,-27.3894587,-54.2311817,Yacaratiá Lodge,2023-10-14 18:33,147,8
L2349765,AR,AR-N,AR-N-GB,-25.5857534,-54.0687096,Yacutinga Lodge,2026-07-15 13:02,266,213
L53717287,AR,AR-W,AR-W-BA,-27.3705306,-57.6551854,Yahapé (PNA),2025-09-24 18:00,22,5
L844634,AR,AR-Y,AR-Y-CA,-24.1195343,-65.4050016,Yala,2026-07-02 11:45,265,242
L52377523,AR,AR-Y,AR-Y-CA,-24.1210889,-65.4393708,Yala--Los Nogales,2026-09-26 07:32,74,22
L1532941,AR,AR-Y,AR-Y-CA,-24.1260372,-65.4926081,Yala--Río Las Horquetas,2026-03-22 07:29,122,58
L40990730,AR,AR-T,AR-T-SI,-27.4669464,-65.049367,Yalapa,2024-07-28 09:13,32,1
L8200373,AR,AR-B,AR-B-LF,-36.2263135,-59.3843033,Yamay,2024-10-03 15:41,90,3
L2465099,AR,AR-W,AR-W-SM,-29.4699406,-56.8166542,Yapeyú,2025-12-30 10:00,146,26
L16359733,AR,AR-N,AR-N-CD,-27.4199943,-55.4241195,Yasy Selva Y Agua,2023-02-20 15:26,134,9
L45469111,AR,AR-N,AR-N-GU,-27.2265732,-54.0460574,Yateí-House,2026-07-12 00:15,34,5
L844702,AR,AR-Y,AR-Y-YA,-22.1311849,-65.4633021,Yavi,2026-09-21 08:03,178,814
L844677,AR,AR-Y,AR-Y-YA,-22.0989411,-65.4584742,Yavi Chico,2026-07-27 18:00,113,122
L37173250,AR,AR-W,AR-W-MC,-29.8587338,-58.0571651,Yellow Cardinal Lodge,2026-09-25 07:28,184,251
L5825192,AR,AR-T,AR-T-YB,-26.8127043,-65.2968499,Yerba Buena,2025-07-14 15:08,78,8
L24142288,AR,AR-N,AR-N-CG,-26.9989735,-54.6296859,Ytororó Lodge,2025-12-26 06:30,49,3
L13278271,AR,AR-N,AR-N-GU,-27.2328672,-54.0441236,Yucuma Lodge,2025-11-29 18:43,162,49
L15721333,AR,AR-K,AR-K-EA,-28.2135694,-65.4819536,Yungas de La Aguada,2025-09-13 20:10,101,33
L11668030,AR,AR-K,AR-K-AG,-27.3900827,-65.9991518,Yunka Suma,2025-03-09 09:29,97,6
L30625027,AR,AR-T,AR-T-TD,-26.6713143,-65.8187485,Zanja De Los Cardones,2026-09-26 15:18,77,56
L27670712,AR,AR-S,AR-S-GO,-28.5092356,-59.2645788,Zanjón Bacaro,2026-08-16 07:59,173,47
L2478563,AR,AR-B,AR-B-PA,-39.5876284,-62.586958,Zanjón Chico (Entre Los Alamos y La Graciela),2025-12-07 12:40,81,10
L5836776,AR,AR-Q,AR-Q-ZA,-38.9,-70.0667,Zapala,2025-11-22 09:17,118,138
L11402764,AR,AR-Q,AR-Q-ZA,-38.9438438,-69.9634155,Zapala--Cordón Santo Domingo (Este),2022-01-18 11:00,63,11
L11402662,AR,AR-Q,AR-Q-ZA,-38.9393316,-70.012,Zapala--Cordón Santo Domingo (Oeste),2022-12-14 17:30,49,5
L8013328,AR,AR-Q,AR-Q-ZA,-38.9069354,-70.0293185,Zapala--Humedal Co. Michacheo,2026-02-03 07:42,105,57
L19218432,AR,AR-E,AR-E-NO,-31.9822936,-59.820778,Zona Bolognesi - Crucecitas 7ma.,2022-10-08 17:45,49,4
L21306347,AR,AR-E,AR-E-NO,-32.3788232,-59.7684477,Zona La Alameda,2026-06-01 13:48,138,44
L19947546,AR,AR-E,AR-E-FE,-31.2300558,-58.3979599,Zona Moreira,2023-07-30 13:03,65,18
L21151212,AR,AR-Q,AR-Q-CO,-38.9291268,-69.2310548,Zona Plaza B Parque Oeste,2024-02-19 13:58,21,4
L49264649,AR,AR-E,AR-E-DI,-32.0700433,-60.4484557,Zona Rio Salto Del Paraiso,2026-06-11 12:59,48,8
L32098718,AR,AR-H,AR-H-SL,-27.5208996,-60.3720601,Zona Rural Samuhu,2025-07-11 15:40,90,6
L11815627,AR,AR-S,AR-S-CO,-33.3978126,-61.4410758,Zona Rural al NNE de Firmat,2021-07-03 08:15,53,4
L57744152,AR,AR-W,AR-W-SC,-27.4988199,-58.6319929,Zona Río Riachuelo,2026-01-16 17:50,2,0
L11603276,AR,AR-S,AR-S-GL,-33.7210803,-61.4008638,Zona aledaña basural Hughes,2026-01-17 18:59,69,6
L27564188,AR,AR-Q,AR-Q-HU,-39.9188784,-71.0881989,Zona basural.,2026-07-31 11:49,34,7
L43788449,AR,AR-B,AR-B-AA,-37.6573894,-63.2630149,Zona cauquenes migrando,2025-04-20 14:30,2,1
L35225193,AR,AR-B,AR-B-AV,-34.6678495,-58.307719,Zona de quintas de Villa Domínico,2026-02-03 19:00,87,11
L12478635,AR,AR-S,AR-S-LP,-31.5245752,-60.4729284,Zona entre Calle 121 y ruta 1,2022-10-22 11:21,142,46
L2762792,AR,AR-G,AR-G-RI,-30.0833,-62.1,Zona rural Colonia Alpina
L37131995,AR,AR-S,AR-S-CL,-31.3301793,-61.4672654,Zona rural camino rural sur Rafaela,2025-02-01 07:43,13,1
L54021013,AR,AR-S,AR-S-GL,-33.7045907,-61.4009928,Zonas inundables circundantes a la laguna Melincué,2025-10-11 15:40,28,2
L11858825,AR,AR-K,AR-K-EA,-28.3041627,-65.3996631,Zucuma,2026-01-13 11:30,98,24
L40404406,AR,AR-L,AR-L-TR,-35.6332282,-64.3663458,arata,2025-02-19 17:00,55,2
L6099361,AR,AR-S,AR-S-LC,-31.6838924,-60.9157305,area rural San Agustín,2019-10-19 07:16,10,4
L10224402,AR,AR-S,AR-S-IR,-32.9523145,-61.2452588,berreta y rio carcaraña,2026-01-04 16:01,94,6
L10642472,AR,AR-N,AR-N-SP,-26.5280935,-53.9736898,camino al Parque Provincial Cruce Caballero - Zona de chacras,2026-09-24 11:34,181,138
L39522730,AR,AR-B,AR-B-MC,-37.7182093,-57.42896,camino puente celpa,2026-08-08 13:47,97,25
L12010380,AR,AR-S,AR-S-GL,-33.590398,-61.5084967,"camino rural, Dúrham",2026-07-04 14:53,103,55
L11909414,AR,AR-S,AR-S-GL,-33.6528774,-61.4730921,"camino rural, norte Melincué",2025-10-11 14:10,81,5
L10171167,AR,AR-S,AR-S-SJ,-30.0331503,-60.3484325,cañada cerca de PGCello,2026-08-02 07:56,100,2
L17673380,AR,AR-W,AR-W-MC,-30.0770343,-57.9968461,cuatro bocas - monte caseros departamento  - Corrientes,2026-09-19 09:21,59,12
L45880642,AR,AR-N,AR-N-GU,-27.2342449,-54.0474038,el soberbio,2025-09-23 17:32,5,0
L2763539,AR,AR-B,AR-B-TA,-38.1353333,-60.4685,"est .Sta. Luisa ,Pje. La pastora",2010-11-30 10:30,3,0
L10935061,AR,AR-R,AR-R-PI,-40.664847,-70.7391267,ex ruta 40,2025-01-06 12:50,21,2
L37065538,AR,AR-W,AR-W-GP,-27.7609639,-57.610888,km0 Polo Cultural de los Esteros,2026-07-13 15:57,78,6
L54379338,AR,AR-B,AR-B-ES,-34.2834761,-58.7924375,lago contepomi,2025-10-21 10:48,50,1
L13713880,AR,AR-Y,AR-Y-HU,-22.9208857,-65.5542779,laguna 3 cruces,2026-05-08 14:57,31,7
L2761498,AR,AR-S,AR-S-GL,-33.7807,-62.2814,laguna al sur de Maggiolo,2024-01-29 09:34,9,1
L65308451,AR,AR-B,AR-B-SE,-35.106406,-58.577747,laguna la celina,2026-08-09 14:30,64,9
L11386242,AR,AR-V,AR-V-US,-54.7332061,-68.1429039,laguna turquesa,2026-03-01 11:30,30,35
L4385695,AR,AR-B,AR-B-TA,-38.6917299,-60.1419738,lagunita bajada a Lin Calel desde R73,2026-06-10 16:34,66,8
L12621726,AR,AR-X,AR-X-CB,-31.318347,-64.2164719,los niños urbanos,2026-02-02 13:17,41,9
L55761141,AR,AR-A,AR-A-GM,-22.0389664,-63.910861,macueta norte,2025-12-02 12:03,15,1
L35910385,AR,AR-P,AR-P-PR,-25.4125906,-58.8941422,monte lindo,2025-08-06 00:00,9,2
L22990630,AR,AR-B,AR-B-NE,-38.5323147,-58.7274431,necochea-rio Quequeén,2026-06-28 15:25,75,10
L59488957,AR,AR-B,AR-B-ML,-35.6274766,-57.4041767,pipinas,2026-03-01 10:20,58,3
L15758878,AR,AR-R,AR-R-GR,-38.8278323,-68.062738,plazoleta Zumos,2021-07-12 09:35,14,2
L17156837,AR,AR-X,AR-X-CA,-32.0768173,-64.5350926,puente Eva Peron (rio abajo),2026-03-11 17:36,59,9
L29647128,AR,AR-L,AR-L-SR,-36.605006,-64.3154564,rebalse laguna don tomas,2023-02-13 07:00,1,1
L16865098,AR,AR-X,AR-X-CO,-31.1949505,-64.3707072,reserva hídrica natural los quebrachitos,2026-08-23 13:26,119,66
L45752754,AR,AR-D,AR-D-CP,-33.0902088,-66.0300822,reserva la florida,2026-08-30 16:53,87,11
L12540780,AR,AR-X,AR-X-CB,-31.3147498,-64.2934605,reserva municipal rivera indarte,2021-02-14 09:43,37,5
L50237006,AR,AR-D,AR-D-JU,-32.3175527,-65.0054222,reserva piedras blancas,2026-07-08 13:54,32,3
L65309534,AR,AR-B,AR-B-ML,-35.607015,-57.414332,reserva privada pipinas,2026-03-01 10:20,58,3
L65310241,AR,AR-B,AR-B-BR,-35.224972,-58.204295,sendero sobre rio samborombon,2026-01-03 09:31,13,1
L8404430,AR,AR-B,AR-B-ML,-35.3087897,-57.4392831,Álvarez Jonte--Camino de acceso,2026-07-18 13:05,145,100
L29023668,AR,AR-B,AR-B-TI,-34.3695822,-58.5796165,Área Natural Monte Blanco,2026-09-26 06:49,168,347
L21471525,AR,AR-Q,AR-Q-AN,-37.740667,-68.893923,Área Natural Protegida Auca Mahuida--Aguada,2022-11-06 10:05,20,1
L8707117,AR,AR-Q,AR-Q-PE,-37.6500276,-68.7688479,Área Natural Protegida Auca Mahuida--entrada norte,2019-02-14 11:00,14,2
L35254978,AR,AR-B,AR-B-BZ,-34.7643904,-58.1004238,Área Natural Protegida Bosques Nativos de Hudson y Bañados,2025-05-03 10:00,76,5
L3536907,AR,AR-E,AR-E-LP,-30.3877786,-59.1849482,Área Natural Protegida Don Sebastián,2026-09-16 12:00,219,851
L8675745,AR,AR-J,AR-J-JA,-30.1531412,-68.5854831,Área Natural Protegida La Ciénaga,2026-05-09 09:00,103,25
L9788214,AR,AR-U,AR-U-ES,-45.956643,-67.54712,Área Natural Protegida Punta del Marqués,2026-05-03 13:42,71,46
L65053250,AR,AR-U,AR-U-BI,-42.6643873,-64.9894524,Área Protegida El Doradillo,2026-09-19 16:38,34,4
L10113660,AR,AR-Q,AR-Q-CO,-38.9339839,-68.1046086,Área Protegida Parque de los Dinosaurios,2019-11-04 11:05,3,0
L9350240,AR,AR-Q,AR-Q-CO,-38.996849,-68.3457076,Área Protegida Rincón Limay,2025-11-10 14:50,89,36
L66028938,AR,AR-X,AR-X-SJ,-30.9319641,-62.6829969,Área Puente de Busso,2026-06-14 09:04,51,4
L29230601,AR,AR-R,AR-R-SA,-40.8243642,-64.7144373,Área Reserva San Antonio Este,2026-07-18 11:40,39,10
L20735054,AR,AR-X,AR-X-MI,-30.8911117,-65.5994099,Área Silvestre Protegida Las Mesillas,2022-08-26 08:00,84,2
L77196897,AR,AR-N,AR-N-PS,-27.353948,-55.8929487,"Área de Valor Ambiental Anfiteatro Antonio Ramírez, Posadas, Misiones, AR (-27.354, -55.893)",2026-09-03 09:35,15,1
L60050239,AR,AR-B,AR-B-ES,-34.368826,-58.803388,Área de restauración Fundación Temaikèn,2026-07-23 11:53,40,12
L16725157,AR,AR-E,AR-E-TA,-32.3183184,-59.0783244,Área natural protegida Rincón Hondo,2026-02-15 07:59,147,22
L7232984,AR,AR-M,AR-M-ST,-34.045939,-67.9552674,Ñacuñán--Pueblo,2026-05-25 15:44,58,24
L1951867,AR,AR-E,AR-E-GC,-33.0655786,-58.3910465,Ñandubaysal,2026-07-23 09:47,228,108
L41196456,AR,AR-X,AR-X-CO,-31.2610949,-64.317549,Último bosque,2025-03-12 14:26,3,0
L4979847,AR,AR-S,AR-S-BE,-32.6666273,-61.9006419,"“Isla ” a 11,5 km al noroeste de Tortugas, Santa Fe",2022-07-23 08:42,94,5
L31752307,AR,AR-K,AR-K-AM,-28.1340957,-65.887813,"  Ambato Catamarca -28.134110, -65.887856",2026-07-20 16:40,38,3
