L3727893,BE,BE-VLG,BE-VLG-WV,51.2102376,3.0349731,'t Pompje,2026-09-26 18:45,165,54
L10110225,BE,BE-VLG,BE-VLG-AN,51.2012792,4.6060039,AWW bekken Broechem,2026-09-21 15:43,112,49
L42724888,BE,BE-VLG,BE-VLG-OV,50.9540112,4.0054742,Aalst - Honegem,2025-06-16 12:03,31,2
L55812691,BE,BE-VLG,BE-VLG-OV,50.9059171,4.069886,Aalst - Kapellemeersen,2026-01-18 08:46,26,1
L38714678,BE,BE-VLG,BE-VLG-OV,50.9318837,4.15713,Aalst - Kravaalbos,2026-05-02 14:22,33,3
L26799181,BE,BE-VLG,BE-VLG-OV,50.9247601,4.0437412,Aalst - Osbroek,2026-01-18 15:29,28,5
L55812698,BE,BE-VLG,BE-VLG-OV,50.9268125,4.0584562,Aalst - Speelbos
L6755966,BE,BE-VLG,BE-VLG-OV,50.9038085,4.0589461,Aalst - Wellemeersen,2026-04-12 22:01,107,77
L6932062,BE,BE-VLG,BE-VLG-OV,51.0664277,3.4823656,Aalter - Ganzeveld bossen,2026-02-20 15:35,19,2
L2994987,BE,BE-VLG,BE-VLG-OV,51.0758658,3.4804773,Aalter - Kraenepoel,2026-09-07 16:29,88,38
L13455626,BE,BE-VLG,BE-VLG-VB,50.9724676,4.8224187,Aarschot - 's Hertogenheide,2026-08-17 19:58,59,54
L39505634,BE,BE-VLG,BE-VLG-VB,50.9683105,4.7941332,Aarschot - Eikelberg (ANB),2026-04-07 14:58,38,8
L38282596,BE,BE-VLG,BE-VLG-VB,50.9983188,4.8166959,Aarschot - Meetshovenbos,2026-03-19 11:11,45,6
L38282613,BE,BE-VLG,BE-VLG-VB,50.9735981,4.7888077,Aarschot - Vorsdonkbos,2026-05-14 14:26,32,1
L56599295,BE,BE-VLG,BE-VLG-AN,51.1368279,4.3955342,Aartselaar - Solhof
L15131149,BE,BE-WAL,BE-WAL-BW,50.5905253,4.5300257,Abbeye de Villers,2026-09-07 15:21,61,21
L42408877,BE,BE-VLG,BE-VLG-LI,51.2493076,5.4985595,Achel - Warande
L42408887,BE,BE-VLG,BE-VLG-LI,51.2647672,5.4944825,Achel - Warmbeekvallei
L38714612,BE,BE-VLG,BE-VLG-WV,51.0647653,2.5748559,Adinkerke - Cabourduinen,2026-02-26 14:34,4,0
L16262817,BE,BE-VLG,BE-VLG-WV,51.0749367,2.5637734,Adinkerke - De Panne - Drie Vijvers,2026-05-16 10:11,28,1
L55812708,BE,BE-VLG,BE-VLG-OV,50.9274403,4.0889325,Affligem - Kluizenbos
L54741872,BE,BE-VLG,BE-VLG-VB,50.9157832,4.1274741,Affligem - Valleibos,2026-02-04 08:25,35,6
L54741882,BE,BE-VLG,BE-VLG-VB,50.9187241,4.1197387,Affligem - Zwijnbos
L18613676,BE,BE-VLG,BE-VLG-WV,51.220046,3.0450613,Afgraving Kwadeweg,2026-09-24 07:43,90,90
L9842587,BE,BE-VLG,BE-VLG-OV,51.0345807,3.6589847,Afsnee - Afsneekouter,2023-04-08 19:13,29,2
L38502997,BE,BE-WAL,BE-WAL-HT,50.3598666,3.6727381,Agre - Champs
L7872034,BE,BE-VLG,BE-VLG-LI,51.0978813,5.8130126,Aldeneik - Uiterwaarden - Grindgaten,2026-08-12 15:30,89,25
L28490849,BE,BE-VLG,BE-VLG-WV,50.9461353,2.7068157,Alveringem - Eversambos,2026-03-07 09:57,41,2
L13815406,BE,BE-WAL,BE-WAL-LG,50.3404962,6.1710973,Am Adesberg Amel,2025-07-15 12:25,29,1
L28648826,BE,BE-WAL,BE-WAL-LG,50.5267075,5.3222715,Amay - Bois de Bellegrange,2024-01-05 15:21,15,1
L20492533,BE,BE-WAL,BE-WAL-LG,50.539308,5.322422,Amay - Gravière,2026-06-24 22:22,72,16
L26733526,BE,BE-BRU,,50.8327816,4.2994267,Anderlecht - Astridpark,2025-10-24 10:59,20,4
L26733519,BE,BE-BRU,,50.8411434,4.3108208,Anderlecht - Bospark,2026-05-02 06:09,28,8
L11709484,BE,BE-BRU,,50.8250589,4.2845257,Anderlecht - Parc des étangs,2025-10-05 09:59,53,6
L3168227,BE,BE-VLG,BE-VLG-AN,51.1157436,4.5525455,Anderstad,2026-09-02 13:19,174,112
L13814861,BE,BE-WAL,BE-WAL-LG,50.3087092,6.286215,Andler - Quarry and River Our,2026-03-22 12:33,61,13
L30759020,BE,BE-WAL,BE-WAL-NA,50.3008414,4.8706027,Anhée - Cirl Bunting stakeout,2023-04-15 00:00,1,1
L35530475,BE,BE-WAL,BE-WAL-LX,49.7718653,5.6268881,Anlier - Carrière,2026-06-13 15:18,4,1
L38280063,BE,BE-WAL,BE-WAL-LG,50.657113,5.5443513,Ans - Parc des Coteaux
L17999170,BE,BE-VLG,BE-VLG-AN,51.2180634,4.4211479,Antwerpen - Central Station,2026-07-16 10:14,29,20
L56599410,BE,BE-VLG,BE-VLG-AN,51.2205397,4.3999216,Antwerpen - City Center (general),2026-09-17 18:06,36,17
L8023284,BE,BE-VLG,BE-VLG-AN,51.232307,4.402846,Antwerpen - Eilandje,2026-09-06 12:00,68,77
L38321099,BE,BE-VLG,BE-VLG-AN,51.2598103,4.3094877,Antwerpen - Fort Sint Filips
L14374043,BE,BE-VLG,BE-VLG-AN,51.2134483,4.3730812,Antwerpen - Galgenweel,2026-07-16 17:41,62,21
L11924022,BE,BE-VLG,BE-VLG-AN,51.2240895,4.3619562,Antwerpen - Het Rot,2026-08-18 08:15,84,36
L52638129,BE,BE-VLG,BE-VLG-AN,51.1986922,4.400593,Antwerpen - Hof Van Leysen,2026-07-21 16:09,13,5
L38321089,BE,BE-VLG,BE-VLG-AN,51.3103347,4.3533813,Antwerpen - Hooge Maey (depracted),2025-07-16 09:00,2,0
L28243528,BE,BE-VLG,BE-VLG-AN,51.209123,4.3851505,Antwerpen - Kaaien Zuid,2026-09-09 06:53,20,6
L26826978,BE,BE-VLG,BE-VLG-AN,51.199831,4.4128299,Antwerpen - Koning Albertpark,2026-03-12 08:33,14,6
L58937336,BE,BE-VLG,BE-VLG-AN,51.192354,4.3953184,Antwerpen - Mastvestpark,2026-05-07 18:06,30,6
L10567686,BE,BE-VLG,BE-VLG-AN,51.2407291,4.4012956,Antwerpen - Noordkasteel en Royerssluis,2024-11-16 15:45,55,17
L26826974,BE,BE-VLG,BE-VLG-AN,51.230538,4.4234798,Antwerpen - Park Spoor Noord,2026-06-19 09:49,22,2
L22650433,BE,BE-VLG,BE-VLG-AN,51.2145993,4.4064188,Antwerpen - Plantentuin,2026-04-23 17:31,40,27
L6593228,BE,BE-VLG,BE-VLG-AN,51.2931098,4.3585736,Antwerpen - Rangeerstation - Grote Kreek,2026-09-01 00:00,88,24
L16492129,BE,BE-VLG,BE-VLG-AN,51.1664643,4.3679256,Antwerpen - Schoonselhof,2026-07-05 12:41,46,18
L26826996,BE,BE-VLG,BE-VLG-AN,51.2323474,4.3673413,Antwerpen - Sint-Annabos,2026-03-02 14:16,27,8
L3115079,BE,BE-VLG,BE-VLG-AN,51.2123142,4.4143152,Antwerpen - Stadspark,2026-09-21 10:23,79,110
L28243579,BE,BE-VLG,BE-VLG-AN,51.2010636,4.4527213,Antwerpen - Te Boelaerpark,2026-08-24 16:55,33,43
L28243537,BE,BE-VLG,BE-VLG-AN,51.1940763,4.4285239,Antwerpen - Wolvenberg,2026-07-16 13:41,36,18
L21437714,BE,BE-VLG,BE-VLG-AN,51.2163899,4.4234676,Antwerpen - Zoo,2026-07-21 00:00,38,26
L28243530,BE,BE-VLG,BE-VLG-AN,51.2092264,4.3892031,Antwerpen - Zuidpark,2026-02-11 15:33,19,8
L3168193,BE,BE-VLG,BE-VLG-AN,51.2320319,4.3474102,Antwerpen L.O - Blokkersdijk,2026-09-26 09:14,189,132
L6604419,BE,BE-VLG,BE-VLG-AN,51.2065226,4.3580883,Antwerpen-L.O. - Burchtse Weel,2026-06-01 17:21,92,13
L30441324,BE,BE-VLG,BE-VLG-WV,50.8449165,3.4778391,Anzegem - Hemsrode,2024-04-07 14:30,6,1
L15366294,BE,BE-VLG,BE-VLG-WV,50.8638104,3.4575506,Anzegem-Wortegem - Spitaalbossen,2026-06-13 07:32,54,6
L10913558,BE,BE-VLG,BE-VLG-WV,50.962657,3.2370293,Ardooie - Provinciedomein 't Veld,2026-04-21 09:06,39,3
L19287811,BE,BE-VLG,BE-VLG-AN,51.3248646,5.1115023,Arendonk - Het Goorken,2026-04-09 13:25,42,3
L38721056,BE,BE-VLG,BE-VLG-AN,51.3594798,5.094087,Arendonk - Hoge Vijvers
L67682535,BE,BE-WAL,BE-WAL-LX,49.6817111,5.8056793,Arlon Centre,2026-09-25 13:28,17,4
L42408479,BE,BE-VLG,BE-VLG-LI,50.9789467,5.5700676,As - Olenheiderbos,2026-01-05 12:18,4,1
L2863462,BE,BE-VLG,BE-VLG-OV,50.9227312,3.6552286,Asper - Donk,2024-07-15 18:34,29,4
L3121875,BE,BE-VLG,BE-VLG-OV,50.913803,3.6511087,Asper - Dorp,2026-07-05 16:34,70,23
L3130194,BE,BE-VLG,BE-VLG-OV,50.9158052,3.6701632,Asper - Sluis,2026-08-04 12:01,31,7
L41955750,BE,BE-VLG,BE-VLG-WV,51.199517,3.262953,Assebroek - Gemene weidebeek,2026-06-16 19:56,27,5
L6950848,BE,BE-VLG,BE-VLG-WV,51.185853,3.2757604,Assebroek - Meersen,2026-09-21 17:44,98,54
L5629955,BE,BE-VLG,BE-VLG-OV,51.0438331,3.6688671,Assels (general area),2026-08-30 16:41,100,47
L3545173,BE,BE-VLG,BE-VLG-OV,51.04,3.67,Assels--Assels Zuid,2026-03-14 11:21,79,14
L8666077,BE,BE-VLG,BE-VLG-OV,51.0439509,3.6551461,Assels--Hoge Laken,2025-11-10 13:27,59,9
L13536468,BE,BE-VLG,BE-VLG-OV,51.0461705,3.6723029,Assels--Kaaksmete en Noord,2026-08-30 16:41,51,8
L17497475,BE,BE-VLG,BE-VLG-OV,51.2444232,3.7450893,Assenede - Grote Geul,2025-10-18 14:35,62,7
L14361029,BE,BE-VLG,BE-VLG-OV,51.2582928,3.7777757,Assenede - Grote Kil,2025-08-17 15:35,47,8
L6840989,BE,BE-VLG,BE-VLG-OV,51.2556841,3.7526572,Assenede - Rode Geul,2026-03-10 07:22,96,13
L8010975,BE,BE-VLG,BE-VLG-OV,51.240493,3.7727295,Assenede - Valke,2026-08-14 08:29,90,115
L14360932,BE,BE-VLG,BE-VLG-OV,51.256574,3.7631616,Assenede - Vliet,2026-03-10 08:34,56,3
L38285134,BE,BE-WAL,BE-WAL-HT,50.6606378,3.674235,Ath - Bois d'Assômont
L38285118,BE,BE-WAL,BE-WAL-HT,50.651856,3.6633286,Ath - Bois de Carmoi
L17691230,BE,BE-BRU,,50.8139345,4.429754,Auderghem - Parc du Bergoje,2026-04-19 15:46,44,30
L7577852,BE,BE-VLG,BE-VLG-WV,50.7720763,3.4569812,Avelgem - Scheldemeersen,2023-01-06 16:25,37,3
L5385137,BE,BE-VLG,BE-VLG-VB,51.0389114,4.9807119,Averbode - Bos & heide,2026-07-08 21:00,123,73
L6938191,BE,BE-WAL,BE-WAL-LX,50.2249157,5.2970839,Aye,2024-07-21 12:40,30,3
L28666687,BE,BE-WAL,BE-WAL-LX,50.2262283,5.2596148,Aye - Forêt,2026-07-08 19:48,9,2
L22482238,BE,BE-WAL,BE-WAL-LX,49.7266034,5.2792234,Azi,2025-07-13 10:00,41,0
L74932117,BE,BE-VLG,BE-VLG-WV,51.3413195,3.2284625,Baai van Heist (general area),2026-09-26 08:44,219,616
L3202394,BE,BE-VLG,BE-VLG-WV,51.3425694,3.2297659,Baai van Heist--baai,2026-09-26 07:34,200,287
L12249691,BE,BE-VLG,BE-VLG-WV,51.3401024,3.2277777,Baai van Heist--duindoornstruweel & takkenbossen,2026-09-26 08:32,147,176
L21247478,BE,BE-VLG,BE-VLG-WV,51.3389685,3.2246921,Baai van Heist--strook parking,2026-09-26 08:44,118,138
L3124406,BE,BE-VLG,BE-VLG-OV,50.9248953,3.714838,Baaigemkouter - Beneden,2023-10-15 10:45,46,7
L7363433,BE,BE-VLG,BE-VLG-OV,51.0469131,3.6083651,Baarle - Baarlekouter,2025-07-31 13:39,5,0
L12638595,BE,BE-VLG,BE-VLG-OV,51.0328885,3.6109423,Baarle - Brakelleie,2022-05-25 15:58,4,0
L29253889,BE,BE-VLG,BE-VLG-OV,51.0119303,3.5772921,Bachte-Maria-Leerne Dorp,2025-08-01 15:35,7,2
L24428198,BE,BE-VLG,BE-VLG-AN,51.1712176,5.2394056,Balen - De Most,2026-05-08 19:09,60,6
L40340670,BE,BE-VLG,BE-VLG-AN,51.1803531,5.2383717,Balen - Keiheuvel,2026-05-07 08:46,1,0
L13922096,BE,BE-VLG,BE-VLG-AN,51.152608,5.1816036,Balen - Scheps,2026-06-20 10:17,58,8
L30753473,BE,BE-WAL,BE-WAL-LG,50.3885887,5.8622104,Barrage de Coo,2026-09-19 17:00,29,9
L8208012,BE,BE-WAL,BE-WAL-LG,50.6155717,6.0929243,Barrage de la Vesdre,2026-04-10 18:32,75,16
L53948374,BE,BE-WAL,BE-WAL-LX,50.3266538,5.4993368,Barvaux - Bois du Trou des Nutons,2026-08-20 10:24,35,13
L30753508,BE,BE-WAL,BE-WAL-LX,50.3517663,5.5139331,Barvaux - Domaine de Hotteme,2026-05-24 15:53,34,3
L44961121,BE,BE-WAL,BE-WAL-LX,50.3304154,5.4938122,Barvaux - Hazalles,2026-08-20 11:05,33,11
L56598820,BE,BE-WAL,BE-WAL-LX,50.0099791,5.7391522,Bastogne - Mardasson Memorial,2026-08-07 10:59,16,2
L38284776,BE,BE-WAL,BE-WAL-HT,50.4981068,3.858126,Baudour - Bois du Baudour
L16851722,BE,BE-WAL,BE-WAL-BW,50.7789796,4.7843164,Beauvechain - station de pompage,2025-10-11 07:38,5,0
L44967883,BE,BE-VLG,BE-VLG-WV,51.1415549,3.3091139,Beernem - Gevaerts--Noord,2026-08-03 16:51,27,3
L57116949,BE,BE-VLG,BE-VLG-WV,51.1273665,3.3537451,Beernem - Miseriebocht,2026-06-13 07:00,54,8
L38720907,BE,BE-VLG,BE-VLG-AN,51.3108805,4.8018907,Beerse - Duivelskuil
L38720904,BE,BE-VLG,BE-VLG-AN,51.3208978,4.7976351,Beerse - Eksterheide,2026-03-07 09:30,33,1
L27986849,BE,BE-VLG,BE-VLG-AN,51.33655,4.8107861,Beerse - Het Blak,2026-04-19 08:31,74,9
L43314651,BE,BE-VLG,BE-VLG-OV,51.0591353,3.8482438,Beervelde - Reynardeau
L3974728,BE,BE-VLG,BE-VLG-WV,51.2700511,2.6853204,Belgium North Sea Pelagic - Oostende based,2026-09-16 19:07,76,23
L38320894,BE,BE-VLG,BE-VLG-WV,50.7663679,3.3048932,Bellegem - Bellegembos,2026-06-28 11:23,33,5
L38284902,BE,BE-WAL,BE-WAL-HT,50.5298087,3.7147267,Beloeil - Bois de Beloeil,1988-06-23 00:00,3,0
L3055227,BE,BE-WAL,BE-WAL-LG,50.3600279,6.0921764,Belveau - Wolfsbusch,2024-10-30 11:54,20,1
L8349284,BE,BE-VLG,BE-VLG-OV,51.0917788,3.6779674,Belzele - Ringvaart,2026-04-12 08:48,70,14
L9755419,BE,BE-VLG,BE-VLG-AN,51.0758516,4.4688945,Beneden Netevallei - AWW5 Eeckhoven,2026-05-09 11:38,114,53
L5604890,BE,BE-VLG,BE-VLG-OV,50.7945428,3.5402155,Berchem - Heilbroek,2020-04-22 06:30,51,4
L4906850,BE,BE-VLG,BE-VLG-OV,50.7866346,3.5194123,Berchem - Paddebroek,2025-02-16 13:47,97,23
L11219602,BE,BE-VLG,BE-VLG-OV,50.8042879,3.5249022,Berchem - Scheytput,2026-03-13 13:45,43,8
L38321076,BE,BE-VLG,BE-VLG-AN,51.3458573,4.3037602,Berendrecht - Berendrechtse Dijk,2026-05-11 09:16,12,1
L38321071,BE,BE-VLG,BE-VLG-AN,51.3366376,4.3134813,Berendrecht - Opstalvallei,2025-04-08 15:10,32,1
L9793754,BE,BE-VLG,BE-VLG-LI,51.07546,5.2381919,Beringen - Mijnterril,2026-09-04 10:24,41,4
L38507235,BE,BE-VLG,BE-VLG-LI,51.0559896,5.1592827,Beringen - Paalse Plas,2025-11-04 14:15,16,2
L28690016,BE,BE-VLG,BE-VLG-AN,51.1191926,4.6865757,Berlaar - Kijfbossen & Stapveld,2025-01-12 10:15,18,1
L3177235,BE,BE-VLG,BE-VLG-OV,51.0527255,3.9883375,Berlare - Berlarebroek,2014-11-22 13:00,24,1
L3621351,BE,BE-VLG,BE-VLG-OV,51.0194242,4.0387201,Berlare - Brede schoren,2017-12-08 09:30,47,2
L3202376,BE,BE-VLG,BE-VLG-OV,51.0345936,3.9751196,Berlare - Nieuwdonk,2026-08-09 13:17,93,21
L4398865,BE,BE-VLG,BE-VLG-OV,51.0237704,4.0359521,Berlare - Scheldebroeken - Aubroek,2024-05-29 16:07,32,3
L4398868,BE,BE-VLG,BE-VLG-OV,51.0362938,4.0380549,Berlare - Scheldebroeken - Buitendijkse meersen,2025-05-06 13:21,28,3
L3085642,BE,BE-VLG,BE-VLG-OV,51.0056001,3.9934659,Berlare - Scheldebroeken - Paardeweide-Oost,2026-08-16 19:32,134,49
L3086757,BE,BE-VLG,BE-VLG-OV,51.0094345,3.9770937,Berlare - Scheldebroeken - Paardeweide-West,2025-10-26 12:19,62,7
L19529189,BE,BE-VLG,BE-VLG-LI,50.8373159,5.232228,Bernissem,2026-05-10 13:13,70,5
L39205451,BE,BE-VLG,BE-VLG-VB,50.8826025,4.6386926,Bertem - Bertem bos,2026-03-15 15:38,18,2
L42811691,BE,BE-VLG,BE-VLG-VB,50.8771142,4.6136315,Bertem - Vossenhol,2025-06-18 11:04,13,1
L3730558,BE,BE-WAL,BE-WAL-LX,49.8179946,5.2288485,Bertrix - Forests,2026-01-17 09:48,67,17
L41090004,BE,BE-WAL,BE-WAL-LX,49.8097839,5.2525389,Bertrix - La Maljoyeuse,2026-01-17 15:52,14,1
L38620348,BE,BE-WAL,BE-WAL-LX,49.8388708,5.2431446,Bertrix - Lagunage station,2025-07-23 13:15,21,2
L8402667,BE,BE-WAL,BE-WAL-LX,49.8485877,5.2498987,Bertrix - village,2025-07-26 09:30,54,6
L18324409,BE,BE-VLG,BE-VLG-OV,51.2137794,4.2649055,Beveren - Cortewalle,2026-05-05 13:33,36,6
L7400709,BE,BE-VLG,BE-VLG-WV,50.9449089,2.654829,Beveren-Stavele - IJzervallei,2026-08-02 11:13,135,23
L65658070,BE,BE-VLG,BE-VLG-WV,51.1549917,3.2976265,Beverhoutsveld,2026-05-10 10:17,12,1
L21928021,BE,BE-VLG,BE-VLG-VB,50.8070972,4.7518571,Bierbeek - Mollendaal Plateau,2026-09-26 17:00,54,11
L6036596,BE,BE-VLG,BE-VLG-VB,50.8108161,4.740386,Bierbeek - Mollendaalbos,2026-07-11 07:12,84,38
L13945773,BE,BE-VLG,BE-VLG-LI,50.8414282,5.520441,Bilzen - Alden-Biesen,2025-04-21 10:38,23,1
L38708066,BE,BE-VLG,BE-VLG-LI,50.9107183,5.4837656,Bilzen - Bossen van Schoonbeek
L13142260,BE,BE-VLG,BE-VLG-LI,50.8901395,5.5883352,Bilzen - Domein Hoefaert,2025-12-27 15:05,41,4
L38834166,BE,BE-VLG,BE-VLG-LI,50.8798065,5.5451778,Bilzen - Domeninbos Groenendaal,2026-04-23 15:04,18,1
L26826447,BE,BE-VLG,BE-VLG-LI,50.8618504,5.5154206,Bilzen - Kattenberg,2025-12-28 11:30,39,4
L7871601,BE,BE-VLG,BE-VLG-LI,50.9026069,5.5438763,Bilzen - Munsterbos,2026-06-09 07:33,107,25
L38708374,BE,BE-VLG,BE-VLG-LI,50.8752938,5.5688506,Bilzen - Vallei van de Krombeek,2026-01-24 13:24,6,0
L38834144,BE,BE-VLG,BE-VLG-LI,50.8605002,5.5360854,Bilzen - Wilderpark
L23156159,BE,BE-VLG,BE-VLG-WV,51.31344,3.136133,Blankenberge - Centrum,2025-07-05 20:22,23,4
L4082208,BE,BE-VLG,BE-VLG-WV,51.3132861,3.1105471,Blankenberge - Haven,2025-10-25 02:12,84,25
L7895408,BE,BE-VLG,BE-VLG-WV,51.3122928,3.1438316,Blankenberge - Nieuwe Verkaveling en omgeving,2026-05-04 22:02,43,3
L10277185,BE,BE-VLG,BE-VLG-WV,51.3213194,3.1363821,Blankenberge - Pier,2026-05-27 18:28,47,18
L16910575,BE,BE-VLG,BE-VLG-WV,51.3205282,3.162539,Blankenberge - Provinciedomein Zeebos + Oudemaarspolder,2026-09-27 15:47,119,44
L16914674,BE,BE-VLG,BE-VLG-WV,51.3168244,3.1442607,Blankenberge - Sealife,2026-04-07 20:13,38,9
L4170359,BE,BE-VLG,BE-VLG-WV,51.3214938,3.1456518,Blankenberge - Strand,2026-03-20 15:18,83,21
L5010056,BE,BE-VLG,BE-VLG-WV,51.3116565,3.111282,Blankenberge - Zeereep,2026-09-27 13:18,117,53
L16178646,BE,BE-VLG,BE-VLG-WV,51.3071598,3.0966671,Blankenberge-Wenduine - Zeereep,2026-05-01 05:55,145,24
L13243378,BE,BE-VLG,BE-VLG-LI,51.2590567,5.2888064,Blekerheide,2026-07-05 14:02,39,5
L42408802,BE,BE-VLG,BE-VLG-LI,51.2041741,5.5114991,Bocholt - Dorperheide
L38721092,BE,BE-VLG,BE-VLG-LI,51.2114026,5.5471524,Bocholt - Lozerheide
L38721085,BE,BE-VLG,BE-VLG-LI,51.1520699,5.5515743,Bocholt - Vallei van de Abeek,2026-04-30 08:31,27,1
L56561602,BE,BE-VLG,BE-VLG-AN,51.162278,4.478804,Boechout - Frijthout,2026-08-24 14:31,22,3
L14468412,BE,BE-VLG,BE-VLG-OV,51.2659891,3.727803,Boekhoute - Kapelpolder,2026-05-29 06:29,60,4
L5296857,BE,BE-VLG,BE-VLG-AN,51.2180849,5.0750399,Boeretang - Kanaal,2026-01-15 12:45,52,12
L40736902,BE,BE-WAL,BE-WAL-NA,49.8660858,4.8857745,Bohan - Centre & Semois,2026-09-09 10:10,52,5
L40736854,BE,BE-WAL,BE-WAL-NA,49.8627274,4.8794837,Bohan - La Croix,2025-07-27 19:17,18,2
L30499907,BE,BE-WAL,BE-WAL-NA,50.0073924,4.6288828,Bois de Couvin,2026-09-07 09:22,30,6
L28585663,BE,BE-WAL,BE-WAL-HT,49.9894,4.4177275,Bois de Gonrieux
L11895204,BE,BE-WAL,BE-WAL-LG,50.4633985,5.8716919,Bois de Mambaye,2026-09-01 10:10,39,6
L38284895,BE,BE-WAL,BE-WAL-HT,50.5112629,3.7363989,Bois de Stambruges,2026-09-06 15:23,23,3
L3790159,BE,BE-BRU,,50.7927795,4.4137788,Boitsfort - Cottony Pond + Nature Reserve,2026-06-18 18:07,105,139
L38502949,BE,BE-WAL,BE-WAL-NA,50.6465638,4.9550285,Boneffe - Champs
L41320058,BE,BE-VLG,BE-VLG-AN,51.0284702,4.5197518,Bonheiden - Befferhof,2025-09-23 17:12,21,6
L44184131,BE,BE-VLG,BE-VLG-AN,51.0306257,4.5566578,Bonheiden - Krankhoevebos,2026-06-09 15:58,8,1
L11033678,BE,BE-VLG,BE-VLG-AN,51.0127692,4.5521808,Bonheiden - Mispeldonk,2025-04-30 09:30,48,4
L41320384,BE,BE-VLG,BE-VLG-AN,51.0327123,4.5415409,Bonheiden - Zellaer,2026-06-22 16:08,21,1
L25680398,BE,BE-WAL,BE-WAL-BW,50.6971718,4.7059198,Bonlez - Tumuli de Bonlez,2023-08-31 13:55,2,0
L28690068,BE,BE-VLG,BE-VLG-AN,51.0767659,4.7574562,Booischot - Bruggeneindse Laak,2025-04-11 19:40,8,0
L7872050,BE,BE-VLG,BE-VLG-LI,50.948503,5.7254062,Boorsem - Gravelco,2026-07-19 15:51,66,5
L11449881,BE,BE-VLG,BE-VLG-VB,50.980632,4.581566,Boortmeerbeek - Pikhakendonk,2025-01-10 14:01,31,3
L13582029,BE,BE-WAL,BE-WAL-LG,50.329979,6.1189758,Born - Ravel,2026-08-08 14:46,37,2
L39308103,BE,BE-VLG,BE-VLG-AN,51.1147235,4.2226258,Bornem - Buitenland,2026-05-12 12:26,29,1
L39308145,BE,BE-VLG,BE-VLG-AN,51.0981977,4.205768,Bornem - Het Graafschap
L25680275,BE,BE-VLG,BE-VLG-AN,51.0907504,4.2851863,Bornem - Het Moer,2023-10-24 14:00,8,0
L39308159,BE,BE-VLG,BE-VLG-AN,51.0832653,4.1915001,Bornem - Scheldeschorren Branst
L56598921,BE,BE-VLG,BE-VLG-AN,51.1877595,4.4817705,Borsbeek - Fort 3,2026-09-12 14:41,32,2
L41322083,BE,BE-WAL,BE-WAL-LG,50.3892622,5.3227796,Borsu - Village
L42830118,BE,BE-VLG,BE-VLG-OV,50.764676,3.9332703,Bosberg - Karkoolbos
L42830125,BE,BE-VLG,BE-VLG-OV,50.7727396,3.929566,Bosberg - Moerbekebos
L42830134,BE,BE-VLG,BE-VLG-OV,50.7749761,3.9379063,Bosberg - Raspaillebos,2025-04-19 13:34,5,1
L26636679,BE,BE-WAL,BE-WAL-LX,49.798153,5.0699013,Bouillon - Belvédère et Bois,2026-08-06 11:18,51,12
L22379640,BE,BE-WAL,BE-WAL-LX,49.7938985,5.0667572,Bouillon - Chateau Fort et village,2026-07-18 16:47,72,25
L2504964,BE,BE-VLG,BE-VLG-OV,51.062598,3.6742187,Bourgoyen-Ossemeersen,2026-09-26 19:26,237,1258
L7895453,BE,BE-VLG,BE-VLG-OV,51.0587838,3.6682227,Bourgoyen-Ossemeersen--De afgraving,2026-09-26 13:58,182,189
L13536525,BE,BE-VLG,BE-VLG-OV,51.0551747,3.6764048,Bourgoyen-Ossemeersen--Ossemeersen,2026-07-28 16:12,116,45
L28585709,BE,BE-WAL,BE-WAL-HT,50.0067285,4.3609134,Bourlers - Forêt,2025-06-14 15:55,9,2
L57453381,BE,BE-VLG,BE-VLG-VB,50.8551439,4.8324761,Boutersem - Butselbos
L52941739,BE,BE-WAL,BE-WAL-HT,50.5560999,3.5684555,Braffe - Bassin d'Orage,2026-09-11 13:57,20,1
L55812667,BE,BE-WAL,BE-WAL-BW,50.6863248,4.2472178,Braine-le-Château - Balade Clabecq
L23150843,BE,BE-WAL,BE-WAL-HT,50.6272627,4.1978568,Braine-le-Comte - Bois de la Houssière,2024-07-29 17:55,29,4
L42829568,BE,BE-WAL,BE-WAL-HT,50.6025672,4.1731677,Braine-le-Comte - Bois de la Houssière--sablière
L62074394,BE,BE-WAL,BE-WAL-HT,50.6064879,4.0715179,Braine-le-Comte - Scaubecq,2026-04-23 10:31,40,3
L2853633,BE,BE-VLG,BE-VLG-OV,50.8048499,3.7070918,Brakel - Burreken,2026-07-18 06:02,65,23
L4216337,BE,BE-VLG,BE-VLG-AN,51.3494316,4.4986224,Brasschaat - Klein Schietveld,2026-07-26 09:20,100,40
L19302328,BE,BE-VLG,BE-VLG-AN,51.3133532,4.5368385,Brasschaat - Mikhof,2026-02-09 10:50,49,8
L41972443,BE,BE-VLG,BE-VLG-AN,51.2872468,4.5006271,Brasschaat - Park & Camperplaats,2025-03-30 09:00,16,1
L17547105,BE,BE-VLG,BE-VLG-AN,51.3138494,4.6281195,Brecht - Brechtse Heide,2026-06-12 13:10,22,1
L6226995,BE,BE-VLG,BE-VLG-AN,51.3565608,4.5786595,Brecht - Groot Schietveld,2026-09-27 12:17,152,38
L38720896,BE,BE-VLG,BE-VLG-AN,51.3315092,4.6528177,Brecht - Kooldries,2026-03-22 14:43,59,7
L16178786,BE,BE-VLG,BE-VLG-WV,51.2241938,2.9786253,Bredene - Blauwe Sluis,2025-03-14 16:08,14,3
L53662699,BE,BE-VLG,BE-VLG-WV,51.2431666,2.9443644,Bredene - Duinbrug,2026-03-09 18:45,28,1
L16262677,BE,BE-VLG,BE-VLG-WV,51.2117297,2.9867358,Bredene - Gipsberg,2026-07-04 09:45,4,0
L27481270,BE,BE-VLG,BE-VLG-WV,51.2537074,2.9781582,Bredene - Park Paelsteenveld,2026-08-29 16:37,23,2
L12450511,BE,BE-VLG,BE-VLG-WV,51.2507825,2.9631007,Bredene - Strand,2026-08-12 20:11,75,14
L16894898,BE,BE-VLG,BE-VLG-WV,51.2335528,2.9513605,Bredene - Vicognebos,2026-05-02 19:32,71,9
L12725012,BE,BE-VLG,BE-VLG-WV,51.2392261,2.9634115,Bredene - Vicognepark,2026-01-13 11:14,45,15
L3297925,BE,BE-VLG,BE-VLG-WV,51.2334937,2.9563093,Bredene - Vicogneweiden,2026-09-03 18:31,54,13
L16880421,BE,BE-VLG,BE-VLG-WV,51.2506017,2.9956567,Bredene - d'Heye,2026-04-02 15:03,74,25
L12450592,BE,BE-VLG,BE-VLG-WV,51.2649269,2.9951371,Bredene/De Haan - Strand,2026-08-19 14:41,66,16
L57561170,BE,BE-VLG,BE-VLG-LI,51.179881,5.6556845,Bree - De Luysen,2026-08-22 18:53,89,11
L9149191,BE,BE-VLG,BE-VLG-LI,51.1823906,5.6589456,Bree - Kempens Broek,2025-12-28 11:41,116,28
L38708175,BE,BE-VLG,BE-VLG-LI,50.7742087,5.3387942,Broekom - Sassenbroek
L26733085,BE,BE-BRU,,50.8512292,4.3190408,Brucelles - Parc Marie José
L7520239,BE,BE-WAL,BE-WAL-HT,50.585042,3.887741,Brugelette - Pairi Daiza,2026-09-02 08:00,77,40
L44243615,BE,BE-VLG,BE-VLG-WV,51.1918143,3.2395952,Brugge -  Begraafplaats,2025-09-19 18:48,18,3
L18919163,BE,BE-VLG,BE-VLG-WV,51.2052332,3.225646,Brugge - Arentshof,2026-09-15 17:43,78,88
L26735154,BE,BE-VLG,BE-VLG-WV,51.2208842,3.2229296,Brugge - Baron Ruzettepark,2026-07-07 12:45,37,4
L17010788,BE,BE-VLG,BE-VLG-WV,51.2557321,3.1966287,Brugge - Blauwe Toren,2026-09-16 10:50,37,3
L44243045,BE,BE-VLG,BE-VLG-WV,51.2018975,3.2080415,Brugge - Edgard de Smedtplantsoen,2026-06-11 10:35,15,2
L16762876,BE,BE-VLG,BE-VLG-WV,51.2114981,3.2122202,Brugge - Graaf Visartpark,2026-08-06 06:08,43,15
L39622110,BE,BE-VLG,BE-VLG-WV,51.1964698,3.2287997,Brugge - Katelijnepark,2026-09-04 16:34,38,10
L7498463,BE,BE-VLG,BE-VLG-WV,51.206217,3.231433,Brugge - Koningin Astridpark,2026-09-24 18:45,62,96
L55538100,BE,BE-VLG,BE-VLG-WV,51.217081,3.2371326,Brugge - Kruisvest,2026-09-18 09:41,35,17
L7502043,BE,BE-VLG,BE-VLG-WV,51.199148,3.217668,Brugge - Park near train station,2026-09-01 11:02,60,34
L17010790,BE,BE-VLG,BE-VLG-WV,51.2614078,3.1789039,Brugge - Put Polderwind,2026-04-02 13:33,85,59
L44242162,BE,BE-VLG,BE-VLG-WV,51.1875903,3.2074047,Brugge - Rode Bank Park,2026-06-11 09:28,18,3
L38861748,BE,BE-VLG,BE-VLG-WV,51.1662994,3.1417101,Brugge - SInt-Andriesveld,2026-06-16 17:40,4,1
L16835250,BE,BE-VLG,BE-VLG-WV,51.2091567,3.2178862,Brugge - Sebrechtspark,2026-08-02 13:26,44,20
L55277587,BE,BE-VLG,BE-VLG-WV,51.220613,3.2080246,Brugge - Sint-Pieters,2026-09-26 08:31,14,5
L4384430,BE,BE-VLG,BE-VLG-WV,51.2319083,3.1934381,Brugge - Sint-Pietersplas,2026-04-25 06:41,71,26
L3629781,BE,BE-VLG,BE-VLG-WV,51.2182121,3.1934595,Brugge - Waggelwaterbos/Steenkaai,2026-05-28 14:53,59,12
L15860774,BE,BE-VLG,BE-VLG-WV,51.2070596,3.2228398,Brugge City - general area (be more specific),2026-09-26 12:52,107,191
L6841039,BE,BE-VLG,BE-VLG-OV,51.093227,3.5461378,Brugsevaart  Hansbeke - Merendree,2025-04-06 11:20,75,8
L6868953,BE,BE-VLG,BE-VLG-OV,51.0930652,3.5127282,Brugsevaart Bellem - Hansbeke,2023-05-27 13:38,35,4
L38285018,BE,BE-WAL,BE-WAL-HT,50.5166918,3.3617961,Brunehaut - Bois d'Howardries,2025-03-10 12:50,11,1
L38285025,BE,BE-WAL,BE-WAL-HT,50.5199506,3.3320312,Brunehaut - Bois de Flines
L3742563,BE,BE-BRU,,50.8532628,4.2894316,Brussel - Parc du Scheutbos,2026-02-10 09:18,43,10
L41689479,BE,BE-BRU,,50.8496042,4.3521969,Brussels - City Center (please use more specific hotspot if possible),2026-09-02 15:09,33,13
L2418489,BE,BE-BRU,,50.8241126,4.3729019,Brussels - Etang d'Ixelles,2026-09-06 19:00,63,88
L32481692,BE,BE-BRU,,50.8881472,4.3975596,Brussels - Gare de Formation - Schaerbeek,2026-09-17 14:39,33,3
L1232399,BE,BE-VLG,BE-VLG-VB,50.9043319,4.4863701,Brussels - International Airport,2026-09-19 09:12,51,143
L3101509,BE,BE-BRU,,50.84069,4.3915701,Brussels - Parc du Cinquantenaire/Jubelpark,2026-08-31 10:33,64,134
L932758,BE,BE-BRU,,50.8061517,4.3782234,Bruxelles - Bois de la Cambre/Terkamerenbos,2026-09-17 08:11,86,105
L17212478,BE,BE-BRU,,50.8840147,4.3813405,Bruxelles - Canal et Quai Leon Monnoyer,2026-09-26 19:02,22,8
L18121539,BE,BE-BRU,,50.8478534,4.3588794,Bruxelles - Cathédral,2026-07-24 20:40,56,36
L16237801,BE,BE-BRU,,50.8643695,4.4171906,Bruxelles - Cimetiere,2026-07-12 09:35,25,9
L36706770,BE,BE-BRU,,50.8846654,4.3630194,Bruxelles - Domaine Royal de Laeken,2025-09-01 14:44,62,17
L13891846,BE,BE-BRU,,50.8356125,4.3362188,Bruxelles - Gare du Midi/Zuid Station,2026-09-02 16:41,25,30
L12613127,BE,BE-BRU,,50.860867,4.3576707,Bruxelles - Gare du Nord/Noord Station,2026-04-30 19:04,40,33
L26512589,BE,BE-BRU,,50.8465839,4.3518731,Bruxelles - Grand-Place,2026-09-06 12:08,43,47
L11709282,BE,BE-VLG,BE-VLG-VB,50.8534,4.44608,Bruxelles - Hof Ter Musschen/Moulin à vent,2026-09-18 08:43,37,13
L8823501,BE,BE-BRU,,50.855057,4.3618756,Bruxelles - Jardin Botanique,2026-09-24 12:32,62,99
L13230993,BE,BE-BRU,,50.8177848,4.3750048,Bruxelles - Jardin de l'Abbaye de la Cambre,2026-09-27 12:15,48,19
L26733463,BE,BE-BRU,,50.8215823,4.3714168,Bruxelles - Jardin du Roi,2026-04-26 10:38,23,5
L26733487,BE,BE-BRU,,50.8344566,4.3859482,Bruxelles - Jean-Félix Happark,2026-09-05 11:18,36,8
L26733474,BE,BE-BRU,,50.8262097,4.3813924,Bruxelles - Koning Albert II park,2026-04-16 11:00,1,0
L26733479,BE,BE-BRU,,50.8283125,4.3829415,Bruxelles - Leopoldstadspark
L58177714,BE,BE-BRU,,50.8256335,4.3258238,Bruxelles - Marais Wiels,2026-08-08 11:26,18,2
L7514006,BE,BE-BRU,,50.894023,4.338907,Bruxelles - Mini-Europe,2026-08-07 16:05,34,19
L56599384,BE,BE-BRU,,50.8412672,4.3613852,Bruxelles - Palais Royal,2026-08-28 12:20,4,1
L61381924,BE,BE-BRU,,50.8656426,4.3922889,Bruxelles - Parc Albert,2026-04-11 11:57,6,1
L8171565,BE,BE-BRU,,50.82304,4.4318911,Bruxelles - Parc Domaine du Val Duchesse,2026-07-28 11:00,62,21
L16829898,BE,BE-BRU,,50.8164008,4.3302511,Bruxelles - Parc Duden,2026-05-05 13:16,33,19
L18282880,BE,BE-BRU,,50.8268432,4.3610352,Bruxelles - Parc Faider,2026-05-04 15:46,15,1
L56599543,BE,BE-BRU,,50.8460538,4.3448997,Bruxelles - Parc Fontainas,2026-08-31 11:07,10,4
L7862285,BE,BE-BRU,,50.8610837,4.3883153,Bruxelles - Parc Josaphat,2026-07-31 14:43,56,41
L18257889,BE,BE-BRU,,50.8267233,4.3609633,Bruxelles - Parc Ten Bosch,2026-08-30 13:16,7,3
L12590502,BE,BE-BRU,,50.8198575,4.3650791,Bruxelles - Parc Tenbosch,2026-09-05 07:32,35,22
L56599524,BE,BE-BRU,,50.8379071,4.3564062,Bruxelles - Parc d'Egmont,2026-09-23 15:46,17,2
L16829894,BE,BE-BRU,,50.8228585,4.3371755,Bruxelles - Parc de Forest,2026-03-21 11:31,32,16
L56599577,BE,BE-BRU,,50.8452104,4.3373102,Bruxelles - Parc de La Roseé
L10651246,BE,BE-BRU,,50.833274,4.343361,Bruxelles - Parc de la Porte de Hal,2026-09-07 11:00,33,23
L29012273,BE,BE-BRU,,50.8430143,4.3819741,Bruxelles - Parc du Cinquantenaire,2026-05-06 07:45,24,9
L18257884,BE,BE-BRU,,50.8197992,4.3529083,Bruxelles - Parc l'Abbe Froidure,2023-04-14 08:00,12,0
L26733516,BE,BE-BRU,,50.8289351,4.3482061,Bruxelles - Pieter Paulus park,2026-07-02 17:55,10,1
L56599565,BE,BE-BRU,,50.8550383,4.3469254,Bruxelles - Quai a la Houille,2026-09-11 10:54,9,2
L29177830,BE,BE-BRU,,50.8116038,4.4092023,Bruxelles - Reigerbospark,2024-06-15 12:08,23,3
L4465366,BE,BE-BRU,,50.8520906,4.3352222,Bruxelles - Sint-Jans Molenbeek,2025-06-11 07:01,21,4
L18875042,BE,BE-BRU,,50.8468278,4.3833196,Bruxelles - Square Ambiorix,2026-01-29 09:00,33,11
L3660929,BE,BE-BRU,,50.8468684,4.378202,Bruxelles - Square Marie-Louise,2026-09-18 16:20,49,75
L56599081,BE,BE-BRU,,50.8398877,4.3693206,Bruxelles - Square de Meeus,2026-08-13 12:47,8,5
L57767737,BE,BE-BRU,,50.845109,4.355643,Bruxelles - Square de la putterie,2026-07-17 17:10,12,4
L7411565,BE,BE-BRU,,50.8654259,4.3501568,Bruxelles - Tour & Taxis,2026-04-01 17:00,52,73
L26733500,BE,BE-BRU,,50.8222144,4.3944373,Bruxelles - VUB campus,2026-05-26 13:18,41,7
L57453143,BE,BE-BRU,,50.9011113,4.3905401,Bruxelles - Val du Bois de Béguines,2026-09-08 11:49,14,2
L2990244,BE,BE-WAL,BE-WAL-LG,50.3673647,6.3070965,Buchholz,2015-07-11 12:35,27,1
L25680220,BE,BE-VLG,BE-VLG-OV,51.0014486,4.2209491,Buggenhout - Buggenhoutbos,2026-09-04 22:01,39,8
L57235809,BE,BE-VLG,BE-VLG-VB,50.7387393,4.2580243,Buizingen - Beukenbos
L57235814,BE,BE-VLG,BE-VLG-VB,50.7387185,4.2467193,Buizingen - Park,2024-10-22 00:00,1,0
L2987936,BE,BE-WAL,BE-WAL-LG,50.4154093,6.3505268,Bullingen - Forrest,2026-04-14 09:34,46,4
L2987947,BE,BE-WAL,BE-WAL-LG,50.4570669,6.3292408,Bullingen - Vallée de l'Olef,2024-03-30 14:19,36,3
L2987933,BE,BE-WAL,BE-WAL-LG,50.409256,6.3321805,Bullingen - Vallée de la Holzwarche,2026-06-07 10:07,76,28
L4345646,BE,BE-VLG,BE-VLG-WV,51.1111743,3.3071852,Bulskampveld,2026-06-14 12:11,82,44
L38502958,BE,BE-WAL,BE-WAL-LG,50.5994979,5.0855057,Burdinne - Champs,2026-07-01 16:01,24,4
L6794868,BE,BE-VLG,BE-VLG-WV,51.1834029,3.2237854,Burgge - Park St Jozef,2026-02-07 17:08,15,1
L30753530,BE,BE-WAL,BE-WAL-LX,50.2779063,5.981549,Burtonville - Grand Bois,2026-07-29 09:40,31,2
L9815527,BE,BE-WAL,BE-WAL-LX,49.645726,5.5950957,Buzenol - village,2024-05-28 11:42,26,1
L2987945,BE,BE-WAL,BE-WAL-LG,50.4267294,6.2052369,Bütchenbach - Centre,2026-06-05 16:52,29,11
L2990259,BE,BE-WAL,BE-WAL-LG,50.4296273,6.2147427,Bütgenbach - Lake,2025-11-11 13:33,54,10
L3055209,BE,BE-WAL,BE-WAL-LG,50.4233391,6.2309217,Bütgenbach - Plättscheid,2025-10-03 18:01,42,7
L7520194,BE,BE-WAL,BE-WAL-HT,50.588788,3.877102,Cambron-Casteau,2026-08-06 11:54,23,4
L13536451,BE,BE-WAL,BE-WAL-LX,49.649634,5.722416,Camp militaire de Lagland,2006-06-07 00:00,8,1
L22651438,BE,BE-VLG,BE-VLG-AN,51.2624915,5.1410658,Campinastrand,2026-01-31 14:45,8,0
L11371356,BE,BE-WAL,BE-WAL-BW,50.6912761,4.2194219,Canal Bruxelles-Charleroi - tronçon de Oisquercq,2026-06-05 11:56,27,1
L77250507,BE,BE-WAL,BE-WAL-LG,50.4457354,6.0559834,Carrière de Warche
L54771665,BE,BE-WAL,BE-WAL-HT,50.5361969,4.0244649,Casteau - Bois de la Haie-le-Comte,2026-04-19 20:54,25,2
L13542303,BE,BE-WAL,BE-WAL-NA,50.1660737,4.4284339,Cerfontaine - Carrière,2024-06-25 09:32,21,1
L30071967,BE,BE-WAL,BE-WAL-LX,49.6540535,5.6509613,Chantemelle - Marais,2026-05-25 07:59,40,7
L15842604,BE,BE-WAL,BE-WAL-HT,50.4702754,4.4741714,Charleroi - Airport,2026-09-23 11:10,32,20
L55812622,BE,BE-WAL,BE-WAL-HT,50.3616113,4.4514007,Charleroi - Bois du Prince,2025-04-15 20:55,1,0
L38314935,BE,BE-WAL,BE-WAL-HT,50.409715,4.447875,Charleroi - Parc Reine Astrid,2025-09-02 15:03,9,1
L38149241,BE,BE-WAL,BE-WAL-HT,50.4262626,4.4335939,Charleroi - Terril Sacré-Français
L38149248,BE,BE-WAL,BE-WAL-HT,50.4505569,4.409337,Charleroi - Terril Saint-Louis
L38149222,BE,BE-WAL,BE-WAL-HT,50.4122938,4.4721657,Charleroi - Terril de l'Épine
L38149233,BE,BE-WAL,BE-WAL-HT,50.4160386,4.4342413,Charleroi - Terril des Piges
L15881956,BE,BE-WAL,BE-WAL-HT,50.4047516,4.4386341,Charleroi - Train Station,2025-09-02 15:00,24,7
L26687892,BE,BE-WAL,BE-WAL-LX,49.7090461,5.2628747,Chassepierre - Centre,2026-06-13 17:29,84,4
L41669403,BE,BE-WAL,BE-WAL-LG,50.5914374,5.6488454,Chaudfontaine - Bois de la Rochette,2019-06-10 07:00,28,1
L30342890,BE,BE-WAL,BE-WAL-BW,50.7081247,4.7176895,Chaumont-Gistoux - Bois De Bonlez,2026-06-01 09:34,89,29
L29089740,BE,BE-WAL,BE-WAL-BW,50.6861882,4.7045954,Chaumont-Gistoux - Réserve Domaniale du Ronvau,2026-02-06 14:11,48,10
L22947029,BE,BE-WAL,BE-WAL-BW,50.686501,4.726529,Chaumont-Gistoux - Sablière de Champtaine,2026-03-23 18:55,48,16
L17966859,BE,BE-WAL,BE-WAL-LG,50.4142864,5.7586056,Chession - Bois de Mahoster,2022-03-02 17:14,37,7
L28666720,BE,BE-WAL,BE-WAL-NA,50.2292991,5.1325818,Chevetogne - Domaine provencial,2026-09-19 11:46,40,4
L10804351,BE,BE-WAL,BE-WAL-HT,50.0766101,4.3299271,Chimay - Forêt Dominiale de Rance,2023-05-13 15:13,34,3
L21426550,BE,BE-WAL,BE-WAL-LX,49.7225689,5.3927576,Chiny - Les Aisances de Moyen,2026-03-28 13:50,50,3
L72790705,BE,BE-WAL,BE-WAL-HT,50.4642926,4.0384828,Château d'Havré,2026-07-07 20:30,6,0
L66295793,BE,BE-WAL,BE-WAL-LX,49.6396618,5.6870096,Châtillon - Sablière,2026-08-16 11:26,41,7
L5839105,BE,BE-WAL,BE-WAL-NA,50.2803034,5.0955199,Ciney - Bois des Cresses,2017-05-14 18:54,13,2
L5839296,BE,BE-WAL,BE-WAL-NA,50.2896078,5.0945677,Ciney - Parc Saint-Roch,2026-09-06 11:12,28,5
L72713560,BE,BE-WAL,BE-WAL-HT,50.5543902,3.4373417,Coupure Parent,2026-07-07 08:15,23,1
L72356053,BE,BE-WAL,BE-WAL-HT,50.5408185,3.4370597,Coupure d'Hollain,2026-07-04 08:45,21,1
L51785391,BE,BE-WAL,BE-WAL-NA,50.4706,5.0994,Coutisse - Bois d'Heer,2025-08-08 14:45,1,0
L28585729,BE,BE-WAL,BE-WAL-NA,50.0239949,4.5358578,Couvin - Barrage du Ri de Rome,2026-04-02 14:41,26,2
L24044853,BE,BE-WAL,BE-WAL-NA,50.060092,4.496002,Couvin - Domaine Saint Roch,2026-06-29 15:51,22,3
L41454292,BE,BE-WAL,BE-WAL-NA,50.0766719,4.4203699,Couvin - La Prée,2026-07-15 10:23,60,4
L7895440,BE,BE-VLG,BE-VLG-LI,50.897,5.693,Dal van de Grensmaas - Kleizone,2026-09-26 08:27,106,14
L45037372,BE,BE-VLG,BE-VLG-WV,51.2656452,3.2970871,Damme - De Siphon,2026-08-03 08:10,37,4
L9656403,BE,BE-VLG,BE-VLG-WV,51.2512422,3.2816856,Damme - Dorp,2026-07-18 00:00,97,49
L29839954,BE,BE-VLG,BE-VLG-WV,51.2597874,3.2804701,Damme - Weiden Bowling,2025-12-28 15:31,75,13
L5901451,BE,BE-VLG,BE-VLG-OV,51.0222344,3.568083,Damstraat Vosselare tot Leerne,2026-09-25 18:27,36,7
L28666768,BE,BE-WAL,BE-WAL-LX,50.0252482,5.0202762,Daverdisse - Forêt
L9906652,BE,BE-WAL,BE-WAL-LX,50.0042986,5.1285087,Daverdisse/Lesse - Lesse,2026-09-16 14:27,60,26
L3020088,BE,BE-VLG,BE-VLG-WV,50.9838836,2.8589773,De Blankaart (general area; use more precise location),2026-09-19 13:54,212,504
L10994384,BE,BE-VLG,BE-VLG-WV,50.9948281,2.8369844,De Blankaart--IJzerbroeken,2026-02-25 09:30,140,30
L2658814,BE,BE-VLG,BE-VLG-WV,50.9834729,2.8703928,De Blankaart--Kasteelpark,2026-09-12 08:56,130,69
L10994260,BE,BE-VLG,BE-VLG-WV,50.9845516,2.8620098,De Blankaart--Kijkhut Blankaart 2,2026-08-23 06:39,130,49
L10110607,BE,BE-VLG,BE-VLG-WV,50.9901913,2.85118,De Blankaart--Rillebroeken,2026-08-02 06:29,154,94
L3020083,BE,BE-VLG,BE-VLG-WV,50.9881521,2.829752,De Blankaart--Spaarbekken,2025-12-28 11:00,139,48
L43975564,BE,BE-VLG,BE-VLG-WV,50.986364,2.846995,De Blankaart--‘t Madeliefje,2026-05-03 19:05,72,6
L21418758,BE,BE-VLG,BE-VLG-AN,51.33828,5.0393772,De Brakeleer,2026-09-26 07:17,138,26
L67831763,BE,BE-VLG,BE-VLG-WV,51.3241768,3.1633682,De Fonteintjes (general area),2026-09-26 19:12,252,508
L3232401,BE,BE-VLG,BE-VLG-WV,51.3257848,3.1695986,De Fonteintjes--Oost,2026-09-26 19:12,250,460
L12578512,BE,BE-VLG,BE-VLG-WV,51.3223163,3.1561905,De Fonteintjes--West,2026-07-17 11:17,134,38
L6035063,BE,BE-VLG,BE-VLG-WV,50.8407984,3.3173132,De Gavers,2026-09-26 07:07,254,304
L37685191,BE,BE-VLG,BE-VLG-WV,51.2705713,3.0145329,De Haan - De Kijkuit,2026-08-11 12:04,120,34
L16262870,BE,BE-VLG,BE-VLG-WV,51.282176,3.0409592,De Haan - Duinbossen,2025-05-21 08:45,48,6
L8010960,BE,BE-VLG,BE-VLG-WV,51.2842202,3.0520974,De Haan - Duinbossen,2025-05-24 14:45,60,11
L12244254,BE,BE-VLG,BE-VLG-WV,51.2604803,2.9901571,De Haan - Paelsteenpanne - Spanjaardduin,2026-09-27 08:22,160,58
L13279833,BE,BE-VLG,BE-VLG-WV,51.2493988,3.0395222,De Haan - Poldergraslanden,2025-12-28 08:56,62,16
L8142566,BE,BE-VLG,BE-VLG-WV,51.274848,3.0216785,De Haan - Strand,2026-08-28 16:09,53,10
L53644254,BE,BE-VLG,BE-VLG-WV,51.2654954,3.0015803,De Haan - Vuurtoren Vosseslag,2025-10-05 11:13,9,1
L27616317,BE,BE-VLG,BE-VLG-WV,51.2293116,3.0428506,De Haan - Weiden Noordede,2026-09-24 07:42,81,28
L12450598,BE,BE-VLG,BE-VLG-WV,51.289679,3.0539848,De Haan/Wenduine - Strand,2025-04-06 00:00,49,6
L12849835,BE,BE-VLG,BE-VLG-AN,51.3278522,5.0331673,De Korhaan en Hoge Mierdse Heide,2024-12-23 16:11,46,9
L4216342,BE,BE-VLG,BE-VLG-AN,51.2994425,4.3450499,De Kuifeend,2026-09-21 17:11,139,85
L2709508,BE,BE-VLG,BE-VLG-AN,51.3371003,5.0088429,De Liereman,2026-09-26 07:17,168,128
L2709489,BE,BE-VLG,BE-VLG-AN,51.3346605,5.0012469,De Liereman--Echelkuil,2026-07-25 06:32,96,15
L12300808,BE,BE-VLG,BE-VLG-AN,51.2361832,5.1911484,De Maat,2026-07-03 18:20,93,36
L42746539,BE,BE-VLG,BE-VLG-LI,50.9502387,5.4509191,"De Maten--(general, consider using a more specific location)",2026-08-25 17:49,211,82
L4619451,BE,BE-VLG,BE-VLG-LI,50.9409655,5.4368663,De Maten--Augustijnenvijver,2026-08-25 17:49,140,28
L4619391,BE,BE-VLG,BE-VLG-LI,50.9527047,5.4572475,De Maten--Centraal,2026-06-21 15:53,179,16
L7871583,BE,BE-VLG,BE-VLG-LI,50.9597396,5.4680354,De Maten--Oost,2026-07-21 09:36,120,12
L4619369,BE,BE-VLG,BE-VLG-LI,50.9451095,5.4509747,De Maten--Waterzuivering,2025-08-01 08:28,73,2
L4620983,BE,BE-VLG,BE-VLG-LI,50.9440391,5.4363799,De Maten--West,2026-04-03 13:38,158,10
L6506781,BE,BE-VLG,BE-VLG-WV,51.1078468,2.6002836,De Panne - Duinen Strandpark,2026-04-12 10:24,39,8
L27180096,BE,BE-VLG,BE-VLG-WV,51.1026039,2.6041834,De Panne - Houtsaegersduinen,2026-06-18 07:10,19,2
L6755541,BE,BE-VLG,BE-VLG-WV,51.0914211,2.5987387,De Panne - Oosthoekduinen,2026-06-12 13:55,84,13
L11516944,BE,BE-VLG,BE-VLG-WV,51.2151308,3.0384899,De Schorreweide,2026-09-21 08:26,139,119
L2599344,BE,BE-VLG,BE-VLG-WV,51.0858412,2.5635052,De Westhoek (general),2026-09-12 11:06,176,75
L75730898,BE,BE-VLG,BE-VLG-WV,51.0869071,2.5875988,De Westhoek--Krakeelduinen
L2599347,BE,BE-VLG,BE-VLG-WV,51.094359,2.5599003,De Westhoek--Strand en Noordzee,2026-09-12 11:06,110,24
L4022320,BE,BE-VLG,BE-VLG-WV,51.1034411,2.582227,De Witte Berg Seawatch Point,2026-09-19 12:42,118,61
L3905730,BE,BE-VLG,BE-VLG-WV,51.2001639,2.9967481,De Zwaanhoek,2026-09-20 19:40,137,47
L1842817,BE,BE-WAL,BE-WAL-LG,50.6693383,5.2054958,Decanteurs Hollogne-sur-Geer,2026-08-26 09:56,147,100
L6696200,BE,BE-VLG,BE-VLG-OV,50.9801821,3.5159469,Deinze - Brielmeersen,2026-04-22 13:08,52,11
L2511024,BE,BE-VLG,BE-VLG-OV,50.9564804,3.5327697,Deinze - De souverein,2026-03-14 10:05,53,13
L2511022,BE,BE-VLG,BE-VLG-OV,50.9813169,3.5122991,Deinze - Noorderwal,2026-04-06 19:48,58,13
L39496642,BE,BE-VLG,BE-VLG-OV,50.9741588,3.4747093,Deinze - Oude leie--Grammene (Koffiebeekstraat),2025-01-17 11:27,1,0
L8184413,BE,BE-VLG,BE-VLG-OV,50.9732862,3.5559724,Deinze - Stadsbos,2026-04-16 20:09,21,2
L7724247,BE,BE-VLG,BE-VLG-OV,50.9992807,3.5161185,Deinze - Vallei van de Zeverenbeek,2024-02-03 10:18,28,3
L22651496,BE,BE-VLG,BE-VLG-AN,51.2409317,5.1961188,Den Diel,2024-06-02 13:13,28,3
L18027411,BE,BE-VLG,BE-VLG-OV,50.8768262,4.0816178,Denderleeuw - Dendermeersen,2023-11-04 12:02,42,4
L17195314,BE,BE-VLG,BE-VLG-OV,51.0252641,4.0949065,Dendermonde - Brusselse Forten,2026-07-09 05:05,38,7
L5920268,BE,BE-VLG,BE-VLG-OV,51.0495961,4.1400862,Dendermonde - Vlassenbroek,2026-05-31 20:02,60,11
L15979475,BE,BE-VLG,BE-VLG-WV,50.9397912,3.3862761,Dentergem - Baliekouter,2026-08-22 16:44,35,9
L19239521,BE,BE-VLG,BE-VLG-WV,50.9763395,3.3782928,Dentergem - Meikensbossen,2026-05-30 08:13,50,4
L13302104,BE,BE-VLG,BE-VLG-OV,51.0581266,3.7724747,Destelbergen - Admiraalpark,2025-12-23 15:39,31,3
L41020749,BE,BE-VLG,BE-VLG-OV,51.0447701,3.8047495,Destelbergen - Damslootmeer
L2408172,BE,BE-VLG,BE-VLG-OV,51.053319,3.808136,Destelbergen - Damvallei--Damvalleimeer,2026-07-24 11:52,87,36
L21671372,BE,BE-VLG,BE-VLG-OV,51.0556595,3.8316776,Destelbergen - Damvallei--De Bochten,2026-01-17 15:28,57,4
L41010986,BE,BE-VLG,BE-VLG-OV,51.0474488,3.8269517,Destelbergen - Damvallei--De Houw,2026-03-31 17:55,47,7
L27867663,BE,BE-VLG,BE-VLG-OV,51.0100561,3.7980392,Destelbergen - Kalverbos,2026-01-25 14:40,22,2
L13308148,BE,BE-VLG,BE-VLG-OV,51.0537917,3.7980598,Destelbergen - Reinaartpark,2026-04-04 10:58,12,2
L13491925,BE,BE-VLG,BE-VLG-OV,51.052408,3.7783259,Destelbergen - Scheldemeer,2026-02-15 15:50,50,4
L16965931,BE,BE-VLG,BE-VLG-OV,51.1278862,3.7984666,Desteldonk - Blusput,2026-04-12 12:26,47,37
L21608886,BE,BE-VLG,BE-VLG-OV,51.1180861,3.765654,Desteldonk - Ethylvlakte,2026-01-02 16:06,9,1
L12244335,BE,BE-VLG,BE-VLG-OV,51.1242615,3.7885918,Desteldonk - Mendonk,2026-04-12 12:35,84,43
L21439761,BE,BE-VLG,BE-VLG-AN,51.198624,4.4636648,Deurne - Boekenbergpark,2026-09-25 11:11,43,16
L23144461,BE,BE-VLG,BE-VLG-AN,51.2264471,4.4866065,Deurne - Ertbruggebos,2026-02-22 09:46,58,5
L16262250,BE,BE-VLG,BE-VLG-AN,51.2158949,4.4658767,Deurne - Rivierenhof,2026-09-25 13:00,66,67
L38507284,BE,BE-VLG,BE-VLG-VB,51.0160381,5.0610475,Diest - Asdonk
L22347881,BE,BE-VLG,BE-VLG-VB,50.9676926,5.0052028,Diest - Kaggevinne,2023-01-17 13:15,27,1
L38507321,BE,BE-VLG,BE-VLG-VB,51.0017304,4.999773,Diest - Molenstedebroek,2026-06-14 14:04,6,1
L38507266,BE,BE-VLG,BE-VLG-VB,51.0359526,5.118292,Diest - Vallei van de 3 beken,2025-02-02 13:20,13,1
L8635273,BE,BE-VLG,BE-VLG-VB,50.9693925,5.0764699,Diest - Webbekoms broek,2026-07-09 07:40,121,33
L28538679,BE,BE-VLG,BE-VLG-WV,50.8191325,2.8433629,Dikkebus - Dikkebusvijver,2024-11-03 08:17,43,2
L12658598,BE,BE-VLG,BE-VLG-OV,50.9193139,3.6815492,Dikkelvenne,2025-10-18 09:11,56,2
L42812020,BE,BE-VLG,BE-VLG-VB,50.845798,4.2293222,Dilbeek - Begijnenborrebos
L42811960,BE,BE-VLG,BE-VLG-VB,50.8566808,4.279908,Dilbeek - Thaborberg,2026-09-19 07:30,36,1
L5718986,BE,BE-VLG,BE-VLG-LI,51.0325425,5.7470942,Dilsem - Koeweide,2025-07-03 08:38,40,4
L5718962,BE,BE-VLG,BE-VLG-LI,51.0390733,5.7463217,Dilsem - Maasweerden,2026-06-15 10:16,83,6
L42408631,BE,BE-VLG,BE-VLG-LI,51.0350622,5.6879741,Dilsen - Schotsheide
L42408606,BE,BE-VLG,BE-VLG-LI,51.0186853,5.6646748,Dilsen-Stokkem - Dilsenerbos
L42408617,BE,BE-VLG,BE-VLG-LI,51.0237316,5.6933852,Dilsen-Stokkem - Reinkesheide,2026-07-28 11:35,1,0
L3265187,BE,BE-WAL,BE-WAL-NA,50.2588943,4.9151158,Dinant - Centre,2026-09-24 11:41,73,45
L16262717,BE,BE-WAL,BE-WAL-NA,50.2445543,4.9218304,Dinant - Rocher Bayard,2026-09-01 18:06,34,14
L10837616,BE,BE-WAL,BE-WAL-NA,50.1178718,4.8886124,Dion - village,2026-08-22 06:46,59,3
L9885743,BE,BE-WAL,BE-WAL-LX,50.2418616,5.5971967,Dochamps - Parc Chlorophylle,2026-08-17 15:09,38,7
L4216351,BE,BE-VLG,BE-VLG-OV,51.2804409,4.2254877,Doel - Doeldok,2025-11-02 11:03,82,3
L38321015,BE,BE-VLG,BE-VLG-OV,51.295033,4.2860171,Doel - Fort Liefkenshoek,2026-03-28 13:50,15,2
L5040900,BE,BE-VLG,BE-VLG-OV,51.2935925,4.2432332,Doel - Gedempte Doeldok,2025-12-21 14:37,114,9
L39836062,BE,BE-VLG,BE-VLG-OV,51.3031052,4.2533869,Doel - Midas,2025-08-24 10:09,61,2
L2673170,BE,BE-VLG,BE-VLG-OV,51.3314965,4.2388129,Doelpolder Noord,2026-09-26 11:44,197,293
L38708120,BE,BE-VLG,BE-VLG-LI,50.8806567,5.384588,Doepenbeek - Nietelbroeken,2025-11-08 08:53,9,2
L10837669,BE,BE-WAL,BE-WAL-NA,50.1441872,4.7708407,Doische - Le Baquet,2020-02-23 10:00,27,0
L10837563,BE,BE-WAL,BE-WAL-NA,50.1362033,4.7460699,Doische - village,2022-04-12 11:36,27,2
L6225278,BE,BE-WAL,BE-WAL-LX,50.3337648,5.5228615,Dolmen de Wéris,2025-08-30 13:02,58,4
L5693876,BE,BE-VLG,BE-VLG-OV,51.0411241,3.9778018,Donkmeer,2026-09-10 14:43,107,54
L2592815,BE,BE-VLG,BE-VLG-OV,50.8426683,3.5879588,Donkvijver,2026-09-23 15:32,125,164
L5725881,BE,BE-VLG,BE-VLG-VB,50.8162303,4.6451139,Doode Bemde,2026-09-14 16:28,142,105
L14381466,BE,BE-VLG,BE-VLG-OV,51.1441838,3.7548987,Doornzele - Cisterciënzerspark,2026-04-12 09:37,91,51
L7097781,BE,BE-VLG,BE-VLG-OV,51.1396373,3.7557471,Doornzele - Walgracht,2018-03-20 16:30,24,4
L25942031,BE,BE-WAL,BE-WAL-HT,50.7289075,3.3075878,Dottignies,2023-07-14 09:00,59,2
L38284803,BE,BE-WAL,BE-WAL-HT,50.3814579,3.8476549,Dour - Bois de Colfontaine
L7872041,BE,BE-WAL,BE-WAL-NA,50.0911209,4.5931021,Dourbes - Centre,2026-05-25 23:12,54,2
L24939809,BE,BE-WAL,BE-WAL-NA,50.0880248,4.5993479,Dourbes - Château,2026-05-02 11:12,5,1
L10470711,BE,BE-VLG,BE-VLG-WV,50.7692317,2.7712216,Dranouter - Eeuwenhout,2025-05-31 14:58,56,5
L3172200,BE,BE-VLG,BE-VLG-OV,51.2699706,4.1951466,Drijdyck,2026-09-27 12:55,169,338
L10025128,BE,BE-VLG,BE-VLG-OV,51.0637415,3.6488027,Drongen - Beekstraatkouter,2025-12-26 13:40,50,6
L8129724,BE,BE-VLG,BE-VLG-OV,51.0673447,3.630681,Drongen - De Campagne,2026-07-05 18:40,53,8
L15234327,BE,BE-VLG,BE-VLG-OV,51.0613163,3.6344157,Drongen - De Elzenhoeve,2026-04-21 07:29,29,1
L9530982,BE,BE-VLG,BE-VLG-OV,51.0300577,3.6422969,Drongen - Keuzemeersen,2026-05-18 16:54,75,9
L3177213,BE,BE-VLG,BE-VLG-OV,51.0667514,3.6562586,Drongen - Leeuwenhof,2026-09-26 18:15,145,214
L2998373,BE,BE-VLG,BE-VLG-OV,51.1506016,3.455286,Drongengoed,2026-08-31 14:52,110,184
L24690574,BE,BE-VLG,BE-VLG-OV,51.1301143,3.4535969,Drongengoed--Koningsbos,2026-04-25 18:09,1,0
L6869324,BE,BE-VLG,BE-VLG-OV,51.1565236,3.4620452,Drongengoed--Maldegemveld,2026-07-20 20:15,87,70
L9863899,BE,BE-VLG,BE-VLG-OV,51.1576848,3.4577644,Drongengoed--Maldegemveld Uitkijkheuvel Prinsenveld,2026-05-25 15:38,14,1
L30738584,BE,BE-VLG,BE-VLG-OV,51.155821,3.458974,Drongengoed--Maldegemveld Zuidelijke Uitkijkheuvel,2026-04-14 17:41,21,4
L24693358,BE,BE-VLG,BE-VLG-OV,51.147331,3.4585267,Drongengoed--Speelbos,2025-04-21 13:31,5,0
L10533294,BE,BE-VLG,BE-VLG-OV,51.1449276,3.4736293,Drongengoed--Vliegveld,2026-05-01 16:07,56,9
L22875784,BE,BE-VLG,BE-VLG-AN,51.1069795,4.5082103,Duffel - Babbelbeekse Beemden,2026-01-18 10:03,38,7
L12860303,BE,BE-VLG,BE-VLG-AN,51.08,4.487,Duffel - Beneden Netevallei -- AWW4,2026-08-20 10:57,44,4
L8240880,BE,BE-VLG,BE-VLG-WV,51.346625,3.2597591,Duinbergen - Strand,2026-09-18 13:14,31,15
L7895358,BE,BE-VLG,BE-VLG-WV,51.344,3.261,Duinbergen - Stubbepark,2024-12-30 12:53,40,3
L38710415,BE,BE-WAL,BE-WAL-LX,50.3734344,5.4280334,Durbuy - Bois de Viné,2025-11-01 15:38,12,2
L28636935,BE,BE-WAL,BE-WAL-LX,50.3533261,5.4577958,Durbuy - Roche & village,2026-07-19 20:07,61,26
L6755546,BE,BE-VLG,BE-VLG-VB,50.7275511,4.3188195,Dworp - Destelheide,2018-01-21 09:30,29,1
L30349584,BE,BE-WAL,BE-WAL-LG,50.7975418,5.6795981,Eben-Emaal - Fort,2026-08-16 10:53,44,6
L42829594,BE,BE-WAL,BE-WAL-HT,50.5569001,4.1921471,Ecaussines - Carrière de Scouffleny,2025-10-09 11:56,2,0
L42829611,BE,BE-WAL,BE-WAL-HT,50.5586847,4.1432343,Ecaussines - Carrière de la Belle Julie
L38778549,BE,BE-VLG,BE-VLG-WV,51.1281243,3.0090024,Eernegem - De Stationsput,2024-12-18 11:00,10,1
L12244391,BE,BE-WAL,BE-WAL-NA,50.5751785,4.9067783,Eghezée - Décanteurs,2024-05-10 14:51,90,22
L43075135,BE,BE-VLG,BE-VLG-AN,51.0970594,5.0351613,Eindhout - Ossenbroeken
L2863491,BE,BE-VLG,BE-VLG-OV,50.8751216,3.578732,Eine - Marolle,2026-05-31 00:20,14,1
L18092490,BE,BE-VLG,BE-VLG-OV,50.8662713,3.6249186,Eine - Scheldemeersen,2026-04-15 15:18,31,4
L3658618,BE,BE-VLG,BE-VLG-OV,50.8759204,3.6259496,Eine - Snippenweide,2026-05-01 15:02,59,9
L28801293,BE,BE-VLG,BE-VLG-OV,50.8571099,3.6216424,Eine - Zevenputten,2024-01-15 13:42,1,0
L5718991,BE,BE-VLG,BE-VLG-LI,51.0023865,5.6921411,Eisden - Terril,2026-09-13 11:29,89,43
L3129050,BE,BE-VLG,BE-VLG-OV,50.9455579,3.6451435,Eke - Scheldemeersen Zuid,2024-07-29 18:56,32,5
L2821214,BE,BE-VLG,BE-VLG-OV,50.9682652,3.6487055,Eke - Tweelingsputten,2026-05-10 10:00,101,58
L5652684,BE,BE-VLG,BE-VLG-AN,51.2790718,4.396162,Ekeren - Bospolder,2026-04-01 12:59,83,36
L15111414,BE,BE-VLG,BE-VLG-AN,51.283595,4.3924284,Ekeren - Grote Put,2026-08-07 11:48,62,28
L5940545,BE,BE-VLG,BE-VLG-AN,51.2717158,4.4260955,Ekeren - Oude Landen,2026-07-21 10:05,67,12
L41320217,BE,BE-VLG,BE-VLG-VB,50.9735069,4.5261788,Elewijt - Domein Terlinden - Schiplakenbos,2025-09-23 13:44,13,5
L3251819,BE,BE-WAL,BE-WAL-HT,50.7448199,3.6704206,Ellezelles - Ancient chemin de fere,2021-02-13 14:07,24,2
L5870574,BE,BE-WAL,BE-WAL-LG,50.4709912,6.2397755,Elsenborn - Military camp (access forbidden),2026-04-04 14:56,80,15
L5943560,BE,BE-WAL,BE-WAL-LG,50.4982237,6.1756253,Elsenborn - Rur valley,2026-06-19 09:39,65,13
L3801712,BE,BE-WAL,BE-WAL-LG,50.5121712,6.1868262,Elsenborn - Rurbush,2026-07-04 00:00,87,76
L16312105,BE,BE-VLG,BE-VLG-OV,51.1096924,4.1486478,Elversele/Waasmunster - Klein Broek,2022-03-06 15:39,55,3
L3611914,BE,BE-WAL,BE-WAL-LG,50.497978,6.1993361,Elzenborn - Rur,2018-05-20 11:25,39,4
L2956973,BE,BE-VLG,BE-VLG-OV,50.8552134,3.6443281,Ename - Grootbos Zuid,2026-05-07 16:47,85,21
L42812102,BE,BE-WAL,BE-WAL-HT,50.6884497,4.0461519,Enghien - Parc Enghien
L38280074,BE,BE-WAL,BE-WAL-LG,50.5500884,5.3687739,Engis - Promenade d'Hermalle
L28666728,BE,BE-WAL,BE-WAL-NA,50.2154186,5.076423,Enhet - Tombe du Loup
L22927703,BE,BE-WAL,BE-WAL-LX,49.7412684,5.2912114,Epioux - Domaine de Epioux zone sud,2023-04-16 11:43,34,1
L15179522,BE,BE-WAL,BE-WAL-NA,50.1423856,5.1615951,Eprave,2026-06-14 07:08,61,2
L15158730,BE,BE-WAL,BE-WAL-NA,50.1386409,5.1743913,Eprave - Woods,2024-09-20 13:44,60,8
L30735269,BE,BE-WAL,BE-WAL-HT,50.5071214,3.8906574,Erbisoeul - Etang Lebrun,2024-04-14 00:00,5,0
L16178873,BE,BE-WAL,BE-WAL-LX,50.2944094,5.557993,Erezée - Centre,2026-05-17 12:12,70,9
L6108185,BE,BE-VLG,BE-VLG-VB,50.8972227,4.598937,Erps-Kwerps  - Vijvers,2026-07-25 09:15,96,38
L53559268,BE,BE-VLG,BE-VLG-VB,50.9019809,4.5878885,Erps-Kwerps - Zuurbeekvallei,2026-07-10 07:35,48,6
L11797935,BE,BE-VLG,BE-VLG-OV,51.1788805,3.746754,Ertvelde - Dorp,2026-09-23 17:37,68,251
L14372051,BE,BE-VLG,BE-VLG-OV,51.1711606,3.7408596,Ertvelde - Hoge Wal,2026-06-25 15:46,61,27
L57364097,BE,BE-VLG,BE-VLG-WV,51.0351479,2.9100838,Esen - IJzervallei,2026-01-18 12:32,18,1
L38502880,BE,BE-WAL,BE-WAL-LG,50.5183931,5.5328735,Esneux - Bois d'Esneux
L13543793,BE,BE-WAL,BE-WAL-LG,50.5521,5.5509,Esneux - La Roche aux Faucons,2024-01-04 12:34,34,5
L75358884,BE,BE-WAL,BE-WAL-LG,50.5423367,5.5589953,Esneux - Rocher de Ham,2026-08-10 10:27,8,1
L75358939,BE,BE-WAL,BE-WAL-LG,50.532031,5.5670114,Esneux - centre,2026-08-10 09:48,12,1
L38315043,BE,BE-WAL,BE-WAL-HT,50.3385093,4.1275547,Estinnes - Bois de Chêne Houdiez
L38315027,BE,BE-WAL,BE-WAL-HT,50.3699105,4.1667366,Estinnes - Bois de Pincemaille
L9081491,BE,BE-WAL,BE-WAL-LX,49.66972,5.58287,Etang de l'Illé,2026-09-06 10:01,119,55
L13801664,BE,BE-WAL,BE-WAL-LX,49.599866,5.5964296,Ethe - Vallée de Laclaireau,2025-05-31 10:56,50,5
L10639226,BE,BE-WAL,BE-WAL-LG,50.5929806,6.1031792,Eupen - Vallée de la Helle,2026-07-04 12:10,46,13
L38024946,BE,BE-WAL,BE-WAL-LG,50.6011295,6.1206551,Eupen - Vallée du Getzbach,2026-07-04 00:00,19,1
L3007646,BE,BE-VLG,BE-VLG-OV,50.7785895,3.7773871,Everbeek - Everbeekse bossen,2026-03-29 12:49,47,17
L3007676,BE,BE-VLG,BE-VLG-OV,50.7766356,3.7605429,Everbeek - Hayesbos,2025-03-12 16:35,37,4
L39541416,BE,BE-BRU,,50.8813319,4.3955129,Evere - Moeraske,2025-10-11 16:38,28,5
L57235749,BE,BE-BRU,,50.8804017,4.386873,Evere - Parc Walkiers
L24802712,BE,BE-WAL,BE-WAL-LG,50.7123794,6.0965735,Eynatterheide,2024-03-21 07:30,18,1
L19076886,BE,BE-WAL,BE-WAL-LG,50.499811,6.0798983,Fagne De Neur Lowé,2026-08-31 10:15,40,8
L69182226,BE,BE-WAL,BE-WAL-LG,50.515216,6.119505,Fagne Wallonne Est,2026-07-31 13:07,27,1
L69181021,BE,BE-WAL,BE-WAL-LG,50.533197,6.110434,Fagne des Deux Séries and Geitzbusch,2026-06-06 11:10,16,1
L13473235,BE,BE-WAL,BE-WAL-NA,50.1903267,4.3974514,Falemprise - Barrages de l'Eau d'Heure,2026-02-21 10:57,95,22
L38280104,BE,BE-WAL,BE-WAL-NA,50.5441168,5.042841,Fernelmont - Bois de Bierwart
L28645536,BE,BE-WAL,BE-WAL-LG,50.3944811,5.5345952,Ferrières - Chateau de Palogne,2024-09-22 11:00,42,4
L3007688,BE,BE-WAL,BE-WAL-HT,50.7710993,3.749342,Flobecq - Bois de la Louvière,2018-02-04 14:00,21,3
L2690940,BE,BE-WAL,BE-WAL-HT,50.7705022,3.6979723,Flobecq - La Houppe,2026-04-07 15:36,18,2
L11976985,BE,BE-WAL,BE-WAL-NA,50.4482485,4.7641268,Floreffe - Ravel,2026-02-26 12:11,39,3
L55812581,BE,BE-WAL,BE-WAL-NA,50.2582755,4.5434336,Florennes - Bois des Minieres
L28585765,BE,BE-WAL,BE-WAL-NA,50.2173792,4.6385879,Florennes - Forêt,2015-05-28 08:00,4,0
L38722721,BE,BE-WAL,BE-WAL-LX,49.7379239,5.1892354,Florenville - Roche A L'Appel
L16829912,BE,BE-BRU,,50.802076,4.313205,Forest - Parc du Bempt,2025-02-14 17:18,37,1
L10373718,BE,BE-WAL,BE-WAL-LX,50.0735386,5.4672184,"Forest south of village, Laneuville-au-Bois",2026-09-18 13:53,58,6
L75587944,BE,BE-BRU,,50.7914289,4.4381589,Forêt de Soignes (general),2026-09-24 14:26,133,440
L17948427,BE,BE-BRU,,50.7912882,4.4021231,Forêt de Soignes--Etang du Fer à Cheval,2026-09-10 11:10,59,28
L3450325,BE,BE-BRU,,50.7929559,4.4172442,Forêt de Soignes--Etangs,2026-09-15 17:00,78,40
L40068004,BE,BE-BRU,,50.7939941,4.3917852,Forêt de Soignes--Hippodrome de Boitsfort,2026-07-15 13:49,36,9
L42808575,BE,BE-BRU,,50.81405,4.44303,Forêt de Soignes--Rouge Cloître,2026-09-19 14:21,124,294
L75588995,BE,BE-BRU,,50.7937759,4.4692584,Forêt de Soignes--Sector 1&2
L12215025,BE,BE-BRU,,50.7846362,4.4147211,Forêt de Soignes--Sector 16,2026-09-24 14:26,71,17
L16912679,BE,BE-BRU,,50.7994254,4.4533253,Forêt de Soignes--Sector 3,2026-07-17 10:48,63,21
L11709349,BE,BE-BRU,,50.7881266,4.4117563,Forêt de Soignes--Vallée du Vuilbeek,2026-07-19 15:00,74,31
L12727078,BE,BE-WAL,BE-WAL-LX,50.0312282,5.2814037,Forêts d'Arville,2026-06-21 06:16,44,3
L10894031,BE,BE-WAL,BE-WAL-NA,50.3722064,4.6841849,Fosses-la-Ville - Lac de Bambois,2026-07-04 16:05,21,2
L63112966,BE,BE-WAL,BE-WAL-LX,50.260242,5.7408514,Fraiture - Baraque de Fraiture,2026-04-16 00:00,28,1
L5185820,BE,BE-WAL,BE-WAL-NA,50.1972593,5.1668143,Frandeux,2026-09-19 10:35,62,7
L13542070,BE,BE-WAL,BE-WAL-NA,50.0850194,4.4936729,Frasnes - Carrière,2021-05-14 12:30,3,0
L59676537,BE,BE-WAL,BE-WAL-HT,50.6957693,3.6550284,Frasnes - Hameau des Papins,2026-03-22 09:25,66,3
L13542088,BE,BE-WAL,BE-WAL-NA,50.0712726,4.5123878,Frasnes - Tienne Du Lion,2026-05-02 11:52,31,0
L38285150,BE,BE-WAL,BE-WAL-HT,50.694624,3.6726278,Frasnes-lez-Anvaing - Bois Léfèbvre
L38285176,BE,BE-WAL,BE-WAL-HT,50.7062702,3.6477399,Frasnes-lez-Anvaing - Bois d'Hubermont,2024-12-27 10:57,24,2
L10492710,BE,BE-WAL,BE-WAL-HT,50.6695714,3.6112301,Frasnes-lez-Anvaing - Décanteurs,2026-09-26 08:37,77,8
L45401768,BE,BE-BRU,,50.8626931,4.3949574,Friche Josaphat,2026-09-08 11:25,23,2
L16789650,BE,BE-WAL,BE-WAL-NA,50.2150573,4.956396,Furfooz - Reserve Naturelle de Furfooz,2026-08-15 09:20,57,9
L28666750,BE,BE-WAL,BE-WAL-NA,50.1856051,4.9554343,Férage - Forêt
L67682013,BE,BE-WAL,BE-WAL-LX,49.6116087,5.6903544,Fôrets de Châtillon,2026-05-25 10:59,20,3
L38284419,BE,BE-VLG,BE-VLG-AN,51.131669,4.9922206,Geel  - Netevallei
L38284433,BE,BE-VLG,BE-VLG-AN,51.1346937,5.0007534,Geel  - Winkelomheide bos
L22650781,BE,BE-VLG,BE-VLG-AN,51.1578627,5.0691281,Geel - Belse Bossen,2025-12-25 15:33,22,1
L22651171,BE,BE-VLG,BE-VLG-AN,51.2184292,4.9775,Geel - Breeven,2026-04-15 14:19,15,1
L43074658,BE,BE-VLG,BE-VLG-AN,51.1556566,4.9925718,Geel - De Bogaard,2025-06-13 15:41,18,1
L38284480,BE,BE-VLG,BE-VLG-AN,51.1432575,5.0269961,Geel - De Hutten & Sherpenbergen
L4697457,BE,BE-VLG,BE-VLG-AN,51.1970417,4.9409509,Geel - De Zegge,2026-06-18 08:15,134,57
L10844096,BE,BE-VLG,BE-VLG-AN,51.206519,5.0215667,Geel - Dekshoevevijver,2026-09-27 14:44,64,17
L12244384,BE,BE-VLG,BE-VLG-AN,51.1480053,5.0159192,Geel - Malesbroek,2024-05-19 11:08,54,6
L4697464,BE,BE-VLG,BE-VLG-AN,51.1878435,4.9275506,Geel - Mosselgoren,2026-08-06 14:26,93,28
L12244351,BE,BE-VLG,BE-VLG-AN,51.1860859,4.9416149,Geel - Neerhelst,2026-09-27 11:56,90,16
L22650646,BE,BE-VLG,BE-VLG-AN,51.1904303,5.0323091,Geel - Reivennen
L40316873,BE,BE-VLG,BE-VLG-AN,51.183223,5.0197119,Geel - Speelbos Engels Kamp,2026-06-02 20:51,19,0
L38812962,BE,BE-VLG,BE-VLG-AN,51.1641156,4.988684,Geel - Stadspark,2024-12-24 11:26,7,0
L43075285,BE,BE-VLG,BE-VLG-AN,51.0959798,4.956983,Geel - Zammelsbroek,2026-05-01 07:53,36,1
L19517737,BE,BE-VLG,BE-VLG-VB,50.895945,5.1336124,Geetbets - Aronst Hoek,2025-06-01 17:35,69,3
L7895430,BE,BE-VLG,BE-VLG-LI,51.1373344,5.8326547,Geistingen - Houbenhof,2026-08-14 18:35,70,7
L6300999,BE,BE-VLG,BE-VLG-WV,50.7570112,3.31815,Geitenberg,2026-09-25 07:13,92,17
L59728029,BE,BE-VLG,BE-VLG-LI,50.758838,5.264875,Gelinden - Overbroek,2026-05-02 06:49,48,5
L7872036,BE,BE-VLG,BE-VLG-LI,50.8758424,5.6405736,Gellik - Kanaaltalud  and  Oude spoorweg,2025-12-31 14:08,26,1
L27901078,BE,BE-VLG,BE-VLG-WV,50.8519472,2.9843393,Geluveld - Polygoonbos,2026-05-01 13:15,57,14
L14511226,BE,BE-WAL,BE-WAL-NA,50.5693238,4.7043157,Gembloux - Réserve naturelle de l'Escaille,2025-07-13 11:12,44,10
L3836098,BE,BE-VLG,BE-VLG-AN,51.1679213,4.4323933,Gemeentelijk park Fort 5,2026-08-05 16:12,52,16
L18717264,BE,BE-WAL,BE-WAL-LG,50.7541232,6.0209316,Gemmenich - Drielandenpunt,2026-04-11 17:58,17,3
L26636537,BE,BE-WAL,BE-WAL-BW,50.6117957,4.4736026,Genappe - Chemin du Dauphin,2023-08-06 18:00,8,1
L5737065,BE,BE-WAL,BE-WAL-BW,50.601245,4.4353437,Genappe - Nature Reserve - abandoned sugar refinery,2026-05-24 10:23,67,14
L4619432,BE,BE-VLG,BE-VLG-LI,50.9367332,5.4589891,Genk - Canal Albert between waterlocks Diepenbeek and Genk,2026-06-20 19:41,49,2
L7956829,BE,BE-VLG,BE-VLG-LI,50.972,5.427,Genk - Domein Bokrijk--Het Wik (inaccessible),2023-06-20 14:15,80,20
L1279369,BE,BE-VLG,BE-VLG-LI,50.9625894,5.4120541,Genk - Domein Bokrijk--Open Air Museum,2026-08-23 09:06,76,20
L4619396,BE,BE-VLG,BE-VLG-LI,50.9356323,5.4923522,Genk - Lock Canal Albert,2024-12-01 00:00,26,3
L4632006,BE,BE-VLG,BE-VLG-LI,51.0111617,5.5304848,Genk - Opglabbekerzavel,2025-07-12 20:39,88,8
L4619345,BE,BE-VLG,BE-VLG-LI,50.9823549,5.5086637,Genk - Sportbos,2025-06-13 15:05,24,2
L7872038,BE,BE-VLG,BE-VLG-LI,50.9843931,5.502558,Genk - Stiemerbeekvallei,2024-10-11 15:28,37,2
L7871587,BE,BE-VLG,BE-VLG-LI,50.9382131,5.4310435,Genk/Diepenbeek - Albertkanaal - Sluis Diepenbeek,2025-08-29 11:46,41,2
L56599507,BE,BE-VLG,BE-VLG-OV,51.0617868,3.7210149,Gent - AZ Sint-Lucas,2026-07-30 10:46,14,1
L38399126,BE,BE-VLG,BE-VLG-OV,51.0609392,3.7503063,Gent - Azaleapark,2025-07-03 15:22,5,0
L27881185,BE,BE-VLG,BE-VLG-OV,51.0583016,3.7304575,Gent - Baudelopark,2026-09-26 13:19,24,6
L38711140,BE,BE-VLG,BE-VLG-OV,51.0510732,3.7434947,Gent - Bijgaardepark,2025-01-13 10:49,16,0
L5250191,BE,BE-VLG,BE-VLG-OV,51.0428714,3.6862886,Gent - Blaarmeersen,2026-05-26 12:01,95,44
L30216169,BE,BE-VLG,BE-VLG-OV,51.0671558,3.7119121,Gent - Bloemekenspark,2024-03-31 13:14,13,0
L11500235,BE,BE-VLG,BE-VLG-OV,51.038004,3.7202353,Gent - Citadelpark,2026-09-02 14:56,56,97
L6755921,BE,BE-VLG,BE-VLG-OV,51.05375,3.7241099,Gent - City center (general area),2026-09-26 17:32,86,392
L13455515,BE,BE-VLG,BE-VLG-OV,51.0553692,3.7408018,Gent - Dampoort,2026-09-12 12:31,36,13
L21671375,BE,BE-VLG,BE-VLG-OV,51.004661,3.6998213,Gent - De Ghellinckpark,2025-03-15 00:00,8,1
L21671376,BE,BE-VLG,BE-VLG-OV,51.0684315,3.6906498,Gent - Fluweelpark,2026-04-29 20:43,24,4
L13093310,BE,BE-VLG,BE-VLG-OV,51.0379895,3.761838,Gent - Frans Troch Park,2026-06-10 14:28,18,2
L5650016,BE,BE-VLG,BE-VLG-OV,51.0161306,3.7337208,Gent - Ghelamco Arena,2026-06-01 20:06,26,2
L38510032,BE,BE-VLG,BE-VLG-OV,51.0781076,3.6651372,Gent - Groene Velden,2026-09-20 22:01,9,0
L21671366,BE,BE-VLG,BE-VLG-OV,51.0554952,3.7040745,Gent - Groenevalleipark,2026-09-20 18:20,33,12
L27867634,BE,BE-VLG,BE-VLG-OV,51.0693919,3.7820975,Gent - Groenzone Camille D'Havéstraat,2026-01-31 11:21,45,8
L21169891,BE,BE-VLG,BE-VLG-OV,51.0806391,3.7364042,Gent - Grootdok,2025-01-12 16:29,18,3
L4216345,BE,BE-VLG,BE-VLG-OV,51.1479904,3.7748122,Gent - Guezenhoek,2024-03-22 07:25,61,9
L27881199,BE,BE-VLG,BE-VLG-OV,51.0424291,3.7421586,Gent - Keizerpark,2026-05-13 14:40,20,0
L21419646,BE,BE-VLG,BE-VLG-OV,51.0645399,3.7256527,Gent - Kina De Tuin,2026-01-20 08:40,22,8
L2823854,BE,BE-VLG,BE-VLG-OV,51.1549086,3.7622166,Gent - Kluizendok,2026-09-20 11:09,183,112
L36706863,BE,BE-VLG,BE-VLG-OV,51.0214014,3.7023387,Gent - Maaltebruggepark,2026-05-18 21:12,14,1
L36706855,BE,BE-VLG,BE-VLG-OV,51.052846,3.6869743,Gent - Malemmeersen / Park Halfweg,2026-09-23 12:27,59,16
L12821670,BE,BE-VLG,BE-VLG-OV,51.027625,3.7016858,Gent - Maria Middelares,2025-12-17 14:31,17,3
L27881196,BE,BE-VLG,BE-VLG-OV,51.0426588,3.7309408,Gent - Muinkpark,2026-06-03 12:57,36,20
L11553508,BE,BE-VLG,BE-VLG-OV,51.0340043,3.6959837,Gent - Natuurpark Overmeers,2026-09-03 13:05,64,22
L23579344,BE,BE-VLG,BE-VLG-OV,51.0652613,3.7062979,Gent - Nieuwe Vaart (Verbindingskanaal),2026-06-08 13:00,9,1
L27867647,BE,BE-VLG,BE-VLG-OV,51.0732693,3.7863149,Gent - Oude Bareel,2026-09-24 17:47,23,1
L38681421,BE,BE-VLG,BE-VLG-OV,51.0764145,3.6735527,Gent - Park Claeys-Bouüaert,2026-03-14 10:29,14,1
L8033278,BE,BE-VLG,BE-VLG-OV,51.0135495,3.656915,Gent - Parkbos,2026-08-20 18:59,64,28
L27881223,BE,BE-VLG,BE-VLG-OV,51.0316613,3.7179061,Gent - Paul de Smet de Naeyer Park,2026-09-15 13:55,16,1
L38399139,BE,BE-VLG,BE-VLG-OV,51.0681494,3.7535733,Gent - Paviljoenpark
L23085584,BE,BE-VLG,BE-VLG-OV,51.0641893,3.7185931,Gent - Rabotpark,2026-07-30 15:10,18,2
L36706880,BE,BE-VLG,BE-VLG-OV,51.0162493,3.6961495,Gent - Reivisschepark,2024-06-22 00:12,1,1
L11895220,BE,BE-VLG,BE-VLG-OV,51.0410144,3.7021347,Gent - Rijsenbergpark,2026-07-23 15:58,30,6
L7895470,BE,BE-VLG,BE-VLG-OV,51.1461493,3.790003,Gent - Rodenhuizedok,2026-04-12 12:08,68,34
L12208247,BE,BE-VLG,BE-VLG-OV,51.0552404,3.759033,Gent - Rozenbroeken,2026-02-12 17:29,77,70
L13308188,BE,BE-VLG,BE-VLG-OV,51.1000321,3.7457701,Gent - Sifferdok,2026-01-04 13:55,53,12
L38591101,BE,BE-VLG,BE-VLG-OV,51.038813,3.6882145,Gent - Sneppemeersen,2026-03-20 07:44,33,4
L10835658,BE,BE-VLG,BE-VLG-OV,51.0361183,3.7108362,Gent - Stationsbuurt,2026-09-23 16:40,45,52
L20602772,BE,BE-VLG,BE-VLG-OV,51.149649,3.780218,Gent - Terdonkkaai,2026-03-29 10:23,68,10
L6995132,BE,BE-VLG,BE-VLG-OV,51.070365,3.7307274,Gent - Tolhuisdok / Houtdok,2026-01-15 16:05,53,22
L10787811,BE,BE-VLG,BE-VLG-OV,51.0361925,3.7242365,Gent - UGent Ledeganck & Botanical Garden,2026-08-07 09:18,67,35
L39750770,BE,BE-VLG,BE-VLG-OV,51.0254459,3.7145025,Gent - UGent campus Sterre,2026-01-21 16:39,30,6
L7432283,BE,BE-VLG,BE-VLG-OV,51.0490565,3.7380123,Gent - Visserij,2026-02-12 17:30,49,92
L22486788,BE,BE-VLG,BE-VLG-OV,51.0648357,3.7217685,Gent - Vogelenzangpark,2026-07-08 08:15,28,5
L13536524,BE,BE-VLG,BE-VLG-OV,51.0478689,3.6980781,Gent - Watersportbaan,2026-09-25 10:59,56,12
L38502745,BE,BE-VLG,BE-VLG-OV,51.0678941,3.7738078,Gent - Westveldpark,2022-01-16 00:00,1,0
L30216221,BE,BE-VLG,BE-VLG-OV,51.0789863,3.7198328,Gent - Wondelgemse Meersen,2026-03-11 18:23,35,3
L5240647,BE,BE-VLG,BE-VLG-OV,51.046497,3.7311105,Gent - Zuid Park,2026-07-06 11:42,33,15
L16150991,BE,BE-VLG,BE-VLG-OV,51.0459165,3.7527277,Gentbrugge - Arbedpark,2026-06-17 19:35,29,5
L7337931,BE,BE-VLG,BE-VLG-OV,51.0385096,3.7657568,Gentbrugge - Park Meersemhof,2025-05-02 20:56,25,13
L7343392,BE,BE-VLG,BE-VLG-OV,51.0387899,3.7562084,Gentbrugge - Station Gentbrugge,2026-04-30 17:29,56,19
L66950543,BE,BE-VLG,BE-VLG-OV,51.0436831,3.7873254,Gentbrugse Meersen,2026-09-26 08:00,201,465
L12205529,BE,BE-VLG,BE-VLG-OV,51.0476145,3.7795845,Gentbrugse Meersen--Noord,2026-09-26 08:00,169,202
L13096394,BE,BE-VLG,BE-VLG-OV,51.0373919,3.7699028,Gentbrugse Meersen--West,2026-06-02 21:41,87,26
L3656022,BE,BE-VLG,BE-VLG-OV,51.0400028,3.7888108,Gentbrugse Meersen--Zuid,2026-07-25 09:05,183,234
L29849227,BE,BE-WAL,BE-WAL-BW,50.7139094,4.503752,Genval - Carpu,2026-07-25 08:49,52,6
L23037301,BE,BE-WAL,BE-WAL-BW,50.7163729,4.5113465,Genval - La Bruyere,2026-04-24 06:40,28,3
L29074775,BE,BE-VLG,BE-VLG-OV,50.7526436,3.8804797,Geraardsbergen - Arduinbos--Noord,2024-02-03 12:58,1,0
L55812569,BE,BE-WAL,BE-WAL-NA,50.3195338,4.5749896,Gerpinnes - Tournibus
L38280139,BE,BE-WAL,BE-WAL-NA,50.4087089,5.0262584,Gesves - Bois de Gesves
L38280137,BE,BE-WAL,BE-WAL-NA,50.4373087,5.0322962,Gesves - Bois de Grand Pre
L12886788,BE,BE-VLG,BE-VLG-WV,51.1449743,2.996035,Gistel - Nieuwland,2026-01-05 13:03,5,1
L12886715,BE,BE-VLG,BE-VLG-WV,51.1506471,2.9929666,Gistel - Nieuwlandstraat,2026-05-22 20:29,22,2
L31220552,BE,BE-VLG,BE-VLG-WV,51.1608423,2.9229668,Gistel - Snipgat Polders,2026-04-29 14:41,47,1
L12547243,BE,BE-VLG,BE-VLG-OV,50.9747107,3.7999132,Gontrode - Aelmoeseneiebos,2026-08-29 14:06,64,25
L28734908,BE,BE-VLG,BE-VLG-OV,50.976934,3.7967701,Gontrode - Aelmoeseneiebos--Arboretum,2026-04-21 18:19,37,6
L8426744,BE,BE-VLG,BE-VLG-OV,50.9594874,3.4590071,Gottem - Oude Leiearm,2019-01-12 13:33,18,1
L7377776,BE,BE-WAL,BE-WAL-LX,50.185913,5.939102,Gouvy - Centre,2025-05-08 16:44,30,9
L42829466,BE,BE-WAL,BE-WAL-HT,50.5416493,3.4529901,Grand Large de Antoing,2026-04-28 17:00,44,2
L16262265,BE,BE-WAL,BE-WAL-BW,50.5953159,4.7571444,Grand-Leez - Etang Du Long-Pont,2002-05-05 00:00,1,0
L36706793,BE,BE-VLG,BE-VLG-VB,50.947565,4.3842777,Grimbergen - Lintbos,2026-03-14 11:16,18,0
L57453180,BE,BE-VLG,BE-VLG-VB,50.9310682,4.4055992,Grimbergen - Ter Tommen
L27988823,BE,BE-VLG,BE-VLG-AN,51.1833853,4.762307,Grobbendonk - Engels kamp,2025-09-16 11:06,8,1
L38709594,BE,BE-VLG,BE-VLG-AN,51.2031406,4.7429739,Grobbendonk - Molenbos,2025-03-12 10:35,21,2
L38709560,BE,BE-VLG,BE-VLG-AN,51.1768446,4.728829,Grobbendonk - Philipsbos,2025-02-20 20:58,6,1
L2937302,BE,BE-VLG,BE-VLG-OV,51.2437574,4.2947102,Groot Rietveld Kallo,2026-09-27 08:30,176,188
L18830375,BE,BE-VLG,BE-VLG-VB,50.8738488,4.2636395,Groot-Bijgaarden - Kasteel,2026-08-10 20:47,27,2
L64778244,BE,BE-VLG,BE-VLG-AN,51.1301129,4.613458,Grote Netevallei - Plasje Mushaag,2026-05-09 20:58,35,3
L23628136,BE,BE-VLG,BE-VLG-OV,51.0398271,4.1766665,Grote Wal Hamme,2026-09-12 17:07,104,23
L6779298,BE,BE-VLG,BE-VLG-WV,50.8409204,3.1867969,Gullegem - Bergelen,2026-08-30 11:49,89,30
L57453254,BE,BE-VLG,BE-VLG-VB,50.9545644,4.6276794,Haacht - Domein De Spoelberch
L57453263,BE,BE-VLG,BE-VLG-VB,50.9664004,4.6523237,Haacht - Haachts Broek
L57453243,BE,BE-VLG,BE-VLG-VB,50.9665987,4.6277786,Haacht - Schorisgat
L6051706,BE,BE-VLG,BE-VLG-VB,50.8572724,4.7305584,Haasrode - Industrieterrein,2026-08-17 13:10,97,56
L6041404,BE,BE-VLG,BE-VLG-VB,50.8383865,4.7414804,Haasrode - Quarry (restricted access),2026-09-27 07:40,138,223
L58886424,BE,BE-WAL,BE-WAL-LX,49.6991057,5.6402728,Habay - Les Coeuvins,2026-02-20 13:00,1,0
L3171029,BE,BE-WAL,BE-WAL-LG,50.7491103,5.6484962,Haccourt - Carrière de Halembaye,2012-07-25 16:45,22,1
L19349893,BE,BE-WAL,BE-WAL-LX,49.552366,5.713775,Halanzy - Crassier de Halanzy,2022-05-28 11:01,21,1
L28690035,BE,BE-VLG,BE-VLG-AN,51.0969369,4.7372474,Hallaar - Pinzieleke
L28690087,BE,BE-VLG,BE-VLG-AN,51.0844011,4.7539196,Hallaar - Wishagen,2026-04-19 09:57,37,4
L24331868,BE,BE-VLG,BE-VLG-VB,50.7128524,4.2720368,Halle - Hallerbos,2026-04-30 12:14,41,15
L55812649,BE,BE-VLG,BE-VLG-VB,50.6956808,4.245471,Halle - Lembeekbos
L57235827,BE,BE-VLG,BE-VLG-VB,50.7110165,4.2316475,Halle - Malakoff
L22650703,BE,BE-VLG,BE-VLG-LI,51.1139472,5.1342725,Ham - De Rammelaars,2024-09-12 14:35,3,2
L7354084,BE,BE-VLG,BE-VLG-OV,51.102818,4.167775,Hamme - Bunt,2026-07-30 10:13,87,8
L2508638,BE,BE-VLG,BE-VLG-OV,51.0848438,4.1717148,Hamme - Lippenbroek,2025-07-06 14:22,51,5
L39308172,BE,BE-VLG,BE-VLG-OV,51.0542362,4.1883659,Hamme - Zwijn,2026-09-07 07:29,17,2
L17564389,BE,BE-WAL,BE-WAL-LG,50.4120075,5.5214879,Hamoir - Bois de Rivire,2026-08-14 11:03,40,6
L9881706,BE,BE-WAL,BE-WAL-LG,50.4300202,5.5386532,Hamoir - Vallée du Néblon,2026-09-20 08:53,62,3
L36412788,BE,BE-WAL,BE-WAL-LX,50.262604,5.4743964,Hampteau - Champs d'Héblon,2026-04-28 13:06,52,4
L4216352,BE,BE-VLG,BE-VLG-WV,51.0227716,2.9901481,Handzame - Handzamebroeken,2026-03-30 15:15,56,7
L38502973,BE,BE-WAL,BE-WAL-LG,50.643736,5.2964914,Haneffe - Champs,2025-09-05 11:57,21,5
L40458785,BE,BE-VLG,BE-VLG-OV,51.0769257,3.5033685,Hansbeke - Karmenhoek,2025-07-31 13:39,2,0
L56822258,BE,BE-WAL,BE-WAL-LX,49.702092,5.5352115,Harinsart - Chemin des Romains,2026-07-05 11:00,19,3
L7872043,BE,BE-VLG,BE-VLG-LI,50.930659,5.336811,Hasselt,2026-07-25 19:30,57,6
L7872053,BE,BE-VLG,BE-VLG-LI,50.941531,5.3488273,Hasselt - Albertkanaal,2026-09-06 10:07,20,2
L37308615,BE,BE-VLG,BE-VLG-LI,50.9599093,5.3762723,Hasselt - Domein kiewit,2026-08-16 00:15,22,3
L41670077,BE,BE-WAL,BE-WAL-NA,50.2171767,4.8767031,Hastière - La Meuse entre Anseremme et Hastière,2026-07-17 16:00,25,2
L993741,BE,BE-WAL,BE-WAL-LG,50.5247777,6.0967255,"Hautes Fagnes (general area, use more precise location)",2026-09-26 10:33,138,361
L4485310,BE,BE-WAL,BE-WAL-LG,50.5177654,6.1650681,Hautes Fagnes--Bergervenn,2026-05-26 13:53,60,13
L4012401,BE,BE-WAL,BE-WAL-LG,50.5052679,6.0701394,Hautes Fagnes--Fagne de Pouleur,2026-09-26 10:33,102,57
L38241877,BE,BE-WAL,BE-WAL-LG,50.525156,6.143801,Hautes Fagnes--Fagne des Cléfaye,2025-08-30 10:39,45,4
L38241875,BE,BE-WAL,BE-WAL-LG,50.5379102,6.0911902,Hautes Fagnes--Fagne des Seux Séries,2026-04-13 09:56,48,8
L29110523,BE,BE-WAL,BE-WAL-LG,50.4828118,6.0463963,Hautes Fagnes--Fagnes du Setay & Fagne du Fraineu,2026-05-31 13:01,34,15
L38241850,BE,BE-WAL,BE-WAL-LG,50.5290493,6.0295895,Hautes Fagnes--Grande Fagne,2026-07-30 09:39,11,1
L4389833,BE,BE-WAL,BE-WAL-LG,50.4926007,6.0986996,Hautes Fagnes--Maison Nature & Fagne de Neur Lowé,2026-05-31 11:05,69,31
L12026217,BE,BE-WAL,BE-WAL-LG,50.5053487,6.0986792,Hautes Fagnes--Signal de Botrange & Fagne Wallonne,2026-07-30 06:28,115,183
L29161907,BE,BE-WAL,BE-WAL-LG,50.5481118,6.1382223,Hautes Fagnes--Vallée de La Helle,2026-06-04 17:14,51,5
L38710451,BE,BE-WAL,BE-WAL-NA,50.3818498,5.2133479,Havelange - Bois de Grand Taillis
L67834245,BE,BE-VLG,BE-VLG-WV,51.2356211,2.925268,Haven Oostende (general area),2026-09-27 08:44,197,440
L6301003,BE,BE-VLG,BE-VLG-WV,51.2387602,2.9335856,Haven Oostende--Duinen Fort Napoleon,2026-09-27 08:44,99,25
L3232409,BE,BE-VLG,BE-VLG-WV,51.2373093,2.9256356,Haven Oostende--Halvemaandijk,2026-09-26 14:16,130,59
L4353677,BE,BE-VLG,BE-VLG-WV,51.2398349,2.9198313,Haven Oostende--Havengebied--Voorhaven,2026-09-09 07:36,124,59
L12797689,BE,BE-VLG,BE-VLG-WV,51.2326377,2.9232217,Haven Oostende--Montgomerydok,2026-09-26 10:41,38,22
L6934039,BE,BE-VLG,BE-VLG-WV,51.242038,2.9202926,Haven Oostende--Oostelijke Havendam,2026-09-26 11:45,133,100
L3232412,BE,BE-VLG,BE-VLG-WV,51.2390961,2.9271376,Haven Oostende--Strand Oostelijke Havendam,2026-09-10 13:50,111,85
L2610411,BE,BE-VLG,BE-VLG-WV,51.2363957,2.9230499,Haven Oostende--Vaargeul haven,2026-03-01 13:46,100,45
L6299524,BE,BE-VLG,BE-VLG-WV,51.2341521,2.9322445,Haven Oostende--Visserijdok,2025-01-25 14:29,61,15
L13142309,BE,BE-VLG,BE-VLG-WV,51.2360954,2.9308483,Haven Oostende--Vuurtorendok,2026-05-12 12:11,55,27
L18229747,BE,BE-VLG,BE-VLG-WV,51.2296786,2.930442,Haven Oostende--Windmolenwerf,2021-01-17 16:24,30,3
L7872039,BE,BE-VLG,BE-VLG-LI,51.1663187,5.3440968,Hechtel - Park Bosland,2026-05-02 13:57,84,20
L38149116,BE,BE-VLG,BE-VLG-LI,50.7735052,5.2855426,Heers - De Knoppel,2026-04-10 14:25,22,1
L38708169,BE,BE-VLG,BE-VLG-LI,50.7226342,5.2418476,Heers - Hornebos,2026-09-02 19:51,2,0
L46156523,BE,BE-VLG,BE-VLG-LI,50.7585835,5.3014154,Heers - Kasteelpark,2025-05-04 00:00,42,1
L13308221,BE,BE-VLG,BE-VLG-OV,51.1804628,3.9105914,Heidebos,2026-07-02 19:46,102,35
L64308849,BE,BE-VLG,BE-VLG-AN,51.0756158,4.4117191,Heindonk - Bovenzanden,2026-05-14 08:30,63,7
L16407144,BE,BE-WAL,BE-WAL-LX,49.7061179,5.7548455,Heinsch - Beynert,2026-06-21 10:27,74,22
L24702451,BE,BE-VLG,BE-VLG-WV,51.328351,3.236617,Heist - Bosje Kleiputten,2026-09-23 19:11,95,34
L16845674,BE,BE-VLG,BE-VLG-WV,51.3373705,3.240369,Heist - Centrum,2026-09-25 07:40,50,19
L8093654,BE,BE-VLG,BE-VLG-WV,51.3434558,3.2495069,Heist - Duinen,2026-09-27 07:47,112,82
L7884542,BE,BE-VLG,BE-VLG-WV,51.3439712,3.2695622,Heist - Park 58,2026-09-26 09:50,71,19
L24627209,BE,BE-VLG,BE-VLG-WV,51.3266316,3.2410613,Heist - Speelmanweiden,2025-11-29 15:05,58,4
L7895465,BE,BE-VLG,BE-VLG-WV,51.3459644,3.2497281,Heist - Strand,2025-05-21 13:07,43,5
L14102855,BE,BE-VLG,BE-VLG-WV,51.321557,3.2362013,Heist - Waterzuivering,2021-03-22 16:20,24,2
L3966028,BE,BE-VLG,BE-VLG-WV,51.3412022,3.2525325,Heist - Willemspark,2026-09-27 08:56,131,105
L27881018,BE,BE-VLG,BE-VLG-WV,51.3336361,3.2395971,Heist - bosje station,2026-01-12 09:31,26,3
L28688780,BE,BE-VLG,BE-VLG-AN,51.0925657,4.7133492,Heist-op-den-Berg - De Averegten,2026-07-18 20:34,41,9
L28688795,BE,BE-VLG,BE-VLG-AN,51.0884095,4.7472286,Heist-op-den-Berg - Moerbeemden,2026-06-01 20:18,51,11
L17410015,BE,BE-VLG,BE-VLG-LI,51.0492243,5.4614143,Helchteren/Peer - Militair domein,2026-09-05 20:15,98,17
L69181767,BE,BE-WAL,BE-WAL-LG,50.531497,6.127255,Helletal - zone downstream Pont Marie-Anne Libert,2026-06-06 12:27,15,1
L19206211,BE,BE-VLG,BE-VLG-AN,51.1427758,4.3354298,Hemiksem - Park Callebeek-Terlocht,2024-02-04 14:57,69,57
L23135666,BE,BE-VLG,BE-VLG-AN,51.1298122,4.3259089,Hemiksem - Spuikom Sint-Bernardusabdij,2026-09-13 14:38,80,96
L55812596,BE,BE-WAL,BE-WAL-NA,50.2189237,4.5827713,Hemptinne - Bois de Roeulx
L5719440,BE,BE-VLG,BE-VLG-LI,51.0781307,5.7988715,Heppeneert - Uiterwaarden,2025-02-01 15:51,57,8
L21544699,BE,BE-WAL,BE-WAL-LG,50.3859493,6.2287528,Hepscheid - Im Werest,2022-11-04 14:56,14,1
L42830004,BE,BE-WAL,BE-WAL-LX,49.7722613,5.2553448,Herbeumont - Sentier des Songes,2026-04-12 12:06,34,0
L6111471,BE,BE-VLG,BE-VLG-AN,51.187,4.824,Herentals - Blosovijvers,2026-06-18 08:17,36,7
L54869847,BE,BE-VLG,BE-VLG-AN,51.1963029,4.8073004,Herentals - Getlagen,2026-09-24 08:12,39,11
L39598397,BE,BE-VLG,BE-VLG-AN,51.1822491,4.8412122,Herentals - Hellenkens--West,2026-04-26 09:42,37,9
L30053252,BE,BE-VLG,BE-VLG-AN,51.2066819,4.8363628,Herentals - Hulzen,2026-03-31 09:06,65,17
L28689799,BE,BE-VLG,BE-VLG-AN,51.1839896,4.8518448,Herenthals - De Hellekens--Oost,2026-07-25 19:51,90,49
L28689910,BE,BE-VLG,BE-VLG-AN,51.1874124,4.7884922,Herenthals - Heiken,2026-03-28 10:00,13,2
L28689808,BE,BE-VLG,BE-VLG-AN,51.1881648,4.8570075,Herenthals - Kleine Nete,2026-05-22 09:30,77,40
L28689893,BE,BE-VLG,BE-VLG-AN,51.188872,4.8055296,Herenthals - Peertsbos,2026-02-18 11:08,37,5
L28689905,BE,BE-VLG,BE-VLG-AN,51.1846589,4.803577,Herenthals - Vuilvoort,2026-04-30 19:18,37,8
L28689954,BE,BE-VLG,BE-VLG-AN,51.1481847,4.7627281,Herenthout - Kapellekensbos,2026-08-02 07:48,3,0
L28688816,BE,BE-VLG,BE-VLG-AN,51.1282146,4.7116466,Herenthout - Kruiskensberg,2026-05-16 19:11,52,6
L28688827,BE,BE-VLG,BE-VLG-AN,51.1399539,4.7246809,Herenthout - Merodese Bossen,2026-01-31 19:15,1,1
L28689968,BE,BE-VLG,BE-VLG-AN,51.1290898,4.7373095,Herenthout - Niemandshoek,2025-02-02 09:38,32,2
L7522996,BE,BE-VLG,BE-VLG-AN,51.1305794,4.7574663,Herenthout - VOC Neteland,2026-01-31 20:52,31,2
L17554448,BE,BE-VLG,BE-VLG-LI,50.9139049,5.1527135,Herk-de-Stad - Stijveld,2022-03-09 16:00,11,1
L30052155,BE,BE-VLG,BE-VLG-AN,51.1201594,4.7286618,Herlaar - Schipke,2025-12-18 14:50,101,55
L8496239,BE,BE-WAL,BE-WAL-LG,50.7087199,5.6738639,Hermalle-sous-Argenteau - Lac de la Gravière Brock,2025-10-11 13:44,63,5
L38284528,BE,BE-VLG,BE-VLG-AN,51.0659381,4.9253508,Herselt - Hertberg Oost
L38709545,BE,BE-VLG,BE-VLG-AN,51.0262551,4.8626093,Herselt - Langdonken
L41669241,BE,BE-WAL,BE-WAL-LG,50.6719134,5.6426679,Herstal - La Meuse,2025-12-28 10:03,26,0
L56599222,BE,BE-WAL,BE-WAL-LG,50.6997755,5.8079883,Herve - RN de Val Dieu,2026-09-19 09:12,17,1
L2648487,BE,BE-VLG,BE-VLG-OV,51.1640596,3.5684538,Het Leen,2026-07-19 16:18,80,32
L3843049,BE,BE-VLG,BE-VLG-WV,51.3625197,3.3638549,Het Zwin (general),2026-09-27 15:00,287,1449
L12256705,BE,BE-VLG,BE-VLG-WV,51.3553164,3.3554727,Het Zwin--Bosje en haag Hazegraspolderdijk,2026-08-29 16:10,134,32
L10787936,BE,BE-VLG,BE-VLG-WV,51.3622418,3.348005,Het Zwin--Broedvogeleiland,2026-09-24 11:30,145,44
L1264378,BE,BE-VLG,BE-VLG-WV,51.3550868,3.3231926,Het Zwin--Groenpleinduinen,2026-08-25 01:53,60,13
L7895473,BE,BE-VLG,BE-VLG-WV,51.3574219,3.3734544,Het Zwin--Internationale Dijk (obsolete - do not use after 2019),2026-09-27 10:54,131,21
L2706916,BE,BE-VLG,BE-VLG-WV,51.355596,3.3490705,Het Zwin--Kleyne vlakte,2026-08-01 09:37,176,134
L19993352,BE,BE-VLG,BE-VLG-WV,51.3429486,3.3714321,Het Zwin--Nieuwe Dievegatkreek,2026-07-01 06:54,27,4
L2706900,BE,BE-VLG,BE-VLG-WV,51.3659933,3.3512163,Het Zwin--Strand,2026-01-25 14:01,108,50
L11576835,BE,BE-VLG,BE-VLG-WV,51.3529122,3.3640339,Het Zwin--Uitbreiding,2026-09-25 16:26,186,320
L12464132,BE,BE-VLG,BE-VLG-WV,51.364426,3.3477254,Het Zwin--Uitkijkpunt Zeedijk,2026-09-07 09:31,119,37
L2706908,BE,BE-VLG,BE-VLG-WV,51.3584995,3.3326934,Het Zwin--Zwinbosjes,2026-09-27 07:49,188,124
L12482874,BE,BE-VLG,BE-VLG-WV,51.3596397,3.3491268,Het Zwin--Zwinpark,2026-09-27 15:00,219,310
L977593,BE,BE-VLG,BE-VLG-WV,51.362242,3.3538771,Het Zwin--Zwinvlakte,2026-09-24 12:23,208,167
L38320887,BE,BE-VLG,BE-VLG-WV,50.8609492,3.2155091,Heule - Heulebos
L28666644,BE,BE-WAL,BE-WAL-NA,50.2753261,5.299874,Heure-en-Famenne - Bois d'Heure
L2863475,BE,BE-VLG,BE-VLG-OV,50.8834344,3.6354661,Heurne - Dal,2026-07-28 15:14,87,23
L2956971,BE,BE-VLG,BE-VLG-OV,50.8787231,3.6289001,Heurne - De Ster,2024-08-24 11:37,53,5
L28534737,BE,BE-VLG,BE-VLG-WV,50.8016193,2.8773476,Heuvelland - Bayernwald,2026-05-14 11:11,38,4
L28514505,BE,BE-VLG,BE-VLG-WV,50.7788069,2.8127521,Heuvelland - Kemmelberg,2026-05-15 15:36,56,8
L4073975,BE,BE-VLG,BE-VLG-WV,50.7744492,2.8005867,Heuvelland - Monteberg,2024-03-31 15:45,56,7
L6087736,BE,BE-VLG,BE-VLG-VB,50.8630512,4.719615,Heverlee - Abdij van Park,2026-09-27 15:17,120,168
L3545160,BE,BE-VLG,BE-VLG-VB,50.8619118,4.6833812,Heverlee - Egenhoven - Arenberg,2026-09-10 14:30,54,17
L3545159,BE,BE-VLG,BE-VLG-VB,50.8597392,4.6679409,Heverlee - Egenhoven - Egenhoven Bos,2026-09-24 11:00,76,23
L13638252,BE,BE-VLG,BE-VLG-VB,50.8577922,4.6724382,Heverlee - Zandvang,2026-07-12 08:33,95,46
L30753504,BE,BE-WAL,BE-WAL-LX,50.3445307,5.5753482,Heyd - He des Pourceaux,2026-07-15 10:00,36,1
L56606864,BE,BE-VLG,BE-VLG-WV,51.0462018,3.2395945,Hille - Putten Ambachtstraat,2026-01-04 00:00,17,4
L4997685,BE,BE-VLG,BE-VLG-AN,51.1895112,4.3477535,Hobokense Polder,2026-09-26 06:54,138,79
L44978514,BE,BE-WAL,BE-WAL-LX,50.1995933,5.4959688,Hodister - Centre,2026-06-20 11:53,4,0
L12244306,BE,BE-VLG,BE-VLG-WV,51.2921701,3.3432013,Hoeke - Oud Fort Sint-Donaas,2026-05-10 12:44,58,6
L12244298,BE,BE-VLG,BE-VLG-WV,51.3054609,3.3604435,Hoeke - Sint Donaaspolder,2026-07-31 16:59,77,9
L12244286,BE,BE-VLG,BE-VLG-WV,51.305311,3.3461324,Hoeke - plas Roden-Ossenstraat,2026-09-21 09:43,108,45
L12215097,BE,BE-VLG,BE-VLG-VB,50.9872915,4.5163088,Hofstade - Sport Vlaanderen domein,2026-04-11 10:00,74,10
L75517580,BE,BE-WAL,BE-WAL-LG,50.5733203,6.1752019,Hohes Venn Nördlicher Teil (please use more specific location where possible),2026-09-26 14:28,102,75
L7773031,BE,BE-WAL,BE-WAL-LG,50.5644337,6.1713542,Hohes Venn Nördlicher Teil--Brackvenn,2026-09-26 14:28,100,70
L38024970,BE,BE-WAL,BE-WAL-LG,50.5998225,6.1538366,Hohes Venn Nördlicher Teil--Fagne de Kutenhart,2025-03-02 08:52,27,2
L38024966,BE,BE-WAL,BE-WAL-LG,50.5951172,6.2007869,Hohes Venn Nördlicher Teil--Fagne de Steinly,2026-04-27 13:49,37,3
L62534687,BE,BE-WAL,BE-WAL-LG,50.6730102,5.1993566,Hollogne-sur-Geer - Balade du Geer,2026-08-11 18:56,26,1
L38714893,BE,BE-VLG,BE-VLG-VB,50.9114489,4.7732162,Holsbeek - Chartreuzenbos,2026-06-01 12:49,32,5
L57789438,BE,BE-VLG,BE-VLG-VB,50.9346411,4.7592949,Holsbeek - Holsbeekbroek,2026-09-11 13:00,6,0
L57919668,BE,BE-VLG,BE-VLG-VB,50.934789,4.8339078,Holsbeek - Kasteel van Horst,2026-06-08 16:42,24,2
L36706813,BE,BE-VLG,BE-VLG-VB,50.9352336,4.7837774,Holsbeek - Molenbeek,2026-01-30 09:10,68,12
L21103419,BE,BE-VLG,BE-VLG-VB,50.909346,4.755136,Holsbeek - Trektelpost Kesselberg,2025-10-30 15:00,81,52
L13735908,BE,BE-VLG,BE-VLG-AN,51.0092737,4.4495045,Hombeek - Eglegemvijver,2021-03-29 10:19,22,2
L26929914,BE,BE-WAL,BE-WAL-NA,50.0676334,5.0443484,Honnay - migration spot,2025-02-23 15:37,2,0
L2990232,BE,BE-WAL,BE-WAL-LG,50.378751,6.2841368,Honsfeld,2014-07-10 11:45,35,2
L38721074,BE,BE-VLG,BE-VLG-AN,51.409121,4.822328,Hoogstraten - Wortel-Kolonie,2026-09-16 12:50,102,12
L42469891,BE,BE-WAL,BE-WAL-LX,50.217447,5.7849026,Houffalize - Piserotte,2024-07-14 09:00,5,0
L8184639,BE,BE-WAL,BE-WAL-LX,50.1329976,5.7970015,Houffalize - Vayamundo,2026-04-19 10:13,73,18
L38314982,BE,BE-WAL,BE-WAL-HT,50.3721383,4.3018273,Hourpes - Bois de Leemes,2025-11-22 11:55,1,0
L52862349,BE,BE-VLG,BE-VLG-WV,51.2308468,3.1189544,Houtave Weiden,2026-09-26 08:15,76,66
L38282502,BE,BE-VLG,BE-VLG-LI,51.0128207,5.4253643,Houthalen - Tenhaagdoornheide,2026-07-09 07:55,15,1
L12699826,BE,BE-VLG,BE-VLG-WV,50.967277,2.9564,Houthulst - Vrijbos & Miltair Domein,2014-11-11 00:00,3,0
L42461358,BE,BE-WAL,BE-WAL-NA,50.2207422,4.9824715,Houyet - Château de Vêve,2025-04-04 17:21,2,1
L20049212,BE,BE-VLG,BE-VLG-AN,51.1440978,4.4963916,Hove - Uilenbos,2025-04-12 09:54,37,4
L38280088,BE,BE-WAL,BE-WAL-LG,50.5728322,5.1694502,Huccorgne - Vallée de Mehaigne
L3100922,BE,BE-VLG,BE-VLG-OV,50.8984859,3.5719728,Huise - Kouters Leystraat,2026-05-28 21:30,71,12
L2999776,BE,BE-VLG,BE-VLG-OV,50.8935324,3.5886025,Huise - Vallei Rooigembeek,2025-03-09 10:57,54,8
L28688843,BE,BE-VLG,BE-VLG-AN,51.0700837,4.7664712,Hulshout - Bergebeek,2026-07-21 17:28,36,3
L28690054,BE,BE-VLG,BE-VLG-AN,51.0640662,4.7913331,Hulshout - Herenbossen
L25680286,BE,BE-VLG,BE-VLG-VB,50.9833703,4.3768501,Humbeek - Gravenbos,2026-09-24 14:28,9,1
L26029619,BE,BE-WAL,BE-WAL-LG,50.5190479,5.1956964,Huy - Promenade Beaufort Solière,2023-07-18 16:54,10,1
L10492697,BE,BE-WAL,BE-WAL-HT,50.6695311,3.3552924,Hérinnes - Coupure de Léaucourt,2026-07-17 21:43,43,4
L10055929,BE,BE-VLG,BE-VLG-OV,51.0207639,3.5620651,IJsput Vosselare,2026-09-08 12:46,99,263
L66949069,BE,BE-VLG,BE-VLG-WV,51.1455243,2.7366369,IJzermonding (general area),2026-09-18 18:46,235,720
L7984075,BE,BE-VLG,BE-VLG-WV,51.1474784,2.7293399,IJzermonding--Ideeëntuin,2026-09-18 15:02,86,26
L8351834,BE,BE-VLG,BE-VLG-WV,51.1446693,2.7449988,IJzermonding--Kijkhut De Zeehond en Jachthaven,2026-09-15 13:31,143,108
L7871624,BE,BE-VLG,BE-VLG-WV,51.1439345,2.7349591,IJzermonding--Maritiem Park,2024-10-24 11:14,94,10
L2599334,BE,BE-VLG,BE-VLG-WV,51.147425,2.7345228,IJzermonding--Slikvlakte,2026-09-18 13:51,211,364
L2599340,BE,BE-VLG,BE-VLG-WV,51.1570122,2.718365,IJzermonding--Staketsel & Noordzee,2026-09-18 16:19,128,176
L10470476,BE,BE-VLG,BE-VLG-WV,50.8251696,2.8861839,Ieper - Bijlanderpad/Kanaal Ieper-Komen,2025-05-10 09:12,49,6
L56599361,BE,BE-VLG,BE-VLG-WV,50.8717439,2.8737533,Ieper - Essex Farm Cemetery,2026-09-24 17:18,24,1
L28490828,BE,BE-VLG,BE-VLG-WV,50.8728026,2.7869874,Ieper - Galgebossen,2018-07-08 00:00,1,0
L31960723,BE,BE-VLG,BE-VLG-WV,50.8448695,2.8822465,Ieper - Hamiltonpark,2026-06-20 17:18,50,5
L31950414,BE,BE-VLG,BE-VLG-WV,50.8484866,2.8916867,Ieper - Kasteelgracht,2026-09-25 18:33,49,9
L28538717,BE,BE-VLG,BE-VLG-WV,50.8344509,2.8720499,Ieper - Tortelbos
L38320809,BE,BE-VLG,BE-VLG-WV,50.8371785,2.9102175,Ieper - Zillebekevijver,2026-09-26 13:13,38,3
L18567462,BE,BE-VLG,BE-VLG-WV,50.9828656,2.8230444,Ijzerbroeken Merken,2026-07-04 13:15,76,13
L28688738,BE,BE-VLG,BE-VLG-AN,51.1082822,4.7372934,Itegem - Goorloop
L28690000,BE,BE-VLG,BE-VLG-AN,51.1157356,4.7356331,Itegem - Leibeek,2026-05-01 11:14,25,1
L42724796,BE,BE-VLG,BE-VLG-WV,50.9088559,3.1901687,Izegem - Wallemote,2026-05-16 16:48,27,5
L23039609,BE,BE-WAL,BE-WAL-LX,49.6979723,5.3563365,Izel - Chemin du tram et Bois,2024-08-30 13:15,73,2
L38024978,BE,BE-WAL,BE-WAL-LG,50.5585519,6.0291303,Jalhay - Vallée de la Gileppe
L8467484,BE,BE-WAL,BE-WAL-LG,50.5079819,5.9603834,Jalhay - Vallée de la Hoëgne,2026-08-03 13:32,66,15
L23295101,BE,BE-WAL,BE-WAL-LX,49.6954218,5.3989891,Jamoigne - Les Aisances de Moyen--zone est,2023-03-26 13:00,48,0
L28666671,BE,BE-WAL,BE-WAL-NA,50.272176,5.206494,Jannée - Forêt
L28666603,BE,BE-WAL,BE-WAL-LX,50.1585211,5.2818871,Jemelle - Forêt,2026-04-27 16:10,16,1
L36688018,BE,BE-BRU,,50.8873412,4.2985192,Jette - Bois Du Laerbeek,2026-04-26 11:39,29,3
L36688065,BE,BE-BRU,,50.8878407,4.3233164,Jette - Bois de Dieleghem
L36688040,BE,BE-BRU,,50.8804107,4.3107136,Jette/Ganshoren - Marais de Jette-Ganshoren,2026-06-13 18:28,30,3
L44979907,BE,BE-WAL,BE-WAL-LX,50.2083274,5.53762,Jupille - Centre,2026-05-24 08:52,30,4
L5294949,BE,BE-VLG,BE-VLG-WV,51.0744368,2.832402,KIeiputten Stuivekenskerke,2026-09-04 08:54,157,95
L2781230,BE,BE-VLG,BE-VLG-OV,51.0423653,3.5627031,Kalevallei Vosselare,2026-08-13 08:49,53,4
L2992224,BE,BE-VLG,BE-VLG-OV,51.0273882,3.9249515,Kalkense Meersen,2026-08-31 14:09,151,109
L38321010,BE,BE-VLG,BE-VLG-OV,51.2858416,4.3062662,Kallo - Bayervlakte
L38321106,BE,BE-VLG,BE-VLG-OV,51.2587072,4.2933054,Kallo - Bazeput
L38321024,BE,BE-VLG,BE-VLG-OV,51.258929,4.2858734,Kallo - De Lisdodde (Melkader)
L38321038,BE,BE-VLG,BE-VLG-OV,51.3158719,4.2481281,Kallo - Doelpolder,2026-08-30 16:34,87,6
L56599118,BE,BE-VLG,BE-VLG-OV,51.2528224,4.2950191,Kallo - Fort Sint-Marie
L38321112,BE,BE-VLG,BE-VLG-OV,51.2635917,4.2790437,Kallo - Kallosluis,2006-12-16 00:00,1,0
L38321005,BE,BE-VLG,BE-VLG-OV,51.2843197,4.3117905,Kallo - Ketenisschor,2013-08-10 00:00,17,0
L6183866,BE,BE-VLG,BE-VLG-OV,51.2466051,4.2814708,Kallo - Rietmoerassen,2026-09-27 09:10,153,114
L38321166,BE,BE-VLG,BE-VLG-OV,51.2568373,4.2628219,Kallo - Steenlandpolder,2025-05-28 18:19,1,0
L64785894,BE,BE-VLG,BE-VLG-OV,51.2498345,4.2540141,Kallo - Steenlandpolder,2026-09-27 09:30,11,0
L5645029,BE,BE-VLG,BE-VLG-AN,51.4219299,4.5341885,Kalmthout - De Maatjes,2026-05-20 11:20,110,26
L5799398,BE,BE-VLG,BE-VLG-AN,51.3927365,4.4318161,Kalmthoutse Heide (general),2026-09-06 06:52,190,311
L38321083,BE,BE-VLG,BE-VLG-AN,51.355504,4.3495439,Kalmthoutse Heide - Kraaienberg,2025-10-26 15:00,18,1
L3265664,BE,BE-VLG,BE-VLG-AN,51.4160169,4.4145727,Kalmthoutse Heide--Biezenkuilen,2026-09-06 06:52,109,33
L2826686,BE,BE-VLG,BE-VLG-AN,51.4075451,4.4302046,Kalmthoutse Heide--Drielingven,2026-08-10 21:08,112,27
L2826744,BE,BE-VLG,BE-VLG-AN,51.3738164,4.441824,Kalmthoutse Heide--Gemeentebos,2026-06-13 21:27,63,19
L2826758,BE,BE-VLG,BE-VLG-AN,51.3868342,4.4234991,Kalmthoutse Heide--Gemeentebos (oud),2026-08-05 22:20,36,10
L2826714,BE,BE-VLG,BE-VLG-AN,51.391735,4.4258809,Kalmthoutse Heide--Hazeduinen,2026-08-10 20:00,90,13
L2826710,BE,BE-VLG,BE-VLG-AN,51.3964478,4.4305587,Kalmthoutse Heide--Kambuusduinen,2026-08-09 22:25,106,15
L2826679,BE,BE-VLG,BE-VLG-AN,51.4129389,4.432404,Kalmthoutse Heide--Nolse Duinen,2026-08-08 20:55,83,14
L2826779,BE,BE-VLG,BE-VLG-AN,51.3898336,4.4447207,Kalmthoutse Heide--Parking Zuid,2026-07-01 09:19,91,26
L2826730,BE,BE-VLG,BE-VLG-AN,51.3813704,4.4298506,Kalmthoutse Heide--Putse Moer,2026-07-02 22:20,74,16
L2826633,BE,BE-VLG,BE-VLG-AN,51.4086828,4.4426394,Kalmthoutse Heide--Stappersven,2026-06-27 21:41,142,45
L44184975,BE,BE-VLG,BE-VLG-VB,50.966223,4.5384227,Kampenhout - Steentjesbos,2026-07-02 21:20,14,1
L38323853,BE,BE-VLG,BE-VLG-VB,50.9256856,4.5439381,Kampenhout - Torfbroek,2026-09-25 09:50,81,16
L13163471,BE,BE-VLG,BE-VLG-OV,51.2263469,3.6236686,Kaprijke - Vrouwstraat Heineakker,2026-07-03 20:10,13,2
L40340611,BE,BE-VLG,BE-VLG-AN,51.227632,5.0015366,Kasterlee - Boshuis,2026-03-31 07:03,42,3
L22651315,BE,BE-VLG,BE-VLG-AN,51.2420195,4.9367734,Kasterlee - Hoge Rielen,2026-05-31 08:23,56,7
L38284379,BE,BE-VLG,BE-VLG-AN,51.2299005,4.9443459,Kasterlee - Koningsbos,2026-05-20 13:45,15,2
L1346538,BE,BE-VLG,BE-VLG-AN,51.2306906,5.0411435,Kasterlee - Prinsenpark,2026-05-10 20:04,115,64
L38720921,BE,BE-VLG,BE-VLG-AN,51.2571344,4.9222963,Kasterlee - Rielenbroek,2026-09-20 08:31,53,5
L42830331,BE,BE-VLG,BE-VLG-AN,51.2760176,4.9393593,Kasterlee - Sevendonk,2026-05-14 20:37,51,1
L38720928,BE,BE-VLG,BE-VLG-AN,51.2804541,4.9971064,Kasterlee - Tikkebroeken,2026-01-17 13:30,23,2
L38284393,BE,BE-VLG,BE-VLG-AN,51.219626,4.8999023,Kasterlee - Witte Bergen
L6118739,BE,BE-VLG,BE-VLG-AN,51.2092158,4.8747164,Kasterlee - Zwart Water,2026-09-12 15:05,64,14
L32181568,BE,BE-VLG,BE-VLG-WV,50.799291,3.307645,Keibeekbekken Kortrijk,2026-09-02 10:20,88,25
L51377209,BE,BE-WAL,BE-WAL-LG,50.7419756,6.0208028,Kelmis - Vaalserberg,2025-08-10 10:56,5,2
L6541386,BE,BE-WAL,BE-WAL-LG,50.7108357,6.0125685,Kelmis Etang du Casino,2026-08-09 17:56,65,12
L10860189,BE,BE-VLG,BE-VLG-WV,50.798168,3.5148163,Kerkhove - Scheldemeersen,2020-02-22 08:00,43,1
L38708291,BE,BE-VLG,BE-VLG-VB,50.8807751,5.0045583,Kersbeek-Miskom - Velvevallei
L61305268,BE,BE-VLG,BE-VLG-AN,51.150633,4.6274038,Kessel - Fort,2026-02-05 12:02,6,2
L61062308,BE,BE-VLG,BE-VLG-AN,51.1527283,4.6006966,Kessel - Steenbeemden,2026-05-25 07:45,59,12
L16178740,BE,BE-VLG,BE-VLG-LI,51.1492612,5.8400488,Kessenich - Koningssteen,2026-01-25 15:09,70,6
L17523285,BE,BE-VLG,BE-VLG-OV,51.3038784,4.2039982,Kieldrecht - Nieuwe Arenbergpolder,2026-06-22 12:25,25,1
L4083959,BE,BE-VLG,BE-VLG-OV,51.289728,4.2181921,Kieldrecht - Putten weiden,2026-09-26 14:04,131,131
L3134642,BE,BE-VLG,BE-VLG-OV,51.2880862,4.2060351,Kieldrecht - Putten west,2026-09-26 14:26,154,117
L3134639,BE,BE-VLG,BE-VLG-OV,51.2831789,4.2205524,Kieldrecht - Puttenplas (depracted),2015-07-23 15:58,51,4
L29596667,BE,BE-VLG,BE-VLG-LI,51.158473,5.7250614,Kinrooi - De Zig,2025-04-19 09:54,32,5
L41668215,BE,BE-VLG,BE-VLG-LI,51.1772753,5.6905164,Kinrooi - Stamprooierbroek,2026-02-08 12:30,33,1
L9181128,BE,BE-VLG,BE-VLG-LI,50.9756382,5.1821648,Kleen meulen,2025-05-01 00:00,71,9
L3965279,BE,BE-VLG,BE-VLG-WV,51.3286423,3.2276959,Kleiputten Heist,2026-03-18 15:29,127,52
L7523024,BE,BE-VLG,BE-VLG-WV,51.234576,3.0084515,Klemskerke - Sluizenstraat paardeweide,2026-01-07 00:00,83,23
L27616215,BE,BE-VLG,BE-VLG-WV,51.248913,3.0309438,Klemskerke - Weiden,2026-05-15 06:02,100,21
L8406105,BE,BE-VLG,BE-VLG-OV,50.7700461,3.5603325,Kluisbergen - Beiaardbos,2026-05-16 17:17,47,10
L8406111,BE,BE-VLG,BE-VLG-OV,50.7650243,3.5755245,Kluisbergen - Hotondbos,2026-05-16 17:01,62,12
L67947261,BE,BE-VLG,BE-VLG-OV,50.7586579,3.4972032,"Kluisbos (general area, use more precise location)",2025-08-15 09:04,67,32
L2634223,BE,BE-VLG,BE-VLG-OV,50.7614905,3.50348,Kluisbos--Noord (Oost-Vlaanderen),2025-08-15 09:04,59,24
L5634927,BE,BE-WAL,BE-WAL-HT,50.7560067,3.5009909,Kluisbos--Sud (Hainaut),2025-05-17 12:50,43,8
L12244322,BE,BE-VLG,BE-VLG-OV,51.1522602,3.7069575,Kluizen - Waterspaarbekken,2023-05-31 06:36,62,6
L20692046,BE,BE-VLG,BE-VLG-WV,51.3284898,3.3624241,Knokke - Burkelpolder,2025-09-27 17:52,94,22
L19086886,BE,BE-VLG,BE-VLG-WV,51.3432704,3.2883148,Knokke - Centrum,2026-01-31 14:05,20,3
L12250620,BE,BE-VLG,BE-VLG-WV,51.3289425,3.3425052,Knokke - Hazegraspolder,2026-09-21 10:41,50,13
L17751379,BE,BE-VLG,BE-VLG-WV,51.3298025,3.3556089,Knokke - Heist - Oude Vrede,2026-05-15 13:30,42,1
L5261327,BE,BE-VLG,BE-VLG-WV,51.3332126,3.368243,Knokke - Kleiputten Nieuwe Vrede,2026-06-27 14:56,113,42
L19533829,BE,BE-VLG,BE-VLG-WV,51.3560406,3.291494,Knokke - Strand,2026-09-07 13:23,54,14
L56673439,BE,BE-VLG,BE-VLG-WV,51.3019224,3.2989743,Knokke - Zwinvaartpolder,2026-01-01 10:00,24,1
L16443746,BE,BE-VLG,BE-VLG-WV,51.3481399,3.3559829,Knokke-Heist - Dijkgraafstraat,2026-09-12 16:59,101,20
L39093790,BE,BE-VLG,BE-VLG-WV,51.3366555,3.2754002,Knokke-Heist - Put van Cloedt,2025-11-15 13:43,51,3
L5219445,BE,BE-VLG,BE-VLG-WV,51.0692189,2.9618829,Koekelare - Arboretum,2026-06-20 13:39,15,1
L5219444,BE,BE-VLG,BE-VLG-WV,51.0951137,2.9722363,Koekelare - De Brakke Grond,2017-01-26 00:00,26,4
L10483429,BE,BE-BRU,,50.8654732,4.3231221,Koekelberg - Parc Elisabeth,2026-01-17 08:59,25,11
L4927022,BE,BE-VLG,BE-VLG-LI,51.0843316,5.3063536,Koersel - Vallei van de Zwarte Beek,2026-05-02 14:10,89,21
L4216362,BE,BE-VLG,BE-VLG-WV,51.1171552,2.6569319,Koksijde - Doornpanne,2026-04-28 09:55,81,11
L15045134,BE,BE-VLG,BE-VLG-WV,51.1025356,2.6453859,Koksijde - Fluithoek,2026-03-10 13:25,25,0
L38714595,BE,BE-VLG,BE-VLG-WV,51.1074437,2.6333999,Koksijde - Noordduinen
L24186827,BE,BE-VLG,BE-VLG-WV,51.1204069,2.6310733,Koksijde - strand,2025-12-30 10:35,28,5
L6769502,BE,BE-VLG,BE-VLG-WV,51.1337468,2.6425982,Kokzijde - Kust Schipgatduinen,2025-07-17 18:11,34,8
L11422926,BE,BE-VLG,BE-VLG-AN,51.0858031,4.6188045,Koningshooikt - Jutse Plassen,2026-08-31 20:07,80,14
L56599153,BE,BE-VLG,BE-VLG-AN,51.0904218,4.6218397,Koningshooikt - ruigtes Vanhool,2025-10-05 13:20,6,0
L3480375,BE,BE-VLG,BE-VLG-OV,50.8127685,3.5857916,Koppenbergbos,2026-09-02 17:16,81,51
L16035314,BE,BE-VLG,BE-VLG-VB,50.8418915,4.6494649,Korbeek-Dijle - Ormendaal,2026-05-03 11:39,112,33
L52843487,BE,BE-VLG,BE-VLG-VB,50.8634215,5.0228119,Kortenaken - Heibos
L42811739,BE,BE-VLG,BE-VLG-VB,50.8867651,4.5707423,Kortenberg - Plantsoenbos
L42811714,BE,BE-VLG,BE-VLG-VB,50.8883917,4.5871788,Kortenberg - Rotte Gaten
L42811725,BE,BE-VLG,BE-VLG-VB,50.8834631,4.5572883,Kortenberg - Warandebos,2026-07-09 14:41,32,8
L38708077,BE,BE-VLG,BE-VLG-LI,50.8422076,5.3867802,Kortessem - Bellevuebos,2026-04-16 16:51,19,0
L6227449,BE,BE-VLG,BE-VLG-WV,50.7964703,3.2516488,Kortrijk - Marionetten,2026-07-15 13:17,73,18
L22317279,BE,BE-VLG,BE-VLG-WV,50.8069468,3.2946218,Kortrijk - campus KU Leuven,2026-05-25 09:55,61,32
L13103481,BE,BE-VLG,BE-VLG-OV,51.020159,3.595941,Kouters Leernsesteenweg,2025-08-27 09:25,14,0
L20348889,BE,BE-VLG,BE-VLG-VB,50.8627172,4.467144,Kraainem - Parc Jourdain,2025-10-14 12:28,45,8
L59905397,BE,BE-VLG,BE-VLG-OV,51.1707066,4.3117081,Kruibeke - Dorp,2026-03-09 10:08,6,1
L25724601,BE,BE-VLG,BE-VLG-OV,50.9258556,3.5577464,Kruisem - Lozerbos,2026-09-26 13:29,28,5
L3053909,BE,BE-VLG,BE-VLG-OV,50.9127156,3.5215728,Kruishoutem - Uitkijktoren,2024-03-07 14:28,34,2
L6540955,BE,BE-VLG,BE-VLG-OV,50.9000557,3.5387135,Kruishoutem - Zijldegemkouter,2024-07-15 16:43,67,7
L2861294,BE,BE-VLG,BE-VLG-LI,50.9601567,5.273459,Kuringen - Herkenrode,2026-03-15 15:38,51,3
L13801629,BE,BE-VLG,BE-VLG-WV,51.2042808,3.1138883,Kwetshage,2026-09-25 17:13,167,125
L11371444,BE,BE-WAL,BE-WAL-BW,50.7379218,4.4719505,La Hulpe - Domaine Solvay,2026-09-15 15:13,81,52
L64494849,BE,BE-WAL,BE-WAL-BW,50.73229,4.458077,La Hulpe - Foundation Folon,2026-05-04 07:02,23,2
L30282000,BE,BE-WAL,BE-WAL-BW,50.735513,4.4740829,La Hulpe - Nysdam,2026-05-27 09:10,71,16
L44964098,BE,BE-WAL,BE-WAL-LX,50.1808821,5.5758799,La Roche-en-Ardenne - Centre,2026-08-23 19:18,36,5
L28585793,BE,BE-WAL,BE-WAL-NA,50.2010714,4.7767924,La Vallée de l'Hermeton,2025-07-10 11:31,56,19
L31075045,BE,BE-WAL,BE-WAL-BW,50.666277,4.6056535,Lac de Louvain-la-Neuve,2026-06-09 14:38,48,8
L20889379,BE,BE-BRU,,50.8263001,4.2724726,Lac de Neerpede,2026-06-27 19:06,70,13
L6555580,BE,BE-WAL,BE-WAL-LG,50.4470658,6.1174107,Lac de Robertville,2025-09-14 13:14,60,22
L9098674,BE,BE-WAL,BE-WAL-HT,50.0735414,4.348871,Lac de Virelles,2026-09-04 10:07,148,67
L73286101,BE,BE-WAL,BE-WAL-NA,50.206508,4.4042865,Lac de l'Eau d'Heure
L13801634,BE,BE-VLG,BE-VLG-WV,51.2127784,3.133815,Lage Moere van Meetkerke,2026-05-10 13:12,121,16
L5265733,BE,BE-VLG,BE-VLG-WV,51.01771,2.797449,Lampernisse - Komgronden,2026-04-26 20:40,84,9
L42408386,BE,BE-VLG,BE-VLG-LI,50.9177337,5.6467827,Lanaken - Pietersenbos,2026-04-12 15:46,23,1
L12564464,BE,BE-VLG,BE-VLG-OV,51.0663311,3.5913144,Landegem - Heiste en Broek,2022-05-22 09:20,43,2
L2781233,BE,BE-VLG,BE-VLG-OV,51.06071,3.571372,Landegem - Kalevallei,2026-05-24 11:09,50,4
L5770940,BE,BE-VLG,BE-VLG-OV,51.0619075,3.5989151,Landegem - Vallei van de Kalebeek,2026-04-11 13:00,42,4
L38708155,BE,BE-VLG,BE-VLG-VB,50.7640164,5.085655,Landen - De Beemden,2026-05-13 10:17,28,1
L10388104,BE,BE-WAL,BE-WAL-LX,50.0819352,5.4656811,Laneuville-au-Bois,2024-04-28 14:12,50,21
L38507397,BE,BE-VLG,BE-VLG-VB,51.0058916,4.9220864,Langdorp - Demerdonken
L74175794,BE,BE-VLG,BE-VLG-OV,50.8305219,3.5768393,Langemeersen,2026-09-03 12:22,133,75
L74071359,BE,BE-VLG,BE-VLG-OV,50.83188,3.57252,Langemeersen--Midden,2026-07-20 18:30,2,1
L2704379,BE,BE-VLG,BE-VLG-OV,50.8352697,3.5861564,Langemeersen--Noord,2025-06-27 11:17,114,35
L4417497,BE,BE-VLG,BE-VLG-OV,50.8227463,3.5717154,Langemeersen--Zuid,2026-06-01 13:03,109,40
L4090666,BE,BE-VLG,BE-VLG-AN,51.192147,4.8745608,Langendonk - Olens Broek,2025-05-25 14:19,87,28
L42408555,BE,BE-VLG,BE-VLG-LI,51.0024863,5.6561793,Lanklaar - Saanhoeve,2025-06-15 11:16,20,1
L42408588,BE,BE-VLG,BE-VLG-LI,51.0120369,5.6255092,Lanklaar - Stokkemerbos & Kleine Homo,2025-10-04 12:06,26,2
L3801699,BE,BE-WAL,BE-WAL-LG,50.3570436,6.3349271,Lanzerath,2015-07-11 11:35,6,1
L29567947,BE,BE-WAL,BE-WAL-BW,50.6978131,4.493507,Lasne - Marais Chapelle,2026-05-18 15:24,60,16
L7882519,BE,BE-WAL,BE-WAL-LX,49.5552467,5.57286,Latour - Etang,2026-08-12 13:45,80,14
L26914430,BE,BE-WAL,BE-WAL-NA,50.1058332,5.0989869,Le Gros Tienne,2026-09-06 07:00,74,6
L28585758,BE,BE-WAL,BE-WAL-NA,50.0562034,4.6753823,Le Mesnil - Forêt North,2013-03-24 00:00,3,0
L28585751,BE,BE-WAL,BE-WAL-NA,50.0217352,4.6757907,Le Mesnil Forêt,2026-09-04 17:25,36,2
L44809340,BE,BE-VLG,BE-VLG-OV,50.9547104,3.9684069,Lede - Geelstervallei,2026-04-20 16:30,14,2
L7665231,BE,BE-VLG,BE-VLG-OV,51.039215,3.739251,Ledeberg - Franse Vaart,2026-05-16 12:59,39,77
L22012710,BE,BE-VLG,BE-VLG-VB,50.8534893,4.6336417,Leefdaal - Korbeekveld,2026-09-27 18:10,70,21
L6069823,BE,BE-VLG,BE-VLG-VB,50.8436845,4.6177769,Leefdaal - Plateau,2026-08-25 07:20,135,80
L6218139,BE,BE-VLG,BE-VLG-VB,50.85004,4.625883,Leefdaal - Plateau,2026-09-23 08:15,81,11
L15110046,BE,BE-VLG,BE-VLG-AN,51.0373192,4.4189501,Leest - Bleukensweide,2026-03-09 17:45,45,6
L51378606,BE,BE-VLG,BE-VLG-WV,51.1747664,2.8818102,Leffinge - Dorp,2025-08-10 00:00,30,1
L4388848,BE,BE-VLG,BE-VLG-OV,50.98239,3.54928,Leie tussen Deinze en Astene,2023-05-08 17:49,13,2
L2511021,BE,BE-VLG,BE-VLG-OV,51.0013332,3.5944605,Leiemeersen van Ooidonk,2026-07-07 20:57,116,93
L4648223,BE,BE-VLG,BE-VLG-OV,51.0026438,3.5859388,Leiemeersen van Ooidonk--Kasteelvijver en Meersen,2026-06-23 21:12,85,36
L30228805,BE,BE-VLG,BE-VLG-OV,51.00467,3.5981,Leiemeersen van Ooidonk--Weilanden en Plasje Leie,2026-05-31 20:23,65,13
L10310057,BE,BE-VLG,BE-VLG-OV,51.1763688,3.6430541,Lembeekse Bossen,2026-04-08 09:58,82,59
L10921810,BE,BE-VLG,BE-VLG-OV,51.1690918,3.6287498,Lembeekse Bossen--Bellebargiebos,2026-03-27 09:08,45,8
L10310051,BE,BE-VLG,BE-VLG-OV,51.172724,3.6722204,Lembeekse Bossen--Oosteeklose bossen,2026-03-23 10:49,64,23
L19433034,BE,BE-VLG,BE-VLG-OV,50.9781449,3.7831438,Lemberge - Kouter,2025-07-27 19:15,26,3
L38320881,BE,BE-VLG,BE-VLG-WV,50.8762581,3.2442793,Lendelede - Patrijzenbos
L57235845,BE,BE-VLG,BE-VLG-VB,50.7938511,4.1967559,Lennik - Kasteelpark Gaasbeek,2026-06-26 10:16,13,1
L6765361,BE,BE-VLG,BE-VLG-WV,51.228343,2.9145591,Leopoldpark,2026-04-02 15:00,20,4
L40340621,BE,BE-VLG,BE-VLG-LI,51.1135164,5.2133855,Leopoldsburg - Gerheserheide
L38282458,BE,BE-VLG,BE-VLG-LI,51.1339658,5.3003742,Leopoldsburg - Militair Domein Beverlo (no access!),2025-09-05 14:07,54,1
L60758647,BE,BE-WAL,BE-WAL-LX,49.6997574,5.4331575,Les Bulles - Rue du Moulin,2026-07-05 10:00,29,4
L40736755,BE,BE-WAL,BE-WAL-NA,49.8595193,4.8616546,Les Dolimarts,2026-07-26 12:21,29,2
L42829901,BE,BE-WAL,BE-WAL-LX,49.9898895,5.1745658,Lesse - Vallée de la Lomme,2026-07-05 11:52,32,5
L42829531,BE,BE-WAL,BE-WAL-HT,50.7103193,3.8830764,Lessines - Bois de Lessines
L42829542,BE,BE-WAL,BE-WAL-HT,50.7114856,3.8505895,Lessines - Carrière
L4229947,BE,BE-VLG,BE-VLG-VB,50.8639497,4.6752727,Leuven - Campus Arenberg,2026-08-04 14:55,76,28
L10305233,BE,BE-VLG,BE-VLG-VB,50.8789417,4.7015741,Leuven - City Centre,2026-09-10 08:15,81,24
L32286417,BE,BE-VLG,BE-VLG-VB,50.88335,4.695433,Leuven - De Bruulpark,2025-11-09 17:09,16,3
L32050545,BE,BE-VLG,BE-VLG-VB,50.8737819,4.6968978,Leuven - Dijlepark,2026-08-04 14:20,20,2
L3119061,BE,BE-VLG,BE-VLG-VB,50.8718811,4.6960062,Leuven - Groot Begijnhof,2026-07-27 21:10,48,29
L32050270,BE,BE-VLG,BE-VLG-VB,50.8761449,4.6943975,Leuven - Janseniuspark,2025-12-18 19:25,2,0
L32049708,BE,BE-VLG,BE-VLG-VB,50.8779045,4.6900342,Leuven - Kruidtuin,2026-04-24 13:34,46,28
L56598883,BE,BE-VLG,BE-VLG-VB,50.8823954,4.6796674,Leuven - Lemmenspark,2026-04-13 15:59,1,0
L5761415,BE,BE-VLG,BE-VLG-VB,50.888673,4.697776,Leuven - Park van de Abdij van Keizersberg,2026-08-13 13:04,50,22
L5770599,BE,BE-VLG,BE-VLG-VB,50.893883,4.722305,Leuven - Provinciedomein Kessel-Lo,2026-07-27 08:06,101,76
L32050415,BE,BE-VLG,BE-VLG-VB,50.8753867,4.6991224,Leuven - Rambergpark,2026-08-04 13:53,11,2
L32285713,BE,BE-VLG,BE-VLG-VB,50.886566,4.700184,Leuven - Sluispark,2026-06-01 09:37,27,3
L56598903,BE,BE-VLG,BE-VLG-VB,50.8783053,4.6702638,Leuven - UZ Gasthuisberg,2026-09-18 17:57,7,2
L3139932,BE,BE-VLG,BE-VLG-VB,50.8753504,4.7025454,Leuven--Sint-Donatuspark,2026-08-04 13:37,52,43
L42829492,BE,BE-WAL,BE-WAL-HT,50.5915742,3.6770725,Leuze-en-Hainaut - Fort Bragg,2026-09-16 13:11,2,0
L9901812,BE,BE-WAL,BE-WAL-LX,49.9996041,5.2559197,Libin  - Kaoline et Forêts,2023-09-15 11:46,46,3
L9899713,BE,BE-WAL,BE-WAL-LX,49.9905211,5.2520651,Libin - Rue de Smuid,2023-02-25 09:10,38,17
L18553819,BE,BE-VLG,BE-VLG-WV,51.0021485,3.1569439,Lichtervelde - Heihoek,2026-04-22 13:59,23,3
L38714688,BE,BE-VLG,BE-VLG-VB,50.8684179,4.1149841,Liedekerke - Hertigembos,2026-03-03 10:41,15,1
L46162143,BE,BE-VLG,BE-VLG-AN,51.1472309,4.5498868,Lier - Plaslaar,2026-08-10 09:55,60,14
L16318519,BE,BE-VLG,BE-VLG-AN,51.1275128,4.618855,Lier/Berlaar - Grote Netevallei,2026-04-14 15:08,60,8
L25884058,BE,BE-WAL,BE-WAL-LG,50.2991448,5.8017657,Lierneux--RN des Prés de la Lienne,2026-07-14 07:05,44,1
L25680252,BE,BE-VLG,BE-VLG-AN,51.0623758,4.2844503,Liezele - Liezele Broek
L15422300,BE,BE-VLG,BE-VLG-AN,51.2542865,4.7753923,Lille,2025-04-10 00:00,8,1
L38720913,BE,BE-VLG,BE-VLG-AN,51.2899964,4.8878002,Lille - Grotenhout,2026-05-03 09:37,36,6
L27987425,BE,BE-VLG,BE-VLG-AN,51.2359459,4.7934346,Lille - Kindernouw,1991-06-23 07:30,14,1
L13981900,BE,BE-VLG,BE-VLG-AN,51.2710885,4.8112645,Lille - Visbeekvallei--Lilse Zegge,2026-08-11 07:06,60,26
L14010854,BE,BE-VLG,BE-VLG-AN,51.2753457,4.8308124,Lille - Warandeplas,2024-02-04 10:45,11,2
L38321058,BE,BE-VLG,BE-VLG-AN,51.304926,4.2903653,Lillo - Fort,2025-05-16 19:02,2,0
L38321065,BE,BE-VLG,BE-VLG-AN,51.3123957,4.284852,Lillo - Galgenschoor
L12860103,BE,BE-VLG,BE-VLG-AN,51.301,4.295,Lillo - Potpolder,2026-05-27 16:33,54,7
L13192684,BE,BE-VLG,BE-VLG-LI,51.0560584,5.3255986,Lindeman - Mijnterril,2023-06-05 10:11,4,2
L38708262,BE,BE-VLG,BE-VLG-VB,50.8344515,5.0406365,Linter - Grote Getevallei,2026-08-02 15:01,11,1
L38708258,BE,BE-VLG,BE-VLG-VB,50.8277125,5.0136436,Linter - Laterbroeken,2025-04-20 15:52,5,1
L25680247,BE,BE-VLG,BE-VLG-AN,51.0510475,4.2629356,Lippelo - Vallei van de Lippelose Beek
L5178817,BE,BE-WAL,BE-WAL-LX,49.7203934,5.7551622,Lischert,2017-01-05 18:15,33,3
L7860210,BE,BE-VLG,BE-VLG-WV,51.2746549,3.2081061,Lissewege - Eendenkooi,2026-09-12 19:05,57,3
L12244274,BE,BE-VLG,BE-VLG-WV,51.2901489,3.2040704,Lissewege - Monnikewerve,2026-05-25 14:09,56,4
L7899702,BE,BE-WAL,BE-WAL-LG,50.7480589,5.6760653,Lixhe - Mur de Lixhe,2024-06-16 08:52,19,2
L38502870,BE,BE-WAL,BE-WAL-LG,50.6153381,5.5905183,Liège - Canal de l'Ourthe,2026-09-11 15:53,35,5
L61455620,BE,BE-WAL,BE-WAL-LG,50.6403734,5.5716972,Liège - Cathedrale Saint-Paul & Le Carre,2026-09-25 09:55,8,5
L41030477,BE,BE-WAL,BE-WAL-LG,50.5891935,5.580456,Liège - Forêt du Sart-Tilman,2026-03-05 16:45,36,11
L60658212,BE,BE-WAL,BE-WAL-LG,50.6242835,5.5665815,Liège - Guillemins Train Station,2026-04-02 14:23,8,5
L13544011,BE,BE-WAL,BE-WAL-LG,50.6348286,5.5625944,Liège - Jardin Botanique,2025-04-04 18:56,18,2
L61646301,BE,BE-WAL,BE-WAL-LG,50.6491321,5.5781809,Liège - Montagne de Bueren & Prairies des Filles de la Croix,2026-07-19 12:55,13,5
L38280041,BE,BE-WAL,BE-WAL-LG,50.6292915,5.5487261,Liège - Parc Comhaire
L18392405,BE,BE-WAL,BE-WAL-LG,50.6285,5.575249,Liège - Parc de la Boverie,2026-09-24 12:40,51,40
L28666468,BE,BE-WAL,BE-WAL-LG,50.6319184,5.5966384,Liège - Parc de la Chartreuse,2025-02-08 13:08,16,1
L28666476,BE,BE-WAL,BE-WAL-LG,50.6541797,5.5782871,Liège - Parc de la Citadelle,2026-04-16 02:21,63,7
L38280044,BE,BE-WAL,BE-WAL-LG,50.6220553,5.54476,Liège - Terril du Piron
L38314991,BE,BE-WAL,BE-WAL-HT,50.3760428,4.2588032,Lobbes - Bois du Baron
L38315009,BE,BE-WAL,BE-WAL-HT,50.3688969,4.2196628,Lobbes - Bois le Compte
L12247167,BE,BE-VLG,BE-VLG-OV,51.0956864,3.7981909,Lochristi -  Wonderwoud (Zandwinning),2026-07-31 19:22,89,12
L8208042,BE,BE-WAL,BE-WAL-LG,50.3422427,5.9588769,Logbiermé - Centre,2026-09-19 09:49,84,38
L11780816,BE,BE-WAL,BE-WAL-LG,50.3379266,5.9792149,Logbiermé - Forêts,2026-09-19 12:49,102,107
L4590744,BE,BE-VLG,BE-VLG-OV,51.100881,3.9849257,Lokeren - Centrum,2026-08-12 13:26,21,3
L3498170,BE,BE-VLG,BE-VLG-OV,51.1184213,3.9818358,Lokeren - Daknamse meersen - Kraaimeersen,2026-06-16 00:00,64,5
L2666535,BE,BE-VLG,BE-VLG-OV,51.1025788,4.0139794,Lokeren - Molsbroek,2026-09-12 13:15,125,41
L3482137,BE,BE-VLG,BE-VLG-OV,51.0985769,4.0115011,Lokeren - Molsbroek - Durme,2026-05-29 21:42,33,4
L2723522,BE,BE-VLG,BE-VLG-OV,51.1049771,4.0177774,Lokeren - Molsbroek - Moerasvlakte,2026-09-15 14:11,94,29
L2578270,BE,BE-VLG,BE-VLG-OV,51.1089111,3.9992595,Lokeren - Verloren bos,2026-08-06 15:44,30,4
L39547861,BE,BE-VLG,BE-VLG-WV,51.1591827,2.741977,Lombardsijde - Duinen Militair Domein,2025-10-25 17:33,32,4
L12244222,BE,BE-VLG,BE-VLG-WV,51.1654351,2.7648187,Lombardsijde - Sint-Laureinsduinen,2025-12-29 17:20,61,13
L21067826,BE,BE-VLG,BE-VLG-WV,51.1613192,2.7530169,Lombardsijde Duinen,2026-09-16 00:00,114,26
L60464333,BE,BE-WAL,BE-WAL-HT,50.6053256,3.9246278,Lombise - Bois de la Provision,2026-04-17 15:22,28,2
L41668754,BE,BE-VLG,BE-VLG-LI,51.2007941,5.2724839,Lommel - Balimgronden,2026-05-04 13:00,7,0
L38282417,BE,BE-VLG,BE-VLG-LI,51.2570195,5.318832,Lommel - Centerparcs Vossemeren,2026-05-27 13:28,45,9
L38282432,BE,BE-VLG,BE-VLG-LI,51.209117,5.3440007,Lommel - Kattenbos,2026-06-06 06:32,30,1
L40340657,BE,BE-VLG,BE-VLG-AN,51.2058564,5.2146933,Lommel - Stevensvennen,2025-07-24 12:02,5,0
L12244374,BE,BE-VLG,BE-VLG-LI,51.2480412,5.2875208,Lommelse Sahara,2026-08-30 13:56,78,21
L25680240,BE,BE-VLG,BE-VLG-VB,51.0373125,4.2699587,Londerzeel - Marselaer,2025-06-23 16:34,4,1
L38714728,BE,BE-VLG,BE-VLG-WV,51.1260617,3.1821817,Loppem - Merkenveld,2026-06-06 09:00,40,8
L13379580,BE,BE-VLG,BE-VLG-WV,51.1583606,3.1711113,Loppem - Watermolenvijver,2026-08-20 01:20,39,3
L30753455,BE,BE-WAL,BE-WAL-LG,50.4301761,5.7176124,Lorcé - Bois Royal de Lorcé,2024-12-27 13:45,2,0
L15130959,BE,BE-WAL,BE-WAL-BW,50.6783764,4.6158232,Louvain-la-Neueve - Golf Course,2017-10-24 00:00,6,1
L15130760,BE,BE-WAL,BE-WAL-BW,50.679791,4.6051598,Louvain-la-Neuve - Bois de Lauzelle,2026-08-18 13:31,68,41
L7942107,BE,BE-WAL,BE-WAL-BW,50.6643125,4.6037665,Louvain-la-neuve - Lac et forêt,2026-01-10 15:51,66,21
L26639773,BE,BE-VLG,BE-VLG-OV,51.1133566,3.6385775,Lovendegem - Boombal field,2023-08-18 19:00,7,0
L26696801,BE,BE-VLG,BE-VLG-OV,51.105166,3.6444199,Lovendegem - Vijver op Pyramidestraat,2023-08-19 21:05,3,1
L52843403,BE,BE-VLG,BE-VLG-VB,50.901224,4.816759,Lubbeek - Kroonstraat,2026-09-12 07:30,71,31
L25680383,BE,BE-VLG,BE-VLG-VB,50.8859425,4.8463095,Lubbeek - Molenbroek,2026-08-07 11:30,17,1
L36206900,BE,BE-VLG,BE-VLG-OV,50.7702448,3.6010742,Maarkedal - Trektelpost Tenhole
L7924980,BE,BE-VLG,BE-VLG-LI,51.0636977,5.6923117,Maaseik/Dilsen - Schotsheide--Bergerven/Vossenberg,2026-05-02 17:56,94,14
L42408507,BE,BE-VLG,BE-VLG-LI,50.9884574,5.6496859,Maasmechelen - Mechels Bos,2004-06-29 00:00,12,1
L5722829,BE,BE-VLG,BE-VLG-LI,50.9762134,5.626391,Maasmechelen - Mechelse Heide,2026-09-21 00:00,88,22
L42408462,BE,BE-VLG,BE-VLG-LI,50.955609,5.6388609,Maasmechelen - Vallei van de Kikbeek,2026-07-09 08:03,2,1
L3002574,BE,BE-VLG,BE-VLG-OV,50.976048,3.4894466,Machelen - Oude Leie arm,2019-01-12 14:19,67,10
L4012143,BE,BE-WAL,BE-WAL-LG,50.2938358,6.2248278,Mackenbach - Forrests,2024-05-11 11:26,48,3
L5372243,BE,BE-VLG,BE-VLG-WV,50.8244203,3.2488091,Magdalenapark en Howest,2026-04-18 15:29,62,264
L39719435,BE,BE-VLG,BE-VLG-OV,51.2113581,3.4442559,Maldegem - Sint-Annapark,2026-01-18 12:17,16,3
L38720892,BE,BE-VLG,BE-VLG-AN,51.3226336,4.7200227,Malle - Klokkeven,2026-05-16 18:06,17,3
L18968615,BE,BE-WAL,BE-WAL-LG,50.4277234,6.0330142,Malmedy - Bois de Livremont,2026-08-02 17:44,58,15
L27803389,BE,BE-WAL,BE-WAL-LG,50.4612005,6.0256776,Malmedy - Fagne Duzos Moûpa,2026-06-20 14:24,42,4
L11511896,BE,BE-WAL,BE-WAL-NA,50.4418108,4.8300081,Malonne - Bois de la Vecquée,2026-07-23 09:33,30,4
L2950673,BE,BE-WAL,BE-WAL-HT,50.4594712,3.6820507,Marais d'Harchies,2026-09-25 13:03,195,369
L26626997,BE,BE-WAL,BE-WAL-NA,50.489075,4.9571417,Marche les Dames - Notre Dame du Vivier,2025-04-26 19:28,28,4
L30782709,BE,BE-WAL,BE-WAL-HT,50.6714884,3.9890661,Marcq - Ter Neppe,2026-04-30 20:05,64,6
L11635830,BE,BE-VLG,BE-VLG-OV,51.0876887,3.3894638,Maria-Aalter - Hooggoed,2026-05-29 00:00,26,3
L30093763,BE,BE-VLG,BE-VLG-WV,50.8095542,3.2245231,Marke - 't Schrijverke,2025-04-04 12:56,31,6
L25680417,BE,BE-WAL,BE-WAL-LX,49.7952283,5.6943512,Martelange - Valée de la Rulles,2026-05-01 20:23,17,2
L60581304,BE,BE-WAL,BE-WAL-HT,50.5474636,3.9705996,Masnuy-Saint-Pierre - Mare et ruisseau du Bois d'Irchon,2026-04-29 19:56,51,7
L28585682,BE,BE-WAL,BE-WAL-HT,49.9829943,4.1623949,Masure - Forêt
L32104282,BE,BE-WAL,BE-WAL-NA,50.1148,4.6473,Matagne-La-Petite,2024-05-20 22:07,24,0
L22749423,BE,BE-WAL,BE-WAL-NA,50.1427495,4.6170903,Matagne-la-Grande - Bois Comogne et Champ de tir,2026-08-02 13:27,43,8
L6555282,BE,BE-VLG,BE-VLG-OV,50.8492529,3.6479759,Mater - Blote,2017-09-05 16:30,9,1
L13542179,BE,BE-WAL,BE-WAL-NA,50.0978375,4.677622,Mazée/Treignes - Tienne de Saumières,2021-05-29 00:00,4,2
L25680328,BE,BE-VLG,BE-VLG-AN,51.0462304,4.429754,Mechelen - Den Battelaer,2026-06-10 21:24,44,2
L56553756,BE,BE-VLG,BE-VLG-AN,51.0610606,4.4619083,Mechelen - Fort van Walem,2025-12-29 15:00,1,1
L7683475,BE,BE-VLG,BE-VLG-AN,51.056206,4.433405,Mechelen - GGG Zennegat,2026-05-03 07:06,157,58
L25659725,BE,BE-VLG,BE-VLG-AN,51.0233602,4.4846381,Mechelen - Kruidtuin,2026-09-24 12:52,35,21
L1533428,BE,BE-VLG,BE-VLG-AN,51.0189923,4.5155525,Mechelen - Mechels Broek,2026-09-05 21:51,173,195
L17557041,BE,BE-VLG,BE-VLG-VB,51.0018193,4.5158529,Mechelen - Planckendael,2026-08-29 09:30,41,7
L25680340,BE,BE-VLG,BE-VLG-AN,51.0340238,4.4386775,Mechelen - Robbroek,2026-05-17 10:16,23,2
L56599174,BE,BE-VLG,BE-VLG-AN,51.0179751,4.4841663,Mechelen - Station,2026-09-08 08:09,7,1
L25680191,BE,BE-VLG,BE-VLG-AN,51.0309429,4.4780311,Mechelen - Stiltetuin,2026-05-07 09:00,24,1
L25680199,BE,BE-VLG,BE-VLG-AN,51.0193233,4.4538042,Mechelen - Vrijbroekpark,2026-08-09 12:16,51,12
L35741181,BE,BE-VLG,BE-VLG-AN,51.0294634,4.4784116,Mechelen - general city area (use more specific if possible),2025-07-23 12:37,28,8
L8010779,BE,BE-VLG,BE-VLG-VB,50.8713672,4.595202,Meerbeek Pompstation,2026-09-27 19:21,107,32
L43858918,BE,BE-VLG,BE-VLG-OV,51.2586116,4.1307735,Meerdonk - Tulpenveld,2025-05-01 19:15,23,1
L43075396,BE,BE-VLG,BE-VLG-AN,51.1310621,5.045497,Meerhout - De Meren
L22650741,BE,BE-VLG,BE-VLG-AN,51.1358565,5.0871677,Meerhout - Grote Netewoud--Totterpad,2024-07-20 09:36,17,1
L43075354,BE,BE-VLG,BE-VLG-AN,51.1230074,5.0338308,Meerhout - Hezemeer
L43075652,BE,BE-VLG,BE-VLG-AN,51.1465988,5.0567877,Meerhout - Kruiskwacht
L40105815,BE,BE-VLG,BE-VLG-AN,51.4637918,4.8134453,Meerle - Den Rooy,2026-08-23 15:12,30,5
L2768406,BE,BE-VLG,BE-VLG-OV,51.023271,3.5485518,Meerskant Vosselare,2026-09-15 08:36,103,67
L6936643,BE,BE-VLG,BE-VLG-WV,51.2252166,3.1788683,Meetkerke - Speyen,2026-03-04 19:03,58,4
L38282514,BE,BE-VLG,BE-VLG-LI,51.0515899,5.5452399,Meeuenw-Gruitrode - Turfven & Ruiterskuilen,2025-07-26 08:21,39,1
L42408696,BE,BE-VLG,BE-VLG-LI,51.0808129,5.6058504,Meeuwen-Gruitrode - Dorperheide
L42408673,BE,BE-VLG,BE-VLG-LI,51.0864541,5.6437451,Meeuwen-Gruitrode - Gruitroderheide
L42408718,BE,BE-VLG,BE-VLG-LI,51.1130666,5.6110725,Meeuwen-Gruitrode - Itterbeekvallei
L42408680,BE,BE-VLG,BE-VLG-LI,51.1006551,5.64529,Meeuwen-Gruitrode - Solterheide
L2570039,BE,BE-VLG,BE-VLG-OV,50.9028434,3.6886382,Meilegem - Kaaimeersen,2026-06-12 10:18,126,58
L15687864,BE,BE-VLG,BE-VLG-VB,50.928466,4.3271542,Meise - Plantentuin,2026-06-01 15:51,59,23
L10888966,BE,BE-VLG,BE-VLG-LI,51.0028117,5.1606431,Meldert - Laren Noord,2026-06-24 08:00,104,92
L38708321,BE,BE-VLG,BE-VLG-VB,50.7831299,4.8340099,Meldert - Meldertbos
L61956702,BE,BE-VLG,BE-VLG-LI,51.0175407,5.156028,Meldert - Venusberg,2026-04-05 13:20,23,1
L39691099,BE,BE-VLG,BE-VLG-OV,51.0245076,3.7874877,Melle - Put & Scheldepad,2026-05-17 20:37,58,5
L38024817,BE,BE-WAL,BE-WAL-LG,50.5849167,5.9910363,Membach - Lac de Gileppe,2025-12-31 13:28,33,5
L38024924,BE,BE-WAL,BE-WAL-LG,50.589483,6.0523059,Membach - Vallée de la Soor,2026-04-04 17:00,11,4
L55965384,BE,BE-VLG,BE-VLG-WV,50.7954863,3.1583554,Menen - Leievallei,2025-12-25 10:09,50,4
L23069546,BE,BE-WAL,BE-WAL-LX,49.7013644,5.4694039,Menil,2025-07-12 17:00,3,0
L43523233,BE,BE-VLG,BE-VLG-OV,51.0125334,3.7548597,Merelbeke - Blompark,2026-04-08 18:33,26,12
L16789643,BE,BE-VLG,BE-VLG-OV,50.9750504,3.754174,Merelbeke - Gentbos,2025-11-21 16:00,52,9
L2588045,BE,BE-VLG,BE-VLG-OV,51.0156446,3.7439775,Merelbeke - Liedermeerspark,2026-09-27 08:14,80,41
L6104969,BE,BE-VLG,BE-VLG-OV,50.9490728,3.7194085,Merelbeke - Makkegemse bossen,2026-03-19 12:05,69,19
L38978039,BE,BE-VLG,BE-VLG-OV,50.9793654,3.7365591,Merelbeke - Rotarybos
L30753383,BE,BE-VLG,BE-VLG-OV,51.0082812,3.7495575,Merelbeke - Sluis & Ringvaart,2026-08-01 09:12,45,5
L3545140,BE,BE-VLG,BE-VLG-OV,51.093217,3.5762485,Merendree - Durmplassen,2026-05-26 21:26,72,21
L6869016,BE,BE-VLG,BE-VLG-OV,51.0944668,3.5640764,Merendree - Kruising Kanalen,2026-09-05 01:28,71,15
L38320872,BE,BE-VLG,BE-VLG-WV,50.9494587,2.91356,Merkem - Pottebos
L47478838,BE,BE-VLG,BE-VLG-WV,51.1848542,2.839065,Middelkerke - Akkers,2025-06-13 08:24,19,1
L38280224,BE,BE-VLG,BE-VLG-WV,51.187857,2.8131866,Middelkerke - Casino,2026-06-28 17:41,31,4
L7895463,BE,BE-VLG,BE-VLG-WV,51.1856216,2.8179448,Middelkerke - Normandpark,2024-04-27 16:33,55,1
L12244234,BE,BE-VLG,BE-VLG-WV,51.1800571,2.800221,Middelkerke - Warandeduinen,2022-08-14 10:15,3,0
L16508595,BE,BE-VLG,BE-VLG-WV,51.1783008,2.7922459,Middelkerke - Zeedijk,2025-10-26 13:30,71,50
L8371116,BE,BE-VLG,BE-VLG-WV,51.1992401,3.2251882,Minnewaterpark Brugge,2026-09-25 09:43,95,309
L25813209,BE,BE-WAL,BE-WAL-LX,50.0728395,5.2679469,Mirwart - Vallée de la Lomme,2023-07-09 10:52,16,1
L5162844,BE,BE-WAL,BE-WAL-LX,50.1001017,5.4081488,Mochamps,2026-07-07 18:00,55,8
L38320897,BE,BE-VLG,BE-VLG-WV,50.7812448,3.3750795,Moen - Orveytbos,2026-04-21 08:24,21,0
L57774802,BE,BE-VLG,BE-VLG-OV,51.1622179,3.9227517,Moerbeke - Maaibos & omgeving,2026-01-29 00:00,12,1
L10079438,BE,BE-VLG,BE-VLG-WV,51.1584077,3.2571888,Moerbrugge - Warandeputten,2026-09-11 13:29,99,55
L45035496,BE,BE-VLG,BE-VLG-WV,51.2443632,3.340867,Moerkerke - Dorp,2025-05-15 15:39,12,1
L28585628,BE,BE-WAL,BE-WAL-LX,49.6550469,5.3785242,Mohimont - Forêt d'Orval Northeast
L40340601,BE,BE-VLG,BE-VLG-AN,51.2130938,5.0519943,Mol - Bossen SCK
L16180140,BE,BE-VLG,BE-VLG-AN,51.2371248,5.1841352,"Molse Zandputten (general, be more specific)",2026-08-21 14:26,151,92
L22650603,BE,BE-VLG,BE-VLG-AN,51.2175898,5.1034011,Molse zandputten--Boerentang
L13230054,BE,BE-VLG,BE-VLG-AN,51.22898,5.09596,Molse zandputten--Groeve Donk,2026-07-05 11:52,42,3
L12244367,BE,BE-VLG,BE-VLG-AN,51.2283282,5.1563404,Molse zandputten--Grote Zandput,2026-07-05 12:48,103,10
L13397953,BE,BE-VLG,BE-VLG-AN,51.231776,5.1751844,Molse zandputten--Kanaalplas,2025-12-30 13:14,68,16
L16199561,BE,BE-VLG,BE-VLG-LI,51.23506,5.24553,Molse zandputten--Kristallijn & Maatheide,2026-07-21 18:41,4,1
L22650562,BE,BE-VLG,BE-VLG-AN,51.2188272,5.1281361,Molse zandputten--Miramar,2026-01-25 14:31,30,3
L40299441,BE,BE-VLG,BE-VLG-AN,51.221957,5.1590284,Molse zandputten--Plas Leblanc,2026-01-12 13:10,37,0
L40299412,BE,BE-VLG,BE-VLG-AN,51.2375008,5.19972,Molse zandputten--Plas Stroobants,2025-02-16 11:05,14,2
L13335503,BE,BE-VLG,BE-VLG-AN,51.22635,5.20044,Molse zandputten--Put Rauw,2026-07-10 12:19,85,15
L40317158,BE,BE-VLG,BE-VLG-AN,51.2261192,5.1354623,Molse zandputten--Put Van Asch,2025-02-16 09:13,12,2
L22668323,BE,BE-VLG,BE-VLG-AN,51.2247441,5.1793127,Molse zandputten--Stortplas,2026-01-12 12:54,77,26
L22650553,BE,BE-VLG,BE-VLG-AN,51.2242586,5.1215057,Molse zandputten--Warande,2026-01-25 13:40,18,2
L40340584,BE,BE-VLG,BE-VLG-AN,51.2233396,5.1719899,Molse zandputten--Zilvermeer,2025-12-28 09:14,23,1
L28585698,BE,BE-WAL,BE-WAL-HT,50.0256514,4.2024562,Momignies - Forêt
L76903625,BE,BE-WAL,BE-WAL-HT,50.4529014,3.9617302,Mons (General Area),2026-09-07 08:00,3,0
L38284721,BE,BE-WAL,BE-WAL-HT,50.4570833,4.0188916,Mons - Bois d'Havré,2026-05-25 19:11,29,3
L38284704,BE,BE-WAL,BE-WAL-HT,50.4584597,4.0600305,Mons - Bois de Beaulieu
L2668556,BE,BE-WAL,BE-WAL-HT,50.4714783,3.9407873,Mons - Grand Large de Nimy,2026-07-14 08:40,58,14
L38284708,BE,BE-WAL,BE-WAL-HT,50.4656956,4.0772344,Mons - RN de Thieu,2026-09-12 19:55,8,1
L18865046,BE,BE-WAL,BE-WAL-BW,50.5971,4.281,Monstreux - Bois du Planti,2024-07-11 10:41,26,1
L13801677,BE,BE-WAL,BE-WAL-LX,49.6328561,5.591971,Montauban-Buzenol,2026-06-16 17:51,42,18
L4389726,BE,BE-WAL,BE-WAL-LG,50.3582209,6.1219168,Montenau,2016-03-15 10:20,15,0
L12630679,BE,BE-WAL,BE-WAL-LG,50.6908424,5.9350057,Montzen - Forest near Klinkenweg,2024-07-25 09:30,29,5
L60044723,BE,BE-VLG,BE-VLG-WV,50.9103598,3.0674265,Moorslede - Vierkavenbos,2026-03-24 15:25,13,2
L42467863,BE,BE-WAL,BE-WAL-HT,50.4705837,4.235041,Morlanwelz - Parc de Mariemont,2026-03-07 10:50,19,3
L38620264,BE,BE-WAL,BE-WAL-LX,49.800892,5.2072168,Mortehan - Semois,2026-08-24 11:17,54,6
L12860108,BE,BE-VLG,BE-VLG-AN,51.178,4.477,Mortsel - De Zigeuner,2023-11-05 16:48,18,2
L12847759,BE,BE-VLG,BE-VLG-AN,51.1792361,4.4589656,Mortsel - Klein-Zwitserland,2025-11-26 14:58,26,5
L44182962,BE,BE-VLG,BE-VLG-VB,51.0067674,4.5306423,Muizen (Mechelen) - Monding Barebeek,2026-07-01 13:25,55,5
L7263990,BE,BE-VLG,BE-VLG-OV,50.8829687,3.7215672,Munkzwalm - Zwalmvallei,2025-08-15 14:31,25,2
L55812724,BE,BE-VLG,BE-VLG-OV,50.9477937,3.7437093,Munte - Makenbos,2026-01-25 10:46,25,1
L55812733,BE,BE-VLG,BE-VLG-OV,50.9606766,3.7324784,Munte - Nerenbos,2026-07-18 11:54,22,1
L11637812,BE,BE-WAL,BE-WAL-LX,49.5530632,5.7152229,Musson - Crassier de Musson,2024-05-27 09:52,56,3
L29752811,BE,BE-WAL,BE-WAL-LG,50.5477419,5.5887311,Méry - Ourthe,2026-06-25 11:40,29,4
L8226300,BE,BE-WAL,BE-WAL-LX,50.0933706,5.4070222,Môchamps - Tour de Priesse,2026-09-19 07:15,37,7
L3835083,BE,BE-VLG,BE-VLG-AN,51.1873594,4.4077921,"Nachtegalenpark, Antwerp",2026-08-28 18:52,62,21
L10837386,BE,BE-WAL,BE-WAL-NA,50.0947291,4.6928734,Najauge,2024-05-12 10:18,18,1
L13542190,BE,BE-WAL,BE-WAL-NA,50.0954262,4.6993668,Najauge - Tienne de Najauge
L12546163,BE,BE-WAL,BE-WAL-NA,50.459799,4.8611069,Namur - Citadelle,2026-09-12 14:42,67,19
L6936524,BE,BE-WAL,BE-WAL-LX,49.7076916,5.6075978,Nantimont,2026-08-16 12:50,5,1
L42829942,BE,BE-WAL,BE-WAL-NA,49.9391341,5.0923809,Naomé - Forêts
L34633648,BE,BE-WAL,BE-WAL-LX,50.1283095,5.3542009,Nassogne - Boccogne,2026-04-11 11:05,18,1
L3730557,BE,BE-WAL,BE-WAL-LX,50.1200278,5.3708982,Nassogne - Forrests,2021-01-17 12:32,57,6
L30500851,BE,BE-WAL,BE-WAL-LX,50.0955562,5.3583232,Nassogne - La Diglette,2026-05-27 10:52,16,1
L14801439,BE,BE-VLG,BE-VLG-AN,51.1168745,4.2913823,Nattenhaasdonk,2026-02-05 11:00,23,3
L2508808,BE,BE-VLG,BE-VLG-OV,50.9521279,3.5480905,Nazareth - Callemoeie,2026-09-26 12:10,172,258
L2508675,BE,BE-VLG,BE-VLG-OV,50.978588,3.6222482,Nazareth - Hospicebossen,2025-09-09 12:26,53,16
L28776905,BE,BE-VLG,BE-VLG-OV,50.9539303,3.5632985,Nazareth - Prijkels Zuid,2026-03-14 10:56,7,3
L6552772,BE,BE-VLG,BE-VLG-OV,50.9573454,3.5643768,Nazareth - Prijkels-noord,2026-03-14 10:51,12,4
L13411156,BE,BE-VLG,BE-VLG-OV,50.9755732,3.5985392,Nazareth - Vijver ter Biezen,2000-02-05 00:00,2,0
L2634155,BE,BE-VLG,BE-VLG-OV,50.8602522,3.6275804,Nederename - Putten VDM,2026-08-05 19:55,105,10
L12860417,BE,BE-VLG,BE-VLG-VB,50.92,4.584,Nederokkerzeel - Silsombos,2026-06-20 08:54,38,3
L6941341,BE,BE-VLG,BE-VLG-OV,50.8912856,3.6804628,Nederzwalm - Blarewater,2025-11-15 12:04,31,8
L3725393,BE,BE-VLG,BE-VLG-VB,50.8190456,4.6083033,Neerijse - Ganzeman,2026-05-30 12:15,49,5
L6087706,BE,BE-VLG,BE-VLG-VB,50.8280233,4.6387196,Neerijse - Grote Bron,2026-09-23 09:10,137,62
L7920061,BE,BE-VLG,BE-VLG-LI,51.2523659,5.4147336,Neerpelt - Het Hageven,2026-09-24 09:22,135,61
L58963068,BE,BE-VLG,BE-VLG-LI,51.2603645,5.4359467,Neerpelt - Turfven,2026-02-20 16:30,3,0
L42408858,BE,BE-VLG,BE-VLG-LI,51.236746,5.4959417,Neerpelt - Warmbeekvallei
L38502927,BE,BE-VLG,BE-VLG-VB,50.7774769,5.0515345,Neerwinden - Akkers
L13582448,BE,BE-WAL,BE-WAL-LG,50.2536246,6.1474996,Neidingen alte Mühle,2020-12-10 14:00,23,0
L32668205,BE,BE-VLG,BE-VLG-OV,51.0574957,3.5123283,Nevele - Groot Veldeken,2025-06-25 08:00,28,1
L39308042,BE,BE-VLG,BE-VLG-AN,51.1081505,4.3128662,Niel - Nielsbroek
L39307247,BE,BE-VLG,BE-VLG-AN,51.1043945,4.3425352,Niel - Walenhoek,2026-01-08 11:28,46,9
L32567127,BE,BE-VLG,BE-VLG-WV,50.9918669,2.8010773,Nieuwkapelle - Put,2026-07-04 01:00,54,7
L19559559,BE,BE-VLG,BE-VLG-LI,50.8564596,5.2184629,Nieuwkerken - Nieuwenhoven,2025-04-03 13:48,55,3
L21950608,BE,BE-VLG,BE-VLG-WV,51.1206572,2.7565491,Nieuwpoort - Koolhofput,2026-08-13 16:32,75,16
L7872048,BE,BE-VLG,BE-VLG-WV,51.1418455,2.709915,Nieuwpoort - Simli-duinen,2025-12-11 15:36,45,2
L12244416,BE,BE-VLG,BE-VLG-WV,51.1336289,2.777638,Nieuwpoort - Spaarbekken,2026-05-03 13:39,29,4
L16262613,BE,BE-VLG,BE-VLG-WV,51.1465762,2.7090183,Nieuwpoort - Takkenbossen Groenendijk,2026-05-07 14:14,22,1
L28690116,BE,BE-VLG,BE-VLG-AN,51.1590037,4.6423135,Nijlen - Het Goor,2026-01-31 13:21,14,1
L17554587,BE,BE-VLG,BE-VLG-AN,51.1603321,4.6328988,Nijlen - Kesselse Heide,2026-03-15 11:18,47,9
L61040854,BE,BE-VLG,BE-VLG-AN,51.178276,4.654887,Nijlen - Varenheuvel,2026-04-10 08:33,36,2
L28585714,BE,BE-WAL,BE-WAL-HT,49.9624997,4.4184902,Nimelette - Forêt
L38472169,BE,BE-VLG,BE-VLG-OV,50.8129338,4.0628995,Ninove - Neigembos,2026-08-08 17:01,24,3
L7872030,BE,BE-WAL,BE-WAL-NA,50.0750221,4.5476927,Nismes - Centre,2026-06-20 20:01,87,11
L10837473,BE,BE-WAL,BE-WAL-NA,50.0652108,4.5595335,Nismes - Roche Trouée,2026-06-15 13:39,26,4
L12208240,BE,BE-WAL,BE-WAL-NA,50.0773485,4.542601,Nismes - Tienne Breumont,2026-06-20 11:20,69,15
L2912036,BE,BE-WAL,BE-WAL-NA,50.0695772,4.558028,Nismes - le Fondry des Chiens,2026-08-26 10:30,78,34
L2912017,BE,BE-WAL,BE-WAL-NA,50.0751273,4.5583177,Nismes - le Morainy / Les Abannets,2025-06-08 11:50,67,9
L18660543,BE,BE-WAL,BE-WAL-BW,50.5901408,4.2819711,Nivelles - Bois du Planti
L18079144,BE,BE-WAL,BE-WAL-HT,50.5789827,4.2530019,Nivelles - La Samme - Chateau de la Rocq,2022-07-23 14:00,31,2
L20677037,BE,BE-WAL,BE-WAL-BW,50.5979638,4.3236821,Nivelles - centre,2024-07-11 14:20,4,1
L13542255,BE,BE-WAL,BE-WAL-NA,50.1241337,4.6979088,Niverlée - Coupu Tiène,2026-06-21 10:14,20,1
L58042102,BE,BE-VLG,BE-VLG-OV,50.8798881,3.4996552,Nokere - Kasteeldomein,2021-05-17 07:00,6,1
L3175341,BE,BE-VLG,BE-VLG-AN,51.1151617,4.305954,Noordelijk Eiland,2026-09-12 15:07,142,112
L12860089,BE,BE-VLG,BE-VLG-WV,51.2008557,2.7638065,North Sea Belgium Coast,2025-05-27 14:18,63,3
L46726384,BE,BE-WAL,BE-WAL-LX,50.244116,5.6981089,Odeigne - Réserve Naturelle du Plateau des Tailles,2026-09-19 19:53,56,11
L52941569,BE,BE-VLG,BE-VLG-WV,51.1936883,3.3585276,Oedelem - Veldhoek,2025-09-17 14:38,7,1
L32423424,BE,BE-VLG,BE-VLG-AN,51.2217019,4.6070111,Oelegem - Vrieselhof,2026-08-20 09:48,41,4
L1346537,BE,BE-VLG,BE-VLG-AN,51.1935909,4.8820992,Olens broek,2026-07-05 08:30,75,27
L13542118,BE,BE-WAL,BE-WAL-NA,50.0754621,4.5845503,Olloy-sur-Viroin - Carrière,2023-04-29 14:45,12,4
L7872029,BE,BE-WAL,BE-WAL-NA,50.0709942,4.607244,Olloy-sur-Viroin - Centre,2026-04-26 12:12,78,9
L14224737,BE,BE-VLG,BE-VLG-AN,51.1463077,5.1371384,Olmen - Griesbroek,2025-03-07 08:30,2,2
L28585777,BE,BE-WAL,BE-WAL-NA,50.2082688,4.7114538,Omezée - Forêt
L15366336,BE,BE-VLG,BE-VLG-WV,50.8887721,3.3380032,Ooigem - Ooigembos en Leiegebied,2024-05-11 15:00,60,3
L42260779,BE,BE-VLG,BE-VLG-WV,50.8934686,3.3416365,Ooigem - Oude Leiearm,2026-04-19 10:02,38,3
L27867657,BE,BE-VLG,BE-VLG-OV,51.0842078,3.762185,Oostakker - Lourdes,2026-08-31 20:35,1,0
L3749057,BE,BE-VLG,BE-VLG-WV,51.1345547,2.694869,Oostduinkerke - Ter Yde,2026-09-27 09:21,83,9
L3749055,BE,BE-VLG,BE-VLG-WV,51.1382169,2.6895475,Oostduinkerke - Zeebermduinen,2026-09-27 08:09,119,21
L7920066,BE,BE-VLG,BE-VLG-WV,51.1339464,2.6691044,Oostduinkerke-Bad - Strand,2026-09-16 14:39,45,14
L17397710,BE,BE-VLG,BE-VLG-OV,51.1924767,3.7234675,Oosteeklo/Ertvelde - Ter Eken,2026-03-24 12:03,78,21
L12244246,BE,BE-VLG,BE-VLG-WV,51.2188202,2.9875572,Oostende - Achterhaven,2026-08-26 12:24,61,4
L6802124,BE,BE-VLG,BE-VLG-WV,51.2184522,2.8897111,Oostende - Hippodroom,2026-04-25 10:19,15,3
L6714609,BE,BE-VLG,BE-VLG-WV,51.2205757,2.9260699,Oostende - Maria Hendrika park,2025-12-11 10:59,54,15
L16899729,BE,BE-VLG,BE-VLG-WV,51.1923702,2.8768532,Oostende - Omgeving Luchthaven,2025-10-12 16:50,43,2
L21257328,BE,BE-VLG,BE-VLG-WV,51.2058866,2.9490516,Oostende - Stadsrandbos,2025-06-06 16:59,37,2
L3297942,BE,BE-VLG,BE-VLG-WV,51.2450201,2.9177499,Oostende - Zee,2026-01-22 15:30,81,18
L11923873,BE,BE-VLG,BE-VLG-AN,51.1071031,4.9850801,Oosterlo - Netevallei,2025-01-25 10:39,63,2
L38978078,BE,BE-VLG,BE-VLG-OV,50.949981,3.7760904,Oosterzele - Drooghout,2026-09-12 12:08,7,0
L42830240,BE,BE-VLG,BE-VLG-OV,50.9351966,3.8086893,Oosterzele - Ettingebos
L42830255,BE,BE-VLG,BE-VLG-OV,50.9189237,3.7640707,Oosterzele - Spiegeldriesbos,2026-04-26 14:00,22,1
L38714737,BE,BE-VLG,BE-VLG-WV,51.1256296,3.1989873,Oostkamp - Doeveren,2026-09-21 10:05,30,2
L38861798,BE,BE-VLG,BE-VLG-WV,51.0852059,3.2293421,Oostkamp - Domein Zorgvliet,2025-04-13 10:13,20,1
L38714745,BE,BE-VLG,BE-VLG-WV,51.1231146,3.2381249,Oostkamp - Kampveld,2025-10-16 10:55,9,1
L58605732,BE,BE-VLG,BE-VLG-WV,51.1554301,3.2670457,Oostkamp - Leiemeersen,2026-06-07 14:37,15,2
L3382431,BE,BE-VLG,BE-VLG-AN,51.2662847,4.7593049,Oostmalle - Vliegveld & Blommershot,2026-07-02 20:18,97,22
L6464015,BE,BE-VLG,BE-VLG-OV,51.1040717,3.4754047,Oostmolen - Kanaal,2025-05-23 11:28,28,1
L6869279,BE,BE-VLG,BE-VLG-OV,51.1491643,3.5372973,Oostwinkel - Landbouwgebieden,2020-12-17 15:22,95,88
L6840877,BE,BE-VLG,BE-VLG-OV,51.1373822,3.5266703,Oostwinkel - Trektelpost Mostmolen,2024-05-07 15:06,92,41
L3511970,BE,BE-VLG,BE-VLG-OV,50.7866211,3.7317252,"Opbrakel, Bovenloop Zwalm",2026-04-29 21:03,46,3
L38282573,BE,BE-VLG,BE-VLG-LI,51.063268,5.6167665,Opglabbeek - Oudsberg,2026-04-27 21:25,14,1
L28585590,BE,BE-WAL,BE-WAL-LX,49.6375286,5.3850825,Orval - Forêt d'Orval East
L28585613,BE,BE-WAL,BE-WAL-LX,49.6570746,5.3491574,Orval - Forêt d'Orval North
L28585606,BE,BE-WAL,BE-WAL-LX,49.6421986,5.3292845,Orval - Forêt d'Orval West,2024-10-20 09:53,22,2
L28585555,BE,BE-WAL,BE-WAL-LX,49.6349436,5.3466501,Orval - Lac,2026-07-06 07:33,30,5
L26589792,BE,BE-WAL,BE-WAL-BW,50.6583577,4.5809984,Ottignies - Bois des Rêves,2026-09-19 10:23,52,7
L30129660,BE,BE-WAL,BE-WAL-BW,50.6844662,4.6106154,Ottignies-Louvain-la-Neuve - Bois de lauselle
L7326085,BE,BE-VLG,BE-VLG-OV,51.0464463,3.7485802,Oud Gentbrugge - Schelde,2026-06-10 16:56,56,99
L38282647,BE,BE-VLG,BE-VLG-VB,50.8406485,4.6844383,Oud-Heverlee - Heverleebos,2026-06-13 22:30,53,6
L38282662,BE,BE-VLG,BE-VLG-VB,50.8066105,4.6838932,Oud-Heverlee - Meerdaalwoud,2026-07-07 19:50,45,5
L6193650,BE,BE-VLG,BE-VLG-VB,50.819819,4.702209,Oud-Heverlee - Meerdaalwoud,2026-04-08 16:11,91,20
L6089824,BE,BE-VLG,BE-VLG-VB,50.8441587,4.6613789,Oud-Heverlee - Oud-Heverlee-Noord,2026-09-24 11:15,154,133
L3956989,BE,BE-VLG,BE-VLG-VB,50.8395518,4.6549523,Oud-Heverlee - Oud-Heverlee-Zuid,2026-09-24 11:40,176,210
L17933327,BE,BE-VLG,BE-VLG-VB,50.8230636,4.6540113,Oud-Heverlee - Zoete Waters,2026-05-30 15:40,70,15
L36503937,BE,BE-VLG,BE-VLG-VB,50.8375285,4.6461016,Oud-heverlee - grassland near Stationsstraat,2026-08-27 19:40,95,19
L2570018,BE,BE-VLG,BE-VLG-OV,50.851014,3.6205745,Oudenaarde -  Schelde sluis & vistrap,2026-08-04 13:16,52,12
L23140238,BE,BE-VLG,BE-VLG-OV,50.8433987,3.5996542,Oudenaarde - De Vestingen,2026-07-03 12:09,49,21
L7602322,BE,BE-VLG,BE-VLG-OV,50.8274768,3.6360133,Oudenaarde - Eikenberg,2024-03-14 18:15,5,0
L8849978,BE,BE-VLG,BE-VLG-OV,50.8364428,3.6031111,Oudenaarde - Speibos,2026-01-05 16:42,39,7
L56598938,BE,BE-VLG,BE-VLG-OV,50.8502573,3.6001891,Oudenaarde - Station,2026-02-09 07:16,2,1
L38776828,BE,BE-VLG,BE-VLG-WV,51.1836897,3.0067775,Oudenburg - Centrum,2026-08-30 18:45,34,5
L29832362,BE,BE-VLG,BE-VLG-WV,51.1893432,3.019927,Oudenburg - Weiden Ettelgem,2026-09-17 17:06,45,15
L42408735,BE,BE-VLG,BE-VLG-LI,51.118599,5.5364656,Oudsbergen - Soetebeek
L8496420,BE,BE-WAL,BE-WAL-LG,50.7246792,5.6863511,Oupeye - Friche d'Hermalle-sous-Argenteau,2026-07-29 15:09,80,22
L12860422,BE,BE-VLG,BE-VLG-VB,50.755,4.924,Outgaarden - Plateau,2024-05-23 09:57,55,5
L59879443,BE,BE-VLG,BE-VLG-OV,50.921,3.60326,Ouwegem - Huisgaver (Lisdodde bekken ),2026-07-18 11:36,2,1
L30347194,BE,BE-VLG,BE-VLG-OV,50.93,3.595,Ouwegem - Leebeekvallei,2026-03-15 11:45,74,29
L12558595,BE,BE-VLG,BE-VLG-VB,50.7793052,4.5544692,Overijse - IJsebroeken,2026-04-21 09:08,51,10
L64323889,BE,BE-VLG,BE-VLG-VB,50.728565,4.522185,Overijse - Meer van Genval,2026-04-29 12:22,13,0
L6181069,BE,BE-VLG,BE-VLG-VB,50.7729719,4.5747757,Overijse - Terlanenveld,2026-05-09 20:56,13,1
L45392728,BE,BE-VLG,BE-VLG-OV,51.0582605,3.9708284,Overmere - Heikant,2026-04-25 07:16,41,10
L3055202,BE,BE-WAL,BE-WAL-LG,50.4759701,6.1010277,Ovifat - Valle de l'Ambleve,2026-06-17 16:45,57,10
L40789115,BE,BE-WAL,BE-WAL-NA,49.8855207,4.8898926,PN Bohan-Membre,2026-06-08 12:01,46,7
L2673169,BE,BE-VLG,BE-VLG-OV,51.3343119,4.2528784,Paardenschor,2026-09-27 10:15,138,65
L38708304,BE,BE-VLG,BE-VLG-VB,50.8536857,4.9338071,Paddepoel,2026-06-27 14:03,56,16
L42812140,BE,BE-VLG,BE-VLG-VB,50.7710867,4.0394494,Pajottegem - Steenhoutbos
L42829964,BE,BE-WAL,BE-WAL-LX,49.9183904,5.1208217,Paliseul - Forêts
L23263830,BE,BE-VLG,BE-VLG-AN,51.1200637,4.5574071,Pallieterpolder,2026-09-27 13:00,100,20
L1151501,BE,BE-BRU,,50.8385846,4.379755,Parc Leopold,2026-09-18 15:34,71,264
L16568264,BE,BE-BRU,,50.8065856,4.4280267,Parc Tenreuken,2026-08-06 18:11,64,42
L6225277,BE,BE-WAL,BE-WAL-LG,50.6331855,5.568459,Parc d'Avroy,2026-09-02 12:20,28,14
L8371055,BE,BE-BRU,,50.894724,4.3431042,Parc d'Osseghem Laeken,2026-09-27 09:30,68,110
L1228173,BE,BE-BRU,,50.8440097,4.3639541,Parc de Bruxelles / Warandepark,2026-09-23 08:02,82,471
L76937407,BE,BE-WAL,BE-WAL-HT,50.45441,3.9491145,Parc de Château Mons
L3109923,BE,BE-BRU,,50.8303366,4.429915,Parc de Woluwe,2026-09-19 13:05,86,117
L17556338,BE,BE-BRU,,50.8275853,4.4347,Parc des Etangs Mellaerts,2026-09-17 08:45,58,18
L76937348,BE,BE-WAL,BE-WAL-HT,50.4523262,3.964498,Parc du Waux-Hall
L76653037,BE,BE-BRU,,50.8094363,4.2958727,Parc du Zuun,2026-09-03 18:00,4,1
L38282422,BE,BE-VLG,BE-VLG-LI,51.2482132,5.3556301,Parelstrand & Heuvelse Heide,2026-09-27 12:30,12,2
L30820407,BE,BE-VLG,BE-VLG-OV,51.2520921,4.2806894,Park Kallo
L30753492,BE,BE-WAL,BE-WAL-LX,50.3162494,5.5375563,Pas-Bayard - Croix d'Eveux,2025-06-03 15:39,10,1
L59586899,BE,BE-VLG,BE-VLG-LI,51.1366337,5.4318488,Peer - Mullemer Bemden,2026-09-26 13:27,27,1
L35342658,BE,BE-VLG,BE-VLG-VB,50.8660189,4.8042186,Pellenberg - De Sloep,2025-06-02 13:00,47,2
L57453366,BE,BE-VLG,BE-VLG-VB,50.8812008,4.7793877,Pellenberg - Gasthuisbos
L38721094,BE,BE-VLG,BE-VLG-LI,51.2045159,5.4757527,Pelt - Kolisbos
L42747949,BE,BE-WAL,BE-WAL-LG,50.5657938,5.7818985,Pepinster - Rocher des sottais,2025-04-16 16:35,29,1
L3480380,BE,BE-VLG,BE-VLG-OV,50.8304993,3.5863066,Petegem - Schelde,2024-05-01 17:30,14,4
L28666567,BE,BE-WAL,BE-WAL-LX,50.2749878,5.3870608,Petite Eneille - Forêt
L28666555,BE,BE-WAL,BE-WAL-LX,50.3146357,5.4472301,Petithan - Forêt,2024-03-09 11:30,12,1
L7920048,BE,BE-WAL,BE-WAL-HT,50.181957,4.3693727,Plate-Taille - Lac de l'Eau d'Heure,2026-02-21 08:52,99,27
L28538742,BE,BE-WAL,BE-WAL-HT,50.7369079,2.9005476,Ploegsteert - Forest
L62566584,BE,BE-VLG,BE-VLG-OV,51.0433678,3.4526938,Poekebos
L9013725,BE,BE-VLG,BE-VLG-OV,51.1477333,4.317556,Polders van Kruibeke (general),2026-09-27 08:30,238,1170
L77453802,BE,BE-VLG,BE-VLG-OV,51.1497222,4.3215576,Polders van Kruibeke--Bazelse Polder Noord
L10230209,BE,BE-VLG,BE-VLG-OV,51.1384876,4.318175,Polders van Kruibeke--Bazelse Polder Zuid,2026-09-24 18:01,140,127
L29464432,BE,BE-VLG,BE-VLG-OV,51.1337561,4.3057118,Polders van Kruibeke--Coningshofke,2026-07-14 13:50,68,10
L4056814,BE,BE-VLG,BE-VLG-OV,51.177944,4.3217039,Polders van Kruibeke--Kortbroek,2026-09-04 08:47,148,159
L10230205,BE,BE-VLG,BE-VLG-OV,51.1664392,4.3194851,Polders van Kruibeke--Kruibeke Polder,2026-09-20 11:40,138,115
L42830152,BE,BE-VLG,BE-VLG-OV,50.8156418,3.9859786,Pollare - Kwabroeken,2026-05-16 16:46,2,0
L38149265,BE,BE-WAL,BE-WAL-HT,50.4863631,4.3911802,Pont-à-Celles - RN Viesville,2026-07-04 18:26,43,2
L3585046,BE,BE-WAL,BE-WAL-NA,50.2242293,4.9129486,Pont-à-Lesse,2026-09-08 16:39,59,9
L9791688,BE,BE-VLG,BE-VLG-WV,50.8465076,2.7189175,Poperinge - Bufferbekkens Vleterbeek,2026-09-20 17:30,1,1
L38320841,BE,BE-VLG,BE-VLG-WV,50.8685587,2.6689358,Poperinge - Couthofbos
L22389141,BE,BE-VLG,BE-VLG-WV,50.8424684,2.7147828,Poperinge - Hoogwateruitzettingszones van Vleterbeek,2025-07-04 16:30,42,3
L19164545,BE,BE-VLG,BE-VLG-AN,51.4662488,5.0096127,Poppel - Nieuwe Ley,2022-04-29 06:15,19,2
L42829892,BE,BE-WAL,BE-WAL-LX,49.9833177,5.1224252,Porcheresse - Vallée de la Lesse
L13175284,BE,BE-VLG,BE-VLG-AN,51.2873198,5.1605039,Postel - Ronde Put,2026-09-20 10:50,123,44
L38960742,BE,BE-WAL,BE-WAL-LG,50.5096595,5.5693072,Poulseur - Carrière de Montfort,2025-12-27 12:25,15,2
L3778683,BE,BE-WAL,BE-WAL-NA,50.3803109,4.8707843,Profondevill - La Meuse,2025-05-08 14:05,16,4
L4008329,BE,BE-VLG,BE-VLG-OV,51.3299055,4.2242002,Prosperpolder,2026-09-26 12:26,163,103
L38321045,BE,BE-VLG,BE-VLG-OV,51.3204155,4.2183711,Prosperpolder Zuid,2026-06-23 05:30,93,13
L69981103,BE,BE-VLG,BE-VLG-WV,50.8393193,2.8955589,Prés d'Ypres,2026-06-06 09:00,37,1
L14922846,BE,BE-VLG,BE-VLG-AN,51.2398535,4.7397922,Pulderbos - Rommelzwaan,2025-03-30 14:46,29,1
L3265226,BE,BE-WAL,BE-WAL-NA,50.3121465,4.9438047,Purnode,2015-01-04 12:50,14,1
L3265263,BE,BE-WAL,BE-WAL-NA,50.3226144,4.9523878,Purnode - Vallée du Bocq,2026-04-26 11:40,27,4
L39308058,BE,BE-VLG,BE-VLG-AN,51.0956887,4.3152972,Puurs-Sint-Amands - De Vliet
L36921682,BE,BE-WAL,BE-WAL-BW,50.7761865,4.6428591,Pécrot - Grand Pré,2026-04-12 10:00,52,8
L10287975,BE,BE-WAL,BE-WAL-BW,50.7750255,4.6475019,Pécrot - Étang de Pécrot,2026-06-10 08:10,82,19
L38284936,BE,BE-WAL,BE-WAL-HT,50.514059,3.6280863,Péruwelz - Bois Battalle
L38284927,BE,BE-WAL,BE-WAL-HT,50.4931382,3.6251269,Péruwelz - Bois de Bon-Secours
L38284966,BE,BE-WAL,BE-WAL-HT,50.5203539,3.5679619,Péruwelz - Marais de la Verne
L38284995,BE,BE-WAL,BE-WAL-HT,50.4946451,3.5161984,Péruwelz - Prairies du Biez
L76260434,BE,BE-BRU,,50.8276012,4.3084619,Quai de Biestebroeck
L7158373,BE,BE-WAL,BE-WAL-HT,50.4148451,3.7192798,Quiévrain,2021-04-17 00:00,6,1
L38284868,BE,BE-WAL,BE-WAL-HT,50.3706785,3.9017138,Quévy - Bois du Tileul
L3256487,BE,BE-WAL,BE-WAL-HT,50.714151,2.9048538,RN de  Ploegsteert (Briqueterie),2026-09-26 08:38,148,132
L29807029,BE,BE-WAL,BE-WAL-NA,50.1563879,5.183557,RN de Behotte,2026-09-26 07:20,56,2
L30753419,BE,BE-WAL,BE-WAL-NA,50.5030219,5.0412355,RN de Sclaigneaux,2026-07-24 13:12,26,1
L12149720,BE,BE-VLG,BE-VLG-VB,50.758692,5.0155748,Racour - Plateau van Laar,2026-05-16 09:22,40,8
L17966847,BE,BE-WAL,BE-WAL-LG,50.4115698,5.7707876,Rahier - Bois d'Èzès Hés,2022-03-03 09:14,36,6
L17966888,BE,BE-WAL,BE-WAL-LG,50.4106684,5.7687975,Rahier - Camping Châlet Week-End,2025-12-30 16:30,23,6
L28666656,BE,BE-WAL,BE-WAL-NA,50.3123707,5.2832246,Ramezée - Forêt
L51642709,BE,BE-VLG,BE-VLG-WV,51.1094948,2.8049211,Ramskapelle - Akkers,2025-08-17 12:58,5,1
L38721067,BE,BE-VLG,BE-VLG-AN,51.4413058,5.0116756,Ravels - De Schrieken
L19229545,BE,BE-VLG,BE-VLG-AN,51.3626524,5.0158305,Ravels - Gewestbos,2026-04-19 10:53,39,7
L38721069,BE,BE-VLG,BE-VLG-AN,51.3873592,4.9742468,Ravels - Weelde
L8865717,BE,BE-VLG,BE-VLG-WV,51.2025639,2.8531197,Raversijde - Provinciedomein,2026-09-27 11:41,113,59
L3130379,BE,BE-VLG,BE-VLG-WV,51.2105399,2.8646851,Raversijde - Strand,2026-09-24 11:36,84,26
L6726043,BE,BE-VLG,BE-VLG-WV,51.1971269,2.8469876,Raversijde - Wildlife Rescue Centre,2026-09-24 09:21,80,23
L3611906,BE,BE-WAL,BE-WAL-LG,50.3407497,6.0261297,Rechterbach,2026-04-14 12:31,81,23
L13950265,BE,BE-WAL,BE-WAL-NA,50.0146069,4.5922383,Regnièssart - Bois de Couvin,2021-04-16 08:00,34,3
L54067762,BE,BE-WAL,BE-WAL-LX,50.2441436,5.7783878,Regné - Fagne de Sacrawé et La Grande Fagne,2026-09-19 14:39,52,10
L72982454,BE,BE-WAL,BE-WAL-HT,50.751656,3.4550881,Rejet de Rhosnes,2026-07-09 09:45,19,0
L4356527,BE,BE-VLG,BE-VLG-LI,50.9326854,5.6354713,Rekem - Vallei van de Zijpbeek,2026-08-19 13:03,109,37
L42829424,BE,BE-VLG,BE-VLG-WV,50.9550992,2.7676327,Reninge - Ijzervallei Westboek,2025-06-09 08:13,41,2
L8120818,BE,BE-VLG,BE-VLG-WV,50.9650256,2.8183146,Reninge - Kemmelbeekvallei,2025-05-02 06:58,87,4
L4640999,BE,BE-WAL,BE-WAL-LX,50.0942103,5.1787233,Resteigne,2026-07-25 06:52,60,5
L10849482,BE,BE-VLG,BE-VLG-AN,51.2227758,5.0328333,Retie - Kattesteertvijver,2026-09-15 14:20,102,69
L40340644,BE,BE-VLG,BE-VLG-LI,51.255303,5.2480678,Riebos,2026-01-25 14:00,3,1
L22876654,BE,BE-VLG,BE-VLG-OV,51.1670297,3.7690269,Rieme - Koppelingsgebied Rieme Zuid,2026-04-16 21:42,78,14
L38708351,BE,BE-VLG,BE-VLG-LI,50.8075212,5.6836867,Riemst - Plateau van Caestert,2026-04-18 11:55,6,1
L7448681,BE,BE-WAL,BE-WAL-NA,49.9759828,4.8763525,Rienne - Cocole,2024-07-04 15:56,65,6
L38720881,BE,BE-VLG,BE-VLG-AN,51.333226,4.7226405,Rijkevorsel - Bonte Klepper
L12215127,BE,BE-VLG,BE-VLG-AN,51.0123371,4.5707288,Rijmenam - Cassenbroek,2023-11-09 17:00,34,2
L3730562,BE,BE-WAL,BE-WAL-LX,49.5947454,5.5130339,Robelmont,2025-03-02 00:00,27,2
L20786801,BE,BE-WAL,BE-WAL-NA,50.1552278,5.2262205,Rochefort - Grotte de Lorette,2026-04-22 09:25,64,7
L40105620,BE,BE-WAL,BE-WAL-NA,50.1346093,5.1988935,Rochefort - La Belvédère,2026-09-24 15:51,37,6
L4640969,BE,BE-WAL,BE-WAL-LX,50.1888112,5.258341,Rochefort - Plateau du Gerny,2025-09-07 10:41,74,14
L21525022,BE,BE-WAL,BE-WAL-LX,50.1086646,5.24981,Rochefort - Ry d'Howisse,2026-08-14 06:45,57,4
L2990532,BE,BE-WAL,BE-WAL-LG,50.4436224,6.3328457,Rocherath,2025-04-12 09:08,60,3
L42724777,BE,BE-VLG,BE-VLG-WV,50.917668,3.1345431,Roeselare - Bergmolenbos & Kleiputten,2025-07-05 11:59,22,1
L42724751,BE,BE-VLG,BE-VLG-WV,50.9454851,3.1815479,Roeselare - Rhodesgoed,2026-03-14 12:25,33,3
L56167522,BE,BE-VLG,BE-VLG-WV,50.9551017,3.1030597,Roeselare - Schiervelde,2025-12-21 13:56,28,2
L42724764,BE,BE-VLG,BE-VLG-WV,50.9279975,3.1340967,Roeselare - Sterrebos,2025-08-12 09:59,16,1
L4216347,BE,BE-VLG,BE-VLG-WV,51.1761683,3.0469251,Roksemput,2026-08-03 19:56,134,129
L10973489,BE,BE-VLG,BE-VLG-WV,50.8685402,3.1651119,Rollegem-Kapelle - Ledegemse Gavers,2020-03-14 12:45,10,1
L24924775,BE,BE-WAL,BE-WAL-NA,50.1490368,4.5496215,Roly - 2023 Cirl Bunting Stakeout,2024-07-06 06:59,39,4
L9755413,BE,BE-WAL,BE-WAL-NA,50.1267234,4.5168777,Roly - Etang du Fraiti,2025-06-24 16:57,96,17
L38708110,BE,BE-VLG,BE-VLG-LI,50.8768625,5.4371356,Romershoven - Jongensbos
L13880231,BE,BE-VLG,BE-VLG-OV,50.7753654,3.6558418,Ronse - Bos ter Eecken,2023-02-10 15:19,50,9
L12844683,BE,BE-VLG,BE-VLG-OV,50.7473029,3.6003477,Ronse - Centrum,2025-11-14 14:41,67,19
L3251816,BE,BE-VLG,BE-VLG-OV,50.7570112,3.6603892,Ronse - Kanarieberg,2026-03-26 10:46,36,5
L3137512,BE,BE-VLG,BE-VLG-OV,50.7647751,3.6418605,Ronse - Muziekbos,2026-07-20 16:47,58,80
L3132662,BE,BE-VLG,BE-VLG-OV,50.7345973,3.633728,Ronse - Pyreneeën,2026-09-15 08:44,60,13
L17280192,BE,BE-VLG,BE-VLG-OV,50.766188,3.6612491,Ronse -Sint-Pietersbos,2025-04-21 11:32,47,6
L56409679,BE,BE-VLG,BE-VLG-LI,50.852345,5.5933596,Rosmeer - Akkers,2025-12-28 09:41,37,2
L2861328,BE,BE-VLG,BE-VLG-LI,51.0529953,5.7606554,Rotem - Bichterweerd,2026-06-24 05:16,167,65
L35339594,BE,BE-VLG,BE-VLG-VB,50.9443229,4.7150738,Rotselaar - De Gevel,2026-09-12 14:52,80,15
L39639270,BE,BE-VLG,BE-VLG-VB,50.9613895,4.7238799,Rotselaar - De Plas,2026-02-04 14:21,56,6
L57453343,BE,BE-VLG,BE-VLG-VB,50.971573,4.7387735,Rotselaar - Dendermeanders
L57453336,BE,BE-VLG,BE-VLG-VB,50.9661119,4.7035871,Rotselaar - Hellichterbroek
L5844213,BE,BE-VLG,BE-VLG-OV,50.7837179,3.4902835,Ruien - Oude Centrale,2026-02-08 16:34,65,13
L39308086,BE,BE-VLG,BE-VLG-AN,51.0810815,4.3384478,Ruisbroek - Polder van Bree
L73361647,BE,BE-VLG,BE-VLG-OV,51.1275881,4.2903293,Rupelmonde - Dorp,2026-07-13 14:18,3,1
L22650519,BE,BE-VLG,BE-VLG-AN,51.2481886,5.2032859,Russendorp,2026-07-05 13:49,14,5
L30730359,BE,BE-WAL,BE-WAL-HT,50.5015054,4.0205389,Saint-Denis - Etangs,2024-04-16 00:00,11,0
L10837731,BE,BE-WAL,BE-WAL-NA,50.5203522,4.7694277,Saint-Denis-Bovesse,2026-06-13 13:10,8,1
L10488371,BE,BE-WAL,BE-WAL-HT,50.4574842,3.8332861,Saint-Ghislain - Les Marionville,2026-02-13 14:08,73,14
L11566471,BE,BE-WAL,BE-WAL-HT,50.4574446,3.7535021,Saint-Ghislain - Prés des Grands Rieu,2025-05-18 06:53,27,3
L66657297,BE,BE-WAL,BE-WAL-LX,50.0323123,5.433851,Saint-Hubert - Aérodrome Militaitre,2026-05-15 12:13,26,1
L66657100,BE,BE-WAL,BE-WAL-LX,50.0485049,5.4186637,Saint-Hubert - Forêt de Freyr,2026-05-15 14:07,20,1
L14412244,BE,BE-BRU,,50.8422684,4.4386191,Saint-Lambert - Parc Malou,2026-08-03 09:30,46,21
L44978627,BE,BE-WAL,BE-WAL-LX,50.0394467,5.5338049,Sainte-Ode - RN d'Orti,2025-10-14 08:46,37,2
L56825476,BE,BE-WAL,BE-WAL-NA,50.3088653,4.7969605,Salet - Bois de Ronquières,2026-01-04 13:52,12,2
L56814855,BE,BE-WAL,BE-WAL-NA,50.3137908,4.8347994,Salet - La Molignée,2026-01-04 08:40,22,1
L56815640,BE,BE-WAL,BE-WAL-NA,50.3095818,4.8189912,Salet - Village,2026-01-04 12:36,17,3
L21421542,BE,BE-WAL,BE-WAL-LX,50.2688136,5.908944,Salmchâteau - La Salm,2026-09-19 15:42,45,11
L11965657,BE,BE-WAL,BE-WAL-NA,50.4644433,4.8357439,Salzinnes - Ravel,2026-06-01 19:57,25,2
L18645398,BE,BE-WAL,BE-WAL-LX,49.6827341,5.6974409,Sampont,2024-01-01 09:25,5,1
L1263375,BE,BE-VLG,BE-VLG-WV,51.3372381,3.2287602,Sashul & Vuurtorenweide,2026-09-27 07:49,195,390
L57235744,BE,BE-BRU,,50.8759475,4.3830729,Schaerbeek - Parc du Hamoir
L67835282,BE,BE-VLG,BE-VLG-OV,50.9793127,3.7151576,Scheldevallei Merelbeke,2026-08-27 16:41,152,107
L6632087,BE,BE-VLG,BE-VLG-OV,50.9638868,3.6932087,Scheldevallei Merelbeke--De Putten van Melsen,2025-01-19 18:12,97,12
L6701568,BE,BE-VLG,BE-VLG-OV,50.9794197,3.7176919,Scheldevallei Merelbeke--Reymere en Paardenweide,2026-08-27 16:41,140,83
L6701594,BE,BE-VLG,BE-VLG-OV,50.973671,3.710922,Scheldevallei Merelbeke--Staken,2026-01-11 11:18,75,12
L67835420,BE,BE-VLG,BE-VLG-OV,50.9817036,3.705481,"Scheldevallei Zwijnaarde, Zevergem en Eke",2026-09-27 15:45,114,103
L8942940,BE,BE-VLG,BE-VLG-OV,50.966213,3.6847241,"Scheldevallei Zwijnaarde, Zevergem en Eke--Doornhammeke",2026-09-03 17:35,58,5
L13536735,BE,BE-VLG,BE-VLG-OV,50.9564028,3.6799968,"Scheldevallei Zwijnaarde, Zevergem en Eke--Forelputten",2026-05-06 17:39,35,3
L3545326,BE,BE-VLG,BE-VLG-OV,50.98,3.71,"Scheldevallei Zwijnaarde, Zevergem en Eke--Ham",2026-08-27 16:45,21,0
L20453843,BE,BE-VLG,BE-VLG-OV,50.9870227,3.7178579,"Scheldevallei Zwijnaarde, Zevergem en Eke--Karpelput",2026-09-03 17:35,9,0
L2704385,BE,BE-VLG,BE-VLG-OV,50.9575617,3.6622882,"Scheldevallei Zwijnaarde, Zevergem en Eke--Ratte",2026-02-26 17:17,95,27
L4666875,BE,BE-VLG,BE-VLG-OV,50.9781897,3.7050426,"Scheldevallei Zwijnaarde, Zevergem en Eke--Scheldevallei Zevergem",2026-05-16 14:59,86,67
L30213393,BE,BE-VLG,BE-VLG-OV,50.959744,3.677252,"Scheldevallei Zwijnaarde, Zevergem en Eke--Vaarbeke",2026-05-29 09:27,29,1
L39308037,BE,BE-VLG,BE-VLG-AN,51.1272631,4.3239677,Schelle - Maaienhoek
L13801646,BE,BE-VLG,BE-VLG-OV,51.0127529,3.9437232,Schellebelle - Wijmeers,2026-09-20 15:30,100,18
L3130385,BE,BE-VLG,BE-VLG-WV,51.125748,2.6510096,Schipgatduinen,2026-09-16 10:31,130,75
L14799612,BE,BE-VLG,BE-VLG-OV,51.3410562,4.2434385,Schor Oude Doel,2026-08-12 09:22,92,14
L2690936,BE,BE-VLG,BE-VLG-OV,50.7788038,3.6885742,Schorisse - Bos Terrijst,2026-05-24 19:38,54,26
L5940537,BE,BE-VLG,BE-VLG-AN,51.2754477,4.4833231,Schoten - Peerdsbos,2026-07-14 15:31,60,16
L65322489,BE,BE-VLG,BE-VLG-LI,50.9567321,5.193453,Schulen - Dorp,2026-09-26 16:38,22,1
L8847670,BE,BE-VLG,BE-VLG-LI,50.97586,5.18311,Schulen - Schulensbroek Klein Meulen,2025-11-06 08:24,107,23
L3725406,BE,BE-VLG,BE-VLG-LI,50.9590755,5.1455069,Schulensbroek,2026-09-27 09:30,230,521
L22996133,BE,BE-VLG,BE-VLG-LI,50.9743195,5.1709755,Schulensbroek - Viskweekvijvers Schallebroek,2026-06-09 10:37,75,5
L12247342,BE,BE-WAL,BE-WAL-LG,50.4798186,6.2935495,Schwalm - Schwalmbach,2026-06-05 12:58,44,4
L21956947,BE,BE-WAL,BE-WAL-NA,50.5002145,5.0719987,Seilles - RN de Sclaigneaux,2023-07-12 13:20,29,2
L28585690,BE,BE-WAL,BE-WAL-HT,50.0118098,4.296131,Seloignes - Forêt,2026-07-05 07:33,4,0
L3171012,BE,BE-VLG,BE-VLG-OV,50.954361,3.6604214,Semmerzake - Bolveerput,2025-02-15 17:09,100,16
L10471147,BE,BE-VLG,BE-VLG-OV,50.9455482,3.6527892,Semmerzake - PTT route 2033,2024-03-09 10:40,52,2
L3129034,BE,BE-VLG,BE-VLG-OV,50.9481535,3.661623,Semmerzake - Taerwemeersch,2025-02-08 15:35,35,5
L58852587,BE,BE-VLG,BE-VLG-OV,50.9515601,3.6565261,Semmerzake - Taerwemeersch,2026-09-15 10:14,3,1
L28666514,BE,BE-WAL,BE-WAL-LG,50.5633029,5.4926849,Seraing - Forêt
L28666696,BE,BE-WAL,BE-WAL-NA,50.23595,5.2304822,Serinchamps - Forêt,2026-09-27 07:30,67,3
L38708019,BE,BE-VLG,BE-VLG-OV,50.9797685,3.9205839,Serskamp - Serskampse Bossen,2025-11-29 14:57,19,1
L30782439,BE,BE-WAL,BE-WAL-HT,50.6393099,3.9548986,Silly - Bois d'Enghien et de Silly,2026-04-22 18:49,18,2
L14706963,BE,BE-WAL,BE-WAL-HT,50.649079,3.923863,Silly - Centre,2021-05-02 09:44,23,1
L42811990,BE,BE-BRU,,50.8594527,4.2910089,Sint-Agatha-Berchem - Wilderbos
L3977500,BE,BE-VLG,BE-VLG-VB,50.7875002,4.6374046,Sint-Agatha-Rode - Grootbroek,2026-09-08 00:00,187,242
L25680265,BE,BE-VLG,BE-VLG-AN,51.0758797,4.3136178,Sint-Amands - Bosreservaat Coolhem
L49685480,BE,BE-VLG,BE-VLG-WV,51.1741988,3.1625303,Sint-Andries - Chartreuzinnenbos--Domein Tudor en Beisbroek,2026-08-02 16:23,16,2
L38320911,BE,BE-VLG,BE-VLG-WV,50.7708746,3.3630758,Sint-Denijs - Mortagnebos,2026-06-19 08:24,29,3
L38320957,BE,BE-VLG,BE-VLG-OV,50.8562584,3.7212645,Sint-Denijs-Boekel - Franskouter
L3120010,BE,BE-VLG,BE-VLG-OV,50.8663197,3.7055039,Sint-Denijs-Boekel - Moldergem,2026-05-31 09:37,60,12
L11301875,BE,BE-VLG,BE-VLG-OV,50.9013763,3.4246935,Sint-Eloois-Vijve - Gaverbeekse Meersen,2026-01-31 15:32,60,10
L4872031,BE,BE-VLG,BE-VLG-OV,51.2117228,3.8628745,Sint-Elooiskreek,2026-01-25 10:52,75,10
L57966168,BE,BE-VLG,BE-VLG-VB,50.7233282,4.3281021,Sint-Genesius-Rode - Zevenbronnen
L17831776,BE,BE-VLG,BE-VLG-OV,51.2407365,4.1390903,Sint-Gillis-Waas - Kreken van Saleghem,2026-06-20 08:33,20,1
L2716457,BE,BE-VLG,BE-VLG-OV,51.2356434,4.0871286,Sint-Gillis-Waas - Stropersbos,2026-04-23 19:59,62,11
L53668495,BE,BE-VLG,BE-VLG-WV,51.1117699,2.6103761,Sint-Idesbald - Seawatch Point,2025-10-05 08:03,37,0
L15004265,BE,BE-VLG,BE-VLG-OV,51.2557785,3.574462,Sint-Jan-In-Eremo - Bentillekreek,2021-05-18 22:31,1,0
L56658558,BE,BE-VLG,BE-VLG-OV,51.2113804,3.5493601,Sint-Jansbos & Weiden,2026-01-01 09:12,3,0
L13474467,BE,BE-VLG,BE-VLG-VB,50.803279,4.6532403,Sint-Joris-Weert--Dorp,2025-09-13 10:20,12,2
L26947946,BE,BE-VLG,BE-VLG-WV,51.2012204,3.2936483,Sint-Kruis/Assebroek - Ryckevelde Bos,2026-05-02 10:27,49,15
L6938496,BE,BE-VLG,BE-VLG-OV,51.2646003,3.5681105,Sint-Laureins - Boerekreek,2025-04-20 08:30,86,3
L38720879,BE,BE-VLG,BE-VLG-AN,51.362632,4.7159791,Sint-Lenaarts - De Hees,2026-04-26 11:54,32,3
L42830184,BE,BE-VLG,BE-VLG-OV,50.9107576,3.8565702,Sint-Lievens-Houtem - Cotthembos,2026-05-03 08:34,28,4
L6938443,BE,BE-VLG,BE-VLG-OV,51.2685744,3.5442495,Sint-Margriete - Gruttoweide,2026-04-01 18:00,68,5
L6936747,BE,BE-VLG,BE-VLG-OV,51.2872588,3.556416,Sint-Margriete - Polders ten Noorden van Molenkreek,2026-04-12 10:00,9,2
L6938427,BE,BE-VLG,BE-VLG-OV,51.2690845,3.5562015,Sint-Margriete - Roeselarekreek,2017-04-16 00:00,14,0
L5551624,BE,BE-VLG,BE-VLG-OV,51.0278328,3.623482,Sint-Martens-Latem - Latemse Meersen,2026-09-09 11:40,87,39
L2708544,BE,BE-VLG,BE-VLG-OV,51.00028,3.6256814,Sint-Martens-Latem - Westerplas,2026-03-23 18:00,117,140
L6938130,BE,BE-VLG,BE-VLG-LI,50.7486758,5.8118963,Sint-Martens-Voeren,2026-05-09 09:17,64,5
L38395999,BE,BE-VLG,BE-VLG-OV,51.1722386,4.2024585,Sint-Niklaas - De Ster,2026-01-17 10:28,21,1
L38395980,BE,BE-VLG,BE-VLG-OV,51.1708343,4.0049983,Sint-Niklaas - Fondatie van Baudelo,2026-07-05 11:18,36,1
L42812066,BE,BE-VLG,BE-VLG-VB,50.8037782,4.2037585,Sint-Pieters-Leeuw - Groenenberg,2025-07-22 11:48,7,0
L57235869,BE,BE-VLG,BE-VLG-VB,50.8156089,4.2301333,Sint-Pieters-Leeuw - Zobbroekvallei
L57235852,BE,BE-VLG,BE-VLG-VB,50.7830085,4.234495,Sint-Pieters-Leeuw - Zuunvallei,2019-02-03 00:00,1,1
L38708219,BE,BE-VLG,BE-VLG-LI,50.8704835,5.214123,Sint-Truiden - Mierehoopbos
L42407162,BE,BE-VLG,BE-VLG-LI,50.8203816,5.1852321,Sint-Truiden - Stadspark,2026-02-25 15:14,2,1
L6746750,BE,BE-VLG,BE-VLG-WV,51.1460609,2.8581722,Slijpe,2025-11-30 14:00,83,3
L28881900,BE,BE-VLG,BE-VLG-LI,50.8862909,5.6799209,Smeermaas- Maasdijk,2026-05-06 17:23,56,3
L12718342,BE,BE-WAL,BE-WAL-LX,50.0181829,5.2654339,Smuid,2020-11-13 09:24,29,1
L51378373,BE,BE-VLG,BE-VLG-WV,51.1871804,2.9307425,Snaaskerke - Kleiputten,2026-06-12 22:22,46,5
L31220574,BE,BE-VLG,BE-VLG-WV,51.1702002,2.9296328,Snaaskerke - Weideplas Bergschuurstraat,2026-07-06 17:38,13,3
L1346542,BE,BE-VLG,BE-VLG-AN,51.2006022,4.8750973,Snepkensvijver,2026-09-06 08:21,82,44
L59278563,BE,BE-WAL,BE-WAL-HT,50.5776326,4.001174,Soignies - Carrière du Clypot,2026-05-01 00:00,46,7
L28346113,BE,BE-WAL,BE-WAL-HT,50.5706258,4.093639,Soignies - Carrières,2026-04-05 10:21,84,19
L30736394,BE,BE-WAL,BE-WAL-HT,50.5667502,4.0458175,Soignies - Carrières du Hainaut,2026-04-19 20:40,33,1
L28346086,BE,BE-WAL,BE-WAL-HT,50.5803267,4.043857,Soignies - Chemin du Spodio,2026-05-01 00:00,75,12
L28346064,BE,BE-WAL,BE-WAL-HT,50.5904713,4.0835785,Soignies - Ile du diable,2026-05-23 19:50,71,17
L28346070,BE,BE-WAL,BE-WAL-HT,50.5843967,4.1043497,Soignies - Magerdot,2024-12-29 08:25,74,9
L30729632,BE,BE-WAL,BE-WAL-HT,50.5897557,4.012773,Soignies - Mombriau,2026-08-15 00:00,74,16
L55001398,BE,BE-WAL,BE-WAL-HT,50.5749741,4.0508602,Soignies - Motte du Manant,2026-04-15 18:57,53,9
L28346060,BE,BE-WAL,BE-WAL-HT,50.5981801,4.0588755,Soignies - Platinerie-Fayt,2026-04-12 19:41,75,14
L28346072,BE,BE-WAL,BE-WAL-HT,50.5832587,4.0853684,Soignies - Étang de la Cafenière,2026-02-15 07:29,70,16
L52154817,BE,BE-WAL,BE-WAL-NA,50.5250723,4.6109962,Sombreffe - Centre,2025-08-29 12:26,12,1
L10787684,BE,BE-WAL,BE-WAL-LG,50.482153,5.6937024,Sougné-Remouchamps - Carrière,2026-08-10 13:29,35,12
L12172054,BE,BE-WAL,BE-WAL-LG,50.4910188,6.1379338,Sourbrodt - Herzogenvenn et Nesselo,2026-07-28 08:26,107,57
L42245556,BE,BE-WAL,BE-WAL-LX,50.2776,5.5127,Soy - Forêt de Freyr,2025-10-30 10:13,49,1
L11984601,BE,BE-WAL,BE-WAL-LG,50.457269,5.8338037,Spa - Bois de Plainfays,2024-09-14 07:30,62,2
L38024997,BE,BE-WAL,BE-WAL-LG,50.5026091,5.8474562,Spa - Bois de Staneux
L20571778,BE,BE-WAL,BE-WAL-LG,50.4626501,5.9065538,Spa - Fagne de Malchamps,2026-08-05 10:47,53,12
L8521036,BE,BE-WAL,BE-WAL-LG,50.5038328,5.8911534,Spa - Lac de Warfaaz,2026-05-18 11:51,27,2
L46551366,BE,BE-WAL,BE-WAL-LG,50.5370213,5.7515889,Sprimont - Sanctuaire de Notre-Dame de Banneux,2025-06-01 11:15,21,1
L2610426,BE,BE-VLG,BE-VLG-WV,51.2267754,2.9497433,Spuikom Oostende,2026-09-13 15:35,148,334
L51250253,BE,BE-WAL,BE-WAL-NA,50.4772355,4.6969319,Spy - village,2026-09-05 12:27,1,1
L31560305,BE,BE-WAL,BE-WAL-LG,50.279641,6.124616,St Vith - Stadtpark,2025-07-25 15:52,16,1
L43973520,BE,BE-VLG,BE-VLG-WV,50.949914,2.970576,Staden - Vijfwegenpoel,2026-06-13 08:44,48,4
L12430966,BE,BE-VLG,BE-VLG-WV,50.8302331,3.2664092,Stadscentrum Kortrijk,2026-05-30 09:15,44,28
L6720632,BE,BE-VLG,BE-VLG-WV,51.2291319,3.075335,Stalhille - Akkers,2026-08-27 06:42,64,19
L55981946,BE,BE-VLG,BE-VLG-WV,51.2144211,3.0718674,Stalhille - Dorp,2026-09-07 00:00,10,2
L27616207,BE,BE-VLG,BE-VLG-WV,51.2103443,3.0817348,Stalhille - Weiden,2025-09-12 09:19,42,6
L12886664,BE,BE-VLG,BE-VLG-WV,51.1981866,3.0651393,Stalhille - Weiden Jagersput,2026-01-01 08:41,83,6
L12630778,BE,BE-WAL,BE-WAL-LG,50.3902791,5.9276457,Stavelot - Les Etangs,2026-08-20 15:00,43,9
L6177302,BE,BE-VLG,BE-VLG-VB,50.9127664,4.5397139,Steenokkerzeel/Erps-Kwerps - Akkers Dorenveld,2026-09-25 08:45,112,66
L38502797,BE,BE-VLG,BE-VLG-OV,51.2320184,4.0220593,Stekene - De Witte Bergen,2026-01-01 09:28,1,1
L38502783,BE,BE-VLG,BE-VLG-OV,51.2286273,4.0547605,Stekene - Verbeke Foundation
L35242781,BE,BE-VLG,BE-VLG-VB,50.8477925,4.5258738,Sterrebeek - Plateau en Golf,2026-08-30 07:40,101,57
L4216364,BE,BE-VLG,BE-VLG-LI,51.0260108,5.7549047,Stokkem - Negenoord,2026-05-10 13:38,150,43
L17989887,BE,BE-WAL,BE-WAL-LG,50.4112057,5.8304536,Stoumont - Bois de Bassenge,2025-08-15 12:46,31,2
L17990078,BE,BE-WAL,BE-WAL-LG,50.397644,5.7441212,Stoumont - Bois des Havais,2025-07-12 12:00,2,1
L54002232,BE,BE-WAL,BE-WAL-LG,50.4006774,5.8101039,Stoumont - Rochers du Congo,2025-10-13 15:28,17,1
L8865203,BE,BE-VLG,BE-VLG-WV,51.2270154,2.8978482,Strand Oostende,2026-07-12 07:45,51,25
L28666497,BE,BE-WAL,BE-WAL-LG,50.6054398,5.5961155,Streupas - Lande de Streupas,2026-06-17 13:37,41,4
L17564428,BE,BE-WAL,BE-WAL-LG,50.4033276,5.5278025,Sy - Rochers de Sy,2024-09-22 10:20,56,15
L20786788,BE,BE-WAL,BE-WAL-LX,50.1000483,5.1853158,Tellin - Les Pairées,2026-04-12 10:09,50,5
L22810275,BE,BE-WAL,BE-WAL-LX,50.0763393,5.2727619,Tellin - Vallée de la Lomme,2025-05-29 13:00,43,4
L9102214,BE,BE-WAL,BE-WAL-LX,50.0649562,5.4167104,Tenneville - La Fagne de Mochamps - Le Parc naturel des deux Ourthes,2025-12-30 11:34,56,3
L27105850,BE,BE-VLG,BE-VLG-VB,50.7684135,4.6006993,Terlanen
L76937361,BE,BE-WAL,BE-WAL-HT,50.4335131,3.9407917,Terril de l'Héribus
L12303598,BE,BE-VLG,BE-VLG-VB,50.8242362,4.5287443,Tervuren - Park,2026-04-25 14:30,94,25
L3889564,BE,BE-VLG,BE-VLG-VB,50.8244122,4.5202038,Tervuren - Park van Tervuren en Kasteelvijver,2026-07-09 10:36,84,54
L38284512,BE,BE-VLG,BE-VLG-LI,51.0515669,5.0191422,Tessenderlo - Gerhagen,2026-08-23 13:15,33,2
L43075903,BE,BE-VLG,BE-VLG-LI,51.0729594,5.0286517,Tessenderlo - Schoterbroek
L10420546,BE,BE-VLG,BE-VLG-VB,51.0154,4.9697,Testelt - De Kuilen,2026-07-29 08:55,104,34
L6193763,BE,BE-VLG,BE-VLG-LI,50.7574865,5.8833802,Teuven - Teuvenerberg,2026-02-01 11:05,58,6
L3055194,BE,BE-WAL,BE-WAL-LG,50.3884928,6.0967684,Thirimont,2026-08-31 07:30,40,8
L17068860,BE,BE-WAL,BE-WAL-LG,50.2204464,6.0590447,Thommen - Thommerweiher,2024-07-15 10:00,38,1
L6299623,BE,BE-VLG,BE-VLG-WV,50.8160495,3.4668303,Tiegem - Sint Arnolduspark,2019-02-17 09:13,25,1
L52843451,BE,BE-VLG,BE-VLG-VB,50.9174856,4.850837,Tielt-Winge - Troostembergbos
L21450075,BE,BE-VLG,BE-VLG-VB,50.9300868,4.8803965,Tielt-Winge - Walenbos,2026-06-16 10:19,56,5
L4216366,BE,BE-VLG,BE-VLG-VB,50.8102195,4.9763882,Tienen - Bezinkingsputten,2026-08-30 15:30,145,42
L38149138,BE,BE-VLG,BE-VLG-LI,50.7783048,5.4990636,Tongeren - De Kevie,2026-07-15 07:12,18,1
L3730564,BE,BE-WAL,BE-WAL-LX,49.5080319,5.4739516,Torgny - Centre,2019-06-12 16:00,74,7
L12208245,BE,BE-WAL,BE-WAL-LX,49.5103528,5.4806816,Torgny - Raymond Mayné RN,2026-08-12 12:47,77,29
L12699838,BE,BE-VLG,BE-VLG-WV,51.0726194,3.1440348,Torhout - Bos van Groenhove,2026-03-08 15:45,29,6
L38861767,BE,BE-VLG,BE-VLG-WV,51.0944292,3.0813235,Torhout - Provinciedomein d'Aertrycke,2025-05-04 06:26,4,1
L38285071,BE,BE-WAL,BE-WAL-HT,50.5852181,3.5108698,Tournai - Bois d'Antoing
L56599244,BE,BE-WAL,BE-WAL-HT,50.6120984,3.3916984,Tournai - Parc Henri VIII
L31461178,BE,BE-WAL,BE-WAL-NA,50.0915926,4.6703262,Treigne - Centre,2025-06-09 14:27,22,1
L13542161,BE,BE-WAL,BE-WAL-NA,50.0914897,4.674658,Treignes - La Moessia
L13542149,BE,BE-WAL,BE-WAL-NA,50.0941945,4.6648501,Treignes - Les Rivelottes,2026-06-21 08:11,51,3
L6886876,BE,BE-VLG,BE-VLG-OV,51.1041148,3.4790826,Trektelpost Bellem Brug,2026-07-15 08:00,135,183
L25680359,BE,BE-VLG,BE-VLG-VB,50.9838186,4.712235,Tremelo - De Bemmen
L30753487,BE,BE-WAL,BE-WAL-LG,50.3517698,5.7324122,Trou de Bra - Forêt
L3545257,BE,BE-WAL,BE-WAL-LX,49.95,5.31,Troufferies,2026-09-19 12:16,65,10
L22651376,BE,BE-VLG,BE-VLG-AN,51.2952068,4.9664952,Turnhout - E3-vijver,2026-02-14 10:21,38,3
L75847336,BE,BE-VLG,BE-VLG-AN,51.3674903,4.9351894,Turnhouts Vennengebied (general),2026-09-05 19:43,164,82
L2711148,BE,BE-VLG,BE-VLG-AN,51.3701193,4.9404573,Turnhouts Vennengebied--Grote en Kleine Klotteraard,2026-07-21 13:07,154,50
L2711144,BE,BE-VLG,BE-VLG-AN,51.3718607,4.9249005,Turnhouts Vennengebied--Kasteeltjes,2026-09-05 19:43,91,16
L2711137,BE,BE-VLG,BE-VLG-AN,51.3586511,4.9257159,Turnhouts Vennengebied--Koeiven,2026-04-17 12:14,81,10
L2711140,BE,BE-VLG,BE-VLG-AN,51.364198,4.9233985,Turnhouts Vennengebied--Zandvenheide,2026-07-26 08:55,68,6
L29038346,BE,BE-BRU,,50.820165,4.398423,ULB Campus de la Plaine,2026-09-22 11:10,42,30
L16396038,BE,BE-BRU,,50.808317,4.3500552,Uccle - Parc Brugmann,2026-05-29 22:00,33,19
L16829905,BE,BE-BRU,,50.799344,4.3455648,Uccle - Parc Wolvendael,2026-07-19 10:58,25,5
L12203984,BE,BE-VLG,BE-VLG-WV,51.29658,3.10791,Uitkerkse Polder (general area),2026-09-25 14:05,214,954
L7895457,BE,BE-VLG,BE-VLG-WV,51.2955526,3.0941983,Uitkerkse Polder--Eendenkooi Wenduine,2026-06-21 09:11,147,152
L9346832,BE,BE-VLG,BE-VLG-WV,51.2805649,3.1008541,Uitkerkse Polder--Kleiputten Wenduine,2026-08-22 11:24,81,19
L983632,BE,BE-VLG,BE-VLG-WV,51.3001938,3.0952263,Uitkerkse Polder--Kuststrook Wenduine,2025-12-30 08:45,121,48
L12391255,BE,BE-VLG,BE-VLG-WV,51.2940903,3.1135783,Uitkerkse Polder--Reigersweiden Noord,2026-02-07 09:54,114,47
L17894260,BE,BE-VLG,BE-VLG-WV,51.2942806,3.1045889,Uitkerkse Polder--Uitkerksestraat,2026-03-21 08:55,120,32
L11149686,BE,BE-VLG,BE-VLG-WV,51.2909986,3.1367362,Uitkerkse Polders--Groenwaecke,2026-09-01 12:06,139,165
L74755317,BE,BE-VLG,BE-VLG-WV,51.287128,3.1275367,Uitkerkse Polders--Kijkhut Grutto,2026-09-25 14:05,80,22
L10771428,BE,BE-VLG,BE-VLG-WV,51.278069,3.1111975,Uitkerkse Polders--Reigersweiden,2026-08-23 16:28,80,34
L3401732,BE,BE-VLG,BE-VLG-WV,51.2865609,3.1368113,Uitkerkse Polsers--Eendeweiden,2026-08-25 17:48,127,65
L3300609,BE,BE-VLG,BE-VLG-WV,51.292694,3.1195164,Uitkerkse polders--Gruttoweiden,2026-09-12 13:50,141,90
L3172101,BE,BE-VLG,BE-VLG-WV,51.2990132,3.1162977,Uitkerkse polders--Velduilenweiden,2026-09-12 10:15,124,40
L3300597,BE,BE-VLG,BE-VLG-WV,51.2942903,3.1338072,Uitkerkse polders--Zwaneweiden,2026-08-25 00:00,131,32
L6840887,BE,BE-VLG,BE-VLG-OV,51.1386477,3.5154963,Ursel/Oostwinkel - Keigat,2026-09-13 16:27,98,191
L56271638,BE,BE-VLG,BE-VLG-WV,51.0958056,3.3228603,Vagevuurbossen,2026-08-18 18:01,91,23
L31888737,BE,BE-VLG,BE-VLG-WV,51.0831918,3.328399,Vagevuurbossen--Caluwenbroekvijver,2026-08-18 18:01,89,20
L3055226,BE,BE-WAL,BE-WAL-LG,50.3780394,6.0977125,Valle de l'Ambleve,2025-04-26 00:00,36,3
L67946329,BE,BE-VLG,BE-VLG-OV,51.0784518,3.6076143,Vallei van de Oude Kale,2026-09-19 10:00,113,48
L6937765,BE,BE-VLG,BE-VLG-OV,51.079344,3.5921645,Vallei van de Oude Kale--Merendree,2026-07-01 19:43,61,5
L3545146,BE,BE-VLG,BE-VLG-OV,51.08,3.62,Vallei van de Oude Kale--Vinderhoute,2026-09-19 10:00,99,24
L3545141,BE,BE-VLG,BE-VLG-OV,51.0884635,3.6210943,Vallei van de Oude Kale--Zuurhoek en Molenmeers,2026-03-17 17:59,82,19
L77250531,BE,BE-WAL,BE-WAL-LG,50.4497117,6.0887751,Vallée de la Warche
L30753461,BE,BE-WAL,BE-WAL-LG,50.4640496,5.7498037,Vallée du Ninglinspo,2026-04-27 16:34,29,4
L10837411,BE,BE-WAL,BE-WAL-NA,50.1157878,4.7411736,Vaucelles - Montagne de la Carrière,2025-06-07 15:13,30,3
L38358523,BE,BE-WAL,BE-WAL-LX,49.9409089,5.5398989,Vaux-sur-Sûre - Forêt de Freyr
L10844016,BE,BE-VLG,BE-VLG-AN,51.0756835,4.9671318,Veerle - De Roost,2021-04-16 16:53,21,1
L43075874,BE,BE-VLG,BE-VLG-AN,51.0750732,5.0063278,Veerle - Makelsbroek
L10819462,BE,BE-VLG,BE-VLG-AN,51.0854368,4.9684811,Veerle - Trichelbroek,2026-02-09 15:00,62,9
L3339664,BE,BE-VLG,BE-VLG-WV,50.8392882,2.895753,Verdronken Weide,2026-09-26 11:13,147,92
L38321116,BE,BE-VLG,BE-VLG-OV,51.2461314,4.2308707,Verrebroek - Haazop,2026-05-10 15:25,41,5
L38321122,BE,BE-VLG,BE-VLG-OV,51.256063,4.2025116,Verrebroek - Spaans Fort,2026-08-11 13:36,14,0
L4083965,BE,BE-VLG,BE-VLG-OV,51.270615,4.2155313,Verrebroek - Verrebroekdok,2022-07-28 08:28,15,2
L4083968,BE,BE-VLG,BE-VLG-OV,51.2621297,4.2092657,Verrebroek - Verrebroekse Plassen,2026-08-11 14:01,120,31
L55374429,BE,BE-VLG,BE-VLG-WV,51.0721732,2.662702,Veurne - Centrum,2026-01-13 12:16,18,3
L7895361,BE,BE-VLG,BE-VLG-WV,51.0434196,2.6003651,Veurne - De Moeren,2026-02-07 10:55,76,12
L12244211,BE,BE-VLG,BE-VLG-WV,51.0710186,2.6770108,Veurne - Decantatiebekkens Suikerfabriek,2026-09-04 10:16,80,18
L6221304,BE,BE-VLG,BE-VLG-WV,50.8262638,3.3987397,Vichte - Kasselrijbeekbekken,2026-04-20 06:24,34,4
L12171828,BE,BE-WAL,BE-WAL-LX,50.2952084,5.9112674,Vielsalm - Center Parcs Domaine Les Ardennes,2025-03-26 08:59,69,12
L6193841,BE,BE-VLG,BE-VLG-AN,51.179343,4.6459937,Viersel - Viersels Gebroekt,2026-09-20 15:45,173,188
L13025960,BE,BE-WAL,BE-WAL-BW,50.6799301,4.6522756,Vieux-Sart - Campagne,2025-02-15 17:07,16,1
L58952133,BE,BE-VLG,BE-VLG-WV,50.783609,3.2356761,Vijver Vandecasteele,2026-02-21 15:48,18,1
L56822547,BE,BE-WAL,BE-WAL-LX,49.6866338,5.5592865,Villers-sur-Semois - Les Abattis,2026-01-04 09:45,11,1
L64781280,BE,BE-WAL,BE-WAL-LX,49.6877598,5.5462573,Villers-sur-Semois - Les Eulines,2026-05-03 10:38,18,1
L57453165,BE,BE-VLG,BE-VLG-VB,50.9165663,4.4134013,Vilvoorde - Domein Drie Fonteinen,2026-09-27 13:14,7,0
L57453187,BE,BE-VLG,BE-VLG-VB,50.9405963,4.470085,Vilvoorde - Houtembos
L11709529,BE,BE-VLG,BE-VLG-VB,50.9446235,4.4183875,Vilvoorde - Insteekdok,2026-05-16 13:08,9,2
L57453194,BE,BE-VLG,BE-VLG-VB,50.957104,4.4752011,Vilvoorde - Kautesteenbeek
L57453155,BE,BE-VLG,BE-VLG-VB,50.9166012,4.3850914,Vilvoorde - Tangebeekbos,2026-03-11 14:58,9,0
L30759319,BE,BE-VLG,BE-VLG-VB,50.921485,4.4468697,Vilvoorde - Wachtbekken Noord,2025-10-12 10:01,6,1
L13909784,BE,BE-VLG,BE-VLG-OV,51.0871423,3.6546237,Vinderhoute - Durmmeers (Bergona),2026-09-02 15:54,56,12
L11300818,BE,BE-VLG,BE-VLG-OV,51.0776865,3.65155,Vinderhoute Bossen,2026-07-15 08:10,92,20
L11933390,BE,BE-WAL,BE-WAL-HT,50.0691357,4.3212267,Virelles - Prés de Virelles,2024-08-15 06:58,52,1
L12244399,BE,BE-WAL,BE-WAL-NA,50.0896362,4.5650717,Viroinval - Montagne-aux-Buis,2026-06-20 16:23,71,14
L18461105,BE,BE-WAL,BE-WAL-NA,50.084923,4.628584,Viroinval - Roche Madoux,2026-06-21 07:51,26,2
L16150917,BE,BE-WAL,BE-WAL-NA,50.0556762,4.592306,Viroinval - Vallée du Ruisseau de Noye,2025-06-28 10:55,64,13
L7863990,BE,BE-WAL,BE-WAL-LX,49.5951722,5.5429066,Virton - Forests,2026-04-18 16:32,68,4
L10283270,BE,BE-WAL,BE-WAL-LG,50.7846697,5.6864668,Visé - Montagne-Saint-Pierre,2025-06-19 09:29,47,2
L38149179,BE,BE-WAL,BE-WAL-LG,50.6998743,5.690737,Visé - Étangs de La Julienne,2026-07-08 10:49,42,3
L3297958,BE,BE-VLG,BE-VLG-WV,51.246229,3.0524397,Vlissegem - Bunkerweiden,2026-08-30 18:06,117,41
L6553345,BE,BE-VLG,BE-VLG-WV,51.2607869,3.0651855,Vlissegem - Put van Vlissegem,2026-09-16 17:18,115,37
L17497622,BE,BE-VLG,BE-VLG-LI,50.756474,5.7974545,Voeren - Altenbroek,2025-08-23 15:36,54,3
L11535641,BE,BE-VLG,BE-VLG-VB,50.80786,4.28334,Vogelzangbeek,2026-09-07 09:00,60,15
L3652130,BE,BE-VLG,BE-VLG-OV,50.834565,3.6437488,Volkegem - Volkegembos,2026-09-09 17:58,56,22
L39308121,BE,BE-VLG,BE-VLG-AN,51.1127884,4.2662719,Vonck/Schellelandpolder,2026-05-01 08:00,18,2
L27986998,BE,BE-VLG,BE-VLG-AN,51.2011981,4.7774957,Vorselaar,2024-10-11 12:54,12,1
L16684204,BE,BE-VLG,BE-VLG-AN,51.1971942,4.7908455,Vorselaar - Aa-vallei,2026-08-19 19:16,81,18
L24006503,BE,BE-VLG,BE-VLG-AN,51.190368,4.77921,Vorselaar - Heiken,2026-05-18 09:51,56,7
L6111309,BE,BE-VLG,BE-VLG-AN,51.225,4.74,Vorselaar - Lovenhoek,2026-09-21 09:07,94,45
L27987170,BE,BE-VLG,BE-VLG-AN,51.1934047,4.7719151,Vorselaar - Schupleer,2026-08-16 16:33,44,8
L43075192,BE,BE-VLG,BE-VLG-AN,51.084734,4.9989088,Vorst - 't Hoeves
L9973606,BE,BE-VLG,BE-VLG-OV,51.0485785,3.565116,Vosselare - Kanaal,2026-09-01 20:47,30,3
L13306397,BE,BE-VLG,BE-VLG-OV,51.0333515,3.5681767,Vosselare - Poortakker,2026-08-21 08:52,40,2
L10160165,BE,BE-VLG,BE-VLG-OV,51.0429292,3.5796153,Vosselare - Westhoek en Slagmoortel,2026-03-01 10:44,30,1
L3545262,BE,BE-VLG,BE-VLG-OV,51.01657,3.55839,Vosselarekouter en Kasteelpark,2026-02-04 13:56,88,64
L68021509,BE,BE-VLG,BE-VLG-OV,50.9946804,3.5643626,"Vosselareput (general area, use more precise location)",2026-09-26 11:50,110,89
L3496528,BE,BE-VLG,BE-VLG-OV,50.9953103,3.5682607,Vosselareput--Maaigemdijk,2026-09-26 11:50,83,25
L19861465,BE,BE-VLG,BE-VLG-OV,50.9919652,3.5689111,Vosselareput--River Ranch,2026-06-28 17:21,11,0
L5729713,BE,BE-VLG,BE-VLG-OV,50.9937655,3.5556563,Vosselareput--West,2026-06-23 21:59,104,64
L30071043,BE,BE-WAL,BE-WAL-NA,49.8706012,4.9076436,Vresse-Sur Semois-Membre - Semois,2026-06-20 11:48,70,5
L42829986,BE,BE-WAL,BE-WAL-NA,49.8309499,4.8984142,Vresse-sur-Semois - Tchèté d'la Rotche
L52843577,BE,BE-VLG,BE-VLG-VB,50.903216,4.9907657,Waanrode - Begijnenbos
L38396019,BE,BE-VLG,BE-VLG-OV,51.121022,4.0750733,Waasmuinster - Ketelbossen,2026-04-04 19:22,32,5
L38396024,BE,BE-VLG,BE-VLG-OV,51.1282751,4.0689422,Waasmuinster - Patotterij
L2870110,BE,BE-VLG,BE-VLG-OV,51.1005846,4.027369,Waasmunster - Hammeputten,2025-06-12 21:20,65,11
L4641006,BE,BE-VLG,BE-VLG-OV,51.1072405,4.125216,Waasmunster - Sombeekse Meersen,2019-04-25 09:00,45,5
L13308210,BE,BE-VLG,BE-VLG-OV,51.1858744,3.840946,Wachtebeke - Kloosterbos,2026-09-25 16:46,58,17
L3176989,BE,BE-VLG,BE-VLG-OV,51.1481788,3.8716078,Wachtebeke - Puyenbroeck,2026-07-04 16:02,91,25
L28666582,BE,BE-WAL,BE-WAL-LX,50.2346193,5.4437085,Waharday - Forêt,2026-03-12 18:34,39,2
L54995601,BE,BE-WAL,BE-WAL-LG,50.4528044,6.1023903,Waimes - Château de Reinhardstein,2026-07-18 11:16,44,8
L14020218,BE,BE-VLG,BE-VLG-AN,51.0623413,4.4406065,Walem - Grote Vijver,2026-07-20 17:11,92,19
L36195648,BE,BE-VLG,BE-VLG-AN,51.0709611,4.4271688,Walem - Grote Vijver--Noord,2026-05-15 17:30,42,2
L75720198,BE,BE-WAL,BE-WAL-BW,50.6999741,4.5935712,Walibi Belgium
L21266616,BE,BE-WAL,BE-WAL-NA,50.2183778,4.9210342,Walzin - Château de Walzin,2026-06-13 10:43,63,17
L38721946,BE,BE-VLG,BE-VLG-OV,50.8862464,3.567835,Wannegem-Lede - Wachtbekken,2026-05-17 17:06,55,34
L38708014,BE,BE-VLG,BE-VLG-OV,50.9826852,3.9483156,Wanzele - Nonnenbos
L12247162,BE,BE-WAL,BE-WAL-HT,50.7197769,2.9239833,Warneton - Étangs Deconinck,2022-01-23 09:12,43,7
L23961278,BE,BE-VLG,BE-VLG-AN,51.2956052,5.1427603,Wateringen Arendonk,2026-09-20 19:05,75,6
L19863180,BE,BE-WAL,BE-WAL-BW,50.713526,4.3983293,Waterloo - Parc Jules Descampe,2026-01-18 11:39,17,5
L3889592,BE,BE-WAL,BE-WAL-BW,50.7181996,4.3763995,Waterloo - Étang,2026-04-25 11:13,46,4
L4017151,BE,BE-WAL,BE-WAL-BW,50.6791655,4.4056892,Waterloo Historical Battle Site,2026-09-06 14:00,57,40
L11709329,BE,BE-BRU,,50.7930907,4.4117482,Watermael-Boitsfort - Parc Tournay-Solvay,2026-09-10 09:55,43,13
L15004318,BE,BE-VLG,BE-VLG-OV,51.2672183,3.6789816,Watervlieg - Laureinepolder,2026-04-27 07:30,98,14
L10470797,BE,BE-VLG,BE-VLG-WV,50.8349769,2.6691875,Watou - Helleketelbos,2024-08-05 06:21,41,4
L41662558,BE,BE-WAL,BE-WAL-BW,50.7064433,4.6038596,Wavre - Étangs de Bierges,2025-12-26 13:28,7,1
L26636160,BE,BE-WAL,BE-WAL-BW,50.6085802,4.4741002,Ways - Ravel,2025-09-14 09:00,23,2
L57453218,BE,BE-VLG,BE-VLG-VB,50.9650862,4.4809756,Weerde - Weybeemd,2026-08-03 06:02,2,0
L39308137,BE,BE-VLG,BE-VLG-AN,51.094913,4.1878648,Weert - Briel
L39308129,BE,BE-VLG,BE-VLG-AN,51.1097606,4.207624,Weert - Voorderweert
L6540871,BE,BE-VLG,BE-VLG-OV,50.8812684,3.6396503,Welden - Reytmeersen,2026-09-19 14:56,106,66
L12244261,BE,BE-VLG,BE-VLG-WV,51.2949769,3.0707134,Wenduine - Duinbossen,2026-04-04 14:55,91,17
L1264374,BE,BE-VLG,BE-VLG-WV,51.2978685,3.076247,Wenduine - Spioenkop - Voetbalplein,2026-09-13 09:10,129,36
L32855536,BE,BE-VLG,BE-VLG-WV,51.2905835,3.0665631,Wenduine - Staatsbossen,2026-05-09 08:06,30,3
L56212860,BE,BE-VLG,BE-VLG-WV,51.3032671,3.0823042,Wenduine - Strand,2026-09-17 12:27,37,4
L6299470,BE,BE-VLG,BE-VLG-WV,50.7721984,3.0292976,Wervik - De Balokken,2025-03-10 09:59,53,3
L17174271,BE,BE-VLG,BE-VLG-WV,51.1499774,2.7734192,Westende - Schuddebeurze,2026-09-14 19:14,34,3
L10820177,BE,BE-VLG,BE-VLG-AN,51.0800339,4.88463,Westerlo - Rothoek,2026-05-01 09:14,18,1
L42830404,BE,BE-VLG,BE-VLG-WV,50.7795296,2.7549386,Westouter - Douvebeekvallei,2025-05-30 09:37,39,2
L8178177,BE,BE-VLG,BE-VLG-WV,50.788003,2.758744,Westouter - Hellegatbos,2026-04-17 18:50,35,5
L21613444,BE,BE-VLG,BE-VLG-WV,50.79658,2.7508444,Westouter - Park Sulferbergstraat,2026-05-16 11:59,30,1
L5447291,BE,BE-VLG,BE-VLG-WV,50.7921384,2.7431273,Westouter - Vallei Franse beek,2026-04-16 16:41,36,3
L38320866,BE,BE-VLG,BE-VLG-WV,50.9401639,3.0111178,Westrozebeke - Polderbos
L38320861,BE,BE-VLG,BE-VLG-WV,50.9350472,3.0236015,Westrozebeke - Vijverbos,2025-08-04 12:04,2,1
L28490839,BE,BE-VLG,BE-VLG-WV,50.8872823,2.6981613,Westvleteren - Sixtusbos,2025-05-25 11:00,22,2
L18607709,BE,BE-VLG,BE-VLG-WV,51.2166346,2.9948827,Wetenschapspark Oostende,2026-09-07 15:34,105,81
L55573931,BE,BE-VLG,BE-VLG-OV,50.9901027,3.8957858,Wetteren - Hospiesbos,2025-11-29 13:26,21,1
L55573862,BE,BE-VLG,BE-VLG-OV,50.9876424,3.9079648,Wetteren - Paelepelbos,2025-11-29 14:17,20,1
L8645379,BE,BE-VLG,BE-VLG-OV,51.0123867,3.870637,Wetteren - Stookte,2025-11-05 13:10,53,23
L25680371,BE,BE-VLG,BE-VLG-VB,50.95244,4.7659895,Wezemaal - Wijngaardberg,2025-01-03 15:15,8,2
L30349291,BE,BE-WAL,BE-WAL-LG,50.7901369,5.6934129,Wezet - Pointe de Lanaye,2026-08-26 19:30,26,4
L12244347,BE,BE-VLG,BE-VLG-OV,51.0178015,3.9670012,Wichelen - Bergenmeersen,2026-05-17 12:09,46,4
L21608730,BE,BE-VLG,BE-VLG-LI,50.7613466,5.4040536,Widooie - Gorzenakkers,2017-01-20 15:45,11,2
L28666738,BE,BE-WAL,BE-WAL-NA,50.1458916,4.9979976,Wiesme - Forêt,2026-08-29 06:48,55,2
L6331783,BE,BE-VLG,BE-VLG-VB,50.934496,4.706768,Wijgmaal - Wijgmaalbroek,2026-07-23 14:46,114,65
L12699834,BE,BE-VLG,BE-VLG-WV,51.0708768,3.0451377,Wijnendale - Bos van Wijnendale,2026-04-12 11:02,41,6
L10841566,BE,BE-VLG,BE-VLG-WV,51.2009848,3.2242281,Wijngaardplein,2026-09-16 09:05,56,128
L17493788,BE,BE-VLG,BE-VLG-WV,50.7873096,2.8743778,Wijtschate - Kampagnebos,2023-03-27 17:08,15,2
L14585028,BE,BE-VLG,BE-VLG-AN,51.0602784,4.3935871,Willebroek - Blaasveldbroek,2026-04-26 10:04,102,21
L14584995,BE,BE-VLG,BE-VLG-AN,51.075785,4.3744469,Willebroek - Broek De Nayer,2026-09-04 11:39,90,36
L56599313,BE,BE-VLG,BE-VLG-AN,51.0571785,4.3415485,Willebroek - Fort Breendonk,2021-01-24 00:00,7,1
L22784318,BE,BE-WAL,BE-WAL-HT,50.5680324,3.3524555,Willemeau - Zone d'immersion temporaire,2026-04-28 18:00,67,5
L12438336,BE,BE-VLG,BE-VLG-AN,51.1635015,4.4061839,Wilrijk - Fort 6,2026-05-01 10:00,60,35
L59467140,BE,BE-VLG,BE-VLG-AN,51.1623071,4.3771017,Wilrijk - Fort VII,2026-03-02 08:59,15,1
L12860198,BE,BE-VLG,BE-VLG-AN,51.1611078,4.3944935,Wilrijk - Groen Neerland,2025-05-10 20:03,41,6
L10819121,BE,BE-VLG,BE-VLG-AN,51.1692477,4.4024375,Wilrijk - Steytelinckpark,2026-05-01 11:04,27,7
L6979762,BE,BE-VLG,BE-VLG-AN,51.1593525,4.4071527,Wilrijk - UAntwerpen campus Drie Eiken,2026-06-24 16:54,70,36
L13112442,BE,BE-VLG,BE-VLG-VB,50.9084651,4.703163,Wilsele - Vijvers van Bellefroid,2026-07-07 22:48,56,19
L56272202,BE,BE-VLG,BE-VLG-WV,51.0612861,3.2872369,Wingene - Bufferbekken,2026-01-04 14:38,35,6
L8655051,BE,BE-BRU,,50.8502784,4.4251841,Woluwe-Saint-Lambert - Parc de Roodebeek,2025-09-04 08:06,27,13
L57235762,BE,BE-BRU,,50.8351477,4.4354403,Woluwe-Saint-Lambert - Parc des sources,2026-09-24 18:00,12,0
L38714661,BE,BE-VLG,BE-VLG-VB,50.9635787,4.3039694,Wolvertem - Wolvertemse Beemden,2026-04-24 17:32,62,20
L58875700,BE,BE-VLG,BE-VLG-AN,51.2028913,4.4903686,Wommelgem - Fort II park,2026-08-12 15:45,26,2
L25314257,BE,BE-VLG,BE-VLG-AN,51.2208798,4.5551554,Wommelgem Bee-Eater Stakeout 2023,2025-04-29 21:59,15,2
L3284741,BE,BE-VLG,BE-VLG-OV,51.0934426,3.7022638,Wondelgem - De Lange Velden,2024-07-31 09:14,76,25
L56599276,BE,BE-VLG,BE-VLG-WV,51.0995823,2.7138825,Wulpen - Akkers,2026-07-04 11:19,4,0
L22885647,BE,BE-VLG,BE-VLG-AN,51.4148349,4.5434309,Wuustwezel - Wuustwezelse Heide,2026-04-29 19:43,70,3
L6225258,BE,BE-WAL,BE-WAL-LX,50.3267657,5.5310154,Wéris,2026-04-01 11:34,61,7
L53956981,BE,BE-WAL,BE-WAL-LX,50.309706,5.4974408,Wéris - Bouhaimont,2026-08-20 09:58,35,7
L13949405,BE,BE-WAL,BE-WAL-NA,50.3152989,4.8858149,Yvoir - Réserve de Champalle,2026-08-16 09:35,54,5
L6289820,BE,BE-VLG,BE-VLG-VB,50.8461843,4.7482556,Zandgroeve Bierbeek,2026-09-25 08:15,81,69
L14822448,BE,BE-VLG,BE-VLG-AN,51.2117164,4.6772086,Zandhoven - Binnenbos,2026-05-09 07:02,92,35
L10110244,BE,BE-VLG,BE-VLG-AN,51.2219053,4.6706805,Zandhoven - Boutersemhof en omgeving,2026-05-11 11:49,71,29
L12244446,BE,BE-VLG,BE-VLG-AN,51.2200537,4.7160003,Zandhoven - Pulderbos,2026-04-08 19:41,77,4
L38709569,BE,BE-VLG,BE-VLG-AN,51.1821018,4.6706271,Zandhoven - Varenheuvel,2026-03-11 12:34,39,5
L15009297,BE,BE-VLG,BE-VLG-AN,51.3642893,4.2475542,Zandvliet - Groot Buitenschoor,2026-08-18 10:54,34,1
L38320972,BE,BE-VLG,BE-VLG-AN,51.3726095,4.2447444,Zandvliet - Loswal,2026-05-28 18:38,22,2
L55467596,BE,BE-VLG,BE-VLG-WV,51.2051363,2.9657366,Zandvoorde - Bosjes,2026-09-09 20:35,26,7
L52702514,BE,BE-VLG,BE-VLG-WV,51.1987302,2.9679045,Zandvoorde - Keignaert,2026-09-26 20:28,54,15
L9993526,BE,BE-VLG,BE-VLG-WV,51.1927056,2.945439,Zandvoorde - Zoutekreek,2026-09-10 10:43,136,38
L52893438,BE,BE-VLG,BE-VLG-WV,51.2012467,2.9750362,Zandvoorde Dorp,2026-08-29 07:20,40,17
L30401483,BE,BE-VLG,BE-VLG-VB,50.8795981,4.4746615,Zaventem - Gemeentepark,2026-02-28 17:11,42,5
L56599630,BE,BE-VLG,BE-VLG-VB,50.8900974,4.460836,Zaventem - Park,2026-09-26 16:45,16,2
L7469869,BE,BE-VLG,BE-VLG-VB,50.8799704,4.4654483,Zaventem - Park,2026-06-13 16:23,58,21
L12244426,BE,BE-VLG,BE-VLG-WV,51.1470775,3.1071266,Zedelgem - Vloethemveld,2026-09-11 15:43,116,53
L4921935,BE,BE-VLG,BE-VLG-WV,51.33167,3.20232,Zeebrugge (general area),2026-09-27 12:37,222,1117
L16262664,BE,BE-VLG,BE-VLG-WV,51.2968617,3.2297033,Zeebrugge - Achterhaven--Rietveld Pelikaan (depracted),2023-04-04 08:11,54,1
L12403454,BE,BE-VLG,BE-VLG-WV,51.3282687,3.1808668,Zeebrugge - Centrum West,2026-02-07 08:11,68,22
L12533229,BE,BE-VLG,BE-VLG-WV,51.3160275,3.1976187,Zeebrugge - Driehoek en vlakte Oud Ferrydok,2026-05-31 20:10,85,27
L16262288,BE,BE-VLG,BE-VLG-WV,51.3265328,3.1828799,Zeebrugge - Militair domein,2008-10-31 00:00,1,0
L19365049,BE,BE-VLG,BE-VLG-WV,51.3236543,3.1787757,Zeebrugge - Oudemaarspolder,2026-03-18 15:00,24,2
L21078119,BE,BE-VLG,BE-VLG-WV,51.336678,3.2197145,Zeebrugge - Strook Isabellalaan,2026-09-26 08:32,96,86
L75731147,BE,BE-VLG,BE-VLG-WV,51.2868553,3.2165506,Zeebrugge Achterhaven (general),2026-09-27 13:01,241,298
L7895413,BE,BE-VLG,BE-VLG-WV,51.3042384,3.2288686,Zeebrugge Achterhaven--Akker Pelikaan (depracted),2017-04-17 17:38,22,2
L17591517,BE,BE-VLG,BE-VLG-WV,51.2899071,3.2154768,Zeebrugge Achterhaven--Het Poldertje,2026-09-15 09:00,124,8
L3074625,BE,BE-VLG,BE-VLG-WV,51.3006318,3.2140202,Zeebrugge Achterhaven--Hoge noen,2026-09-26 13:41,198,68
L3436471,BE,BE-VLG,BE-VLG-WV,51.3241069,3.2232749,Zeebrugge Achterhaven--Insteekdok,2026-03-16 14:13,67,17
L3271413,BE,BE-VLG,BE-VLG-WV,51.3117303,3.2094669,Zeebrugge Achterhaven--Insteekdok west,2026-02-10 15:50,68,22
L31871905,BE,BE-VLG,BE-VLG-WV,51.2895766,3.2270129,Zeebrugge Achterhaven--Luzerneveld,2025-05-01 15:01,16,0
L9807299,BE,BE-VLG,BE-VLG-WV,51.280254,3.2148612,Zeebrugge Achterhaven--Plas Spoorweg West,2026-07-05 18:45,158,104
L1264359,BE,BE-VLG,BE-VLG-WV,51.2965105,3.2419109,Zeebrugge Achterhaven--Vlakte Bridgestone (depracted),2025-04-05 07:01,37,2
L7884543,BE,BE-VLG,BE-VLG-WV,51.3154644,3.2062076,Zeebrugge Achterhaven--Vlakte CTO,2025-11-22 11:36,99,20
L7895420,BE,BE-VLG,BE-VLG-WV,51.3059056,3.2055736,Zeebrugge Achterhaven--Weiden Achterkant Lissewege,2020-05-30 00:00,37,3
L8093566,BE,BE-VLG,BE-VLG-WV,51.2979862,3.2337008,Zeebrugge Achterhaven--Weiden Distrigaz (depracted),2018-11-01 15:10,48,1
L16262252,BE,BE-VLG,BE-VLG-WV,51.2968849,3.216194,Zeebrugge Achterhaven--Weiden Hoge Noen,2023-06-12 06:07,88,8
L7895416,BE,BE-VLG,BE-VLG-WV,51.2914632,3.2098644,Zeebrugge Achterhaven--Weiden Spoorweg West,2026-09-27 13:01,134,32
L1264354,BE,BE-VLG,BE-VLG-WV,51.2911602,3.2391214,Zeebrugge Achterhaven--Weiden spoorweg oost (depracted),2026-01-20 00:00,60,3
L75733015,BE,BE-VLG,BE-VLG-WV,51.3538489,3.2002829,Zeebrugge Voorhaven (general - restricted access),2026-09-26 16:23,267,156
L20832644,BE,BE-VLG,BE-VLG-WV,51.3431923,3.2201483,Zeebrugge Voorhaven--Britanniadok (restricted access),2026-01-04 11:10,66,2
L16825238,BE,BE-VLG,BE-VLG-WV,51.3432233,3.191575,Zeebrugge Voorhaven--P&O & APM (restricted access),2026-09-26 16:23,65,29
L10787675,BE,BE-VLG,BE-VLG-WV,51.3513078,3.1842327,Zeebrugge Voorhaven--PSA/C.RO (restricted access),2025-10-10 00:00,200,26
L10757577,BE,BE-VLG,BE-VLG-WV,51.361008,3.2097988,Zeebrugge Voorhaven--Sterneneiland (restricted access),2026-08-01 00:00,140,14
L1263351,BE,BE-VLG,BE-VLG-WV,51.3453939,3.1728172,Zeebrugge Voorhaven--Westdam & Meeuwenkolonie (restricted access),2026-09-26 15:00,215,84
L1263364,BE,BE-VLG,BE-VLG-WV,51.33079,3.17843,Zeebrugge Westdam (general),2026-09-26 16:44,197,381
L1261629,BE,BE-VLG,BE-VLG-WV,51.330407,3.1818724,Zeebrugge Westdam--bosje,2026-09-25 15:37,123,111
L76960031,BE,BE-VLG,BE-VLG-WV,51.3338982,3.1795297,Zeebrugge Westdam--duintjes
L76960018,BE,BE-VLG,BE-VLG-WV,51.3292306,3.1735184,Zeebrugge Westdam--duintjes surfclub,2025-12-20 11:30,4,0
L1261628,BE,BE-VLG,BE-VLG-WV,51.3291636,3.1839752,Zeebrugge Westdam--station & parking,2026-09-25 15:30,82,74
L12249661,BE,BE-VLG,BE-VLG-WV,51.3348911,3.2044739,Zeebrugge--Bosje Marinebasis,2026-09-26 17:28,84,157
L1264376,BE,BE-VLG,BE-VLG-WV,51.3412071,3.20769,Zeebrugge--Central Harbor,2026-09-16 16:26,84,50
L12392950,BE,BE-VLG,BE-VLG-WV,51.3322582,3.2095382,Zeebrugge--Centrum,2026-09-26 14:35,47,26
L18601651,BE,BE-VLG,BE-VLG-WV,51.3269344,3.1927733,Zeebrugge--Dorp West,2026-09-27 11:52,56,28
L16178567,BE,BE-VLG,BE-VLG-WV,51.3300292,3.2139024,Zeebrugge--Geitenpark,2026-09-26 13:56,97,151
L7909013,BE,BE-VLG,BE-VLG-WV,51.3260147,3.1880244,Zeebrugge--Knapenpark & Legerput,2026-09-27 12:37,102,80
L16620676,BE,BE-VLG,BE-VLG-WV,51.3265414,3.2003576,Zeebrugge--Pittman Seafoods/CTO,2026-09-25 14:47,67,20
L16421573,BE,BE-VLG,BE-VLG-WV,51.334541,3.2105384,Zeebrugge--Sint-Donaaspark,2026-09-26 12:08,64,80
L16178615,BE,BE-VLG,BE-VLG-WV,51.3250374,3.1906577,Zeebrugge--Station Dorp (restricted access),2022-10-13 14:10,49,3
L3965247,BE,BE-VLG,BE-VLG-WV,51.3334271,3.2159525,Zeebrugge--Talud & Voetbalveld,2026-09-26 12:48,98,118
L16178460,BE,BE-VLG,BE-VLG-WV,51.3353819,3.217635,Zeebrugge--Vandammesluis (restricted access),2023-10-17 10:53,40,1
L17831246,BE,BE-VLG,BE-VLG-WV,51.3330692,3.1988393,Zeebrugge--Visserskruis,2026-09-26 16:53,140,259
L8093633,BE,BE-VLG,BE-VLG-WV,51.3296716,3.193315,Zeebrugge--ZOC (depracted),2026-09-27 12:08,76,34
L21844364,BE,BE-VLG,BE-VLG-OV,51.1901463,3.7855231,Zelzate - Callemansputte,2025-05-17 07:46,15,1
L25680312,BE,BE-VLG,BE-VLG-VB,50.9920411,4.4023153,Zemst - Bos van Aa,2026-08-01 21:29,25,2
L28601124,BE,BE-VLG,BE-VLG-VB,50.9501095,4.4396497,Zemst - Dorent-Nelebroek,2026-04-19 08:07,69,4
L25680298,BE,BE-VLG,BE-VLG-VB,50.967763,4.4145725,Zemst - Kattemeuterbos
L22108504,BE,BE-VLG,BE-VLG-VB,50.9807495,4.4824219,Zemst - Weerdse Visvijver,2026-06-24 23:04,45,5
L38507352,BE,BE-VLG,BE-VLG-VB,51.0049913,4.9601655,Zichem - Doodbroek,2025-08-29 15:48,7,1
L38507345,BE,BE-VLG,BE-VLG-VB,51.0064129,4.9748211,Zichem - Kloosterbeemden,2026-06-12 15:57,71,3
L27901065,BE,BE-VLG,BE-VLG-WV,50.8214576,2.9162006,Zillebeke - De Palingbeek,2026-09-26 13:47,81,7
L38320815,BE,BE-VLG,BE-VLG-WV,50.8193429,2.9344028,Zillebeke - De Vierlingen,2026-06-08 16:02,49,5
L27901040,BE,BE-VLG,BE-VLG-WV,50.825315,2.9528187,Zillebeke - Gasthuisbossen,2026-01-13 13:42,85,34
L38320831,BE,BE-VLG,BE-VLG-WV,50.8381573,2.9680987,Zillebeke - Godtschalckbos,2026-03-15 13:16,28,1
L38320828,BE,BE-VLG,BE-VLG-WV,50.8403852,2.9502499,Zillebeke - Hogebos,2026-09-27 12:51,45,5
L8645641,BE,BE-VLG,BE-VLG-OV,50.8955026,3.6822497,Zingem  -Schelde thv Grootmeers,2022-08-07 15:10,15,8
L2772804,BE,BE-VLG,BE-VLG-OV,50.8975656,3.679347,Zingem - Grootmeers,2026-07-15 19:50,107,34
L3130212,BE,BE-VLG,BE-VLG-OV,50.9105019,3.6756992,Zingem - Kleinmeers,2026-05-25 18:36,10,2
L2863466,BE,BE-VLG,BE-VLG-OV,50.9017067,3.68469,Zingem - Mesure,2024-04-04 12:49,68,19
L3510936,BE,BE-VLG,BE-VLG-OV,50.909,3.6824906,Zingem - Moerasje Vindevogel,2026-03-08 13:19,60,11
L3130225,BE,BE-VLG,BE-VLG-OV,50.8887409,3.6678028,Zingem - Schelde Zwalmmonding,2025-04-05 16:56,52,7
L3393754,BE,BE-VLG,BE-VLG-OV,50.90877,3.6847973,Zingem - Schelde tussen sas Asper en Brug Zingem,2025-11-08 14:20,47,5
L2634093,BE,BE-VLG,BE-VLG-OV,50.8926391,3.673768,Zingem - Spettekraai,2025-12-28 11:44,69,20
L3129029,BE,BE-VLG,BE-VLG-OV,50.8872248,3.6542416,Zingem - Stercken Bulck,2026-04-14 17:48,45,15
L4384423,BE,BE-VLG,BE-VLG-OV,50.9132077,3.6673415,Zingem - Stuivenberg,2026-07-05 18:47,20,4
L5281625,BE,BE-VLG,BE-VLG-OV,50.9063616,3.6752057,Zingem - Stuivenberg,2026-09-05 10:17,52,8
L3393697,BE,BE-VLG,BE-VLG-OV,50.896104,3.6785316,Zingem - Weiden Scheldebrug,2023-04-16 10:38,58,18
L2570035,BE,BE-VLG,BE-VLG-OV,50.8905276,3.6664724,Zingem - Weiput,2026-07-29 20:15,110,114
L38358374,BE,BE-VLG,BE-VLG-AN,51.2600568,4.6934025,Zoersel - Monnikenheide - Doezelbos,2026-05-02 09:05,37,11
L38358350,BE,BE-VLG,BE-VLG-AN,51.249747,4.6817999,Zoersel - Zoerselbos,2026-05-09 07:51,26,5
L39107269,BE,BE-VLG,BE-VLG-LI,50.9840997,5.2684808,Zolder - Domein Bovy,2025-01-02 13:00,22,1
L69331068,BE,BE-VLG,BE-VLG-LI,50.9908142,5.2663073,Zolder - Galgenberg,2026-08-09 11:12,14,1
L22995579,BE,BE-VLG,BE-VLG-LI,50.9979089,5.2741635,Zolder - Vijvers van Terlamen,2025-05-23 18:22,30,3
L6834525,BE,BE-VLG,BE-VLG-OV,51.1331005,3.5841823,Zomergem - Meirlare,2026-01-31 09:32,87,21
L6869080,BE,BE-VLG,BE-VLG-OV,51.1036297,3.5435629,Zomergem - Rohoekske,2025-09-19 18:52,41,6
L6869048,BE,BE-VLG,BE-VLG-OV,51.098496,3.5595167,Zomergem - Vijver en bosjes Rohoekske,2024-07-14 16:00,48,9
L38282490,BE,BE-VLG,BE-VLG-LI,51.0035791,5.405389,Zonhoven - De Teut,2026-08-15 15:37,35,1
L19562327,BE,BE-VLG,BE-VLG-LI,50.9675876,5.3400415,Zonhoven - Platwijers,2026-09-20 15:27,107,26
L3491961,BE,BE-VLG,BE-VLG-LI,50.9835594,5.3167176,Zonhoven - Wijvenheide - Zuid,2026-09-19 09:54,130,72
L75588000,BE,BE-VLG,BE-VLG-VB,50.7591065,4.4388667,Zoniënwoud (general),2026-08-05 11:31,120,146
L3982077,BE,BE-VLG,BE-VLG-VB,50.7683309,4.4368029,Zoniënwoud--Arboretum Groenendael,2026-03-08 15:09,108,49
L16829932,BE,BE-VLG,BE-VLG-VB,50.8058919,4.4926299,Zoniënwoud--Arboretum Tervuren,2026-05-15 08:45,59,19
L26589386,BE,BE-VLG,BE-VLG-VB,50.7735369,4.4513087,Zoniënwoud--Dunberg
L40569252,BE,BE-VLG,BE-VLG-VB,50.7641737,4.4241445,Zoniënwoud--Ganzepootvijver,2026-06-13 11:27,44,3
L3505947,BE,BE-VLG,BE-VLG-VB,50.7700136,4.4503641,Zoniënwoud--Koningsvijvers,2026-05-10 14:52,57,57
L28557216,BE,BE-VLG,BE-VLG-VB,50.7594861,4.4346916,Zoniënwoud--Renbaan Groenendaal,2026-07-21 11:55,49,6
L35629682,BE,BE-VLG,BE-VLG-VB,50.8152499,4.4641948,Zoniënwoud--Vijfbeukendreef,2026-08-05 11:31,54,12
L10436068,BE,BE-VLG,BE-VLG-WV,50.87466,2.963655,Zonnebeke - Haneveld,2026-08-12 15:10,50,3
L41001437,BE,BE-VLG,BE-VLG-WV,50.8706014,2.9910634,Zonnebeke - Kasteelpark,2026-05-01 13:18,48,12
L38708278,BE,BE-VLG,BE-VLG-VB,50.8498849,5.0985896,Zoutleeuw - Aronsthoek
L3639802,BE,BE-VLG,BE-VLG-VB,50.841728,5.1309302,Zoutleeuw - Het Vinne,2026-09-26 18:17,167,116
L38708244,BE,BE-VLG,BE-VLG-VB,50.8186809,5.0939678,Zoutleeuw - Kleine Getevallei
L52843505,BE,BE-VLG,BE-VLG-VB,50.8771788,5.0516757,Zoutleeuw - Tienbunders
L76651966,BE,BE-VLG,BE-VLG-AN,51.1014565,4.3224294,Zuidelijk Eiland
L3336617,BE,BE-VLG,BE-VLG-OV,50.9404201,3.4430122,Zulte - Leievallei,2023-04-03 10:06,29,3
L7871606,BE,BE-VLG,BE-VLG-LI,50.9319171,5.5724031,Zutendaal,2019-08-08 18:41,34,0
L10279411,BE,BE-VLG,BE-VLG-LI,50.9215138,5.5720854,Zutendaal - Lieteberg,2026-08-09 16:36,36,8
L26731167,BE,BE-VLG,BE-VLG-OV,51.0044659,3.7425399,Zwijnaarde - Eiland/Fasiver,2025-10-19 10:46,64,2
L3271299,BE,BE-VLG,BE-VLG-AN,51.2445097,4.3026066,Zwijndrecht - Broedvlakte,2026-05-13 07:30,84,11
L41662256,BE,BE-WAL,BE-WAL-BW,50.7701264,4.8972075,Zétrud - Étangs,2021-01-25 11:22,3,0
L58282953,BE,BE-VLG,BE-VLG-AN,51.2009479,4.5645222,zevenbergenbos,2026-07-09 07:21,3,0
L48757910,BE,BE-WAL,BE-WAL-LX,50.2731017,5.5418196,Érezée - Amonines,2025-06-28 09:00,36,1
