L20178125,CH,CH-SG,,46.9806037,9.3911219,5 Seen Wanderung,2026-09-25 12:30,22,8
L3960692,CH,CH-AG,,47.3872144,8.0464125,Aarau--Friedhof Rosengarten,2024-10-29 12:30,33,3
L8006176,CH,CH-AG,,47.3204164,7.9063656,Aarburg Stadt,2025-10-27 11:01,36,6
L35059077,CH,CH-BE,,46.7192694,8.2121944,Aareschlucht,2026-08-30 14:00,33,11
L925942,CH,CH-BE,,46.6843641,8.2426214,Aareschlucht,2026-05-02 08:58,29,3
L17948172,CH,CH-AG,,47.4090963,8.0946493,Aarschaechli,2026-08-02 14:52,69,7
L5124578,CH,CH-BE,,46.4930154,7.5591946,Adelboden (general area),2026-09-26 20:58,69,23
L8826762,CH,CH-ZH,,47.370222,8.5942698,Adlisberg,2026-07-18 14:12,59,23
L2708684,CH,CH-TG,,47.5583047,8.8617611,Aegelsee,2026-09-09 16:29,132,102
L3453435,CH,CH-TI,,46.5124967,8.6921167,Aeroporto Ambri,2025-09-06 18:30,34,2
L18123576,CH,CH-BL,,47.4786854,7.5838295,"Aeschfeld (Tschuppen, Butthollen, Tannmatt)",2026-09-20 08:33,87,106
L24531002,CH,CH-GL,,47.028959,9.106449,Aeugstenwald-Holzflue,2026-09-05 05:37,65,29
L5126214,CH,CH-VD,,46.7909516,6.4713013,Aiguilles de Baulmes,2026-08-23 09:00,70,10
L3453368,CH,CH-TI,,46.5261397,8.6041725,Airolo--Lago,2026-07-25 07:15,34,4
L34752944,CH,CH-GR,,46.3371508,9.6467686,Albigna,2025-08-07 11:28,7,1
L34793707,CH,CH-GR,,46.3291482,9.6547873,Albigna,2026-07-12 11:00,27,1
L9108784,CH,CH-ZH,,47.276147,8.520713,Albispass,2026-09-13 11:22,120,82
L4614734,CH,CH-VS,,46.3877935,8.022337,Aletschwald,2026-09-05 15:05,80,66
L4940395,CH,CH-VS,,46.0561091,7.904985,Allalin,2005-08-09 12:00,2,2
L64268783,CH,CH-SO,,47.3526858,7.8137456,Allerheiligenberg,2026-04-21 10:00,18,1
L60316660,CH,CH-ZH,,47.4896155,8.7571013,Allmend Grüzefeld,2026-02-02 13:31,71,23
L36257720,CH,CH-ZH,,47.4012686,8.5972953,Allmend Stettbach,2026-07-13 20:10,47,43
L5844186,CH,CH-VS,,46.0292696,7.9626417,Alp Distel,2026-05-24 13:55,15,2
L11632420,CH,CH-GL,,47.0189352,9.1335024,Alp Fesis,2026-06-06 16:05,56,12
L27144574,CH,CH-GR,,46.742331,9.5733833,Alp Scharmoin,2026-09-16 12:01,24,4
L9854708,CH,CH-SZ,,47.0351324,8.4863615,Alp Schild (migration),2026-09-26 07:13,88,34
L13550533,CH,CH-SZ,,46.9649381,8.8229597,Alp Untersaum,2019-08-10 16:00,40,1
L5844207,CH,CH-VS,,46.3713028,7.427423,Alpage du Rawil,2026-08-16 11:57,12,2
L3480386,CH,CH-TI,,46.4701429,8.4150553,Alpe Crüina,2026-08-06 10:59,24,5
L50307151,CH,CH-TI,,46.1016669,8.9832775,Alpe Davrosio,2026-04-04 12:19,22,1
L20381145,CH,CH-TI,,46.5579696,8.532149,Alpe di Lucendro,2026-08-08 10:10,53,15
L3480396,CH,CH-TI,,46.1104331,8.8450027,Alpe di Neggia,2025-05-03 13:05,29,2
L3819593,CH,CH-OW,,46.953719,8.2912016,Alpnachersee Süd,2026-09-21 10:32,138,96
L4148137,CH,CH-TI,,46.1619872,9.121398,Alta Valle Morobbia,2021-08-07 09:07,43,3
L14187980,CH,CH-SH,,47.7922074,8.6468338,Altdorf Tobelhof und Äcker,2023-03-26 10:00,35,9
L12424486,CH,CH-ZH,,47.371114,8.533772,Alter Botanischer Garten Zürich,2026-09-20 10:40,61,167
L5165272,CH,CH-SG,,47.502301,9.5574617,Alter Rhein Mündung (restricted access),2026-08-10 18:11,182,110
L11761060,CH,CH-SG,,47.402165,9.655233,Alter Rhein--Under Spitz,2026-03-31 17:42,68,13
L5165241,CH,CH-BE,,46.7245356,7.5764465,Amsoldingersee,2015-10-27 00:00,3,0
L19866058,CH,CH-UR,,46.6337812,8.5934086,Andermatt (dorf),2026-08-26 13:59,66,27
L3711631,CH,CH-UR,,46.6357759,8.5852361,Andermatt--Meer,2026-09-21 11:46,89,81
L10025611,CH,CH-VS,,46.2966422,7.4017363,Anzère (village),2026-08-05 09:45,76,28
L40090280,CH,CH-TI,,46.1459901,8.983705,Arboreto di Sant’Antonino,2025-04-09 14:18,39,5
L3525068,CH,CH-ZH,,47.36276,8.5362536,Arboretum Zürich,2026-09-19 17:24,92,353
L60727610,CH,CH-VD,,46.3729942,6.9104594,Arboretum de Rennaz,2026-03-17 13:23,3,0
L2185055,CH,CH-VD,,46.5115682,6.3663103,Arboretum du Vallon de l'Aubonne,2026-05-09 09:27,57,14
L21328635,CH,CH-UR,,46.7759503,8.6484303,Arni Alp,2026-09-13 08:32,27,8
L26316900,CH,CH-VS,,46.0237413,7.4819598,Arolla (stadt),2026-07-23 06:20,72,27
L5578800,CH,CH-JU,,47.2364492,6.9649565,Arrête des Somêtres (migration),2025-10-19 11:43,78,14
L5870611,CH,CH-AG,,47.6065681,8.2714176,Aue Chly Rhy,2026-09-24 09:11,107,53
L6369835,CH,CH-AG,,47.414,8.1413,Auenschutzpark Rupperswil,2026-09-20 08:10,77,17
L4951766,CH,CH-BE,,46.7422088,7.9286018,Augstmatthorn,2026-08-16 10:57,57,11
L3437945,CH,CH-TG,,47.5806655,8.9007711,Auli,2026-06-01 07:16,135,207
L2714051,CH,CH-FR,,46.8977391,7.2141767,Auried,2026-09-25 16:39,143,152
L6163777,CH,CH-SZ,,46.9935873,8.6013722,Auslandschweizerplatz,2026-09-19 18:19,52,34
L5578810,CH,CH-BL,,47.488006,7.7533436,Aussichtsturm Liestal,2026-05-22 12:38,45,5
L15784468,CH,CH-VD,,46.2591557,6.9845907,Aérodrome de Bex,2026-06-20 20:05,8,3
L3330980,CH,CH-VD,,46.8469972,6.9209898,Aérodrome de Payerne,2026-04-09 17:54,13,1
L3563938,CH,CH-GE,,46.2367338,6.1080122,Aéroport de Genève,2026-09-26 08:29,57,83
L6226908,CH,CH-ZG,,47.1765323,8.4961894,Badestrand Brüggli,2026-07-27 10:33,57,11
L12355482,CH,CH-GR,,47.0367584,9.4940203,Badguet,2026-06-01 18:15,85,26
L60284625,CH,CH-ZH,,47.2355969,8.7887084,Badi Feldbach,2026-08-08 08:31,57,2
L4094359,CH,CH-TI,,45.9694671,8.8698721,Baia di Caslano,2026-05-15 17:30,69,12
L4396369,CH,CH-VD,,46.5117288,6.5026832,Baie du Temple,2026-06-12 12:29,64,30
L5410285,CH,CH-LU,,47.1851335,8.2765889,Baldeggersee--Baldegg,2026-09-14 18:13,119,27
L23384697,CH,CH-ZH,,47.5519178,8.7044469,Baldisriet,2026-09-23 08:41,91,21
L7980107,CH,CH-SO,,47.3668213,7.9966736,Bally Park,2026-09-22 12:36,44,9
L56104619,CH,CH-GR,,46.8597001,9.5511831,Balzersguot,2026-09-27 11:56,59,38
L3715402,CH,CH-SG,,47.3574533,9.5656157,Bannriet,2026-09-12 11:31,127,67
L48377427,CH,CH-VS,,46.0584022,7.5496244,Barrage de Ferpècle,2026-06-05 11:43,32,1
L21998365,CH,CH-VS,,46.0489313,7.9595947,Barrage de Mattmark,2026-09-15 10:22,43,8
L4373555,CH,CH-FR,,46.7179331,7.1123707,Barrage de Rossens,2025-09-24 15:19,36,17
L4714718,CH,CH-FR,,46.8824402,7.1930546,Barrage de Schiffenen,2026-06-22 10:28,60,17
L3699976,CH,CH-GE,,46.19372,6.03049,Barrage de Verbois,2026-08-30 15:21,179,290
L3841151,CH,CH-VS,,46.0809113,7.4033046,Barrage de la Grand Dixence,2026-07-25 15:14,57,27
L4536114,CH,CH-BS,,47.5595577,7.5884628,Basel Stadt (city of Basel)* general (use more precise loc.),2026-09-24 15:36,115,475
L4468685,CH,CH-VD,,46.7531525,6.5840292,Basse Plaine de l'Orbe* general area,2026-09-23 08:47,170,348
L6296888,CH,CH-VD,,46.7692468,6.6208898,"Basse Plaine de l'Orbe--Parcelle du projet ""Escale limicoles""",2026-09-23 08:47,167,334
L16063381,CH,CH-VD,,46.7536772,6.6136326,Basse Plaine de l'Orbe--Pré Vuacoz,2026-05-17 16:37,52,4
L9799414,CH,CH-SG,,47.3581642,9.1434816,Baumwipfelpfad Neckertal,2026-05-19 12:36,28,6
L40926354,CH,CH-SO,,47.3116967,7.8830123,Beach Fluss,2026-08-07 11:55,30,2
L7755257,CH,CH-NW,,46.970853,8.4684634,Beckenried--öffentlicher Seesteg,2026-08-27 09:00,72,25
L3287804,CH,CH-TI,,46.5055705,8.5105204,Bedretto,2026-08-04 14:17,49,6
L42372695,CH,CH-ZH,,47.3313387,8.4826838,Beerimoos (NSG),2026-09-25 13:06,21,3
L5126277,CH,CH-AG,,47.2704356,8.2094049,Beinwil am See--Strandbad,2026-05-22 16:05,56,5
L20471361,CH,CH-GE,,46.2047185,6.1398998,Bel Air,2026-06-28 09:33,54,15
L1344771,CH,CH-VS,,46.0786124,6.9372239,Bel Oiseau,2000-09-10 08:35,4,0
L20942341,CH,CH-VS,,46.3740445,7.9614275,Belalp,2026-07-24 12:25,39,11
L58441608,CH,CH-SO,,47.2141757,7.4828244,Bellacher Weiher,2026-08-30 13:53,34,4
L3773184,CH,CH-TI,,45.9113513,9.001187,Bellavista,2026-04-04 14:00,27,3
L74464605,CH,CH-VS,,46.44735,8.16726,Bellwald,2026-07-24 11:00,14,1
L18547149,CH,CH-VS,,46.1785295,7.5431886,Bendolla - Le Marais,2026-08-26 15:37,28,1
L6428811,CH,CH-SG,,47.2035053,8.9915156,Benknerriet,2026-05-25 05:42,104,22
L3942201,CH,CH-SO,,47.2529663,7.4367759,Beringungsstation Subigerberg,2026-09-27 07:00,51,7
L4535905,CH,CH-BE,,46.9478893,7.4475288,Bern Stadt (city of Bern)* general area (use more precise loc.),2026-09-20 13:01,106,319
L3066568,CH,CH-BE,,46.9529871,7.4447132,Bern--Botanischer Garten,2026-09-18 09:45,61,63
L6176619,CH,CH-BE,,46.9483019,7.4204385,Bern--Bremgartenfriedhof Cemetery,2026-05-09 05:30,67,36
L18145440,CH,CH-BE,,46.9368433,7.4550712,Bern--Dählhölzli,2026-09-20 13:01,71,26
L15209212,CH,CH-BE,,46.9445896,7.4651135,Bern--Egelsee,2026-04-25 19:20,39,10
L9763414,CH,CH-BE,,46.9484031,7.458547,Bern--Nydeggbrücke,2026-09-18 10:36,53,45
L4721915,CH,CH-BE,,46.9515283,7.4599126,Bern--Rosengarten,2026-09-18 11:19,62,41
L29253363,CH,CH-SG,,47.4301894,9.1033131,Bettenauer Weiher,2026-07-22 15:20,60,13
L5421737,CH,CH-VS,,46.3899248,8.0618191,Bettmeralp,2026-09-03 12:20,78,46
L31143838,CH,CH-ZH,,47.6144087,8.6279154,Bibergebiet bei Marthalen,2026-07-19 10:55,41,2
L6211904,CH,CH-SH,,47.6794028,8.8069797,Bibermühle,2026-05-31 13:53,125,26
L9154628,CH,CH-ZG,,47.2066575,8.4649564,Bibersee,2026-03-29 14:50,56,7
L6717698,CH,CH-TG,,47.457441,8.899914,Bichelsee,2026-06-27 09:26,49,4
L44295491,CH,CH-NE,,46.9829153,6.7288494,Bieds du Milieu et Marais de Brot,2026-08-01 07:01,28,1
L30322681,CH,CH-SG,,47.4059834,9.308603,Bildweiher,2026-08-20 10:30,60,22
L19342677,CH,CH-VS,,46.366406,8.1921493,Binntal,2026-08-05 15:34,75,28
L14647183,CH,CH-GR,,46.6272779,10.3364182,Biosfera Val Müstair,2026-06-28 05:45,73,14
L27770670,CH,CH-LU,,47.0310367,8.3181968,Bireggwald,2026-07-01 14:17,49,18
L6375794,CH,CH-BL,,47.558615,7.6241737,Birsfelder Stau* general (use more precise loc.),2026-09-24 15:44,101,198
L17700038,CH,CH-BL,,47.5578635,7.629329,Birsfelder Stau--Biotop Am Stausee,2026-09-24 15:17,70,85
L18995949,CH,CH-BS,,47.5575884,7.6168835,Birsfelder Stau--Birsköpfli,2026-09-24 14:47,53,34
L17648333,CH,CH-BL,,47.55993,7.630593,Birsfelder Stau--Kraftwerk Insel,2026-09-24 15:44,62,37
L15540172,CH,CH-BL,,47.5579286,7.6213533,Birsfelder Stau--Rheinpark/Barfusspark Birsfelden,2026-09-24 14:56,53,14
L34014605,CH,CH-BL,,47.4850706,7.607962,Birspark Aesch,2025-06-10 16:06,28,6
L14420686,CH,CH-SG,,47.4846999,9.5782113,Bisewäldli Nature Reserve,2026-08-22 15:00,98,25
L5766120,CH,CH-VS,,46.2579536,7.3275268,Bisse de Savièse,2026-04-06 11:00,48,2
L7757422,CH,CH-VS,,46.028036,7.014054,Bisse du Trient,2026-08-27 09:00,21,4
L65002767,CH,CH-VS,,46.32425,7.56986,Blattä,2026-08-23 00:00,20,1
L35804955,CH,CH-BL,,47.4568655,7.51791,Blauenweide,2026-09-20 09:32,52,17
L54493442,CH,CH-BE,,46.5322072,7.663908,Blausee,2026-08-27 11:21,18,2
L30261621,CH,CH-BL,,47.5102876,7.6249838,Blinden/Gipfli,2026-09-22 10:50,49,42
L6163744,CH,CH-UR,,46.8760861,8.6164838,Bodäwald,2026-09-24 11:39,37,2
L41194021,CH,CH-VD,,46.4743029,6.8704247,Bois Baron,2026-01-10 12:43,18,2
L64177746,CH,CH-VD,,46.372448,6.216359,Bois Neuf/Bougy,2026-06-10 13:10,56,10
L44280614,CH,CH-GE,,46.238319,6.2932777,Bois Vieux,2026-05-15 18:14,1,0
L3874815,CH,CH-FR,,46.6134834,7.0791864,Bois de Bouleyres,2026-01-04 11:50,25,4
L3098213,CH,CH-GE,,46.1343336,5.9645784,Bois de Chancy,2025-10-05 14:29,57,9
L2545642,CH,CH-VD,,46.4377534,6.2347841,Bois de Chênes,2026-09-06 14:41,74,22
L6095851,CH,CH-FR,,46.801049,7.1120274,Bois de Moncor,2026-03-01 11:50,44,8
L1043942,CH,CH-VD,,46.5374095,6.6388093,Bois de Sauvabelin,2026-08-16 15:41,72,35
L4379705,CH,CH-VD,,46.5739668,6.5961099,Bois de Vernand Dessous,2026-04-05 12:41,41,3
L4440909,CH,CH-NE,,47.0043728,6.9454408,Bois de l'Hôpital,2026-09-05 14:19,49,12
L3759842,CH,CH-GE,,46.1998045,6.1206132,Bois de la Batie,2026-09-15 17:03,77,58
L3092254,CH,CH-VD,,46.5485164,6.6814631,Bois de la Chapelle,2025-04-12 13:02,29,4
L69733080,CH,CH-VD,,46.631966,6.646836,Bois de la Commune,2026-06-08 15:10,24,1
L18072395,CH,CH-VD,,46.4256637,6.1536095,Bois des Balandes,2023-08-12 11:48,2,0
L4816980,CH,CH-FR,,46.7901583,7.1516275,Bois des Morts,2026-05-22 18:48,27,7
L5168443,CH,CH-GE,,46.1930443,6.082145,Bois des Mouilles,2026-08-18 09:16,57,18
L22800448,CH,CH-NE,,47.0069802,7.0235046,Bois du Camping de Marin,2023-07-01 16:52,24,3
L20503958,CH,CH-NE,,47.0908453,6.834885,Bois du Couvent,2026-07-24 17:03,53,33
L4661466,CH,CH-GE,,46.2779787,6.1518073,Bois du Faisan,2026-09-26 07:28,45,13
L7188871,CH,CH-VD,,46.5882649,6.7015314,Bois du Jorat,2026-09-26 18:15,78,55
L2713967,CH,CH-TI,,46.1578968,8.8510323,Bolle di Magadino* general (use more precise loc.),2026-09-26 09:10,241,1788
L4750442,CH,CH-TI,,46.1595317,8.8598299,Bolle di Magadino--Bolle centrali (restricted access),2025-04-23 13:14,75,2
L3336222,CH,CH-TI,,46.1569158,8.8804722,Bolle di Magadino--Fume Ticino,2026-06-26 12:40,139,60
L4750476,CH,CH-TI,,46.16588,8.85959,Bolle di Magadino--Nord (Bolla Rossa),2026-09-26 07:12,216,788
L5724992,CH,CH-TI,,46.1653531,8.8526241,Bolle di Magadino--Nord--Camping Campofelice,2026-06-18 15:56,122,67
L3087268,CH,CH-TI,,46.1631729,8.8703871,Bolle di Magadino--Stallone,2026-09-26 09:10,197,423
L4750477,CH,CH-TI,,46.1526647,8.8627052,"Bolle di Magadino--Sud (Diga della Pèpa, Bolette, Foce Fiume Ticino)",2026-08-26 12:02,202,366
L11198352,CH,CH-TG,,47.6181939,9.155004,Bommer Weiher,2026-09-05 09:07,127,35
L6320147,CH,CH-AG,,47.3080885,7.8693371,Boniger Insel,2024-05-26 10:59,61,6
L5165235,CH,CH-BE,,46.7246386,7.6271296,Bonstettenpark,2026-09-25 12:44,99,42
L3453276,CH,CH-TI,,46.3167917,8.4922385,Bosco Gurin,2026-07-24 14:00,54,20
L25264341,CH,CH-BS,,47.5590944,7.5817037,Botanischer Garten der Universität Basel,2026-09-22 08:59,39,15
L4614736,CH,CH-GL,,46.9441684,8.985014,Braunwald Alp,2026-09-26 10:39,82,47
L17277963,CH,CH-BE,,46.9633689,7.405501,Bremgartenwald,2026-06-19 09:25,57,20
L3819581,CH,CH-BE,,46.7538875,8.0383444,Brienz,2026-09-25 18:25,82,97
L9779539,CH,CH-BE,,46.7869142,8.0471127,Brienzer Rothorn,2026-09-18 12:00,51,17
L26040484,CH,CH-VS,,46.3159195,7.9876917,Brig-Glis (Stadt),2026-08-24 08:46,48,55
L3150914,CH,CH-GR,,46.7707915,9.0670681,Brigels,2026-09-12 10:50,68,9
L23455656,CH,CH-BL,,47.5150848,7.5880551,Bruderholz,2026-09-15 18:30,76,19
L4816976,CH,CH-FR,,46.8488569,7.2032654,Bruggerawald,2026-03-31 12:40,41,10
L5818183,CH,CH-ZH,,47.3520031,8.5199258,Brunau Allmend,2026-09-25 07:10,93,120
L7980206,CH,CH-LU,,47.0603779,8.2177367,Brunauerberg,2026-08-08 10:00,44,3
L1631718,CH,CH-BL,,47.5362039,7.6138215,Brüglingen Botanischen Gartens,2026-09-24 11:15,75,45
L57314893,CH,CH-ZH,,47.5016536,8.7030713,Brühlberg,2026-08-13 15:12,36,5
L6778800,CH,CH-LU,,47.2051089,8.0217791,Buchser Moos,2026-07-17 07:57,30,3
L22151682,CH,CH-SH,,47.6943307,8.6623286,Buchthalen,2026-06-07 05:47,81,8
L18100337,CH,CH-SG,,47.4078922,9.2554747,Buechenwald,2026-06-27 09:51,32,10
L5953536,CH,CH-SG,,47.4797602,9.5611632,Buechsee,2026-07-29 09:18,28,3
L10912360,CH,CH-BE,,47.0558494,7.6269112,Burgdorf Stadt,2026-08-04 00:00,60,12
L5176639,CH,CH-FR,,46.7230754,7.2046924,Burgerawald,2017-01-28 11:30,11,2
L4967104,CH,CH-BE,,47.169352,7.6683176,Burgäschisee,2026-09-05 10:37,89,33
L8677404,CH,CH-TI,,46.3766002,8.968342,Buzza di Biasca,2026-09-20 10:30,66,22
L19866169,CH,CH-GR,,46.7989743,9.871074,Büelenberg,2026-08-02 10:27,35,5
L9307354,CH,CH-GE,,46.2324564,6.0521808,CERN (restricted access),2026-09-27 11:44,45,25
L19998714,CH,CH-VS,,46.2328748,7.6143408,Cabane Bella Tola,2026-07-02 10:02,45,13
L10025565,CH,CH-VS,,46.3434689,7.3840892,Cabane et Lac des Audannes,2019-10-13 07:07,6,1
L15420792,CH,CH-GR,,46.8878928,9.4827589,Calanda,2026-02-02 07:02,61,6
L50391804,CH,CH-GR,,46.6252959,8.6900675,Camona da maighels,2026-09-10 13:13,3,2
L11931063,CH,CH-TI,,46.3007855,8.6198682,Campana,2026-07-23 15:45,13,2
L20818333,CH,CH-VS,,46.0855784,7.7814008,Camping Attermenzen,2026-09-16 12:58,40,6
L7793448,CH,CH-BE,,46.5887447,7.9082572,Camping Jungfrau,2026-09-22 15:52,63,34
L10318444,CH,CH-FR,,46.9428939,7.134161,Camping Muntelier,2026-05-20 16:59,96,14
L5527831,CH,CH-VD,,46.3805998,7.1709448,Cape au Moine,2026-06-27 10:39,32,3
L6069555,CH,CH-TI,,46.2060623,8.7929541,Cardada/Cimetta,2026-06-14 11:31,56,13
L3453236,CH,CH-TI,,45.9563114,8.9349103,Carona,2026-09-05 10:47,56,14
L12688816,CH,CH-VD,,46.7952675,6.5205632,Carrières de Balmes et Les Rapilles,2026-04-29 13:16,76,8
L1291395,CH,CH-GR,,46.8787337,9.2738771,Cassonsgrat,2026-09-06 10:50,87,63
L18960020,CH,CH-TI,,46.1930518,9.0219855,Castelgrande,2026-07-05 09:33,37,23
L3850118,CH,CH-VD,,46.5223508,6.6353238,Cathédrale de Lausanne,2026-07-28 14:10,29,18
L11118250,CH,CH-GR,,46.820105,9.2956054,Caumasee,2026-09-06 10:55,54,19
L4737425,CH,CH-TI,,46.2300398,9.0443243,Cava di Castione,2026-05-08 14:38,71,54
L3173545,CH,CH-TI,,46.3104591,8.9744139,Cava di granito Lodrino,2026-09-16 00:00,24,3
L9031558,CH,CH-ZG,,47.1787202,8.4624169,Cham -- Mund der Lorze,2025-11-27 14:36,65,21
L51200864,CH,CH-GR,,46.3842412,9.8353386,Chamanna Coaz,2025-08-09 07:30,12,2
L1763098,CH,CH-VD,,46.7850307,6.6650748,Champ Pittet,2026-09-22 10:39,197,379
L4723633,CH,CH-GE,,46.1527539,6.0224175,Champagne Genevoise* general area (use more precise loc.),2026-07-24 08:53,166,97
L5168513,CH,CH-GE,,46.1519512,6.0204864,Champagne Genevoise--Champ Courbe et Derrière-Forestal,2025-08-23 17:55,83,9
L44279531,CH,CH-GE,,46.1484343,6.0223933,Champagne Genevoise--Champs Grillet,2026-06-14 17:55,20,1
L44279469,CH,CH-GE,,46.1475199,6.0342057,Champagne Genevoise--Champs Pointus,2026-04-19 19:30,39,2
L5168514,CH,CH-GE,,46.164347,6.0060024,Champagne Genevoise--Ferrage,2023-11-23 09:12,28,5
L4684141,CH,CH-GE,,46.150192,6.051267,Champagne Genevoise--La Feuillée,2026-08-17 16:43,65,13
L5168510,CH,CH-GE,,46.1586516,6.0199192,Champagne Genevoise--Les Allues,2026-06-14 17:30,97,18
L19080479,CH,CH-GE,,46.1587913,6.0043558,Champagne Genevoise--Ronzier,2025-12-12 12:35,23,5
L4031965,CH,CH-GE,,46.1562172,6.0299706,Champagne Genevoise--Réserve Naturelle de Laconnex,2026-07-24 08:53,126,35
L37444286,CH,CH-GE,,46.1437695,6.0199455,Champagne Genevoise--Sur Moulin,2026-06-14 17:45,65,7
L5148788,CH,CH-GR,,46.4663595,9.8041821,Champfèrersee,2026-07-28 18:41,47,10
L2632629,CH,CH-NE,,47.0061434,6.971662,Champréveyres,2026-06-07 14:14,73,28
L3605942,CH,CH-VD,,46.50156,6.41977,Champs Corbes,2026-05-30 10:02,95,60
L5393146,CH,CH-JU,,47.3977,7.0657,Champs Graitoux,2024-12-13 12:16,29,3
L27463220,CH,CH-NE,,47.0275317,6.9576716,Chaumont,2026-08-22 13:31,16,1
L37137460,CH,CH-VS,,46.1254491,7.4547798,Chemeuille Evolène,2025-08-13 10:12,22,1
L18823466,CH,CH-GE,,46.1768078,6.1004092,Chemin du Pont-du-Centenaire,2024-09-23 10:00,28,2
L5216952,CH,CH-NE,,46.9002939,6.7877215,Chez-le-Bart,2026-02-01 15:00,38,3
L14171072,CH,CH-LU,,47.1063019,8.4766884,Chiemen Wald,2026-03-01 15:56,40,19
L15902178,CH,CH-BL,,47.4673509,7.5805525,Chlusberg,2026-07-04 09:01,71,51
L59343069,CH,CH-ZH,,47.22672,8.60981,Chrutzelenmoos,2026-08-22 11:01,55,8
L11192243,CH,CH-ZH,,47.392433,8.653851,Chrutzelried,2026-07-29 20:20,58,10
L16098366,CH,CH-SO,,47.4897405,7.4394645,Chrütlihof,2026-08-23 16:51,99,30
L15098008,CH,CH-NE,,47.0965908,7.0133858,Chuffort,2026-03-01 14:00,28,2
L5646000,CH,CH-FR,,46.7385702,7.1106514,Château d'Illens,2017-04-02 14:04,15,2
L4184403,CH,CH-VD,,46.4141883,6.9275773,Château de Chillon,2026-08-07 12:20,66,80
L4536064,CH,CH-FR,,46.5847077,7.0839635,Château de Gruyères,2026-09-21 14:35,60,60
L3453255,CH,CH-TI,,46.2831395,8.4888268,Cimalmotto,2026-06-13 13:55,42,6
L45523863,CH,CH-VD,,46.46338,6.846993,Cimetière Saint-Martin,2026-09-02 07:47,17,2
L7749036,CH,CH-GE,,46.2020401,6.1363056,Cimetière des Rois,2026-05-06 16:40,59,12
L4507521,CH,CH-TI,,46.0035499,8.9513254,Città di Lugano,2026-09-26 16:56,72,107
L4507810,CH,CH-JU,,47.3506868,7.1496105,Clos-du-Doubs,2024-05-09 11:36,49,4
L59134962,CH,CH-VS,,46.3469733,6.7798438,Col d'Ugeon
L5185828,CH,CH-VS,,46.0287743,6.9735396,Col de Balme,2026-09-16 15:21,81,20
L3878255,CH,CH-VS,,46.1473988,6.7948859,Col de Bretolet et de Coux (CH),2026-09-20 07:17,135,99
L5844194,CH,CH-VS,,46.1892714,7.1010786,Col de Fenestral,2026-04-07 13:27,3,0
L3091923,CH,CH-VD,,46.4501788,6.9759536,Col de Jaman,2026-09-24 16:09,102,43
L4745713,CH,CH-FR,,46.5019722,6.9918041,Col de Lys,2025-11-15 09:02,40,4
L4759124,CH,CH-VS,,46.3315987,7.2862154,Col de Sanetch,2026-07-05 11:38,36,8
L5860423,CH,CH-VD,,46.3776539,7.1322942,Col de la Chenau,2026-06-22 18:34,52,5
L5527825,CH,CH-VD,,46.3242309,7.1262753,Col de la Croix,2026-06-24 17:05,90,20
L5844150,CH,CH-VS,,46.0578512,7.0015821,Col de la Forclaz,2026-08-04 11:38,52,28
L3842660,CH,CH-VD,,46.4545345,6.111778,Col de la Givrine,2026-09-27 10:25,57,15
L59391138,CH,CH-NE,,46.9836292,6.7787445,Col de la Tourne,2026-02-27 10:00,20,1
L14506774,CH,CH-NE,,47.0718907,6.8705229,Col de la Vue des Alpes,2026-05-31 15:00,10,2
L10025559,CH,CH-VS,,46.351303,7.3884005,Col des Eaux Froides,2025-06-28 10:37,31,1
L5565145,CH,CH-VD,,46.3989523,7.1025538,Col des Mosses,2026-08-23 12:06,69,10
L4994648,CH,CH-VS,,45.8694533,7.1676135,Col du Grand-Saint-Bernard,2026-08-18 09:48,34,27
L12048421,CH,CH-VS,,46.1109252,7.1592378,Col du Lein,2026-04-11 10:54,39,3
L3331042,CH,CH-BE,,46.5669331,7.2634757,Col du Loup,2026-08-30 15:13,21,4
L4872240,CH,CH-VD,,46.5525745,6.2508023,Col du Marchairuz,2026-06-27 10:37,73,58
L4951772,CH,CH-VD,,46.3536593,7.2056982,Col du Pillon,2026-07-21 12:10,74,28
L6377997,CH,CH-VD,,46.51413,6.62398,Coline de Montriond,2026-07-17 08:40,54,22
L5844157,CH,CH-VS,,46.008826,7.1018457,Combe d'Orny,2026-09-15 12:58,12,2
L44280724,CH,CH-GE,,46.305542,6.1256289,Combes Chapuis,2026-09-19 09:24,38,4
L19865092,CH,CH-NE,,46.9127115,6.6070963,Couvet-Fleurier Areuse,2025-08-04 11:00,28,3
L8621029,CH,CH-VD,,46.3219199,7.1754328,Creux de Champ,2026-07-31 09:33,57,8
L2467048,CH,CH-GE,,46.2634926,6.1631906,Creux-de-Genthod,2026-08-23 19:26,66,22
L2572565,CH,CH-NE,,46.9347334,6.7259932,Creux-du-Van,2026-09-19 12:19,85,80
L7872142,CH,CH-VS,,46.1221428,7.2323159,Croix de Coeur,2026-07-23 21:36,49,5
L46920902,CH,CH-NE,,46.9959998,6.914001,Crêt du parc,2025-06-01 12:00,11,1
L6239377,CH,CH-VS,,45.9597945,7.1735466,Crêta de Vella,2025-08-30 10:42,61,7
L4485702,CH,CH-GR,,46.8194965,9.8537976,Davoser See,2026-09-21 10:00,92,72
L17989169,CH,CH-BS,,47.5494815,7.5907574,De-Wette Park,2026-09-16 10:04,33,29
L13655083,CH,CH-TI,,46.17385,8.843447,Debarcadero Tenero,2026-03-15 09:09,57,57
L3543858,CH,CH-FR,,46.613802,7.1026719,Delta de la Jogne,2026-01-06 11:58,68,14
L2713957,CH,CH-TI,,46.1539133,8.7983751,Delta della Maggia* general (use more precise loc.),2026-08-28 15:00,180,242
L4750542,CH,CH-TI,,46.147997,8.7861657,Delta della Maggia--Area Golf,2026-03-13 12:37,54,17
L4750534,CH,CH-TI,,46.1537944,8.8025379,Delta della Maggia--Nord,2026-08-03 06:45,91,17
L23000839,CH,CH-TI,,46.1476402,8.7921309,Delta della Maggia--Porto Ascona,2026-04-24 13:30,62,37
L4750530,CH,CH-TI,,46.1515647,8.797431,Delta della Maggia--Riserva Ornitologica,2026-05-24 15:13,146,46
L4750541,CH,CH-TI,,46.1553848,8.7905002,Delta della Maggia--Terreni alla Maggia,2026-08-28 15:00,131,79
L4095948,CH,CH-FR,,46.5910156,7.1348047,Dent de Broc,2022-05-12 09:31,22,3
L15956263,CH,CH-VD,,46.527808,7.2036839,Dent de Combette,2025-05-09 19:30,33,2
L10110439,CH,CH-VD,,46.6847431,6.3509721,Dent de Vaulion,2025-11-15 09:11,49,7
L23712978,CH,CH-NE,,46.9569776,6.7679406,Dessous du Champ-du-Moulin,2026-06-27 07:41,33,4
L4499195,CH,CH-ZH,,47.4210318,8.402642,Dietikon--Limmat,2026-09-10 09:10,78,26
L23235162,CH,CH-TI,,46.5584472,8.5946131,Diga del Sella,2026-09-05 07:32,25,9
L5165244,CH,CH-BE,,46.7562103,7.5333595,Dittligsee,2026-05-14 15:45,28,2
L27055415,CH,CH-TI,,46.2090468,9.0343237,Dog Park Bellinzona,2026-09-06 08:15,33,4
L12009409,CH,CH-GE,,46.233589,6.14088,Domaine de Penthes,2025-06-08 14:08,32,6
L4603026,CH,CH-VS,,46.3276686,6.9195843,Domaine des Barges,2026-09-26 14:00,124,53
L19866146,CH,CH-GR,,46.8232141,9.8312149,Dorfberg,2026-06-15 19:48,44,6
L45243771,CH,CH-GR,,46.78013,9.4905707,Dreibündenstein,2026-03-19 15:16,33,1
L3990824,CH,CH-BS,,47.5885245,7.5897288,Dreiländereck,2026-09-24 11:54,85,64
L21328831,CH,CH-UR,,46.9211425,8.5717089,Dräierwald,2022-10-23 13:14,4,1
L58614234,CH,CH-ZH,,47.487976,8.68732,Dättnauer Weiher,2026-06-06 12:23,50,6
L5385611,CH,CH-VD,,46.9592845,7.0140141,Débarcadère de Cudrefin,2025-09-21 10:13,53,6
L5083250,CH,CH-VD,,46.4873905,6.7317384,Débarcadère de Cully,2026-09-24 17:04,47,11
L3289597,CH,CH-VD,,46.5086718,6.5613377,Débarcadère de Saint-Sulpice,2026-05-10 12:00,73,37
L20069673,CH,CH-GR,,46.8231668,9.8140124,Dörftäli,2026-08-22 15:15,10,2
L3480381,CH,CH-TI,,46.5339195,8.8819528,Dötra,2025-09-14 11:34,78,19
L3331081,CH,CH-FR,,46.8462412,7.1753597,Düdinger Moos,2026-06-04 10:52,86,33
L17110395,CH,CH-LU,,47.0027008,8.3340703,EAWAG,2026-08-26 00:00,63,6
L11907047,CH,CH-ZH,,47.408186,8.5073734,ETH Hönggerberg,2026-09-26 08:44,53,50
L3568965,CH,CH-AI,,47.2829274,9.4106638,Ebenalp,2026-09-26 12:00,95,75
L38398326,CH,CH-ZH,,47.2580152,8.8196406,Egelsee,2025-03-21 18:11,45,6
L22611422,CH,CH-UR,,46.902331,8.6743559,Eggberge,2025-04-12 13:01,48,6
L2352345,CH,CH-SG,,47.4451558,9.4694424,Eggersriet,2026-07-19 16:48,25,5
L4940406,CH,CH-VS,,46.0748681,7.9297686,Egginer,2026-09-26 08:44,20,4
L8839811,CH,CH-LU,,47.1845502,7.998498,Egolzwilersee,2026-07-02 14:24,37,2
L25103560,CH,CH-GR,,46.781497,9.6787298,Eichhörnliweg Arosa,2026-07-19 16:17,62,38
L5844200,CH,CH-VS,,46.2473596,7.2215796,Einzon
L21413554,CH,CH-VS,,46.2835065,7.7629491,Eischollalps,2022-11-01 10:30,18,1
L37078474,CH,CH-VS,,46.5779035,8.3870209,Eisgrotte Belvédère & Rhone Glacier nature trail,2026-08-04 14:41,18,8
L36664061,CH,CH-TI,,46.4130159,8.8584459,Electric Ant,2026-05-05 05:13,37,2
L4001615,CH,CH-BE,,46.5154352,7.6373649,Elsigenalp,2026-08-14 09:12,47,5
L4188461,CH,CH-VD,,46.824775,6.6825199,Embouchure de l'Arnon,2026-01-14 15:40,74,9
L4535223,CH,CH-VD,,46.459915,6.3912803,Embouchure de l'Aubonne,2026-09-19 11:30,140,18
L2692970,CH,CH-VD,,46.9196691,7.0338249,Embouchure de la Broye,2026-09-27 18:20,162,87
L3612717,CH,CH-VD,,46.5171333,6.5867543,Embouchure de la Chamberonne,2026-09-15 17:53,102,49
L5606190,CH,CH-FR,,46.7800097,7.1269646,Embouchure de la Gérine,2026-03-22 15:52,42,8
L3285614,CH,CH-VD,,46.8076934,6.7416868,Embouchure de la Menthue,2026-05-24 11:30,119,78
L4396348,CH,CH-VD,,46.5035249,6.4941001,Embouchure de la Morges,2026-08-05 20:47,74,24
L9872088,CH,CH-VD,,46.5151708,6.5132443,Embouchure du Bief,2026-07-13 18:49,73,23
L4456061,CH,CH-FR,,46.9555352,7.1184647,Embouchure du canal de Sugiez,2026-09-02 20:00,147,44
L41468127,CH,CH-JU,,47.2630519,7.1174939,Embreux,2025-04-11 17:30,19,2
L4777741,CH,CH-BE,,46.4395131,7.5615978,Engstligenalp,2026-09-04 09:25,45,13
L7862028,CH,CH-NW,,46.9851127,8.4137959,Ennetbürgen,2026-06-19 14:00,73,44
L4604858,CH,CH-BE,,47.0475731,7.2068167,Epsemoos,2026-05-17 09:13,71,6
L2566528,CH,CH-BL,,47.5382386,7.7137756,Ergolzmündung Augst-Kaiseraugst,2026-09-26 10:39,133,910
L20050559,CH,CH-BE,,47.1220675,7.2276658,Erlenwäldli,2026-02-23 00:00,58,7
L8217038,CH,CH-BE,,47.2506668,7.6613009,Erlimoos,2026-03-08 14:01,56,8
L2722677,CH,CH-TG,,47.6745195,9.1038036,Ermatinger Becken (CH)* general (use more precise loc.),2026-09-27 12:35,214,515
L5239952,CH,CH-TG,,47.6647009,9.1345203,Ermatinger Becken--Gottlieben,2026-09-26 14:28,115,36
L20921847,CH,CH-TG,,47.6660353,9.1275688,Ermatinger Becken--Hafenanlage,2026-07-28 15:07,88,19
L5165673,CH,CH-TG,,47.675083,9.0853822,Ermatinger Becken--Stad,2026-08-23 06:41,93,29
L4067650,CH,CH-TG,,47.6661063,9.1103294,Ermatinger Becken--Triboltingen,2026-09-27 12:35,207,402
L11349741,CH,CH-BL,,47.491074,7.630442,Ermitage Arlesheim,2026-08-09 10:36,55,38
L13916380,CH,CH-AG,,47.41267,8.00526,Erzberg Rebberg und Orchideenwald,2026-05-10 15:00,37,3
L36639438,CH,CH-OW,,46.7602937,8.2966932,Erzegg Ridge,2026-07-28 09:54,31,5
L60284673,CH,CH-ZH,,47.4810891,8.7349463,Eschenberg,2026-09-27 16:01,80,34
L2760450,CH,CH-TG,,47.6537426,8.8723262,Eschenz * general (use more precise loc.),2026-09-27 10:07,172,248
L4951881,CH,CH-TG,,47.6536375,8.8693142,Eschenz--Nilibucht,2026-09-13 12:15,153,123
L12847727,CH,CH-SH,,47.6561385,8.8710956,Eschenz--Pontonierweg,2025-12-07 14:00,118,14
L4951885,CH,CH-TG,,47.6513609,8.8833931,Eschenz--Strandbad,2026-05-16 12:11,89,43
L5210922,CH,CH-TG,,47.6552708,8.8666534,Eschenz--Werd Insel,2026-09-27 10:07,95,44
L4951884,CH,CH-TG,,47.6539555,8.8762879,Eschenz--Äschezerhorn,2020-11-19 10:30,24,0
L5953546,CH,CH-SG,,47.4674774,9.609502,Eselschwanz,2026-09-13 12:56,69,19
L6206931,CH,CH-FR,,46.8521793,6.8460917,Estavayer-le-Lac* general,2026-09-26 10:28,99,27
L6206929,CH,CH-FR,,46.8559799,6.847862,Estavayer-le-Lac--Grande Gouille et Camping,2026-02-20 10:05,67,14
L6206930,CH,CH-FR,,46.8574912,6.8546426,Estavayer-le-Lac--La Grève,2026-09-26 10:28,76,3
L5126220,CH,CH-FR,,46.8523114,6.8384206,Estavayer-le-Lac--Port,2026-02-20 09:37,27,3
L3307429,CH,CH-JU,,47.2955008,7.124902,Etang de Bollement,2024-12-29 14:50,32,6
L3110068,CH,CH-VD,,46.8596367,6.9320408,Etang de Pré Bovet,2026-05-16 18:00,112,55
L41722895,CH,CH-BE,,47.2585357,7.1561273,Etang de la Noz,2026-05-25 14:22,40,5
L25908413,CH,CH-JU,,47.4049575,7.3753023,Etang de la Réselle,2026-07-02 14:02,29,3
L3699971,CH,CH-VD,,46.79819,6.63319,Etang de la STEP des Tuileries,2026-07-10 19:04,70,7
L42441410,CH,CH-JU,,47.2895444,7.14415,Etang des Beusses,2025-04-21 16:20,23,2
L3861812,CH,CH-VD,,46.3384545,6.9281352,Etang des Communailles,2026-07-28 00:00,99,49
L4547595,CH,CH-VD,,46.6152904,6.4895403,Etang du Sépey,2026-04-02 19:00,24,1
L3982845,CH,CH-VD,,46.8140267,6.9215208,Etang du Vernez de Chaux,2025-11-05 07:15,95,26
L5298617,CH,CH-JU,,47.4711834,7.1644807,Etangs de Bonfol,2026-06-28 09:09,85,19
L5148812,CH,CH-JU,,47.4652689,7.0496821,Etangs de La Colombière,2026-02-07 00:00,3,0
L53104545,CH,CH-SZ,,47.177505,8.7677963,Etzel,2026-08-23 10:54,27,4
L5844193,CH,CH-VS,,46.1994088,7.1213078,Euloi,2016-10-16 11:22,1,0
L4745716,CH,CH-FR,,46.6421886,7.2900295,Euschels,2026-08-07 08:18,69,10
L49730536,CH,CH-SZ,,47.0841178,8.8193324,Euthaler Reid,2026-08-29 17:54,49,5
L12807117,CH,CH-JU,,47.3673392,7.1681446,Falaise et Viaduc de St Ursanne,2025-03-10 09:18,48,15
L4493118,CH,CH-NE,,46.9797363,7.0402113,Fanel* general (use more precise loc.) (not including Grosses Moos),2026-09-22 16:00,281,2265
L975146,CH,CH-VD,,46.9745902,7.0519057,Fanel--Centre Nature Birdlife de La Sauge (paid reserve only),2026-09-20 10:00,179,242
L3037243,CH,CH-VD,,46.9777197,7.0369899,Fanel--Chablais de Cudrefin,2026-09-21 10:00,262,637
L2632360,CH,CH-BE,,46.98168,7.0416,Fanel--Inseln und Lagunen,2026-09-22 16:00,241,699
L23833915,CH,CH-BE,,46.9840532,7.0460163,Fanel--Inseln und Lagunen--Lagunen,2026-09-01 06:45,206,65
L26017721,CH,CH-BE,,46.9828008,7.0533368,Fanel--Inseln und Lagunen--Reiherwäldli (forest only),2026-09-05 08:22,175,58
L51872129,CH,CH-SG,,47.28465,8.95688,Farneralp,2026-04-12 17:11,16,2
L5165247,CH,CH-BE,,46.6747656,7.7056217,Faulensee-Bucht,2026-09-26 14:04,54,19
L19347240,CH,CH-BE,,46.6744955,7.9991537,Faulhorn,2026-09-14 09:30,43,11
L5298591,CH,CH-VS,,46.4183933,8.0979967,Fiescheralp,2026-09-24 09:42,52,14
L10998299,CH,CH-ZH,,47.339898,8.461941,Filderen,2026-09-25 17:13,145,302
L4745704,CH,CH-BE,,46.6605386,8.0535914,First,2026-09-21 13:07,71,95
L20507520,CH,CH-ZH,,47.3297516,8.4678171,Fischbachweiher und Friedgrabenweiher,2026-09-25 16:10,116,86
L1008398,CH,CH-AG,,47.3281194,8.3685243,Flachsee,2026-09-27 19:00,219,1220
L64212917,CH,CH-ZH,,47.4846997,8.5283448,Flughafen Riede und Felder* general
L4507574,CH,CH-ZH,,47.48358,8.5279,Flughafen Zürich* general,2026-09-27 17:43,174,793
L64234409,CH,CH-ZH,,47.4850987,8.5286844,Flughafen Zürich--Aussichtspunkt,2026-09-22 17:25,27,10
L64234252,CH,CH-ZH,,47.4573762,8.5573938,Flughafen Zürich--Flughafen,2026-09-27 17:43,32,45
L7977639,CH,CH-ZH,,47.4908288,8.5338594,Flughafen Zürich--Hintermoos,2026-07-22 18:40,108,62
L5282991,CH,CH-ZH,,47.49263,8.51855,Flughafen Zürich--Niederglatt und Oberglatt Felder,2026-07-22 16:40,116,108
L5392284,CH,CH-ZH,,47.4802625,8.5439086,Flughafen Zürich--Ost Riede Teil Nord,2026-09-20 12:25,137,149
L64234142,CH,CH-ZH,,47.4659232,8.5646285,Flughafen Zürich--Ost Riede Teil Süd,2026-09-18 16:28,26,2
L2718923,CH,CH-ZH,,47.467209,8.5351324,Flughafen Zürich--West Riede,2026-09-20 09:10,141,188
L20770242,CH,CH-ZH,,47.6893542,8.6320831,Flurlingen/Allenwinden,2025-05-07 13:14,89,18
L19866121,CH,CH-GR,,46.7503895,9.9474454,Flüelapass,2026-08-29 21:07,35,22
L6841368,CH,CH-OW,,46.8718689,8.2694006,Flüeli-Ranft,2026-03-06 08:30,24,4
L5372258,CH,CH-TI,,45.9940249,8.9071441,Foce del Vedeggio,2026-03-28 10:15,87,27
L4834359,CH,CH-VD,,46.493946,6.7796373,Fondation Crêt-Bérard,2026-08-30 11:51,56,117
L4383102,CH,CH-TI,,46.1584346,8.7627675,Fondazione Monte Verità,2026-09-25 07:33,50,24
L5042536,CH,CH-VD,,46.3024251,6.1555195,Forêt de Veytay,2025-12-31 15:30,103,103
L2021971,CH,CH-VD,,46.3310468,6.1920834,Founex,2026-08-29 14:31,118,330
L4886778,CH,CH-BE,,47.1009941,7.5335929,Fraubrunnenmoos,2026-09-14 12:23,100,25
L11021916,CH,CH-TG,,47.531829,9.4096166,Frauenbad,2026-09-26 09:57,110,4
L2607836,CH,CH-SZ,,47.2120557,8.7873413,Frauenwinkel* general (use more precise loc.),2026-09-25 16:50,207,265
L1088300,CH,CH-SZ,,47.215038,8.802436,Frauenwinkel--Hurden,2026-09-25 16:50,147,63
L3947586,CH,CH-SZ,,47.2174245,8.7798683,Frauenwinkel--Ufenau,2026-08-08 09:50,52,4
L4686423,CH,CH-SZ,,47.2073757,8.7768209,Frauenwinkel--Unterdorf,2026-09-25 15:20,135,88
L4686424,CH,CH-SZ,,47.207875,8.7919325,Frauwinkel--Inner Sack,2026-09-25 16:10,142,78
L4815167,CH,CH-FR,,46.8201086,7.1589071,Fribourg--Cimetière,2026-05-28 16:30,38,5
L18268029,CH,CH-ZH,,47.4218013,8.5372567,Friedhof Zürich Schwandenholz,2026-06-17 11:32,49,12
L13644977,CH,CH-ZH,,47.3758603,8.5105419,Friedhof Zürich Sihlfeld,2026-08-30 18:23,63,85
L5860431,CH,CH-BE,,46.5579381,7.4441707,Fromattgrat,2025-02-10 11:23,21,1
L20041743,CH,CH-GR,,46.8070807,10.2346494,Ftan/Prui/Piz Clünas,2026-05-27 12:06,63,11
L11117000,CH,CH-TI,,45.911467,8.928894,Funivia Serpiano,2026-03-31 06:55,16,4
L33684490,CH,CH-GR,,46.713281,9.95335,Furggasee,2026-07-12 09:32,13,2
L5844185,CH,CH-VS,,46.0653107,7.9936266,Furggtälli,2026-07-16 10:30,34,2
L12821867,CH,CH-UR,,46.5723364,8.4158689,Furkapass,2026-08-04 11:00,44,58
L11222235,CH,CH-TG,,47.6002282,9.4384396,Fähre Friedrichshafen - Romanshorn (CH),2026-09-26 14:23,100,67
L52359742,CH,CH-SH,,47.6945147,8.6280388,Fäsenstaub Promenaden Park,2016-05-27 12:20,11,1
L6147885,CH,CH-FR,,46.9641758,7.147615,"Galmizmoos (Erlehof, Tannenhof)",2026-02-22 14:31,31,2
L12847579,CH,CH-SG,,47.1726961,9.3394411,Gamsalp,2026-09-05 06:03,88,52
L5044377,CH,CH-BE,,46.7050183,7.450435,Gantrisch,2026-09-05 06:21,84,38
L21981592,CH,CH-BE,,47.1325737,7.2434104,Gare de Bienne/Bahnhof Biel,2026-03-02 12:58,16,2
L22463595,CH,CH-GE,,46.2099074,6.1416526,Gare de Cornavin,2026-09-12 16:13,35,24
L20509054,CH,CH-BE,,46.4520266,7.7113235,Gasterntal,2026-07-03 11:34,28,5
L3676500,CH,CH-VS,,46.3976056,7.6147592,Gemmipass,2026-09-01 08:11,87,273
L42900933,CH,CH-BE,,47.1678641,7.5614637,Gerlafingerweiher,2026-09-24 14:45,81,130
L64435212,CH,CH-BE,,47.1678641,7.5614476,Gerlafingerweiher,2026-08-22 14:50,26,1
L4737333,CH,CH-VS,,46.4958516,8.287822,Geschinersee,2026-08-17 17:28,89,27
L18223842,CH,CH-GR,,46.3598276,10.0479442,Giardino dei Ghiacciai di Cavaglia,2026-09-23 08:56,40,6
L20921667,CH,CH-VS,,46.2552958,7.9386289,Gibidum-See,2025-07-01 12:07,17,1
L67254372,CH,CH-BE,,46.7350155,8.0235369,Giessbach,2026-09-12 13:48,34,5
L40573313,CH,CH-SG,,47.0043578,9.511016,Giessennpark,2026-08-11 12:16,39,6
L3819560,CH,CH-BE,,46.5469964,7.8927755,Gimmelwald,2026-09-16 15:25,83,77
L7425644,CH,CH-SG,,47.4036069,9.2001003,Girenmoos,2026-09-22 19:08,121,598
L4397398,CH,CH-ZH,,47.4315421,8.5699582,Glatt River--Opfikon,2026-08-24 17:43,70,227
L57594234,CH,CH-ZH,,47.4071286,8.5907614,Glatt Schwamendingen,2026-09-12 17:00,36,10
L6582015,CH,CH-ZH,,47.4191589,8.5624802,Glattpark,2026-09-05 15:18,94,231
L9664961,CH,CH-OW,,46.8929876,8.1072907,Glaubenbergpass,2026-08-14 15:24,67,20
L20270781,CH,CH-GR,,46.4270315,9.9330139,Gletscher Morteratsch,2026-09-05 08:04,52,21
L51377620,CH,CH-BL,,47.507956,7.627136,Gmeiniholz,2026-09-22 09:24,39,24
L11589703,CH,CH-ZH,,47.504807,8.742622,Goldenberg,2026-09-21 19:33,46,10
L3480393,CH,CH-TI,,46.4905742,8.7522948,Gole del Piottino,2026-07-09 14:36,16,11
L18750173,CH,CH-NE,,47.0326361,6.992712,Golf Neuchâtel,2026-05-09 00:00,18,0
L4383067,CH,CH-TI,,46.1523377,8.7664461,Golfo di Ascona,2026-08-26 14:00,68,37
L7736047,CH,CH-VD,,46.4368587,6.9250023,Gorge du Chauderon,2026-08-12 16:23,46,6
L9777525,CH,CH-VD,,46.8133089,6.5370698,Gorges de Covatannaz,2026-04-18 12:30,22,1
L24863072,CH,CH-NE,,46.9596652,6.8286037,Gorges de L'Areuse,2026-03-03 16:15,49,7
L26562721,CH,CH-NE,,46.9505259,6.7470646,Gorges de l’Areuse,2026-08-30 11:02,53,12
L42261066,CH,CH-NE,,46.9941495,6.9081327,Gorges du Seyon,2025-04-07 18:00,11,1
L40261527,CH,CH-BE,,47.1634437,7.2596669,Gorges du Taubenloch,2026-07-02 11:36,38,6
L6284927,CH,CH-TI,,46.5588677,8.5623139,Gotthardpass,2026-09-21 12:23,61,47
L20393545,CH,CH-FR,,46.8380899,7.0131397,Grand Belmont,2026-05-24 13:40,33,8
L10263422,CH,CH-GE,,46.2205311,6.0067133,Grand Bois,2025-07-12 15:23,48,7
L20050762,CH,CH-NE,,47.0472057,7.056247,Grand Marais,2025-03-12 11:37,12,1
L7931050,CH,CH-VD,,46.5886563,6.1708323,Grand Risoux,2026-07-06 07:11,83,28
L7976906,CH,CH-AG,,47.3296779,8.0414479,Graströchni,2026-08-29 09:13,47,13
L3642659,CH,CH-VD,,46.62059,6.58789,Gravière de Bioley-Orjulaz,2023-08-15 09:30,104,15
L3587432,CH,CH-VD,,46.5920035,6.5357561,Gravière de Colliare,2025-09-05 10:22,79,63
L16928128,CH,CH-VS,,46.3474055,7.9378424,Gredetschtal (general area),2026-07-25 08:49,34,6
L2861078,CH,CH-ZH,,47.3506868,8.6771393,Greifensee* general (use more precise loc.),2026-09-26 18:55,216,1081
L7984438,CH,CH-ZH,,47.3457747,8.6754162,Greifensee--Badi Maur,2025-12-08 09:57,65,12
L4221949,CH,CH-ZH,,47.360626,8.6810727,Greifensee--Beobachtungsplatform,2026-09-20 15:50,104,67
L2950708,CH,CH-ZH,,47.3721674,8.6572266,"Greifensee--Stocklen, Stritgfenn und Suelen",2026-09-08 17:38,183,421
L4225722,CH,CH-ZH,,47.3433448,8.6903277,Greifensee--Uster Hafen,2026-09-20 16:45,102,70
L18532404,CH,CH-VS,,46.1786715,7.575202,Grimentz (village),2026-07-25 07:37,69,55
L925968,CH,CH-VS,,46.561339,8.3370781,Grimselpass,2026-09-25 16:30,51,34
L53843044,CH,CH-ZH,,47.410919,8.584287,Grindel Wallisellen,2026-09-11 18:33,50,36
L925945,CH,CH-BE,,46.624176,8.0417132,Grindelwald,2026-09-27 17:05,110,193
L20050758,CH,CH-BE,,47.0367565,7.0492599,Grissemoos,2022-08-09 00:00,12,0
L4815168,CH,CH-FR,,46.553696,7.2016239,Gros Mont,2016-10-08 05:30,40,4
L16076610,CH,CH-BE,,46.6592936,8.1130429,Grosse Scheidegg,2026-09-15 11:34,73,15
L5766095,CH,CH-VS,,46.30179,7.84966,Grosseia,2025-07-16 10:37,14,1
L2722611,CH,CH-SZ,,47.0313052,8.6890912,Grosser Mythen,2026-09-12 12:34,62,7
L7715759,CH,CH-BE,,47.0082943,7.1902514,Grosses Moos North* general area,2026-04-26 13:58,148,67
L4832521,CH,CH-FR,,46.991143,7.1784067,Grosses Moos North--Kerzermoos,2026-04-26 13:58,111,40
L4832526,CH,CH-BE,,47.0167216,7.2014093,Grosses Moos North--Sidligsmoos,2024-04-05 09:21,79,5
L4832528,CH,CH-BE,,47.0257326,7.2156572,Grosses Moos North--Undermoos,2023-11-29 09:14,67,12
L4832522,CH,CH-BE,,47.0016218,7.1786642,Grosses Moos North--Walperswilmoos,2021-12-20 09:40,41,2
L1112118,CH,CH-BE,,46.9839999,7.0848942,Grosses Moos West* general,2026-09-05 20:49,197,284
L4611484,CH,CH-BE,,46.9952118,7.0841217,Grosses Moos West--Felder Witzwil,2026-07-07 06:57,152,69
L7715767,CH,CH-BE,,47.0010949,7.0752168,Grosses Moos West--Giritzimoos,2026-04-19 10:32,69,9
L4611485,CH,CH-FR,,46.97302,7.0694447,Grosses Moos West--Le Rondet,2026-09-05 18:28,123,62
L18104018,CH,CH-BE,,46.9906906,7.058439,Grosses Moos West--Lindenhof/Strafanswalt,2026-09-05 15:54,96,12
L29931170,CH,CH-BE,,47.0041021,7.0911006,Grosses Moos West--Vinelzmoos,2026-06-24 09:40,42,2
L7715764,CH,CH-BE,,46.9978169,7.062428,Grosses Moos West--Witzwilmoos,2026-04-03 09:16,92,13
L4604907,CH,CH-BE,,46.9981203,7.1280885,Grosses Moos--Bir länge Stude,2026-09-05 15:17,107,64
L27606254,CH,CH-BE,,46.987888,7.1191287,Grosses Moos--Moosgärte,2026-09-10 08:38,101,23
L4832529,CH,CH-BE,,47.0328994,7.2186184,Grosses Moos--North--Neumoos,2026-04-23 00:00,14,0
L7715770,CH,CH-VD,,46.965728,7.0503259,Grosses Moos--Southwest--Les Peupliers,2026-09-10 23:27,88,20
L11916299,CH,CH-BE,,46.9802785,7.0615687,Grosses Moos/Fanel/Krümmi* general area (use more precise loc.),2026-09-04 21:01,206,69
L14258449,CH,CH-NW,,46.9718767,8.3778636,Grossried,2026-09-13 13:00,72,17
L5766114,CH,CH-VS,,46.3103297,7.7333236,Grund,2025-12-30 15:05,50,4
L9111499,CH,CH-TI,,46.1741915,8.9489772,Gudo (village),2026-05-02 20:09,61,15
L5860441,CH,CH-VS,,46.4497446,7.8997707,Gugginalp,2024-10-13 13:53,6,1
L4967103,CH,CH-SO,,47.3050003,7.8444502,Gunzger Allmend,2026-08-15 12:44,82,31
L3111254,CH,CH-FR,,46.7106482,7.286768,Gurli,2026-05-25 10:58,71,21
L9762164,CH,CH-BE,,46.9172654,7.4437523,Gurten,2026-09-01 16:06,73,42
L4294985,CH,CH-BE,,46.7200123,7.6312816,Gwattlischenmoos--East,2026-05-06 17:09,105,21
L42704806,CH,CH-BE,,46.722263,7.6288247,Gwattlischenmoos--West,2026-09-21 15:40,133,46
L27007908,CH,CH-BE,,46.743625,7.3830271,Gäggersteg Waldwipfelpfad,2026-09-07 09:12,32,2
L4877118,CH,CH-UR,,46.6648119,8.5677481,Göschenertal,2025-05-23 12:47,55,18
L62075217,CH,CH-SG,,47.3992644,9.3122959,Gübsensee,2026-08-20 08:59,52,9
L41316085,CH,CH-BE,,46.918305,7.48941,"Gürbe, Belpmoos",2026-08-18 15:55,111,25
L32418903,CH,CH-BE,,46.815094,7.5240446,Gürbetal,2026-09-16 12:36,30,3
L6316348,CH,CH-BE,,46.7501533,7.8883284,Habkern--Läger (migration),2026-09-20 07:19,75,9
L6428799,CH,CH-SG,,47.1698042,9.0141857,Haengelgiessen,2026-09-23 14:55,35,1
L20050486,CH,CH-BE,,47.0479026,7.1506405,Hafen Lüscherz,2026-09-10 14:33,21,1
L53608975,CH,CH-ZH,,47.2296759,8.675532,Hafen Wädenswil,2026-09-07 15:45,37,10
L20050572,CH,CH-BE,,47.131177,7.2337031,Hafen/Strandbad Biel,2026-09-27 11:49,60,24
L5806486,CH,CH-LU,,47.169301,8.0525976,Hagimoos,2026-05-17 09:44,57,12
L3892078,CH,CH-BE,,47.06108,7.17385,Hagneckdelta,2026-09-19 08:37,187,224
L1003979,CH,CH-BE,,46.4525683,7.497257,Hahnenmoospass,2026-09-24 09:52,73,20
L8182899,CH,CH-SH,,47.685629,8.4503274,Halbbach,2026-05-14 07:20,93,45
L45045528,CH,CH-ZH,,47.2481475,8.6404524,Halbinsel Au,2026-09-27 09:10,206,512
L11188665,CH,CH-SH,,47.7012631,8.4486446,Hallauer Berg,2026-08-26 08:30,113,137
L8213077,CH,CH-VS,,46.1147075,7.9171882,Hannigalp,2026-09-13 13:29,67,17
L4815142,CH,CH-VD,,46.8886772,7.0167446,Haras Federal d'Avenches,2026-07-18 23:16,52,13
L5876463,CH,CH-BE,,46.7074406,7.8652883,Harder,2026-05-25 10:29,85,28
L51616740,CH,CH-BE,,46.696696,7.8502357,Harder Kulm,2026-09-13 11:36,31,6
L16836333,CH,CH-BL,,47.5447065,7.6450506,Hardwald,2026-07-24 10:00,48,29
L6977153,CH,CH-BE,,46.759526,8.2114863,Hasliberg--Balisalp,2026-07-18 10:00,47,4
L6976874,CH,CH-BE,,46.7496697,8.2360983,Hasliberg--Mägisalp,2026-09-08 13:14,33,6
L20394202,CH,CH-TG,,47.4800015,9.255209,Hauptwiler Weiher,2026-05-01 13:48,41,6
L63101530,CH,CH-NE,,46.9765384,6.8410678,Haut de Bôle,2026-05-23 10:57,27,2
L4547632,CH,CH-VD,,46.6797711,6.5499544,Haute Plaine de l'Orbe* general area,2026-09-04 18:22,95,10
L5520390,CH,CH-BE,,46.8877166,7.5460571,Hechtenloch,2026-09-25 15:37,95,34
L6314970,CH,CH-ZH,,47.5163312,8.7736827,Hegmatten gesamt,2026-09-21 18:01,178,1154
L20648703,CH,CH-GR,,46.7400099,9.5505528,Heidsee/Igl Lai,2026-09-16 15:30,60,20
L27536675,CH,CH-BL,,47.536484,7.550261,Herzogenmatt Naturschutzgebiet,2026-09-20 11:12,57,14
L20781198,CH,CH-ZH,,47.472863,8.863877,Heurütiweiher,2025-11-29 15:28,55,13
L12874789,CH,CH-BE,,46.5178666,7.8852883,Hinteres Lauterbrunnental,2026-09-05 15:13,37,8
L5860433,CH,CH-FR,,46.5763047,7.2215581,Hochmatt,2023-09-03 11:50,32,2
L20592347,CH,CH-SG,,47.4676692,9.0502717,Hof zu Wil,2026-06-24 21:26,22,4
L29747797,CH,CH-SH,,47.6649299,8.8604788,Hohenklingen,2025-12-30 14:27,36,3
L36423360,CH,CH-SG,,47.2835378,9.4850636,Hoher Kasten,2026-08-26 08:27,69,19
L4792360,CH,CH-BE,,46.7875725,7.9012728,Hohgant,2025-11-09 13:54,69,12
L4282765,CH,CH-VS,,46.139597,7.9911365,Hohsaas,2026-07-28 10:10,52,10
L58322863,CH,CH-BL,,47.510728,7.589451,Holi Gass,2026-04-17 19:43,29,6
L15902196,CH,CH-BL,,47.4766135,7.5749825,Hollenrain,2025-08-31 07:42,50,9
L41756790,CH,CH-ZH,,47.243462,8.5197074,Hombergweiden,2026-07-23 20:30,110,39
L6163775,CH,CH-SZ,,46.9958704,8.5926497,Hopfräben und Muotamündung,2026-09-20 12:10,58,8
L57977557,CH,CH-ZH,,47.242962,8.5982482,Horgener Bergweiher,2026-08-04 09:43,59,11
L60283708,CH,CH-TG,,47.4966472,9.4629407,Horn Hafen,2017-08-19 00:00,8,0
L27495647,CH,CH-ZH,,47.317585,8.57743,Hornlage Küsnacht,2026-09-26 16:24,46,18
L14189577,CH,CH-TG,,47.5236347,9.2840052,Hudelmoos,2025-05-27 09:00,46,10
L60284627,CH,CH-TG,,47.5714696,8.858799,Hugiweiher,2026-08-15 19:30,92,6
L36735044,CH,CH-SG,,47.3631557,8.9670692,Hulftegg,2025-10-08 09:05,52,3
L57772889,CH,CH-ZH,,47.4792386,8.8052198,Hulmen,2026-02-26 12:10,29,2
L27676342,CH,CH-ZH,,47.6218208,8.7049156,Husemer See,2026-07-12 10:35,99,39
L11096687,CH,CH-ZG,,47.1596795,8.6756802,Höhronen,2025-09-20 09:20,61,29
L5171148,CH,CH-ZH,,47.4160819,8.4925351,Hönggerberg,2026-09-26 09:06,77,107
L38507261,CH,CH-ZH,,47.2641672,8.8094258,Hüsliriet,2025-10-19 17:02,70,20
L5165271,CH,CH-SG,,47.495009,9.5555735,Hüttenry,2026-07-24 13:42,153,55
L52503010,CH,CH-ZH,,47.1846046,8.6783371,Hüttnersee,2026-07-30 08:10,44,5
L2695174,CH,CH-TG,,47.6101829,8.8441658,Hüttwilersee,2026-04-04 15:46,137,59
L1864391,CH,CH-VD,,46.4156538,6.2780013,IUCN HQ,2026-09-26 08:42,84,94
L7524278,CH,CH-SZ,,47.0175298,8.7333074,Ibergeregg,2026-08-02 00:00,77,20
L6276207,CH,CH-BE,,46.3898064,7.4168015,Iffigtal,2026-07-28 09:47,73,7
L20050939,CH,CH-NE,,46.8732415,6.7569978,Iles de Vaumarcus,2025-08-07 19:39,30,1
L4092374,CH,CH-ZH,,47.4014383,8.7279075,Illnau Nature Trail,2026-04-04 08:03,54,7
L18393232,CH,CH-BS,,47.5944632,7.6438979,Im Schlipf,2026-07-04 15:20,77,35
L8324997,CH,CH-BL,,47.5053412,7.5486438,In der Au,2026-04-29 15:58,67,48
L4624393,CH,CH-SO,,47.198685,7.6627815,Inkwilersee,2026-09-05 06:13,116,68
L33778786,CH,CH-GR,,46.5514235,9.9024367,Innauen Bever,2026-08-03 18:36,88,50
L2718906,CH,CH-ZH,,47.4004407,8.5561502,Irchel Wald,2026-07-06 12:18,65,59
L4747923,CH,CH-ZH,,47.3978277,8.5444886,Irchelpark,2026-09-24 16:07,108,209
L4745718,CH,CH-FR,,46.6160775,7.2652245,Jansegg,2022-06-18 04:10,1,0
L1120147,CH,CH-GE,,46.2042,6.152,Jardin Anglais,2026-09-17 18:01,96,138
L1115697,CH,CH-GE,,46.2258685,6.1464429,Jardin Botanique de Genève,2026-09-27 10:17,95,203
L15925529,CH,CH-VS,,46.1129285,7.2972929,Jardin Japonais,2026-02-01 13:13,26,3
L38410467,CH,CH-VD,,46.4541424,6.8539487,Jardin/Quai Roussy,2026-08-12 18:58,53,28
L5126212,CH,CH-BE,,46.5919888,7.339704,Jaunpass,2026-02-27 14:41,53,12
L8356868,CH,CH-GE,,46.206114,6.1573005,Jetée du Jet d'eau,2026-09-15 18:02,98,140
L926699,CH,CH-GE,,46.2102417,6.1546,Jetée et Port des Pâquis,2026-09-26 17:45,166,230
L14510825,CH,CH-BE,,47.024809,7.0602221,Jolimont,2026-05-01 15:43,37,3
L27428955,CH,CH-VS,,46.3403215,7.8039313,Jolital,2025-11-08 12:00,28,3
L1157529,CH,CH-SG,,47.2157959,8.8446003,Jona Stampf,2026-09-18 00:00,242,355
L4687288,CH,CH-SG,,47.2240275,8.856225,Joner Allmeind,2026-07-19 11:15,175,22
L11161478,CH,CH-VS,,46.204,7.142,Jorasse,2026-08-22 09:38,23,2
L40338684,CH,CH-VD,,46.7987359,6.4492541,Joux de la Limasse,2026-04-17 10:03,49,7
L16236362,CH,CH-LU,,47.1553984,8.121339,Juchmoos,2026-05-16 18:13,82,5
L4951769,CH,CH-VS,,46.5474391,7.984786,Jungfraujoch - Sphinx,2026-09-19 10:18,41,77
L10110445,CH,CH-VD,,46.6919445,6.3405061,Juraparc,2026-08-23 11:30,32,6
L3330913,CH,CH-FR,,46.652441,7.3190403,Kaiseregg,2026-09-26 12:45,69,13
L20503864,CH,CH-SO,,47.4308235,7.5693548,Kaltbrunnental,2026-06-01 13:03,53,3
L1088306,CH,CH-SG,,47.21508,8.98456,Kaltbrunner Ried,2026-09-27 17:00,212,586
L4832518,CH,CH-BE,,46.7179748,7.6427078,Kanderdelta,2026-08-15 11:10,90,20
L9686898,CH,CH-BE,,46.4945178,7.674432,Kandersteg Stadt,2026-09-10 11:54,66,55
L5283004,CH,CH-BS,,47.5654219,7.5705564,Kannenfelpark,2026-09-16 12:33,43,22
L2967398,CH,CH-AG,,47.4849754,8.2939911,Kappiinseli,2026-06-24 18:25,69,42
L1458578,CH,CH-ZH,,47.4316001,8.4958863,Katzensee* general,2026-09-27 10:16,229,2162
L4226890,CH,CH-ZH,,47.4319059,8.5069699,Katzensee--Allmend,2026-08-29 19:21,171,338
L60285816,CH,CH-ZH,,47.430819,8.510778,Katzensee--Büsisee,2026-09-20 18:17,68,24
L38605014,CH,CH-ZH,,47.42777,8.4884517,Katzensee--Hänsiried,2026-07-21 17:50,109,26
L4916852,CH,CH-BE,,46.8025565,7.9353583,Kemmeriboden,2016-09-08 15:30,2,2
L14920955,CH,CH-SG,,47.0313982,9.4465098,Kiesfang Vilters,2026-06-08 11:51,46,8
L18253293,CH,CH-SG,,47.4079886,9.2208918,Kiesgrube Espel (Naturschutzgebiet),2026-09-09 15:01,79,62
L925959,CH,CH-UR,,46.8682373,8.8553935,Klausenpass,2026-07-27 10:15,51,39
L44806356,CH,CH-BE,,46.9598348,7.475358,Kleine Allmend,2026-04-23 10:27,17,0
L2419831,CH,CH-BE,,46.586572,7.9604959,Kleine Scheidegg,2026-09-17 21:14,87,145
L5520391,CH,CH-BE,,46.9012285,7.5290465,Kleinhöchstettenau,2026-09-10 10:11,25,3
L11176471,CH,CH-SH,,47.6947053,8.5358459,Klettgau--Fochtelgraben-Schmerlat,2026-05-13 02:30,67,6
L11176120,CH,CH-SH,,47.696251,8.4881026,Klettgau--Goldäcker und Chlingen,2026-04-21 12:53,58,3
L4747930,CH,CH-SH,,47.7013287,8.5179663,Klettgau--Kerngebiet Widen,2026-08-16 08:00,141,244
L4747926,CH,CH-SH,,47.6949743,8.5189104,Klettgau--Kerngebiet Widen--Widenweiher,2026-09-08 10:02,114,62
L11176070,CH,CH-SH,,47.6883561,8.481488,Klettgau--Langfeld,2026-05-18 08:50,56,3
L11176071,CH,CH-SH,,47.6868791,8.4729661,Klettgau--Murgarten und Toktri,2026-05-01 15:25,51,13
L11176122,CH,CH-SH,,47.6909403,8.5565865,Klettgau--Oberneuhaus,2026-08-09 06:55,67,35
L11179116,CH,CH-SH,,47.6677353,8.4486732,Klettgau--Schelmengasse,2025-01-12 09:44,53,2
L1291878,CH,CH-AG,,47.5833322,8.2333318,Klingnauer Stausee,2026-09-23 13:13,260,2436
L4723670,CH,CH-AG,,47.5625695,8.2478786,Klingnauer Stausee--Fischergrien/Werd,2026-05-30 07:25,120,27
L3509715,CH,CH-AG,,47.5936184,8.2186961,Klingnauer Stausee--Gippinger Grien,2026-09-21 12:17,161,190
L3509739,CH,CH-AG,,47.6003758,8.2239962,Klingnauer Stausee--Giriz,2026-08-20 08:46,101,51
L4723666,CH,CH-AG,,47.5903624,8.2358086,Klingnauer Stausee--Machme,2026-09-19 09:56,139,36
L936490,CH,CH-ZH,,47.4391186,8.584528,Kloten Gemeindewald,2026-08-07 19:26,63,27
L4465518,CH,CH-AG,,47.4114052,8.1145728,Kraftwerk Rupperswil-Auenstein,2026-09-23 07:30,77,15
L17894178,CH,CH-TG,,47.6480017,9.1939653,Kreuzlingen Yachthafen,2026-08-01 08:46,96,14
L3155193,CH,CH-TG,,47.6526835,9.1853964,Kreuzlingen--Seepark,2026-09-12 18:11,152,160
L3223134,CH,CH-FR,,46.9828288,7.1539879,Krümmi* general area,2026-09-19 09:38,194,343
L6062324,CH,CH-FR,,46.9794472,7.1629894,Krümmi--Agriswilmoos,2026-03-18 12:45,129,33
L4620851,CH,CH-FR,,46.984322,7.1594059,Krümmi--Ausgleichsfläche,2026-09-19 07:26,164,172
L4611472,CH,CH-FR,,46.9801938,7.1482909,Krümmi--Bellechasse,2026-09-19 09:38,114,23
L6147886,CH,CH-BE,,46.9858736,7.1437097,Krümmi--Obermoos,2026-03-18 11:43,83,13
L23199539,CH,CH-BE,,46.9845191,7.1325055,Krümmi--Staatswald,2026-06-06 10:45,90,10
L52812169,CH,CH-GR,,46.8551653,9.4112648,Kunkelspass,2025-09-09 09:00,21,1
L33434985,CH,CH-GR,,46.799643,9.829134,Kurpark Davos,2026-07-29 10:11,47,20
L13344620,CH,CH-ZH,,47.4065405,8.5203266,Käferberg,2026-09-10 07:15,98,629
L27495682,CH,CH-ZH,,47.31886,8.59702,Küsnachter Tobel,2026-08-24 16:48,54,14
L44295996,CH,CH-NE,,46.9458888,6.8709109,L'embouchure de l'Areuse
L11543100,CH,CH-VD,,46.843967,6.6820212,La Chassagne,2026-06-25 08:00,93,29
L4990428,CH,CH-FR,,46.7153808,7.148034,La Combert,2017-01-21 11:58,17,2
L5168427,CH,CH-VD,,46.4253749,6.0996544,La Dôle,2026-08-25 11:58,78,54
L5844199,CH,CH-VS,,46.2402661,7.1570456,La Forcla,2026-06-12 10:17,24,1
L64527942,CH,CH-NE,,47.0216282,6.9816371,La Marnière,2026-06-11 07:15,20,2
L44295769,CH,CH-JU,,47.30417,7.2164041,La Metteneux et Les Forges,2026-05-03 09:32,20,2
L13677407,CH,CH-VS,,46.1835149,7.1831703,La Passerelle à Farinet,2025-07-15 15:22,27,1
L18172149,CH,CH-NE,,47.083202,7.0802782,La Praye,2026-05-09 00:00,47,4
L8858920,CH,CH-VD,,46.8392963,6.6550316,La Prise,2026-07-09 19:42,45,3
L44295426,CH,CH-NE,,47.0149984,6.8724897,La Pôlière
L1871845,CH,CH-NE,,47.0058405,6.9988353,La Ramée/Les Tertres,2026-09-18 13:51,112,65
L24054290,CH,CH-BE,,47.118701,7.1044622,La Rochalle,2026-09-05 11:00,47,5
L37444125,CH,CH-GE,,46.1714763,5.98949,La Touvière,2025-04-04 00:00,26,0
L5192619,CH,CH-NE,,47.0011134,7.0201378,La Tène (est),2026-08-26 16:19,74,8
L1871832,CH,CH-NE,,47.0037677,7.0203068,La Tène (ouest) (incl. Plage et Port),2026-09-19 17:08,70,23
L39397493,CH,CH-VD,,46.4744064,6.8551791,La balade des Grenouilles,2026-06-15 15:13,40,7
L27998191,CH,CH-VD,,46.5628881,6.5861696,La cascade de la Mèbre,2026-01-04 14:52,34,3
L11190092,CH,CH-SH,,47.6926868,8.7221067,Laag,2024-09-12 17:15,56,19
L5168412,CH,CH-VD,,46.6726454,6.3229752,Lac Brenet,2026-07-18 13:00,62,8
L4379692,CH,CH-VD,,46.6157901,6.5872318,Lac Coffy,2025-11-22 13:30,81,10
L3798127,CH,CH-VS,,46.2482716,6.8471242,Lac De Morgins,2022-08-17 15:40,4,1
L5168547,CH,CH-VD,,46.4809007,6.5832138,Lac Léman (CH)* general area (open water),2026-08-27 19:45,63,27
L7915353,CH,CH-VD,,46.4221142,6.8639161,Lac Léman--Haut Lac (open water),2025-01-04 11:13,18,3
L7872288,CH,CH-VD,,46.3278946,6.2283202,Lac Léman--Petit Lac (open water),1925-09-04 00:00,2,0
L12040480,CH,CH-JU,,47.2897522,7.2229533,Lac Vert d'Undervelier,2026-07-03 11:33,13,3
L5126275,CH,CH-VS,,46.0711763,6.9215155,Lac d'Emosson,2026-06-30 00:00,47,10
L5216970,CH,CH-JU,,47.1659238,6.8551362,Lac de Biaufond,2026-05-31 11:00,55,14
L4446369,CH,CH-VD,,46.51387,6.7732,Lac de Bret,2026-08-24 10:43,136,72
L20639397,CH,CH-VS,,46.028224,7.1162175,Lac de Champex,2026-09-15 19:04,87,88
L5165648,CH,CH-VS,,46.2791058,7.2168589,Lac de Derborence,2026-07-26 20:11,38,10
L5165649,CH,CH-VS,,46.2896047,7.2388315,Lac de Godey,2025-04-03 11:28,18,2
L5243896,CH,CH-VD,,46.6386528,6.2872696,Lac de Joux (general area) (please use more specific location),2026-09-14 07:20,154,123
L4834619,CH,CH-VD,,46.6163189,6.2570009,Lac de Joux--Bas de Bioux,2026-06-14 13:00,91,13
L5287487,CH,CH-VD,,46.6500843,6.316216,Lac de Joux--Embouchure de la Lionne,2025-06-05 08:41,56,5
L5287486,CH,CH-VD,,46.6664023,6.3285756,Lac de Joux--Le Pont,2026-06-14 12:30,53,16
L4188336,CH,CH-VD,,46.6110366,6.2419939,Lac de Joux--Tête du Lac,2026-09-14 07:20,142,75
L42031748,CH,CH-JU,,47.418837,7.2451772,Lac de Lucelle,2026-04-05 10:50,15,4
L993686,CH,CH-FR,,46.6163723,7.1474648,Lac de Montsalvens,2026-02-26 07:55,55,13
L8405709,CH,CH-FR,,46.795728,7.1623475,Lac de Pérolles,2026-05-19 08:15,85,31
L5844139,CH,CH-VS,,46.3455205,6.8406737,Lac de Taney,2026-07-07 09:36,48,5
L5844206,CH,CH-VS,,46.3503935,7.4308991,Lac de Tseuzier,2026-07-20 09:59,69,23
L19083896,CH,CH-VD,,46.4248984,7.0498562,Lac de l'Hongrin,2024-09-29 11:30,5,1
L44295581,CH,CH-NE,,47.0660154,6.6924157,Lac des Brenets,2026-02-12 13:22,10,3
L44295435,CH,CH-NE,,46.9671158,6.5742437,Lac des Taillères,2026-07-10 17:08,34,3
L7016881,CH,CH-GE,,46.235502,6.074388,Lac des Vernes,2026-09-26 07:45,119,205
L21765890,CH,CH-SZ,,47.193551,8.851314,Lachen Hafen,2026-07-31 16:15,71,16
L4870325,CH,CH-SZ,,47.20203,8.85363,Lachener Aahorn,2026-09-24 09:44,172,125
L56612103,CH,CH-GR,,46.8302403,9.1030736,Lag da Pigniu,2025-12-31 12:30,16,1
L60609067,CH,CH-VS,,46.1695238,8.0674339,Laggintal,2018-07-27 00:00,14,0
L34698852,CH,CH-TI,,46.5408657,8.6906717,Lago Ritom,2026-07-25 07:45,68,27
L3289317,CH,CH-TI,,46.0507184,8.94256,Lago d'Origlio,2026-06-21 20:00,64,19
L10084176,CH,CH-TI,,46.5674119,8.9774405,Lago di Luzzone,2026-09-18 11:19,81,7
L3453265,CH,CH-TI,,45.996425,8.9276791,Lago di Muzzano,2026-03-28 07:15,61,9
L5148802,CH,CH-GR,,46.2828133,10.0902128,Lago di Poschiavo,2026-07-24 14:02,47,10
L18008256,CH,CH-GR,,46.776377,10.278347,Lai Nair,2025-12-23 10:22,35,5
L25024873,CH,CH-GR,,46.5817524,9.7864065,Lai da Palpuogna,2026-09-11 10:38,44,5
L27124039,CH,CH-GR,,46.8458872,9.5280486,Landschaftspark Rosenhügel,2026-09-23 14:25,40,12
L19369316,CH,CH-BS,,47.5783415,7.6328673,Lange Erlen* general,2026-09-18 19:59,120,156
L15540214,CH,CH-BS,,47.5761232,7.6095505,Lange Erlen--Akazienweg,2026-08-21 07:00,61,19
L18719389,CH,CH-BS,,47.568754,7.620818,Lange Erlen--Bäumlihof,2026-02-07 13:45,84,28
L5429537,CH,CH-BS,,47.5844577,7.6388884,Lange Erlen--Neuer Teich Bach,2026-05-13 09:03,77,36
L61769017,CH,CH-BS,,47.5745281,7.6237822,Lange Erlen--Spittelmatthof
L3293350,CH,CH-BS,,47.5742096,7.6077747,Lange Erlen--Tierpark,2026-09-18 19:59,71,30
L14261458,CH,CH-SH,,47.748842,8.6853192,Langloch & Kiesgruben (Zementwerk),2026-03-21 08:22,63,9
L5844203,CH,CH-VS,,46.3187775,7.2683573,Lapiez de Tsanfleuron,2026-09-05 12:00,21,7
L60447809,CH,CH-SZ,,47.0336001,8.6022422,Lauerzersee gesamt,2026-02-28 12:12,87,16
L52092944,CH,CH-ZH,,47.2691811,8.5753893,Laugeren Ried,2026-09-24 00:00,89,64
L3926951,CH,CH-BE,,46.593006,7.908811,Lauterbrunnen* general area (use more precise loc.),2026-09-26 09:49,96,175
L3540290,CH,CH-VD,,46.4925131,6.7429018,Lavaux (general area),2026-09-17 13:49,70,29
L56664423,CH,CH-BE,,47.2054288,7.2099972,Le Brahon,2025-12-31 11:00,23,2
L3887996,CH,CH-BE,,47.13265,7.05898,Le Chasseral,2026-09-05 07:55,88,58
L7834471,CH,CH-VD,,46.8517089,6.5384439,Le Chasseron,2026-09-05 19:09,60,12
L25837955,CH,CH-JU,,47.3688835,7.3642067,Le Colliard,2026-09-11 18:21,76,12
L3330992,CH,CH-FR,,46.6919424,7.1856675,Le Cousimbert,2026-08-30 13:00,55,7
L3012485,CH,CH-VD,,46.7207772,6.5653932,Le Creux de Terre,2026-09-24 12:00,196,323
L16247172,CH,CH-VD,,46.4792228,6.9507155,Le Folly,2025-05-11 16:24,44,4
L5844137,CH,CH-VS,,46.3573617,6.8210453,Le Grammont,2026-07-07 12:39,40,3
L3540314,CH,CH-FR,,46.5483541,7.0169377,Le Moléson,2026-08-12 10:18,63,26
L3872486,CH,CH-VD,,46.5217401,6.5324664,Le Monteiron  (migration),2026-05-03 11:20,85,39
L64731784,CH,CH-VD,,46.261445,7.018139,Le Montet,2026-04-29 15:21,14,1
L5858481,CH,CH-VD,,46.4841734,6.1158362,Le Noirmont,2026-08-26 10:02,53,16
L20394221,CH,CH-GE,,46.1720146,6.186277,Le Petit Veyrier,2026-05-10 12:29,28,5
L19940045,CH,CH-VS,,46.3222304,6.8543419,Le Planellet,2022-07-02 14:01,30,2
L4031922,CH,CH-GE,,46.2312681,6.1503589,Le Reposoir,2026-08-07 13:03,58,25
L22487218,CH,CH-VD,,46.6007706,6.2222544,Le Sentier,2025-11-30 10:30,71,7
L5126213,CH,CH-VD,,46.7723897,6.46625,Le Suchet,2026-08-26 11:39,44,7
L7872119,CH,CH-GE,,46.2461132,6.1537083,Le Vengeron,2026-04-23 15:26,71,28
L3377209,CH,CH-TI,,46.3886815,8.9752722,Legiuna Malvaglia,2026-09-17 11:29,92,50
L24961862,CH,CH-TG,,47.556992,9.166709,Lehmgrube Opfershofen,2026-03-10 16:30,18,1
L5044242,CH,CH-VD,,46.4822896,6.3870049,"Les Alliex, Savorex, Levette et la Praz",2026-08-06 15:59,62,12
L10025569,CH,CH-VS,,46.3375884,7.4075746,Les Andins,2026-07-15 06:16,54,5
L5860422,CH,CH-VD,,46.4027108,7.1704674,Les Arpilles,2021-10-23 13:15,11,1
L3773404,CH,CH-VD,,46.2259576,7.0085049,Les Caillettes,2026-06-25 10:22,75,21
L15414804,CH,CH-GE,,46.2912435,6.2453481,Les Chancelants,2026-03-17 10:22,21,3
L3898224,CH,CH-FR,,46.8971819,6.9599032,Les Cornaches,2026-01-25 10:51,71,24
L5168435,CH,CH-VD,,46.2982444,6.174708,Les Crénées (private)
L4834608,CH,CH-GE,,46.2916805,6.1350811,Les Douves,2026-09-22 19:40,80,52
L4629819,CH,CH-VS,,46.2077995,7.3048997,Les Epines,2026-07-21 20:26,65,10
L69166488,CH,CH-JU,,47.4233899,7.1724307,Les Esserts,2026-06-06 08:56,30,1
L3895787,CH,CH-VD,,46.8641817,6.9519854,Les Eterpis,2024-01-03 12:41,62,13
L14196410,CH,CH-VD,,46.4773618,6.7922976,Les Faverges (migration),2026-02-27 15:43,44,5
L5884457,CH,CH-VD,,46.7261536,6.4804316,Les Gorges de l'Orbe,2026-04-04 18:43,61,7
L2385196,CH,CH-VD,,46.3917295,6.9064521,Les Grangettes* general,2026-09-24 11:55,248,921
L4463057,CH,CH-VD,,46.3953734,6.8990976,Les Grangettes--Chez Bonnet et Camping,2026-08-22 18:07,190,59
L3861819,CH,CH-VD,,46.3968065,6.8875372,Les Grangettes--Embouchure du Grand Canal,2026-07-25 12:13,202,196
L4645640,CH,CH-VS,,46.3950307,6.8582958,Les Grangettes--Embouchure du Rhône,2025-11-15 15:53,71,13
L3861828,CH,CH-VD,,46.3946681,6.9170469,Les Grangettes--Lagune des Saviez,2026-09-20 11:37,205,402
L4507171,CH,CH-VD,,46.3893476,6.8775272,Les Grangettes--Vieux-Rhône,2026-05-28 00:00,80,22
L20393394,CH,CH-FR,,46.9138546,6.9430361,Les Grèves de Portalban,2026-03-01 10:42,24,1
L5192627,CH,CH-JU,,47.3402477,7.2205925,Les Montoyes,2026-08-01 11:24,49,8
L2213866,CH,CH-FR,,46.5222568,6.9470501,Les Paccots,2024-07-04 21:48,44,5
L27638198,CH,CH-VS,,46.1271063,7.6306952,Les Plats de la Lé,2026-02-27 14:06,40,6
L45069500,CH,CH-VD,,46.4823142,6.9100812,Les Pléiades,2026-09-23 12:06,48,13
L5168449,CH,CH-GE,,46.1554889,6.0678434,Les Ruttets,2026-05-02 17:00,85,22
L6787871,CH,CH-GE,,46.2521672,6.2366617,Les Varlioudes,2024-06-03 18:57,47,3
L53672711,CH,CH-GE,,46.2266814,6.24274,Les champs d'Arrhes,2025-10-05 15:30,28,1
L34678959,CH,CH-NE,,47.0309736,6.8362924,Les grandes pradières,2026-05-04 08:56,39,4
L3668140,CH,CH-VS,,46.38127,7.62758,Leukerbad,2026-08-10 07:18,98,99
L3673961,CH,CH-VS,,46.3041634,7.6833272,Leukerfeld* general (use more precise loc.),2026-09-20 15:15,180,417
L7715781,CH,CH-VS,,46.3041486,7.680763,Leukerfeld--Alt Rhone,2026-09-20 15:15,169,243
L4876363,CH,CH-VS,,46.3081656,7.6749587,Leukerfeld--Felsensteppe/Le Radet,2026-06-20 14:07,115,52
L7715825,CH,CH-VS,,46.3041041,7.68852,Leukerfeld--Juggaseiu,2026-07-16 13:29,95,24
L20050701,CH,CH-BE,,47.0668773,7.1096857,Levées de St. Joux,2026-06-15 09:23,18,2
L7477068,CH,CH-VD,,46.3432689,7.011863,Leysin (general area),2026-09-27 09:50,119,210
L6102081,CH,CH-UR,,46.9350914,8.6925648,Lidernenhuette,2025-03-01 09:04,22,4
L20050732,CH,CH-BE,,47.0835213,7.1356366,Ligerz/Gléresse (zone cotière),2026-02-25 00:00,34,7
L12384349,CH,CH-ZH,,47.3927952,8.518193,Limmat Vogelinsel,2026-08-28 15:49,83,232
L8019368,CH,CH-AG,,47.5018329,8.237668,Limmatspitz,2026-07-10 08:44,73,23
L60317637,CH,CH-ZH,,47.515008,8.733045,Lindberg gesamt,2026-06-11 06:53,55,9
L56873876,CH,CH-LU,,47.2538001,8.2934399,Lindenberg,2026-01-25 10:47,14,10
L3010132,CH,CH-TI,,46.1697962,8.7909991,Locarno--Chiesa Sant'Antonio,2026-08-08 20:13,62,57
L5860424,CH,CH-BE,,46.4293979,7.318182,Louwenetal,2026-08-15 12:00,40,2
L5860429,CH,CH-BE,,46.4462259,7.3544884,Lowenehore
L11039319,CH,CH-LU,,47.0649918,8.3389664,Lucerne Golf Club,2026-04-23 16:57,49,6
L5962377,CH,CH-OW,,46.7996482,8.1607389,Lungeresee,2026-09-11 17:41,36,12
L18959663,CH,CH-TI,,46.1195987,8.7130742,Lungolago di Brissago,2026-06-13 14:35,28,7
L3094631,CH,CH-TG,,47.55244,9.39261,Luxburger Bucht* general (use more precise loc.),2026-09-26 12:14,169,120
L5165262,CH,CH-TG,,47.5503403,9.3867445,Luxburger Bucht--Luxburg,2026-09-26 12:14,144,55
L28610074,CH,CH-TG,,47.5560293,9.380222,Luxburger Bucht--Mündung Salmsacher Aach,2026-09-19 08:40,100,13
L5165258,CH,CH-TG,,47.537384,9.4004399,Luxburger Bucht--Strandbad Wiedehorn,2026-09-26 08:25,142,39
L4507508,CH,CH-LU,,47.0500664,8.3093119,Luzern Stadt (city of Lucerne)* general (use more precise loc.),2026-09-27 16:32,159,1227
L7341081,CH,CH-LU,,47.0494414,8.3142149,Luzern--Inseli Park,2026-09-12 10:06,89,131
L18448415,CH,CH-LU,,47.0495091,8.3370701,Luzern--Lido,2026-07-19 16:20,69,39
L5953563,CH,CH-LU,,47.0547228,8.3057177,Luzern--Museggmauer,2026-09-08 10:09,86,122
L4507499,CH,CH-LU,,47.0462942,8.3212316,Luzern--Ufschötti,2026-09-20 14:52,146,203
L18360754,CH,CH-LU,,47.0535,8.333488,Luzern--Verkehrshaus,2026-09-20 10:54,82,56
L4507495,CH,CH-LU,,47.0512324,8.3070749,Luzern--Wasserturm und Kapellbrücke,2026-09-27 16:32,100,485
L4940432,CH,CH-VS,,46.0856888,7.8963804,Längflue,2026-09-13 09:49,33,13
L4638993,CH,CH-BE,,47.0561628,7.3656839,Längmoos,2023-08-10 11:18,14,2
L19206402,CH,CH-ZH,,47.5255508,8.5241922,Lärchenischlag,2026-04-30 10:27,57,6
L58969189,CH,CH-SH,,47.761965,8.6846706,Lättgrueb (restricted access),2026-02-21 17:50,53,1
L5860437,CH,CH-BE,,46.4164036,7.7164632,Lötchepass,2025-07-23 10:11,1,0
L5860440,CH,CH-VS,,46.4247833,7.8312778,Lötschental (general area),2025-12-22 13:00,62,15
L4897033,CH,CH-BE,,46.6909878,7.8984725,Lütschinendelta,2026-09-12 09:49,93,39
L3090341,CH,CH-ZH,,47.2595126,8.7729263,Lützelsee,2026-02-28 14:29,125,50
L26889369,CH,CH-TI,,46.147737,8.85454,Magadino Debarcadero,2026-04-27 06:42,74,17
L14812918,CH,CH-GR,,46.9823191,9.5622678,Malans Rebberge/Rohanschanze,2026-09-14 00:00,118,81
L50309282,CH,CH-GR,,46.4016454,9.6905208,Maloja Pass,2026-09-18 16:58,38,5
L58393493,CH,CH-BE,,47.1535075,7.2375226,Malvaux,2026-02-04 14:00,7,1
L11179029,CH,CH-TG,,47.6484076,8.9167428,Mammern,2025-11-17 13:34,41,0
L4638760,CH,CH-VS,,46.1937647,7.2544205,Marais d'Ardon-Chamoson,2026-08-31 14:22,68,22
L5192624,CH,CH-JU,,47.473011,7.1112442,Marais de Damphreux,2026-09-27 14:17,117,39
L20572149,CH,CH-FR,,46.6276905,6.8604469,Marais de Naudry,2026-03-05 12:24,36,2
L4535229,CH,CH-VS,,46.249526,7.4378729,Marais de Poutafontana* general,2026-04-17 07:05,112,49
L3666034,CH,CH-VS,,46.2504,7.44176,Marais de Poutafontana--Graviere de Solioz,2024-06-12 12:28,41,4
L3666016,CH,CH-VS,,46.25623,7.4479,Marais de Poutafontana--Lac de la Breche,2026-04-17 07:05,61,10
L3672351,CH,CH-VS,,46.24618,7.43134,Marais de Poutafontana--Marais de Grône,2026-02-07 08:30,83,27
L5594191,CH,CH-GE,,46.2398802,6.2228751,Marais de Rouelbeau,2026-04-30 14:00,120,40
L2758150,CH,CH-GE,,46.23163,6.23641,Marais de Sionnet,2026-09-24 17:28,206,1055
L5168431,CH,CH-VD,,46.3375508,6.1407137,Marais de la Versoix,2026-07-11 07:43,121,14
L5083272,CH,CH-GE,,46.2432129,6.0774987,Marais des Crêts,2026-09-26 09:32,81,48
L14764912,CH,CH-GE,,46.2459212,6.0873898,Marais des Fontaines,2025-09-19 06:54,39,3
L4552892,CH,CH-VD,,46.5784507,6.3899446,Marais des Monods,2024-05-10 18:00,41,3
L5395470,CH,CH-GE,,46.229639,6.223575,Marais du Château,2026-04-30 12:05,71,10
L19470192,CH,CH-VS,,46.3481126,7.6551962,Marienkapelle,2026-07-05 15:18,63,12
L7437700,CH,CH-VS,,46.3074393,7.7121341,Martischeiu,2025-06-14 14:30,45,2
L4953792,CH,CH-ZG,,47.2341254,8.4092832,Maschwander Allmend,2026-09-27 07:49,165,231
L9145184,CH,CH-ZH,,47.2305092,8.4212522,Maschwander Allmend--Hasplen,2026-06-07 15:17,137,83
L9876948,CH,CH-GR,,46.9593176,9.5462609,Mastrilser Rheinauen,2026-06-03 18:33,91,45
L20956693,CH,CH-ZH,,47.4870736,8.7485273,Mattenbach,2026-09-24 12:00,111,132
L5844188,CH,CH-VS,,46.1513566,7.7917314,Mattertal,2026-03-22 11:15,27,4
L4456045,CH,CH-LU,,47.1715693,8.0760884,Mauensee,2026-09-25 15:10,124,51
L34587255,CH,CH-LU,,47.0352247,8.3560252,Meggenhorn,2026-07-18 11:11,30,6
L19186135,CH,CH-BE,,47.1406248,7.3342377,Meienriedloch,2026-04-05 10:50,77,7
L21895188,CH,CH-TI,,45.9212933,8.9814714,Melano--Santa Lucia,2026-08-05 13:40,61,10
L6841471,CH,CH-OW,,46.8271094,8.2936263,Melchtal,2026-06-14 17:41,29,6
L18427103,CH,CH-OW,,46.775766,8.269119,Melchtal--Melchsee-Frutt,2026-09-13 09:37,64,53
L4823206,CH,CH-FR,,46.8156327,7.1962917,Menziswil,2025-08-29 13:27,10,0
L5165248,CH,CH-BE,,46.6953002,7.7373362,Merligen,2026-09-23 18:37,71,21
L19524997,CH,CH-LU,,46.9852131,8.0912845,Mettelimoos,2026-07-17 14:46,51,5
L5527779,CH,CH-VD,,46.273292,7.1319723,Miroir d'Argentine,2026-08-24 13:00,59,14
L3287797,CH,CH-TI,,46.2185941,9.0397096,Moesa and Ticino rivers,2026-04-01 12:13,32,2
L7862654,CH,CH-VD,,46.4969447,6.8191624,Mont Pèlerin,2026-06-05 13:32,50,9
L66041502,CH,CH-NE,,47.02186,6.81613,Mont Racine,2023-06-11 00:00,1,0
L26317014,CH,CH-VS,,46.1572725,7.3569345,Mont Rouge,2025-09-10 14:48,17,0
L5578795,CH,CH-NE,,47.0842964,6.8527007,Mont Sagne,2024-08-29 13:30,13,1
L15097990,CH,CH-BE,,47.1376582,7.144804,Mont Sujet,2026-05-24 12:20,35,4
L5168425,CH,CH-VD,,46.5947705,6.3100409,Mont Tendre,2026-05-30 14:33,77,30
L8710011,CH,CH-FR,,46.9630307,7.0949048,Mont Vully,2026-04-12 09:23,69,19
L2334927,CH,CH-VS,,46.0771604,7.007432,Mont de l'Arpille,2024-08-08 19:03,28,2
L25462220,CH,CH-BE,,47.1030225,7.1007063,Montagne de Diesse,2026-09-05 08:37,49,11
L4846494,CH,CH-VS,,46.1688944,7.0917606,Montagne de Fully,2026-07-29 08:29,58,7
L10368953,CH,CH-TI,,46.1078149,9.0115678,Monte Bar,2025-01-04 10:25,55,4
L3331018,CH,CH-TI,,46.0093279,8.9850842,Monte Brè,2026-08-29 15:00,70,35
L3480407,CH,CH-TI,,46.1904077,8.997159,Monte Carasso slopes,2025-05-03 09:15,29,6
L3480389,CH,CH-TI,,45.9311547,9.0187025,Monte Generoso,2026-09-21 15:16,64,23
L3668435,CH,CH-TI,,45.9140787,8.9498234,Monte San Giorgio,2026-06-11 14:48,45,7
L37467787,CH,CH-TI,,45.976874,8.9471543,Monte San Salvatore,2026-09-22 10:55,55,12
L7877362,CH,CH-TI,,46.1039022,8.8659453,Monte Tamaro,2023-07-02 15:41,14,1
L18059134,CH,CH-BL,,47.4962683,7.572492,Moosholz,2026-07-19 17:50,51,12
L11777410,CH,CH-SH,,47.7290133,8.7006468,Morgetshofsee,2026-06-05 15:15,100,66
L54609300,CH,CH-VS,,46.374385,6.877457,Moulin du Chêne,2026-04-20 10:17,29,3
L47295238,CH,CH-GR,,46.5217253,9.9024582,Muottas Muragl,2026-09-08 09:30,34,16
L8348726,CH,CH-FR,,46.9291176,7.120028,Murten Stadt,2026-09-25 15:49,64,18
L64431171,CH,CH-VS,,46.2999444,7.8108203,Mutt
L28787986,CH,CH-ZH,,47.3523339,8.5356483,Mythenquai,2026-08-31 12:57,121,165
L36666801,CH,CH-ZH,,47.5535618,8.691047,Mädlestenweiher,2026-04-11 12:10,73,8
L19762138,CH,CH-BE,,46.6181557,7.9380512,Männlichen,2026-09-22 16:00,79,77
L4830711,CH,CH-BE,,46.6750708,7.3764825,Märe,2026-04-24 11:29,44,6
L20027052,CH,CH-BE,,47.1623495,7.1452332,Métairie de Gleresse,2026-05-23 06:07,27,3
L20050547,CH,CH-BE,,47.0889717,7.2024822,Mörigen-Bucht,2025-11-28 12:38,44,4
L18135758,CH,CH-BS,,47.554822,7.598987,Mühlenberg,2026-09-04 17:55,53,33
L64368418,CH,CH-TG,,47.6759743,8.6999812,Mülibach - Kundelfingerhof,2026-08-22 11:07,104,10
L17501913,CH,CH-BL,,47.5068165,7.5121954,Mülimatt Obstgarten,2026-09-18 08:05,100,76
L5165252,CH,CH-TG,,47.6356101,9.2322922,Münsterlingen Klinik (restricted access),2026-09-13 15:07,121,55
L4745706,CH,CH-BE,,46.5591406,7.8920889,Mürren,2026-09-27 12:29,101,311
L42564926,CH,CH-ZH,,47.2976992,8.8103056,NSG Drumlinlandschaft,2026-05-17 15:50,58,15
L5520392,CH,CH-BE,,46.9294438,7.4668729,NSG Elfenau,2026-09-12 13:51,101,75
L3331023,CH,CH-BE,,46.981932,7.2570276,NSG Golaten,2026-04-04 17:41,106,35
L5165239,CH,CH-BE,,46.7227414,7.6171356,NSG Gwattmösli,2026-03-06 10:38,40,2
L3893622,CH,CH-BE,,47.145671,7.3362708,NSG Häftli,2026-08-30 12:30,104,44
L46278863,CH,CH-GR,,46.7313622,9.4364649,NSG Munté,2026-09-03 16:45,52,6
L6375799,CH,CH-SO,,47.1783372,7.4305075,NSG Sackmatten,2026-09-20 14:48,48,4
L6295802,CH,CH-BE,,46.769116,7.6061815,NSG Schintere,2022-07-13 11:15,3,0
L5165240,CH,CH-BE,,46.7328605,7.6306057,NSG Seeallmend,2026-02-05 12:42,52,4
L7872126,CH,CH-VS,,46.2464141,7.9561547,Nanztal,2025-08-04 09:00,14,2
L64872488,CH,CH-AR,,47.2561742,9.3213518,Naturerlebnispark Schwägalp / Säntis,2026-06-28 12:41,31,5
L14103185,CH,CH-GR,,46.9487535,9.5913863,Naturreservat Trittwald,2026-06-27 08:16,58,11
L28774934,CH,CH-AG,,47.2355551,8.3985414,Naturschutgebiet Schoren Schachen,2026-05-03 08:33,104,38
L13298443,CH,CH-SO,,47.4691754,7.6132188,Naturschutz Reservat Lolibach,2026-08-27 09:58,80,197
L11015538,CH,CH-BE,,47.051886,7.5373767,Naturschutzgebiet Bärmatte,2026-08-31 15:02,46,11
L18391470,CH,CH-BS,,47.5615922,7.6237929,Naturschutzgebiet Rheinhalde Basel,2026-09-24 15:36,45,18
L20070228,CH,CH-ZH,,47.5348379,8.6919209,Naturschutzgebiet Riet,2024-05-20 11:39,27,3
L8947023,CH,CH-SZ,,47.132311,8.6858661,Naturschutzgebiet Rothenthurm,2026-08-27 11:35,87,28
L13821573,CH,CH-ZH,,47.4879732,8.4679265,Naturschutzgebiet Rütinoisen,2026-09-23 16:40,79,36
L2342192,CH,CH-BE,,46.6735288,7.8258705,Naturschutzgebiet Weissenau,2026-09-21 15:20,137,168
L5871606,CH,CH-ZH,,47.5788562,8.5818431,Naturschutzzentrum Thurauen,2026-09-11 09:47,87,23
L1291397,CH,CH-ZH,,47.50134,8.48369,Neeracherried* general,2026-09-27 17:42,223,1795
L64256044,CH,CH-ZH,,47.4997708,8.478967,Neeracherried--BirdLife Nature Center,2026-09-27 17:42,152,125
L64274467,CH,CH-ZH,,47.5018679,8.4907571,Neeracherried--Saumbachwiesen,2026-09-23 18:15,124,62
L27283521,CH,CH-AR,,47.3963638,9.444003,Neppenegg,2026-05-03 13:34,64,8
L68570660,CH,CH-ZG,,47.1996608,8.5916982,Neuchheim Kiessgrube,2026-08-11 08:00,41,2
L11179122,CH,CH-SH,,47.688956,8.6138759,Neuhausen am Rheinfall--Galgenbuck,2026-04-24 20:10,100,6
L40956064,CH,CH-TG,,47.5661998,9.3399693,Neuwald,2026-05-23 11:28,45,2
L61769361,CH,CH-BE,,47.1339397,7.2321017,Nicolas-G.-Hayek-Park
L3281298,CH,CH-ZH,,47.6139169,8.6192036,Niderholz,2025-06-21 11:01,92,28
L10411025,CH,CH-AG,,47.534531,7.801338,"Niderwald, Magden CH-Aargau (47.5345,7.8013)",2026-08-17 13:38,66,66
L2688781,CH,CH-BE,,46.7107364,7.7750909,Niederhorn,2026-09-26 08:18,91,105
L4456063,CH,CH-BE,,46.9963827,7.2434878,Niederriedstausee,2026-09-05 09:30,109,22
L16082491,CH,CH-BE,,46.6457879,7.65205,Niesen,2026-09-22 09:26,65,14
L5296256,CH,CH-FR,,46.5477343,6.9573283,Niremont,2022-10-30 11:45,19,2
L5860439,CH,CH-VS,,46.3591314,7.7172089,Niwungrat,2026-09-12 09:13,15,1
L10135807,CH,CH-LU,,47.1392086,8.1389137,Nottwil--Strandbad,2026-07-18 20:30,109,28
L11208316,CH,CH-SO,,47.4772995,7.6953651,Nuglar,2026-09-11 14:15,77,31
L1279694,CH,CH-SZ,,47.20547,8.87879,Nuoler Ried* general,2026-09-25 07:22,237,653
L64561613,CH,CH-SZ,,47.20792,8.88721,Nuoler Ried--East (Pro Natura),2026-05-04 12:16,54,2
L65322227,CH,CH-SZ,,47.2040538,8.866634,Nuoler Ried--West/Allmeind,2026-09-21 07:58,83,10
L11198243,CH,CH-TG,,47.6163002,8.8169238,Nussbaumersee,2026-08-03 16:29,98,11
L13367516,CH,CH-GL,,47.1154724,9.0654514,Näfels--Schärhufen,2026-09-24 13:04,45,7
L3711644,CH,CH-UR,,46.6485337,8.606565,Nätschen,2025-08-05 14:30,30,5
L24915021,CH,CH-UR,,46.659413,8.671116,Oberalppass,2026-08-26 12:47,52,30
L14098283,CH,CH-SG,,47.186057,9.3510228,Oberdorf Toggenburg,2026-06-27 12:42,77,18
L19493618,CH,CH-VS,,46.3475941,7.7192903,Obere Feselalpe,2024-02-14 21:59,8,1
L5298610,CH,CH-VS,,46.3517857,7.6684999,Obere Guggelhubel,2026-06-27 10:05,70,9
L11179110,CH,CH-SH,,47.7188743,8.4710342,Oberhallauer Berg,2026-06-13 10:25,72,11
L51049697,CH,CH-ZH,,47.2813557,8.5697939,Oberriederweg,2026-08-16 09:46,55,11
L22689892,CH,CH-AG,,47.280188,8.393025,Oberschachen Aristau,2026-06-16 08:33,79,15
L5882560,CH,CH-GR,,46.7843208,9.6815246,Obersee,2026-09-08 15:10,60,55
L11193135,CH,CH-TG,,47.572026,9.4319485,Obersee (open water) (CH),2026-09-12 14:00,89,12
L7695223,CH,CH-GE,,46.3082483,6.1342695,Observatoire de Genève,2026-04-18 16:29,58,14
L4834587,CH,CH-GE,,46.1994028,6.0709186,Observatoire de Planfonds,2026-05-01 11:49,62,19
L5385583,CH,CH-FR,,46.8374734,6.8115087,Observatoire étangs de Font,2026-05-24 13:00,89,16
L5385575,CH,CH-VD,,46.7962035,6.6945,Observatoire îles de Cheseaux,2026-05-24 11:00,106,27
L53736727,CH,CH-GR,,46.7540506,9.5809937,Ochsenälpi,2026-06-13 07:52,47,2
L2667360,CH,CH-ZH,,47.6238969,8.6851645,Oerlinger Ried,2026-09-08 18:48,160,212
L5860442,CH,CH-BE,,46.4994558,7.7157497,Oeschinensee,2026-09-18 12:08,86,78
L22019095,CH,CH-GR,,46.639293,10.2932622,Ofenpass,2026-09-11 11:33,47,15
L1043905,CH,CH-VD,,46.5057181,6.6273201,Ouchy,2026-09-20 13:26,89,205
L8705904,CH,CH-VS,,46.197666,7.1751288,Ovronnaz (ville),2026-08-20 18:53,52,25
L13085551,CH,CH-GE,,46.1930708,6.1584446,Parc Alfred Bertrand,2026-06-07 15:45,35,9
L13331287,CH,CH-GE,,46.2140211,6.1377525,Parc Beaulieu,2026-09-26 12:28,49,22
L33275256,CH,CH-GE,,46.218505,6.1292982,Parc De Trembley,2026-08-31 09:18,49,11
L19679856,CH,CH-GE,,46.1896724,6.0916722,Parc Des Evaux,2026-07-18 09:27,54,12
L36330876,CH,CH-GE,,46.2111257,6.1166811,Parc Des Franchises,2026-08-24 15:58,44,15
L8010646,CH,CH-VS,,46.3403534,6.8925276,Parc Emilien-Pot,2025-10-28 15:52,30,0
L33120259,CH,CH-GE,,46.2097447,6.1303926,Parc Geisendorf,2026-09-05 09:32,30,16
L4446312,CH,CH-GE,,46.2198561,6.152097,Parc Mon Repos et de la Perle du Lac,2026-09-27 08:29,146,429
L18269814,CH,CH-VD,,46.6599081,6.5591168,Parc Naturel des Jonquilles,2026-03-21 12:11,32,4
L9160537,CH,CH-GE,,46.2329236,6.117548,Parc Sarasin,2026-08-20 17:57,42,29
L10173616,CH,CH-GE,,46.2250892,6.1494577,Parc William Rappard,2026-08-29 09:59,77,55
L38410594,CH,CH-VD,,46.4611824,6.8352613,Parc de l'Arabie/Embouchure de la Veveyse,2026-07-05 10:00,42,11
L10434178,CH,CH-VD,,46.5295352,6.6370726,Parc de l'Hermitage,2026-08-21 12:48,37,11
L22580057,CH,CH-GE,,46.2180545,6.105752,Parc de l'Étang,2026-07-15 09:40,19,5
L3859517,CH,CH-GE,,46.2065224,6.1677611,Parc de la Grange et Parc des Eaux-Vives,2026-09-07 16:51,88,108
L21230836,CH,CH-GE,,46.199449,6.145305,Parc des Bastions,2026-09-12 16:48,53,74
L8940026,CH,CH-NE,,47.096762,6.8251088,Parc des Crêtets,2026-04-19 08:46,55,62
L34630790,CH,CH-GE,,46.1662994,6.1493652,Parc des Crêts,2026-08-29 17:00,49,20
L27916692,CH,CH-VD,,46.3752705,6.2320805,Parc du Boiron,2026-06-17 17:16,47,8
L31137192,CH,CH-GE,,46.2311727,6.1255877,Parc du Chateau-Pictet,2026-03-13 09:23,26,3
L6360710,CH,CH-VD,,46.5134713,6.5725976,Parc du Pélican,2026-07-04 19:06,59,12
L2796349,CH,CH-TI,,46.0050553,8.9581543,Parco Civico,2026-09-22 09:21,67,72
L45612255,CH,CH-TI,,45.9525147,8.9041293,Parco Figino,2026-06-06 08:18,18,2
L24163775,CH,CH-TI,,45.9062397,8.974287,Parco Rivalago/Lido Riva San Vitale,2026-09-22 08:08,47,15
L11116881,CH,CH-TI,,45.904973,8.976918,Parco del Lago di Capolago,2026-09-21 09:16,38,8
L14575242,CH,CH-VD,,46.6163133,6.7229247,Parcours Handicape & Nature du Jorat,2026-06-12 20:10,23,1
L13036666,CH,CH-BL,,47.5306474,7.6166153,Park im Grünen,2026-09-25 18:44,89,149
L51063942,CH,CH-GR,,46.6083708,10.0318111,Parkhütte Varusch,2026-09-26 16:49,28,2
L4993143,CH,CH-VD,,46.2877661,7.1907824,Pas de Cheville,2025-03-01 14:47,56,8
L17164483,CH,CH-VS,,46.314541,7.3852987,Pas de Maimbré,2026-09-19 14:16,55,22
L50391424,CH,CH-UR,,46.6142746,8.6774366,Pass Tagliola,2025-07-22 08:00,8,1
L48243507,CH,CH-GR,,46.4734318,9.389971,Pass da Niemet,2025-09-08 13:39,7,2
L16300755,CH,CH-TI,,46.166322,9.1587962,Passo San Jorio,2024-07-20 06:01,6,1
L15499816,CH,CH-GR,,46.4108485,10.0271702,Passo del Bernina,2026-09-23 13:39,45,24
L5860419,CH,CH-VD,,46.4714434,7.1565628,Pays d'Enhaut (general area),2026-06-26 11:30,45,11
L4750665,CH,CH-TI,,46.1813755,8.7276936,Pedemonte,2026-06-07 06:07,48,7
L43520625,CH,CH-FR,,46.5484426,7.0584154,Petit Vanil Blanc,2025-04-26 07:00,53,1
L2597812,CH,CH-TG,,47.6865878,8.6788881,Petriwiese,2026-08-09 11:25,98,34
L18079099,CH,CH-BL,,47.453234,7.591973,Pfeffingen Castle,2026-09-23 14:29,71,66
L4510509,CH,CH-VS,,46.3034815,7.6199198,Pfynwald (zone générale),2026-09-25 14:45,93,25
L4510515,CH,CH-VS,,46.2926887,7.632494,Pfynwald--Bhutanbrücke & Illgraben,2026-08-12 10:30,58,16
L4505017,CH,CH-VS,,46.2995679,7.5746441,Pfynwald--Unterer Pfynwald,2026-09-27 08:30,92,50
L2713877,CH,CH-ZH,,47.3528965,8.780179,Pfäffikersee* general (use more precise loc.),2026-09-19 07:40,238,784
L4949492,CH,CH-ZH,,47.3640454,8.7811607,Pfäffikersee--Badi und Seepromenade,2026-09-10 18:04,88,57
L4949489,CH,CH-ZH,,47.36177,8.77063,Pfäffikersee--Giwizenweg,2026-09-10 17:35,93,41
L4949488,CH,CH-ZH,,47.3388227,8.7877321,Pfäffikersee--Robenhuserried,2026-09-19 07:40,235,580
L70944185,CH,CH-ZH,,47.3505969,8.7717262,Pfäffikersee--Ruetschbergweg,2026-09-10 16:38,60,7
L71912698,CH,CH-ZH,,47.3526031,8.7936774,Pfäffikersee--Ötschbüel,2026-09-10 18:25,57,4
L4750616,CH,CH-TI,,46.16469,8.91383,Piano di Magadino* general area (use more precise loc.),2026-09-05 08:50,223,860
L2713861,CH,CH-TI,,46.1676,8.94268,Piano di Magadino--Demanio fields,2026-07-17 09:12,172,142
L5281699,CH,CH-TI,,46.1729957,8.8824677,Piano di Magadino--Isella,2026-07-31 15:08,165,128
L4750580,CH,CH-TI,,46.16415,8.94539,Piano di Magadino--Lago Demanio,2026-09-05 08:50,163,275
L4750590,CH,CH-TI,,46.1663978,8.9026809,Piano di Magadino--Pizzante,2026-05-15 10:03,167,111
L4750591,CH,CH-TI,,46.15832,8.92921,Piano di Magadino--Ramello,2026-05-20 09:12,133,35
L3357292,CH,CH-TI,,46.16319,8.963,Piano di Magadino--Sant'Antonino fields,2026-05-07 09:00,164,91
L4750614,CH,CH-TI,,46.16786,8.98197,Piano di Magadino--campi di Giubiasco,2026-05-07 10:04,115,47
L9842366,CH,CH-VD,,46.390814,7.0458886,Pierre du Möellé,2026-08-22 13:17,58,12
L4958111,CH,CH-OW,,46.9796064,8.254407,Pilatus,2026-09-27 14:50,94,185
L50391195,CH,CH-GR,,46.6322732,8.6956358,Piz Cavradi,2025-07-23 08:00,3,1
L9649234,CH,CH-TI,,46.1407694,8.6770462,Pizzo Leone,2025-08-19 13:35,40,3
L4148145,CH,CH-TI,,46.2960691,9.0556526,Pizzo di Claro,2012-06-29 00:00,9,1
L4405058,CH,CH-VD,,46.519658,6.633435,Place St-François,2026-08-19 20:26,12,4
L5168426,CH,CH-VD,,46.5275127,6.3264084,Place d'Armes de Bière (restricted access),2026-06-07 13:14,86,15
L2438141,CH,CH-VD,,46.9053152,7.0495641,Plage d'Avenches,2026-05-26 13:24,60,11
L15898289,CH,CH-GE,,46.3038076,6.2411571,Plage d'Hermance,2026-04-09 09:01,40,5
L3883758,CH,CH-VD,,46.7845018,6.6545498,Plage d'Yverdon,2026-09-21 11:55,158,74
L20050867,CH,CH-NE,,46.9667677,6.8732142,Plage de Colombier,2026-03-02 17:50,34,2
L4535221,CH,CH-VD,,46.4188911,6.2899733,Plage de Gland,2026-04-16 15:50,75,22
L44295902,CH,CH-NE,,47.003429,6.9626498,Plage de Monruz,2026-07-22 18:42,23,2
L13428310,CH,CH-VD,,46.392611,6.2652218,Plage de Promenthoux,2025-08-05 16:05,3,0
L5216944,CH,CH-VD,,46.8161201,6.6610166,Plage de Repuis,2024-07-19 12:50,56,6
L8948581,CH,CH-VD,,46.473601,6.7840362,Plage de Rivaz,2026-08-01 10:16,45,7
L42046928,CH,CH-GE,,46.2740484,6.1712587,Plage de la Bécassine,2026-08-06 11:00,77,5
L4190315,CH,CH-VD,,46.4246428,6.2971026,Plage de la Dullive,2025-07-03 14:00,60,15
L4834578,CH,CH-GE,,46.2646146,6.2004948,Plage de la Savonnière,2026-02-23 14:53,83,27
L12483990,CH,CH-GE,,46.2105169,6.1666131,Plage des Eaux-vives,2026-09-13 19:09,142,249
L8012910,CH,CH-VD,,46.8055665,6.7360778,Plage du camping d'Yvonand,2026-05-13 10:56,89,8
L20050697,CH,CH-BE,,47.0607091,7.0912775,Plage et Port de la Neuveville,2026-09-26 08:00,66,184
L20050693,CH,CH-NE,,47.0527017,7.0744891,Plage et Port du Landeron,2026-08-24 12:00,91,136
L13335511,CH,CH-NE,,47.0102842,6.9795912,Plages et ports d'Hauterive et de Saint-Blaise,2026-06-24 18:31,78,23
L2078722,CH,CH-FR,,46.8569337,6.9858885,Plaine de Dompierre,2025-05-05 11:15,145,101
L5766090,CH,CH-VS,,46.1237009,7.1023607,Plaine de Fully/Martigny (general area),2026-05-14 16:02,119,14
L3666057,CH,CH-VS,,46.117588,7.0765257,Plaine de Fully/Martigny--Le Verney,2026-08-30 13:15,80,18
L10300227,CH,CH-VS,,46.1147453,7.0661885,Plaine de Fully/Martigny--Les Ciseaux,2025-11-05 09:59,41,5
L20703665,CH,CH-BE,,46.7545057,7.8924746,Plaine de Habkern (respectez les zones interdites),2026-08-16 08:05,63,3
L22764551,CH,CH-GE,,46.1989675,6.1411392,Plaine de Plainpalais,2026-03-03 16:40,14,6
L5168447,CH,CH-GE,,46.1631504,6.0768567,Plaine de l'Aire,2026-05-13 19:05,85,17
L10152210,CH,CH-ZH,,47.38063,8.53966,Platzspitz,2026-09-26 08:16,95,376
L5860418,CH,CH-VD,,46.4173809,7.0046049,Pointe d'Aveneyre,2025-05-04 22:01,35,2
L5844141,CH,CH-VS,,46.2576791,6.8874031,Pointe de Bellevue,2026-03-01 11:44,14,2
L11911292,CH,CH-FR,,46.4870285,7.1004042,Pointe de Cray,2021-07-31 15:42,37,2
L20050926,CH,CH-NE,,46.925795,6.8369722,Pointe du Grain,2023-08-15 12:33,7,1
L5099388,CH,CH-VD,,46.4787027,6.462155,Pointe du Suchet,2025-08-02 15:09,31,4
L1056225,CH,CH-GE,,46.2444733,6.1925125,Pointe à la Bise,2026-09-03 10:00,184,168
L4785220,CH,CH-GE,,46.203372,6.131793,Pont Sous-Terre,2026-09-06 16:00,67,42
L4834597,CH,CH-GE,,46.1957773,6.043725,Pont de Peney et Embouchure du Nant d'Avril,2026-08-13 13:57,91,19
L5528789,CH,CH-FR,,46.7887846,7.1560961,Pont de Perolles,2026-05-22 19:08,58,10
L926714,CH,CH-GE,,46.2879333,6.1719167,Port Choiseul,2026-06-14 14:10,79,28
L4834580,CH,CH-GE,,46.2140291,6.1711728,Port Noir,2026-06-27 12:44,69,37
L9055739,CH,CH-NE,,46.9717398,6.8772566,Port d'Auvernier,2026-08-20 09:36,62,115
L5168437,CH,CH-GE,,46.2529239,6.1928129,Port de Bellerive,2023-11-23 00:00,45,3
L5193637,CH,CH-NE,,46.9222778,6.8217212,Port de Bevaix,2024-04-28 00:00,30,1
L4695537,CH,CH-VD,,46.8987361,6.8986309,Port de Chevroux,2026-09-26 13:40,77,12
L6811409,CH,CH-FR,,46.8195332,6.7811286,Port de Cheyres,2025-02-20 16:23,75,22
L4216278,CH,CH-VD,,46.4411565,6.8839015,Port de Clarens,2025-10-12 14:11,34,8
L5126217,CH,CH-VD,,46.8487894,6.7201138,Port de Concise,2024-06-26 19:10,22,1
L4446340,CH,CH-VD,,46.314865,6.1931026,Port de Coppet,2026-04-11 12:29,52,16
L4446349,CH,CH-VD,,46.3479941,6.2086809,Port de Céligny,2025-11-29 13:24,71,8
L4446346,CH,CH-VD,,46.3340545,6.2030804,Port de Founex,2026-08-09 12:12,81,39
L6286106,CH,CH-VD,,46.8048184,6.6406989,Port de Grandson,2026-03-10 20:03,47,8
L17397338,CH,CH-VD,,46.3048275,6.1816501,Port de Mies,2025-07-24 09:11,18,3
L8348687,CH,CH-FR,,46.931762,7.1171157,Port de Morat,2026-09-26 19:29,50,15
L2442265,CH,CH-FR,,46.924328,6.9550401,Port de Portalban,2026-04-10 00:00,90,18
L3892144,CH,CH-VD,,46.5048763,6.6642702,Port de Pully,2026-09-23 08:25,63,20
L45355509,CH,CH-VS,,46.393222,6.805999,Port de Saint-Gingolph (CH),2025-05-16 09:06,13,1
L3995817,CH,CH-NE,,46.89044,6.77449,Port de St-Aubin,2024-07-20 07:29,30,3
L64001885,CH,CH-VD,,46.425575,6.922139,Port de Territet,2026-09-16 16:06,19,4
L2416357,CH,CH-GE,,46.2761693,6.171205,Port de Versoix et Embouchure de la Versoix,2026-09-10 07:47,73,32
L4417475,CH,CH-VD,,46.5119962,6.6069125,Port de Vidy,2026-07-28 16:49,67,26
L13428306,CH,CH-VD,,46.3911976,6.2573576,Port des Abériaux,2026-05-22 14:48,60,9
L4031955,CH,CH-GE,,46.2092102,6.1624289,Port des Eaux-Vives,2026-07-19 13:13,117,109
L3289598,CH,CH-VD,,46.5171333,6.5777689,Port des Pierrettes,2026-07-01 20:06,69,24
L13502635,CH,CH-VD,,46.4605407,6.3457046,Port des Vernes,2026-04-15 11:57,60,33
L13536464,CH,CH-VS,,46.3872383,6.8541979,Port du Bouveret,2025-11-22 15:54,54,10
L15684408,CH,CH-NE,,46.9391142,6.8527651,Port du Petit Cortaillod,2026-08-02 11:36,63,15
L2411026,CH,CH-FR,,46.9082153,6.9284775,Port et Canal de Gletterens,2026-09-26 14:40,181,177
L4682373,CH,CH-VD,,46.4589322,6.8413281,Port et Débarcadère de Vevey,2026-08-03 18:52,61,66
L5083253,CH,CH-VD,,46.5018116,6.6827238,Port et bord du lac de Lutry,2026-09-11 08:09,62,14
L4535225,CH,CH-VD,,46.3817396,6.2431955,Port et bord du lac de Nyon,2026-07-28 20:33,87,70
L4190310,CH,CH-VD,,46.4548006,6.3376522,Port et bord du lac de Rolle,2026-09-22 18:52,68,55
L5401883,CH,CH-FR,,46.8813737,6.8835247,Port militaire de Forel,2026-09-26 12:29,70,7
L4592786,CH,CH-TI,,46.1707108,8.8037868,Porto di Locarno e Parco giochi Al Burbaglio,2026-09-27 14:45,61,67
L7872138,CH,CH-VS,,46.2714785,7.4971605,Pramont,2026-08-03 16:03,46,7
L1166823,CH,CH-VD,,46.7921857,6.6425443,Promenade Robert Hainard,2026-09-26 10:20,229,674
L33807660,CH,CH-GE,,46.2000177,6.1522365,Promenade de l'Observatoire,2026-09-06 10:35,16,3
L10318447,CH,CH-FR,,46.9099892,7.0897436,Pré de la Blancherie,2021-01-20 16:00,18,3
L20050894,CH,CH-NE,,46.9527656,6.8680089,Prés d'Areuse/Grand Verger,2025-08-04 20:00,57,2
L27731168,CH,CH-BE,,47.1521182,7.1432662,Prés d'Orvin,2026-06-07 12:52,43,5
L29338535,CH,CH-GE,,46.2531168,6.286025,Prés de Villette et Bordons,2025-05-04 10:58,21,2
L20291595,CH,CH-BE,,47.2350119,7.1119229,Prés de la Montagne,2025-02-02 13:42,38,3
L28223179,CH,CH-GE,,46.2145451,6.1523707,Quai Wilson,2026-09-27 18:52,75,56
L4834579,CH,CH-GE,,46.2226323,6.1813116,Quai de Cologny,2026-01-29 11:30,84,60
L1433872,CH,CH-GE,,46.2110811,6.1597252,Rade de Genève (Geneva Bay)* general,2026-09-27 18:52,215,2029
L6226911,CH,CH-SG,,47.2164383,8.832808,Rapperswil--Busskirch,2026-09-15 18:25,171,46
L3098022,CH,CH-SG,,47.2205883,8.8120812,Rapperswil--Holzbrücke,2026-09-27 10:13,188,485
L4686432,CH,CH-SG,,47.2268873,8.811475,Rapperswil--Kloster,2026-08-16 13:23,119,133
L12847597,CH,CH-UR,,46.6099924,8.5349764,Realp-Zumdorf* general area (use more precise loc.),2026-08-12 20:28,112,125
L5298601,CH,CH-UR,,46.6011007,8.4964871,Realp-Zumdorf--Barnwald Realp,2026-07-20 10:21,73,22
L19233595,CH,CH-UR,,46.6081255,8.53969,Realp-Zumdorf--Chäsertal,2023-02-19 00:00,32,0
L24925021,CH,CH-UR,,46.601271,8.510475,Realp-Zumdorf--Diepelingen/Lieg,2026-07-04 12:00,64,17
L19865999,CH,CH-UR,,46.618995,8.5265986,Realp-Zumdorf--Rinbort,2025-07-10 10:28,35,2
L18325364,CH,CH-UR,,46.6060832,8.5234321,Realp-Zumdorf--Schmidigen,2026-06-21 09:20,85,26
L23266402,CH,CH-VD,,46.680095,6.2706614,Refuge du poteau,2025-06-18 15:02,6,1
L36208401,CH,CH-AG,,47.255694,8.166033,Reinacher Berg,2026-05-16 08:23,22,8
L4184304,CH,CH-BL,,47.4958605,7.6050925,Reinacherheide,2026-09-20 07:45,84,145
L5893010,CH,CH-BE,,46.5118895,7.262785,Rellerligrat,2026-04-04 15:42,42,7
L20427132,CH,CH-GE,,46.1521682,6.0760658,Retenue sur l'Aire,2026-04-11 14:59,10,2
L3287826,CH,CH-UR,,46.8996891,8.6116076,Reussdelta* general,2026-09-27 18:46,166,204
L26017674,CH,CH-UR,,46.8976155,8.6175804,Reussdelta--Allmeini (east),2026-09-27 18:46,72,14
L26017678,CH,CH-UR,,46.8910486,8.6072163,Reussdelta--Schwäb,2026-03-15 13:08,39,3
L26017676,CH,CH-UR,,46.8939971,8.6098267,Reussdelta--Wyer-Weiher (west),2026-09-20 14:08,85,24
L6233020,CH,CH-ZH,,47.5274638,8.7545388,Reutlinger Ried,2026-09-26 12:38,59,45
L4431962,CH,CH-SH,,47.6779738,8.6156045,Rheinfall,2026-09-18 18:11,100,130
L5086111,CH,CH-AG,,47.5688628,7.8097486,Rheinfelden--Gwild und Wasserkraftwerk,2026-09-10 00:00,89,50
L14165588,CH,CH-ZH,,47.5560959,8.5408071,Rhinsberg,2026-01-24 13:40,65,11
L5287406,CH,CH-TI,,46.1770335,8.8955086,Riazzino,2026-06-22 10:23,63,19
L21953317,CH,CH-VS,,46.3133964,8.0136885,Ried-Brig (stadt),2026-07-08 19:19,8,3
L14106061,CH,CH-ZH,,47.3578898,8.5305512,Rieterpark,2026-08-17 09:11,53,30
L23528253,CH,CH-ZH,,47.5234531,8.7671676,Riethofweiher,2026-04-18 12:46,76,16
L20747390,CH,CH-SZ,,47.0559874,8.4851575,Rigi,2026-09-24 12:20,76,70
L6507044,CH,CH-SZ,,47.0102549,8.5598946,Rigi Hochflue,2026-05-02 07:42,45,6
L3861814,CH,CH-VS,,46.3022215,6.9129217,Rigoles de Vionnaz,2026-05-15 16:39,124,38
L9591266,CH,CH-VS,,46.3689931,7.6484799,Rinderhütte,2025-06-01 09:16,36,5
L33540839,CH,CH-GR,,46.744139,9.802815,Rinerhorn,2026-06-19 08:56,45,6
L26017487,CH,CH-FR,,46.8213821,6.7859313,Rives de Cheyres et Port de la Lagune,2025-06-29 15:13,27,2
L29679145,CH,CH-NE,,46.9895784,6.9304526,Rives de Neuchâtel* general area (use more precise loc.),2026-07-13 17:09,39,23
L4197584,CH,CH-NE,,46.9904177,6.9376934,Rives de Neuchâtel--Jeunes rives,2026-09-07 07:08,90,125
L4446431,CH,CH-NE,,46.996368,6.9555849,Rives de Neuchâtel--Les Saars,2026-09-19 14:32,66,17
L20050857,CH,CH-NE,,46.9848197,6.913383,Rives de Neuchâtel--Plage de Serrière,2025-10-19 14:39,4,0
L20050860,CH,CH-NE,,46.980515,6.9037846,Rives de Neuchâtel--Port de Serrières,2026-09-12 09:35,22,1
L20050852,CH,CH-NE,,46.9892006,6.9256919,Rives de Neuchâtel--l'Evole,2026-04-10 18:42,37,8
L20050869,CH,CH-NE,,46.9632605,6.8736227,Robinson,2025-04-22 06:13,1,0
L27638306,CH,CH-VS,,46.1188669,7.6452814,Roc de la Vache,2023-10-22 09:57,8,1
L5860421,CH,CH-VD,,46.4159672,7.2082329,Rochers de Clé,2020-07-23 07:56,17,1
L3146524,CH,CH-VD,,46.4318287,6.976372,Rochers de Naye,2026-09-03 16:57,87,55
L2470376,CH,CH-TG,,47.5678252,9.3845344,Romanshorn--Hafengelände,2026-09-16 07:14,141,160
L28610154,CH,CH-TG,,47.5619179,9.3846416,Romanshorn--Werft Süd,2026-09-13 08:24,135,94
L4711312,CH,CH-LU,,47.1745158,8.2766747,Ronfeld,2026-09-14 18:17,96,23
L5165266,CH,CH-SG,,47.489659,9.512701,Rorschacher Burcht * general area (use more precise loc.),2026-09-05 12:23,127,66
L5165269,CH,CH-SG,,47.4794504,9.4924664,Rorschacher Burcht--Hafen,2026-09-05 12:23,88,39
L5165270,CH,CH-SG,,47.4830178,9.5357037,Rorschacher Burcht--Staad Speck,2026-08-09 12:31,108,25
L5080962,CH,CH-GE,,46.2100929,6.089462,Roselière du Bois des Fonds,2026-03-29 16:36,58,10
L11179094,CH,CH-SH,,47.7014639,8.7174685,Rossacker und Lööre,2018-02-09 00:00,46,3
L20393153,CH,CH-LU,,47.1130065,8.3499849,Rotbach,2026-07-02 10:41,39,3
L4164828,CH,CH-LU,,47.0693034,8.3137751,Rotsee,2026-09-16 11:42,82,63
L64300896,CH,CH-VS,,46.3102743,7.6080808,Rottensand,2026-06-28 06:20,71,11
L1783132,CH,CH-GR,,46.8060228,9.3212128,Ruin'Aulta,2026-08-26 15:57,62,14
L52553188,CH,CH-SH,,47.6800818,8.8383722,Ruine Wolkenstein,2026-05-15 22:02,23,1
L6323539,CH,CH-VD,,46.5165353,6.6011256,Ruines romaines de Vidy,2026-06-27 19:40,58,14
L11045892,CH,CH-ZH,,47.434373,8.621272,Ruinsberg,2026-05-24 06:29,94,31
L34845253,CH,CH-BE,,46.9833806,7.4503483,Rychebachwald,2026-05-08 10:06,27,2
L2688755,CH,CH-ZH,,47.3244814,8.7025452,Rällikerried,2026-09-26 18:55,193,389
L16325321,CH,CH-VD,,46.9421714,6.9866977,Réserve Naturelle des Grèves de la Motte,2026-09-10 14:24,82,12
L4446326,CH,CH-GE,,46.1795778,6.0235387,Réserve Naturelle du Moulin de Vert,2026-08-22 11:06,123,60
L10964679,CH,CH-VD,,46.392796,6.1385036,Réserve naturelle En Bucley,2026-07-17 22:00,102,175
L29338541,CH,CH-GE,,46.2496744,6.3043284,Réserve naturelle Les Arales,2024-02-18 12:45,16,1
L2154983,CH,CH-GE,,46.3580281,6.1831677,Réserve naturelle Les Bondex,2026-08-08 15:30,75,95
L44279848,CH,CH-GE,,46.18874,6.03439,Réserve naturelle du Bois de Treulaz,2026-04-16 17:30,52,1
L11179024,CH,CH-SH,,47.6757858,8.6210977,Röti am Rhein,2026-08-23 10:58,61,21
L11188842,CH,CH-SH,,47.6880721,8.4429441,Rötiberg und Stumpi,2026-08-07 07:30,95,39
L7483684,CH,CH-SH,,47.5861037,8.5737455,"Rüdlingen, Alter Rhein",2026-07-18 10:28,110,32
L10300228,CH,CH-VS,,46.2620848,6.9698378,STEP de Monthey,2026-03-22 17:51,17,1
L4282743,CH,CH-VS,,46.0948106,7.9575309,Saas-Almagell,2026-07-02 10:50,59,7
L4940392,CH,CH-VS,,46.1090645,7.9295969,Saas-Fee (city),2026-09-13 09:27,87,38
L5844179,CH,CH-VS,,46.192725,7.9039335,Saastal,2022-09-25 11:31,26,0
L5168422,CH,CH-VD,,46.5961321,6.2266302,Sagne du Campe,2026-06-14 11:07,76,8
L5844196,CH,CH-VS,,46.2165452,7.1396971,Saille,2016-10-16 16:00,11,0
L5163401,CH,CH-VD,,46.4741847,6.4494306,Saint-Prex--Pierre de Coulet,2025-10-31 14:21,39,3
L12751885,CH,CH-VS,,45.98664,7.0864247,Saleina,2019-03-24 10:27,8,1
L24961925,CH,CH-TG,,47.55371,9.134666,Sangen-Mühlifang,2026-09-21 12:20,18,2
L6841320,CH,CH-OW,,46.8680548,8.218503,Sarnersee,2026-09-18 11:43,74,30
L22068009,CH,CH-TG,,47.6877164,8.7041332,Schaarenwald (allgemeinen Bereich),2026-08-01 11:53,86,7
L5165245,CH,CH-BE,,46.7458159,7.6373649,Schadau,2026-08-22 10:48,58,36
L7649709,CH,CH-FR,,46.654989,7.3678887,Schafarnisch,2018-06-30 09:11,36,1
L11194322,CH,CH-SH,,47.6966117,8.6334552,Schaffhausen Stadt,2026-09-05 13:21,91,49
L2597372,CH,CH-SH,,47.6953999,8.6419058,Schaffhausen--Lindli,2026-08-13 15:45,70,25
L11188943,CH,CH-SH,,47.7733024,8.5940418,Schaffhauser Randen (general area),2026-09-05 09:03,123,104
L11179181,CH,CH-SH,,47.7838758,8.6048736,Schaffhauser Randen--Bargemer Randen,2020-10-05 00:00,46,0
L11176517,CH,CH-SH,,47.7938337,8.6150989,Schaffhauser Randen--Chiibacker,2021-11-08 00:00,52,0
L11192526,CH,CH-SH,,47.7373263,8.595687,Schaffhauser Randen--Chlooschterfäld,2026-05-25 19:38,40,3
L11176452,CH,CH-SH,,47.7054085,8.6023674,Schaffhauser Randen--Eschheimertal,2025-12-15 09:47,91,41
L11192525,CH,CH-SH,,47.774055,8.5676127,Schaffhauser Randen--Hagenturm,2026-09-02 14:45,67,5
L11179053,CH,CH-SH,,47.7705245,8.607888,Schaffhauser Randen--Laadel,2026-05-30 15:10,31,2
L13744132,CH,CH-SH,,47.7214422,8.5341903,Schaffhauser Randen--Siblinger Randenturm,2025-10-27 12:53,49,14
L11196450,CH,CH-SH,,47.8023885,8.6047388,Schaffhauser Randen--Wolfbüel,2026-09-05 09:03,103,25
L33496866,CH,CH-GR,,46.801489,9.814842,Schatzalp,2026-07-27 12:45,52,23
L61215482,CH,CH-SO,,47.3357795,7.5817731,Scheltenpass,2026-03-28 08:32,18,2
L925944,CH,CH-BE,,46.5571045,7.8353816,Schilthorn,2026-09-19 08:30,56,58
L2287650,CH,CH-SG,,47.4784316,9.5304278,Schloss Wartegg,2026-07-17 18:27,49,9
L5216669,CH,CH-TG,,47.644581,9.2120824,Schlössli,2026-08-23 17:46,86,5
L20292450,CH,CH-LU,,47.055016,8.36353,Schlössliried,2026-08-24 12:30,48,16
L3201000,CH,CH-SG,,47.2210674,8.9405456,Schmerikon,2026-08-15 11:05,178,51
L5165243,CH,CH-BE,,46.7391106,7.5724339,Schmittmoos,2026-05-02 13:48,31,1
L4916843,CH,CH-LU,,46.8433445,7.9855156,Schrattenfluh,2026-08-01 12:50,85,27
L14879800,CH,CH-ZH,,47.3235051,8.5940852,Schubelweiher,2026-07-27 16:27,53,16
L5603342,CH,CH-FR,,46.6654304,7.2808671,Schwartzsee,2026-08-13 08:06,71,20
L17976374,CH,CH-BS,,47.5497972,7.618804,Schwarz Park,2026-06-02 19:49,33,6
L33880223,CH,CH-GR,,46.845608,9.869805,Schwarzsee Laret,2026-08-20 12:20,46,6
L14781651,CH,CH-SG,,47.1872412,9.3312981,Schwendiseen,2025-10-09 16:59,83,21
L3819585,CH,CH-BE,,46.6563587,7.9074955,Schynige Platte,2026-09-20 09:49,67,38
L20427185,CH,CH-LU,,47.1510629,8.3122864,Schönfelweiher,2023-05-30 15:21,1,0
L16711354,CH,CH-SH,,47.7236306,8.8064958,Schüppelwise & Feuchtgebiet,2026-04-26 10:32,96,24
L17658762,CH,CH-BS,,47.5517958,7.574451,Schützenmatt Park,2026-09-21 14:10,38,38
L24446119,CH,CH-ZH,,47.5190397,8.7168446,Schützenweiher,2026-09-26 13:57,52,13
L20427119,CH,CH-ZG,,47.1646692,8.5135245,Seebad Seeliken,2026-08-26 14:01,75,24
L19209550,CH,CH-ZH,,47.3602556,8.5563538,Seeburgpark,2026-02-25 08:55,21,2
L3041642,CH,CH-ZH,,47.3626455,8.5467625,Seefeldquai,2026-09-17 17:39,95,412
L4711233,CH,CH-AG,,47.3185897,8.2057625,Seenger Moos,2026-01-04 10:16,68,12
L5165267,CH,CH-TG,,47.5203308,9.4329858,Seepark Arbon,2026-09-27 12:11,128,38
L20050505,CH,CH-BE,,47.0404674,7.1046945,Seestrandweg (Erlach-Vinelz),2026-09-05 15:17,39,3
L2722686,CH,CH-TG,,47.62227,9.30926,Seetaucherstrecke (Münsterlingen to Uttwil) * general (use more precise loc.),2026-09-13 14:12,176,485
L3409714,CH,CH-TG,,47.6238496,9.2698002,Seetaucherstrecke--Altnau,2026-09-13 14:12,121,97
L1810065,CH,CH-TG,,47.6112553,9.2966437,Seetaucherstrecke--Güttingen,2026-09-13 13:41,152,133
L5109601,CH,CH-TG,,47.5962376,9.3227041,Seetaucherstrecke--Kesswil,2026-09-13 13:00,135,89
L5216681,CH,CH-TG,,47.6280167,9.2529452,Seetaucherstrecke--Landschlacht,2026-04-02 09:45,102,13
L1810061,CH,CH-TG,,47.5862234,9.3451595,Seetaucherstrecke--Uttwil,2026-04-02 09:56,122,116
L41326231,CH,CH-BE,,46.9233697,7.4842352,Selhofenzopfen,2026-05-31 08:46,62,4
L16471808,CH,CH-BE,,46.7315956,7.4387097,Selibüel,2026-04-25 11:22,59,26
L66612227,CH,CH-SO,,47.19649,7.46595,Selzacherwiti,2026-07-17 11:30,9,0
L6314170,CH,CH-SO,,47.1894354,7.4574101,Selzacherwiti--Altreu Insel,2026-08-10 06:05,98,14
L42705355,CH,CH-LU,,47.1267631,8.1854528,Sempach* general (use more precise loc.),2026-09-25 12:34,229,1420
L5126271,CH,CH-LU,,47.1346513,8.1890523,Sempach--Festhalle,2026-09-12 09:18,166,478
L5126269,CH,CH-LU,,47.1200448,8.1849539,Sempach--Schlichti,2026-09-17 08:40,219,617
L21595508,CH,CH-LU,,47.1263705,8.1937141,Sempach--Schweizerische Vogelwarte (office),2026-09-25 10:16,94,109
L42705334,CH,CH-LU,,47.1253593,8.1899321,Sempach--Seeland Camping,2026-09-25 12:34,99,82
L5126270,CH,CH-LU,,47.1279215,8.1919438,Sempach--Vogelwarte Visitor Center,2026-09-25 12:29,150,126
L43228120,CH,CH-BE,,46.6936042,7.8847785,Sendli,2026-09-12 09:07,54,17
L22054404,CH,CH-FR,,46.8150021,6.7775467,Sentier Port de Cheyres à Crevel,2026-06-18 14:00,39,3
L44089638,CH,CH-VD,,46.5230041,6.5462797,Sentier de la Venoge,2026-05-03 10:40,42,9
L5517436,CH,CH-FR,,46.7319981,7.0156181,Sentier de la zone alluviale,2026-04-08 08:10,16,2
L31890406,CH,CH-VS,,46.122288,7.0723414,Sentier des Follatères,2026-05-22 09:27,54,7
L31202821,CH,CH-NE,,46.9958558,6.7372584,Sentier didactique des Tourbières,2026-07-02 08:48,59,21
L38794228,CH,CH-TI,,46.0048615,8.9983606,Sentiero di Gandria,2026-09-19 15:57,43,13
L18021449,CH,CH-NE,,47.0815927,7.0399387,Serroue,2022-03-06 11:00,6,1
L37142680,CH,CH-VS,,46.2564435,7.2637751,Sex Riond,2024-10-05 08:45,28,1
L4512950,CH,CH-VS,,46.2069753,7.2394699,Sex de Gru,2026-09-01 11:00,109,230
L3674200,CH,CH-GR,,46.9890061,9.5508528,Siechenstuden,2026-09-21 13:14,119,150
L9518823,CH,CH-GE,,46.1684883,6.0685792,Signal de Bernex,2025-08-07 16:26,33,2
L10430857,CH,CH-VD,,46.4902412,6.3624657,Signal de Bougy (migration),2026-09-26 10:51,88,11
L10658697,CH,CH-ZH,,47.2653103,8.5539293,Sihlwald,2026-09-23 17:25,76,51
L53067506,CH,CH-SZ,,46.9923835,8.8994998,Silberen,2026-08-23 05:31,36,8
L5148783,CH,CH-GR,,46.417269,9.7313118,Silsersee,2026-09-16 07:44,91,40
L4079563,CH,CH-GR,,46.4480296,9.7913933,Silvaplanersee,2026-08-23 14:31,82,35
L4951773,CH,CH-VS,,46.2505907,8.0321592,Simplonpass,2026-08-15 10:00,73,36
L20769097,CH,CH-VS,,46.2331299,7.3606065,Sion (stadt),2026-08-02 15:40,50,17
L29763779,CH,CH-AG,,47.543228,7.995931,Sisseln,2026-07-02 09:18,34,4
L15902200,CH,CH-BL,,47.487223,7.5793862,Skulpturenweg Reinach,2026-08-23 10:33,36,3
L48045188,CH,CH-SO,,47.2063372,7.5392607,Solothurn Stadt,2026-09-05 06:31,63,8
L25884008,CH,CH-JU,,47.3668767,7.3213254,Sous-les-Troyers,2024-02-14 15:18,25,2
L16981610,CH,CH-ZH,,47.3857912,8.523556,Spielplatz Josefswiese,2026-09-17 19:30,49,206
L17649042,CH,CH-BS,,47.5584138,7.6095986,Spielplatz Solitude,2026-09-24 14:40,36,17
L5165246,CH,CH-BE,,46.6877202,7.6882839,Spiez Bucht,2026-09-06 14:01,64,32
L4747919,CH,CH-BE,,46.6932397,7.6818466,Spiezberg,2026-08-15 11:00,69,12
L18996266,CH,CH-BS,,47.5531138,7.604084,St. Alban Tor Park,2026-08-28 20:24,41,56
L5148791,CH,CH-GR,,46.494079,9.8459816,St. Moritzersee,2026-09-23 18:14,101,131
L24985778,CH,CH-GR,,46.6668146,9.5610452,St. Peter Mistail,2026-05-25 06:08,40,5
L3127868,CH,CH-BE,,47.059335,7.1289039,St. Peterinsel* general,2026-09-05 13:02,102,23
L20050658,CH,CH-BE,,47.072694,7.1448469,St. Peterinsel--Chloster (Nord),2026-09-05 13:00,43,4
L20050667,CH,CH-BE,,47.0518793,7.1138191,St. Peterinsel--Heidenweg (Süd),2026-09-05 13:02,61,7
L69343596,CH,CH-FR,,46.949442,7.130599,Staatswald Chablais,2026-09-25 10:43,64,2
L36500488,CH,CH-SG,,47.4675862,9.0477562,Stadtweier Wil,2026-06-24 20:48,24,6
L11770531,CH,CH-SG,,47.2061088,8.9761815,Staffelried,2026-08-30 14:17,100,16
L5274817,CH,CH-NW,,46.9849386,8.3217144,Stansstader Bucht,2026-09-11 16:26,39,17
L5279711,CH,CH-NW,,46.9689495,8.3362627,Stansstader Ried,2026-07-21 11:35,29,8
L44296053,CH,CH-VD,,46.8122193,6.6539083,Station de pompage de Grandson
L19866107,CH,CH-GR,,46.6354493,8.7124425,Staudamm Lai da Curnera,2025-03-13 11:54,22,1
L5148792,CH,CH-GR,,46.4960879,9.8687267,Stazersee,2026-06-18 12:09,55,26
L2385158,CH,CH-GR,,46.5005192,9.8663235,Stazerwald,2026-04-19 09:58,68,31
L4067663,CH,CH-TG,,47.6659148,8.9780241,Steckborn--Feldbach,2025-12-29 13:20,58,10
L4951888,CH,CH-SH,,47.6602243,8.8562733,Stein am Rhein--Altstadt,2026-06-30 09:22,74,42
L2772086,CH,CH-SG,,47.5098963,9.4447231,Steinacher Bucht* general (use more precise loc.),2026-09-26 15:56,185,581
L27300656,CH,CH-TG,,47.5069807,9.4361254,Steinacher Bucht--Aachmündung,2026-09-26 15:56,149,145
L5165265,CH,CH-TG,,47.5128964,9.439863,Steinacher Bucht--Schlosshafen,2026-09-26 11:41,131,113
L5165268,CH,CH-SG,,47.5032359,9.4482315,Steinacher Bucht--Steinachmündung,2026-09-13 10:46,126,108
L14125272,CH,CH-SO,,47.3335586,7.8875828,Steinbruch Born,2025-06-28 09:31,18,2
L14193792,CH,CH-SH,,47.7573497,8.6809775,Steinbruch Löör,2024-04-16 11:06,44,8
L5279707,CH,CH-LU,,47.0120984,8.3136892,Steinibachried,2026-09-14 14:33,80,18
L33676634,CH,CH-ZH,,47.19578,8.689451,Sternensee,2026-08-02 15:22,45,6
L3496427,CH,CH-AG,,47.3148391,8.3678055,Stille Reuss,2026-09-23 07:44,175,473
L4823203,CH,CH-FR,,46.8277661,7.1931481,Stockera Wald,2021-08-13 11:59,18,5
L4951767,CH,CH-BE,,46.6939572,7.5373319,Stockhorn,2026-07-18 08:06,63,14
L9583551,CH,CH-SZ,,46.977756,8.667773,Stoos,2026-09-26 09:22,57,38
L5165257,CH,CH-TG,,47.5269963,9.41921,Strandbad Buchhorn,2026-09-26 14:25,125,12
L20050565,CH,CH-BE,,47.124768,7.2317076,Strandbad Nidau,2026-08-02 07:30,21,2
L5844144,CH,CH-VS,,46.147551,6.9499254,Sulanfe,2026-07-04 10:23,35,6
L34964011,CH,CH-GR,,46.4388586,9.772948,Suot l'Ova,2026-07-26 17:18,61,20
L18025747,CH,CH-GR,,46.817025,10.363334,Sur En,2026-07-13 09:20,90,29
L25861905,CH,CH-JU,,47.3744345,7.3357166,Sur-la-Charreratte,2026-09-15 21:18,40,4
L5844143,CH,CH-VS,,46.136787,6.892333,Susanfe,2025-06-21 07:53,18,2
L2749456,CH,CH-GR,,46.6671091,10.1934242,Swiss National Park,2026-09-10 17:08,100,212
L3074743,CH,CH-GR,,46.663143,10.2140079,Swiss National Park--Il Fuorn Pass,2026-09-09 08:31,55,37
L6649374,CH,CH-GR,,46.6739411,10.239923,Swiss National Park--Margunet,2026-09-04 10:15,60,40
L51020149,CH,CH-GR,,46.6451938,10.210762,Swiss National Park--Munt la Schera,2026-08-23 13:14,47,11
L20270801,CH,CH-GR,,46.6604684,10.134803,Swiss National Park--Murtersattel,2026-09-08 08:00,40,12
L19233669,CH,CH-GR,,46.6563949,10.1191683,Swiss National Park--Val Cluozza,2026-08-18 07:45,63,21
L18224006,CH,CH-GR,,46.6677918,10.0732603,Swiss National Park--Val Tantermozza,2024-04-07 11:31,21,2
L11681698,CH,CH-GR,,46.6042183,10.0564511,Swiss National Park--Val Trupchun,2026-09-07 10:14,66,44
L4951771,CH,CH-SG,,47.2491812,9.3429065,Säntis Gipfel,2026-08-09 18:49,51,34
L37194693,CH,CH-VD,,46.5503097,6.2191147,Sèche des Amburnex,2026-06-14 14:45,54,15
L5844205,CH,CH-VS,,46.3482014,7.2898793,Sénin,2026-08-22 17:40,17,1
L2069153,CH,CH-VS,,46.3162878,7.6665688,Südhang Brentjong-Rotafen* general area,2026-07-27 09:51,142,374
L4617794,CH,CH-VS,,46.3197556,7.6481366,Südhang Brentjong-Rotafen--Brentjong,2026-06-21 17:00,113,100
L4617795,CH,CH-VS,,46.3131754,7.67461,Südhang Brentjong-Rotafen--Hohe Brücke,2026-07-27 09:51,114,199
L18037209,CH,CH-GR,,46.4813676,9.9029997,Tais,2026-06-27 09:44,55,16
L11176133,CH,CH-SH,,47.671617,8.4259827,Talhof und Holzloch,2026-04-16 06:24,71,11
L36422801,CH,CH-GR,,46.6727632,10.3551292,Tamangur,2026-07-23 08:09,18,1
L64041456,CH,CH-VS,,46.0638314,7.7938927,Taschalp,2026-05-05 12:00,13,2
L5832787,CH,CH-UR,,46.933187,8.613683,Tellsplatte,2026-07-27 10:27,32,4
L4031987,CH,CH-GE,,46.180395,6.0148001,Teppes de Verbois,2026-09-26 13:01,152,195
L68868255,CH,CH-ZH,,47.1806344,8.6384203,Teufenbachweiher,2026-06-03 19:04,20,2
L14208314,CH,CH-ZH,,47.2946213,8.570044,Thalwil Hafen,2026-08-21 19:06,62,44
L7658278,CH,CH-BE,,46.7578568,7.6283741,Thun Stadt,2026-09-12 18:30,59,43
L4504995,CH,CH-BE,,46.747595,7.586832,Thuner Allmend,2026-09-05 10:56,83,13
L3088849,CH,CH-ZH,,47.5952188,8.606533,Thurauen Naturschutzgebiet,2026-09-22 15:10,125,69
L74677244,CH,CH-UR,,46.592903,8.4617472,Tiefenbach,2026-07-27 14:12,2,1
L9648804,CH,CH-UR,,46.5928366,8.4612483,Tiefenbach,2026-08-07 18:30,46,25
L3185776,CH,CH-ZH,,47.3491022,8.5603666,Tiefenbrunnen Zürich,2026-07-23 18:30,58,48
L20394042,CH,CH-AG,,47.5801155,8.2815456,Tierpark Bad Zurzach (please do not report captive bird)),2022-06-08 14:30,14,0
L10032326,CH,CH-BE,,46.7720429,8.4377274,Titlis,2025-06-22 14:15,8,5
L10229776,CH,CH-OW,,46.7720848,8.4376717,Titlis,2026-09-26 16:10,42,14
L6841424,CH,CH-GR,,46.6332162,8.6730731,Tomasee,2026-09-03 08:44,29,4
L6430365,CH,CH-GL,,47.1666897,9.0071207,Torfstichsee,2026-09-01 10:23,24,4
L2363846,CH,CH-VD,,46.3721948,7.0020863,Tour d'Aï,2026-08-02 09:59,75,19
L5860415,CH,CH-VD,,46.3838637,7.0239437,Tour de Famelon,2026-08-12 08:33,54,8
L44295704,CH,CH-BE,,47.2256731,7.0492892,Tourbière de La Chaux-des-Breuleux,2026-08-16 16:03,45,2
L5037656,CH,CH-VD,,46.5672845,6.8937063,Tourbière de La Rogivue,2026-01-02 10:30,88,30
L30021972,CH,CH-VS,,46.1617165,7.2832274,Tracouet,2026-08-08 10:17,47,7
L10483319,CH,CH-LU,,47.1726241,8.1245386,Triechter,2026-07-31 08:41,127,54
L25603416,CH,CH-NW,,46.7936598,8.3908134,Trübsee,2026-08-14 09:26,56,26
L5860413,CH,CH-BE,,46.3955486,7.2217512,Tschärzis,2026-08-27 12:55,23,3
L6165985,CH,CH-VS,,46.0448804,7.7892637,Tufteralp,2026-05-23 18:11,26,3
L64431515,CH,CH-VS,,46.30408,7.7848421,Turtiggrund,2026-07-23 18:39,22,1
L5844178,CH,CH-VS,,46.2107248,7.7052355,Turtmanntal,2026-07-25 15:45,42,5
L17919798,CH,CH-BE,,47.101909,7.1774743,Twann (zone cotière),2026-08-04 00:00,42,68
L20050745,CH,CH-BE,,47.1014469,7.1412849,Twannbachschlucht,2026-06-06 11:24,40,5
L21187449,CH,CH-SG,,47.2370381,8.8497027,Tägernauweiher,2026-05-20 00:00,59,1
L15559806,CH,CH-VS,,46.0689206,7.7762666,Täsch,2026-09-17 12:13,58,14
L22358706,CH,CH-ZH,,47.269061,8.501811,Türlersee,2026-08-06 10:41,77,22
L4937017,CH,CH-LU,,46.9592076,8.025223,UNESCO Entlebuch Biosphere (general area),2025-08-26 18:42,67,13
L5165242,CH,CH-BE,,46.7339488,7.5651598,Uebeschisee,2025-10-19 10:36,7,2
L2735708,CH,CH-ZH,,47.3494366,8.4917557,Uetliberg,2026-09-25 15:35,83,131
L4976768,CH,CH-BL,,47.3802393,7.6578301,Ulmethöchi,2026-09-11 10:55,69,28
L5766107,CH,CH-VS,,46.3026217,7.815721,Undri/Obriblagere,2026-01-13 10:45,46,3
L3041649,CH,CH-ZH,,47.3751509,8.5506463,Universitätsspital Park,2026-09-01 19:55,45,28
L3292272,CH,CH-VD,,46.5205146,6.5744805,Université de Lausanne/EPFL,2026-08-05 09:21,84,64
L11196987,CH,CH-ZH,,47.6370726,8.7945407,Unter- und Oberstammheim,2026-06-11 10:05,113,130
L11223241,CH,CH-TG,,47.679513,9.0156736,Untersee (Mannenbach to Steckborn)* general area (use more precise loc.),2020-11-25 15:00,5,0
L11176506,CH,CH-TG,,47.6735462,9.0321784,Untersee--Eschlibüüge,2026-07-03 14:43,47,2
L11176091,CH,CH-TG,,47.6745154,9.0484469,Untersee--Mannenbach-Salenstein,2025-04-22 17:59,81,3
L11179031,CH,CH-TG,,47.6723492,9.0112238,Untersee--Nööchsthorn-Wis,2026-03-20 12:05,43,2
L28650224,CH,CH-BE,,47.212551,7.832874,"Untersteckholz, Langenthal (brambling winter roost)",2024-11-25 10:54,34,6
L3480378,CH,CH-TI,,46.3882079,8.5401106,Val Bavona,2026-04-25 14:22,46,4
L41327867,CH,CH-GR,,46.5613155,9.8164025,Val Bever,2026-07-27 10:31,53,13
L35980794,CH,CH-GR,,46.257866,9.221991,Val Cama,2024-08-17 07:00,12,1
L47210557,CH,CH-GR,,46.5566939,9.9516492,Val Chamuera,2026-09-19 08:38,35,6
L5165653,CH,CH-VS,,46.2839699,7.2302914,Val Derborence (general area),2026-09-01 10:29,62,6
L1416989,CH,CH-GR,,46.407934,9.7457865,Val Fedoz,2026-07-23 17:37,42,9
L5844153,CH,CH-VS,,45.9704812,7.1157503,Val Ferret,2026-09-24 14:26,53,17
L1416979,CH,CH-GR,,46.4141927,9.76527,Val Fex,2026-08-25 11:25,82,80
L34752926,CH,CH-GR,,46.3671867,9.7143173,Val Forno,2025-12-30 08:51,9,2
L4860152,CH,CH-GR,,46.4871652,9.9287224,Val Languard,2026-09-08 09:13,52,18
L25048083,CH,CH-GR,,46.4483242,9.9412198,Val Morteratsch,2026-09-13 00:00,65,33
L1794106,CH,CH-TI,,46.5466382,8.7220649,Val Piora,2026-08-05 19:28,95,66
L12745598,CH,CH-GR,,46.4388329,9.8712051,Val Roseg,2026-09-05 13:47,69,35
L12847596,CH,CH-GR,,46.8509466,10.3371906,Val Sinestra,2026-08-02 10:11,53,11
L5844168,CH,CH-VS,,46.0448804,7.489028,Val d'Arolla,2026-08-25 11:10,63,25
L5844155,CH,CH-VS,,46.0260218,7.0798945,Val d'Arpette,2026-07-15 15:51,40,4
L5844158,CH,CH-VS,,45.9748955,7.2013235,Val d'Entremont,2026-01-01 15:30,25,4
L925949,CH,CH-VS,,46.196468,6.8939209,Val d'Illiez,2026-09-24 08:37,54,11
L5844159,CH,CH-VS,,46.0401142,7.2916174,Val de Bagnes,2026-08-23 07:03,67,8
L5844169,CH,CH-VS,,46.1284598,7.5705671,Val de Moiry,2026-08-27 15:03,55,22
L5844140,CH,CH-VS,,46.2360808,6.8565202,Val de Morgins (general area),2025-08-12 09:45,29,1
L5844161,CH,CH-VS,,46.1457671,7.3168516,Val de Nendaz,2026-02-21 11:08,22,2
L5844171,CH,CH-VS,,46.1570644,7.6178598,Val de Zinal,2025-06-11 08:25,56,4
L5844201,CH,CH-VS,,46.2592295,7.1964312,Val de la Derbonne,2026-07-27 06:46,10,1
L5844163,CH,CH-VS,,46.1197149,7.3943567,Val de'Herémence,2026-07-28 11:36,15,1
L5844164,CH,CH-VS,,46.1500485,7.4578714,Val de'Hérens,2026-05-16 10:30,72,5
L5372244,CH,CH-TI,,46.4610811,8.9206257,Val di Blenio,2024-12-30 10:42,84,48
L4147058,CH,CH-TI,,46.198472,8.6142568,Valle Onsernone,2025-05-26 11:46,46,6
L3453303,CH,CH-TI,,45.8823607,9.0358686,Valle di Muggio,2023-08-25 13:00,5,0
L11981509,CH,CH-BE,,46.7306417,7.7900548,Valley Justistal,2026-09-27 11:24,53,7
L5844146,CH,CH-VS,,46.1113257,6.9608259,Vallon d'Emaney,2024-08-11 10:19,15,1
L6177187,CH,CH-VD,,46.2281843,7.0990992,Vallon de Nant,2026-09-20 07:49,66,11
L21258587,CH,CH-VS,,46.1775066,7.5008808,Vallon de Réchy,2025-05-31 18:33,14,3
L50486260,CH,CH-GE,,46.215981,5.9955311,Vallon de l'Allondon,2026-08-30 09:58,29,4
L4745711,CH,CH-FR,,46.5385543,7.1669483,Vallon des Morteys,2024-08-10 11:00,65,5
L4064478,CH,CH-FR,,46.6145903,7.2148955,Vallée de Charmey,2022-07-15 17:00,32,3
L10017527,CH,CH-VD,,46.5202414,6.6046178,Vallée de la Jeunesse,2026-03-20 16:23,7,3
L4745712,CH,CH-VD,,46.5284243,7.1483392,Vanil Noir,2024-09-20 10:00,37,5
L3695630,CH,CH-TI,,46.1966277,8.8488811,Verzasca dam,2026-09-06 18:16,34,18
L27539847,CH,CH-FR,,46.8260082,7.1674848,Viaduc de Grandfey,2026-05-20 16:14,67,6
L3884517,CH,CH-NE,,47.0492,7.04794,Vieille Thielle,2026-09-01 16:00,154,236
L15306568,CH,CH-BE,,46.9626601,7.4369609,Viererfeld,2026-07-15 07:34,30,6
L38531557,CH,CH-BE,,47.0704788,7.1015665,Vigne de La Neuveville,2026-04-25 13:58,24,2
L15305015,CH,CH-BE,,47.0883634,7.1395536,Vignoble de Ligerz,2026-06-06 08:31,60,6
L52551733,CH,CH-VS,,46.3765584,8.0161572,Villa Cassel,2026-09-06 07:30,52,15
L39305780,CH,CH-JU,,47.3651081,7.1575996,Village de Saint-Ursanne,2026-02-08 12:24,42,8
L9758866,CH,CH-VD,,46.7786426,6.6412407,Ville d'Yverdon-les-Bains,2026-09-26 10:00,117,27
L5108612,CH,CH-BE,,47.1368408,7.2463953,Ville de Bienne/Biel Stadt,2026-09-21 00:00,53,7
L4832513,CH,CH-FR,,46.8064046,7.1616268,Ville de Friburg/Freiburg Stadt,2026-09-19 11:11,78,51
L4493081,CH,CH-GE,,46.20428,6.1429453,Ville de Genève (City of Geneva)* general,2026-09-27 10:17,130,664
L4507674,CH,CH-VD,,46.51946,6.63104,Ville de Lausanne (city of Lausanne)* general area (use more precise loc.),2026-09-26 00:00,115,328
L6529936,CH,CH-VS,,46.1049585,7.0754743,Ville de Martigny,2026-07-31 17:20,36,5
L4507673,CH,CH-VD,,46.4311726,6.9109154,Ville de Montreux,2026-09-19 19:52,110,117
L4897035,CH,CH-ZG,,47.1761202,8.4812951,Vogelinsel alte Lorzemündung,2026-09-24 11:18,144,69
L6375798,CH,CH-BE,,47.2270585,7.7188182,Vogelraupfi,2026-09-08 15:10,94,27
L49436569,CH,CH-ZH,,47.386365,8.6855078,Volketswil Griespark,2026-05-23 14:04,25,3
L67223571,CH,CH-SO,,47.29553,7.56394,Vorder Brandberg,2026-08-29 13:46,32,1
L11770305,CH,CH-SG,,47.164838,9.19779,Vorder Höhi,2026-09-27 11:32,86,64
L18005906,CH,CH-GR,,46.786952,10.287829,Vulpera,2026-07-14 10:00,25,11
L7483862,CH,CH-SH,,47.6944087,8.4410191,Waatelen,2026-09-07 07:30,78,16
L22762118,CH,CH-SO,,47.4690682,7.6753607,Wacht Gempen,2026-05-17 14:08,58,34
L3668665,CH,CH-VS,,46.3292096,7.6486301,Waldbrand-Gebiet Leuk* general area (use more precise loc.),2026-08-09 08:33,116,179
L7437686,CH,CH-VS,,46.3236085,7.638824,Waldbrand-Gebiet Leuk--Bannwald,2026-07-18 17:58,103,79
L7715841,CH,CH-VS,,46.3321136,7.6513124,Waldbrand-Gebiet Leuk--Hohwald,2026-08-09 08:33,91,57
L61284371,CH,CH-SO,,47.3451913,7.9289103,Waldweiher Starrkirch-Wil
L4860145,CH,CH-SG,,47.1255243,9.302153,Walensee park,2026-08-30 12:08,64,20
L26249942,CH,CH-FR,,46.8701307,7.1116566,Wallenried Golf,2024-03-29 00:00,41,2
L4745715,CH,CH-BE,,46.6472266,7.3294258,Walop (general area),2026-05-30 11:00,72,10
L5424891,CH,CH-SO,,47.2304633,7.4035616,Wandflue,2026-05-24 17:17,56,10
L11192475,CH,CH-SH,,47.6480801,8.5157721,Wangental,2026-07-05 12:02,76,49
L27426866,CH,CH-BL,,47.520322,7.658489,Wartenberg,2026-04-02 12:22,55,5
L4935528,CH,CH-BE,,46.7258795,7.441982,Wasserscheide Gurnigel (migration),2026-09-27 10:51,118,113
L3161143,CH,CH-LU,,47.1715839,8.0180347,Wauwilermoos,2026-09-23 17:37,177,275
L6430366,CH,CH-SG,,47.133863,9.1004884,Weesen Hafenbecken,2026-06-14 12:12,57,22
L7021868,CH,CH-LU,,47.0316233,8.4327176,Weggis,2026-09-24 12:50,76,43
L2074993,CH,CH-ZH,,47.3287905,8.6470751,Wehrmannerdenkmal,2026-05-10 09:25,38,11
L27355928,CH,CH-ZH,,47.2472094,8.5107286,Weiher Seleger Moor,2026-06-14 12:20,67,11
L3644888,CH,CH-GR,,47.0107631,9.5310688,Weinberge Maienfeld,2026-07-25 08:43,105,64
L8005205,CH,CH-ZH,,47.4134852,8.411531,Weiningen / Au,2026-02-21 12:12,60,7
L26893876,CH,CH-SO,,47.2523749,7.5096784,Weissenstein,2026-09-23 10:54,39,6
L4444735,CH,CH-GR,,46.8344319,9.794852,Weissfluhgipfel,2026-08-14 11:30,33,8
L8537225,CH,CH-BE,,46.6056933,7.9200443,Wengen (village),2026-09-23 11:44,86,180
L1125454,CH,CH-BE,,47.0888256,7.3913741,Wengimoos,2026-05-06 15:35,61,16
L20747299,CH,CH-SG,,47.4181583,9.4133266,Wenigerweiher,2026-08-25 15:31,53,13
L60282534,CH,CH-ZH,,47.36023,8.706429,Werriker Riet,2026-08-29 11:33,33,2
L60284664,CH,CH-OW,,46.9197224,8.2735714,Wichelsee,2026-09-17 13:17,49,7
L42169509,CH,CH-BL,,47.5021042,7.6089579,Widenhof,2026-09-20 07:16,50,12
L20942406,CH,CH-BE,,46.5732588,7.51688,Wierihorn,2024-07-12 00:31,6,2
L11198724,CH,CH-SH,,47.6835432,8.4315034,Wilchingerberg,2026-07-15 07:30,92,64
L4099101,CH,CH-ZH,,47.3981023,8.7215567,Wildert,2026-08-07 07:22,89,36
L9754871,CH,CH-ZH,,47.292431,8.5291243,Wildnispark Zürich Langenberg,2026-09-02 14:00,49,22
L66276365,CH,CH-ZH,,47.4773162,8.7264014,Wildpark Bruderhaus Winterthur,2026-05-15 12:44,12,1
L12379600,CH,CH-BE,,46.5818134,7.8959942,Winteregg,2026-09-19 07:30,62,28
L41863149,CH,CH-GR,,46.8912428,9.5602427,Witena,2026-09-07 17:35,73,23
L5388555,CH,CH-BE,,46.9664602,7.3174524,Wohlensee* general area (use more precise loc.),2026-05-02 10:00,110,47
L42031215,CH,CH-BE,,46.9643786,7.3633391,Wohlensee--Aufeld,2026-03-08 15:36,22,2
L44494549,CH,CH-BE,,46.9633208,7.3707734,Wohlensee--Hinterkappelen,2026-05-02 10:00,87,11
L28072791,CH,CH-ZH,,47.3421089,8.538394,Wollishofen,2026-09-20 10:30,124,143
L61190012,CH,CH-ZH,,47.2171999,8.6473665,Wädenswiler Berg,2026-03-16 12:58,14,1
L22207174,CH,CH-SH,,47.7268422,8.6705015,Wäier,2026-02-07 10:55,46,8
L62147490,CH,CH-VS,,46.2694422,7.866865,Zeneggen Sud,2026-05-09 06:03,29,5
L1462082,CH,CH-VS,,46.0134756,7.7444601,Zermatt* general (use more precise loc.),2026-09-27 09:56,124,849
L6193428,CH,CH-VS,,46.0111509,7.7866673,Zermatt--Findelalp (5-Seenweg),2026-09-20 11:07,76,65
L6967507,CH,CH-VS,,46.0017464,7.7322292,Zermatt--Furi,2026-09-25 17:00,72,49
L4821023,CH,CH-VS,,45.9833353,7.7847147,Zermatt--Gornergrat,2026-09-21 10:43,72,165
L69905882,CH,CH-VS,,46.004572,7.7386448,Zermatt--Moos Trail,2026-08-13 10:00,21,2
L51218844,CH,CH-VS,,46.0015952,7.7504809,Zermatt--Riffelalp,2026-09-09 15:50,39,15
L6933998,CH,CH-VS,,45.9929367,7.7550602,Zermatt--Riffelberg,2026-09-11 16:11,70,79
L6193425,CH,CH-VS,,45.9919677,7.7088726,Zermatt--Scharzsee,2026-09-22 12:42,74,46
L6165984,CH,CH-VS,,46.0214626,7.7472281,Zermatt--Stadt (City of Zermatt),2026-09-22 19:47,95,212
L5844175,CH,CH-VS,,46.0057856,7.691288,Zermatt--Zmutt-Tal,2026-09-11 10:12,77,19
L19902195,CH,CH-GR,,46.6995963,10.0937346,Zernez (dorf),2026-09-09 10:49,58,33
L51860268,CH,CH-BL,,47.520338,7.549924,Ziegelei,2026-06-07 10:29,65,14
L23689683,CH,CH-ZH,,47.5192391,8.6252544,Ziegeleiweiher,2026-09-17 10:24,98,28
L18572935,CH,CH-BE,,47.0449239,7.0809722,Ziegelhof,2022-04-18 00:00,13,0
L62219374,CH,CH-ZH,,47.22766,8.59438,Zimmerberg,2026-09-14 11:03,41,2
L19672127,CH,CH-VS,,46.1357596,7.6271522,Zinal (village),2025-08-14 13:51,51,13
L13351650,CH,CH-GE,,46.2112964,6.0934639,Zone de loisirs au Moulin,2025-10-07 08:23,27,5
L1083881,CH,CH-BS,,47.5475668,7.5798798,Zoo Basel,2026-09-21 14:57,71,57
L5897861,CH,CH-ZH,,47.3842875,8.574475,Zoo Zürich,2026-08-30 13:28,76,47
L6375796,CH,CH-AG,,47.4059305,8.0635142,Zurlindeninsel,2026-04-16 15:47,61,5
L60610420,CH,CH-VS,,46.1651459,8.117369,Zwischbergental,2026-06-21 05:26,34,1
L3041665,CH,CH-ZH,,47.3583438,8.5612249,Zürich Botanischer Garten,2026-09-27 14:28,65,100
L55170819,CH,CH-ZH,,47.3656514,8.5409904,Zürich Bürkliplatz,2026-09-24 11:12,70,134
L4507511,CH,CH-ZH,,47.3768774,8.5413551,Zürich Stadt (city of Zurich)* general (use more precise loc.),2026-09-27 14:28,184,3724
L16536688,CH,CH-ZH,,47.403237,8.4800854,Zürich--Werdinsel & Werdhölzli,2026-08-30 18:50,99,129
L11135419,CH,CH-ZH,,47.3882681,8.5663748,Zürichberg,2026-09-17 15:14,89,208
L3090226,CH,CH-ZH,,47.3532309,8.550539,Zürichhorn,2026-09-10 11:47,95,175
L33745715,CH,CH-TI,,46.1320326,8.7348679,isole de Brissago,2026-08-17 14:48,37,12
L15902138,CH,CH-JU,,47.3698178,7.5121049,l'Aibaiteuse,2026-07-14 07:37,39,3
L6779011,CH,CH-SO,,47.2717823,7.8367791,"stakeout Common Redpoll, Fulenbach--Höllstrasse (2018-01)",2025-08-31 07:17,25,2
L8714676,CH,CH-VD,,46.5629019,6.4693567,"stakeout Crested Lark, Colombier (March 2019)",2026-07-02 08:30,32,3
L6183849,CH,CH-VD,,46.5542346,6.4751047,"stakeout European Roller, Colombier (2017-08)",2017-08-14 16:00,16,2
L19802461,CH,CH-OW,,46.8835,8.0945,"stakeout Little Bunting, Sarnen (2022-06)",2022-06-25 10:03,35,2
L10884455,CH,CH-TG,,47.5405558,9.1849945,"stakeout Oriental Turtle Dove, Sulgen (2020)",2024-01-14 13:47,41,38
L13874562,CH,CH-LU,,47.0775668,8.0963749,"stakeout Snow Bunting, Ruswill (2021-01)",2021-02-22 14:00,10,0
L16055468,CH,CH-GR,,47.0131006,9.5887363,Älpli,2025-10-20 08:57,29,2
L13271659,CH,CH-GE,,46.1602773,6.1344009,Éco-crèche en forêt,2024-05-07 19:20,44,12
L3924970,CH,CH-VD,,46.2916064,6.9590181,Étang Avale,2026-06-24 18:41,62,3
L26488851,CH,CH-JU,,47.2796657,7.0832634,Étang de Plain de Saigne,2025-05-19 18:10,49,4
L4962341,CH,CH-JU,,47.238518,7.0463723,Étang de la Gruère,2026-07-22 15:31,63,35
L4629804,CH,CH-VS,,46.2648074,6.9658041,Étang des Mangettes,2026-01-07 12:55,76,13
L6065347,CH,CH-JU,,47.251233,7.0281065,Étang des Royes,2026-02-14 11:30,35,4
L10995951,CH,CH-VD,,46.682741,6.5067121,Étangs d'Arnex,2026-06-25 10:21,27,1
L5559238,CH,CH-FR,,46.742454,7.1664655,Étangs de La Roche,2017-03-10 00:00,6,0
L4611493,CH,CH-VD,,46.8966355,7.046206,Étangs de l'Eau Noire,2026-05-26 12:58,31,2
L2768491,CH,CH-GE,,46.2059101,6.1476767,Île Rousseau,2026-09-21 11:21,89,391
L14196380,CH,CH-FR,,46.6982967,7.1004502,Île d'Ogoz,2026-08-29 13:04,34,4
L2815445,CH,CH-VD,,46.5073722,6.5354718,Île de Préverenges,2026-09-26 10:07,228,867
L1295187,CH,CH-SG,,47.1758713,9.3659306,Ölberg,2026-08-03 09:26,85,26
