L38396480,CN,CN-21,,38.8290433,121.1980701,203高地
L25047407,CN,CN-65,,47.36546,88.26537,640台地 (Platform 640),2026-08-20 18:34,113,98
L5901169,CN,CN-63,,35.0724067,94.1909433,Antelope Valley,2026-07-20 10:56,35,8
L22609458,CN,CN-13,,38.1242735,114.5398486,G107滹沱河大桥 (G107 Hutuo River Bridge),2026-09-10 06:18,166,78
L6147484,CN,CN-65,,45.557195,84.954688,G217-胜利路湿地 (G217 & Shengli Rd Wetlands),2026-07-17 20:27,113,37
L38471287,CN,CN-13,,38.27004,114.351259,G234滹沱河大桥 (G234 Hutuo River Bridge),2026-09-14 06:03,135,27
L4774090,CN,CN-54,,28.599831,86.670571,Memo Wetlands,2025-05-17 12:27,37,4
L37785663,CN,CN-13,,38.1107098,114.5852365,S9902滹沱河特大桥 (S9902 Hutuo River Grand Bridge),2026-09-27 06:36,125,25
L35659792,CN,CN-44,,22.1290707,113.5442313,Universidade de Macau 澳門大學,2026-06-28 19:41,46,7
L22357522,CN,CN-33,,30.085368,120.566715,㹧茶湖 (Angsang Lake),2026-05-16 06:18,91,21
L73543248,CN,CN-65,,46.51755,82.82534,一六二团五连,2026-09-22 09:49,102,15
L37824675,CN,CN-33,,28.6046253,121.8152092,一江山岛 (Yijiangshan Islands)
L23475501,CN,CN-22,,43.1754136,124.3126481,一江山岛公园 (Yijiangshan Island Park),2023-04-09 09:30,11,1
L39904433,CN,CN-32,,31.7562328,120.0337685,丁塘河湿地公园 (Dingtanghe Wetland Park),2021-06-16 15:00,19,1
L26482633,CN,CN-43,,28.3575178,112.9216119,丁字镇农田 (Dingzi Fields),2026-09-21 15:30,132,16
L36105174,CN,CN-23,,45.7425202,126.5661162,丁香公园 (Dingxiang Park),2026-08-28 17:05,48,27
L11914925,CN,CN-21,,41.8561241,123.336542,丁香湖 (Dingxiang Lake),2026-07-26 06:30,84,65
L38018518,CN,CN-15,,38.8401141,105.7413896,丁香生态公园 (Dingxiang Eco-Park)
L19278859,CN,CN-46,,18.6936451,109.709432,七仙岭温泉国家森林公园 (Qixianling Hotspring National Forest Park),2025-04-05 09:35,25,1
L5693979,CN,CN-13,,39.2079372,118.3024864,七农场水田 (Paddy Fields at No.7 Farm),2020-05-17 08:36,187,112
L15497802,CN,CN-63,,37.4803593,101.5356898,七大队 (No.7 Brigade),2026-06-11 06:48,71,22
L26222889,CN,CN-32,,31.22648,120.54294,七子山 (Qizi Mountain),2026-09-05 11:08,126,123
L36839808,CN,CN-45,,25.2717189,110.3120393,七星公园 (Qixing Park),2026-08-03 15:20,26,8
L46924598,CN,CN-44,,22.995167,113.394636,七星岗公园 (Qixinggang Park),2025-06-06 16:50,8,1
L25824042,CN,CN-23,,46.7074995,130.9582329,七星峰森林公园 (Qixingfeng Forest Park),2023-07-07 11:00,1,0
L5875534,CN,CN-23,,46.712865,132.134921,七星河自然保护区 (Qixing River NNR),2025-09-13 09:37,116,15
L17560456,CN,CN-22,,43.5022139,123.4717977,七星湖公园 (Qixinghu Park),2025-08-17 07:45,103,48
L12171078,CN,CN-13,,42.43405,117.247883,七星湖湿地公园 (Qixing Lakes Wetland Park),2025-05-31 15:30,91,9
L21981661,CN,CN-35,,24.5586349,118.2842936,七星礁 (Qixingjiao),2026-08-22 07:00,154,92
L15911007,CN,CN-33,,30.2858382,120.3145516,七格--猪头角坝 (Qige--Zhutoujiao Embankment),2026-08-29 06:20,60,41
L39857371,CN,CN-32,,32.0076326,118.8345216,七桥瓮生态湿地公园 (Qiqiaoweng Wetland Park),2026-08-24 18:14,11,1
L38396297,CN,CN-21,,38.8455933,121.5232413,七贤岭森林公园 (Qixianling Forest Park),2026-09-26 10:08,27,7
L3996108,CN,CN-33,,27.9820733,120.7871246,七都岛 (Qidu Island [General Area]),2026-08-11 13:30,145,34
L17973972,CN,CN-42,,31.4629363,114.6549096,七里坪 (Qiliping),2026-07-30 12:11,61,9
L30315011,CN,CN-12,,39.2958058,117.5525906,七里海湿地 (Qilihai Wetlands),2025-11-28 14:09,114,14
L32413949,CN,CN-12,,39.2985556,117.5906111,七里海湿地--东海 (Qilihai Wetlands East),2026-03-21 13:10,209,110
L32414061,CN,CN-12,,39.2822451,117.5670222,七里海湿地--潮白新河七里海段 (Qilihai Wetlands--New Chaobai River),2026-02-12 14:00,125,58
L32413950,CN,CN-12,,39.2981864,117.5045749,七里海湿地--西海 (Qilihai Wetlands West),2022-01-27 09:10,190,110
L25346246,CN,CN-13,,39.5906175,119.2724775,七里海潟湖 (Qilihai Lagoon Wetlands),2026-06-04 06:09,120,24
L11383271,CN,CN-11,,39.8828658,116.2912418,万丰公园 (Wanfeng Park),2025-05-24 09:24,43,15
L32227907,CN,CN-12,,38.7887624,117.4247183,万亩鱼塘 (The Wanmu Fish Ponds),2026-03-20 08:41,173,58
L35601487,CN,CN-34,,31.317132,116.753375,万佛湖镇 (Wanfohu Town),2024-08-09 15:24,1,2
L38890144,CN,CN-46,,18.7091549,110.3952884,万宁东澳田野 (Wanning Dong'ao Countryside),2026-02-14 16:20,72,6
L26002079,CN,CN-37,,35.5816762,119.6633044,万宝海滩 (Wanbao Coast),2026-04-15 12:55,89,17
L64113692,CN,CN-11,,39.8798233,116.3682175,万寿公园 (Wanshou Park)
L11449944,CN,CN-45,,21.5244597,108.1672899,万尾金滩 (Wanwei Golden Beach),2025-10-08 12:00,76,4
L76358460,CN,CN-52,,24.987909,104.933218,万峰林景区 (Wanfenglin Scenic Area),2026-09-26 16:45,20,1
L26347978,CN,CN-37,,35.4313319,119.5696565,万平口海滨 (Wanpingkou Coast),2026-09-22 17:33,138,51
L27929153,CN,CN-37,,35.4227772,119.5578118,万平口澙湖 (Wanpingkou Lagoon),2026-03-21 11:09,54,22
L23976482,CN,CN-35,,27.0445342,118.1579274,万木林省级自然保护区 (Wanmulin PNR),2025-07-16 07:00,32,3
L22314785,CN,CN-33,,27.7899986,120.6456936,万松山公园 (Wansongshan Park),2026-05-05 08:31,49,9
L38650400,CN,CN-21,,41.779704,123.4650576,万柳塘公园 (Wanliutang Park),2026-05-24 14:39,3,0
L12847179,CN,CN-21,,41.788601,123.472569,万泉公园 (Wanquan Park),2025-07-18 11:01,57,36
L39581516,CN,CN-42,,31.7292316,112.2620084,万洋洲湿地公园 (Wanyangzhou Wetland Park),2026-09-13 12:40,45,5
L12549728,CN,CN-33,,27.7192982,120.5094939,万盘尖 (Wanpanjian Peak),2025-11-02 00:00,43,2
L5844250,CN,CN-46,,20.0347064,110.3135834,万绿园 (Evergreen Park),2026-08-09 08:56,71,58
L11818093,CN,CN-33,,28.4477222,119.9029688,万象山公园 (Wanxiangshan Park),2026-04-20 00:00,34,2
L38341059,CN,CN-21,,41.9999326,121.6426107,三一八公园 (Mar 18th Park)
L4476126,CN,CN-44,,21.7957655,112.1987772,三丫港 (Sanya Bay),2016-10-21 10:34,46,3
L22483818,CN,CN-46,,18.212837,109.489944,"三亚情人湾 (Lover’s Bay, Sanya)",2026-06-01 10:00,63,27
L22485742,CN,CN-46,,18.2564145,109.5075177,三亚红树林公园 (Sanya Mangrove Park),2026-04-12 07:48,56,12
L37636086,CN,CN-46,,18.2346776,109.3749853,"三亚西岛 (West Island, Sanya)",2026-09-26 11:07,24,9
L39817309,CN,CN-44,,23.2512257,116.7006401,三凌集团西边湿地
L38426036,CN,CN-45,,23.4246666,109.2428583,三利水库 (Sanli Reservoir)
L40141968,CN,CN-46,,19.83813,110.42138,三十六曲溪省级湿地公园 (Thirty-six Bends Stream Provincial Wetland Park),2026-06-09 06:12,36,1
L38395982,CN,CN-21,,39.601052,121.5698216,三台子湿地 (Santaizi Wetlands),2026-08-29 09:31,45,3
L39840812,CN,CN-32,,34.0427066,118.318663,三台山森林公园 (Santaishan Forest Park),2026-06-21 08:30,65,5
L1616787,CN,CN-51,,30.5865432,104.1370054,三圣花乡梅香湖 (Sansheng Huaxiang--Meixiang Lake),2026-02-19 14:00,44,7
L20112528,CN,CN-51,,30.5681733,104.1567743,三圣花乡荷塘月色 (Sansheng Huaxiang--Lotus Pools),2026-08-26 19:33,78,24
L10840562,CN,CN-33,,27.9609799,120.713596,三垟湿地公园 (Sanyang Wetland Park),2026-09-25 08:05,179,89
L22249871,CN,CN-44,,21.4418673,109.9608557,三墩村湿地 (Sandun Wetlands),2026-02-22 08:17,104,23
L10347400,CN,CN-45,,21.6225587,108.7768806,三娘湾 (San Niang Bay),2025-10-04 06:56,96,15
L8418572,CN,CN-53,,25.045095,102.592921,三家村水库 (Sanjiacun Reservoir),2026-09-27 09:00,175,52
L54840130,CN,CN-44,,23.0302735,113.2226086,三山森林公园 (Sanshan Forest Park),2026-03-14 16:35,11,3
L10172976,CN,CN-42,,30.7827726,111.154068,三峡人家风景区 (Three-Gorges Village Scenic Area),2026-06-21 13:59,96,15
L9929580,CN,CN-35,,26.4384368,117.5877366,三明罗卜岩省级自然保护区 (Sanming Luoboyan PNR),2026-07-26 07:34,133,64
L9217376,CN,CN-51,,31.0030386,104.2181559,三星堆博物馆及鸭子河 (Sanxingdui Museum & Duck River),2026-09-04 18:10,125,68
L38190436,CN,CN-51,,30.9236494,104.30499,三星湖 (Sanxing Lake),2026-09-27 14:19,75,14
L58198398,CN,CN-31,,31.1377891,121.4810802,三林滨江城市森林,2026-05-29 17:13,20,7
L39857412,CN,CN-32,,31.9587346,118.6507988,三桥湿地公园 (Sanqiao Wetland Park),2025-05-02 11:59,4,1
L39656169,CN,CN-44,,23.1856408,112.8706904,三水森林公园 (Sanshui Forest Park),2026-04-06 10:39,46,6
L28148840,CN,CN-34,,33.047983,117.3230595,三汊河国家湿地公园 (Sanchahe National Wetland Park),2025-07-12 07:29,62,8
L27367823,CN,CN-33,,28.6918742,121.3315221,三江口公园 (Sanjiangkou Park),2026-07-12 00:00,13,0
L21548293,CN,CN-46,,19.8886748,110.6222963,三江镇农田 (Sanjiang Town Farmlands),2025-01-01 08:00,72,7
L20908863,CN,CN-34,,31.578585,117.300825,三河国际荷花博览园及巢湖滩涂 (Sanhe Lotus Expo Park & Lakefront Tidal Flats),2026-09-11 13:49,130,44
L9399053,CN,CN-36,,28.9030496,118.067448,三清山风景区 (Sanqing Mountain Scenic Area),2026-08-26 07:55,93,55
L22315373,CN,CN-33,,29.0271793,120.0690054,三渡溪水库 (Sanduxi Reservoir),2025-01-04 16:03,34,3
L38018739,CN,CN-15,,47.2934875,120.4558129,三潭峡 (Santanxia),2026-07-10 17:48,7,1
L3839594,CN,CN-31,,31.2092412,121.7818809,三甲港 (Sanjia Habour),2026-04-18 13:00,165,83
L21266258,CN,CN-21,,40.861573,121.9352289,三角洲水库 (Delta Reservoir),2026-08-25 10:08,12,3
L38650629,CN,CN-34,,33.6627928,116.9611163,三角洲生态公园 (Delta Eco-Park),2026-07-20 14:19,1,0
L5806609,CN,CN-51,,30.9683583,103.1104717,三道桥 (Sandaoqiao),2026-08-10 15:45,159,18
L70936131,CN,CN-65,,43.8451625,80.6713339,三道河子伊犁河谷下游湿地,2026-09-02 12:00,39,1
L37993113,CN,CN-65,,46.7731197,90.8939245,三道海子 (Lake Sandaohaizi),2026-08-01 14:00,26,2
L46942689,CN,CN-33,,29.1021487,121.5986386,三门农博园 (Sanmen Agri-Expo Garden),2025-10-29 00:00,24,0
L37918524,CN,CN-41,,34.7785357,111.1479887,"三门峡南湖 (South Lake, Sanmenxia)",2026-04-29 07:56,85,11
L1509364,CN,CN-41,,34.7946903,111.2094163,"三门峡黄河公园 (Yellow River Park, Sanmenxia)",2025-12-15 08:06,48,4
L38426332,CN,CN-45,,24.3531646,109.4904369,三门江森林公园 (Sanmenjiang Forest Park),2026-02-14 10:43,6,0
L67050448,CN,CN-33,,28.9131314,121.6298358,"三门跃进塘 (Yuejin Fishponds, Sanmen)",2026-04-24 00:00,3,0
L34748408,CN,CN-44,,24.99594,113.1261,三阳仙-通天箩 (Sangyangxian-Tongtianluo),2026-06-07 10:55,51,10
L8529437,CN,CN-42,,31.303407,113.193515,三阳镇 (Sanyang Town),2025-06-15 11:00,116,13
L38175310,CN,CN-51,,30.796622,106.1065491,上中坝湿地公园 (Shangzhongba Wetland Park)
L63824168,CN,CN-35,,25.3153654,118.7533883,上前埔（Shangqianpu）,2026-02-16 12:00,30,2
L39820404,CN,CN-44,,21.5140879,111.2323843,上前海 (Shangqianhai),2022-03-20 00:00,1,2
L39964079,CN,CN-44,,22.9726438,113.0755413,上华美丽田园 (Shanghua Farmlands),2024-02-25 08:55,35,2
L4683648,CN,CN-51,,33.31421,103.76783,上四寨沟 (Upper-Four-Village Valley),2026-09-21 16:49,125,44
L7210684,CN,CN-61,,33.3610303,108.4524008,上坝河国家森林公园 (Shangbahe National Forest Park),2026-07-21 09:54,57,2
L16062944,CN,CN-33,,29.2638917,118.8046629,上坪田村 (Shangpingtian),2026-03-28 10:00,23,1
L47092175,CN,CN-33,,27.7662313,120.6442142,"上埠公园 (Shangbu Park, Rui'an)",2026-05-01 09:56,46,6
L19267924,CN,CN-33,,28.4884317,121.8966963,上大陈岛 (Upper Dachen Island),2026-06-04 10:44,53,4
L23956557,CN,CN-37,,35.4480417,118.87443,上官庄 (Shangguanzhuang),2026-06-18 09:19,58,10
L40003552,CN,CN-31,,31.483348,121.9300715,上实农业 (ShangShi Farm),2026-04-25 14:34,108,16
L47110939,CN,CN-21,,41.938969,123.8032,上寺水库 (Shangsi Reservoir),2025-06-08 18:28,22,2
L44661975,CN,CN-33,,27.7758789,119.6374366,上山头 (Shangshantou Mountain),2025-05-11 05:50,55,7
L38212243,CN,CN-11,,39.6699449,115.8262698,上方山国家森林公园 (Shangfangshan National Forest Park)
L7283433,CN,CN-32,,31.2444464,120.5806208,上方山国家森林公园 (Shangfangshan National Forest Park),2026-06-06 17:41,99,50
L39796081,CN,CN-35,,24.4448228,118.1274611,上李水库 (Shangli Reservoir),2026-06-11 14:00,66,13
L8337265,CN,CN-31,,31.187593,121.48738,上海世博公园 (Shanghai Expo Park),2026-09-27 11:47,81,90
L5818203,CN,CN-31,,31.1411227,121.433528,上海中学 (Shanghai High School),2026-09-15 12:34,102,779
L59102131,CN,CN-31,,30.9303899,121.4996155,上海之鱼公园 (Fish of Shanghai Park),2026-09-27 13:06,44,48
L5095384,CN,CN-31,,31.0277097,121.4367878,上海交通大学闵行校区 (Shanghai Jiao Tong University - Minhang Campus),2026-09-20 14:44,103,245
L66136090,CN,CN-31,,31.0275028,121.4363114,上海交通大学闵行校区植物园 (Shanghai Jiao Tong University--Botanical Garden),2026-09-23 16:09,42,16
L66136025,CN,CN-31,,31.027962,121.443187,上海交通大学闵行校区生态林 (Shanghai Jiao Tong University--Eco-Woods),2026-09-24 17:26,44,16
L1800516,CN,CN-31,,31.1925692,121.3647346,上海动物园 (Shanghai Zoo),2026-09-26 08:30,123,135
L6596329,CN,CN-31,,31.0467013,121.224521,上海外国语大学松江校区 (Shanghai International Studies University - Songjiang Campus),2024-11-05 08:00,70,28
L3639862,CN,CN-31,,31.2393306,121.4904382,上海外滩 (The Bund of Shanghai),2026-09-23 13:49,62,126
L39464494,CN,CN-31,,31.3153681,121.3939047,上海大学宝山校区 (Shanghai University - Baoshan Campus),2026-06-10 08:01,56,39
L41601134,CN,CN-31,,31.4884643,121.808105,上海市实验学校附属东滩学校（DSES）,2026-09-11 08:05,44,5
L39480626,CN,CN-31,,30.8352473,121.5199256,上海师范大学奉贤校区 (Shanghai Normal University - Fengxian Campus),2025-02-28 11:00,28,7
L1122868,CN,CN-31,,31.1469606,121.4440785,上海植物园 (Shanghai Botanical Garden),2026-09-06 15:00,159,785
L6068729,CN,CN-31,,31.2778907,121.1755085,上海汽车博览公园 (Shanghai Auto-Expo Park),2026-09-17 14:43,50,32
L6124266,CN,CN-31,,31.144344,121.8082731,上海浦东国际机场 (Shanghai Pudong International Airport),2026-09-20 06:24,99,87
L38722480,CN,CN-31,,30.8742945,121.9051074,上海海事大学 (Shanghai Maritime University),2026-09-13 07:49,122,114
L27908771,CN,CN-31,,31.1714567,121.5744536,上海海关学院 (Shanghai Customs College),2023-11-18 09:38,22,7
L28759367,CN,CN-31,,30.8851909,121.8946028,上海海洋大学 (Shanghai Ocean University),2026-03-18 13:12,139,165
L8683517,CN,CN-31,,30.8547493,121.6898088,上海海湾国家森林公园 (Shanghai Gulf National Forest Park),2026-09-25 08:44,197,145
L39480690,CN,CN-31,,31.409463,121.4939755,上海淞沪抗战纪念公园 (The Battle of Shanghai Memorial Park),2026-01-23 13:00,41,13
L5266169,CN,CN-31,,30.966324,121.910289,上海滨海森林公园 (Shanghai Coastal Forest Park),2026-08-28 09:00,156,101
L37560690,CN,CN-31,,31.1770465,121.5938726,上海科技大学 (ShanghaiTech University),2026-09-28 07:19,125,743
L26329405,CN,CN-31,,31.146306,121.669035,上海薰衣草公园 (Shanghai Lavender Park),2026-09-12 12:50,22,2
L9330294,CN,CN-31,,31.192105,121.331373,上海虹桥国际机场 (Shanghai Hongqiao International Airport),2026-09-27 16:09,27,14
L18378704,CN,CN-31,,31.204726,121.288858,上海西庭网球俱乐部及公寓 (Shanghai Racquet Club & Apartments),2024-07-28 15:48,38,67
L18282994,CN,CN-31,,31.0772465,121.1801648,上海辰山植物园 (Shanghai Chenshan Botanical Garden),2026-09-16 16:41,84,58
L45427079,CN,CN-31,,31.1421603,121.6671318,上海迪士尼乐园 (Shanghai Disneyland),2026-09-23 13:56,42,18
L21902313,CN,CN-31,,31.057479,121.720941,上海野生动物园 (Shanghai Wild Animal Park),2026-09-05 05:38,33,7
L38090219,CN,CN-42,,30.1345128,114.2212486,上涉湖 (Shangshe Lake),2026-02-15 08:00,72,4
L40090390,CN,CN-44,,23.0756455,113.3068555,上涌果树公园 (Shangyong Guoshu Park),2025-11-20 17:09,45,13
L9746044,CN,CN-53,,25.401685,103.089137,上游水库 (Shangyou Reservoir),2025-08-03 10:10,46,4
L39480269,CN,CN-31,,31.174009,121.5863991,上科大周边绿地,2026-09-24 16:40,64,49
L54095395,CN,CN-32,,31.8693212,118.8368797,上秦淮生态湿地公园 (Upper Qinhuai Wetland Park),2026-07-23 18:42,20,1
L30256418,CN,CN-44,,23.3108841,114.1140316,上良湿地 (Shangliang Wetlands),2024-03-31 14:30,33,1
L1319372,CN,CN-53,,27.188974,100.1157045,上虎跳峡 (Upper Tiger Leaping Gorge),2026-07-27 12:00,173,69
L29261706,CN,CN-33,,30.000842,120.8805091,上虞滨江湿地公园 (Shangyu Riverside Wetland Park),2026-04-02 14:05,100,13
L4285148,CN,CN-33,,30.2138969,120.8982819,上虞滨海围垦区 (Shangyu Coast),2026-09-18 19:30,299,570
L58344942,CN,CN-33,,29.8605893,120.8687394,"上虞石井水库 (Shijing Reservoir, Shangyu)",2026-01-04 13:50,26,2
L45636147,CN,CN-33,,30.01192,120.88708,上虞龙山生态公园 (Shangyu Longshan Eco-Park),2026-08-17 05:44,41,9
L29736173,CN,CN-44,,22.7966824,114.6567166,上西村美丽田园,2026-09-26 17:08,103,59
L32490099,CN,CN-12,,39.3719735,117.2743158,上马台水库 (Shangmatai Reservoir),2026-04-07 10:36,121,20
L37992111,CN,CN-65,,44.4088461,86.1551436,下八家户 (Xiabajiahu),2026-06-23 16:00,76,19
L38039786,CN,CN-35,,25.9103547,119.5870775,下吴村 (Xiawu Village),2026-09-19 12:00,130,26
L39816759,CN,CN-44,,23.7099946,116.6826601,下坪村 (Xiaping Village)
L17351782,CN,CN-46,,19.9668338,110.5753642,下塘村 (Xiatang Village),2026-04-01 09:05,123,37
L37636198,CN,CN-33,,28.4442592,121.9009,下大陈岛 (Lower Dachen Island),2025-10-30 00:00,10,0
L72986581,CN,CN-33,,30.34224,119.92767,下木桥大堤--草荡区域 (Xiamuqiao Causeway--Marshland Area),2026-09-12 07:10,137,25
L38127794,CN,CN-53,,24.7698291,102.715676,下村 (Xiacun Lakefront),2024-07-16 15:30,59,5
L10824731,CN,CN-33,,30.2800734,120.3835076,下沙沿江湿地 (Xiasha Riverside Wetlands),2026-08-06 18:10,116,13
L62103868,CN,CN-35,,25.8139178,119.6108788,下沙海滩 (Xiasha Beach),2026-05-03 17:21,3,2
L39857095,CN,CN-32,,34.1281002,117.459141,下洪水库 (Xiahong Reservoir),2026-03-04 14:22,56,4
L3166711,CN,CN-33,,30.5171257,120.0532079,下渚湖 (Xiazhu Lake Wetlands),2026-08-21 13:00,158,107
L39795142,CN,CN-35,,24.6457654,118.1952226,下潭尾湿地公园 (Xiatanwei Wetland Park),2026-09-08 16:22,34,3
L26127525,CN,CN-35,,24.5942493,117.0480367,下节土楼 (Xiajie Tulou Scenic Area),2024-11-14 10:39,18,3
L34586187,CN,CN-63,,35.519536,93.916289,不冻泉 (Unfrozen Spring),2026-08-29 08:24,25,7
L2401562,CN,CN-11,,40.5367642,116.9741821,不老屯 (Bulaotun),2026-09-05 09:31,288,345
L37559803,CN,CN-31,,31.1817454,121.4798212,世博文化公园 (Expo Culture Park),2026-09-19 12:03,113,272
L16624689,CN,CN-53,,25.0817523,102.7561054,世博生态城 (Expo Eco-Town),2026-09-04 16:35,61,9
L40002578,CN,CN-31,,31.1227129,121.4627806,世博绿色出行林 (Expo Woods),2026-05-22 15:59,23,2
L1029418,CN,CN-31,,31.214967,121.5496015,世纪公园 (Century Park),2026-09-28 10:43,237,3490
L64605514,CN,CN-46,,20.04664,110.31587,世纪公园 (Century Park),2025-12-07 09:49,17,1
L2315284,CN,CN-51,,30.5585078,104.0721624,世纪城天鹅湖 (Swan Lake at Century City),2026-05-20 09:00,39,4
L6853243,CN,CN-53,,25.0637,98.8337,丙闷榕树群 (Bingmen Banyan Grove),2025-01-14 14:38,47,6
L38113681,CN,CN-13,,36.615695,114.4906965,丛台公园 (Congtai Park)
L32227957,CN,CN-12,,39.1661457,117.4845517,东丽湖 (Dongli Lake),2026-05-23 15:44,97,8
L11116758,CN,CN-63,,32.661908,97.4649572,东仲林场 (Dongzhong Forest),2026-04-21 07:52,30,6
L23723062,CN,CN-35,,26.742193,119.562534,东侨体育公园 (Dongqiao Sports Park),2023-07-19 08:50,19,3
L6183781,CN,CN-32,,32.22442,121.534255,东凌-通州湾 (​Dongling Coast & Tongzhou Bay),2026-09-27 14:57,278,352
L32413960,CN,CN-32,,32.2980824,121.4302801,东凌水库 (Dongling Reservoir),2026-09-12 13:44,179,38
L39866719,CN,CN-32,,32.2549168,121.4685707,东凌海蜇塘 (Dongling Jellyfish Farm),2026-09-25 11:30,208,191
L42934410,CN,CN-32,,32.3503639,121.4229379,东凌防风林 (Dongling Windbreak),2026-09-25 09:38,173,32
L65133511,CN,CN-21,,41.6533384,123.4238792,东北大学浑南校区 (Northeastern University - Hunnan Campus),2026-04-01 10:00,11,2
L38035966,CN,CN-23,,45.7223749,126.6298289,东北林业大学林场 (Northeast Forestry University--Experimental Forest),2026-09-09 12:41,61,31
L56095779,CN,CN-22,,43.82385,126.50492,东北电力大学 (Northeast Electric Power University),2025-12-20 13:45,4,2
L36715924,CN,CN-11,,40.0200022,116.3397905,东升八家郊野公园东园 (Dongsheng Bajia Country Park East),2025-03-29 08:51,15,1
L17743645,CN,CN-11,,40.0182993,116.3338108,东升八家郊野公园西园 (Dongsheng Bajia Country Park West),2026-08-29 08:52,66,19
L36914383,CN,CN-11,,39.9047778,116.41729,东单公园 (Dongdan Park),2026-08-27 07:56,14,2
L39863679,CN,CN-32,,31.8874805,118.8192825,东南大学九龙湖校区 (Southeast University - Jiulong Lake Campus),2026-09-23 12:10,90,57
L54111422,CN,CN-32,,32.0559905,118.7942004,东南大学四牌楼校区 (Southeast University - Sipailou Campus),2026-03-07 18:00,14,3
L38537303,CN,CN-43,,28.8853929,112.9327837,东古湖观鸟中心 (East Guhu Wetlands),2026-02-19 09:00,114,10
L17695759,CN,CN-32,,32.8381594,120.3210855,"东台人民公园 (People's Park, Dongtai)",2025-05-28 16:51,26,1
L38527697,CN,CN-43,,27.7197965,112.562827,东台山国家森林公园 (Dongtaishan Forest Park),2025-11-01 06:36,25,2
L13182037,CN,CN-33,,30.024354,119.9382691,东吴文化公园 (Soochow Cultural Park),2026-06-19 09:15,42,4
L54093570,CN,CN-32,,31.8550272,118.7884327,东善桥林场东大山,2025-11-13 16:00,63,6
L39907813,CN,CN-32,,31.3190257,120.6382852,东园 (East Garden),2026-09-20 16:53,64,41
L13989779,CN,CN-11,,39.9531828,116.5770062,东坝郊野公园 (Dongba Country Park),2026-09-15 17:35,65,40
L23205821,CN,CN-46,,19.737943,109.356425,东坡书院 (Dongpo Academy),2026-05-09 07:00,39,12
L39904185,CN,CN-32,,31.7672898,119.9768874,东坡园 (Dongpo Park),2026-07-19 14:59,18,4
L38175429,CN,CN-51,,30.0594939,103.8579192,东坡城市湿地公园 (Dongpo Urban Wetland Park),2026-05-23 17:15,29,3
L38896904,CN,CN-42,,30.4557964,114.8695412,东坡赤壁 (Dongpo Red Cliffs),2026-07-21 17:22,18,3
L22337248,CN,CN-12,,39.0868708,117.8286401,东堤公园 (Dongdi Park),2026-09-12 17:38,85,28
L22315019,CN,CN-35,,25.5844236,119.5112491,东壁岛垦区 (Dongbi Island Reclamation Area),2026-02-23 09:30,80,3
L24877177,CN,CN-32,,31.015849,120.409974,东大圩 (East Polder),2025-12-25 07:55,115,23
L28044177,CN,CN-53,,25.0942934,102.8376915,东大森林公园 (Dongda Forest Park),2024-06-29 15:31,12,2
L14475222,CN,CN-53,,24.6818453,102.6337811,东大河湿地 (Dongdahe Wetlands),2026-06-07 16:20,140,29
L39614714,CN,CN-63,,36.8658132,101.0330679,东大滩水库 (Dongdatan Reservoir),2026-06-09 09:22,37,12
L3632631,CN,CN-33,,30.342422,119.50949,东天目山 (East Tianmu Mountain),2026-09-16 08:40,57,7
L26284657,CN,CN-32,,31.116616,120.540504,东太湖新联湿地 (East Taihu Xinlian Wetlands),2026-08-23 13:09,135,64
L22532625,CN,CN-32,,31.1522107,120.6001397,东太湖生态园 (East Taihu Eco-Park),2026-05-26 14:33,56,20
L27939892,CN,CN-51,,30.5862869,104.2259974,东安湖公园 (Dong'an Lake Park),2026-03-10 09:00,57,14
L38501993,CN,CN-43,,26.3881201,111.3177376,东安紫水湿地公园 (Dong'an Zishui Wetland Park)
L1795785,CN,CN-43,,26.4167,111.03,东安舜皇山国家级自然保护区 (Shunhuang Mountain NNR),2016-06-22 06:00,104,6
L39581742,CN,CN-42,,31.0172218,112.2098073,东宝山 (Dongbao Mountain),2026-01-22 15:40,12,1
L3480466,CN,CN-46,,19.97185,110.59956,东寨港国家级自然保护区 (Dongzhai Harbor NNR),2026-09-19 10:20,151,76
L14877053,CN,CN-44,,20.820869,110.383032,东寮岛 (Dongliao Island),2026-01-12 17:02,41,4
L14683209,CN,CN-11,,40.0464089,116.3876099,东小口森林公园 (Dongxiaokou Forest Park),2026-05-28 14:34,148,195
L7234701,CN,CN-15,,42.3364652,101.2464666,东居延海 (Sugu Nuur),2022-07-25 18:56,39,4
L8340216,CN,CN-46,,18.8023181,110.4240131,东山岭 (Dongshan Ridge),2018-12-31 16:30,12,1
L39820193,CN,CN-44,,22.8953387,115.5367821,东山村湿地 (Dongshan Wetlands),2026-08-09 09:30,97,11
L22280596,CN,CN-32,,31.094257,120.396998,东山森林公园 (Dongshan Forest Park),2026-03-08 11:27,65,12
L59937089,CN,CN-35,,24.4690483,118.1431155,东山水库 (Dongshan Reservoir),2026-09-19 16:03,48,12
L4347809,CN,CN-44,,23.1148567,113.2928861,东山湖公园 (Dongshan Lake Park),2026-09-20 09:22,74,107
L33430910,CN,CN-44,,22.557054,114.530072,东山码头 (Dongshan Wharf),2026-08-19 17:32,84,63
L36200817,CN,CN-46,,16.666664,112.7304193,东岛 (Dong Dao/Lincoln Island)
L38175376,CN,CN-51,,28.882298,105.4655148,东岩公园 (Dongyan Park)
L38081257,CN,CN-46,,18.2849387,109.51231,东岸湿地公园 (East Bank Wetland Park),2026-09-05 07:00,65,21
L15112847,CN,CN-31,,31.6817983,121.4827824,东平国家森林公园 (Dongping National Forest Park),2026-09-26 11:48,84,24
L39963271,CN,CN-44,,22.9793845,113.1337738,东平河石湾湿地公园 (Dongping River Shiwan Wetland Park),2025-03-19 14:54,29,1
L22914200,CN,CN-35,,25.5904225,119.8915379,东庠岛 (Dongxiang Island),2026-04-28 08:32,37,2
L54934558,CN,CN-35,,25.6975398,119.2745969,东张水库 (Dongzhang Reservoir),2026-06-21 05:42,98,6
L72606753,CN,CN-37,,36.49335,120.76169,东扭河头村 (Dongniuhetou Village),2026-07-25 14:30,7,3
L13688800,CN,CN-21,,40.92217,121.566433,东方华地城,2026-08-20 13:20,148,26
L21755447,CN,CN-31,,31.102044,121.004178,东方绿舟 (Shanghai Oriental Land),2025-09-06 10:17,49,11
L32097494,CN,CN-33,,28.7579401,120.1693384,东方镇农田 (Dongfang Town Fields),2026-04-23 00:00,22,0
L8220051,CN,CN-46,,19.214953,108.642429,东方黑脸琵鹭省级自然保护区 (Dongfang Black-faced Spoonbill PNR),2023-01-27 10:30,89,24
L38786329,CN,CN-37,,36.4347356,115.9739761,东昌湖--湿地岛 (Dongchang Lake--SE Wetlands),2026-05-26 12:28,13,2
L12765531,CN,CN-33,,30.4332006,119.9983827,东明山森林公园 (Dongming Mountain Forest Park),2026-02-25 12:41,101,9
L69951529,CN,CN-11,,40.643169,117.4908274,东极仙谷 (Dongji Xiangu),2026-07-13 10:03,50,6
L11649733,CN,CN-33,,30.1938075,122.6872885,东极岛 [庙子湖] (Dongji Island [Miaozihu]),2026-06-27 13:52,150,26
L13140062,CN,CN-33,,30.6826786,120.0973038,东林山 (Donglin Hill),2025-12-25 14:00,20,1
L60442315,CN,CN-37,,37.0412789,122.5657217,东槠岛 (Dong Chu Dao Point),2026-06-18 09:10,20,1
L13341721,CN,CN-32,,31.340694,120.7731657,东沙湖生态公园 (Dongshahu Eco-Park),2026-06-27 16:32,83,49
L39793875,CN,CN-35,,25.7607445,119.6754618,东洛岛 (Dongluo Island),2026-09-07 08:55,63,3
L8325760,CN,CN-43,,29.2673809,112.9822527,东洞庭湖国家级自然保护区 (East Dongting Lake NNR),2026-02-22 15:00,233,97
L10971258,CN,CN-33,,28.3222089,121.536188,东浦农场 (Dongpu Farm),2026-09-04 12:58,228,78
L28532242,CN,CN-44,,23.3238664,116.7800556,东海岸公园 (East Coast Park),2025-10-14 00:00,15,4
L40083943,CN,CN-44,,22.4917895,114.574964,东涌红树林湿地园 (Dongyong Mangrove Wetlands),2024-01-11 09:47,5,1
L12928572,CN,CN-34,,31.4220183,116.2813652,东淠河霍山段 (Dongpi Section - Huoshan Section),2026-07-05 15:00,108,15
L39575560,CN,CN-42,,29.6831515,113.5939772,东港湖 (Donggang Lake)
L17616196,CN,CN-51,,30.6195218,104.0879488,东湖公园 (Donghu Park),2026-06-22 12:00,78,56
L3574326,CN,CN-21,,40.9940838,122.0805717,"东湖公园 (Donghu Park, Panjin)",2025-11-10 08:23,44,12
L13734651,CN,CN-33,,30.698238,121.0271989,"东湖公园 (Donghu Park, Pinghu)",2026-09-12 14:39,23,2
L39722778,CN,CN-42,,30.5640865,114.3736377,东湖听涛景区 (East Lake Tingtao Scenic Area),2026-07-05 07:19,44,7
L39654577,CN,CN-35,,26.6561164,119.5605188,东湖大门山公园 (Donghu Damenshan Park),2026-07-23 00:00,30,3
L38175385,CN,CN-51,,31.1352991,104.4268577,东湖山公园 (Donghushan Park),2026-04-10 19:29,34,4
L39719784,CN,CN-42,,30.5425949,114.4012555,东湖梅园 (East Lake Plum Garden),2026-08-06 18:02,41,7
L50879666,CN,CN-41,,34.03401,113.8663689,东湖游园 (Donghu Park),2025-08-02 09:50,8,2
L17973998,CN,CN-42,,30.5688981,114.3937615,东湖绿道 (East Lake Greenway),2026-09-10 17:05,127,80
L21662706,CN,CN-42,,30.5599719,114.4298545,东湖落雁景区 (East Lake Luoyan Scenic Area),2026-06-15 09:30,67,16
L39722753,CN,CN-42,,30.5895191,114.4106732,东湖银河桥 (East Lake Yinhe Bridge),2026-08-23 17:16,77,17
L16861983,CN,CN-31,,31.517616,121.9393413,东滩湿地公园 (Dongtan Wetland Park),2026-09-06 11:38,241,126
L32953432,CN,CN-44,,22.023809,113.718347,东澳岛--庙湾 (Dong'ao Island--Miaowan),2026-09-19 08:26,18,5
L22346379,CN,CN-12,,39.0357758,117.8109874,东疆亲水公园 (Dongjiang Qinshui Park),2026-08-30 17:34,39,21
L46527766,CN,CN-12,,38.9761847,117.8266829,东疆建设开发纪念公园 (Dongjiang Construction & Development Memorial Park),2026-04-17 16:00,39,6
L47090003,CN,CN-33,,29.4785306,120.4429008,"东白山 (Dongbai Mountain, Zhuji)",2026-06-27 07:20,48,3
L35419779,CN,CN-65,,43.4114966,87.2744361,东白杨沟 (East Aspen Valley),2026-08-06 11:00,101,21
L37824693,CN,CN-33,,30.1321858,122.7705018,东福山岛 (Dongfushan Island),2025-06-01 10:28,31,3
L38019282,CN,CN-15,,39.557822,109.8110442,东红海子 (East Honghaizi Lake),2026-09-16 15:28,36,4
L38019331,CN,CN-15,,39.8154218,109.9622013,东胜公园 (Dongsheng Park),2025-04-16 12:54,9,1
L23743598,CN,CN-44,,23.0520606,113.9752538,东莞下沙湿地公园 (Dongguan Xiasha Wetland Park),2026-05-27 16:00,42,5
L39980357,CN,CN-44,,23.0396532,113.7594581,"东莞人民公园 (People's Park, Dongguan)",2026-08-15 08:35,8,2
L39980365,CN,CN-44,,22.967013,113.7473886,东莞植物园 (Dongguan Botanical Garden),2026-09-02 09:55,24,6
L39460029,CN,CN-37,,37.5018622,118.6830633,东营园博园 (Dongying Garden Expo Park),2025-07-28 08:55,6,1
L39459937,CN,CN-37,,37.4226743,118.5509519,东营森林乐园 (Dongying Forest Amusement Park),2026-07-27 18:30,31,4
L39459926,CN,CN-37,,37.4184989,118.6238889,东营植物园 (Dongying Botanical Garden),2026-01-28 08:18,54,28
L15161283,CN,CN-33,,29.1227136,119.721771,东藕塘 (East Lotus Pond),2025-05-30 17:32,24,3
L36016540,CN,CN-34,,31.277203,116.967508,东衖村 (Donglongcun),2026-01-16 09:00,19,3
L26971889,CN,CN-32,,31.2867437,120.7163773,东西华林街大草坪 (W & E Hualin St. Lawn and Reeds),2024-07-29 09:45,47,42
L15329046,CN,CN-14,,36.6742,112.3559,东西阳城 (Dong-Xi Yangcheng),2026-08-06 17:02,61,7
L39092904,CN,CN-31,,31.223131,121.595476,东郊宾馆 (Dongjiao State Guest Hotel),2026-07-10 13:11,26,3
L38450892,CN,CN-11,,39.9936548,116.667315,东郊森林公园北区 (Dongjiao Forest Park North),2026-01-02 00:00,43,4
L38450896,CN,CN-11,,39.9799275,116.6667412,东郊森林公园南区 (Dongjiao Forest Park South),2024-01-16 16:16,17,2
L64605396,CN,CN-46,,19.52574,110.86335,东郊椰林风景区 (Dongjiao Coconut Grove Scenic Area),2025-12-04 11:17,12,1
L6297340,CN,CN-11,,40.0202267,116.6476135,东郊湿地公园 (Dongjiao Wetland Park),2026-08-17 08:03,142,62
L28231912,CN,CN-33,,29.8482252,121.6199921,东部新城生态走廊 (Eastern New City Ecological Corridor),2026-05-09 07:34,40,6
L4208687,CN,CN-44,,20.8359515,110.3328609,东里盐场滩涂 (Dongli Mudflats),2026-01-12 15:31,158,27
L28452891,CN,CN-33,,30.0024982,120.7307786,东鉴湖湿地公园 (East Jianhu Wetland Park),2026-08-01 17:30,93,23
L9025466,CN,CN-33,,29.7784284,121.6419841,东钱湖 (Dongqian Lake),2026-08-28 12:00,190,97
L22401473,CN,CN-33,,29.7939284,121.6855945,东钱湖生态龙虾园 (Dongqian Lake Crayfish Farm),2026-03-27 14:00,119,25
L22296722,CN,CN-35,,25.6578133,119.450655,东阁华侨农场 (Dongge Farm),2023-09-02 07:00,31,1
L28845287,CN,CN-33,,29.1189521,120.443173,东阳--南江水库 (Dongyang--Nanjiang Reservoir),2024-01-06 00:00,1,0
L1873898,CN,CN-21,,41.8388527,123.5904122,东陵公园 (Dongling Park),2026-07-25 11:00,132,98
L38018479,CN,CN-15,,40.9348739,100.1291012,东风水库 (Dongfeng Reservoir)
L22969021,CN,CN-31,,31.7061759,121.2581152,东风西沙水库 (Dongfeng Xisha Reservoir),2024-12-18 13:29,144,15
L26400544,CN,CN-37,,35.4967166,119.5530096,丝山 (Sishan),2026-07-18 18:00,52,9
L13760577,CN,CN-37,,35.5620963,119.6444377,两城河口湿地 (Liangcheng Estuary Wetlands),2026-09-23 16:07,163,58
L38297545,CN,CN-61,,34.296833,108.6671449,两寺渡公园 (Liangsidu Park),2025-11-02 17:00,8,0
L38199082,CN,CN-11,,39.9916746,116.2564776,两山公园 (Liangshan Park),2026-05-01 15:54,44,10
L38182799,CN,CN-51,,30.6727406,102.4412512,两河口村 (Lianghekou),2026-08-29 10:09,165,204
L38672406,CN,CN-41,,32.0719993,114.1220409,两河口湿地公园 (Lianghekou Wetland Park),2026-02-21 13:16,13,1
L38242818,CN,CN-51,,30.7183444,103.9678987,两河城市森林公园 (Lianghe Urban Forest Park),2026-08-02 15:55,13,1
L19469364,CN,CN-33,,28.4621723,119.9417928,两湖公园 (Lianghu Park),2026-04-30 00:00,69,2
L17892738,CN,CN-33,,30.54024,120.9813255,严家屋--融创海滨 (Yanjiawu--Sunac Coast),2026-09-27 13:56,253,357
L22178753,CN,CN-33,,28.9547752,118.8586329,严家淤岛 (Yanjiayu Island),2026-02-11 11:05,73,11
L23599148,CN,CN-11,,40.2799561,116.9777086,丫髻山旅游风景区 (Yaji Mountain),2023-04-15 14:30,8,1
L33410950,CN,CN-11,,40.0609289,116.2824173,中关村公园 (Zhongguancun Park),2026-04-22 09:47,60,30
L8095787,CN,CN-11,,40.0482011,116.2939019,中关村软件园 (Zhongguancun Software Park),2026-06-13 13:43,62,48
L39573322,CN,CN-42,,31.6844107,113.9477434,中华山森林公园 (Zhonghuashan Forest Park)
L49118172,CN,CN-22,,42.419842,128.113907,中华秋沙鸭公园 (Scaly-sided Merganser Park),2026-05-16 16:03,21,5
L19434988,CN,CN-32,,32.9855182,120.8123379,中华麋鹿园 (Chinese Milu Park),2026-09-14 13:00,110,21
L38537558,CN,CN-43,,28.1699933,112.9285549,中南大学 (Central South University),2025-05-25 15:45,21,1
L38537423,CN,CN-43,,28.1328482,112.9976996,中南林业科技大学东区 (Central South University of Forestry and Technology - East Campus),2026-04-06 15:30,49,35
L38537434,CN,CN-43,,28.1300378,112.9914054,中南林业科技大学西区 (Central South University of Forestry and Technology - West Campus),2025-06-02 08:00,43,23
L39723440,CN,CN-42,,30.4754589,114.3857048,中南财经政法大学 (Zhongnan University of Economics and Law),2025-04-20 14:18,17,1
L38059391,CN,CN-64,,37.4902821,105.1968245,"中卫香山公园 (Xiangshan Park, Zhongwei)"
L38243342,CN,CN-51,,30.5666877,104.0978623,中和湿地公园 (Zhonghe Wetland Park),2026-05-25 14:30,21,2
L40867007,CN,CN-23,,45.7183395,126.7174085,中国亭园 (Chinese Pavilion Park),2026-04-29 10:54,37,20
L23509248,CN,CN-11,,39.9708011,116.3132385,中国人民大学 (Renmin University of China),2026-09-26 07:29,44,29
L7517082,CN,CN-11,,40.02676,116.2816143,中国农业大学西校区 (China Agricultural University - West Campus),2025-09-17 14:16,43,14
L16180439,CN,CN-32,,31.6062026,120.7367693,中国常熟世界联合学院 (United World College Changshu China),2026-09-22 07:39,121,819
L22434635,CN,CN-23,,53.5582085,123.2675114,中国最北点 (Northernmost Point of China),2013-06-29 12:54,1,1
L19007649,CN,CN-33,,30.2634376,120.3138593,中国水博览园 (China Water Expo Park),2026-09-18 09:15,13,1
L9851797,CN,CN-65,,45.5506805,84.936777,中国石油大学克拉玛依校区 (China University of Petroleum at Karamay),2026-04-18 13:10,129,96
L16403114,CN,CN-34,,31.8395291,117.2689881,中国科学技术大学 (University of Science and Technology of China),2026-07-04 17:00,93,135
L38671523,CN,CN-34,,31.838922,117.2559355,中国科学技术大学西校区 (USTC - West Campus),2026-08-01 14:52,15,5
L5817879,CN,CN-11,,40.4059413,116.680749,中国科学院大学 (University of Chinese Academy of Sciences),2026-09-28 07:25,178,495
L36330129,CN,CN-11,,39.9120785,116.2513194,中国科学院大学玉泉路校区 (University of Chinese Academy of Sciences - Yuquan Rd Campus),2026-09-15 16:09,22,22
L4919951,CN,CN-42,,30.545951,114.4183478,中国科学院武汉植物园 (Wuhan Botanical Garden CAS),2026-07-24 08:48,115,61
L5282984,CN,CN-33,,30.153717,120.078467,中国美院象山中心校区 (China Academy of Art - Xiangshan Campus),2026-09-20 06:10,73,46
L14011047,CN,CN-52,,27.8847706,107.6257181,中国茶海景区 (China Chahai Scenic Area),2017-08-07 09:00,11,1
L29767506,CN,CN-32,,31.902363,118.9170327,中国药科大学江宁校区 (China Pharmaceutical University - Jiangning Campus),2026-07-25 18:53,75,40
L14722474,CN,CN-33,,30.4185982,119.6392667,中国金钱松森林公园 (Golden Larch Forest Park),2026-05-10 00:00,38,1
L38199052,CN,CN-11,,39.9809313,116.2609476,中坞公园 (Zhongwu Park),2026-07-26 10:42,56,12
L13556506,CN,CN-43,,27.5764882,109.9491839,中坡国家森林公园 (Zhongpo National Forest Park),2026-08-09 07:45,21,2
L56642806,CN,CN-32,,31.3092683,120.725715,中塘公园 (Zhongtang Park),2026-07-04 10:06,11,2
L53550964,CN,CN-32,,31.3227372,120.7235563,中央公园 (SIP Central Park),2024-12-01 15:40,13,1
L22442442,CN,CN-33,,28.5793112,121.345991,中央山公园 (Zhongyangshan Park),2026-02-21 00:00,21,3
L3565355,CN,CN-11,,39.9105083,116.3945119,中山公园 (Zhongshan Park),2026-09-22 08:47,100,99
L5245850,CN,CN-31,,31.221888,121.420066,中山公园 (Zhongshan Park),2026-09-27 07:50,110,679
L40088571,CN,CN-44,,23.0671479,113.3899523,中山大学东校园 (Sun Yat-sen University - East Campus),2026-09-27 16:26,45,8
L2354294,CN,CN-44,,23.0963458,113.2985741,中山大学南校园 (Sun Yat-sen University - South Campus),2026-09-27 09:52,181,605
L30114695,CN,CN-44,,22.8039589,113.9495112,中山大学深圳校区 (Sun Yat-sen University - Shenzhen Campus),2026-09-13 08:35,113,70
L38652861,CN,CN-44,,22.8069942,113.9514284,中山大学深圳校区二期 (Sun Yat-sen University - Shenzhen Campus Area II [research farm]),2026-09-24 10:00,97,22
L7070556,CN,CN-44,,22.3413037,113.5897708,中山大学珠海校区 (Sun Yat-sen University - Zhuhai Campus),2026-08-14 18:30,92,41
L6012179,CN,CN-44,,22.4869662,113.3725789,中山市树木园 (Zhongshan Arboretum),2026-09-04 15:00,49,12
L20493095,CN,CN-44,,23.1320541,113.2644107,中山纪念堂 (Dr. Sun Yat-Sen's Memorial Hall),2026-09-28 09:52,23,4
L37874977,CN,CN-32,,32.0599287,118.8535702,中山陵 (Dr. Sun Yat-sen's Mausoleum),2026-08-04 10:31,54,8
L39865076,CN,CN-32,,32.0505884,118.8735673,中山陵苗圃场 (Dr. Sun Yat-sen's Mausoleum--The Nursery),2025-11-14 08:00,69,15
L29886042,CN,CN-12,,39.1234887,117.1986165,"中心公园 (Central Park, Tianjin)",2026-03-12 09:59,8,3
L28756563,CN,CN-35,,26.110555,119.200448,中房洲 (Zhongfang Shoal),2024-01-13 12:39,36,2
L32490259,CN,CN-12,,39.1211061,117.7513269,中新天津生态城 (Sino-Singapore Tianjin Eco-City),2026-08-17 09:27,83,8
L19181936,CN,CN-33,,29.2051377,119.4636137,中洲公园 (Zhongzhou Park),2026-07-20 08:26,74,11
L64405322,CN,CN-53,,26.8975681,100.206244,中济海公园 (Zhongjihai Park),2026-08-06 20:03,21,3
L38786402,CN,CN-37,,37.3956925,117.9512309,中海公园 (Zhonghai Park),2026-02-27 14:00,73,15
L24024938,CN,CN-35,,26.4934718,116.9846058,中溪村 (Zhongxi Village),2026-07-23 15:00,129,58
L43419668,CN,CN-35,,26.489396,117.000951,中溪长尾雉塘 (Zhongxi Elliot's pheasant hide),2026-09-11 00:00,11,3
L39980910,CN,CN-44,,21.2440219,110.4092317,中澳友谊花园 (Sino-Australian Friendship Garden),2025-11-23 09:04,9,6
L4258254,CN,CN-41,,34.8725527,114.0396738,"中牟雁鸣湖 (Yanming Lake, Zhongmu)",2024-08-18 12:42,92,9
L9932275,CN,CN-41,,34.943555,114.0524883,中牟黄河滩 (Zhongmu Yellow River Flats),2025-02-09 07:00,70,7
L4672350,CN,CN-44,,23.1822035,113.3688319,中科院华南植物园 (South China Botanical Garden),2026-09-27 12:16,156,449
L37988443,CN,CN-65,,42.8564495,89.1925721,中科院吐鲁番沙漠植物园 (Turpan Desert Botanical Garden),2004-09-20 00:00,9,0
L38428792,CN,CN-45,,25.0733636,110.3029595,"中科院桂林植物园 (Guangxi Institute of Botany, CAS)",2025-01-06 10:55,7,1
L7049829,CN,CN-11,,39.9893644,116.2157929,"中科院植物研究所 (Institute of Botany, CAS)",2026-09-26 14:02,81,76
L2356004,CN,CN-53,,21.9259066,101.2633054,中科院西双版纳热带植物园 (Xishuangbanna Tropical Botanical Garden),2026-09-21 07:54,387,1911
L35278086,CN,CN-53,,21.9167456,101.2717556,中科院西双版纳热带植物园--沟谷雨林景区 (Xishuangbanna Tropical Botanical Garden--Rainforest Scenic Area),2026-08-25 16:46,188,94
L4690619,CN,CN-53,,21.9089835,101.2828127,中科院西双版纳热带植物园--绿石林景区 (Xishuangbanna Tropical Botanical Garden--Green Stone Forest),2026-08-21 12:49,194,158
L40319279,CN,CN-53,,21.9262769,101.254423,中科院西双版纳热带植物园--西区 (Xishuangbanna Tropical Botanical Garden--West Area),2026-09-20 14:28,212,238
L38126691,CN,CN-53,,27.2537069,100.163346,中虎跳峡 (Middle Tiger Leaping Gorge),2026-07-28 12:41,72,21
L38182267,CN,CN-51,,30.8947455,101.9397359,中路藏寨 (Zhonglu Tibetan Village),2026-07-27 00:00,44,26
L63368578,CN,CN-31,,31.5441853,121.9081306,中魔术林 (Middle Magic Woods),2026-05-16 14:54,122,30
L39964207,CN,CN-44,,22.6233809,113.0846565,丰乐公园 (Fengle Park)
L21290842,CN,CN-46,,18.5341968,108.710981,丰塘村湿地 (Fengtang Wetlands),2026-07-25 18:15,119,80
L38297704,CN,CN-61,,34.2478212,108.898502,丰庆公园 (Fengqing Park),2026-09-11 15:53,55,26
L63648837,CN,CN-31,,31.3106919,121.3678117,丰收村（Fengshou Village）,2026-05-21 14:00,57,25
L17613399,CN,CN-46,,19.1070238,108.6496034,丰收路湿地 (Fengshou Rd. Wetlands),2026-05-28 17:08,117,96
L23225019,CN,CN-31,,31.3046637,121.3604879,丰翔智秀公园 (Fengxiang Zhixiu Park),2026-09-19 06:25,73,51
L8013765,CN,CN-50,,29.8876613,107.7187462,丰都鬼城 (Fengdu City of Ghosts),2026-09-14 11:22,58,14
L38285343,CN,CN-62,,35.6121856,103.2493381,"临夏东郊公园 (Dongjiao Park, Linxia)"
L70479522,CN,CN-33,,30.2150427,119.7502714,"临安横溪湿地 (Hengxi Wetland, Lin'an)",2026-05-21 00:00,1,0
L60275298,CN,CN-33,,30.2788883,119.8293305,临安狮山公园 (Shishan Park),2026-09-17 15:49,74,39
L38786486,CN,CN-37,,34.7892497,117.285522,临山公园 (Linshan Park)
L19301029,CN,CN-33,,30.3835649,120.2936522,临平东湖公园 (Linping Donghu Park),2025-02-23 13:30,39,3
L18446215,CN,CN-33,,30.4150839,120.2812526,临平山 (Linping Mountain),2026-05-24 06:00,121,46
L17622128,CN,CN-46,,18.2601164,109.5259815,临春岭森林公园 (Linchunling Forest Park),2026-09-27 14:32,90,83
L59417472,CN,CN-31,,30.7208792,121.3428285,临桂路(Lingui Road),2026-03-28 10:00,11,12
L53551186,CN,CN-14,,36.09691,111.50855,"临汾古城公园 (Gucheng Park, Linfen)",2025-05-06 16:40,12,1
L38340406,CN,CN-14,,36.0810057,111.4873069,"临汾汾河公园 (Fenhe Park, Linfen)",2026-08-12 18:08,121,24
L38842307,CN,CN-37,,35.0566707,118.35934,"临沂人民公园 (People's Park, Linyi)"
L38842386,CN,CN-37,,35.1074434,118.3204192,临沂园博园 (Linyi Garden Expo Park)
L38019229,CN,CN-15,,40.7272072,107.4011973,临河黄河湿地生态公园 (Linhe Yellow River Eco-Park)
L9802069,CN,CN-32,,34.7632839,119.22394,临洪河口 (Linhong River Estuary),2026-08-30 16:17,208,89
L29280808,CN,CN-33,,28.71,121.63,临海--白沙湖 (Linhai--Baisha Lake),2026-03-15 11:38,74,20
L31826333,CN,CN-33,,28.810172,121.684681,临海--红脚岩渔港 (Linhai--Hongjiaoyan Fishing Port),2024-04-28 00:00,1,0
L27104385,CN,CN-37,,35.5226881,119.0368733,丹凤山 (Danfeng Mountain),2023-10-02 08:00,25,4
L22642469,CN,CN-35,,27.276708,120.194941,丹岐内塘 (Danqi Ponds),2023-07-20 07:05,30,3
L7977189,CN,CN-14,,35.5223317,112.9759814,丹河人工湿地 (Dan River Manmade Wetlands),2026-09-15 17:35,76,15
L37911597,CN,CN-44,,25.0380829,113.7446126,丹霞山--锦江沿岸 (Danxia Mountain--Jinjiang Riverside),2025-11-11 00:00,31,2
L37909363,CN,CN-44,,25.0242508,113.7438583,丹霞山--长老峰景区 (Danxia Mountain--Zhanglaofeng Scenic Area),2026-03-07 17:00,48,9
L35608297,CN,CN-44,,25.045275,113.7290458,丹霞山--阳元石景区 (Danxia Mountain--Yanyuanshi Scenic Area),2026-01-25 14:30,57,8
L38474136,CN,CN-43,,25.778208,113.000289,丽景公园 (Lijing Park)
L37821026,CN,CN-33,,28.4705158,119.8917893,丽水植物园 (Lishui Botanical Garden),2026-03-10 07:37,19,2
L21369479,CN,CN-53,,26.8716248,100.236433,丽江古城 (Old Town of Lijiang),2026-08-06 06:47,57,24
L74718624,CN,CN-53,,26.87079,100.23061,丽江古城--狮子山 (Old Town of Lijiang--Lion Hill),2026-07-31 14:09,11,1
L8133181,CN,CN-53,,26.88784,100.23352,"丽江黑龙潭公园 (Heilongtan Park, Lijiang)",2026-09-01 19:25,245,188
L6579602,CN,CN-32,,31.2392765,120.3957144,丽波湾 (Libo Bay),2025-12-26 14:36,59,6
L38243554,CN,CN-51,,30.628681,104.0360101,丽都公园 (Lidu Park),2026-03-21 11:03,7,0
L39819337,CN,CN-44,,23.5443029,116.8908792,义丰溪口 (Yifeng Creek Estuary),2023-02-24 16:15,89,9
L14067821,CN,CN-33,,29.3407322,120.0324978,义乌机场 (Yiwu Airport),2024-09-03 00:00,41,1
L15579246,CN,CN-33,,29.3644274,120.0839337,义乌植物园 (Yiwu Botanical Garden),2026-08-20 10:24,118,24
L66935555,CN,CN-33,,29.1826271,119.9839818,义乌江侯芹段 (Yiwu River - Houqin Section),2026-08-29 08:00,53,3
L70493967,CN,CN-33,,29.3334832,120.113414,"义乌福田湿地公园 (Futian Wetland Park, Yiwu)",2026-07-19 09:00,41,7
L32520993,CN,CN-23,,48.973086,129.96236,乌云河大桥 (Wuyun River Bridge),2024-05-29 15:12,16,2
L6145192,CN,CN-65,,47.33997,87.553458,乌伦古湖东北岸 (Ulungur Lake Northeast Shore),2026-08-05 14:00,159,54
L25052191,CN,CN-65,,47.17499,87.33968,乌伦古湖东岸 (Ulungur Lake East Shore),2026-09-27 08:42,185,179
L37994101,CN,CN-65,,47.11199,87.30857,乌伦古湖东岸--东南岸观景栈道 (Ulungur Lake East Shore--SE Shore Boardwalk),2026-07-13 20:20,47,3
L37994124,CN,CN-65,,47.229273,87.3922484,乌伦古湖东岸--大红盐池 (Ulungur Lake East Shore--Greater Saltpond),2026-09-27 08:42,133,36
L37993988,CN,CN-65,,47.2163076,87.4561548,乌伦古湖东岸--大红盐池尾 (Ulungur Lake East Shore--Greater Saltpond End),2026-09-17 14:29,120,21
L64479507,CN,CN-65,,47.1942729,87.3571484,乌伦古湖东岸--奎干观景点 (Ulungur Lake East Shore--Kuigan Boardwalk),2026-08-10 14:00,70,5
L37994060,CN,CN-65,,47.1451352,87.3200923,乌伦古湖东岸--黄金海岸景区 (Ulungur Lake East Shore--Golden Lakefront),2026-07-23 17:11,87,12
L38024480,CN,CN-15,,41.5954572,113.1223545,乌兰哈达火山地质公园 (Ulanhada Volcano Geo-Park),2026-07-27 13:00,23,10
L45427108,CN,CN-15,,40.812879,111.644107,乌兰夫公园 (Ulanhu Memorial Park),2025-09-13 10:00,47,17
L38019309,CN,CN-15,,39.5859749,109.8080354,乌兰木伦公园 (Ulaan Moron Park)
L38018661,CN,CN-15,,46.0947921,122.053608,"乌兰浩特成吉思汗公园 (Genghis Khan Park, Ulanhot)",2025-02-14 15:30,5,1
L10859111,CN,CN-15,,48.362791,117.5178125,乌兰诺尔 (Ulaan Nur),2026-06-01 18:50,82,5
L3845129,CN,CN-15,,48.410075,117.590787,乌兰诺尔保护站 (Ulaan Nur Protection Station),2026-06-14 07:19,67,6
L6145752,CN,CN-65,,46.8985,86.3805,乌图布拉克 (Utbulaq),2026-06-23 09:45,80,29
L38428145,CN,CN-45,,21.4752122,109.7583567,乌坭盐田 (Wuni Saltpans)
L4021425,CN,CN-15,,39.260555,108.949166,乌审召工业园区以西荒地 (Openland West of Uxinsuu Industrial Area),2016-04-20 12:30,75,10
L4108964,CN,CN-15,,49.61397,121.44515,乌尔旗汉 (Urqihan [General Area]),2026-08-10 09:00,226,758
L28644053,CN,CN-15,,49.5906164,121.409431,乌尔旗汉--0K黎明生态园 (Urqihan--Z001 0K Liming Eco-Park),2026-06-21 07:40,77,41
L69902713,CN,CN-15,,49.6504222,121.61669,乌尔旗汉--17K伯拉图林场 (Urqihan--Z001 17K Bolatu River),2026-06-17 15:23,51,4
L69902512,CN,CN-15,,49.6538745,121.7275463,乌尔旗汉--25K小乌尔旗汉林场 (Urqihan--Z001 25K Little Urkichikhan),2026-06-19 09:35,43,4
L70468617,CN,CN-15,,49.649487,121.826151,乌尔旗汉--33K大雁河桥 (Urqihan--Z001 33K Dayan River Bridge),2026-06-18 07:00,14,1
L69902463,CN,CN-15,,49.664521,121.9223387,乌尔旗汉--40K养路房 (Urqihan--Z001 40K Maintenance House)
L69902624,CN,CN-15,,49.6752693,121.9728063,乌尔旗汉--44K克里河林场 (Urqihan--Z001 44K Keli River)
L69902419,CN,CN-15,,49.75387,122.1265,乌尔旗汉--59K兴安里林场 (Urqihan--Z001 59K Xing'anli)
L69902762,CN,CN-15,,49.6267347,121.502809,乌尔旗汉--8K沼泽 (Urqihan--Z001 8K Marshland),2026-06-15 17:21,31,2
L70206688,CN,CN-15,,49.488796,121.353776,乌尔旗汉--X302铁道口湿地 (Urqihan--X302 Railway Crossing Wetland),2026-06-17 18:10,19,2
L6147548,CN,CN-65,,45.959253,85.534836,乌尔禾以南干旱地带 (Arid Country S of Orku),2023-07-07 14:00,53,8
L6142320,CN,CN-65,,46.1309291,85.6493204,乌尔禾胡杨林 (Orku Poplar Forest),2026-07-23 15:00,106,175
L35607596,CN,CN-65,,46.1247893,85.7498609,乌尔禾魔鬼城景区 (Orku Demon City Scenic Area),2026-08-01 14:00,17,4
L9563608,CN,CN-35,,26.0752299,119.2934315,乌山 (Wushan Hill),2026-09-20 09:00,78,29
L10841744,CN,CN-33,,27.7136472,119.6655182,乌岩岭国家级自然保护区 (Taishun Wuyanling NNR),2026-08-23 10:55,96,13
L7414982,CN,CN-65,,43.621016,87.668823,乌拉泊湿地 (Wulapo Wetlands),2026-06-11 07:48,118,23
L38024548,CN,CN-15,,45.8841765,119.4845388,乌拉盖水库 (Ulagai Reservoir)
L5906587,CN,CN-15,,40.933333,108.866667,乌梁素海 (Ulansu Lake),2026-09-20 07:58,147,33
L38018617,CN,CN-15,,39.6770533,106.8244243,"乌海人民公园 (People's Park, Wuhai)",2025-10-28 08:00,6,2
L38018614,CN,CN-15,,39.6976193,106.8225873,乌海植物园 (Wuhai Botanical Garden),2025-03-29 07:23,15,4
L38018623,CN,CN-15,,39.6555839,106.7809845,乌海湖风景区 (Wuhaihu Riverside),2026-06-08 17:16,37,5
L10877698,CN,CN-33,,28.6985955,118.8432397,乌溪江小湖南段 (Wuxi River - Hunan Section),2025-05-31 17:30,6,0
L29516349,CN,CN-33,,28.8730459,118.9088536,乌溪江望柯段 (Wuxi River - Wangke Section),2025-02-19 07:10,51,3
L15148833,CN,CN-44,,20.5693244,109.83476,乌石港 (Black Stone Port),2025-01-09 14:49,38,4
L36309411,CN,CN-15,,40.8517816,111.5718676,乌素图国家森林公园 (Usutu National Forest Park),2026-04-04 08:43,44,6
L39622595,CN,CN-63,,37.623357,93.7578978,乌素特水上雅丹地质公园 (Wusute Yadan Geo-Park),2024-09-15 12:18,2,1
L27948595,CN,CN-33,,30.6405476,119.6159411,乌象坝湿地公园 (Wuxiangba Wetland Park),2025-12-05 00:00,97,14
L38340828,CN,CN-14,,37.8508075,112.7769773,乌金山国家森林公园 (Wujinshan Forest Park),2026-09-27 08:20,86,15
L17644755,CN,CN-33,,30.7480322,120.4917812,乌镇风景区 (Wuzhen Scenic Area),2026-08-12 09:08,35,8
L7336472,CN,CN-65,,43.7983405,87.6049022,"乌鲁木齐人民公园 (People's Park, Urumqi)",2026-06-10 10:07,27,5
L37992351,CN,CN-65,,43.8326299,87.580936,"乌鲁木齐儿童公园 (Children's Park, Urumqi)"
L35396432,CN,CN-65,,43.7661819,87.6052672,"乌鲁木齐南公园 (South Park, Urumqi)"
L35396446,CN,CN-65,,43.7542964,87.6360007,"乌鲁木齐天山公园 (Tianshan Park, Urumqi)",2026-07-31 11:00,25,3
L47369363,CN,CN-65,,43.8869382,87.5450039,"乌鲁木齐新城公园 (Xincheng Park, Urumqi)",2026-08-20 17:38,18,4
L9291017,CN,CN-65,,43.8899657,87.5525433,乌鲁木齐植物园 (Urumqi Botanical Garden),2026-09-20 18:59,58,47
L35396414,CN,CN-65,,43.752589,87.6131802,乌鲁木齐水上乐园 (Urumqi Water Park),2026-01-02 11:30,31,10
L54172566,CN,CN-35,,26.0329965,119.2367231,乌龙江湿地公园 (Wulongjiang Wetland Park),2026-04-12 08:05,42,5
L58085258,CN,CN-32,,32.0454641,118.7655711,乌龙潭 (Wulongtan Pond),2017-10-22 00:00,7,0
L23542178,CN,CN-33,,30.611299,121.1064888,乍浦--滨海中央公园 (Zhapu--Marina Central Park),2024-04-24 00:00,14,0
L40457601,CN,CN-36,,28.8216607,115.8552487,乐化水库 (Lehua Reservoir),2026-02-04 07:21,53,3
L21777593,CN,CN-46,,19.96412,110.41558,乐只村荒地 (Lezhi Wastelands),2026-03-09 08:45,66,12
L72229240,CN,CN-35,,24.90592,117.21753,乐土雨林 (Letu Forest),2025-12-26 07:56,24,1
L40083994,CN,CN-44,,22.6737243,114.219376,乐城公园 (Lecheng Park)
L9370712,CN,CN-63,,36.5595,101.8172,乐家湾南山 (Lejiawan southern hills),2026-07-11 13:29,55,65
L12356585,CN,CN-51,,29.547403,103.769876,乐山大佛景区 (Leshan Giant Buddha Scenic Area),2026-09-17 14:52,109,66
L36836634,CN,CN-11,,39.8074826,116.2394272,乐活中堤 (Lehuo Zhongdi),2026-09-27 16:44,229,560
L61162834,CN,CN-11,,39.7375837,116.2464163,乐活中堤南 (Lehuo Zhongdi South),2026-03-28 14:17,32,3
L21478705,CN,CN-33,,28.1507228,121.048921,乐清--长腰山 (Yueqing--Changyao Hill),2026-01-18 00:00,48,1
L38303331,CN,CN-33,,28.1206347,120.9893276,"乐清东山公园 (Dongshan Park, Yueqing)",2025-11-09 14:33,7,1
L23246116,CN,CN-33,,28.1061204,120.9801414,乐清中心公园 (Yueqing Central Park),2026-01-17 00:00,2,0
L10976738,CN,CN-33,,28.0642668,121.0134173,乐清海滨围垦区 (Yueqing Coast),2025-06-20 00:00,28,0
L22019557,CN,CN-33,,28.0312667,121.0171364,乐清翁垟海滨 (Yueqing Wengyang Coast),2026-06-10 00:00,65,4
L19492702,CN,CN-33,,28.09539,121.0218019,乐清胜利塘 (Yueqing--Shenglitang Coast),2026-06-21 10:30,75,13
L12396218,CN,CN-33,,30.3503777,120.3346652,乔司农场 (Qiaosi Farm),2026-09-25 19:50,124,55
L37874537,CN,CN-32,,32.1134364,118.9485073,九乡河仙林段 (Jiuxiang River - Xianlin Section),2026-09-24 16:03,106,70
L12913425,CN,CN-53,,25.0683794,103.3838797,九乡风景区 (Yiliang Jiuxiang Scenic Area),2026-07-25 18:15,21,5
L26347362,CN,CN-37,,35.6975455,119.3319209,"九仙山 (Jiuxian Mountain, Rizhao)",2023-06-04 06:00,35,2
L39745896,CN,CN-35,,25.7077986,118.1114707,九仙山风景区 (Jiuxianshan Scenic Area)
L35608969,CN,CN-34,,30.4877938,117.8269617,九华山风景区 (Jiuhua Mountain Scenic Area),2026-02-18 13:48,62,20
L59064339,CN,CN-44,,22.640205,113.8625119,九围湿地公园 (Jiuwei Wetland Park),2026-09-03 09:16,55,7
L21244028,CN,CN-33,,28.0820541,119.1232444,九姑山公园 (Jiugushan Park),2026-05-12 12:00,60,6
L39575479,CN,CN-42,,29.3958224,114.6744184,九宫山风景区 (Jiugong Mountain Scenic Area),2024-10-11 17:30,5,1
L1220556,CN,CN-51,,33.14767,103.90365,九寨沟自然保护区 (Jiuzhaigou NNR),2026-09-28 08:15,344,553
L33629354,CN,CN-51,,33.04874,103.931694,九寨沟自然保护区--五彩池 (Jiuzhaigou NNR--Colorful Pond),2026-07-22 11:38,35,23
L33627967,CN,CN-51,,33.158949,103.880364,九寨沟自然保护区--五花海 (Jiuzhaigou NNR--Five-Flower Lake),2026-08-28 10:54,113,58
L5875087,CN,CN-51,,33.123318,103.924824,九寨沟自然保护区--则渣洼沟 (Jiuzhaigou NNR--Zezhawa Valley),2026-09-11 17:53,103,14
L4641214,CN,CN-51,,33.069765,103.858546,九寨沟自然保护区--原始森林 (Jiuzhaigou NNR--Primeval Forest),2026-07-23 10:34,176,37
L35348129,CN,CN-51,,33.2037938,103.8989774,九寨沟自然保护区--树正群海 (Jiuzhaigou NNR--Shuzheng Lakes),2026-09-14 13:03,93,34
L5875091,CN,CN-51,,33.131189,103.873298,九寨沟自然保护区--箭竹海至熊猫海 (Jiuzhaigou NNR--Arrow Bamboo Lake boardwalk to Panda Lake),2026-09-28 08:15,105,40
L4641213,CN,CN-51,,33.163794,103.904162,九寨沟自然保护区--镜海 (Jiuzhaigou NNR--Mirror Lake),2026-08-11 15:05,158,38
L33629064,CN,CN-51,,33.043052,103.932529,九寨沟自然保护区--长海 (Jiuzhaigou NNR--Long Lake),2026-07-23 11:09,121,51
L30077743,CN,CN-33,,28.0094196,120.6505291,九山公园 (Jiushan Park),2026-04-08 16:20,47,12
L13744436,CN,CN-12,,40.2209816,117.5100667,九山顶石英砂岩峰林景区 (Jiushanding Scenic Area),2026-01-06 12:35,39,7
L10847089,CN,CN-33,,28.6387094,121.280294,九峰公园 (Jiufeng Park),2025-11-06 00:00,48,13
L24047828,CN,CN-42,,30.5055452,114.4993746,九峰山 (Jiufeng Hill),2026-02-19 08:08,58,4
L4947190,CN,CN-35,,26.6289603,118.1851888,九峰山公园 (Jiufeng Hill Park),2024-01-09 12:02,42,6
L50921096,CN,CN-35,,26.2365142,119.2769321,九峰村 (Jiufeng Village),2025-12-13 12:40,13,2
L13891632,CN,CN-33,,28.9586726,119.4036088,九峰水库 (Jiufeng Reservoir),2021-03-26 00:00,2,0
L38786341,CN,CN-37,,36.4330144,116.0520805,九州洼月季公园 (Jiuzhouwa Yueji Park)
L22434549,CN,CN-23,,52.9337218,122.6635659,九曲十八湾风景区 (Jiuqu Shibawan Scenic Area),2013-06-29 08:47,2,1
L38081241,CN,CN-46,,18.265931,109.6134835,九曲水库 (Jiuqu Reservoir),2026-09-06 07:30,63,9
L38162982,CN,CN-50,,29.6534893,106.5099771,九曲河湿地公园--东区 (Jiuquhe Wetland Park--East Area)
L38162981,CN,CN-50,,29.6509759,106.4934612,九曲河湿地公园--中区 (Jiuquhe Wetland Park--Central Area),2026-06-09 00:00,14,1
L38162975,CN,CN-50,,29.6526275,106.4775189,九曲河湿地公园--西区 (Jiuquhe Wetland Park--West Area),2026-06-14 18:20,34,1
L61421814,CN,CN-31,,30.9406605,121.4855075,九棵树艺术公园 (Jiukeshu Future Art Center),2026-02-15 16:00,28,5
L19509165,CN,CN-31,,31.2146637,121.9275411,九段沙湿地国家级自然保护区 (Jiuduansha Wetland NNR),2026-02-11 13:00,117,11
L8349891,CN,CN-36,,29.7058795,115.7441682,"九江东湖 (East Lake, Jiujiang)",2026-05-23 09:52,162,167
L38552591,CN,CN-36,,29.7113709,116.0028959,"九江南湖公园 (Nanhu Park, Jiujiang)",2026-09-05 12:33,20,2
L57585410,CN,CN-36,,29.6812754,116.0092968,九江学院 (Jiujiang University),2022-04-02 08:00,53,5
L32490037,CN,CN-36,,29.7660294,115.7270122,"九江赤湖 (Chi Lake, Jiujiang)",2026-02-15 11:57,89,9
L32362347,CN,CN-33,,30.2044625,120.1108761,九溪十八涧 (Nine Creeks and Eighteen Gullies),2026-06-12 16:16,72,27
L40944363,CN,CN-33,,30.1384795,120.0561251,九炮山 (Jiupao Mountain),2026-08-08 16:40,61,36
L36309175,CN,CN-63,,36.571124,101.82918,九眼泉景区 (Jiuyanquan Scenic Area),2026-07-11 12:59,8,1
L40002978,CN,CN-31,,31.1086329,121.3275038,九科绿洲 (Jiuke Oasis),2026-03-07 16:01,25,3
L38175324,CN,CN-51,,30.5313839,105.5738701,九莲洲生态湿地公园 (Jiulianzhou Wetland Park),2026-06-07 13:25,25,1
L4140689,CN,CN-36,,24.582163,114.439919,九连山国家级自然保护区 (Jiulian Mountain NNR),2026-05-23 12:55,136,25
L27819139,CN,CN-32,,31.1943436,120.7294225,九里圩 (Jiuli Polder),2026-08-26 17:20,109,31
L27938943,CN,CN-32,,31.5859529,120.4132342,九里河湿地公园 (Jiulihe Wetland Park),2026-04-26 09:04,28,11
L38256380,CN,CN-35,,25.4597134,118.8244836,九鲤湖风景区 (Jiulihu Scenic Area)
L57415334,CN,CN-33,,30.0432418,121.5040279,九龙之巅环线 (Jiulong Peak Loop),2026-01-17 16:15,5,1
L39865721,CN,CN-32,,33.4057529,119.6105449,九龙口风景区 (Jiulongkou Scenic Area),2023-04-23 14:15,15,1
L7784908,CN,CN-33,,28.3733869,119.8235226,九龙国家湿地公园 (Jiulong National Wetland Park),2026-06-20 14:00,233,92
L7976758,CN,CN-33,,30.5924528,121.1006358,九龙山国家森林公园 (Jiulongshan National Forest Park),2026-09-28 08:00,306,1209
L10841071,CN,CN-33,,28.3669225,118.8837728,九龙山国家级自然保护区 (Jiulong Mountain NNR),2026-08-11 06:07,72,20
L20901577,CN,CN-33,,30.6033418,121.1318106,九龙山旅游度假区 (Jiulongshan Tourist Resort),2026-09-28 08:00,182,59
L38340342,CN,CN-14,,38.4068659,112.7019995,九龙岗城郊森林公园 (Jiulonggang Forest Park)
L13256598,CN,CN-33,,30.0379084,121.5341588,九龙湖 (Jiulong Lake),2026-07-19 10:20,44,3
L54094771,CN,CN-32,,31.901293,118.8178486,九龙湖南湖公园 (Jiulong South Lake Park),2026-01-17 11:30,17,2
L38858195,CN,CN-37,,37.4301333,122.1704549,九龙湾公园 (Jiulongwan Park),2026-07-23 13:35,6,0
L5639511,CN,CN-53,,25.0126717,104.4067776,九龙瀑布群 (Jiulong Waterfalls),2025-03-22 13:36,33,2
L39581577,CN,CN-42,,31.9811156,112.1631128,习家池 (Xijiachi),2026-07-26 18:00,50,7
L26346627,CN,CN-32,,31.2764346,120.7402167,书影街公园 (Shuying St. Park),2026-09-24 11:49,35,268
L38109676,CN,CN-53,,28.291501,99.1596842,书松村老路 (Shusong Old Road),2025-04-09 14:00,12,3
L36987730,CN,CN-37,,36.8261501,121.6377946,乳山潮汐湖湿地公园 (Rushan Tidal Lake Wetland Park),2025-08-15 21:53,66,5
L38341093,CN,CN-21,,41.1031964,123.0089089,二一九公园 (Feb 19th Park),2026-02-17 10:30,10,2
L25385590,CN,CN-44,,22.124156,113.466506,二井湾湿地公园 (Erjingwan Wetland Park),2026-09-22 00:00,123,99
L45219658,CN,CN-51,,30.6898427,104.1192943,二仙桥公园 (Er'xianqiao Park),2025-05-17 17:07,9,1
L38027002,CN,CN-15,,49.5085552,117.7785861,二卡湿地公园 (Erka Wetland Park),2026-07-15 16:42,42,7
L39659350,CN,CN-42,,30.6931818,114.0582646,二支沟 (Erzhigou),2026-09-16 11:04,111,25
L22560453,CN,CN-51,,30.7868418,104.1467404,二江沱公园 (Erjiangtuo Park),2023-02-12 10:00,11,1
L12757793,CN,CN-33,,30.9511543,119.6041577,二界岭水库 (Erjieling Reservoir),2020-11-18 10:10,32,2
L72229281,CN,CN-15,,43.6839497,111.9896507,"二连浩特天鹅湖湿地公园 (Swan Lake Wetland Park, Erenhot)",2025-08-08 06:15,46,1
L5920368,CN,CN-51,,29.844815,102.250324,二郎山 (Erlang Shan),2026-08-30 10:57,292,343
L62764739,CN,CN-15,,40.5911363,112.316297,二龙什台地质公园 (Erlongshitai Geo-Park),2026-05-15 08:32,16,1
L62764704,CN,CN-15,,40.6397441,112.2924262,二龙什台森林公园 (Erlongshitai Forest Park),2026-06-25 07:10,20,1
L52622208,CN,CN-35,,26.0778993,119.3078535,于山 (Yushan Hill),2026-09-08 00:00,9,3
L13744442,CN,CN-12,,40.0136638,117.5409246,于桥水库 (Yuqiao Reservoir),2026-05-04 07:45,122,32
L39392621,CN,CN-44,,23.22123,112.8965159,云东海国家湿地公园 (Yundonghai Wetland Park),2026-03-31 14:32,63,8
L40627418,CN,CN-33,,27.8121677,119.5988789,云中大漈景区 (Yunzhong Daji Scenic Area),2025-05-11 10:08,39,13
L47766132,CN,CN-51,,31.0497081,103.226673,云中牧场 (Yunzhong Pasture),2026-06-05 08:19,37,3
L4836229,CN,CN-14,,40.1091229,113.1284858,云冈石窟 (Yungang Grottoes),2026-09-05 08:26,75,35
L39655466,CN,CN-44,,22.7566965,112.6705446,云勇森林公园 (Yunyong Forest Park),2025-02-15 11:26,59,7
L3731170,CN,CN-53,,25.0567711,102.7010147,云南大学 (Yunnan University),2026-09-10 10:16,130,159
L10379015,CN,CN-53,,24.826504,102.8516883,云南大学呈贡校区 (Yunnan University - Chenggong Campus),2026-06-25 14:42,74,17
L37987738,CN,CN-53,,25.0967886,102.7846916,云南野生动物园 (Yunnan Wildlife Park),2026-09-13 14:22,39,2
L35609033,CN,CN-32,,34.7222757,119.4388485,云台山 (Yuntai Mountain),2026-02-18 11:48,24,3
L38671824,CN,CN-41,,35.4289154,113.3752903,云台山风景区 (Yuntai Mountain Scenic Area),2025-06-28 13:28,25,4
L21369045,CN,CN-44,,23.1574565,113.2933485,云台花园 (Yuntai Garden),2026-02-18 12:56,34,5
L30889202,CN,CN-33,,28.1069161,119.567533,云和木玩乐园 (Yunhe Muwan Park),2026-05-17 00:00,29,5
L19974643,CN,CN-33,,28.0469639,119.4636907,云和梯田景区 (Yunhe Terrace Scenic Area),2026-03-22 10:43,84,13
L38745061,CN,CN-31,,31.2298843,121.6372365,云天湖公园 (Yuntian Lake Park),2026-09-26 16:15,113,239
L28253245,CN,CN-36,,29.0874619,115.5908326,云居山 (Yunju Mountain),2024-12-05 00:51,28,5
L25363816,CN,CN-11,,39.8201427,116.1536095,云岗森林公园 (Yungang Forest Park),2026-07-06 16:49,66,17
L3272987,CN,CN-53,,25.3736052,98.4049403,云峰山 (Yunfengshan),2026-08-16 13:47,131,20
L17983831,CN,CN-32,,31.4232186,120.7852384,云杉湖公园 (Yunshanhu Park),2026-06-15 12:42,52,9
L27446075,CN,CN-51,,30.8726048,103.8933308,云桥湿地 (Yunqiao Wetlands),2026-06-07 21:49,41,3
L39643555,CN,CN-35,,24.6648132,117.093544,云水谣土楼 (Yunshuiyao Tulou Scenic Area),2025-12-26 13:34,14,1
L38897119,CN,CN-44,,22.9092195,112.0455536,云浮南山森林公园 (Yunfu Nanshan Forest Park),2025-02-24 12:30,7,1
L38897090,CN,CN-44,,22.9219588,112.0571173,云浮植物园 (Yunfu Botanical Garden)
L19426533,CN,CN-44,,23.181957,113.2798254,云溪生态公园 (Yunxi Eco-Park),2026-05-27 08:01,79,18
L35272382,CN,CN-36,,28.4477768,117.9983152,云碧峰国家森林公园 (Yunbifeng National Forest Park),2026-09-27 08:48,41,6
L10834271,CN,CN-11,,40.5838766,116.7102098,云蒙山自然风景区 (Yunmengshan Scenic Area),2026-06-28 08:00,82,13
L53211770,CN,CN-36,,29.2881994,117.2188159,云门公园 (Yunmen Park),2025-03-23 14:30,8,1
L25997935,CN,CN-52,,27.68014,107.30924,云门囤景区 (Yunmentun Scenic Area),2023-07-07 10:00,16,1
L38131214,CN,CN-50,,30.9337898,108.7103458,云阳三峡梯城 (Yunyang Three-Gorges Fortress),2026-02-08 14:17,4,0
L23929102,CN,CN-35,,27.0121216,118.3205176,云际山公园 (Yunji Hill Park),2025-11-18 06:50,37,4
L39719249,CN,CN-42,,31.1373963,114.2395223,云雾山 (Yunwu Mountain),2023-04-14 08:45,16,1
L12188150,CN,CN-14,,37.8813889,111.5536111,云顶山 (Yunding Mountain),2022-07-19 14:53,28,2
L9929743,CN,CN-35,,24.9017291,118.1503075,云顶山 (Yunding Mountain),2026-05-01 05:43,83,9
L39857021,CN,CN-32,,34.2544497,117.1791673,云龙公园 (Yunlong Park)
L24132292,CN,CN-13,,38.151119,114.497667,云龙大桥 (Yunlong Bridge）,2026-08-17 05:39,117,19
L10271063,CN,CN-53,,25.8664108,99.2819347,云龙天池自然保护区 (Yunlong Tianchi NNR),2026-04-19 09:15,135,9
L39857058,CN,CN-32,,34.242043,117.1799662,云龙山 (Yunlong Hill)
L59566092,CN,CN-32,,34.2314533,117.1595661,云龙湖 (Yunlong Lake),2026-06-25 05:19,36,4
L6183340,CN,CN-63,,36.8091473,102.526474,互助北山国家森林公园 (Huzhu Beishan National Forest Park),2026-07-21 08:31,159,124
L947367,CN,CN-51,,31.0058629,103.1801605,五一棚保护站 (Wuyipeng Research Station),2025-09-10 09:00,229,82
L69726090,CN,CN-11,,40.052519,116.245312,五一渠生态滨河公园 (Wuyiqu Ecological Riverside Park),2026-08-31 06:46,47,33
L64147861,CN,CN-32,,34.7557525,119.245348,五七盐场 (Saltworks 57),2026-05-11 13:00,62,1
L13362883,CN,CN-33,,30.0936579,120.1213419,五丰岛 (Wufeng Island),2026-09-25 09:07,271,414
L1208708,CN,CN-53,,27.7950412,99.7234313,五凤山 (Wufeng Hill),2018-08-19 16:32,48,4
L4836212,CN,CN-14,,39.0131984,113.5930309,五台山风景名胜区 (Mount Wutai Scenic Area),2026-06-10 13:30,56,13
L35609084,CN,CN-23,,48.7202286,126.1458246,五大连池风景区 (Wudalianchi Scenic Area),2026-08-02 14:06,2,0
L47090471,CN,CN-21,,41.326203,125.41849,五女山景区 (Wunüshan Scenic Area),2025-09-13 10:30,23,3
L8714082,CN,CN-22,,41.2752451,126.1224323,五女峰国家森林公园 (Wunüfeng National Forest Park),2015-04-04 07:00,56,1
L8333793,CN,CN-45,,23.0751412,106.4560089,五岭山 (Wuling Mountain),2024-12-04 08:00,108,7
L10819351,CN,CN-33,,30.2203972,121.8973653,五峙山列岛鸟类省级自然保护区 (Wuzhishan Islands PNR),2026-07-24 06:07,188,209
L60975805,CN,CN-35,,24.7723276,118.4633285,五峰公园 (Wufeng Park),2023-08-21 15:20,4,1
L7327174,CN,CN-33,,30.2603197,120.0249061,五常湿地 (Wuchang Wetlands),2026-09-28 07:00,199,437
L38025923,CN,CN-15,,42.4917547,117.0881513,五彩山 (Wucaishan)
L64612312,CN,CN-65,,47.8387581,86.6710177,五彩滩景区 (Wucaitan Scenic Area),2026-09-23 10:04,20,7
L20246172,CN,CN-46,,18.9021,109.68839,五指山国家级自然保护区 (Wuzhishan NNR),2026-06-07 09:00,87,29
L76280043,CN,CN-46,,18.865924,109.6811462,五指山水满河热带雨林景区 (Shuiman River Rainforest Scenic Area)
L6529724,CN,CN-36,,28.7574714,116.3154888,五星农场 (Five-Star Farm),2026-02-21 15:55,181,174
L7809091,CN,CN-62,,36.0356172,103.8252564,五泉山公园 (Wu Quan Shan Park),2026-08-05 10:09,32,8
L24527670,CN,CN-37,,36.6929827,116.8190633,五洲农业 (Wuzhou Farm),2026-09-06 20:28,142,28
L38842334,CN,CN-37,,35.0992771,118.3564008,五洲湖 (Wuzhou Lake)
L63732858,CN,CN-46,,19.9988,110.23241,五源河国家湿地公园 (Wuyuanhe National Wetland Park),2026-09-20 09:54,117,80
L29679113,CN,CN-46,,19.9667025,110.2436008,五源河国家湿地公园--上游 (Wuyuanhe National Wetland Park--Upstream Area),2025-02-17 09:15,39,3
L15590258,CN,CN-46,,20.0480056,110.2052389,五源河国家湿地公园--下游 (Wuyuanhe National Wetland Park--Downstream Area),2026-09-20 09:54,100,42
L63734974,CN,CN-46,,20.01567,110.22908,五源河国家湿地公园--中游 (Wuyuanhe National Wetland Park--Midstream Area)
L15706881,CN,CN-46,,20.0565894,110.2064748,五源河国家湿地公园--入海口 (Wuyuanhe National Wetland Park--Estuary Area),2026-05-09 09:00,75,32
L38126981,CN,CN-53,,24.9476075,102.7161787,五甲塘湿地公园 (Wujiatang Wetland Park),2026-09-16 21:13,51,3
L4818767,CN,CN-35,,24.5168109,118.1755949,五缘湾湿地公园 (Wuyuan Bay Wetland Park),2026-09-05 17:28,118,71
L38340784,CN,CN-14,,34.8024859,110.5908086,五老峰景区 (Wulaofeng Scenic Area),2026-04-05 10:04,1,0
L62919833,CN,CN-37,,35.6930295,119.39641,五莲山 (Wulian Mountain),2025-05-01 11:00,8,1
L32231010,CN,CN-23,,48.2273107,129.2143824,五营国家森林公园--天赐湖 (Wuying NFP--Lake Tianci),2024-06-24 09:00,13,2
L32230883,CN,CN-23,,48.2530562,129.2038504,五营国家森林公园--森林浴度假山庄 (Wuying NFP--Lodge and Parking Area),2024-09-15 15:00,46,7
L32231385,CN,CN-23,,48.2044803,129.2084729,五营国家森林公园--游客中心 (Wuying NFP--Main Entrance),2026-05-13 10:20,13,2
L25070809,CN,CN-35,,25.9423059,119.3180689,五虎山 (Wuhu Mountain),2026-05-17 08:08,84,17
L36839888,CN,CN-45,,22.7580188,108.3534654,五象岭森林公园 (Wuxiangling Forest Park),2026-01-10 15:00,9,3
L36839891,CN,CN-45,,22.7414992,108.3755059,五象湖公园 (Wuxiang Lake Park),2026-07-23 18:00,42,4
L38650517,CN,CN-21,,41.7586924,123.4632804,五里河公园 (Wulihe Park),2026-09-21 12:58,11,1
L38018666,CN,CN-15,,47.1909149,119.9337678,五里泉湿地公园 (Wuliquan Wetland Park),2026-08-14 08:00,8,1
L36884796,CN,CN-37,,36.665981,117.0146408,五龙潭公园 (Five-Dragon Pool Park),2025-05-28 13:30,19,3
L21357740,CN,CN-65,,45.9889711,85.7729459,井下农场 (Jingxia Farm),2023-06-06 11:55,41,10
L8495857,CN,CN-36,,26.499002,114.0874441,井冈山国家级自然保护区 (Jinggang Mountain NNR),2025-07-12 14:58,68,10
L32414093,CN,CN-36,,26.585627,114.160072,井冈山风景区 (Jinggangshan Scenic Area),2026-04-16 13:41,26,4
L3859489,CN,CN-51,,28.3764489,100.3536701,亚丁自然保护区--五色海 (Yading NNR--Five-Color Lake),2026-06-26 10:00,20,1
L3859490,CN,CN-51,,28.4538262,100.3400016,亚丁自然保护区--亚丁村 (Yading NNR--Yading Village),2026-08-23 09:14,42,7
L3864585,CN,CN-51,,28.4285557,100.3599017,亚丁自然保护区--冲古寺 (Yading NNR--Chonggu Monastery),2026-07-04 15:33,60,7
L38183144,CN,CN-51,,28.3885991,100.3834564,亚丁自然保护区--洛绒牛场 (Yading NNR--Luorong Ranch),2026-07-05 11:51,30,4
L38183057,CN,CN-51,,28.3722092,100.3492004,亚丁自然保护区--牛奶海 (Yading NNR--Milk Lake),2019-02-05 10:50,4,0
L37988228,CN,CN-65,,41.7241223,80.3484627,亚伊拉克 (Yaylaq),2026-07-28 19:00,3,1
L38672249,CN,CN-41,,34.4581367,110.4483507,亚武山 (Yawu Mountain),2026-05-28 15:52,40,2
L38895768,CN,CN-37,,36.6831552,121.1768779,亚沙水生植物园 (Yasha Aquatic Botanical Garden),2025-02-01 15:30,52,7
L39963110,CN,CN-44,,23.0040067,113.1336134,亚洲艺术公园 (Asian Arts Park),2026-02-17 10:08,11,1
L35348054,CN,CN-51,,33.3974613,103.7309943,亚隆纳日垭口 (Yalongnari Mountain Pass),2026-06-30 18:20,9,5
L22062329,CN,CN-46,,18.2517687,109.644413,亚龙湾热带天堂森林公园 (Yalong Bay Tropical Forest Park),2026-01-24 10:47,55,12
L56017019,CN,CN-14,,37.5728992,112.1349621,"交城卦山景区 (Guashan Scenic Area, Jiaocheng)",2026-07-31 13:27,48,22
L38451052,CN,CN-11,,39.8101353,116.4904346,亦庄文化园 (Yizhuang Culture Park)
L15662220,CN,CN-37,,37.018843,120.451818,产芝水库北 (N Chanzhi Reservoir),2021-07-06 16:07,26,1
L59060793,CN,CN-37,,36.9327771,120.4720507,产芝水库南 (S Chanzhi Reservoir),2020-02-23 10:45,19,1
L13513615,CN,CN-37,,36.96396,120.39555,产芝水库西北 (NW Chanzhi Reservoir),2026-02-26 09:45,81,10
L17648080,CN,CN-11,,40.2465684,117.1587124,京东大峡谷 (Jingdong Grand Valley),2026-06-19 09:51,48,9
L61761634,CN,CN-11,,40.22644,117.38356,京津冀三界碑 (Beijing-Tianjin-Hebei Boundary Marker),2026-04-04 08:37,21,4
L38212196,CN,CN-11,,39.9639086,116.046049,京西古道风景区 (Jingxi Historic Trail Scenic Area),2026-08-19 00:00,26,5
L36497965,CN,CN-11,,40.0956851,116.1951611,京西稻智慧农场 (Jingxi Rice Smart Farm),2026-09-28 07:40,186,356
L18075491,CN,CN-33,,29.655854,121.2071733,亭下水库 (Tingxia Reservoir),2026-03-07 10:21,7,0
L17423509,CN,CN-32,,31.0271284,120.504922,亭子港北 (Tingzigang North),2026-06-21 07:45,159,40
L39908109,CN,CN-32,,31.3909633,120.9493783,亭林园 (Tinglin Park),2026-09-05 11:31,30,5
L29578882,CN,CN-11,,39.974528,116.315332,人大附中 (The High School Affiliated to RUC),2026-02-28 15:01,16,15
L24101676,CN,CN-11,,39.9575423,116.3855364,人定湖公园 (Rendinghu Park),2026-02-13 12:05,41,26
L2084957,CN,CN-31,,31.2322338,121.4732122,人民公园 (People's Park),2026-09-06 12:18,68,90
L64113812,CN,CN-11,,39.9360881,116.3930375,什刹海--前海 (Shichahai--Qianhai Lake),2026-08-18 13:40,16,5
L10886333,CN,CN-11,,39.9417006,116.3856555,什刹海--后海 (Shichahai--Houhai Lake),2026-07-16 18:04,44,39
L38468853,CN,CN-11,,39.9467415,116.3768739,什刹海--西海 (Shichahai--Xihai Lake),2026-09-13 16:54,56,147
L36309156,CN,CN-62,,36.1337971,103.6882765,仁寿山森林公园 (Renshoushan Forest Park)
L57630286,CN,CN-33,,29.686605,121.417194,仁湖公园 (Renhu Park),2026-09-04 07:20,75,64
L21766278,CN,CN-33,,30.8932251,120.0692521,仁皇山风景区 (Renhuangshan Scenic Area),2025-03-09 00:00,19,2
L28231524,CN,CN-54,,29.3013146,95.3516851,仁青崩寺 (Rinchenpung Monastery),2026-09-27 07:57,315,236
L56444327,CN,CN-33,,30.333201,119.907089,仇山村--黄母山 (Qiushan Village--Huangmu Hill),2026-03-21 07:02,62,18
L57623280,CN,CN-44,,23.7233167,113.8091967,"从化五指山 (Wuzhi Mountain, Conghua)",2026-09-26 14:08,77,50
L3458760,CN,CN-44,,23.712956,113.868432,"从化溪头村 (Xitou Village, Conghua)",2026-09-26 13:35,115,33
L39359860,CN,CN-44,,23.6539667,113.6432183,"从化白石山 (Baishi Mountain, Conghua)",2026-09-21 06:45,118,112
L30185246,CN,CN-12,,39.0786864,117.1221456,付村湿地 (Fucun Wetlands),2025-05-12 09:54,78,24
L38426238,CN,CN-45,,21.6235113,108.3503885,仙人山公园 (Xianrenshan Park)
L14781931,CN,CN-21,,40.0009888,122.956131,仙人洞保护区 (Xianrendong Reserve),2024-12-05 11:01,85,27
L29865587,CN,CN-53,,24.1256905,104.1285142,仙人洞村 (Xianrendong),2024-02-15 08:30,39,4
L6084689,CN,CN-44,,22.2632581,111.2339187,仙人洞风景区 (Xianrendong Scenic Area),2023-02-11 09:55,51,4
L39655129,CN,CN-35,,26.2407982,117.6532047,仙人谷森林公园 (Xianrengu Forest Park)
L40144884,CN,CN-53,,24.3297469,98.5138125,仙佛洞风景区 (Xianfodong Scenic Area),2026-02-24 14:52,19,4
L38190169,CN,CN-33,,29.5192336,119.8906876,仙华山风景区 (Xianhuashan Scenic Area),2024-11-22 00:00,1,0
L40843470,CN,CN-35,,23.6717167,117.2063665,仙塘村 (Xiantang Village),2025-11-28 14:56,56,2
L38131959,CN,CN-50,,29.5059578,107.7443106,仙女山国家森林公园 (Fairy Mountain National Forest Park),2026-09-15 15:00,17,3
L50604976,CN,CN-50,,29.4852539,107.727598,仙女山国家级森林公园--树顶漫步及附近 (Fairy Mountain NFP--Treetop Walk),2025-06-06 15:30,4,1
L38858176,CN,CN-37,,37.4649467,122.1070289,仙姑顶风景区 (Xian'guding Scenic Area),2026-05-01 14:21,2,0
L11134062,CN,CN-33,,28.54525,120.5923979,仙居括苍山省级自然保护区 (Xianju Kuocang Mountain PNR),2025-05-31 08:00,14,1
L35433583,CN,CN-35,,24.4960767,118.1000926,仙岳公园 (Xianyue Park),2026-09-15 05:50,36,27
L39859148,CN,CN-32,,32.127648,118.9855382,仙林湖公园 (Xianlin Lake Park),2026-07-09 17:00,48,18
L4317887,CN,CN-44,,24.2803181,113.3435976,仙桥地下河风景区 (Xianqiao Underground River),2025-07-16 15:52,57,4
L17954045,CN,CN-32,,31.4047649,120.7558843,仙樱湖公园 (Xianyinghu Park),2026-07-14 13:15,103,35
L59516482,CN,CN-33,,28.6852623,120.1500463,仙都国家级风景名胜区 (Xiandu National Scenic Area),2026-03-21 10:06,36,3
L34158530,CN,CN-35,,27.1482425,119.2750137,仙风山 (Mount Xianfeng),2024-07-01 13:15,19,2
L38340474,CN,CN-14,,39.0577097,112.9675864,"代县滹沱河湿地公园 (Hutuohe Wetland Park, Daixian)"
L40237739,CN,CN-36,,27.8448182,114.8850165,仰天岗森林公园 (Yangtiangang Forest Park),2025-01-30 09:14,31,2
L38502023,CN,CN-43,,25.5100593,112.8366705,仰天湖草原 (Yangtianhu Meadow),2026-08-21 12:36,1,1
L38450960,CN,CN-11,,40.0190192,116.4128196,仰山公园 (Yangshan Park)
L38843330,CN,CN-37,,35.4417989,116.6048585,任城湿地公园 (Rencheng Wetland Park)
L3798980,CN,CN-15,,52.1508333,121.4656389,伊克萨玛森林公园 (Yikesama Forest Park),2024-07-19 07:05,66,9
L36885673,CN,CN-65,,43.9196583,81.3020017,"伊宁人民公园 (People's Park, Yining)",2026-06-12 12:40,1,0
L46705321,CN,CN-65,,43.9169154,81.3440184,"伊宁后滩公园 (Houtan Park, Yining)",2026-09-04 17:05,17,1
L35754198,CN,CN-45,,23.0394557,108.2965279,伊岭岩景区 (Yiling Rock Scenic Area),2024-08-14 16:21,5,2
L28580517,CN,CN-15,,49.2248,119.75377,伊敏河河心公园 (Yimin River Park),2026-08-15 05:42,52,20
L38035840,CN,CN-23,,47.739751,128.8970223,"伊春北山公园 (Beishan Park, Yichun)"
L64329819,CN,CN-65,,43.3851744,81.0265155,伊昭公路--安格列特达坂 (YiZhao Highway--Angirt Daban [3180m])
L9921919,CN,CN-65,,43.42281,81.04318,伊昭公路--白石峰观景台 (YiZhao Highway--White Rock Peak View),2026-07-11 08:55,57,5
L64330021,CN,CN-65,,43.257926,81.0867802,伊昭公路--野狼谷营地 (YiZhao Highway--Wolf Valley Camping Site),2026-08-09 18:06,6,1
L59214080,CN,CN-41,,34.5880762,112.4920126,伊河湿地公园 (Yihe Wetland Park),2026-08-03 06:27,48,3
L37991636,CN,CN-65,,43.3802284,83.6051502,伊犁植物园 (Ili Botanical Garden)
L47901962,CN,CN-65,,43.918919,80.920995,伊犁河--可克达拉南岸 (Ili River--Kokdala South Bank),2026-07-10 11:15,52,3
L9920791,CN,CN-65,,43.8917556,81.2949448,伊犁河湿地 (Ili River Wetlands),2026-08-19 08:40,111,29
L29781973,CN,CN-22,,43.9667516,125.3526324,伊通河北湖段 (Yitong River - Beihu Section),2026-03-14 08:32,65,10
L38037986,CN,CN-22,,43.3719636,125.2665449,伊通湿地公园 (Yitong Wetland Park)
L30530010,CN,CN-50,,29.3928371,106.4694001,伏牛溪江滩 (Funiuxi Riverside),2026-04-20 22:30,23,3
L38425399,CN,CN-45,,22.6840877,110.310605,会仙河公园 (Huixianhe Park)
L38441871,CN,CN-45,,25.0956936,110.207138,会仙湿地 (Huixian Wetlands),2026-09-13 12:00,26,3
L6994159,CN,CN-44,,22.3572021,113.5120516,会同村 (Huitong Village),2026-09-24 11:26,43,15
L69708725,CN,CN-35,,24.4679451,118.1886791,会展中心沙滩（Convention Center Beach）,2026-07-22 12:17,27,10
L38669211,CN,CN-33,,29.9622882,120.6183954,会稽山风景区 (Kuaiji Mountain Scenic Area),2026-02-18 10:04,19,2
L38474341,CN,CN-43,,28.5795871,112.3309342,会龙山 (Huilong Hill)
L18086726,CN,CN-44,,23.1106426,113.3129979,传祺公园 (Chuanqi Park),2026-01-26 13:04,33,16
L65360865,CN,CN-51,,33.445751,102.661153,传说中的圣地 (Legendary Sacred Land),2026-09-22 08:57,103,71
L29779622,CN,CN-22,,43.9062277,125.3494873,伪满皇宫博物院 (Palace Museum of the Manchukuo Regime),2026-01-02 11:22,7,3
L61597205,CN,CN-32,,32.2113062,119.4305867,伯先公园 (Boxian Park),2024-01-31 14:30,7,1
L40843587,CN,CN-45,,21.7573096,108.3564983,伯南公园 (Bonan Park),2024-01-24 13:30,4,1
L6802996,CN,CN-31,,31.0945247,121.1929482,佘山国家森林公园 (Sheshan National Forest Park),2026-09-25 10:30,102,134
L15346905,CN,CN-33,,30.047755,121.1527539,余姚--龙山公园 (Yuyao--Longshan Park),2026-08-02 16:20,17,4
L14476623,CN,CN-33,,30.2395523,120.9776044,余姚海涂 (Yuyao Coast),2025-11-11 14:50,200,72
L15580574,CN,CN-33,,30.862206,120.118051,余家漾公园 (Yujiayang Park),2026-06-07 08:20,31,2
L35900688,CN,CN-33,,30.2758582,119.9990443,余杭中央公园 (Yuhang Central Park),2026-01-18 17:02,34,4
L2330993,CN,CN-33,,30.257,119.923,余杭南湖 (Yuhang Nanhu Lake),2026-09-28 05:50,338,2015
L40994153,CN,CN-33,,30.2992728,120.0533506,余杭塘河滨水绿道 (Yuhangtang Riverside Greenway),2026-08-01 22:27,64,41
L57305853,CN,CN-33,,30.2687478,120.0083587,"余杭滨水公园 (Waterfront Park, Yuhang)",2026-09-22 08:24,42,37
L74599513,CN,CN-33,,30.4749249,119.8331072,"余杭青山村 (Qingshan Village, Yuhang)",2026-07-03 00:00,6,0
L4713657,CN,CN-50,,29.5477171,106.5274889,佛图关公园 (Fotuguan Park),2026-05-04 10:30,26,10
L40527654,CN,CN-61,,33.5182667,107.9905844,"佛坪东山公园 (Dongshan Park, Foping)",2026-08-04 08:51,101,21
L1029577,CN,CN-61,,33.6488261,107.7987456,佛坪自然保护区--三官庙站 (Foping NNR--Sanguanmiao Research Station),2025-11-19 08:00,186,51
L1029579,CN,CN-61,,33.6849589,107.8534627,佛坪自然保护区--凉风垭 [2100米] (Foping NNR--Liangfengya [2100m]),2026-08-20 20:00,176,61
L39963204,CN,CN-44,,23.0457394,113.1151123,"佛山中山公园 (Zhongshan Park, Foshan)",2026-05-30 10:53,20,3
L20649560,CN,CN-44,,22.9626168,113.1195696,佛山公园 (Foshan Park),2023-09-03 11:46,20,1
L5667115,CN,CN-44,,22.9726479,113.1261778,佛山新城滨江湿地公园 (Foshan Riverside Wetland Park),2026-09-27 10:01,82,66
L58679758,CN,CN-44,,22.9636578,113.1424831,佛山新城滨河湿地五彩梯田,2026-01-31 07:40,13,1
L9304917,CN,CN-44,,23.0967777,112.9935412,佛山植物园 (Foshan Botanical Gardens),2026-09-27 13:02,64,21
L9405761,CN,CN-36,,28.2109912,116.6242441,佛岭水库 (Foling Reservoir),2026-04-22 14:11,81,12
L25158014,CN,CN-36,,28.1881049,116.6319019,佛岭蓝莓园 (Foling Blueberry Orchard),2026-04-23 06:23,73,9
L39864702,CN,CN-32,,32.1068885,118.6587791,佛手湖郊野公园 (Foshouhu Country Park),2025-11-26 12:58,8,2
L38035738,CN,CN-23,,46.8261835,130.3478385,"佳木斯沿江公园 (Yanjiang Park, Jiamusi)",2026-07-12 16:00,20,2
L10151279,CN,CN-23,,46.801647,130.3031189,"佳木斯西浦植物园 (Xipu Botanical Garden, Jiamusi)",2026-05-03 07:46,10,1
L7055127,CN,CN-65,,38.3876703,90.1593827,依吞布拉克镇 (Yitimbulaq),2023-07-15 18:00,13,3
L30907012,CN,CN-36,,28.7141803,115.8601401,保利高尔夫俱乐部及周边河滩 (Poly Golf Course and surroundings),2026-01-13 11:00,53,3
L23244946,CN,CN-33,,29.9826521,121.5191908,保国寺森林公园 (Baoguo Temple Forest Park),2024-01-13 08:30,11,1
L38319878,CN,CN-13,,38.8748804,115.5520822,"保定东湖公园 (Donghu Park, Baoding)",2026-07-18 18:19,34,3
L38113746,CN,CN-13,,38.9191726,115.485192,保定植物园 (Baoding Botanical Garden)
L8395825,CN,CN-53,,25.0546538,99.1650565,保山机场 (Baoshan Airport),2026-01-21 13:13,11,3
L17388892,CN,CN-46,,19.2919757,109.0998194,保梅岭省级自然保护区 (Baomeiling PNR),2022-01-04 07:10,21,1
L36885002,CN,CN-37,,36.0665967,120.3315326,信号山公园 (Signal Hill Park),2026-09-27 10:14,12,3
L38538619,CN,CN-36,,28.2678513,117.0358305,信江生态公园 (Xin River Eco-Park),2026-04-15 21:19,1,0
L6583888,CN,CN-36,,29.0850286,115.8552058,修河国家湿地公园 (Xiu River National Wetland Park),2026-01-27 16:27,146,51
L55470955,CN,CN-53,,25.00441,98.51754,倪家铺农田 (Nijiapu Farmland),2026-09-20 16:01,54,9
L35659760,CN,CN-42,,30.1062974,111.0670878,偏岩山庄,2024-08-11 08:39,23,3
L39905714,CN,CN-32,,31.7312761,120.2532643,停塘村鱼塘 (Tingtang Ponds),2026-04-07 08:38,27,2
L25940724,CN,CN-37,,35.3900624,119.3857605,傅疃河 (Futuan River),2026-06-24 08:52,210,75
L20685215,CN,CN-37,,35.2896587,119.4490093,傅疃河口 (Futuan River Estuary),2026-03-05 14:14,123,25
L36731304,CN,CN-37,,35.3432137,119.442523,傅疃河大古段 (Futuan River - Dagu Section),2026-01-25 12:27,86,14
L37940089,CN,CN-37,,35.417921,119.36875,傅疃河竹洞天段 (Futuan River - Zhudongtian Section),2025-03-17 11:30,40,5
L33530013,CN,CN-34,,29.673444,118.254074,傍霞村 (Bangxia Village),2026-08-08 17:02,149,186
L38113786,CN,CN-13,,40.9518701,117.9435524,僧冠峰景区 (Sengguanfeng Scenic Area)
L63704739,CN,CN-46,,19.7302308,109.2692996,儋州湾 (Danzhou Bay),2026-09-05 09:12,203,648
L59024081,CN,CN-46,,19.704619,109.256217,儋州湾内陆荒地 (Danzhou Bay Wastelands),2026-09-05 09:12,65,13
L27335198,CN,CN-53,,24.6924437,97.9484168,允燕山 (Yunyan Hill),2026-02-23 16:00,19,23
L38895123,CN,CN-11,,39.975919,116.4196684,元大都遗址公园--东段 (Yuan Dadu Relics Park--East),2026-01-21 16:09,28,11
L5557935,CN,CN-11,,39.9761144,116.4060024,元大都遗址公园--中段 (Yuan Dadu Relics Park--Central),2026-09-08 14:40,83,227
L43806774,CN,CN-11,,39.975959,116.361144,元大都遗址公园--最西段 (Yuandadu Relic Park--Far West),2026-09-03 08:00,29,5
L38895103,CN,CN-11,,39.9758449,116.3884988,元大都遗址公园--西段 (Yuan Dadu Relics Park--West),2026-09-01 12:53,57,92
L74141271,CN,CN-21,,39.4988315,123.0900927,元宝坨子 (Yuanbao tuozi),2026-07-22 13:55,12,3
L38341025,CN,CN-21,,40.1510009,124.3958657,元宝山公园 (Yuanbaoshan Park)
L10064734,CN,CN-23,,45.7774084,126.6228667,兆麟公园 (Zhaolin Park),2026-09-14 18:54,23,15
L64113635,CN,CN-11,,39.877914,116.3926083,先农坛 (Temple of Agriculture),2026-05-14 10:44,7,2
L16554263,CN,CN-33,,30.1240359,120.2259368,先照禅寺 (Xianzhao Temple),2026-09-25 08:41,81,51
L38242808,CN,CN-51,,30.687922,103.8605385,光华公园 (Guanghua Park)
L21953727,CN,CN-46,,18.5245169,110.0893292,光坡镇 (Guangpo Town),2026-02-02 16:15,20,4
L50481192,CN,CN-44,,22.7605,113.9616768,光明农场大观园 (Guangming Farm Daguanyuan Resort),2026-08-16 07:12,55,25
L40060753,CN,CN-44,,22.7477901,113.9432892,光明新城公园 (Guangming New City Park),2026-07-16 18:05,2,0
L21328895,CN,CN-51,,30.3908875,103.6149579,光明村 (Guangming Village),2025-10-25 18:30,38,5
L30583751,CN,CN-44,,22.7787505,113.96122,光明欢乐田园 (Guangming Fun Farm),2026-09-27 17:34,192,436
L35630767,CN,CN-44,,22.7428898,113.9599002,光明虹桥公园 (Guangming Hongqiao Park),2026-07-16 17:27,39,7
L10368356,CN,CN-46,,19.8426051,109.4946259,光村银滩 (Guangcun Silver Beach),2026-02-24 15:40,90,33
L7852770,CN,CN-51,,32.6872544,106.8079379,光雾山风景区 (Guangwu Mountain Scenic Area),2026-06-21 08:00,48,3
L7877066,CN,CN-65,,47.5454009,87.9029445,克兰河谷 (Kelan River Valley),2026-07-11 14:28,114,43
L24958888,CN,CN-65,,46.197775,84.075222,克孜勒塔马克 (Kiziltamaq),2026-09-22 14:42,120,119
L26499659,CN,CN-65,,42.572136,86.8817187,克尔古提乡 (Kirghut),2012-07-01 00:00,18,1
L36166876,CN,CN-65,,45.5812506,84.8822092,"克拉玛依世纪公园 (Century Park, Karamay)",2026-06-01 17:30,27,4
L60274421,CN,CN-65,,45.6002333,84.9027588,克拉玛依河景区北段 (Karamay Riverside North Section),2026-03-21 13:50,20,3
L16484542,CN,CN-65,,45.5984189,84.917583,"克拉玛依金龙湖 (Jinlong Lake, Karamay)",2026-02-23 09:40,56,6
L38035901,CN,CN-23,,47.3209848,124.3108256,克钦湖 (Keqin Lake),2026-09-03 15:43,48,3
L21291341,CN,CN-37,,35.4633234,116.87259,兖州采煤塌陷地 (Yanzhou Coal Mine Subsidence Area),2025-05-23 10:00,95,5
L5810893,CN,CN-62,,39.4905567,94.889065,党城湾 (Dangchengwan),2014-07-25 00:00,24,1
L38002751,CN,CN-62,,39.9489107,94.3317467,党河水库 (Danghe Reservoir),2023-09-29 09:24,15,1
L6548171,CN,CN-11,,39.9411663,116.4656714,全国农业展览馆 (National Agricultural Exhibition Center),2026-09-26 17:00,142,516
L36839737,CN,CN-36,,28.6785927,115.8972595,八一公园 (August 1st Park),2026-08-23 15:26,19,9
L70097546,CN,CN-65,,44.21471,87.63661,八一水库 (August 1st Reservoir),2026-06-08 14:00,91,10
L25895107,CN,CN-22,,43.7778901,125.269642,八一水库 (Bayi Reservoir),2026-09-05 09:00,88,18
L7167153,CN,CN-21,,41.2608399,122.2351313,八一水库 (Bayi Reservoir),2025-12-21 07:30,78,12
L4690667,CN,CN-12,,40.1898277,117.5559335,八仙山 (Baxian Mountain),2026-08-16 10:03,118,83
L36982337,CN,CN-34,,32.63482,116.79751,八公山 (Bagong Mountain),2024-10-01 10:21,7,1
L5581508,CN,CN-42,,30.354657,114.2882824,八分山 (Bafen Hill),2026-09-06 09:16,122,46
L37874334,CN,CN-32,,32.154008,118.7953925,八卦洲湿地公园 (Baguazhou Wetland Park),2025-03-01 08:00,40,2
L34914579,CN,CN-33,,30.2110737,120.1516602,八卦田遗址公园 (Bagua Fields Historic Park),2026-09-19 09:01,64,33
L38523097,CN,CN-32,,32.2310776,119.4067825,八号圩 (Bahao Wei),2026-08-15 09:06,61,5
L38551537,CN,CN-36,,25.8706679,114.9407831,八境公园 (Bajing Park),2025-11-30 12:55,10,1
L14252984,CN,CN-43,,29.6778093,109.7584032,八大公山国家级自然保护区 (Badagongshan NNR),2013-08-16 08:00,33,1
L37746921,CN,CN-37,,36.0527482,120.3525139,八大关 (Badaguan),2026-09-20 12:54,47,15
L3974642,CN,CN-11,,39.9627671,116.1832094,八大处公园 (Badachu Park),2026-09-23 15:04,80,13
L8391146,CN,CN-42,,31.1116735,113.1395988,八字门水库 (Bazimen Reservoir),2024-05-18 06:55,122,6
L63824043,CN,CN-35,,27.2529281,120.2309873,八尺门村（Bachimen Village）,2025-03-08 21:00,25,2
L75353009,CN,CN-62,,34.9702421,103.7578296,八度村 (Badu Village),2026-09-06 08:58,10,2
L38650800,CN,CN-34,,32.1408981,118.3963962,八湾水库 (Bawan Reservoir),2026-03-21 08:53,54,3
L2929020,CN,CN-11,,40.3774784,116.0250664,八达岭森林公园 (Badaling Forest Park),2026-09-12 10:07,143,40
L8586803,CN,CN-11,,40.3597264,116.0192289,八达岭长城 (Badaling Great Wall),2026-09-09 14:40,145,103
L51771275,CN,CN-51,,31.6554471,98.7938714,八邦寺 (Palpung Monastery),2024-10-30 11:23,10,1
L28891853,CN,CN-36,,29.6896867,115.951825,八里湖--东岸 (Bali Lake--East Shore),2025-01-27 10:00,59,4
L38080823,CN,CN-46,,19.589323,110.8025352,八门湾湿地 (Bamenwan Wetlands),2026-05-29 14:34,13,1
L38025963,CN,CN-15,,42.6560817,117.1314431,公主湖 (Princess Lake),2026-07-23 09:43,7,1
L39819319,CN,CN-44,,23.5166783,116.8752988,六合围 (Liuhewei)
L19711020,CN,CN-34,,31.7427392,116.5139032,"六安中央公园 (Central Park, Lu'an)",2024-06-18 15:00,26,2
L16767511,CN,CN-34,,31.7108956,116.535188,"六安南湖湿地公园 (Nanhu Wetland Park, Lu'an)",2021-10-30 14:12,24,1
L22469039,CN,CN-34,,31.7606882,116.482902,"六安月亮岛 (Moon Island, Lu'an)",2023-02-05 12:37,27,1
L14764650,CN,CN-50,,29.6188124,106.2343627,六旗湿地 (Liuqi Wetlands),2023-01-22 16:04,28,3
L14476488,CN,CN-33,,28.7659251,119.0843902,六春湖高山湿地 (Liuchunhu Mountain),2024-09-16 00:00,4,0
L10835033,CN,CN-33,,29.7221294,122.1310725,六横岛 (Liuheng Island [General Area]),2026-07-04 00:00,127,22
L38060726,CN,CN-64,,35.3856188,106.2848697,六盘山国家森林公园--凉殿峡 (Liupanshan NFP--Liangdianxia)
L38060707,CN,CN-64,,35.3507156,106.3167521,六盘山国家森林公园--小南川环线 (Liupanshan NFP--Xiaonanchuan Loop),2026-05-17 08:34,49,5
L38060754,CN,CN-64,,35.362055,106.3106965,六盘山国家森林公园--生态植物园 (Liupanshan NFP--Botanical Garden),2025-08-12 08:00,41,2
L38060689,CN,CN-64,,35.3949468,106.3412386,六盘山国家森林公园--老龙潭入口 (Liupanshan NFP--Main Entrance),2020-09-29 13:30,3,0
L63759696,CN,CN-22,,42.61498,130.55547,六道泡村 (Liudaopao Village)
L39194467,CN,CN-11,,39.9791409,116.2843562,六郎庄桥 (Liulangzhuang Bridge),2026-04-08 15:12,28,27
L71980152,CN,CN-33,,29.9242913,120.493412,兰亭风景区 (Orchid Pavilion Scenic Area),2026-05-18 12:00,5,0
L9478255,CN,CN-62,,36.0230723,103.8375537,兰山--三台阁 (Lanshan--Santai Pavilion),2026-05-29 10:30,45,11
L7809077,CN,CN-62,,36.0626007,103.8331771,"兰州儿童公园 (Children's Park, Lanzhou)",2023-09-05 17:17,14,2
L9470905,CN,CN-62,,36.0477718,103.8585556,兰州大学城关校区 (Lanzhou University - Urban Campus),2026-05-13 12:36,34,20
L3129863,CN,CN-62,,35.9413239,104.1578579,兰州大学榆中校区 (Lanzhou University - Yuzhong Campus),2026-08-06 09:01,182,379
L35712289,CN,CN-62,,35.943617,104.146153,兰州大学草科田 (LZU Grassland Science Experimental Field),2026-04-28 16:32,93,32
L11432924,CN,CN-62,,36.1181343,103.7013245,兰州植物园 (Lanzhou Botanical Gardens),2025-10-02 09:30,43,9
L9470234,CN,CN-62,,36.0630999,103.8410305,兰州绿色公园 (Lanzhou Green Park),2026-01-19 12:16,47,13
L11355524,CN,CN-33,,27.9823597,119.0953279,兰巨乡--五梅垟村 (Lanju--Wumeiyang Village),2026-04-12 00:00,13,0
L21428652,CN,CN-33,,29.1256591,119.4802156,兰湖旅游度假区 (Lanhu Resort Area),2026-01-10 00:00,90,12
L14723585,CN,CN-33,,29.1782078,119.3854787,兰溪常满塘 (Lanxi--Changmantang Wetlands),2026-04-19 14:00,83,8
L61055840,CN,CN-33,,29.8903193,120.663091,兰若湖景区 (Lanruo Lake Scenic Area),2026-02-18 00:00,2,0
L10723884,CN,CN-37,,34.8329824,118.0277768,兰陵国家农业公园 (Lanling Agricultural Expo Park),2019-09-05 08:42,16,1
L40003321,CN,CN-31,,31.0238432,121.4727955,兰香湖 (Lanxiang Lake),2025-08-10 07:55,28,3
L5901464,CN,CN-63,,36.2065,100.5343,共和以南灌丛平原 (Scrubland S of Gonghe),2026-07-15 10:20,112,35
L1788257,CN,CN-31,,31.3181238,121.5480729,共青森林公园 (Gongqing Forest Park),2026-09-13 15:30,124,305
L19895905,CN,CN-44,,23.4900538,115.8975351,关山村 (Guanshan Village),2026-02-18 14:00,49,6
L7245088,CN,CN-53,,24.820364,102.83967,关山水库 (Guanshan Reservoir),2026-07-21 08:52,121,31
L43116741,CN,CN-41,,34.607705,112.4836385,关林 (Guan Lin),2025-04-05 12:32,1,0
L38376170,CN,CN-21,,41.1212688,124.2074174,关门山国家森林公园 (Guanmenshan Forest Park),2026-08-13 12:13,10,2
L3866448,CN,CN-51,,29.400195,100.097837,兴伊措 (Lake Xingyi Tso),2026-08-24 14:16,35,7
L29134645,CN,CN-61,,33.1098772,107.0137104,兴元湖公园 (Xingyuan Lake),2026-08-20 16:50,47,3
L38035760,CN,CN-23,,45.3659195,132.3348143,兴凯湖湿地公园 (Lake Khanka Wetland Park),2025-06-26 08:39,13,0
L38035774,CN,CN-23,,45.3471214,132.3739172,兴凯湖风景旅游区 (Lake Khanka Scenic Area),2026-08-21 12:38,26,2
L10379037,CN,CN-35,,25.4340202,119.2068595,兴化湾 (Xinghua Bay Wetlands),2025-03-09 11:00,98,17
L26229259,CN,CN-45,,24.916622,110.524869,兴坪古镇 (Xingping Town),2026-09-07 12:10,45,3
L13102846,CN,CN-13,,39.476402,116.310101,兴安湖生态运动公园 (Xing'an Lake Sports Park),2025-11-30 14:06,57,13
L39867554,CN,CN-32,,34.882979,119.1971286,兴庄河口 (Xingzhuang River Estuary),2026-08-30 09:01,109,27
L3839618,CN,CN-61,,34.254769,108.9837635,兴庆宫公园 (Xingqing Palace Park),2026-09-23 11:32,68,68
L38962989,CN,CN-46,,18.7767127,110.1474227,兴隆侨乡国家森林公园  (Xinglong Qiaoxiang National Forest Park),2026-02-15 10:30,49,2
L13757273,CN,CN-11,,39.9119675,116.5331885,兴隆公园 (Xinglong Park),2026-08-13 08:20,67,168
L17510968,CN,CN-46,,18.7366498,110.220336,兴隆山 (Xinglong Hill),2021-07-18 16:00,25,6
L44438373,CN,CN-62,,35.7981305,104.0698337,兴隆山东山 (Xinglong Mountain--East Peak),2026-01-01 09:30,50,5
L5447006,CN,CN-62,,35.7775188,104.0588629,兴隆山自然保护区 (Xinglong Mountain NNR),2025-05-03 08:18,111,46
L35777393,CN,CN-62,,35.7977065,104.0551417,兴隆山西山 (Xinglong Mountain--West Peak),2025-06-01 15:24,46,9
L38127791,CN,CN-53,,24.7594612,102.7046596,兴隆村 (Xinglong Lakefront),2026-04-27 10:01,153,53
L8226849,CN,CN-51,,30.3959757,104.0928613,兴隆湖 (Xinglong Lake),2026-09-22 09:53,120,102
L10367330,CN,CN-46,,18.7330277,110.1980263,兴隆热带植物园 (Xinglong Tropical Botanical Garden),2026-08-16 15:23,47,10
L22562801,CN,CN-46,,18.6979076,110.2267794,兴隆热带花园 (Xinglong Tropical Garden),2026-03-25 08:46,65,9
L62180720,CN,CN-37,,37.4367342,121.6119875,养马岛内湾 (Yangma Island Inner Bay),2026-09-20 10:14,12,3
L42534209,CN,CN-13,,38.1161176,114.5538734,冀之光西侧 (Light of Heibei Tower West),2025-10-27 08:35,81,9
L37636003,CN,CN-44,,22.4110417,113.8076398,内伶仃岛 (Inner Lingding Island),2026-03-09 07:47,51,6
L63829344,CN,CN-15,,40.74373,111.43003,内蒙古医科大学金山校区 (Inner Mongolia Medical University - Jinshan Campus),2024-12-19 11:00,2,1
L45426961,CN,CN-15,,40.8125954,111.6901156,内蒙古大学北校区 (Inner Mongolia University - North Campus),2026-05-17 12:00,23,2
L45426797,CN,CN-15,,40.7588954,111.6854668,内蒙古大学南校区 (Inner Mongolia University - South Campus),2026-05-17 07:00,34,5
L6043952,CN,CN-54,,31.067786,81.3129044,冈仁波齐 (Mt. Kailash),2026-08-31 19:31,64,21
L39865981,CN,CN-32,,31.9364553,120.8994012,军山森林公园 (Junshan Forest Park),2026-04-01 14:00,47,4
L39934876,CN,CN-32,,31.4490163,120.2254946,军嶂山 (Junzhang Hill),2026-09-25 08:30,101,61
L38672267,CN,CN-41,,34.1686327,110.8555495,冠云山 (Guanyun Mountain)
L3458616,CN,CN-45,,21.4510116,109.0561295,冠头岭国家森林公园 (Guantouling National Forest Park),2026-05-08 14:21,218,308
L39483777,CN,CN-33,,30.1622502,120.187211,冠山公园 (Guanshan Park),2026-09-27 15:03,120,265
L5897687,CN,CN-63,,35.297567,98.6804092,冬给措纳湖 (Donggi Cona Lake),2026-09-03 11:00,57,13
L38428327,CN,CN-45,,21.4487134,109.1805411,冯家江湿地公园 (Fengjiajiang Wetland Park),2026-05-09 14:23,63,10
L38286345,CN,CN-62,,38.9938105,99.8998987,冰沟丹霞景区 (Binggou Danxia Scenic Area),2025-06-23 11:09,3,1
L5947131,CN,CN-63,,38.117957,100.190286,冰沟林海风景区 (Binggou Linhai Scenic Area),2021-04-30 09:53,29,4
L5240314,CN,CN-65,,48.1170244,87.1132436,冲乎尔 (Chungqyr),2026-08-19 18:17,158,126
L37994355,CN,CN-65,,48.07097,87.11618,冲乎尔--克孜勒喀因布拉克 (Chungqyr--Kizilkayinbulaq),2026-06-25 18:20,59,22
L64150536,CN,CN-65,,48.1627821,87.0958993,冲乎尔--孔吐汗村农田 (Chungqyr--Qontughan Farmland),2026-06-07 13:00,17,1
L37994373,CN,CN-65,,48.1806512,87.0331804,冲乎尔--西北石山 (Chungqyr--NW Rocky Slopes),2026-07-12 15:18,41,11
L56165624,CN,CN-32,,31.273084,120.313541,冲山岛 (Chongshan Island),2025-12-20 00:00,6,1
L9193027,CN,CN-62,,34.910172,103.5777388,冶力关国家森林公园 (Yeliguan National Forest Park),2023-05-23 15:30,41,2
L37874417,CN,CN-32,,32.5046544,118.9625665,冶山 (Yeshan Hill),2025-04-13 19:00,33,3
L59104200,CN,CN-13,,38.1071713,114.1391154,冶河--威州段 (Yehe River -- Weizhou Part),2026-02-24 13:00,22,2
L19427536,CN,CN-34,,31.299373,117.349521,冶父山 (Yefu Mountain),2026-09-23 13:30,69,9
L35754032,CN,CN-51,,29.808601,99.65288,冷古寺 (Lenggu Monastery),2026-07-15 10:43,34,2
L35710071,CN,CN-51,,29.647968,101.685796,冷噶措 (Lenggatso Lake),2026-05-01 17:17,4,1
L21267018,CN,CN-22,,43.7846217,125.4639987,净月潭风景区 (Jingyuetan Scenic Area),2026-09-07 12:26,122,51
L69734875,CN,CN-22,,43.7927247,125.4513328,净月潭风景区--北门区域 (Jingyuetan Scenic Area--North Gate Area),2026-06-11 18:08,14,1
L70870048,CN,CN-22,,43.777979,125.464732,净月潭风景区--森林浴场 (Jingyuetan Scenic Area--Forest Bathing),2026-06-21 13:10,6,0
L59112741,CN,CN-33,,29.815409,121.9917852,凉亭里--梅东大桥 (Liangtingli--Meidong Bridge),2026-07-25 11:11,38,9
L38284976,CN,CN-62,,37.9324656,102.6539978,凉州植物园 (Liangzhou Botanical Garden)
L38035813,CN,CN-23,,47.1910588,128.8879107,凉水国家级自然保护区 (Liangshui NNR),2026-07-21 13:49,108,34
L13325165,CN,CN-11,,39.8345451,116.7311242,凉水河 (Liangshui River),2026-05-09 12:00,122,56
L28709448,CN,CN-11,,39.7690194,116.5130704,凉水河--同仁医院南侧 (Liangshui River--South of Tongren Hospital),2026-02-07 14:00,82,14
L23925057,CN,CN-11,,39.8334121,116.4213862,凉水河--石榴庄公园至大红门闸 (Liangshui River--Shiliuzhuang Park to Dahongmen Sluice),2026-07-16 22:31,55,44
L37792001,CN,CN-51,,30.4292716,103.6208078,凌三岔子 (Lingsanchazi),2026-08-29 07:53,105,42
L21348097,CN,CN-13,,39.6739896,119.3044139,减河河口 (Jian River Mouth),2026-06-05 06:31,51,6
L38841663,CN,CN-37,,37.4220899,116.4000123,减河湿地风景区 (Jianhe Riverside Wetlands),2026-09-24 15:34,33,5
L15853296,CN,CN-43,,27.9544976,109.5949652,凤凰古城 (Old Town of Fenghuang),2026-09-10 12:30,48,16
L52995887,CN,CN-33,,30.2214567,120.1623736,凤凰山--将台山 (Phoenix Mountain--Jiangtai Mountain),2026-06-07 00:00,68,9
L39816518,CN,CN-44,,23.9562748,116.649176,凤凰山天池景区 (Fenghuang Mountain Tianchi Scenic Area)
L12503857,CN,CN-53,,24.8993236,100.3300513,凤凰山鸟类环志站 (Phoenix Mountain Bird Banding Station),2025-10-03 04:00,188,28
L39842231,CN,CN-32,,32.4968534,119.4989283,凤凰岛国家湿地公园 (Phoenix Island Wetland Park)
L37636135,CN,CN-46,,18.251022,109.5485015,凤凰岭景区 (Fenghuangling Scenic Area),2026-03-19 17:32,5,2
L38200200,CN,CN-11,,40.106631,116.0866372,凤凰岭风景区 (Fenghuangling Scenic Area),2026-03-27 10:23,29,5
L10902069,CN,CN-33,,30.5801807,119.7188038,凤凰水库 (Phoenix Reservoir),2026-01-24 00:00,63,19
L18065604,CN,CN-33,,30.646148,120.5843254,凤凰湖公园 (Fenghuang Lake Park),2026-08-16 14:56,67,18
L38786333,CN,CN-37,,36.4248926,115.9741599,凤凰苑 (Fenghuang Yuan),2025-03-13 08:14,18,1
L15752885,CN,CN-21,,40.4126615,124.0735116,"凤城凤凰山 (Fenghuang Mountain, Fengcheng)",2026-07-24 08:17,30,5
L38340382,CN,CN-14,,37.5277943,111.1454615,凤山公园 (Fengshan Park)
L28644523,CN,CN-44,,23.2630812,116.7250161,凤岗妈湿地公园 (Fenggangma Wetland Park),2024-01-05 16:41,4,1
L38442289,CN,CN-45,,22.8216728,108.398279,凤岭儿童公园 (Fengling Children's Park),2026-05-29 13:12,21,5
L38175342,CN,CN-51,,30.1286667,104.6492646,凤岭公园 (Fengling Park)
L16766502,CN,CN-34,,31.718841,116.4918244,凤栖湖湿地公园 (Fengqi Lake),2026-02-19 09:29,68,13
L37537672,CN,CN-52,,26.5772417,104.8752785,凤池园 (Fengchi Garden),2024-10-19 15:00,5,0
L13982941,CN,CN-33,,27.6757359,120.5548384,凤湖公园 (Fenghu Park),2024-01-05 00:00,13,1
L38243382,CN,CN-51,,30.5800935,103.9055637,凤翔湖公园 (Fengxianghu Park),2025-01-21 18:11,1,0
L10834377,CN,CN-33,,27.8901227,119.1764034,凤阳山国家级自然保护区 (Fengyang Mountain NNR),2026-09-06 06:00,203,531
L50681026,CN,CN-33,,27.9024488,119.1581787,凤阳山国家级自然保护区--凤阳尖公路 (Fengyang Mountain NNR--Fengyang Peak Road),2026-07-30 05:10,62,6
L50681230,CN,CN-33,,27.8750435,119.1810265,凤阳山国家级自然保护区--瓯江源 (Fengyang Mountain NNR--Oujiang Yuan),2026-07-26 11:47,14,4
L44860808,CN,CN-33,,27.90561,119.183081,凤阳山国家级自然保护区--道闸至景区北门 (Fengyang Mountain NNR--The Checkpoint to North Gate),2026-08-22 06:56,82,46
L50681093,CN,CN-33,,27.8895328,119.1870241,凤阳山国家级自然保护区--黄茅尖 (Fengyang Mountain NNR--Huangmaojian Peak),2026-06-30 10:14,33,11
L38442153,CN,CN-45,,22.0930631,106.7754937,"凭祥白云山 (Baiyun Mountain, Pingxiang)",2026-05-06 15:00,76,16
L23896678,CN,CN-53,,24.58113,97.674672,凯邦亚湖 (Hkai Bang Ya Lake),2026-02-18 09:50,72,12
L20049745,CN,CN-36,,27.772558,114.632177,分宜电厂 (Fenyi Power Plant),2024-01-12 10:47,47,0
L8012923,CN,CN-53,,22.9032228,103.2309777,分水岭自然保护区 (Fenshuiling NNR),2006-03-24 07:30,29,2
L35608174,CN,CN-46,,18.5776515,110.1966474,分界洲岛 (Fenjiezhou Island),2025-11-08 14:08,4,2
L35608680,CN,CN-37,,37.5047192,122.1851015,刘公岛 (Liugong Island),2026-09-10 11:50,16,7
L32227977,CN,CN-12,,39.2167134,117.1084983,刘园苗圃 (Liuyuan Nursery),2022-04-22 06:00,37,2
L5465811,CN,CN-62,,35.8999505,103.3218241,刘家峡水库 (Liujiaxia Reservoir),2026-07-03 12:25,30,5
L20763618,CN,CN-37,,35.2799534,119.429699,刘家湾赶海园 (Liujiawan Coast Park),2026-09-24 07:00,144,93
L32782133,CN,CN-62,,34.3378994,102.6854803,则岔自然保护区 (Zecha NNR),2026-07-05 20:11,81,6
L20459454,CN,CN-44,,23.1828791,113.4753478,创业公园 (Chuangye Park),2026-01-01 15:00,43,8
L64782588,CN,CN-35,,26.1584731,119.3945679,创新村(Chuangxin Village),2026-05-03 16:47,16,1
L26331786,CN,CN-32,,31.270154,120.7612595,创苑路新庆路大草坪及树林 (Chuangyuan & Xinqing Rd.s Lawn & Woods),2026-07-01 12:03,63,56
L54939283,CN,CN-35,,26.6492338,118.7831872,利洋村 (Liyang Village),2025-11-09 13:10,2,1
L6147572,CN,CN-65,,47.79085,86.73773,别斯库都克村 (Besquduq Village),2023-07-29 00:00,25,4
L8468286,CN,CN-37,,34.9950933,119.8224797,前三岛海域 (The Three-island Waters),2026-02-01 09:00,101,50
L38396309,CN,CN-21,,39.0351298,121.6622428,前关湿地公园 (Qianguan Wetland Park),2026-09-15 10:15,16,5
L22283732,CN,CN-35,,25.5316386,119.4033361,前华地面库 (Qianhua Reservoir),2026-02-20 09:24,56,7
L40003558,CN,CN-31,,31.5578958,121.8481939,前哨农场战斗连,2025-09-16 11:46,62,2
L21708908,CN,CN-44,,22.7419241,113.5446783,前哨队农田 (Qianshaodui Fields),2026-09-12 19:46,128,82
L47085085,CN,CN-33,,28.9939682,118.9754146,前松园村 (Qiansongyuan Village),2025-05-20 00:00,3,0
L39795039,CN,CN-35,,24.5500783,118.2693493,前浯滩涂 (Qianwu Mudflats),2026-08-19 15:00,28,1
L40083510,CN,CN-44,,22.5458414,113.9117135,前海公园 (Qianhai Park),2026-09-06 15:51,18,1
L29087760,CN,CN-44,,22.5215522,113.9045258,前海桂湾公园 (Qianhai Guiwan Park),2026-08-21 07:00,53,14
L35604158,CN,CN-44,,22.526971,113.89014,前海石公园 (Qianhaishi Park),2026-09-27 13:22,46,13
L31104315,CN,CN-36,,28.6501235,115.8112406,前湖 (Qianhu Lake),2026-01-13 11:45,77,11
L20125967,CN,CN-31,,31.1542034,121.4688501,前滩友城公园 (Qiantan Youcheng Park),2026-08-19 18:27,42,30
L39866046,CN,CN-32,,31.9484856,120.8960269,剑山绿地 (Jianshan Greenspace),2026-01-11 14:10,28,2
L10169105,CN,CN-53,,26.4818125,99.933093,剑湖湿地 (Jianhu Wetlands),2026-05-10 18:18,181,64
L39816373,CN,CN-44,,24.2726952,116.1226943,剑英公园 (Jianying Park),2026-06-18 08:34,14,1
L10491788,CN,CN-51,,32.2242742,105.5870247,剑门关国家森林公园 (Jianmenguan National Forest Park),2025-11-09 15:15,56,9
L40023589,CN,CN-33,,29.5407153,120.5994966,剡源水库 (Shanyuan Reservoir),2025-02-04 00:00,1,0
L18075459,CN,CN-33,,29.6955158,121.3012095,"剡溪--江心岛 (Xikou Section, Danxi River)",2024-11-03 06:15,69,6
L5882924,CN,CN-63,,36.9511,102.4786,加定镇 (Jiading),2025-08-25 17:46,89,23
L38027527,CN,CN-15,,50.4309106,124.136882,"加格达奇北山森林公园 (Beishan Forest Park, Jagdaqi)",2026-08-01 06:38,29,3
L59746418,CN,CN-15,,50.4042285,124.1202917,加格达奇机场路老桥沿岸,2025-10-18 10:45,12,1
L38451037,CN,CN-11,,40.0350341,116.4445987,勇士营郊野公园 (Yongshiying Country Park),2025-05-04 14:50,12,0
L56693236,CN,CN-53,,21.9354101,101.2523877,"勐仑春林宾馆 (Chunlin Hotel, Menglun)",2026-09-27 19:45,31,37
L17914276,CN,CN-53,,23.044995,101.210942,勐先镇 (Mengxian Town),2022-02-25 09:17,56,7
L38109114,CN,CN-53,,23.3124874,99.2217869,勐冷水库 (Mengleng Reservoir),2026-04-20 07:00,48,1
L3096785,CN,CN-53,,24.056183,97.9706669,勐嘎 (Menga Village),2026-09-26 15:32,215,151
L37767854,CN,CN-53,,24.446811,98.584675,勐垅沙公园 (Menglongsha Park),2024-11-09 20:15,20,1
L5783167,CN,CN-53,,21.5083033,100.5055017,勐宋 (Mengsong),2026-08-10 08:40,164,29
L38109365,CN,CN-53,,22.6359801,99.5971124,勐梭龙潭 (Mengsuo Longtan)
L72979012,CN,CN-53,,21.2717297,101.3852775,勐满南坪 (Mengman Nanping),2026-09-03 17:00,68,7
L21337714,CN,CN-53,,24.4232973,98.5960496,勐焕大金塔 (Menghuan Pagoda),2026-05-05 10:13,90,21
L35277069,CN,CN-54,,27.8151103,91.7520417,勒布沟--勒乡 (Lebu Valley--Le Township),2026-09-01 15:42,161,24
L69901819,CN,CN-54,,27.8731125,91.7959969,勒布沟--麻麻乡 (Lebu Valley--Mama Township)
L38671364,CN,CN-34,,31.8580152,117.2969098,包公园 (Baogong Park),2025-08-03 09:00,11,3
L6146567,CN,CN-15,,40.6573972,109.8697191,"包头劳动公园 (Laodong Park, Baotou)",2017-07-23 07:00,4,1
L38019252,CN,CN-15,,40.5457944,110.0217029,包头南海 (Baotou Nanhai),2025-08-04 07:23,51,5
L56235634,CN,CN-33,,31.0772072,119.9211362,包漾湖鱼塘 (Baoyang Lake Fishponds),2026-04-24 00:00,70,38
L38650669,CN,CN-34,,33.9374169,116.910034,化家湖水库 (Huajiahu Reservoir),2023-11-26 00:00,8,0
L39302996,CN,CN-35,,26.0941655,119.3287604,化工河坊兜社区段,2026-09-21 12:49,35,79
L38551364,CN,CN-36,,27.8087154,114.3720425,化成岩森林公园 (Huachengyan Forest Park)
L38551362,CN,CN-36,,27.8044391,114.3674005,化成洲湿地公园 (Huachengzhou Wetland Park),2026-01-28 16:44,10,1
L7055092,CN,CN-22,,42.6622413,130.3987452,北上沟 (Beishang Valley),2026-03-12 10:10,92,119
L19991295,CN,CN-11,,39.919716,116.423703,北京二中 (Beijing No.2 Middle School),2026-06-23 09:00,63,374
L23475107,CN,CN-11,,39.8987091,116.1544855,北京冬奥公园 (Beijing Winter Olympics Park),2026-09-11 12:56,50,7
L6924822,CN,CN-11,,39.9408424,116.3336412,北京动物园 (Beijing Zoo),2026-09-23 09:35,126,302
L53237853,CN,CN-11,,39.9025349,116.254009,北京十一学校 (Beijing National Day School),2026-09-23 22:43,82,87
L23983041,CN,CN-11,,39.9314024,116.3782542,北京四中 (Beijing No.4 High School),2026-06-06 09:51,39,5
L47951150,CN,CN-11,,39.9051686,116.3596129,北京四中国际校区 (Beijing No.4 High School - International Campus),2026-01-20 16:10,12,5
L5824445,CN,CN-11,,39.9938357,116.3103473,北京大学 (Peking University),2026-09-27 17:46,235,1951
L24724654,CN,CN-11,,39.9856914,116.3570478,北京大学医学部 (Peking University Health Science Center),2026-09-13 12:59,83,53
L34782255,CN,CN-11,,40.1760534,116.1637688,北京大学新燕园校区 (Peking University - New Changping Campus),2026-09-27 11:31,100,153
L22270613,CN,CN-11,,40.2460799,116.1847847,北京大学昌平校区 (Peking University - Changping Campus),2025-03-08 14:44,41,19
L36705507,CN,CN-11,,39.97821,116.320156,北京大学附属中学 (The Affiliated High School of Peking University),2026-09-27 12:24,54,26
L64113730,CN,CN-11,,39.8714041,116.3562491,北京大观园 (Beijing Daguan Yuan)
L64113798,CN,CN-11,,39.946865,116.4139696,北京孔庙和国子监博物馆 (Confucius Temple and the Imperial College Museum),2026-09-20 16:03,15,6
L22982209,CN,CN-11,,39.8743062,116.4803343,北京工业大学 (Beijing University of Technology),2026-09-15 09:50,68,109
L7226179,CN,CN-11,,39.9627845,116.3647121,北京师范大学 (Beijing Normal University),2026-05-18 15:10,95,52
L39980018,CN,CN-44,,22.3522005,113.5395564,北京师范大学珠海校区 (Beijing Normal University at Zhuhai),2026-08-14 09:55,20,4
L42121030,CN,CN-11,,39.9113909,116.3684094,北京师范大学附属实验中学 (The Experimental High School Attached to BNU),2026-05-21 07:57,14,5
L8307730,CN,CN-44,,22.3530635,113.5147298,北京师范大学香港浸会大学联合国际学院 (BNU-HKBU United International College),2025-10-11 16:12,48,21
L67299569,CN,CN-11,,40.52891,116.002197,北京快乐假日大酒店 (Beijing Happy Holiday Hotel),2026-05-24 05:56,16,6
L47588534,CN,CN-11,,39.9012221,116.4284904,北京明城墙遗址公园 (Beijing Ming City Wall Ruins Park),2026-09-10 12:52,12,2
L5822861,CN,CN-11,,40.0058683,116.3475314,北京林业大学 (Beijing Forestry University),2026-09-22 17:28,56,54
L992347,CN,CN-11,,39.9991057,116.2092448,北京植物园 (Beijing Botanical Garden),2026-09-26 09:19,233,1908
L43520082,CN,CN-11,,40.0018938,116.2085769,北京植物园--丁香园 (Beijing Botanical Garden--Dingxiang Yuan),2026-07-05 10:00,54,17
L45778371,CN,CN-11,,40.0074354,116.206199,北京植物园--卧佛寺周边 (Beijing Botanical Garden--Around Reclining Buddha Temple),2026-07-05 10:13,50,15
L45777849,CN,CN-11,,39.9947787,116.2119392,北京植物园--月季园 (Beijing Botanical Garden--Yueji Yuan),2026-09-04 07:07,57,16
L43520322,CN,CN-11,,40.0049955,116.2107751,北京植物园--树木园 (Beijing Botanical Garden--Trees Area),2026-07-05 09:15,37,12
L43520420,CN,CN-11,,40.0039031,116.2131302,北京植物园--梁启超墓 (Beijing Botanical Garden--Liang Qichao's Grave),2026-07-24 16:40,50,17
L45778272,CN,CN-11,,40.0085989,116.2036854,北京植物园--梅园栈道 (Beijing Botanical Garden--Plum Garden Boardwalk),2026-09-13 12:59,67,15
L36914332,CN,CN-11,,40.0107597,116.2019189,北京植物园--樱桃沟 (Beijing Botanical Garden--Cherry Valley),2026-09-16 09:27,80,45
L45777953,CN,CN-11,,39.9991338,116.207935,北京植物园--温室 (Beijing Botanical Garden--Greenhouse),2026-07-05 07:55,29,13
L43520648,CN,CN-11,,39.9962622,116.2136617,北京植物园--澄静湖 (Beijing Botanical Garden--Chengjing Lake),2026-07-05 07:01,58,10
L43520483,CN,CN-11,,40.0032308,116.2103373,北京植物园--王锡彤墓 (Beijing Botanical Garden--Wang Xitong's Grave),2026-07-05 08:10,66,14
L43519983,CN,CN-11,,39.9973009,116.2099993,北京植物园--绚秋苑 (Beijing Botanical Garden--Xuanqiu Garden),2026-07-05 10:30,73,35
L45778097,CN,CN-11,,40.0014224,116.206032,北京植物园--芍药园 (Beijing Botanical Garden--Shaoyao Yuan),2026-09-13 11:18,63,15
L43520596,CN,CN-11,,39.9990059,116.2123901,北京植物园--黄叶村 (Beijing Botanical Garden--Huangye Cun),2026-07-05 07:40,42,14
L15384898,CN,CN-11,,40.0752544,116.4708367,北京温榆河公园 (Beijing Wenyuhe Park),2026-09-26 22:01,100,60
L52626158,CN,CN-11,,39.8545864,116.6768398,北京环球影城 (Universal Studios Beijing),2026-01-26 16:45,2,1
L27278450,CN,CN-11,,39.7304935,116.1685847,北京理工大学良乡校区 (Beijing Institute of Technology - Liangxiang Campus),2023-09-28 07:36,7,1
L51774798,CN,CN-11,,39.9309596,116.3742607,北京第一五六中学 (Beijing No.156 High School),2026-04-07 07:30,17,7
L6809427,CN,CN-11,,39.9834814,116.3460838,北京航空航天大学 (Beihang University),2026-04-27 19:00,33,4
L1583649,CN,CN-11,,40.053908,116.6164924,北京首都国际机场 (Beijing Capital International Airport),2026-09-10 10:00,66,122
L28857846,CN,CN-33,,29.8338746,121.7965446,北仑森林植物园 (Beilun Forest Botanical Garden),2025-05-24 06:00,48,4
L38648532,CN,CN-31,,31.5933223,121.8447603,北八滧 (Beibayao),2026-09-21 05:25,238,174
L19509390,CN,CN-31,,31.6030076,121.7824528,北六滧 (Beiliuyao),2026-08-15 16:18,109,12
L28426048,CN,CN-32,,32.2185566,119.4558307,北固山公园 (Beigushan Park),2026-04-11 01:00,49,8
L56237774,CN,CN-32,,32.2185805,119.4588308,北固湾码头 (Beiguwan Jetty),2026-05-27 11:04,27,1
L38199045,CN,CN-11,,39.9860922,116.2566324,北坞公园 (Beiwu Park),2026-04-06 09:57,73,14
L19032344,CN,CN-44,,20.9730054,110.2280546,北坡北 (Beipo North),2026-01-14 17:00,80,9
L5709616,CN,CN-13,,39.1655219,118.1519938,北堡北侧内塘 (North Beipu Ponds [near Alkali pond]),2026-05-01 17:01,94,44
L5882576,CN,CN-13,,39.113641,118.18082,北堡滩涂 (Beipu Mudflat),2025-05-22 07:00,150,143
L28940603,CN,CN-32,,31.3230941,120.6198145,北塔报恩寺 (North Temple Pagoda),2026-07-26 17:40,11,3
L5260295,CN,CN-12,,39.1240635,117.6788131,北塘水库 (Beitang Reservoir),2021-12-07 09:50,48,10
L6540111,CN,CN-31,,31.2477776,121.4987094,北外滩滨江绿地 (North Bund Greenspace),2026-09-04 18:30,62,31
L38396126,CN,CN-21,,39.1317169,121.7789757,北大河湿地 (Beidahe Wetlands)
L4706344,CN,CN-12,,38.636383,117.5336695,北大港 (Beidagang Wetlands),2025-07-28 15:00,149,19
L14106126,CN,CN-13,,38.610438,117.603484,北大港--沧州滩涂 (Beidagang Wetlands--Cangzhou Mudflats),2026-08-11 13:30,55,7
L32413954,CN,CN-12,,38.7358754,117.3537965,北大港水库 (Beidagang Reservoir),2026-09-27 09:00,278,368
L39718123,CN,CN-42,,30.5175387,114.1904071,北太子湖公园 (North Taizi Lake Park)
L57625918,CN,CN-46,,19.9514959,110.4184681,北姆堆公园 (Beimudui Park),2026-07-20 14:30,46,4
L28874230,CN,CN-12,,39.1663544,117.2112921,北宁公园 (Beining Park),2025-11-29 08:18,23,3
L38212042,CN,CN-11,,39.8633459,116.1184871,北宫森林公园 (Beigong Forest Park),2026-06-13 11:30,32,4
L39324456,CN,CN-44,,21.6282779,111.7698383,北寮湾红树林公园 (Beiliao Bay Mangrove Park),2026-03-22 14:00,96,64
L38450977,CN,CN-11,,40.00483,116.4537157,北小河公园 (Beixiaohe Park),2026-04-10 12:41,16,6
L39614379,CN,CN-63,,36.8812648,102.3263733,北山圣母天池 (Shengmu Heavenly Lake),2025-08-25 13:14,49,17
L56388440,CN,CN-32,,32.08485,119.17528,北山水库 (Beishan Reservoir),2026-05-10 09:43,42,3
L20155535,CN,CN-63,,36.638181,101.799586,北山美丽园 (Beishan Meiliyuan),2026-07-20 14:44,79,29
L23342293,CN,CN-35,,26.8779486,120.0631537,北岐滩涂 (Beiqi Mudflats),2026-02-19 11:00,49,8
L34886740,CN,CN-44,,23.123106,112.4935252,北岭山森林公园 (Beilingshan Forest Park),2026-03-07 11:48,89,39
L36885055,CN,CN-37,,36.1188996,120.3687332,北岭山森林公园 (Beilingshan Forest Park)
L38423678,CN,CN-35,,26.6618281,119.5628428,北岸公园 (North Bank Park),2025-06-21 17:26,14,2
L39964350,CN,CN-44,,22.2288946,112.944495,北峰山森林公园 (Beifengshan Forest Park),2026-06-13 11:19,1,0
L39867803,CN,CN-32,,34.7540615,119.3549837,北崮山 (Beigu Mountain),2026-05-28 21:30,26,9
L7240523,CN,CN-63,,36.9409887,101.6786562,北川河桥头镇段 (Beichuan River at Qiaotou Town),2026-09-03 14:46,40,5
L7163665,CN,CN-63,,36.7109016,101.7654451,北川河湿地公园 (Beichuanhe Wetland Park）,2026-07-26 15:00,112,41
L38346963,CN,CN-11,,39.9509735,116.3872459,北师大二附中西城实验学校,2026-01-06 06:22,17,22
L1569931,CN,CN-13,,39.828558,119.5170958,北戴河 (Beidaihe [General Area]),2026-09-26 14:43,399,1085
L3678340,CN,CN-13,,39.821147,119.522042,北戴河--友谊宾馆 (Baidaihe--Friendship Hotel),2026-05-06 07:05,161,95
L2543788,CN,CN-13,,39.8434423,119.511968,北戴河--湿地水塘 (Beidaihe--Wetland Reserve and Reservoir),2026-05-11 07:52,271,127
L2543787,CN,CN-13,,39.8390767,119.5166557,北戴河--滩涂 (Beidaihe--Mudflats),2026-09-26 14:43,291,246
L2543777,CN,CN-13,,39.816795,119.5249425,北戴河--金山农田 (Beidaihe--Jin Shan Field),2012-05-21 00:00,96,25
L2543774,CN,CN-13,,39.81127,119.527,北戴河--金山嘴灯塔角 (Beidaihe--Jinshanzui Lighthouse Point),2023-11-17 10:40,179,53
L3937713,CN,CN-13,,39.8359033,119.5201085,北戴河--鸽子窝公园 (Beidaihe--Dove Nest Park),2026-07-02 16:00,232,65
L8128573,CN,CN-13,,39.8467705,119.5015297,北戴河自然生态公园 (Beidaihe Natural Ecological Park),2024-05-14 10:17,227,20
L32150264,CN,CN-33,,30.3315922,120.1792581,北景园生态公园 (Beijingyuan Eco-Park),2026-09-22 08:09,32,6
L76916536,CN,CN-11,,39.985669,116.37711,北极寺公园 (Beijisi Park),2026-09-20 13:17,36,6
L19384623,CN,CN-23,,53.4613247,122.3555601,北极村 (Beiji Village),2026-08-17 06:25,40,14
L37875132,CN,CN-32,,32.0597918,118.7931765,北极阁公园 (Beijige Park),2025-11-20 12:14,31,6
L38536947,CN,CN-43,,29.7254932,111.873798,北民湖 (Beimin Lake)
L6147868,CN,CN-65,,44.37054,87.87805,北沙窝 (Beishawo),2026-08-23 09:20,110,202
L7589445,CN,CN-11,,40.4210715,117.2295722,北沟村 (Beigou Village),2026-06-08 09:30,63,27
L18511467,CN,CN-45,,21.4787236,109.1225456,"北海中山公园 (Zhongshan Park, Beihai)",2026-09-25 09:00,58,12
L1257298,CN,CN-11,,39.9262136,116.3892059,北海公园 (Beihai Park),2026-09-27 12:54,122,358
L38002846,CN,CN-62,,40.2620694,98.7903364,北海子--南岸观景台 (Lake Beihaizi--South Shore)
L38002848,CN,CN-62,,40.2820253,98.7347946,北海子--西北岸 (Lake Beihaizi--Northwestern Shore),2026-08-11 09:02,2,0
L5875103,CN,CN-53,,25.1200548,98.558473,北海湿地 (Beihai Wetlands),2026-08-17 16:42,180,153
L24185599,CN,CN-45,,21.406661,109.1447507,北海银滩 (Beihai Silver Beach),2025-10-06 16:30,93,23
L74619542,CN,CN-34,,33.4055576,116.7055839,北淝河国家湿地公园 (Beifei River National Wetland Park)
L38083128,CN,CN-46,,20.0169244,110.5618995,北港岛 (Beigang Island),2026-08-22 07:38,108,84
L3827619,CN,CN-51,,30.7181527,104.1534162,北湖公园 (Beihu Park),2026-09-13 15:28,111,59
L35278120,CN,CN-22,,43.9842956,125.3591944,北湖湿地公园 (Beihu Wetland Park),2025-10-05 14:20,14,2
L7204750,CN,CN-33,,30.34713,119.93375,北湖草荡 (Beihu Marshland),2026-09-25 08:34,325,1496
L38320184,CN,CN-13,,40.0665945,115.5071274,北灵山 (North Lingshan),2026-07-18 11:00,13,6
L63827674,CN,CN-35,,25.9732654,119.7130778,北猫山（Beimao Hill）,2025-11-02 18:00,1,1
L39938860,CN,CN-32,,31.067889,120.5696548,北王家荡 (Beiwangjiadang),2026-04-30 08:24,99,27
L53554725,CN,CN-12,,39.1085016,117.2083282,北疆博物院 (Beijiang Museum),2025-10-03 12:20,8,1
L37994300,CN,CN-65,,47.8122882,86.8246102,北疆海岸 (Beijiang Coast),2026-06-15 19:44,74,3
L38162735,CN,CN-50,,29.7696736,106.5103294,北碚丽滩 (Beibei Litan),2024-11-25 16:00,29,2
L38035708,CN,CN-23,,46.6279984,131.1502232,北秀公园 (Beixiu Park)
L22434529,CN,CN-23,,53.5046584,123.0718673,北红村 (Beihong Village),2026-06-18 17:17,66,6
L51524747,CN,CN-43,,28.6126118,113.9014542,北罗霄国家森林公园 (North Luoxiao National Forest Park),2026-05-31 09:01,100,61
L39938836,CN,CN-32,,31.2026707,120.7502303,北联村 (Beilian Village),2026-07-24 17:30,95,49
L38896431,CN,CN-37,,36.7849216,119.1241238,北辰绿洲湿地公园 (Beichen Oasis Wetland Park)
L39325867,CN,CN-12,,39.2743277,117.1600668,北辰郊野公园 (Beichen Country Park),2026-02-12 09:04,28,2
L18425185,CN,CN-11,,39.7777428,116.8012855,北运河榆林庄段 (Northern Canal - Yulinzhuang Section),2026-08-11 09:12,131,42
L18635977,CN,CN-11,,39.7609588,116.8937267,北运河胡郎路至纪西路段 (Northern Canal - Section of Hulang-Jixi Rd),2026-04-02 15:03,96,5
L38426233,CN,CN-45,,21.6830339,108.3546341,北部湾海洋文化公园 (Beibu Gulf Culture Park),2024-02-08 08:37,7,1
L28242738,CN,CN-53,,22.8164262,100.9662139,北部湿地公园 (Northern Wetland Park),2023-12-15 08:44,39,4
L29037784,CN,CN-45,,24.4363322,109.3620447,北部生态新区湿地公园,2026-02-20 13:07,30,2
L38552603,CN,CN-36,,29.2487544,116.1963906,北鄱阳湖湿地公园 (North Poyang Lake Wetland Park),2026-02-01 11:20,80,7
L59100790,CN,CN-53,,27.4187027,103.7693868,北闸水库 (Beizha Reservoir),2026-02-19 12:00,25,2
L1873827,CN,CN-21,,41.8551374,123.4275056,北陵公园 (Beiling Park),2026-06-28 08:33,96,64
L4851808,CN,CN-33,,27.6232903,121.2057424,北麂列岛 (Beiji Islands),2026-09-16 08:26,287,588
L54867945,CN,CN-11,,40.1453959,115.8950758,北齐岭观景台 (Beiqiling Viewing Platform),2025-10-01 13:45,6,1
L38377130,CN,CN-21,,41.6134133,121.7159834,医巫闾山风景区 (Yiwulü Mountain Scenic Area)
L4555060,CN,CN-45,,21.9063393,107.9094958,十万大山国家级自然保护区 (Shiwan Dashan NNR),2025-05-27 08:29,156,18
L7235492,CN,CN-11,,40.3464787,116.1686182,十三陵双龙山森林公园 (Shuanglongshan Forest Park),2026-05-27 13:19,10,3
L5062071,CN,CN-11,,40.2605578,116.2608433,十三陵水库 (Ming Tombs Reservoir),2026-08-31 07:02,250,358
L38451255,CN,CN-11,,40.2710296,116.2406584,十三陵水库--七孔桥花海 (Ming Tombs Reservoir--Flower Sea),2026-07-26 09:28,191,56
L20393617,CN,CN-63,,37.0296481,102.2501177,十二盘坡 (Shi'erpanpo),2026-08-29 19:48,124,100
L39934717,CN,CN-32,,31.5345067,120.1687257,十八湾湿地公园 (Shibawan Wetland Park)
L74215755,CN,CN-34,,30.7526791,117.7604575,十八索自然保护区 (Shibasuo Nature Reserve),2026-02-20 00:00,1,0
L40088154,CN,CN-44,,22.7883499,113.406668,十八罗汉山森林公园 (Shiba Luohan Shan Forest Park)
L17306472,CN,CN-34,,31.7224669,117.4031178,十八联圩湿地 (Shiba Lianwei Wetlands),2026-09-25 08:12,208,126
L38896936,CN,CN-42,,29.8446636,114.3204178,十六潭公园 (Shiliutan Park)
L38896696,CN,CN-42,,32.6498763,110.7764428,"十堰人民公园 (People's Park, Shiyan)",2018-07-11 08:00,27,1
L29217448,CN,CN-42,,32.5980351,110.7215194,十堰牛头山国家森林公园 (Shiyan Niutoushan Forest Park),2026-06-19 15:06,43,2
L48222789,CN,CN-11,,39.926843,115.9692549,十字道村 (Shizidao Village),2025-06-22 07:00,24,1
L67273201,CN,CN-34,,32.625821,116.920192,十涧湖国家城市湿地公园 (Shijian Lake National Urban Wetland Park),2026-05-23 08:37,33,1
L5589260,CN,CN-11,,39.638447,115.5911171,"十渡-拒马河 (Shidu, Juma River PNR)",2026-07-17 10:55,166,368
L26832607,CN,CN-32,,31.3054419,120.7290285,十里斜塘 (Shili Xietang Park),2026-09-27 12:35,54,126
L66836953,CN,CN-33,,29.9018078,120.5701576,十里筠溪风景区 (Shilijunxi  Scenic Area),2026-04-10 00:00,1,0
L26586496,CN,CN-33,,30.0594526,120.5746576,十里荷塘--镜湖湿地 (Shilihetang--Jinghu Wetlands),2026-09-23 06:16,131,75
L65127752,CN,CN-34,,31.69393,117.30915,十里长堤 (Shilichangdi),2026-05-06 08:59,25,1
L53043920,CN,CN-32,,32.1348575,119.3813899,十里长山--福因阁 (Shili Changshan--Fuyin Pavilion),2025-09-20 00:00,1,0
L56753729,CN,CN-32,,32.1339002,119.383657,十里长山森林步道 (Shili Changshan Forest Trail),2026-01-03 15:54,5,1
L4476299,CN,CN-42,,30.4457129,114.4081854,千亩塘 (Qianmu Ponds),2025-03-16 14:09,111,25
L38226276,CN,CN-51,,31.7414436,104.2150262,千佛山国家级自然保护区 (Qianfoshan NNR)
L2102136,CN,CN-37,,36.6379489,117.0352936,千佛山风景区 (Qianfo Mountain Scenic Area),2026-09-09 10:42,46,10
L6471496,CN,CN-63,,36.1152414,101.5262959,千姿湖湿地公园 (Qianzi Wetland Park),2025-07-24 14:29,151,33
L34360630,CN,CN-21,,41.0205524,123.1178212,千山风景区 (Qianshan Scenic Area),2024-06-30 08:28,6,1
L2360527,CN,CN-33,,29.5805932,118.9763546,千岛湖 (Qiandao Lake [General Area]),2026-09-26 17:38,227,355
L35764703,CN,CN-32,,32.209528,119.518821,千棵柳湿地 (Thousand-Willow Wetlands),2026-09-12 16:30,94,12
L24900054,CN,CN-65,,44.398145,85.873162,千泉湖水库 (Qianquan Lake Reservoir),2026-07-30 08:30,86,21
L27438552,CN,CN-44,,23.0487917,113.1465763,千灯湖公园 (Qiandeng Lake Park),2026-03-16 15:30,23,9
L15053491,CN,CN-11,,39.8642908,116.0603216,千灵山 (Qianling Shan),2026-08-30 08:18,116,47
L4285156,CN,CN-33,,30.2976478,119.1221702,千顷塘 (Qianqingtang Protection Station),2025-10-26 00:00,89,17
L29488047,CN,CN-23,,45.8608754,126.1788007,千鹤岛湿地公园 (Qianhe Island Wetland Park),2026-05-30 12:14,25,3
L38242754,CN,CN-51,,30.7078248,104.0815593,升仙湖公园 (Shengxian Lake Park),2026-09-22 13:33,66,6
L5765754,CN,CN-34,,30.3755681,117.1052885,升金湖 (Shengjin Lake),2026-05-03 17:15,140,31
L38651004,CN,CN-34,,30.3420023,117.0311826,升金湖--杨峨头 (Shengjin Lake--Yang'etou),2026-05-03 17:15,42,3
L10963889,CN,CN-33,,30.1908931,120.0110136,午潮山国家森林公园 (Wuchao Mountain National Forest Park),2026-07-09 20:00,127,57
L1489369,CN,CN-33,,30.3619273,120.1893698,半山国家森林公园 (Banshan National Forest Park),2026-09-24 12:52,153,182
L10848398,CN,CN-35,,24.8617457,118.1216233,半岭村 (Banling Village),2025-04-05 05:15,82,9
L12202263,CN,CN-33,,30.2927003,121.4433843,半掘浦海滨 (Banjuepu Coast),2026-09-19 13:22,182,85
L39963263,CN,CN-44,,22.9958927,113.1654996,半月岛湿地公园 (Banyuedao Wetland Park)
L28904380,CN,CN-34,,31.65786,117.91609,半汤温泉度假区 (Bantang Hot Spring Resort),2024-01-23 10:30,10,0
L17245600,CN,CN-31,,31.0315047,121.4520853,华东师范大学闵行校区 (East China Normal University - Minhang Campus),2025-12-12 06:00,52,39
L39480565,CN,CN-31,,30.8315366,121.5036083,华东理工大学奉贤校区 (East China University of Science and Technology - Fengxian Campus),2025-10-22 06:11,80,107
L53769493,CN,CN-31,,31.1436677,121.4246717,华东理工大学徐汇校区 (East China University of Science and Technology - Xuhui Campus),2026-09-12 12:00,17,5
L7980168,CN,CN-42,,30.4744552,114.3562954,华中农业大学 (Huazhong Agricultural University),2026-09-05 07:37,186,172
L17973912,CN,CN-42,,30.5184013,114.3602416,华中师范大学 (Central China Normal University),2026-09-22 09:39,99,189
L38040384,CN,CN-42,,30.5070096,114.3537561,华中师范大学南湖校区 (Central China Normal University - South Lake Campus),2025-01-01 14:36,18,2
L5420922,CN,CN-42,,30.5139737,114.4141428,华中科技大学 (Huazhong University of Science and Technology),2026-09-11 06:56,148,62
L23577274,CN,CN-44,,23.352538,116.720767,华侨公园 (Huaqiao Park),2025-11-27 10:45,43,46
L22259260,CN,CN-51,,30.7164647,104.0260954,华侨城 (OCT Residence),2026-06-09 16:04,50,16
L5122591,CN,CN-44,,22.5302811,113.9840856,华侨城湿地 (OCT Wetlands),2026-09-24 15:30,143,142
L39719871,CN,CN-42,,30.5795847,114.3932752,华侨城生态湿地公园 (OCT Eco-Wetland Park),2026-07-02 14:09,37,4
L43100400,CN,CN-13,,38.045131,114.4572954,华北军区烈士陵园 (Martyrs' Cemetery of the North China Military Region),2026-04-09 13:05,15,2
L15023716,CN,CN-11,,40.0919272,116.3036841,华北电力大学 (North China Electric Power University),2026-09-19 11:44,35,16
L7070495,CN,CN-44,,23.1568247,113.353672,华南农业大学 (South China Agricultural University),2026-09-14 20:44,154,96
L37644967,CN,CN-44,,23.1399503,113.3533329,华南师范大学 (South China Normal University),2026-09-27 22:18,77,49
L40090104,CN,CN-44,,23.1538662,113.3447543,华南理工大学 (South China University of Technology),2026-06-09 18:46,35,11
L40088495,CN,CN-44,,23.0495355,113.4043201,华南理工大学大学城校区 (South China University of Technology - HEMC Campus),2026-09-11 14:26,15,2
L66143196,CN,CN-44,,23.010892,113.402451,"华南理工大学广州国际校区 (Guangzhou International Campus, SCUT)",2026-09-27 11:01,45,32
L41413428,CN,CN-31,,31.1751858,121.6132846,华夏中路荒地 (Huaxia Middle Road Wasteland),2026-09-21 16:00,67,15
L21540212,CN,CN-31,,31.1931648,121.6487127,华夏公园 (Huaxia Park),2026-06-13 18:55,23,10
L9039734,CN,CN-33,,30.0786455,121.1366067,华家山 (Huajia Mountain),2023-06-06 12:00,37,15
L35666517,CN,CN-62,,35.4695778,104.8852768,华家岭 (Huajialing),2025-10-02 09:10,24,6
L38537220,CN,CN-43,,29.2565558,112.7879906,"华容畜牧场十队 (No.10 Brigade, Huarong Livestock Farm)",2025-02-21 08:00,85,6
L3516780,CN,CN-61,,34.4806431,110.0611424,华山 (Mount Hua Shan),2026-08-29 08:30,78,22
L24523921,CN,CN-37,,36.7265973,117.0722306,华山湖公园 (Huashan Lake Park),2026-09-18 06:57,138,53
L3565509,CN,CN-61,,34.3616222,109.2131031,华清池 (Huaqing Hot Spring),2026-08-06 18:47,39,13
L49207987,CN,CN-33,,29.3889591,120.2323864,华溪森林公园 (Huaxi Forest Park),2026-01-10 00:00,16,1
L10859067,CN,CN-33,,28.017047,120.6638172,华盖山 (Huagai Hill),2020-09-26 00:00,13,0
L54439049,CN,CN-33,,30.8344839,120.7549343,华章·银杏天鹅湖 (Huazhang--Ginkgo Swan Lake),2026-03-22 11:50,63,18
L39934913,CN,CN-32,,31.549641,120.1670133,华藏山 (Huazang Hill),2026-08-19 09:04,23,3
L20112576,CN,CN-51,,30.8290565,104.1064477,华藏村 (Huazang Village),2017-06-29 14:01,39,19
L10520843,CN,CN-61,,33.5840684,107.4790772,华阳--古墓坪 (Huayang--Gumuping),2026-08-26 08:18,185,83
L4830529,CN,CN-61,,33.6559952,107.4834108,华阳--杨家沟 (Huayang--Yangjiagou),2026-07-11 05:51,118,16
L38298253,CN,CN-61,,33.6225445,107.4999281,华阳--熊猫岭 (Huayang--Panda Ridge),2026-07-09 05:48,16,1
L1929939,CN,CN-61,,33.6485059,107.5223759,华阳--金猴谷 (Huayang--Golden Monkey Valley),2026-04-05 11:17,68,14
L1028640,CN,CN-61,,33.5925297,107.5408745,华阳--镇区及酉水 (Huayang--Town & Youshui River),2026-07-06 13:00,204,86
L39614833,CN,CN-63,,38.1820719,100.268184,卓尔山 (Zhuor Hill),2026-08-21 17:01,91,12
L39643234,CN,CN-35,,24.3481736,118.0449159,卓岐内湖 (Zhuoqi Bay),2024-02-01 16:00,23,3
L20459563,CN,CN-44,,22.4791123,113.2646281,卓旗山休闲公园 (Zhuoqishan Leisure Park),2021-04-04 16:22,23,1
L17730098,CN,CN-46,,19.490828,110.3620646,南丽湖国家湿地公园 (Nanlihu National Wetland Park),2026-01-10 09:00,36,2
L40527476,CN,CN-61,,33.997694,108.9703665,南五台风景区 (Nanwutai Scenic Area),2026-04-17 14:40,20,3
L61907171,CN,CN-32,,32.1027338,118.9457484,南京中医药大学 (Nanjing University of Chinese Medicine),2024-04-30 16:20,2,0
L1790919,CN,CN-32,,32.0527169,118.834219,南京中山植物园 (Nanjing Botanical Garden),2026-09-25 11:07,208,636
L39865133,CN,CN-32,,32.050742,118.8301238,南京中山植物园南园 (Nanjing Botanical Garden South),2026-07-06 16:29,67,17
L32182685,CN,CN-32,,32.20451,118.70902,南京信息工程大学 (Nanjing University of Information Science and Technology),2026-06-18 17:00,42,3
L26718825,CN,CN-32,,32.0340468,118.8387358,南京农业大学 (Nanjing Agricultural University),2026-07-08 21:26,64,40
L36933313,CN,CN-32,,32.0099299,118.6348289,南京农业大学滨江校区 (Nanjing Agricultural University - Binjiang Campus),2026-09-24 00:00,63,26
L39857567,CN,CN-32,,32.0289129,118.7625563,"南京南湖公园 (Nanhu Park, Nanjing)",2025-06-04 17:05,1,0
L23054806,CN,CN-32,,32.1162197,118.9545514,南京大学仙林校区 (Nanjing University - Xianlin Campus),2026-07-14 17:33,121,146
L62150394,CN,CN-32,,32.1780932,118.7038728,南京大学浦口校区 (Nanjing University - Pukou Campus),2025-11-12 11:01,19,1
L54318319,CN,CN-32,,32.0568452,118.7789547,南京大学鼓楼校区 (Nanjing University - Gulou Campus),2026-04-18 16:40,18,3
L25458141,CN,CN-32,,32.0622258,118.6091779,南京审计大学浦口校区 (Nanjing Audit University - Pukou Campus),2025-03-11 08:23,32,4
L39859177,CN,CN-32,,32.1040955,118.9109417,南京师范大学仙林校区 (Nanjing Normal University - Xianlin Campus),2025-04-25 08:42,26,2
L29341924,CN,CN-32,,32.4505165,118.8362575,南京平山森林公园 (Nanjing Pingshan Forest Park),2026-04-14 10:09,70,6
L75903543,CN,CN-32,,32.0441801,118.7973464,南京总统府 (Presidential Palace),2026-08-19 11:20,5,1
L56866653,CN,CN-32,,32.1236364,119.2127761,南京林业大学下蜀林场 (Nanjing Forestry University Xiashu Forest Farm),2026-01-05 14:37,11,1
L18597784,CN,CN-32,,32.0211016,118.7074067,南京绿博园 (Nanjing Green Expo Park),2026-06-07 16:02,60,15
L3891938,CN,CN-53,,24.0996038,97.8498602,南京里 (Nanjingli Ridge),2026-09-26 08:45,306,269
L8762695,CN,CN-54,,29.042604,94.231911,南伊沟 (Nanyi Valley),2026-08-21 10:15,46,6
L5980069,CN,CN-63,,36.4569127,101.4411718,南佛山 (Nan Fo Shan),2017-06-15 11:10,27,2
L38175307,CN,CN-51,,30.8041488,106.0600183,南充西山 (Nanchong Xi Shan)
L20625793,CN,CN-46,,19.4162634,110.7479879,南兴村滩涂 (Nanxing Mudflats),2026-08-10 17:49,62,12
L16219545,CN,CN-33,,30.3755513,120.848466,南北湖景区 (Nanbei Lake Scenic Area),2026-07-06 00:00,212,65
L64332593,CN,CN-53,,24.0097688,97.870657,南卯湖公园 (Nanmao Lake Park)
L39480730,CN,CN-31,,31.1921332,121.4757126,南园滨江绿地 (Nanyuan Riverfront Greenspace),2026-06-07 10:56,21,7
L39980892,CN,CN-44,,21.2520383,110.388103,南国热带花园 (Nanguo Tropical Garden),2026-06-27 10:00,32,7
L37987860,CN,CN-65,,37.4996658,79.8970447,南坪水库 (Nanping Reservoir)
L5689517,CN,CN-13,,39.0680468,118.2131052,南堡滩涂 (Nanpu Mudflat),2026-09-13 16:32,313,1366
L5704238,CN,CN-13,,39.1580017,118.2570451,南堡盐场树林 (Nanpu Salt Ponds Grove [Restricted access]),2026-08-23 10:26,205,254
L5704250,CN,CN-13,,39.118211,118.2778212,南堡盐池 (Nanpu Salt Ponds),2026-09-20 06:47,253,838
L9193519,CN,CN-13,,39.243504,118.1988487,南堡镇 (Nanpu Town [General Area]),2026-08-23 06:02,186,333
L38474176,CN,CN-43,,25.7811399,113.0376787,南塔公园 (Nanta Park)
L3632478,CN,CN-33,,30.184555,119.472668,南天目森林公园 (South Tianmu Forest Park),2024-01-06 09:47,58,6
L62764626,CN,CN-15,,40.4274096,112.0141646,南天门林场 (Nantianmen Forest),2026-06-27 13:00,45,2
L3480459,CN,CN-45,,22.8283828,108.3316112,"南宁人民公园 (People's Park, Nanning)",2026-05-13 12:29,60,19
L38442300,CN,CN-45,,22.7243478,108.4789351,南宁园博园 (Nanning Garden Expo Park),2026-02-15 10:00,29,4
L8012810,CN,CN-45,,23.3959955,108.4999859,"南宁大明山 (Daming Mountain, Nanning)",2026-06-19 16:30,108,19
L36839877,CN,CN-45,,22.7853139,108.277962,"南宁江南公园 (Jiangnan Park, Nanning)",2026-05-01 14:00,31,4
L36839899,CN,CN-45,,22.8067513,108.3866953,"南宁石门森林公园 (Shimen Forest Park, Nanning)",2026-09-27 15:48,52,14
L71946436,CN,CN-51,,30.4653491,103.2116316,南宝山 (Mount Nanbao),2026-06-29 09:23,15,2
L7852749,CN,CN-61,,33.0883422,106.9464644,南寨村 (Nanzhai Village),2018-08-18 09:00,28,1
L33127935,CN,CN-33,,28.3612985,119.0777214,南尖岩风景区 (Nanjianyan Scenic Area),2024-12-29 12:12,2,0
L60337588,CN,CN-62,,35.0753056,103.7866206,"南屏山 (Nanping Mountain, Lintao)",2021-07-18 00:00,13,1
L39644186,CN,CN-35,,26.7929488,119.9781901,南屏村 (Nanping Village),2025-09-02 09:12,4,2
L38552570,CN,CN-36,,29.6633369,115.9987095,南山公园 (Nanshan Park)
L5818155,CN,CN-63,,36.601741,101.7720265,南山公园 (Nanshan Park),2026-09-13 12:44,66,52
L29237425,CN,CN-46,,18.3030639,109.1832519,南山大小洞天风景区 (Nanshan Scenic Area),2026-01-25 18:16,39,9
L58931456,CN,CN-44,,23.2520986,116.7214674,南山湾,2026-05-23 15:11,57,3
L38285440,CN,CN-62,,35.5328112,106.6681838,南山生态公园 (Nanshan Eco-Park)
L38024799,CN,CN-15,,42.2439869,118.9734132,南山生态园 (Nanshan Eco-Park)
L9823421,CN,CN-44,,24.91683,113.044,南岭自然保护区 [乳阳片区] (Nanling NNR [Ruyang Area]),2026-09-20 06:59,260,381
L27843727,CN,CN-44,,24.93286,112.7140712,南岭自然保护区 [大东山片区] (Nanling NNR [Dadongshan Area]),2025-07-22 17:27,89,15
L4611461,CN,CN-44,,24.7194808,112.9183953,南岭自然保护区 [大顶山片区] (Nanling NNR [Dadingshan Area]),2025-08-30 10:30,184,26
L30573032,CN,CN-44,,24.9229758,113.0833953,南岭自然保护区--五指山场部 (Nanling NNR--town area),2026-06-24 17:48,130,56
L26462588,CN,CN-44,,24.9161809,113.0997834,南岭自然保护区--小坑周边 (Nanling NNR--Xiaokeng),2026-09-19 17:36,141,61
L30607432,CN,CN-44,,24.9067458,113.038014,南岭自然保护区--小黄山公路 (Nanling NNR--Xiaohuangshan Road),2026-09-19 07:57,128,48
L30610949,CN,CN-44,,24.882751,113.008012,南岭自然保护区--广东第二峰 (Nanling NNR--The Second Highest Peak of Guangdong),2024-04-14 13:14,5,0
L17416920,CN,CN-44,,24.9073787,113.0620035,南岭自然保护区--白马坑周边 (Nanling NNR--Baimakeng),2026-06-07 06:30,152,28
L30651808,CN,CN-44,,24.92623,112.98912,南岭自然保护区--石坑崆/广东第一峰 (Nanling NNR--Shikengkong),2026-05-28 05:58,53,23
L56911409,CN,CN-44,,24.8658023,112.9248915,南岭自然保护区--秤架片区 (Nanling NNR--Chengjia Area),2026-09-03 10:25,52,10
L39655054,CN,CN-35,,26.6485569,119.565627,南岸公园 (South Bank Park),2024-02-14 06:48,12,1
L38126513,CN,CN-46,,19.72405,109.26566,南岸村滩涂 (Nan'an Mudflats),2026-07-28 10:56,116,90
L11090269,CN,CN-33,,28.8444042,120.7487324,南峰山景区 (Nanfeng Hill Scenic Area),2026-09-27 09:04,35,4
L9929557,CN,CN-35,,26.6438595,118.0836249,南平茫荡山国家级自然保护区 (Mangdang Mountain NNR),2025-06-15 08:00,54,2
L29565279,CN,CN-12,,39.1320359,117.1680461,南开公园 (Nankai Park),2024-05-11 12:21,17,3
L3071433,CN,CN-12,,39.1031916,117.1680331,南开大学 (Nankai University),2026-09-11 07:27,126,319
L32356582,CN,CN-12,,38.9877263,117.3430591,南开大学津南校区 (Nankai University - Jinnan Campus),2026-09-06 10:55,107,55
L12312311,CN,CN-51,,32.0187122,107.285533,南教城林场 (Nanjiaocheng Forest),2020-03-06 10:00,25,1
L8128216,CN,CN-44,,22.7870229,113.2291073,南方医科大学顺德校区 (Southern Medical University - Shunde Campus),2026-06-03 00:30,68,71
L9844802,CN,CN-44,,22.5939485,113.9989929,南方科技大学 (South University of Science and Technology),2026-07-10 05:39,97,90
L12053246,CN,CN-44,,23.6174129,113.8999665,南昆山国家森林公园 (Nankunshan National Forest Park),2026-06-18 09:25,89,33
L30907611,CN,CN-36,,28.6811676,115.913475,"南昌人民公园 (People's Park, Nanchang)",2026-03-21 15:32,32,8
L19886129,CN,CN-36,,28.6321975,115.8778553,南昌动物园 (Nanchang Zoo),2026-04-03 11:00,23,1
L38552735,CN,CN-36,,28.6599582,115.8032603,南昌大学前湖校区 (Nanchang University - Qianhu Campus),2026-06-14 21:13,42,10
L38763407,CN,CN-36,,29.030132,115.940948,南昌汉代海昏侯国国家考古遗址公园 (Nanchang Archeological Park of Haihun Principality),2026-03-07 16:39,30,4
L13284169,CN,CN-33,,28.4299398,119.9069713,南明山公园 (Nanming Mountain Park),2025-04-09 00:00,21,2
L7806703,CN,CN-33,,28.4393907,119.9370897,南明湖 (Nanming Lake),2026-03-30 00:00,55,7
L39797245,CN,CN-35,,24.4413349,118.0969062,南普陀寺 (South Putuo Temple),2026-08-09 13:00,24,4
L3550292,CN,CN-31,,30.918356,121.9774164,南汇东滩 (Nanhui Dongtan),2026-09-27 16:20,452,8111
L43179860,CN,CN-31,,30.9227176,121.9752334,南汇东滩--1-2号魔术林 (Nanhui Dongtan--No.1-2 Woods),2026-09-12 08:29,172,39
L43179829,CN,CN-31,,30.9489275,121.9638785,南汇东滩--3-8号魔术林 (Nanhui Dongtan--No.3-8 Woods),2026-09-26 11:28,295,356
L23673987,CN,CN-31,,30.931944,121.912222,南汇东滩--东日湿地 (Nanhui Dongtan--Dongri Wetlands),2026-09-08 18:17,224,312
L17656426,CN,CN-31,,30.8826818,121.9730653,南汇东滩--南汇嘴观海公园 (Nanhui Dongtan--Cape Nanhui Park),2026-09-27 09:30,323,619
L38919169,CN,CN-31,,30.9350422,121.9587713,南汇东滩--基本农田 (Nanhui Dongtan--Basic Farmland),2026-09-24 19:02,246,211
L38368531,CN,CN-31,,30.8934056,121.9674421,南汇东滩--小桉路农田 (Nanhui Dongtan--Xiao'an Rd Fields),2026-09-22 19:07,284,521
L55301841,CN,CN-31,,30.9636447,121.9386963,南汇东滩--沧海桑田 (Nanhui Dongtan--Canghai Sangtian),2026-09-25 14:28,85,5
L50466598,CN,CN-31,,30.90204,121.97669,南汇东滩--滩涂北线 (Nanhui Dongtan--North Mudflat),2026-09-24 16:35,234,129
L50471210,CN,CN-31,,30.8746,121.96193,南汇东滩--滩涂南线 (Nanhui Dongtan--South Mudflat),2026-09-15 13:01,220,90
L10448252,CN,CN-31,,30.8983049,121.9420522,南汇东滩--滴水湖 (Nanhui Dongtan--Dishui Lake),2026-09-26 15:45,276,412
L27912355,CN,CN-31,,30.8813984,121.9634606,南汇东滩--赤风港湿地 (Nanhui Dongtan--Chifenggang Wetlands),2026-09-25 15:25,258,200
L36337344,CN,CN-31,,30.8865019,121.9050591,南汇东滩--黄日港调蓄湖 (Nanhui Dongtan--HuangRiGang Reservoir),2026-05-01 08:02,103,32
L29531268,CN,CN-31,,30.8922907,121.9183675,南汇新城城市公园 (Nanhui New City Park),2026-09-27 16:20,92,33
L16038849,CN,CN-31,,30.8809742,121.9451441,南汇新城春花秋色公园 (Nanhui Four-Season Eco-Park),2026-06-17 17:45,135,58
L38843267,CN,CN-37,,35.3932017,116.5820053,南池公园 (Nanchi Park)
L39992249,CN,CN-44,,22.605,113.652,南沙十九涌 (Nansha 19th Channel),2026-09-08 08:00,116,39
L4934100,CN,CN-44,,22.5948008,113.6331395,南沙湿地公园 (Nansha Wetland Park),2026-08-02 09:34,164,111
L21572635,CN,CN-51,,32.420813,105.8502401,南河湿地公园 (Nanhe Wetland Park),2026-06-28 08:19,128,48
L5106518,CN,CN-44,,23.1464666,113.0289209,南海大学城 (Nanhai Higher Education Mega Center),2022-06-05 08:27,48,22
L7966937,CN,CN-11,,39.77848,116.46215,南海子公园 (Nanhaizi Park),2026-09-25 09:30,242,709
L73529911,CN,CN-11,,39.7733449,116.4688507,南海子公园一期 (Nanhaizi Park--Area I),2026-08-30 16:25,48,9
L73529942,CN,CN-11,,39.7835547,116.4560101,南海子公园二期 (Nanhaizi Park--Area II),2026-08-15 10:12,23,2
L73529985,CN,CN-11,,39.7758056,116.4584101,南海子公园麋鹿苑 (Nanhaizi Park--Milu Deer Reserve),2026-09-25 09:30,28,1
L21265618,CN,CN-46,,20.01414,110.37534,南渡江公园--北段 (Nandu River Park--North Area),2026-04-25 18:25,23,2
L21169376,CN,CN-46,,20.00303,110.37394,南渡江公园--南段 (Nandu River Park--South Area),2025-01-17 17:45,37,6
L38162646,CN,CN-50,,29.4205697,106.576517,南温泉公园 (Nanwenquan Park)
L32414051,CN,CN-12,,38.708256,117.663345,南港工业区 (Nangang Industrial Zone),2024-09-25 06:07,63,8
L12967882,CN,CN-45,,22.8040101,108.3509532,"南湖公园 (Nanhu Park, Nanning)",2026-08-09 06:31,76,38
L26309923,CN,CN-37,,35.4254352,119.3528759,南湖河 (Nanhu River),2025-07-29 17:23,39,3
L38441957,CN,CN-45,,25.2492038,110.2871434,南溪山公园 (Nanxishan Park),2025-08-25 17:07,5,1
L36328549,CN,CN-22,,43.80421,125.34272,南溪湿地公园 (Nanxi Wetland Park),2026-09-06 15:31,95,40
L69734793,CN,CN-22,,43.7984243,125.337416,南溪湿地公园--光影岛及生态岛 (Nanxi Wetland Park--Ecological Islands),2026-09-06 15:31,44,7
L71082710,CN,CN-22,,43.8075841,125.3481152,南溪湿地公园--君子湖区域 (Nanxi Wetland Park--Junzi Lake),2025-05-24 08:33,6,1
L71082654,CN,CN-22,,43.8000351,125.3441223,南溪湿地公园--地铁站区域 (Nanxi Wetland Park--metro station area)
L28599477,CN,CN-44,,23.3348514,116.6673947,南滨公园 (Nanbin Park),2025-11-21 10:08,31,16
L39654606,CN,CN-35,,26.6472274,119.5189796,南漈寺 (Nanji Temple)
L7868302,CN,CN-44,,23.2565116,117.2881213,南澎列岛国家级自然保护区 (Nanpeng Islands NNR),2026-04-10 09:20,18,4
L5816666,CN,CN-44,,23.4328122,117.0953321,南澳岛 (Nan'ao Island),2026-09-19 15:00,122,35
L42361067,CN,CN-44,,23.4412313,116.9862324,南澳海岛国家森林公园 (Nan'ao Island National Forest Park),2026-09-13 15:31,21,3
L19429255,CN,CN-44,,22.5297894,114.484796,南澳湾 (Nan'ao Bay),2026-08-11 08:42,42,16
L21369151,CN,CN-44,,22.4829786,114.5404959,南澳西涌 (Nan'ao Xichong),2025-08-09 17:00,26,3
L17028946,CN,CN-51,,30.5705211,104.0771524,南瓜滩 (Nangua Tan）,2026-06-09 18:51,109,68
L5689048,CN,CN-13,,39.229491,118.198914,南盐公园 (Nanyan Park),2026-05-17 18:02,186,583
L7892959,CN,CN-36,,28.92776,116.33601,南矶山 (Nanjishan),2026-09-17 16:20,241,267
L63745915,CN,CN-36,,28.9528462,116.3517085,南矶山--南山岛 (Nanjishan--Nanshan Island),2025-12-20 17:00,17,1
L28643508,CN,CN-36,,28.8955098,116.3268012,南矶山--矶山岛 (Nanjishan--Jishan Island),2025-12-29 16:20,170,22
L63745845,CN,CN-36,,28.9104284,116.3212351,南矶山--矶山至观鸟平台 (Nanjishan--Jishan Island to Birding Platform),2017-11-08 17:00,13,0
L35278221,CN,CN-36,,28.9250397,116.3130943,南矶山--观鸟塔 (Nanjishan--Birding Tower),2026-04-05 00:00,141,67
L4661355,CN,CN-12,,39.0772176,117.1531062,南翠屏公园 (Nancuiping Park),2026-07-29 09:00,99,152
L10834569,CN,CN-34,,31.762183,117.2613877,南艳湖 (Nanyan Lake),2026-08-23 15:36,102,57
L27566744,CN,CN-11,,39.8162766,116.3817048,南苑湿地公园 (Nanyuan Wetland Park),2026-09-26 14:58,117,65
L38815468,CN,CN-41,,34.9289313,113.6129418,南裹头黄河滩 (Nanguotou Yellow River Flats),2026-08-27 11:50,50,3
L5218862,CN,CN-53,,25.9019144,100.1915574,南诏风情岛 (Nanzhao Theme Island),2025-07-23 11:51,35,4
L8296047,CN,CN-53,,21.6330065,101.4487508,南贡山 (Nangong Mountain),2026-08-06 10:32,274,196
L28581687,CN,CN-34,,31.2983038,118.5659101,南辛圩 (Nanxinwei),2023-10-15 07:00,67,3
L39865999,CN,CN-32,,31.9524054,120.9049331,南通植物园 (Nantong Botanical Garden),2026-03-31 14:00,67,16
L26489180,CN,CN-43,,28.1408573,112.9641376,南郊公园 (Nanjiao Park),2025-10-22 10:00,72,7
L28280879,CN,CN-53,,22.74103,100.960144,南部湿地公园 (Southern Wetland Park),2024-01-16 16:48,26,2
L38285062,CN,CN-62,,34.5650529,105.748536,南郭寺 (Nanguo Temple),2026-06-14 13:27,28,2
L65848252,CN,CN-33,,29.19357,119.48766,南门大桥湿地 (Nanmen Bridge Wetlands),2026-05-03 14:08,17,1
L38672096,CN,CN-41,,32.9792478,112.5077603,南阳卧龙岗 (Nanyang Wolonggang),2026-04-04 10:22,23,2
L29677147,CN,CN-33,,27.5946437,120.2838663,南雁荡山风景名胜区 (South Yandang Mountain NSA),2024-07-02 00:00,55,5
L59246859,CN,CN-11,,39.9434301,116.4275513,南馆公园 (Nanguan Park),2026-09-13 13:58,13,7
L36817848,CN,CN-13,,38.1166532,114.4798553,南高基公园 (Nangaoji Park),2026-09-06 06:11,41,14
L10824667,CN,CN-33,,27.4581994,121.0790693,南麂列岛国家级海洋自然保护区 (Nanji Islands NNR),2026-09-09 06:00,279,420
L38175274,CN,CN-51,,31.8443895,106.7590742,南龛山 (Nankan Hill)
L37988513,CN,CN-65,,44.8704905,82.0772914,"博乐七一水库 (July 1st Reservoir, Bole)"
L37988501,CN,CN-65,,44.8810045,82.0487571,"博乐人民公园 (People's Park, Bole)",2026-06-23 20:25,11,1
L37988531,CN,CN-65,,44.8723036,82.0616937,博乐滨河公园 (Bole Riverside Park),2025-01-11 16:00,10,1
L38842090,CN,CN-37,,36.4959519,117.8549029,"博山人民公园 (People's Park, Boshan)"
L19424682,CN,CN-65,,41.9098806,86.7389774,博斯腾湖--大河口景区 (Bosten Lake--Estuary Scenic Area),2026-05-09 07:24,75,14
L47088122,CN,CN-65,,42.051548,87.148659,博斯腾湖--金沙滩景区 (Bosten Lake--Golden Beach Scenic Area),2026-07-28 18:00,30,3
L54094209,CN,CN-32,,32.0426,118.8473779,博爱园 (BoAi Garden),2026-05-26 14:38,67,23
L8775466,CN,CN-54,,28.093733,91.120773,卡久寺 (Khachu Monastery),2026-09-23 17:41,142,50
L20850605,CN,CN-54,,28.9022827,90.1658879,卡若拉冰川 (Karola Glacier),2026-09-07 14:20,28,13
L12920482,CN,CN-15,,50.7086839,120.4631574,卡鲁奔国家湿地公园 (Kaluben National Wetland Park),2026-02-10 16:09,20,4
L38297000,CN,CN-61,,34.8213908,109.5791418,卤阳湖国家湿地公园 (Luyang Lake Wetland Park)
L22423849,CN,CN-21,,41.0837565,121.1360728,卧波桥 (Wobo Bridge),2026-08-24 12:46,58,12
L48104416,CN,CN-62,,34.5684222,104.8314571,卧牛山森林公园 (Woniushan Forest Park),2025-06-21 10:06,6,0
L8285581,CN,CN-37,,36.4914714,116.9660896,卧虎山水库 (Wohushan Reservoir),2024-08-17 08:00,51,7
L33427169,CN,CN-51,,31.1028615,103.3188916,卧龙中华大熊猫苑神树坪基地 (Wolong Shenshuping Panda Base),2026-09-06 15:19,116,78
L947362,CN,CN-51,,31.0346967,103.1803322,卧龙大熊猫博物馆及保护中心 (Wolong Giant Panda Museum and Reserve),2026-09-07 14:32,304,147
L40457590,CN,CN-36,,28.6422776,115.8167578,卧龙山 (Wolong Hill),2026-09-25 06:30,129,34
L38060593,CN,CN-64,,35.4842212,106.3469133,卧龙山公园 (Wolongshan Park)
L38024459,CN,CN-15,,41.0083877,113.0940515,卧龙山生态公园 (Wolongshan Eco-Park),2025-07-30 16:47,7,1
L37992252,CN,CN-65,,44.1905434,87.6334099,卧龙岗水库 (Wolonggang Reservoir),2026-08-16 18:01,86,12
L34586561,CN,CN-36,,29.5132783,117.7509988,卧龙谷景区 (Wolonggu Scenic Area),2026-09-18 17:56,77,11
L14069105,CN,CN-37,,37.094734,119.498579,卫河口 (Wei River Esutary),2025-05-18 12:53,50,6
L39713948,CN,CN-42,,30.6917847,111.2645963,卷桥河湿地公园 (Juanqiaohe Wetland Park),2026-08-19 16:00,51,4
L31135380,CN,CN-12,,38.7801224,117.5888126,卸沙码头 (Sand Unloading Pier),2026-08-22 12:10,111,95
L17375190,CN,CN-34,,29.8861226,117.506322,历口镇 (Likou Town),2026-05-17 08:27,52,10
L9673679,CN,CN-14,,35.4245153,112.0102077,历山--女英峡 (Lishan--Nüyingxia),2025-06-30 06:30,30,3
L7977550,CN,CN-14,,35.422536,111.9591406,历山--舜王坪 (Lishan--Shunwangping),2026-08-30 10:00,80,13
L28743491,CN,CN-35,,26.0929429,119.2114003,厚美洲 (Houmei Shoal),2025-12-06 14:33,56,4
L38842101,CN,CN-37,,36.4816819,117.8381675,原山国家森林公园 (Yuanshan Forest Park)
L10852952,CN,CN-33,,29.9183521,121.4900317,厦庄 (Xiazhuang Village),2012-04-25 00:00,6,0
L24024107,CN,CN-35,,24.461338,118.1379921,厦门东坪山公园 (Xiamen Dongpingshan Park),2025-10-27 07:22,79,16
L24024351,CN,CN-35,,24.4596999,118.0900486,"厦门中山公园 (Zhongshan Park, Xiamen)",2026-06-28 01:35,27,6
L60442274,CN,CN-35,,24.4775154,118.0901254,厦门人民会堂 (People's Hall of Xiamen),2026-05-30 09:05,6,2
L38744622,CN,CN-35,,24.4784858,118.106263,厦门南湖公园 (Xiamen Nanhu Park),2026-02-20 11:14,37,16
L28489140,CN,CN-35,,24.575937,118.068809,厦门园林博览苑 (Xiamen Horticulture Expo Garden),2026-09-08 17:47,79,29
L4342126,CN,CN-35,,24.4506461,118.1002918,厦门园林植物园 (Xiamen Botanical Garden),2026-08-23 10:18,141,139
L5458925,CN,CN-35,,24.4374018,118.0968153,厦门大学 (Xiamen University),2026-09-17 15:33,106,75
L60441750,CN,CN-35,,24.4377483,118.1040134,厦门大学--思源谷 (Xiamen University--Siyuan Basin),2026-05-17 11:00,44,9
L9001122,CN,CN-35,,24.366879,118.0480957,厦门大学漳州校区 (Xiamen University - Zhangzhou Campus),2026-05-26 16:55,60,6
L8700136,CN,CN-35,,24.6089352,118.3120506,厦门大学翔安校区 (Xiamen University - Xiang'an Campus),2026-09-11 17:07,135,69
L9600217,CN,CN-35,,24.4749092,118.0765691,厦门海湾公园 (Xiamen Bayfront Park),2025-10-09 17:56,31,5
L59965796,CN,CN-35,,24.56014,117.98763,厦门马銮湾（Maluan Bay， Xiamen）,2026-07-30 12:09,67,8
L22585415,CN,CN-35,,24.5390814,118.1343555,厦门高崎国际机场 (Xiamen Gaoqi International Airport),2026-04-20 11:00,27,6
L5852457,CN,CN-21,,41.1447618,121.9527376,双台子河下铺,2017-05-16 05:00,27,2
L21622086,CN,CN-21,,41.1905885,122.0785399,双台子河河闸 (Shuangtaizi River Sluice),2025-05-04 07:05,48,2
L5774924,CN,CN-21,,41.1799662,122.0646393,双台子河沿岸湿地 (Shuangtaizi River Wetlands),2026-04-10 17:02,98,41
L16623699,CN,CN-21,,40.9996438,121.8625774,双台河口国家级自然保护区 (Shuangtai Estuary NNR),2025-10-21 13:20,204,47
L20988491,CN,CN-33,,28.7632818,118.6580416,双塔公园 (Shuangta Park),2026-09-27 05:57,61,7
L51052276,CN,CN-14,,37.8471042,112.5968599,双塔公园 (Shuangta Park),2026-04-23 07:23,20,2
L38002781,CN,CN-62,,40.5609007,96.3296535,双塔水库 (Shuangta Reservoir)
L23670412,CN,CN-35,,27.2699915,120.2742772,双屿村 (Shuangyu Village),2023-07-20 12:35,13,3
L38396458,CN,CN-21,,38.8833158,121.1628995,双岛湾盐场 (Shuangdaowan Saltworks),2026-09-27 15:23,38,5
L24411275,CN,CN-37,,35.49089,119.5575588,双庙村 (Shuangmiao Village),2026-07-26 19:17,108,60
L21106082,CN,CN-46,,19.99505,110.37952,双拥公园 (Shuangyong Park),2024-12-27 17:00,44,8
L40164612,CN,CN-37,,36.1256956,120.5885844,双拥公园 (Shuangyong Park),2026-08-29 09:00,76,13
L33079423,CN,CN-44,,22.5900012,114.8855103,双月湾 (Shuangyue Bay),2026-09-21 10:40,103,32
L61341484,CN,CN-44,,22.3831252,115.0558315,双月湾-针头岩航线 (Shuangyue Bay-Zhentouyan ferry route),2026-09-26 08:21,44,16
L4285149,CN,CN-33,,29.2142081,120.0619841,双林寺风景区 (Shuanglin Temple Scenic Area),2017-11-05 09:00,84,7
L63824309,CN,CN-35,,27.3369096,120.2185178,双桂公园（Shuanggui Park）,2025-01-12 14:00,3,1
L37571155,CN,CN-50,,30.6421808,107.7526643,双桂湖湿地公园 (Shuanggui Lake Wetland Park),2026-07-04 09:00,81,4
L36083032,CN,CN-33,,30.6486915,119.6508837,"双河村 (Shuanghe Village, Anji)",2026-04-30 00:00,64,10
L56404571,CN,CN-50,,29.099071,107.136043,双河水库 (Shuanghe Reservoir),2025-12-27 14:43,23,2
L38243394,CN,CN-51,,30.5877059,103.9060072,双流中心公园 (Shuangliu Central Park),2025-01-27 18:20,4,1
L38474019,CN,CN-43,,27.2491487,111.4761996,双清公园 (Shuangqing Park)
L61007659,CN,CN-62,,34.3248878,104.7410775,双燕自然保护区 (Shuangyan PNR)
L6852791,CN,CN-53,,25.2832112,98.8467085,双虹桥 (Shuanghong Bridge),2026-04-04 16:12,48,4
L5400695,CN,CN-22,,43.523191,123.525851,"双辽辽河公园 (Liaohe Park, Shuangliao)",2025-08-01 09:20,162,124
L15132621,CN,CN-33,,29.1998167,119.6212787,双龙风景区 (Twin Dragons Scenic Area),2026-06-06 12:59,78,22
L36839851,CN,CN-45,,25.2903178,110.3018511,叠彩山 (Diecai Hill)
L54508652,CN,CN-31,,31.1229313,121.6104767,叠桥村荒地,2026-09-25 16:53,59,21
L23116470,CN,CN-53,,25.0313281,98.478099,叠水河 (Dieshui River),2026-02-14 09:00,52,12
L38241453,CN,CN-51,,32.0687921,103.6474679,叠溪松坪沟 (Diexi Songping Valley),2026-05-13 15:48,2,0
L40003261,CN,CN-31,,31.1179282,121.4095494,叠翠园 (DieCui Garden),2025-12-07 13:00,4,1
L34877502,CN,CN-45,,24.3270568,109.5164765,古亭山森林公园 (Gutingshan Forest Park),2026-05-05 07:00,63,6
L39654588,CN,CN-35,,26.6410402,119.5265003,古佛寺 (Gufosi),2026-02-22 08:00,11,0
L13757305,CN,CN-11,,40.691557,117.1612722,古北口 (Gubeikou),2026-08-24 13:50,127,42
L57047789,CN,CN-11,,40.6515681,117.271986,古北水镇 (Gubei Water Town),2026-07-06 15:47,23,3
L39517007,CN,CN-35,,26.815205,120.0265302,古县村 (Guxian Village),2026-05-11 15:30,51,7
L6591245,CN,CN-31,,31.2283807,121.4942086,古城公园 (The Old City Park),2026-09-16 16:20,45,45
L54859949,CN,CN-33,,28.1419946,121.1981142,古城头 (Guchengtou Observation Deck),2026-04-12 09:00,15,2
L38019301,CN,CN-15,,39.5075923,109.7444036,古城海子 (Lake Gucheng Haizi),2025-09-05 16:15,5,1
L38450951,CN,CN-11,,39.8786558,116.5359438,古塔公园 (Guta Park),2025-04-19 15:57,15,4
L37875183,CN,CN-32,,32.0669443,118.7532682,古林公园 (Gulin Park),2025-06-20 11:01,21,3
L38814475,CN,CN-41,,34.8673826,113.6153628,古树苑 (Gushuyuan),2025-05-11 07:07,3,1
L36087148,CN,CN-54,,31.4640616,79.672475,古格王国遗址 (Historic Site of Guge Kingdom),2025-07-11 15:30,19,3
L37989052,CN,CN-65,,45.5247196,84.9454051,古海湿地 (Guhai Wetlands),2026-07-04 22:00,74,21
L39842738,CN,CN-32,,33.6128663,119.0807394,古淮河文化生态景区西区 (Guhuaihe Scenic Area West)
L16097990,CN,CN-32,,33.622862,119.0952587,古淮河湿地公园 (Guhuaihe Wetland Park),2025-12-07 15:56,53,6
L38127065,CN,CN-53,,24.7743636,102.7450848,古滇精品湿地公园 (Gudian Jingpin Wetland Park),2026-02-15 14:00,50,8
L39939673,CN,CN-31,,31.2920724,121.316686,古猗园 (Guyi Garden),2026-07-28 14:30,19,3
L17235580,CN,CN-53,,25.81237,100.14333,古生村湖滨 (Erhai shore - Gusheng village Lakefront),2021-12-29 16:50,27,2
L6007907,CN,CN-33,,29.2487925,118.1466078,古田山国家级自然保护区 (Gutian Mountain NNR),2026-09-17 08:11,128,49
L39842693,CN,CN-32,,33.4491887,119.0313154,古盐河生态公园 (Guyanhe Eco-Park)
L40003317,CN,CN-31,,31.1430453,121.391935,古美公园 (Gumei Park),2025-11-15 07:23,11,2
L39581609,CN,CN-42,,31.9884037,112.0318124,古隆中 (Ancient Longzhong),2026-01-03 09:45,42,4
L38059408,CN,CN-64,,36.0195498,106.2569343,古雁森林公园 (Guyan Forest Park)
L39841643,CN,CN-32,,33.9672676,118.2708621,古黄河水景公园 (Ancient Yellow River Park),2026-07-30 16:54,45,5
L51807715,CN,CN-32,,31.6706291,119.2990074,句容九龙山观景平台 (Jurong Jiulongshan Sightseeing Platform),2026-09-05 08:10,68,20
L39816695,CN,CN-44,,23.8491657,116.7436087,叫水坑原始森林 (Jiaoshuikeng Forest)
L37993910,CN,CN-65,,47.2120849,89.8129512,可可托海矿山 (Koktokay Mine),2025-09-02 10:10,26,3
L37993876,CN,CN-65,,47.0350317,89.7640241,可可苏里 (Koksuri),2026-06-19 07:26,58,4
L7153153,CN,CN-63,,37.3182,96.9023,可鲁克湖 (Keluke Lake),2026-07-20 09:00,132,67
L37919248,CN,CN-35,,27.002128,120.7031057,台山列岛 (Taishan Islands)
L7892459,CN,CN-21,,38.8141205,121.1507036,台山金冈公园 (Taishan Jin'gang Park),2025-10-18 19:05,42,11
L37495041,CN,CN-33,,28.5572577,121.5800294,台州方特乐园周边 (Taizhou Fantawild Park Surroundings),2025-11-01 06:45,91,10
L59579831,CN,CN-33,,28.625127,121.3536365,台州植物园 (Taizhou Botanical Garden),2026-04-01 12:33,11,2
L10824324,CN,CN-33,,28.5564163,121.4287554,台州路桥机场 (Taizhou Luqiao Airport),2025-06-17 00:00,28,0
L71627251,CN,CN-11,,39.824473,116.6498996,台湖公园 (Taihu Park),2026-06-25 19:00,11,1
L63368085,CN,CN-31,,30.9716086,121.3658555,叶榭塘稻田及周边 (Yexie Flooded Fields And Surroundings),2026-04-25 10:50,64,2
L49711112,CN,CN-22,,43.00512,124.60082,叶赫那拉城 (Old Garrison of Yehe Nara),2025-03-23 07:00,35,1
L6743517,CN,CN-11,,40.6590409,117.2821534,司马台长城 (Great Wall at Simatai),2026-07-06 11:40,80,20
L28452828,CN,CN-35,,26.48123,116.9276,各水口 (Geshuikou {kingfisher creek}),2026-09-11 00:00,121,125
L62117210,CN,CN-45,,23.1951906,105.5468849,各达山 (Geda Mountain)
L38285475,CN,CN-62,,34.9557748,102.9106254,合作森林公园 (Hezuo Forest Park),2026-07-04 18:06,35,1
L38131235,CN,CN-50,,30.003083,106.3120547,合川钓鱼城 (Hechuan Diaoyucheng),2025-05-17 15:45,15,1
L55774982,CN,CN-31,,31.261996,121.7110167,合庆郊野公园 (Heqing Country Park),2026-07-19 08:30,38,4
L39622445,CN,CN-63,,35.63688,98.4673432,合支龙 (Hezhilong),2026-09-25 23:19,96,182
L11915974,CN,CN-13,,38.6176691,113.7944924,合河口 (Hehekou),2022-07-14 09:45,41,2
L30276193,CN,CN-34,,31.841312,117.298875,合肥工业大学--斛兵塘 (Hefei University of Technology--Hubing Pond),2024-04-02 14:55,20,2
L21902157,CN,CN-34,,31.9145259,117.126092,合肥新城遗址 (Xincheng Ruins),2022-12-25 11:11,22,1
L3952002,CN,CN-34,,31.8764644,117.2018051,合肥植物园 (Hefei Botanical Garden),2026-09-05 00:00,111,53
L29238293,CN,CN-34,,31.7175617,117.3882997,合肥滨湖国家森林公园 (Hefei Lakeside National Forest Park),2025-08-13 15:30,73,8
L38671376,CN,CN-34,,31.8893172,117.3303548,合肥生态公园 (Hefei Eco-Park),2025-09-15 00:00,1,0
L23082007,CN,CN-34,,31.892915,117.325065,合肥生态公园 (Hefei Ecological Park),2023-03-17 09:36,16,1
L17198115,CN,CN-34,,31.8332101,117.1663611,合肥野生动物园 (Hefei Wildlife Zoo),2025-11-28 08:07,32,4
L11848402,CN,CN-61,,35.1429326,110.3417015,"合阳黄河湿地 (Yellow River Wetlands, Heyang)",2025-11-30 12:05,52,3
L44941236,CN,CN-37,,35.8156408,119.6410899,吉利河水库 (Jilihe Reservoir),2025-04-24 17:10,44,3
L7153245,CN,CN-63,,37.0206,101.5929,吉拉口 (Jilakou),2026-09-13 08:54,155,174
L24982469,CN,CN-65,,47.168797,86.129173,"吉木乃草原石城 (Grassland Stone Town, Jeminay)",2026-09-19 18:31,119,120
L38038146,CN,CN-22,,43.8427481,126.5278094,"吉林北山公园 (Beishan Park, Jilin)",2026-05-01 00:00,18,3
L38038161,CN,CN-22,,43.8290981,126.5574366,"吉林江南公园 (Jiangnan Park, Jilin)",2025-12-20 13:32,34,4
L21229174,CN,CN-54,,28.3916535,85.3299695,吉隆 (Gyirong),2026-08-23 08:00,225,174
L64782539,CN,CN-54,,28.41054,85.35258,吉隆--乃夏村 (Gyirong--Nêxar Village),2026-04-29 11:00,9,1
L40295207,CN,CN-54,,28.3697521,85.3683191,吉隆--冲色村 (Gyirong--Chongse Village),2026-08-14 20:32,83,11
L35277665,CN,CN-54,,28.3752435,85.3283734,吉隆--吉甫村 (Gyirong--Jifu Village),2026-08-13 18:54,127,53
L38002024,CN,CN-54,,28.394977,85.3749315,吉隆--扎村 (Gyirong--Zha Village),2026-05-30 19:22,59,12
L35277679,CN,CN-54,,28.4030499,85.3991066,吉隆--朗吉错圣湖及山口 (Gyirong--Holy Lake & Mountain Pass),2026-08-14 07:38,106,37
L69901890,CN,CN-54,,28.3187409,85.3376935,吉隆--江村 (Gyirong--Jiang Village),2026-08-15 08:11,39,3
L35277697,CN,CN-54,,28.2803289,85.3776157,吉隆--热索口岸 (Gyirong--Border Pass Area),2026-05-12 16:53,97,17
L38474255,CN,CN-43,,28.2864082,109.7231141,吉首大学砂子坳校区 (Jishou University - Shazi'ao Campus)
L38474241,CN,CN-43,,28.2636083,109.6962798,吉首市府绿地 (Jishou Government Greenspace)
L38026907,CN,CN-15,,48.0229978,122.7268687,吊桥公园 (Diaoqiao Park)
L17224343,CN,CN-46,,18.6922935,109.8802353,吊罗山国家级自然保护区 (Diaoluoshan NNR),2026-08-22 10:53,120,24
L76281286,CN,CN-46,,18.7258888,109.8684745,吊罗山自然保护区--天湖 (Diaoluoshan NNR--Tianhu Area)
L76281369,CN,CN-46,,18.7005871,109.8355622,吊罗山自然保护区--枫果山瀑布 (Diaoluoshan NNR--Fengguoshan Waterfall)
L76281463,CN,CN-46,,18.6700841,109.8949969,吊罗山自然保护区--游客驿站 (Diaoluoshan NNR--Tourist Center)
L64599231,CN,CN-35,,26.9436461,117.1627458,同兴村（Tongxing Village）,2026-05-04 14:49,37,4
L39794510,CN,CN-35,,24.8041047,118.088731,同安文山 (Tong'an Wenshan),2026-02-25 10:05,58,5
L30000155,CN,CN-50,,29.4963973,106.6554968,同景公园 (Tongjing Park),2026-02-23 11:19,47,25
L5947283,CN,CN-44,,22.96508,113.80759,同沙生态公园 (Tongsha Ecological Park),2026-09-10 09:38,107,37
L55410886,CN,CN-31,,31.2896819,121.2190998,同济大学嘉定校区 (Tongji University - Jiading Campus),2026-04-25 18:00,40,7
L12498823,CN,CN-31,,31.283007,121.501377,同济大学四平路校区 (Tongji University - Siping Rd Campus),2026-07-12 07:14,81,127
L13418723,CN,CN-32,,31.1579873,120.8163231,同里国家湿地公园 (Tongli National Wetland Park),2026-09-07 17:25,190,125
L2578279,CN,CN-11,,40.5102754,117.0308304,后八家庄 (Houbajiazhuang),2025-06-28 17:00,271,99
L36421379,CN,CN-42,,30.4984275,114.1205536,后官湖 (Houguan Lake),2026-09-03 07:15,63,8
L39794926,CN,CN-35,,24.5709492,118.2670535,后村鱼塘 (Houcun Ponds),2026-05-12 15:45,62,8
L37098503,CN,CN-14,,36.430071,111.866896,后柳沟 (Houliugou),2025-05-22 15:17,26,15
L35573170,CN,CN-42,,30.088112,110.552709,后河国家级自然保护区 (Houhe NNR),2024-08-12 14:00,84,18
L22269129,CN,CN-43,,28.1609681,112.9435804,后湖 (Houhu Lake),2026-06-28 08:57,21,3
L32065067,CN,CN-33,,28.8498125,118.7700624,后溪镇--天溪农业 (Houxi--Tianxi Farm),2026-09-06 16:00,83,3
L5791399,CN,CN-31,,31.1825256,121.4708278,后滩公园 (Houtan Park),2026-09-26 14:41,164,453
L15340781,CN,CN-44,,22.3707326,113.606682,后环湿地公园 (Houhuan Wetland Park),2021-06-20 12:40,7,1
L19034272,CN,CN-44,,20.8335323,110.2219341,后田 (Houtian),2020-01-10 11:15,35,1
L51939211,CN,CN-33,,30.3299121,120.0201079,后陡门--顾家塘 (Houdoumen--Gujiatang),2025-11-07 11:53,72,19
L22389057,CN,CN-65,,39.4643827,76.0049483,"吐曼河-东湖公园 (Tuman River & East Lake Park, Kashgar)",2025-11-05 11:00,46,8
L997369,CN,CN-22,,45.0228506,122.3481574,向海国家级自然保护区 (Xianghai NNR),2025-07-24 05:05,223,51
L10374156,CN,CN-35,,24.6069118,118.2733052,吕塘村 (Lütang Village),2026-02-20 21:05,101,16
L10841769,CN,CN-33,,28.0009441,120.6047711,君子峰 (Junzi Hill),2026-08-06 00:00,84,12
L5930870,CN,CN-35,,26.5667395,116.9465382,君子峰国家级自然保护区 (Junzi Peak NNR),2026-06-06 09:30,153,37
L35608361,CN,CN-43,,29.3559224,113.0061052,君山岛 (Junshan Island),2026-02-14 13:13,118,10
L5817574,CN,CN-45,,24.466779,109.392736,君武森林公园 (Junwu Forest Park),2025-05-23 09:59,70,11
L40003258,CN,CN-31,,31.1172315,121.3965763,听翠园 (TingCui Garden),2026-05-02 09:11,34,4
L39865903,CN,CN-32,,31.7462984,121.9344706,启东黄金海滩 (Qidong Golden Beach),2025-11-09 14:45,12,2
L2478432,CN,CN-36,,29.18906,116.01366,吴城 (Wu Cheng),2026-03-15 15:23,245,333
L25761987,CN,CN-33,,30.2351103,120.1650462,吴山景区 (Wushan Scenic Area),2026-09-25 11:25,76,55
L24682765,CN,CN-42,,30.8885169,113.0930636,吴岭水库 (Wuling Reservoir),2023-05-27 06:50,49,2
L38059361,CN,CN-64,,38.0026125,106.1727951,吴忠黄河湿地公园 (Wuzhong Yellow River Wetland Park),2025-10-05 15:44,19,1
L27195817,CN,CN-32,,31.3006899,120.753503,吴淞江源 (Wusongjiangyuan Park),2026-08-17 17:02,26,16
L3372101,CN,CN-31,,31.3975133,121.5069222,吴淞炮台湾湿地公园 (Wusong Cannon Bay Wetland Park),2026-09-28 07:00,210,904
L38302916,CN,CN-14,,35.4951003,112.8110346,吴王山森林公园 (Wuwangshan Forest Park)
L55197882,CN,CN-32,,31.1760911,119.5335674,吴越弟一峰,2025-11-14 15:00,1,1
L7499845,CN,CN-46,,18.4532318,109.6528244,呀诺达雨林文化旅游区 (Yanoda Rainforest Scenic Area),2026-06-10 07:30,64,24
L38127057,CN,CN-53,,24.8136509,102.8485534,"呈贡营盘山 (Yingpan Hill, Chenggong)",2024-08-03 12:30,32,5
L38474491,CN,CN-41,,33.6182608,114.6377745,"周口人民公园 (People's Park, Zhoukou)",1998-10-27 00:00,8,1
L38474530,CN,CN-41,,33.6373081,114.6916059,周口公园 (Zhoukou Park)
L38212257,CN,CN-11,,39.689484,115.929187,周口店考古遗址 (Zhoukoudian Archaeological Site)
L38474517,CN,CN-41,,33.6222331,114.7142431,周口植物园 (Zhoukou Botanical Garden)
L12847383,CN,CN-33,,28.3072131,119.7606243,周巷江心岛草地 (Zhouxiang Lawn),2026-05-09 00:00,19,0
L7959134,CN,CN-15,,48.7456808,117.0669461,呼伦湖及克鲁伦河口 (Hulun Lake & Kherlen River Estuary),2026-09-13 08:00,165,24
L59513742,CN,CN-15,,40.6969093,111.5643657,呼和浩特千岛湖,2026-05-26 17:31,68,11
L36309414,CN,CN-15,,40.7443177,111.643291,"呼和浩特南湖湿地公园 (Nanhu Wetland Park, Hohhot)",2026-08-24 16:30,146,65
L38024246,CN,CN-15,,40.8602855,111.7107079,"呼和浩特成吉思汗公园 (Genghis Khan Park, Hohhot)"
L38024314,CN,CN-15,,40.8080026,111.7131021,呼和浩特树木园 (Hohhot Arboretum),2026-07-30 09:30,65,50
L20902453,CN,CN-15,,49.2651253,119.2397301,呼和诺尔 (Hoh Nur),2026-08-25 14:27,90,18
L9410972,CN,CN-15,,43.4159177,114.8847967,呼日查干淖尔 (Hur Chagan Nur),2026-08-14 07:54,184,56
L6142261,CN,CN-65,,46.3269,85.9183,和什托洛盖以南干旱地带 (Arid Country S of Hoxtolgay),2026-06-24 08:45,55,32
L23030456,CN,CN-33,,28.6519958,121.4071124,和合公园 (Hehe Park),2026-02-26 07:00,34,12
L22103474,CN,CN-33,,30.7727176,120.1639941,和孚漾 (Hefuyang Wetland),2026-01-20 07:55,27,2
L39324476,CN,CN-44,,20.6326,110.3794,和安镇湿地 (He'an Wetlands),2025-01-08 08:10,41,3
L57052669,CN,CN-43,,27.8709234,112.9048677,和平公园 (Heping Park),2024-02-07 14:30,14,1
L39033193,CN,CN-42,,30.6335732,114.3851363,和平公园 (Peace Park),2025-08-01 09:22,24,3
L39939415,CN,CN-31,,31.2709032,121.5031028,和平公园 (Peace Park),2026-09-13 09:16,29,23
L17479210,CN,CN-33,,30.2432601,119.9942553,和睦湿地 (Hemu Wetlands),2026-09-25 17:00,97,26
L6607420,CN,CN-53,,25.0106887,98.4563098,和顺古镇 (Heshun Old Town),2026-09-22 09:58,179,53
L10520203,CN,CN-53,,25.0093969,98.4607285,和顺古镇--野鸭湖 (Heshun Old Town--Mallard Lake),2026-09-25 17:24,134,33
L10487581,CN,CN-53,,25.015154,98.4619184,和顺古镇--镇外湿地 (Heshun Old Town--Outskirt Wetlands),2026-09-22 14:32,85,18
L22258413,CN,CN-43,,28.205404,112.941668,咸嘉湖 (Xianjia Lake),2026-02-24 12:12,56,23
L23449109,CN,CN-33,,29.6736178,121.8103207,咸祥渔业公园 (Xianxiang Fishery Park),2025-05-04 00:00,12,0
L38297596,CN,CN-61,,34.2826998,108.6664061,咸阳湖二期湿地公园 (Xianyang Lake Wetland Park Area II),2026-09-24 10:13,122,37
L10009767,CN,CN-53,,24.2151483,101.3264751,哀牢山--实地局 (Ailaoshan--Field Station),2019-09-19 07:00,136,29
L12278767,CN,CN-53,,24.54018,101.0180605,哀牢山杜鹃湖水库 (Ailaoshan Dujuanhu Reservoir),2026-08-12 11:20,143,16
L37988325,CN,CN-65,,42.830752,93.5152252,"哈密人民公园 (People's Park, Hami)",2026-03-29 18:31,20,3
L38041514,CN,CN-65,,42.6421914,93.4099871,"哈密南湖水库 (Nanhu Reservoir, Hami)",2024-10-29 11:18,20,1
L36103865,CN,CN-23,,45.7357992,126.546242,哈尔滨体育公园 (Harbin Sports Park),2026-09-17 15:59,61,19
L10040920,CN,CN-23,,45.7599489,126.6556008,"哈尔滨儿童公园 (Children's Park, Harbin)",2019-10-26 03:59,18,12
L36662878,CN,CN-23,,45.6996265,126.6662226,"哈尔滨劳动公园 (Laodong Park, Harbin)",2026-08-08 11:27,16,3
L38858269,CN,CN-37,,37.5306252,122.0804449,"哈尔滨工业大学威海校区 (Harbin Institute of Technology, Weihai)"
L15247984,CN,CN-23,,45.8124501,126.5846406,哈尔滨文化中心湿地公园 (Harbin Cultural Center Wetland Park),2026-06-18 16:38,35,9
L36662897,CN,CN-23,,45.7802665,126.6695212,"哈尔滨文化公园 (Culture Park, Harbin)",2026-04-28 15:46,4,0
L6144933,CN,CN-65,,48.060168,86.395527,哈巴河城西湿地 (S229 Wetlands W of Habahe),2026-08-19 09:40,164,176
L5240000,CN,CN-65,,48.07328,86.33707,"哈巴河白桦林景区 (White Birch Forest Scenic Area, Habahe)",2026-07-27 10:00,95,59
L35607685,CN,CN-65,,48.3537744,85.7489665,"哈巴河白沙湖景区 (White Sand Lake, Habahe)"
L10125544,CN,CN-64,,37.7171868,107.0727633,哈巴湖生态旅游区 (Haba Lake Scenic Area),2025-10-18 15:58,29,3
L38024329,CN,CN-15,,40.8998996,111.7231613,哈拉沁生态公园 (Khalaqin Eco-Park),2026-03-27 07:43,58,4
L5847970,CN,CN-63,,38.391192,97.6250214,哈拉湖 (Hala Lake),2026-09-07 11:30,49,15
L37992308,CN,CN-65,,43.8170592,87.9919721,哈熊沟 (Haxiong Valley),2026-05-20 08:29,29,2
L39614886,CN,CN-63,,37.3434473,98.8044691,哈熊沟 (Haxiong Valley),2026-08-22 11:19,75,86
L9216679,CN,CN-15,,40.6224734,110.9538508,哈素海 (Hasu Lake),2026-05-10 21:00,138,15
L12937116,CN,CN-15,,49.6530728,119.7662418,哈达图苏木 (Hadatu Sum),2026-08-09 12:43,58,78
L9712162,CN,CN-63,,37.0312654,98.6641908,哈里哈图森林公园 (Halihatu Forest Park),2026-07-20 15:04,40,17
L38319917,CN,CN-13,,36.535077,114.1599527,响堂山风景区 (Xiangtangshan Scenic Area),2025-11-13 00:00,4,0
L38451215,CN,CN-11,,40.2540089,116.09262,响潭水库 (Xiangtan Reservoir),2024-05-03 17:28,2,0
L1092113,CN,CN-54,,29.6759726,91.0485077,哲蚌寺 (Drepung Monastery),2026-09-25 10:49,59,33
L1309426,CN,CN-51,,32.6029401,104.7882843,唐家河国家级自然保护区 (Tangjiahe NNR),2026-08-29 06:44,316,1331
L37911815,CN,CN-51,,32.5650158,104.80175,唐家河自然保护区--教育中心 (Tangjiahe NNR--Education Center),2026-06-22 09:40,129,84
L38190556,CN,CN-51,,32.5903476,104.7380142,唐家河自然保护区--水池坪 (Tangjiahe NNR--Shuichiping),2025-12-24 08:33,22,6
L37911761,CN,CN-51,,32.5700359,104.7880329,唐家河自然保护区--白熊关步道 (Tangjiahe NNR--Baixiongguan Trail),2026-07-09 09:15,132,129
L37911695,CN,CN-51,,32.5773975,104.7591239,唐家河自然保护区--酒店周边及香妃步道 (Tangjiahe NNR--Hotel area),2026-08-25 14:37,168,239
L15939422,CN,CN-51,,32.6197569,104.847755,唐家河自然保护区--阴平古道 (Tangjiahe NNR--Yingping Historic Trail),2026-06-23 09:14,145,45
L16519611,CN,CN-13,,39.6314604,118.1869559,"唐山凤凰山公园 (Fenghuangshan Park, Tangshan)",2026-02-18 13:47,27,3
L38320684,CN,CN-13,,39.6774746,118.2415727,唐山动物园 (Tangshan Zoo)
L30779267,CN,CN-13,,39.6004638,118.1580448,唐山南湖·开滦旅游景区 (Tangshan Nanhu-Kailuan Scenic Area),2026-09-26 17:03,46,9
L10367389,CN,CN-37,,35.9364751,120.1964172,唐岛湾 (Tangdao Bay),2026-09-12 09:00,269,173
L76227440,CN,CN-37,,35.93044,120.19792,唐岛湾公园 (Tangdao Bay Park),2026-09-25 07:56,60,7
L39712455,CN,CN-37,,35.9407534,120.1848756,唐岛湾滨海公园 (Tangdao Bay Coast Park),2026-08-22 09:00,98,13
L48207957,CN,CN-65,,43.6714047,84.1128911,唐布拉仙女湖 (Tangbula Fairy Lake),2026-08-07 11:00,37,3
L38843244,CN,CN-37,,35.3962442,117.005302,唐王河公园 (Tangwanghe Park),2026-06-04 13:00,17,2
L38474469,CN,CN-41,,34.3730408,115.6743277,"商丘日月湖 (Sun Moon Lake, Shangqiu)"
L38474450,CN,CN-41,,34.4119652,115.6262259,商都公园 (Shangdu Park)
L39866064,CN,CN-32,,31.9644445,120.9088948,啬园 (Se Yuan)
L35496417,CN,CN-65,,39.4632723,75.9918356,"喀什人民公园 (People's Park, Kashgar)",2025-08-23 21:00,1,1
L25412773,CN,CN-65,,39.4574131,76.0071245,"喀什南湖公园 (South Lake Park, Kashgar)",2023-06-23 08:08,18,2
L25458284,CN,CN-65,,39.471335,75.9911361,喀什古城 (Kashgar Old City),2026-09-27 18:38,20,11
L48205647,CN,CN-65,,43.0524384,82.0548877,喀拉峻大草原景区--乌孙夏都 (Kalajun Grassland--Wusun Xiadu),2026-06-25 13:49,18,3
L25261386,CN,CN-65,,43.011692,82.2184244,喀拉峻大草原景区--猎鹰台 (Kalajun Grassland--Falconry Platform),2023-07-17 11:00,17,2
L25261318,CN,CN-65,,43.032589,82.189862,喀拉峻大草原景区--鲜花台 (Kalajun Grassland--Wildflower Meadow),2026-06-16 14:06,14,3
L33912113,CN,CN-65,,37.03874,80.1877555,喀拉库勒水库 (Kara Kul Resevior),2024-09-10 15:00,53,5
L10166139,CN,CN-65,,38.4439583,75.048123,喀拉库勒湖 (Karakul Lake),2026-09-27 19:43,102,22
L37988909,CN,CN-65,,38.9398104,77.8071366,喀拉玛水库 (Karama Reservoir)
L6142214,CN,CN-65,,48.2214144,87.0015318,喀纳斯机场及周边 (Kanas Airport & Vicinity),2026-06-29 14:50,56,15
L6139449,CN,CN-65,,48.6940199,87.0312023,喀纳斯湖风景区 (Kanas Lake Scenic Area),2026-09-27 12:40,144,74
L37994524,CN,CN-65,,48.6270729,87.0454334,喀纳斯湖风景区--卧龙湾至月亮湾 (Kanas Lake Scenic Area--Wolong to Moon Bay),2026-09-27 12:40,50,13
L37994444,CN,CN-65,,48.717003,87.031519,喀纳斯湖风景区--泰加林步道 (Kanas Lake Scenic Area--Taiga Walk),2026-09-23 16:31,40,6
L37994538,CN,CN-65,,48.6601983,87.038451,喀纳斯湖风景区--神仙湾 (Kanas Lake Scenic Area--Shenxian Bay),2026-09-24 14:55,37,7
L37994465,CN,CN-65,,48.7200879,86.9944067,喀纳斯湖风景区--观鱼台 (Kanas Lake Scenic Area--Fish Viewing Platform),2026-09-24 10:57,44,4
L41134264,CN,CN-44,,23.1829334,113.4859586,善坑顶公园 (Shankengding Park),2025-07-09 15:14,26,2
L37671066,CN,CN-11,,40.9584294,116.4605034,喇叭沟门原始森林 (Labagoumen Forest),2026-07-18 09:48,57,14
L5924489,CN,CN-51,,30.1891614,102.4568244,喇叭河自然保护区 (Labahe NNR),2026-09-26 08:12,335,939
L38226900,CN,CN-51,,30.2004919,102.4375752,喇叭河自然保护区--杜鹃湖至索道下站 (Labahe NNR--Dujuanhu to Cableway Station),2026-09-26 08:12,161,182
L38226934,CN,CN-51,,30.2218578,102.430615,喇叭河自然保护区--焦山步道 (Labahe NNR--Jiaoshan Trail),2026-07-09 12:36,110,72
L38226955,CN,CN-51,,30.1829898,102.4210106,喇叭河自然保护区--熊猫栈道 (Labahe NNR--Panda Trail),2026-07-13 08:26,109,58
L38226708,CN,CN-51,,30.1815298,102.475969,喇叭河自然保护区--蓝水晶酒店 (Labahe NNR--Blue Crystal Hotel),2026-06-18 09:29,90,31
L9351876,CN,CN-51,,30.167,102.449,喇叭河自然保护区--鹿鸣酒店 (Labahe NNR--Lu Ming Hotel),2026-09-25 15:04,163,151
L4661753,CN,CN-51,,31.028398,103.166421,"喇嘛寺 (Lamasery, Wolong)",2026-09-07 17:20,243,436
L38893102,CN,CN-53,,23.972695,97.8096261,喊沙奘寺 (Hansha Temple),2026-05-24 16:00,50,89
L24099096,CN,CN-42,,30.522914,114.4113177,喻家山 (Yujia Hill),2026-09-19 07:54,136,88
L17973923,CN,CN-42,,30.5250601,114.4260643,喻家湖 (Yujia Lake),2026-09-20 09:41,87,23
L30181267,CN,CN-33,,30.7521443,120.7592981,"嘉兴南湖 (South Lake, Jiaxing)",2026-02-17 13:37,34,7
L10848617,CN,CN-33,,30.7254994,120.7665846,嘉兴植物园 (Jiaxing Botanical Garden),2026-07-24 18:28,88,41
L17343376,CN,CN-31,,31.3571798,121.201022,嘉北郊野公园 (Jiabei Country Park),2026-09-13 09:30,133,145
L29649398,CN,CN-33,,30.8291001,120.9431579,嘉善--柳州公园 (Jiashan--Liuzhou Park),2026-02-17 15:08,19,2
L36885070,CN,CN-37,,36.111929,120.3741377,嘉定山公园 (Jiadingshan Park)
L43105974,CN,CN-32,,32.0414856,119.753897,嘉山 (Jiashan),2026-02-04 00:00,8,0
L38002793,CN,CN-62,,39.7680604,98.3033751,"嘉峪关东湖 (East Lake, Jiayuguan)",2026-04-29 19:30,9,1
L38002796,CN,CN-62,,39.7751578,98.2683591,"嘉峪关迎宾湖 (Yingbin Lake, Jiayuguan)",2026-09-20 15:23,1,1
L38002786,CN,CN-62,,39.8004285,98.2218521,嘉峪关长城景区 (Jiayuguan Great Wall),2026-09-09 10:21,24,14
L32608001,CN,CN-23,,48.848689,130.245996,嘉荫恐龙国家地质公园 (Jiayin Dinosaur National Geo-Park),2024-05-31 11:51,16,2
L38162992,CN,CN-50,,29.6350824,106.461479,嘉陵江大竹林段 (Jialing River at Dazhulin),2026-09-19 15:10,24,3
L17622490,CN,CN-54,,29.7678792,95.7020545,嘎龙寺 (Galong Monastery),2026-08-10 11:30,101,91
L5693976,CN,CN-13,,39.0353029,118.3055449,嘴东滩涂 (Zuidong Mudflat),2026-08-23 08:48,182,330
L8291953,CN,CN-53,,27.8598125,99.7059057,噶丹松赞林寺 (Ganden Sumtseling Monastery),2026-08-05 13:12,130,46
L44714553,CN,CN-12,,39.2795737,117.2190347,嚒嚒兽梦幻森林,2025-05-11 18:00,9,3
L38113482,CN,CN-13,,41.7886413,117.8294169,四合永湿地公园 (Siheyong Wetland Park)
L4654874,CN,CN-51,,30.9864001,102.8438588,四姑娘山--猫鼻梁观景台 (Mt. Siguniang--Viewing Point),2026-09-06 09:11,178,153
L7616427,CN,CN-51,,31.09569,102.77414,四姑娘山双桥沟 (Mt. Siguniang--Shuangqiao Valley),2026-09-05 16:00,125,46
L35350260,CN,CN-51,,31.0590489,102.7866408,四姑娘山双桥沟--人参果坪 (Mt. Siguniang--Shuangqiao Valley--Renshenguoping),2026-06-23 14:04,10,1
L33486620,CN,CN-51,,31.207126,102.764164,四姑娘山双桥沟--布达拉峰观景台 (Mt. Siguniang--Shuangqiao Valley--Potala Peak Viewing Point),2026-09-05 13:30,24,4
L33488575,CN,CN-51,,31.1537056,102.769307,四姑娘山双桥沟--撵鱼坝 (Mt. Siguniang--Shuangqiao Valley--Nianyuba),2026-09-05 16:00,16,3
L33487910,CN,CN-51,,31.184102,102.754773,四姑娘山双桥沟--斯古拉错 (Mt. Siguniang--Shuangqiao Valley--Sigula Tso),2026-06-23 11:43,44,5
L33486150,CN,CN-51,,31.245298,102.781984,四姑娘山双桥沟--红杉林 (Mt.Siguniang--Shuangqiao Valley--Redwood Forest),2026-06-23 09:45,38,6
L35350238,CN,CN-51,,31.1289147,102.768646,四姑娘山双桥沟--隆珠错 (Mt. Siguniang--Shuangqiao Valley--Longzhu Tso),2026-04-11 09:20,34,2
L15938986,CN,CN-51,,31.0380372,102.9312346,四姑娘山海子沟 (Mt. Siguniang--Haizi Valley),2026-05-27 09:13,25,3
L38241798,CN,CN-51,,31.0789709,102.8746133,四姑娘山长坪沟--下干海子 (Mt. Siguniang--Changping Valley--Lower Ganhaizi),2026-02-26 14:28,8,2
L24224756,CN,CN-51,,31.0299094,102.873564,四姑娘山长坪沟--斯古拉寺 (Mt. Siguniang--Changping Valley--Sigula Monastery),2026-05-28 09:09,87,11
L38241755,CN,CN-51,,31.0565519,102.878541,四姑娘山长坪沟--枯树滩 (Mt. Siguniang--Changping Valley--Kushutan),2026-07-20 08:49,34,3
L23116954,CN,CN-34,,31.8649945,117.154265,四季花海 (Siji Huahai Park),2025-11-22 22:00,26,8
L38227082,CN,CN-51,,29.9767207,102.9923154,四川农业大学雅安校区 (Sichuan Agricultural University - Ya'an Campus),2026-06-22 15:00,125,67
L1616684,CN,CN-51,,30.6320134,104.0858489,四川大学望江校区 (Sichuan University - Wangjiang Campus),2026-09-25 09:39,197,412
L8299702,CN,CN-51,,30.56019,103.999656,四川大学江安校区 (Sichuan University - Jiang'an Campus),2026-09-27 13:49,84,22
L23478237,CN,CN-22,,43.162733,124.363927,"四平南湖公园 (South Lake Park, Siping)",2023-04-09 17:00,4,1
L23414957,CN,CN-22,,43.145095,124.409873,四平植物园 (Siping Botanical Garden),2023-04-15 07:50,35,6
L37874682,CN,CN-32,,31.6342839,118.8334343,四径山瞭望台 (Sijingshan Viewing Point),2025-03-01 10:42,47,6
L38450985,CN,CN-11,,39.9718101,116.4746038,四得公园 (Side Park),2026-09-23 06:44,28,9
L73464413,CN,CN-43,,26.9819,113.06002,四方山森林公园 (Sifangshan Forest Park),2026-07-14 18:00,7,1
L39576820,CN,CN-42,,32.6844146,110.7758551,四方山植物园 (Sifangshan Botanical Garden)
L8947155,CN,CN-33,,29.7479448,121.0960372,四明山国家森林公园 (Siming Mountain National Forest Park),2026-06-20 15:59,40,5
L9478169,CN,CN-33,,29.9414448,121.0672624,四明湖水库 (Siming Lake Reservoir),2026-07-30 16:45,96,17
L29219504,CN,CN-34,,31.17466,116.24057,四望山庄 (Siwang Villa),2026-08-21 13:10,81,24
L49777113,CN,CN-22,,44.40521,126.25772,四棱山国家森林公园 (Silengshan National Forest Park),2024-09-07 08:50,10,1
L40083494,CN,CN-44,,22.4961061,113.9267711,四海公园 (Sihai Park),2026-09-13 14:29,36,9
L4285153,CN,CN-33,,30.3022053,121.3620615,四灶浦水库及附近农田 (Sizaopu Reservoir and surrounding Fields),2026-09-13 09:00,212,80
L26764389,CN,CN-35,,26.7026196,120.3573005,四礵列岛 (Sishuang Islands),2026-09-26 11:00,124,15
L38163092,CN,CN-50,,28.6256543,106.4061303,四面山自然保护区--土地岩 (Simianshan NNR--Tudiyan),2026-04-05 09:00,29,10
L38163142,CN,CN-50,,28.6532837,106.3596951,四面山自然保护区--水口寺 (Simianshan NNR--Shuikou Temple),2026-05-23 15:30,55,3
L15806882,CN,CN-50,,28.6185907,106.383348,四面山自然保护区--烂泥沟 (Simianshan NNR--Lannigou),2026-09-17 06:54,162,83
L38163058,CN,CN-50,,28.5973612,106.4268821,四面山自然保护区--珍珠滩瀑布 (Simianshan NNR--Zhenzhutan Waterfalls),2024-04-14 12:06,8,4
L12474850,CN,CN-34,,31.620552,117.463031,四顶山 (Siding Mountain),2026-09-12 08:00,132,68
L29464439,CN,CN-12,,39.5437744,117.5100912,回家庄白鹭园 (Huijiazhuang Egret Garden),2026-05-07 15:36,29,1
L36510601,CN,CN-43,,26.8866613,112.613412,回雁峰景区 (Huiyangfeng Scenic Area),2024-09-09 17:00,5,0
L9969281,CN,CN-43,,29.1243687,110.5005638,回龙公园 (Huilong Park),2026-06-02 15:00,31,9
L58204239,CN,CN-11,,40.084703,116.340581,回龙园东区公园 (Huilong Park East Area),2026-06-28 18:13,10,6
L52419847,CN,CN-33,,29.0583982,121.4034116,回龙庵--三门林场 (Sanmen Forest),2026-02-25 07:16,42,2
L12637190,CN,CN-42,,30.2078254,115.0484848,团城山公园 (Tuanchengshan Park),2024-12-29 14:40,15,3
L73545088,CN,CN-65,,43.88402,86.16024,团庄村 (Tuanzhuang Village),2026-08-15 15:22,45,8
L63727434,CN,CN-31,,31.5671504,121.9136411,团旺北路,2026-08-08 10:58,133,35
L5255423,CN,CN-12,,38.9115466,117.1119904,团泊洼水库 (Tuanbowa Reservoir),2026-09-03 12:20,138,51
L57133131,CN,CN-34,,30.9498521,117.0886622,团结大圩 (Tuanjie Dawei),2026-03-08 09:00,72,10
L14439004,CN,CN-11,,39.9257734,116.4642238,团结湖公园 (Tuanjie Lake Park),2026-06-26 16:00,49,288
L38320099,CN,CN-13,,41.7089259,115.7090222,囫囵淖尔 (Hulun Nur)
L7561343,CN,CN-11,,39.8742686,116.1909741,园博园 (Garden Expo Park),2026-09-13 13:00,171,164
L33136641,CN,CN-11,,39.8661884,116.197991,园博园--功能湿地 (Garden Expo Park--Functional Wetland & Reeds),2026-07-04 15:06,134,52
L12684026,CN,CN-11,,39.8623315,116.1930015,园博园--西南废弃公园 (Garden Expo Park--SW Undeveloped Area),2024-11-03 14:32,85,25
L26509604,CN,CN-44,,22.634069,114.249279,园山风景区 (Yuanshan Scenic Area),2026-09-16 09:23,119,77
L8700163,CN,CN-35,,24.5792619,118.568585,围头湾 (Weitou Bay Wetlands),2026-03-22 07:05,146,133
L57411732,CN,CN-44,,22.5840977,114.1265345,围岭公园 (Weiling Park),2026-02-21 15:08,14,1
L61236063,CN,CN-32,,31.3127917,118.8978129,固城湖--西北角 (Gucheng Lake--Northwest),2026-03-29 06:41,32,1
L61341608,CN,CN-32,,31.283988,118.88867,固城湖水慢城 (Gucheng Lake Slow City),2026-03-30 08:44,54,2
L70855672,CN,CN-23,,52.331492,124.720009,固奇谷湿地公园 (Guqigu Wetland Park),2026-06-20 05:22,13,2
L76963030,CN,CN-44,,22.57906,113.84033,固戍堡公园 (Gushubao Park),2026-09-25 18:03,51,9
L22315584,CN,CN-12,,39.1047275,117.7896951,国家海洋博物馆 (National Maritime Museum),2026-07-17 18:31,18,9
L7877166,CN,CN-65,,46.9972402,86.8752868,国营二牧场 (No.2 State Pasture),2026-07-13 11:32,75,16
L65133588,CN,CN-21,,40.028369,124.3682644,国门湾 (Guomenwan),2026-03-10 12:30,37,4
L37874563,CN,CN-32,,32.050635,118.7546496,国防园 (Guofang Park),2026-09-23 14:00,90,63
L19424538,CN,CN-65,,43.9817058,80.7971716,图开沙漠 (Tukai Desert),2026-08-10 18:00,74,14
L5775208,CN,CN-15,,46.137355,122.8921933,图牧吉 (Temeji),2017-05-24 00:00,135,10
L20866072,CN,CN-15,,50.4960609,121.6515549,图里河湿地公园 (Tulihe Wetland Park),2026-02-13 09:16,16,2
L1762807,CN,CN-11,,40.007867,116.3006421,圆明园 (Old Summer Palace [Yuanming Yuan]),2026-09-26 20:12,265,1201
L38198898,CN,CN-11,,40.0024847,116.3103108,圆明园--绮春园 (Old Summer Palace--Qichun Yuan),2026-06-30 18:09,93,16
L38198877,CN,CN-11,,40.0095443,116.3137369,圆明园--长春园 (Old Summer Palace--Changchun Yuan),2026-07-27 11:28,65,10
L39841905,CN,CN-32,,32.2189826,119.7115112,圌山 (Chuishan Mountain),2025-10-25 00:00,29,0
L49783352,CN,CN-22,,44.0612,126.08835,土们岭 (Tumenling),2026-05-04 15:00,23,3
L19031225,CN,CN-44,,20.9523857,110.5085912,土围坑 (Tuweikeng),2020-01-08 09:40,44,1
L38183243,CN,CN-51,,31.6922328,103.9082003,土地岭国家森林公园 (Tudiling National Forest Park),2026-05-28 15:41,8,2
L15306414,CN,CN-14,,36.7612,112.0972,土岭上 (Tulingshang),2026-07-13 08:12,61,5
L2331125,CN,CN-63,,36.6439273,101.7818659,土楼观 (Tulou Temple),2025-08-23 18:00,40,20
L38256398,CN,CN-35,,25.3288191,119.102243,土海湿地公园 (Tuhai Wetland Park),2025-11-26 09:33,20,1
L21123458,CN,CN-45,,23.970143,110.1175188,圣堂山保护站 (Shengtangshan Protection Station),2022-10-03 18:00,92,12
L73882989,CN,CN-14,,34.7131796,110.9033487,圣天湖 (Shengtian Lake),2026-07-19 09:50,23,1
L58735365,CN,CN-36,,28.9975468,115.5392166,圣水堂国家森林公园 (Shengshuitang National Forest Park),2026-02-17 09:00,19,1
L28284070,CN,CN-36,,29.0952277,115.9142158,圩角村修水沿岸 (Xiushui River at Weijiao),2026-03-17 15:08,141,75
L29589772,CN,CN-43,,28.1804798,113.0442001,圭塘河 - 人民东路至长沙大道段 (Guitang River - Renmin E Rd to Changsha Blvd),2024-10-25 07:04,20,4
L38297976,CN,CN-61,,33.9978474,108.7674166,圭峰寺 (Guifeng Temple),2026-06-27 07:30,89,18
L20074527,CN,CN-44,,22.5546207,113.0273448,圭峰山 (Guifeng Mountain),2026-07-29 18:00,78,19
L3352512,CN,CN-11,,39.9538311,116.4154535,地坛公园 (Temple of Earth),2026-09-20 13:31,45,30
L39797628,CN,CN-35,,24.6705491,118.0238114,坂头林场 (Bantou Forest)
L39655255,CN,CN-35,,26.3615944,117.4783841,均峰山 (Junfeng Mountain),2026-08-06 11:18,95,23
L7075637,CN,CN-63,,36.092843,101.7578223,坎布拉国家森林公园 (Kanbula National Forest Park）,2026-09-12 11:25,78,9
L5901580,CN,CN-63,,32.314561,96.624807,坎达山 (Kanda Mountain),2026-08-31 11:00,145,339
L18835765,CN,CN-33,,28.9635541,119.7912241,坛头湿地公园 (Tantou Wetland Park),2026-05-31 17:15,29,5
L26777622,CN,CN-44,,22.6481284,114.4999593,坝光水生态公园 (Baguang Eco-Park),2025-09-14 10:30,59,19
L26777591,CN,CN-44,,22.6480156,114.51693,坝光银叶树湿地园 (Baguang Tulip Mangrove Wetlands),2026-09-26 09:25,120,59
L17918521,CN,CN-11,,39.9698249,116.5984465,坝河楼梓庄段 (Bahe River at Louzizhuang),2022-02-23 14:00,13,1
L18510545,CN,CN-45,,23.8736513,106.7080007,坡阳山 (Poyang Mountain),2023-06-25 08:59,70,24
L22453474,CN,CN-65,,37.088324,77.115287,坡陇原始森林景区 (Polong Forest),2023-02-02 15:30,9,3
L22357240,CN,CN-33,,28.623927,121.2328935,坦田 (Tantian Fields),2025-03-20 15:30,95,64
L28533415,CN,CN-44,,22.7085619,114.3472505,坪山中心公园 (Pingshan Central Park),2025-04-07 17:14,12,1
L40004091,CN,CN-44,,22.709636,114.4061906,坪山湿地公园 (Pingshan Wetland Park)
L39460037,CN,CN-37,,37.5355974,118.6573408,垦利兴隆湿地 (Kenli Xinglong Wetlands)
L21476960,CN,CN-11,,39.8732482,116.7214109,城市绿心森林公园 (Central Green Forest Park),2026-06-26 19:30,94,34
L12757947,CN,CN-33,,30.6664413,119.9687645,埭芳线--妙新线农田 (Daifang to Miaoxin Road Fields),2026-06-07 13:30,46,12
L39819290,CN,CN-44,,23.4565545,116.8796865,培隆沙滩 (Peilong Sandbar),2026-08-14 17:00,111,25
L26127550,CN,CN-35,,24.619415,117.048385,塔下土楼 (Taxia Tulou Scenic Area),2025-03-09 14:00,25,2
L39644217,CN,CN-35,,26.8834165,120.0455608,塔下村 (Taxia Village),2026-01-15 09:17,9,2
L37990945,CN,CN-65,,39.0362837,83.6311294,塔中镇 (Tazhong [town area]),2003-06-25 00:00,1,0
L25412390,CN,CN-65,,37.7813329,75.2258177,塔县迎宾馆 (Taxkorgan Guest Hotel),2026-05-20 21:36,32,3
L37988793,CN,CN-65,,37.9236658,75.1852229,塔合曼湿地 (Tahman Wetlands),2026-08-17 15:25,36,5
L37993000,CN,CN-65,,46.7463955,82.9761368,塔城文化中心绿地 (Tacheng Culture Center Greenspace),2025-10-06 08:00,23,4
L38162936,CN,CN-50,,29.5985447,106.5760649,塔子山 (Tazishan),2026-05-26 00:00,42,14
L11979441,CN,CN-51,,30.634238,104.124876,塔子山公园 (Tazishan Park),2026-08-11 17:55,66,47
L21369806,CN,CN-63,,36.4881092,101.5656853,塔尔寺 (Kumbum Monastery),2026-08-09 07:50,82,18
L26472769,CN,CN-15,,47.983688,121.20837,塔尔气 (Tarqi),2014-07-17 00:00,47,1
L38858203,CN,CN-37,,37.4918653,122.1182828,塔山公园 (Tashan Park),2025-05-01 17:00,8,1
L39654572,CN,CN-35,,26.6508041,119.5533465,塔山公园 (Tashan Park),2025-02-02 13:52,18,2
L25031299,CN,CN-33,,30.5219723,120.0005917,塔山森林公园 (Tashan Forest Park),2026-06-17 06:12,78,20
L39817170,CN,CN-44,,23.5303356,116.7792775,塔山风景区 (Tashan Scenic Area)
L24956307,CN,CN-65,,45.322164,84.744353,塔岔口 (Tachakou),2026-09-22 18:46,90,126
L55009049,CN,CN-46,,20.00795,110.53639,塔市村 (Tashi Village),2026-09-19 10:20,72,7
L22020719,CN,CN-35,,25.951441,119.360333,塔礁洲 (Tajiao Shoal),2026-05-17 14:58,161,36
L64389138,CN,CN-65,,40.5439361,81.2963787,塔里木大学 (Tarim University)
L25878030,CN,CN-65,,41.2841005,84.2751543,塔里木胡杨林公园 (Tarim Poplar Forest Park),2026-08-24 10:11,84,66
L10041167,CN,CN-44,,22.5739385,114.0057779,塘朗山郊野公园 (Tanglangshan Country Park),2026-07-31 14:09,65,10
L35628952,CN,CN-44,,22.570969,113.982952,塘朗山郊野公园--极目阁路 (Tanglangshan Country Park--Jimuge Road),2026-08-02 14:54,42,12
L32725227,CN,CN-44,,22.570637,113.996681,塘朗山郊野公园--深云路 (Tanglangshan Country Park--Shenyun Trail),2026-01-01 15:27,33,5
L19492915,CN,CN-44,,22.5772121,113.9633349,塘朗山郊野公园--茶光至红花岭 (Tanglangshan Country Park--Chaguang to Honghualing),2022-05-19 08:00,9,0
L29677466,CN,CN-44,,22.5665067,113.9817169,塘朗山郊野公园--龙珠门 (Tanglangshan Country Park--Longzhu Gate),2026-09-20 10:42,47,19
L8793937,CN,CN-51,,31.377201,104.81371,塘汛大桥 (Tangxun Bridge),2026-02-20 16:22,104,20
L13027733,CN,CN-33,,27.518443,120.4309331,塘河生态公园 (Tanghe Ecological Park),2026-07-17 06:51,43,4
L32490276,CN,CN-12,,39.0966346,117.6673634,塘沽森林公园 (Tanggu Forest Park),2026-02-25 09:20,35,5
L32414085,CN,CN-12,,38.8454528,117.6550725,塘沽沿海 (Tanggu Coast),2026-01-29 14:30,52,4
L32414007,CN,CN-12,,38.9084414,117.7213111,塘沽沿海--临港工业区 (Tanggu Coast--Lingang Industrial Zone),2022-12-02 09:30,124,25
L32413946,CN,CN-12,,38.8375649,117.6216111,塘沽海滨浴场 (Tanggu Beach),2026-01-06 09:04,57,17
L32490147,CN,CN-12,,38.8754348,117.5485944,塘沽盐田 (Tanggu Salt Pans),2026-07-12 10:00,93,39
L21435378,CN,CN-33,,29.1392853,119.8140254,塘雅万亩水田 (Tangya Extensive Paddyfields),2026-09-26 11:06,198,112
L4780769,CN,CN-54,,30.1032196,95.0798678,塘麦 (Tangmai),2026-07-08 11:30,176,25
L17404892,CN,CN-15,,42.4832338,117.2797796,塞罕坝国家森林公园 (Saihanba National Forest Park),2026-08-24 16:06,18,6
L28581637,CN,CN-37,,35.8773832,119.1527622,墙夼水库 (Qiangkuang Reservoir),2026-02-15 11:00,40,5
L75779630,CN,CN-35,,26.3059293,117.1486974,增坊（Zeng Village）,2026-08-12 08:16,12,1
L40089056,CN,CN-44,,23.1483315,113.2385902,增埗公园 (Zengbu Park)
L26202074,CN,CN-37,,36.2719733,120.3242784,墨水河 (Moshui River),2026-09-08 08:12,64,19
L37987978,CN,CN-65,,37.2066798,79.5791288,"墨玉东风水库 (Dongfeng Reservoir, Karakax)"
L38182394,CN,CN-51,,30.4401434,101.5416081,墨石公园 (Moshi Park),2026-08-25 11:29,32,6
L41280583,CN,CN-54,,29.3216594,95.33571,墨脱镇 (Mêdog Township),2026-06-06 20:17,132,9
L37919131,CN,CN-33,,30.784777,122.7891178,壁下山岛 (Bixia Islands)
L39904525,CN,CN-32,,31.6414973,119.7954846,士桥村湖滨 (Shiqiao Lakefront)
L22517065,CN,CN-14,,39.75415,114.28354,壶流河湿地 (Huliu River Wetlands),2026-08-04 06:32,48,3
L7036680,CN,CN-43,,29.9356586,110.7835472,壶瓶山镇 (Hupingshan Town),2025-01-16 13:00,108,7
L38650580,CN,CN-31,,31.217008,121.4688652,复兴公园 (Fuxing Park),2026-09-23 11:47,26,27
L16432525,CN,CN-31,,31.1957309,121.4519889,复旦大学上海医学院 (Shanghai Medical College of Fudan University),2026-05-24 15:04,22,1
L18252532,CN,CN-31,,31.3375222,121.5049863,复旦大学江湾校区 (Fudan University - Jiangwan Campus),2026-09-19 07:38,90,97
L19490683,CN,CN-31,,31.2984691,121.4995814,复旦大学邯郸校区 (Fudan University - Handan Campus),2026-09-01 16:57,41,36
L25188728,CN,CN-65,,42.469019,80.831286,夏塔旅游景区--将军桥至卡拉房子四号 (Xiata Scenic Area--Jiangjunqiao to House 4),2026-07-19 09:00,28,4
L48207657,CN,CN-65,,42.5204019,80.7940324,夏塔旅游景区--温泉酒店 (Xiata Scenic Area--Hot Spring Hotel),2026-07-23 19:00,8,2
L25188564,CN,CN-65,,42.4941448,80.8198479,夏塔旅游景区--转运桥至将军桥 (Xiata Scenic Area--Zhuanyunqiao to Jiangjunqiao),2025-07-20 12:59,27,2
L25188336,CN,CN-65,,42.669126,80.586697,夏塔旅游风景区--入口停车场 (Xiata Scenic Area--Parking and Entrance area),2026-08-10 12:00,53,3
L3154541,CN,CN-31,,31.1493018,121.1364127,夏阳湖 (Xiayang Lake),2026-07-25 12:56,17,6
L5848689,CN,CN-44,,22.1006418,114.0387441,外伶仃岛 (Outer Lingding Island),2026-09-20 16:57,106,59
L36142644,CN,CN-54,,29.8698991,95.7305872,多东寺 (Dordong Monastery),2026-09-11 16:40,85,47
L38024678,CN,CN-15,,42.1886766,116.6606469,多伦湖景区 (Duolun Lake Scenic Area),2025-04-19 13:30,32,2
L39000106,CN,CN-37,,35.0870459,119.3335819,多岛海景区 (Duodaohai Scenic Area),2026-01-07 11:37,24,3
L38241345,CN,CN-51,,32.8955015,101.7185572,多美林卡湿地公园 (Domeilinka Wetland Park),2026-07-02 18:51,39,5
L27604613,CN,CN-44,,21.9370641,113.7201137,大万山岛 (Greater Wanshan Island),2026-09-20 07:37,36,4
L47131770,CN,CN-46,,18.2209736,109.526242,大东海旅游区 (Dadonghai Tourism Area),2026-08-12 09:40,10,3
L37069321,CN,CN-32,,33.0584894,120.8615389,大丰川东魔术林 (Dafeng Chuandong Magic Woods),2026-09-26 14:00,170,20
L2235381,CN,CN-32,,33.0420975,120.8400307,大丰麋鹿国家级自然保护区 (Dafeng Milu NNR),2026-09-14 17:00,228,58
L26494466,CN,CN-42,,31.484489,110.009089,大九湖景区 (Great Nine Lakes Scenic Area),2026-09-26 07:00,219,55
L5230277,CN,CN-23,,45.732679,130.589612,大五村 (Dawu Village),2016-06-05 09:40,58,42
L26509427,CN,CN-44,,22.7362415,114.5326286,大亚湾红树林城市湿地公园 (Daya Bay Mangrove Wetland Park),2026-07-08 18:19,55,16
L22248469,CN,CN-35,,25.5880698,117.8115942,大仙峰省级自然保护区 (Daxian Peak PNR),2023-01-18 10:51,41,3
L19470742,CN,CN-33,,27.8431604,119.7700803,大仰湖湿地群自然保护区 (Dayanghu Wetlands PNR),2025-05-11 05:21,95,14
L39576590,CN,CN-42,,30.2257047,115.0444304,大众山森林公园 (Dazhongshan Forest Park),2025-05-09 11:49,4,1
L9571799,CN,CN-37,,35.9612669,120.4973817,大公岛省级自然保护区 (Dagong Island PNR),2026-09-26 07:52,205,111
L3458619,CN,CN-45,,21.4096052,109.1831589,大冠沙 (Daguansha Wetlands),2026-02-22 15:30,73,12
L7760000,CN,CN-63,,38.0152487,100.2394612,大冬树垭口 (Dadongshu Pass),2023-08-08 12:00,8,3
L8986606,CN,CN-44,,23.3843076,112.7999933,大南山森林公园 (Dananshan Forest Park),2025-08-21 23:21,49,5
L10539463,CN,CN-44,,23.0818607,113.4582183,大吉沙 (Dajisha Sandbar),2022-09-22 15:45,162,106
L57800731,CN,CN-32,,32.0305276,119.4575679,大吴塘水库 (Dawutang Reservoir),2026-01-01 00:00,1,0
L9163238,CN,CN-61,,34.2120703,108.9745579,大唐芙蓉园 (Tang Paradise),2026-09-07 10:00,58,12
L36963896,CN,CN-33,,29.9039826,120.8169118,大善小坞村 (Dashan--Xiaowu Village),2026-03-29 10:11,28,3
L1029582,CN,CN-61,,33.6586332,107.9974436,大坪峪风景区 (Dapingyu Scenic Area),2026-08-08 10:15,136,20
L57577435,CN,CN-35,,26.3111988,119.0328634,大坪村(Daping Village),2026-01-24 09:17,20,6
L38113800,CN,CN-13,,39.6393125,118.2010225,大城山公园 (Dachengshan Park),2026-02-21 10:10,7,1
L39024904,CN,CN-43,,29.4369411,112.9473596,大堤路丁字堤段,2024-12-28 16:40,42,2
L39024790,CN,CN-43,,29.5042889,112.8347427,大堤路茅斯铺段,2024-12-28 16:00,14,1
L26761667,CN,CN-37,,35.5709761,118.9578749,大塘坊村 (Datangfang),2026-05-21 09:41,39,7
L12356841,CN,CN-44,,22.9477358,113.3073765,大夫山森林公园 (Dafushan Forest Park),2026-09-12 10:43,114,96
L31082976,CN,CN-33,,29.7686987,119.7211933,大奇山国家森林公园 (Daqishan National Forest Park),2025-08-06 00:00,54,5
L13803487,CN,CN-53,,25.2651903,98.0058464,大娘山 (Daniang Mountain),2025-12-06 08:08,101,4
L38395885,CN,CN-21,,39.9062612,123.6054032,大孤山国家森林公园 (Dagushan Forest Park)
L20459758,CN,CN-44,,23.0522572,113.3920049,大学城中心湖公园 (HEMC Central Lake Park),2026-04-25 16:47,32,8
L8052877,CN,CN-44,,23.0399889,113.3580065,大学城湾咀头湿地公园 (HEMC Wanzuitou Wetland Park),2026-03-25 00:00,76,21
L62296275,CN,CN-37,,35.4504021,119.5342173,大学城科技公园 (University Town Science & Technology Park),2026-05-09 21:00,8,1
L1012193,CN,CN-31,,31.2770837,121.4433861,大宁公园 (Daning Park),2026-09-21 13:02,93,232
L16224709,CN,CN-11,,39.8290142,116.217075,大宁水库及其东部永定河废弃河道 (Daning Reservoir & Adjacent Riverbed),2026-09-26 10:17,290,706
L32348798,CN,CN-13,,39.8836297,116.8001443,大宗高尔夫俱乐部 (Dazong Golf Course),2026-09-12 06:04,141,21
L23684939,CN,CN-35,,26.340213,119.722065,大官坂垦区 (Daguanban Reclamation Area),2023-07-18 09:30,25,3
L22102713,CN,CN-34,,30.0301046,116.3458561,大官湖 (Daguan Lake),2026-01-16 14:47,72,5
L38425370,CN,CN-45,,22.8693134,110.2657444,大容山国家森林公园 (Darong Mountain Forest Park),2025-10-16 09:00,33,0
L38175292,CN,CN-51,,31.1991178,107.4712701,大寨子公园 (Dazhaizi Park),2026-05-17 14:04,19,1
L17124950,CN,CN-33,,28.5817076,120.7997629,大寺基 (Dasiji Mountain),2026-03-07 00:00,30,0
L7194903,CN,CN-44,,23.5848205,113.7921783,大封门森林公园 (Dafengmen Forest Park),2026-04-18 14:06,50,7
L39026346,CN,CN-43,,29.4916478,112.8031721,大小西湖,2025-02-20 09:00,38,2
L30784520,CN,CN-44,,22.7969835,114.0096119,大屏嶂森林公园 (Dapingzhang Forest Park),2026-04-25 18:08,41,2
L29579183,CN,CN-53,,27.4403832,103.3231974,大山包自然保护区--大海子保护站 (Dashanbao NNR--Dahaizi Protection Station),2026-02-13 08:20,23,4
L40004137,CN,CN-44,,22.6699473,114.3455177,大山陂水库 (Dashanpi Reservoir),2026-03-20 21:20,4,1
L46936079,CN,CN-61,,33.8777556,107.4150896,大岭云海 (Daling Yunhai),2025-10-18 08:52,58,2
L28679794,CN,CN-44,,22.869695,113.76453,大岭山森林公园 (Dalingshan Forest Park),2026-09-24 08:00,45,7
L63231317,CN,CN-35,,26.9440004,120.3522112,大嵛山岛 (Greater Yushan Island),2026-04-05 10:19,2,1
L7977617,CN,CN-35,,24.5823465,118.3156187,大嶝桥头水库 (Dadeng Qiaotou Reservoir),2022-04-04 14:00,86,10
L32227908,CN,CN-12,,40.2078247,117.4492204,大平安村 (Daping'an),2025-07-12 08:30,40,8
L10088509,CN,CN-23,,46.5601362,125.1233635,大庆龙凤湿地 (Daqing Longfeng Wetlands),2026-08-29 15:00,86,14
L25962658,CN,CN-53,,24.4504483,100.904158,大断腰山 (Daduanyaoshan),2026-05-27 07:12,52,3
L6533191,CN,CN-61,,34.2924801,108.9595255,大明宫国家遗址公园 (Daming Palace National Heritage Park),2026-08-17 07:14,62,20
L12053440,CN,CN-33,,30.049158,118.9900901,大明山 (Daming Mountain),2026-05-31 16:30,44,12
L2102135,CN,CN-37,,36.6750622,117.0237065,大明湖 (Daming Lake),2026-07-18 08:20,62,36
L13757323,CN,CN-32,,34.6460374,119.2552038,大村水库 (Dacun Reservoir),2026-09-22 15:39,21,5
L39857489,CN,CN-32,,32.1105356,118.7523259,大桥公园 (Yangtze Bridge Park),2026-07-14 16:30,18,2
L17657734,CN,CN-44,,22.5963921,114.3148819,大梅沙海滩 (Dameisha Beach),2026-09-17 15:17,45,15
L38059455,CN,CN-64,,39.0405529,106.361021,大武口森林公园 (Dawukou Forest Park)
L5883094,CN,CN-63,,36.716292,99.471655,大水水库 (Dashui Reservoir),2026-08-17 14:17,45,11
L23509428,CN,CN-44,,22.557198,113.9586655,大沙河公园 (Dashahe Park),2026-08-08 09:50,61,31
L20740538,CN,CN-44,,23.0627344,113.1984687,大沙河湿地 (Dashahe Wetlands),2026-06-20 15:25,28,5
L19492910,CN,CN-44,,22.5762999,113.9552014,大沙河珠光段 (Dasha River - Zhuguang Section),2026-09-19 17:04,59,16
L37746966,CN,CN-37,,36.1339962,120.5852908,大河东 (Dahedong),2026-09-07 08:20,97,43
L39711729,CN,CN-37,,36.1719114,120.1299007,大沽河口湿地 (Dagu Estuary Wetlands),2026-09-12 14:30,94,18
L39711710,CN,CN-37,,36.2535258,120.115398,大沽河生态湿地 (Dagu River Eco-Wetlands),2026-01-20 14:44,44,9
L5265109,CN,CN-12,,38.8852873,117.6553345,大沽滨海湿地 (Dagu Coastal Wetlands),2023-12-30 08:28,77,5
L6142346,CN,CN-65,,44.430589,85.995233,大泉沟水库 (Daquangou Reservoir),2026-05-25 16:26,140,22
L18369557,CN,CN-43,,28.3197432,112.9002916,大泽湖 (Daze Lake),2026-08-26 18:39,82,8
L31705122,CN,CN-33,,28.466764,120.29935,"大洋山 (Dayang Mountain, Jinyun)",2026-06-17 00:00,68,7
L23932365,CN,CN-33,,30.5807818,122.0734273,大洋山岛 (Greater Yangshan Island),2026-01-29 08:23,101,16
L38319937,CN,CN-13,,36.662803,114.193568,大洺远水库 (Damingyuan Reservoir),2026-08-21 10:12,4,1
L9194927,CN,CN-53,,25.0765214,99.1519722,大海子水库 (Dahaizi Reservoir),2026-03-18 14:18,59,13
L39712406,CN,CN-37,,35.9790133,120.2253628,大涧山森林公园 (Dajianshan Forest Park),2025-08-24 10:01,31,3
L71833268,CN,CN-31,,31.1186965,121.0548668,大淀湖 (Dadian Lake),2026-09-03 11:43,6,1
L32490288,CN,CN-12,,39.205807,117.579134,大清河农场 (Daqinghe Farm),2026-05-31 11:59,43,3
L8606499,CN,CN-33,,30.2098616,120.0767597,大清谷 (Daqing Valley),2026-09-19 18:01,172,606
L32490299,CN,CN-12,,38.6699028,117.4823178,大港油田人工湿地 (Constructed Wetlands at Dagang Oilfield),2022-11-21 09:00,102,7
L27067413,CN,CN-12,,38.7472439,117.5214031,大港油田电力实训基地及东侧湿地 (Dagang Oilfield Power Training Base & Eastside Wetland),2023-09-14 17:38,24,2
L32414782,CN,CN-12,,38.6956329,117.6177815,大港沿海 (Dagang Beach),2017-08-22 08:45,22,2
L14781664,CN,CN-12,,38.8276557,117.4611183,大港湿地公园 (Dagang Wetland Park),2026-04-05 18:36,138,48
L33430590,CN,CN-35,,26.125603,118.895253,大湖仙风电场 (Dahuxian Wind Farm),2024-06-16 08:35,29,1
L57578268,CN,CN-35,,26.363382,119.083753,大湖村(Dahu Village),2026-07-03 15:39,59,6
L39856967,CN,CN-32,,34.2448853,117.3181753,大湖水库 (Dahu Reservoir),2025-11-14 10:40,12,2
L28490473,CN,CN-36,,29.1395269,115.9736622,大湖池--八字墙观鸟点 (Lake Dahuchi--Baziqiang Viewing Point),2026-04-25 16:49,130,86
L28490983,CN,CN-36,,29.079971,115.946998,大湖池--南堤 (Lake Dahuchi--South Shore),2026-07-24 00:00,131,50
L28490365,CN,CN-36,,29.1064227,115.9628623,大湖池--水上公路东平台 (Lake Dahuchi--Water-Drive Viewing Platform East),2026-09-12 14:28,142,78
L40373665,CN,CN-36,,29.092204,115.940564,大湖池--水上公路西平台 (Lake Dahuchi--Water-Drive Viewing Platform West),2026-03-31 06:29,103,24
L40374215,CN,CN-36,,29.123146,115.960142,大湖池--狮子山观鸟点 (Lake Dahuchi--Lion Hill Viewing Point),2026-09-21 11:00,187,198
L39820049,CN,CN-44,,22.8219136,115.5699665,大湖沙滩 (Dahu Beach),2026-07-27 14:00,25,2
L58938893,CN,CN-43,,27.155867,112.8734435,大源渡航电枢纽管理处,2026-02-21 09:00,11,1
L55876340,CN,CN-33,,28.0845033,119.1661078,大溪水南坞段 (Daxi River - Shuinanwu Section),2025-12-01 00:00,2,0
L55742998,CN,CN-34,,31.7204991,116.8111882,大潜山 (Daqian Mountain),2026-06-07 09:20,37,2
L39857176,CN,CN-32,,34.1239791,117.51683,大牛村 (Daniu Village)
L8806193,CN,CN-21,,39.447411,123.074707,大王家岛 (Dawangjia Island),2026-07-22 19:41,124,59
L74141321,CN,CN-21,,39.4358203,123.0772221,大王家岛--海王九岛生态公园 (Dawangjia Island--Eco Park)
L8012782,CN,CN-45,,22.5832072,108.3157671,大王滩水库 (Dawangtan Reservoir),2025-12-29 15:22,26,3
L39712338,CN,CN-37,,35.7822589,119.9859186,大珠山 (Dazhu Mountain),2026-07-14 14:18,36,11
L8135366,CN,CN-53,,25.6988135,100.1627292,大理古城 (Dali Old Town),2026-08-14 10:59,75,47
L8135343,CN,CN-53,,25.7014567,100.1778777,大理古城外围农田 (Farmland E of Dali Old Town),2026-08-31 19:16,72,19
L8947850,CN,CN-53,,25.6678016,100.1507256,大理大学 (Dali University),2026-01-17 14:26,50,24
L12099555,CN,CN-45,,24.1516094,110.1136065,大瑶山盘王界景区 (Dayaoshan Panwangjie Scenic Area),2022-07-27 05:45,17,2
L38191376,CN,CN-51,,29.3745098,103.0334003,大瓦山--大天池 (Dawa Mountain--Great Pond),2026-02-27 09:43,20,2
L38191381,CN,CN-51,,29.4170397,103.0088794,大瓦山--鹿儿坪林场 (Dawa Mountain--Lurping Forest),2026-02-21 18:17,7,2
L5920425,CN,CN-53,,24.6942558,97.9827993,大盈江--岗勐江滩 (Daying River--Gangmeng Section),2026-08-03 18:03,209,435
L13803405,CN,CN-53,,24.6957227,97.9690559,大盈江--平原大桥东侧 (Daying River--Pingyuan Bridge East),2026-05-13 09:00,101,38
L27334977,CN,CN-53,,24.683439,97.9592291,大盈江--平原大桥西侧 (Daying River--Pingyuan Bridge West),2026-02-03 17:54,111,17
L8438656,CN,CN-53,,24.6382519,97.8734377,大盈江--弄璋竹桥 (Daying River--Bamboo Bridge),2026-03-10 17:10,150,53
L23875507,CN,CN-53,,24.7397044,98.0262577,大盈江--芒别江滩 (Daying River--Mangbie Section),2026-02-21 16:00,88,31
L18111618,CN,CN-33,,28.9783995,120.5204109,大盘山国家级自然保护区 (Dapanshan NNR),2025-09-30 00:00,96,2
L29734066,CN,CN-22,,42.7187722,130.385347,大盘岭山道 (Dapanling Ridge),2024-03-09 10:26,7,2
L21347899,CN,CN-33,,29.3998237,121.926428,大目湾 (Damu Bay),2026-08-02 08:44,45,22
L26362589,CN,CN-37,,35.4775878,119.5740757,大石壁山 (Dashibishan),2026-07-25 11:55,34,7
L7016793,CN,CN-11,,39.6914812,116.0325556,大石河 (Dashi River),2026-05-05 14:30,211,182
L31979134,CN,CN-33,,28.7128582,121.7319405,"大竹山岛 (Dazhushan Island, Linhai)",2025-05-20 06:46,64,4
L39000357,CN,CN-37,,36.2319422,120.7732925,大管岛 (Daguan Island),2024-11-03 13:00,11,1
L39865772,CN,CN-32,,33.1750173,119.8211223,大纵湖旅游度假区 (Dazong Lake Scenic Area),2025-10-06 08:30,32,3
L28181308,CN,CN-37,,35.7849616,119.0112286,大绿汪水库 (Dalüwang Reservoir),2023-12-04 14:00,23,1
L37992373,CN,CN-65,,43.8436992,87.4908055,大绿谷生态公园 (Big Lügu Eco-Park)
L39600311,CN,CN-33,,27.9254123,120.7304764,大罗山风景区 (Daluo Mountain Scenic Area),2026-04-04 16:00,16,2
L7796942,CN,CN-42,,31.0615076,110.9457222,大老岭国家森林公园 (Dalaoling National Forest Park),2026-08-05 14:14,245,194
L39714141,CN,CN-42,,31.0824725,110.9443007,大老岭国家森林公园--三峡云顶 (Dalaoling NFP--Summit),2026-07-31 05:44,114,18
L39714146,CN,CN-42,,31.0601475,110.9228836,大老岭国家森林公园--三峡植物园 (Dalaoling NFP--Botanical Garden),2025-05-31 11:43,31,3
L39714252,CN,CN-42,,31.075002,110.940587,大老岭国家森林公园--情人湖 (Dalaoling NFP--Pond area),2026-05-03 08:35,22,2
L39714266,CN,CN-42,,31.0671517,110.9259328,大老岭国家森林公园--旧酒店区域 (Dalaoling NFP--Old Hotel area),2025-05-10 14:03,31,3
L39714224,CN,CN-42,,31.0815843,110.9923963,大老岭国家森林公园--王爷庙 (Dalaoling NFP--Wangyemiao),2025-08-09 06:50,37,1
L45445137,CN,CN-42,,31.0344074,110.9604813,大老岭国家森林公园--秋木树垭 (Dalaoling NFP--Qiumushuya),2025-05-20 17:38,20,1
L39714196,CN,CN-42,,31.0856142,110.927938,大老岭国家森林公园--野猪峡原始森林 (Dalaoling NFP--Yezhuxia Primeval Forest),2026-08-02 06:43,19,1
L41009137,CN,CN-22,,42.648895,130.3826086,大肚川村 (Daduchuan Village),2026-03-16 13:05,87,32
L58592137,CN,CN-44,,22.7898262,113.2875699,"大自然公园 (Nature Park, Shunde)",2026-07-25 13:00,11,4
L22545975,CN,CN-46,,18.7884678,110.5388368,大花角 (Dahuajiao),2025-02-02 16:10,17,2
L38002773,CN,CN-62,,38.8951376,93.9062596,大苏干湖 (Greater Sugan Lake),2026-08-11 13:40,18,3
L7610999,CN,CN-31,,31.0635585,120.9972167,大莲湖 (Dalian Lake),2026-09-25 07:42,125,102
L21348037,CN,CN-13,,39.6868998,119.3346866,大蒲河口 (Dapu Estuary),2026-05-04 15:21,83,10
L3483931,CN,CN-34,,31.839189,117.1743796,大蜀山国家森林公园 (Dashushan National Forest Park),2026-07-21 06:23,150,207
L19653157,CN,CN-44,,22.6386526,113.0426721,大西坑水库 (Daxikeng Reservoir),2026-02-07 13:52,39,6
L38396330,CN,CN-21,,38.927907,121.5075944,大西山水库 (Daxishan Reservoir),2026-09-02 16:17,52,8
L37991268,CN,CN-65,,40.5680066,87.5607764,大西海子水库 (Daxihaizi Reservoir)
L5298117,CN,CN-53,,25.0240467,102.673102,大观公园 (DaGuan Park),2026-09-25 18:49,133,99
L20695852,CN,CN-44,,23.1731523,113.4177082,大观湿地公园 (Daguan Wetland Park),2026-02-28 16:00,53,10
L38551398,CN,CN-36,,27.6935582,117.164446,大觉山风景区 (Dajueshan Scenic Area),2026-02-19 15:46,5,1
L40088189,CN,CN-44,,22.750365,113.619085,大角山海滨公园 (Dajiaoshan Coast Park),2026-01-01 07:00,20,3
L35807208,CN,CN-44,,23.002111,113.291354,大象岗森林公园 (Daxianggang Forest Park),2024-10-14 09:00,19,2
L7338618,CN,CN-42,,31.8461264,113.949573,大贵寺国家森林公园 (Daguisi National Forest Park),2024-04-27 13:30,55,8
L38131288,CN,CN-50,,29.7489719,105.795905,大足石刻宝顶山 (Dazu Rock Carvings & Baoding Hill),2026-09-27 13:23,24,9
L57960488,CN,CN-35,,24.7415321,118.1580118,大轮山公园 (Dalunshan Park),2026-02-02 09:56,21,1
L21927399,CN,CN-44,,22.6919656,114.2083728,大运公园 (Dayun Park),2026-07-24 06:55,37,8
L8433213,CN,CN-11,,39.8662135,116.7478563,大运河森林公园 (Grand Canal Forest Park),2026-09-02 06:42,230,267
L21953008,CN,CN-44,,22.6860033,114.1969966,大运自然公园西区 (Dayun Nature Park West),2024-09-24 11:52,31,3
L3963966,CN,CN-21,,38.9120715,121.6345149,"大连劳动公园 (Labor Park, Dalian)",2026-07-06 15:04,76,59
L38396005,CN,CN-21,,38.8811774,121.6125605,大连森林动物园 (Dalian Forest Zoo),2025-05-03 13:46,16,2
L16224242,CN,CN-21,,38.9088166,121.6592786,大连植物园 (Dalian Botanical Garden),2026-09-27 11:46,30,11
L38396250,CN,CN-21,,38.8818164,121.530451,大连理工大学 (Dalian University of Technology),2025-04-08 13:25,26,2
L38376721,CN,CN-21,,40.6880746,122.1238948,大连理工大学盘锦校区 (Dalian University of Technology - Panjin Campus)
L38162887,CN,CN-50,,29.556196,106.6223217,大金鹰园 (Dajinying Yuan),2026-09-20 13:48,86,38
L38320681,CN,CN-13,,39.6217806,118.1803338,大钊公园 (Dazhao Park)
L38425473,CN,CN-45,,24.4001041,111.5480528,大钟山 (Dazhongshan Park),2025-08-31 13:00,5,1
L38256427,CN,CN-35,,25.0573888,116.9944373,大锦山公园 (Dajinshan Park)
L46924573,CN,CN-44,,23.00299,113.363056,大镇岗 (Dazhengang),2025-06-06 17:34,8,1
L36590319,CN,CN-34,,31.3762089,118.4169191,大阳垾湿地公园 (Dayanghan Wetland Park),2025-10-24 09:50,17,2
L26533652,CN,CN-32,,31.3399068,120.4595455,大阳山 (Dayang Hill),2025-11-30 11:16,90,14
L6360908,CN,CN-61,,34.2197114,108.9594669,大雁塔-大慈恩寺 (Giant Wild Goose Pagoda & Daci'en Temple),2026-09-24 13:28,38,39
L5578429,CN,CN-44,,22.7819585,113.0381584,大雁山森林公园 (Dayanshan Forest Park),2021-08-28 13:18,39,6
L15784179,CN,CN-44,,22.2717758,111.1997336,大雾岭自然保护区 (Dawuling PNR),2025-07-06 08:02,75,6
L10848725,CN,CN-23,,46.7899484,129.2232732,大青山 (Daqingshan),2018-09-15 08:00,3,0
L60133571,CN,CN-15,,40.9521294,111.8283384,大青山太伟滑雪场 (Daqingshan Taiwei Resort),2026-01-01 14:30,38,4
L18047200,CN,CN-33,,29.8465122,122.3902607,大青山海岛生态公园 (Daqingshan Island Eco-Park),2026-07-31 06:42,40,4
L36309392,CN,CN-15,,40.874229,111.6217949,大青山野生动物园 (Daqingshan Wildlife Park),2025-05-04 23:53,2,2
L75003836,CN,CN-65,,46.9439767,90.2768064,大青河森林公园 (Daqing River Forest Park),2026-07-18 11:00,22,3
L56456542,CN,CN-44,,22.7564389,113.9703904,大顶岭山林公园 (Dadingling Shanlin Park),2026-08-30 15:53,65,13
L38131344,CN,CN-50,,30.1713141,108.40094,大风堡景区 (Dafengbao Scenic Area)
L39865751,CN,CN-32,,33.3118644,120.1060234,大马沟生态公园 (Damagou Eco-Park),2025-08-23 08:30,14,1
L26759175,CN,CN-44,,22.5425573,114.5208001,大鹏禾塘湿地园 (Dapeng Hetang Wetlands),2025-01-12 08:03,56,9
L32227912,CN,CN-12,,39.417286,117.272781,大黄堡湿地 (Dahuangpu Wetlands),2026-04-07 13:03,190,88
L37919040,CN,CN-33,,30.6614923,122.5626571,大黄龙岛 (Greater Huanglong Island),2025-05-31 09:45,10,1
L38376947,CN,CN-21,,42.0110705,120.4807676,大黑山国家森林公园 (Daheishan Forest Park)
L38006583,CN,CN-51,,26.6451928,101.6996344,大黑山森林公园 (Daheishan Forest Park),2025-08-09 13:48,37,2
L15783969,CN,CN-21,,39.1006261,121.7914542,大黑山风景区 (Daheishan Scenic Area),2025-01-25 07:14,41,7
L39614735,CN,CN-63,,36.7072604,101.3707385,大黑沟森林公园 (Daheigou Forest Park)
L45426906,CN,CN-15,,40.7415498,111.7357058,大黑河中石油段 (Dahei River - CNPC Section),2026-05-14 19:30,81,13
L59988569,CN,CN-15,,40.7688944,111.784746,大黑河八拜桥段 (DaHei River at Babai Bridge),2026-08-24 11:00,44,5
L65223747,CN,CN-15,,40.7742205,111.8108244,大黑河军事主题公园 (DaHei River Military Park),2026-05-03 13:30,26,1
L34982811,CN,CN-33,,28.3032,118.6368,大龙岗 (Dalonggang Mountain),2026-07-07 00:00,30,0
L39856992,CN,CN-32,,34.2026058,117.2621267,大龙湖风景区 (Dalong Lake Scenic Area)
L17974475,CN,CN-21,,41.2020122,123.1968924,天井公园 (Tianjing Park),2022-06-01 10:29,44,23
L38650765,CN,CN-34,,30.9455001,117.8011336,天井湖 (Tianjing Lake),2026-02-21 13:30,32,8
L37737616,CN,CN-34,,30.73495,116.43356,天仙峡景区 (Tianxian Gorge Scenic Area),2024-11-02 06:29,24,2
L34912376,CN,CN-11,,39.8774223,116.2605895,天元公园 (Tianyuan Park),2026-09-03 09:21,53,5
L17973992,CN,CN-42,,30.6619464,114.378945,天兴洲头 (Tianxingzhou),2026-01-28 16:59,96,22
L38551437,CN,CN-36,,27.1026306,114.9619332,天华山公园 (Tianhuashan Park),2026-07-12 15:24,7,3
L41862122,CN,CN-33,,29.170508,121.047925,天台山--国清寺 (Tiantai Mountain--Guoqing Temple),2026-03-14 00:00,40,8
L37792062,CN,CN-51,,30.8870756,103.5062618,天国寺 (Tianguo Temple),2026-04-12 16:00,19,1
L2398320,CN,CN-11,,39.8810351,116.4119645,天坛公园 (Temple of Heaven),2026-09-26 16:00,220,2068
L27036961,CN,CN-11,,39.8856979,116.4069128,天坛公园--科普园 (Temple of Heaven--The Arboretum),2026-09-24 16:08,134,245
L64113659,CN,CN-11,,39.881063,116.4021025,天坛公园--西门林地 (Temple of Heaven--West Gate Woods),2026-09-16 16:56,67,29
L29902693,CN,CN-34,,31.1995668,115.793905,天堂寨 [安徽] (Tiantangzhai [Anhui]),2026-01-29 15:30,96,19
L73731599,CN,CN-34,,31.1213806,115.7771453,天堂寨风景区 [安徽] (Tiantangzhai Scenic Area [Anhui]),2026-05-31 00:00,1,0
L5581483,CN,CN-42,,31.1004237,115.7392685,天堂寨风景区 [湖北] (Tiantangzhai Scenic Area [Hubei]),2025-07-07 07:30,63,4
L38285600,CN,CN-62,,36.9453966,102.5107275,天堂寺 (Tiantang Temple),2025-08-25 07:37,17,8
L13802002,CN,CN-42,,31.1050854,115.6529458,天堂水库 (Tiantang Reservoir),2022-11-01 16:53,27,2
L27712330,CN,CN-12,,39.0910374,117.1792296,天塔湖 (Tianta Lake),2026-09-09 13:31,14,9
L35659601,CN,CN-43,,29.3875864,110.4836275,天子山风景区 (Tianzishan Scenic Area),2026-09-25 10:19,48,23
L17404689,CN,CN-33,,30.8300872,119.5981403,天子岗水库 (Tianzigang Reservoir),2025-12-07 00:00,13,0
L12498160,CN,CN-35,,25.8875611,117.4960971,天宝岩国家级自然保护区 (Tianbaoyan NNR),2026-08-12 10:00,130,26
L38320068,CN,CN-13,,37.9902698,114.6143836,天山公园 (Tianshan Park),2024-11-09 09:59,5,1
L6299610,CN,CN-31,,31.2102345,121.4162046,天山公园 (Tianshan Park),2026-09-20 16:56,31,21
L4521192,CN,CN-65,,43.89,88.1,天山天池风景区 (Tianshan Heaven Lake Scenic Area),2026-09-25 13:03,97,19
L37992625,CN,CN-65,,43.6840706,87.816699,天山野生动物园 (Tianshan Wildlife Park),2026-04-19 13:36,19,3
L39938714,CN,CN-32,,31.2885631,120.5007203,天平山风景区 (Tianpingshan Scenic Area),2026-06-20 19:53,14,6
L38896140,CN,CN-37,,36.2010904,117.0451326,天平湖公园 (Tianping Lake Park),2026-07-14 11:11,22,3
L8595991,CN,CN-51,,30.4338064,104.0765519,天府公园 (Tianfu Park),2026-09-15 14:22,49,8
L39840579,CN,CN-32,,32.4265983,119.9226657,天德湖公园 (Tiandehu Park),2026-01-15 16:00,7,1
L49092525,CN,CN-43,,28.1837045,112.98136,天心阁 (Tianxin Pavilion),2026-05-14 07:30,9,1
L24133988,CN,CN-34,,30.741732,116.4589602,天柱山 (Mount Tianzhu),2026-02-17 10:00,22,3
L8666732,CN,CN-13,,38.2571407,113.7391023,天桂山 (Tiangui Mountain),2017-03-22 06:50,17,5
L38395831,CN,CN-21,,41.0594108,124.6369129,天桥沟景区 (Tianqiaogou Scenic Area)
L38035715,CN,CN-23,,47.345889,130.2750307,天水湖公园 (Tianshuihu Park)
L8270417,CN,CN-61,,33.0503042,107.0060568,天汉湿地公园 (Tian Han Wetland Park),2026-08-08 07:00,107,30
L10139851,CN,CN-44,,23.1288963,113.3662977,天河公园 (Tianhe Park),2026-09-19 09:30,96,98
L32227896,CN,CN-12,,38.9226144,117.6924974,天津临港湿地公园 (Tianjin Lingang Wetland Park),2026-09-03 09:39,64,13
L23545113,CN,CN-12,,39.1039105,117.2120474,"天津人民公园 (People's Park, Tianjin)",2025-04-16 11:24,14,4
L38550429,CN,CN-12,,40.0202852,117.5166978,天津农学院蓟州校区 (Tianjin Agricultural University - Jizhou Campus),2026-07-07 08:00,35,9
L8316725,CN,CN-12,,39.0819061,117.1602758,天津动物园 (Tianjin Zoo),2026-04-26 15:42,70,32
L4655265,CN,CN-12,,39.1109319,117.1691708,天津大学 (Tianjin University),2026-08-05 15:27,66,44
L4669824,CN,CN-12,,38.9962046,117.309385,天津大学北洋园校区 (Tianjin University - Peiyangyuan Campus),2025-04-20 10:09,145,155
L42063031,CN,CN-12,,39.1324812,117.1717548,天津市南开中学 (Tianjin Nankai High School),2026-01-07 14:50,8,1
L5192640,CN,CN-12,,39.0653839,117.1221003,天津师范大学 (Tianjin Normal University),2026-05-10 08:44,172,239
L4655270,CN,CN-12,,39.0871487,117.1613854,天津水上公园 (Tianjin Water Park),2026-09-25 12:41,141,276
L32227970,CN,CN-12,,39.1339341,117.360863,天津滨海国际机场 (Tianjin Binhai International Airport),2026-01-26 17:22,145,33
L32490101,CN,CN-12,,39.0614532,117.1381133,天津理工大学 (Tianjin University of Technology),2019-04-08 08:00,14,18
L8346634,CN,CN-46,,18.2915423,109.3497723,天涯海角游览区 (Tianya Haijiao Tourism Area),2025-12-19 16:15,21,4
L28147008,CN,CN-33,,29.9862592,119.4164958,天溪湖 (Tianxi Lake),2026-02-12 13:20,81,9
L38131944,CN,CN-50,,29.4366868,107.7962623,天生三桥风景区 (Three-Rock-Bridges Scenic Area),2026-09-09 15:40,51,16
L52449813,CN,CN-42,,31.4568308,110.4449294,天生桥景区 (Tianshengqiao Scenic Area),2026-08-26 16:15,39,12
L7058876,CN,CN-33,,30.0503759,119.3699458,天目溪流域 (Tianmu River and its environs),2026-07-08 11:30,160,71
L21996964,CN,CN-32,,31.3333211,121.1003596,天福国家湿地公园 (Tianfu National Wetland Park),2026-09-19 16:27,77,25
L10848394,CN,CN-33,,29.8001611,121.8016105,天童国家森林公园 (Tiantong National Forest Park),2026-09-27 11:31,112,34
L14288251,CN,CN-35,,24.5914976,117.9290914,天竺山森林公园 (Tianzhu Mountain Forest Park),2026-09-18 10:00,199,245
L20740530,CN,CN-44,,23.3988376,115.8458344,天竺岩 (Tianzhu Rock),2026-07-03 10:15,39,5
L10819836,CN,CN-33,,28.7292635,118.9526498,天脊龙门景区 (Tianji Longmen Scenic Area),2025-09-20 07:49,10,1
L38552568,CN,CN-36,,29.6501484,116.0227013,天花井国家森林公园 (Tianhuajing Forest Park),2025-01-22 09:00,102,14
L39573241,CN,CN-42,,30.6701362,113.1654991,天门北湖湿地公园 (Tianmen Beihu Wetland Park)
L7586013,CN,CN-43,,29.0479469,110.4842743,天门山 (Tianmen Mountain),2026-09-27 14:36,53,26
L40004239,CN,CN-35,,25.8218353,119.0185833,天门山 (Tianmenshan),2026-06-06 07:56,35,2
L41091552,CN,CN-36,,28.6534717,115.9564636,天香园 (Tianxiang Garden),2026-04-01 17:02,17,1
L1355815,CN,CN-31,,31.0759014,121.1530209,天马山 (Tianma Hill),2026-05-19 13:03,128,185
L39792915,CN,CN-35,,25.9980882,119.4525795,天马山生态公园 (Tianmashan Eco-Park),2026-02-24 15:11,27,2
L39797505,CN,CN-35,,24.6247296,118.1153752,天马水库 (Tianma Reservoir)
L36885621,CN,CN-65,,41.725806,86.1808688,天鹅河景区 (Swan River Scenic Area),2026-03-26 17:00,14,2
L37991507,CN,CN-65,,43.6999053,81.6328636,天鹅泉湿地 (Swan Spring Wetlands),2026-05-18 13:24,13,1
L7589596,CN,CN-44,,23.2266763,113.4179163,天鹿湖森林公园 (Tianluhu Forest Park),2026-05-24 14:27,107,37
L38340885,CN,CN-14,,37.7334317,112.3817308,天龙山景区 (Tianlongshan Scenic Area),2025-12-29 13:30,23,1
L39905832,CN,CN-32,,31.4537054,121.1335087,"太仓市民公园 (Citizen Park, Taicang)",2026-06-19 15:33,6,1
L3584025,CN,CN-53,,25.12064,99.15138,太保山公园 (Taibao Park),2026-02-27 09:12,122,28
L38340864,CN,CN-14,,37.7466444,112.4666675,太原植物园 (Taiyuan Botanical Garden),2026-03-24 09:47,31,3
L49125823,CN,CN-14,,37.7451545,112.7213875,太原理工大学明向校区 (TYUT Mingxiang Campus),2025-10-01 14:59,14,2
L27399061,CN,CN-14,,37.733869,112.434181,"太原龙山景区 (Longshan Scenic Area, Taiyuan)",2024-08-19 08:00,32,6
L39643969,CN,CN-35,,27.1200358,120.1904466,太姥山 (Mount Taimu),2026-05-03 10:01,5,2
L29051373,CN,CN-44,,23.3305927,113.8750005,太子坑森林公园 (Taizikeng Forest Park),2026-08-29 08:01,146,95
L25661236,CN,CN-33,,30.1750971,118.8993636,太子尖 (Taizijian Peak),2026-08-23 06:08,173,411
L17860309,CN,CN-21,,41.2562633,123.221048,太子河新孤线段 (Taizi River - XinGu Rd Section),2023-01-29 12:35,74,20
L9134397,CN,CN-33,,30.2261801,120.1423294,太子湾公园 (Taiziwan Park),2026-05-25 06:00,77,21
L56642754,CN,CN-11,,40.5295209,117.1289483,太师屯和园公园 (Taishitun Heyuan Park),2026-09-25 10:55,95,45
L38809493,CN,CN-42,,30.3103148,112.2664978,太师渊公园 (Taishiyuan Park)
L9992212,CN,CN-61,,33.9219248,108.6597633,太平国家森林公园 (Taiping National Forest Park),2026-05-30 10:00,57,4
L39188569,CN,CN-31,,31.219296,121.477972,太平桥公园及新天地绿地 (Taipingqiao Park & New World Greenspace),2026-06-13 10:00,10,4
L21895095,CN,CN-33,,29.0316613,120.1679657,太平水库 (Taiping Reservoir),2026-08-17 07:48,94,13
L49711456,CN,CN-22,,44.02557,124.92811,太平池水库 (Taipingchi Reservoir),2025-11-02 10:00,44,5
L37866982,CN,CN-13,,38.1138423,114.5547513,太平河公园 (Taiping River Park),2025-12-21 16:19,34,6
L36818367,CN,CN-13,,38.1123701,114.4915108,太平河风景区 (Taipinghe Scenic Area),2026-09-06 06:33,80,16
L73721851,CN,CN-34,,30.3586307,118.0089876,太平湖 (Taiping Lake),2024-10-02 00:00,1,0
L15928441,CN,CN-45,,23.651065,110.7368845,太平狮子山国家森林公园 (Taiping Lion Mountain National Forest Park),2012-07-22 00:00,5,0
L38340377,CN,CN-14,,39.3221745,112.5200952,太平窑水库 (Taipingyao Reservoir),2026-08-23 11:01,9,1
L39710174,CN,CN-37,,36.0478524,120.365421,太平角 (Taipingjiao Cape),2026-05-16 07:30,35,7
L27915075,CN,CN-37,,36.0528025,120.3603141,太平角公园 (Taipingjiao Park),2026-05-30 12:14,41,5
L14958578,CN,CN-11,,40.0636937,116.3945273,太平郊野公园 (Taiping Country Park),2022-05-31 17:56,22,3
L64113755,CN,CN-11,,39.9107248,116.3999541,太庙 (Imperial Ancestral Temple),2026-08-30 17:25,9,3
L38131408,CN,CN-50,,29.6887012,107.374417,太极森林公园 (Taiji Forest Park)
L22936245,CN,CN-33,,30.9586795,120.0720642,太湖图影生态湿地文化园 (Taihu Tuying Wetland Cultural Park),2026-09-17 13:48,36,3
L12153273,CN,CN-32,,31.4557743,120.3934375,太湖大溪港湿地公园 (Taihu Daxigang Wetland Park),2026-09-19 14:46,191,183
L48190063,CN,CN-12,,39.0409421,117.2427138,太湖路公园 (Taihu Road Park),2025-06-22 07:12,13,2
L5537471,CN,CN-32,,31.5267993,120.2232707,太湖鼋头渚风景区 (Taihu Yuantouzhu Scenic Area),2026-06-16 17:47,98,54
L21322388,CN,CN-32,,31.3834506,120.069163,太湖龙头渚风景区 (Taihu Longtouzhu Scenic Area),2025-02-01 16:05,20,3
L35487606,CN,CN-61,,34.0098025,107.8435885,太白山国家森林公园 (Mount Taibai National Forest Park),2026-08-28 09:42,152,62
L37604945,CN,CN-61,,33.9942832,107.809455,太白山国家森林公园--高海拔 (Mount Taibai NFP--high elevation [above 3150m]),2026-08-11 08:08,62,12
L7355476,CN,CN-37,,35.318083,116.5938749,太白湖 (Taibai Lake),2026-02-18 16:28,82,14
L37163074,CN,CN-14,,36.2033381,113.1131804,太行公园 (Taihang Park),2024-10-06 16:50,14,3
L38340693,CN,CN-14,,37.3626253,112.5922145,"太谷凤凰山 (Fenghuang Mountain, Taigu)",2025-09-13 07:00,44,3
L38450982,CN,CN-11,,39.9811809,116.4494929,太阳宫体育休闲公园 (Taiyanggong Sports Park),2025-09-14 13:51,23,3
L36715839,CN,CN-11,,39.9754402,116.4560439,太阳宫公园 (Taiyanggong Park),2026-09-02 17:53,60,42
L38536912,CN,CN-43,,29.1574742,111.7089258,太阳山森林公园 (Taiyangshan Forest Park),2026-05-03 10:30,16,0
L10064748,CN,CN-23,,45.792503,126.595488,"太阳岛 (Sun Island, Harbin)",2026-09-14 16:00,119,55
L41452378,CN,CN-36,,28.0354892,116.4815683,太阳水库 (Sun Reservoir),2025-03-21 08:30,37,1
L38109287,CN,CN-53,,22.6063698,101.0978281,太阳河森林公园 (Taiyanghe Forest Park),2026-08-11 10:44,129,9
L9360531,CN,CN-35,,24.427751,118.1406641,太阳湾海滨游乐场 (Sun Bay Coastal Resort),2023-07-21 15:52,27,3
L37792324,CN,CN-51,,31.2531881,103.7668917,太阳湾风景区 (Taiyangwan Scenic Area),2026-07-20 16:15,52,11
L5911367,CN,CN-63,,38.816483,98.415873,央隆 (Yanglong),2026-06-07 10:50,37,3
L9932459,CN,CN-15,,38.8454031,105.597883,头道沙子 (Toudaoshazi),2026-04-05 11:25,99,75
L27865356,CN,CN-33,,28.6920807,121.7743455,头门岛 (Toumen Island),2026-03-31 11:25,153,9
L37875078,CN,CN-32,,32.0700317,118.8445537,头陀岭 (Toutuoling),2026-07-01 16:46,57,16
L40004116,CN,CN-44,,22.6897273,114.4193371,头陂公园 (Toupi Park)
L38537068,CN,CN-43,,29.5667215,111.483327,夹山国家森林公园 (Jiashan Forest Park)
L54094128,CN,CN-32,,32.143859,118.7689008,夹江湿地 (Jiajiang Wetlands),2026-09-11 11:33,95,13
L62181077,CN,CN-37,,37.5716045,121.304978,夹河入海口 (Jiahe River Estuary),2026-09-13 09:37,12,3
L9932382,CN,CN-65,,44.4378435,86.1425793,夹河子水库 (Jiahezi Reservoir),2025-09-14 08:00,135,36
L38895532,CN,CN-37,,37.5332841,121.2842738,夹河生态园 (Jiahe Eco-Park),2026-09-12 08:45,119,38
L11747162,CN,CN-51,,30.8225709,102.7211814,夹金山南坡 (Jiajin Mountain South Slope),2026-06-24 15:40,176,49
L38226564,CN,CN-51,,30.8606001,102.6857273,夹金山垭口 (Jiajin Mountain Pass),2026-08-16 11:14,83,28
L27592448,CN,CN-33,,29.5925716,121.2901188,奉化--大雷山 (Fenghua--Dalei Mountain),2026-04-08 09:10,62,4
L36373853,CN,CN-33,,29.643676,121.553307,奉化--金峨山 (Fenghua--Jin'e Mountain),2026-07-08 10:18,69,7
L19835613,CN,CN-33,,29.7873026,121.4658973,奉化江湿地 (Fenghua River Wetland),2026-06-13 09:59,79,19
L39480574,CN,CN-31,,30.8101468,121.5021546,奉贤小魔术林 (Fengxian Magic Woods),2026-09-22 10:06,185,177
L17656452,CN,CN-31,,30.8140603,121.5202585,奉贤渔人码头 (Fengxian Whalf),2026-09-25 07:30,263,336
L11923241,CN,CN-31,,30.831656,121.618927,奉贤滩涂湿地 (Fengxian Coastal Wetlands),2026-09-25 07:30,289,430
L37991396,CN,CN-65,,44.4457106,84.9188322,"奎屯东湖公园 (Donghu Park, Kuitun)",2026-06-24 11:00,18,2
L24931872,CN,CN-65,,44.493051,84.924869,奎屯中水库 (Kuitun Reclaimed Water Reservoir),2026-09-23 11:03,148,100
L6144915,CN,CN-65,,44.7744651,84.6082497,奎屯水库 (Kuitun Reservoir),2026-07-25 07:00,85,10
L37991384,CN,CN-65,,44.4306381,84.8576571,"奎屯西公园 (West Park, Kuitun)",2019-06-03 14:22,24,1
L38897012,CN,CN-44,,22.7836672,115.3683454,奎山公园 (Kuishan Park),2026-07-12 06:00,8,1
L38175300,CN,CN-51,,30.4710047,106.6524329,奎阁公园 (Kuige Park)
L4492892,CN,CN-37,,37.5806305,121.1999323,套子湾 (Taozi Bay),2019-11-16 12:59,148,118
L22417404,CN,CN-65,,38.8972082,75.2047459,奥依塔克冰川森林 (Oytagh Glacier & Forest),2026-09-27 10:56,72,20
L1494335,CN,CN-11,,40.0225917,116.3919748,奥林匹克森林公园 (Olympic Forest Park),2026-09-26 14:49,253,1042
L13741681,CN,CN-11,,40.0271199,116.3929873,奥林匹克森林公园北园 (Olympic Forest Park North),2026-09-28 06:58,233,998
L7516823,CN,CN-11,,40.0173836,116.3938028,奥林匹克森林公园南园 (Olympic Forest Park South),2026-09-26 08:30,273,2462
L17903420,CN,CN-11,,40.0180208,116.3833096,奥林匹克森林公园南园--叠水花台 (Olympic Forest Park South--Dieshui Huatai),2026-09-13 14:06,137,144
L23854208,CN,CN-11,,40.0152176,116.3882601,奥林匹克森林公园南园--奥海西侧 (Olympic Forest Park South--Aohai West),2026-09-25 09:46,147,190
L30661562,CN,CN-21,,41.7517527,123.4635258,"奥林匹克生态公园 (Olympic Eco-Park, Shenyang)",2026-05-23 17:50,68,185
L13732261,CN,CN-53,,27.825,99.6751,奶子河桥 (Naizihe Bridge),2026-04-06 19:04,59,18
L10864517,CN,CN-33,,28.463326,119.9600154,好溪社后段 (Haoxi River - Shehou Section),2023-12-05 00:00,13,0
L39711756,CN,CN-37,,36.1591575,120.071796,如意湖公园 (Ruyihu Park)
L28660682,CN,CN-44,,23.335442,116.7520137,妈屿岛 (Mayu Island),2025-02-03 10:00,12,1
L22367963,CN,CN-12,,39.1049978,117.8415964,妈祖文化园 (Mazu Cultural Park),2026-09-26 06:42,211,165
L52148437,CN,CN-11,,40.4618705,116.0353661,妫水森林公园 (Guishui Forest Park),2024-03-17 08:00,27,2
L38226135,CN,CN-51,,31.6368828,104.3123502,姊妹桥景区 (Twin-Bridge Scenic Area),2021-05-15 10:00,5,1
L28318174,CN,CN-33,,29.1403125,121.0012324,始丰湖国家湿地公园 (Shifenghu National Wetland Park),2026-07-09 06:25,75,16
L39152435,CN,CN-33,,29.1469965,120.8995829,始丰溪湿地平桥段 (Shifengxi Wetlands - Pingqiao Section),2026-01-18 14:14,69,9
L957808,CN,CN-53,,24.053479,97.8967366,姐勒水库 (Jiele Reservoir),2026-09-12 18:06,187,43
L38425497,CN,CN-45,,24.6182839,111.5586005,姑婆山风景区 (Guposhan Scenic Area)
L18444914,CN,CN-33,,28.6253922,121.2541769,委羽山道文化公园 (Weiyushan Dao Cultural Park),2024-11-29 00:00,46,0
L64407114,CN,CN-53,,25.9633751,98.7134196,姚家坪 (Yaojiaping),2026-07-08 10:22,1,1
L54737785,CN,CN-33,,30.6769598,119.6334137,姚村--杨梅山 (Yao Village--Yangmeishan),2026-04-04 17:00,29,2
L13838727,CN,CN-53,,25.22338,98.67278,姜家寨 (Jiangjiazhai),2026-05-09 09:20,320,236
L46802505,CN,CN-63,,35.3871357,99.3031247,姜路岭山口 (Jiangluling Pass),2026-07-03 16:31,34,2
L21001994,CN,CN-34,,31.5640702,117.4460669,姥山岛 (Mushan Island),2025-09-26 10:20,47,4
L21024463,CN,CN-33,,29.536918,119.0682559,姥山林场 (Laoshan Forest),2023-08-04 14:30,44,4
L37407539,CN,CN-52,,28.0103124,106.8585945,娄山关景区 (Loushanguan Scenic Area),2024-10-18 11:50,7,1
L6142621,CN,CN-63,,36.9096074,101.6494389,娘娘山景区 (Niang Niang Shan Scenic Area),2023-03-05 09:00,89,8
L71590542,CN,CN-53,,21.9244,100.71015,娜西湖 (Naxi Lake),2025-12-28 12:00,1,1
L13972019,CN,CN-33,,29.0979768,119.6589595,婺州公园 (Wuzhou Park),2026-01-23 23:09,22,5
L53551319,CN,CN-36,,29.2417069,117.872647,婺源植物园 (Wuyuan Botanical Garden),2026-06-26 22:00,64,13
L7928223,CN,CN-23,,49.0923465,125.2641375,嫩江高峰森林公园 (Nenjiang Gaofeng Forest Park),2015-05-29 00:00,5,0
L17456417,CN,CN-34,,30.8407041,117.0449814,嬉子湖 (Xizi Lake),2023-09-30 15:17,43,2
L38182610,CN,CN-51,,29.5116139,101.722671,子梅垭口 (Zimei Mountain Pass),2026-06-30 10:56,25,4
L38182616,CN,CN-51,,29.526193,101.7568816,子梅村 (Zimei Village),2025-08-20 08:30,28,2
L19114726,CN,CN-32,,31.9119243,118.5816392,子母洲 (Zimuzhou),2026-02-19 05:48,59,3
L32227922,CN,CN-12,,38.665283,117.5768166,子牙新河口 (New Ziya River Estuary),2025-11-11 14:21,103,8
L18155416,CN,CN-13,,38.1149272,114.5651574,子龙大桥 (Zilong Bridge),2026-09-07 16:24,178,104
L38537027,CN,CN-43,,28.823256,112.294199,孔家湖 (Kongjiahu)
L38843557,CN,CN-37,,35.6203443,116.9928877,孔林 (Kong Lin),2026-08-03 15:00,13,1
L38538558,CN,CN-36,,27.8443875,114.9366951,孔目江国家湿地公园 (Kongmujiang Wetland Park)
L20017568,CN,CN-36,,27.842942,114.937015,孔目江湿地公园 (Kongmujiang Wetland Park),2024-01-02 15:47,20,0
L36885637,CN,CN-65,,41.7535027,86.1492998,孔雀公园 (Peafowl Park)
L38175339,CN,CN-51,,30.1115278,104.6836048,字库山公园 (Zikushan Park)
L18803323,CN,CN-34,,31.7066768,117.4206219,孙柳村湿地 (Sunliu Wetlands),2025-01-18 10:00,73,7
L22016652,CN,CN-31,,31.170631,121.635901,孙桥中心绿地 (Sunqiao Center Greenland),2026-06-13 06:00,17,4
L38474058,CN,CN-43,,27.6939402,111.9942804,孙水公园 (Sunshui Park),2026-02-20 16:40,37,7
L38841935,CN,CN-37,,36.7914,117.9801189,孝妇河湿地公园--中区 (Xiaofuhe Wetland Park--Central Area),2025-12-31 15:45,19,1
L38841947,CN,CN-37,,36.7997201,117.9676846,孝妇河湿地公园--北区 (Xiaofuhe Wetland Park--North Area)
L38841921,CN,CN-37,,36.7795407,117.984182,孝妇河湿地公园--南区 (Xiaofuhe Wetland Park--South Area),2026-01-03 07:57,22,1
L39963949,CN,CN-44,,23.0711057,113.057945,孝德湖公园 (Xiaodehu Park)
L39574705,CN,CN-42,,30.9250962,113.9115243,"孝感后湖公园 (Houhu Park, Xiaogan)"
L46774191,CN,CN-37,,36.2437871,119.7864412,孟家沟水库（Mengjiagou Reservoir））,2025-06-01 15:00,20,1
L8044806,CN,CN-51,,31.6738859,103.1354238,孟屯 (Mengtun),2025-05-17 11:00,84,9
L39903389,CN,CN-32,,32.0384982,119.8350562,孟河小黄山风景区 (Menghe Xiaohuangshan Scenic Area)
L47825065,CN,CN-21,,41.1395423,123.0331099,孟泰公园 (Meng Tai Memorial Park),2024-02-16 11:00,3,1
L38765442,CN,CN-41,,34.8219442,112.7187036,孟津黄河湿地台荫段 (Mengjin Yellow River Wetlands--Taiyin Section),2026-01-18 12:00,84,6
L38765449,CN,CN-41,,34.8487903,112.6403107,孟津黄河湿地大桥段 (Mengjin Yellow River Wetlands--Bridge Section),2026-07-20 11:00,110,13
L9932200,CN,CN-41,,34.8804111,112.5422744,孟津黄河湿地西霞院段 (Mengjin Yellow River Wetlands--Xixiayuan Section),2026-06-04 15:22,161,86
L35048577,CN,CN-37,,35.5778624,118.1965921,孟良崮国家森林公园 (Menglianggu National Forest Park),2026-07-06 07:11,50,8
L7206031,CN,CN-63,,35.8067827,102.6867514,孟达天池 (Mengda Heavenly Lake),2025-06-13 08:23,104,13
L39714034,CN,CN-42,,30.5442757,111.9312601,季家湖国家湿地公园 (Jijia Lake Wetland Park),2026-01-11 16:27,42,2
L38296873,CN,CN-61,,38.3099893,109.7806771,季鸾公园 (Jiluan Memorial Park)
L7785048,CN,CN-33,,30.251359,120.1427186,孤山 (Gushan Park),2026-08-03 13:10,103,95
L39459989,CN,CN-37,,37.9034156,118.8207368,孤岛万亩槐林 (Gudao Locust Forest),2025-11-23 08:43,84,12
L18007642,CN,CN-33,,29.7757289,121.9488315,宁波大学梅山校区 (Ningbo University - Meishan Campus),2026-02-09 07:30,32,3
L21708338,CN,CN-33,,29.9469972,121.6081698,宁波植物园 (Ningbo Botanical Garden),2026-06-06 10:49,37,6
L3123733,CN,CN-33,,29.8010237,121.5624762,"宁波诺丁汉大学 (University of Nottingham, Ningbo)",2026-07-25 12:24,96,63
L60684813,CN,CN-33,,29.2045968,121.250205,"宁海天河景区 (Tianhe Scenic Area, Ninghai)",2026-03-16 00:00,1,0
L25186152,CN,CN-33,,29.3877038,121.3246044,宁海温泉旅游区 (Ninghai Hot Spring Tourist Area),2025-01-31 12:52,10,1
L7593291,CN,CN-34,,30.6247168,118.991846,宁阳公园 (Ningyang Park),2024-08-18 06:00,71,21
L36984179,CN,CN-34,,32.2983794,116.6968833,安丰塘 (Anfeng Reservoir),2024-10-01 17:18,5,0
L66842357,CN,CN-33,,30.5976352,119.6340751,"安吉灵峰山 (Lingfeng Mountain, Anji)",2026-09-05 16:00,14,1
L31340784,CN,CN-32,,34.8065287,116.8597846,安国湖塌陷区 (Anguo Lake Subsidence Area),2025-10-06 12:00,6,2
L59471425,CN,CN-62,,35.5935643,104.6099067,"安定区生态园 (Ecological Park, Anding District)",2026-09-27 08:33,56,38
L23094384,CN,CN-11,,39.5882043,116.4327677,安定郊野公园 (Anding Country Park),2023-09-06 13:00,23,2
L53423826,CN,CN-37,,36.2400073,117.1847747,安家林水库 (Anjialin Reservoir),2025-09-29 16:30,4,1
L39723668,CN,CN-42,,30.0996275,114.2376143,安山国家湿地公园 (Anshan Wetland Park)
L39745965,CN,CN-35,,24.707415,118.4484398,安平桥 (Anping Bridge)
L38671553,CN,CN-34,,31.8616986,117.2584574,安徽农业大学 (Anhui Agricultural University),2025-04-30 07:16,23,2
L39480350,CN,CN-34,,31.7654941,117.1845416,安徽大学 (Anhui University),2026-02-13 12:30,27,6
L28377200,CN,CN-34,,31.2849326,118.3805394,安徽师范大学花津校区 (Anhui Normal University - Huajin Campus),2023-12-22 11:00,14,1
L38113758,CN,CN-13,,39.5441475,116.6426515,安次自然公园 (Anci Nature Park)
L42029981,CN,CN-35,,25.0666118,118.1866209,安溪凤山森林公园 (Anxi Fengshan Forest Park),2024-12-05 07:00,15,0
L43890687,CN,CN-41,,36.037907,114.108241,安阳小南海风景区 (Anyang Xiaonanhai Scenic Area),2026-08-29 16:42,11,2
L39574685,CN,CN-42,,31.2585188,113.675865,安陆府河湿地公园 (Anlu Fuhe Wetland Park)
L59198019,CN,CN-42,,31.319655,113.5531497,安陆白兆山风景区 (Anlu Baizhaoshan Scenic Area)
L39842293,CN,CN-32,,32.4154847,119.4281781,宋夹城体育休闲公园 (Song Jiacheng Relics Park),2026-03-09 13:42,46,6
L38474199,CN,CN-43,,26.4221899,111.6007362,宋家洲 (Songjiazhou Island)
L38450904,CN,CN-11,,39.9733695,116.6494086,宋庄蓄滞洪区 (Songzhuang Retention Basin),2026-09-12 07:40,161,148
L47558611,CN,CN-42,,31.2229677,113.2507641,宋河镇--杨家冲 (Songhe Town--Yangjiachong),2025-06-14 15:47,53,3
L47555323,CN,CN-42,,31.207625,113.2206633,宋河镇--陈塆北 (Songhe Town--Chenwan North),2025-06-14 15:10,3,1
L5230488,CN,CN-23,,45.638694,130.547472,宏伟林场 (Hongwei Forest),2016-06-09 04:40,53,6
L20613094,CN,CN-34,,30.007015,117.988145,宏村 (Hongcun),2026-07-31 13:46,48,11
L18066324,CN,CN-32,,31.841918,120.833123,宏泰码头大草坪 (Hongtai Wharf Big Lawn),2026-08-13 12:17,94,17
L39599289,CN,CN-32,,32.209145,119.4887076,宗泽纪念公园 (Zong Ze Memorial Park),2025-01-21 13:30,9,1
L14482097,CN,CN-54,,29.657358,91.119976,宗角禄康公园 (Dzongyab Lukhang Park),2026-09-26 13:47,44,21
L14290432,CN,CN-11,,40.4363834,115.8411738,官厅水库--五棵树桦林 (Guanting Reservoir--Birch Forest),2026-09-13 11:35,107,7
L38129448,CN,CN-11,,40.4477041,115.879983,官厅水库--官厅大桥 (Guanting Reservoir--Yanqing Apricot Forest Park),2026-08-26 11:40,87,22
L3624327,CN,CN-11,,40.4410766,115.8648952,官厅水库--泵站区域 (Guanting Reservoir--Pump Station),2025-11-29 10:13,120,36
L38551351,CN,CN-36,,28.5437949,114.5940071,官山国家级自然保护区 (Guanshan NNR),2026-07-13 12:08,9,0
L22423288,CN,CN-11,,39.8799075,116.5084191,官庄公园 (Guanzhuang Park),2026-08-26 15:30,137,230
L36839938,CN,CN-53,,25.0080647,102.7511489,官渡森林公园 (Guandu Forest Park),2021-03-21 16:45,14,1
L14799669,CN,CN-12,,38.9387464,117.5236689,官港森林公园 (Guangang Forest Park),2026-09-19 15:56,155,63
L32227833,CN,CN-45,,24.4896126,110.4680488,官田村 (Guantian),2022-03-08 08:00,127,43
L38285950,CN,CN-62,,33.9174399,104.2933674,官鹅沟--两河口 (Guan'egou--Lianghekou)
L38285925,CN,CN-62,,33.9451641,104.3147391,官鹅沟--通天门 (Guan'egou--Tongtianmen),2026-03-21 07:52,65,8
L38286003,CN,CN-62,,33.8972296,104.3222792,官鹅沟--雷古山 (Guan'egou--Leigu Mountain)
L23632271,CN,CN-42,,29.8196091,110.4503509,官鼎村及周边水库 (Guanding Village & Vicinity),2024-02-09 13:04,48,4
L38298095,CN,CN-61,,33.1113643,106.6648676,定军山 (Dingjun Mountain)
L39905563,CN,CN-32,,31.8817437,120.3701159,定山 (Dingshan Mountain),2026-09-24 13:33,11,2
L25052946,CN,CN-33,,30.029169,122.1131392,定海湿地公园 (Dinghai Wetland Park),2024-04-05 18:09,30,10
L38002086,CN,CN-54,,28.3682889,87.7680616,定结湿地公园 (Dinggyê Wetland Park),2026-08-14 08:36,39,1
L38442356,CN,CN-45,,23.1254024,108.2834327,定罗水库 (Dingluo Reservoir),2025-02-05 14:27,32,1
L38285377,CN,CN-62,,35.6107149,104.5984207,定西公园 (Dingxi Park),2026-09-22 08:24,163,247
L76445374,CN,CN-61,,37.7470756,107.5083091,定边盐湖 (Dingbian Salt Lake)
L47194994,CN,CN-33,,29.9533852,120.6282508,宛委山 (Wanwei Hill),2024-12-16 00:00,3,0
L27308477,CN,CN-53,,26.214649,104.1026005,宛水公园 (Wanshui Park),2026-01-04 16:09,11,2
L38650821,CN,CN-34,,30.923871,118.7527564,宛陵湖公园 (Wanling Lake Park),2025-12-07 08:30,27,2
L39865382,CN,CN-32,,31.2407945,119.5811229,宜兴云湖风景区 (Yixing Yunhu Scenic Area),2025-11-18 11:07,17,1
L3958216,CN,CN-51,,28.7051619,104.0205189,宜宾老君山国家级自然保护区 (Yibin Laojunshan NNR),2026-06-28 07:45,181,88
L39713930,CN,CN-42,,30.7024416,111.3012292,"宜昌东山公园 (Dongshan Park, Yichang)",2026-05-13 06:30,35,3
L38765328,CN,CN-41,,34.3097607,111.8541961,"宜阳花果山 (Huaguo Mountain, Yiyang)"
L38126974,CN,CN-53,,24.9166345,102.7165031,宝丰半岛 (Baofeng Peninsula),2026-04-24 15:50,75,7
L42377464,CN,CN-53,,24.9230315,102.7244805,宝丰湿地公园 (Baofeng Wetland Park),2026-07-26 10:18,119,39
L25622582,CN,CN-53,,23.3529336,103.1592822,宝华公园 (Baohua Park),2026-08-15 11:54,23,7
L5159568,CN,CN-32,,32.131852,119.079409,宝华山国家森林公园 (Baohua Mountain Forest Park),2026-07-26 10:30,104,34
L39479025,CN,CN-32,,32.1903172,119.4739223,宝塔山公园 (Baotashan Park),2025-12-07 12:50,21,3
L40059768,CN,CN-44,,22.586605,113.902155,宝安公园 (Bao'an Park),2026-05-06 10:21,21,1
L36309326,CN,CN-64,,38.4517974,106.2522882,宝湖公园 (Baohu Park),2026-06-26 19:10,14,1
L26132007,CN,CN-32,,31.5141976,120.2309693,宝界山林公园 (Baojie Mountain Forest Park),2026-09-25 07:32,100,84
L10812062,CN,CN-33,,30.2579927,120.1397557,宝石山 (Baoshi Mountain),2026-08-12 11:59,92,78
L39857512,CN,CN-32,,32.0610994,118.7333562,宝船厂遗址公园 (Shipyard Heritage Park),2026-07-13 15:30,9,1
L32766046,CN,CN-61,,34.4309181,106.8357952,"宝鸡九龙山风景区 (Jiulong Mountain Scenic Area, Baoji)",2024-06-02 10:15,9,2
L32797667,CN,CN-61,,34.3570538,107.149688,"宝鸡人民公园 (People’s Park, Baoji)",2026-05-03 16:34,30,2
L32869345,CN,CN-61,,34.368306,107.101074,宝鸡植物园 (Baoji Botanical Garden),2025-05-02 08:20,26,2
L6234616,CN,CN-61,,34.3643867,107.1407747,"宝鸡渭河公园 (Weihe Park, Baoji)",2026-05-03 08:30,66,12
L20113110,CN,CN-44,,23.0183111,116.5682063,客鸟尾风景区 (Keniaowei Scenic Area),2026-08-31 15:01,26,3
L38650833,CN,CN-34,,30.9367128,118.6919097,宣城植物园 (Xuancheng Botanical Garden)
L29677027,CN,CN-11,,39.8952708,116.3592718,宣武艺园 (Xuanwu Yiyuan),2026-09-23 12:54,69,70
L19425589,CN,CN-44,,23.407067,115.8486241,宫墩村 (Gongdun Village),2026-07-04 16:27,93,47
L8660494,CN,CN-52,,28.224051,107.159126,宽阔水自然保护区 (Kuankuoshui NNR),2026-09-01 06:20,227,316
L22356990,CN,CN-32,,34.701944,119.420212,宿城水库 (Sucheng Reservoir),2026-05-24 10:00,55,11
L20742052,CN,CN-41,,32.9606419,114.2803826,宿鸭湖水库 (Suyahu Reservoir),2021-02-16 10:00,8,1
L55388232,CN,CN-11,,40.4583917,116.8209842,密云水库坝下调节池 (Lower Canal Basin of Miyun Reservoir Dam),2026-08-25 13:43,156,97
L38175388,CN,CN-51,,31.4706427,104.7761185,富乐山公园 (Fuleshan Park),2026-05-07 13:04,45,8
L38080916,CN,CN-46,,19.8962745,109.999045,富力红树湾湿地公园 (R&F Hongshuwan Wetland Park),2026-06-05 11:00,18,1
L38396025,CN,CN-21,,38.8914502,121.5747945,富国公园 (Fuguo Park),2026-06-01 08:50,12,1
L39309330,CN,CN-33,,29.5595401,119.5607311,富春江水库 (Fuchunjiang Reservoir),2026-05-15 14:45,44,5
L12603621,CN,CN-34,,31.5850613,117.5374246,富煌三珍生态渔业休闲中心 (Fuhuang Sanzhen Fisheries),2025-10-27 09:22,103,23
L22385947,CN,CN-11,,40.2429397,116.1833408,富荣采摘园 (Furong Caizhaiyuan),2025-11-05 13:28,35,9
L10951435,CN,CN-33,,28.9100445,118.8183753,富里万亩良田 (Fuli Extensive Fields),2025-05-05 14:53,55,2
L27194690,CN,CN-33,,30.0705002,119.9672939,富阳城市森林公园 (Fuyang City Forest Park),2026-04-02 12:14,24,4
L16558233,CN,CN-37,,36.1228388,120.5858923,寒寨口 (Hanzhaikou),2025-02-12 15:56,79,16
L17644928,CN,CN-32,,31.3108175,120.5664782,寒山寺 (Hanshan Temple),2026-03-22 07:45,22,6
L24026507,CN,CN-36,,29.5146464,117.8889579,察关村 (Chaguan Village),2026-09-04 17:51,155,302
L6000793,CN,CN-63,,37.2678853,101.5072597,察汗河森林公园 (Chahanhe Forest Park),2026-06-14 17:00,104,12
L38108972,CN,CN-53,,25.4833645,103.7783,寥廓公园 (Liaokuo Park),2026-02-15 11:13,21,0
L43883020,CN,CN-34,,31.11729,118.0826,寨山 (Zhaishan Mountain),2025-05-02 09:29,10,1
L39980900,CN,CN-44,,21.271067,110.3517814,寸金桥公园 (Cunjinqiao Park),2025-12-26 12:00,18,1
L8958835,CN,CN-33,,30.5231287,119.8850717,对河口水库 (Duihekou Reservoir),2026-04-17 09:41,94,9
L33421849,CN,CN-33,,29.0326737,120.2205511,寺口吕湿地 (Sikoulü Wetlands),2026-08-17 18:12,57,9
L16723888,CN,CN-33,,29.9933806,120.1178777,寺坞岭群山 (Siwuling Mountains),2026-09-17 16:09,179,253
L3076229,CN,CN-21,,39.126831,122.0236874,寺沟 (Sigou Ridge),2015-10-21 05:30,104,28
L28462778,CN,CN-32,,33.6035476,120.4771131,射阳林场 (Sheyang Forest Nursery),2026-05-02 07:11,119,23
L39867980,CN,CN-32,,33.823581,120.4915727,射阳河口 (Sheyang River Estuary)
L21404250,CN,CN-32,,33.8776051,120.449549,射阳港经济区 (Sheyang Coast),2021-05-13 17:00,56,5
L11633554,CN,CN-32,,33.6460658,120.5292917,射阳芦苇公司 (Sheyang Reed Farm),2026-09-19 14:23,159,68
L9205267,CN,CN-35,,26.5159483,117.3034377,将乐龙栖山国家级自然保护区 (Jiangle Longqi Mountain NNR),2026-08-12 16:27,98,22
L60458343,CN,CN-21,,41.8344617,123.4330487,将军公园 (General Park),2026-03-19 13:30,32,9
L39713277,CN,CN-42,,30.8055601,115.0150285,将军山 (Jiangjunshan),2026-03-07 13:18,54,6
L59767586,CN,CN-42,,30.884953,115.0162554,将军山 (Jiangjunshan),2026-06-26 13:23,7,1
L28253227,CN,CN-36,,29.1788,115.48311,将军峡风景区 (Jiangjunxia Scenic Area),2026-03-01 14:50,92,38
L38025886,CN,CN-15,,42.5860056,117.1489998,将军泡子 (Jiangjun Paozi),2026-07-22 17:05,17,1
L8307687,CN,CN-11,,39.9661222,116.5101037,将府公园 (Jiangfu Park),2026-09-18 10:15,99,104
L38257887,CN,CN-52,,25.252463,107.7163955,小七孔景区 (Xiaoqikong Scenic Area),2026-09-03 07:55,67,26
L3967523,CN,CN-65,,47.999487,88.273564,小东沟森林公园 (Xiaodonggou Forest Park),2026-09-17 08:30,120,116
L35278044,CN,CN-65,,47.9700619,88.4076576,小东沟森林公园--高海拔 (Xiaodonggou Forest Park--higher elevation),2026-08-09 08:00,87,69
L17881225,CN,CN-46,,18.2095,109.50208,小东海 (Xiaodonghai),2022-02-22 08:45,10,2
L38930327,CN,CN-51,,29.4002557,104.1682096,小井沟水库 (Xiaojinggou Reservoir),2026-06-12 15:59,7,0
L22417273,CN,CN-65,,39.4599467,76.0701454,小亚郎湿地公园 (Yalang Wetland Park),2026-07-06 18:13,45,16
L38035847,CN,CN-23,,47.7447713,128.9055584,小兴安岭植物园 (Lesser Khingan Botanical Garden),2026-08-07 06:41,11,1
L16503620,CN,CN-21,,40.8827016,121.2651164,小凌河口 (Xiaoling River Estuary),2026-08-29 19:00,154,42
L33372835,CN,CN-13,,40.9733902,115.3956378,小北沟 (Xiao Bei Gou),2026-06-21 09:02,49,17
L997400,CN,CN-63,,36.5577787,100.7237206,小北湖湿地 (Xiaobeihu Freshwater Marsh),2026-09-06 13:38,200,179
L40083487,CN,CN-44,,22.4852894,113.8839345,小南山公园 (Little Nanshan Park),2026-04-27 07:45,39,8
L10347012,CN,CN-42,,30.113808,111.815773,小南海 (Xiaonanhai Lake),2026-02-21 10:20,73,6
L39033318,CN,CN-42,,30.5916657,114.2771865,小南湖公园 (Xiaonanhu Park)
L5947324,CN,CN-33,,30.2045003,120.0345432,小和山 (Xiaohe Mountain),2026-04-19 18:01,98,15
L8295100,CN,CN-35,,24.8476728,118.0269215,小坪森林公园 (Xiaoping Forest Park),2026-06-13 12:00,127,43
L6840866,CN,CN-37,,35.0351093,118.373791,小埠东橡胶坝 (Xiaobudong Inflatable Dam),2026-01-15 16:40,84,45
L38895852,CN,CN-37,,36.7026622,121.1899846,小孩儿口国家城市湿地公园 (Xiaohairkou Wetland Park),2025-10-20 09:00,37,1
L48225984,CN,CN-22,,43.830363,123.871228,小山水库 (Xiaoshan Reservoir),2026-05-02 07:30,84,4
L39460114,CN,CN-37,,37.5979632,118.9581929,小岛河码头 (Xiaodaohe Port),2026-09-08 09:19,143,27
L11236021,CN,CN-33,,29.9625523,122.2166432,小干岛 (Xiaogan Island),2026-09-09 14:00,192,168
L63044328,CN,CN-14,,37.664996,112.6264028,小张义村 (Xiaozhangyi Village),2026-09-19 08:17,100,20
L5218867,CN,CN-53,,25.8071285,100.2247524,小普陀 (Little Putuo),2025-03-29 13:02,36,6
L24002732,CN,CN-35,,27.1791821,118.4078044,小松水库 (Xiaosong Reservoir),2023-05-03 13:47,31,2
L15822023,CN,CN-63,,37.4551798,95.5219858,小柴旦湖 (Lesser Qaidam Lake),2026-08-04 12:44,29,13
L39962989,CN,CN-44,,22.6771865,114.5191671,小桂新码头 (Xiaogui New Port),2024-06-21 13:00,4,1
L39857478,CN,CN-32,,32.0788121,118.7456693,小桃园 (Xiaotaoyuan),2025-11-03 09:00,18,3
L30003717,CN,CN-33,,30.9551973,120.0982479,小梅山景区 (Xiaomeishan Scenic Area),2026-07-05 15:17,79,6
L40083775,CN,CN-44,,22.6009728,114.3278897,小梅沙海滩 (Xiaomeisha Beach),2025-04-24 12:47,38,4
L59511780,CN,CN-44,,22.5194947,113.9573622,小沙山 (Xiaoshashan),2026-08-24 16:41,70,18
L15476627,CN,CN-21,,40.9092459,121.6335619,小河分场 (Xiaohe Fenchang),2021-06-21 06:00,38,2
L60518272,CN,CN-34,,31.2814504,117.0174325,小河湾村 (Xiaohewan),2026-09-15 10:15,52,6
L12497676,CN,CN-61,,33.1015713,109.1657487,小河镇 (Xiaohe Town),2014-01-18 08:00,46,2
L8080064,CN,CN-63,,36.7019538,100.7850947,小泊湖保护管理站 (Xiaobohu Protection Station),2026-08-09 14:30,107,37
L4632011,CN,CN-32,,32.5643482,120.9943208,小洋口魔术林 (Yangkou Magic Woods),2026-09-25 16:15,259,124
L3625501,CN,CN-33,,30.64273,122.0619378,小洋山岛 (Lesser Yangshan Island),2026-06-28 00:00,292,282
L57057482,CN,CN-15,,40.576072,111.636792,小浑津水库 (Xiaohunjin Reservoir),2026-09-03 15:45,107,12
L36166740,CN,CN-53,,24.5404815,97.5909773,小浪速 (Xiao Langsu),2025-10-03 16:00,153,13
L72986854,CN,CN-33,,30.3536985,119.9190259,小湾兜--张堰村 (Xiaowandou--Zhangyan Village),2025-08-17 07:45,25,1
L38113518,CN,CN-13,,42.1560574,116.9847036,小滦河湿地公园 (Xiaoluanhe Wetland Park),2025-05-18 13:47,27,1
L28159102,CN,CN-11,,40.5798176,117.1006598,小漕村 (Xiaocao Village),2026-09-26 08:28,224,329
L17682128,CN,CN-21,,40.5341909,122.3076984,小潮沟 (Xiaochaogou),2025-05-02 11:29,24,8
L38109296,CN,CN-53,,22.6133395,101.1108887,小熊猫庄园 (Red Panda Villa),2025-02-11 11:00,15,2
L15660520,CN,CN-15,,40.5219612,109.8568181,小白河黄河湿地公园 (Xiaobaihe Yellow River Wetlands),2024-07-08 14:30,29,1
L54093473,CN,CN-32,,31.8664986,118.8530864,小祁家 (Xiaoqijia),2026-05-14 20:00,97,28
L37992363,CN,CN-65,,43.8379255,87.504714,小绿谷生态公园 (Little Lügu Eco-Park),2026-09-17 17:06,10,5
L63651773,CN,CN-31,,31.3735163,121.3489764,小苏宅水芹地,2026-06-07 10:00,27,1
L38002769,CN,CN-62,,39.0526671,94.1925694,小苏干湖 (Lesser Sugan Lake),2025-06-21 11:10,21,5
L5906968,CN,CN-63,,32.347744,97.252561,小苏莽乡 (Xiao Sumang),2017-06-25 06:30,68,5
L11623786,CN,CN-62,,36.0655107,103.794899,小西湖 (Little West Lake),2026-07-17 14:13,42,13
L17223227,CN,CN-53,,25.710159,100.198944,小邑庄湖滨 (Xiaoyizhuang Lakefront),2025-03-22 10:20,39,4
L3894509,CN,CN-61,,34.2388885,108.9365088,小雁塔 (Small Wild Goose Pagoda),2026-09-11 15:59,43,33
L69803815,CN,CN-32,,31.6764717,119.2842498,小马梗水库 (Xiaomageng Reservoir),2026-06-12 12:43,5,0
L38243136,CN,CN-51,,31.1698219,103.7926793,小鱼洞鱼凫湿地公园 (Xiaoyudong Yufu Wetland Park),2026-07-18 09:28,11,1
L39964442,CN,CN-44,,22.4610103,113.0504564,小鸟天堂 (The Birds' Paradise),2026-08-24 09:15,28,5
L5838938,CN,CN-11,,39.9655239,115.4317587,小龙门国家森林公园 (Xiaolongmen National Forest Park),2026-08-30 07:58,185,428
L38297019,CN,CN-61,,34.4727952,109.8651863,少华山国家森林公园 (Mount Shaohua National Forest Park)
L38766239,CN,CN-41,,34.4691788,112.9315014,少室山 (Mount Shaoshi),2025-05-25 17:01,1,0
L1796404,CN,CN-41,,34.5066433,112.9426799,少林寺 (Shaolin Temple),2026-08-22 13:00,52,16
L16786524,CN,CN-37,,36.2417217,120.0877022,少海国家湿地公园 (Shaohai National Wetland Park),2026-03-09 11:59,63,14
L32490294,CN,CN-12,,39.426077,117.3730028,尔王庄水库 (Erwangzhuang Reservoir),2024-01-28 08:00,26,2
L15934278,CN,CN-63,,32.857414,96.670644,尕拉尕垭口 (Galaga Mountain Pass),2026-08-29 11:10,52,36
L4698063,CN,CN-63,,36.9460038,99.6154022,尕日拉寺 (Garila Temple),2026-08-17 17:10,103,31
L3773258,CN,CN-62,,34.236284,102.3411655,尕海 (Gahai Lake),2026-09-14 12:53,148,54
L5906830,CN,CN-63,,37.1368,97.5507,尕海 (Gahai Lake),2026-07-29 16:14,44,9
L30817278,CN,CN-51,,32.89878,103.66517,尕米寺 (Gami Monastery),2026-07-04 10:40,104,40
L4285151,CN,CN-33,,30.3450351,120.7564939,尖山--东西湖 (Jianshan Hill--Dongxi Lake),2026-07-11 09:07,244,103
L16748716,CN,CN-33,,30.2933436,120.7889155,尖山海塘 (Jianshan Coast),2025-01-08 00:00,20,2
L39979664,CN,CN-44,,22.1875002,113.3089202,尖峰山公园 (Jianfengshan Park),2026-07-04 10:00,52,25
L3440438,CN,CN-46,,18.7161353,108.8878607,尖峰岭国家级自然保护区 (Jianfengling NNR),2026-09-27 10:59,221,2052
L63752609,CN,CN-46,,18.71453,108.87513,尖峰岭自然保护区--主峰 (Jianfengling NNR--Main Peak),2026-05-01 15:50,52,7
L29026028,CN,CN-46,,18.73632,108.85388,尖峰岭自然保护区--分界岭至天池公路 (Jianfengling NNR--The Ridge to Tianchi Lake),2026-03-18 14:18,77,44
L28659853,CN,CN-46,,18.6826909,108.8629588,尖峰岭自然保护区--南崖 (Jianfengling NNR--Nanya [hides & surroundings]),2026-09-27 10:59,127,258
L40527635,CN,CN-46,,18.70612,108.87185,尖峰岭自然保护区--南崖至主峰公路 (Jianfengling NNR--Nanya to Main Peak),2026-09-26 14:24,91,76
L28618846,CN,CN-46,,18.7430924,108.8573409,尖峰岭自然保护区--天池 [西岸] (Jianfengling NNR--Tianchi Lake West),2026-07-26 23:01,118,78
L28606440,CN,CN-46,,18.7474839,108.8699677,尖峰岭自然保护区--天池人家 (Jianfengling NNR--Tianchi Inn),2026-06-11 14:52,81,40
L28618776,CN,CN-46,,18.7396135,108.858026,尖峰岭自然保护区--天池植物园 (Jianfengling NNR--Tianchi Botanical Garden),2026-09-26 22:02,87,56
L40518390,CN,CN-46,,18.69966,108.81738,尖峰岭自然保护区--正门区域 (Jianfengling NNR--Main Gate area),2026-09-26 15:35,17,6
L40592980,CN,CN-46,,18.73484,108.84737,尖峰岭自然保护区--清风亭观景台 (Jianfengling NNR--The Ridge Platform),2026-09-26 18:15,35,29
L22534019,CN,CN-46,,18.7504253,108.9241975,尖峰岭自然保护区--雨林谷 (Jianfengling NNR--Rainforest Valley),2026-03-06 13:13,89,50
L28621393,CN,CN-46,,18.743592,108.8429506,尖峰岭自然保护区--鸣凤谷 (Jianfengling NNR--Mingfeng Valley),2026-09-05 09:12,155,385
L60597025,CN,CN-46,,18.6886523,108.8572294,尖峰岭自然保护区--鹿树 (Jianfengling NNR--Deer Tree),2026-06-05 08:15,49,7
L28618802,CN,CN-46,,18.693693,108.80296,尖峰镇 (Jianfeng Town),2026-07-27 11:39,73,46
L62918448,CN,CN-14,,36.5735607,112.3689365,尚义桥 (Shangyi Bridge),2026-08-12 14:30,21,6
L38815803,CN,CN-41,,34.7137195,113.7293096,尚岗杨公园 (Shanggangyang Park)
L36662913,CN,CN-23,,45.7264879,126.6834309,尚志公园 (Shangzhi Park)
L28192709,CN,CN-32,,31.638987,120.689106,尚湖风景区 (Shanghu Scenic Area),2026-09-04 18:09,95,35
L12341481,CN,CN-32,,31.4863924,120.3135594,尚贤河湿地公园 (Shangxianhe Wetland Park),2026-09-04 08:19,57,22
L63445777,CN,CN-31,,31.1883749,121.2442867,尚鸿路旁田埂地 (Shanghong Rd. Ag Fields),2026-05-01 09:38,60,13
L38441975,CN,CN-45,,25.2977401,110.380872,尧山景区 (Yaoshan Scenic Area),2025-08-30 09:02,14,1
L38672184,CN,CN-41,,33.7261332,112.2641481,尧山风景区 (Yaoshan Scenic Area)
L30929758,CN,CN-32,,31.2387583,120.6912628,尹山湖公园 (Yinshan Lake Park),2026-07-02 10:45,58,42
L39769307,CN,CN-37,,36.8878019,120.1227513,尹府水库--青龙桥 (Yinfu Reservoir--Qinglong Bridge),2025-01-31 07:11,30,4
L37991851,CN,CN-65,,43.723009,83.4978401,尼勒克种蜂场 (Nilka Apiary),2026-07-15 20:00,50,22
L38001781,CN,CN-54,,29.4986559,91.0288964,尼玛塘寺 (Nyimatang Monastery),2026-05-08 11:24,22,4
L27369484,CN,CN-53,,26.4433,104.6373,尼珠河大峡谷景区 (Nizhu River Canyon Scenic Area),2023-10-03 10:38,4,1
L18167218,CN,CN-11,,40.3520525,116.4243392,局里村 (Juli Village),2026-01-17 14:32,95,122
L7912829,CN,CN-11,,40.291182,116.063089,居庸关长城 (Great Wall at Juyongguan),2026-07-28 11:24,45,27
L35862072,CN,CN-51,,29.9899249,101.5332027,居里寺 (Juli Monastery),2024-08-18 07:48,13,1
L38474283,CN,CN-43,,29.0306809,111.6748054,屈原公园 (Qu Yuan Memorial Park),2025-06-28 08:05,5,1
L55375271,CN,CN-37,,35.5897327,118.9567062,屋楼崮 (Wulougu),2025-11-23 15:00,2,1
L59848033,CN,CN-35,,26.1038568,119.2970932,屏山公园（Pingshan Park）,2026-09-19 12:21,26,2
L38426267,CN,CN-45,,21.7016882,107.980164,屏峰雨林公园 (Pingfeng Rainforest Park),2025-11-16 10:58,78,7
L8190814,CN,CN-53,,22.91602,103.69487,屏边大围山 (Pingbian Dawei Mountain),2026-08-09 06:10,220,50
L65043903,CN,CN-53,,22.9200747,103.6982544,屏边大围山--中海拔公路 (Pingbian Dawei Mountain--major road [1850-2000m])
L65043700,CN,CN-53,,22.9285296,103.6953488,屏边大围山--佛光阁 (Pingbian Dawei Mountain--Foguang Pavillion),2026-08-08 11:30,15,1
L65043665,CN,CN-53,,22.9062076,103.6968828,屏边大围山--山顶酒店 (Pingbian Dawei Mountain--Summit Hotel),2026-08-08 15:10,59,3
L65043854,CN,CN-53,,22.9116148,103.6977445,屏边大围山--高海拔公路 (Pingbian Dawei Mountain--major road [above 2000m]),2026-08-09 06:10,55,3
L3757996,CN,CN-53,,27.90319,99.9388933,属都湖 (Shudu Lake),2026-09-18 12:06,128,49
L64389206,CN,CN-65,,40.5425136,81.2785906,屯垦文化公园 (Tunken Culture Park)
L16532846,CN,CN-13,,38.185437,114.331233,屯头村 (Tuntou Village),2026-09-26 07:22,69,56
L38858250,CN,CN-37,,37.5315174,122.0577219,"山东大学威海校区 (Shandong University, Weihai)",2026-07-27 19:27,4,0
L39460229,CN,CN-37,,36.3623134,120.689708,"山东大学青岛校区 (Shandong University, Qingdao)",2026-06-12 06:00,6,2
L8858808,CN,CN-37,,36.8106611,118.0015574,山东理工大学 (Shandong University of Technology),2025-01-20 10:00,18,5
L38428038,CN,CN-45,,21.4954691,109.7648384,山口红树林 (Shankou Mangroves)
L39793772,CN,CN-35,,26.2285527,119.5884164,山堂村 (Shantang Village),2026-06-05 10:23,156,60
L10907252,CN,CN-44,,21.7369726,111.9745186,山外西村沙洲 (Shanwaixi Sandbar),2026-03-14 11:30,58,11
L38426199,CN,CN-45,,21.586225,108.5152093,山心沙岛 (Shanxi Sandbar),2026-01-23 14:24,75,5
L38441879,CN,CN-45,,25.2404099,110.1717718,山水公园 (Shanshui Park)
L23030641,CN,CN-33,,30.4239947,119.7106855,山沟沟景区 (Shangougou Scenic Area),2025-09-14 10:04,54,9
L4656161,CN,CN-13,,40.0062937,119.7509682,山海关关城 (Shanhai Pass),2026-09-22 10:44,105,11
L26348756,CN,CN-37,,35.4540453,119.5660098,山海天湿地公园 (Shanhaitian Wetland Park),2025-06-21 17:26,27,4
L22678209,CN,CN-32,,32.4754448,118.7803616,山湖水库 (Shanhu Reservoir),2025-05-07 13:30,60,4
L37688416,CN,CN-35,,25.0987073,118.9049478,山腰盐场 (Shanyao Saltworks),2025-10-02 20:01,88,11
L38340713,CN,CN-14,,37.4233133,112.5823764,山西农业大学 (Shanxi Agricultural University),2026-05-18 12:00,60,26
L57765831,CN,CN-11,,40.5195715,117.2117064,山里乐活,2026-09-25 09:19,53,28
L19898883,CN,CN-31,,31.0594444,120.9415264,岑卜村 (Cenbo Village),2026-05-30 17:07,58,11
L32227849,CN,CN-45,,24.4914368,106.3975241,岑王老山 (Cenwang Laoshan),2012-01-11 08:00,37,1
L20336014,CN,CN-63,,37.6866963,101.4513143,岗什卡 (Gangshika),2026-09-10 12:10,118,172
L4743270,CN,CN-53,,25.2533438,98.8488052,岗党 (Gangdang),2026-07-31 09:08,86,22
L8666766,CN,CN-13,,38.3366193,113.9705754,岗南水库 (Gangnan Reservoir),2021-10-08 11:46,38,2
L28930150,CN,CN-63,,36.275098,101.752904,岗山堪达佛学院 (Gonpo Draknag Kharmda Tibetan Buddhist College),2025-08-04 12:02,58,7
L10825185,CN,CN-33,,30.0181667,121.6260709,岚山水库及附近林地 (Lanshan Reservoir and surrounding Woods),2026-09-12 09:39,193,46
L10012468,CN,CN-37,,35.0968529,119.3019356,岚山湿地公园 (Lanshan Wetland Park),2024-08-03 08:50,33,2
L38426361,CN,CN-45,,24.2244943,109.3315486,岜公塘公园 (Bagongtang Park)
L38257779,CN,CN-52,,25.7209242,108.8692943,岜沙苗寨 (Basha Miao Village)
L39963711,CN,CN-44,,23.2439925,112.9397266,岭云岗 (Lingyungang Ponds),2026-01-13 07:28,49,1
L44802970,CN,CN-33,,28.079703,119.71579,"岭根村水田 (Linggen Village, Jingning)",2025-05-10 10:00,40,2
L29429874,CN,CN-33,,30.3318012,122.1608008,岱山--拷门大坝 (Daishan--Kaomen Seawall),2024-07-03 16:03,12,1
L27746247,CN,CN-33,,30.4370806,122.3362566,岱山--桂花盐场 (Daishan--Guihua Saltworks),2023-10-29 00:00,4,0
L16041204,CN,CN-33,,30.2796308,122.1747831,岱山岛 (Daishan Island [General Area]),2025-05-06 18:11,102,11
L38895978,CN,CN-37,,36.1943724,117.1312779,岱庙 (Dai Miao),2026-08-03 08:59,16,3
L26283995,CN,CN-33,,30.279399,122.129687,岱西盐场 (Daixi Saltworks),2025-04-23 14:02,46,5
L26630324,CN,CN-43,,26.8902726,112.6086279,岳屏公园 (Yueping Park),2023-08-18 06:35,14,1
L38537288,CN,CN-43,,29.3439828,113.1348509,"岳阳南湖公园 (Nanhu Park, Yueyang)",2026-08-17 10:12,41,4
L38537270,CN,CN-43,,29.3781001,113.0939216,岳阳楼景区 (Yueyang Lou Scenic Area),2026-07-06 10:14,20,2
L5896027,CN,CN-43,,28.1824262,112.9321197,岳麓山 (Yuelu Mountain),2026-09-18 07:40,184,183
L17434013,CN,CN-34,,31.6916995,117.3000018,岸上草原  (Anshang Grassland),2025-07-12 18:25,47,8
L14750744,CN,CN-37,,35.6602552,118.0889311,岸堤水库 (Andi Reservoir),2021-05-04 09:00,14,1
L38843176,CN,CN-37,,35.3263208,117.0315181,峄山风景区 (Yishan Scenic Area)
L39903962,CN,CN-33,,30.1558271,121.2346566,峙山公园 (Zhishan Park),2026-04-19 00:00,35,2
L6168800,CN,CN-63,,36.3237925,101.9041157,峡群寺森林公园 (Xiaqun Temple Forest Park),2020-12-19 10:38,66,3
L23228091,CN,CN-53,,24.171552,102.401065,"峨山临江公园 (Linjiang Park, E'shan)",2023-03-21 07:34,27,1
L2938732,CN,CN-35,,27.0059141,117.0847321,峨嵋峰国家级自然保护区 (Emei Peak NNR),2026-07-25 06:51,248,1038
L1139466,CN,CN-51,,29.5426598,103.3530884,峨眉山 (Mount Emei),2026-09-16 10:00,337,442
L3727100,CN,CN-51,,29.5808092,103.3836226,峨眉山--万年寺 (Mount Emei--Wannian Temple),2026-03-31 13:35,169,47
L10180347,CN,CN-51,,29.5611292,103.4361213,峨眉山--伏虎寺 (Mount Emei--Fuhu Temple),2026-09-16 10:00,128,27
L3737295,CN,CN-51,,29.5684088,103.4423733,峨眉山--报国寺 (Mount Emei--Baoguo Temple),2026-08-08 09:15,209,96
L10176530,CN,CN-51,,29.5524578,103.3863283,峨眉山--洪椿坪 (Mount Emei--Hongchunping),2026-07-19 18:06,123,15
L3737356,CN,CN-51,,29.5236203,103.3357255,峨眉山--金顶 [高海拔] (Mount Emei--Golden Summit & upper elevations),2026-08-07 13:30,222,75
L38191349,CN,CN-51,,29.5374438,103.3335129,峨眉山--雷洞坪 (Mount Emei--Leidongping),2026-08-07 15:15,85,16
L38109502,CN,CN-53,,25.0277393,101.5328022,峨碌公园 (Elu Park),2026-08-23 17:15,24,5
L27243625,CN,CN-46,,19.8397453,109.306655,峨蔓镇农场 (Eman Town Farm),2023-09-24 10:31,13,8
L38858160,CN,CN-37,,37.2014764,122.0757153,峰山公园 (Fengshan Park)
L24048646,CN,CN-36,,25.757048,114.951271,峰山国家森林公园 (Fengshan National Forest Park),2025-08-24 21:41,44,3
L16110072,CN,CN-33,,28.1952739,119.8284102,峰源--葑垟林区 (Fengyuan--Fengyang Forest),2026-06-05 00:00,47,3
L39712283,CN,CN-37,,36.2061494,120.6078463,崂山--九水游览区 (Mount Laoshan--Jiushui Scenic Area),2026-06-27 07:50,22,3
L39712270,CN,CN-37,,36.2255808,120.6565332,崂山--仰口游览区 (Mount Laoshan--Yangkou Scenic Area),2026-09-25 10:25,19,4
L20086730,CN,CN-37,,36.2148509,120.5997969,崂山--北九水游览区 (Mount Laoshan--Beijiushui Scenic Area),2026-06-20 14:13,14,5
L39712291,CN,CN-37,,36.2074055,120.6796215,崂山--华严寺 (Mount Laoshan--Huayan Temple)
L39712258,CN,CN-37,,36.1507864,120.6665903,崂山--太清游览区 (Mount Laoshan--Taiqing Scenic Area),2026-09-11 15:00,68,19
L9524659,CN,CN-37,,36.1654654,120.6311902,崂山--巨峰游览区 (Mount Laoshan--Jufeng Scenic Area),2026-05-02 10:52,57,9
L35607809,CN,CN-62,,35.5482308,106.5234506,崆峒山 (Mount Kongtong)
L1609051,CN,CN-53,,25.7084945,100.145885,崇圣寺三塔 (Three Pagodas of Chongsheng Temple),2026-08-31 16:26,136,50
L19413981,CN,CN-51,,30.6663305,103.5900342,"崇州白塔湖 (Baita Lake, Chongzhou)",2024-10-26 19:09,36,5
L38426311,CN,CN-45,,22.3719604,107.3424514,崇左园博园 (Chongzuo Garden Expo Park),2026-02-15 09:25,27,3
L10745762,CN,CN-45,,22.2721304,107.5151916,崇左白头叶猴生态景区 (White-headed Longur Eco-Park),2026-05-12 14:16,118,61
L23705036,CN,CN-45,,22.393321,107.4073219,"崇左金龙湖公园 (Jinlong Lake, Chongzuo)",2023-08-01 18:40,12,1
L19970880,CN,CN-31,,31.5022878,121.9425813,崇明东滩自然保护区外围区域 (Chongming Dongtan NNR Outskirts),2026-09-26 07:45,296,567
L39151920,CN,CN-31,,31.4694657,121.9178764,崇明东滩自然保护区外围区域--虾蟹塘 (Chongming Dongtan NNR Outskirts--Shrimp and Crab Ponds),2026-09-26 07:45,165,62
L2080562,CN,CN-31,,31.4951401,121.9647217,崇明东滩鸟类自然保护区 (Chongming Dongtan NNR),2026-09-26 09:30,351,789
L19490784,CN,CN-31,,31.6414015,121.6040622,崇明前进农场 (Chongming Qianjin Farm),2026-05-04 04:50,100,7
L19492990,CN,CN-31,,31.6789939,121.6255217,崇明北湖湿地 (Chongming Beihu Wetlands),2026-05-10 08:57,146,37
L63727118,CN,CN-31,,31.4469687,121.889122,崇明岛日出点,2026-04-23 12:45,6,1
L23069292,CN,CN-32,,31.8206288,121.3894316,崇明新村麋鹿极小种群恢复与野放项目基地 (Chongming Research Base of Père David's Deer),2024-07-19 11:58,50,19
L4476424,CN,CN-31,,31.7223803,121.2381684,崇明西沙湿地公园 (Chongming Xisha Wetland Park),2026-02-23 15:00,116,40
L39716318,CN,CN-42,,29.9149967,112.2819686,崇湖国家湿地公园 (Chonghu Wetland Park),2026-01-18 17:43,66,2
L25790345,CN,CN-13,,40.9748988,115.4240258,"崇礼五道沟 (Wudaogou, Chongli)",2026-08-31 06:41,118,185
L12907503,CN,CN-53,,25.6481055,100.2137564,崇邑湖滨 (Chongyi Lakefront),2026-07-24 13:05,116,18
L8253424,CN,CN-44,,22.4568766,113.5462885,崖口村 (Yakou Village),2026-09-27 09:28,209,215
L27208238,CN,CN-46,,18.342471,109.136328,崖州湾湿地 (Yazhou Bay Wetlands),2026-09-20 17:46,76,27
L11915985,CN,CN-14,,37.9686333,112.4429083,崛围山 (Juewei Mountain),2026-04-04 13:00,48,6
L3864589,CN,CN-51,,29.2200512,100.1011992,崩普寺 (Bungpu Monastery),2026-06-07 07:30,50,6
L16472105,CN,CN-33,,30.7188919,122.8229369,嵊山岛 (Shengshan Island),2026-08-24 16:23,74,38
L8971125,CN,CN-33,,29.4090442,120.59694,嵊州南山水库 (Shengzhou--Nanshan Reservoir),2025-11-15 13:06,47,4
L6307852,CN,CN-33,,30.7156854,122.5104332,嵊泗列岛--泗礁山 (Shengsi Islands--Sijiao Hill),2026-07-07 00:00,100,23
L1796393,CN,CN-41,,34.5127108,113.0129752,嵩山 (Mount Songshan),2025-08-22 15:00,56,7
L38126788,CN,CN-53,,25.167893,100.3517119,巍宝山 (Mount Weibao),2026-05-20 12:33,70,7
L54817567,CN,CN-51,,32.777623,103.6205792,川主寺 (Chuanzhusi),2026-09-27 14:41,192,173
L55204345,CN,CN-37,,35.3063926,119.4333895,川子河 (Chuanzi River),2025-11-15 09:00,23,1
L49770436,CN,CN-32,,32.9601,120.904469,川水湾湿地 (Chuanshui Bay Wetlands),2026-09-27 15:04,255,184
L30361466,CN,CN-34,,31.652392,117.6418097,巢湖半岛国家湿地公园 (Chaohu Peninsula National Wetland Park),2026-03-22 18:00,52,6
L12880374,CN,CN-34,,31.633816,117.7658849,巢湖孙村湿地 (Suncun Lakefront Wetlands),2024-06-02 14:32,75,9
L9867803,CN,CN-51,,29.5694934,103.4652493,工农兵水库 (Gongnongbing Reservoir),2026-01-31 16:00,57,8
L52297734,CN,CN-54,,29.6420168,94.3676516,工布公园 (Gongbo Park),2026-09-03 14:10,58,42
L48197637,CN,CN-65,,43.2934233,84.5505959,巩乃斯国家森林公园 (Künes National Forest Park),2026-07-26 08:00,69,17
L37990842,CN,CN-65,,43.2448049,84.646076,巩乃斯林场 (Künes Forestry Station),2025-06-16 06:35,41,3
L28119739,CN,CN-54,,29.8900441,95.5236681,巴卡村-岗云杉林 (Baka Village & Gang Spruce Forest),2026-07-23 09:49,152,98
L28410428,CN,CN-32,,31.3823701,120.8328174,巴城生态湿地公园 (Bacheng Eco-Wetland Park),2026-08-06 17:23,107,40
L35831315,CN,CN-51,,30.297016,99.552878,"巴塘姐妹湖 (Twin Lakes, Batang)",2024-09-12 12:01,9,1
L37520117,CN,CN-63,,33.0039129,96.992712,巴塘河国家湿地公园 (Batang River National Wetland Park),2026-09-21 22:13,38,7
L35112446,CN,CN-54,,27.3463965,88.9964258,巴夏尔乃 (Baxarnai),2026-08-26 08:30,147,31
L69901546,CN,CN-54,,27.3580397,88.9771959,巴夏瀑布 (Baxar Waterfall)
L71609397,CN,CN-15,,43.2690645,116.2194784,巴彦呼热淖尔 (Bayan Khüree Nur),2026-06-27 10:00,43,1
L36393903,CN,CN-15,,38.8399605,105.6879519,巴彦浩特城市生态公园 (Bayanhot Urban Eco-Park),2026-03-01 15:00,31,15
L12621061,CN,CN-53,,28.2563793,99.417376,巴拉格宗香格里拉峡谷国家公园 (Balagezong Shangri-La Canyon NP),2026-03-15 12:24,75,10
L36142525,CN,CN-54,,29.3285431,95.3569054,"巴日村 (Bari Village, Mêdog)",2026-06-07 11:27,173,59
L9442847,CN,CN-51,,30.8784354,102.9467694,巴朗山 (Balang Shan [General Area]),2026-09-08 07:10,336,1792
L33129822,CN,CN-51,,30.9590976,102.8791248,巴朗山--北坡隧道口 (Balang Shan--Main Tunnel North),2026-08-17 06:23,135,173
L9216087,CN,CN-51,,30.8968639,102.9085684,巴朗山--山顶 (Balang Shan--Summit),2026-09-06 09:30,118,123
L4658447,CN,CN-51,,30.877921,102.966226,巴朗山--花岩子隧道 (Balang Shan--Tunnel Area),2026-08-10 11:00,263,690
L38241899,CN,CN-51,,30.894334,102.9842285,巴朗山--贝母坪 (Balang Shan--Beimuping),2026-09-06 11:31,162,57
L5969830,CN,CN-54,,30.013963,93.9648628,巴松措国家森林公园 (Basongtso National Forest Park),2026-09-05 11:30,102,23
L3166903,CN,CN-51,,33.6017187,103.2131819,巴西林场 (Baxi Forest),2026-09-12 07:05,240,915
L37988312,CN,CN-65,,43.6117259,92.7926106,巴里坤湖 (Lake Barkol),2025-08-03 18:58,18,1
L35607548,CN,CN-65,,42.857373,84.2526282,巴音布鲁克草原 (Bayanbulag Grassland),2026-07-27 10:00,65,15
L9478715,CN,CN-65,,44.086961,84.802595,巴音沟景区 (Bayingou Scenic Area),2026-07-15 20:06,56,4
L5901124,CN,CN-63,,34.0207,97.5147,巴颜喀拉山口 (Bayankala Pass),2026-09-23 21:47,80,26
L12312138,CN,CN-33,,27.6647062,118.9875349,巾子峰森林公园 (Jinzifeng Forest Park),2026-05-07 00:00,47,6
L37066093,CN,CN-33,,28.840004,121.1205408,巾山公园 (Jinshan Park),2025-12-27 09:16,11,1
L35357204,CN,CN-63,,37.041285,99.727993,布哈河桥 (Buha River Bridge),2026-08-19 16:49,105,141
L37993136,CN,CN-65,,46.1867989,90.8025064,布尔根河狸国家级自然保护区 (Burgen Beaver NNR),2024-07-07 14:00,4,1
L1245482,CN,CN-65,,47.7142916,86.8668784,布尔津河南岸 (Burqin Riverside South),2026-08-04 16:00,111,18
L5240026,CN,CN-65,,47.7221998,86.8409204,布尔津魔术林 (Burqin Magic Forest),2026-08-20 08:02,116,208
L30436797,CN,CN-15,,43.0508956,119.0657545,布日敦诺尔 (Burdun Nur),2026-06-28 14:30,62,6
L57093274,CN,CN-51,,31.5259568,103.6359796,布瓦村--开心牧场 (Buwa Village--Happy Ranch),2026-06-22 07:07,101,7
L28272030,CN,CN-51,,31.5084731,103.5982917,布瓦村--无忧集市 (Buwa Village--Wuyou Jishi),2026-08-02 08:00,198,85
L54934047,CN,CN-54,,29.2606621,95.2156815,布裙湖茶园 (Buqun Lake Tea Garden),2026-05-23 16:36,135,36
L2332256,CN,CN-54,,29.6558843,91.118203,布达拉宫 (The Potala Palace),2026-09-14 13:50,75,95
L45426995,CN,CN-53,,24.8289246,103.9929483,师宗县第一中学,2025-01-14 16:00,10,2
L6317952,CN,CN-15,,41.3108239,111.2152863,希拉穆仁草原 (Xiramuren Grassland),2026-06-06 07:41,59,3
L29845257,CN,CN-13,,38.012556,114.569004,希望绿洲公园 (Wish Oasis Park),2026-05-27 12:10,38,16
L5906779,CN,CN-63,,36.838594,98.462896,希里沟湖 (Lake Xiligou),2026-09-06 10:30,143,188
L22417182,CN,CN-65,,39.4427021,75.9890481,帕哈太克里 (Paxtekli),2023-01-30 15:30,13,3
L5745717,CN,CN-51,,30.101555,101.181815,帕姆岭 (Pamuling Temple),2026-06-29 07:48,108,36
L52691637,CN,CN-32,,31.707732,119.820641,常州大学西太湖校区 (Changzhou University - Xitaihu Campus),2026-06-21 02:50,60,84
L38474293,CN,CN-43,,29.0353561,111.7024095,"常德滨湖公园 (Binhu Park, Changde)",2026-09-27 16:58,3,0
L40375768,CN,CN-36,,29.138195,115.981827,常湖池 (Lake Changhuchi),2026-09-21 16:55,124,46
L59105734,CN,CN-32,,31.5923177,120.6346893,常熟南湖湿地 (Changshu South Lake Wetland),2026-03-31 14:14,39,2
L38808687,CN,CN-11,,39.9348867,116.5829769,常营公园 (Changying Park),2024-12-24 11:00,11,1
L34914597,CN,CN-42,,30.6198983,114.23782,常青公园 (Evergreen Park),2024-05-05 17:15,10,1
L38058619,CN,CN-22,,42.8516208,129.4752734,帽儿山国家森林公园 (Mao'er Mountain National Forest Park),2026-04-21 09:35,21,9
L15783952,CN,CN-23,,45.1963298,127.5095842,帽儿山林场 (Mao'ershan Forest),2025-05-30 10:00,36,4
L1602385,CN,CN-53,,24.6579807,102.9676701,帽天山国家地质公园 (Maotianshan National Geopark),2025-02-08 14:00,26,4
L39833228,CN,CN-44,,24.8192316,113.5938488,帽峰公园 (Maofeng Park)
L9511944,CN,CN-21,,42.248294,123.849924,帽峰山 (Maofeng Mountain),2024-06-09 14:31,7,1
L40057399,CN,CN-44,,23.2987085,113.4674191,帽峰山森林公园 (Maofengshan Forest Park),2026-04-13 08:05,68,6
L37875166,CN,CN-32,,32.1221994,118.7867699,幕府山 (Mufu Mountain),2026-09-04 15:47,105,30
L37874478,CN,CN-32,,32.1258255,118.7979323,幕府山--劳山 (Mufu Mountain--Laoshan Peak),2026-09-12 07:23,70,12
L38537188,CN,CN-43,,28.9831165,113.8317227,幕阜山森林公园 (Mufu Mountain Forest Park)
L29025569,CN,CN-53,,25.0003633,102.6321506,干沟尾湿地 (Gangouwei Wetland),2026-06-28 13:30,60,6
L38127839,CN,CN-52,,26.3583771,106.508523,平坝七星湖湿地公园 (Pingba Qixing Lakes Wetland Park)
L17926974,CN,CN-52,,26.0480201,107.0811279,平塘国家地质公园 (Pingtang National Geopark),2022-02-26 14:10,32,1
L38650975,CN,CN-34,,30.6551476,117.5105141,平天湖生态湿地公园 (Pingtian Lake Eco-Wetlands),2026-09-13 07:00,111,11
L59103768,CN,CN-13,,38.3274307,114.0896061,平山大五垂钓园 (Pingshan Dawu Fishing Garden),2026-01-09 07:45,3,1
L39816368,CN,CN-44,,24.2574278,116.1035808,平山寺湿地 (Pingshan Temple Wetlands)
L40060380,CN,CN-44,,22.6118263,113.8748161,平峦山公园 (Pingluanshan Park),2026-08-06 09:34,43,7
L38450990,CN,CN-11,,39.9449432,116.2396327,平庄郊野公园 (Pingzhuang Country Park)
L26397424,CN,CN-44,,22.0470402,113.1673348,平沙前西五队,2026-03-10 13:30,76,20
L30708138,CN,CN-33,,30.6923196,121.0346461,平湖中学 (Pinghu Middle School),2025-10-06 17:22,9,0
L38474108,CN,CN-43,,26.9045684,112.5744017,平湖公园 (Pinghu Park),2025-07-05 16:33,5,1
L39792957,CN,CN-35,,25.5101112,119.8037003,平潭海岛国家森林公园 (Pingtan Island Forest Park),2026-04-28 14:10,31,6
L39533898,CN,CN-11,,40.177844,117.306296,"平谷金海湖 (Jinhai Lake, Pinggu)",2026-02-10 11:28,34,3
L1319373,CN,CN-14,,37.2020239,112.1792298,平遥古城 (Old City of Pingyao),2026-09-24 10:55,32,16
L37427482,CN,CN-33,,27.5152101,120.9064701,平阳-南麂航线 (Pingyang-Nanji Islands ferry route),2026-09-08 09:00,17,10
L13720078,CN,CN-14,,34.8209792,111.1430275,平陆三湾 (Pinglu Sanwan),2026-01-01 10:26,24,3
L38340995,CN,CN-21,,41.2734516,123.7850226,平顶山公园 (Pingdingshan Park)
L6787819,CN,CN-11,,40.1141174,115.7156467,幽州大峡谷 [北京] (Youzhou Valley [Beijing side]),2026-07-05 11:11,104,64
L13757417,CN,CN-13,,40.1558213,115.685425,幽州大峡谷 [河北] (Youzhou Valley [Hebei side]),2025-06-01 11:05,36,4
L19296379,CN,CN-44,,23.1943376,113.3738328,广东树木公园 (Guangdong Shumu Park),2026-09-19 11:50,28,2
L21464263,CN,CN-44,,23.134693,113.3636171,广东邮电职业技术学院 (Guangdong Vocational College of Post and Telecom),2025-05-20 15:43,10,5
L38190511,CN,CN-51,,32.4382222,105.8283363,"广元凤凰山公园 (Fenghuangshan Park, Guangyuan)"
L58870663,CN,CN-37,,37.405077,118.609398,广利河湿地公园（Guangli River Wetland Park）,2026-02-20 10:08,21,1
L5942597,CN,CN-53,,24.32139,105.04735,广南坝美 (Guangnan Bamei),2016-02-02 15:00,13,1
L38175299,CN,CN-51,,30.4717777,106.6362334,"广安翠屏公园 (Cuiping Park, Guang'an)"
L13072307,CN,CN-31,,31.0634343,121.1941571,广富林文化遗址 (Guangfulin Archaeological Ruins),2026-04-18 17:44,45,8
L27509664,CN,CN-31,,31.06389,121.1823847,广富林郊野公园 (Guangfulin Country Park),2026-05-23 13:30,56,22
L21539525,CN,CN-44,,23.0719934,113.4166825,"广州中山公园 (Zhongshan Park, Guangzhou)",2026-09-12 09:03,40,8
L40089775,CN,CN-44,,23.1273827,113.2642427,"广州人民公园 (People's Park, Guangzhou)",2025-09-14 08:00,8,1
L19434350,CN,CN-44,,23.1038423,113.354407,广州会展公园 (Guangzhou Exhibition Park),2026-06-12 17:56,53,33
L21413135,CN,CN-44,,23.1398911,113.3056025,广州动物园 (Guangzhou Zoo),2026-09-18 14:00,27,12
L20650250,CN,CN-44,,23.0659855,113.3757028,广州国际生物岛 (Guangzhou International Bio Island),2026-04-25 05:46,37,14
L68272344,CN,CN-44,,23.1743724,113.4506607,"广州尖峰岭公园 (Jianfengling Park, Guangzhou)",2026-05-09 06:40,7,2
L9587701,CN,CN-44,,23.3968986,113.2999639,广州白云国际机场 (Guangzhou Baiyun International Airport),2026-09-11 08:40,25,35
L40088802,CN,CN-44,,23.1693389,113.4443184,广州科学城体育公园 (Guangzhou Science City Sports Park),2026-04-24 08:58,21,3
L20482461,CN,CN-44,,23.129191,113.2856685,广州起义烈士陵园 (Guangzhou Uprising Martyrs' Cemetery),2026-09-12 15:29,75,107
L10386913,CN,CN-44,,23.148288,113.2708098,广州雕塑公园 (Guangzhou Sculpture Park),2026-09-26 17:05,81,132
L26743059,CN,CN-32,,31.2787569,120.7280029,广思林公园 (Guangsi Forest Park),2026-09-24 08:30,34,31
L66729008,CN,CN-44,,23.2804392,116.7762086,广澳湾,2026-09-19 17:02,56,15
L3510695,CN,CN-45,,22.8435904,108.2925797,广西大学 (Guangxi University),2026-06-10 07:00,190,144
L3471531,CN,CN-45,,22.8541101,108.3765221,广西药用植物园 (Guangxi Medicinal Botanical Garden),2026-09-14 10:00,91,19
L27649917,CN,CN-50,,29.5797782,106.7309528,广阳岛--东岛头 (Guangyang Island--East),2026-09-19 12:00,86,8
L38162864,CN,CN-50,,29.5570611,106.6936232,广阳岛--西岛头 (Guangyang Island--West),2026-02-24 14:03,9,1
L20113058,CN,CN-21,,39.1592864,122.3466037,广鹿岛 (Guanglu Island),2026-05-21 06:03,34,4
L20460427,CN,CN-44,,23.0801512,113.2652718,庄头公园 (Zhuangtou Park),2023-01-29 14:17,27,4
L62575393,CN,CN-11,,39.9386984,115.8683395,庄户村 (Zhuanghu Village),2026-04-12 08:00,15,0
L16090310,CN,CN-21,,39.6597568,123.0065204,庄河三河口 (Zhuanghe Estuary),2026-08-18 08:54,100,25
L74141520,CN,CN-21,,39.5311642,123.0615783,庄河至大王家岛航线中段 (Zhuanghe--Dawajia Island ferry central section)
L74141483,CN,CN-21,,39.5672646,123.031231,庄河至大王家岛航线北段 (Zhuanghe--Dawajia Island ferry north section)
L74141462,CN,CN-21,,39.4816736,123.071096,庄河至大王家岛航线南段 (Zhuanghe--Dawajia Island ferry south section),2026-07-22 13:40,4,2
L72240755,CN,CN-11,,39.90368,116.4625117,庆丰公园 (Qingfeng Park),2026-08-27 11:45,28,13
L55906064,CN,CN-33,,27.606677,118.9717886,"庆元--松源溪 (Songyuan River, Qingyuan)"
L50853827,CN,CN-33,,28.0884496,121.1661243,庆澜公园 (Qinglan Park),2024-01-29 19:00,44,3
L38285453,CN,CN-62,,35.7371777,107.6528269,"庆阳东湖公园 (Donghu Park, Qingyang)"
L38538608,CN,CN-36,,27.1390948,115.0094525,庐陵文化生态园 (Luling Culture Eco-Park),2025-04-06 11:24,53,3
L9932432,CN,CN-65,,41.7249854,86.1878695,"库尔勒杜鹃河 (Dujuan River, Korla)",2026-01-12 14:00,41,11
L48207341,CN,CN-65,,43.155606,82.8865364,库尔德宁景区--云杉王 (Köldeneng Scenic Area--Great Spruce Forest),2026-07-25 15:28,12,1
L35725766,CN,CN-65,,43.1387661,82.8357897,库尔德宁景区--喀峰大本营 (Köldeneng Scenic Area--Kabanbay Peak Camp),2026-05-27 12:40,2,1
L48206984,CN,CN-65,,43.105242,82.8098231,库尔德宁景区--齐梦德观景台 (Köldeneng Scenic Area--Qimengde Trail),2026-06-23 14:36,22,2
L37988379,CN,CN-65,,42.8475397,90.2100892,库木塔格沙漠景区 (Kumtag Desert Scenic Area)
L25359236,CN,CN-65,,41.7176947,82.9182914,库车王府 (Prince Mansion of Kucha),2026-09-25 19:35,13,7
L9909757,CN,CN-65,,46.4701551,83.0094055,库鲁斯台草原 (Kulustay Grassland),2026-09-21 14:54,147,31
L71147655,CN,CN-14,,39.5648998,113.1890595,应县木塔 (Wooden Pagoda of Fogong Temple),2026-09-02 10:00,9,5
L38038014,CN,CN-22,,45.2234119,124.5055436,庙东湿地 (Miaodong Wetlands)
L15873485,CN,CN-14,,37.7212572,112.2394556,庙前山及童子川 (Miaoqianshan & Tongzichuan),2025-02-01 09:53,54,6
L9220949,CN,CN-50,,29.1600547,107.3676387,庙坝村 (Miaoba Village),2026-05-05 08:38,132,37
L38113495,CN,CN-13,,41.7447787,117.8405208,庙宫水库 (Miaogong Reservoir)
L37992732,CN,CN-65,,43.4271148,87.438153,庙尔沟风景区 (Miaorgou Scenic Area),2026-09-25 09:21,38,7
L24411282,CN,CN-37,,35.4832173,119.5361422,庙山 (Miaoshan),2026-09-16 16:12,120,40
L49713102,CN,CN-22,,43.9501925,125.8514786,庙香山风景区 (Miaoxiang Mountain Scenic Area),2025-05-04 13:00,25,2
L1616658,CN,CN-51,,30.6480605,104.0746271,府南河 (Funan River),2026-09-06 21:00,46,27
L32490061,CN,CN-12,,40.0708653,117.4222186,府君山公园 (Fujunshan Park),2026-01-01 13:14,13,2
L12840829,CN,CN-42,,30.7524508,114.1576218,府河湿地 (Fu River Wetlands),2026-09-25 08:56,206,188
L2333596,CN,CN-14,,37.7776619,111.5156937,庞泉沟国家级自然保护区 (Pangquangou NNR),2026-08-08 05:55,62,13
L4206097,CN,CN-44,,20.974,110.49,庵里 (Anli Ponds),2019-01-23 12:42,82,5
L69454876,CN,CN-13,,42.0275723,114.6556191,"康保南天门 (Nantianmen, Kangbao)",2026-08-07 06:00,37,21
L33062522,CN,CN-13,,42.0194757,114.7357314,"康保镶黄旗山 (XiangHuangQi Mountain, Kangbao)",2026-07-26 13:08,70,34
L23452487,CN,CN-31,,31.1637671,121.4222243,康健园 (Kangjian Garden),2026-05-09 00:00,32,11
L35801109,CN,CN-51,,30.0067036,99.1029051,康宁寺 (Kangning Monastery),2024-08-15 17:24,5,1
L38552466,CN,CN-36,,28.9125817,116.4835388,康山大堤 (Kangshan Embankment),2026-03-27 12:48,159,118
L77262283,CN,CN-36,,28.9025127,116.5589271,康山大堤 10-15K (Kangshan Embankment 10-15K)
L77262302,CN,CN-36,,28.8761468,116.6017238,康山大堤 15-20K (Kangshan Embankment 15-20K)
L77262227,CN,CN-36,,28.9167581,116.5181473,康山大堤 5-10K (Kangshan Embankment 5-10K),2025-02-21 11:35,30,1
L77262190,CN,CN-36,,28.9111525,116.452923,康山大堤0-5K (Kangshan Embankment 0-5K)
L38320132,CN,CN-13,,41.8322256,114.6061274,康巴诺尔国家湿地公园 (Kangba Nur National Wetland Park),2026-08-16 07:24,81,41
L7839355,CN,CN-53,,24.8999328,98.754359,康藤高黎贡帐篷营地 (Vinetree Gaoligong Tented Resort),2026-08-03 17:22,190,9
L10947317,CN,CN-11,,40.3911693,115.8442506,康西草原 (Kangxi Grassland),2026-09-13 09:00,247,95
L39643866,CN,CN-35,,27.0191095,119.6188131,廉村 (Liancun)
L5882658,CN,CN-51,,30.0960567,101.9503117,廖康林 (Liaokanglin),2026-08-16 08:48,113,48
L2090925,CN,CN-31,,31.2245505,121.470782,延中广场公园绿地 (Yanzhong Square Park),2026-09-23 08:39,55,26
L23029968,CN,CN-22,,42.9119814,129.4926915,"延吉人民公园 (People's Park, Yanji)",2026-04-20 15:13,47,24
L38296848,CN,CN-61,,36.5909432,109.4838907,"延安凤凰山 (Fenghuang Hill, Yan'an)",2026-04-11 15:00,15,1
L38296851,CN,CN-61,,36.5940099,109.496256,"延安宝塔山 (Baota Hill, Yan'an)"
L38297171,CN,CN-61,,36.6044931,109.4917859,"延安清凉山 (Qingliang Hill, Yan'an)"
L65934485,CN,CN-22,,42.8946246,130.4252864,延边大学珲春校区 (Yanbian University - Hunchun Campus),2026-05-13 07:00,20,3
L38720924,CN,CN-33,,29.540439,119.386157,建德服务区 (Jiande Service Area),2024-12-20 16:44,1,0
L38582361,CN,CN-35,,27.0008423,118.3827443,建瓯梨山 (Jian'ou Lishan),2026-04-17 05:40,56,19
L19672348,CN,CN-35,,24.9139248,118.5852889,开元寺 (Kaiyuan Temple),2026-07-04 08:16,30,14
L38671965,CN,CN-41,,34.81188,114.2840596,开封西湖 (Kaifeng West Lake)
L28345649,CN,CN-44,,23.3549277,116.7173787,开放广场 (Kaifang Plaza),2025-11-27 11:12,33,54
L12385080,CN,CN-33,,30.9368921,120.0283006,弁山 (Moushan Mountain),2025-12-06 06:51,70,6
L27424328,CN,CN-53,,23.6767708,102.5508963,异龙湖国家湿地公园 (Yilong Lake National Wetland Park),2026-08-13 11:34,99,22
L10490454,CN,CN-45,,22.4632323,106.9575932,弄岗自然保护区--楞垒片区 (Nonggang NNR--Lenglei Area),2026-06-20 07:00,256,242
L6864920,CN,CN-53,,24.0015604,97.8400111,弄莫湖公园 (Nongmo Lake Park),2026-06-19 10:53,131,212
L29110181,CN,CN-45,,22.9867023,105.8391094,弄长山区 (Nongchang Hills),2026-05-04 06:52,231,118
L4641186,CN,CN-51,,33.050505,103.731224,弓杠岭 (Gonggangling Pass),2026-09-13 15:22,224,265
L38650609,CN,CN-34,,32.9210425,117.3405504,张公山 (Zhanggong Hill),2024-10-07 10:00,12,1
L38175370,CN,CN-51,,28.8796906,105.4822938,张坝桂圆林公园 (Zhangba Longan-Woods Park),2026-06-27 08:10,51,3
L28554475,CN,CN-37,,35.460737,119.6003897,张家台渔港 (Zhangjiatai Fishing Port),2023-12-31 15:00,3,1
L38227010,CN,CN-51,,29.9744323,103.0031992,张家山公园 (Zhangjiashan Park),2026-09-13 09:04,61,16
L10514071,CN,CN-61,,33.3069723,107.6233561,张家梁 (Zhangjialiang),2026-09-12 17:49,201,110
L7923742,CN,CN-32,,31.8970164,120.8043993,张家港沿江围垦区 (Zhangjiagang Reclamation Area),2026-07-12 15:19,215,76
L39937956,CN,CN-32,,31.9843392,120.607482,"张家港滨江公园 (Binjiang Park, Zhangjiagang)",2026-08-06 10:15,1,0
L6709276,CN,CN-43,,29.35995,110.45196,张家界国家森林公园 (Zhangjiajie National Forest Park (General Area)),2026-09-25 15:49,137,175
L21283246,CN,CN-43,,29.4156141,110.6952515,张家界大峡谷 (Grand Canyon of Zhangjiajie),2026-09-07 17:01,41,20
L26574586,CN,CN-33,,28.8558125,120.8029327,张店村至百步塘村 (Zhangdian to Baibutang Village),2026-02-22 08:25,31,0
L35607748,CN,CN-62,,38.9592323,100.0599132,张掖七彩丹霞景区 (Colorful Danxia Scenic Area),2026-07-30 08:19,18,4
L9678675,CN,CN-62,,38.9777453,100.453818,张掖国家湿地公园 (Zhangye National Wetland Park),2026-09-10 12:19,102,47
L58782382,CN,CN-37,,36.126962,120.456377,张村河生态公园（Zhangcun River Ecological Park）,2026-09-07 11:25,85,22
L9929603,CN,CN-35,,24.5515328,118.2296034,张棣桥水库 (Zhangdaiqiao Reservoir),2025-03-23 08:36,167,66
L39576436,CN,CN-42,,30.6245034,114.1623805,张毕湖公园 (Zhangbihu Park)
L31748959,CN,CN-31,,31.2044205,121.6098492,张江公园 (Zhangjiang Park),2026-09-05 16:39,32,4
L40003387,CN,CN-31,,31.1938545,121.6296213,张衡公园 (Zhang Heng Park),2026-09-27 14:00,23,6
L9366019,CN,CN-62,,34.9382866,102.8976269,当周草原风景区 (Dangzhou Grassland Scenic Area),2022-07-09 12:17,25,4
L14287917,CN,CN-35,,26.50022,117.00546,当洲 (Dangzhou),2026-08-08 12:00,149,163
L39903469,CN,CN-32,,31.999499,119.96133,录安洲生态林 (Lu'anzhou Woods),2026-02-17 16:10,7,1
L38109510,CN,CN-53,,25.0107175,101.5809631,彝海公园 (Yihai Park),2026-02-16 13:50,12,1
L36914712,CN,CN-50,,29.509622,106.4833675,彩云湖湿地公园 (Caiyunhu Wetland Park),2026-09-18 18:00,22,4
L4211819,CN,CN-41,,36.0862421,114.1376066,彰武水库 (Zhangwu Reservoir),2016-02-02 12:23,38,5
L38199071,CN,CN-11,,39.9844759,116.2500544,影湖楼公园 (Yinghulou Park),2026-05-19 15:05,43,6
L26472951,CN,CN-43,,28.5298932,113.1935312,影珠山森林公园 (Yingzhu Mountain Forest Park),2025-10-19 09:00,49,4
L37385703,CN,CN-37,,36.0214037,117.2986342,徂徕山 (Culai Mountain),2024-10-09 08:00,36,2
L13945414,CN,CN-33,,30.3788071,119.7640303,径山 (Jingshan Mountain),2026-04-04 11:43,107,69
L41240113,CN,CN-33,,30.3921541,119.8517794,径山 (双溪) 绿道 Jingshan Mountain (Shuangxi) Greenway,2026-05-02 15:00,48,3
L36309146,CN,CN-62,,36.0893797,103.8564179,徐家山森林公园 (Xujiashan Forest Park)
L39480620,CN,CN-31,,31.1969351,121.4423132,徐家汇公园 (Xujiahui Park),2026-08-02 09:57,52,149
L39857000,CN,CN-32,,34.2475298,117.2216109,徐州汉文化景区 (Xuzhou Han Culture Scenic Area),2026-06-18 14:12,15,1
L38284664,CN,CN-31,,31.1830036,121.4652862,徐汇滨江 (Xuhui Riverfront),2026-08-11 07:11,55,45
L40003259,CN,CN-31,,31.1168839,121.4041722,得翠园 (DeCui Garden),2026-07-24 08:48,31,3
L59475553,CN,CN-15,,51.0152404,121.1057656,得耳布尔兴安神鹿园 (Derbur Deer Farm),2025-08-11 16:00,14,2
L49926724,CN,CN-36,,29.2849604,117.1347179,得雨龙山 (Deyu Longshan),2025-07-17 10:40,8,1
L38340667,CN,CN-14,,40.0805042,113.3271991,御河生态园 (Yuhe Eco-Park),2026-04-15 09:41,24,4
L8326592,CN,CN-13,,42.1904579,117.0030833,御道口草原森林景区 (Yudaokou Grassland & Forest [General Area]),2026-07-15 10:30,67,3
L60686757,CN,CN-33,,30.2722686,120.2330058,御道绿地 (Yudao Greenland),2026-04-19 17:36,33,2
L28231664,CN,CN-54,,29.3245828,95.2985625,"德兴乡 (Dezhing Township, Mêdog)",2026-06-16 18:27,203,76
L35608213,CN,CN-45,,22.8559264,106.7255758,德天瀑布风景区 (Detian Waterfalls),2026-06-08 13:33,56,9
L55259081,CN,CN-43,,28.3435937,109.5872927,德夯地质公园 (Dehang Geological Park),2015-08-13 00:00,4,1
L16557947,CN,CN-45,,23.306926,105.802998,德孚县级自然保护区 (Defu Nature Reserve),2026-05-05 07:33,229,137
L36142580,CN,CN-54,,29.1902063,95.1455855,"德尔贡村 (Dergong Village, Mêdog)",2026-06-19 08:42,123,34
L38786383,CN,CN-37,,37.4412395,116.2950045,"德州人民公园 (People's Park, Dezhou)"
L38786369,CN,CN-37,,37.4473638,116.304432,德州新湖 (Dezhou New Lake)
L38841775,CN,CN-37,,37.4688008,116.3089533,德州植物园 (Dezhou Botanical Garden)
L45114671,CN,CN-51,,31.1192511,104.4043092,"德阳岷江路大桥 (Minjiang Rd Bridge, Deyang)",2025-05-30 11:50,41,3
L5295349,CN,CN-51,,31.1132026,104.4010842,德阳旌湖 (Mianyuan River at Deyang),2026-01-27 13:31,146,144
L13015333,CN,CN-51,,31.1586303,104.4055223,"德阳青衣江大桥 (Qingyijiang Bridge, Deyang)",2026-07-24 07:00,100,16
L38190482,CN,CN-51,,31.143685,104.4010038,"德阳黄河路大桥 (Huanghe Rd Bridge, Deyang)",2025-02-13 14:30,65,5
L38442346,CN,CN-45,,22.8439736,108.2786759,心圩江公园 (Xinxujiang Park),2026-06-02 08:30,30,6
L38395793,CN,CN-21,,40.145813,124.4243284,志愿军公园 (PVA Memorial Park),2026-03-10 08:30,31,8
L39965029,CN,CN-37,,35.2576728,118.138829,忠义山 (Zhongyi Mountain),2025-02-08 08:00,27,2
L7176814,CN,CN-35,,24.4834769,118.1485675,忠仑公园 (Zhonglun Park),2021-04-15 13:42,33,5
L38175374,CN,CN-51,,28.8813923,105.4456975,忠山公园 (Zhongshan Park),2025-11-09 15:51,6,1
L991373,CN,CN-13,,39.1384196,118.8317948,快乐岛 (Happy Island),2026-08-17 13:17,342,366
L24660003,CN,CN-11,,39.7047605,116.3150926,念坛公园 (Niantan Park),2026-09-15 10:09,109,64
L29579189,CN,CN-53,,26.6890736,103.3143542,念湖 (Nian Lake),2026-02-21 15:00,58,4
L7234976,CN,CN-11,,40.329992,116.559577,怀九河 (Huaijiu River),2026-06-05 08:52,151,57
L37917823,CN,CN-13,,40.316372,115.6187648,怀来官厅水库国家湿地公园 (Huailai Guanting Reservoir Wetland Park),2025-11-15 06:30,93,13
L2820610,CN,CN-11,,40.3200178,116.610117,怀柔水库 (Huairou Reservoir),2026-09-26 04:23,262,256
L38451376,CN,CN-11,,40.3168181,116.5746061,怀水大桥 (Huaishui Bridge),2026-05-03 10:00,46,10
L17096470,CN,CN-11,,40.3454389,116.5868792,怀沙河 (Huaisha River),2026-09-02 17:54,157,31
L6853217,CN,CN-53,,25.1346,98.8561,怒江芒市寨段 (Nujiang River - Mangshizhai Section),2026-04-04 08:50,117,20
L51782905,CN,CN-14,,39.667926,113.7264755,恒山 (Mount Hengshan),2026-08-23 16:49,18,2
L38340370,CN,CN-14,,39.279772,112.4034737,恢河大桥 (Hui River Bridge)
L62359669,CN,CN-44,,22.569663,114.23806,恩上湿地公园 (Enshang Wetland Park),2026-08-06 10:30,16,3
L38896662,CN,CN-42,,30.2816972,109.4892126,恩施凤凰山森林公园 (Enshi Fenghuangshan Forest Park),2025-04-13 11:19,15,1
L38896673,CN,CN-42,,30.3011942,109.4720013,恩施土司城 (Enshi Tusi Garrison)
L39581350,CN,CN-42,,30.4200772,109.1711756,恩施大峡谷 (Enshi Great Canyon),2026-07-24 10:00,45,6
L7795910,CN,CN-15,,43.2812043,114.8195805,恩格尔水库 (Enger Reservoir),2026-08-13 07:57,118,9
L39981005,CN,CN-44,,20.8453095,109.7014455,恬神盐场 (Tianshen Saltworks),2025-04-18 12:00,1,0
L35609481,CN,CN-11,,39.9376794,116.3861613,恭王府 (Prince Gong's Mansion),2026-08-14 21:20,16,4
L13278035,CN,CN-65,,46.3366497,89.5463467,恰库尔图 (Chakurti),2025-06-11 06:30,70,12
L25072293,CN,CN-65,,47.7577308,87.4144966,恰特别依特村湿地 (Shatirbeyit Wetlands),2025-07-09 13:42,83,24
L25261588,CN,CN-65,,43.100784,82.6591623,恰西景区--恰西画卷 (Qiaxi Scenic Area--Qiaxi Huajuan),2024-08-11 14:57,30,2
L48206392,CN,CN-65,,43.1012968,82.6876491,恰西景区--燕子桥营地 (Qiaxi Scenic Area--Yanziqiao Camp),2026-07-25 13:00,30,3
L56203651,CN,CN-22,,43.82143,126.6106,悠然山 (Youranshan),2025-12-22 08:47,22,1
L51786010,CN,CN-14,,39.6596643,113.7080084,悬空寺 (Hanging Temple),2026-07-28 11:58,9,2
L61264218,CN,CN-62,,35.5473358,105.7941217,悬镜湖 (Xuanjing Lake),2025-05-07 16:55,13,3
L8529603,CN,CN-42,,31.0121898,113.0733789,惠亭水库 (Huiting Reservoir),2025-06-14 06:04,54,6
L39905033,CN,CN-32,,31.584513,120.2470322,惠山国家森林公园 (Huishan Forest Park),2026-09-12 14:14,64,18
L39962777,CN,CN-44,,23.0963826,114.3797086,惠州植物园 (Huizhou Botanical Garden),2026-08-07 14:44,28,4
L20607644,CN,CN-44,,23.0940481,114.3943042,惠州西湖 (Huizhou West Lake),2026-08-07 17:11,62,62
L38182468,CN,CN-51,,30.5613759,101.4950643,惠远寺 (Huiyuan Monastery),2026-06-21 13:36,20,12
L38226639,CN,CN-51,,30.0670482,102.7661531,慈朗湖湿地公园 (Cilanghu Wetland Park),2026-09-04 10:07,83,65
L10919812,CN,CN-33,,29.9918465,121.451465,慈湖公园 (Cihu Park),2026-05-30 11:00,38,4
L21348033,CN,CN-33,,30.2011378,121.3011985,慈溪市森林公园 (Cixi Forest Park),2026-02-14 00:00,32,4
L1841328,CN,CN-11,,40.4309882,116.5651535,慕田峪长城 (Great Wall at Mutianyu),2026-09-21 07:58,164,188
L11449910,CN,CN-32,,31.4548361,120.4038772,慧海湾生态公园 (Huihaiwan Eco-Park),2026-07-28 09:00,89,18
L23875546,CN,CN-62,,40.106087,95.798198,戈壁清泉 (Gobi Spring Resort),2026-07-12 06:27,19,3
L38242771,CN,CN-51,,30.66729,104.0948177,成华公园 (Chenghua Park),2026-09-26 17:21,35,4
L7780430,CN,CN-15,,39.3598458,109.8097396,成吉思汗陵 (Mausoleum of Genghis Khan),2025-09-05 11:00,9,3
L38858099,CN,CN-37,,37.3951188,122.7037665,成山头 (Chengshantou),2025-10-14 10:00,6,1
L4614856,CN,CN-51,,30.6570312,104.0575916,"成都人民公园 (People's Park, Chengdu)",2026-09-20 18:27,76,81
L19529658,CN,CN-51,,30.7381656,104.0808249,"成都凤凰山公园 (Fenghuangshan Park, Chengdu)",2026-09-27 09:25,82,35
L21786413,CN,CN-51,,30.7103068,104.106299,成都动物园 (Chengdu Zoo),2026-09-09 11:39,26,8
L38243368,CN,CN-51,,30.4989243,104.0482814,"成都南湖公园 (Nanhu Park, Chengdu)",2026-02-01 16:42,74,4
L5874499,CN,CN-51,,30.578333,103.946944,成都双流国际机场 (Chengdu Shuangliu International Airport),2026-07-11 07:50,32,24
L23030705,CN,CN-51,,30.7369153,103.9793047,成都外国语学校 (Chengdu Foreign Languages School),2023-03-08 10:00,5,1
L2315343,CN,CN-51,,30.7385667,104.1407284,成都大熊猫繁育研究基地 (Chengdu Research Base of Giant Panda Breeding),2026-09-19 09:46,191,278
L30953796,CN,CN-51,,30.312137,104.445981,成都天府国际机场 (Chengdu Tianfu International Airport),2026-09-13 18:15,35,42
L1616759,CN,CN-51,,30.6612327,104.0431881,"成都文化公园 (Culture Park, Chengdu)",2026-07-07 17:18,84,90
L2315292,CN,CN-51,,30.7649032,104.1285038,成都植物园 (Chengdu Botanical Garden),2026-09-17 11:43,148,243
L38212163,CN,CN-11,,39.8702073,116.0860628,戒台寺 (Jietai Temple),2026-07-21 12:48,52,5
L35830137,CN,CN-32,,31.0438426,120.5353782,戗港船闸 (Qianggang Sluice),2026-09-12 07:39,119,39
L38667582,CN,CN-41,,35.7522491,115.0323288,戚城公园 (Qicheng Park),2023-01-26 09:00,14,1
L54861493,CN,CN-33,,29.9484355,121.7357471,"戚家山 (Qijia Mountain, Beilun)",2026-04-12 16:09,56,11
L38895893,CN,CN-37,,35.8927788,116.5560763,戴村坝 (Daicunba)
L12498971,CN,CN-13,,39.9243232,119.4395588,戴河生态园 (Daihe Eco-Park),2020-05-16 15:00,47,4
L38651098,CN,CN-34,,29.7121265,118.306262,戴震公园 (Dai Zhen Memorial Park),2026-07-25 06:05,5,1
L8244886,CN,CN-53,,24.394927,97.835655,户撒东山 (Husa Dongshan),2026-03-24 16:00,334,146
L8245145,CN,CN-53,,24.0743934,97.7642368,户瓦村 (Huwa Village),2025-12-11 17:00,23,3
L8278705,CN,CN-11,,39.7214573,116.0171094,房山夕阳红公园 (Fangshan Xiyanghong Park),2024-10-25 10:37,40,3
L24486242,CN,CN-11,,39.7581217,116.1847389,房山新城滨水森林公园 (Fangshan City Riverside Forest Park),2026-08-09 14:22,53,6
L34324552,CN,CN-11,,39.7305653,116.1960393,房山新城滨水森林公园--郊野生态区 (Fangshan Riverside Forest Park--Eco Area),2026-08-29 17:00,72,33
L10956386,CN,CN-11,,39.7231552,116.0176736,房山红领巾公园 (Fangshan Red Scarf Park),2026-03-08 09:00,129,42
L998696,CN,CN-62,,38.0568953,100.8887507,扁都口 (Biandukou Pass [3380m]),2026-07-30 15:01,24,4
L17258233,CN,CN-53,,25.715877,100.194501,才村湖滨 (Cai village Lakefront),2026-09-26 07:34,42,6
L36142693,CN,CN-54,,29.7382807,95.6756667,扎墨公路52K (ZhaMo Highway 52K),2026-09-11 11:19,87,15
L36142681,CN,CN-54,,29.7103776,95.5857718,扎墨公路62K (ZhaMo Highway 62K),2026-09-09 16:35,107,42
L17622498,CN,CN-54,,29.6548662,95.4904389,扎墨公路80K (ZhaMo Highway 80K),2026-09-26 09:13,272,212
L54935004,CN,CN-54,,29.5811899,95.4663943,扎墨公路96K (ZhaMo Highway 96K),2026-09-04 16:17,99,14
L20545752,CN,CN-62,,34.2382022,103.1928635,扎尕那风景区 (Zhaga'na Scenic Area),2026-08-02 12:06,99,17
L61092130,CN,CN-63,,32.6939956,95.7669069,扎群涌 (Zhaqunyong),2022-07-22 10:45,24,1
L16662586,CN,CN-51,,34.0072723,102.9669147,扎萨格大峡谷 (Zhasage Gorge),2026-07-15 14:27,123,54
L31075122,CN,CN-15,,47.0690525,121.7163583,扎赉特绰尔托欣河国家湿地公园 (Jalaid Qol Tosin River Wetland Park),2024-04-26 13:00,38,1
L5509498,CN,CN-15,,49.331266,117.664372,"扎赉诺尔呼伦湖景区 (Hulun Lake Scenic Area, Jalainur)",2026-08-14 11:20,98,7
L11502042,CN,CN-63,,36.8732952,102.5806513,扎隆口 (Zhalongkou),2020-09-04 13:00,70,4
L5775322,CN,CN-23,,47.2009117,124.23813,扎龙国家级自然保护区 (Zhalong NNR),2026-09-28 10:09,202,93
L24186615,CN,CN-35,,26.0673515,119.3194348,打铁港河(Datiegang River),2026-09-24 09:05,15,12
L9932392,CN,CN-65,,45.9462381,83.608066,托里生态园 (Toli Eco-Park),2026-07-12 13:00,43,5
L39842179,CN,CN-32,,32.2673507,119.1726926,扬子公园 (Yangtze Park)
L19181867,CN,CN-33,,29.1910338,119.4654698,扬子江生态公园 (Yangzijiang Eco-Park),2022-09-11 00:00,2,0
L15770498,CN,CN-13,,40.9901531,117.9422147,承德避暑山庄 (Chengde Imperial Mountain Resort),2026-09-23 09:00,67,24
L35699218,CN,CN-51,,30.071569,101.805675,折多山观景台 (Zheduoshan Viewing Point),2026-07-01 14:01,27,5
L23548255,CN,CN-36,,28.0000613,116.3228571,抚州三江湿地生态公园 (Fuzhou Sanjiang Wetland Park),2026-04-19 07:15,131,20
L14462687,CN,CN-36,,27.9912461,116.3485451,"抚州人民公园 (People's Park, Fuzhou)",2024-05-03 10:36,84,21
L38340984,CN,CN-21,,41.866802,123.9252034,"抚顺劳动公园 (Laodong Park, Fushun)"
L38843219,CN,CN-37,,35.3878429,116.9958463,护驾山公园 (Hujiashan Park),2025-01-29 09:44,6,1
L39655040,CN,CN-35,,26.630185,119.5590851,报恩寺 (Bao'en Temple)
L37824656,CN,CN-33,,28.0905238,121.515331,披山岛 (Pishan Island),2025-07-16 13:40,11,1
L38765139,CN,CN-41,,33.9644703,111.3473723,抱犊寨景区 (Baoduzhai Scenic Area)
L38841327,CN,CN-37,,34.9883404,117.7221101,抱犊崮国家森林公园 (Baodugu Forest Park)
L38538570,CN,CN-36,,27.8015937,114.9291991,抱石公园 (Baoshi Park)
L26420891,CN,CN-62,,40.313429,95.57898,抹坡泉 (Mopoquan),2026-07-10 14:39,22,3
L20717172,CN,CN-44,,22.0412323,114.2687365,担杆岛 (Dan'gan Island),2023-12-05 09:00,43,6
L6455149,CN,CN-62,,35.1922019,102.5010681,拉卜楞寺 (Labrang Monastery),2026-07-27 10:30,90,24
L7833281,CN,CN-53,,27.8551879,99.7043878,拉姆央措湖 (Lamuyangtso Lake),2026-06-08 14:54,106,37
L947460,CN,CN-53,,26.8779808,100.1541138,拉市海--东岸 (Lashihai Lake--East Shore),2026-04-03 09:09,171,34
L38126667,CN,CN-53,,26.8928775,100.1448305,拉市海--候鸟湾 (Lashihai Lake--Bird Bay),2026-08-22 08:30,134,22
L4602576,CN,CN-53,,26.8644874,100.1309038,拉市海--南岸 (Lashihai Lake--South Shore),2026-08-15 18:52,203,137
L38995540,CN,CN-53,,26.889778,100.122494,拉市海--月亮湾 (Lashihai Lake--Moon Bay),2026-07-16 16:48,77,15
L39003120,CN,CN-53,,26.869396,100.114205,拉市海--观鹤山庄 (Lashihai Lake--Guanhe Shanzhuang),2026-05-24 15:26,77,15
L39001501,CN,CN-53,,26.86,100.1413,拉市海湿地公园--入口湿地 (Lashihai Wetland Park--entrance road wetlands),2026-08-15 12:41,107,30
L4677708,CN,CN-51,,33.66013,103.49861,拉玛岭垭口 (Lamaling Mountain Pass),2026-08-11 07:01,154,165
L38993155,CN,CN-53,,26.8923454,100.0004126,拉玛洛上村河滨 (Upper Lamalo Riverside),2026-08-16 14:44,125,140
L4976750,CN,CN-63,,36.3570856,101.445103,拉脊山口 (Laji Mountain Pass),2026-07-30 14:00,52,20
L1092101,CN,CN-54,,29.6383062,91.1341667,拉萨河 (Lhasa River),2026-09-15 09:20,83,67
L37987945,CN,CN-65,,37.3148746,79.4846236,拉里昆国家湿地公园 (Laliköl Wetland Park)
L2332292,CN,CN-54,,29.6723632,91.1024094,拉鲁湿地国家级自然保护区 (Lalu Wetland NNR),2026-09-14 16:15,120,92
L28956551,CN,CN-32,,31.3241713,120.6293493,拙政园 (The Humble Administrator’s Garden),2026-09-07 09:30,43,26
L10852067,CN,CN-33,,29.9600364,121.7261438,招宝山风景区 (Zhaobaoshan Scenic Area),2026-05-15 00:00,48,2
L38895736,CN,CN-37,,36.8594225,121.2109528,招虎山国家森林公园 (Zhaohushan Forest Park)
L36732539,CN,CN-64,,38.6807014,105.967549,拜寺口双塔 (Baisikou Twin Pagodas),2015-07-22 07:52,10,1
L10852341,CN,CN-33,,28.8098001,120.9204941,括苍山 (Kuocang Mountain),2026-08-19 06:30,63,8
L27910040,CN,CN-33,,30.31338,120.103737,拱墅运河体育公园 (Gongshu Canal Sports Park),2026-09-17 05:33,34,9
L5875435,CN,CN-23,,47.257702,133.759921,挠力河桥头屯段 (Naoli River at Qiaotoutun),2015-07-30 00:00,35,2
L30611737,CN,CN-53,,24.8210428,102.7677383,捞渔河湿地公园 (Laoyuhe Wetland Park),2026-07-22 10:45,90,33
L4206182,CN,CN-44,,20.9196754,110.4934931,排沙沙岛 (Paisha Sandbar),2026-05-18 11:02,103,21
L29235620,CN,CN-46,,18.8388186,110.4434315,排田村 (Paitian Village),2026-02-13 16:20,33,2
L35810761,CN,CN-51,,30.49608,99.555436,措普沟景区--措普湖至措普寺 (Tsopugou Scenic Area--Tsopu Lake & Monastery),2025-08-10 10:00,37,1
L35810355,CN,CN-51,,30.42268,99.432606,措普沟景区--黑岗林及章德草原 (Tsopugou Scenic Area--Heiganglin & Zhangde Grassland),2025-07-27 08:39,22,2
L35810798,CN,CN-51,,30.3862244,99.3650738,措普沟果然木乌营地酒店 (Tsopugou Guoran Muwu Glamping Site),2024-08-17 07:05,17,2
L3130064,CN,CN-54,,32.0339828,91.5332794,措那湖 (Cona Lake),2026-08-03 14:54,14,2
L38182739,CN,CN-51,,29.7688502,101.629566,提弄村 (Tinong Ranch),2026-05-03 11:00,50,8
L37386450,CN,CN-37,,37.4218443,122.6762581,摩天岭 (Motianling),2024-10-13 08:00,9,1
L29830009,CN,CN-51,,26.570826,101.715912,攀枝花公园 (Panzhihua Park),2026-04-23 18:04,43,7
L17698533,CN,CN-11,,39.9170583,116.3970937,故宫 (The Forbidden City),2026-09-11 09:15,71,101
L39905542,CN,CN-32,,31.8851688,120.3468455,敔山湖公园 (Yushan Lake Park)
L38018521,CN,CN-15,,38.8110766,105.6870149,敖包生态公园 (Ovoo Eco-Park),2025-02-15 11:31,6,2
L61660880,CN,CN-11,,39.8423647,115.8398871,教军场 (Jiaojunchang),2026-01-03 20:47,13,1
L19032231,CN,CN-44,,20.9567978,110.2468217,教门沙滩 (Jiaomen Beach),2026-01-14 15:35,34,3
L4112725,CN,CN-44,,21.6189532,111.7857921,散头咀 (Santouzui Beach),2026-09-25 13:00,176,205
L38002754,CN,CN-62,,40.1378014,94.6402382,敦煌公园 (Dunhuang Urban Park),2025-08-02 18:45,7,1
L38650826,CN,CN-34,,30.976472,118.7172759,敬亭山 (Jingting Mountain),2023-04-01 08:00,7,1
L7075204,CN,CN-22,,42.62981,130.51664,敬信湿地 (Jingxin Wetlands [General Area]),2026-05-15 12:00,146,333
L39797456,CN,CN-35,,24.5781014,118.0991099,敬贤公园 (Jingxian Park),2024-04-11 06:00,12,6
L51631041,CN,CN-36,,29.1744022,117.7825601,文公山 (Wengong Mountain),2026-05-29 19:54,102,21
L39963118,CN,CN-44,,23.0092242,113.1264067,文华公园 (Wenhua Park),2026-07-16 18:06,21,5
L67046519,CN,CN-34,,29.90638,117.36507,文堂村 (Wentang Village),2026-08-02 06:11,94,60
L8012879,CN,CN-53,,23.3714896,104.2604685,"文山东山公园 (Dongshan Park, Wenshan)",2025-12-29 17:42,34,1
L38650600,CN,CN-34,,32.8925469,115.8202429,文峰公园 (Wenfeng Park)
L39581882,CN,CN-42,,31.0152423,113.1190765,文峰公园 (Wenfeng Park),2024-05-18 08:20,47,3
L39866178,CN,CN-32,,32.0095195,120.8750131,文峰公园 (Wenfeng Park),2025-11-17 11:17,4,0
L15934238,CN,CN-63,,32.896983,97.07645,文成公主庙 (Temple of Princess Wencheng),2026-08-27 14:57,114,199
L17224051,CN,CN-46,,19.6382578,111.0330601,文昌石头公园 (Wenchang Stone Park),2025-12-02 16:11,22,5
L39793861,CN,CN-35,,25.864223,119.5875686,文武砂水库 (Wenwusha Reservoir),2026-02-09 07:24,83,4
L21472079,CN,CN-51,,30.6756882,104.0728691,文殊院 (Manjushri Monastery),2026-09-23 10:24,45,18
L36914788,CN,CN-53,,26.9801905,100.1695804,文海 (Wenhai Lake),2026-08-16 11:00,144,28
L27367322,CN,CN-14,,40.089059,113.378908,文瀛湖生态公园 (Wenying Lake Eco-Park),2026-09-05 16:26,60,12
L8267578,CN,CN-53,,26.807417,100.178037,文笔山 (Wenbi Hill),2026-07-13 11:30,76,11
L38127854,CN,CN-52,,27.7179894,109.1735571,文笔峰公园 (Wenbifeng Park)
L17729982,CN,CN-46,,19.553204,110.36588,文笔峰景区 (Wenbifeng Scenic Area),2026-04-12 08:30,26,2
L39963967,CN,CN-44,,23.0151202,113.238469,文翰湖公园 (Wenhanhu Park)
L5653239,CN,CN-11,,39.960633,115.674423,斋堂水库 (Zhaitang Reservoir),2026-08-23 15:52,87,22
L28044014,CN,CN-53,,24.8945532,102.7691495,斗南湿地 (Dounan Wetlands),2026-07-09 15:48,86,22
L26973437,CN,CN-32,,31.3036062,120.7408818,斜塘老街 (Xietang Old Street),2026-09-27 12:00,37,295
L37636059,CN,CN-45,,20.9093293,109.2132495,斜阳岛 (Xieyang Island),2026-04-24 17:41,5,1
L3770039,CN,CN-45,,23.8688759,106.6146069,斩龙颈水库 (Zhanlongjing Reservoir),2023-06-30 07:43,137,127
L52895133,CN,CN-33,,30.6435252,120.5566397,"新世纪公园 (New Century Park, Tongxiang)",2026-04-10 14:16,15,1
L38671701,CN,CN-41,,35.2986228,113.8839379,"新乡人民公园 (People's Park, Xinxiang)",2026-09-27 10:48,26,22
L38538565,CN,CN-36,,27.8264888,114.9151086,"新余北湖公园 (Beihu Park, Xinyu)",2024-01-04 13:16,17,1
L18003266,CN,CN-34,,31.857267,117.1954,新加坡花园 (Singapore Garden),2024-10-23 06:53,49,6
L38242775,CN,CN-51,,30.6566402,104.1055012,新华公园 (Xinhua Park),2024-07-16 19:00,22,1
L26498096,CN,CN-32,,31.2727346,120.7510747,新发路新昌路绿地 (Xinfa & Xinchang Rd.s Lawn and Reeds),2026-09-21 08:57,91,173
L28600698,CN,CN-35,,25.9417604,119.3811609,新垱 (Xindang),2024-06-18 12:13,52,5
L28420933,CN,CN-32,,31.562529,120.366269,新城中央公园 (Xincheng Central Park),2026-05-12 13:18,36,26
L69348489,CN,CN-46,,20.08223,110.37308,新埠岛荒地 (Xinbu Island Wastelands),2026-06-07 18:50,10,1
L22285014,CN,CN-33,,28.8745403,118.7863419,新塘水库及周边农田 (Xintang Reservoir & Farmland),2024-11-03 00:00,9,0
L68199112,CN,CN-44,,23.1391817,113.6398822,新塘湿地公园,2026-05-29 16:47,21,1
L40083570,CN,CN-44,,22.563465,113.9118755,新安公园 (Xin'an Park)
L38784944,CN,CN-33,,29.4765027,119.2467836,新安绿道 (Xin'an River Greenway),2026-06-18 18:24,19,2
L38243358,CN,CN-51,,30.5119999,104.0930505,新川公园 (Xinchuan Park),2026-09-26 11:23,50,5
L17579317,CN,CN-46,,19.8798013,109.5580823,新市水库 (Xinshi Reservoir),2026-01-08 12:12,39,6
L28893718,CN,CN-54,,29.2464885,95.2487774,新帮辛乡/西贡 (New Bangxin Township / Xigong area),2026-07-19 07:13,62,14
L18740658,CN,CN-21,,41.2294034,123.2020359,新开河 (Xinkai River),2022-06-03 12:45,48,9
L60253513,CN,CN-12,,39.1797709,117.2165247,新开河 (Xinkai River),2026-03-11 09:00,17,1
L24960229,CN,CN-46,,19.85096,110.389734,新旧沟湿地公园 (Xinjiugou Wetland Park),2025-12-28 12:00,47,2
L7942457,CN,CN-11,,39.993323,116.147068,新望京楼 (New Wang Jing Lou),2026-04-04 07:51,87,38
L39794254,CN,CN-35,,27.038763,117.1078899,新桥乡农田 (Xinqiao Farmlands),2026-05-13 13:34,80,29
L9653458,CN,CN-31,,31.335864,121.5110032,新江湾城公园 (New Jiangwan City Park),2026-08-23 16:48,42,21
L52362641,CN,CN-37,,34.8005028,118.5603275,新沭河泄洪闸 (Xinshu River Sluice),2025-08-17 08:14,17,2
L37385639,CN,CN-37,,36.0339681,117.6822653,"新泰莲花山 (Lianhua Mountain, Xintai)",2024-10-07 08:00,16,1
L25248419,CN,CN-35,,26.031589,119.2181717,新洲村 (Xinzhou Village),2023-12-21 16:23,28,3
L28452682,CN,CN-32,,31.52334,120.38691,新洲生态园 (Xinzhou Ecological Garden),2026-03-02 14:15,24,4
L29663116,CN,CN-33,,30.0940886,120.1697811,新涨沙--传雅沙 (Xinzhangsha--Chuanyasha),2026-09-27 13:07,227,472
L8380843,CN,CN-13,,39.1789168,118.8892569,新渔村水库 (Xinyucun Reservoir),2024-06-27 08:00,159,16
L38297606,CN,CN-61,,34.2678808,108.6707227,新渭沙湿地公园 (Xinweisha Wetland Park),2025-09-12 17:00,72,18
L70490685,CN,CN-33,,30.9417899,120.1362983,新港口灯塔 (New Port Lighthouse),2026-08-18 18:30,20,3
L39820518,CN,CN-44,,21.6675007,110.9141544,新湖公园 (Xinhu Park)
L17604318,CN,CN-46,,19.84156,109.53456,新盈红树林国家湿地公园 (Xinying Mangrove National Wetland Park),2026-07-26 18:14,89,19
L29275803,CN,CN-45,,22.8196104,108.2883613,新秀公园 (Xinxiu Park),2026-05-26 12:40,10,2
L12288323,CN,CN-21,,41.3931131,122.0862651,新立湖国家湿地公园 (Xinlihu National Wetland Park),2025-11-18 09:41,42,1
L38126505,CN,CN-46,,19.74469,109.27614,新英盐场 (Xinying Saltpans),2026-08-18 06:50,107,43
L37418524,CN,CN-52,,27.6911142,107.0226637,新蒲湿地公园 (Xinpu Wetland Park),2026-09-25 15:21,41,3
L2424341,CN,CN-31,,31.200505,121.405056,新虹桥中心花园 (New Hongqiao Center Garden),2026-09-18 07:38,53,50
L37598087,CN,CN-51,,31.8575077,99.118589,新路海自然保护区 (Ilung Lhatso Lake),2024-10-25 13:00,2,0
L21986391,CN,CN-51,,30.0450911,101.4927752,新都桥 (Xinduqiao),2026-07-02 07:01,104,27
L32477339,CN,CN-23,,48.319419,129.577359,新青国家湿地公园 (Xinqing National Wetland Park),2026-09-15 06:56,45,7
L39903564,CN,CN-32,,31.9030942,119.9829523,新龙生态林--东区 (Xinlong Woods-East Area)
L39903581,CN,CN-32,,31.9066919,119.957785,新龙生态林--核心区 (Xinlong Woods--Core Area),2026-08-23 09:17,25,3
L39903540,CN,CN-32,,31.9144886,119.9352024,新龙生态林--西区 (Xinlong Woods--West Area),2026-04-26 09:44,55,8
L12734433,CN,CN-34,,31.7266973,117.3268313,方兴湖 (Fangxing Lake),2026-07-26 07:00,72,21
L9587188,CN,CN-32,,31.895641,118.876131,方山 (Fangshan Mountain),2026-06-12 11:30,90,14
L25284961,CN,CN-35,,26.066234,119.2187831,"旗山浦口 (Pukou, Fuzhou)",2024-05-14 16:10,36,11
L27958565,CN,CN-35,,26.0419942,119.1939425,旗山湖公园 (Qishan Lake Park),2025-02-19 10:59,17,3
L39980314,CN,CN-44,,23.0171013,113.7744999,旗峰公园 (Qifeng Park),2026-09-14 09:17,22,4
L53081765,CN,CN-53,,28.246067,99.971237,无底湖 (Wu Di Hu Forest Trail),2026-06-14 14:30,18,2
L28320199,CN,CN-32,,31.5846847,119.0404873,无想山 (Wuxiang Mountain),2026-07-19 07:30,42,3
L34532017,CN,CN-63,,35.886893,94.368312,无极龙凤宫 (Wuji Dragon-Phoenix Temple),2026-08-29 14:09,36,29
L39905073,CN,CN-32,,31.5861466,120.2857047,无锡运河公园 (Wuxi Canal Park),2026-03-04 08:05,3,1
L2402583,CN,CN-11,,39.9155379,116.4438558,日坛公园 (Temple of the Sun),2026-09-15 12:30,72,108
L2330859,CN,CN-63,,36.4398939,101.0900746,日月山口 (Sun-Moon Mountain Pass [3500m]),2026-08-29 10:13,89,20
L28452755,CN,CN-35,,26.3433936,117.1984238,日月溪水库 (Riyuexi Reservoir),2025-08-13 05:45,65,7
L27019687,CN,CN-37,,35.4331977,119.5582093,日照东夷小镇 (Rizhao Dongyi Town Resort),2026-04-20 10:39,143,55
L29582475,CN,CN-37,,35.2665696,119.3928301,"日照南店河 (Nandian River, Rizhao)",2026-05-10 07:19,59,5
L33971817,CN,CN-37,,35.2407874,119.3270016,"日照天台山 (Tiantai Mountain, Rizhao)",2024-06-21 15:00,7,1
L27369302,CN,CN-37,,35.5500524,119.065412,"日照太阳山 (Taiyang Mountain, Rizhao)",2024-10-01 10:00,21,2
L26347543,CN,CN-37,,35.3930305,119.3473215,日照山字河机场 (Rizhao Shanzihe Airport),2026-04-07 17:07,39,7
L26348500,CN,CN-37,,35.4114922,119.5494428,日照植物园 (Rizhao Botanical Garden),2026-04-18 15:56,96,27
L26368941,CN,CN-37,,35.4467105,119.3174172,日照水库 (Rizhao Reservoir),2026-03-27 15:56,57,8
L20812386,CN,CN-37,,35.5431931,119.6288777,日照海滨国家森林公园 (Rizhao Coast National Forest Park),2026-06-17 08:16,72,10
L31431709,CN,CN-37,,35.4075161,119.5250053,"日照清风湖 (Qingfeng Lake, Rizhao)",2025-09-20 14:20,21,2
L32527060,CN,CN-37,,35.3945204,119.5618772,日照灯塔景区 (Rizhao Lighthouse Scenic Area),2026-02-07 16:19,23,3
L25940598,CN,CN-37,,35.3194689,119.4723678,日照黄海中心渔港 (Rizhao Yellow Sea Central Fishing Port),2026-09-24 06:58,123,25
L28452774,CN,CN-35,,26.4222747,117.3479583,旦上村 (Danshang Village),2026-08-11 16:00,102,12
L21953735,CN,CN-46,,19.2908272,108.6479621,旦场园村 (Danchangyuan),2024-11-17 13:48,64,7
L23161693,CN,CN-11,,39.790942,116.426262,旧宫城市森林公园 (Jiugong Urban Forest Park),2026-06-28 16:56,6,2
L61762518,CN,CN-45,,22.952373,105.955221,旧村 (Old Village),2026-03-27 15:00,42,1
L13567660,CN,CN-53,,26.5987,100.2073,旧河湾 (Jiuhewan),2026-09-01 15:25,31,3
L1499936,CN,CN-34,,31.8128305,117.2254722,旭辉中央公园 (Xuhui Central Park),2025-08-26 10:24,49,14
L57600126,CN,CN-32,,31.7223429,120.2827169,旸岐塘,2026-09-14 14:30,63,6
L38451012,CN,CN-11,,39.8142073,116.4351796,旺兴湖公园 (Wangxing Lake Park),2023-03-26 15:46,13,1
L38451017,CN,CN-11,,39.8198835,116.4441184,旺兴湖公园北区 (Wangxing Lake Park North),2025-08-24 15:24,14,0
L6170864,CN,CN-63,,32.7820069,95.6177473,昂赛乡 (Angsai),2026-09-13 15:00,114,33
L39622638,CN,CN-63,,36.4093175,94.906787,昆仑公园 (Kunlun Park),2025-08-16 09:00,14,2
L11641229,CN,CN-63,,35.6404429,94.0685576,昆仑山口 (Kunlun Pass),2026-09-06 07:50,56,15
L36885498,CN,CN-65,,37.0999528,79.9452204,昆仑湖公园 (Kunlun Lake Park),2025-04-11 10:00,14,1
L12936860,CN,CN-32,,31.3944983,120.9099269,昆山城市生态森林公园 (Kunshan Urban Ecological Forest Park),2026-09-13 05:30,112,86
L14656384,CN,CN-32,,31.4172045,120.8929272,昆山杜克大学 (Duke Kunshan University),2026-08-18 00:00,122,183
L39908169,CN,CN-32,,31.4796598,120.8375168,昆山阳澄东湖湿地公园 (Kunshan Yangcheng East Lake Wetland Park),2026-08-23 11:57,77,12
L5497001,CN,CN-53,,25.070843,102.7551323,昆明世界园艺博览园 (Kunming Horti-Expo Garden),2026-09-06 09:02,107,23
L36839949,CN,CN-53,,25.0540059,102.7100976,昆明动物园 (Kunming Zoo),2026-09-17 11:23,42,10
L1208823,CN,CN-53,,25.1415551,102.742424,昆明植物园 (Kunming Botanical Garden),2026-09-25 09:19,176,275
L38298018,CN,CN-61,,34.2059876,108.7753082,昆明池七夕公园 (Kunmingchi Qixi Park),2026-08-25 16:25,68,10
L23364249,CN,CN-53,,25.1296013,102.7606695,昆明瀑布公园 (Kunming Waterfall Park),2026-08-20 10:51,44,11
L8496435,CN,CN-53,,25.0600789,102.6964627,昆明理工大学 (Kunming University of Science and Technology),2019-02-13 00:00,7,2
L957784,CN,CN-53,,24.96955,102.62882,昆明西山 (Kunming Xi Shan),2026-09-26 07:45,262,242
L58887498,CN,CN-53,,24.9649108,102.62856,昆明西山--太华寺 (Kunming Xi Shan--Taihua Temple),2026-09-10 11:47,56,11
L75099388,CN,CN-53,,24.9746308,102.6261137,昆明西山--玉兰园及华亭寺 (Kunming Xi Shan--Magnolia Garden & Huating Temple),2026-09-17 17:32,20,2
L3951357,CN,CN-53,,25.066844,102.6258552,昆明郊野公园 (Kunming Country Park),2026-08-02 11:44,148,48
L4682633,CN,CN-53,,25.103065,102.933573,昆明长水国际机场 (Kunming Changshui International Airport),2026-09-10 17:52,77,36
L8607843,CN,CN-53,,25.1443299,102.7493335,"昆明黑龙潭公园 (Heilongtan Park, Kunming)",2026-09-25 12:30,157,197
L49871827,CN,CN-36,,29.2971505,117.166771,昌南湖湿地公园 (Changnanhu Wetland Park),2025-07-16 08:03,26,2
L38376032,CN,CN-21,,42.7719527,124.0883959,"昌图八一水库 (Aug 1st Reservoir, Changtu)"
L10139507,CN,CN-11,,40.2040565,116.266447,昌平新城滨河森林公园 (Changping City Riverside Forest Park),2026-09-11 07:15,210,134
L5186094,CN,CN-11,,40.2645231,116.2293791,明十三陵 (Ming Tombs [General Area]),2026-09-27 08:50,149,60
L58030365,CN,CN-11,,40.2933818,116.2198746,明十三陵--定陵 (Ming Tombs--Dingling Tomb),2026-07-26 06:46,60,5
L30000192,CN,CN-11,,40.299443,116.243124,明十三陵--长陵 (Ming Tombs--Changling Tomb),2026-07-14 15:17,22,5
L38650921,CN,CN-34,,30.8703534,116.0869983,明堂山风景区 (Mingtangshan Scenic Area)
L37874949,CN,CN-32,,32.0529784,118.83974,明孝陵 (The Xiaoling Tomb),2026-08-31 10:16,114,134
L39581727,CN,CN-42,,31.2068602,112.6372701,明显陵 (The Xianling Tomb)
L39716380,CN,CN-42,,30.3549765,112.2101654,明月公园 (Mingyue Park),2026-06-21 10:55,36,5
L35608762,CN,CN-36,,27.5908932,114.2876244,明月山风景区 (Mingyue Mountain Scenic Area),2026-09-06 09:00,34,4
L38527539,CN,CN-43,,28.792985,112.6388844,明朗山 (Minglangshan),2025-12-01 11:00,27,1
L38650791,CN,CN-34,,32.2264412,118.3766176,明湖公园 (Minghu Park),2025-12-15 09:25,23,3
L37440819,CN,CN-52,,26.578895,104.8090545,明湖国家湿地公园 (Minghu National Wetland Park),2026-08-21 08:28,50,9
L34712022,CN,CN-44,,22.7402485,113.8950264,明湖城市公园 (Minghu Urban Park),2024-07-14 15:50,15,0
L16980851,CN,CN-34,,31.7142959,117.3988263,明珠码头 (Mingzhu Wharf),2025-01-18 07:22,76,15
L54031012,CN,CN-34,,30.9510876,118.7797544,明镜湖公园 (Mingjing Lake Park),2024-11-30 07:11,13,1
L5765740,CN,CN-41,,36.1027469,114.3921483,易园 (Yi Yuan),2026-08-17 07:25,31,3
L28806673,CN,CN-51,,30.9470773,104.3809016,易家河坝 (Yijia Heba),2026-01-24 11:13,83,5
L64332708,CN,CN-53,,25.1148367,99.1509461,易罗池 (Yiluo Pond)
L8379129,CN,CN-31,,31.1390138,121.6663737,星愿公园 (Wishing Star Park),2026-09-23 17:37,91,169
L49783728,CN,CN-22,,43.62908,126.07922,星星哨水库 (Xingxingshao Reservoir),2025-09-06 06:00,50,4
L39575537,CN,CN-42,,29.7083471,114.2559706,星星竹海 (Xingxing Zhuhai)
L38258061,CN,CN-52,,26.4644519,106.5151898,星月湖公园 (Xingyue Lake Park),2024-07-17 08:30,6,1
L28551406,CN,CN-44,,23.3600657,116.7317413,星洲公园 (Xingzhou Park),2025-11-21 15:19,15,8
L55022719,CN,CN-21,,38.8784389,121.5680122,星海公园 (Xinghai Park),2026-09-11 14:26,5,3
L25360773,CN,CN-53,,24.9483539,102.6851215,星海半岛湖滨湿地公园 (Xinghai Peninsula Lakefront Wetland Park),2023-06-22 09:30,17,1
L14937044,CN,CN-64,,38.9836317,106.4188957,星海湖 (Xinghai Lake),2025-10-06 13:55,32,2
L28365547,CN,CN-44,,23.3557226,116.7386252,星湖公园 (Xinghu Park),2025-11-27 16:29,16,27
L27968985,CN,CN-32,,31.5895416,120.4508682,映月湖中央公园 (Yingyue Lake Central Park),2026-05-25 08:01,32,9
L54839629,CN,CN-44,,23.0386461,113.1964087,映月湖公园 (Yingyue Lake Park),2026-02-21 07:49,20,4
L40002531,CN,CN-31,,31.2751413,121.3564187,春光公园 (Chunguang Park),2026-09-13 17:26,33,4
L3162181,CN,CN-33,,30.5349612,119.9807399,春晖公园 (Chunhui Park),2025-01-23 09:58,17,4
L39840657,CN,CN-32,,32.2556219,119.8906331,春江湿地公园 (Chunjiang Wetland Park)
L50710943,CN,CN-32,,32.2186936,119.4383109,春江潮广场 (Chunjiangchao Square),2026-08-11 10:44,9,3
L52727462,CN,CN-15,,40.7062135,111.6844368,昭君博物院 (Zhaojun Museum),2025-09-08 15:30,1,1
L25163038,CN,CN-65,,42.963607,80.983437,昭苏湿地公园--天马浴河观测点 (Zhaosu Wetland Park--Horse Viewing Area),2026-07-23 13:00,20,2
L25163118,CN,CN-65,,42.980079,81.027497,昭苏湿地公园--湿地观测点 (Zhaosu Wetland Park--Wetland Overlook),2026-09-03 10:37,39,3
L72245366,CN,CN-65,,42.7336045,81.0564857,昭苏玉湖景区 (Zhaosu Jade Lake),2026-08-03 14:00,13,3
L38108899,CN,CN-53,,27.2832932,103.6653602,昭通万亩荷塘 (Zhaotong Lotus Ponds)
L38108875,CN,CN-53,,27.3013469,103.69887,"昭通凤凰山森林公园 (Fenghuangshan Forest Park, Zhaotong)",2026-02-21 08:30,63,4
L57199212,CN,CN-35,,26.0916366,119.345858,晋安公园 (Jin'an Park),2026-03-23 12:40,15,6
L44401874,CN,CN-35,,26.0854433,119.3452473,晋安湖公园 (Jin'an Lake Park),2026-09-09 18:32,40,15
L38340909,CN,CN-14,,37.7070063,112.4478473,晋祠公园 (Jin Ci Park),2026-09-20 15:37,40,11
L12070500,CN,CN-14,,37.7692759,112.4991188,晋阳湖 (Jinyang Lake),2026-04-26 15:38,67,27
L19529322,CN,CN-44,,23.095804,113.2807091,晓港公园 (Xiaogang Park),2026-09-24 13:00,69,105
L5243249,CN,CN-36,,29.3938267,118.026125,晓起村 (Xiaoqi Village),2026-06-20 17:15,182,223
L55310718,CN,CN-62,,33.997159,105.2401915,晚家峡水库 (Wanjiaxia Reservoir),2026-05-10 10:27,64,6
L24360419,CN,CN-44,,23.2733058,116.1633878,普宁南山 (Puning Nanshan),2026-02-27 10:42,73,13
L29604738,CN,CN-65,,41.4264767,85.8866568,普惠农场 (Puhui Farm),2019-08-12 10:00,20,1
L5807443,CN,CN-51,,29.158287,100.176267,普杰寺 (Pujie Temple),2026-08-20 09:25,48,6
L34876346,CN,CN-63,,37.178161,100.474164,普氏原羚小路 (Przewalski's Gazelle Path),2026-09-08 10:35,95,124
L5901370,CN,CN-63,,36.45873,98.5015333,普氏点 (Przevalski’s Site),2026-07-14 09:06,84,50
L28304024,CN,CN-53,,22.833951,101.000655,普洱茶马古道景区 (Tea-Horse Ancient Road Scenic Area),2026-09-04 11:56,160,33
L14029654,CN,CN-53,,24.1369631,104.1215515,普者黑 (Puzhehei),2026-09-28 06:14,66,7
L14994805,CN,CN-53,,24.1378796,104.1125683,普者黑--青龙山 (Puzhehei--Qinglong Shan),2025-08-10 09:42,31,4
L5226900,CN,CN-53,,27.80516,99.90707,普达措国家公园 (Potatso National Park),2026-09-18 12:06,203,125
L74605832,CN,CN-53,,27.84049,99.913716,普达措国家公园--悠幽步道 (Potatso NP--Youyou Trail),2026-08-31 10:43,16,2
L16482558,CN,CN-33,,30.4892138,122.6648605,普陀-嵊山岛航线 (Putuo-Shengshan Island ferry route),2026-08-30 12:40,84,110
L7629300,CN,CN-33,,29.992588,122.387679,普陀山 (Mount Putuo),2026-09-13 13:30,100,33
L33969503,CN,CN-33,,30.0497622,122.2657349,普陀田园综合体 (Putuo Pastoral Complex),2026-04-28 12:57,77,13
L25996785,CN,CN-53,,24.5950781,100.7761019,景东亚热带植物园 (Jingdong Subtropical Botanical Garden),2023-07-16 23:30,1,1
L10012577,CN,CN-53,,24.4851175,100.8347034,景东北郊田地 (Paddy Fields N of Jingdong),2019-09-20 08:00,46,2
L46950454,CN,CN-33,,27.7077467,119.6151529,"景宁--上标村 (Shangbiao Village, Jingning)",2025-05-15 00:00,3,0
L1319371,CN,CN-11,,39.9247109,116.3967524,景山公园 (Jingshan Park),2026-09-25 14:56,90,148
L29867158,CN,CN-33,,27.9970224,120.6274711,景山公园--温州植物园 (Jingshan Park--Wenzhou Botanical Garden),2026-09-04 09:00,61,15
L38551380,CN,CN-36,,29.2758647,117.1917134,景德镇城市森林公园 (Jingdezhen Urban Forest Park),2026-08-25 21:22,31,5
L28978019,CN,CN-36,,29.3009971,117.2091543,"景德镇莲花塘 (Lotus Pond Park, Jingdezhen)",2026-02-01 16:00,20,2
L21871308,CN,CN-53,,22.0097938,100.8079383,景洪江滩 (Jinghong Riverside Wetlands),2026-07-02 06:33,87,31
L6087388,CN,CN-63,,36.5800589,101.8545444,景熙丰生态湿地公园 (Jing Xi Feng Wetland Park),2024-07-16 14:49,24,3
L23499736,CN,CN-44,,22.5596053,114.0332518,景蜜公园 (Jingmi Park),2026-06-25 18:08,19,6
L23309056,CN,CN-44,,22.5576619,114.0331016,景蜜村南区 (Jingmi Estate South),2025-12-25 16:05,31,48
L58233067,CN,CN-53,,22.1878919,100.0097825,景迈山景区 (Jingmai Mountain Scenic Area),2026-03-19 16:46,89,9
L39614839,CN,CN-63,,37.8371082,101.1177368,景阳岭垭口 (Jingyangling Pass),2025-02-23 14:26,18,6
L11338233,CN,CN-33,,29.7681393,121.3325951,晴江岸 (Qing River Bank),2024-05-11 10:20,91,18
L20453650,CN,CN-44,,23.1280866,113.3477068,暨南大学石牌校区 (Jinan University - Shipai Campus),2026-04-02 13:12,38,25
L22874048,CN,CN-32,,31.846183,120.534453,暨阳湖 (Jiyang Lake),2025-12-27 10:29,44,8
L11499541,CN,CN-61,,34.2030236,108.9791837,曲江池遗址公园 (Qujiang Pond Park),2026-09-22 11:35,52,17
L39281259,CN,CN-53,,25.2268319,98.6066215,曲石镇东草坡 (Grassy Slope E of Qushi town),2026-06-28 09:04,76,9
L38843579,CN,CN-37,,35.5956485,116.9900123,曲阜孔庙 (Temple of Confucius),2025-01-31 17:34,5,0
L41092031,CN,CN-33,,30.2492415,120.1334899,曲院风荷 (Lotus in the Breeze at the Crooked Courtyard),2026-08-18 14:00,45,24
L22269019,CN,CN-44,,21.4769285,109.9920023,曲龙-贵福湾农田 (Qulong-Guifuwan Fields),2026-02-10 14:49,56,10
L7669256,CN,CN-63,,36.1914335,100.0964771,更尕海 (Genggahai Lake),2026-08-28 15:49,172,47
L5689483,CN,CN-13,,39.1944804,118.3574724,曹妃甸湿地 (Caofeidian Wetlands),2026-07-16 15:00,234,250
L8524199,CN,CN-33,,30.2208245,120.7632158,曹娥江口 (Cao'e River Estuary),2026-09-22 06:30,220,157
L45515902,CN,CN-33,,30.0456406,120.8244852,曹娥江外五甲段 (Cao'e River - Waiwujia Section),2026-09-12 05:50,89,59
L38786316,CN,CN-37,,35.2794218,115.4985871,曹州牡丹园 (Caozhou Mudan Garden)
L38650619,CN,CN-34,,33.8505912,115.7857764,曹操公园 (Cao Cao Park)
L39573287,CN,CN-42,,30.4358862,112.8922291,曹禺公园 (Cao Yu Memorial Park)
L7907422,CN,CN-36,,29.08632,117.76118,曹门村 (Caomen Village),2026-07-24 06:54,156,207
L12712339,CN,CN-53,,21.9928744,100.8065987,曼听公园 (Manting Park),2026-07-23 12:08,61,25
L21595510,CN,CN-53,,21.9127755,101.2654393,曼安 (Man An Village),2026-07-13 16:09,82,59
L28377708,CN,CN-53,,22.116149,100.84431,曼掌村 (Manzhang Village),2026-01-15 17:22,14,1
L5779330,CN,CN-53,,21.496245,101.651515,曼旦 (Mandan),2026-03-25 09:30,125,21
L69422655,CN,CN-22,,45.70619,123.83394,月亮泡水库 (Moon Lake Reservoir)
L5243255,CN,CN-36,,29.3065696,117.8810229,月亮湾 (Moon Bay),2026-06-28 12:00,176,223
L58829040,CN,CN-44,,22.5026999,113.8981531,月亮湾公园 (Yueliangwan Park),2026-04-27 05:54,40,19
L57635419,CN,CN-36,,28.7558837,115.7456614,月亮湾山体公园 (Yueliangwan Shan Ti Park),2026-03-12 12:00,29,7
L21346627,CN,CN-11,,39.9153622,116.3469525,月坛公园 (Temple of the Moon),2026-04-12 10:56,25,11
L32227867,CN,CN-13,,39.1113838,118.8528768,月坨岛 (Yuetuo Island),2020-06-09 00:00,63,2
L38671691,CN,CN-41,,35.2324625,113.2214656,月季公园 (Yueji Park)
L10848001,CN,CN-33,,29.8662065,121.5434196,月湖公园 (Moon Lake Park),2026-09-12 15:50,29,13
L36839772,CN,CN-43,,28.2365773,113.032985,月湖公园 (Yuehu Park),2026-06-21 08:30,21,1
L39682276,CN,CN-42,,30.557964,114.256129,月湖公园 (Yuehu Park),2026-09-12 14:03,57,17
L39980290,CN,CN-44,,23.0538669,113.9335812,月湖公园 (Yuehu Park),2026-01-10 15:53,16,2
L10824552,CN,CN-33,,28.6008664,121.5617326,月湖及台州湾海滨 (Moon Lake & Taizhou Bay Coast),2026-09-25 16:32,201,62
L39867377,CN,CN-32,,34.6405284,119.1662026,月牙岛湿地公园 (Yueyadao Wetland Park),2026-03-24 12:00,36,1
L6469923,CN,CN-62,,40.0870059,94.6703911,月牙泉 (Yueya Spring Oasis),2026-09-16 18:56,39,18
L30151111,CN,CN-32,,32.032178,118.827995,月牙湖公园 (Yueyahu Park),2026-08-28 18:00,51,35
L37987797,CN,CN-53,,25.0905947,102.7259907,月牙潭公园 (Yueyatan Park),2026-07-27 11:45,4,1
L61038380,CN,CN-33,,27.8999225,119.8428218,月老山 (Yuelao Mountain),2026-03-10 00:00,7,0
L16662171,CN,CN-33,,27.6794635,119.6363461,望东垟省级自然保护区 (Jingning Wangdongyang PNR),2026-06-21 00:00,98,8
L50270492,CN,CN-11,,39.9933956,116.4773557,望京中央公园 (Wangjing Central Park),2026-09-01 13:58,36,11
L7940699,CN,CN-11,,40.0049067,116.1692721,望京楼 (Wang Jing Lou),2026-06-26 19:30,73,24
L59576798,CN,CN-36,,28.6829043,117.8131972,望仙谷景区 (Wangxian Valley Scenic Area),2026-08-08 09:55,5,0
L15497899,CN,CN-11,,39.9993911,116.4519316,望和公园北园 (Wanghe Park North),2026-07-31 07:27,41,13
L36715819,CN,CN-11,,39.9868734,116.448384,望和公园南园 (Wanghe Park South),2026-06-15 15:00,15,4
L5779468,CN,CN-53,,21.6253817,101.587495,望天树 (Skytree),2026-07-26 10:26,230,131
L7931894,CN,CN-22,,41.5218234,127.951854,望天鹅自然风景区 (Wangtian'e Nature Scenic Area),2018-09-14 12:00,7,1
L1616672,CN,CN-51,,30.6293323,104.0928841,望江楼公园 (Wangjianglou Park),2026-08-20 17:42,79,53
L38108891,CN,CN-53,,27.3110007,103.7020089,望海公园 (Wanghai Park),2026-02-18 18:00,15,2
L38450974,CN,CN-11,,40.0112405,116.4557721,望湖公园 (Wanghu Park),2026-06-16 10:00,32,27
L38341001,CN,CN-21,,41.290948,123.7694014,望溪公园 (Wangxi Park),2024-10-05 06:30,12,1
L38175271,CN,CN-51,,31.867376,106.7555125,望王山运动公园 (Wangwangshan Sports Park)
L38450937,CN,CN-11,,40.0309535,116.4548338,朝来森林公园 (Chaolai Forest Park),2025-09-24 08:18,29,3
L6529689,CN,CN-11,,39.9395667,116.4792716,朝阳公园 (Chaoyang Park),2026-09-23 08:20,161,517
L38341041,CN,CN-21,,41.5381765,120.4995412,"朝阳凤凰山公园 (Fenghuang Mountain, Chaoyang)"
L38501967,CN,CN-43,,26.2028656,111.6144027,朝阳岩公园 (Chaoyangyan Park)
L36796917,CN,CN-11,,39.9950488,116.4994315,朝阳望京公园 (Chaoyang Wangjing Park),2026-05-23 00:21,34,8
L15179426,CN,CN-61,,33.65,108.39,朝阳沟 (Chaoyanggou),2026-08-07 10:23,79,6
L12717070,CN,CN-51,,30.1324814,103.4259946,朝阳湖 (Chaoyang Lake),2026-07-12 10:00,52,9
L39962827,CN,CN-44,,23.1036797,114.4226516,期湖塘 (Qihutang),2025-06-13 15:21,15,1
L13989372,CN,CN-33,,30.3523638,119.6389532,木公山 (Mugong Mountain),2026-03-28 16:00,17,0
L8278987,CN,CN-13,,42.3324806,117.4851249,木兰围场 (Mulan Weichang),2018-08-19 07:20,29,1
L39713426,CN,CN-42,,31.091728,114.3964781,木兰山 (Mulan Mountain),2026-09-19 07:57,40,4
L60084323,CN,CN-46,,20.1565132,110.6890432,木兰湾灯塔 (Mulan Bay Lighthouse),2025-12-05 09:54,16,1
L37988114,CN,CN-65,,39.002281,74.5014502,木吉湿地泥火山群 (Muji Wetlands & Mud Volcanoes),2026-08-16 17:50,6,1
L38474162,CN,CN-43,,25.7684023,113.0293512,木子岭公园 (Muziling Park)
L38765272,CN,CN-41,,33.742656,112.2496657,木札岭风景区 (Muzhaling Scenic Area)
L38182819,CN,CN-51,,30.181098,101.8734532,木格措风景区--七色海 (Mugetso Scenic Area--Colorful Lake),2026-01-04 13:00,18,2
L38182843,CN,CN-51,,30.1416258,101.8610774,木格措风景区--木格措栈道 (Mugetso Scenic Area--Mugetso Lakeview),2026-01-04 16:22,15,2
L19427076,CN,CN-44,,23.4971412,113.5195778,木棉村 (Mumian Village),2024-10-26 14:50,63,7
L38425465,CN,CN-45,,25.156054,108.0671969,木论喀斯特景区 (Mulun Karst Scenic Area)
L73078196,CN,CN-45,,25.14747,108.0459,木论国家级自然保护区 (Mulun NNR)
L38182504,CN,CN-51,,30.3325389,101.5855197,木雅大寺 (Muya Monastery),2026-06-28 15:27,6,3
L6422550,CN,CN-61,,34.3025276,108.8636971,未央宫遗址公园 (Weiyang Palace Heritage Park),2025-05-04 17:10,95,26
L14170389,CN,CN-11,,40.1238284,116.4594029,未来科学城滨水公园 (Future Science City Riverside Park),2026-06-16 14:00,73,17
L16964612,CN,CN-21,,41.3004441,124.0706642,本溪水洞 (Benxi Shuidong),2016-02-20 08:30,16,2
L6044075,CN,CN-54,,31.4958719,79.7997952,札达土林国家地质公园 (Zanda Tulin National Geological Park),2020-08-05 00:00,35,4
L7205824,CN,CN-63,,37.2607252,101.3400515,朱卷滩牛场 (Zhujuantan Cattle Ranch),2024-10-17 10:30,62,5
L19988847,CN,CN-11,,40.5115115,117.1389223,朱家湾 (Zhujiawan),2026-09-26 15:46,181,187
L40375288,CN,CN-36,,29.17558,115.978221,朱市湖 (Zhushi Lake),2026-04-25 13:44,148,117
L39992007,CN,CN-44,,23.287,113.716,朱村农田 (Zhucun Farmland),2026-09-27 09:54,144,183
L40916595,CN,CN-36,,28.9853346,116.2263821,朱港农场 (Zhugang Farm),2026-01-20 15:01,44,3
L39574694,CN,CN-42,,30.8095632,113.9481306,朱湖国家湿地公园 (Zhuhu Wetland Park),2026-02-11 11:40,29,3
L28931755,CN,CN-36,,29.1623032,116.2995687,朱袍山 (Zhupaoshan),2024-01-21 14:00,17,1
L38297909,CN,CN-61,,33.8112955,108.6009133,朱雀国家森林公园--中海拔 (Zhuque NFP--middle elevation),2025-06-16 17:00,6,3
L38297908,CN,CN-61,,33.8324996,108.6043928,朱雀国家森林公园--高海拔 (Zhuque NFP--high elevation),2025-06-16 19:00,2,1
L22297187,CN,CN-35,,25.5269632,119.4298325,机河地面库 (Jihe Reservoir),2026-02-20 14:07,18,2
L61916801,CN,CN-42,,31.5222736,110.5672901,杉树坪秦岭冷杉古树群 (Shanshuping Spruce Forest),2026-04-05 12:30,13,1
L37702395,CN,CN-35,,24.8775242,118.1338783,杉际内 (Shanjinei),2026-01-10 11:00,69,6
L39840692,CN,CN-32,,33.0356758,119.7298901,李中水上森林公园 (Lizhong Forest Park),2026-04-07 13:26,8,2
L23704732,CN,CN-37,,36.1529151,120.3663068,李村河口公园 (Licun Estuary Park),2026-09-06 08:58,73,19
L17096368,CN,CN-37,,36.1636505,120.463707,李村河湿地 (Licun River Wetlands),2026-09-06 07:17,73,74
L36839832,CN,CN-32,,31.616039,120.4507971,李湾里桥 (Linwanli Bridge),2024-09-22 14:54,10,2
L16711335,CN,CN-35,,24.5943882,118.0823435,杏林湾 (Xinglin Bay),2026-09-09 07:40,66,16
L38671355,CN,CN-34,,31.8689857,117.273518,杏花公园 (Xinghua Park),2025-03-16 10:46,20,2
L48609152,CN,CN-34,,30.6620796,117.4524378,杏花村湿地公园 (Xinhua Village Wetland Park),2026-09-25 06:30,93,12
L44939629,CN,CN-33,,28.6881041,121.5475217,杜下浦闸滩涂 (Duxiapu Sluice Coast),2026-07-18 00:00,46,1
L12578750,CN,CN-42,,30.3630144,113.5235797,杜台大桥 (Dutai Bridge),2024-03-31 11:40,97,11
L12202602,CN,CN-51,,30.6595212,104.0285623,杜甫草堂 (Du Fu Thatched Cottage),2026-09-05 07:21,115,77
L8267662,CN,CN-53,,26.815662,100.35311,杜鹃林 (Azalea Forest),2026-06-02 08:00,115,31
L35502809,CN,CN-53,,26.9207085,100.2005365,束河古镇 (Shuhe Old Town),2026-07-12 19:00,28,8
L3574732,CN,CN-32,,32.75953,120.95744,条子泥--720高地及堤外泥滩 (Tiaozini--720 High Tide Roost & Mudflats),2026-09-27 10:30,329,658
L3651124,CN,CN-32,,32.86552,120.96796,条子泥--北部高地及泥滩 (Tiaozini Tidal Flats--Northern High Tide Roost & Mudflats),2026-09-27 07:00,326,358
L3591140,CN,CN-53,,25.0177096,98.4787564,来凤山 (Laifeng Mountain),2026-09-28 08:15,308,494
L39282910,CN,CN-53,,25.023733,98.483327,来凤山--来凤寺 (Laifeng Mountain--Laifeng Temple),2026-09-20 17:11,64,6
L62861843,CN,CN-53,,25.0210382,98.4861089,来凤山--茶花基地 (Laifeng Mountain--Camellia Garden)
L38001973,CN,CN-54,,29.2803545,96.8492761,来古冰川 (Laigu Glacier),2026-05-04 08:00,29,4
L38451040,CN,CN-11,,40.0385961,116.4504853,来广营公园 (Laiguangying Park)
L39904299,CN,CN-32,,31.7813302,120.0649587,杨家坟 (Yangjiafen)
L10172774,CN,CN-43,,29.3549666,110.4207817,杨家界风景区 (Yangjiajie Scenic Area),2026-08-20 18:00,39,12
L21292159,CN,CN-45,,21.6246379,108.8273686,杨屋村 (Yangwu),2026-02-24 18:00,111,14
L31989316,CN,CN-33,,27.5928745,120.6466681,杨屿山 (Yangyushan Hill & Coast),2026-08-01 00:00,32,0
L40657490,CN,CN-33,,28.007325,120.7061584,杨府山公园 (Yangfushan Park),2026-07-25 16:25,56,21
L39724136,CN,CN-42,,30.614339,114.4206874,杨春湖公园 (Yangchun Lake Park),2025-06-15 15:54,34,8
L38127111,CN,CN-53,,24.7802958,102.879825,杨柳冲 (Yangliuchong),2026-07-21 18:05,76,18
L60919407,CN,CN-44,,23.111844,113.4134367,杨桃公园 (Yangtao Park),2024-10-16 14:41,6,2
L15462645,CN,CN-33,,28.7170917,119.0201651,杨桥岙 (Yangqiaoao),2025-05-04 06:30,20,1
L9679028,CN,CN-44,,22.542986,114.5718093,杨梅坑 (Yangmeikeng),2026-06-01 14:41,41,8
L40002632,CN,CN-31,,31.2803916,121.5361303,杨浦公园 (Yangpu Park),2026-05-16 14:39,32,16
L19509113,CN,CN-31,,31.2583994,121.5389942,杨浦滨江 (Yangpu Riverside),2026-09-20 17:23,43,11
L38257952,CN,CN-52,,26.8655865,104.1546321,杨湾桥水库 (Yangwanqiao Reservoir),2026-01-30 09:30,24,1
L16417727,CN,CN-34,,31.5466809,117.3710139,杭埠河大桥 (Hangbuhe Bridge),2024-05-01 12:23,42,5
L12927790,CN,CN-34,,31.357069,116.816949,杭埠河葛家大庄段 (Hangbu River - Gejia Dazhuang Section),2026-05-15 15:53,89,9
L17156506,CN,CN-33,,30.3169237,120.0288249,杭州云谷学校 (HangZhou Yungu School),2026-04-12 15:56,86,47
L70478469,CN,CN-33,,30.2105564,119.735708,杭州医学院临安校区 (Hangzhou Medical College - Lin'an Campus),2026-05-25 00:00,1,0
L15221011,CN,CN-33,,30.3105735,120.1617436,杭州城北体育公园 (North City Sports Park),2026-06-30 16:18,62,24
L53727017,CN,CN-33,,30.2887915,120.0101852,杭州师范大学仓前校区 (Hangzhou Normal University - Cangqian Campus),2026-09-17 12:19,35,7
L1509312,CN,CN-33,,30.2522831,120.1196685,杭州植物园 (Hangzhou Botanical Garden),2026-09-26 13:53,251,2395
L10919878,CN,CN-33,,30.2605585,120.3580163,杭州沿江湿地公园 (Hangzhou Riverside Wetland Park),2026-08-30 15:00,207,228
L8138404,CN,CN-33,,30.317766,121.1498773,杭州湾国家湿地公园 (Hangzhou Bay National Wetland Park),2026-09-27 10:49,173,63
L55855409,CN,CN-33,,30.3017805,121.095316,杭州湾国家湿地公园二期 (Hangzhou Bay NWP-II),2026-03-07 00:00,76,0
L3968639,CN,CN-33,,30.3607051,121.3153851,"杭州湾湿地--三北浅滩 (Hangzhou Bay Wetlands, Cixi)",2026-09-27 15:13,323,356
L10852431,CN,CN-33,,30.2460632,120.1261661,杭州花圃 (Hangzhou Flower Nursery),2026-06-16 13:56,99,96
L11424506,CN,CN-33,,30.235893,120.439749,杭州萧山国际机场 (Hangzhou International Airport),2026-05-08 00:00,129,35
L1058683,CN,CN-33,,30.2432517,120.1462402,杭州西湖 (The West Lake),2026-09-16 07:30,247,807
L38038037,CN,CN-22,,45.1724768,124.8109442,"松原儿童公园 (Children's Park, Songyuan)"
L38175350,CN,CN-51,,29.584226,105.0356834,松山公园 (Songshan Park)
L8075763,CN,CN-11,,40.5137514,115.8236747,松山国家级自然保护区 (Songshan NNR),2025-12-13 13:30,103,31
L10877902,CN,CN-63,,36.164102,101.656242,松巴峡 (Songba Canyon),2025-09-02 10:45,93,16
L28581653,CN,CN-37,,35.7573741,119.3162721,松月湖 (Songyue Lake),2024-01-02 12:00,6,1
L33371621,CN,CN-13,,40.9663966,115.4590422,松林背 (Songlinbei),2026-06-20 13:34,35,10
L23246792,CN,CN-31,,30.961916,121.302316,松江叶榭獐极小种群恢复与野放项目基地 (Songjiang Research Base of Water Deer),2026-02-15 15:05,87,25
L15601907,CN,CN-22,,42.1734865,127.5088692,松江河国家森林公园 (Songjianghe National Forest Park),2026-05-29 11:19,53,8
L23688058,CN,CN-31,,30.923017,121.126,松江泖港湿地 (Songjiang Maogang Wetlands),2026-02-11 13:49,84,22
L26463247,CN,CN-32,,31.2919781,120.732997,松涛街口袋公园 (Songtao St. Pocket Park),2026-09-08 09:41,41,65
L10167613,CN,CN-51,,32.6317307,103.7796015,松潘冰山马道 (Songpan Ice Mountain Horse Trail),1999-09-20 00:00,50,1
L7041675,CN,CN-22,,43.6489355,126.7817545,松花湖--五湖岛 (Songhua Lake--Wuhu Island),2026-04-30 00:00,23,3
L40916900,CN,CN-23,,52.9710896,122.5399268,松苑 (Pine Garden),2025-03-03 15:30,3,1
L38717426,CN,CN-33,,28.437584,119.491978,松阴溪健康主题公园 (Songyin River - Health Park Section),2025-12-28 17:01,44,2
L59391945,CN,CN-33,,28.4546876,119.4489192,"松阴溪小叶村段 (Xiaoye Section, Songyin River)",2026-02-27 14:00,15,0
L10890326,CN,CN-33,,28.4718563,119.4482678,松阴溪石门段 (Songyin River - Shimen Section),2026-08-31 16:00,140,12
L55875846,CN,CN-33,,28.5816281,119.2612426,松阴溪遂昌市区段 (Songyin River - Urban Suichang Section),2026-09-20 07:36,20,7
L18379419,CN,CN-43,,28.2687318,113.0953983,松雅湖 (Songya Lake),2026-09-26 17:14,105,33
L38285253,CN,CN-62,,35.2411583,103.4047267,松鸣岩 (Songmingyan)
L9922187,CN,CN-50,,28.7006027,108.7241732,板桥村 (Banqiao Village),2016-02-08 08:30,22,1
L39980029,CN,CN-44,,22.2477317,113.5538747,板樟山森林公园 (Banzhangshan Forest Park),2026-09-26 14:58,62,23
L39962966,CN,CN-44,,22.7378681,114.4633873,板樟岭森林公园 (Banzhangling Forest Park),2026-08-18 05:44,15,2
L53451725,CN,CN-44,,24.3648189,112.274981,板洞水库 (Bandong Reservoir),2025-09-26 16:22,15,1
L37630818,CN,CN-53,,24.443994,98.554459,板过河湿地公园 (Banguohe Wetland Park),2024-11-24 10:00,29,2
L39655166,CN,CN-35,,26.3081116,118.3832645,枕头山森林公园 (Zhentoushan Forest Park)
L55442473,CN,CN-51,,32.7670692,103.6510826,林坡村 (Linpo Village),2026-09-26 15:25,145,110
L28891829,CN,CN-54,,29.4628612,95.4453674,林多大拐弯 (Lindo Big Bend),2026-06-20 18:10,102,11
L5916030,CN,CN-53,,25.2199284,98.6430173,林家寨 (Linjiazhai),2026-03-11 08:28,172,18
L38671843,CN,CN-41,,36.0865283,113.8127891,"林州人民公园 (People's Park, Linzhou)"
L55332438,CN,CN-54,,29.664413,94.351026,"林芝八一大桥 (Bayi Bridge, Nyingchi)",2026-09-03 15:30,40,22
L17622468,CN,CN-54,,29.6499573,94.3638629,"林芝福建园 (Fujian Park, Nyingchi)",2026-09-25 13:30,114,127
L35277843,CN,CN-54,,29.3289314,95.2714447,果果塘大拐弯 (Gogotang Big Bend),2026-08-17 16:45,157,31
L39714047,CN,CN-42,,30.4549759,111.8125251,枝江金湖国家湿地公园 (Zhijiang Jinhu Wetland Park),2026-06-07 11:00,43,3
L38841352,CN,CN-37,,34.8519353,117.5283525,"枣庄东湖公园 (Donghu Park, Zaozhuang)",2026-03-29 08:36,14,1
L38786483,CN,CN-37,,34.7989016,117.3075447,"枣庄龙潭公园 (Longtan Park, Zaozhuang)"
L14366533,CN,CN-22,,43.888992,123.621597,架树台湖国家湿地公园 (Jiashutai Lake National Wetland Park),2025-05-20 07:50,93,5
L37918975,CN,CN-33,,30.7152765,122.7773482,枸杞岛 (Gouqi Island),2026-07-16 11:49,106,27
L26494826,CN,CN-42,,30.6353449,111.3933373,柏临河湿地公园 (Bailin River Wetland Park),2026-08-18 15:50,40,5
L22912462,CN,CN-34,,31.812937,117.1506711,柏堰湖公园 (Baiyan Lake Park),2026-09-14 13:40,121,68
L5481344,CN,CN-65,,42.9573118,89.5423454,柏孜克里克千佛洞 (Bezeklik Thousand Buddha Caves),2026-09-10 17:42,13,3
L39622296,CN,CN-63,,37.4817934,97.3629644,柏树山 (Cypress Mountain),2026-09-05 12:20,28,3
L17622449,CN,CN-54,,29.6233734,94.4029988,柏树王景区 (Baishuwang Scenic Area),2026-06-10 14:31,70,55
L6360796,CN,CN-63,,32.928948,95.754082,查乃拉卡山口 (Chanailaka Pass [4750m]),2018-09-28 09:00,29,5
L69422575,CN,CN-22,,45.23559,124.29769,查干湖国家级自然保护区 (Chagan Lake NNR),2026-08-08 05:30,83,2
L35609135,CN,CN-22,,45.2994148,124.2838003,查干湖风景区 (Chagan Lake Scenic Area),2025-05-01 07:00,55,1
L64609260,CN,CN-65,,46.5297008,90.7639305,查干郭勒水库 (Chagan Gol Reservoir),2026-07-03 20:00,2,0
L15475596,CN,CN-23,,47.2859182,124.0977838,查罕诺村 (Chahannuo Village),2026-06-03 09:00,19,1
L38426337,CN,CN-45,,24.3173395,109.4157546,柳侯公园 (Liuhou Park),2025-11-05 14:01,15,8
L60638779,CN,CN-35,,26.0901654,119.3972683,柳杉王公园 (Cedar King Park),2026-07-25 06:11,28,5
L25526237,CN,CN-13,,41.4788755,116.2027359,柳树沟稀树草原 (Liushugou Savanna),2026-08-30 07:08,76,9
L28859994,CN,CN-32,,33.0333132,119.012438,柳树湾湿地公园 (Liushuwan Wetland Park),2026-02-15 15:00,54,9
L38190454,CN,CN-51,,31.0779916,104.4047719,柳梢堰湿地公园 (Liushaoyan Wetland Park)
L38671987,CN,CN-41,,34.8754672,114.343902,柳池 (Willow Pond),2026-05-03 08:00,45,1
L66137840,CN,CN-37,,36.6337475,117.9494548,柳泉湿地公园 (Liuquan Wetland Park),2026-02-10 10:00,18,1
L8203192,CN,CN-33,,30.2384265,120.1557598,柳浪闻莺 (Orioles Singing in the Willow Groves),2026-07-12 18:45,122,103
L38285424,CN,CN-62,,35.5456463,106.674956,柳湖公园 (Liuhu Park)
L15511453,CN,CN-11,,39.9604589,116.4023201,柳荫公园 (Liuyin Park),2026-09-12 10:13,105,107
L9511950,CN,CN-21,,42.2672713,123.9902072,柴河水库 (Chaihe Reservoir),2019-06-22 09:43,4,1
L35396534,CN,CN-65,,43.5275809,87.8983101,柴窝堡湖国家湿地公园 (Chaiwopu Lake National Wetland Park),2026-06-17 09:50,74,16
L38200230,CN,CN-11,,40.0270774,116.3035134,树村公园 (Shucun Park),2026-05-31 16:30,50,13
L63824373,CN,CN-35,,27.3364331,120.1941741,栖林寺（Qilin Temple）,2025-03-09 15:00,9,1
L39616848,CN,CN-14,,36.1217041,111.5265961,栖霞园 (Qixia Park),2026-08-04 17:32,100,49
L39859171,CN,CN-32,,32.1566215,118.9666154,栖霞山风景区 (Qixiashan Scenic Area),2026-06-28 06:50,29,4
L38501868,CN,CN-43,,27.7933954,113.1917157,"株洲凤凰山公园 (Fenghuangshan Park, Zhuzhou)",2023-04-15 09:00,6,1
L17340933,CN,CN-53,,25.6507594,99.2138618,核桃坪 (Hetaoping),2022-01-06 09:00,49,2
L38006479,CN,CN-51,,27.7983041,102.3277007,核桃村 (Hetao Village),2026-08-13 15:12,92,6
L38027283,CN,CN-15,,50.8318247,121.6090621,根河源国家湿地公园 (Genheyuan National Wetland Park),2026-09-24 07:18,58,11
L39980769,CN,CN-44,,21.8567414,110.1321716,根竹嶂 (Genzhuzhang)
L39622630,CN,CN-63,,36.40975,94.8940539,"格尔木儿童公园 (Children's Park, Golmud)",2025-07-03 17:55,5,1
L39622610,CN,CN-63,,36.4187593,94.8666273,格尔木湿地公园 (Golmud Wetland Park),2026-07-19 15:00,24,9
L15822042,CN,CN-63,,36.4323365,94.3749068,格尔木胡杨林 (Golmud Poplar Forest),2025-06-10 17:59,20,7
L57995127,CN,CN-54,,29.4614683,95.7219317,格当乡--布龙村至多龙岗村 (Gutang--Bulong Village to Dolonggang Village),2026-04-17 13:36,93,11
L57995067,CN,CN-54,,29.453046,95.5754245,格当乡--德吉村下游 (Gutang--Downstream of Degyi Village),2026-03-10 09:30,97,7
L57995086,CN,CN-54,,29.4369382,95.6189829,格当乡--德吉村至桑珍卡村 (Gutang--Deji Village to Sangzhenka Village),2026-03-04 07:30,49,4
L55277941,CN,CN-54,,29.434705,95.6699522,格当乡--桑珍卡村至布龙村 (Gutang--Sangzhenka Village to Bulong Village),2026-03-20 08:00,147,55
L39465071,CN,CN-11,,39.9975064,116.6465595,格拉斯公园 (Grassetown Park),2025-12-03 13:59,5,1
L35627830,CN,CN-54,,29.2157313,95.1687575,"格林村 (Gelin Village, Mêdog)",2026-06-14 17:30,230,124
L54934209,CN,CN-54,,29.1927074,95.1950656,格林村树王森林 (Gelin King Forest),2026-06-04 15:15,72,14
L37635980,CN,CN-44,,22.137151,113.8274025,桂山岛 (Guishan Island),2026-09-18 16:30,16,1
L10900391,CN,CN-44,,23.8068182,114.0064667,桂峰村 (Guifeng Village),2025-11-22 08:00,93,29
L22718390,CN,CN-45,,23.4007254,110.0599184,桂平西山 (Guiping Xi Shan),2026-02-23 10:31,31,3
L38441885,CN,CN-45,,25.2532588,110.2764556,桂林园林植物园 (Guilin Botanical Garden),2026-02-15 08:15,10,1
L38441966,CN,CN-45,,25.2205579,110.2519569,桂林森林公园 (Guilin Forest Park),2026-04-29 09:27,77,11
L18580763,CN,CN-45,,25.3144318,110.4128689,桂林电子科技大学花江校区 (Guilin University of Electronic Technology - Huajiang Campus),2022-01-05 10:00,9,1
L36839811,CN,CN-45,,25.2828395,110.2788086,"桂林西山公园 (Xishan Park, Guilin)",2026-09-14 08:03,9,0
L21372950,CN,CN-51,,30.8208772,104.1578781,桂湖公园 (Guihu Park),2026-08-11 15:03,28,7
L20607419,CN,CN-51,,30.5619551,104.0732636,桂溪生态公园东区 (Guixi Eco-Park East),2026-05-24 15:00,43,9
L38243260,CN,CN-51,,30.5625102,104.0638943,桂溪生态公园西区 (Guixi Eco-Park West),2025-11-15 10:56,19,2
L39907830,CN,CN-32,,31.2926135,120.6435497,桂花公园 (Guihua Park),2025-09-18 15:43,7,1
L23481548,CN,CN-34,,31.6986351,117.4265565,桂花台 (Guihuatai Wetlands),2026-08-11 13:07,127,31
L20511746,CN,CN-51,,30.5442193,104.0761075,桂龙公园 (Guilong Park),2026-09-21 12:00,63,19
L20514127,CN,CN-51,,30.5500552,104.0726571,桂龙大桥 (Guilong Bridge),2026-01-21 12:41,50,15
L38241412,CN,CN-51,,31.555655,103.456028,桃坪羌寨 (Taoping Qiang Village)
L38035699,CN,CN-23,,45.7763203,130.9996837,桃山公园 (Taoshan Park),2026-02-17 14:28,4,0
L38113558,CN,CN-13,,42.3520457,117.0673131,桃山湖风景区 (Taoshan Lake Scenic Area),2026-08-10 06:00,88,8
L38451169,CN,CN-11,,40.2375713,116.4506228,桃峪口水库 (Taoyukou Reservoir),2026-05-28 09:31,11,1
L39643758,CN,CN-35,,26.6818128,118.7876723,桃洲 (Taozhou),2024-11-30 08:30,29,1
L36530917,CN,CN-33,,28.7358481,119.0527142,桃源凹 (Taoyuanao),2025-05-04 16:30,12,1
L13514617,CN,CN-35,,25.3067816,118.3174309,桃溪 (Taoxi),2025-01-24 17:20,62,23
L14485737,CN,CN-43,,28.1740574,112.9010402,桃花岭公园 (Taohualing Park),2026-05-17 10:00,105,23
L38425340,CN,CN-45,,21.6488732,108.3658485,桃花湖公园 (Taohua Lake Park)
L31144309,CN,CN-34,,30.4791575,118.1467993,桃花潭 (Taohuatan),2025-11-06 09:02,56,6
L6310754,CN,CN-61,,34.3062576,109.0323114,桃花潭公园 (Taohuatan Park),2025-12-31 12:37,90,19
L28357435,CN,CN-33,,30.5377898,120.3432959,桐乡--白荡漾 (Tongxiang--Baidangyang Weland),2026-02-01 00:00,14,0
L28489956,CN,CN-33,,29.7321652,119.6458623,桐庐--富春绿岛 (Tonglu--Fuchun Green Island),2025-01-06 08:00,44,3
L39907872,CN,CN-32,,31.2828659,120.601477,桐泾公园 (Tongjing Park),2026-07-28 06:03,27,7
L26128542,CN,CN-33,,29.8833154,119.800876,桐洲岛 (Tongzhou Island),2026-06-20 06:30,131,25
L7849356,CN,CN-33,,27.8475855,120.5726339,桐浦山 (Tongpu Mountain),2024-03-02 09:00,97,8
L38190013,CN,CN-33,,27.828517,120.5510249,桐田沙 (Tongtiansha),2025-04-11 00:00,54,2
L8182150,CN,CN-13,,40.306416,115.5904774,桑园 (Sang Yuan),2026-09-15 15:00,208,350
L11204047,CN,CN-14,,39.9250301,113.590842,桑干河国家湿地公园 (Sanggan River National Wetland Park),2026-09-06 08:20,73,8
L8083328,CN,CN-14,,39.91708,113.54804,桑干河李家堡段 (Sanggan River at Lijiabao),2026-04-06 11:00,71,3
L17671608,CN,CN-37,,37.1393863,122.5453714,桑沟湾 (Sanggou Bay),2026-03-27 13:15,71,22
L38858081,CN,CN-37,,37.1376958,122.4542914,桑沟湾湿地公园 (Sanggou Bay Wetland Park),2026-08-03 07:40,83,7
L7006571,CN,CN-62,,35.1365869,102.4607193,桑科湿地公园 (Sangkog Wetland Park),2026-07-28 09:44,77,24
L6455179,CN,CN-62,,35.0993499,102.4355793,桑科草原 (Sangkog Grassland),2026-08-21 10:50,39,8
L34420105,CN,CN-52,,25.1157419,104.9221259,桔山中央湿地公园 (Jushan Central Wetland Park),2024-07-07 18:29,15,1
L22524621,CN,CN-51,,30.609005,103.6302888,桤木河湿地公园 (Qimuhe Wetland Park),2026-09-19 09:32,63,25
L38162633,CN,CN-50,,29.2750101,106.5447526,桥口坝国家森林公园 (Qiaokouba Forest Park),2026-03-21 13:59,12,1
L28614593,CN,CN-33,,28.1741395,120.4688406,桥头镇--姑溪 (Qiaotou--Guxi River),2026-08-22 16:00,5,1
L38024967,CN,CN-15,,42.6123521,117.3847359,桦木沟林场 (Huamugou Forest),2026-09-27 17:06,11,1
L5243224,CN,CN-65,,47.865992,88.119787,桦林公园 (Hualin Park),2026-09-17 19:01,96,156
L26662439,CN,CN-13,,41.1763419,115.4242093,桦皮岭 (Birchbark Ridge),2023-08-19 11:06,3,1
L7443334,CN,CN-44,,23.1778442,114.7992754,梁化林场 (Lianghua Forest),2026-08-16 15:02,122,10
L17644945,CN,CN-32,,32.8739745,120.9099028,梁垛河口 (Liangduo River Estuary),2026-09-26 08:21,208,88
L39934650,CN,CN-32,,31.515656,120.3254306,梁塘河生态湿地东区 (Liangtanghe Eco-Wetlands East)
L27817464,CN,CN-32,,31.512547,120.318357,梁塘河生态湿地西区 (Liangtanghe Eco-Wetlands West),2025-12-28 07:32,32,9
L17973989,CN,CN-42,,30.2820541,114.4625414,梁子湖--桃树湾 (Liangzi Lake--Taoshuwan),2026-03-22 13:56,102,18
L24101961,CN,CN-37,,36.8002908,117.1524922,梁家码头 (Liangjia Matou),2026-04-06 08:30,91,8
L21766174,CN,CN-33,,30.7942517,120.0639386,梁希森林公园 (Liang Xi Memorial Forest Park),2026-06-20 14:08,71,10
L38162799,CN,CN-50,,30.6434871,107.8306474,梁平东山森林公园 (Liangping Dongshan Forest Park)
L10901696,CN,CN-33,,30.0948908,122.2657225,梁横围垦区 (Liangheng Coast),2026-08-22 05:40,220,120
L12422311,CN,CN-53,,24.757023,102.893212,梁王山 (Liangwang Mountain),2026-09-06 07:20,181,124
L27325526,CN,CN-37,,35.5750725,119.0008461,梁甫山 (Liangfu Hill),2026-05-22 15:00,43,3
L70483405,CN,CN-33,,29.9076,121.4846756,梁祝文化公园 (LiangZhu Culture Park),2026-05-23 00:00,1,0
L5537039,CN,CN-32,,31.5562125,120.2267039,梅园横山风景区 (Meiyuan Hengshan Scenic Area),2026-06-10 14:30,79,29
L17939355,CN,CN-53,,22.745417,100.978551,梅子湖景区 (Plum Lake Scenic Area),2026-03-06 16:00,147,42
L37792519,CN,CN-51,,26.5749965,101.4616155,梅子箐水库 (Meiziqing Reservoir),2026-04-24 16:24,44,4
L28553597,CN,CN-34,,31.6688211,115.8801121,梅山水库 (Meishan Reservoir),2024-07-06 06:00,62,3
L21903173,CN,CN-33,,29.7536981,121.9311702,梅山湾湿地 (Meishan Bay Wetlands),2026-07-18 08:30,153,57
L39962342,CN,CN-44,,23.5981808,113.97808,梅州水库 (Meizhou Reservoir),2026-02-19 13:00,34,5
L40061663,CN,CN-44,,22.5726163,114.0394523,梅林公园--古荔区 (Meilin Park--Guli Area),2026-06-19 13:13,15,0
L40061674,CN,CN-44,,22.570321,114.0481341,梅林公园--听涛区 (Meilin Park--Tingtao Area)
L40061633,CN,CN-44,,22.5664178,114.025858,梅林山公园 (Meilinshan Park),2026-01-20 16:34,22,4
L17523784,CN,CN-44,,22.5740963,114.023036,梅林水库 (Meilin Reservoir),2025-12-24 07:36,41,13
L39816666,CN,CN-44,,23.459307,116.641748,梅林湖水库 (Meilinhu Reservoir),1984-05-10 00:00,2,1
L38651108,CN,CN-34,,29.7408489,118.2654083,梅林生态湿地 (Meilin Eco-Wetlands),2026-07-18 17:45,24,3
L11423243,CN,CN-12,,39.0474593,117.2100054,梅江公园 (Meijiang Park),2026-07-19 08:20,127,195
L33367499,CN,CN-12,,39.049419,117.1937861,梅江公园二期 (Meijiang Park Area II),2026-07-01 09:26,40,17
L14534343,CN,CN-44,,22.6143808,114.2735912,梅沙尖 (Meishajian Peak),2025-03-14 13:24,33,5
L22257871,CN,CN-43,,28.190774,112.90126,梅溪湖 (Meixi Lake),2026-05-11 13:30,39,7
L39816333,CN,CN-44,,24.2755861,116.0740852,梅花山森林公园 (Meihuashan Forest Park)
L38473953,CN,CN-35,,25.3720068,116.8381991,梅花山自然保护区 (Meihua Mountain NNR),2020-12-22 07:30,81,1
L40088764,CN,CN-44,,23.1890491,113.4677269,梅花岭 (Meihualing)
L39793885,CN,CN-35,,26.0199811,119.6799423,梅花海滩 (Meihua Beach),2026-09-05 11:15,94,20
L57706195,CN,CN-44,,23.2364822,116.5770576,梅花湿地,2026-09-26 16:33,83,8
L37875095,CN,CN-32,,32.0462644,118.8372625,梅花谷公园 (Meihuagu Park),2026-04-16 10:19,53,15
L22914615,CN,CN-31,,31.0969435,121.4223183,梅陇养护林区,2026-03-16 15:27,35,6
L39820083,CN,CN-44,,22.8265291,115.1869812,梅陇农场 (Meilong Farm),2026-04-21 14:41,88,5
L38474320,CN,CN-43,,28.5571876,112.3706474,梓山湖水库 (Zishanhu Reservoir),2025-01-10 08:14,27,2
L39033266,CN,CN-42,,30.5910298,114.2427868,梦泽湖公园 (Mengzehu Park),2026-05-01 16:00,2,1
L7766194,CN,CN-31,,31.250956,121.440897,梦清园 (Mengqing Garden),2026-09-27 15:00,76,147
L38319952,CN,CN-13,,36.664293,114.5004634,梦湖公园 (Menghu Park),2026-02-23 16:00,33,5
L3166956,CN,CN-51,,31.7167779,102.295804,梦笔山 (Mengbi Shan),2026-09-09 14:31,233,723
L4650850,CN,CN-51,,31.7061191,102.315288,梦笔山--高海拔 (Mengbi Shan--upper track [above 3950m]),2026-07-13 15:09,146,222
L38425952,CN,CN-45,,23.477588,111.3188219,"梧州中山公园 (Zhongshan Park, Wuzhou)",2026-08-07 15:03,24,5
L38425891,CN,CN-45,,23.4846212,111.3369689,"梧州白云山 (Baiyun Mountain, Wuzhou)",2026-08-03 07:06,18,3
L4690573,CN,CN-44,,22.576014,114.2095542,梧桐山国家森林公园 (Wutongshan National Forest Park),2026-09-18 18:09,143,70
L18034315,CN,CN-44,,22.5703497,114.1942813,梧桐山国家森林公园--小梧桐 (Wutongshan NFP--Xiaowutong),2026-06-15 11:12,68,15
L40083734,CN,CN-44,,22.5714855,114.2359741,梧桐山国家森林公园--恩上半山 (Wutongshan NFP--Enshang Slopes),2026-09-13 07:12,80,23
L32490287,CN,CN-12,,40.2197973,117.5402597,梨木台 (Limutai),2021-10-10 06:20,44,3
L30613517,CN,CN-44,,24.8763589,113.1434438,梯下村 (Tixia Village),2026-05-27 10:54,96,18
L6004957,CN,CN-52,,27.87101,108.66792,梵净山 (Fanjingshan),2026-09-06 14:47,163,70
L66859629,CN,CN-52,,27.9009863,108.7056745,梵净山--东门至索道上站 (Fanjingshan--East Gate to Upper Cable Car Station),2026-06-20 12:44,43,4
L15822618,CN,CN-52,,27.7831085,108.739662,梵净山--亚木沟 (Fanjingshan--Yamugou),2026-09-06 10:16,21,2
L66860256,CN,CN-52,,27.9110879,108.694364,梵净山--山顶区域 (Fanjingshan--Summit Area),2026-09-06 14:47,34,7
L66859364,CN,CN-52,,27.915418,108.672097,梵净山--西门至山顶区域 (Fanjingshan--West Gate to Summit Area),2026-07-14 09:00,39,2
L29581034,CN,CN-46,,19.366269,108.691486,棋子湾 (Qizi Bay),2024-02-29 11:51,8,1
L59724412,CN,CN-21,,41.936656,123.6435978,棋盘山 (Qipan Mountain),2026-07-26 13:10,34,5
L22872341,CN,CN-33,,28.060465,119.1390059,棋盘山公园 (Qipan Hill Park),2026-05-18 07:10,39,6
L51771824,CN,CN-53,,25.0520063,102.5802681,棋盘山国家森林公园 (Qipanshan National Forest Park),2026-02-20 15:22,54,3
L16326468,CN,CN-21,,38.8888665,121.7091251,棒棰岛景区 (Bangchui Island Scenic Area),2026-09-16 09:06,25,5
L58307083,CN,CN-31,,31.2976796,121.5983896,森兰绿地 (Sunland Greenland),2026-04-12 08:43,17,5
L20454192,CN,CN-23,,45.2962068,127.3708619,森工平山景区 (Forestry Pingshan Scenic Area),2025-05-04 17:25,11,2
L19280046,CN,CN-33,,28.5639113,121.7243856,椒江-大陈岛航线 (Jiaojiang-Dachen Islands ferry route),2026-06-04 08:47,8,3
L10919749,CN,CN-33,,28.68003,121.4543196,"椒江东山公园 (Dongshan Park, Jiaojiang)",2024-12-30 00:00,33,3
L60338821,CN,CN-54,,29.7249239,90.579596,楚布寺 (Tsurphu Monastery),2016-07-31 08:30,7,1
L34590619,CN,CN-63,,35.207137,93.94121,楚玛尔河大桥 (G215 Chumar River Bridge),2026-08-14 15:29,46,25
L24003054,CN,CN-32,,33.5868251,119.0353284,楚秀园 (Chuxiu Garden),2026-02-21 19:46,91,4
L38376521,CN,CN-21,,40.6706555,122.2318562,楞严寺公园 (Lengyan Temple Park)
L29867224,CN,CN-33,,28.26924,120.7522268,楠溪江风景区 (Nanxi River Scenic Area),2026-08-10 00:00,105,20
L50993019,CN,CN-52,,27.791,106.4118,楠竹林公园 (Nanzhulin Park),2025-07-24 06:00,3,1
L17480505,CN,CN-21,,41.088887,119.911073,楼子山自然保护区（Louzishan NNR）,2023-02-25 12:22,45,19
L9325034,CN,CN-61,,34.0536605,108.3297111,楼观台国家森林公园 (Louguantai National Forest Park),2021-07-13 10:08,44,1
L5466026,CN,CN-62,,40.0621548,95.9322229,榆林窟 (Yulin Grottoes),2026-07-11 16:41,20,4
L38296861,CN,CN-61,,38.269676,109.7499198,榆溪河滨公园 (Yuxi Riverside Park)
L41502020,CN,CN-45,,25.2753355,110.2901781,榕杉湖 (Rongshan Lake),2026-04-11 13:58,30,3
L3820289,CN,CN-53,,24.6667524,97.5989985,榕树王 (Rongshuwang),2026-05-03 15:27,302,187
L38425911,CN,CN-45,,23.4776834,111.3090777,榜山公园 (Bangshan Park)
L38212290,CN,CN-11,,39.8261002,116.3591897,槐新公园 (Huaixin Park)
L39574700,CN,CN-42,,30.9112776,113.9524235,槐荫公园 (Huaiyin Park),2025-10-03 17:45,8,0
L35608142,CN,CN-46,,18.3979193,109.6641092,槟榔谷黎苗文化旅游区 (Betal Valley Scenic Area),2026-03-16 12:35,5,1
L38538631,CN,CN-36,,28.4475761,117.9253731,槠溪湿地公园 (Zhuxi Wetland Park),2026-05-03 07:54,12,1
L31144595,CN,CN-61,,34.1318485,108.9470052,樊川公园 (Fanchuan Park),2026-08-23 07:00,103,41
L1092163,CN,CN-54,,27.995614,85.9776306,樟木 (Zhangmu),2025-09-14 09:16,203,51
L40004062,CN,CN-44,,22.6983482,114.0631647,横坑水库 (Hengkeng Reservoir),2026-09-04 14:49,35,4
L51099434,CN,CN-32,,32.1729106,119.5119774,横山村 (Hengshan Village),2026-08-12 09:40,36,9
L21502876,CN,CN-33,,30.791059,120.13095,横山漾 (Hengshanyang Wetlands),2026-04-23 15:26,69,9
L39654633,CN,CN-35,,26.6925492,119.6254508,横屿村 (Hengyu Village)
L29217192,CN,CN-34,,31.56962,116.36849,横排头 (Hengpaitou),2026-08-21 09:47,170,104
L72460420,CN,CN-34,,31.56093,116.35172,横排头--504乡道 (Hengpaitou--504乡道),2026-07-05 09:00,8,2
L72463529,CN,CN-34,,31.56784,116.31088,横排头--张冲路 (Hengpaitou--Zhangchong Road),2026-07-25 10:00,28,4
L72465117,CN,CN-34,,31.57355,116.32451,横排头--月牙塘路 (Hengpaitou--Yueyatang Road),2026-08-16 05:53,51,4
L72468899,CN,CN-34,,31.56223,116.3556,横排头--杨树林及周围水田 (Hengpaitou--Poplar Forest and Surrounding Rice Fields),2026-08-08 17:46,57,5
L56386192,CN,CN-34,,31.59564,116.35345,横排头--横排头大桥 (Hengpaitou--Hengpaitou Bridge),2026-08-21 06:34,99,15
L72460001,CN,CN-34,,31.57152,116.35879,横排头--赵湾村水田 (Hengpaitou--Zhaowancun Rice Fields),2026-08-21 09:47,60,6
L57002582,CN,CN-31,,31.150275,121.614323,横沔公园 (Hengmian Park),2026-09-19 14:24,69,27
L19509426,CN,CN-31,,31.2978159,121.8964582,横沙东滩 (Hengsha Dongtan),2025-12-13 08:36,144,15
L3572019,CN,CN-31,,31.297333,121.859434,横沙南滩 (Hengsha Nantan),2025-11-15 09:01,200,48
L28848419,CN,CN-33,,29.2356806,120.4711682,横锦水库 (Hengjin Reservoir),2025-12-08 00:00,26,4
L21283177,CN,CN-43,,28.1730768,112.9608067,橘子洲 (Juzizhou),2026-07-21 18:10,48,28
L997471,CN,CN-63,,36.7671756,99.6678011,橡皮山--K11山丘 (Rubber Mountain--K11 hill),2026-08-11 12:28,133,88
L997407,CN,CN-63,,36.7536984,99.60781,橡皮山--山顶垭口 (Rubber Mountain--Summit Pass),2026-08-11 09:32,149,193
L56178045,CN,CN-33,,29.8243026,121.5157063,"欢乐体育公园 (Huanle Sports Park, Yinzhou)",2025-12-12 00:00,2,0
L26224017,CN,CN-53,,25.027918,98.5166726,欢乐湖及南侧稻田 (Happy Lake & Southside Paddyfield),2026-05-20 13:11,93,76
L40861443,CN,CN-35,,24.5365161,118.247222,欧厝村 (Oucuo Village),2023-04-16 17:20,18,2
L36795650,CN,CN-13,,38.0180212,114.5054816,欧韵公园 (Ouyun Park),2026-03-21 07:53,17,1
L6974412,CN,CN-50,,29.5601363,106.4269123,歌乐山国家森林公园 (Gele Mountain National Forest Park),2026-09-26 13:11,86,24
L20049561,CN,CN-33,,28.6835172,119.5247823,武义牛头山国家森林公园 (Wuyi Niutoushan National Forest Park),2025-04-16 11:19,42,3
L3856479,CN,CN-51,,30.645085,104.048848,武侯祠 (Wuhou Shrine),2026-08-31 12:24,82,45
L35608733,CN,CN-36,,27.4547461,114.173044,武功山--高海拔 (Wugong Mountain--higher elevations),2026-08-17 06:00,45,9
L8098999,CN,CN-35,,27.7487519,117.6774568,武夷山国家公园 (Wuyishan National Park),2026-08-08 15:00,206,77
L55050750,CN,CN-35,,27.7414892,117.7331146,武夷山国家公园--1号风景道到麻粟山路 (Wuyishan NP--Mountain Road to Masu Village),2025-11-12 14:39,11,1
L59929734,CN,CN-35,,27.7106634,117.6529664,武夷山国家公园--先锋岭 (Wuyishan NP--Xianfengling Pass)
L35433444,CN,CN-35,,27.7361046,117.6371869,武夷山国家公园--挂墩 (Wuyishan NP--Kuatun Village),2026-08-08 15:00,59,11
L59929907,CN,CN-35,,27.8169266,117.7126012,武夷山国家公园--桐木关 (Wuyishan NP--Tongmu Pass),2026-08-08 10:23,66,6
L35433490,CN,CN-35,,27.76186,117.7437114,武夷山国家公园--麻粟 (Wuyishan NP--Masu Village),2024-10-05 07:23,15,0
L27963613,CN,CN-35,,27.6449541,117.9484529,武夷山风景名胜区--九曲溪景区 (Wuyishan Scenic Area--Jiuqu Creek Area),2026-09-15 00:00,119,46
L55297356,CN,CN-35,,27.6707065,117.9583249,武夷山风景名胜区--大红袍景区 (Wuyishan Scenic Area--Da Hong Pao Area),2026-08-11 15:48,58,9
L38109462,CN,CN-53,,25.5345914,102.3731531,"武定狮子山 (Lion Mountain, Wuding)",2026-05-03 13:50,18,2
L59396185,CN,CN-43,,27.1050636,112.9703522,武家山森林公园 (Wujiashan National Forest Park),2026-07-16 18:30,20,2
L39576936,CN,CN-42,,32.4200985,111.0193455,武当山--南岩宫 (Wudang Mountain--Nanyan Temple),2026-05-25 11:15,14,1
L35608490,CN,CN-42,,32.4004124,111.0043692,武当山--金殿 (Wudang Mountain--Golden Temple [Summit]),2026-05-24 11:55,15,3
L39713236,CN,CN-42,,30.6316822,114.5513708,武惠堤阳逻大桥段 (Wuhui Embankment at Yangluo Bridge),2026-09-12 19:20,94,14
L16981098,CN,CN-34,,30.2341276,116.692213,武昌湖 (Wuchang Lake),2021-11-21 08:00,62,3
L34878317,CN,CN-42,,30.5877863,114.2702537,"武汉中山公园 (Zhongshan Park, Wuhan)",2026-08-02 15:00,26,6
L39717976,CN,CN-42,,30.5416952,114.2409329,武汉动物园 (Wuhan Zoo),2026-03-10 11:51,11,0
L10207736,CN,CN-42,,30.6233063,114.2218546,武汉园博园 (Wuhan Horti Expo Park),2026-07-01 16:35,16,1
L14395401,CN,CN-42,,30.5398237,114.3632989,武汉大学 (Wuhan University),2026-09-27 16:31,153,173
L13239940,CN,CN-42,,30.5061624,114.5239687,武汉植物园光谷园区 (Wuhan Botanical Garden - Optics Valley Campus),2026-06-26 18:28,22,1
L39724278,CN,CN-42,,30.5087805,114.3332067,武汉理工大学南湖校区 (Wuhan University of Technology - South Lake Campus),2026-05-10 16:07,75,25
L32490251,CN,CN-12,,39.359177,117.02179,"武清永定新河故道 (Old Course of New Yongding River, Wuqing)",2025-05-22 09:44,136,38
L32490255,CN,CN-12,,39.4078799,117.2716453,"武清龙凤河 (Longfeng River, Wuqing)",2026-07-19 06:55,153,53
L39616950,CN,CN-42,,30.8219777,114.4721338,武湖西岸 (Wu Lake West),2026-03-22 15:00,89,6
L38285135,CN,CN-62,,33.4297745,104.9317147,"武都五凤山 (Wufeng Mountain, Wudu)"
L38131383,CN,CN-50,,29.5383738,107.5927052,武陵山国家森林公园 (Wulingshan National Forest Park)
L38671893,CN,CN-41,,36.1211654,114.3258144,殷墟 (Yin Xu Ruins),2026-08-16 13:18,15,2
L16742708,CN,CN-33,,29.4674331,121.8960623,殷夫公园 (Yin Fu Park),2023-08-01 05:59,21,3
L38019286,CN,CN-15,,39.5716257,109.7692863,母亲公园 (Mother Park)
L38895436,CN,CN-37,,37.5350181,121.3847106,毓璜顶公园 (Yuhuangding Park)
L38002623,CN,CN-54,,29.6437167,94.3844561,比日神山生态景区 (Prela Mountain Eco-Area),2026-09-13 07:52,76,41
L58396457,CN,CN-34,,30.3212396,116.0392836,毕凉村河坝 (Biliang Village River Bank),2026-03-22 12:25,38,13
L38241679,CN,CN-51,,31.2485511,102.8908054,毕棚沟--上海子 (Bipeng Valley--Shanghaizi),2026-09-04 17:46,44,6
L7616380,CN,CN-51,,31.4081194,102.9837083,毕棚沟--入口 (Bipeng Valley--Entrance),2026-04-10 10:39,47,7
L38241694,CN,CN-51,,31.2273097,102.8723759,毕棚沟--月亮湾 (Bipeng Valley--Yueliangwan),2026-09-04 15:00,13,3
L38241669,CN,CN-51,,31.33558,102.9599489,毕棚沟--龙王海 (Bipeng Valley--Longwanghai),2026-09-04 13:09,20,3
L38257922,CN,CN-52,,27.2750227,105.2917355,"毕节南山公园 (Nanshan Park, Bijie)"
L55407697,CN,CN-37,,37.5535639,118.56843,民丰湖 (Minfeng Lake),2025-12-17 08:16,41,4
L53720151,CN,CN-36,,28.8925874,117.2378152,民兵水库 (Minbing Reservoir),2025-08-24 07:00,10,0
L46006633,CN,CN-33,,30.04626,120.831651,"民法典主题公园 (Civil Code Park, Shangyu)",2025-11-03 13:19,37,3
L38720738,CN,CN-32,,32.1976253,119.1210087,水一方 (Shuiyifang),2026-05-03 17:00,119,17
L39820708,CN,CN-44,,23.6542243,112.9639493,水云天碧沙岛 (Shuiyuntian Bishadao),2026-03-14 17:03,66,6
L39643345,CN,CN-35,,24.4912725,117.6303432,水仙花海 (Narcissus Fields),2026-07-23 18:36,43,5
L17507817,CN,CN-32,,31.2388439,120.8011026,水八仙生态文化园 (Shuibaxian Eco-Cultural Park),2026-09-17 16:40,227,476
L20856835,CN,CN-11,,40.337309,116.047451,水关长城 (Shuiguan Great Wall),2026-03-29 17:47,59,13
L39643917,CN,CN-35,,27.3545678,120.2131692,水北溪生态公园 (Shuibei River Eco-Park),2026-02-23 17:00,56,13
L13931822,CN,CN-11,,39.7768753,116.5963482,水南村 (Shuinan Village),2026-06-07 10:11,130,105
L39857191,CN,CN-32,,34.1470588,117.4138095,水口水库 (Shuikou Reservoir)
L38284919,CN,CN-62,,36.3648645,104.2498486,水川黄河湿地公园 (Shuichuan Yellow River Wetland Park)
L29110071,CN,CN-45,,23.1002954,105.5668561,水弄山区 (Shuinong Hills),2026-05-04 14:49,143,15
L32832247,CN,CN-33,,30.4042102,120.2961883,水景公园 (WaterScape Park),2025-02-05 14:55,14,2
L51634540,CN,CN-32,,32.0843464,119.6736494,水晶山 (Crystal Mountain),2026-08-03 09:38,38,4
L16156986,CN,CN-33,,29.0687713,121.93234,水湖涂村 (Shuihutu Village),2023-09-02 12:00,43,2
L38035731,CN,CN-23,,46.7927532,130.3895908,水源山公园 (Shuiyuanshan Park),2026-05-03 12:01,4,1
L21362611,CN,CN-46,,18.883672,109.6655699,水满乡 (Shuiman Township),2026-03-01 08:59,35,2
L35396472,CN,CN-65,,43.8275897,87.6582697,水磨沟风景区 (Shuimogou Scenic Area),2026-06-19 14:50,34,9
L37992521,CN,CN-65,,43.8886802,87.6443433,水磨河头道湖 (Shuimo River - Toudaohu),2026-01-22 12:00,26,4
L37992530,CN,CN-65,,43.8728643,87.6482986,水磨河苇湖 (Shuimo River - Weihu)
L23247110,CN,CN-46,,18.319979,109.68752,水稻国家公园 (Paddy Field National Park),2026-09-27 09:04,137,83
L19493675,CN,CN-12,,39.1118149,117.1217251,水西公园 (Shuixi Park),2026-09-06 07:33,179,296
L38257904,CN,CN-52,,26.939977,106.0764937,水西柯海国家湿地公园 (Shuixi Kehai Wetland Park)
L38108926,CN,CN-53,,27.2325149,103.6542821,永丰水库 (Yongfeng Reservoir)
L38425485,CN,CN-45,,24.4230186,111.5389567,永丰湖公园 (Yongfeng Lake Park),2026-02-04 07:37,14,2
L13535987,CN,CN-53,,25.6001524,100.3352521,永乐塘 (Yongletang),2021-02-20 09:53,29,1
L61581602,CN,CN-45,,23.437305,105.848421,永乐村 (Yongle Village),2026-05-03 16:02,87,4
L13901227,CN,CN-46,,16.8324728,112.3431041,永兴岛 (Yongxing Island/Woody Island),2024-05-24 00:00,37,3
L37202349,CN,CN-14,,36.6945222,112.3648955,永和水库 (Yonghe Reservoir),2026-07-21 16:17,61,4
L61039714,CN,CN-33,,28.16113,120.7039028,"永嘉--龙山公园 (Longshan Park, Yongjia)",2026-03-17 00:00,1,0
L17884171,CN,CN-33,,28.6583111,121.2499663,永宁公园 (Yongning Park),2025-01-31 08:30,63,16
L53375183,CN,CN-11,,39.71904,116.3077813,永定公园 (Yongding Park),2026-07-29 18:15,20,2
L32490135,CN,CN-12,,39.135136,117.699921,永定新河北塘桥段 (New Yongding River at Beitang Bridge),2025-11-13 15:15,48,6
L31385929,CN,CN-11,,39.7010163,116.2295714,永定河双鹰高尔夫俱乐部 (Yongding River at Shuangying Golf Course),2025-07-27 16:00,51,5
L13199890,CN,CN-13,,39.456661,116.331915,永定河固安段 (Yongding River - Gu'an Section),2026-06-27 17:13,88,59
L47756397,CN,CN-11,,39.764423,116.254485,永定河崖沙燕繁殖地 (The Sand Martin Colony on Yongding River),2026-07-20 12:10,58,26
L7382295,CN,CN-65,,43.6075558,87.3426819,永新村 (Yongxin Village),2026-06-07 06:40,66,13
L38284882,CN,CN-62,,38.259824,101.977626,"永昌北海子公园 (Beihaizi Park, Yongchang)"
L9318394,CN,CN-35,,25.7557976,119.0139975,永泰青云山风景名胜区 (Yongtai Qingyun Mountain Scenic Area),2024-02-01 13:00,105,11
L38376474,CN,CN-21,,40.7018955,122.1641506,永远角湿地 (Eternal Point Wetlands),2026-05-02 12:18,19,7
L1616772,CN,CN-51,,30.6742095,104.0472508,永陵公园 (Yongling Tomb Park),2026-06-08 08:30,18,5
L38450913,CN,CN-11,,39.9173565,116.6252151,永顺公园 (Yongshun Park),2026-02-10 16:16,20,5
L40084008,CN,CN-44,,22.5968987,114.1448882,求水山公园 (Qiushuishan Park),2024-02-12 11:44,22,1
L38175419,CN,CN-51,,29.3305086,104.7732129,汇东公园 (Huidong Park)
L61998779,CN,CN-37,,36.058091,120.3446101,汇泉广场 (Huiquan Square),2026-05-26 10:49,13,3
L39485145,CN,CN-42,,30.2078828,113.8201042,汉南五湖 (Hannan Wuhu),2026-01-25 10:59,89,12
L12493089,CN,CN-42,,30.6069126,114.3150842,汉口江滩 (Hankou Riverbank),2026-09-11 16:30,142,142
L39033236,CN,CN-42,,30.6179809,114.3217168,汉口江滩三期 (Hankou Riverbank Area III),2026-09-27 07:05,137,108
L39033251,CN,CN-42,,30.6522099,114.3473396,汉口江滩四期 (Hankou Riverbank Area IV),2026-04-06 13:53,40,5
L38298056,CN,CN-61,,32.9788232,106.9466049,汉山植物园 (Hanshan Botanical Garden),2026-08-18 11:50,39,4
L10527965,CN,CN-61,,33.1778942,107.6387523,汉江洋县上游段 (Han River - Upper Yangxian Section),2026-04-26 07:58,143,25
L9575146,CN,CN-61,,33.2166188,107.5366417,汉江洋县段 (Han River - Yangxian Section),2026-08-06 08:18,210,59
L32227906,CN,CN-12,,39.2013763,117.8982028,汉沽沿海 (Hangu Coast),2026-09-26 07:20,99,19
L32413970,CN,CN-12,,39.1623503,117.8733173,汉沽沿海--中心渔港(Hangu Coast--Central Fishing Port),2026-09-12 10:24,80,51
L32490142,CN,CN-12,,39.1140248,117.7264421,汉沽沿海--北三河口 (Hangu Coast--Sanhe Island),2024-08-12 10:54,17,5
L32413969,CN,CN-12,,39.2164173,117.9640188,汉沽沿海--大神堂 (Hangu Coast--Dashentang Harbor),2026-09-19 09:49,176,170
L23545161,CN,CN-12,,39.182272,117.9563803,汉沽沿海--大神堂观鸟驿站 (Hangu Coast--Dashentang Viewing Point),2025-09-20 07:30,83,13
L32414043,CN,CN-12,,39.221405,118.023735,汉沽沿海--洒金坨 (Hangu Coast--Sajintuo),2026-09-06 15:40,201,94
L32414039,CN,CN-12,,39.1759286,117.8419318,汉沽沿海--蔡家堡 (Hangu Coast--Caijiapu Harbor),2022-12-06 08:00,40,38
L7164102,CN,CN-12,,39.140912,117.7954531,汉沽沿海--遗鸥公园 (Hangu Coast--Relict Gull Park),2025-11-28 14:55,122,76
L32414060,CN,CN-12,,39.124728,117.772524,汉沽沿海--青坨子(Hangu Coast--Qingtuozi),2025-09-13 10:21,43,16
L5693974,CN,CN-12,,39.2242447,117.9940125,汉沽海滨 (Hangu Coast),2026-08-29 16:00,235,184
L5852274,CN,CN-12,,39.2435175,118.0012321,汉沽滨海林地 (Hangu Coastal Woods),2026-09-19 06:38,292,367
L32227976,CN,CN-12,,39.240143,118.040398,汉沽盐田 (Hangu Salt Pans),2026-08-23 12:44,150,81
L950785,CN,CN-11,,40.127441,116.8080139,汉石桥湿地 (Hanshiqiao Wetlands),2026-09-27 07:46,178,112
L77374178,CN,CN-11,,40.126505,116.815405,汉石桥湿地鸟类环志站(Hanshiqiao Wetlands Birds Ringing Station),2026-09-19 12:20,6,0
L9205954,CN,CN-61,,34.442092,108.9524648,汉阳陵博物馆 (Han Yangling Museum),2026-06-26 12:47,24,3
L23578487,CN,CN-44,,23.362016,116.684343,"汕头中山公园 (Zhongshan Park, Shantou)",2026-06-03 18:25,25,23
L5796293,CN,CN-44,,23.46426,116.8770647,"汕头市澄海区东部湿地 (Shantou--Wetlands in eastern Chenghai, general area)",2026-09-19 15:00,215,160
L28242345,CN,CN-44,,23.3508486,116.6859429,汕头观海长廊 (Shantou Coast Walk),2025-07-12 17:37,30,40
L25765026,CN,CN-13,,40.8703309,115.2924984,汗海梁 (Hanhailiang),2023-07-08 10:49,14,1
L32414067,CN,CN-15,,51.4435015,122.5111178,汗马国家级自然保护区 (Khan Horse NNR),2025-08-15 20:00,73,4
L58741992,CN,CN-32,,32.2971272,119.8113799,江之源生态园 (Jiangzhiyuan Ecological Garden),2026-02-18 00:00,11,0
L58887952,CN,CN-53,,25.0209502,102.6232769,江南春赛马场公园 (Jiangnanchun Racecourse Park),2026-05-14 16:00,14,2
L27368021,CN,CN-33,,28.6645031,121.3303147,江口安然湿地 (Jiangkou Anran Wetland),2026-02-08 08:55,18,2
L54095335,CN,CN-32,,31.9222621,118.8368154,"江宁开发区滨河体育公园 (Binhe Sports Park, Jiangning)",2026-06-12 18:09,30,7
L54111063,CN,CN-32,,31.8624645,118.5637075,"江宁滨江公园 (Binjiang Park, Jiangning)",2024-05-17 16:00,45,1
L29180891,CN,CN-51,,30.575379,103.967692,江安河生态公园 (Jiang'an River Eco-Park),2025-08-24 10:29,57,6
L19247611,CN,CN-51,,30.5764362,104.1243509,江家艺苑 (Jiangjia Yiyuan),2026-02-23 15:50,46,5
L38127082,CN,CN-53,,24.8747205,102.778298,江尾村 (Jiangwei Lakefront),2026-09-26 09:40,101,25
L35973139,CN,CN-33,,28.6706909,118.5535572,江山港叶村段 (Jiangshan River - Yecun Section),2025-07-02 07:45,25,1
L10951546,CN,CN-33,,28.8328699,118.7438537,江山港后溪段 (Jiangshan River - Houxi Section),2025-04-23 00:00,18,0
L37577536,CN,CN-33,,28.9090703,118.8346778,江山港坑西段 (Jiangshan River - Kengxi Section),2026-04-22 00:00,25,1
L10951358,CN,CN-33,,28.8785351,118.8121888,江山港廿里段 (Jiangshan River - Nianli Section),2025-04-23 00:00,69,1
L28570122,CN,CN-33,,28.73963,118.61709,"江山西山公园 (Xishan Park, Jiangshan)",2026-07-05 07:45,36,3
L8879327,CN,CN-35,,24.67055,118.441012,江崎村 (Jiangqi Village),2026-01-12 09:48,67,7
L16442065,CN,CN-34,,32.2587871,117.5492447,江巷水库 (Jiangxiang Reservoir),2022-11-19 14:55,32,3
L37991982,CN,CN-65,,43.5347991,89.7358934,江布拉克风景区 (Janbulaq Scenic Area),2008-07-19 09:00,23,1
L34187603,CN,CN-33,,28.026656,120.6366645,江心屿 (Jiangxinyu Islet),2026-07-19 11:13,59,14
L38035888,CN,CN-23,,47.3180192,123.8969602,江心岛国家湿地公园 (Jiangxindao Wetland Park)
L26081483,CN,CN-63,,36.257788,101.577411,江拉林场 (Jiangla Timberland),2024-01-25 16:54,42,3
L39788867,CN,CN-54,,29.2268918,95.1386547,"江新村 (Jiangxin Village, Mêdog)",2025-05-08 13:35,54,9
L10997949,CN,CN-33,,30.2069104,120.1419434,江洋畈生态公园 (Jiangyangfan Eco-Park),2026-09-26 14:58,233,2103
L35967976,CN,CN-32,,31.2293827,120.7485946,江湾村 (Jiangwan Village),2026-08-26 09:56,100,48
L24025962,CN,CN-36,,29.3634003,118.0638804,江湾洋田 (Jiangwan Yangtian),2023-10-25 21:00,55,21
L39480842,CN,CN-31,,31.331283,121.5209209,江湾湿地北段 (Jiangwan Wetlands North),2026-05-07 09:00,53,15
L15304587,CN,CN-31,,31.3210709,121.5163828,江湾湿地南段 (Jiangwan Wetlands South),2026-09-22 11:38,60,68
L39576445,CN,CN-42,,30.5860808,114.2040197,江滩体育公园 (Jiangtan Sports Park),2025-06-15 07:30,4,1
L22600915,CN,CN-51,,30.5541667,104.0827778,江滩公园 (Jiangtan Park),2026-08-16 15:00,33,4
L23668217,CN,CN-35,,27.2531793,120.1989675,江美村 (Jiangmei Village),2023-07-20 08:00,24,3
L39863842,CN,CN-32,,32.0743518,119.0063006,江苏园博园 (Jiangsu Garden Expo Park)
L55743257,CN,CN-32,,32.1993655,119.5142555,江苏大学 (Jiangsu University),2026-02-23 17:20,15,2
L75070416,CN,CN-32,,32.1183276,119.2447283,江苏省句容林场 (Jiangsu Jurong Forest Farm),2026-08-05 14:25,7,1
L66294784,CN,CN-32,,32.10956,119.36125,江苏科技大学 (Jiangsu University of Science and Technology),2026-05-19 16:30,2,0
L70046886,CN,CN-32,,32.1973497,119.4679873,江苏科技大学梦溪校区 (Jiangsu University of Science and Technology - Mengxi Campus),2026-06-14 13:04,1,0
L38002107,CN,CN-54,,29.2143311,88.9310779,江萨国家湿地公园 (Gyangsa Wetland Park),2026-08-20 17:50,50,9
L5906930,CN,CN-63,,34.6434,98.0329,江蒙错及周边湿地 (Jiangmengtso Lake & Wetlands),2026-07-16 07:50,88,20
L14010506,CN,CN-36,,28.7641611,115.8324704,江西农业大学 (Jiangxi Agricultural University),2026-05-01 16:40,92,15
L19132174,CN,CN-36,,28.6810391,116.0271423,江西师范大学 (Jiangxi Normal University),2026-04-18 13:42,103,35
L11116735,CN,CN-63,,32.1785763,96.9344104,江西林场 (Jiangxi Forest),2018-08-25 07:00,69,3
L3643595,CN,CN-36,,27.8558651,117.7810781,江西武夷山国家级自然保护区--黄岗山 (Jiangxi Wuyishan NNR--Mt Huanggang),2026-05-10 08:39,173,16
L21114280,CN,CN-33,,28.528874,118.564929,江郎山 (Mount Jianglang),2026-07-06 11:14,10,1
L22315123,CN,CN-35,,25.5352199,119.4174207,江镜华侨农场 (Jiangjing Farm),2026-02-23 16:20,38,2
L19131699,CN,CN-44,,22.5921959,113.0872854,"江门东湖公园 (Donghu Park, Jiangmen)",2026-04-13 07:00,28,8
L39905434,CN,CN-32,,31.9335606,120.2855181,江阴要塞森林公园 (Jiangyin Fortress Forest Park),2026-09-11 11:37,65,12
L22104396,CN,CN-35,,24.8362824,118.5508793,池店田洋 (Chidian Tianyang),2026-03-19 15:30,134,44
L28821066,CN,CN-32,,32.0467058,119.0266318,汤山--盐鸭子洞 (Tangshan Hill--Yanyazidong),2026-09-16 09:13,92,33
L23504693,CN,CN-33,,30.5965661,121.0920098,汤山公园 (Tangshan Park),2026-09-23 11:55,160,70
L39863564,CN,CN-32,,32.0403762,119.0365099,汤山矿坑公园 (Tangshan Mining Park),2026-03-14 14:00,43,6
L41796593,CN,CN-31,,31.147333,121.603227,汤巷公园 (Tangxiang Park),2026-09-25 08:07,66,64
L54701715,CN,CN-23,,48.4564209,129.4439258,汤旺河林海奇石景区 (Tangwanghe Forest & Stone Scenic Area),2026-06-03 09:58,4,3
L18698311,CN,CN-21,,41.0782729,123.3344485,汤河水库 (Tanghe Reservoir),2022-04-26 13:42,18,1
L31991141,CN,CN-33,,29.8383435,120.7833828,汤浦水库上虞片区 (Tangpu Reservoir - Shangyu Section)
L10824541,CN,CN-33,,29.8093474,120.7273396,汤浦水库柯桥片区 (Tangpu Reservoir - Keqiao Section),2024-05-03 00:00,32,0
L57215691,CN,CN-33,,30.3638,119.9455,汤湾渡--庄村 (Tangwandu--Zhuangcun Village),2026-09-19 08:36,91,14
L27395874,CN,CN-61,,34.6335257,107.1311188,汧阳千湖国家湿地公园 (Qianyang Qianhu National Wetland Park),2023-07-10 10:00,12,1
L38537317,CN,CN-43,,28.8705187,113.05302,汨罗江屈子文化园 (Miluo River at Quzi Culture Park),2026-07-26 12:48,89,4
L38258072,CN,CN-52,,26.4430922,106.4823669,汪官水库和月亮湖公园 (Wangguan Reservoir and Moon Lake Park),2026-02-13 11:32,75,11
L23204345,CN,CN-45,,22.4992107,106.968978,汪那 (Wangna),2026-06-08 08:54,151,139
L62180960,CN,CN-37,,36.0954072,117.1956888,汶河国家湿地公园 (Wenhe River National Wetland Park),2026-05-17 11:12,24,2
L11923690,CN,CN-33,,29.4278714,118.5582984,汾口镇 (Fenkou Town [General Area]),2026-08-24 13:30,127,17
L38999920,CN,CN-37,,35.110619,119.2910085,汾水--绣针河 (Fenshui--Xiuzhen River),2025-04-05 10:00,28,2
L39898193,CN,CN-14,,37.256015,112.132355,汾河三坝 (Fen He 3rd Dam),2026-09-23 17:16,78,11
L11204257,CN,CN-14,,37.6135526,112.3876814,汾河二坝 (Fen He 2nd Dam),2026-05-01 06:51,128,26
L52156405,CN,CN-14,,37.836895,112.5357742,汾河公园--南内环桥 (Fenhe Park--S Inner Ring Rd Bridge),2026-09-27 17:25,110,88
L10992790,CN,CN-14,,37.9374089,112.5159159,汾河公园--柴村桥 (Fenhe Park--Chaicun Bridge),2026-06-20 12:03,95,23
L15696164,CN,CN-14,,37.8740141,112.5351895,汾河公园--漪汾桥 (Fenhe Park--Yifen Bridge),2026-09-26 06:21,81,26
L9932291,CN,CN-14,,37.9007613,112.529692,汾河湿地公园 (Fenhe Wetland Park),2026-09-23 17:01,146,103
L27931285,CN,CN-33,,30.9997835,120.7970307,汾湖风景区 (Fenhu Scenic Area),2026-07-27 17:40,22,2
L62180979,CN,CN-37,,37.3859146,121.6215229,沁水河公园 (Qinshui River Park),2025-02-11 09:00,8,1
L15329053,CN,CN-14,,36.4745,112.3452,沁河毛则沟段 (Qin River at Maozegou),2026-08-06 11:23,123,18
L14750361,CN,CN-37,,35.5521444,118.4352202,"沂南卧龙山公园 (Wolongshan Park, Yinan)",2026-02-20 08:05,33,6
L37386634,CN,CN-37,,36.1977392,118.6281343,沂山风景区 (Yishan Scenic Area),2025-06-09 07:48,30,4
L37386605,CN,CN-37,,35.7286631,118.5258282,沂水地下大峡谷景区 (Yishui Underground Grand Canyon Scenic Area),2024-10-15 16:00,12,1
L6924752,CN,CN-37,,34.8082373,118.3285332,沂河土山河闸段 (Yi River at Tushan Sluice),2021-02-16 16:24,24,2
L28906812,CN,CN-37,,36.1515767,118.2722593,沂河沂源段 (Yi River - Yiyuan Section),2024-02-14 12:00,26,2
L24416399,CN,CN-37,,34.8176299,118.3118681,沂河蝎子山段 (Yi River at Xiezishan),2023-05-17 16:43,47,2
L25246732,CN,CN-21,,41.5388817,123.5353994,沈南采石场 (Shennan Quarry),2023-06-17 10:11,20,3
L48311064,CN,CN-33,,30.6678253,122.281264,沈家湾-嵊泗航线 (Shenjiawan-Shengsi Islands ferry route),2026-08-01 13:00,41,14
L38650526,CN,CN-21,,41.7475548,123.4259165,沈水湾公园 (Shenshuiwan Park),2026-09-14 13:45,70,8
L1871102,CN,CN-21,,41.8630646,123.6485233,沈阳世博园及植物园 (Shenyang Botanical and Expo Gardens),2026-04-15 09:21,44,9
L13768902,CN,CN-21,,41.7855072,123.4053086,"沈阳中山公园 (Zhongshan Park, Shenyang)",2026-02-01 16:00,41,13
L65133471,CN,CN-21,,41.8249935,123.5597311,沈阳农业大学植物园 (SYAU Botanical Garden),2026-05-30 14:00,30,4
L38650411,CN,CN-21,,41.770769,123.4123155,"沈阳南湖公园 (Nanhu Park, Shenyang)",2026-01-11 10:30,25,5
L30147637,CN,CN-33,,29.973386,122.308002,沈院 (Shenyuan),2026-08-22 07:15,60,16
L28192244,CN,CN-32,,31.7337761,120.771895,沉海圩乡村湿地 (Chenhaiwei Wetlands),2023-12-02 14:00,28,1
L9932156,CN,CN-42,,30.3077087,113.8482552,沉湖 (Chen Lake),2026-08-16 15:13,204,124
L39718226,CN,CN-42,,30.2987594,113.8604593,沉湖--七壕保护站 (Chen Lake--Qihao Protection Station),2026-02-19 15:44,88,12
L39718273,CN,CN-42,,30.3223771,113.8670667,沉湖--中堤 (Chen Lake--Middle Embankment),2025-12-15 16:36,39,2
L39459767,CN,CN-37,,36.7461023,116.9630898,沉砂池,2026-02-19 14:37,54,4
L72042256,CN,CN-33,,30.673136,120.5634121,"沉粮桥 (Chenliangqiao Fields, Tongxiang)",2026-07-10 17:36,24,2
L38296830,CN,CN-61,,34.5060307,109.5294322,沋河湿地公园 (Youhe Wetland Park)
L38191389,CN,CN-51,,28.8706179,103.9569068,沐川竹海 (Muchuan Bamboo Sea),2026-06-17 17:15,18,4
L37559734,CN,CN-31,,31.1500162,121.6317602,沔青公园 (Mianqing Park),2026-06-21 05:25,74,38
L32414027,CN,CN-12,,38.6587974,117.4106608,沙井子水库 (Shajingzi Reservoir),2026-01-05 14:37,42,5
L39656767,CN,CN-44,,22.406967,113.0676877,沙仔岛 (Shazai Island),2023-03-16 11:59,24,2
L17904153,CN,CN-44,,21.2502289,110.6511389,沙儿角 (Sharjiao),2026-03-22 14:11,84,29
L38059442,CN,CN-64,,37.4639217,104.9999468,沙坡头风景区 (Shapotou Scenic Area),2026-02-12 21:58,13,0
L29108007,CN,CN-46,,19.9516096,110.3343872,沙坡郊野湿地公园 (Shapo Country Wetland Park),2026-09-23 08:25,51,2
L23309797,CN,CN-13,,40.3708803,115.4655815,沙城湿地 (Shacheng Wetlands),2026-09-27 06:30,252,267
L19037217,CN,CN-44,,22.0905716,113.0030954,沙头 (Shatou),2020-01-12 10:20,19,1
L38257930,CN,CN-52,,27.3231,105.288611,沙帽山公园 (Shamaoshan Park)
L37792426,CN,CN-51,,31.3071437,103.3602811,沙排村 (Shapai Village),2025-11-13 11:17,40,3
L38018473,CN,CN-15,,42.0301911,101.030253,沙日淖尔水库 (Shari Nur Reservoir)
L37682164,CN,CN-63,,37.3194853,100.1338239,沙柳河景区 (Shaliuhe Scenic Area),2026-07-10 23:44,37,6
L18367956,CN,CN-51,,30.6130441,104.0942758,沙河东篱翠湖公园 (Shahe Dongli Cuihu Park),2026-08-06 04:59,54,9
L38242759,CN,CN-51,,30.7143434,104.0705128,沙河公园 (Shahe Park),2026-05-14 12:00,6,1
L39713897,CN,CN-42,,30.7404077,111.3183041,沙河公园 (Shahe Park),2026-06-20 10:26,43,2
L72226672,CN,CN-11,,40.11841,116.35916,沙河大坝东侧温榆河段,2024-08-01 11:00,152,31
L39718529,CN,CN-42,,30.8703396,114.9228972,沙河桥 (Shahe Bridge),2026-08-29 00:18,139,30
L2394169,CN,CN-11,,40.1312977,116.3079643,沙河水库 (Shahe Reservoir),2026-09-27 12:24,357,5194
L12170807,CN,CN-11,,40.1361478,116.3135111,沙河水库--北岸 (Shahe Reservoir--North Shore),2026-09-05 09:49,262,515
L42738069,CN,CN-11,,40.1355614,116.2845956,沙河水库--北沙河 (Shahe Reservoir--North Canal [Beishahe]),2026-09-26 07:43,178,161
L12187482,CN,CN-11,,40.1292993,116.3165552,沙河水库--南岸 (Shahe Reservoir--South Shore),2026-09-18 13:06,203,193
L26946344,CN,CN-11,,40.132575,116.2998359,沙河水库--巩华城半岛 (Shahe Reservoir--Gonghuacheng Peninsula),2026-09-27 11:06,321,1900
L27029456,CN,CN-51,,30.7194841,104.0511424,沙河源公园 (Shaheyuan Park),2026-03-29 15:30,31,2
L71874997,CN,CN-11,,40.4311383,116.7178547,沙河西田各庄段 (Shahe River--Xitiangezhuang),2026-09-13 17:15,38,3
L39656208,CN,CN-44,,23.1385399,112.6958018,沙浦芡实塘 (Shapu Ponds),2025-05-29 10:30,28,4
L22789581,CN,CN-36,,29.3684569,116.1260445,沙港马 (Shagangma),2024-01-21 11:05,79,10
L5779259,CN,CN-64,,38.8161636,106.3558875,沙湖 (Sand Lake),2025-10-06 11:35,80,17
L14118929,CN,CN-42,,30.568288,114.3378933,沙湖公园 (Shahu Park),2026-09-12 15:47,88,66
L7177298,CN,CN-36,,29.1815657,115.9143325,沙湖山 (Shahushan),2026-02-28 15:09,176,76
L17883536,CN,CN-43,,28.1548194,113.0384484,沙湾公园 (Shawan Park),2025-01-30 15:01,22,4
L73073917,CN,CN-33,,30.25815,119.91147,沙溪口--稻田公园 (Shaxikou--Paddy Field Park),2026-09-26 05:52,117,61
L7907889,CN,CN-53,,26.3121881,99.8511091,沙溪镇 (Shaxi),2026-06-08 06:18,142,25
L38667621,CN,CN-41,,33.5644056,114.0035711,沙澧公园 (Shali Park),2026-08-11 16:15,4,1
L17246185,CN,CN-46,,19.104512,110.557901,沙美红树林湿地公园 (Shamei Mangrove Wetland Park),2026-02-07 07:34,26,2
L17389108,CN,CN-45,,21.6472218,108.5558189,沙螺寮村 (Shaluoliao),2026-04-12 09:00,75,25
L39643987,CN,CN-35,,27.2802191,120.2109855,沙龙滩涂 (Shalong Mudflats)
L31340446,CN,CN-32,,34.7744497,116.9259016,沛公园 (Peigong Park),2024-05-02 12:00,19,2
L4117278,CN,CN-44,,20.764297,110.3978324,沟口滩涂 (Goukou Mudflats),2025-01-08 13:29,110,33
L38297990,CN,CN-61,,34.1425435,108.7532651,沣河梁家滩 (Feng River at Liangjiatan),2026-02-18 17:53,21,3
L38113700,CN,CN-13,,38.3181524,116.8491081,"沧州人民公园 (People's Park, Cangzhou)"
L39576886,CN,CN-42,,32.5191871,111.4993459,沧浪洲湿地公园 (Canglangzhou Wetland Park),2026-05-03 09:18,47,6
L26361030,CN,CN-37,,35.5886782,118.8714815,沭河莒县段 (Shu River - Juxian Section),2026-05-21 00:57,92,15
L70524809,CN,CN-34,,33.1842996,117.8141157,沱湖 (Tuo Lake),2009-02-10 00:00,1,0
L39397132,CN,CN-13,,38.1353029,114.4931173,河北经贸大学 (Hebei University of Economics and Business),2025-01-13 16:09,9,1
L25665879,CN,CN-41,,35.0158967,113.700479,"河南省农科院第二基地 (Henan Academy of Agricultural Sciences, 2nd base)",2025-06-29 16:48,36,4
L11502926,CN,CN-63,,35.9350468,100.0816378,河卡以东G214沿线水池 (G214 Pool E of Heka),2026-08-19 12:29,79,21
L38297144,CN,CN-61,,38.6007079,109.3351372,河口水库 (Hekou Reservoir)
L10349165,CN,CN-53,,25.2177045,98.6730965,河头寨 (Hetouzhai),2026-04-30 16:20,122,10
L38340977,CN,CN-21,,41.8606474,123.8410848,河夹心子 (Hejiaxinzi)
L38536918,CN,CN-43,,29.0514632,111.5939262,河洑林场 (Hefu Forest),2026-02-02 12:43,38,5
L47004807,CN,CN-22,,41.664544,126.465175,河洛幌子沟 (Heluohuangzi Valley),2025-07-19 04:30,56,7
L58146776,CN,CN-32,,31.9161903,118.784757,河海大学江宁校区 (Hohai University - Jiangning Campus),2024-03-12 17:44,3,1
L39797823,CN,CN-44,,23.7672277,114.7052845,河源客家文化公园 (Heyuan Hakka Culture Park),2026-02-21 16:30,4,1
L39797886,CN,CN-44,,23.7134645,114.7324469,"河源梧桐山 (Wutong Hill, Heyuan)",2025-08-08 15:49,15,2
L58075544,CN,CN-44,,23.2863139,116.6709953,河玉围湿地,2026-09-24 09:34,119,25
L53554661,CN,CN-35,,25.8900627,118.8254544,油洋水库及周边 (Youyang Reservoir & Surrounding Area),2025-10-03 09:44,14,1
L7855008,CN,CN-32,,31.2110809,119.7518996,油车水库 (Youche Reservoir),2026-06-10 09:32,126,16
L38320123,CN,CN-13,,41.6767035,115.6985085,"沽源青年湖 (Youth Reservoir, Guyuan)"
L29278864,CN,CN-12,,38.9956396,117.1714341,沽畔水乡 (Gupan Water Town),2026-09-26 08:20,165,100
L41916270,CN,CN-31,,31.144296,121.59105,沿北公园 (Yanbei Park),2026-09-26 08:53,62,27
L75685645,CN,CN-33,,30.27422,120.33551,"沿江湿地公园--青年林 (Youth Woods, Riverside Park)",2026-08-06 17:32,16,1
L6713976,CN,CN-11,,40.070847,115.726671,沿河城 (Yanhecheng),2026-08-08 06:54,156,175
L11431463,CN,CN-32,,31.463122,120.3694584,沿湖湿地公园 (Lakeside Wetland Park),2026-08-23 17:02,154,80
L38722456,CN,CN-63,,37.2722576,99.8995596,泉吉乡观鱼台 (Quanji Fish-Viewing),2026-08-10 08:39,31,31
L24215154,CN,CN-37,,36.6453076,117.0200097,泉城公园 (Quancheng Park),2026-08-30 17:30,79,28
L39982836,CN,CN-14,,35.586545,111.870456,泉头 (Quantou),2026-08-07 05:37,35,3
L39857028,CN,CN-32,,34.209697,117.1607445,泉山森林公园 (Quanshan Forest Park),2026-03-21 16:00,48,5
L39745907,CN,CN-35,,24.9099264,118.6048559,"泉州东湖公园 (Donghu Park, Quanzhou)"
L39746011,CN,CN-35,,24.8865578,118.6594815,泉州森林公园 (Quanzhou Forest Park),2026-07-04 08:00,42,2
L38571894,CN,CN-35,,24.9038553,118.5748692,"泉州江滨公园 (Jiangbin Park, Quanzhou)",2025-03-29 13:30,41,3
L9929540,CN,CN-35,,24.8015947,118.6609631,泉州湾 (Quanzhou Bay),2026-04-30 15:49,155,22
L39746007,CN,CN-35,,24.8575038,118.6813896,"泉州滨海公园 (Binhai Park, Quanzhou)",2024-02-14 06:40,29,2
L39745911,CN,CN-35,,24.9294861,118.586109,泉州西湖 (Quanzhou West Lake),2026-07-05 08:00,31,5
L38396240,CN,CN-21,,39.0030819,121.6472435,泉水河口 (Quanshui Estuary),2026-09-15 08:48,29,7
L37792024,CN,CN-51,,30.383647,103.6735396,泉水湖湿地公园 (Quanshuihu Wetland Park),2026-08-22 08:27,81,23
L38672153,CN,CN-41,,33.7850703,112.5104516,泉水湾农庄 (Quanshuiwan Villa),2026-04-16 07:06,52,15
L38320063,CN,CN-13,,37.9690478,114.5903625,泊水公园 (Boshui Park),2025-10-04 10:20,16,2
L22118855,CN,CN-34,,30.1506695,116.4660487,泊湖 (Bo Lake),2023-01-09 16:50,61,2
L8977597,CN,CN-33,,30.2343035,120.09511,法云古村 (Fayun Buddhist Village),2026-06-20 22:02,59,14
L38527657,CN,CN-43,,27.8650048,113.0377987,法华山 (Fahua Mountain),2025-10-03 07:00,24,1
L72574414,CN,CN-11,,39.9403,116.15315,法海寺 (Fahai Temple),2026-07-05 11:30,5,0
L11032664,CN,CN-33,,30.9018296,119.6061327,泗安水库/仙山湖 (Xianshan Lake Reservoir),2026-05-04 09:40,106,11
L39841615,CN,CN-32,,33.2437391,118.3267412,泗洪洪泽湖湿地景区 (Sihong Hongze Lake Scenic Area),2026-03-27 10:06,58,3
L38672369,CN,CN-41,,31.854182,114.0978423,波尔登森林公园 (Borden Forest Park)
L38058483,CN,CN-22,,44.3894391,124.818612,波罗湖国家级自然保护区 (Boluo Lake NNR),2025-11-09 14:00,64,11
L38227202,CN,CN-51,,29.6462219,102.6078452,泥巴山垭口 (Nibashan Mountain Pass),2026-07-25 14:30,107,35
L21752735,CN,CN-51,,30.7894247,104.1675907,泥巴沱风景区 (Nibatuo Scenic Area),2026-03-25 11:31,43,3
L32227841,CN,CN-12,,39.0351643,117.7123718,泰丰公园 (Taifeng Park),2026-08-14 12:53,50,7
L19966051,CN,CN-36,,27.7197313,117.0666831,泰伯公园 (Taibo Park),2021-04-23 18:00,6,1
L39840716,CN,CN-32,,32.1526918,120.0860911,泰兴东郊森林公园 (Taixing Dongjiao Forest Park)
L58831239,CN,CN-32,,32.0331886,119.9806397,泰兴省级长江湿地公园 (Taixing Yangtze River Wetland Park),2026-02-21 17:50,25,2
L38896080,CN,CN-37,,36.2392154,117.1139496,泰山--中天门 (Mount Tai--Zhongtianmen),2026-06-05 08:47,23,3
L8425467,CN,CN-37,,36.2572418,117.1071621,泰山--玉皇顶 (Mount Tai--Yuhuangding [Summit]),2026-09-22 11:00,65,16
L39840588,CN,CN-32,,32.4856525,119.9074816,泰山公园 (Taishan Park)
L39840602,CN,CN-32,,32.4600222,119.9224448,"泰州人民公园 (People's Park, Taizhou)",2026-09-20 15:30,30,2
L38035884,CN,CN-23,,46.3943548,123.442357,泰来泰湖国家湿地公园 (Tailai Taihu Wetland Park),2026-06-02 08:00,35,3
L9936225,CN,CN-51,,29.9118677,102.2316456,泸定桥 (Luding Bridge),2026-04-18 15:05,26,8
L37792954,CN,CN-51,,27.8298873,102.2685353,泸山 (Lushan Mountain),2026-08-09 06:19,56,3
L10169159,CN,CN-53,,27.6793597,100.77249,泸沽湖 [云南] (Lugu Lake [Yunnan side]),2026-09-26 18:09,143,25
L5514520,CN,CN-51,,27.7014639,100.812006,泸沽湖 [四川] (Lugu Lake [Sichuan side]),2025-12-06 14:14,56,3
L7289011,CN,CN-14,,35.4930581,112.8637773,泽州公园 (Zezhou Park),2026-03-07 15:30,38,19
L22298325,CN,CN-35,,25.5720722,119.5601385,泽朗垦区 (Zelang Reclamation Area),2024-05-07 12:00,28,1
L38297681,CN,CN-61,,34.4591497,109.0818889,泾渭湿地 (Jing-Wei River Wetlands),2025-07-24 06:19,53,5
L6135918,CN,CN-42,,29.9497212,111.5739165,洈水水库 (Weishui Reservoir),2026-03-02 09:28,85,10
L1327365,CN,CN-32,,32.5816667,121.0066667,洋口 (Yangkou),2026-09-25 16:57,312,320
L4623957,CN,CN-32,,32.528747,121.137521,洋口海堤--东 (Yangkou Seawall--Ramp 2),2026-09-03 12:37,211,98
L4623948,CN,CN-32,,32.545022,121.092769,洋口海堤--西 (Yangkou Seawall--Ramp 1),2026-08-03 15:00,177,63
L3678518,CN,CN-13,,39.7808226,119.4216029,洋河口及林地 (Yanghe Estuary and Woods),2026-09-24 14:44,221,49
L22468181,CN,CN-37,,36.1254148,120.1033742,洋河口湿地 (Yanghe Estuary Wetlands),2026-01-20 16:51,59,9
L37917943,CN,CN-13,,40.381494,115.3695145,洋河大黄庄段 (Yang River at Dahuangzhuang),2026-04-04 09:45,131,30
L17533931,CN,CN-43,,28.125756,112.927154,洋湖国家湿地公园 (Yanghu National Wetland Park),2026-09-25 06:30,180,188
L64601463,CN,CN-12,,39.250678,118.018971,洒金坨村 (Sajintuo Village),2026-08-30 15:21,67,10
L28268439,CN,CN-53,,22.7748248,100.9914746,洗马湖湿地公园 (Ximahu Wetland Park),2026-08-11 07:28,56,7
L22427768,CN,CN-23,,53.3324212,121.5629532,洛古河 (Luoguhe),2013-07-01 12:26,3,1
L21283027,CN,CN-41,,34.6604553,112.4531904,洛浦公园情人岛及国花园 (Luopu Park & Mudan Garden),2025-01-30 17:00,43,4
L33931984,CN,CN-65,,37.064087,80.1825789,洛浦青年公园 (Lop Youth Park),2024-07-11 14:00,11,2
L39745943,CN,CN-35,,24.9517349,118.6807519,洛阳桥 (Luoyang Bridge),2026-08-05 17:34,39,5
L38765220,CN,CN-41,,33.6646786,111.8364086,洛阳白云山--度假区 (Luoyang Baiyun Mountain--Resort Area)
L38765225,CN,CN-41,,33.646042,111.8439521,洛阳白云山--玉皇顶 (Luoyang Baiyun Mountain--Yuhuangding [Summit]),2026-07-12 04:44,43,2
L3964469,CN,CN-53,,24.889098,102.8175473,洛龙公园 (Luolong Park),2025-07-31 16:41,38,5
L12532080,CN,CN-33,,27.8234735,121.1528369,洞头--岙内排洪沟 (Dongtou--Aonei Stream),2026-05-01 07:21,130,31
L15195196,CN,CN-33,,27.720756,121.1878874,洞头国家级海洋公园 (Dongtou National Marine Park),2026-08-03 12:12,33,15
L41121159,CN,CN-36,,28.0116579,114.8215541,洞村乡,2023-07-04 06:15,18,1
L38581578,CN,CN-31,,31.0805325,121.2256506,洞泾 (Dongjing),2026-08-02 07:00,98,42
L63825671,CN,CN-31,,31.0856503,121.2239695,洞泾-石塔庙沿河农田,2026-09-03 13:45,38,7
L32490126,CN,CN-12,,38.9990044,117.3317131,津南海教园湿地 (Riverside Wetlands of Haihe Education Zone),2026-09-02 17:50,59,8
L35340961,CN,CN-32,,31.3244025,120.7395185,津梁街大草坪 (Jinliang St. Big Lawn),2026-09-25 15:02,43,56
L32490047,CN,CN-12,,38.8606944,117.1635775,津汕联络线 (Jinshan Connection Line),2021-11-08 12:00,12,3
L36152989,CN,CN-61,,34.0998507,108.8055767,洨河生态公园河岸 (Xiaohe Eco-Park),2025-05-02 16:00,18,2
L8281890,CN,CN-35,,24.6626427,116.9769291,洪坑土楼 (Hung Hang Tulou Scenic Area),2026-08-13 15:00,76,7
L39033345,CN,CN-42,,30.5346232,114.3437908,洪山公园 (Hongshan Park)
L22577003,CN,CN-35,,26.0776676,119.2525609,洪山大桥 (Hongshan Bridge),2025-11-27 12:58,30,10
L14010660,CN,CN-36,,28.7315612,115.7255647,洪崖丹井 (Hongya Danjing),2026-01-13 08:50,52,4
L6593081,CN,CN-53,,24.443939,97.5642291,洪崩河 (Hongbenghe),2026-08-10 19:20,413,1325
L10458229,CN,CN-53,,24.450896,97.622565,洪崩河--12号塘 (Hongbenghe--Hide 12),2025-07-29 14:23,112,14
L39237329,CN,CN-53,,24.449496,97.62381,洪崩河--3号塘 (Hongbenghe--Hide 3),2026-05-07 12:37,126,89
L30549791,CN,CN-53,,24.446007,97.605417,洪崩河--5号塘 (Hongbenghe--Hide 5),2026-02-07 15:05,130,41
L10462978,CN,CN-53,,24.449905,97.594132,洪崩河--7号塘 (Hongbenghe--Hide 7),2025-01-18 16:00,166,29
L10434513,CN,CN-53,,24.44774,97.541597,洪崩河--调压井 (Hongbenghe--surge tank station slope),2026-08-09 20:20,295,309
L10434652,CN,CN-53,,24.437688,97.533368,洪崩河村 (Hongbenghe Village),2026-08-10 19:20,282,183
L5875457,CN,CN-23,,47.796111,133.693707,洪河国家级自然保护区 (Honghe NNR),2015-07-30 00:00,22,2
L39790730,CN,CN-41,,36.0471063,114.3711803,洪河湿地公园 (Honghe Wetland Park),2025-01-29 15:09,7,1
L39545827,CN,CN-14,,36.2748115,111.6725979,洪洞汾河国家湿地公园 (Hongtong National Wetland Park),2026-05-04 15:30,95,7
L7121573,CN,CN-44,,22.5683758,114.1215026,洪湖公园 (Honghu Park),2026-09-03 15:50,112,105
L59475784,CN,CN-15,,47.0050752,120.1870823,洮儿河国家湿地公园,2026-07-12 10:23,18,2
L61005172,CN,CN-62,,35.2522629,103.8250278,洮河油磨滩段 (Tao River at Youmotan),2026-07-02 20:29,18,0
L4743230,CN,CN-53,,25.6046698,100.2477186,洱海公园 (Erhai Park),2026-06-02 10:04,98,27
L8318613,CN,CN-53,,25.6136156,100.2309316,洱海月湿地公园 (Erhai Moon Wetland Park),2026-09-27 15:43,212,223
L38931635,CN,CN-53,,25.6354134,100.27668,洱海玉白菜湿地公园 (Erhai Yubaicai Wetland Park),2025-06-13 16:00,58,9
L12907535,CN,CN-53,,26.0125849,100.0453614,洱源西湖 (Er'yuan West Lake),2025-05-03 12:00,98,18
L39963171,CN,CN-44,,22.9804896,113.0848504,洲尾围生态公园 (Zhouweiwei Wetland Park),2025-03-25 09:32,16,1
L38671718,CN,CN-41,,36.1143202,114.3438349,洹园 (Huan Yuan),2025-10-07 11:31,16,1
L38319907,CN,CN-13,,36.7659587,114.5377367,洺湖公园 (Minghu Park)
L23225487,CN,CN-45,,22.515221,106.949242,派母 (Paimu),2025-11-19 08:04,92,23
L16187977,CN,CN-34,,31.6637058,117.2946691,派河大桥及周边湿地 (Paihe Bridge & Surrounding Wetlands),2026-05-10 11:00,107,18
L38888440,CN,CN-33,,29.052089,119.37438,派溪童村 (Paixitong Village),2024-12-27 09:59,56,2
L16712197,CN,CN-45,,21.456487,109.067353,流下村湿地 (Liuxia Wetlands),2025-10-30 16:10,41,2
L38175361,CN,CN-51,,28.7810577,104.6186937,流杯池公园 (Liubeichi Park),2026-04-22 15:58,3,0
L5855899,CN,CN-44,,23.7489166,113.781184,流溪河森林公园 (Liuxi River National Forest Park),2026-06-20 14:03,103,31
L4092146,CN,CN-44,,23.1358916,113.2511473,流花湖公园 (Liuhua Lake Park),2026-09-27 15:16,134,468
L38672412,CN,CN-41,,32.1183311,114.0684729,浉河公园 (Shihe Park),2025-01-27 10:00,7,1
L39459649,CN,CN-37,,36.6612018,116.9890329,"济南中山公园 (Zhongshan Park, Jinan)",2026-03-22 08:40,6,1
L36884838,CN,CN-37,,36.702092,116.9863552,济南动物园 (Jinan Zoo)
L39459790,CN,CN-37,,36.5395238,116.8093719,济南园博园 (Jinan Garden Expo Park),2025-12-20 08:49,22,1
L36884854,CN,CN-37,,36.6678932,116.9412471,济南森林公园 (Jinan Forest Park),2025-10-18 07:24,25,3
L2102129,CN,CN-37,,36.6159065,117.4601984,济南植物园 (Jinan Botanical Garden),2017-03-30 11:00,18,2
L38843342,CN,CN-37,,35.4085099,116.5873874,"济宁人民公园 (People's Park, Jining)"
L38843278,CN,CN-37,,35.3409321,116.5955923,"济宁市民公园 (Citizen's Park, Jining)",2026-06-03 12:33,7,1
L38671637,CN,CN-41,,35.112615,112.5554665,济源植物园 (Jiyuan Botanical Garden)
L39459680,CN,CN-37,,36.641568,116.8002898,济西国家湿地公园 (Jixi Wetland Park),2026-02-05 07:11,50,2
L28456454,CN,CN-32,,31.5254709,121.3038254,浏河江滩湿地公园 (Liuhe Riverbank Wetland Park),2026-07-07 13:48,75,11
L39905938,CN,CN-32,,31.5146379,121.3181555,浏河阅兵台 (Liuhe Yuebingtai),2026-08-11 13:53,128,39
L1795877,CN,CN-43,,28.420601,114.0824604,浏阳大围山国家森林公园 (Liuyang Daweishan National Forest Park),2026-06-26 18:00,116,13
L5815161,CN,CN-61,,34.4226751,109.000855,浐灞国家湿地公园 (Chan Ba National Wetland Park),2026-09-06 13:00,163,103
L47656958,CN,CN-21,,41.7410812,123.4287671,浑南市民公园 (Hunnan Citizen Park),2026-07-10 05:00,143,122
L23177016,CN,CN-21,,41.6617616,123.4495386,浑南新城中央公园 (Central Park of Hunnan Xincheng),2026-02-28 15:55,38,21
L38037954,CN,CN-22,,41.9519988,126.4131252,"浑江北山公园 (Beishan Park, Hunjiang)",2025-10-19 09:30,11,2
L40862039,CN,CN-21,,41.7504667,123.3715587,浑河晚渡公园东区 (Hunhe Wandu Park East),2023-08-04 15:53,9,1
L1871146,CN,CN-21,,41.7462275,123.3514382,浑河晚渡公园西区 (Hunhe Wandu Park West),2023-08-07 11:35,49,13
L38650537,CN,CN-21,,41.761409,123.5018046,浑河森林公园 (Hunhe Forest Park)
L47907013,CN,CN-21,,41.7840392,123.5347691,浑河王家湾大坝 (Wangjiawan Dam at Hun River),2026-03-08 12:31,59,8
L57543859,CN,CN-21,,41.696323,123.236843,浑河西峡谷生态公园 (Hunhe Xixiagu Eco-Park),2026-04-29 10:31,48,1
L12748164,CN,CN-21,,41.8212491,123.5973555,浑河鸟岛 (Hun River Bird Island),2026-03-11 15:00,122,144
L10907534,CN,CN-44,,23.1696608,113.1993867,浔峰岗生态园 (Xunfenggang Eco-Park),2026-09-27 15:54,170,402
L5735972,CN,CN-44,,23.1703988,113.1813785,浔峰洲 (Xunfengzhou),2019-11-09 06:30,39,15
L9025381,CN,CN-33,,30.2556257,119.7286849,浙江农林大学东湖校区 (Zhejiang Forestry University - Donghu Campus),2026-09-21 14:00,174,129
L23206150,CN,CN-33,,30.1934275,120.1261153,浙江大学之江校区 (Zhejiang University - Zhijiang Campus),2026-07-12 00:00,31,5
L8199443,CN,CN-33,,30.2707644,120.1949867,浙江大学华家池校区 (Zhejiang University - Huajiachi Campus),2026-08-04 07:15,44,12
L18935171,CN,CN-33,,30.5189077,120.7254681,浙江大学海宁国际校区 (Zhejiang University - International Campus),2025-06-02 21:19,81,27
L23277955,CN,CN-33,,30.2624552,120.1219677,浙江大学玉泉校区 (Zhejiang University - Yuquan Campus),2026-05-19 11:50,86,37
L5270659,CN,CN-33,,30.3005571,120.0826837,浙江大学紫金港校区 (Zhejiang University - Zijingang Campus),2026-09-24 13:27,268,939
L18712177,CN,CN-33,,30.27441,120.1407627,浙江大学西溪校区 (Zhejiang University - Xixi Campus),2025-05-09 14:16,22,4
L29782035,CN,CN-33,,30.2276282,120.0321365,浙江工业大学屏峰校区 (Zhejiang University of Technology - Pingfeng Campus),2026-07-19 15:54,106,122
L30882283,CN,CN-33,,30.291861,120.167136,浙江工业大学朝晖校区 (Zhejiang University of Technology - Zhaohui Campus),2025-12-26 07:00,35,24
L33210333,CN,CN-33,,30.5487146,120.040132,浙江工业大学莫干山校区 (Zhejiang University of Technology - Moganshan Campus),2025-12-09 16:00,50,20
L13971555,CN,CN-33,,29.1348483,119.6456031,浙江师范大学 (Zhejiang Normal University),2026-08-23 16:48,46,6
L16339410,CN,CN-33,,29.9606856,122.1915827,浙江海洋大学长峙校区 (Zhejiang Ocean University - Changzhi Campus),2026-02-18 14:30,93,29
L55996266,CN,CN-33,,30.221809,120.022896,浙江科技大学屏峰校区 (ZUST - Pingfeng Campus),2026-08-25 10:39,73,18
L38896590,CN,CN-37,,36.7070873,119.230742,浞河景区 (Zhuohe Scenic Area)
L1616794,CN,CN-51,,30.6565812,104.0299702,浣花溪公园 (Huanhuaxi Park),2026-09-23 14:15,230,486
L45147785,CN,CN-51,,30.6557201,104.0268938,浣花溪公园--万树山 (Huanhuaxi Park--Wanshu Hill),2026-09-23 12:46,112,60
L57232095,CN,CN-31,,31.2445878,121.5255281,浦东滨江,2026-01-14 14:15,3,1
L40003383,CN,CN-31,,31.3224327,121.5949787,浦东牡丹园 (Pudong Mudan Garden)
L24022559,CN,CN-31,,31.2552748,121.6469393,浦东金海湿地公园 (Pudong Jinhai Wetland Park),2026-09-19 10:00,150,490
L40003363,CN,CN-31,,31.2785759,121.5904236,浦兴文化公园 (Puxing Culture Park),2026-06-06 11:32,2,0
L58114821,CN,CN-33,,29.5305885,120.074425,"浦江--塘里村 (Tangli, Pujiang)",2026-01-22 00:00,3,0
L21340369,CN,CN-31,,31.0138595,121.4703902,浦江第一湾公园 (Pujiang Diyiwan Park),2026-04-18 09:00,36,9
L19494183,CN,CN-31,,31.0603747,121.4952395,浦江郊野公园 (Pujiang Country Park),2026-09-12 08:19,101,128
L29755676,CN,CN-33,,30.1550364,120.1541635,浦沿--回龙山 (Puyan--Huilong Hill),2024-11-18 13:07,12,2
L13032985,CN,CN-33,,30.1492958,120.1415074,"浦沿江滩 (Puyan Section, Qiantang River)",2026-08-10 15:08,174,570
L15497829,CN,CN-63,,37.5026896,101.1999113,浩门林场 (Haomen Forest),2022-08-05 08:47,27,3
L20393434,CN,CN-63,,36.9281924,102.372282,浪士当沟 (Langshidang Valley),2026-08-30 07:20,110,37
L22645299,CN,CN-33,,30.4351432,122.9399736,浪岗山列岛 (Langgangshan Islands),2025-01-18 11:30,16,13
L39643410,CN,CN-35,,24.3257386,118.0271692,浮宫农场 (Fugong Farm)
L27063753,CN,CN-37,,36.0918221,120.4043006,浮山香苑（Faushan  Garden）,2025-06-28 08:41,24,5
L21996096,CN,CN-34,,31.84935,117.64394,浮槎山 (Fuchashan),2023-01-01 09:17,9,1
L12602085,CN,CN-34,,30.0727428,118.1572249,浮溪 (Fuxi Creek),2026-07-09 06:00,70,23
L22051153,CN,CN-43,,26.5785309,111.7760446,浯溪国家湿地公园 (Wuxi National Wetland Park),2026-04-25 08:30,10,0
L38858188,CN,CN-37,,37.4366285,122.1611745,海上公园 (Haishang Park),2026-05-19 16:32,4,1
L64610228,CN,CN-65,,46.9854861,87.4802315,海上魔鬼城景区 (Lakefront Yardang Scenic Area),2026-09-23 17:30,14,1
L3852751,CN,CN-53,,24.9194567,102.7358751,海东湿地公园 (Haidong Wetland Park),2026-03-26 16:30,152,45
L24021610,CN,CN-33,,30.0639855,122.2465727,海丰渔业村 (Haifeng Fishery Village),2026-06-24 08:57,111,34
L58926714,CN,CN-53,,24.7678563,102.6109436,海丰湿地 (Haifeng Wetlands),2024-12-06 11:00,37,4
L38396083,CN,CN-21,,38.9014421,121.7082937,海之韵公园 (Haizhiyun Park),2026-09-27 15:14,33,10
L19031704,CN,CN-44,,20.9938488,110.4739795,海仔 (Haizai),2024-01-17 17:30,37,2
L39712426,CN,CN-37,,35.8183699,120.0313854,海军公园 (Navy Park),2026-02-20 10:41,52,3
L21290827,CN,CN-46,,19.5104394,109.4913332,海南大学儋州校区 (Hainan University - Danzhou Campus),2026-05-20 21:00,39,7
L8992831,CN,CN-46,,20.0589449,110.326939,海南大学海甸校区 (Hainan University - Haidian Campus),2026-09-23 16:25,52,20
L57326620,CN,CN-46,,19.5134179,109.5032065,海南热带植物园 (Hainan Tropical Botanical Garden),2026-01-18 08:00,56,1
L2813496,CN,CN-32,,32.561991,121.040156,海印寺 (Haiyin Temple Woods),2026-09-12 17:27,254,166
L38083137,CN,CN-46,,20.0337413,110.3429992,"海口人民公园 (People's Park, Haikou)",2025-03-27 17:00,2,1
L60086963,CN,CN-46,,19.938577,110.462122,海口美兰国际机场 (Haikou Meilan International Airport),2026-06-26 15:53,6,1
L60085587,CN,CN-46,,19.9030943,110.3109596,海口观澜湖度假酒店 (Mission Hills Resort Haikou),2026-04-26 20:30,35,11
L39980936,CN,CN-44,,20.9959755,110.2820025,海坡南 (Haiponan)
L39480698,CN,CN-31,,30.8099404,121.4914846,海坤路草坪 (Haikun Rd. Lawn),2026-08-30 06:57,99,53
L4726152,CN,CN-53,,24.9601208,102.6586149,海埂公园 (Haigeng Park),2026-09-09 12:53,68,36
L10513607,CN,CN-53,,24.9799743,102.6505702,海埂大坝 (Haigeng Embankment),2026-09-09 12:33,89,57
L10147366,CN,CN-44,,22.2976239,113.5775496,海天公园 (Haitian Park),2025-04-19 09:44,19,1
L54094251,CN,CN-32,,34.9037709,119.2024913,海头镇海滨 (Haitou Coast),2026-08-30 15:30,88,10
L38212301,CN,CN-11,,39.8162924,116.3479637,海子公园 (Haizi Park),2025-10-19 16:16,4,1
L14010891,CN,CN-33,,30.3736821,120.8209939,海宁--谈家罅 (Haining--Tanjiaxia),2026-02-17 15:44,44,6
L14010839,CN,CN-33,,30.5320096,120.70497,"海宁东山公园 (Dongshan Park, Haining)",2026-05-01 09:00,69,13
L61416091,CN,CN-33,,30.5799093,120.6947363,"海宁十里风荷 (Miles of Lotus in the Breeze, Haining)",2026-09-03 16:02,62,22
L24002517,CN,CN-64,,38.4932719,106.2787212,海宝公园 (Haibao Park),2026-06-28 10:00,76,35
L6529848,CN,CN-44,,22.8096528,112.9845142,海寿岛 (Haishou Island),2019-10-20 08:00,37,3
L5193155,CN,CN-46,,19.4392618,108.8474858,海尾国家湿地公园 (Haiwei National Wetland Park),2026-07-25 09:15,134,99
L58730909,CN,CN-44,,22.562686,114.23625,海山公园 (Haishan Park),2026-02-17 11:06,15,1
L40843340,CN,CN-35,,24.4782192,118.1872755,海峡国际社区,2024-05-17 07:00,12,2
L38108969,CN,CN-53,,25.7541418,103.6286496,海峰湿地 (Haifeng Wetlands)
L40652467,CN,CN-44,,23.1115137,113.3247816,海心沙岛 (Haixinsha Island),2026-01-10 11:02,16,0
L40003495,CN,CN-31,,30.82153,121.4922436,海思路基本农田 (Haisi Rd Basic Farmland),2026-08-30 11:25,156,119
L6084681,CN,CN-15,,49.21146,119.70931,海拉尔国家森林公园 (Hailar National Forest Park),2026-08-22 10:57,93,48
L26347573,CN,CN-37,,35.4215993,119.4700317,海曲公园 (Haiqu Park),2023-04-01 09:00,6,1
L21602576,CN,CN-43,,28.1185015,112.9776843,海棠公园 (Haitang Park),2024-11-19 16:37,23,3
L38450999,CN,CN-11,,39.8353749,116.504398,海棠公园 (Haitang Park)
L39614553,CN,CN-63,,36.662484,101.7543186,海棠公园 (Haitang Park),2026-06-18 18:58,21,3
L11923877,CN,CN-12,,39.0759109,117.3092038,海河东丽段 (Hai River - Dongli Section),2026-03-08 08:40,59,17
L29333328,CN,CN-12,,39.1315167,117.1989834,海河中心广场公园 (Haihe Central Square Park),2026-07-26 23:08,9,1
L39712492,CN,CN-37,,36.0957709,120.3561734,海泊河公园 (Haibohe Park),2026-04-17 14:45,22,3
L27776259,CN,CN-53,,24.9561813,102.6846287,海洪湿地公园 (Haihong Wetland Park),2026-08-22 09:57,74,48
L35867003,CN,CN-15,,40.6679402,111.3907742,海流水库 (Hailiu Reservoir),2026-09-06 15:00,132,27
L24683945,CN,CN-11,,39.985886,116.2952155,海淀公园 (Haidian Park),2026-09-23 18:34,68,45
L7206218,CN,CN-63,,36.6541836,101.6925858,海湖湿地公园 (Haihu Wetland Park),2026-05-20 07:30,69,18
L28531311,CN,CN-44,,23.3527714,116.7619539,海湾湿地生态公园 (Bay Wetland Eco-Park),2026-09-19 18:00,31,12
L38320758,CN,CN-13,,39.8828914,119.5292323,海滨森林公园 (Haibin Forest Park),2025-10-17 09:30,7,1
L4654316,CN,CN-44,,23.0716349,113.3343678,海珠国家湿地公园 (Haizhu National Wetland Park),2026-08-04 09:00,111,92
L40091343,CN,CN-44,,23.0528378,113.3457491,海珠国家湿地公园三期 (Haizhu National Wetland Park Area III),2026-01-02 09:42,22,4
L40091255,CN,CN-44,,23.0614525,113.3350899,海珠国家湿地公园二期 (Haizhu National Wetland Park Area II),2026-05-16 14:40,60,23
L4639483,CN,CN-44,,23.074086,113.3224565,海珠湖公园 (Haizhu Lake Park),2026-09-11 16:05,116,172
L29844324,CN,CN-33,,30.550681,120.963389,海盐--孙家村 (Haiyan--Sunjia Village),2026-09-26 07:38,122,48
L20426121,CN,CN-33,,30.5779798,120.8942601,海盐新四季农场 (Haiyan New Season Farm),2026-09-24 05:40,162,107
L37934831,CN,CN-33,,30.587514,121.006576,海盐植物园 (Haiyan Botanical Garden),2026-09-23 08:50,4,0
L3162182,CN,CN-50,,29.692191,106.4126515,海石公园 (Haishi Park),2023-10-29 14:51,3,0
L38428171,CN,CN-45,,21.497556,109.6805828,海脚 (Haijiao)
L7977589,CN,CN-53,,25.869467,100.1561036,海舌公园 (Haishe Park),2026-08-12 18:35,99,33
L72990698,CN,CN-65,,46.8026998,84.3322245,海航草原 (Haihang Grassland),2026-09-20 17:42,81,19
L38284993,CN,CN-62,,37.9516329,102.6208791,海藏公园 (Haicang Park),2026-09-10 11:23,26,4
L38182893,CN,CN-51,,29.5773368,102.0188452,海螺沟冰川森林--二号至三号营地步道 (Hailuogou Glacier Forest--Trails between Camp Site No.2-3),2026-07-10 10:49,148,80
L38182921,CN,CN-51,,29.5488154,101.9714048,海螺沟冰川森林--红石滩观景台 (Hailuogou Glacier Forest--Hongshitan Glacier View)
L38182915,CN,CN-51,,29.5677774,101.9880836,海螺沟冰川森林--黑松林观景台 (Hailuogou Glacier Forest--Heisonglin Glacier View),2026-07-08 09:57,35,4
L10267954,CN,CN-51,,29.5789623,102.0054388,海螺沟冰川森林公园 (Hailuogou Glacier Forest Park),2026-08-31 08:56,273,443
L25599521,CN,CN-13,,40.648536,115.7260812,海陀南梁 (Haituo South Mountain),2023-08-12 10:00,6,2
L39964716,CN,CN-44,,21.6826954,111.9184342,海陵大堤 (Hailing Embankment),2026-01-19 14:23,66,12
L39964744,CN,CN-44,,21.6466947,111.9723898,海陵岛红树林国家湿地公园 (Hailing Island Mangrove Park),2026-08-23 13:42,20,4
L12927439,CN,CN-33,,27.8522174,121.1466824,海韵大道--观景湖 (Haiyun Road--Scenic Lake),2025-12-15 00:00,14,3
L19626872,CN,CN-37,,37.447194,122.6715733,海驴岛 (Hailü Island),2024-10-12 09:00,26,3
L21464322,CN,CN-44,,22.8733085,113.5500097,海鸥岛湿地公园 (Gull Island Wetland Park),2026-01-18 16:00,47,5
L4740469,CN,CN-50,,29.5397684,106.6081524,涂山湖 (Tushan Lake),2022-07-02 07:31,17,3
L12949830,CN,CN-33,,29.5937493,121.9555808,涂茨镇 (Tuci Town Fields),2024-10-23 14:09,40,3
L17973962,CN,CN-37,,35.9218597,119.3104216,涓河卧龙湖 (Juan River & Wolong Lake)
L38340420,CN,CN-14,,36.0943099,111.5767923,涝洰河公园 (Laojuhe Park),2026-02-14 16:10,14,1
L38297938,CN,CN-61,,34.2533498,108.6189152,涝渭湿地 (Lao-Wei River Wetlands),2026-09-27 08:00,155,54
L38319839,CN,CN-13,,39.2111577,114.700951,"涞源白石山 (Baishi Mountain, Laiyuan)",2025-05-24 13:25,16,1
L41542155,CN,CN-31,,31.2290478,121.6109788,涟动公园 (Liandong Park),2026-09-26 14:29,37,8
L3510750,CN,CN-45,,21.0418891,109.1196442,涠洲岛 (Weizhou Island),2026-04-05 18:02,121,40
L38285032,CN,CN-62,,38.9555732,100.4713226,润泉湖公园 (Runquan Lake Park)
L40712933,CN,CN-35,,26.12632,119.333455,涧田湖公园 (Jiantian Lake Park),2025-11-12 15:17,27,4
L39484764,CN,CN-42,,30.6693048,114.7253365,涨渡湖 (Zhangdu Lake),2026-02-22 15:00,68,11
L11116569,CN,CN-51,,31.4216267,104.7881309,涪江塘汛上游段 (Fujiang River - Upper Tangxun Section),2026-07-19 23:05,65,5
L39958430,CN,CN-37,,35.9752457,120.2983695,涵碧楼度假酒店 (Hanbilou Resort Hotel),2026-07-18 11:00,30,6
L37871053,CN,CN-31,,31.1306911,121.0093208,淀山湖生态园 (Dianshan Lake Eco-Garden),2026-08-19 14:48,35,4
L38841987,CN,CN-37,,36.825099,118.1504953,"淄博九顶山 (Jiuding Hill, Zibo)",2024-02-12 12:24,7,0
L38841864,CN,CN-37,,36.8103794,118.0488723,"淄博人民公园 (People's Park, Zibo)",2026-01-02 09:31,8,2
L59153153,CN,CN-37,,36.8209906,117.9825825,淄博新区水系公园 (Zibo New District Water System Park),2026-02-17 15:00,2,0
L38841857,CN,CN-37,,36.7920593,118.0296443,淄博植物园 (Zibo Botanical Garden),2025-01-16 19:00,12,1
L66136383,CN,CN-37,,36.6315062,117.9754538,淄川体育公园 (Zichuan Sports Park),2026-02-17 15:00,21,2
L66137755,CN,CN-37,,36.6205885,117.9662061,淄川南部森林公园 (South Zichuan Forest Park),2026-02-10 09:00,13,1
L64606216,CN,CN-46,,19.6423,110.98153,淇水湾 (Qishui Bay),2025-12-02 09:49,24,2
L6963680,CN,CN-44,,22.4195132,113.6398069,淇澳岛 (Qi'ao Island),2026-09-21 17:40,181,82
L39745969,CN,CN-35,,24.5824341,118.3733398,淗江 (Jujiang),2022-12-24 10:30,81,4
L17056594,CN,CN-34,,33.9136778,116.8261008,"淮北南湖湿地公园 (Nanhu Wetland Park, Huaibei)",2025-12-08 15:52,45,6
L39842406,CN,CN-32,,33.5466067,119.1198962,淮安森林公园 (Huai'an Forest Park),2025-09-06 06:41,29,2
L61440829,CN,CN-32,,33.6112598,119.0393543,淮安樱花园 (Huai'an Sakura Garden),2024-03-30 17:00,10,1
L39857052,CN,CN-32,,34.2348005,117.1964381,淮海战役纪念公园 (Battle of Huaihai Memorial Park)
L32725208,CN,CN-44,,22.565478,113.99426,深云文体公园 (Shenyun Sports Park),2024-06-02 18:00,8,3
L38340988,CN,CN-44,,22.092191,113.4765656,深井湿地 (Shenjing Wetlands),2024-11-30 06:55,39,3
L19652842,CN,CN-44,,22.5652525,114.1542824,深圳东湖公园 (Shenzhen East Lake Park),2026-09-21 17:43,52,15
L17674121,CN,CN-44,,22.5472816,113.9183521,"深圳中山公园 (Zhongshan Park, Shenzhen)",2026-09-27 07:49,77,73
L28731151,CN,CN-44,,22.5482819,114.0775655,深圳中心公园 (Shenzhen Central Park),2026-05-23 14:25,49,18
L16027749,CN,CN-44,,22.5113379,113.9487768,深圳人才公园 (Shenzhen Talent Park),2026-09-27 16:48,164,533
L40083635,CN,CN-44,,22.5535099,114.1169906,"深圳人民公园 (People's Park, Shenzhen)",2026-09-12 11:20,32,8
L6121495,CN,CN-44,,22.5784821,114.1786451,深圳仙湖植物园 (Shenzhen Xianhu Botanical Garden),2026-09-26 07:11,137,188
L17534910,CN,CN-44,,22.6029712,114.5010922,深圳农科基地 (Shenzhen Base of Agricultural Sciences),2026-09-05 16:26,170,102
L4690666,CN,CN-44,,22.6753939,113.8499355,"深圳凤凰山森林公园 (Fenghuang Mountain Forest Park, Shenzhen)",2026-09-19 13:41,144,194
L28553390,CN,CN-44,,22.4972593,113.9061449,"深圳南山公园 (Nanshan Park, Shenzhen)",2026-09-26 12:42,27,8
L21369423,CN,CN-44,,22.5401958,114.0035313,深圳国际园林花卉博览园 (Shenzhen Garden & Flower Expo Park),2026-05-13 13:00,56,18
L36943710,CN,CN-44,,22.5305803,113.9349181,深圳大学 (Shenzhen University),2026-09-12 17:56,44,23
L55260581,CN,CN-44,,22.5386285,114.0597074,深圳市民广场 (Shenzhen Citizen Square),2026-06-03 11:42,20,7
L40059846,CN,CN-44,,22.7273419,113.7721702,深圳海上田园 (Shenzhen Waterlands Resort),2026-02-10 12:31,1,0
L10221821,CN,CN-44,,22.5154574,113.9580059,深圳湾--西北区域 (Shenzhen Bay--Northwest Corner),2026-08-15 16:05,153,195
L10275736,CN,CN-44,,22.4993079,113.9531339,深圳湾公园--日出剧场 (Shenzhen Bay Park--Sunrise Theatre),2026-09-27 16:50,156,209
L29221175,CN,CN-44,,22.5187671,113.9806609,深圳湾公园--海韵园 (Shenzhen Bay Park--Haiyun Garden),2026-09-26 16:37,130,105
L11678241,CN,CN-44,,22.5247652,114.0112311,深圳湾公园--红树林鸟类自然保护区 (Shenzhen Bay Park--Mangrove Birds Nature Reserve),2026-09-19 15:59,180,161
L29922517,CN,CN-44,,22.4856091,113.9473516,深圳湾运动公园 (Shenzhen Bay Sports Park),2026-07-04 12:30,56,25
L23971318,CN,CN-44,,22.5233774,113.9443675,深圳科技公园 (Shenzhen Science and Technology Park),2026-01-20 11:12,27,2
L5515086,CN,CN-44,,22.5215789,114.0001333,深圳红树林海滨生态公园 (Shenzhen Mangrove Coastal Eco-Park),2026-09-27 06:08,234,739
L39904650,CN,CN-32,,31.7034352,119.9242984,淹城遗址公园 (YanCheng Ruins),2023-07-02 09:01,17,1
L3702820,CN,CN-32,,32.0497039,118.7605494,清凉山公园 (Qingliangshan Park),2024-10-14 14:28,85,26
L3129917,CN,CN-33,,30.1103403,118.939662,清凉峰国家级自然保护区 (Qingliang Peak NNR),2026-08-03 07:56,173,109
L5270689,CN,CN-11,,40.002233,116.3227158,清华大学 (Tsinghua University),2026-09-21 08:08,166,650
L39467654,CN,CN-11,,40.2482518,116.1516414,清华大学昌平科研基地 (Tsinghua University - Changping Research Base),2023-11-16 14:30,1,1
L21983671,CN,CN-33,,28.092858,120.9958998,清和公园 (Qinghe Park),2026-03-07 10:51,45,8
L21903349,CN,CN-33,,29.0285239,119.5691872,清塘水库 (Qingtang Reservoir),2025-11-28 00:00,70,5
L38242973,CN,CN-51,,30.6576132,103.9866062,清水河公园 (Qingshuihe Park),2026-03-23 08:34,22,4
L60921347,CN,CN-53,,24.3526495,101.6402678,清水河桥 (Qingshuihe Bridge),2026-03-28 15:26,50,8
L32490269,CN,CN-12,,39.219105,117.598785,"清河农场五八一水库 (581 Reservoir, Qinghe Farm)",2026-02-08 13:01,24,3
L22413394,CN,CN-11,,40.0287317,116.3665867,清河西三旗段 (Qing River - Xisanqi Section),2026-03-10 13:00,72,68
L28190589,CN,CN-31,,31.2585084,121.3822094,清涧公园 (Qingjian Park),2026-09-25 09:22,41,98
L13373641,CN,CN-35,,24.9513169,118.6042187,清源山 (Qingyuan Mountain),2026-09-16 00:00,69,16
L21413110,CN,CN-46,,19.5759262,110.8163549,清澜大桥桥头公园 (Qinglan Bridge Park),2017-01-16 17:02,6,1
L35547659,CN,CN-46,,19.5494476,110.8316982,清澜港 (Qinglan Harbour),2026-07-28 17:49,26,7
L11633969,CN,CN-32,,33.5634254,120.5536683,清阳港鱼塘 (Qingyanggang Fish Ponds),2026-02-20 11:43,131,35
L38786439,CN,CN-37,,37.4144521,118.6819986,清风湖公园 (Qingfeng Lake Park)
L10841110,CN,CN-33,,28.8799977,122.2571023,渔山列岛 (Yushan Islands),2025-08-23 13:30,169,80
L17488214,CN,CN-32,,31.220205,120.379792,渔洋山 (Yuyang Hill),2026-09-26 12:44,143,137
L29216535,CN,CN-44,,21.2193937,110.4234268,渔港公园 (Fishery Port Park),2025-11-20 13:54,26,6
L30907649,CN,CN-36,,28.6352924,115.8346374,渔舟湾湿地公园 (Yuzhouwan Wetland Park),2025-03-07 17:26,32,3
L21571586,CN,CN-45,,22.4460553,107.91506,渠楠屯社区保护地 (Qunan Community Protected Area),2026-03-31 17:41,76,36
L22718408,CN,CN-45,,23.3458864,106.2792268,渠洋湖 (Quyang Lake),2026-08-05 09:50,13,2
L40428236,CN,CN-36,,29.174222,117.83638,渡头 (Dutou),2026-06-27 06:00,79,27
L5481473,CN,CN-32,,31.5423334,120.2335167,渤公岛生态公园 (Bogong Island Eco-Park),2026-06-21 14:16,92,29
L43962229,CN,CN-13,,39.1792569,118.3436576,渤海国际会议中心 (Bohai International Convention Center),2025-05-03 14:05,1,0
L25345595,CN,CN-65,,41.615056,80.681451,温宿大峡谷 (Onsu Grand Canyon),2026-07-28 14:00,16,3
L29159459,CN,CN-33,,28.2827878,121.4374685,温岭--国庆塘 (Wenling--Guoqing Sea Pond),2026-07-13 13:30,8,2
L13284203,CN,CN-33,,28.4109047,121.6404358,温岭东海塘 (Wenling East Sea Ponds),2026-03-14 00:00,70,6
L59581049,CN,CN-33,,28.3402613,121.4287273,温岭市植物园 (Wenling Botanical Garden),2026-02-19 11:14,15,1
L10847868,CN,CN-33,,27.9403756,120.5689772,温州市学生实践学校 (Wenzhou Student Practical School),2024-10-18 00:00,19,0
L4285160,CN,CN-33,,27.8245788,120.8687926,温州湾永强海滨 (Wenzhou Bay--Yongqiang Coast),2026-07-24 00:00,261,123
L16432552,CN,CN-33,,27.9092553,120.8556681,温州龙湾国际机场及附近湿地 (WIA and Surrounding Wetlands),2026-09-23 05:23,169,32
L4427370,CN,CN-11,,39.939495,116.643024,温榆河 (Wenyu River),2026-08-26 06:00,306,598
L29463847,CN,CN-11,,40.079663,116.4913623,温榆河-清河汇合段 (Wenyu & Qing River Confluence),2026-07-04 09:48,85,13
L6950604,CN,CN-11,,40.0569953,116.5376692,温榆河京密路桥段 (Wenyu River - Jingmi Rd Section),2026-09-10 14:57,107,33
L8325827,CN,CN-11,,40.0426162,116.5488722,温榆河机场段 (Wenyu River - Airport Rd Section),2026-06-08 14:09,132,174
L10488106,CN,CN-11,,40.071547,116.510405,温榆河顺义段 (Wenyu River - Shunyi Section),2026-08-20 08:32,196,182
L38242802,CN,CN-51,,30.6970268,103.8464383,温江公园 (Wenjiang Park)
L23400687,CN,CN-35,,26.0968137,119.3128002,温泉公园 (Hot Spring Park),2026-04-02 12:45,33,8
L37988491,CN,CN-65,,44.9770088,81.0153337,温泉国家湿地公园 (Wenquan National Wetland Park)
L15928743,CN,CN-63,,33.2336431,91.8594317,温泉山口 (Wenquan Pass),2012-10-22 00:00,40,4
L38297535,CN,CN-61,,34.3502652,108.7635002,渭柳湿地公园 (Weiliu Wetland Park),2026-08-29 10:09,103,16
L19265188,CN,CN-61,,34.2350283,108.0710218,渭河杨凌段 (Wei River - Yangling Section),2026-09-15 16:30,240,291
L38285779,CN,CN-62,,34.9867465,104.0895519,渭河源景区 (Weiheyuan Scenic Area),2026-07-06 15:00,84,5
L60286878,CN,CN-62,,34.9915016,104.0228185,"渭源太白山 (Taibai Mountain, Weiyuan)",2026-05-07 07:08,84,6
L38297539,CN,CN-61,,34.3291572,108.7159838,渭滨公园 (Weibin Park),2025-05-31 19:00,12,2
L74647470,CN,CN-31,,31.1333024,121.4587228,港口渡口
L38297892,CN,CN-61,,34.1175569,108.5814979,渼陂湖风景区 (Meipi Lake Scenic Area)
L76907454,CN,CN-35,,25.0927481,119.1494896,湄洲妈祖祖庙 (Meizhou Mazu Temple),2025-11-28 15:20,2,1
L76907605,CN,CN-35,,25.0648518,119.1288703,湄洲岛 (Meizhou Island),2025-11-29 11:54,1,0
L4112221,CN,CN-44,,21.139,110.278,湖光岩风景区 (Huguangyan Scenic Area),2026-02-18 11:12,51,12
L21500898,CN,CN-33,,29.1203326,119.8074677,湖北村 (Hubei Village),2026-07-21 19:00,60,5
L52726216,CN,CN-42,,32.0808247,111.9376727,湖北长寿岛国家湿地公园 (Longevity Island Wetland Park),2026-09-12 16:54,78,9
L7901122,CN,CN-43,,28.1809818,113.0840007,湖南农业大学 (Hunan Agricultural University),2021-03-12 09:26,60,8
L38537564,CN,CN-43,,28.1793028,112.9457725,湖南大学 (Hunan University),2026-04-25 12:00,2,0
L65230607,CN,CN-43,,28.2088661,112.9932475,湖南烈士公园,2026-09-12 12:00,43,12
L17560180,CN,CN-43,,28.1048488,113.0313376,湖南省森林植物园 (Hunan Forest Botanical Garden),2026-07-19 20:32,79,18
L10826353,CN,CN-33,,28.5829565,119.0029975,湖山水库 (Hushan Reservoir),2025-11-16 00:00,10,0
L66843022,CN,CN-33,,30.8738116,120.1345323,湖州师范大学 (Huzhou University),2026-07-03 08:36,20,1
L13944767,CN,CN-33,,29.0507223,119.6398899,湖海塘公园 (Huhaitang Park),2026-08-10 12:30,167,45
L38474403,CN,CN-43,,27.8348166,112.940776,湖湘公园 (Huxiang Park),2025-10-03 13:00,9,1
L29846077,CN,CN-34,,31.6782,117.29333,湖滨国家湿地公园--宁滩潮韵 (Lakeshore National Wetland Park--Ningtanchaoyun),2026-07-13 11:31,102,25
L36885914,CN,CN-35,,24.5045844,118.1064957,湖里公园 (Huli Park),2024-01-01 12:00,1,0
L36103667,CN,CN-35,,24.5159727,118.1978635,"湖里浦口 (Pukou, Xiamen)",2026-09-19 09:49,131,60
L26495102,CN,CN-43,,28.1649454,112.9552083,湘江江滩公园 (Xiangjiang Riverbank),2026-03-24 12:48,17,3
L10885326,CN,CN-33,,30.1259895,120.2090267,湘湖 (Xiang Lake),2026-09-10 16:34,130,118
L39980868,CN,CN-44,,21.1986113,110.4169709,"湛江海滨公园 (Haibin Park, Zhanjiang)"
L19033678,CN,CN-44,,20.8371215,110.2742976,溪打 (Xida),2024-01-19 17:24,34,2
L9929549,CN,CN-35,,26.6330212,118.1328803,溪源大峡谷 (Xiyuan Grand Canyon),2024-11-29 08:00,45,3
L6142493,CN,CN-32,,32.6149511,120.0837314,溱湖国家湿地公园 (Qin Lake National Wetland Park),2026-04-02 10:00,43,7
L39904581,CN,CN-32,,31.6451436,119.8878334,滆湖公园 (Gehu Park),2026-04-06 13:30,35,3
L37569320,CN,CN-53,,24.774709,102.6089468,滇池海口 (Dianchi Haikou),2025-07-20 16:00,12,3
L27512765,CN,CN-53,,25.0131402,102.6503674,滇池草海湖滨湿地 (Dianchi Caohai Lakefront Wetlands),2026-08-08 17:34,125,42
L10308884,CN,CN-53,,27.64314,99.36651,滇金丝猴国家公园 (Black Snub-nosed Monkey NP),2026-08-27 07:58,161,57
L38319956,CN,CN-13,,36.593385,114.5092728,滏阳公园 (Fuyang Park)
L21369669,CN,CN-51,,31.6065339,105.9654435,滕王阁村 (Tengwangge Village),2017-10-15 10:55,10,1
L6365483,CN,CN-44,,20.2236084,109.9239429,滘尾角灯塔 (Jiaoweijiao Lighthouse),2026-05-30 15:35,131,10
L6320332,CN,CN-64,,38.6055024,105.9445095,滚钟口风景区 (Gunzhongkou Scenic Area),2026-04-22 12:43,50,11
L69456500,CN,CN-23,,47.3054643,124.524511,满族风情园 (Manchu Culture Park),2026-06-13 04:15,71,13
L38026991,CN,CN-15,,49.597593,117.4693932,"满洲里北湖公园 (Beihu Park, Manzhouli)",2026-07-09 14:27,23,1
L54839215,CN,CN-15,,49.5966172,117.4355585,"满洲里城中湿地公园 (Central Wetland Park, Manzhouli)",2025-06-24 21:00,9,1
L38024265,CN,CN-15,,40.8161722,111.6885553,满都海公园 (Manduhai Park)
L2416296,CN,CN-13,,39.4452078,119.2421722,滦河口 (Luan River Estuary),2024-05-11 13:09,180,17
L38786425,CN,CN-37,,37.4285959,118.0055764,"滨州北海公园 (Beihai Park, Binzhou)"
L36104560,CN,CN-23,,45.8422147,126.6982412,滨水大道野鸭湖,2026-03-28 14:00,39,8
L13081335,CN,CN-33,,30.1855494,120.1352954,滨江--六和文化公园 (Binjiang--Six Harmonies Culture Park),2026-07-12 16:32,54,20
L29923963,CN,CN-33,,30.2116591,120.2027243,滨江公园及附近绿地 (Binjiang Park and Surrounding Greenbelt),2026-04-04 18:06,30,6
L3372119,CN,CN-31,,31.3831344,121.530118,滨江森林公园 (Binjiang Forest Park),2026-09-25 08:52,205,689
L39120890,CN,CN-33,,29.903116,121.6286783,滨江水韵公园 (Binjiang Shuiyun Park),2026-01-18 11:00,25,2
L56050554,CN,CN-46,,19.98119,110.39439,滨江西带状公园--海瑞大桥至南渡江大桥段 (Binjiang West Shore Park--Hai Rui Bridge to Nandu River Bridge),2026-09-09 17:00,40,8
L64163679,CN,CN-46,,20.00052,110.37676,滨江西带状公园--琼州大桥至海瑞大桥段 (Binjiang West Shore Park--Qiongzhou Bridge to Hairui Bridge),2026-04-25 18:25,54,16
L27088560,CN,CN-12,,38.7256375,117.4980371,滨海公园 (Seaside Park),2026-08-01 16:27,40,7
L37992062,CN,CN-65,,44.009963,87.2619665,滨湖河中央公园 (Binhuhe Central Park),2026-08-30 11:00,7,2
L9241536,CN,CN-62,,36.0734039,103.8614564,滩尖子湿地公园 (Tanjianzi Wetland Park),2026-01-03 10:59,65,30
L37919069,CN,CN-33,,30.6093328,121.6301664,滩浒山 (Tanxushan Island),2025-10-17 09:00,108,3
L25576783,CN,CN-44,,22.907597,113.315471,滴水岩森林公园 (Dishuiyan Forest Park),2026-07-05 13:41,26,8
L40003267,CN,CN-31,,31.118827,121.4287553,滴翠园 (DiCui Garden),2025-10-22 11:17,1,0
L38537485,CN,CN-43,,28.3813606,112.8849037,滴翠峰 (Dicui Peak),2025-10-26 14:00,29,3
L42318096,CN,CN-13,,38.1905976,114.4397799,滹沱河崖沙燕窝保护区 (Hutuo River Bank Swallow Conservation Zone),2026-07-06 10:12,58,11
L22432563,CN,CN-13,,38.1205878,114.5503807,滹沱河湿地公园 (Hutuohe Wetland Park),2026-09-18 06:23,161,62
L17645127,CN,CN-14,,38.5872545,113.0532594,滹沱河留念段 (Hutuo River near Liunian Village),2025-02-07 13:21,24,5
L38527592,CN,CN-43,,29.1171455,112.7606948,漉湖 (Lake Lu)
L6360941,CN,CN-45,,25.2532741,110.2936363,漓江桂林段 (Li River - Guilin Section),2026-08-17 18:01,81,28
L9194913,CN,CN-45,,24.9976027,110.4587321,漓江桂林至阳朔段 (Guilin-Yangshuo Ferry on Li River),2026-09-14 09:57,115,57
L72986429,CN,CN-33,,30.3504465,119.88899,漕桥--后林桥 (Caoqiao--Houlinqiao),2022-04-26 17:00,80,5
L67988371,CN,CN-31,,31.1717124,121.4359188,漕溪公园,2025-05-30 16:00,4,1
L10824656,CN,CN-33,,28.1531738,121.2908079,漩门湾三期围垦区 (Xuanmen Bay--Reclamation Area),2026-08-10 11:30,222,100
L30437806,CN,CN-33,,28.2405557,121.2164172,漩门湾国家湿地公园 (Xuanmen Bay National Wetland Park),2026-08-21 09:00,248,68
L53551218,CN,CN-32,,31.2497754,120.2851777,漫山岛 (Manshan Island),2026-04-26 09:57,59,2
L38832879,CN,CN-13,,38.1124761,114.5714598,漫水桥 (Overflow Bridge),2026-09-13 06:10,159,55
L49296691,CN,CN-22,,41.954291,127.584476,漫江湾湿地公园 (Manjiangwan Wetland Park),2026-08-03 17:00,17,3
L39643512,CN,CN-35,,23.9247177,117.4171702,漳江口红树林自然保护区 (Zhangjiang Estuary Mangroves NNR),2026-09-10 10:10,64,4
L37102840,CN,CN-14,,36.2501,113.06103,漳泽湖湿地公园 (Zhangze Lake Wetland Park),2026-09-23 07:15,69,12
L38340328,CN,CN-14,,37.6547486,112.7560615,潇河湿地公园 (Xiaohe Wetland Park),2026-08-13 08:56,84,20
L38474188,CN,CN-43,,26.4292716,111.6163696,潇湘公园 (Xiaoxiang Park)
L38786479,CN,CN-37,,36.6995706,119.1093619,"潍坊人民公园 (People's Park, Weifang)",2026-04-22 06:33,21,4
L38786472,CN,CN-37,,36.6816864,119.1550116,潍坊植物园 (Weifang Botanical Garden),2025-04-21 18:53,18,3
L39572016,CN,CN-37,,36.0265784,119.4105779,潍河国家水利风景区,2026-05-03 16:48,25,3
L29145285,CN,CN-44,,23.8691775,113.5514561,潖江佛冈段 (Pajiang River at Fogang),2026-05-02 07:40,46,7
L38425899,CN,CN-45,,23.4739502,111.3000378,潘塘公园 (Pantang Park),2026-07-22 16:43,15,4
L39856955,CN,CN-32,,34.3644394,117.3768188,潘安湖国家湿地公园北区 (PanAn Lake Wetland Park North),2025-11-08 09:25,9,0
L39856958,CN,CN-32,,34.3551215,117.3781635,潘安湖国家湿地公园南区 (PanAn Lake Wetland Park South)
L9746056,CN,CN-53,,25.533458,103.2020483,潘所海 (Lake Pansuohai),2025-01-30 12:30,65,5
L39795003,CN,CN-35,,24.6169982,118.2987776,潘林水库 (Panlin Reservoir),2022-10-19 14:08,64,3
L2390774,CN,CN-33,,30.8979704,120.0785283,潜山公园 (Qianshan Park),2023-10-11 00:00,41,4
L39575517,CN,CN-42,,29.808125,114.3201278,潜山国家森林公园 (Qianshan Forest Park)
L16246619,CN,CN-34,,30.6235067,116.5665908,潜水河湿地公园 (Qianshuihe Wetland Park),2026-07-14 08:06,61,4
L39573293,CN,CN-42,,30.370638,112.9170247,潜江森林公园 (Qianjiang Forest Park)
L9929474,CN,CN-53,,24.9857921,98.8726612,潞江坝 (Lujiang),2026-05-19 16:23,91,24
L38083076,CN,CN-46,,19.77501,110.317,潭丰洋省级湿地公园 (Tanfengyang Provincial Wetland Park),2026-06-07 15:30,81,8
L52481656,CN,CN-32,,31.2731419,120.3569895,潭山 (Tan Hill),2026-04-04 17:49,45,13
L4472376,CN,CN-11,,39.902562,116.0251956,潭柘寺 (Tanzhe Temple),2026-07-21 08:44,27,6
L17190262,CN,CN-11,,39.91787,116.0161899,潭柘山石梁 (Tanzhe Mountain--Stony Ridge),2026-05-24 10:14,53,3
L59203126,CN,CN-43,,27.0194221,113.0577841,潭江口 (Tanjiangkou),2026-07-14 19:30,30,1
L39964177,CN,CN-44,,22.6452908,113.1079773,潮头公园 (Chaotou Park),2025-12-07 08:20,22,2
L5837261,CN,CN-44,,23.6816837,116.7059898,潮州红山森林公园 (Chaozhou Hongshan Forest Park),2026-09-19 07:00,104,27
L8573661,CN,CN-44,,23.6714774,116.6412355,潮州西湖 (Chaozhou West Lake),2026-07-07 17:13,35,8
L38766109,CN,CN-41,,34.6036531,113.7633734,潮河湿地公园 (Chaohe Wetland Park)
L23453410,CN,CN-11,,39.8875368,116.7857318,潮白河-运潮减河汇合段 (Chaobai & Yunchaojian River Confluence),2026-09-12 06:03,181,42
L30046276,CN,CN-11,,39.8379768,116.8886196,潮白河于辛庄段 (Chaobai River - Yuxinzhuang Section),2026-05-01 12:43,75,7
L21362826,CN,CN-11,,40.3371945,116.7936206,潮白河云蒙大桥段 (Chaobai River at Yunmeng Bridge),2026-02-14 11:33,119,64
L13757249,CN,CN-11,,40.1306772,116.6736699,潮白河俸伯段 (Chaobai River - Fengbo Section),2026-08-10 13:43,143,52
L12131808,CN,CN-11,,40.1692407,116.6815777,潮白河向阳闸桥段 (Chaobai River at Xiangyang Sluice),2026-08-10 13:04,260,268
L29490101,CN,CN-12,,39.6885756,117.2659588,潮白河国家湿地公园 (Chaobai River National Wetland Park),2026-05-07 08:38,142,32
L30046352,CN,CN-11,,40.0326964,116.7658245,潮白河沮沟桥段 (Chaobai River at Jugou Bridge),2026-01-03 14:55,107,41
L38320029,CN,CN-13,,39.9296064,116.7823568,潮白河燕郊段 (Chaobai River - Yanjiao Section),2026-09-22 17:25,36,4
L12122921,CN,CN-11,,40.0630403,116.7512672,潮白河苏庄闸桥段 (Chaobai River at Suzhuang Sluice),2026-02-26 13:22,99,22
L56872826,CN,CN-44,,23.2332244,116.508652,潮阳咸田 (Chaoyang Salty Fields),2026-09-27 16:19,107,23
L63822944,CN,CN-35,,27.3062859,120.239313,潮音公园（Tsaoyin Park）,2025-05-01 20:00,50,9
L39962714,CN,CN-44,,23.0067804,114.2216975,潼湖国家湿地公园 (Tonghu Wetland Park),2026-01-01 16:58,23,5
L36350012,CN,CN-32,,31.2223965,120.8002537,澄湖--西岸 (Cheng Lake--west bank),2026-09-18 17:30,179,217
L17122620,CN,CN-45,,23.976227,106.635438,澄碧河水库 (Chengbihe Reservoir),2026-02-08 09:57,31,3
L36839765,CN,CN-36,,28.5510352,115.935008,澄碧湖公园 (Chengbi Lake Park),2025-09-23 06:11,19,1
L16826275,CN,CN-33,,30.341823,120.877044,澉南海堤湿地 (Gannan Coast and Wetlands),2026-06-09 16:00,230,74
L9932355,CN,CN-32,,34.3426933,120.1797166,澜套口 (Lantaokou),2025-10-24 16:29,44,2
L38536865,CN,CN-43,,29.1499997,110.5943934,澧水张家湾段 (Li River - Zhangjiawan Section),2026-02-10 16:59,3,1
L53551287,CN,CN-32,,31.2559905,120.6502738,澹台湖公园 (Tantai Lake Park),2026-05-12 17:01,44,5
L38889720,CN,CN-43,,29.3772452,113.0107479,濠沟 (Hao Gou),2024-12-27 14:04,33,1
L38667597,CN,CN-41,,35.7812509,114.9537809,濮上园旅游度假区 (Pushang Garden Scenic Area)
L38667593,CN,CN-41,,35.7640289,115.0051728,濮水公园 (Pushui Park),2025-01-29 16:00,15,2
L54777672,CN,CN-33,,30.6282093,120.6140194,"濮院镇--新河村 (Xinhe Village, Puyuan Town)",2025-11-04 00:00,3,0
L34870157,CN,CN-41,,34.607817,112.393582,瀛洲桥湿地公园 (Yingzhou Bridge Wetland Park),2025-05-20 21:06,38,4
L39866759,CN,CN-32,,34.4661906,119.8125543,灌河口 (Guanhe Estuary),2026-05-22 10:31,11,1
L1027661,CN,CN-61,,34.2935917,109.0891142,灞桥生态湿地公园 (Baqiao Eco-Wetland Park),2026-01-02 09:00,68,18
L38297807,CN,CN-61,,34.3052466,109.0768846,灞桥生态湿地公园--灞河桥段 (Baqiao Eco-Wetland Park--Bahe Bridge),2026-09-24 08:39,32,3
L8332208,CN,CN-61,,34.4411507,109.0489728,灞渭桥湿地 (Ba-Wei Bridge Wetlands),2026-07-25 08:00,74,12
L28334534,CN,CN-46,,19.930161,110.218683,火山口地质公园 (Volcano Geo-Park),2026-06-26 16:14,44,13
L10009586,CN,CN-44,,23.1812831,113.3898068,火炉山森林公园 (Huolushan Forest Park),2026-09-23 17:26,175,375
L34884266,CN,CN-41,,33.724019,111.759122,灰柴沟 (Huichaigou),2024-07-19 16:11,25,1
L17037477,CN,CN-53,,24.768409,100.502172,灵宝山国家森林公园 (Lingbaoshan National Forest Park),2026-08-13 10:30,77,7
L12621537,CN,CN-33,,30.1147222,120.0191306,灵山 (Lingshan Mountain),2026-03-29 20:00,118,37
L9542031,CN,CN-41,,31.9153904,114.2601732,灵山山下稻田 (Lingshan Paddyfields),2026-08-24 10:09,136,42
L27358126,CN,CN-37,,35.7634376,120.1714948,灵山岛 (Lingshan Island),2026-09-02 16:00,47,6
L21182424,CN,CN-46,,19.9834621,110.4316236,灵山村委会 (Lingshan Villagers' Committee),2026-09-14 17:15,99,70
L2064869,CN,CN-11,,40.0380301,115.4962911,灵山风景名胜区 (Lingshan Scenic Area),2026-09-27 12:00,231,1040
L39938699,CN,CN-32,,31.2632183,120.4999861,灵岩山 (Lingyan Hill),2026-01-11 10:08,14,2
L29335066,CN,CN-51,,31.02774,103.6116917,灵岩山 (Lingyan Mountain),2026-07-12 15:03,166,86
L1492987,CN,CN-33,,27.9224815,120.9560128,灵昆岛 (Lingkun Island),2026-08-23 10:17,146,24
L38175329,CN,CN-51,,30.5217619,105.6257573,灵泉寺 (Lingquan Temple)
L27838228,CN,CN-33,,28.8583354,121.1709494,灵湖风景区 (Linghu Lake Scenic Area),2026-04-05 16:41,45,17
L23055894,CN,CN-33,,30.6128667,119.666147,灵溪公园 (Lingxi Park),2025-10-01 21:30,23,1
L72344767,CN,CN-35,,25.6726801,119.2230094,灵石山国家森林公园 (Spirit Rock Mountain National Forest Park),2026-07-05 06:19,36,2
L15306378,CN,CN-14,,36.59062,112.08969,灵空山国家级自然保护区 (Lingkongshan NNR),2026-08-14 14:00,147,94
L40083515,CN,CN-44,,22.5697877,113.9076063,灵芝公园 (Lingzhi Park),2026-07-20 12:43,12,1
L37875112,CN,CN-32,,32.0551958,118.8666749,灵谷寺 (Linggu Temple),2026-06-10 16:00,66,15
L50681307,CN,CN-33,,27.921535,119.1935139,炉岙村 (Lu'ao Village),2026-08-22 07:32,80,23
L32828482,CN,CN-61,,34.3738224,107.1352547,炎帝园 (Yandi Park),2024-06-04 10:30,3,0
L38501892,CN,CN-43,,26.4177051,113.6710774,炎帝陵 (Yan Di Ling),2026-09-05 12:00,54,6
L30994707,CN,CN-51,,28.753612,103.9682365,炭石村 (Tanshi Village),2026-09-03 14:30,216,623
L15318285,CN,CN-33,,28.5411812,121.2551,炮台山公园 (Fortress Hill Park),2023-06-04 00:00,4,0
L5447025,CN,CN-62,,35.8104354,103.0505991,炳灵寺石窟 (Bingling Temple Grottoes),2026-07-23 11:45,27,8
L57584317,CN,CN-35,,26.30556,119.203924,点洋村 (Dianyang Village),2026-08-08 14:51,66,9
L36079697,CN,CN-33,,28.877538,118.9215127,烂柯山景区 (Lankeshan Scenic Area),2019-04-20 00:00,2,0
L38341097,CN,CN-21,,41.1005641,122.9908279,烈士山公园 (Martyr Hill Park)
L38895420,CN,CN-37,,37.5245223,121.3874329,"烟台南山公园 (Nanshan Park, Yantai)"
L38895445,CN,CN-37,,37.5488204,121.4020895,烟台山景区 (Yantaishan Scenic Area),2026-01-27 10:00,28,4
L38895505,CN,CN-37,,37.3754064,121.3867024,烟台植物园 (Yantai Botanical Garden),2025-02-06 13:28,14,1
L8095574,CN,CN-37,,37.2941467,122.5658313,烟墩角 (Yandunjiao),2025-02-01 10:30,6,4
L8196037,CN,CN-44,,22.8574862,115.6066674,烟港沙洲 (Yangang Sandbar),2026-01-07 14:32,61,8
L29134407,CN,CN-63,,38.7924354,98.6817013,热水沟,2026-09-12 07:30,31,6
L33971581,CN,CN-65,,37.3593789,80.049262,热瓦克佛寺遗址 (Rawak Stupa),2025-08-14 18:03,10,2
L38286122,CN,CN-62,,38.4335533,101.2437614,焉支山森林公园 (Yanzhishan Forest Park),2026-06-06 07:58,39,4
L38671689,CN,CN-41,,35.2487131,113.2352695,"焦作人民公园 (People's Park, Jiaozuo)"
L38671646,CN,CN-41,,35.2227459,113.1899128,焦作森林公园 (Jiaozuo Forest Park)
L38671656,CN,CN-41,,35.2284475,113.1838117,焦作生态植物园 (Jiaozuo Botanical Garden)
L39841820,CN,CN-32,,32.2383571,119.48481,焦山风景区 (Jiaoshan Scenic Area),2026-06-21 14:50,42,4
L16187961,CN,CN-34,,32.6136847,116.6303965,焦岗湖 (Jiaogang Lake),2025-09-18 14:00,22,2
L35710354,CN,CN-32,,32.242715,119.464841,焦西滩 (Jiaoxi Tan),2026-09-24 21:50,85,13
L38001989,CN,CN-54,,29.4984519,96.7426267,然乌湖 (Rakwa Tso),2026-06-20 10:10,20,4
L12757687,CN,CN-33,,31.0581902,119.7713806,煤山镇--合溪水库 (Meishan--Hexi Reservoir),2024-11-10 00:00,41,1
L3246636,CN,CN-50,,29.6259963,106.5091252,照母山植物园 (Zhaomushan Botanical Garden),2026-08-26 07:43,131,60
L34282431,CN,CN-50,,29.6241311,106.5122912,照母山植物园--人和水库 (Zhaomushan Botanical Garden--Renhe Reservoir),2026-04-29 00:00,37,5
L26133211,CN,CN-51,,30.9645695,103.5866845,熊猫谷 (Panda Valley),2026-09-21 09:00,73,32
L56173905,CN,CN-33,,28.8732026,119.7974322,"熟溪草马湖段 (Caomahu Section, Shuxi River)",2025-12-15 00:00,1,0
L23723029,CN,CN-35,,26.740322,119.578085,熨斗 (Yundou),2023-07-19 08:25,12,3
L36960516,CN,CN-42,,31.7146639,110.4647454,燕子垭景区 (Yanziya Scenic Area),2026-09-27 07:00,143,33
L40004107,CN,CN-44,,22.6973604,114.3563454,燕子岭公园 (Yanziling Park),2026-08-09 17:31,9,1
L62116682,CN,CN-45,,23.3715345,106.0224076,燕子洞 (Yanzidong)
L25159080,CN,CN-32,,32.1471479,118.8169563,燕子矶 (Yanziji),2026-06-23 11:55,85,15
L13969688,CN,CN-33,,29.0946517,119.658807,燕尾洲公园 (Yanweizhou Park),2026-09-23 10:11,152,119
L16742683,CN,CN-33,,29.4914741,121.9375113,燕山水库 (Yanshan Reservoir),2026-07-05 15:16,39,2
L6512669,CN,CN-44,,22.542238,113.9836692,燕晗山郊野公园 (Yanhanshan Country Park),2026-06-29 17:06,61,25
L21241785,CN,CN-44,,22.7940628,113.8499259,燕罗湿地公园 (Yanluo Wetland Park),2025-12-14 14:55,25,3
L60921607,CN,CN-53,,24.4898235,101.5586468,爱尼山乡 (Aini Shan Township),2026-03-22 08:00,52,2
L38425476,CN,CN-45,,24.4085603,111.581965,爱莲湖公园 (Ailian Lake Park)
L12415165,CN,CN-53,,26.0357579,98.6206983,片岗公路 (Pianma-Gangfang Road),2026-03-26 10:45,104,7
L64407538,CN,CN-53,,26.0120685,98.6251031,片马镇 (Pianma Town),2026-08-01 09:14,14,1
L12414795,CN,CN-53,,25.975468,98.6971333,片马风雪垭口 (Pianma Snow Pass),2026-08-01 09:38,290,130
L39821002,CN,CN-44,,23.0607689,112.4703793,牌坊公园 (Paifang Park),2025-11-30 15:46,47,17
L19757490,CN,CN-51,,31.1101998,103.9037537,牌坊沟水库 (Paifanggou Reservoir),2025-09-14 11:30,56,5
L13442041,CN,CN-63,,36.06477,101.944035,牙什尕镇 (Yashiga),2024-04-23 13:06,99,13
L38212227,CN,CN-11,,39.6962614,115.9643509,牛口峪水库 (Niukouyu Reservoir),2026-09-21 16:00,52,10
L67151641,CN,CN-36,,28.516444,115.785487,牛头曾 (Niutouzeng),2026-06-29 07:19,49,4
L38536940,CN,CN-43,,29.1321597,111.9946093,牛屎湖 (Niushi Lake)
L17973959,CN,CN-42,,30.3366594,114.4663994,牛山湖 (Niushan Lake),2024-01-07 13:27,36,3
L40309423,CN,CN-35,,26.09999,119.345036,牛岗山公园 (Niugangshan Park),2026-09-17 12:41,43,14
L38038074,CN,CN-22,,45.2257999,123.3677792,牛心套堡国家湿地公园 (Niuxintaobao National Wetland Park),2025-05-14 18:48,16,1
L38243145,CN,CN-51,,31.0873682,103.8553807,牛心山 (Niuxin Hill),2026-09-26 11:52,138,36
L41181636,CN,CN-53,,24.690707,102.6890204,牛恋渔村 (Niulian Village),2026-02-21 23:00,30,3
L21829239,CN,CN-34,,31.24565,117.09316,牛王寨 (Niuwangzhai),2023-12-09 09:18,17,2
L5517746,CN,CN-15,,51.568817,121.7575619,牛耳河 (Cow's Ear River),2026-04-27 16:00,71,8
L38296971,CN,CN-61,,33.8510924,108.9991436,牛背梁国家森林公园--中海拔 (Niubeiliang NFP--middle elevation),2026-08-23 10:28,48,7
L38296964,CN,CN-61,,33.8725313,108.9975499,牛背梁国家森林公园--高海拔 (Niubeiliang NFP--high elevation)
L38650916,CN,CN-34,,31.0446226,116.2531509,牛草尖 (Niucao Jian),2026-07-26 05:34,29,5
L12229016,CN,CN-34,,31.660663,117.261692,牛角大圩 (Niujiao Dawei),2026-09-25 00:00,195,93
L38241857,CN,CN-51,,32.6646949,103.5106621,牟尼沟二道海风景区 (Mounigou--Erdaohai Scenic Area),2026-08-27 08:34,38,5
L15763607,CN,CN-51,,32.5621509,103.505489,牟尼沟扎嘎瀑布风景区 (Mounigou--Zhaga Waterfall Scenic Area),2025-10-06 18:45,89,13
L5239481,CN,CN-23,,44.416644,129.783333,牡丹峰 (Mudanfeng),2026-03-11 07:30,59,5
L38035665,CN,CN-23,,44.5906602,129.630695,"牡丹江人民公园 (People's Park, Mudanjiang)",2025-08-11 15:34,9,1
L38035662,CN,CN-23,,44.6095996,129.594195,"牡丹江北山公园 (Beishan Park, Mudanjiang)",2025-08-13 07:06,13,2
L38035669,CN,CN-23,,44.5698957,129.6292857,"牡丹江江滨公园 (Jiangbin Park, Mudanjiang)",2026-05-04 12:47,11,3
L49779115,CN,CN-22,,43.34737,125.41384,牧情谷旅游风景区 (Muqinggu Scenic Area),2024-05-03 15:00,4,1
L35659752,CN,CN-36,,29.5696915,115.9799481,牯岭 (Guling),2026-07-18 14:45,102,20
L70519487,CN,CN-34,,30.0440585,117.5381756,牯牛降国家级自然保护区 (Guniujiang National Nature Reserve),1993-06-03 00:00,1,0
L19394220,CN,CN-33,,30.0282101,119.0025836,牵牛岗 (Qianniugang Mountain),2026-07-16 11:26,56,6
L28022688,CN,CN-35,,26.1562084,119.3374872,状元岭 (Zhuangyuanling),2025-04-03 13:25,38,4
L6994379,CN,CN-35,,24.4844609,118.0872242,狐尾山公园 (Huwei Hill Park),2026-09-19 17:09,137,146
L38319965,CN,CN-13,,37.0334781,114.5466538,狗头泉公园 (Goutouquan Park)
L27062048,CN,CN-53,,27.8172838,99.7088595,独克宗古城 (Dukezong Old Town),2026-09-17 15:15,40,13
L40119141,CN,CN-32,,31.2919348,120.69404,独墅湖--国宾路大草坪 (Dushu Lake--Guobin Rd Lawn),2026-09-11 09:05,105,87
L33441763,CN,CN-32,,31.2574791,120.7204594,独墅湖公园 (Dushu Lake Park),2026-09-12 16:23,89,77
L40119229,CN,CN-32,,31.2494321,120.708505,独墅湖生态公园 (Dushu Lake Eco-Park),2026-06-02 09:19,53,10
L21854789,CN,CN-33,,30.6445642,121.1623997,独山 (Dushan Hill),2026-05-21 13:29,65,2
L36166897,CN,CN-65,,44.1545339,84.7563329,独山子大峡谷景区 (Dushanzi Canyon Scenic Area),2026-08-27 19:53,32,4
L20018889,CN,CN-33,,30.658277,121.2043514,独山港海滨 (Dushangang Coast),2026-09-17 19:41,158,18
L37991729,CN,CN-65,,43.6535768,84.3610863,独库公路--乔尔玛 (DuKu Highway--Chorma),2026-09-21 18:58,55,11
L64126579,CN,CN-65,,43.7345463,84.4095771,独库公路--哈希勒根达坂 (DuKu Highway--Hashilagan Daban [3380m]),2026-08-30 11:56,44,2
L75001396,CN,CN-65,,43.6872842,84.419792,独库公路--夏达勒塔 (DuKu Highway--Shadalta),2026-07-27 12:00,16,2
L25318880,CN,CN-65,,42.45078,83.28466,独库公路--大龙池 (DuKu Highway--Greater Dragon Lake),2026-07-27 15:00,71,13
L64126340,CN,CN-65,,43.7727308,84.4522787,独库公路--天瀑观景台 (DuKu Highway--Waterfall View),2026-09-21 12:15,2,0
L64126792,CN,CN-65,,43.1539856,84.3756112,独库公路--拉尔敦达坂 (DuKu Highway--Lardun Daban [2700m]),2026-07-26 13:00,31,2
L64126242,CN,CN-65,,43.7425042,84.4214808,独库公路--碧玉湖 (DuKu Highway--Jade Lake),2026-06-30 18:00,4,1
L46912171,CN,CN-65,,43.212981,84.309731,独库公路--科克萨依 (DuKu Highway--Köksay Ravine),2026-07-13 08:08,13,2
L22325925,CN,CN-12,,38.7678835,117.5821975,独流减河口 (Duliujian River Estuary),2026-04-22 09:37,114,49
L32413945,CN,CN-12,,38.7929383,117.3980247,独流减河宽河槽 (Duliujian Riverbeds),2026-04-22 11:08,210,77
L38425412,CN,CN-45,,22.7238472,110.353641,独石湖公园 (Dushi Lake Park)
L5226743,CN,CN-53,,27.8142218,98.323403,独龙江 (Dulong River Valley [General Area]),2026-04-25 17:01,309,189
L58430738,CN,CN-53,,27.6720192,98.2705403,独龙江--哈滂瀑布至41号界碑 (Dulong River Valley--Hapang Waterfall to Boundary Marker No.41),2026-04-11 08:09,74,5
L58430599,CN,CN-53,,27.8733696,98.3358921,独龙江--孔当村 (Dulong River Valley--Kongdang Village),2026-03-31 08:25,115,5
L58430805,CN,CN-53,,27.7385071,98.3499849,独龙江--巴坡村 (Dulong River Valley--Bapo Village),2025-05-01 08:00,15,1
L58430677,CN,CN-53,,27.6908002,98.2797438,独龙江--钦郎当 (Dulong River Valley--Qinlangdang),2026-04-24 07:22,99,14
L58430759,CN,CN-53,,27.6847524,98.3043168,独龙江--马库村 (Dulong River Valley--Maku Village),2026-04-25 07:45,82,7
L58430262,CN,CN-53,,27.7969015,98.5063134,独龙江隧道东口 (Dulongjiang Tunnel East),2026-04-12 15:25,7,2
L58430273,CN,CN-53,,27.847156,98.457952,独龙江隧道西口 (Dulongjiang Tunnel West),2026-04-25 17:01,76,6
L39937498,CN,CN-32,,31.2910258,120.5419056,狮子山 (Lion Hill),2026-06-21 15:30,55,5
L37875149,CN,CN-32,,32.0945896,118.7475703,狮子山风景区 (Shizishan Scenic Area)
L56657198,CN,CN-42,,32.0462149,111.7719166,狮子岩水库 (Shiziyan Reservoir),2026-01-01 16:30,10,1
L36839905,CN,CN-45,,22.8590354,108.3420471,狮山公园 (Shishan Park),2026-04-02 07:10,35,3
L38340309,CN,CN-14,,37.8484145,113.5274977,狮脑山公园 (Shinaoshan Park)
L38766364,CN,CN-41,,34.914026,114.2106582,狼城岗黄河滩 (Langchenggang Yellow River Flats),2025-02-16 10:30,16,4
L39865950,CN,CN-32,,31.949897,120.8881386,狼山风景区 (Langshan Scenic Area),2026-04-05 15:00,46,9
L38428161,CN,CN-45,,21.471379,109.7250582,猪仔石 (Zhuzaishi)
L23766344,CN,CN-35,,26.7667857,119.6226839,猪槽屿 (Zhucao Islet),2023-07-19 14:50,21,3
L4140686,CN,CN-45,,25.8809741,110.4186422,猫儿山国家级自然保护区 (Mao'er Mountain NNR),2026-09-26 06:30,174,79
L52925543,CN,CN-45,,25.8920582,110.4334783,猫儿山自然保护区--三江源 (Mao'er Mountain NNR--Sanjiang Yuan),2026-08-03 08:00,29,3
L52925547,CN,CN-45,,25.8664384,110.4138185,猫儿山自然保护区--华南之巅 (Mao'er Mountain NNR--Summit),2026-09-26 06:30,19,2
L52925449,CN,CN-45,,25.9121,110.466049,猫儿山自然保护区--回龙寺 (Mao'er Mountain NNR--Huilong Temple)
L38175335,CN,CN-51,,30.5125522,105.5903003,猫儿洲 (Maorzhou Island),2026-06-06 08:30,18,1
L14738624,CN,CN-53,,25.3571049,98.1054954,"猴桥西山河 (Xishanhe, Houqiao)",2019-11-22 06:25,18,0
L2089479,CN,CN-21,,42.3696421,122.9613876,獾子洞水库 (Huanzidong Reservoir),2025-10-18 09:34,108,16
L2135801,CN,CN-14,,37.5638977,112.0782012,玄中寺 (Xuanzhong Temple),2026-04-23 13:55,100,84
L38038147,CN,CN-22,,43.8582285,126.5416506,玄天岭公园 (Xuantianling Park)
L3682236,CN,CN-32,,32.0711103,118.7954664,玄武湖 (Xuanwu Lake),2026-09-21 07:40,133,216
L38341089,CN,CN-21,,41.1005138,123.0213257,玉佛山风景区 (Yufoshan Scenic Area),2025-07-21 09:05,8,1
L39623820,CN,CN-33,,29.1374543,118.410845,玉屏公园 (Yuping Park),2025-05-02 06:18,37,4
L36103249,CN,CN-23,,45.7473739,126.6879105,玉山公园 (Yushan Park),2025-11-10 14:00,15,6
L38425428,CN,CN-45,,22.6244289,110.156355,"玉林人民公园 (People's Park, Yulin)"
L11620233,CN,CN-63,,32.8514394,97.0324137,玉树机场及周边 (Yushu Airport & Vicinity),2026-09-22 18:12,121,76
L36885572,CN,CN-65,,37.11206,79.9170693,玉泉河公园 (Yuquanhe Park)
L59519145,CN,CN-22,,42.6219658,130.4747022,玉泉洞村 (Yuquandong Village),2026-03-08 11:07,13,3
L38285079,CN,CN-62,,34.584187,105.7118583,玉泉观 (Yuquan Temple)
L3682279,CN,CN-11,,39.9169675,116.3173091,玉渊潭公园 (Yuyuantan Park),2026-09-27 12:49,175,963
L13758441,CN,CN-11,,40.5224858,115.8970482,玉渡山风景区 (Yudu Mountain Scenic Area),2026-07-08 09:32,86,28
L38256412,CN,CN-35,,25.4206403,119.0432493,玉湖公园 (Yuhu Park),2026-02-28 12:00,6,0
L62592478,CN,CN-33,,28.1830057,121.2287474,玉环三仙庙 (Yuhuan Sanxian Temple),2026-04-12 16:30,66,14
L5901186,CN,CN-63,,35.62906,94.2014133,玉珠峰冰川 (Yuzhu Peak Glacier),2014-07-20 00:00,8,2
L41092062,CN,CN-33,,30.2144393,120.1449127,玉皇山 (Yuhuang Mountain),2026-07-27 09:03,54,28
L38037946,CN,CN-22,,41.73849,125.9451529,玉皇山公园 (Yuhuangshan Park),2023-08-12 13:30,7,1
L16403656,CN,CN-51,,30.6101241,104.1978778,玉石湿地公园 (Yushi Wetland Park),2025-08-17 15:00,74,12
L38257823,CN,CN-52,,26.4539411,104.8138131,玉舍国家森林公园 (Yushe National Forest Park)
L6470194,CN,CN-62,,40.3587887,93.851738,玉门关及洋水海子 (Yumen Pass & Yangshui Haizi),2025-06-19 11:09,29,8
L22453548,CN,CN-65,,37.2061936,79.9405011,玉龙喀什河大桥 (G580 Yorungkash Bridge),2023-02-03 15:40,15,3
L11345512,CN,CN-15,,43.1265779,119.0605974,玉龙沙湖 (Yulong Sand Lakes),2026-06-28 16:15,25,4
L38109118,CN,CN-53,,23.8960653,100.0915281,玉龙湖公园 (Yulong Lake Park),2026-04-03 16:45,7,2
L38038029,CN,CN-22,,45.2590844,124.3987619,玉龙湿地 (Yulong Wetlands)
L38302929,CN,CN-14,,35.4933876,112.8931156,玉龙潭公园 (Yulongtan Park)
L5500199,CN,CN-53,,27.1093092,100.227619,玉龙雪山 (Jade Dragon Snow Mountain),2026-09-04 07:46,230,150
L37972190,CN,CN-53,,27.1392041,100.2326145,玉龙雪山--云杉坪 (Jade Dragon Snow Mountain--Spruce Meadow),2026-08-07 09:30,51,18
L37972211,CN,CN-53,,27.1016975,100.1988937,玉龙雪山--冰川观景台 (Jade Dragon Snow Mountain--Glacier View [4680m]),2026-08-04 12:55,9,10
L64405796,CN,CN-53,,27.1010067,100.2558843,玉龙雪山--游客中心 (Jade Snow Mountain--Tourist Center),2026-07-14 08:44,14,4
L37972167,CN,CN-53,,27.1649966,100.2441138,玉龙雪山--牦牛坪 (Jade Dragon Snow Mountain--Yak Meadow),2025-07-10 23:16,40,6
L12913399,CN,CN-53,,27.1295276,100.2398106,玉龙雪山--蓝月谷 (Jade Dragon Snow Mountain--Blue Moon Valley),2026-08-07 11:15,67,42
L26482778,CN,CN-43,,25.770021,113.0811986,王仙岭 (Wangxianling),2017-04-03 00:00,21,1
L77051697,CN,CN-33,,30.5078625,119.7972431,王位山 (Wangwei Mountain),2026-09-12 08:30,33,1
L59104723,CN,CN-13,,38.4560151,117.1531181,王吉庄村 (Wangjizhuang Village),2026-03-20 06:40,7,3
L28489052,CN,CN-33,,29.7875211,120.688535,王坛镇-舜王庙 (Wangtan-Shunwangmiao Area),2026-06-19 08:00,112,23
L6591653,CN,CN-41,,34.6668306,112.4200733,王城公园 (Wangcheng Park),2026-05-21 15:24,23,2
L38161719,CN,CN-41,,34.6436373,112.4378338,王城桥 (Wangcheng Bridge),2026-02-19 10:30,41,8
L9501504,CN,CN-11,,40.2018149,115.9962381,王家园水库 (Wangjiayuan Reservoir),2026-05-26 12:04,35,3
L39576357,CN,CN-42,,30.6023749,114.2482403,王家墩公园 (Wangjiadun Park),2026-05-31 15:46,13,1
L38396340,CN,CN-21,,38.9367621,121.4557688,王家店水库 (Wangjiadian Reservoir),2026-07-03 16:49,32,3
L39718286,CN,CN-42,,30.3355597,113.8897697,王家渡湖 (Wangjiadu Lake),2026-02-28 13:42,36,3
L48893459,CN,CN-51,,29.4697994,102.296742,王岗坪景区 (Wanggangping Scenic Area),2026-09-27 15:29,140,21
L38450577,CN,CN-11,,39.9687696,115.9933576,王平湿地 (Wangping Wetlands),2026-05-10 15:00,32,9
L15562603,CN,CN-51,,32.9689531,104.1021868,王朗国家级自然保护区 (Wanglang NNR),2026-09-25 10:00,184,69
L38815869,CN,CN-41,,34.9139024,113.2698765,王村坡黄河滩 (Wangcunpo Yellow River Flats),2026-09-21 06:48,137,8
L38843443,CN,CN-37,,34.7536541,117.0880023,王楼湿地 (Wanglou Wetlands),2024-12-30 12:00,6,1
L38340319,CN,CN-14,,37.857004,113.6134642,王母脑公园 (Wangmunao Park)
L53521551,CN,CN-35,,25.8627472,118.7902015,王洋水库及周边 (Wangyang Reservoir & Surrounding Area),2026-01-04 19:45,46,2
L32490285,CN,CN-12,,38.886403,117.2321472,王稳庄 (Wangwenzhuang),2025-01-02 13:59,21,2
L29278258,CN,CN-12,,38.8870883,117.2217297,王稳庄生态绿廊--农田 (Wangwenzhuang Green Corridor--Farmland Section),2024-02-16 12:59,5,2
L38297639,CN,CN-61,,34.0986266,109.4935929,王顺山国家森林公园 (Wangshunshan Forest Park),2026-08-17 10:38,34,5
L4669560,CN,CN-51,,31.5287422,102.3888287,玛嘉沟 (Majia Valley),2024-06-15 13:37,32,9
L7527077,CN,CN-54,,30.71736,81.36868,玛旁雍错 (Mapam Yumtso Lake),2026-08-28 15:59,79,23
L8212831,CN,CN-63,,34.9128575,98.2090134,玛查理镇 (Machali),2026-09-02 15:30,103,34
L52860913,CN,CN-65,,44.4319782,86.1727305,玛纳斯国家湿地公园 (Manas National Wetland Park),2026-09-24 14:48,106,47
L8199469,CN,CN-65,,44.13806,86.09576,玛纳斯河谷 (Manas River Valley),2026-09-15 08:07,192,204
L38425942,CN,CN-45,,23.4774442,111.2455453,玫瑰湖公园 (Rosy Lake Park),2025-05-30 16:31,4,1
L20991667,CN,CN-13,,37.9621174,114.4901936,环城水系胜利公园 (Shengli Park),2025-08-24 16:35,48,14
L32414026,CN,CN-12,,40.1658904,117.4167297,环秀湖 (Huanxiu Lake),2016-12-18 08:00,7,1
L31208581,CN,CN-41,,34.6486728,113.2624529,环翠峪 (Huancuiyu),2025-07-04 00:00,38,2
L38858179,CN,CN-37,,37.5048638,122.107625,环翠楼公园 (Huancuilou Park),2026-09-20 12:24,8,1
L63758863,CN,CN-22,,42.5591,130.44977,玻璃洞村 (Bolidong Village)
L24026405,CN,CN-36,,29.4344976,118.0168413,珊厚 (Shanhou),2024-04-15 09:10,24,6
L38536973,CN,CN-43,,29.4280184,112.0350453,珊珀湖 (Shanpo Lake),2026-02-19 12:00,40,2
L30505234,CN,CN-50,,29.5472015,106.5613125,珊瑚坝 (Shanhuba Sandbar),2026-06-18 16:59,68,26
L9006877,CN,CN-33,,30.1789897,120.1150922,珊瑚沙水库 (Shanhusha Reservoir),2025-07-11 06:21,64,45
L39864671,CN,CN-32,,32.1294737,118.6541584,珍珠泉旅游度假区 (Pearl Spring Scenic Area),2026-05-03 13:00,22,2
L38650460,CN,CN-21,,41.742555,122.8852515,珍珠湖湿地 (Pearl Lake Wetlands),2025-10-11 14:00,48,2
L38426209,CN,CN-45,,21.6137892,108.2357,珍珠湾红树林 (Pearl Bay Mangroves),2026-08-13 16:23,27,3
L39614666,CN,CN-63,,37.1335124,102.3946028,珠固寺沟 (Zhugusi Valley),2025-11-02 08:00,96,27
L38425924,CN,CN-45,,23.4718127,111.3085946,珠山公园 (Zhushan Park),2026-02-24 12:00,18,5
L38474032,CN,CN-43,,27.7176682,112.0202494,珠山公园 (Zhushan Park),2026-06-19 18:36,38,10
L39712398,CN,CN-37,,35.9815939,120.0773069,珠山国家森林公园 (Zhushan Forest Park),2026-07-21 14:32,29,5
L19895796,CN,CN-44,,23.1200747,113.3400249,珠江公园 (Zhujiang Park),2026-09-19 17:28,104,204
L57007096,CN,CN-53,,25.9010741,103.9513681,珠江正源 (Pearl River Source [the pond]),2026-01-09 14:22,21,1
L7995460,CN,CN-44,,22.259222,113.584965,"珠海海滨公园 (Coastal Park, Zhuhai)",2026-03-17 10:21,37,9
L39980000,CN,CN-44,,22.2754474,113.5730735,"珠海香山公园 (Xiangshan Park, Zhuhai)"
L1092165,CN,CN-54,,28.1561627,86.8489838,珠穆朗玛峰--大本营 (Mt. Everest [Qomolangma]--North Base Camp),2026-09-09 08:50,61,37
L38002706,CN,CN-54,,33.447791,79.8095295,班公湖南岸观景台 (Pangong Tso Lakeview),2026-06-23 14:38,10,1
L13500941,CN,CN-63,,32.9198703,100.7543017,班玛林业站 (Banma Forest Station),2023-07-16 06:00,89,2
L4643950,CN,CN-54,,29.2506279,88.8710378,班禅新宫湿地 (Dêqên Gaisang Pochang Marshland),2007-04-08 18:00,20,2
L37991113,CN,CN-65,,43.262131,84.7684632,班禅沟 (Panchen Valley),2026-05-07 16:51,37,7
L37853490,CN,CN-22,,42.9927564,130.6951377,"珲春三道沟 (Sandaogou, Hunchun)",2026-03-15 10:40,42,18
L8554696,CN,CN-34,,32.275867,118.2861578,琅琊山 (Langya Mountain),2026-09-06 16:07,42,12
L18379110,CN,CN-11,,39.6070264,116.0313182,琉璃河湿地公园 (Liulihe Wetland Park),2026-04-17 13:37,106,36
L40456186,CN,CN-35,,26.1251181,119.3088198,琴亭湖公园 (Qinting Lake Park),2026-07-19 09:39,30,7
L62039025,CN,CN-32,,32.053407,118.8227147,琵琶湖公园 (Pipa Lake Park),2026-08-27 15:59,29,2
L76280193,CN,CN-46,,19.0057249,109.8137695,琼中百花岭林场 (Qiongzhong Baihualing Forest)
L25205714,CN,CN-65,,42.8948834,82.2108808,琼库什台--乌孙古道 (Qongqushtai--Wusun Gudao),2024-06-24 10:28,28,2
L48206079,CN,CN-65,,42.9437546,82.2210239,琼库什台--后山 (Qongqushtai--Inner Mountains),2026-08-08 15:38,14,1
L48206039,CN,CN-65,,42.917468,82.1998249,琼库什台--村落 (Qongqushtai--The Village),2026-05-23 19:38,5,1
L2401556,CN,CN-53,,24.0714915,97.820034,瑞丽植物园 (Ruili Botanical Garden),2026-03-26 12:02,183,46
L7540747,CN,CN-53,,23.9870368,97.8784847,瑞丽河边 (Ruili River Walk),2026-06-13 15:40,164,27
L3757660,CN,CN-53,,24.0698243,97.9135787,瑞丽泵房 (Ruili Pumphouse Area),2015-06-29 07:59,122,2
L39980894,CN,CN-44,,21.2595296,110.3496655,瑞云湖公园 (Ruiyun Lake Park),2026-02-25 13:50,1,1
L60249456,CN,CN-33,,27.7599,120.61966,瑞南公园至姐妹桥公园 (Ruinan Park to Jiemeiqiao Park),2026-09-15 08:19,9,2
L25462474,CN,CN-33,,27.6512664,121.0241969,瑞安-北麂航线 (Rui'an-Beiji Islands ferry route),2026-08-30 11:30,85,107
L10819494,CN,CN-33,,27.7040121,120.7252528,瑞安海滨 (Rui'an Coast),2026-09-11 09:21,306,114
L22402107,CN,CN-33,,29.8314137,121.8729428,瑞岩寺森林公园 (Ruiyan Temple Forest Park),2026-05-11 19:30,21,5
L37441628,CN,CN-52,,26.5902033,104.7907112,瑶池水库 (Yaochi Reservoir),2026-07-30 10:47,52,5
L38671371,CN,CN-34,,31.8920841,117.3155242,瑶海公园 (Yaohai Park)
L14010593,CN,CN-36,,28.6892232,116.0399832,瑶湖 (Yaohu Lake),2025-04-16 14:54,108,24
L38889578,CN,CN-36,,28.672484,116.064534,瑶湖湿地公园 (Yaohu Wetland Park),2025-02-01 13:00,70,11
L32345216,CN,CN-33,,27.9186627,120.7549381,瑶溪风景名胜区 (Yaoxi Scenic Area),2024-05-25 12:00,16,1
L15752301,CN,CN-51,,29.65986,102.94992,瓦屋山 (Wawu Mountain [General Area]),2026-09-17 09:00,329,3089
L1265556,CN,CN-51,,29.6496986,102.942174,瓦屋山--山顶 (Wawu Mountain--Summit [2800m]),2026-09-17 09:00,273,1299
L35949987,CN,CN-51,,29.6691433,102.9535697,瓦屋山--珙桐山庄 (Wawu Mountain--Gongtong Villa [cableway station]),2026-08-19 08:55,204,603
L35950417,CN,CN-51,,29.6668153,102.9432421,瓦屋山--珙桐山庄以西旧公路 (Wawu Mountain--Old road west of Gongtong Villa),2026-09-04 16:37,166,316
L20488267,CN,CN-51,,29.6815321,103.0030802,瓦屋山--金花桥 (Wawu Mountain--Jinhuaqiao),2026-09-04 12:55,138,214
L38302766,CN,CN-33,,28.0337777,120.6666192,瓯北滨江公园 (Oubei Binjiang Park),2026-08-10 08:28,54,5
L10913792,CN,CN-33,,27.9979444,120.5747365,瓯海--塘下公园 (Ouhai--Tangxia Park),2022-03-04 00:00,7,0
L35337569,CN,CN-33,,27.9920937,120.3317183,瓯海--奇云山 (Ouhai--Qiyuan Mountain),2024-07-13 00:00,2,0
L1092162,CN,CN-54,,29.7581186,91.4769745,甘丹寺 (Ganden Monastery),2026-09-27 13:08,73,13
L38396500,CN,CN-21,,38.975484,121.6183,甘井子公园 (Ganjingzi Park)
L7782123,CN,CN-63,,37.0628929,100.4599496,甘子河湿地 (Ganzihe Estuary Wetlands),2026-09-05 19:21,162,70
L37374384,CN,CN-51,,31.6081183,99.9956987,甘孜城南雅砻湿地 (Yalong Wetland S of Garzê County),2026-06-18 09:54,18,3
L38552589,CN,CN-36,,29.7140566,115.9864517,甘棠公园 (Gantang Park)
L24894448,CN,CN-65,,43.51347,87.17204,甘沟乡 (Gan'gou),2026-08-21 13:00,100,52
L57217509,CN,CN-65,,43.5377846,87.1775531,甘沟乡--北面干旱地带 (Gan'gou--arid country),2026-06-07 16:05,43,9
L64321769,CN,CN-65,,43.4904457,87.1866125,甘沟乡--小峰梁下 (Gan'gou--Xiaofengliang),2026-08-21 07:37,68,10
L39480680,CN,CN-31,,31.2669088,121.4274228,甘泉公园 (Ganquan Park),2026-07-21 12:20,15,4
L38765893,CN,CN-41,,34.5601057,112.364109,甘泉河湿地 (Ganquanhe Wetlands),2026-02-14 11:30,32,2
L24980461,CN,CN-35,,26.146232,119.124118,甘蔗湿地公园 (Ganzhe Wetland Park),2026-09-25 14:15,53,6
L27716996,CN,CN-32,,31.2586178,120.734261,生命之源广场 (Shengming Zhi Yuan Plaza Park),2026-03-14 13:19,50,34
L23776621,CN,CN-33,,29.8967448,121.592043,甬江公园 (Yongjiang Park),2023-04-23 00:00,1,0
L37700261,CN,CN-35,,24.6283995,117.9619723,田头村农田 (Tiantou Farmlands),2025-11-23 10:45,120,31
L38297922,CN,CN-61,,34.0612845,108.3425239,田峪河湿地 (Tianyu River Wetlands),2026-08-01 10:43,1,1
L11641431,CN,CN-63,,36.396081,96.1914102,田格力村 (Tiangeli Village),2026-07-21 13:00,36,27
L5106097,CN,CN-53,,25.1206328,102.7485824,田溪公园 (Tianxi Park),2026-06-27 09:15,31,4
L55882455,CN,CN-33,,30.3404165,120.2742471,田立方·临平未来农场 (Tianlifang Linping Future Farm),2026-05-24 13:30,89,43
L26127502,CN,CN-35,,24.5854335,117.0621457,田螺坑土楼 (Tianluokeng Tulou Scenic Area),2026-09-18 00:00,44,5
L38182257,CN,CN-51,,30.9252115,101.8696739,甲居藏寨 (Jiaju Tibetan Village),2026-06-28 10:28,26,4
L57453363,CN,CN-52,,26.5742125,106.7162424,甲秀楼 (Jiaxiu Pavilion),2026-08-30 10:34,17,3
L29176662,CN,CN-51,,30.749533,103.930662,电子科技大学清水河校区 (University of Electronic Science and Technology of China),2026-08-14 16:00,159,91
L39820417,CN,CN-44,,21.504593,111.0156821,电白万亩红树林 (Dianbai Mangroves),2026-05-10 16:49,4,1
L37578217,CN,CN-33,,29.5419767,118.7962367,界首乡 (Jieshou [General Area]),2024-10-11 00:00,1,0
L66137798,CN,CN-37,,36.6376562,117.9581237,留仙湖公园 (Liuxianhu Park),2026-02-15 09:00,20,2
L63751250,CN,CN-46,,19.31246,109.66388,番加省级自然保护区 (Panjia PNR),2026-07-24 06:20,165,184
L32240035,CN,CN-46,,19.26238,109.6583,番加自然保护区--三雅村 (Panjia PNR--Sanya Village {hides & surroundings}),2026-06-28 09:18,124,104
L63751581,CN,CN-46,,19.27606,109.64662,番加自然保护区--三雅村以西公路 (Panjia PNR--Sanya West {pigeon hide}),2026-07-24 06:20,60,8
L33590355,CN,CN-46,,19.3248998,109.6944207,番加自然保护区--管理站 (Panjia PNR--Protection Station),2026-06-28 06:15,146,67
L63091545,CN,CN-46,,19.313163,109.687909,番加自然保护区--那存村 (Panjia PNR--Nacun Village),2026-04-18 07:24,19,1
L42456349,CN,CN-44,,22.9892522,113.5035406,"番禺石楼莲花山旅游区 (Lianhuashan Scenic Area, Fanyu)",2026-06-11 10:19,39,6
L3935229,CN,CN-53,,24.0881832,98.063997,畹町森林公园 (Wanding Forest Park),2025-03-08 17:37,146,12
L6061627,CN,CN-53,,24.0503438,97.9883695,畹町生态园 (Wanding Ecological Garden),2026-09-26 17:18,194,67
L21476872,CN,CN-21,,40.9708195,122.1501526,疙瘩楼水库 (Gedalou Reservoir),2022-11-08 10:30,13,1
L6142510,CN,CN-32,,32.4071213,119.4241977,瘦西湖 (Slender West Lake),2026-09-18 15:43,71,40
L40599993,CN,CN-35,,26.124266,119.3464,登云水库周边 (Dengyun Reservoir Surrounding Area),2026-06-18 14:50,80,12
L18312316,CN,CN-52,,26.612894,106.745593,登高云山森林公园 (DenggaoYunshan Forest Park),2022-03-31 11:30,17,1
L28560861,CN,CN-35,,25.0922753,117.0360434,登高山公园 (Denggaoshan Park),2024-10-15 08:00,43,4
L51876884,CN,CN-44,,23.159498,113.2151413,白云儿童公园 (Baiyun Children's Park),2026-05-22 16:28,22,2
L38896798,CN,CN-42,,31.7028593,113.3601002,白云公园 (Baiyun Park)
L53634769,CN,CN-33,,29.8747407,121.52461,"白云公园 (Baiyun Park, Ningbo)",2026-07-22 16:00,25,8
L4347811,CN,CN-44,,23.18312,113.2975913,白云山 (Baiyun Mountain),2026-09-27 12:38,202,337
L22864249,CN,CN-33,,28.662492,121.4291201,白云山公园 (Baiyunshan Park),2026-05-03 11:17,21,4
L7539147,CN,CN-41,,31.9456982,114.2732151,白云山庄 (Baiyun Hotel),2026-07-21 17:35,157,155
L7809686,CN,CN-33,,28.4849499,119.916501,白云森林公园 (Baiyun Forest Park),2026-09-19 09:47,77,11
L57167057,CN,CN-35,,26.0755607,119.390768,白云洞 (Baiyun Cave),2026-07-29 06:21,44,13
L6355802,CN,CN-44,,23.2280171,113.242178,白云湖公园 (Baiyun Lake Park),2026-06-24 14:34,55,11
L25028822,CN,CN-33,,29.6971999,119.7222747,白云源景区 (Baiyunyuan Scenic Area),2026-08-15 08:00,21,5
L35277022,CN,CN-65,,48.6908142,86.787965,白哈巴村 (White Kaba Village),2026-06-21 08:02,42,7
L24614352,CN,CN-44,,23.3562705,116.1604266,白坑湖 (Baikeng Lake),2025-02-01 15:19,34,2
L38038051,CN,CN-22,,45.6023299,122.8608195,白城森林公园 (Baicheng Forest Park),1992-05-30 00:00,1,0
L38175316,CN,CN-51,,30.7850905,106.1032618,白塔公园 (Baita Park)
L21369662,CN,CN-51,,31.5694131,105.9942591,白塔山公园 (Baitashan Park),2017-10-15 09:36,15,1
L9532090,CN,CN-62,,36.0693804,103.8102957,白塔山公园 (Baitashan Park),2026-07-02 15:24,62,27
L38175357,CN,CN-51,,28.7742138,104.6380909,白塔山风景区 (Baitashan Scenic Area),2026-01-08 10:23,18,2
L39856941,CN,CN-32,,33.9242099,117.8895974,白塘河湿地公园 (Baitanghe Wetland Park),2026-02-12 14:48,10,1
L13265445,CN,CN-32,,31.3311793,120.7361174,白塘生态植物园 (Baitang Arboretum),2026-09-23 15:27,123,288
L38286313,CN,CN-62,,39.7428086,99.5036808,白家明塘水库 (Baijia Mingtang Reservoir)
L19436148,CN,CN-51,,30.7151695,103.4566733,白岩寺 (Baiyan Temple),2017-10-29 08:32,16,1
L54480495,CN,CN-32,,31.7170246,121.0996032,白峁口大草坪 (Baimaokou Lawn),2026-08-20 09:57,57,4
L54532245,CN,CN-32,,31.7239382,121.0851862,白峁口滩涂 (Baimaokou Tidal Flat),2026-08-20 12:22,76,6
L19951514,CN,CN-33,,28.4372469,119.8248373,白峰 (Baifeng),2024-07-09 05:51,74,10
L38131197,CN,CN-50,,31.0411781,109.5754416,白帝城 (Baidicheng),2026-08-24 10:30,12,6
L6166452,CN,CN-63,,31.8229137,96.5421653,白扎林场 (Baizha Forest),2026-08-30 12:20,166,334
L6168663,CN,CN-63,,31.8338474,96.4801646,白扎林场--高海拔 (Baizha Forest--high elevation),2026-08-30 12:20,124,57
L39934762,CN,CN-32,,31.439799,120.2152284,白旄湾 (Baimao Bay),2026-07-09 17:00,112,29
L14534301,CN,CN-44,,22.0702343,113.5122766,白曹湾 (Baicao Bay),2025-11-29 14:53,93,8
L44940816,CN,CN-37,,35.9146305,120.0984583,白果树河 (Baiguoshu River),2026-09-16 17:12,84,16
L3967585,CN,CN-53,,27.499027,100.0371634,白水台 (Baishuitai),2026-06-21 11:30,46,5
L13062151,CN,CN-33,,28.4099033,118.6161081,白水坑水库 (Baishuikeng Reservoir),2025-12-19 00:00,55,3
L24926881,CN,CN-46,,19.95944,110.35452,白水塘湿地 (Baishuitang Wetlands),2026-09-27 07:30,73,6
L39964239,CN,CN-44,,22.5839648,113.1263284,白水带风景区 (Baishuidai Scenic Area),2025-08-02 06:20,14,1
L10824249,CN,CN-33,,28.7395292,121.669272,白沙--头门岛围堰区 (Baisha--Toumen Coast),2026-07-12 00:00,121,2
L39712177,CN,CN-37,,36.25427,120.3152392,白沙-墨水河口 (Baisha-Moshui Estuary),2026-09-27 07:09,64,9
L29912639,CN,CN-31,,31.3968444,121.4347287,白沙公园 (Baisha Park),2026-05-08 13:40,52,62
L37994306,CN,CN-65,,48.0298345,86.8835175,白沙山 (White Dunes),2026-06-25 11:00,8,2
L57298150,CN,CN-33,,29.9372565,122.454936,白沙岛 (Baisha Islands),2026-02-28 11:30,34,6
L13772656,CN,CN-37,,36.2696334,120.4395233,白沙河湿地 (Baisha River Wetlands),2026-09-19 06:55,95,30
L25409144,CN,CN-65,,38.729647,75.018005,"白沙湖 (White Sand Lake, Tashkorgan)",2026-09-14 13:15,54,7
L28755204,CN,CN-44,,22.6602129,114.5021395,白沙湾公园 (Baishawan Park),2025-10-06 11:00,50,10
L16769103,CN,CN-33,,29.1112109,119.5611422,白沙溪口 (Baisha River Estuary),2024-08-21 16:04,63,6
L13004657,CN,CN-46,,20.071217,110.335289,白沙门公园 (Baishamen Park),2026-09-26 09:35,123,121
L38243411,CN,CN-51,,30.5653832,103.9012087,白河公园--A区 (Baihe Park--Area A),2025-01-30 12:23,6,0
L38243415,CN,CN-51,,30.5549739,103.8994032,白河公园--B区 (Baihe Park--Area B),2026-03-07 10:00,26,2
L38243419,CN,CN-51,,30.549921,103.9060308,白河公园--C区 (Baihe Park--Area C),2026-04-04 16:06,49,8
L5838948,CN,CN-11,,40.6712366,116.6930123,白河湾 (Baihe River Bends),2026-02-07 09:16,166,76
L4683669,CN,CN-51,,33.30735,104.15794,白河自然保护区 (Baihe NNR),2026-06-24 08:30,150,63
L38024454,CN,CN-15,,41.0052145,113.1230589,白泉山生态公园 (Baiquanshan Eco-Park),2025-10-15 08:30,17,2
L38537249,CN,CN-43,,28.7461682,112.880899,白泥湖 (Baini Lake)
L28820716,CN,CN-33,,30.5190054,120.9573209,白洋河湿地公园 (Baiyanghe Wetland Park),2026-04-26 06:30,23,3
L8326788,CN,CN-13,,38.9313353,115.9784207,白洋淀 (Baiyangdian),2026-09-19 08:35,76,13
L39907922,CN,CN-32,,31.3392911,120.5660153,白洋湾公园 (Baiyangwan Park)
L38896487,CN,CN-37,,36.648168,119.1019364,白浪绿洲湿地公园 (Bailang Oasis Wetland Park),2026-04-23 06:39,29,4
L38024505,CN,CN-15,,40.9998924,113.2134117,白海子湿地公园 (Baihaizi Wetland Park),2025-10-15 11:20,26,1
L6142961,CN,CN-65,,43.816724,87.4388337,白湖 (White Lake),2026-06-27 09:35,119,57
L49145992,CN,CN-22,,42.054319,127.669929,白溪小镇 (Baixi Town),2025-07-06 04:10,35,2
L38396487,CN,CN-21,,38.8118046,121.2568111,白玉山 (Baiyu Hill),2025-12-17 12:16,4,1
L38474423,CN,CN-43,,27.8536819,112.8965652,白石公园 (Baishi Park),2025-08-05 18:41,5,2
L38080765,CN,CN-46,,19.1651081,110.3936892,白石岭风景区 (Baishiling Scenic Area),2025-01-25 09:58,10,3
L38426143,CN,CN-45,,21.9344642,108.6343598,白石湖公园 (Baishi Lake Park),2024-05-07 00:00,2,0
L8660251,CN,CN-11,,39.812511,115.580956,白草畔 (Baicaopan),2023-07-15 08:50,90,33
L39980069,CN,CN-44,,22.2448827,113.5617027,白莲洞公园 (Bailiandong Park),2026-08-03 18:18,13,3
L28217781,CN,CN-36,,29.0210364,115.8185799,白莲湖湿地公园 (White Lotus Lake Wetland Park),2026-03-01 16:19,112,51
L17398081,CN,CN-33,,29.1073922,118.6936837,白菊花尖 (Baijuhua Peak),2024-04-18 00:00,1,0
L37422794,CN,CN-15,,43.5297329,117.2352308,白音敖包自然保护区 (Bayin Ovoo NNR),2025-06-10 14:30,109,17
L2211890,CN,CN-32,,32.0606678,118.8170099,白马公园 (Baima Park),2026-06-13 07:00,64,14
L7966235,CN,CN-14,,35.5523847,112.8534279,白马寺山 (Baimasi Mountain),2026-02-20 15:15,46,12
L38302942,CN,CN-14,,35.5325285,112.8474244,白马寺山植物园 (Baimasi Mountain Botanical Garden)
L37048367,CN,CN-34,,31.1109115,116.1905472,白马尖 (Baima Jian),2026-08-22 08:28,22,2
L30361404,CN,CN-34,,31.6767049,117.5268917,白马山 (Baima Mountain),2025-08-30 00:00,62,13
L56388884,CN,CN-34,,31.269984,117.1032314,白马岭 (Baimaling Scenic Area),2025-12-27 10:37,10,1
L76281086,CN,CN-46,,19.0354558,110.0788164,白马岭 (Baimaling)
L26351238,CN,CN-32,,31.2961401,120.4917959,白马涧龙池 (Baimajian Dragon Ponds),2025-12-17 09:02,47,6
L13359482,CN,CN-33,,30.1619152,120.210595,白马湖 (Baima Lake),2026-09-22 21:39,145,76
L16262477,CN,CN-32,,33.2156013,119.1156014,白马湖 (Baima Lake),2025-02-16 09:05,112,13
L38474305,CN,CN-43,,29.0496972,111.6771726,白马湖公园 (Baima Lake Park),2026-02-14 17:09,30,8
L38109670,CN,CN-53,,28.3769431,99.0132843,白马雪山垭口 (Baima Snow Mountain Pass),2026-06-10 09:10,76,12
L38501975,CN,CN-43,,25.4797856,112.1518268,白鸬洞水库 (Bailudong Reservoir)
L20512355,CN,CN-33,,28.0270302,119.3992084,白鹤仙顶 (Baihexian Peak),2025-10-02 00:00,25,0
L27995194,CN,CN-35,,26.6377949,119.5028047,白鹤岭 (Baihe Ridge),2026-07-05 08:43,25,4
L29368353,CN,CN-36,,28.8402384,116.4561555,白鹤洲 (Baihezhou),2026-09-22 10:59,169,229
L18065781,CN,CN-51,,30.3958063,103.8540808,白鹤滩 (Baihetan),2026-09-08 15:19,124,21
L17616497,CN,CN-46,,18.2477527,109.5192322,白鹭公园 (Bailu Park),2026-07-18 17:14,40,14
L26307800,CN,CN-32,,31.2722638,120.7202307,白鹭园 (Egret Park),2026-09-27 16:53,117,484
L8386260,CN,CN-35,,24.4727239,118.0903742,白鹭洲公园 (Bailuzhou Park),2026-09-06 20:53,70,46
L27584016,CN,CN-32,,32.0176425,118.7960008,"白鹭洲公园 (Bailuzhou Park, Nanjing)",2025-06-22 12:02,22,3
L20612576,CN,CN-41,,33.7505608,113.2575661,白鹭洲国家城市湿地公园 (Bailuzhou Wetland Park),2026-01-12 14:00,60,8
L38843046,CN,CN-37,,37.4159871,118.0523055,白鹭湖湿地公园 (Bailuhu Wetland Park),2024-12-20 08:03,18,1
L27051661,CN,CN-37,,35.6397935,119.4931992,白鹭湾 (Bailuwan),2026-06-30 05:32,60,12
L5080754,CN,CN-51,,30.5663232,104.1392651,白鹭湾湿地公园 (Bailuwan Wetland Park),2026-05-24 14:44,151,72
L10911569,CN,CN-33,,27.9956899,120.668223,白鹿洲公园 (Bailuzhou Park),2026-06-12 16:18,31,7
L38127069,CN,CN-53,,24.8794216,102.8511151,白龙潭公园 (Bailongtan Park),2025-10-28 14:00,31,3
L38672174,CN,CN-41,,33.7677213,113.1653154,白龟湖国家城市湿地公园 (Baigui Lake Wetland Park),2026-07-27 15:00,64,6
L63828310,CN,CN-35,,27.3790406,120.2028166,百井丘（Baijingqiu Hill）,2026-02-19 17:00,28,2
L10841309,CN,CN-33,,27.7559389,119.1913704,百山祖国家级自然保护区 (Qingyuan Baishanzu NNR),2025-06-18 00:00,81,10
L16030735,CN,CN-45,,23.70164,109.8921496,百崖槽大峡谷 (Baiyacao Canyon),2023-01-19 07:24,41,3
L28818383,CN,CN-51,,30.569521,104.2964308,百工堰公园 (Baigongyan Park),2026-04-18 19:12,81,26
L3527640,CN,CN-11,,40.0330693,116.2538481,百望山森林公园 (Baiwangshan Forest Park),2026-09-27 09:32,232,1696
L38058456,CN,CN-22,,43.8128983,125.2889914,百木园 (Baimuyuan),2026-07-16 10:53,44,13
L2079599,CN,CN-45,,23.8935775,106.6151154,"百色人民公园 (People’s Park, Baise)",2023-07-09 08:31,31,20
L2825692,CN,CN-45,,23.8988094,106.6333383,百色半岛公园 (Baise Bandao Park),2023-03-27 17:36,91,73
L3229390,CN,CN-45,,23.8779182,106.6156304,百色园博园 (Baise Horti Expo Park),2023-06-13 18:55,62,30
L16346476,CN,CN-45,,23.8067762,106.6300503,百色福禄河国家湿地公园 (Baise Fuluhe National Wetland Park),2023-06-10 09:08,66,14
L2739209,CN,CN-45,,23.9018341,106.6404784,百色起义纪念公园 (Baise Uprising Memorial Park),2023-06-28 08:28,30,10
L38843355,CN,CN-37,,35.4125772,116.6044931,百花公园 (Baihua Park)
L21140892,CN,CN-11,,39.8237274,115.5748571,百花山 (Baihuashan),2026-06-09 13:47,91,32
L2500082,CN,CN-53,,25.2996156,98.8011638,百花岭 (Baihualing [General Area]),2026-09-27 08:23,467,1967
L10488156,CN,CN-53,,25.3049256,98.7955309,百花岭--上山路 (Baihualing--uphill road & hides),2026-09-27 08:23,268,338
L10492657,CN,CN-53,,25.2999652,98.7871251,百花岭--旧街子 (Baihualing--Old Street Saddle),2026-08-19 09:00,222,95
L45317290,CN,CN-53,,25.2968849,98.8029037,百花岭--旱龙寨 (Baihualing--The Village),2026-09-26 18:13,103,43
L10501726,CN,CN-53,,25.3104869,98.79497,百花岭--温泉环路 (Baihualing--Hot Spring Loop),2026-03-19 10:30,254,137
L38793035,CN,CN-53,,25.30549,98.78434,百花岭--金厂河线 (Baihualing--Jinchanghe Trail),2024-12-03 09:55,45,1
L39183075,CN,CN-53,,25.289092,98.81988,百花岭--锦鸡塘 (Baihualing--Lady Amherst's Pheasant hide),2025-01-05 08:00,10,2
L63499359,CN,CN-53,,25.2629093,98.7984297,百花岭--长尾雉塘 (Baihualing--Mrs Hume's Pheasant hide),2026-05-18 17:31,18,1
L40002994,CN,CN-31,,31.0729503,121.2236976,百花港开放休闲林地 (Baihuagang Woods),2026-05-01 17:30,70,6
L5291134,CN,CN-51,,30.6567417,104.0436602,百花潭公园 (Baihuatan Park),2026-08-05 10:23,97,201
L38025941,CN,CN-15,,42.5728831,117.2097658,百草敖包 (Baicao Ovoo),2026-09-27 10:06,3,1
L38650981,CN,CN-34,,30.6627149,117.4934513,百荷公园 (Baihe Park),2026-04-04 11:41,2,0
L39980383,CN,CN-44,,23.0548363,113.6138945,百香岛生态农业旅游区 (Baixiang Island Farm),2026-09-06 09:30,11,1
L32490140,CN,CN-50,,30.3356611,108.0950511,皇华岛 (Huanghua Island),2019-06-04 06:20,33,1
L40061328,CN,CN-44,,22.5181348,114.0578729,皇岗公园 (Huanggang Park),2026-08-25 10:00,31,7
L24361537,CN,CN-35,,26.397782,119.273454,皇帝洞景区 (Emperor Cave Scenic Area),2025-01-30 06:47,69,3
L16937013,CN,CN-34,,32.3363098,118.0149228,皇甫山国家森林公园 (Huangfushan National Forest Park),2021-11-21 11:39,12,1
L35608599,CN,CN-34,,34.0392242,117.0555877,皇藏峪国家森林公园 (Huangcangyu National Forest Park),2024-04-21 00:00,1,0
L17361860,CN,CN-33,,30.391008,120.2184183,皋亭山 (Gaoting Mountain),2026-06-12 14:42,97,21
L22815087,CN,CN-34,,31.47407,116.5781,皖西大裂谷景区 (Wanxi Rift Valley Scenic Area),2024-12-28 16:49,10,2
L13803456,CN,CN-53,,24.6875838,97.9393235,盈江湿地公园 (Yingjiang Wetland Park),2026-09-27 10:46,307,428
L38035706,CN,CN-23,,46.6388258,131.1752431,益寿山公园 (Yishoushan Park)
L7067266,CN,CN-53,,24.7115936,97.9190826,盏达河 (Zhanda River),2026-04-28 15:49,179,94
L22145266,CN,CN-33,,30.3844737,120.4391085,盐仓江滩 (Yancang Riverbank),2025-11-19 00:00,28,1
L39902277,CN,CN-32,,33.3352429,120.1565005,"盐城世纪公园 (Century Park, Yancheng)",2025-05-29 08:23,11,0
L39902262,CN,CN-32,,33.3777129,120.2189391,"盐城东方公园 (Dongfang Park, Yancheng)",2025-02-27 14:20,10,1
L24002799,CN,CN-32,,33.3845867,120.1586485,盐城师范学院 (Yancheng Normal University),2019-10-19 08:00,27,2
L9155195,CN,CN-32,,33.603891,120.5134201,盐城湿地珍禽国家级自然保护区 (Yancheng Wetland NNR),2026-09-01 08:42,271,348
L9932498,CN,CN-44,,22.7139538,114.9449897,盐洲岛 (Yanzhou Ponds),2026-07-08 15:19,74,11
L24002906,CN,CN-32,,33.3639521,120.1576818,盐渎公园 (Yandu Park),2026-05-24 15:55,64,25
L38426025,CN,CN-45,,23.7477117,109.2200249,盘古文化公园 (Pangu Culture Park)
L27982980,CN,CN-12,,40.0794401,117.2682405,盘山风景名胜区 (Panshan Scenic Area),2026-03-18 09:35,29,6
L5852451,CN,CN-21,,41.1299885,122.0733302,"盘锦文化公园 (Culture Park, Panjin)",2026-09-15 17:33,50,37
L21108699,CN,CN-21,,41.151071,121.9321018,盘锦监狱南侧树林 (Riverside Woods S of Panjin Prison),2013-12-07 07:00,20,2
L19508025,CN,CN-21,,40.829251,121.8414371,盘锦红海滩--中段 (Panjin Red Beach--Central Section),2026-08-25 11:04,51,11
L16179516,CN,CN-21,,40.9050151,121.832757,盘锦红海滩--北段 (Panjin Red Beach--North Section),2026-02-27 09:30,64,3
L38376823,CN,CN-21,,40.8062466,121.9306494,盘锦红海滩--南段 (Panjin Red Beach--South Section),2026-05-03 11:56,37,3
L39907847,CN,CN-32,,31.288467,120.6165073,盘门风景区 (Panmen Scenic Area),2026-01-29 15:45,14,3
L25431662,CN,CN-65,,37.630858,75.487724,盘龙古道--旱獭乐园观景点 (Panlong Gudao--Marmot Viewpoint),2026-08-18 15:50,16,3
L26706197,CN,CN-32,,31.4583413,120.7088353,盛泽湖月季园 (Shengze Lake Chinese Rose Garden),2026-01-20 16:20,48,6
L29247816,CN,CN-34,,33.9843411,116.7942318,相山公园 (Xiangshan Park),2025-12-05 16:05,30,9
L63829276,CN,CN-35,,26.0503828,119.3920755,相怀梅园（Xianghuai Mei Garden）,2026-03-29 09:00,17,2
L38442337,CN,CN-45,,22.8349136,108.2442582,相思湖公园 (Xiangsihu Park),2026-03-07 08:00,20,4
L26473299,CN,CN-65,,41.9227048,86.4325371,相思湖景区 (Xiangsihu Scenic Area),2012-06-28 00:00,29,1
L32869347,CN,CN-33,,29.7225754,121.1962263,相量岗景区 (Xianglianggang Scenic Area),2026-05-04 07:30,71,7
L38108885,CN,CN-53,,27.3508288,103.7308998,省耕公园 (Shenggeng Park),2025-09-20 12:49,33,2
L39896376,CN,CN-32,,31.3841524,120.4804039,真山公园 (Zhenshan Park),2026-07-10 07:45,20,2
L5814592,CN,CN-36,,29.1917463,117.7300646,石井水库 (Shijing Reservoir),2026-05-23 15:55,123,22
L38024414,CN,CN-15,,40.7553839,112.0773247,石人湾湿地 (Shirenwan Wetlands)
L24520544,CN,CN-21,,42.159961,123.500399,石佛寺水库 (Shifosi Reservoir),2024-03-13 15:10,74,2
L9319756,CN,CN-62,,35.9301568,103.8761968,石佛沟国家森林公园 (Shifogou National Forest Park),2024-08-19 09:00,69,12
L19897399,CN,CN-44,,23.3879779,115.8860497,石内河 (Shinei River),2020-10-05 09:26,26,3
L45209784,CN,CN-11,,40.571926,117.052611,石匣村 (Shixia Village),2026-09-26 11:37,91,31
L38126740,CN,CN-53,,27.7913093,99.5891526,石卡雪山--山顶 (Shika Snow Mountain--Summit),2026-07-15 10:00,47,2
L64426945,CN,CN-53,,27.7828653,99.5811095,石卡雪山--杜鹃林 (Shika Snow Mountain--Azalea Woods),2026-06-08 09:32,13,1
L38126735,CN,CN-53,,27.7874412,99.6108568,石卡雪山--蓝月山谷 (Shika Snow Mountain--Lanyue Valley),2026-07-14 14:30,13,2
L38651071,CN,CN-34,,30.0841996,117.4879887,石台牯牛降龙门风景区 (Guniujiang Longmen Scenic Area),2026-02-17 08:34,8,3
L19424550,CN,CN-21,,39.5295685,122.9877947,石城岛 (Shicheng Island),2026-07-03 07:52,37,8
L38018729,CN,CN-15,,47.3747044,120.4884725,石塘林 (Shitanglin),2026-07-10 11:50,8,1
L10416141,CN,CN-13,,38.0594149,114.4437242,石太公园 (Shitai Park),2026-05-31 09:29,30,21
L25428359,CN,CN-65,,37.785795,75.237607,石头城及金草滩 (Taxkorgan Ruins & Golden Meadow),2026-09-26 19:37,51,16
L15574933,CN,CN-53,,26.3935324,99.8483743,石宝山 (Shibaoshan),2026-05-09 14:46,55,4
L7849383,CN,CN-53,,26.3508754,99.83551,石宝山--南区 (Shibaoshan--South Area),2026-06-08 10:29,72,5
L38113723,CN,CN-13,,38.0199053,114.5396943,"石家庄世纪公园 (Century Park, Shijiazhuang)",2026-06-20 09:07,59,60
L16482962,CN,CN-13,,38.0196603,114.4946143,"石家庄元南公园 (Yuan Nan Park, Shijiazhuang)",2026-05-23 09:00,16,5
L61416613,CN,CN-13,,38.066524,114.3104382,石家庄动物园 (Shijiazhuang Zoo),2026-09-09 11:23,44,2
L38113738,CN,CN-13,,38.1086209,114.3813537,石家庄植物园 (Shijiazhuang Botanical Garden),2026-09-08 11:45,57,10
L23524588,CN,CN-13,,38.078656,114.44899,"石家庄水上公园 (Water Park, Shijiazhuang)",2026-09-26 13:06,91,251
L16306747,CN,CN-13,,38.0058212,114.4876329,石家庄站周边 (Periphery of SJZ Railway Station),2026-08-16 10:56,54,160
L28756341,CN,CN-13,,38.7177304,116.0370862,石家营 (Shijiaying),2025-12-08 07:47,58,11
L25516701,CN,CN-33,,30.2052119,119.6962822,石山亚运公园 (Stone Mountain Asian Games Park),2026-06-11 07:00,64,17
L40059940,CN,CN-44,,22.6794383,113.9224947,石岩湿地公园 (Shiyan Wetland Park),2026-02-02 08:40,42,2
L38474378,CN,CN-43,,27.8602535,113.1118141,石峰公园 (Shifeng Park),2025-12-21 14:15,23,1
L39459626,CN,CN-37,,36.5175732,116.9586435,石崮寨景区 (Shiguzhai Scenic Area)
L38297653,CN,CN-61,,34.6867775,109.2536956,石川河阎良段 (Shichuan River - Yanliang Section),2025-11-15 15:00,7,1
L61441276,CN,CN-32,,32.0954628,118.8122795,"石景山公园 (Shijingshan Park, Nanjing)",2026-08-26 15:37,23,3
L38426318,CN,CN-45,,22.3698596,107.3555368,石景林 (Shijinglin)
L1064224,CN,CN-53,,24.8240231,103.3239591,石林风景区 (Shilin Scenic Area),2026-09-08 10:22,134,62
L5853825,CN,CN-36,,29.1614557,117.8462863,石枧村及星江沿岸 (Shijian Village & Riverside Forest),2026-07-22 09:55,199,413
L29867049,CN,CN-33,,28.3871351,120.9000083,石桅岩风景区 (Shiweiyan Scenic Area),2026-02-22 13:42,47,6
L36077337,CN,CN-33,,29.0828528,118.7074265,石梁镇--大俱源 (Shiliang--Dajuyuan Peak),2025-08-09 00:00,35,1
L17511427,CN,CN-46,,18.659278,110.265042,石梅湾青皮林省级自然保护区 (Shimeiwan Vatica Woods PNR),2024-01-01 08:00,18,2
L8245010,CN,CN-53,,24.4700174,97.571782,石梯村 (Shiti Village),2026-08-10 19:43,415,1195
L10452415,CN,CN-53,,24.477465,97.588046,石梯村--10号塘 (Shiti--Hide 10),2026-08-10 08:37,202,21
L39217662,CN,CN-53,,24.45858,97.553734,石梯村--11号塘 (Shiti--Hide 11),2026-03-24 08:41,102,27
L10442402,CN,CN-53,,24.466038,97.565592,石梯村--13号塘 (Shiti--Hide 13),2025-05-14 19:00,109,12
L10457542,CN,CN-53,,24.473025,97.573005,石梯村--15号塘 (Shiti--Hide 15),2026-08-10 19:43,154,20
L30610084,CN,CN-53,,24.471081,97.574689,石梯村--16号塘 (Shiti--Hide 16),2026-02-04 15:09,142,20
L30616863,CN,CN-53,,24.450583,97.5482,石梯村--17号塘 (Shiti--Hide 17),2026-04-14 15:06,87,29
L30577155,CN,CN-53,,24.452543,97.5414,石梯村--18号塘 (Shiti--Hide 18),2026-03-25 08:33,45,6
L30575366,CN,CN-53,,24.460551,97.559544,石梯村--19号塘 (Shiti--Hide 19),2026-05-01 17:25,110,15
L60641649,CN,CN-53,,24.4797944,97.5927927,石梯村--21号塘 (Shiti--Hide 21),2026-03-05 13:00,52,2
L39219231,CN,CN-53,,24.476384,97.587032,石梯村--2号塘 (Shiti--Hide 2),2026-05-02 19:35,139,48
L60639934,CN,CN-53,,24.4703978,97.5630152,石梯村--35号塘 (Shiti--Hide 35),2026-05-20 06:30,36,1
L10452424,CN,CN-53,,24.474424,97.582207,石梯村--9号塘 (Shiti--Hide 9),2026-08-10 09:03,72,6
L38474156,CN,CN-43,,25.7775248,113.0501307,石榴湾生态公园 (Shiliuwan Eco-Park),2026-02-20 09:37,59,11
L5270116,CN,CN-13,,39.9566401,119.7822189,石河口 (Shihe Esutary),2026-05-04 12:26,178,18
L37988569,CN,CN-65,,44.304195,86.0579016,石河子大学 (Shihezi University),2026-07-10 23:01,1,3
L35396384,CN,CN-65,,44.2967936,86.0211132,"石河子西公园 (West Park, Shihezi)",2026-05-16 15:37,38,11
L17917370,CN,CN-21,,41.1815421,123.2504883,石洞沟森林公园 (Shidonggou Forest Park),2026-02-25 12:02,39,6
L40862184,CN,CN-33,,28.5645399,121.3701626,石浜公园 (Shibang Park),2025-03-14 13:23,36,12
L36278729,CN,CN-33,,29.014374,122.147829,石浦-渔山岛航线 (Shipu-Yushan Islands ferry route),2025-09-14 10:30,28,8
L39964402,CN,CN-44,,22.545358,113.0184436,石涧郊野公园 (Shijian Country Park),2026-02-18 06:15,51,7
L45427035,CN,CN-53,,24.8175912,103.9833135,石湖公园 (Shihu Park),2025-01-09 14:00,31,1
L17505520,CN,CN-32,,31.2407842,120.5937733,石湖景区 (Shihu Lake Scenic Area),2026-09-24 14:20,119,103
L39963128,CN,CN-44,,23.0083731,113.0799692,石湾公园 (Shiwan Park),2025-09-17 14:04,3,1
L28354953,CN,CN-44,,23.3522835,116.6990411,石炮台公园 (Shipaotai Park),2025-11-18 14:58,15,11
L12776878,CN,CN-35,,24.7881591,118.6757729,石狮湿地公园 (Shishi Wetland Park),2026-07-09 08:00,182,81
L17456398,CN,CN-34,,31.5040035,118.8386108,石臼湖 [安徽] (Shijiu Lake [Anhui]),2026-05-19 00:00,157,60
L39857612,CN,CN-32,,31.439804,118.9562422,石臼湖--战天圩 (Shijiu Lake--Zhantianwei),2026-01-02 21:00,104,6
L8518362,CN,CN-32,,31.5327658,118.9129601,石臼湖--石场 (Shijiu Lake--Shichang),2026-04-18 12:00,170,76
L40084004,CN,CN-44,,22.6180401,114.1299016,石芽岭公园 (Shiyaling Park),2025-11-27 11:24,6,2
L57954462,CN,CN-44,,24.4279401,113.3001352,石门台省级自然保护区 (Shimentai PNR),2000-08-14 07:00,11,1
L14506973,CN,CN-44,,23.6231242,113.7793137,石门国家森林公园 (Shimen National Forest Park),2026-07-04 09:20,108,24
L39716224,CN,CN-42,,29.799047,112.5591016,石首麋鹿自然保护区 (Shishou Milu NNR)
L38474036,CN,CN-43,,27.7363922,112.0126088,石马公园 (Shima Park)
L30111080,CN,CN-33,,28.3548529,118.5442556,石鼓溪 (Shigu Creek),2025-03-25 00:00,14,1
L7849424,CN,CN-53,,26.8681532,99.959819,石鼓镇 (Shigu Town),2026-09-03 16:43,148,97
L38650712,CN,CN-34,,33.3479076,117.9081247,石龙湖湿地 (Shilonghu Wetlands),2024-04-10 10:00,4,1
L38191299,CN,CN-51,,29.6238223,104.050298,研溪湿地公园 (Yanxi Wetland Park),2025-08-03 18:48,20,2
L53551515,CN,CN-14,,34.9238678,110.8145038,硝池 (Saltpeter Pond),2026-02-22 11:00,87,16
L3758007,CN,CN-53,,27.8215425,99.9977732,碧塔海 (Bita Lake),2026-04-24 13:09,57,13
L35607957,CN,CN-51,,30.0683613,102.9916553,碧峰峡风景区 (Bifengxia Scenic Area),2026-09-12 13:58,77,25
L38814201,CN,CN-41,,34.7517329,113.6306906,碧沙岗公园 (Bishagang Park)
L38451006,CN,CN-11,,39.810416,116.4386568,碧海公园 (Bihai Park),2026-05-23 18:23,3,1
L40083590,CN,CN-44,,22.584307,113.8525881,碧海湾公园 (Bihaiwan Park),2026-05-10 09:33,17,3
L19493222,CN,CN-31,,30.8189613,121.5472534,碧海金沙-奉贤边滩 (Bihai Jinsha Coast),2026-09-20 16:06,260,365
L58064835,CN,CN-31,,30.8270791,121.5639851,碧海金沙-电力灰塘 (Bihai Jinsha Coast),2026-05-08 07:03,59,7
L57167450,CN,CN-32,,31.7245045,121.9372289,碧海银沙 (Bihai Yinsha),2026-09-26 13:32,41,4
L12847350,CN,CN-33,,28.3647134,119.7744606,碧湖平原 (Bihu Plains),2026-06-11 00:00,206,19
L39636116,CN,CN-35,,24.4951351,117.6907504,碧湖生态公园 (Bihu Eco-Park),2026-01-01 08:31,44,4
L38058587,CN,CN-22,,42.4114208,128.1257112,碱水河湿地公园 (Jianshuihe Wetland Park),2026-08-03 07:00,50,5
L9558180,CN,CN-42,,30.5510133,114.4087743,磨山景区 (Moshan Scenic Area),2026-06-12 08:50,58,7
L38396206,CN,CN-21,,38.8676995,121.5055626,磨盘山公园 (Mopanshan Park),2025-05-07 08:00,14,1
L38552730,CN,CN-36,,28.705595,115.7304362,磨盘山森林公园 (Mopanshan Forest Park),2026-07-01 05:56,57,11
L38537527,CN,CN-43,,28.1505685,113.0751439,磨盘洲生态公园 (Mopanzhou Eco-Park),2026-06-20 15:00,45,4
L37581827,CN,CN-37,,38.1595765,120.7503007,磨石咀湾 (Moshizui Bay),2026-09-25 17:59,57,5
L23626989,CN,CN-44,,23.3311773,116.6850706,礐石风景区 (Queshi Scenic Area),2026-07-10 15:39,36,17
L43876129,CN,CN-41,,31.941715,114.292809,祁堂村农田 (Qitang Farmland [Ibis hide]),2026-07-08 13:16,111,66
L54093611,CN,CN-32,,31.8922261,118.7420731,祖堂山 (Zutang Hill),2026-09-22 08:00,64,13
L5421636,CN,CN-13,,40.1317067,119.4305277,祖山风景区 [老岭] (Zushan Scenic Area [Lao Ling]),2025-08-02 08:00,190,49
L35348093,CN,CN-51,,33.3870641,103.6821475,神仙池景区 (Heavenly Ponds Scenic Area),2026-08-12 11:37,78,9
L39816308,CN,CN-44,,24.0990412,115.7145834,神光山森林公园 (Shenguangshan Forest Park),2026-02-21 09:17,10,0
L38474385,CN,CN-43,,27.8438226,113.1421315,神农公园 (Shennong Park)
L38474364,CN,CN-43,,27.820165,113.1173265,神农城 (Shennongcheng)
L8556478,CN,CN-42,,31.43148,110.29386,神农架国家公园 (Shennongjia NP [General Area]),2026-09-27 10:02,297,330
L38501879,CN,CN-43,,26.5038809,114.0259507,神农谷国家森林公园 (Shennonggu Forest Park)
L36960492,CN,CN-42,,31.4491677,110.1959979,神农顶风景区--太子垭步道 (Shennongding Scenic Area--Taiziya Trail),2026-09-27 10:02,107,51
L36960770,CN,CN-42,,31.457154,110.229187,神农顶风景区--板壁岩 (Shennongding Scenic Area--Banbiyan),2026-08-24 13:29,48,12
L26494577,CN,CN-42,,31.4520546,110.2680958,神农顶风景区--瞭望塔 (Shennongding Scenic Area--Viewing Tower),2026-09-12 12:43,80,40
L36960755,CN,CN-42,,31.4390341,110.3093093,神农顶风景区--神农营 (Shennongding Scenic Area--Shennongying),2025-05-14 08:00,20,2
L36960732,CN,CN-42,,31.4412596,110.2772114,神农顶风景区--神农谷 (Shennongding Scenic Area--Shennonggu Loop),2026-08-23 16:56,85,26
L38650880,CN,CN-34,,31.3481009,118.4070052,神山公园 (Shenshan Park),2026-03-01 14:00,24,3
L71981769,CN,CN-11,,40.4106856,116.7237025,神山村 (Shenshan Village),2026-09-27 07:12,121,33
L38226522,CN,CN-51,,30.6819613,102.6895197,神木垒景区 (Shenmulei Scenic Area),2026-07-05 06:55,54,20
L34736641,CN,CN-51,,30.98617,103.6056833,神池 (Magical Pond),2026-01-10 18:42,26,2
L3125001,CN,CN-33,,28.353338,119.1300774,神龙谷 (Dragon Valley),2025-02-28 12:00,113,27
L8569103,CN,CN-61,,33.9645095,108.8093848,祥峪森林公园 (Xiangyu Forest Park),2026-02-27 14:32,78,10
L29644270,CN,CN-33,,30.3348563,120.1083027,祥符--城市绿地 (Xiangfu--Urban Greenland),2026-07-14 07:52,45,15
L42684299,CN,CN-33,,30.9781313,120.9252107,祥符荡 (Xiangfudang Wetlands),2026-03-20 00:00,18,1
L58888041,CN,CN-53,,24.9200317,102.6918034,福保小三亚 (Promontory Little Sanya),2026-04-05 09:27,89,27
L38126961,CN,CN-53,,24.9222231,102.6986093,福保湿地 (Fubao Wetlands),2026-09-16 13:29,158,94
L21230387,CN,CN-35,,26.867234,120.05232,福宁湾围垦区--北部 (Funing Bay Reclaimation Area--North),2026-01-16 07:02,68,4
L39644366,CN,CN-35,,26.8536424,120.0346893,福宁湾围垦区--西北部 (Funing Bay Reclaimation Area--Northwest),2026-02-15 10:19,40,2
L28230584,CN,CN-35,,27.323222,117.50965,福山森林公园 (Fushan Forest Park),2026-03-29 23:00,123,30
L42482190,CN,CN-35,,26.1206229,119.2758942,福山郊野公园 (Fushan Country Park),2026-09-16 08:36,62,12
L41221059,CN,CN-35,,25.8454154,119.6017826,福州东湖湿地公园 (Fuzhou Donghu Wetland Park),2026-08-20 16:31,47,5
L60571736,CN,CN-35,,26.1432066,119.2775261,福州动物园 (Fuzhou Zoo),2026-03-20 12:37,23,1
L56700066,CN,CN-35,,26.0632982,119.316051,"福州南公园 (South Park, Fuzhou)",2026-08-29 12:05,19,4
L1562636,CN,CN-35,,26.1567356,119.2869932,福州国家森林公园 (Fuzhou National Forest Park),2026-09-26 17:15,272,1228
L30088673,CN,CN-35,,26.145524,119.2917281,福州国家森林公园--八一水库 (Fuzhou NFP--August 1st Reservoir),2026-09-13 12:14,127,36
L43304514,CN,CN-35,,26.169919,119.278234,福州国家森林公园--龙潭及宋古驿道 (Fuzhou NFP--Longtan & Song-period Postal Road),2026-09-13 08:11,103,18
L39793632,CN,CN-35,,26.056818,119.1950464,福州大学 (Fuzhou University),2026-06-12 05:53,64,17
L42173863,CN,CN-35,,24.5633422,118.5833505,福州大学晋江校区 (Fuzhou University - Jinjiang Campus),2026-01-12 08:08,19,4
L58990750,CN,CN-35,,25.922848,119.2453106,福州市蔬菜科学研究所  (Fuzhou Vegetable Research Institute),2026-02-22 09:20,18,1
L23176375,CN,CN-35,,26.0436808,119.3500748,福州花海公园 (Fuzhou Huahai Park),2026-09-23 16:00,84,31
L38722610,CN,CN-35,,26.0925646,119.2898244,福州西湖 (Fuzhou West Lake),2026-08-26 12:15,40,14
L31304655,CN,CN-35,,25.9329259,119.6687629,福州长乐国际机场 (Fuzhou Changle International Airport),2025-12-19 09:17,20,9
L8266977,CN,CN-35,,26.0898293,119.2339475,福建农林大学仓山校区  (Fujian Agriculture and Forestry University - Cangshan Campus),2026-05-23 08:45,100,33
L30129852,CN,CN-35,,26.056549,119.180464,福建农林大学旗山校区 (Fujian Agriculture and Forestry University - Qishan Campus),2025-03-01 14:00,20,3
L39819298,CN,CN-44,,23.4665432,116.8681548,福建围 (Fujianwei),2026-09-19 15:00,68,5
L39793645,CN,CN-35,,26.0315875,119.2076744,福建师范大学旗山校区 (Fujian Normal University - Qishan Campus),2026-05-24 11:51,15,0
L9377349,CN,CN-65,,47.1015811,87.4856953,福海县城公园 (Fuhai Urban Park),2023-07-08 07:00,56,13
L9973781,CN,CN-44,,22.5116872,114.0353648,福田红树林生态公园 (Futian Mangrove Ecological Park),2026-09-25 08:40,207,465
L38895578,CN,CN-37,,37.5605909,121.2148366,福莱山公园 (Fulaishan Park)
L63826988,CN,CN-35,,27.2830475,120.2547687,福鼎市鹿龟山公园（Lugui Mountain Park）,2026-02-21 10:00,9,2
L38671788,CN,CN-41,,34.1664933,113.5063301,禹州森林植物园 (Yuzhou Botanical Garden)
L38672002,CN,CN-41,,34.7693945,114.3697948,禹王台公园 (Yuwangtai Park)
L38896403,CN,CN-37,,36.9518568,119.1034346,禹王湿地 (Yuwang Wetlands),2024-05-24 12:00,26,1
L38302959,CN,CN-14,,35.0470943,111.0533364,禹都公园 (Yudu Park),2026-09-12 11:58,48,11
L35277012,CN,CN-65,,48.5711396,87.4372269,禾木村 (Hemu Village),2026-09-26 16:37,57,21
L15283890,CN,CN-46,,19.72138,109.24776,禾能村 (Heneng Village),2026-04-18 09:27,149,171
L77095063,CN,CN-31,,31.137772,121.545055,秀南文化公园
L38650862,CN,CN-34,,31.6866793,118.5677116,秀山湖 (Xiushan Lake),2026-06-13 12:50,25,1
L38474336,CN,CN-43,,28.5770264,112.3427566,秀峰公园 (Xiufeng Park)
L38320080,CN,CN-13,,38.091533,114.3842378,秀水公园 (Xiushui Park),2026-04-30 05:34,71,15
L24184115,CN,CN-33,,30.7707216,120.6856688,秀湖公园 (Xiuhu Lake Park),2026-02-25 13:00,36,8
L38671764,CN,CN-41,,34.0164712,113.9081676,秋湖湿地公园 (Qiuhu Wetland Park)
L39643375,CN,CN-35,,24.3943776,117.8997159,秋租农场 (Qiuzu Farm),2025-12-27 10:21,32,0
L38671390,CN,CN-34,,31.9046142,117.1658495,科学岛 (Science Island),2025-12-26 11:17,25,2
L8659851,CN,CN-15,,45.0114213,122.0009112,科尔沁自然保护区 (Khorchin NNR),2026-06-01 10:00,105,7
L38650522,CN,CN-21,,41.7615715,123.4404415,科普公园 (Kepu Park),2025-10-28 20:48,15,1
L1027652,CN,CN-61,,34.3846356,109.2760062,秦始皇兵马俑博物馆 (Terra Cotta Warriors Museum),2026-09-24 09:19,117,131
L3565527,CN,CN-61,,34.3813241,109.2539483,秦始皇陵 (Mausoleum of Qin Shi Huang),2026-09-24 16:40,41,15
L17075546,CN,CN-33,,30.4342469,120.9517842,秦山 (Qinshan Hill),2026-05-22 12:01,142,101
L19341794,CN,CN-33,,30.4105487,120.9160542,秦山海滨 (Qinshan Coast),2026-06-09 15:19,194,121
L59565925,CN,CN-61,,34.0149969,108.7690902,秦岭和谐森林公园 (Qinling Harmony Forest Park),2026-05-05 13:11,17,2
L38297912,CN,CN-61,,34.0557528,108.3600426,秦岭国家植物园 (Qinling National Botanical Garden),2025-05-20 09:25,17,4
L10824485,CN,CN-33,,29.9063256,120.5870745,秦望村 (Qinwang Village),2026-07-22 14:49,44,5
L25553926,CN,CN-61,,34.3998222,108.891039,秦汉新城渭河湿地公园 (Qinhan Xincheng Weihe Wetland Park),2026-06-22 12:53,87,12
L38297562,CN,CN-61,,34.3802093,108.8334658,秦汉渭河湖泊湿地生态公园 (Qinhan Weihe Lakes Park),2026-02-20 09:00,33,3
L12031767,CN,CN-62,,36.4629934,103.6558529,秦王川湿地公园 (Qinwangchuan Wetland Park),2026-09-09 14:34,153,78
L38113794,CN,CN-13,,39.9369084,119.5951069,"秦皇岛人民公园 (People's Park, Qinhuangdao)",2024-12-08 12:00,1,0
L38320761,CN,CN-13,,39.8691351,119.5216704,秦皇岛野生动物园 (Qinhuangdao Wildlife Park)
L32049278,CN,CN-13,,39.9511314,119.5534709,秦皇植物园 (Qinhuang Botanical Garden),2026-06-30 10:00,70,14
L54734477,CN,CN-42,,30.8295945,110.9857099,秭归屈原故里 (Qu Yuan's Hometown),2026-07-01 21:30,19,2
L26779183,CN,CN-35,,26.7168845,120.2437635,积石码头-四礵列岛航线 (Jishi-Sishuang Islands ferry route),2026-08-22 08:04,28,19
L20695902,CN,CN-44,,23.5311628,115.8885185,称钩潭村 (Chenggoutan),2020-07-18 07:41,27,2
L7532253,CN,CN-42,,30.1497541,111.7832085,稻谷溪城市湿地公园 (Paddy Creek Wetland Park),2026-01-31 07:57,81,12
L38035692,CN,CN-23,,45.3108687,130.9899601,穆棱河公园 (Muling River Park)
L26734028,CN,CN-33,,30.7927283,120.74964,穆湖森林公园 (Muhu Forest Park),2026-06-11 05:14,17,2
L39643853,CN,CN-35,,27.0582466,119.5346687,穆阳溪 (Muyang River),2025-02-23 13:00,6,0
L26283083,CN,CN-32,,31.2617017,120.4277827,穹窿山风景区 (Qionglongshan Scenic Area),2026-07-26 14:46,46,11
L38441951,CN,CN-45,,25.2517779,110.3048638,穿山公园 (Chuanshan Park),2026-04-10 08:48,1,0
L22327133,CN,CN-33,,29.382758,120.804646,穿岩十九峰景区 (Nineteen Peaks Scenic Area),2025-12-28 14:59,33,4
L7516999,CN,CN-63,,36.9512825,101.5492708,窑洞庄村 (Yaodongzhuang),2020-06-14 16:34,52,8
L36553794,CN,CN-11,,39.8797093,116.4911679,窑洼湖公园 (Yaowahu Park),2026-09-25 11:00,29,4
L33298586,CN,CN-33,,28.0351461,120.6960427,立体城滨江公园 (Stereoscopic City Riverside Park),2026-05-30 17:30,43,5
L20270213,CN,CN-44,,22.6820206,113.8196599,立新湖公园 (Lixin Lake Park),2026-09-02 16:28,59,40
L26685809,CN,CN-33,,29.8088105,120.8924589,章镇--隐潭溪 (Zhangzhen--Yintan River),2024-03-14 00:00,18,0
L39654651,CN,CN-35,,26.6518522,119.6189179,竹屿山 (Zhuyushan)
L39792981,CN,CN-35,,25.5131681,119.7499451,竹屿湖公园 (Zhuyu Lake Park),2025-04-05 12:38,10,1
L39643698,CN,CN-35,,24.0141913,117.7651424,竹屿盐场 (Zhuyu Saltworks),2026-01-17 13:00,56,4
L22105482,CN,CN-37,,35.9482828,120.3228774,竹岔岛 (Zhucha Island),2023-01-07 08:20,3,2
L37374203,CN,CN-51,,32.1196346,98.8606064,竹庆寺 (Dzogchen Monastery),2026-06-20 14:08,11,2
L38426163,CN,CN-45,,21.6285701,108.8086125,竹排 (Zhupai),2024-01-15 09:45,40,1
L38428346,CN,CN-45,,21.4404169,109.2702611,竹林盐场 (Zhulin Saltworks),2026-09-26 16:00,91,21
L6809736,CN,CN-51,,32.8829035,104.0495753,竹根岔 (Zhugencha),2026-07-07 11:33,90,18
L39865470,CN,CN-32,,31.4476113,120.0200236,竺山湖湿地 (Zhushanhu Wetlands),2026-04-20 06:35,64,3
L3002378,CN,CN-44,,22.5643712,114.0822136,笔架山公园 (Bijiashan Park),2026-09-23 15:49,117,196
L39482038,CN,CN-34,,30.9588983,117.7849782,笠帽山 (Limao Hill),2026-02-20 17:20,10,2
L28334383,CN,CN-32,,31.5408592,120.2216994,管社山庄 (Guanshe Villa),2026-01-17 10:49,52,6
L2310601,CN,CN-33,,28.3030503,119.2973206,箬寮原始林 (Ruoliao Primeval Forest),2026-06-03 11:36,133,33
L18293184,CN,CN-32,,31.1706079,120.5681927,箭浮山路 (Jianfushan Rd.),2025-01-01 13:30,101,9
L41985521,CN,CN-36,,29.3255019,118.1191767,篁岭景区 (Huangling Scenic Area),2026-01-16 11:27,23,2
L38175248,CN,CN-51,,32.6661653,106.9580443,米仓山国家森林公园 (Micang Mountain Forest Park)
L28162068,CN,CN-31,,30.9707361,121.2458749,米市渡松南郊野公园 (Mishidu Songnan Country Park),2026-07-11 15:00,67,26
L8769830,CN,CN-54,,29.826595,92.343437,米拉山口 (Mila Mountain Pass),2026-09-05 18:25,44,39
L26888332,CN,CN-35,,26.154423,119.631822,粗芦岛 (Culu Island),2023-09-02 15:13,16,2
L17974057,CN,CN-42,,31.206502,114.2486393,素山寺国家森林公园 (Sushan Temple Forest Park),2026-01-03 10:00,97,20
L27342116,CN,CN-41,,34.7335712,113.3800484,索河郊野公园 (Suohe Country Park),2026-08-21 23:29,70,6
L39963625,CN,CN-33,,28.1998972,119.5141487,紧水滩水库 (Jinshuitan Reservoir),2025-01-07 00:00,5,0
L39643386,CN,CN-35,,24.4277399,117.8184894,紫云公园 (Ziyun Park),2025-02-02 00:00,41,1
L37601474,CN,CN-34,,31.7495914,117.1162407,紫云湖 (Ziyun Lake),2024-07-29 17:20,28,1
L49695222,CN,CN-51,,31.02602,103.53811,紫坪铺水库,2024-09-18 09:00,23,3
L38298126,CN,CN-61,,33.6922128,106.6994911,紫柏山 (Zibai Mountain),2026-08-05 08:00,78,4
L38018482,CN,CN-15,,39.0475558,105.375718,紫泥湖水库 (Zinihu Reservoir),2026-08-20 10:00,131,83
L39643296,CN,CN-35,,24.4458542,117.9134651,紫泥红树林 (Zini Mangroves),2025-08-31 14:12,10,1
L3124977,CN,CN-53,,25.0220467,101.4058395,紫溪山省级自然保护区 (Zixi Mountain PNR),2026-09-13 09:57,275,364
L38109550,CN,CN-53,,25.0154492,101.4134451,紫溪山自然保护区--仙人谷 (Zixi Mountain PNR--Celestial Valley Loop),2026-09-12 14:57,107,17
L10513282,CN,CN-53,,25.055456,101.397083,紫溪山自然保护区--北门区 (Zixi Mountain PNR--North Gate Area),2026-06-23 09:21,117,19
L38109525,CN,CN-53,,24.9942734,101.4366061,紫溪山自然保护区--南门区 (Zixi Mountain PNR--South Gate Area),2026-07-14 07:11,59,5
L38109595,CN,CN-53,,25.0023931,101.4214396,紫溪山自然保护区--紫顶寺 (Zixi Mountain PNR--Ziding Temple),2026-08-30 09:24,130,37
L76133532,CN,CN-53,,24.98738,101.41168,紫溪山自然保护区--红墙村 (Zixi Mountain PNR--Hongqiang Village),2026-09-13 09:57,31,1
L28032143,CN,CN-32,,31.9592045,120.9372419,紫琅湖 (Zi Lang Lake),2026-09-16 16:47,52,14
L25048493,CN,CN-31,,31.020463,121.4841717,紫竹荒地,2026-07-12 08:26,133,93
L3598051,CN,CN-11,,39.9419642,116.3183581,紫竹院公园 (Purple Bamboo Park),2026-09-26 15:19,77,70
L39904248,CN,CN-32,,31.7913663,120.0055906,紫荆公园 (Zijing Park)
L3642279,CN,CN-34,,31.7145145,117.0101666,紫蓬山国家森林公园 (Zipeng Mountain National Forest Park),2026-03-14 09:50,76,12
L59894672,CN,CN-32,,31.8197333,121.6713389,紫薇公园 (Ziwei Park),2026-02-18 14:00,12,1
L39865232,CN,CN-32,,32.0654717,118.8293831,紫金山天文台 (Purple Mountain Observatory),2026-06-17 16:40,86,31
L17063041,CN,CN-32,,32.0683355,118.8834039,紫金山庄 (The Purple Palace),2026-05-09 11:01,54,11
L38552437,CN,CN-36,,28.4618544,117.9848355,紫阳公园 (Ziyang Park)
L39719707,CN,CN-42,,30.5303516,114.3049036,紫阳公园 (Ziyang Park),2026-01-20 12:01,15,2
L37875004,CN,CN-32,,32.0608662,118.8439959,紫霞湖公园 (Zixia Lake Park),2026-06-21 09:10,14,1
L60916262,CN,CN-44,,22.5074517,113.4114676,紫马岭公园 (Zimaling Park),2026-09-16 12:44,40,9
L37992236,CN,CN-65,,43.887676,87.6204694,红光山 (Hongguang Hill),2026-09-26 11:07,58,30
L35527073,CN,CN-65,,36.8512054,75.4308022,红其拉甫口岸 (Khunjerab Pass),2026-09-12 12:00,23,18
L65052909,CN,CN-51,,32.77424,103.62633,红军长征纪念馆 (Memorial Hall of the Red Army's Long March),2026-05-05 10:27,27,5
L36105412,CN,CN-23,,45.7576982,126.6984331,红博中央公园 (Hongbo Central Park),2026-04-10 10:30,13,2
L4650803,CN,CN-51,,32.785502,102.496865,"红原月亮湾 (Moon Bay, Hongyuan)",2026-06-16 11:13,106,33
L38127027,CN,CN-53,,25.1160553,102.6100847,红坡水库 (Hongpo Reservoir),2024-07-26 09:30,31,2
L29817141,CN,CN-46,,20.0059225,110.347535,红城湖公园 (Hongcheng Lake Park),2025-12-07 11:55,23,2
L25135315,CN,CN-65,,43.80685,87.60348,红山公园 (Hongshan Park),2026-09-19 18:15,21,10
L5906749,CN,CN-15,,41.12883,109.005443,红山口水库 (Hongshankou Reservoir),2010-09-11 00:00,9,1
L38024690,CN,CN-15,,42.3015407,118.9928674,红山国家森林公园 (Hongshan National Forest Park),2026-06-06 14:30,31,9
L16357756,CN,CN-32,,32.0916281,118.8019896,红山森林动物园 (Hongshan Forest Zoo),2026-08-25 10:07,77,72
L27358166,CN,CN-37,,36.1817718,120.2825281,红岛渔港 (Hongdao Fishing Port),2026-09-26 16:04,115,138
L16139574,CN,CN-33,,29.3214939,121.943249,红岩风景区 (Hongyan Scenic Area),2023-01-17 15:00,13,1
L38285536,CN,CN-62,,38.3896787,102.8755788,红崖山水库 (Hongyashan Reservoir),2026-09-05 14:12,111,10
L39692556,CN,CN-36,,29.12324,115.886716,红旗岗周边农田 (Hongqigang Paddies),2026-03-19 16:23,107,50
L5644345,CN,CN-53,,24.1358666,103.9914322,红旗水库 (Hongqi Reservoir),2017-04-02 16:45,20,1
L58310810,CN,CN-65,,44.0049883,80.6605412,红旗水库 (Hongqi Reservoir),2026-09-02 16:17,43,1
L47548187,CN,CN-42,,31.0249133,113.0101067,红星六队 (Hongxing 6th Brigade),2025-06-14 09:18,29,2
L17416613,CN,CN-44,,24.9518147,113.1329887,红星村 (Hongxing Village),2026-06-25 08:30,97,12
L28919330,CN,CN-53,,25.2125937,98.6594746,红木村 (Hongmu Village),2026-05-21 08:14,170,17
L74219182,CN,CN-52,,26.5419666,106.4379501,红枫湖风景区 (Hongfeng Lake Scenic Area),2026-07-12 17:00,7,0
L37992277,CN,CN-65,,44.1941607,87.7239291,红柳水库 (Hongliu Reservoir),2026-09-04 16:19,106,31
L7993176,CN,CN-32,,31.7755567,119.9729869,红梅公园 (Red Plum Park),2026-03-28 14:04,51,20
L15034045,CN,CN-32,,31.411903,120.219495,红沙湾 (Hongsha Bay),2026-09-27 11:56,136,40
L38182679,CN,CN-51,,30.1845934,101.7729716,红海子 (Lake Honghaizi),2026-07-14 16:38,32,14
L38376278,CN,CN-21,,40.5639437,120.7454119,红海栈道 (Honghai Coastal Walk),2026-09-20 09:11,27,2
L39819574,CN,CN-44,,22.6588108,115.5706088,红海湾旅游区 (Honghaiwan Scenic Area),2026-07-11 06:47,58,8
L38834706,CN,CN-51,,30.4622875,104.075042,红石公园 (Hongshi Park),2026-08-02 16:51,38,3
L39459609,CN,CN-37,,36.2167273,117.672102,红石公园 (Hongshi Park)
L24486359,CN,CN-34,,31.650682,117.4563387,红石咀公园 (Hongshiju Park),2025-10-22 08:45,22,2
L49777300,CN,CN-22,,42.83901,127.13889,红石国家森林公园 (Hongshi National Forest Park),2024-10-04 08:58,19,1
L14660371,CN,CN-61,,38.3436445,109.7228778,红石峡水库 (Hongshixia Reservoir),2025-10-04 17:01,23,2
L57089845,CN,CN-15,,41.1623078,111.9171238,红石崖 (Hongshiya),2026-05-28 08:09,39,4
L9216690,CN,CN-61,,39.0941932,109.8900823,红碱淖 (Hongjiannao Lake),2025-10-05 12:02,89,5
L40083981,CN,CN-44,,22.7572332,114.250952,红花岭公园 (Honghualing Park),2026-07-19 13:34,19,2
L7620851,CN,CN-11,,40.3758801,116.623929,红螺寺 (Hong Luo Temple),2026-09-08 15:00,32,4
L7989056,CN,CN-11,,39.9262871,116.4915206,红领巾公园 (Red Scarf Park),2026-09-25 07:30,117,345
L1208719,CN,CN-53,,27.8800527,99.6382713,纳帕海 (Napa Lake),2026-09-06 07:16,234,222
L64657766,CN,CN-53,,27.8729657,99.660036,纳帕海--依拉草原 (Napa Lake--Yila Grassland),2018-05-11 11:09,29,1
L64657261,CN,CN-53,,27.8928281,99.651224,纳帕海--共比及比浪村 (Napa Lake--Gongbi-Bilang Ranch)
L64657535,CN,CN-53,,27.8099898,99.6633765,纳帕海--南部草场 (Napa Lake--southern grassland)
L64404641,CN,CN-53,,27.8300625,99.6347274,纳帕海--哈木谷 (Napa Lake--Hamugu),2026-09-06 07:16,49,9
L64656958,CN,CN-53,,27.8796852,99.6261179,纳帕海--白塔 (Napa Lake--White Pagoda)
L4774240,CN,CN-54,,30.777448,90.860987,纳木错 (Namtso Lake),2026-09-18 11:30,90,33
L38019216,CN,CN-15,,40.5282818,106.6476917,纳林湖国家湿地公园 (Nalin Lake Wetland Park)
L64394925,CN,CN-32,,32.0375598,119.554707,练湖农场 (Lianhu Farm),2026-08-03 07:48,42,4
L11481428,CN,CN-33,,30.0010839,120.5732731,"绍兴府山公园 (Fushan Park, Shaoxing)",2026-04-26 07:00,77,22
L25363105,CN,CN-54,,28.0535659,86.3443786,绒辖沟 (Rongxar Valley),2026-08-06 08:30,71,5
L5906947,CN,CN-63,,33.001456,97.01399,结古镇 (Jiegu),2026-08-20 08:45,180,334
L29231323,CN,CN-45,,22.8480352,110.5483978,绣江公园 (Xiujiang Park),2024-02-12 10:00,2,1
L39857497,CN,CN-32,,32.089295,118.7458236,绣球公园 (Xiuqiu Park),2026-03-29 17:00,3,1
L38035779,CN,CN-23,,46.6168741,126.9920142,"绥化人民公园 (People's Park, Suihua)"
L38035788,CN,CN-23,,46.6355816,126.9626262,"绥化西湖公园 (Xihu Park, Suihua)"
L22471154,CN,CN-31,,31.2696347,121.3568822,绥德公园 (Suide Park),2026-09-27 12:42,98,138
L9548031,CN,CN-14,,36.86415,111.99797,绵山风景区 (Mianshan Scenic Area),2026-05-02 10:20,18,1
L38175391,CN,CN-51,,31.4613047,104.7475438,"绵阳人民公园 (People's Park, Mianyang)",2026-02-19 16:27,29,2
L38256321,CN,CN-35,,25.462933,119.0191848,绶溪公园 (Shouxi Park)
L11655937,CN,CN-33,,30.8159771,122.6360423,绿华岛 (Lühua Island),2024-11-18 13:54,53,4
L5119148,CN,CN-11,,39.8392048,116.2214634,绿堤公园 (Green Bank Park),2026-09-24 09:32,190,261
L39980879,CN,CN-44,,21.2232643,110.401204,绿塘河城市湿地公园 (Lütang River Wetland Park),2024-04-25 08:10,12,1
L70714779,CN,CN-12,,38.9288556,117.2834368,绿屏•八里湾 (Green Ecological Barrier - Baliwan),2026-07-18 08:20,39,5
L42893352,CN,CN-12,,39.0107672,117.4008796,绿屏•咸水沽湾千亩稻田,2026-09-25 17:10,98,18
L3094795,CN,CN-33,,29.8969127,121.5473485,绿岛公园 (Green Island Park),2026-03-25 13:00,48,9
L39656243,CN,CN-44,,23.0087175,113.0420205,绿岛湖湿地公园 (Lüdaohu Wetland Park),2026-06-04 15:58,32,6
L47642766,CN,CN-32,,32.0390151,118.6629461,绿水湾湿地--北段 (Lüshui Bay Wetlands--North Section),2026-09-27 08:01,162,91
L7923804,CN,CN-32,,31.9971529,118.6421911,绿水湾湿地--南段 (Lüshui Bay Wetlands--South Section),2026-09-25 07:59,213,308
L23400949,CN,CN-35,,26.1120393,119.2162882,绿洲家园 (Oasis Homeland Residential Area),2024-05-28 13:30,37,2
L29248422,CN,CN-34,,33.927364,116.8310412,绿金湖中央公园 (Lüjin Lake Park),2025-11-28 08:09,20,2
L36273718,CN,CN-33,,28.6488758,120.2430608,缙云--西岙水库 (Jinyun--Xi'ao Reservoir),2025-06-06 07:14,85,2
L10116613,CN,CN-50,,29.845225,106.3917444,缙云山国家级自然保护区 (Jinyunshan NNR),2026-01-26 11:00,95,17
L38671675,CN,CN-41,,35.2647253,113.2378514,缝山公园 (Fengshan Park)
L35750607,CN,CN-42,,29.886448,115.333619,网湖湿地省级自然保护区 (Wanghu Wetland PNR),2026-02-17 13:27,142,19
L22417314,CN,CN-65,,39.5327684,76.2077013,罕乌依水库 (Xan Uy Reservoir),2023-01-30 18:41,16,3
L18680330,CN,CN-53,,25.9443652,100.1012635,罗什江生态湿地 (Luoshijiang Wetlands),2026-08-17 10:20,86,11
L44943475,CN,CN-53,,26.810705,99.53442,罗古箐景区 (Luoguqing Scenic Area),2026-03-12 07:57,44,3
L38650534,CN,CN-21,,41.7566991,123.3865367,罗士圈生态公园 (Luoshiquan Eco-Park),2025-05-16 09:05,9,1
L12474560,CN,CN-34,,31.6951885,117.4443295,罗家疃 (Luojiatuan Wetlands),2023-04-09 12:25,64,8
L23365568,CN,CN-37,,36.2130164,120.1358547,罗家营湿地 (Luojiaying Wetlands),2026-09-24 14:28,142,83
L19424822,CN,CN-65,,41.0519453,86.109724,罗布人村寨 (Lop Village),2023-05-05 05:00,19,2
L4575611,CN,CN-54,,29.6537026,91.0917664,罗布林卡 (Norbulingka),2026-09-14 11:00,77,133
L37990903,CN,CN-65,,41.0425071,86.2633032,罗布淖尔国家湿地公园 (Lop Nur National Wetland Park),2026-05-27 21:12,53,10
L27508314,CN,CN-31,,31.4822915,121.3597444,罗泾水源涵养林 (Luojing Water Conservation Forest),2026-05-23 08:48,100,27
L30830955,CN,CN-35,,26.091163,119.003266,罗洋村 (Luoyang Village),2024-04-21 08:32,33,1
L30251888,CN,CN-44,,23.2489848,114.0271128,罗浮山--543乡道 (Luofu Mountain--southern slopes),2025-03-18 00:00,91,11
L30248908,CN,CN-44,,23.3165273,114.0348701,罗浮山--544乡道 (Luofu Mountain--northern slopes),2026-01-01 10:47,87,7
L33850719,CN,CN-44,,23.2640022,114.0607912,罗浮山--山门景区 (Luofu Mountain--Entrance Area),2026-07-24 08:33,50,6
L39962534,CN,CN-44,,23.2804962,114.0215552,罗浮山--飞云顶 (Luofu Mountain--Summit)
L39962542,CN,CN-44,,23.2705869,114.0455886,罗浮山--鹰嘴岩 (Luofu Mountain--Yingzuiyan),2026-03-12 14:46,24,2
L9935775,CN,CN-35,,26.4517691,119.6065793,罗源湾 (Luoyuan Bay),2026-03-01 08:00,97,27
L57135133,CN,CN-44,,22.823672,113.8862057,罗田森林公园 (Luotian Forest Park),2026-09-19 09:10,68,22
L11121138,CN,CN-11,,40.1019904,116.5199637,罗马湿地 (Luoma Wetland),2026-07-31 18:38,73,18
L4774128,CN,CN-54,,29.083874,90.399416,羊卓雍错 (Yamdrok Lake),2026-09-07 11:30,99,52
L34843729,CN,CN-41,,32.131701,114.124209,羊山公园 (Yangshan Park),2026-03-18 15:58,40,10
L39859152,CN,CN-32,,32.1117775,118.9408455,羊山公园 (Yangshan Park),2026-09-02 15:58,77,19
L17862062,CN,CN-33,,30.1089119,120.0569732,羊村--周浦农田 (Yang Village--Zhoupu Fields),2026-05-05 00:00,149,42
L38243479,CN,CN-51,,30.6487005,103.758325,羊马湿地公园 (Yangma Wetland Park),2026-03-31 09:17,1,0
L17714760,CN,CN-46,,19.9811331,110.3561425,美舍河凤翔湿地公园 (Meishehe Fengxiang Wetland Park),2025-12-07 12:30,46,17
L23927541,CN,CN-46,,20.0233448,110.3674713,美舍河群上湿地公园 (Meishehe Qunshang Wetland Park),2023-04-30 11:20,17,1
L39655631,CN,CN-44,,23.1029189,112.5523481,羚羊峡古栈道森林公园 (Lingyangxia Forest Park),2024-03-05 09:31,17,1
L21015315,CN,CN-33,,29.559925,119.1259941,羡山林场 (Xianshan Forest),2026-08-19 15:49,98,19
L36328467,CN,CN-23,,45.7281989,126.5520866,群力城市湿地公园 (Qunli Urban Wetland Park),2026-08-10 17:25,55,17
L35421824,CN,CN-23,,45.7525196,126.5424132,群力外滩生态湿地 (Qunli Riverside Wetlands),2026-09-17 15:57,113,53
L6493231,CN,CN-63,,36.2834524,101.6789651,群加国家森林公园 (Qunjia National Forest Park),2025-07-25 09:42,90,25
L38109179,CN,CN-53,,23.2721714,99.1934183,翁丁垭口 (Wengding Ridge),2026-04-21 21:25,223,19
L28721189,CN,CN-53,,22.17119,100.000037,翁基古寨 (Wengji Village),2024-01-06 07:45,21,1
L13350421,CN,CN-33,,29.0321997,118.8602745,翁塘垄水库 (Wengtanglong Reservoir),2026-05-28 00:00,101,3
L63825360,CN,CN-35,,27.1958541,120.1919886,翁江村（Wengjiang Village）,2025-02-04 13:00,22,1
L22645863,CN,CN-35,,27.2045831,120.1920486,翁江虾塘 (Wengjiang Shrimp Pond),2023-07-20 09:20,20,3
L37180656,CN,CN-33,,29.9891396,122.202133,翁浦公园 (Wengpu Park),2024-10-10 12:00,31,3
L32273721,CN,CN-13,,39.2055165,118.9101772,"翔云岛林场大树林 (Big Woods, Xiangyun Forest Farm)",2026-08-15 15:32,127,7
L10374184,CN,CN-35,,24.6298243,118.2949877,翔安香山 (Xiang'an Xiangshan Hill),2025-04-08 19:40,11,6
L33370102,CN,CN-13,,40.9940043,115.4666902,翠云山 (Cuiyun Mountain),2026-08-24 14:01,106,205
L27126949,CN,CN-51,,32.1523216,105.5390029,翠云廊景区 (Cuiyunlang Scenic Area),2024-10-24 10:25,15,1
L39832750,CN,CN-44,,22.5157301,113.584544,翠亨国家湿地公园 (Cuiheng Wetland Park),2026-04-19 15:06,76,10
L22356859,CN,CN-51,,28.7688671,104.6076127,翠屏山公园 (Cuipingshan Park),2026-06-08 09:39,39,7
L38162594,CN,CN-50,,30.809188,108.4176007,翠屏山公园 (Cuipingshan Park),2026-07-04 08:13,17,1
L54936112,CN,CN-35,,26.5965476,118.7811327,翠屏湖（Cuiping Lake）,2026-09-10 16:25,16,3
L26062512,CN,CN-13,,38.038985,114.388441,翠屏湿地公园 (Cuiping Wetland Park),2026-09-24 12:27,153,168
L957929,CN,CN-53,,25.0486367,102.7037879,翠湖公园 (Cuihu Park),2026-09-17 16:30,104,214
L24325227,CN,CN-11,,40.1009522,116.1821762,翠湖湿地公园 (Cuihu Wetland Park),2026-09-27 13:22,151,66
L40083630,CN,CN-44,,22.5635094,114.1338669,翠竹公园 (Cuizhu Park),2025-04-19 10:57,7,1
L38671452,CN,CN-34,,31.7678096,117.1934922,翡翠湖 (Emerald Lake),2025-12-29 13:41,32,6
L23817589,CN,CN-11,,39.5706391,115.7988329,翡翠湖 (Feicui Lake),2023-04-05 10:00,15,0
L39656026,CN,CN-44,,23.0477359,112.9366042,翰林湖农业公园 (Hanlinhu Agricultural Park),2023-02-20 14:17,26,9
L37559689,CN,CN-31,,31.1716593,121.4690672,耀华滨江绿地 (Yaohua Riverside Greenspace),2026-09-26 16:32,53,28
L9501438,CN,CN-11,,40.2123272,115.9151742,"老东路 (Laodong Rd., Changping)",2025-09-14 09:38,104,29
L38815747,CN,CN-41,,34.7931854,113.5930467,老俩河湿地 (Laoliahe Wetlands)
L38450997,CN,CN-11,,39.8331484,116.5201271,老君堂公园 (Laojuntang Park)
L50921564,CN,CN-53,,26.814832,99.612814,老君山--三岔河 (Laojunshan--North Valley & Laughingthrush hide),2026-06-26 08:00,130,84
L8271241,CN,CN-53,,26.632287,99.725193,老君山--九十九龙潭 (Laojunshan--Ninty-Nine Dragon Ponds),2026-07-28 13:57,167,51
L24436836,CN,CN-53,,26.8074874,99.609257,老君山--南支沟 (Laojunshan--South Valley & Pheasant hide),2026-05-23 14:24,197,169
L38923089,CN,CN-53,,26.7980572,99.6288154,老君山--啊客吉民宿及自然中心 (Laojunshan--Homestay & Nature Center),2026-07-27 10:08,182,148
L38962489,CN,CN-53,,26.840274,99.623716,老君山--山顶山路 (Laojunshan--Mountaintop Trails),2026-03-03 11:00,79,11
L35950345,CN,CN-41,,33.7206723,111.6428921,老君山风景区 (Laojunshan Scenic Area),2026-08-17 10:40,42,5
L4740478,CN,CN-50,,29.5446547,106.5979328,老君洞 (Laojundong),2026-09-10 13:20,28,9
L21929011,CN,CN-33,,30.2662168,120.1170855,老和山 (Laohe Mountain),2026-06-16 10:54,130,253
L61884057,CN,CN-45,,25.761043,110.233955,老寨 (Laozhai),2026-04-06 15:16,17,3
L61995478,CN,CN-45,,23.3495043,105.7571796,老寨 (Laozhai),2026-05-04 16:00,27,3
L38552555,CN,CN-36,,29.3743402,115.0197163,老屋里 (Laowuli),2026-06-20 08:15,103,13
L4285214,CN,CN-32,,32.0622099,118.5519648,老山国家森林公园--兜率寺 (Laoshan NFP--Doushuai Temple),2026-08-20 09:53,184,190
L37874786,CN,CN-32,,32.0630809,118.5674393,老山国家森林公园--大洼口 (Laoshan NFP--Dawakou),2026-09-22 23:57,116,158
L17321301,CN,CN-32,,32.1166329,118.6255974,老山国家森林公园--老母猪沟 (Laoshan NFP--Laomuzhugou),2026-06-29 07:00,134,70
L35458119,CN,CN-11,,39.9154667,116.2212806,老山森林公园 (Laoshan Forest Park),2026-08-16 17:58,62,11
L26160249,CN,CN-51,,32.4840705,104.7197721,老河沟自然保护区 (Laohegou Protected Area),2026-09-26 07:18,141,19
L39866091,CN,CN-32,,31.8754652,120.943849,老洪港湿地公园 (Laohonggang Wetland Park)
L19033900,CN,CN-44,,20.8351443,110.2532426,老港 (Laogang),2025-01-09 10:19,63,3
L7205747,CN,CN-63,,36.9304294,101.6936754,老爷山 (Laoye Hill),2026-07-19 11:35,135,82
L52727568,CN,CN-15,,39.6420624,111.4377828,老牛湾黄河大峡谷旅游景区 (Lao Niu Wan Scenic Area),2025-10-20 16:02,9,2
L10824452,CN,CN-33,,30.53043,119.4575897,老石坎水库 (Laoshikan Reservoir),2026-07-19 10:01,174,95
L38286414,CN,CN-62,,38.8398216,99.5352341,老虎沟 (Laohugou),2026-08-19 16:44,76,9
L12757914,CN,CN-33,,30.6629705,119.9422981,老虎潭水库 (Laohutan Reservoir),2026-06-16 06:04,125,32
L38058598,CN,CN-22,,42.4787953,128.6681894,老里克湖 (Laolike Lake)
L55042224,CN,CN-33,,30.0058675,121.6162146,老钱家 (Laoqianjia),2026-05-10 16:00,81,13
L2753460,CN,CN-21,,38.7301761,121.1524252,老铁山 (Laotieshan),2026-09-27 06:23,218,180
L2357686,CN,CN-21,,38.7282153,121.1396557,老铁山灯塔-黄渤海分界线风景区 (Laotieshan Lighthouse & The Boundary of Bohai and Yellow Sea),2026-09-26 10:05,171,36
L38340744,CN,CN-14,,36.2085348,113.1946457,老顶山森林公园 (Laodingshan Forest Park),2025-07-11 21:36,33,7
L39767741,CN,CN-33,,28.9438377,118.8481163,老鹰岩公园 (Eagle Rock Park),2026-05-01 20:08,51,4
L4656143,CN,CN-13,,39.9677195,119.7937436,老龙头景区 (Laolongtou Scenic Area),2026-09-22 08:44,82,6
L16603605,CN,CN-53,,25.5334704,100.2013773,者磨山 (Zhemo Mountain),2025-10-30 09:40,74,6
L38428180,CN,CN-45,,21.4846771,109.7021672,耙棚村 (Papeng)
L38109399,CN,CN-53,,24.3685751,102.5615495,聂耳文化广场 (Nie Er Memorial Square),2025-07-09 07:41,11,2
L38841474,CN,CN-37,,36.3966807,115.9664174,"聊城南湖公园 (Nanhu Park, Liaocheng)"
L15939005,CN,CN-44,,22.8907538,115.3013733,联安围 (Liananwei),2026-08-16 06:00,73,14
L2543780,CN,CN-13,,39.8229917,119.4524326,联峰山公园 (Lianfengshan Park),2024-10-18 16:06,245,177
L26888103,CN,CN-44,,22.7298422,114.3917172,聚龙山生态公园 (Julongshan Eco-Park),2023-09-02 16:00,14,1
L60587144,CN,CN-52,,25.9010768,109.1970479,肇兴-堂安步道 (Zhaoxing-Tang'an Trail),2026-03-20 09:10,24,1
L38257785,CN,CN-52,,25.9071704,109.1800534,肇兴侗寨 (Zhaoxing Dong Village),2026-04-13 06:54,20,5
L39820985,CN,CN-44,,23.0774472,112.4734483,肇庆七星岩风景区 (Zhaoqing Qixingyan Scenic Area),2026-07-18 06:55,50,22
L65650448,CN,CN-44,,23.31995,112.6636241,"肇庆贞山 (Zhen Mountain, Zhaoqing)",2026-09-12 06:00,66,11
L28452789,CN,CN-35,,26.2920738,117.2226424,肖家山村 (Xiaojiashan Village),2026-08-11 08:00,63,9
L40083742,CN,CN-44,,22.5929394,114.3415961,背仔角 (Beizai Point),2026-06-01 09:45,13,1
L28190182,CN,CN-54,,29.2334185,95.1795905,背崩乡-格林村公路 (Beibeng-Gelin Road),2026-09-08 08:13,292,235
L54933830,CN,CN-54,,29.2433623,95.1662461,"背崩解放大桥 (Libration Bridge, Beibeng)",2026-08-17 18:56,90,33
L38113769,CN,CN-13,,40.8167151,114.9097548,胜利公园 (Shengli Park),2025-05-17 17:26,7,1
L55906164,CN,CN-33,,29.7827301,121.4470999,胡家渡村 (Hujiadu Village),2026-07-06 15:33,32,2
L64388932,CN,CN-65,,44.6839969,84.7644782,胡杨水韵景区 (Huyang Shuiyun Scenic Area)
L24954954,CN,CN-65,,44.71304,84.826118,胡杨河宾馆 (Huyanghe Hotel),2026-08-02 08:00,37,41
L64389312,CN,CN-65,,40.5611204,81.2808299,胡杨河滨水公园 (Huyang Riverside Park)
L39796033,CN,CN-35,,24.4295856,118.1066012,胡里山炮台 (Hulishan Fortress),2026-09-15 16:00,4,2
L54093421,CN,CN-32,,32.3138826,119.1255497,胥浦河 (Xupu River),2025-09-02 09:30,93,25
L39713968,CN,CN-42,,30.6503813,111.322984,胭脂坝 (Yanzhiba Sandbar)
L39711692,CN,CN-37,,36.2667364,120.0927636,"胶州东湖公园 (Donghu Park, Jiaozhou)"
L9061108,CN,CN-37,,36.1466811,120.1299997,胶州生态大道 (Jiaozhou Eco-Avenue),2026-01-05 13:30,151,53
L49713493,CN,CN-22,,44.65123,123.56311,腰井子湿地 (Yaojingzi Wetlands),2025-08-17 07:00,63,2
L20935609,CN,CN-21,,41.084058,121.859811,腰岗子村 (Yaogangzi Village),2022-10-05 16:00,33,2
L12821927,CN,CN-53,,25.2170643,98.494904,腾冲火山地热国家地质公园 (Tengchong Volcano & Geothermy National Geo-Park),2026-07-25 12:30,51,11
L3591166,CN,CN-53,,24.9469243,98.4398952,腾冲热海景区 (Tengchong Rehai Scenic Area),2026-09-26 11:07,130,27
L8456193,CN,CN-53,,24.936349,98.482711,腾冲驼峰机场 (Tengchong Tuofeng Airport),2026-03-20 19:23,49,15
L5787218,CN,CN-64,,37.5398815,105.1001501,腾格里湿地公园 (Tengri Wetland Park),2024-06-23 18:51,88,5
L40716698,CN,CN-32,,31.1160774,120.4802323,腾飞东路湿地 (Tengfei E Rd Wetlands),2026-08-15 08:51,71,11
L38175413,CN,CN-51,,29.3190012,104.7785132,"自贡南湖生态公园 (Nanhu Eco-Park, Zigong)",2026-05-05 07:00,26,3
L38175409,CN,CN-51,,29.3387458,104.7475913,"自贡西山公园 (Xishan Park, Zigong)"
L22137259,CN,CN-33,,29.8985778,122.3609795,舟山国际邮轮港 (Zhoushan International Cruise Port),2026-01-24 00:00,86,18
L37524916,CN,CN-33,,29.9320034,122.3674704,舟山普陀山国际机场 (Zhoushan Putuoshan International Airport),2026-04-15 23:23,31,8
L38199041,CN,CN-11,,39.9745858,116.2676974,船营公园 (Chuanying Park),2026-07-25 10:08,6,2
L14659394,CN,CN-33,,29.6383038,120.8381778,艇湖城市公园 (Tinghu City Park),2025-07-20 18:00,56,1
L14259003,CN,CN-45,,22.725223,108.294205,良凤江国家森林公园 (Liangfengjiang National Forest Park),2026-09-06 07:10,111,44
L51772731,CN,CN-33,,30.358298,120.009435,"良渚--五郎群山 (Wulang Mountains, Liangzhu)",2026-09-23 11:30,109,53
L24635667,CN,CN-33,,30.3695187,120.0184918,良渚--茶语公园 (Liangzhu--Chayu Park),2026-09-12 09:17,87,38
L17714421,CN,CN-33,,30.390206,119.9901042,良渚古城遗址公园 (Archaeological Ruins of Liangzhu City),2026-09-20 08:48,185,320
L5965189,CN,CN-54,,29.5650534,94.5434051,色季拉国家森林公园 (Sekila National Forest Park),2026-08-06 09:15,109,35
L17622481,CN,CN-54,,29.6113629,94.6530663,色季拉山口 (Sekila Mountain Pass),2026-09-04 10:00,95,114
L4633753,CN,CN-54,,29.6943527,91.1339993,色拉寺 (Sera Monastery),2026-09-12 16:02,74,19
L22278717,CN,CN-51,,32.143496,100.4610014,色达喇荣五明佛学院 (Serta Larung Buddhist Academy),2026-06-17 18:25,14,2
L37471413,CN,CN-51,,33.1413577,97.9203518,色须贡巴 (Serxu Monastery),2026-04-21 14:41,23,5
L14010711,CN,CN-36,,28.6878028,115.9847214,艾溪湖森林湿地公园 (Aixihu Forest Wetland Park),2026-08-12 08:13,121,42
L7877171,CN,CN-65,,45.9708489,85.8383177,艾里克湖 (Alik Lake),2025-06-27 15:00,79,26
L36685439,CN,CN-14,,36.784496,112.0088683,芊林背 (Qianlinbei),2026-08-19 09:30,70,22
L39710345,CN,CN-53,,24.431476,98.4757102,芒别水库 (Mangbie Reservoir),2026-09-11 18:42,95,35
L12294419,CN,CN-53,,22.7181149,100.4624732,芒坝 (Mangba),2026-07-05 14:11,259,103
L28918530,CN,CN-53,,25.4340866,98.8777943,芒宽农田 (Mangkuan Fields),2026-07-31 10:18,59,13
L59143487,CN,CN-53,,24.52128,98.487692,芒杏河 (Mangxinghe Forest),2026-02-24 12:45,46,3
L14534315,CN,CN-44,,22.1628591,113.4422106,芒洲湿地公园 (Mangzhou Wetland Park),2026-07-19 16:22,88,26
L35608550,CN,CN-41,,34.1873771,116.4998833,芒砀山 (Mangdang Hill),2024-08-13 15:35,41,4
L38109719,CN,CN-53,,24.4085242,98.5985666,芒究水库 (Mangjiu Reservoir),2026-09-06 07:39,186,43
L40088952,CN,CN-44,,23.5135437,113.2233818,芙蓉嶂 (Furongzhang)
L21894355,CN,CN-46,,20.023198,110.48393,芙蓉河湿地公园 (Furonghe Wetland Park),2022-12-24 17:25,18,1
L74624053,CN,CN-34,,31.3267697,118.3611631,芜湖滨江公园 (Wuhu Riverside Park),2026-07-13 00:00,1,0
L39636109,CN,CN-35,,24.519826,117.6464557,芝山公园 (Zhishan Park)
L15148723,CN,CN-44,,20.8846003,110.1778609,芦亭沙 (Lutingsha Mudflats),2026-01-14 07:35,127,67
L38285016,CN,CN-62,,38.959866,100.4131293,芦水湾景区 (Lushuiwan Scenic Area),2025-02-01 14:00,46,4
L14411417,CN,CN-51,,30.367079,103.295194,芦沟竹海 (Luhou Zhuhai),2024-09-09 11:12,28,3
L946860,CN,CN-45,,25.3097994,110.2723447,芦笛岩景区 (Reed Flute Cave Scenic Area),2024-10-23 11:42,35,8
L15736610,CN,CN-14,,38.7549619,111.9408608,芦芽山国家级自然保护区 (Mount Luya NNR),2025-05-26 10:48,67,10
L16427629,CN,CN-34,,32.5283451,117.6716195,花园湖公园 (Huayuan Lake),2024-02-14 13:50,11,2
L1092080,CN,CN-63,,38.2565148,90.8631134,花土沟镇 (Huatugou),2023-10-01 19:01,23,4
L32365567,CN,CN-46,,19.9077218,109.9745875,花场湾红树林县级自然保护区 (Huachang Bay Mangrove Nature Reserve),2026-03-14 09:43,63,11
L15306434,CN,CN-14,,36.8427569,112.0790498,花坡 (Huapo),2026-08-18 08:30,96,19
L41224828,CN,CN-44,,23.1204367,113.3246396,花城广场 (Huacheng Plaza),2026-08-01 13:20,30,32
L38841994,CN,CN-37,,36.8242389,118.1193729,花山公园 (Huashan Park)
L50940166,CN,CN-22,,41.97486,126.75599,花山溪谷 (Huashan Creek Valley),2025-08-02 04:00,20,1
L53560288,CN,CN-32,,31.3063857,120.4792104,花山风景区 (Hua Hill Scenic Area),2025-10-03 11:08,10,2
L50993274,CN,CN-52,,26.5659582,106.6876847,花果园湿地公园 (Huaguoyuan Wetland Park),2025-07-31 14:00,12,4
L40088913,CN,CN-44,,23.3891555,113.2189062,花果山公园 (Huaguoshan Park)
L22369428,CN,CN-32,,34.641191,119.286457,花果山风景区 (Huaguoshan Scenic Area),2026-02-25 12:05,24,4
L39186126,CN,CN-53,,26.2489079,104.0620276,花椒水库 (Huajiao Reservoir),2026-01-05 10:01,31,2
L50652715,CN,CN-63,,37.6242932,101.3627815,花海鸳鸯 (Huahai Yuanyang),2026-09-05 12:51,90,56
L3166891,CN,CN-51,,33.9145052,102.8158266,花湖 (Flower Lake),2026-09-11 14:34,214,359
L6046215,CN,CN-52,,26.4326692,106.6721177,花溪公园 (Huaxi Park),2026-09-17 15:15,80,17
L7899184,CN,CN-52,,26.4475981,106.6777177,花溪十里河滩 (Huaxi Wetlands),2026-09-17 14:28,115,59
L74220350,CN,CN-52,,26.4182766,106.6673756,花溪湖公园 (Huaxi Lake Park),2026-07-11 07:00,6,1
L39857423,CN,CN-32,,31.9870324,118.785552,花神湖 (Huashen Lake)
L20650859,CN,CN-44,,23.3780518,113.2304191,花都湖公园 (Huadu Lake Park),2026-02-26 10:30,28,6
L36472172,CN,CN-33,,30.8473622,122.6841593,花鸟岛 (Huaniao Island),2025-09-18 00:00,77,5
L17829133,CN,CN-36,,29.6944058,116.0702184,芳兰湖湿地公园 (Fanglan Lake Wetland Park),2026-04-06 09:00,77,11
L10584516,CN,CN-36,,28.5493,116.047,芳溪湖--黄陂岗 (Fangxi Lake--Huangpigang),2025-07-16 09:51,93,4
L37991459,CN,CN-65,,43.9159398,81.2066701,芳草湖湿地 (Fangcao Lake Wetlands),2026-08-15 12:30,81,20
L51857419,CN,CN-44,,24.2759403,116.1428596,芹洋湿地公园 (Qinyang Wetland Park),2026-02-13 09:11,17,0
L21107811,CN,CN-21,,41.1021275,121.8288012,苇海蟹滩 (Weihai Xietan),2023-08-02 15:49,32,4
L10416440,CN,CN-51,,30.106888,104.648188,苌弘广场 (Chang Hong Square),2026-04-05 14:04,52,7
L75906783,CN,CN-53,,25.6816935,100.1474107,苍山--影视城/索道下站 (Mt. Cangshan--cableway lower station),2026-08-24 14:17,9,1
L18949721,CN,CN-53,,25.679639,100.139868,苍山--影视城至玉带路上山径 (Mt. Cangshan--Tourist Center to Yudai Trail (uphill walk)),2025-04-15 09:00,75,3
L8279030,CN,CN-53,,25.6451883,100.1638946,苍山--感通寺 (Mt. Cangshan--Gantong Temple),2026-08-25 13:36,152,42
L6827844,CN,CN-53,,25.7267166,100.1183014,苍山--无为寺 (Mt. Cangshan--Wuwei Temple),2026-09-20 08:25,212,185
L76358900,CN,CN-53,,25.63718,100.14866,苍山--波罗寺 (Mt. Cangshan--Boluo Temple),2026-08-22 08:40,35,1
L4602560,CN,CN-53,,25.6605965,100.0994806,苍山--洗马潭 (Mt. Cangshan--Horse Pond [Summit]),2026-09-01 10:01,80,90
L75824546,CN,CN-53,,25.65198,100.15659,苍山--清碧溪至玉带路(沿溪上山径) (Mt. Cangshan--Qingbi Brook to Yudai Trail (upstream walk)),2026-09-18 11:10,52,4
L8271369,CN,CN-53,,25.6613481,100.131704,苍山玉带路--七龙女池/索道中站 (Mt. Cangshan Yudai Trail--Dragon Ponds & cableway mid-station),2026-08-24 13:29,214,110
L4957340,CN,CN-53,,25.6865275,100.1308058,苍山玉带路--中和寺 (Mt. Cangshan Yudai Trail--Zhonghe Temple),2026-08-20 14:00,192,44
L75947837,CN,CN-53,,25.695531,100.120329,苍山玉带路--云游坊 (Mt. Cangshan Yudai Trail--Yunyoufang),2026-08-20 16:15,17,1
L75909152,CN,CN-53,,25.6892044,100.1235788,苍山玉带路--桃溪 (Mt. Cangshan Yudai Trail--Taoxi Brook),2026-08-20 14:45,15,1
L7284212,CN,CN-53,,25.6475123,100.143082,苍山玉带路--清碧溪 (Mt. Cangshan Yudai Trail--Qingbi Brook),2026-08-31 09:06,158,71
L12865429,CN,CN-53,,25.6730348,100.1321135,苍山玉带路--白鹤溪 (Mt. Cangshan Yudai Trail--Baihe Brook),2026-08-20 13:00,130,19
L39867496,CN,CN-32,,34.5967036,119.196708,苍梧绿园 (Cangwu Green Garden),2025-02-21 16:30,5,1
L75761925,CN,CN-53,,25.673103,99.969006,苍漾公园 (Cangyang Park),2026-08-15 10:40,21,1
L34783899,CN,CN-37,,34.9587984,118.698364,苍马山 (Cangma Hill),2024-07-15 15:00,9,1
L38502031,CN,CN-43,,25.8144919,113.0571394,苏仙岭 (Suxianling)
L8816489,CN,CN-53,,25.213475,97.917267,苏典口岸 (Sudian Border Pass),2025-05-06 10:10,189,39
L6318237,CN,CN-64,,38.743783,105.9147182,苏峪口国家森林公园 (Suyukou National Forest Park),2026-08-19 10:17,79,72
L28928115,CN,CN-32,,31.3240942,120.3634599,苏州太湖国家湿地公园 (Suzhou Taihu Lake National Wetland Park),2026-09-08 10:30,95,28
L26973542,CN,CN-32,,31.3048157,120.748709,苏州奥林匹克体育中心 (Suzhou Olympic Center),2026-09-16 08:36,36,136
L6579601,CN,CN-32,,31.217448,120.4382638,苏州湖滨湿地 (Suzhou Lakeshore Wetlands),2026-06-14 15:45,94,38
L19558102,CN,CN-32,,31.116445,120.5975043,苏州湾体育公园 (Suzhou Bay Sports Park),2026-08-30 16:00,136,85
L17313628,CN,CN-32,,31.3665137,120.5737273,苏州虎丘湿地公园 (Suzhou Huqiu Wetland Park),2026-09-17 08:01,162,273
L27166521,CN,CN-43,,28.2730149,112.99076,苏托垸 (Sutuoyuan),2023-12-02 11:36,37,2
L38175430,CN,CN-51,,30.0381258,103.8501807,苏母公园 (Sumu Park)
L30438759,CN,CN-35,,26.1047976,119.153167,苏洋村 (Suyang Village),2025-05-07 09:00,50,2
L5911371,CN,CN-63,,38.702633,98.026018,苏里 (Suli),2022-01-12 10:00,30,2
L38766148,CN,CN-41,,34.4752381,113.8516784,苑陵故城遗址公园 (Yuanling City Heritage Park)
L37992762,CN,CN-65,,43.4163002,87.661335,苜蓿台子 (Alfalfa Meadow)
L38296806,CN,CN-53,,24.306223,98.702697,苤菜坝 (Piecaiba),2024-11-27 11:30,19,1
L37988743,CN,CN-65,,38.8929065,76.1933624,英吉沙国家湿地公园 (Yengisar Wetland Park)
L37988849,CN,CN-65,,39.4789677,76.3224964,英吾斯坦中水湿地 (Yengi'östeng Reclaimed Water Wetlands),2025-09-18 15:58,59,2
L19036411,CN,CN-44,,20.6536327,110.2966536,英楼港 (Yinglougang),2020-01-11 11:20,18,1
L33971319,CN,CN-65,,37.2270131,79.8763678,英艾日克水库 (Yëngi'ëriq Reservoir),2024-06-27 08:00,24,1
L39459639,CN,CN-37,,36.6385595,117.0045338,英雄山风景区 (Hero Mountains)
L46705289,CN,CN-65,,43.9157061,81.2836734,苹果公园 (Apple Park),2025-06-23 09:40,7,0
L38127871,CN,CN-52,,26.580738,107.9832244,苹果山公园 (Pingguoshan Park)
L9049995,CN,CN-52,,25.269384,108.065269,茂兰国家级自然保护区 (Maolan NNR),2026-07-06 09:43,150,57
L38241475,CN,CN-51,,31.5067401,103.7554913,"茂县九顶山 (Jiuding Mountain, Maoxian)"
L39820509,CN,CN-44,,21.6277301,110.8239627,茂名森林公园 (Maoming Forest Park)
L17174005,CN,CN-33,,30.7537436,120.7437236,范蠡湖公园 (Fan Li Lake Park),2025-10-02 06:00,48,26
L38035827,CN,CN-23,,49.1036201,129.764052,茅兰沟国家森林公园 (Maolangou National Forest Park)
L24210390,CN,CN-52,,27.8804188,106.3734619,茅台镇 (Maotai Town),2023-05-25 15:40,7,1
L16396053,CN,CN-34,,30.703413,117.7779936,茅坦村 (Maotan Village),2024-06-16 14:45,52,2
L35569310,CN,CN-42,,30.140399,110.672133,茅坪村 (Maoping),2026-01-09 10:00,69,16
L8243159,CN,CN-33,,30.2396838,120.1286577,茅家埠 (Maojiabu Waters),2026-09-16 07:30,122,149
L51807720,CN,CN-32,,31.807667,119.308195,茅山--二茅峰 (Maoshan Mountain--Ermao Peak),2025-10-01 13:44,11,3
L56023995,CN,CN-32,,31.7821298,119.3155677,茅山--大茅峰 (Maoshan Mountain--Damao Peak),2026-09-17 00:00,57,4
L37022663,CN,CN-33,,29.8881135,121.7443038,"茅洋禅寺 (Maoyang Temple, Beilun)",2026-06-09 00:00,25,1
L43895120,CN,CN-34,,31.04931,118.28499,茅王水库 (Maowang Reservoir),2025-05-03 09:20,19,1
L13651859,CN,CN-53,,26.1437,99.951,茈碧湖 (Cibi Lake),2026-01-17 09:45,64,10
L26283746,CN,CN-35,,26.0664892,119.3066474,茶亭公园 (Chating Park),2026-04-24 12:52,13,3
L5901385,CN,CN-63,,36.772307,98.945571,茶卡以西荒原 (Arid Country W of Chaka),2026-08-17 08:38,120,67
L7759949,CN,CN-63,,36.7246768,99.0984387,茶卡盐湖 (Chaka Salt Lake),2026-09-07 15:25,178,136
L997409,CN,CN-63,,36.6547955,98.7686005,茶卡谷地 (Chaka Valley),2026-08-16 11:47,117,29
L11642539,CN,CN-63,,36.7914453,99.0861194,茶卡镇--东面田地林场 (Chaka--Eastern Fields & Poplars),2026-08-16 18:34,63,29
L997809,CN,CN-63,,36.789878,99.0666196,茶卡镇--郊外湿地 (Chaka--Outskirt Marsh),2026-07-28 18:47,91,44
L42905183,CN,CN-34,,31.6298524,117.4705723,茶壶山 (Chahu Mountain),2025-04-19 15:15,6,1
L10911698,CN,CN-33,,27.9257718,120.7079368,茶山大学城 (Chashan University Town),2026-03-10 00:00,33,2
L8490497,CN,CN-43,,26.7750679,113.4683971,茶陵云阳山省级自然保护区 (Yunyang Mountain PNR),2026-02-14 14:00,33,2
L39868507,CN,CN-32,,31.767224,119.9245807,荆川公园 (Jingchuan Park),2026-08-16 14:08,15,1
L38809487,CN,CN-42,,30.3154554,112.2491782,"荆州中山公园 (Zhongshan Park, Jingzhou)"
L62557354,CN,CN-42,,30.3473518,112.1758815,荆州古城墙--白马井 (Jingzhou Old City Wall--Baimajing),2026-06-24 11:18,28,2
L38809495,CN,CN-42,,30.3198025,112.2222512,"荆州滨江公园 (Binjiang Park, Jingzhou)",2026-06-25 15:23,25,2
L2935711,CN,CN-61,,33.2564892,107.5547576,草坝朱鹮田 (Caoba Crested Ibis Fields),2026-09-26 07:50,199,122
L23015493,CN,CN-35,,25.363831,119.7145788,草屿 (Cao Islet),2023-03-12 10:30,14,2
L8033180,CN,CN-52,,26.8523356,104.2158312,草海自然保护区 (Caohai NNR),2026-02-20 10:00,155,73
L28998040,CN,CN-42,,30.751686,114.473264,草湖湿地 (Caohu Wetlands),2026-05-31 08:55,114,54
L18267299,CN,CN-33,,27.9076539,119.6704962,草鱼塘森林公园 (Caoyutang Forest Park),2026-06-07 00:00,106,6
L29921519,CN,CN-44,,22.7944269,113.9558998,荔山公园 (Lishan Park),2026-07-21 19:35,33,0
L19653752,CN,CN-44,,22.5090398,113.9084851,荔林公园 (Lilin Park),2026-03-12 11:55,44,8
L36732098,CN,CN-44,,22.5458885,114.1024322,荔枝公园 (Lychee Park),2026-09-25 15:38,52,19
L32227940,CN,CN-45,,24.4106778,110.5613393,"荔浦猪头山 (Zhutou Mountain, Lipu)",2015-02-25 09:45,8,1
L9850985,CN,CN-44,,23.1209586,113.2327074,荔湾湖公园 (Liwan Lake Park),2026-06-30 11:49,32,19
L40083502,CN,CN-44,,22.5369959,113.9297032,荔香公园 (Lixiang Park),2026-04-07 17:12,24,4
L38376738,CN,CN-21,,40.8136511,122.0269766,荣兴水库 (Rongxing Reservoir)
L28533727,CN,CN-32,,31.2823167,120.71943,荣域小游园 (Rongyu Little Park),2026-09-22 08:53,22,29
L37386295,CN,CN-37,,37.3579826,122.5805714,荣成大天鹅国家级自然保护区 (Rongcheng Whooper Swan NNR),2026-02-11 13:00,45,6
L37386472,CN,CN-37,,37.3962688,122.5460217,"荣成成山林场 (Chengshan Forest Farm, Rongcheng)",2024-10-13 09:00,5,2
L57949397,CN,CN-37,,37.136969,122.464707,荣成樱花湖 (Rongcheng Yinghua Lake),2026-03-27 09:30,54,14
L27343107,CN,CN-41,,34.7106763,113.3373949,荥阳万山 (Xingyang Wanshan),2026-09-15 14:53,46,7
L38321331,CN,CN-33,,29.9805409,121.4953154,荪湖 (Sunhu Lake),2026-01-21 12:40,24,3
L39359797,CN,CN-33,,28.7538532,118.9705369,药王山 (Yaowang Mountain),2026-08-24 08:53,34,8
L68056018,CN,CN-33,,28.7653303,119.0180393,药王山景区 (Yaowang Mountain Scenic Area),2026-02-05 09:00,10,1
L39937435,CN,CN-32,,31.4084356,120.5832874,荷塘月色湿地公园 (Lotus Pond Moonlight Wetland Park),2026-06-28 09:05,20,4
L29089571,CN,CN-36,,29.1866925,116.0394413,荷溪垄 (Hexilong),2026-02-03 08:22,112,12
L26531316,CN,CN-32,,31.298658,120.7289949,荷花公园 (Lotus Park),2026-09-17 08:15,33,72
L22424333,CN,CN-65,,38.4246859,77.1120398,莎车叶尔羌国家湿地公园 (Yarkant National Wetland Park),2026-06-02 10:07,25,5
L20612256,CN,CN-33,,27.5401323,120.124112,莒溪大峡谷 (Juxi Canyon),2025-02-09 16:00,31,2
L59151162,CN,CN-31,,31.1051262,121.3867271,莘城中央公园 (Xincheng Central Park),2026-09-17 11:51,12,1
L13538553,CN,CN-31,,31.1022874,121.3732851,莘庄公园 (Xinzhuang Park),2024-05-02 15:29,21,4
L40003256,CN,CN-31,,31.1154024,121.3926889,莘庄梅园 (Xinzhuang Plum Garden),2026-09-19 12:59,42,15
L15327577,CN,CN-44,,24.3653659,112.7830209,莫六公山 (Moliugong Mountain),2025-06-01 10:11,34,3
L38024143,CN,CN-15,,43.5345633,121.786445,莫力庙水库 (Molimiao Reservoir)
L63560843,CN,CN-21,,41.6731042,123.4860706,莫子山公园 (Mozishan Park),2026-05-11 09:00,38,4
L38027206,CN,CN-15,,51.3388892,120.6775774,莫尔道嘎国家森林公园 (Mordaoga National Forest Park),2026-09-25 15:30,21,6
L3166707,CN,CN-33,,30.6109128,119.8727197,莫干山 (Mokanshan),2026-06-14 10:00,113,35
L39857520,CN,CN-32,,32.0343235,118.7609412,莫愁湖公园 (Mochou Lake Park),2026-06-30 15:49,25,7
L59476994,CN,CN-15,,49.4981239,119.7550964,莫日格勒河景区 (Murui Gol Scenic Area),2026-09-03 09:30,44,5
L15900242,CN,CN-53,,21.8928944,101.2118199,莫等上寨 (Modeng Shangzhai),2026-08-07 09:05,134,77
L3889373,CN,CN-22,,45.92316,123.6164,莫莫格国家级自然保护区 (Momoge NNR),2025-10-06 10:25,121,19
L970896,CN,CN-53,,24.1085745,97.9870005,莫里热带雨林风景区 (Moli Rainforest Scenic Area),2026-09-12 08:14,277,198
L35278159,CN,CN-62,,40.0377518,94.8055781,莫高窟 (Mogao Caves),2026-09-16 10:30,18,15
L5796269,CN,CN-44,,23.4171002,116.8609285,莱芜半岛 (Laiwu Pennisula),2026-08-13 17:05,104,30
L39459595,CN,CN-37,,36.3859201,117.5184885,莱芜华山 (Laiwu Huashan),2025-10-03 10:27,4,1
L38241378,CN,CN-51,,33.0718683,101.1648152,莲宝叶则风景区 (Nyenpo Yurtse Scenic Area [Sichuan]),2026-08-23 11:30,44,8
L39938162,CN,CN-32,,31.4115325,120.7842866,莲池湖生态公园 (Lianchihu Eco-Park),2026-07-25 18:10,22,2
L16825492,CN,CN-33,,30.8848458,120.7402886,莲泗荡湿地 (Liansidang Wetlands),2026-08-15 12:58,80,6
L38297717,CN,CN-61,,34.268858,108.9404111,莲湖公园 (Lianhu Park),2026-07-07 13:00,20,4
L38650908,CN,CN-34,,30.516085,117.0629318,莲湖公园 (Lianhu Park),2025-04-04 18:29,1,0
L38212013,CN,CN-11,,39.9141015,116.14416,莲石湖生态公园 (Lianshihu Eco-Park),2026-09-13 09:23,27,2
L38058476,CN,CN-22,,43.8720245,125.74364,莲秀峰森林公园 (Lianxiufeng Forest Park),2025-10-26 08:00,26,3
L36142540,CN,CN-54,,29.325747,95.3318857,"莲花圣地公园 (Lotus Park, Mêdog)",2026-09-04 17:50,138,176
L3223862,CN,CN-44,,22.5546764,114.0566347,莲花山公园 (Lianhuashan Park),2026-09-28 10:58,109,160
L8753849,CN,CN-62,,34.93678,103.74724,莲花山自然保护区 (Lianhuashan NNR),2026-09-06 08:58,206,199
L75353302,CN,CN-62,,34.9312829,103.735785,莲花山自然保护区--黄金三公里 (Lianhuashan NNR-- Magnificent Three-Kilometers)
L63823247,CN,CN-35,,27.3195839,120.1954313,莲花岗（Lianhuagang）,2025-03-22 11:00,19,3
L56880118,CN,CN-32,,31.4515314,120.8061151,莲花岛 (Lotus Island),2026-01-01 12:00,7,1
L7404153,CN,CN-11,,39.8923072,116.3149722,莲花池公园 (Lotus Pond Park),2026-07-16 19:15,71,67
L36839964,CN,CN-53,,25.0610934,102.701472,莲花池公园 (Lotus Pool Park)
L9478664,CN,CN-21,,42.2659527,123.7366948,莲花湖湿地公园 (Lianhuahu Wetland Park),2026-05-16 14:00,42,4
L14472830,CN,CN-33,,28.4383521,119.9138908,莲都--江滨公园 (Liandu--Jiangbin Park),2026-08-09 12:21,34,1
L13247664,CN,CN-46,,18.5296153,108.7203322,莺歌海盐场 (Yinggehai Saltpans),2026-07-25 18:20,133,81
L4287908,CN,CN-43,,24.95959,112.95707,莽山国家级自然保护区 (Mangshan NNR),2026-07-20 14:21,166,33
L38502067,CN,CN-43,,24.9805,112.96715,莽山自然保护区--天台山/五指峰景区 (Mangshan NNR--Tiantaishan/Wuzhifeng Scenic Area),2026-07-20 14:21,33,4
L69411811,CN,CN-43,,24.9516779,112.928731,莽山自然保护区--将军寨景区 (Mangshan NNR--Jiangjunzhai Scenic Area)
L69287021,CN,CN-43,,24.9324463,112.9863251,莽山自然保护区--猛坑石 (Mangshan NNR--Mengkengshi),2024-04-15 10:35,15,1
L30650345,CN,CN-43,,24.951538,112.982459,莽山自然保护区--相思坑保护站 (Mangshan NNR--Xiangsikeng Station),2026-05-04 08:07,30,1
L69411684,CN,CN-43,,24.9802086,112.8858135,莽山自然保护区--自然博物馆及猴王寨景区 (Mangshan NNR--Museum & Houwangzhai Scenic Area)
L5639561,CN,CN-53,,24.6334961,104.1579974,菌子山景区 (Junzishan Scenic Area),2017-04-01 15:45,15,1
L2543930,CN,CN-11,,39.9084509,116.4043646,菖蒲河公园 (Changpu River Park),2026-06-13 23:17,43,21
L38650901,CN,CN-34,,30.7490606,117.0952244,菜子湖 (Caizi Lake),2025-10-05 07:30,43,4
L14722581,CN,CN-33,,29.0828585,119.7189151,菱塘水库 (Lingtang Reservoir),2025-11-16 07:34,25,3
L38650906,CN,CN-34,,30.5175549,117.0540801,菱湖公园 (Linghu Park),2026-05-02 16:00,28,1
L3964587,CN,CN-21,,38.8709061,121.6786909,菱角湾 (Lingjiao Bay),2026-09-16 09:42,67,25
L36309135,CN,CN-62,,35.947326,104.1404192,萃英山 (Mount Cuiying),2026-08-06 09:01,129,107
L38551316,CN,CN-36,,27.6713666,113.8445319,萍水湖湿地公园 (Pingshui Lake Wetland Park)
L40088723,CN,CN-44,,23.1839246,113.5271255,萝岗香雪公园 (Luogang Xiangxue Park),2026-09-27 16:00,26,10
L22298984,CN,CN-44,,21.4820865,109.9550289,营仔河 (Yingzai River),2026-02-21 17:09,73,11
L39980753,CN,CN-44,,21.4534137,109.9134518,营仔红树林 (Yingzai Mangroves)
L38376538,CN,CN-21,,40.7097172,122.2770773,营口植物园 (Yingkou Botanical Garden),2025-05-02 09:35,17,6
L14203508,CN,CN-21,,40.612533,122.145504,营口滩涂 (Yingkou Mudflats),2026-09-18 09:05,68,17
L32227860,CN,CN-12,,39.145383,117.740151,营城水库 (Yingcheng Reservoir),2013-03-18 08:00,6,1
L26615172,CN,CN-43,,26.8707458,112.6183362,营盘山公园 (Yingpanshan Park),2025-05-09 12:00,18,4
L28998208,CN,CN-15,,38.8478188,105.6833167,营盘山景观公园 (Alxa Yingpanshan Park),2026-04-05 17:37,36,19
L32343925,CN,CN-11,,39.8432362,116.6714746,萧太后河田家府段 (Xiaotaihou River - Tianjiafu Section),2026-07-22 19:00,105,30
L54984459,CN,CN-33,,30.2503705,120.2499839,"萧山丰北 (Fengbei, Xiaoshan)",2026-09-25 06:54,38,28
L40627323,CN,CN-33,,30.1708736,120.2775321,"萧山北山公园 (Beishan Park, Xiaoshan)",2025-11-08 11:00,8,2
L67144929,CN,CN-33,,30.2460511,120.2909586,萧山区北部 (North Xiaoshan [General Area]),2025-12-17 06:40,33,2
L35734439,CN,CN-33,,30.1468235,120.4251148,萧山雁荡湿地 (Xiaoshan--Yandang Wetland),2024-09-19 00:00,11,3
L17037101,CN,CN-21,,41.85472,124.099477,萨尔浒风景名胜区 (Sarhū Scenic Area),2026-03-04 09:33,81,24
L58939560,CN,CN-43,,27.0972606,112.7564192,萱洲国家湿地公园 (Xuanzhou Wetland Park),2026-07-23 17:00,38,3
L2920637,CN,CN-45,,23.9124511,106.6102795,落凤坑 (Luofengkeng),2026-08-28 07:50,122,109
L75766863,CN,CN-53,,24.7239379,100.4156794,落底河--15/18K (Luodihe--15/18K),2026-08-14 07:10,33,1
L74739627,CN,CN-53,,24.7668432,100.3797842,落底河--大村/新村 (Luodihe--Dacun & Xincun)
L53701356,CN,CN-53,,24.73054,100.40159,落底河--新湾子/望江 (Luodihe--Xinwanzi to Wangjiang),2025-10-03 13:00,31,1
L53701017,CN,CN-53,,24.74165,100.38127,落底河--落龙寨/寒铁 (Luodihe--Luolongzhai to Hantie),2026-08-13 17:52,72,2
L75766849,CN,CN-53,,24.7336362,100.4223598,落底河--阿嘎 (Luodihe--Aga),2026-08-14 09:05,50,1
L56177885,CN,CN-32,,31.8705665,118.8897682,葛桥 (Geqiao),2025-12-21 14:00,23,1
L39713907,CN,CN-42,,30.7311222,111.2916484,葛洲坝公园 (Gezhouba Park),2025-10-09 13:39,23,4
L19767741,CN,CN-52,,26.730928,106.658917,董其坝 (Dongqiba),2026-01-11 13:13,106,16
L38841690,CN,CN-37,,37.4401065,116.3739946,董子园风景区 (Dongzi Yuan Scenic Area),2026-09-22 21:35,2,1
L10514212,CN,CN-61,,33.3791326,107.6833433,董家滩 (Dongjiatan),2026-08-05 09:13,147,47
L2932341,CN,CN-41,,31.9003583,114.2195713,董寨自然保护区--灵山寺路 (Dongzhai NNR--Lingshan Temple Road),2026-06-15 13:55,142,46
L2938753,CN,CN-41,,31.9480292,114.2557311,董寨自然保护区--白云保护站 (Dongzhai NNR--Baiyun Station),2026-07-05 15:32,198,367
L9542029,CN,CN-41,,31.9693856,114.2830327,董寨自然保护区--荒田保护站 (Dongzhai NNR--Huangtian Station),2026-07-22 06:15,116,34
L63824103,CN,CN-35,,27.2729178,120.2400901,董江村（Dongjiang Village）,2025-08-09 14:00,30,3
L6224222,CN,CN-34,,31.8907949,117.1798682,董铺水库 (Dongpu Reservoir),2026-09-19 00:00,70,16
L38537037,CN,CN-43,,28.8252242,112.1985648,蒋家嘴 (Jiangjiazui),2024-10-18 09:00,52,3
L10864538,CN,CN-33,,30.2894684,120.0496945,蒋村 (Jiangcun Neighborhood),2026-05-08 14:00,77,27
L27998201,CN,CN-37,,35.5617918,117.9675993,蒙山国家森林公园 (Mengshan National Forest Park),2026-07-04 08:11,83,11
L38340874,CN,CN-14,,37.7816643,112.4446234,蒙山风景区 (Mengshan Scenic Area),2025-06-26 03:30,2,1
L39412829,CN,CN-37,,35.5429821,117.8498268,蒙山龟蒙景区 (Mengshan Guimeng Scenic Area),2026-07-21 06:41,61,9
L28172707,CN,CN-33,,27.6232735,119.0569545,蒙洲公园 (Mengzhou Park),2023-11-06 00:00,1,0
L35608005,CN,CN-51,,30.0766241,103.045022,蒙顶山 (Mengding Mountain),2026-07-26 11:07,90,40
L38786408,CN,CN-37,,37.3654688,118.0256725,蒲园 (Pu Yuan)
L38786413,CN,CN-37,,37.358435,118.030805,蒲城水库 (Pucheng Reservoir)
L38650512,CN,CN-21,,41.5019453,122.7473548,蒲河国家湿地公园 (Puhe National Wetland Park),2025-11-25 09:23,45,4
L58031346,CN,CN-14,,34.8652986,110.2701297,蒲津黄河滩 (Pujin Yellow River Flats),2026-02-23 11:30,61,5
L16988595,CN,CN-33,,30.4815663,120.9377687,蓝田庙海滨 (Lantianmiao Coast),2026-03-23 12:01,82,31
L60174097,CN,CN-34,,31.7169373,117.3472452,蓝藻科普馆 (Lanzao Kepuguan),2026-09-21 10:02,39,4
L32414012,CN,CN-12,,40.1770182,117.4652592,蓟县大红峪沟 (Dahongyu Valley),2026-06-21 08:10,47,19
L22610219,CN,CN-31,,31.2062214,121.4915087,蓬莱公园 (Penglai Park),2025-05-27 16:44,21,21
L37918805,CN,CN-33,,30.242766,122.2174461,蓬莱公园 (Penglai Park),2025-04-29 14:18,35,3
L39655078,CN,CN-35,,26.6548618,119.5776622,蕉叶公园 (Jiaoye Park)
L40091622,CN,CN-44,,23.2840689,113.8631967,蕉石岭森林公园 (Jiaoshiling Forest Park),2026-06-20 09:00,37,2
L9161449,CN,CN-44,,22.7965481,113.5316205,蕉门公园 (Jiaomen Park),2026-05-17 15:33,42,9
L39904039,CN,CN-33,,30.0103858,120.5863763,蕺山公园 (Jishan Park),2026-09-25 12:43,33,6
L29280176,CN,CN-33,,30.6142209,122.1409052,薄刀嘴岛 (Baodaozui Island),2026-05-10 08:00,117,20
L11292521,CN,CN-50,,29.467572,105.9763951,薄刀岭 (Bodaoling),2026-02-21 17:40,70,16
L39576757,CN,CN-42,,31.1174002,115.580386,薄刀峰 (Bodao Peak)
L36885878,CN,CN-35,,24.5053114,118.1465282,薛岭山公园 (Xuelingshan Park),2025-10-18 16:50,7,2
L17973921,CN,CN-42,,30.4100697,114.4201662,藏龙岛国家湿地公园 (Canglongdao Wetland Park),2026-02-22 11:53,55,19
L73074192,CN,CN-33,,30.24842,119.91809,藕塘--南湖南侧 (Lotus Pond - Nanhu Lake South),2026-09-27 06:00,102,15
L23669429,CN,CN-35,,27.2325019,120.2157527,藤屿村 (Tenyu Village),2023-04-17 11:00,10,1
L3136017,CN,CN-33,,29.856054,121.3704729,藤岭水库 (Tengling Reservoir),2023-05-06 12:00,57,3
L7421774,CN,CN-65,,44.449929,85.951423,蘑菇湖水库 (Mushroom Lake Reservoir),2026-07-24 06:55,174,110
L4381737,CN,CN-32,,31.3354607,120.5804949,虎丘风景区 (Tiger Hill Scenic Area),2026-08-02 10:56,69,31
L10374340,CN,CN-35,,24.5258418,117.2403005,虎伯寮自然保护区 (Huboliao NNR),2024-03-16 08:00,75,7
L16688485,CN,CN-35,,24.5059248,118.1519807,虎头山公园 (Hutoushan Park),2026-08-19 16:30,114,121
L5875357,CN,CN-23,,45.985079,133.668403,虎头镇 (Hutou Town),2024-03-26 10:07,21,2
L14765107,CN,CN-50,,29.5556912,106.2518107,虎峰山 (Hufeng Mountain),2026-05-16 14:39,31,8
L47550167,CN,CN-42,,31.0819183,112.882425,虎爪山国家森林公园 (Huzhao Mountain National Forest Park),2026-08-08 11:43,31,2
L39980303,CN,CN-44,,23.0104966,113.7864787,虎英郊野公园 (Huying Country Park),2026-08-01 10:31,27,7
L41092087,CN,CN-33,,30.2110221,120.1302821,虎跑公园 (Hupao Park),2026-05-13 19:17,41,6
L38257912,CN,CN-52,,27.2939523,105.2775346,虎踞山 (Huju Hill)
L18932333,CN,CN-32,,31.6671853,120.701967,虞山国家森林公园 (Yushan National Forest Park),2026-08-21 09:22,131,133
L38127846,CN,CN-52,,26.2559997,105.9369677,虹山公园 (Hongshan Hill),2025-06-05 16:34,14,0
L13811441,CN,CN-33,,30.054261,122.0796573,虹桥水库 (Hongqiao Reservoir),2025-11-29 17:01,71,8
L54702071,CN,CN-44,,23.0621816,114.0928459,虾公山公园 (Xiagongshan Park),2026-03-07 15:43,18,2
L23175894,CN,CN-45,,22.5249909,106.8449509,蚬木王景区 (Xianmuwang Scenic Area),2026-03-02 07:00,21,4
L10367946,CN,CN-35,,24.7866517,118.6942667,蚶江文化公园 (Hanjiang Cultural Park),2025-04-07 22:34,27,2
L17637418,CN,CN-44,,22.4839021,113.9360482,蛇口山 (Shekou Hill),2026-09-16 16:31,28,4
L38126699,CN,CN-53,,26.8255339,100.265364,蛇山公园 (Sheshan Park),2025-06-17 07:52,7,1
L8510616,CN,CN-21,,38.9512133,120.9837639,蛇岛 (Snake Island),2026-06-26 10:51,19,2
L28841445,CN,CN-33,,29.1378562,121.5956923,蛇蟠岛 (Shepan Island Sea-ponds),2026-07-04 00:00,78,7
L7992341,CN,CN-32,,32.1126993,121.5133288,蛎蚜山海滨 (Liyashan Coast),2025-01-28 15:00,88,8
L38537531,CN,CN-43,,28.2083865,113.2238849,蛟龙水库 (Jiaolong Reservoir),2025-11-26 20:55,92,8
L8753190,CN,CN-15,,42.6876691,117.3424896,蛤蟆坝 (Hamaba),2025-05-21 17:23,53,3
L10911530,CN,CN-51,,28.4650695,104.9666405,蜀南竹海 (Shunan Bamboo Sea),2026-02-25 09:34,60,4
L54094670,CN,CN-32,,32.4170774,119.4042969,蜀岗西峰 (Shugang West Peak),2026-09-25 09:14,44,7
L37215992,CN,CN-34,,31.8439049,117.1918321,蜀峰湾公园 (Shufengwan Park),2025-07-26 09:47,51,11
L6241881,CN,CN-46,,18.3115637,109.7628384,蜈支洲岛 (Wuzhizhou Island),2026-05-12 09:00,18,4
L38766267,CN,CN-41,,34.6833457,113.7775317,蝶湖公园 (Diehu Park)
L59894612,CN,CN-32,,31.7827933,121.6448439,蝶湖公园 (Diehu Park),2026-02-18 14:00,13,1
L54031382,CN,CN-31,,31.2652121,121.3538339,蝶语园 (Butterfly Garden),2025-11-29 08:53,28,4
L55729025,CN,CN-53,,24.9916572,102.6512754,螺洲湿地 (Luozhou Wetlands),2026-07-04 16:50,61,4
L36928728,CN,CN-43,,29.1151205,111.7091399,螺湾观鸟湿地公园 (Luowan Wetlands),2025-10-04 08:14,36,3
L38006505,CN,CN-51,,27.5750752,102.3755499,螺髻山风景区 (Luojishan Scenic Area),2026-05-02 09:00,25,3
L26511765,CN,CN-44,,22.8306644,114.7796189,蟹洲 (Xiezhou),2025-12-26 13:00,23,3
L16743174,CN,CN-33,,29.3563069,121.7933248,蟹钳港 (Xieqian Bay),2023-06-09 06:30,43,2
L39934288,CN,CN-32,,31.5170477,120.2588905,蠡园 (Li Yuan),2025-08-24 14:00,15,1
L62474985,CN,CN-32,,31.5214652,120.2479148,蠡湖中央公园 (Lihu Central Park),2026-07-01 19:30,24,2
L23751572,CN,CN-35,,26.79657,119.628597,行洋村 (Hangyang Village),2023-07-19 14:55,27,3
L59117585,CN,CN-43,,27.1572651,112.8918243,衡东洣水湿地公园 (Hengdong Mishui Wetland Park),2026-07-15 18:00,41,3
L38527345,CN,CN-43,,27.2599612,112.7099396,衡山--南台寺 (Mount Hengshan--Nantai Temple),2025-11-01 08:27,9,1
L38527386,CN,CN-43,,27.2670101,112.7165964,衡山--忠烈祠周边 (Mount Hengshan--Martyrs' Shrine),2025-06-30 07:34,9,2
L38527341,CN,CN-43,,27.2939387,112.6944527,衡山--祝融峰 (Mount Hengshan--Zhurong Peak),2026-06-25 08:02,27,2
L38113716,CN,CN-13,,37.7300951,115.6995729,"衡水人民公园 (People's Park, Hengshui)"
L5549092,CN,CN-13,,37.625271,115.637751,衡水湖 (Hengshui Lake),2026-02-22 09:00,166,59
L38474096,CN,CN-43,,26.8550274,112.5879304,"衡阳南湖公园 (South Lake, Hengyang)",2025-10-04 11:42,18,2
L38474121,CN,CN-43,,26.8903422,112.5558126,衡阳生态公园 (Hengyang Eco-Park)
L26619613,CN,CN-43,,26.9093514,112.6062729,"衡阳西湖公园 (West Lake Park, Hengyang)",2023-08-17 15:50,12,1
L39747041,CN,CN-33,,28.9140906,118.8884159,衢州城市森林公园 (Quzhou Urban Forest Park),2025-08-07 16:00,28,4
L37469608,CN,CN-33,,28.957212,118.8778387,"衢州府山公园 (Fushan Park, Quzhou)",2025-04-10 06:55,12,1
L38596786,CN,CN-33,,29.1260443,119.3792408,衢江汤瓶洲段 (Qu River - Tangpingzhou Section),2026-03-28 09:42,64,8
L38596082,CN,CN-33,,29.1150418,119.3469094,衢江裘家村段 (Qu River - Qiujiacun Section),2026-07-12 12:29,37,3
L6442244,CN,CN-53,,21.6006695,101.5844983,补蚌村 (Bubeng Village),2026-07-03 14:57,208,64
L30370692,CN,CN-34,,31.5269259,117.4087856,袁家山 (Yuanjia Hill),2026-09-12 08:06,65,11
L35659626,CN,CN-43,,29.3489428,110.4357165,袁家界风景区 (Yuanjiajie Scenic Area),2026-09-25 14:01,52,29
L38538597,CN,CN-36,,27.8141916,114.4010026,袁山公园 (Yuanshan Park),2026-07-12 08:33,9,2
L24041749,CN,CN-13,,38.038849,114.411985,裕西公园 (Yuxi Park),2026-09-24 11:42,44,15
L6581141,CN,CN-36,,28.6891194,115.8756136,裘家洲 (Qiujiazhou Sandbar),2025-08-11 12:44,51,6
L39939228,CN,CN-31,,31.2171174,121.4566012,襄阳公园 (Xiangyang Park),2026-08-28 10:55,13,8
L21267035,CN,CN-42,,32.0238046,112.1480191,襄阳古城 (Old City of Xiangyang),2026-05-02 17:00,21,3
L52726041,CN,CN-42,,31.9914467,112.1856019,襄阳外滩原生态垂钓园东,2025-11-09 15:00,16,3
L38164169,CN,CN-42,,32.0343325,112.1084106,"襄阳月亮湾公园 (Moon Bay Park, Xiangyang)",2026-09-27 15:00,68,16
L58220166,CN,CN-42,,32.0127163,112.1573656,"襄阳水上公园-荟园 (Water Park, Xiangyang)",2026-05-31 15:30,29,0
L40083567,CN,CN-44,,22.5741688,113.9320411,西丽生态公园 (Xili Eco-Park),2026-08-16 09:39,14,3
L26495822,CN,CN-32,,31.2746388,120.7372131,西交利物浦大学北校区 (Xi'an Jiaotong-Liverpool University - North Campus),2026-09-24 08:39,77,1130
L26571351,CN,CN-32,,31.2698578,120.7407546,西交利物浦大学南校区 (Xi'an Jiaotong-Liverpool University - South Campus),2026-09-09 08:50,42,131
L26378509,CN,CN-32,,31.4836905,121.156578,西交利物浦大学太仓校区 (Xi’an Jiaotong-Liverpool University - Taicang Campus),2026-04-30 12:37,69,67
L34748589,CN,CN-44,,25.0091934,113.1334492,西京古道猴子岭段及附近农田,2026-06-07 11:39,50,4
L57409246,CN,CN-46,,19.749768,110.673716,西亭洋湿地 (Xitingyang Wetlands),2026-05-03 09:55,46,3
L38126990,CN,CN-53,,24.9356099,102.7367247,西亮塘湿地公园 (Xiliangtang Wetland Park)
L38297495,CN,CN-61,,34.283245,108.0743794,西北农林科技大学北校区 (Northwest A&F University - North Campus),2026-05-21 17:00,70,10
L38297499,CN,CN-61,,34.2626482,108.0692978,西北农林科技大学南校区 (Northwest A&F University - South Campus),2026-08-12 14:24,32,4
L12493004,CN,CN-61,,34.034177,108.7648845,西北工业大学长安校区 (Northwestern Polytechnical University - Chang'an Campus),2026-08-01 11:22,82,13
L38671975,CN,CN-41,,34.8149895,114.3423716,西北湖湿地公园 (Northwest Lake Wetland Park)
L38002761,CN,CN-62,,39.9753992,94.3657044,西千佛洞 (Western Thousand Buddha Caves),2026-05-20 08:51,6,3
L45102252,CN,CN-51,,29.5725787,103.4553004,西南交通大学峨眉校区 (Southwest Jiaotong University - Emei Campus),2025-11-30 08:55,37,2
L63029114,CN,CN-51,,30.7643974,103.9851954,西南交通大学犀浦校区 (Southwest Jiaotong University - Xipu Campus),2026-04-17 17:00,15,1
L37987706,CN,CN-53,,25.0597332,102.7587618,西南林业大学 (Southwest Forestry University),2025-10-03 08:10,83,8
L57770754,CN,CN-51,,30.564783,103.969717,西南民族大学航空港校区北区 (Southwest Minzu University - Airport Campus North),2026-06-20 19:08,17,7
L57957837,CN,CN-51,,30.5617163,103.9686825,西南民族大学航空港校区南区 (Southwest Minzu University - Airport Campus South),2026-02-16 14:34,13,5
L36837227,CN,CN-33,,30.7474006,120.7489592,西南湖生态公园 (Southwest Lake Eco-Park),2026-08-14 17:39,33,7
L21372624,CN,CN-51,,31.5350875,104.6989084,西南科技大学 (Southwest University of Science and Technology),2025-05-17 06:38,17,2
L58147220,CN,CN-51,,30.6845771,103.8202686,西南财经大学柳林校区 (Southwestern University of Finance and Economics - Liulin Campus),2026-03-28 09:13,15,3
L39865575,CN,CN-32,,34.5274406,118.7209211,西双湖国家湿地公园 (Xishuanghu Wetland Park)
L54872799,CN,CN-53,,22.0031823,100.7888772,西双版纳南药园 (Southern Medicinal Garden),2026-04-29 17:05,52,3
L22413998,CN,CN-53,,22.02339,100.89832,西双版纳原始森林公园 (Xishuangbanna Primeval Forest Park),2026-03-11 09:36,154,32
L4682637,CN,CN-53,,21.972777,100.764918,西双版纳嘎洒机场 (Xishuangbanna Gasa International Airport),2026-07-26 14:37,57,12
L8337093,CN,CN-53,,22.0127992,100.7860158,西双版纳热带花卉园 (Xishuangbanna Tropical Flowers Garden),2026-08-31 08:36,126,52
L10740574,CN,CN-62,,36.0852976,103.6258578,西固金城公园 (Xigu Jincheng Park),2026-02-19 12:00,29,6
L39816961,CN,CN-44,,23.3481162,116.6643826,西堤公园 (Xidi Park),2025-11-21 10:58,24,5
L55997179,CN,CN-64,,38.4891138,106.116022,西夏公园 (Xixia Park),2026-05-30 11:55,9,1
L5230371,CN,CN-23,,45.688732,130.314827,西大圈国家森林公园 (Xidaquan National Forest Park),2026-05-23 03:50,91,42
L40716660,CN,CN-32,,31.0259868,120.3611642,西大圩 (West Polder),2026-07-12 13:14,41,2
L12492682,CN,CN-45,,22.8999,107.7634,西大明山自然保护区 (West Daming Mountain PNR),2025-11-12 07:00,109,8
L3633804,CN,CN-33,,30.3496,119.42376,西天目山国家级自然保护区 (West Tianmu Mountain NNR),2026-09-27 11:40,220,895
L66601940,CN,CN-33,,30.3533474,119.437809,西天目山自然保护区--上山公路 (West Tianmu Mountain NNR--Uphill Road),2026-09-16 06:00,77,38
L66705399,CN,CN-33,,30.368559,119.42387,西天目山自然保护区--冰川峡谷门口 (West Tianmu Mountain NNR--valley bottom streams),2026-09-27 11:40,29,7
L66601721,CN,CN-33,,30.3422394,119.4345513,西天目山自然保护区--大树王景区 (West Tianmu Mountain NNR--Tree King Scenic Area),2026-07-24 09:57,63,9
L25851646,CN,CN-33,,30.3450436,119.4531392,西天目山自然保护区--玉龙宾馆 (West Tianmu Mountain NNR--abandoned hotel),2026-09-27 09:52,39,10
L66602166,CN,CN-33,,30.3216709,119.4448658,西天目山自然保护区--禅源寺 (West Tianmu Mountain NNR--Chanyuan Temple),2026-08-06 17:20,67,38
L36309247,CN,CN-63,,36.6391256,101.7598399,"西宁人民公园 (People's Park, Xining)",2026-07-24 06:41,20,11
L36309188,CN,CN-63,,36.6244366,101.7454866,西宁园林植物园 (Xining Botanical Garden),2026-07-31 17:25,17,11
L6092523,CN,CN-63,,36.5676325,101.8861148,西宁宁湖湿地 (Xining Ning Hu Wetland),2026-07-22 17:50,185,200
L4892344,CN,CN-63,,36.6431624,101.7446508,"西宁文化公园 (Culture Park, Xining)",2025-05-25 08:00,34,10
L998794,CN,CN-63,,36.5238968,102.0362434,西宁曹家堡国际机场 (Xining Caojiabao International Airport),2026-08-23 15:31,17,5
L7516969,CN,CN-63,,36.6282482,101.7310784,西宁野生动物园 (Xining Wildlife Park),2026-08-24 16:38,43,40
L38297751,CN,CN-61,,34.3249446,109.0610238,西安世博园 (Xi'an Expo Park),2026-07-08 19:00,67,12
L9194221,CN,CN-61,,34.2094857,109.0280562,西安植物园 (Xi'an Botanical Garden),2026-07-11 11:00,48,14
L38297515,CN,CN-61,,34.3934231,108.8990855,西安湖 (Xi'An Lake Riverside),2026-07-05 08:06,39,1
L42322206,CN,CN-61,,34.253867,108.952861,西安碑林博物馆 (Forest of Stone Steles Museum),2026-07-23 09:21,21,12
L38298009,CN,CN-61,,34.0467685,108.868546,西安秦岭野生动物园 (Xi'an Qinling Wildlife Park),2025-04-20 09:47,9,1
L38396262,CN,CN-21,,38.9874473,121.3485027,西小磨子海滨 (Xixiaomozi Coast),2026-04-05 07:00,23,6
L38396017,CN,CN-21,,38.8695462,121.5486947,西尖山公园 (Xijianshan Park),2026-06-14 08:25,28,7
L21282647,CN,CN-33,,28.4540186,119.4752114,西屏山公园 (Xipingshan Park),2026-06-04 10:02,15,2
L7518211,CN,CN-63,,37.0876306,101.5259316,西山村 (Xishan Village),2025-08-16 13:07,50,12
L55013218,CN,CN-32,,32.1668107,119.5320002,西山水库 (Xishan Reservoir),2025-11-12 09:59,25,2
L21766498,CN,CN-33,,30.8625848,120.1716429,西山漾 (Xishanyang Wetlands),2026-05-23 09:15,75,11
L38285411,CN,CN-62,,35.5776646,104.6054123,西岩山森林公园 (Xiyanshan Forest Park),2026-05-10 07:46,41,12
L75345896,CN,CN-35,,24.58252,118.20979,西岩山水库（Xiyanshan Reservoir）,2026-09-23 22:13,23,2
L15451658,CN,CN-51,,30.674972,103.167903,西岭雪山--日月坪 (Xiling Snow Mountain--Riyueping [Summit]),2026-08-10 10:00,144,59
L37792227,CN,CN-51,,30.7010911,103.1998622,西岭雪山--滑雪场及周边 (Xiling Snow Mountain--Ski Resort),2026-08-10 13:20,91,22
L19905100,CN,CN-51,,30.696535,103.2060036,西岭雪山--鸳鸯池 (Xiling Snow Mountain--Mandarin Duck Pond),2026-08-10 14:45,98,17
L38243072,CN,CN-51,,30.6299019,103.1747383,西岭雪山大飞水景区 (Xiling Snow Mountain--Dafeishui Scenic Area),2026-06-13 10:09,26,3
L40002593,CN,CN-31,,31.121747,121.4525524,西岸自然艺术公园 (West Bank Nature & Arts Park),2026-09-07 17:06,46,42
L14009753,CN,CN-31,,31.1689605,121.4638669,西岸龙耀滨江广场 (Longyao Riverfront Square),2026-09-25 21:05,54,63
L9108400,CN,CN-11,,40.3173325,117.1006197,西峪水库 (Xiyu Reservoir),2026-03-08 12:30,101,40
L29643024,CN,CN-11,,40.6021217,116.863772,西庄子村 (Xizhuangzi),2024-05-11 08:27,39,2
L16007959,CN,CN-34,,31.8443153,117.1531464,西扩公园 (Xikuo Park),2026-09-24 17:01,108,91
L69453345,CN,CN-15,,45.00375,121.34555,西日嘎苏木 (Sharga Sum),2026-06-14 10:00,19,4
L38175352,CN,CN-51,,29.5942132,105.0593125,西林公园 (Xilin Park),2025-07-21 16:00,2,0
L21433200,CN,CN-44,,22.9239067,112.9822223,西樵山国家森林公园 (Xiqiaoshan National Forest Park),2026-03-15 12:09,42,15
L38257794,CN,CN-52,,26.491462,108.1674802,西江千户苗寨 (Xijiang Miao Village),2026-09-03 16:36,18,9
L19509532,CN,CN-31,,31.7378605,121.2527886,西沙明珠湖 (Xisha Mingzhu Lake),2026-04-25 09:45,135,40
L21369137,CN,CN-44,,22.602499,113.9617002,西沥水库 (Xili Reservoir),2026-09-06 14:41,44,12
L28857861,CN,CN-12,,39.1753731,117.1716528,西沽公园 (Xigu Park),2026-06-05 13:08,43,18
L22541331,CN,CN-34,,31.5943209,117.2773008,西泊圩 (Xibowei Wetlands),2026-09-15 16:10,168,72
L38650475,CN,CN-21,,42.7319893,123.2927033,西泡子水库 (Xipaozi Reservoir),2026-04-05 11:30,107,10
L13240449,CN,CN-41,,34.77055,113.5863496,西流湖公园北区 (Xiliuhu Park North),2026-08-10 09:12,93,27
L38815695,CN,CN-41,,34.7540755,113.5720562,西流湖公园南区 (Xiliuhu Park South),2026-09-26 07:28,107,41
L39622370,CN,CN-63,,37.3812715,97.3752494,西海公园 (Xihai Park),2025-12-28 16:12,15,1
L38450907,CN,CN-11,,39.9137014,116.6621871,西海子公园 (Xihaizi Park),2026-07-25 13:25,26,10
L35896031,CN,CN-33,,30.3348031,120.028204,西湖大学 (Westlake University),2026-06-17 05:09,52,7
L12343733,CN,CN-33,,30.2764456,120.1630083,西湖文化广场 (West Lake Cultural Square),2026-09-07 08:25,100,164
L39938274,CN,CN-32,,31.3736205,120.7070065,西湖湾生态体育公园 (West Lake Bay Sports Park),2026-03-14 15:23,44,3
L11336855,CN,CN-44,,22.5927834,113.8302235,西湾红树林公园 (Xiwan Mangrove Park),2026-09-26 15:49,105,63
L9541530,CN,CN-34,,29.8395661,118.2830688,西溪南 (Xixinan),2026-09-23 10:00,137,93
L1509300,CN,CN-33,,30.265,120.06663,西溪国家湿地公园 (Xixi National Wetland Park),2026-09-25 14:33,250,1193
L72982577,CN,CN-33,,30.2716551,120.0658595,西溪国家湿地公园--中区 (Xixi National Wetland Park--Central Area),2026-09-20 09:50,56,6
L72982180,CN,CN-33,,30.265311,120.080205,西溪国家湿地公园--莲花滩 (Xixi National Wetland Park--Lianhuatan),2026-09-25 14:33,163,102
L72981982,CN,CN-33,,30.2602095,120.0501954,西溪国家湿地公园--西区 (Xixi National Wetland Park--West Zone),2026-08-16 16:56,65,9
L39795069,CN,CN-35,,24.5468842,118.2223541,西滨滩涂 (Xibin Mudflats),2025-03-16 08:32,51,4
L38895690,CN,CN-37,,37.5523218,121.359252,西炮台公园 (West Battery Park)
L4508939,CN,CN-21,,40.6641,122.1705,西炮台湿地公园 (West Battery Wetland Park),2026-09-18 12:29,77,26
L38501961,CN,CN-43,,26.2574248,111.6155249,西瓜岭森林公园 (Xigualing Forest Park),2025-01-18 15:28,1,1
L3821968,CN,CN-65,,43.4122181,87.1475458,西白杨沟 (West Aspen Valley),2026-09-27 12:39,140,172
L56164528,CN,CN-46,,20.020482,110.189945,西秀公园 (Xixiu Park),2025-12-21 10:34,24,1
L22618735,CN,CN-33,,28.9507844,120.0839099,西竹园村-酥溪 (Xizhuyuan Village--Suxi River),2026-08-17 09:50,136,49
L38019291,CN,CN-15,,39.5076937,109.7777637,西红海子 (West Honghaizi Lake)
L38843138,CN,CN-37,,35.3993718,117.0443418,西苇水库 (Xiwei Reservoir)
L38765489,CN,CN-41,,34.6263203,112.4176305,西苑桥 (Xiyuan Bridge),2026-09-08 08:17,2,0
L37699667,CN,CN-33,,30.793942,119.783357,西苕溪梅溪段 (West Tiaoxi River - Meixi Section),2026-08-30 08:50,54,5
L28190020,CN,CN-54,,29.3495281,95.3429551,西莫河大桥 (Ximo River Bridge),2026-02-11 14:30,82,9
L35840151,CN,CN-31,,31.1405349,121.0445217,西西洋淀 (West Xiyangdian),2026-05-23 15:15,65,16
L28207110,CN,CN-12,,38.9203016,117.1898889,西西海湿地 (Xixihai Wetlands),2026-08-01 13:20,180,189
L41415230,CN,CN-12,,38.957505,117.148242,西西海湿地二期 (Xixihai Wetlands Area II),2025-10-14 08:34,72,5
L36281251,CN,CN-34,,29.9045487,117.9915703,西递 (Xidi),2026-08-01 10:42,20,2
L5621637,CN,CN-31,,31.2007637,121.3809565,西郊宾馆 (Xijiao State Guest Hotel),2026-06-13 12:00,80,13
L15302674,CN,CN-11,,39.920466,116.2193285,西郊雨洪调蓄工程,2026-09-12 11:45,105,99
L75276336,CN,CN-44,,23.7037409,116.6934415,西都村,2026-08-09 07:00,14,2
L38841796,CN,CN-37,,37.4595975,116.2552841,西陈沟湿地公园 (Xichen'gou Wetland Park)
L31202326,CN,CN-12,,38.9982415,117.1486759,西青郊野公园 (Xiqing Country Park),2026-04-20 09:49,72,15
L39842840,CN,CN-32,,33.3587929,118.8577668,西顺河湿地 (Xishunhe Wetlands)
L36839928,CN,CN-52,,26.6320443,106.6355181,观山湖公园 (Guanshanhu Park),2026-09-17 07:25,112,42
L22179490,CN,CN-33,,30.2424634,121.4917041,观海卫海滨 (Guanhaiwei Coast),2026-09-13 13:00,162,90
L37352981,CN,CN-44,,22.6825214,114.0447163,观澜河湿地公园 (Guanlan River Wetland Park),2026-02-06 08:24,25,4
L36885041,CN,CN-37,,36.0704087,120.3261816,观象山公园 (Guanxiangshan Park),2024-12-15 15:24,7,2
L38084542,CN,CN-11,,39.891958,116.5054,观音堂城市森林公园 (Guanyintang Urban Forest Park),2026-09-26 16:40,35,14
L38006451,CN,CN-51,,27.8488228,102.269003,观鸟岛湿地公园 (Birdwatching Wetland Park),2026-08-12 10:23,95,10
L11255615,CN,CN-33,,28.2678379,119.6948266,规溪村 (Guixi Village),2026-05-14 00:00,46,0
L3678435,CN,CN-13,,40.0372094,119.741621,角山长城 (Jiaoshan Great Wall),2025-05-08 11:49,129,35
L16531948,CN,CN-44,,23.2021639,114.4474554,角洞水库 (Jiaodong Reservoir),2024-02-01 00:00,38,1
L25157925,CN,CN-65,,44.276012,80.89777,解忧公主薰衣草农场 (Jieyou Gongzhu Lavender Farm),2026-08-02 20:00,22,5
L12493031,CN,CN-42,,30.6098815,114.2940072,解放公园 (Jiefang Park),2026-09-16 13:04,100,91
L21570550,CN,CN-34,,32.52724,117.63885,解放水库 (Jiefang Reservoir),2022-11-19 10:18,16,1
L7055039,CN,CN-22,,42.6705075,130.4182761,解放沟 (Jiefang Valley),2026-03-08 08:11,76,23
L29579526,CN,CN-32,,31.8860739,118.903265,解溪西河 (Jiexi West River),2024-03-26 12:00,48,10
L18369223,CN,CN-45,,25.2702476,110.3001774,訾洲公园 (Zizhou Park),2026-02-13 17:14,48,7
L5787554,CN,CN-32,,31.8188626,121.1588232,謇公湖植物园 (Jiangong Lake Botanical Garden),2023-01-21 17:04,37,5
L39866143,CN,CN-32,,31.836437,121.1514848,謇公湖生态公园 (Jiangong Lake Eco-Park),2026-05-05 11:59,13,1
L17973999,CN,CN-37,,36.0751274,119.4273862,诸城潍河国家湿地公园 (Zhucheng Weihe National Wetland Park),2026-05-04 15:21,52,3
L22386013,CN,CN-33,,29.7221425,120.0412739,诸暨五泄风景区 (Zhuji Wuxie Scenic Area),2026-07-19 07:00,82,26
L28857870,CN,CN-33,,29.8911961,120.3727126,诸暨白塔湖国家湿地公园 (Zhuji Baita Lake NWP),2025-12-28 09:10,34,1
L5897217,CN,CN-63,,36.5313417,96.202195,诺木洪 (Nuomuhong),2018-03-18 00:00,65,1
L19898460,CN,CN-51,,30.808482,104.0779281,诺贝尔公园 (Nobel Park),2018-01-11 14:26,58,46
L18971621,CN,CN-44,,22.6198906,114.2474496,谭仙庙-园山顶 (Yuanshan Summit Trail),2024-02-10 13:58,32,3
L58791707,CN,CN-42,,30.3723582,114.318839,谭鑫培公园 (Tan Xinpei Memorial Park),2026-02-18 14:10,18,1
L67714857,CN,CN-42,,32.2540542,111.6898123,谷城县共生林场,2026-06-20 16:50,38,2
L38537473,CN,CN-43,,28.2581935,112.9038492,谷山森林公园 (Gushan Forest Park),2026-05-29 21:00,68,7
L8331159,CN,CN-36,,28.9527402,115.9664257,"象山森林公园 (Xiangshan Forest Park, Nanchang)",2018-12-30 09:09,24,4
L30907718,CN,CN-36,,28.6243857,115.8937979,象湖北湿地公园 (Xianghu North Wetland Park),2026-05-30 09:00,64,6
L36839757,CN,CN-36,,28.606886,115.8898896,象湖南湿地公园 (Xianghu South Wetland Park),2024-12-23 09:40,45,2
L38552706,CN,CN-36,,28.6141376,115.8922005,象湖湿地花卉园 (Xianghu Wetland Flower Garden),2026-08-20 06:30,40,4
L13026461,CN,CN-41,,34.779573,113.876191,象湖生态湿地公园 (Xianghu Wetland Park),2025-07-10 07:29,73,16
L36839856,CN,CN-45,,25.266866,110.2960644,象鼻山 (Elephant Trunk Hill),2026-06-07 09:40,20,4
L39981010,CN,CN-44,,20.8907964,109.676997,豪郎村 (Haolang Ponds),2021-10-03 00:00,19,1
L2090848,CN,CN-31,,31.2272431,121.4920843,豫园 (Yuyuan Garden),2026-09-08 13:52,41,60
L38525942,CN,CN-33,,28.0048662,119.0774322,豫章溪大桥 (Yuzhang River Bridge),2025-06-02 10:40,10,1
L76490819,CN,CN-14,,37.41365,113.28309,"豹乡田猫盟基地 (Leopard's Field, CFCA)",2026-09-03 09:00,36,4
L43894129,CN,CN-44,,23.0735022,113.3983689,贝岗湿地公园 (Beigang Wetland Park),2026-09-27 16:27,36,10
L7376064,CN,CN-32,,31.4563976,120.3398255,贡湖湾湿地公园 (Gonghuwan Wetland Park),2026-02-21 10:03,169,130
L37666386,CN,CN-54,,29.2788662,88.8950795,贡觉林卡 (Gonjolinka),2026-08-08 16:29,43,8
L41119918,CN,CN-33,,30.7046343,120.7745101,贯泾港湿地公园 (Guantinggang Wetland Park),2024-01-04 00:00,1,0
L38257992,CN,CN-52,,26.6282742,106.7254118,贵州省植物园 (Guizhou Botanical Garden),2026-07-20 07:30,69,6
L6476984,CN,CN-63,,36.059822,101.4542428,贵德黄河大桥 (Guide Yellow River Bridge),2025-08-28 13:49,51,11
L48121639,CN,CN-62,,34.606116,104.4736464,贵清山 (Guiqing Mountain),2025-07-07 00:00,54,5
L38425991,CN,CN-45,,23.0933582,109.6179053,"贵港东湖 (East Lake, Guigang)"
L38425980,CN,CN-45,,23.0703592,109.5623826,贵港园博园 (Guigang Garden Expo Park),2025-10-31 16:26,6,0
L38426001,CN,CN-45,,23.1172765,109.5988721,"贵港民族文化公园 (Ethnic Culture Park, Guigang)",2025-10-13 12:00,2,0
L38257988,CN,CN-52,,26.5515486,106.754628,贵阳森林公园 (Guiyang Forest Park),2026-09-02 07:55,106,13
L23308017,CN,CN-52,,26.6183062,106.6521558,"贵阳白鹭湖 (Bailu Lake, Guiyang)",2026-05-16 14:48,50,12
L38258006,CN,CN-52,,26.5330186,106.7010982,贵阳药用植物园 (Guiyang Medicinal Plant Garden),2026-08-28 11:06,33,3
L6360954,CN,CN-52,,26.5406949,106.8002093,贵阳龙洞堡国际机场 (Guiyang Longdongbao International Airport),2026-08-23 16:10,11,1
L27997783,CN,CN-37,,35.3990655,118.1647172,"费县大青山 (Daqing Mountain, Feixian)",2026-07-22 06:00,77,6
L36394181,CN,CN-15,,38.9786039,105.9069978,贺兰山北寺 (Helan Mountain North Temple)
L28392032,CN,CN-15,,38.6585875,105.7985456,贺兰山南寺 (Helan Mountain South Temple),2026-07-05 10:00,36,14
L6320225,CN,CN-64,,38.7393215,106.0223434,贺兰山岩画景区 (Helan Mountain Rock Art Scenic Area),2026-09-11 09:30,134,191
L12504055,CN,CN-45,,24.3843427,111.5921319,贺州园博园 (Hezhou Horti Expo Park),2020-01-20 10:00,4,1
L38451229,CN,CN-11,,40.0569976,116.3918784,贺新公园 (Hexin Park),2025-04-30 12:01,1,0
L6139437,CN,CN-65,,48.50002,87.14291,贾登峪 (Jiadengyu),2026-07-19 08:00,110,75
L38815428,CN,CN-41,,34.8688996,113.7319773,贾鲁河-索须河汇合段 (Jialu & Suoxu River Confluence),2026-09-26 07:36,54,7
L10890763,CN,CN-33,,30.6116585,119.4694691,赋石水库 (Fushi Reservoir),2025-12-17 00:00,129,54
L6146595,CN,CN-15,,40.6288713,109.9041796,赛汗塔拉生态园 (Saihantal Ecological Garden),2025-08-29 07:30,64,15
L7639541,CN,CN-65,,44.5416801,81.2929487,赛里木湖 (Sayram Lake),2026-09-23 19:05,113,57
L46672069,CN,CN-65,,44.5608332,81.0216431,赛里木湖--克勒涌珠 (Sayram Lake--Kele Yongzhu),2026-09-22 16:14,33,4
L25143118,CN,CN-65,,44.599052,81.373124,赛里木湖--月亮湾 (Sayram Lake--Moon Bay),2026-09-23 19:05,22,7
L46671994,CN,CN-65,,44.4997195,81.136804,赛里木湖--松树头 (Sayram Lake--Songshutou),2026-07-01 14:17,16,3
L6471491,CN,CN-62,,35.3111913,102.5010576,赛钦湖 (Serchen Lake),2026-07-28 09:10,73,21
L24064802,CN,CN-36,,25.8168434,114.9207835,赣州城市中央公园 (Ganzhou City Central Park),2025-11-01 14:14,33,7
L38474271,CN,CN-43,,28.9930127,111.6753046,赤塘湖 (Chitang Lake),2026-09-27 14:47,2,0
L63814304,CN,CN-32,,31.8563205,119.0609826,赤山 (Chishan Hill),2007-04-15 00:00,1,0
L19183286,CN,CN-33,,29.0757655,119.6810752,赤山公园 (Chishan Park),2024-12-01 10:03,55,4
L37820743,CN,CN-32,,31.8434683,119.1114506,赤山湖国家湿地公园 (Chishan Lake Wetland Park),2026-05-31 13:00,87,5
L63823935,CN,CN-35,,27.2756916,120.1916704,赤屿（Chiyu Islet）,2025-06-28 14:00,47,3
L24658565,CN,CN-52,,28.429681,106.01803,赤水桫椤国家级自然保护区 (Chishui Alsophila NNR),2026-05-24 07:30,78,4
L26550857,CN,CN-44,,22.4748494,113.8998985,赤湾山 (Chiwan Hill),2026-07-12 11:31,33,13
L19033069,CN,CN-44,,20.7950737,109.7309328,赤豆寮 (Chidouliao),2020-01-09 10:00,25,1
L39655009,CN,CN-35,,26.7282548,119.5651699,赤鉴湖公园 (Chijianhu Park)
L38650884,CN,CN-34,,31.3417261,118.3772039,赭山公园 (Zheshan Park),2025-04-05 13:00,7,1
L14411180,CN,CN-51,,30.943296,103.556904,赵公山 (Zhaogong Mountain),2026-06-28 09:00,94,16
L38786302,CN,CN-37,,35.2543927,115.4955763,赵王河公园 (Zhaowanghe Park)
L38113686,CN,CN-13,,36.6241446,114.4724593,赵苑公园 (Zhaoyuan Park),2025-08-06 18:00,6,1
L53792267,CN,CN-33,,30.4344474,120.2188473,超山风景区 (Chaoshan Scenic Area),2026-06-28 06:00,114,31
L5814509,CN,CN-44,,23.14149,113.26555,越秀公园 (Yuexiu Park),2026-09-28 07:41,149,308
L39324500,CN,CN-44,,20.6157664,109.9325537,足荣古树公园 (Zurong Forest Park),2025-01-09 15:15,17,3
L29882707,CN,CN-37,,36.6620007,117.0164882,趵突泉公园 (Baotu Spring Park),2026-09-07 17:00,21,6
L69766317,CN,CN-65,,44.1084928,80.5182065,跃进一水库 (Yuejin 1st Reservoir),2026-09-22 16:00,57,1
L70942709,CN,CN-65,,43.9408989,80.5783744,跃进三水库 (Yuejin 3rd Reservoir),2026-06-21 17:00,18,1
L74059943,CN,CN-37,,35.8936081,118.5567062,跋山水库 (Bashan Reservoir),2026-07-15 05:30,13,1
L38182539,CN,CN-51,,30.0460768,101.9698069,跑马山公园 (Paomashan Park),2025-08-07 07:00,7,0
L38527520,CN,CN-43,,28.7748262,112.4430147,车便湖 (Chebian Lake)
L4285292,CN,CN-44,,24.7250746,114.1713799,车八岭国家级自然保护区 (Chebaling NNR),2026-08-22 08:45,146,29
L70594170,CN,CN-34,,30.82531,117.1206249,车富岛 (Chefu island),2024-12-01 10:27,1,0
L35076510,CN,CN-34,,31.3606803,116.8457762,转水湾 (Zhuanshuiwan),2026-05-01 10:19,108,19
L12376193,CN,CN-53,,26.078371,102.839391,轿子雪山 (Jiaozi Snow Mountain),2026-08-03 09:00,122,16
L38027085,CN,CN-15,,48.9271604,119.6892634,辉河湿地水坝 (Huihe Wetland at Dam),2026-09-09 15:00,140,30
L70184301,CN,CN-15,,48.8204097,119.2307163,辉河湿地锡勃桥 (Huihe Wetland at Sibege Bridge),2026-07-02 10:33,67,4
L17648126,CN,CN-11,,40.5864877,117.1384109,辛庄桥 (Xinzhuang Bridge),2026-03-31 06:22,179,110
L14273614,CN,CN-12,,39.0229205,117.1514151,边村湿地 (Biancun Wetlands),2026-09-27 07:29,244,579
L39614848,CN,CN-63,,38.5722275,99.484592,边麻沟 (Bianma Valley),2026-08-20 16:33,28,3
L65133755,CN,CN-21,,41.46676,123.69166,辽宁中医药大学本溪校区  (Liaoning University of Traditional Chinese Medicine - Benxi Campus),2024-11-30 08:30,24,2
L23029869,CN,CN-21,,41.832496,123.403841,辽宁大学崇山校区 (Liaoning University - Chongshan Campus),2025-09-04 15:35,30,15
L7879806,CN,CN-21,,38.8192916,121.1578807,辽宁对外经贸学院 (Liaoning University of International Business and Economics),2019-06-18 05:30,134,162
L26586799,CN,CN-21,,42.1540684,123.4317049,辽河七星湿地公园 (Liaohe Qixing Wetland Park),2026-07-24 11:00,45,5
L38037966,CN,CN-22,,42.8976866,125.1547145,"辽源龙山公园 (Longshan Park, Liaoyuan)",2026-06-28 10:00,3,2
L35350447,CN,CN-51,,32.2388203,102.7841056,达古冰川风景区 (Dagu Glacier Scenic Area),2026-02-28 11:00,3,2
L39614630,CN,CN-63,,37.3788026,101.414516,达坂山观景台 (Daban Mountain View),2025-08-16 15:26,45,12
L7516686,CN,CN-62,,35.2422073,102.7168458,达尔宗湖 (Darzong Lake),2019-10-25 13:16,37,6
L38175288,CN,CN-51,,31.2267115,107.5010495,"达州凤凰山风景区 (Fenghuangshan Scenic Area, Dazhou)"
L25494947,CN,CN-15,,43.3763289,116.9578056,达来诺日 (Dalai Nur),2026-06-27 15:15,80,5
L38113667,CN,CN-13,,37.0887775,114.4794718,达活泉公园 (Dahuoquan Park),2026-02-13 16:30,16,2
L16483206,CN,CN-33,,30.0603427,121.5128716,达蓬山 (Dapeng Mountain),2025-12-07 00:00,53,5
L38058655,CN,CN-15,,43.2440009,116.7105781,达里诺尔湖--东南岸 (Lake Dalnur--SE Shore),2026-08-11 06:30,31,5
L22257430,CN,CN-15,,43.3826092,116.6697548,达里诺尔湖--北岸 (Lake Dalnur--North Shore),2026-08-24 09:14,138,24
L22101962,CN,CN-46,,19.4787854,110.8051518,迈榜村滩涂 (Maibang Mudflats),2023-01-07 09:15,30,1
L23838358,CN,CN-46,,20.0359309,110.4412242,迈雅河湿地公园 (Maiyahe Wetland Park),2025-11-16 11:15,50,7
L38527963,CN,CN-43,,27.561327,109.9849744,迎丰公园 (Yingfeng Park)
L13373604,CN,CN-14,,37.8533902,112.5597319,迎泽公园 (Yingze Park),2026-09-21 14:42,66,37
L11353184,CN,CN-14,,34.9919228,111.0186099,运城盐湖 (Yuncheng Salt Lake),2026-08-16 12:20,135,43
L39842206,CN,CN-32,,32.3561484,119.4299844,运河三湾景区 (Grand Canal Sanwan Scenic Area),2026-02-22 15:26,47,4
L53550897,CN,CN-32,,31.2981439,120.5736637,运河体育公园 (Canal Sports Park),2026-04-15 09:41,17,1
L39573280,CN,CN-42,,30.3127059,112.6888683,返湾湖 (Fanwan Lake),2026-02-14 00:00,16,1
L39714003,CN,CN-42,,31.050504,111.6128544,"远安鸣凤山 (Mingfeng Mountain, Yuan'an)"
L17614100,CN,CN-31,,31.3496661,121.2681313,远香湖 (Yuanxiang Lake),2026-08-02 07:30,43,9
L22347307,CN,CN-32,,34.764114,119.448164,连岛 (Liandao Island),2025-01-20 06:57,27,4
L71593207,CN,CN-33,,30.01271,120.60656,迪荡湖公园 (Didang Lake Park),2026-04-24 19:00,12,3
L61917123,CN,CN-42,,31.7520542,110.6712689,送郎山体育公园 (Songlangshan Sports Park),2026-04-04 16:52,13,1
L38671342,CN,CN-34,,31.8680753,117.2962715,逍遥津公园 (Xiaoyaojin Park),2026-09-24 11:40,28,6
L39792448,CN,CN-36,,25.9206678,114.9060043,通天岩风景区 (Tongtianyan Scenic Area),2026-04-19 09:54,30,4
L9699338,CN,CN-11,,39.9082876,116.6817449,通州运河公园 (Tongzhou Canal Park),2026-05-16 13:00,51,8
L8709744,CN,CN-11,,39.7772665,116.576548,通明湖公园 (Tongming Lake Park),2026-08-10 19:32,138,70
L50321573,CN,CN-22,,44.849604,123.12285,通榆湿地 (Tongyu Wetlands),2025-07-23 11:05,30,1
L22328824,CN,CN-33,,29.4426079,119.8253227,通济湖风景区 (Tongji Lake Scenic Area),2026-05-04 14:00,94,6
L51236114,CN,CN-62,,35.210927,105.222276,通渭温泉湿地公园 (Tongwei Wenquan Wetland Park),2026-07-04 09:11,53,14
L45427065,CN,CN-53,,24.8262257,103.990936,通玄公园 (Tongxuan Park),2025-01-12 17:10,21,4
L8659746,CN,CN-15,,43.5956402,122.2884676,通辽森林公园 (Tongliao Forest Park),2024-09-08 15:52,20,1
L38019205,CN,CN-15,,43.6435959,122.2494285,"通辽辽河公园 (Liaohe Park, Tongliao)",2025-11-13 09:17,1,1
L57056599,CN,CN-14,,36.6547992,112.0389988,造峪 (Zaoyu),2026-04-06 06:47,22,9
L39794640,CN,CN-35,,24.83542,118.1850319,造水村 (Zaoshui Village),2022-05-21 11:11,58,5
L21539575,CN,CN-44,,22.5291976,113.3719401,逸仙湖公园 (Yat-sen Lake Park),2026-03-22 14:30,32,7
L14906418,CN,CN-33,,28.471607,119.0268107,遂昌千佛山景区 (Qianfo Mountain Scenic Area),2026-02-28 08:37,81,37
L16287582,CN,CN-33,,29.545297,121.9844017,道人山 (Daorenshan Coast),2026-07-12 00:00,183,65
L51939495,CN,CN-33,,30.0595395,120.7740198,道墟--称山 (Daoxu--Chenshan Hill),2026-08-27 06:15,55,6
L17974083,CN,CN-42,,30.8692296,115.0005058,道观河水库 (Daoguanhe Reservoir),2026-02-24 08:13,151,27
L39576699,CN,CN-42,,30.4355826,114.9191747,遗爱湖东区 (Yi'ai Lake East)
L39576694,CN,CN-42,,30.4424518,114.9011673,遗爱湖西区 (Yi'ai Lake West),2026-07-21 19:01,38,4
L37398492,CN,CN-12,,39.1368945,117.7886026,遗鸥公园 (Yi'ou Park),2026-08-25 17:00,94,29
L60337220,CN,CN-62,,34.76083,104.2302,遮阳山 (Zheyang Mountain),2026-02-25 00:00,14,1
L61903053,CN,CN-62,,34.7389064,104.2238394,遮阳山--牛鞍坪 (Zheyang Mountain--Niu'anping [Summit]）,2026-05-23 15:42,7,2
L61895434,CN,CN-62,,34.716655,104.183466,遮阳山--王家沟 (Zheyang Mountain--Wangjiagou),2026-05-23 16:29,13,2
L37407550,CN,CN-52,,27.6989628,106.9267833,"遵义凤凰山公园 (Fenghuangshan Park, Zunyi)",2026-09-27 08:00,42,12
L37407146,CN,CN-52,,27.6910023,106.9228834,遵义纪念公园 (Zunyi Memorial Park),2026-09-26 17:10,33,5
L10281816,CN,CN-51,,30.8532614,102.9688685,邓生沟 (Dengsheng Valley),2025-08-21 08:11,128,36
L38243120,CN,CN-51,,30.2584717,103.1061691,"邛崃天台山 (Tiantai Mountain, Qionglai)",2016-01-30 10:00,21,1
L4811712,CN,CN-51,,27.8602113,102.2691751,邛海湿地公园 (Qionghai Wetland Park),2026-08-12 07:33,165,45
L33532616,CN,CN-51,,32.816031,102.560449,邛溪湿地公园 (Qiongxi Wetland Park),2026-06-20 09:00,62,12
L50753561,CN,CN-13,,37.1881492,114.3317978,"邢台八一水库湿地 (Bayi Reservoir Wetlands, Xingtai)",2025-05-20 08:00,10,1
L60907482,CN,CN-45,,23.412709,105.843948,"那坡人民公园 (People's Park, Napo)",2026-03-23 17:30,21,1
L22834836,CN,CN-46,,19.9329321,110.3989475,那央湿地 (Nayang Wetlands),2026-04-26 09:18,87,22
L25264361,CN,CN-65,,43.516717,82.705485,那拉提国家湿地公园 (Narat National Wetland Park),2026-09-11 07:48,161,102
L47371437,CN,CN-65,,43.3043103,84.0920631,那拉提草原景区--乌孙古迹 (Narat Grassland--Wusun Relics)
L47370220,CN,CN-65,,43.3006862,84.1247958,那拉提草原景区--依提根塞 (Narat Grassland--Itigen Say)
L27366315,CN,CN-65,,43.2659283,84.0182067,那拉提草原景区--天界台 (Narat Grassland--Tianjie Tai),2026-09-20 15:40,43,7
L47370394,CN,CN-65,,43.2805806,84.2222104,那拉提草原景区--天鹰台 (Narat Grassland--Tianying Tai),2026-05-28 16:51,6,2
L47370919,CN,CN-65,,43.2520576,84.2516048,那拉提草原景区--沃尔塔交塔 (Narat Grassland--Orta Jiaota),2026-07-26 17:00,7,1
L46856478,CN,CN-65,,43.204937,83.939414,那拉提草原景区--游牧人家 (Narat Grassland--Nomads Camp),2026-09-23 18:51,25,8
L47369950,CN,CN-65,,43.276401,84.1193591,那拉提草原景区--盘龙谷西段 (Narat Grassland--Panlong Valley West),2026-05-29 16:27,15,2
L47369576,CN,CN-65,,43.1652357,83.9275823,那拉提草原景区--雪莲谷 (Narat Grassland--Saussurea Valley),2026-09-08 00:00,15,0
L59122017,CN,CN-53,,22.9096614,101.0352302,那柯里茶马驿站溪流区域,2026-08-12 09:31,25,2
L16879801,CN,CN-45,,23.860554,106.686565,那荷水库 (Nahe Reservoir),2023-06-25 11:35,145,66
L3124991,CN,CN-53,,24.7389059,97.5659024,那邦 (Nabang [General Area]),2026-08-23 07:10,464,824
L39300080,CN,CN-53,,24.761009,97.566667,那邦--上田坝 (Nabang--Shangtianba),2026-08-22 19:20,13,1
L39285185,CN,CN-53,,24.7128883,97.5731064,那邦--勐乃河桥 (Nabang--Mong Lai River Bridge),2026-08-03 08:00,67,15
L3820293,CN,CN-53,,24.7601598,97.5882912,那邦--昔马古道 (Nabang--Xima Historic Trail),2026-02-10 09:07,292,110
L62858023,CN,CN-53,,24.7515697,97.5601402,那邦--镇区 (Nabang--town area),2025-02-10 09:18,1,0
L2510971,CN,CN-53,,24.7309842,97.5559472,那邦田 (Nabang Fields),2026-08-23 07:10,337,429
L3502449,CN,CN-45,,22.9061432,106.4690208,邦亮长臂猿国家级自然保护区 (Bangliang Gibbon NNR),2024-04-03 13:24,137,9
L37988889,CN,CN-65,,39.6785988,77.9638813,邦克尔水库 (Bangker Reservoir)
L17606954,CN,CN-46,,19.3863828,109.0629587,邦溪坡鹿省级自然保护区 (Bangxi Eld's Deer PNR),2023-09-23 15:52,27,6
L38319914,CN,CN-13,,36.5561517,114.4841966,"邯郸南湖公园 (Nanhu Park, Handan)",2026-02-17 15:00,27,3
L38474006,CN,CN-43,,27.2320245,111.4678066,"邵阳城南公园 (Chengnan Park, Shaoyang)"
L8285159,CN,CN-51,,34.0826872,102.6258478,郎木寺--格尔底寺及纳摩大峡谷 (Langmusi--Kirti Monastery & Lhamo Gorge),2026-09-01 16:40,138,51
L33570675,CN,CN-62,,34.102158,102.62614,郎木寺--赛赤寺及天葬台 (Langmusi--Sertri Monastery & Sky Burial Site),2026-07-20 15:00,51,6
L39459645,CN,CN-37,,36.6195914,116.9875041,郎茂山公园 (Langmaoshan Park)
L38815618,CN,CN-41,,34.7745501,113.7154809,郑州之林 (Zhengzhou Woods),2026-09-27 07:13,40,3
L36885192,CN,CN-41,,34.7613149,113.6629606,"郑州人民公园 (People's Park, Zhengzhou)",2026-05-03 17:00,17,4
L38766135,CN,CN-41,,34.4587094,113.8755827,郑州园博园 (Zhengzhou Garden Expo Park)
L38814301,CN,CN-41,,34.8172493,113.5347114,郑州大学 (Zhengzhou University)
L1091982,CN,CN-41,,34.7427866,113.6350624,郑州大学南校区 (Zhengzhou University -  South Campus),2026-08-16 11:56,23,2
L25492743,CN,CN-41,,34.526501,113.859029,郑州新郑国际机场 (Zhengzhou Xinzheng International Airport),2023-06-26 15:26,1,0
L38814229,CN,CN-41,,34.6739775,113.5597925,郑州树木园 (Zhengzhou Arboretum),2026-07-23 06:08,47,3
L36885120,CN,CN-41,,34.8144826,113.7102849,郑州森林公园 (Zhengzhou Forest Park),2026-06-06 14:58,43,3
L38815769,CN,CN-41,,34.73463,113.5367962,郑州植物园 (Zhengzhou Botanical Garden),2026-09-26 16:37,15,2
L38815796,CN,CN-41,,34.7191361,113.7303721,"郑州滨河公园 (Binhe Park, Zhengzhou)"
L39745979,CN,CN-35,,24.9022204,118.6233906,郑成功公园 (Koxinga Memorial Park),2026-05-17 11:15,12,1
L40023495,CN,CN-33,,29.0748544,119.5210003,郭力垄水库 (Guolilong Reservoir),2026-01-11 08:53,54,13
L56591999,CN,CN-14,,37.4366102,112.8509656,郭堡水库 (Guopu Reservoir),2026-05-24 15:00,36,3
L32490278,CN,CN-12,,40.1846306,117.4838546,郭家沟村 (Guojiagou),2026-06-20 11:39,39,4
L37818878,CN,CN-33,,29.8368215,122.0427654,郭巨海滨湿地 (Guoju Coastal Wetland),2026-02-02 12:41,31,5
L38474144,CN,CN-43,,25.8002218,113.0266139,"郴州北湖公园 (North Lake, Chenzhou)"
L11642063,CN,CN-63,,36.2874145,98.0866568,都兰县城西南树林 (Woods SW of Dulan),2025-08-12 15:21,55,10
L1796596,CN,CN-51,,31.0003188,103.6078799,都江堰景区 (Dujiangyan Scenic Area),2026-09-20 14:58,229,234
L37792359,CN,CN-51,,30.7717117,103.4407472,都统岩 (Dutongyan),2026-09-27 08:55,169,68
L38019317,CN,CN-15,,39.8199765,109.8883906,鄂尔多斯植物园 (Ordos Botanical Garden)
L52727339,CN,CN-15,,39.8118162,108.6281776,鄂尔多斯草原旅游区 (Ordos Grassland Scenic Area),2026-07-26 19:00,8,4
L15928559,CN,CN-15,,39.8065063,109.3354942,鄂尔多斯遗鸥国家级自然保护区 (Ordos Relict Gull NNR),2015-08-12 10:00,26,1
L38019320,CN,CN-15,,39.8375911,109.8912296,鄂尔多斯野生动物园 (Ordos Zoo)
L38896847,CN,CN-42,,30.4064473,114.8690537,鄂州西山 (E'zhou Xi Shan),2026-09-12 13:42,10,2
L38019349,CN,CN-15,,38.2364277,107.4897557,鄂托克前旗中水湖 (Reclaimed Water Reservoir of Otog Front Banner)
L6125016,CN,CN-63,,35.5097863,99.4871517,鄂拉山口 (E'La Mountain Pass),2026-08-28 10:20,132,247
L5906836,CN,CN-63,,34.9568011,97.6027283,鄂陵湖 (Ngoring Lake),2025-08-24 08:13,44,7
L55468010,CN,CN-33,,29.8092388,121.5647077,"鄞州--院士公园 (Academician Park, Yinzhou)",2025-11-26 15:45,6,1
L15134067,CN,CN-33,,29.8115245,121.5436644,鄞州公园 (Yinzhou Park),2026-09-28 07:00,157,272
L38527259,CN,CN-43,,26.878031,112.6624347,酃湖公园 (Linghu Park)
L39962395,CN,CN-44,,23.3283387,114.0100041,酥醪村 (Sulao Village)
L39904472,CN,CN-32,,31.490864,120.0684145,酱缸山 (Jianggang Mountain),2025-10-04 08:04,23,2
L22326845,CN,CN-43,,29.5125178,112.8037177,采桑湖湿地 (Caisang Lake Wetlands),2026-02-14 07:31,128,14
L38650859,CN,CN-34,,31.6494747,118.4622551,采石矶风景区 (Caishiji Scenic Area),2026-07-14 15:23,17,2
L4288023,CN,CN-44,,21.8249309,111.4296484,里坪村 (Liping Village),2016-03-02 07:00,40,4
L35724539,CN,CN-32,,31.4066841,120.7801728,重元寺 (Chongyuan Temple),2026-07-11 10:50,106,39
L16496929,CN,CN-50,,29.9698156,106.4075645,"重庆人文科技学院 (Chongqing College of Humanities, Science & Technology)",2021-09-29 08:03,24,2
L76129125,CN,CN-50,,29.5583806,106.5776225,"重庆人民公园 (People's Park, Chongqing)",2026-08-24 06:19,8,1
L36914725,CN,CN-50,,29.5036721,106.5065118,重庆动物园 (Chongqing Zoo),2026-09-15 16:13,41,12
L12498925,CN,CN-50,,29.5550918,106.6307259,重庆南山植物园 (Chongqing Nanshan Botanical Garden),2026-05-20 10:00,76,20
L38163011,CN,CN-50,,29.6781855,106.5520402,重庆园博园 (Chongqing Garden Expo Park),2026-06-26 10:00,51,13
L54326501,CN,CN-50,,29.5933521,106.3011,重庆大学虎溪校区 (Chongqing University - Huxi Campus),2026-07-04 14:18,37,6
L4740468,CN,CN-50,,29.5341052,106.600755,重庆邮电大学 (Chongqing University of Posts and Telecommunications),2026-06-19 11:35,22,3
L7440453,CN,CN-50,,29.5662452,106.6195199,重庆黄山风景区 (Chongqing Huangshan Scenic Area),2025-12-22 14:55,62,13
L12151946,CN,CN-63,,35.9021393,93.4189231,野牛沟 (Wild Yak Valley),2026-07-28 09:15,57,74
L8044775,CN,CN-44,,22.2787814,113.5899951,野狸岛 (Yeli Island),2026-05-02 06:05,64,30
L38060584,CN,CN-64,,35.5141644,106.2298955,野荷谷景区 (Yehegu Scenic Area)
L5779291,CN,CN-53,,22.1739604,100.8537192,野象谷 (Elephant Valley),2026-09-25 08:16,276,420
L992346,CN,CN-11,,40.4095749,115.8468175,野鸭湖 (Wild Duck Lake),2026-09-27 09:39,328,1093
L13385973,CN,CN-32,,31.5114775,121.0964477,金仓湖 (Jincang Lake),2026-06-05 11:47,44,6
L9616915,CN,CN-50,,29.0178995,107.1886422,金佛山风景区 (Jinfoshan Scenic Area),2026-09-07 08:03,175,101
L56344544,CN,CN-50,,29.028811,107.158767,金佛山风景区--西坡索道下站 (Jinfoshan Scenic Area--West Slope Cable Car Lower Station),2025-12-26 16:31,6,2
L56338319,CN,CN-50,,29.0486619,107.1271598,金佛山风景区--西门 (Jinfoshan Scenic Area--West Gate),2026-08-07 08:03,19,3
L39794483,CN,CN-35,,24.7505727,117.96501,金光湖生态旅游区 (Jinguanghu Scenic Area),2025-07-13 07:49,44,1
L28128181,CN,CN-32,,31.495879,120.311095,金匮公园 (Jinkui Park),2026-09-01 09:44,46,24
L29943916,CN,CN-33,,29.1933399,119.6579232,金华北山--赤松片区 (Jinhua North Mountains--Chisong Area),2025-07-24 17:02,60,11
L38686472,CN,CN-33,,29.246093,119.885374,金华服务区 (Jinhua Service Area),2024-12-18 12:34,3,1
L19426958,CN,CN-44,,23.2564491,113.5092646,金坑水库 (Jinkeng Reservoir),2025-10-30 15:54,52,11
L23723318,CN,CN-35,,26.791753,119.58478,金垂村 (Jinchui Village),2023-07-19 10:00,27,3
L38425447,CN,CN-45,,24.6908357,108.0588721,金城江公园 (Jinchengjiang Park),2026-06-21 16:20,7,1
L27801786,CN,CN-32,,31.5184401,120.2886407,金城湾公园 (Jinchengwan Park),2026-02-15 08:30,59,35
L38002828,CN,CN-62,,40.0326837,98.8279229,金塔沙漠胡杨林 (Jinta Poplar Forest),2023-09-07 17:00,3,1
L27649713,CN,CN-33,,30.0181017,121.8810134,金塘岛 (Jintang Island [General Area]),2026-07-02 18:20,133,13
L14213068,CN,CN-32,,31.37252,120.388108,金墅港 (Jinshu Harbor),2026-02-10 08:24,109,16
L5906806,CN,CN-63,,36.71904,97.880835,金子海 (Lake Jinzihai),2021-07-17 10:34,37,5
L57089813,CN,CN-42,,30.8094159,114.5174683,金家咀 (Jinjiazui),2026-02-20 10:37,52,3
L27834472,CN,CN-53,,23.9442474,101.4971864,金山丫口 (Jinshan Yakou),2026-09-10 07:46,104,18
L7849346,CN,CN-35,,26.0361629,119.2478959,金山公园 (Jinshan Park),2026-04-25 09:34,65,11
L60780429,CN,CN-31,,30.7292169,121.3636377,金山卫大草坪 (Jinshanwei Big Lawn),2026-09-22 07:36,36,8
L4611666,CN,CN-31,,30.7308385,121.3755879,金山嘴海滨 (Jinshanzui Coast),2026-09-21 06:42,140,83
L39939546,CN,CN-31,,30.7097366,121.3509263,金山城市沙滩 (Jinshan Urban Beach),2026-07-12 11:00,60,35
L39816738,CN,CN-44,,23.6843337,116.6540812,金山大桥湿地公园 (Jinshan Bridge Wetland Park),2025-01-26 09:48,22,0
L3638651,CN,CN-13,,40.6768301,117.2429663,金山岭长城 (Great Wall at Jinshanling),2026-09-04 13:54,107,37
L39964697,CN,CN-44,,21.876351,111.9948017,金山植物公园 (Jinshan Botanical Garden),2026-02-01 14:00,21,7
L35778426,CN,CN-32,,32.222616,119.4135537,金山湖公园 (Jinshan Lake Park),2026-07-13 14:53,57,7
L28472970,CN,CN-44,,22.981959,113.338001,金山湖文化公园 (Jinshan Lake Culture Park),2024-06-17 16:48,24,2
L38284928,CN,CN-62,,36.552477,104.1484875,金岭公园 (Jinling Park)
L38002836,CN,CN-62,,38.5145436,102.1811268,金川公园 (Jinchuan Park)
L8806185,CN,CN-21,,39.1043973,121.6770819,金州西海 (Jinzhou Xihai),2026-01-05 14:26,65,8
L40003359,CN,CN-31,,31.2572471,121.592935,金桥公园 (Jinqiao Park),2026-07-29 09:51,47,9
L20431025,CN,CN-53,,25.0823017,102.7696326,金殿公园 (Jindian Park),2026-08-02 08:30,148,114
L29662047,CN,CN-35,,26.1528064,119.0736079,金水湖 (Jinshui Lake),2026-02-03 00:00,26,5
L38002835,CN,CN-62,,38.512818,102.2388285,金水湖国家湿地公园 (Jinshui Lake Wetland Park),2025-04-26 08:12,39,4
L25652585,CN,CN-51,,30.7291834,103.9380455,金沙农田湿地 (Jinsha Farmland Wetland),2026-08-01 10:41,67,16
L53171155,CN,CN-33,,30.307068,120.319082,金沙湖公园 (Jinsha Lake Park),2026-01-17 14:17,25,5
L22524401,CN,CN-44,,22.5686557,114.4568024,金沙湾 (Jinshawan),2026-05-17 14:22,28,6
L17578643,CN,CN-46,,20.0248318,110.1578267,金沙湾湿地 (Jinshawan Wetlands),2026-08-18 17:23,45,3
L38552445,CN,CN-36,,28.6856182,118.2726717,金沙溪湿地公园 (Jinshaxi Wetland Park),2026-05-02 07:20,29,1
L39712466,CN,CN-37,,35.9643807,120.2533151,金沙滩 (Golden Beach),2025-12-14 16:19,1,0
L38242849,CN,CN-51,,30.6818376,104.0123088,金沙遗址公园 (Jinsha Archaeological Site),2025-11-15 11:01,17,5
L71772552,CN,CN-23,,45.7838105,126.4937343,金河湾湿地植物园 (Jinhewan Wetland Botanical Garden),2026-06-28 08:00,30,1
L38426009,CN,CN-45,,23.710498,109.2193188,金海公园 (Jinhai Park)
L23476760,CN,CN-32,,33.7704845,120.4408907,金海国家森林公园 (Jinhai Forest Park),2023-04-09 13:41,1,1
L36764907,CN,CN-31,,30.9315684,121.4993906,金海湖 (Jinhai Lake),2026-03-22 11:00,79,107
L27912768,CN,CN-45,,21.417804,109.2112461,金海湾红树林 (Jinhaiwan Mangroves),2026-01-28 17:14,29,2
L37988649,CN,CN-65,,38.0271877,76.9623139,金湖杨国家森林公园 (Golden Poplar Forest Park)
L26835266,CN,CN-35,,26.089927,119.264621,金牛山公园 (Jinniushan Park),2026-09-25 08:30,113,62
L3480488,CN,CN-46,,20.0112356,110.3146307,金牛岭公园 (Jinniuling Park),2026-09-18 08:49,96,54
L26493477,CN,CN-42,,31.4758079,110.3121183,金猴岭原始森林 (Jinhouling Primtive Forest),2026-08-29 08:10,134,54
L67829112,CN,CN-11,,39.8870405,116.5644135,金田公园 (Jintian Park),2026-09-16 13:24,23,8
L2102981,CN,CN-21,,39.0738157,121.9993534,金石滩 (Jinshitan),2026-02-02 09:51,204,17
L1659453,CN,CN-21,,39.1283012,122.0354195,金石滩海水养殖区 (Jinshitan Sea-farming Ponds),2018-09-09 06:00,265,245
L28229487,CN,CN-44,,23.3653508,116.6990223,金砂公园 (Jinsha Park),2025-11-19 10:30,14,5
L20246788,CN,CN-63,,36.904801,102.5273899,金禅沟 (Jinchan Valley),2023-01-10 15:35,38,5
L53409042,CN,CN-37,,37.0002213,121.916576,金花河湿地公园 (Jinhuahe Wetland Park),2026-06-05 07:45,70,14
L3498150,CN,CN-45,,22.818227,108.3555901,金花茶公园 (Golden Camellia Park),2026-05-28 18:24,38,8
L64405508,CN,CN-53,,26.8910742,100.2378226,金虹山 (Jinhong Hill)
L26308880,CN,CN-32,,31.2706917,120.7554717,金谷路小树林 (Jingu Rd. Tree Nursey),2026-09-23 17:31,96,209
L58672675,CN,CN-12,,39.1492904,117.1918322,金钢桥 (Jingang Bridge),2026-02-18 11:54,10,3
L39723943,CN,CN-42,,30.6422361,114.1861233,金银湖国家城市湿地公园 (Jinyin Lake Urban Wetland Park),2026-06-16 22:41,23,2
L38527716,CN,CN-43,,27.7917137,112.980402,金霞山森林公园 (Jinxiashan Forest Park),2026-02-15 11:00,59,5
L38528239,CN,CN-43,,29.3408197,110.4642724,金鞭溪 (Jinbian Creek),2026-09-25 15:49,63,25
L38284940,CN,CN-62,,36.5472311,104.1816637,金鱼公园 (Golden Fish Park)
L5897401,CN,CN-63,,36.4530891,94.7982775,金鱼湖 (Goldfish Lake),2025-07-06 08:08,47,5
L12751939,CN,CN-33,,29.124446,121.4890516,金鳞湖 (Jinlin Lake),2026-05-03 17:02,94,16
L37699737,CN,CN-33,,30.00493,122.202767,"金鸡山 (Jinji Hill, Dinghai)",2024-10-28 12:23,18,4
L28808216,CN,CN-35,,26.1015076,119.3253715,金鸡山公园 (Jinjishan Park),2026-09-22 11:53,101,68
L19314964,CN,CN-33,,27.9426377,120.2528213,金鸡山森林公园 (Jinji Mountain Forest Park),2026-06-10 00:00,6,0
L38081247,CN,CN-46,,18.2761392,109.5023783,金鸡岭公园 (Jinjiling Park),2025-11-25 09:00,13,1
L40117574,CN,CN-32,,31.3103857,120.7141293,金鸡湖--东岸 (Jinji Lake--East Shore),2026-08-07 09:25,50,23
L40117490,CN,CN-32,,31.3239877,120.6992728,金鸡湖--北岸 (Jinji Lake--North Shore),2026-08-29 13:22,30,14
L40117579,CN,CN-32,,31.301715,120.7028181,金鸡湖--南岸 (Jinji Lake--South Shore),2026-09-11 08:57,36,44
L53550880,CN,CN-32,,31.3106371,120.6851136,金鸡湖--西岸 (Jinji Lake--West Shore),2026-05-29 16:20,37,9
L26364051,CN,CN-32,,31.284798,120.7090882,金鸡湖大酒店 (Jinji Lake Grand Hotel),2026-08-05 11:40,110,102
L38537255,CN,CN-43,,29.3610667,113.1134573,金鹗山 (Jin'e Hill),2026-01-18 11:14,44,5
L19311988,CN,CN-33,,28.563698,121.2849785,鉴洋湖城市湿地公园 (Jianyanghu City Wetland Park),2024-06-15 00:00,31,0
L32414024,CN,CN-12,,38.7593437,117.2175536,钱圈水库 (Qianquan Reservoir),2026-03-14 09:00,98,10
L10819023,CN,CN-33,,30.2900206,120.6830097,钱塘大湾区湿地公园 (Qiantang Bay Area Wetland Park),2026-09-16 08:56,208,185
L11449963,CN,CN-33,,30.3191495,120.4249681,"钱塘江三工段 (The Third Section, Qiantang River)",2023-09-06 18:58,15,1
L29923851,CN,CN-33,,30.2935731,120.2799776,"钱塘江九堡段 (Jiubao Section, Qiantang River)",2026-08-10 08:00,116,50
L10919837,CN,CN-33,,30.3593194,120.6647984,"钱塘江十九工段 (The Nineteenth Section, Qiantang River)",2025-11-29 14:30,119,19
L4285067,CN,CN-33,,30.3578927,120.4429865,"钱塘江四工段 (The Fourth Section, Qiantang River)",2026-08-28 12:01,249,159
L10819486,CN,CN-33,,30.3747507,120.6085297,"钱塘江外十工段 (The Outer Tenth Section, Qiantang River)",2026-09-16 08:22,191,100
L27305220,CN,CN-53,,26.1656342,104.1081189,钱屯水库 (Qiantun Reservoir),2026-01-08 15:29,74,7
L15674237,CN,CN-33,,30.8210457,120.1353986,钱山漾 (Qianshanyang Wetlands),2026-08-15 13:21,121,10
L18338412,CN,CN-33,,30.2392173,120.21016,钱江新城森林公园 (Qianjiang New City Forest Park),2026-09-16 13:48,37,16
L9939507,CN,CN-33,,29.4378182,118.3777602,钱江源国家公园 (Qianjiangyuan National Park),2025-05-03 05:55,42,4
L39623902,CN,CN-33,,29.2266803,118.1029308,钱江源珍鹮谷 (Crested Ibis Valley),2026-09-17 11:00,45,8
L68848858,CN,CN-33,,29.765169,121.697166,钱湖秘境,2026-06-20 08:18,38,3
L61767526,CN,CN-33,,30.2409972,119.6329781,钱童村 (Qiantong Village),2026-04-19 10:13,70,28
L39842659,CN,CN-32,,33.5975255,119.0605984,钵池山公园 (Bochishan Park),2025-03-24 14:21,21,2
L40059697,CN,CN-44,,22.5933144,113.8617329,铁仔山公园 (Tiezaishan Park),2026-09-26 15:22,130,251
L6591762,CN,CN-41,,34.8163387,114.3705253,铁塔公园 (Iron Pagoda Park),2025-07-02 12:53,17,2
L38843151,CN,CN-37,,35.4146109,116.9681295,铁山公园 (Tieshan Park)
L39842949,CN,CN-32,,32.7340427,118.4801549,铁山寺森林公园 (Tieshan Temple Forest Park),2026-03-21 07:47,47,8
L40212140,CN,CN-62,,35.973987,104.776761,铁木山自然保护区 (Tiemu Mountain PNR),2026-03-28 10:58,25,3
L64150018,CN,CN-65,,48.4720566,86.6931253,铁热克提 (Terekti),2026-07-19 14:30,35,6
L38650479,CN,CN-21,,41.7858886,123.3379184,铁西劳动公园 (Tiexi Laodong Park),2025-12-09 11:52,6,0
L38650481,CN,CN-21,,41.8077886,123.3219682,铁西森林公园 (Tiexi Forest Park),2026-01-27 11:00,14,3
L39000632,CN,CN-37,,35.8926659,119.8417854,铁镢山 (Tiejue Mountain),2026-07-07 16:10,14,2
L9932434,CN,CN-65,,41.79516,86.19639,铁门关香梨园 (Tiemen'guan Canyon),2026-08-23 17:50,91,26
L17319745,CN,CN-32,,31.800589,120.8119217,铁黄沙 (Tiehuangsha Wetlands),2026-08-20 13:41,192,54
L6596242,CN,CN-53,,24.61166,97.65245,铜壁关 (Tongbiguan),2026-04-28 12:33,414,328
L64409191,CN,CN-53,,24.600651,97.6665394,铜壁关--S333公路东段 (Tongbiguan--S333 East)
L64409244,CN,CN-53,,24.6127814,97.6175125,铜壁关--S333公路中段 (Tongbiguan--S333 Central)
L8611853,CN,CN-53,,24.61757,97.583,铜壁关--S333公路西段 (Tongbiguan--S333 West),2026-04-28 12:33,212,50
L39842166,CN,CN-32,,32.3469405,119.1125216,铜山 (Tongshan Hill),2026-09-11 09:50,89,12
L10819803,CN,CN-33,,29.121416,118.8976551,铜山源水库 (Tongshanyuan Reservoir),2026-02-01 11:00,87,6
L38296840,CN,CN-61,,34.9133171,108.9448862,铜川植物园 (Tongchuan Botanical Garden)
L5388576,CN,CN-50,,29.9700682,106.2607313,铜梁洞公园 (Tongliangdong Park),2021-04-04 13:30,32,6
L15735242,CN,CN-33,,30.1175682,120.0618738,铜鉴湖 (Tongjian Lake),2026-09-13 06:24,196,172
L7849363,CN,CN-33,,27.8441342,119.8324861,铜铃山 (Tongling Mountain),2026-08-01 09:48,157,64
L38650776,CN,CN-34,,30.9313593,117.8307866,铜陵植物园 (Tongling Botanical Garden),2026-06-18 15:35,14,1
L38650772,CN,CN-34,,30.9786214,117.8578727,铜陵西湖城市湿地公园 (Tongling West Lake Wetland Park),2026-02-18 15:20,82,14
L33593169,CN,CN-51,,31.0426006,103.6434748,铜马沟竹海公园 (Tongmagou Bamboo Park),2026-02-15 14:30,9,2
L38080858,CN,CN-46,,19.6686255,111.0235546,铜鼓岭国家级自然保护区 (Tongguling NNR),2026-02-11 15:00,22,2
L38284959,CN,CN-62,,36.5298925,104.1852419,银光公园 (Yinguang Park)
L21629424,CN,CN-53,,21.9824599,101.2416634,银厂上寨 (Yinchang Shangzhai),2026-03-22 15:13,51,15
L23477274,CN,CN-34,,31.5007599,117.7963664,银屏山 (Yinping Mountain),2026-06-29 09:52,67,17
L38451206,CN,CN-11,,40.3209733,116.3268695,银山塔林景区 (Yinshan Talin Scenic Area)
L39980345,CN,CN-44,,22.9825485,114.1013337,银山湿地公园 (Yinshan Wetland Park)
L36309337,CN,CN-64,,38.4754988,106.2646233,"银川中山公园 (Zhongshan Park, Yinchuan)",2025-05-10 18:02,2,0
L36328336,CN,CN-64,,38.419306,106.482122,"银川黄河湿地公园 (Yellow River Wetland Park, Yinchuan)",2026-03-04 14:36,52,3
L20335973,CN,CN-45,,24.1672761,110.2425392,银杉森林公园 (Yinshan Forest Park),2022-07-29 09:13,21,1
L39712412,CN,CN-37,,35.9199945,120.20348,银沙滩 (Silver Beach),2025-09-25 10:35,9,1
L26347905,CN,CN-37,,35.4218923,119.5221736,"银河公园 (Yinhe Park, Rizhao)",2026-09-08 16:10,80,17
L39263531,CN,CN-44,,22.586561,114.0816314,银湖山郊野公园 (Yinhushan Country Park),2026-06-21 16:00,12,3
L19037392,CN,CN-44,,22.1353023,113.0722705,银湖湾湿地公园 (Yinhuwan Wetland Park),2026-09-27 11:04,147,77
L10452474,CN,CN-62,,36.0853965,103.7099358,银滩湿地公园 (Yintan Wetland Park),2026-08-06 07:27,85,51
L39980261,CN,CN-44,,22.8879316,114.1450544,银瓶山森林公园清溪景区 (Yinpingshan Forest Park at Qingxi),2026-07-01 13:00,62,9
L36371275,CN,CN-44,,22.9001902,114.2298418,银瓶山森林公园谢岗景区 (Yinpingshan Forest Park at Xiegang),2026-09-20 09:57,76,8
L73115143,CN,CN-34,,31.340462,117.069158,银联采石场 (Yinlian Quarry),2026-08-23 16:30,52,7
L38257937,CN,CN-52,,26.894552,104.205996,锁黄仓国家湿地公园 (Suohuangcang Wetland Park),2026-02-20 17:30,79,10
L5537370,CN,CN-32,,31.5776123,120.2748817,锡惠公园 (Xihui Park),2026-05-02 10:30,62,12
L45427327,CN,CN-15,,40.7717163,111.6906553,锡林公园 (Xilin Park),2026-07-26 15:30,22,3
L37595846,CN,CN-15,,43.8596601,116.1105288,锡林河国家湿地公园 (Xilin River National Wetland Park),2026-08-23 17:14,60,6
L38024561,CN,CN-15,,43.9206812,116.0721275,锡林浩特生态植物园 (Xilinhot Botanical Garden),2026-08-26 09:11,5,0
L4574529,CN,CN-51,,30.57081,104.058352,锦城公园 (Jincheng Park),2026-08-04 08:32,142,132
L40003401,CN,CN-31,,31.1795442,121.5314576,锦尊体育公园 (Jinzun Sports Park)
L40003399,CN,CN-31,,31.1758514,121.5342721,锦尊湿地公园 (Jinzun Wetland Park),2026-04-19 15:20,19,5
L21369657,CN,CN-51,,31.5668786,105.9651756,锦屏山 (Jinping Hill),2026-06-01 10:05,19,2
L36146286,CN,CN-44,,23.013885,113.310559,锦岗公园 (Jingang Park),2026-06-28 17:28,14,4
L37722199,CN,CN-21,,41.1003718,121.1682116,"锦州东湖公园 (Donghu Park, Jinzhou)",2026-08-30 05:00,37,8
L38377089,CN,CN-21,,41.1388389,121.133096,锦州动物园 (Jinzhou Zoo)
L16503627,CN,CN-21,,40.9419395,121.2788201,锦州湾机场 (Jinzhou Bay Airport),2026-05-04 10:20,153,23
L65136279,CN,CN-21,,40.82768,121.07369,"锦州笔架山公园 (Bijiashan Park, Jinzhou)",2024-08-25 06:00,12,1
L38341018,CN,CN-21,,40.1344767,124.3754192,锦江山公园 (Jinjiangshan Park),2026-08-06 07:30,70,39
L38002824,CN,CN-62,,39.7392374,98.444066,锦玉公园 (Jinyu Park)
L40003411,CN,CN-31,,31.1911466,121.5451639,锦绣文化公园 (Jinxiu Culture Park),2026-09-16 17:37,34,12
L52587945,CN,CN-35,,25.0791521,118.8378688,锦阳溪湿地公园 (Jinyang Creek Wetland Park),2026-02-23 14:33,82,26
L10900894,CN,CN-33,,29.9848061,121.708573,镇北涂 (North Zhenhai Coast),2026-07-11 00:00,72,8
L54111301,CN,CN-32,,32.2628565,119.556185,镇江共青团农场 (Zhenjiang CYL Farm),2026-08-09 17:16,62,2
L37822291,CN,CN-32,,32.1744549,119.4410475,镇江南山国家森林公园 (Zhenjiang Nanshan National Forest Park),2026-09-13 08:30,115,36
L55862825,CN,CN-32,,32.1511166,119.4453952,镇江南山国家森林公园--回龙水库 (Zhenjiang Nanshan NFP--Huilong Reservoir)
L39488930,CN,CN-32,,32.1906729,119.44936,镇江南山国家森林公园--磨笄山 (Zhenjiang Nanshan NFP--Moji Hill),2025-01-17 14:30,7,2
L50996532,CN,CN-32,,32.1663409,119.4349859,镇江南山国家森林公园--莲花洞 (Zhenjiang Nanshan NFP--Lianhua Cave),2026-06-21 10:21,72,16
L54359067,CN,CN-32,,32.1869139,119.4481536,镇江南山国家森林公园--黄鹤山 (Zhenjiang Nanshan NFP--Huanghe Hill),2025-10-23 00:00,2,0
L39023462,CN,CN-32,,32.214516,119.413684,镇江金山风景区 (Jinshan Scenic Area),2026-06-20 14:30,31,3
L39841862,CN,CN-32,,32.2474777,119.4400974,镇江长江生态湿地公园 (Zhenjiang Yangtze Eco-Wetland Park),2026-06-11 17:01,105,13
L10012585,CN,CN-53,,24.0111223,101.1115428,镇沅公园 (Zhenyuan Park),2019-09-20 16:00,27,2
L39655017,CN,CN-35,,26.6741704,119.5328742,镜台山公园 (Jingtaishan Park),2026-07-23 00:00,5,1
L34005705,CN,CN-23,,44.0600364,128.9518118,镜泊湖风景区 (Jingpo Lake Scenic Area),2026-05-05 12:47,15,2
L38038042,CN,CN-22,,45.1299623,124.8084115,镜湖公园 (Jinghu Park)
L35546977,CN,CN-32,,31.2363082,120.7332683,镬底潭湿地 (Huoditan Wetlands),2026-08-13 11:39,113,127
L44526583,CN,CN-35,,25.949764,119.5186819,长乐南山公园 (Changle Nanshan Park),2026-09-12 13:23,24,2
L42068082,CN,CN-35,,25.8984338,119.4547749,"长乐琅岐村 (Langqi Village, Changle)",2026-04-04 08:45,31,2
L37933296,CN,CN-31,,31.4003,121.712613,长兴岛郊野公园 (Changxing Island Country Park),2026-05-15 11:39,64,8
L12614598,CN,CN-53,,24.852,97.948,长地方水库 (Changdifang Reservoir),2026-02-01 10:00,177,29
L23766134,CN,CN-35,,26.781019,119.629156,长坑村 (Changkeng Village),2023-07-19 14:10,21,3
L29108809,CN,CN-52,,26.6587342,106.6696659,长坡岭国家森林公园 (Changpoling National Forest Park),2026-06-27 08:58,115,34
L9932311,CN,CN-41,,35.1180349,114.874393,长垣黄河滩 (Changyuan Yellow River Flats),2023-01-26 12:30,75,17
L56020562,CN,CN-33,,29.942462,120.775944,"长塘镇--桃花源景区(Taohuayuan Scenic Area, Changtang)",2026-04-07 14:17,60,3
L38450884,CN,CN-11,,39.725044,116.6241752,长子营湿地公园 (Changziying Wetland Park),2025-05-02 12:56,36,4
L19509602,CN,CN-31,,31.2114209,121.347975,长宁外环生态步道 (Changning Eco-Walk),2026-09-22 14:50,53,44
L38113729,CN,CN-13,,38.0471911,114.51479,长安公园 (Chang An Park),2026-09-22 11:49,45,30
L18837285,CN,CN-44,,22.7498573,113.7275312,长安滨海湾 (Chang'an Coast),2026-02-15 10:32,52,8
L51229089,CN,CN-32,,32.1593383,119.5322946,长山林场--横山片区 (Changshan Forest--Hengshan Area),2025-12-18 14:24,23,2
L22442861,CN,CN-33,,30.0286595,122.1246814,长岗山森林公园 (Changgang Mountain Forest Park),2025-11-01 11:00,41,14
L20587312,CN,CN-44,,23.1769025,113.4799579,长岗岭 (Changgangling),2021-01-09 08:31,25,2
L9587998,CN,CN-37,,38.1393291,120.6413719,长岛国家级自然保护区 (Changdao Islands NNR [General Area]),2026-04-12 07:54,41,11
L18049082,CN,CN-33,,29.9743256,122.1683257,长峙岛 (Changzhi Island [General Area]),2026-03-31 00:00,5,0
L13758449,CN,CN-11,,40.2060346,115.8986457,长峪城 (Changyucheng),2026-09-25 07:06,123,49
L7376038,CN,CN-32,,31.4938959,120.2625275,长广溪国家湿地公园 (Changguangxi National Wetland Park),2026-09-05 09:00,126,63
L39964141,CN,CN-44,,22.5234986,113.1364775,长廊生态园 (Changlang Eco-Park),2025-02-09 13:03,24,2
L38058447,CN,CN-22,,43.8227705,125.3324483,长春世界雕塑公园 (Changchun World Sculpture Park),2026-06-13 09:00,35,6
L38038168,CN,CN-22,,43.8939031,125.2756405,长春公园 (Changchun Park),2025-05-06 15:29,45,14
L36328565,CN,CN-22,,43.8655319,125.3309282,长春动植物公园 (Changchun Zoological & Botanical Parks)
L17460609,CN,CN-22,,43.855209,125.302048,"长春南湖公园 (South Lake Park, Changchun)",2026-09-18 17:50,147,134
L61089183,CN,CN-22,,43.8280246,125.1762222,长春国际汽车公园 (Changchun International Automobile Park),2026-03-24 06:00,14,0
L38058439,CN,CN-22,,43.864211,125.168257,"长春西湖 (West Lake, Changchun)",2026-03-23 15:00,36,6
L49777877,CN,CN-22,,43.99703,125.69707,长春龙嘉国际机场 (Changchun Longjia International Airport),2025-10-26 07:25,2,1
L12288560,CN,CN-53,,23.4486331,103.384194,长桥海国家湿地公园 (Changqiaohai National Wetland Park),2026-02-25 14:56,45,4
L946840,CN,CN-50,,31.0576398,109.8536682,长江小三峡 (Yangtze River Three Little Gorges),2026-06-09 15:25,101,15
L37873609,CN,CN-32,,32.1391291,118.8079843,长江观音景区 (Changjiang Guanyin Scenic Area),2026-07-14 14:00,23,2
L38537541,CN,CN-43,,28.3989531,112.9993129,长沙北山植物园 (Changsha Beishan Botanical Garden),2026-04-05 14:00,5,0
L17860000,CN,CN-43,,28.209266,113.000211,长沙烈士公园 (Changsha Martyr Park),2026-09-14 16:50,77,48
L38786373,CN,CN-37,,37.446321,116.3454706,长河公园 (Changhe Park)
L39459795,CN,CN-37,,36.5628689,116.787699,长清城市中央公园 (Changqing Urban Central Park)
L4068631,CN,CN-33,,28.5954497,121.05865,长潭水库 (Changtan Reservoir),2026-07-12 00:00,114,8
L21766287,CN,CN-33,,30.9298376,120.0889531,长田漾湿地公园 (Changtianyang Wetland Park),2026-05-01 17:01,74,4
L37054517,CN,CN-22,,41.426082,128.193312,"长白塔山公园 (Tashan Park, Changbai)",2024-10-04 08:19,11,2
L37054632,CN,CN-22,,42.402556,128.115715,长白山东北亚植物园 (Northeast Asia Botanical Garden),2025-07-04 06:30,31,5
L63761509,CN,CN-22,,42.0100421,128.0526393,长白山风景区 (Changbai Mountain Scenic Area),2026-08-03 15:45,81,33
L38058572,CN,CN-22,,42.093415,128.0776398,长白山风景区--地下森林 (Changbai Mountain--Underground Forest),2026-08-02 10:00,8,3
L35609317,CN,CN-22,,42.0266124,128.0673389,长白山风景区--天池北坡 (Changbai Mountain--Heaven Lake North),2026-06-12 10:04,10,7
L38038119,CN,CN-22,,41.9793797,128.05529,长白山风景区--天池南坡 (Changbai Mountain--Heaven Lake South),2012-10-02 10:15,2,1
L38038135,CN,CN-22,,41.9967706,128.0289164,长白山风景区--天池西坡 (Changbai Mountain--Heaven Lake West),2026-06-29 11:17,14,3
L37072135,CN,CN-22,,42.060344,128.064033,长白山风景区--小天池 (Changbai Mountain--Little Heaven Lake),2026-06-12 11:10,8,3
L57734505,CN,CN-22,,41.9655989,128.0059936,长白山风景区--粉雪谷 (Changbai Mountain--Pink Snow Valley),2026-01-22 12:51,1,1
L37072090,CN,CN-22,,42.042623,128.063275,长白山风景区--长白瀑布 (Changbai Mountain--Changbai Waterfall),2025-07-08 11:35,3,2
L38650530,CN,CN-21,,41.7515024,123.3876148,长白岛森林公园 (Changbaidao Forest Park),2026-01-12 15:01,29,3
L56165260,CN,CN-22,,43.88734,126.57403,长白岛湿地公园 (Changbai Island Wetland Park),2025-12-21 13:24,10,1
L39864753,CN,CN-32,,31.9861931,118.579495,长秧田 (Changyangtian),2026-05-10 22:20,89,22
L5270130,CN,CN-13,,39.1895844,118.7731934,长芦大清河盐场 (Changlu Daqinghe Saltworks),2026-06-20 08:21,148,34
L39868211,CN,CN-32,,31.560776,119.5540607,长荡湖国家湿地公园 (Changdang Lake Wetland Park),2026-08-06 07:00,119,25
L6102273,CN,CN-53,,25.100127,102.705581,长虫山 (Snake Mountain),2026-08-01 14:54,37,1
L11927000,CN,CN-12,,39.1335889,117.1523238,长虹生态园 (Changhong Eco-Park),2026-06-13 07:03,74,79
L9580573,CN,CN-37,,36.1799496,120.9517157,长门岩 (Changmenyan Islets),2026-07-05 15:04,126,20
L20050786,CN,CN-42,,30.3160046,110.7166486,长阳崩尖子国家级自然保护区 (Changyang Bengjianzi NNR)
L57003488,CN,CN-44,,23.5774643,113.1602579,长隆森林王国 (Chimelong Forest Kingdom),2026-01-17 11:00,15,3
L40088449,CN,CN-44,,23.0027468,113.3145273,长隆野生动物世界 (Chimelong Safari Park),2026-07-18 12:25,26,8
L24985645,CN,CN-44,,23.0263962,113.2761146,长隆飞鸟乐园 (Chimelong Birds Park),2026-04-08 19:58,28,12
L38428225,CN,CN-45,,21.4720292,109.1233428,长青公园 (Changqing Park),2026-05-07 06:32,7,2
L5668487,CN,CN-61,,33.6533,107.56358,长青自然保护区 (Changqing NNR),2026-08-06 17:21,238,65
L1029643,CN,CN-61,,33.64121,107.54556,长青自然保护区--1100至1400米 (Changqing NNR--1100-1400m),2026-04-06 11:58,159,24
L76444536,CN,CN-61,,33.6767178,107.5922512,长青自然保护区--1400至2100米 (Changqing NNR--1400-2100m)
L1029650,CN,CN-61,,33.6989406,107.6194024,长青自然保护区--2100至2500米 (Changqing NNR--2100-2500m),2023-07-11 11:24,143,10
L20650384,CN,CN-44,,23.0787709,113.4354631,长顺农庄 (Changshun Farm),2026-09-26 15:09,32,7
L7675952,CN,CN-31,,31.2247904,121.3993335,长风公园 (Changfeng Park),2025-10-25 16:58,95,101
L25825244,CN,CN-13,,41.7924681,115.7511947,闪电河国家湿地公园--水泉淖尔 (Shandian River NWP--Shuiquan Nur),2026-09-09 09:13,71,12
L38320107,CN,CN-13,,41.6549537,115.8129556,闪电河国家湿地公园--闪电河水库 (Shandian River NWP--Shandianhe Reservoir),2026-09-17 13:10,16,1
L8461863,CN,CN-33,,30.188155,119.9529141,闲林水库 (Xianlin Reservoir [General Area]),2026-07-26 06:40,150,147
L5189194,CN,CN-31,,31.144149,121.369422,闵行体育公园 (Minhang Sports Park),2026-09-11 10:27,99,147
L26529981,CN,CN-31,,31.1637725,121.3597279,闵行文化公园 (Minhang Culture Park),2026-09-19 10:11,53,48
L2402563,CN,CN-31,,31.2701513,121.4594793,闸北公园 (Zhabei Park),2026-07-02 06:46,34,38
L40003263,CN,CN-31,,31.1174224,121.4136804,闻翠园 (WenCui Garden)
L39793479,CN,CN-35,,26.0558677,119.2814373,闽江公园北园 (Minjiang Park North),2026-02-13 09:30,15,0
L39793471,CN,CN-35,,26.0620504,119.2651836,闽江公园南园 (Minjiang Park South),2026-08-29 08:55,60,25
L4813709,CN,CN-35,,26.0316104,119.6326017,闽江口 (Minjiang River Estuary),2026-09-26 14:30,274,317
L23525518,CN,CN-35,,26.07208,119.162448,闽江学院 (Minjiang University),2023-11-22 15:27,19,7
L38258035,CN,CN-52,,26.6349604,106.6040317,阅山湖湿地公园 (Yueshanhu Wetland Park)
L36309321,CN,CN-64,,38.5465847,106.2034698,阅海国家湿地公园 (Yuehai National Wetland Park),2026-09-07 09:30,65,16
L25261878,CN,CN-65,,43.018741,81.930673,阔克苏大峡谷--九曲十八弯 (Koksu Grand Canyon--Nine and Eighteen Bends),2026-05-24 12:49,8,2
L25235226,CN,CN-65,,43.027924,81.916424,阔克苏大峡谷--巫婆岩环路 (Koksu Grand Canyon--Wupoyan loop),2023-06-16 16:19,12,1
L25261471,CN,CN-65,,43.073439,81.895227,阔克苏大峡谷--库尔台码头 (Koksu Grand Canyon--Kurtai Wharf),2023-06-16 13:38,4,0
L25226174,CN,CN-65,,43.071203,81.902573,阔克苏大峡谷--索道站 (Koksu Grand Canyon--cable car),2023-06-16 17:05,6,0
L25226196,CN,CN-65,,43.03829,81.919809,阔克苏大峡谷--鳄鱼湾 (Koksu Grand Canyon--Alligator Bay),2026-06-25 18:40,19,3
L5906448,CN,CN-65,,47.074007,87.43742,阔聂科买村 (Konekomey Village),2023-05-24 09:25,51,6
L38341064,CN,CN-21,,42.0214901,121.6590809,"阜新人民公园 (People's Park, Fuxin)"
L38650596,CN,CN-34,,32.8979559,115.841212,"阜阳三角洲公园 (Delta Park, Fuyang)"
L40861594,CN,CN-45,,21.7563273,108.0413553,"防城港南山景区 (Nanshan Scenic Area, Fangchenggang)",2022-09-06 19:00,49,3
L38426221,CN,CN-45,,21.6888321,108.3779977,防城港湿地公园 (Fangchenggang Wetland Park)
L35278139,CN,CN-22,,42.4361956,130.5852643,防川 (Fangchuan),2026-04-22 11:31,27,5
L41124163,CN,CN-44,,22.6532185,113.9562382,阳台山森林公园 (Yangtaishan Forest Park),2026-08-14 14:43,66,15
L12747519,CN,CN-11,,40.0774948,116.044579,阳台山玫瑰园 (Yangtaishan Rosefields),2026-07-17 06:16,146,320
L38200171,CN,CN-11,,40.068881,116.084323,阳台山风景区 (Yangtaishan Scenic Area),2026-05-20 11:45,48,16
L38127876,CN,CN-52,,27.2740623,105.2624402,阳山森林公园 (Yangshan Forest Park)
L39576645,CN,CN-42,,29.8571231,115.2278856,阳新莲花湖湿地公园 (Yangxin Lianhuahu Wetland Park)
L38340316,CN,CN-14,,37.8763597,113.5902838,"阳泉北山公园 (Beishan Park, Yangquan)"
L38650851,CN,CN-34,,31.6446263,118.5249043,阳湖公园 (Yanghu Park)
L17914766,CN,CN-32,,31.3614128,120.6781558,阳澄西湖--南岸 (West Yangcheng Lake--South Shore),2026-06-06 17:58,73,11
L14076397,CN,CN-33,,30.076898,119.9106907,阳陂湖生态湿地公园 (Yangbei Lake Wetland Eco-Park),2026-06-19 11:28,102,18
L38286605,CN,CN-62,,33.7605414,101.7002136,阿万仓湿地 (Awancang Wetlands),2026-08-21 16:10,16,3
L38035953,CN,CN-23,,45.7638619,126.790588,阿什河湿地公园 (Ashihe Wetland Park)
L37988147,CN,CN-65,,41.2148525,80.2216926,阿克苏国家湿地公园 (Aksu National Wetland Park),2026-07-17 00:00,39,4
L37988184,CN,CN-65,,41.2127655,80.2418521,阿克苏森林公园 (Aksu Forest Park),2025-08-24 13:28,1,0
L36498449,CN,CN-65,,36.7884537,80.1781864,阿其克乡 (Achchiq),2025-04-10 19:30,14,2
L38182856,CN,CN-51,,29.8728271,101.6670407,阿加村 (Aja Ranch),2026-06-16 07:48,48,11
L38035956,CN,CN-23,,45.8086229,126.661999,阿勒锦岛国家湿地公园 (Algin Island Wetland Park),2026-09-14 08:30,90,20
L38018542,CN,CN-15,,39.2117943,101.6523057,阿右旗沙生植物园 (Badain Jaran Desert Botanical Garden)
L18283436,CN,CN-52,,26.546687,106.66775,阿哈湖国家湿地公园 (Ahahu National Wetland Park),2026-09-21 10:00,164,66
L6146539,CN,CN-15,,40.6667398,109.8410726,阿尔丁植物园 (Arding Botanical Garden),2025-01-29 14:50,22,15
L38018722,CN,CN-15,,47.3196723,120.4108996,阿尔山天池 (Arxan Heavenly Lake),2026-08-02 10:00,35,6
L38018694,CN,CN-15,,47.4170692,120.5690655,"阿尔山杜鹃湖 (Dujuan Lake, Arxan)",2026-07-11 14:15,6,1
L36309379,CN,CN-15,,40.8537399,111.6948866,阿尔泰游乐园 (Altay Amusement Park)
L38018536,CN,CN-15,,38.8602727,105.714512,阿左旗沙生植物园 (Bayanhot Desert Botanical Garden)
L36330203,CN,CN-15,,44.0105678,114.9193234,"阿巴嘎旗天鹅湖 (Swan Lake, Abag Banner)",2025-09-03 18:59,80,3
L39622417,CN,CN-63,,35.5939202,97.0962683,阿拉克湖 (Alak Lake)
L6145604,CN,CN-65,,47.7428,87.5224,阿拉哈克 (Alaqaq),2023-07-11 10:00,69,8
L35840261,CN,CN-15,,38.683918,105.2834108,阿拉善天鹅湖 (Baga Ulaan Gol),2026-04-04 15:53,30,4
L7806326,CN,CN-15,,38.0209459,104.3881542,"阿拉善那仁淖日湖 (Naran Nur Lake, Alxa)",2025-08-08 13:12,80,9
L64389225,CN,CN-65,,40.5374104,81.2779188,"阿拉尔滨河公园 (Binhe Park, Alar)"
L27124528,CN,CN-37,,35.1174865,119.3455553,阿掖山 (Aye Mountain),2023-09-17 08:00,16,1
L38024880,CN,CN-15,,43.9583357,117.5351325,阿斯哈图石林 (Ashatu Stone Forest),2024-10-03 13:52,5,2
L69453562,CN,CN-15,,44.1210926,120.2428585,阿日宝力格羊场 (Arbulag Ranch),2026-08-12 17:21,31,6
L19424886,CN,CN-63,,38.0644547,100.4529011,阿柔大寺 (A'rou Temple),2026-07-23 16:37,17,2
L5239989,CN,CN-65,,47.6486575,88.0390045,阿苇滩水库 (Aweitan Reservoir),2026-08-01 09:00,118,32
L5802942,CN,CN-46,,18.83337,109.51337,阿陀岭省级森林公园 (Atuoling Provincial Forest Park),2026-08-02 14:07,69,16
L75000558,CN,CN-65,,44.2126082,85.9467353,"阿魏滩 (Aweitan, Shihezi)",2026-06-29 19:00,7,1
L57055193,CN,CN-15,,51.7019581,121.8214831,阿龙山 (Alongshan),2024-07-18 17:00,1,0
L12963478,CN,CN-31,,31.2381338,121.5062174,陆家嘴中心绿地 (Lujiazui Central Green Land),2026-08-31 16:46,51,83
L5466956,CN,CN-31,,31.2362816,121.4959144,陆家嘴滨江公园 (Lujiazui Riverside Park),2026-06-24 18:53,63,53
L38765290,CN,CN-41,,34.1376198,112.1196541,陆浑湖湿地 (Luhun Wetlands),2026-02-18 10:00,77,4
L39573221,CN,CN-42,,30.6576861,113.1584334,陆羽公园 (Lu Yu Memorial Park)
L5223205,CN,CN-45,,22.4767349,106.9821722,陇亨 (Longheng),2026-05-13 16:12,270,531
L38109712,CN,CN-53,,24.1777136,97.7948206,陇川森林公园 (Longchuan Forest Park)
L25455318,CN,CN-54,,27.864193,87.4175269,陈塘沟 (Zhêntang Valley),2026-06-28 16:15,87,7
L31297471,CN,CN-62,,36.4451283,103.635494,陈家河 (Chenjiahe),2026-07-08 12:30,126,36
L58681370,CN,CN-44,,22.9812245,113.1651229,陈村花卉世界,2026-03-20 15:00,19,2
L9965237,CN,CN-41,,34.937,114.5,陈桥湿地 (Chenqiao Wetlands),2026-02-04 06:00,113,9
L1509357,CN,CN-41,,34.7928511,111.1543689,陕州公园 (Shanzhou Park),2023-02-18 09:00,76,11
L44532987,CN,CN-61,,34.1530821,108.8918495,陕西师范大学长安校区 (Shaanxi Normal University - Chang'an Campus),2026-04-19 10:45,20,4
L6465968,CN,CN-61,,33.9871349,109.0194798,陕西翠华山国家地质公园 (Shaanxi Chihuashan National Geopark),2026-05-27 09:18,78,17
L21878171,CN,CN-46,,18.39419,109.98383,陵水南湾猴岛 (Lingshui Nanwan Monkey Island),2026-07-28 16:44,20,4
L10834843,CN,CN-33,,27.8334099,120.467996,陶山--河塘线 (Taoshan--Hetang Road),2025-12-27 00:00,19,0
L28558624,CN,CN-11,,39.8739167,116.3802697,陶然亭公园 (Taoranting Park),2026-08-09 15:46,65,81
L39723096,CN,CN-42,,30.4284841,114.5303929,陶马 (Taoma),2026-09-08 07:28,103,26
L6105014,CN,CN-63,,33.1998989,96.5299215,隆宝国家级自然保护区 (Longbao NNR),2026-08-13 14:30,97,70
L44438226,CN,CN-33,,27.7736967,120.6404593,"隆山公园 (Longshan Park, Rui'an)",2026-09-24 08:50,27,6
L13880521,CN,CN-41,,34.6357385,112.4444639,隋唐城遗址植物园 (Sui-Tang City Ruins & Botanical Garden),2026-07-26 09:40,99,42
L38896760,CN,CN-42,,31.7103302,113.4059336,随州文化公园东区 (Suizhou Culture Park East)
L38896768,CN,CN-42,,31.7143297,113.4020458,随州文化公园西区 (Suizhou Culture Park West)
L38426363,CN,CN-45,,24.3677847,109.4051364,雀儿山公园 (Quershan Park),2026-06-30 08:31,23,12
L10001833,CN,CN-61,,34.1784042,108.8964657,雁南公园 (Yannan Park),2026-09-25 07:12,24,9
L11633366,CN,CN-63,,33.1987273,97.4646886,雁口山 (Yankou Mountain),2026-07-17 09:40,55,17
L46117479,CN,CN-11,,40.3740677,116.6762353,雁栖河-京密引水渠汇合段 (Yanqi River & Jingmi Channel Confluence),2026-07-23 17:00,49,6
L35703576,CN,CN-11,,40.399153,116.6653709,雁栖酒店 (Yanqi Hotel),2025-12-13 10:40,31,8
L9296607,CN,CN-62,,36.0609875,103.8532141,雁滩公园 (Yantan Park),2026-05-29 15:00,31,4
L15863501,CN,CN-11,,40.0147951,115.8284699,雁翅镇 (Yanchi Town),2026-07-25 07:56,99,73
L59215648,CN,CN-33,,28.3709524,121.0663533,雁荡山 (Yandang Mountain),2026-06-20 09:10,35,6
L38340486,CN,CN-14,,39.1879925,112.8699181,雁门关景区 (Yanmenguan Scenic Area),2026-07-26 11:20,3,1
L38297857,CN,CN-61,,34.2213031,109.0469029,雁鸣湖--一至二号湖 (Yanming Lakes--Lake No.1-2),2024-12-30 15:43,27,1
L38297854,CN,CN-61,,34.2116227,109.0459891,雁鸣湖--三号湖 (Yanming Lakes--Lake No.3)
L38297848,CN,CN-61,,34.2042187,109.0451594,雁鸣湖--四号湖 (Yanming Lakes--Lake No.4)
L38991591,CN,CN-53,,26.86595,100.04654,雄古松林 (Xionggu Pine Forest),2026-06-10 16:49,95,83
L2332271,CN,CN-54,,29.4429088,91.0226297,雄色寺 (Shugseb Nunnery),2026-08-25 11:54,123,184
L6470780,CN,CN-62,,40.5142625,93.2305384,雅丹国家地质公园 (Yadan Geological Park),2023-09-19 11:04,3,2
L38182435,CN,CN-51,,30.5271818,101.6143352,雅拉雪山观景台 (Yala Snow Mountain View),2026-06-18 00:00,10,4
L35276749,CN,CN-65,,43.7973583,87.5742589,雅玛里克山 (Yamaliq Mountain),2026-09-04 08:50,53,42
L8763696,CN,CN-54,,29.616091,94.944862,雅鲁藏布大峡谷 (Yarlung Tsangpo Grand Canyon),2025-10-04 15:22,62,10
L39459607,CN,CN-37,,36.2175528,117.6463759,雅鹿山公园 (Yalushan Park)
L37009129,CN,CN-33,,27.8264675,120.631781,集云山 (Jiyun Mountain),2025-10-22 00:00,3,0
L29770780,CN,CN-35,,24.563422,118.1008519,集美南堤 (Jimei South Bankment),2026-09-26 15:05,38,16
L39797446,CN,CN-35,,24.5830375,118.0954614,集美大学 (Jimei University),2026-05-05 12:00,6,1
L39797473,CN,CN-35,,24.5699378,118.1073396,集美鳌园 (Jimei Aoyuan),2026-09-14 15:00,34,9
L38650845,CN,CN-34,,31.6907377,118.5031906,雨山湖 (Yushan Lake),2026-05-18 14:50,24,4
L3974387,CN,CN-53,,28.3999787,98.7913036,雨崩村 (Yubeng Village),2025-10-14 08:10,198,29
L6068928,CN,CN-43,,27.8587316,112.9152489,雨湖公园 (Yuhu Park),2025-08-05 17:07,28,6
L6365407,CN,CN-32,,31.9979825,118.7800742,雨花台 (Yuhuatai Park),2026-05-31 16:20,51,9
L15146390,CN,CN-51,,32.6292078,103.8873463,雪宝顶国家级自然保护区 (Xuebaoding NNR),2026-05-03 09:27,119,36
L38241874,CN,CN-51,,32.7366416,103.7384985,雪山梁观景台 (Xueshanliang Viewing Platform),2026-09-13 07:10,171,189
L64133249,CN,CN-33,,29.7405135,121.2783337,雪岙村 (Xue'ao Village),2026-07-06 08:59,30,1
L39934672,CN,CN-32,,31.4583767,120.2606622,雪浪山 (Xuelang Hill),2024-05-02 20:30,1,1
L38257805,CN,CN-52,,26.383877,108.2063283,雷公山 (Leigong Mountain),2026-07-15 08:26,31,4
L38537495,CN,CN-43,,28.3696293,112.8282817,雷锋公园 (Lei Feng Memorial Park),2020-10-14 00:00,3,0
L22552480,CN,CN-22,,44.1180971,126.4312044,雾凇岛 (Rime Island),2020-12-23 12:00,4,1
L38109666,CN,CN-53,,28.4411093,98.9167892,雾浓顶 (Wunongding),2026-06-13 06:43,36,6
L997331,CN,CN-13,,40.59208,117.48484,雾灵山国家级自然保护区 (Wuling Mountain NNR),2026-07-09 09:25,147,337
L76112329,CN,CN-65,,44.1003394,80.8722085,霍城四爪陆龟保护区 (Huocheng Tortoise NNR),2026-08-02 18:00,13,1
L11916012,CN,CN-14,,36.4487412,111.861692,霍山 (Mount Huoshan),2026-05-05 10:00,67,32
L39980864,CN,CN-44,,21.2103964,110.4213767,霞山观海长廊 (Xiashan Coastal Walk),2025-11-05 11:00,19,2
L58120017,CN,CN-33,,27.2591073,120.4617908,霞峰山 (Xiafeng Hill),2026-01-31 00:00,1,0
L12481186,CN,CN-33,,29.4663534,118.5211513,霞源水库 (Xiayuan Reservoir),2020-10-11 14:59,12,1
L39820489,CN,CN-44,,21.7150278,110.8751848,露天矿生态公园 (Lutiankuang Eco-Park),2025-11-12 08:34,23,1
L38058577,CN,CN-22,,42.5445819,128.0057354,露水河国家森林公园 (Lushuihe National Forest Park)
L60340388,CN,CN-62,,34.9197268,104.0885648,露骨山 (Lugu Mountain),2025-11-25 14:00,10,2
L5189678,CN,CN-46,,19.1020244,109.1517296,霸王岭国家级自然保护区 (Bawangling NNR),2026-07-19 11:30,144,46
L63739889,CN,CN-46,,19.11694,109.15038,霸王岭自然保护区--白石潭景区 (Bawangling NNR--Baishitan Scenic Area)
L38081094,CN,CN-46,,19.0828108,109.1254383,霸王岭自然保护区--雅加景区 (Bawangling NNR--Yajia Scenic Area),2025-03-19 07:30,49,3
L38024496,CN,CN-15,,41.0263369,113.1688755,霸王河湿地公园 (Bawanghe Wetland Park),2026-03-31 09:03,31,6
L37963108,CN,CN-44,,24.30988,114.1952147,青云山省级自然保护区 (Qingyunshan PNR),2024-11-10 11:30,16,1
L38127866,CN,CN-52,,26.2426695,107.5314023,青云湖森林公园 (Qingyunhu Forest Park)
L16671354,CN,CN-53,,25.1190927,99.2077469,青华海国家湿地公园 (Qinghuahai National Wetland Park),2026-09-16 16:00,178,105
L16236412,CN,CN-33,,30.2333289,119.8417317,青南村 (Qingnan Village),2026-07-02 13:40,73,18
L7849397,CN,CN-32,,34.8303365,119.1982923,青口河口 (Qingkou River Estuary),2026-08-30 11:41,199,93
L36309420,CN,CN-15,,40.807135,111.6660492,青城公园 (Qingcheng Park),2026-08-19 10:00,59,22
L33779075,CN,CN-51,,30.930041,103.482349,青城后山 (Inner Mount Qingcheng),2026-08-04 11:04,85,20
L1616721,CN,CN-51,,30.8470107,103.563652,青城外山 (Outer Mount Qingcheng),2025-03-25 13:45,55,10
L5833726,CN,CN-51,,30.8997943,103.5701537,青城山 (Mount Qingcheng),2026-09-20 10:42,176,86
L57056794,CN,CN-42,,31.4917926,110.3748074,青天袍 (Qingtianpao),2026-05-29 16:50,60,5
L70517473,CN,CN-32,,31.99928,118.69737,青奥森林公园 (Youth Olympic Forest Park),2026-06-12 09:30,35,1
L39033182,CN,CN-42,,30.6386874,114.408145,青山公园 (Qingshan Park),2026-06-09 08:00,72,21
L38537239,CN,CN-43,,28.8730277,112.8366694,青山岛 (Qingshan Island),2026-02-19 08:00,89,2
L20824739,CN,CN-33,,30.4756496,119.8355258,青山村 (Qingshan Village),2026-04-19 10:14,70,7
L39868267,CN,CN-32,,31.1825848,119.4420331,青山村 (Qingshan Village),2026-05-23 05:29,48,10
L10824440,CN,CN-33,,30.2397529,119.757281,青山湖 (Qingshan Lake),2026-09-10 16:00,324,1028
L23668529,CN,CN-35,,27.2214195,120.1961199,青屿 (Qing Islet),2023-07-20 08:35,16,3
L29944145,CN,CN-35,,26.156601,119.1137829,青岐村 (Qingqi Village),2024-03-16 14:14,12,2
L37559760,CN,CN-37,,36.19764,120.4983389,青岛世界园艺博览园 (Qingdao World Horticultural Expo Park),2026-02-08 09:30,35,8
L2462620,CN,CN-37,,36.0639295,120.3490718,"青岛中山公园 (Zhongshan Park, Qingdao)",2026-09-27 15:00,200,239
L36884961,CN,CN-37,,36.0798829,120.3373501,"青岛儿童公园 (Children's Park, Qingdao)",2025-07-27 12:09,1,0
L36885029,CN,CN-37,,36.0691427,120.3505088,青岛动物园 (Qingdao Zoo),2026-01-21 14:12,12,3
L39000520,CN,CN-37,,36.1701243,120.362659,青岛北站西侧荒地 (Qingdao North Station Wetlands),2026-04-04 08:30,116,19
L58149218,CN,CN-37,,36.2519747,120.2932309,青岛听海广场 (Tinghai Square),2026-09-06 15:51,53,9
L17307008,CN,CN-37,,36.2860565,120.3946152,青岛奥林匹克雕塑文化园 (Qingdao Olympic Sculpture Cultural Park),2026-05-24 12:04,41,15
L36885015,CN,CN-37,,36.0696151,120.3430809,青岛山公园 (Qingdaoshan Park),2026-05-27 12:30,24,2
L16403134,CN,CN-37,,36.0584581,120.3204575,青岛栈桥 (Qingdao Zhanqiao Pier),2026-09-24 17:10,25,25
L14999202,CN,CN-37,,36.064797,120.3614222,青岛植物园 (Qingdao Botanical Garden),2025-09-07 07:11,63,26
L16236624,CN,CN-37,,36.0889993,120.4352999,青岛浮山生态公园 (Qingdao Fushan Eco-Park),2026-08-10 15:30,68,21
L39676507,CN,CN-37,,36.0678428,120.4419952,青岛海昌极地海洋世界 (Qingdao Haichang Polar Ocean Park),2026-06-05 15:12,38,24
L25527458,CN,CN-37,,36.1136337,120.504955,青岛石湾森林公园 (Qingdao Shiwan Forest Park),2026-06-28 17:28,52,14
L22834094,CN,CN-37,,36.0760654,120.4510795,青岛雕塑园 (Qingdao Sculpture Garden),2026-09-27 06:30,91,44
L38650405,CN,CN-21,,41.7804626,123.438651,青年公园 (Youth Park),2025-05-20 10:39,10,1
L15488367,CN,CN-21,,41.297641,121.8453129,青年水库 (Qingnian Reservoir),2025-05-10 08:10,70,12
L36715722,CN,CN-11,,39.9552468,116.4027267,青年湖公园 (Youth Lake Park),2026-01-11 09:19,15,4
L39868491,CN,CN-32,,31.7978438,119.8989169,青枫公园 (Qingfeng Park),2026-08-19 17:00,26,6
L6136781,CN,CN-65,,44.12902,87.53557,青格达湖风景区 (Qinggeda Lake Scenic Area),2026-09-26 14:21,99,22
L38019304,CN,CN-15,,39.6152003,109.77771,青椿山公园 (Qingchunshan Park)
L30177869,CN,CN-32,,31.885202,118.852043,青沙咀农田 (Qingshazui Farmlands),2026-09-19 19:40,161,120
L37993102,CN,CN-65,,46.6883447,90.3515558,"青河白桦公园 (White Birch Park, Qinggil)",2026-04-01 19:01,51,5
L58929340,CN,CN-44,,23.2617433,116.7446407,青洲盐场,2026-09-21 16:20,104,33
L37918993,CN,CN-33,,30.1953816,122.7078998,青浜岛 (Qingbang Island),2025-05-02 11:53,43,4
L7901303,CN,CN-63,,36.7272663,101.7509337,青海大学 (Qinghai University),2025-12-28 00:00,43,11
L9939594,CN,CN-63,,36.6385369,100.7415881,青海湖--东端 (Qinghai Lake--Eastern End),2026-08-18 14:26,136,55
L19213386,CN,CN-63,,36.6516443,100.4765122,青海湖--二郎剑景区 (Qinghai Lake--Er'langjian Scenic Area),2026-08-06 14:00,85,33
L7528223,CN,CN-63,,37.1899462,100.1151037,青海湖--仙女湾景区 (Qinghai Lake--Fairy Bay Scenic Area),2026-08-08 15:02,71,20
L997404,CN,CN-63,,36.6551955,99.9371381,青海湖--南边峡谷 (Qinghai Lake--Southside Canyon),2026-07-26 19:51,134,19
L19994387,CN,CN-63,,36.8691155,100.6621456,青海湖--沙岛 (Qinghai Lake--Sand Island),2026-01-30 11:50,101,8
L997401,CN,CN-63,,36.9788756,99.9005919,青海湖--鸟岛 (Qinghai Lake--Bird Island),2026-08-23 14:01,147,70
L39614786,CN,CN-63,,37.1979787,99.8329627,青海湖断崖 (Lakeshore Cliff),2026-08-18 07:06,48,11
L3642233,CN,CN-34,,31.8845362,117.2286379,青溪公园 (Qingxi Park),2026-09-20 00:00,36,9
L38242677,CN,CN-51,,30.8919195,104.2856225,"青白江凤凰湖景区 (Fenghuanghu Scenic Area, Qingbaijiang)"
L38190566,CN,CN-51,,29.7600826,103.8432483,青神中岩风景区 (Qingshen Zhongyan Scenic Area),2026-01-29 13:52,50,4
L3510576,CN,CN-45,,22.785836,108.3894396,青秀山风景区 (Qingxiu Mountain Scenic Area),2026-08-29 07:27,161,96
L3498152,CN,CN-45,,22.7961426,108.3734429,青秀湖公园 (Qingxiu Lake Park),2026-07-23 09:00,67,22
L55863126,CN,CN-37,,35.8306604,120.035532,青草河口滩涂 (Qingcao River Estuary),2026-02-05 14:56,18,1
L38059385,CN,CN-64,,37.7618477,105.916637,青铜峡鸟岛自然保护区 (Qingtongxia Bird Island Reserve),2025-10-05 17:46,14,1
L38297755,CN,CN-61,,34.2331689,108.9893778,青龙寺 (Qinglong Temple),2025-03-16 09:36,11,3
L14702938,CN,CN-41,,34.6908634,113.0427711,青龙山 (Qinglong Mountains),2021-05-02 14:13,33,1
L38896953,CN,CN-42,,29.8690478,114.3031442,青龙山公园 (Qinglongshan Park)
L39723028,CN,CN-42,,30.327443,114.3270865,青龙山国家森林公园 (Qinglongshan Forest Park),2026-02-18 09:50,26,2
L5243322,CN,CN-13,,40.1336885,119.0548897,青龙河 (Qinglong River),2025-05-13 13:14,98,12
L38320673,CN,CN-13,,39.5779008,118.1522114,青龙泽 (Qinglongze),2025-04-06 09:40,40,1
L38527481,CN,CN-43,,28.605148,112.3157442,青龙洲生态公园 (Qinglongzhou Eco-Park)
L1616778,CN,CN-51,,30.6422562,104.1790581,青龙湖 (Qinglong Lake),2026-09-27 16:52,261,552
L12717783,CN,CN-11,,39.7951016,116.0821059,青龙湖公园 (Qinglong Lake Park),2026-03-22 14:33,71,9
L25895745,CN,CN-11,,39.7845818,116.0454468,青龙湖森林公园 (Qinglong Lake Forest Park),2024-03-05 15:09,30,2
L25894916,CN,CN-11,,39.7912648,116.0625274,青龙湖水岸湿地公园 (Qinglong Lake Waterfront Wetland Park),2026-05-23 14:23,75,5
L47088017,CN,CN-12,,39.6234345,117.1488722,青龙湾固沙林自然保护区 (Qinglongwan Sand-stabilizing Forest Nature Reserve),2025-07-23 08:16,37,4
L32227846,CN,CN-12,,39.4781012,117.4510901,青龙湾河口 (Qinglongwan River Confluence),2025-04-19 17:30,70,7
L36662906,CN,CN-23,,45.7917783,126.6633573,靖宇公园 (Jingyu Park)
L3977399,CN,CN-45,,23.0207336,106.6559202,靖西通灵大峡谷 (Jingxi Tongling Grand Canyon),2026-02-19 15:57,60,5
L22718112,CN,CN-45,,23.1424638,106.4198037,靖西龙潭湿地公园 (Jingxi Longtan Wetland Park),2024-04-08 08:30,44,7
L39939214,CN,CN-31,,31.2221272,121.4466594,静安公园 (Jing'an Park),2026-08-11 17:30,14,10
L9557370,CN,CN-31,,31.235217,121.464401,静安雕塑公园 (Jing’an Sculpture Park),2026-09-19 07:10,31,38
L7235403,CN,CN-51,,30.5924103,103.5208654,静惠山公园 (Jinghuishan Park),2026-02-22 14:41,33,5
L14378420,CN,CN-32,,31.9375263,118.7721927,静明寺 (Jingming Temple),2026-08-06 09:30,30,3
L39643316,CN,CN-35,,24.3963622,118.0517024,静湖公园 (Jinghu Park)
L23979771,CN,CN-35,,27.016157,118.0561413,靛墩水库 (Diandun Reservoir),2023-05-02 12:19,28,2
L38297723,CN,CN-61,,34.2715305,108.9590398,革命公园 (Revolution Park),2026-09-22 17:30,21,3
L75874099,CN,CN-32,,32.1030698,119.32193,韦岗村 (Weigang Village),2026-09-05 17:00,31,7
L8970568,CN,CN-33,,29.4226587,122.2001967,韭山列岛国家级自然保护区 (Jiushan Islands NNR),2026-07-23 05:00,248,404
L63244358,CN,CN-23,,45.7502469,126.5588093,音乐长廊 (Music Corridor),2024-10-31 13:30,3,1
L39833225,CN,CN-44,,24.7956396,113.5962683,"韶关中山公园 (Zhongshan Park, Shaoguan)",2026-03-20 16:18,9,1
L39833210,CN,CN-44,,24.7796762,113.6058743,韶关国家森林公园 (Shaoguan Forest Park),2026-08-24 09:00,41,4
L39833241,CN,CN-44,,24.8111534,113.5594411,韶州公园 (Shaozhou Park),2025-02-28 07:38,26,3
L59211421,CN,CN-35,,24.8483521,118.079926,顶上乡村 (Dingshang Countryside),2026-02-23 10:15,30,1
L38442315,CN,CN-45,,22.720398,108.4700731,顶蛳山田园风光区 (Dingsishan Scenic Area),2026-04-25 07:00,107,17
L38451138,CN,CN-11,,40.102895,116.7278564,顺义新城滨河森林公园 (Shunyi Riverside Forest Park),2025-06-15 11:00,84,11
L29247652,CN,CN-11,,40.1146806,116.703495,顺义新城滨河森林公园二区 (Shunyi Riverside Forest Park Area II),2026-02-14 08:33,122,146
L38992818,CN,CN-33,,30.274664,120.277054,顺坝垦区 (Shunba Agricultural Area),2026-08-08 05:33,147,127
L18369374,CN,CN-44,,22.8174326,113.2846722,顺峰山公园 (Shunfengshan Park),2026-09-26 16:20,48,27
L5951181,CN,CN-44,,22.8421666,113.2903504,顺德鹭园 (Shunde Heron Garden),2026-06-19 17:42,29,4
L11171094,CN,CN-33,,30.0247838,118.9343153,顺溪坞 (Shunxi Valley),2026-07-31 18:45,70,13
L35841393,CN,CN-64,,36.2805375,105.9862232,须弥山石窟 (Xumishan Grottoes),2024-08-15 00:00,13,1
L28566738,CN,CN-33,,28.7370841,118.6386657,须江公园 (Xujiang Park),2026-06-27 08:56,28,4
L60401461,CN,CN-23,,45.7505847,126.5767948,顾乡公园[何家沟] (Guxiang Park),2026-04-14 17:34,25,6
L5196838,CN,CN-31,,31.3404609,121.3749468,顾村公园 (Gucun Park),2026-05-19 09:15,105,76
L48195262,CN,CN-12,,39.0342511,117.2571658,领世郡湿地 (Lingshi County Wetlands),2025-06-22 08:13,25,2
L38650650,CN,CN-34,,32.9069271,115.6591789,颍州西湖 (Yingzhou West Lake),2025-04-12 16:45,2,0
L1168475,CN,CN-11,,39.9926986,116.272333,颐和园 (Summer Palace),2026-09-26 20:03,270,1542
L38198914,CN,CN-11,,39.9998188,116.2746194,颐和园--万寿山 (Summer Palace--Longevity Hill),2026-09-21 06:54,86,45
L29719377,CN,CN-11,,39.9914673,116.264186,颐和园--团城湖 (Summer Palace--Tuancheng Lake),2026-09-20 07:05,150,249
L33590548,CN,CN-51,,31.017165,103.6585427,"颐湖健康主题公园 (Yihu Park, Dujiangyan)",2026-05-03 16:13,23,1
L33159779,CN,CN-41,,35.7332756,114.7597075,颛顼帝喾陵 (Tombs of Zhuanxu and Di Ku),2024-06-08 09:26,13,1
L38027183,CN,CN-15,,50.3553456,120.4319655,额尔古纳国家湿地公园 (Ergun National Wetland Park),2026-08-10 09:04,44,9
L38024590,CN,CN-15,,43.953167,116.0675848,额尔敦敖包公园 (Erdon Ovoo Park)
L38018470,CN,CN-15,,41.9734533,101.0464337,额济纳湿地公园 (Ejin Wetland Park),2025-05-30 17:45,13,2
L33207814,CN,CN-15,,41.9596101,101.0841322,额济纳胡杨林景区 (Ejin Poplar Forest Scenic Area),2025-05-08 15:31,27,3
L40091925,CN,CN-44,,23.5387293,113.560887,风云岭森林公园 (Fengyunling Forest Park),2024-12-14 15:13,10,1
L15830828,CN,CN-63,,37.613714,101.315926,风峡口 (Fengxiakou),2026-09-04 17:44,107,127
L27359205,CN,CN-37,,35.8565074,120.0479062,风河口 (Fenghe Estuary),2026-08-18 06:25,115,23
L62439155,CN,CN-32,,32.4209788,119.4229317,风筝广场 (Kite Park),2026-03-25 14:55,3,0
L39394043,CN,CN-44,,22.5173079,112.3016218,风车山 (Fengche Mountain),2025-01-11 09:00,33,1
L29147292,CN,CN-42,,30.195642,115.114043,飞云山 (Feiyun Mountain),2025-08-01 07:00,34,3
L22958173,CN,CN-35,,26.0181497,119.2705013,飞凤山公园 (Feifengshan Park),2023-03-07 14:30,17,1
L76907573,CN,CN-35,,25.0245047,119.1243803,飞戟洞 (Feiji Cave),2025-11-29 09:50,1,0
L17351058,CN,CN-53,,28.437089,98.88084,飞来寺 (Feilai Temple),2026-04-09 07:24,52,14
L39820662,CN,CN-44,,23.7295806,113.0293349,飞来湖湿地公园东区 (Feilaihu Wetland Park East)
L39820674,CN,CN-44,,23.7213731,113.0184497,飞来湖湿地公园西区 (Feilaihu Wetland Park West)
L5875395,CN,CN-23,,46.798403,134.011875,饶河 (Raohe),2015-07-28 00:00,25,2
L21650926,CN,CN-21,,41.2830822,121.9986647,饶阳湖景区 (Raoyang Lake),2025-04-18 10:54,13,2
L14463958,CN,CN-42,,30.5426822,114.3112992,首义公园 (Shouyi Park),2026-07-04 16:15,104,95
L38376294,CN,CN-21,,40.6391651,120.7619073,首山国家森林公园 (Shoushan Forest Park)
L30610489,CN,CN-11,,39.8420491,116.3111764,首都经济贸易大学 (Capital University of Economics and Business),2026-09-24 15:29,81,123
L38896973,CN,CN-42,,29.8224604,114.3295703,香吾山公园 (Xiangwushan Park)
L38243021,CN,CN-51,,30.7483558,104.1731163,香城湿地公园 (Xiangcheng Wetland Park),2026-04-20 17:53,43,6
L37988713,CN,CN-65,,39.3494997,76.0513865,香妃湖景区 (Iparxan Lake Scenic Area),2026-09-13 11:51,3,1
L12391199,CN,CN-33,,31.1546046,119.8988739,香山 (Xiangshan Mountain),2024-08-03 12:10,34,2
L1225800,CN,CN-11,,39.9898787,116.1908913,香山公园 (Fragrant Hills Park),2026-09-01 09:50,124,80
L39980036,CN,CN-44,,22.2884288,113.5331952,香山湖公园 (Xiangshan Lake Park),2026-08-22 17:56,20,3
L26813547,CN,CN-37,,35.4351745,119.473017,香店河 (Xiangdian River),2023-08-29 15:00,11,1
L5897538,CN,CN-63,,35.993651,97.894235,香日德 (Xiangride),2026-09-24 21:30,83,17
L3758032,CN,CN-53,,27.9037968,99.6403742,香格里拉高山植物园 (Shangri-La Alpine Botanical Garden),2026-07-16 10:30,214,137
L57410995,CN,CN-45,,24.7444928,109.6631241,香桥岩溶国家地质公园 (Xiangqiao Karst National Geo-Park),2025-05-25 11:00,6,0
L38296896,CN,CN-61,,32.6614429,109.0345071,香溪洞公园 (Xiangxidong Park)
L40061413,CN,CN-44,,22.5461057,114.0221868,香蜜公园 (Xiangmi Park),2026-06-12 16:45,35,7
L21369055,CN,CN-44,,22.5490291,114.0304778,香蜜湖 (Xiangmi Lake),2024-12-28 17:26,60,15
L13803432,CN,CN-53,,24.7450467,98.0672312,香额湖 (Xiang'e Lake),2026-09-27 15:15,184,236
L40128951,CN,CN-53,,25.734548,100.173018,马久邑湖滨 (Majiuyi Lakefront),2026-08-14 17:55,95,39
L55009334,CN,CN-34,,30.9685205,118.164525,马仁山 (Maren Mountain),2023-01-30 12:00,12,1
L39000287,CN,CN-37,,36.2325194,120.8211662,马儿岛 (Maer Island),2025-04-18 08:40,7,1
L38551479,CN,CN-36,,25.8727721,115.0493034,马口生态公园 (Makou Eco-Park),2025-10-02 11:59,21,2
L2054819,CN,CN-11,,40.3798824,115.8416955,马场 (Ma Chang),2026-09-27 15:38,334,1186
L20552377,CN,CN-62,,35.782099,103.995419,马坡乡 (Mapo),2026-06-19 07:10,98,28
L19965517,CN,CN-36,,27.8208655,117.2015252,马头山国家级自然保护区 (Matou Mountain NNR),2026-04-26 07:51,106,5
L1509355,CN,CN-41,,34.7276759,112.2623,马头村 (Matou Village),2026-06-02 13:34,44,19
L17495530,CN,CN-11,,39.839477,116.559225,马家湾湿地公园 (Majiawan Wetland Park),2026-06-23 10:48,111,82
L38060353,CN,CN-64,,37.775217,106.7829799,马家滩南湖 (Majiatan South Lakes),2026-09-09 10:00,41,1
L39865705,CN,CN-32,,33.4796991,119.6196718,马家荡风景区 (Majiadang Scenic Area)
L30361453,CN,CN-34,,31.4247491,117.5547731,马尾河湿地 (Mawei River Wetlands),2026-03-14 14:40,24,3
L38286230,CN,CN-62,,39.5910726,99.6313975,马尾湖水库 (Maweihu Reservoir),2026-01-25 13:30,20,2
L39411871,CN,CN-33,,29.7421903,121.6759229,马山湿地 (Mashan Wetlands),2026-06-28 06:50,55,5
L28191285,CN,CN-52,,25.1328856,104.9472741,马岭河峡谷湿地公园 (Malinghe Canyon & Wetlands),2026-07-04 11:00,45,6
L59900053,CN,CN-44,,22.6479032,114.2929384,马峦山郊野公园 (Maluanshan Country Park),2026-02-11 10:30,7,1
L38108937,CN,CN-53,,26.7785413,103.2576104,马树湿地 (Mashu Wetlands),2025-12-26 07:50,43,2
L38815599,CN,CN-41,,34.8753879,113.8176616,马渡黄河大堤 (Madu Embankment),2026-02-03 06:00,34,3
L9759097,CN,CN-33,,30.1550806,121.9516561,马目乡 (Mamu Countryside),2026-08-06 11:54,119,62
L38425988,CN,CN-45,,23.1009444,109.5793626,马草江生态公园 (Macaojiang Eco-Park)
L38842147,CN,CN-37,,37.0789432,118.0681784,马踏湖国家湿地公园 (Mata Lake Wetland Park),2025-06-12 08:51,21,1
L9678676,CN,CN-62,,38.4861806,100.4173565,马蹄寺 (Mati Temple),2026-09-13 10:18,156,90
L17761402,CN,CN-33,,30.6919619,122.4402118,马迹山大塘 (Majishan Sea Pond),2025-09-10 13:30,13,1
L31754406,CN,CN-35,,24.5478339,117.9951499,马銮湾--中心地铁站周边 (Maluan Bay--Central Metro Station),2026-08-22 07:00,190,187
L39797346,CN,CN-35,,24.5674194,118.0068708,马銮湾--双溪湿地公园 (Maluan Bay--Shuangxi Wetland Park),2026-09-18 07:00,76,14
L39795814,CN,CN-35,,24.5393286,118.0224622,马銮湾--环湾带状公园 (Maluan Bay--SE Shore Park),2026-02-20 14:45,68,4
L26363193,CN,CN-37,,35.4949094,119.3970733,马陵水库 (Maling Reservoir),2023-05-27 17:00,28,1
L14725960,CN,CN-42,,30.5139323,114.4446229,马鞍山森林公园 (Ma'anshan Forest Park),2026-09-11 18:55,144,86
L24362119,CN,CN-34,,31.6816157,118.4483671,马鞍山滨江生态湿地 (Ma'anshan Riverside Wetlands),2026-07-15 07:11,37,4
L38162744,CN,CN-50,,29.8205916,106.4166661,马鞍溪湿地公园 (Ma'anxi Wetland Park)
L19207734,CN,CN-11,,39.7701402,116.6418432,马驹桥湿地公园 (Majuqiao Wetland Park),2026-09-27 10:12,112,36
L38651194,CN,CN-34,,31.288104,115.6885375,马鬃岭风景区 (Mazongling Scenic Area),2026-05-01 14:30,9,1
L38426342,CN,CN-45,,24.3404472,109.4424821,马鹿山 (Malu Hill),2026-09-24 08:36,9,1
L23685699,CN,CN-35,,26.376846,119.671578,马鼻镇 (Mabi Town),2025-07-26 06:00,104,3
L10951791,CN,CN-33,,30.1295265,120.5860207,驮峰山 (Tuofeng Hill),2026-08-05 15:48,23,3
L37288899,CN,CN-45,,22.697704,107.2120504,驮押屯 (Tuoya),2025-10-21 14:50,51,6
L38671730,CN,CN-41,,32.9574338,114.008276,驻马店置地公园 (Zhumadian Zhidi Park)
L38127842,CN,CN-52,,26.2493728,105.9631583,驼宝山 (Tuobao Hill)
L38018704,CN,CN-15,,47.4623711,120.648119,驼峰岭天池 (Tuofengling Pond),2026-07-11 12:13,3,1
L32284056,CN,CN-22,,43.774436,123.534674,骆驼岭水库 (Luotuoling Reservoir),2025-05-20 06:30,46,2
L60287222,CN,CN-62,,35.0042256,104.0590605,"骆驼项 (Luotuoxiang, Weiyuan)",2025-07-26 17:37,6,1
L35607835,CN,CN-61,,34.3526693,109.2107229,骊山国家森林公园 (Lishan National Forest Park),2026-05-09 15:51,29,3
L40003366,CN,CN-31,,31.3070559,121.6393933,高东生态园 (Gaodong Eco-Park),2026-08-27 14:15,68,96
L12492993,CN,CN-61,,33.9947335,108.7606312,高冠瀑布 (Gaoguan Waterfall),2026-05-05 08:25,87,11
L38286201,CN,CN-62,,39.3897048,99.8193229,高台城市湿地公园 (Gaotai Urban Wetland Park),2026-01-25 09:30,34,1
L20650066,CN,CN-44,,23.3527913,113.2943905,高增村 (Gaozeng Village),2024-09-11 07:50,33,4
L47413995,CN,CN-65,,43.6403791,93.2151803,高家湖湿地 (Gaojia Lake Wetlands),2026-07-10 12:17,15,0
L38376613,CN,CN-21,,41.8943352,123.9033933,高尔山 (Gaor Hill),2025-12-03 13:20,9,3
L15759548,CN,CN-46,,19.660731,109.9598158,高山朗村 (Gaoshanlang Village),2026-06-20 07:00,70,24
L47542400,CN,CN-42,,31.0317027,113.0632409,高岭渔场 (Gaoling Fishery),2025-06-14 07:23,34,1
L42637747,CN,CN-45,,22.9653875,108.3717585,高峰森林公园 (Gaofeng Forest Park),2026-03-15 15:00,59,3
L35760066,CN,CN-62,,35.681323,104.213055,高崖水库 (Gaoya Reservoir),2024-08-30 08:30,55,8
L39963591,CN,CN-44,,22.903746,112.7531128,高明万亩稻田 (Gaoming Paddyfields),2026-07-05 11:41,77,12
L30370749,CN,CN-34,,31.4497966,117.6557029,高林山 (Gaolin Hill),2024-04-05 14:00,1,1
L40003379,CN,CN-31,,31.3456295,121.5726046,高桥公园 (Gaoqiao Park)
L40003378,CN,CN-31,,31.3558857,121.5791012,高桥港城绿地 (Gaoqiao Gangcheng Greenspace),2025-06-25 17:00,18,2
L39980746,CN,CN-44,,21.567485,109.7660768,高桥红树林 (Gaoqiao Mangroves),2026-08-01 10:00,25,3
L39962871,CN,CN-44,,23.0814957,114.3736845,高榜山 (Gaobang Hill),2014-05-02 11:40,9,1
L61230783,CN,CN-32,,31.3204949,118.8970981,高淳濑渚公园 (Gaochun Laizhu Park),2026-03-29 06:19,21,1
L16432701,CN,CN-33,,29.7351259,120.2904664,高湖湿地 (Gaohu Lake Wetlands),2026-08-10 07:58,167,20
L39595390,CN,CN-35,,26.013081,119.310234,高盖山公园 (Gaogaishan Park),2026-03-07 12:52,79,37
L39644146,CN,CN-35,,26.7517814,120.0971561,高罗海滩 (Gaoluo Beach),2026-09-06 12:14,31,9
L20717189,CN,CN-44,,22.865126,115.527069,高螺村湿地 (Gaoluo Wetlands),2026-04-03 12:31,106,22
L26686575,CN,CN-32,,32.901754,119.408786,高邮湖--东岸 (Gaoyou Lake--East),2026-01-02 12:00,80,4
L56724383,CN,CN-32,,32.7227853,119.3970513,高邮湖滩郊野公园 (Gaoyou Lake Country Park),2026-09-22 15:23,104,20
L62859401,CN,CN-53,,25.2981467,98.7694409,高黎贡古道--东坡岗房 (Gaoligong Trail--East Security Post)
L36990540,CN,CN-53,,25.3001534,98.781027,高黎贡古道--二台坡 (Gaoligong Trail--Ertaipo),2026-05-01 10:12,133,18
L36990652,CN,CN-53,,25.2909564,98.736832,高黎贡古道--南斋公房 (Gaoligong Trail--South Alms House [3170m]),2026-04-24 11:40,94,8
L36990559,CN,CN-53,,25.2945956,98.775172,高黎贡古道--大风包 (Gaoligong Trail--Heavy-Wind Ridge),2026-07-30 15:25,130,17
L62859326,CN,CN-53,,25.2940384,98.7502286,高黎贡古道--换米处 (Gaoligong Trail--Rice Exchange Spot)
L62859815,CN,CN-53,,25.2875998,98.7074531,高黎贡古道--撒马坝 (Gaoligong Trail--Horse-feeding Flatland)
L19136493,CN,CN-53,,25.286041,98.700699,高黎贡古道--林家铺 (Gaoligong Trail--Linjiapu),2026-04-26 09:20,166,16
L62859904,CN,CN-53,,25.2859039,98.7125676,高黎贡古道--西坡岗房 (Gaoligong Trail--West Security Post)
L62859177,CN,CN-53,,25.2921407,98.7440895,高黎贡古道--迎客杉 (Gaoligong Trail--Welcoming Spruce),2026-04-22 08:00,35,2
L36990606,CN,CN-53,,25.2965434,98.7549918,高黎贡古道--黄竹河 (Gaoligong Trail--Yellow-Bamboo River),2026-04-18 10:05,68,4
L36914762,CN,CN-53,,25.0084132,98.5000982,高黎贡山植物园 (Gaoligong Shan Botanical Garden),2026-08-25 19:18,117,17
L9929460,CN,CN-53,,24.8280661,98.7704802,高黎贡山自然公园 [赧亢] (Gaoligongshan Nature Park at Nankang),2026-02-26 10:43,248,61
L39857406,CN,CN-32,,31.9740589,118.6628225,鱼嘴湿地公园 (Yuzui Wetland Park),2026-06-17 14:36,55,10
L38182531,CN,CN-51,,30.197746,101.5867527,鱼子西 (Yuzixi),2026-07-12 15:03,13,7
L38552750,CN,CN-36,,28.7154242,115.9947019,鱼尾洲湿地公园 (Yuweizhou Wetland Park),2026-06-19 09:00,41,9
L38163629,CN,CN-42,,32.039256,112.209178,鱼梁洲中央生态公园 (Yuliangzhou Central Eco-Park),2026-09-25 14:30,101,35
L5901212,CN,CN-63,,36.4692867,94.9347383,鱼水河鱼池 (Yushui River Pond),2026-07-01 09:10,42,8
L28847523,CN,CN-33,,29.9334015,122.2887555,鲁家峙 (Lujiazhi Harbour),2026-01-12 15:47,23,15
L8766134,CN,CN-54,,29.746111,94.747711,鲁朗原始森林 (Lulang Forest),2026-09-04 10:50,116,33
L65133955,CN,CN-21,,41.7761668,123.4224392,鲁迅儿童公园 (Lu Xun Children's Park),2024-09-05 11:30,14,2
L36072841,CN,CN-31,,31.2719799,121.4837832,鲁迅公园 (Lu Xun Memorial Park),2026-05-30 16:24,37,31
L5662773,CN,CN-63,,36.6352297,101.765963,鲁青公园 (Luqing Park),2026-09-12 07:00,30,10
L35276970,CN,CN-65,,43.8494425,87.5790665,鲤鱼山公园 (Liyushan Park),2026-03-17 11:00,18,5
L39745949,CN,CN-35,,25.080056,118.8878786,鲤鱼岛 (Liyu Island),2025-11-29 07:00,10,0
L45111163,CN,CN-51,,30.990086,103.6110021,鲤鱼沱大桥 (Liyutuo Bridge),2026-08-05 09:07,137,87
L38127784,CN,CN-53,,24.6677358,102.6406367,鲸鱼湾 (Whale Bay),2025-04-29 09:14,68,20
L26460134,CN,CN-37,,36.4545162,120.7460659,鳌山湾 (Aoshan Bay),2026-09-05 07:18,64,9
L60024107,CN,CN-35,,26.051289,119.3562862,鳌峰公园 (Aofeng Park),2024-01-22 15:50,1,0
L16972574,CN,CN-33,,27.597806,120.5746973,鳌江九叠河公园 (Aojiang Jiudiehe Park),2026-01-31 00:00,6,0
L26908755,CN,CN-35,,26.2557959,119.6479035,鳌江口 (Ao River Estuary),2024-09-14 06:00,37,2
L13284302,CN,CN-33,,27.5834152,120.6154433,鳌江口 (Aojiang River Estuary),2026-08-11 10:07,96,35
L17777952,CN,CN-33,,27.5733856,120.4978916,"鳌江朱家站段 (Zhujiazhan Section, Aojiang River)",2026-03-13 09:18,59,3
L31143890,CN,CN-35,,26.0169923,119.7098599,鸟咀 (Niaozui),2026-09-12 14:36,174,103
L21170633,CN,CN-53,,25.2920656,100.344049,鸟道雄关环志站 (Niaodao Xiongguan Bird Banding Station),2022-10-09 16:50,69,8
L38672314,CN,CN-41,,31.8003002,114.0841117,鸡公山风景区 (Jigongshan Scenic Area)
L39832739,CN,CN-44,,22.485236,113.5727029,鸡头角 (Jitoujiao),2026-08-21 06:40,121,23
L11361155,CN,CN-44,,23.742956,113.8314791,鸡枕山 (Jizhen Mountain),2026-07-04 08:00,111,34
L38035677,CN,CN-23,,45.3045784,130.8973507,鸡西动植物园 (Jixi Zoo & Botanical Garden)
L38035687,CN,CN-23,,45.304228,130.9330489,鸡西城市森林公园 (Jixi Urban Forest Park)
L38035696,CN,CN-23,,45.3077361,130.986608,"鸡西河滨公园 (Hebin Park, Jixi)"
L6642234,CN,CN-53,,25.9433811,100.3979588,鸡足山 (Mount Jizu),2024-02-13 10:05,31,4
L11449967,CN,CN-37,,37.4500799,122.485747,鸡鸣岛 (Jiming Island),2023-07-15 14:00,10,2
L38896467,CN,CN-37,,36.6781348,119.1054208,鸢都湖 (Yuandu Lake),2025-12-09 13:13,23,2
L53752643,CN,CN-36,,28.9300108,117.0522928,鸣山禅寺 (Mingshan Temple),2025-08-26 06:00,31,0
L36309351,CN,CN-64,,38.394236,106.3718739,鸣翠湖国家湿地公园 (Mingcui Lake National Wetland Park),2026-09-08 09:31,50,3
L28438560,CN,CN-33,,30.133276,121.3753234,鸣鹤镇--白洋湖 (Minghe--Baiyang Lake),2025-10-02 11:53,43,27
L52901905,CN,CN-33,,30.4846024,119.7329419,鸬鸟山 (Luniao Mountain),2025-10-08 12:00,54,5
L17630633,CN,CN-42,,30.3463093,113.8295704,鸭垸湖 (Yayuan Lake),2026-01-25 14:39,120,16
L38340794,CN,CN-14,,35.0318655,111.1057664,鸭子池 (Duck Pond),2026-08-26 09:30,69,11
L2364070,CN,CN-21,,39.8229029,124.0813065,鸭绿江口湿地 (Yalu River Estuary Wetlands),2026-07-08 12:10,172,70
L14427431,CN,CN-21,,40.9754917,121.7897129,鸳鸯沟风景区 (Yuanyanggou Scenic Area),2024-10-04 12:55,79,4
L19036981,CN,CN-44,,21.8577549,111.9887882,鸳鸯湖公园 (Yuanyang Lake Park),2026-08-22 17:31,11,4
L28144933,CN,CN-34,,32.6238073,117.0568659,鸳鸯湖公园 (Yuanyanghu Park),2026-03-10 17:00,26,5
L39517051,CN,CN-35,,27.1520698,119.9627732,鸳鸯草场 (Yuanyang Meadow),2025-09-07 06:43,35,5
L38450994,CN,CN-11,,39.8213458,116.4785803,鸿博公园 (Hongbo Park),2026-07-20 21:34,1,1
L39797313,CN,CN-35,,24.4472448,118.0867685,鸿山公园 (Hongshan Park),2026-05-12 10:19,16,3
L7440378,CN,CN-50,,29.5694906,106.5075102,鸿恩寺森林公园 (Hong'ensi Forest Park),2026-09-28 09:48,147,128
L10825230,CN,CN-33,,30.5027366,120.7286544,鹃湖公园 (Juanhu Park),2026-09-28 07:42,93,29
L9929587,CN,CN-35,,24.7905421,117.3351513,鹅仙洞 (E'xian Cave),2025-12-14 15:47,26,2
L36914651,CN,CN-50,,29.5497439,106.5361512,鹅岭公园 (Eling Park),2026-09-13 13:19,30,19
L49694078,CN,CN-45,,23.10196,106.38537,鹅泉 (Goose Spring),2024-12-05 08:00,23,2
L38538603,CN,CN-36,,27.6365127,113.8625798,鹅湖公园 (E'hu Park)
L39962844,CN,CN-44,,23.110534,114.4114645,鹅潭公园 (Etan Park),2024-01-09 12:17,1,0
L36015118,CN,CN-44,,23.0196442,114.6275496,鹊地村 (Quedi Village),2025-10-24 12:23,27,3
L39459743,CN,CN-37,,36.760467,116.9644887,鹊山龙湖湿地公园 (Queshan Longhu Wetland Park),2015-07-02 00:00,6,0
L24098249,CN,CN-37,,36.7676571,116.9615703,鹊山龙湖湿地公园北区 (Queshan Longhu Wetland Park North),2023-12-29 00:00,67,5
L69036212,CN,CN-54,,29.63208,91.11596,鹏矗生态园 (Pengchu Eco-Park),2026-05-26 09:00,9,1
L5666802,CN,CN-63,,37.0394056,101.8302603,鹞子沟风景区 (Yaozigou Scenic Area),2026-09-04 07:54,139,416
L38650953,CN,CN-34,,30.9735662,116.0981435,鹞落坪国家级自然保护区 (Yaoluoping NNR),2025-10-03 22:34,22,3
L38035724,CN,CN-23,,47.3089621,130.276686,"鹤岗五指山公园 (Wuzhishan Park, Hegang)"
L38035720,CN,CN-23,,47.3519172,130.2935133,"鹤岗儿童公园 (Children's Park, Hegang)"
L38035712,CN,CN-23,,47.3661856,130.2900276,"鹤岗北山公园 (Beishan Park, Hegang)"
L4216153,CN,CN-53,,26.5947056,100.1863647,"鹤庆草海湿地 (Caohai Wetlands, Heqing)",2026-09-01 13:42,133,38
L57231786,CN,CN-35,,26.09546,119.3466798,鹤林生态公园 (Helin Eco-Park),2026-09-04 12:35,33,16
L15329035,CN,CN-14,,36.812577,112.1128028,鹤溪泉 (Hexiquan),2026-08-11 09:30,44,5
L38038048,CN,CN-22,,45.5753386,122.8719165,鹤鸣湖公园 (Heminghu Park)
L4730999,CN,CN-46,,19.0506704,109.5656092,鹦哥岭自然保护区--鹦哥嘴保护站 (Yinggeling NNR--Yinggezui Station),2015-02-12 00:00,13,1
L39939560,CN,CN-31,,30.7027945,121.3396009,鹦鹉洲生态湿地 (Yingwuzhou Wetlands),2026-09-19 08:23,122,25
L38200140,CN,CN-11,,40.0556578,116.0942387,鹫峰国家森林公园 (Jiufeng National Forest Park),2026-09-04 22:03,50,13
L14668360,CN,CN-11,,39.8788831,116.1656126,鹰山公园 (Yingshan Park),2021-04-30 07:19,28,1
L36166819,CN,CN-65,,43.4255471,87.3190293,鹰沟景区 (Hawk Valley),2026-07-20 12:30,88,35
L38551305,CN,CN-36,,28.2470968,117.0065254,"鹰潭西湖 (West Lake, Yingtan)",2026-03-06 11:12,32,1
L38258029,CN,CN-52,,26.6242541,106.7049156,鹿冲关森林公园 (Luchongguan Forest Park),2026-09-07 13:00,114,32
L10507617,CN,CN-46,,18.2251335,109.5008253,鹿回头公园 (Luhuitou Park),2026-07-18 15:01,97,81
L38035728,CN,CN-23,,47.2892608,130.2461513,鹿林山公园 (Lulinshan Park)
L77435871,CN,CN-13,,38.065272,114.26799,"鹿泉--灵岩寺( Lingyan Temple, Luquan)",2026-09-20 14:30,22,1
L53171434,CN,CN-42,,31.9095532,112.2606227,鹿门山风景区 (Lumen Mountain Scenic Area),2026-09-06 16:50,67,8
L23578503,CN,CN-33,,28.9641128,118.8440787,鹿鸣公园 (Luming Park),2026-05-02 14:59,78,17
L38108981,CN,CN-53,,25.4928098,103.7949614,麒麟公园 (Qilin Park)
L61052290,CN,CN-52,,26.5837299,104.8662615,麒麟公园 (Qilin Park),2026-02-23 11:00,21,1
L39655113,CN,CN-35,,26.2524053,117.6360961,麒麟山公园 (Qilinshan Park)
L17705228,CN,CN-44,,23.1486485,113.2835108,麓湖公园 (Luhu Park),2026-09-20 00:00,112,190
L55855574,CN,CN-33,,30.8276513,120.7592749,麟湖湿地公园 (Linhu Wetland Park),2026-01-05 00:00,17,0
L37746940,CN,CN-37,,36.0546331,120.4310456,麦岛 (Maidao Island),2026-09-25 16:00,21,4
L38260683,CN,CN-63,,35.2718064,101.9333433,麦秀林场 (Maixiu Forest)
L5446917,CN,CN-62,,34.3481122,106.0101941,麦积山石窟 (Maijishan Grottoes),2026-06-13 15:22,59,12
L38843008,CN,CN-37,,37.0968063,118.0907375,麻大湖国家湿地公园 (Mada Lake Wetland Park)
L38551392,CN,CN-36,,27.5308462,116.5644518,麻姑山 (Magu Mountain)
L23978608,CN,CN-44,,22.5430257,113.9379913,麻岭和弦公园 (Maling Hexian Park),2021-01-12 13:00,15,5
L27208745,CN,CN-33,,30.1005855,120.0101622,黄公望森林公园 (Huang Gongwang Forest Park),2026-04-25 16:55,22,5
L9422099,CN,CN-31,,31.292623,121.5304597,黄兴公园 (Huang Xing Memorial Park),2026-09-21 07:30,57,48
L39796008,CN,CN-35,,24.4476477,118.1693316,黄厝海滩 (Huangcuo Beach),2026-07-09 15:12,34,9
L28960153,CN,CN-44,,23.5004622,116.8614058,黄厝草关 (Huangcuo Caoguan),2026-06-11 07:30,116,26
L64909874,CN,CN-35,,26.1997173,119.3625782,黄土岗村 (Huangtugang Village),2026-07-17 08:42,30,5
L5871299,CN,CN-51,,32.890088,104.265615,黄土梁垭口 (Huangtuliang Pass),2026-06-10 11:04,122,39
L10877678,CN,CN-33,,28.7938671,118.8642722,黄坛口水库 (Huangtankou Reservoir),2025-05-29 07:30,46,3
L39581818,CN,CN-42,,30.8096092,112.5090374,黄垱湖 (Huangdang Lakes)
L56014672,CN,CN-44,,23.0865222,113.4252548,黄埔军校旧址 (Whampoa Military Academy),2026-09-09 16:00,13,4
L51728504,CN,CN-44,,23.1808176,113.494481,黄埔南岗河文教园区湿地公园 (Nangang River Wetland Park),2025-07-24 05:00,19,2
L8666785,CN,CN-13,,38.285744,114.233925,黄壁庄水库 (Huangbizhuang Reservoir),2024-07-01 07:00,49,4
L39904227,CN,CN-32,,31.8407418,120.1091931,黄天荡湿地 (Huangtiandang Wetlands)
L17591844,CN,CN-42,,30.4238889,114.2858333,黄家湖生态湿地公园 (Huangjiahu Wetland Park),2026-05-23 12:28,35,3
L1638240,CN,CN-34,,30.1391475,118.1604106,黄山 (Mount Huangshan),2026-09-18 11:37,149,114
L38536993,CN,CN-43,,29.6581827,112.1599973,黄山头森林公园 (Huangshantou Forest Park)
L39905465,CN,CN-32,,31.9264718,120.2764856,黄山湖公园 (Huangshan Lake Park),2026-01-22 15:44,32,4
L21830694,CN,CN-44,,22.7798651,113.5756153,黄山鲁森林公园 (Huangshanlu Forest Park),2026-08-10 08:50,92,32
L39816251,CN,CN-44,,23.5844326,116.3722226,黄岐山森林公园 (Huangqishan Forest Park),2026-06-01 10:45,26,4
L38024779,CN,CN-15,,43.5635383,117.5280121,黄岗梁国家森林公园 (Huanggangliang National Forest Park),2025-10-06 11:43,27,3
L33971656,CN,CN-37,,35.5923636,119.6795078,"黄岛白马河河口 (Baima River Estuary, Huangdao)",2024-06-27 18:00,8,1
L11007153,CN,CN-33,,28.5068454,121.1707577,黄岩--太湖山 (Huangyan--Taihu Mountain),2026-07-30 00:00,42,5
L45576125,CN,CN-12,,40.2450743,117.4425173,黄崖关长城 (Huangyaguan Great Wall),2026-04-04 14:12,40,13
L76444872,CN,CN-61,,35.5840419,109.2693143,黄帝陵 (Mausoleum of Yellow Emperor)
L29462996,CN,CN-12,,39.5560742,117.4281406,黄庄洼分洪闸 (Huangzhuangwa Flood Diversion Sluice),2026-03-21 13:02,41,2
L38242852,CN,CN-51,,30.6864355,104.0042682,黄忠公园 (Huang Zhong Park),2025-02-26 15:31,4,0
L6046271,CN,CN-52,,25.9839008,105.6669931,黄果树瀑布 (Huangguoshu Waterfall),2026-08-31 16:56,108,45
L6318158,CN,CN-15,,40.3044036,107.036705,黄河三盛公国家水利风景区 (Yellow River Sanshenggong Scenic Area),2023-04-03 09:28,15,2
L39460005,CN,CN-37,,38.0681366,118.7461626,黄河三角洲自然保护区--一千二管理站 (Yellow River Delta NNR--1.2K Station),2025-12-03 14:16,144,25
L39460106,CN,CN-37,,37.7590434,118.9921687,黄河三角洲自然保护区--大汶流管理站 (Yellow River Delta NNR--Dawenliu Station),2026-09-06 10:20,238,116
L3889384,CN,CN-37,,37.7830957,119.0770984,黄河三角洲自然保护区--黄河口管理站 (Yellow River Delta NNR--Estuary Station),2026-02-21 09:30,235,149
L12053046,CN,CN-51,,33.4742,102.4686,黄河九曲第一湾 (The First Bend of Yellow River),2026-08-07 06:17,100,60
L36328389,CN,CN-64,,38.3812016,106.4504144,黄河外滩湿地公园 (Yellow River Waterfront Wetland Park),2026-06-30 08:30,72,18
L39856911,CN,CN-32,,34.494293,116.5836533,黄河故道大沙河湿地公园 (Dashahe Wetland Park)
L38815381,CN,CN-41,,34.9038103,113.6800933,黄河花园口旅游区 (Yellow River Huayuankou Scenic Area),2026-06-18 16:22,6,1
L2090869,CN,CN-31,,31.2420709,121.4906696,黄浦公园 (Huangpu Park),2026-08-15 16:00,56,54
L72783647,CN,CN-33,,30.565496,119.436069,黄浦江源生态湿地公园 (Huangpujiangyuan Ecological Wetland Park),2026-07-08 08:21,40,1
L19435088,CN,CN-32,,32.8710991,120.8241606,黄海森林公园 (Yellow Sea Forest Park),2026-09-20 09:52,108,23
L15720965,CN,CN-46,,19.7556326,109.3156758,黄玉村 (Huangyu Village),2026-06-04 00:00,130,70
L35659666,CN,CN-43,,29.325315,110.4283832,黄石寨风景区 (Huangshizhai Scenic Area),2026-09-07 16:12,51,20
L4801762,CN,CN-11,,40.4101304,116.3130605,黄花城水长城 (Waterside Great Wall at Huanghuacheng),2026-07-04 12:32,66,20
L23769867,CN,CN-44,,23.1392806,113.2949139,黄花岗公园 (Huanghuagang Park),2026-04-18 14:00,33,23
L50495185,CN,CN-15,,41.1291913,112.5213647,黄花沟草原旅游区 (Huanghuagou Grassland Scenic Area),2026-07-27 07:30,16,4
L13275280,CN,CN-44,,22.0356277,113.1458576,黄茅海大桥红树林湿地公园 (Huangmaohai Bridge Mangrove Park),2026-01-17 12:50,53,5
L20155438,CN,CN-51,,31.1360972,103.3443332,黄草坪 (Huangcaoping),2026-07-01 13:29,187,207
L52169429,CN,CN-53,,24.504059,103.7684226,黄草洲国家湿地公园 (Huangcaozhou National Wetland Park),2025-08-27 10:50,35,1
L38450967,CN,CN-11,,40.0058329,116.4353033,黄草湾郊野公园 (Huangcaowan Country Park),2025-03-27 17:57,5,1
L15878423,CN,CN-34,,31.1780665,117.3827672,黄陂湖 (Huangpi Lake),2026-09-23 07:42,158,45
L10172659,CN,CN-43,,29.3629896,110.6149435,黄龙洞景区 (Huanglongdong Scenic Area),2026-05-18 13:06,29,8
L76243472,CN,CN-53,,25.0857762,102.8049248,黄龙箐鸟塘 (Huanglongqing Bird Hide),2026-05-03 08:30,17,1
L1221084,CN,CN-51,,32.73665,103.83129,黄龙风景区 (Huanglong Scenic Area),2026-09-18 14:00,187,86
L7852717,CN,CN-61,,32.8057553,106.6493263,黎坪国家森林公园 (Liping National Forest Park),2026-04-12 17:20,22,5
L38720911,CN,CN-31,,31.1274409,121.3818865,黎安公园 (Li'an Park),2025-05-25 19:16,17,3
L41319732,CN,CN-46,,19.172599,109.743202,黎母山国家森林公园 (Limu Mountain National Forest Park),2026-09-25 11:04,35,3
L22207226,CN,CN-11,,40.3544808,116.3036474,黑山寨 (Heishanzhai),2026-09-26 15:19,76,81
L31550920,CN,CN-13,,40.9435,115.261812,黑山湾湿地公园 (Heishanwan Wetland Park),2026-07-30 14:40,25,15
L5760633,CN,CN-63,,36.2996827,101.6969759,黑峡风景区 (Heixia Scenic Area),2017-04-29 12:20,9,1
L38450945,CN,CN-11,,39.9972555,116.536044,黑桥公园 (Heiqiao Park),2026-09-13 17:19,74,42
L15133201,CN,CN-61,,33.8880407,108.0295757,黑河国家森林公园 (Heihe National Forest Park),2025-06-14 10:00,108,12
L38035611,CN,CN-23,,50.2492491,127.5189714,黑河大岛植物园 (Heihe Dadao Botanical Garden),2026-05-20 06:22,21,6
L5944339,CN,CN-63,,38.21213,100.160214,黑河杨树林 (Heihe River Poplar Forest),2021-05-02 08:59,34,7
L38035615,CN,CN-23,,50.2448664,127.5235982,"黑河黑龙江公园 (Heilongjiang Park, Heihe)"
L9161520,CN,CN-13,,39.1986633,118.0854177,黑沿子镇西海岸 (West Heiyanzi Coast),2026-05-03 09:00,74,8
L23453364,CN,CN-21,,41.494068,123.541469,黑牛屯水库 (Heiniutun Reservoir),2023-06-17 11:10,37,6
L38035750,CN,CN-23,,48.3293754,134.7101435,黑瞎子岛湿地公园 (Heixiazi Island Wetland Park),2023-05-02 08:00,11,1
L38425422,CN,CN-45,,22.5969161,110.178038,黑石岭公园 (Heishiling Park)
L56747611,CN,CN-53,,26.1736117,103.9473421,黑石门水库 (Heishimen Reservoir),2026-01-03 08:14,16,1
L10212256,CN,CN-44,,23.4641657,111.9047024,黑石顶省级自然保护区 (Fengkai Heishiding PNR),2022-05-30 18:00,93,9
L61581859,CN,CN-45,,23.461992,105.858641,黑衣壮古寨 (HeiyiZhuang Old Village),2026-05-04 08:17,55,3
L9678677,CN,CN-63,,36.7286999,99.7788719,黑马河 (Heimahe),2026-08-05 14:03,177,62
L6612014,CN,CN-53,,25.222765,98.57933,黑鱼河 (Heiyuhe),2026-03-21 15:19,122,20
L10151271,CN,CN-23,,45.7036525,126.6517825,黑龙江省森林植物园 (Heilongjiang Forest Botanical Garden),2026-06-21 12:31,68,34
L6004769,CN,CN-52,,26.5958159,106.6917,黔灵山公园 (Qianlingshan Park),2026-09-07 12:17,140,92
L2321086,CN,CN-44,,23.1724392,112.5327873,鼎湖山国家级自然保护区 (Dinghu Mountain NNR),2026-09-11 07:30,151,130
L5085139,CN,CN-35,,26.0512825,119.3895721,鼓山 (Drum Mountain),2026-09-09 00:00,119,44
L56903020,CN,CN-35,,26.104465,119.3894566,鼓岭梅园 (Guling Plum Garden),2026-07-25 07:28,40,7
L5038926,CN,CN-35,,24.4452617,118.0661763,鼓浪屿 (Kulangsu Islet),2026-09-16 10:30,89,82
L39746060,CN,CN-35,,24.5233641,118.5733588,鼻尾礁 (Biweijiao),2025-05-09 08:00,25,1
L8491866,CN,CN-36,,25.8744744,114.0316703,齐云山国家级自然保护区 (Qiyunshan NNR),2014-09-13 08:00,84,3
L38559626,CN,CN-34,,29.8062418,118.0351782,齐云山风景区 (Qiyunshan Scenic Area),2026-08-02 09:41,17,3
L38650966,CN,CN-34,,30.6375655,117.5107624,齐山 (Qi Hill),2026-05-10 10:25,5,0
L64148482,CN,CN-65,,48.4621974,86.6127853,齐巴尔希力克村 (Chiparshilik Village),2026-09-10 07:57,90,24
L64149644,CN,CN-65,,48.3844186,86.5760749,齐巴尔阿尕什加孜克 (Chiparagashjazyk [snowcock ridge]),2026-07-15 09:36,60,14
L37794307,CN,CN-11,,40.0615966,116.1738816,齐物潭 (Qiwu Pond),2026-09-07 17:15,47,38
L38841896,CN,CN-37,,36.841429,117.9898865,齐盛湖公园 (Qishenghu Park),2025-09-13 16:20,19,1
L15264500,CN,CN-23,,47.3602202,123.9426099,"齐齐哈尔劳动湖 (Laodong Lake, Qiqihar)",2026-08-28 14:00,62,14
L15542729,CN,CN-23,,47.4103557,123.9189003,"齐齐哈尔明月岛 (Mingyue Island, Qiqihar)",2024-06-24 19:00,21,2
L38035908,CN,CN-23,,47.248878,123.8808764,"齐齐哈尔月亮泡 (Lake Yueliangpao, Qiqihar)",2026-02-19 09:38,45,3
L2353227,CN,CN-33,,30.2179349,120.1067877,龙井 (Longjing Tea Village),2026-07-25 11:34,84,38
L38671955,CN,CN-41,,34.8092222,114.3525446,龙亭公园 (Dragon Pavilion Park),2026-01-14 09:25,14,1
L16785755,CN,CN-53,,25.7239938,100.191504,龙凤村湖滨 (Longfeng village Lakefront),2025-04-18 11:25,53,5
L63828773,CN,CN-35,,27.3164291,120.1974744,龙华寺（Longhua Temple）,2026-02-22 10:00,5,1
L8454778,CN,CN-31,,31.175805,121.44935,龙华绿地 (Longhua Greenspace),2026-06-04 13:26,30,19
L38376365,CN,CN-21,,40.6535971,120.8276617,龙回头 (Longhuitou)
L12890758,CN,CN-33,,30.4782818,119.852561,龙坞水库 (Longwu Reservoir),2025-12-21 11:49,85,22
L40083985,CN,CN-44,,22.7125535,114.2255949,龙城公园 (Longcheng Park),2026-08-13 17:32,25,9
L59197833,CN,CN-46,,20.01919,110.16725,龙头下村湿地 (Longtouxia Wetlands),2026-05-09 07:00,53,3
L36914673,CN,CN-50,,29.5878776,106.5555651,龙头寺公园 (Longtousi Park),2026-08-15 18:20,21,5
L15329066,CN,CN-14,,36.3980408,112.294526,龙头湿地 (Longtou Wetland),2026-08-13 12:30,53,8
L28231187,CN,CN-32,,31.44326,120.2347621,龙寺生态园 (Longsi Ecological Park),2026-01-24 14:48,52,12
L23276871,CN,CN-33,,31.0263176,119.9040335,龙山公园 (Longshan Park),2025-02-06 12:30,40,5
L17997069,CN,CN-33,,30.1313529,121.5790768,龙山海滨 (Longshan Coast),2026-08-16 06:30,204,30
L7055100,CN,CN-22,,42.61205,130.5752,"龙山湖 (Longshan Lake, Hunchun)",2026-03-14 15:00,126,195
L49926666,CN,CN-36,,29.289907,117.126832,龙山湖公园 (Longshanhu Park),2025-07-17 12:02,14,2
L63824241,CN,CN-35,,27.3156813,120.2134537,龙山溪（Longshan Creek）,2025-02-03 17:00,4,1
L37245919,CN,CN-44,,22.5650949,114.5052363,龙岐湾 (Longqi Bay),2026-08-20 10:21,107,44
L28561437,CN,CN-35,,25.0781238,117.0340309,"龙岩莲花山公园 (Lianhuashan Park, Longyan)",2026-08-11 14:15,18,3
L33843456,CN,CN-41,,33.6857648,111.7862339,龙峪湾国家森林公园 (Longyuwan National Forest Park),2025-06-30 09:30,90,21
L34923097,CN,CN-41,,33.6633996,111.7949224,龙峪湾国家森林公园--鸡角尖 (Longyuwan National Forest Park--Peak Jijiao Jian),2024-07-20 09:59,25,3
L23189385,CN,CN-45,,22.339111,106.8656604,"龙州中山公园 (Zhongshan Park, Longzhou)",2023-03-24 07:35,15,1
L23191139,CN,CN-45,,22.303109,106.7038894,"龙州大青山 (Daqingshan Mts., Longzhou)",2026-05-05 07:00,171,59
L38451267,CN,CN-11,,40.5515474,115.9942616,龙庆峡风景区 (Longqingxia Scenic Area),2026-05-24 05:45,36,3
L28617294,CN,CN-53,,21.8558386,100.9378528,龙得湖 (Lake LongDe),2026-08-29 14:30,145,93
L38109514,CN,CN-53,,25.0415872,101.5427787,龙江公园 (Longjiang Park),2026-08-03 15:28,10,1
L4605226,CN,CN-51,,31.1394354,103.5794694,龙池国家森林公园 (Longchi National Forest Park),2025-08-08 14:00,122,11
L38226026,CN,CN-51,,32.4229496,104.5394331,龙池坪森林公园 (Longchiping Forest Park),2026-06-24 13:25,121,67
L15280962,CN,CN-23,,47.3432125,123.9386778,龙沙公园 (Longsha Park),2026-05-13 05:25,58,18
L39087877,CN,CN-33,,27.9481109,119.0737455,"龙泉--仙仁村 (Xianren Village, Longquan)",2026-07-31 08:00,118,41
L16916984,CN,CN-53,,25.592736,100.199845,龙泉公园 (Longquan Park),2026-06-10 12:27,33,3
L23029855,CN,CN-22,,42.8911788,130.3487103,龙泉公园 (Longquan Park),2026-03-06 16:27,35,13
L39573365,CN,CN-42,,31.0277202,112.1939562,龙泉公园 (Longquan Park),2026-01-29 07:56,32,2
L56121309,CN,CN-34,,31.7804553,117.5633151,龙泉山 (Longquan Mountain),2025-12-28 10:23,27,3
L11148481,CN,CN-51,,30.5147458,104.3051303,龙泉山--凉风垭 (Longquan Mountain--Liangfengya),2026-09-12 12:00,236,227
L39659674,CN,CN-51,,30.504519,104.2991945,龙泉山--菜园山庄 (Longquan Mountain--Caiyuan Shanzhuang),2026-09-25 08:24,213,136
L38242940,CN,CN-51,,30.7676932,104.523216,龙泉山--龚家山观景台 (Longquan Mountain--Gongjiashan Viewing),2026-06-28 09:30,35,2
L39723219,CN,CN-42,,30.4124251,114.5144081,龙泉山风景区 (Longquanshan Scenic Area),2021-04-20 10:00,11,1
L39980796,CN,CN-44,,20.2733003,110.1353413,龙泉森林公园 (Longquan Forest Park),2026-07-29 15:21,26,2
L37344853,CN,CN-33,,28.0419266,119.0970637,"龙泉河村 (Hecun Village, Longquan)",2026-06-10 00:00,87,14
L23043707,CN,CN-13,,37.997835,114.34585,龙泉湖湿地公园 (Longquan Lake Wetland Park),2026-08-23 17:00,61,9
L38190065,CN,CN-33,,28.0543144,119.1316727,龙泉青瓷博物馆 (Longquan Celadon Museum),2026-05-27 16:39,14,2
L28251101,CN,CN-35,,25.066154,117.0171297,龙津湖公园 (Longjin Lake Park),2026-08-14 14:00,13,1
L38162667,CN,CN-50,,29.3913112,106.5403168,龙洲湾公园 (Longzhouwan Park),2025-05-23 09:00,4,1
L59026197,CN,CN-35,,24.7774319,118.7555529,龙海寺 (Longhai Temple),2026-02-22 15:00,23,3
L20459861,CN,CN-44,,23.2229838,113.3918162,龙润水库 (Longrun Reservoir),2026-04-13 15:00,69,11
L37837556,CN,CN-33,,27.5648631,120.6082284,龙港--月湖公园 (Longgang--Yuehu Park),2024-11-02 00:00,4,0
L13350347,CN,CN-33,,27.5418295,120.6415359,龙港滨海围垦区 (Longgang Coast),2026-05-08 00:00,223,98
L38018607,CN,CN-15,,39.7308289,106.7809265,龙游湾湿地公园 (Longyouwan Wetland Park),2025-10-28 11:10,47,3
L10826376,CN,CN-33,,29.0431369,119.1654386,龙游瀫 (Longyouhu Wetlands),2026-09-17 15:00,149,24
L38113676,CN,CN-13,,36.6123784,114.5181114,龙湖公园 (Longhu Park),2026-08-03 17:52,25,5
L38426379,CN,CN-45,,24.3680319,109.5489078,龙湖公园 (Longhu Park),2026-02-20 16:24,14,0
L30881830,CN,CN-41,,34.8225503,113.7110697,龙湖湿地公园 (Longhu Wetland Park),2026-07-20 10:07,72,15
L38376341,CN,CN-21,,40.7164857,120.8494706,龙湾公园 (Longwan Park)
L50943846,CN,CN-22,,42.2709,126.61455,龙湾群国家森林公园 (Longwanqun National Forest Park),2025-08-02 11:30,17,1
L23029782,CN,CN-22,,42.85858,130.35389,龙源公园 (Longyuan Park),2026-08-20 08:00,76,52
L28253192,CN,CN-36,,29.0693363,115.4857922,龙源峡风景区 (Longyuanxia Scenic Area),2026-02-07 08:05,107,22
L38671669,CN,CN-41,,35.2034966,113.261201,龙源湖公园 (Longyuan Lake Park),2026-02-12 15:00,24,1
L11117040,CN,CN-51,,31.9506733,107.2801207,龙溪村 (Longxi Village),2025-01-30 14:00,105,23
L38035620,CN,CN-23,,50.2374477,127.5089654,龙滨公园 (Longbin Park)
L30854915,CN,CN-11,,39.8770039,116.433215,龙潭中湖公园 (Longtan Central Lake Park),2026-08-03 19:52,98,95
L26650479,CN,CN-11,,39.8783326,116.4411223,龙潭公园 (Longtan Park),2026-05-14 07:09,55,28
L38426325,CN,CN-45,,24.2789348,109.4143031,龙潭公园 (Longtan Park),2026-05-17 10:05,17,4
L40083990,CN,CN-44,,22.7234708,114.242107,龙潭公园 (Longtan Park),2026-08-09 17:07,22,3
L62181013,CN,CN-37,,36.2074986,117.1077347,龙潭公园 (Longtan Park),2026-08-20 11:25,29,3
L23875991,CN,CN-22,,43.8822644,126.6077789,龙潭山公园 (Longtanshan Park),2026-05-14 08:13,62,25
L39868161,CN,CN-32,,31.2597056,119.4867535,龙潭林场 (Longtan Forest),2026-06-28 09:23,82,14
L38538625,CN,CN-36,,28.4521906,117.9325211,龙潭湖公园 (Longtanhu Park)
L13758467,CN,CN-11,,39.8795052,116.429351,龙潭西湖公园 (Longtan West Lake Park),2026-09-26 09:23,102,143
L39719132,CN,CN-42,,31.0762455,114.2682425,龙王尖 (Longwangjian)
L2330775,CN,CN-33,,30.4058166,119.4242234,龙王山国家级自然保护区 (Longwang Mountain NNR),2026-06-14 00:00,78,24
L50606535,CN,CN-32,,32.1723849,119.5247952,龙王庙水库 (Longwangmiao Reservoir),2025-07-27 16:23,13,1
L34805574,CN,CN-63,,36.4847,98.410175,龙瓦我当 (Longwawodang),2026-08-21 13:00,69,120
L17305581,CN,CN-11,,39.8243419,115.8856988,龙神庙 (Longshenmiao),2026-02-20 15:35,70,23
L22896944,CN,CN-44,,22.6004922,113.68144,龙穴岛--南端鱼塘 (Longxue Island--Southernmost Ponds),2025-01-01 10:40,81,10
L38243059,CN,CN-51,,30.6596356,103.3489605,龙窝子 (Longwozi)
L16662493,CN,CN-34,,31.2793572,118.3242925,龙窝湖 (Lake Longwo),2026-06-20 04:28,133,13
L15806042,CN,CN-63,,36.21388,100.8004,龙羊峡北岸公路 (Longyangxia North Road),2026-08-23 10:52,150,173
L39622855,CN,CN-63,,36.2072882,100.834569,龙羊峡土林地质公园 (Longyangxia Tulin Geo-Park),2026-09-06 17:11,84,96
L71149164,CN,CN-63,,36.1350467,100.9617217,龙羊峡坝下公路 (Longyangxia lower canyon road),2026-08-24 10:13,26,5
L71140129,CN,CN-63,,36.127645,100.9089417,龙羊湖景区 (Longyang Lake Scenic Area),2026-08-13 17:04,28,7
L38376317,CN,CN-21,,40.6920266,120.8267487,龙背山公园 (Longbeishan Park),2024-12-17 13:14,5,0
L28862043,CN,CN-32,,31.3288299,119.8186897,龙背山森林公园 (Longbei Hill Forest Park),2026-09-09 06:30,95,28
L6488889,CN,CN-45,,25.8043244,110.1576145,龙脊梯田 (Longji Rice Terraces),2026-09-18 07:20,84,24
L19032023,CN,CN-44,,20.9619979,110.2783137,龙舍沙滩 (Longshe Beach),2020-01-08 15:40,23,1
L3721533,CN,CN-51,,29.60611,102.87093,龙苍沟 (Longcanggou [General Area]),2026-09-01 08:00,351,1706
L64124281,CN,CN-51,,29.6101459,102.89041,龙苍沟--中低海拔公路 (Longcanggou--major road [1500-1800m]),2026-08-01 06:26,47,11
L4666925,CN,CN-51,,29.589905,102.8946936,龙苍沟--中低海拔公路 (Longcanggou--major road [1800-2000m]),2026-09-01 08:00,176,77
L4669455,CN,CN-51,,29.5733694,102.8819726,龙苍沟--中海拔公路 (Longcanggou--major road [2000-2200m]),2026-07-04 10:48,200,85
L38227249,CN,CN-51,,29.6225459,102.8890748,龙苍沟--叠翠溪景区 (Longcanggou--Diecui Creek Scenic Area),2026-07-14 15:23,156,30
L19544453,CN,CN-51,,29.5993035,102.8333529,龙苍沟--大石坝 (Longcanggou--Dashiba),2026-07-20 07:50,217,170
L20454240,CN,CN-51,,29.6063255,102.841457,龙苍沟--小石坝 (Longcanggou--Xiaoshiba),2026-08-10 07:49,222,241
L20468160,CN,CN-51,,29.636824,102.89205,龙苍沟--杆子坪后山 (Longcanggou--Ganziping Uphill Trail),2026-07-20 17:36,155,176
L35905816,CN,CN-51,,29.6961507,102.8849127,龙苍沟--水墨花溪谷森林温泉民宿 (Longcanggou--Shuimo Huaxigu Hot Springs Resort),2024-08-20 07:27,65,3
L20454584,CN,CN-51,,29.63726,102.885332,龙苍沟--溪涧竹舍山庄 (Longcanggou--Xijian Zhushe Inn),2026-07-21 07:23,139,175
L20454219,CN,CN-51,,29.561791,102.85502,龙苍沟--高海拔公路及大熊猫基地 (Longcanggou--major road & Panda Base [2200-2420m]),2026-07-16 13:56,142,29
L35608804,CN,CN-36,,28.0796921,116.9637686,龙虎山风景区 (Longhushan Scenic Area),2026-03-09 17:55,84,3
L17294558,CN,CN-32,,32.190193,118.9891502,龙袍湿地 (Longpao Wetlands),2026-09-18 13:08,224,154
L60935368,CN,CN-53,,21.2733699,101.5232595,龙门 (Longmen),2026-08-11 16:00,102,46
L39572675,CN,CN-33,,29.8862118,119.9587207,龙门森林公园 (Longmen Forest Park),2026-03-21 10:05,24,3
L36641279,CN,CN-11,,40.0176097,115.562557,龙门涧风景区 (Longmenjian Scenic Area),2025-07-06 11:00,17,2
L1367851,CN,CN-41,,34.5586485,112.4679978,龙门石窟 (Longmen Grottoes),2026-09-07 11:06,110,56
L38376122,CN,CN-21,,42.2894063,123.8634685,龙首山 (Longshou Hill),2025-06-07 10:35,5,0
L11448817,CN,CN-44,,21.6449962,111.6808817,龙高山 (Longgao Mountain),2025-04-05 09:00,52,10
L16203398,CN,CN-21,,41.1841649,123.2091169,龙鼎山风景区 (Longdingshan Scenic Area),2026-02-21 09:46,73,47
L25722288,CN,CN-35,,26.0615754,119.6442721,龙鼓度假村 (Longgu Resort),2024-09-11 09:18,17,3
L5942788,CN,CN-53,,25.6982808,100.2068762,龙龛湖滨 (Longkan Lakefront),2026-09-12 17:18,141,81
L21420176,CN,CN-42,,30.5550025,114.2723041,龟山 (Guishan Park),2026-04-30 15:30,70,46
L38296813,CN,CN-61,,33.8554598,109.9254263,龟山公园 (Guishan Park)
L38425379,CN,CN-45,,22.6847268,110.2150477,龟山公园 (Guishan Park),2025-09-10 10:05,19,1
L11630519,CN,CN-53,,25.0689125,102.7145984,龟龙湖公园 (Guilonghu Park),2026-03-25 17:00,22,1
