L13058063,CO,CO-CUN,,5.138609,-74.194704,"254008, Pacho",2026-01-31 08:36,72,91
L24261938,CO,CO-RIS,,4.855371,-75.7230467,7 Cueros Encanto y Café
L9487525,CO,CO-CUN,,4.5914133,-74.3404537,A.C.J Sede Campestre Campamento Bochica,2025-10-25 09:31,130,66
L17776408,CO,CO-MET,,4.0587742,-73.4645787,AGROSAVIA Centro de Investigación La Libertad,2026-07-08 13:36,221,256
L10679442,CO,CO-RIS,,5.4107572,-76.0047883,AICA Alto de Pisones,2016-07-24 12:41,48,2
L7144614,CO,CO-ANT,,5.5433575,-75.8036255,AICA Bosques Montamos del Sur de Antioquia--Alto de Ventanas,2026-09-26 06:27,383,1115
L28171820,CO,CO-CAL,,5.5161421,-75.7788463,AICA Bosques Montamos del Sur de Antioquia--Resguardo La Antioqueña,2026-08-30 07:24,152,66
L8054702,CO,CO-COR,,9.1265395,-75.8447914,AICA Ciénaga de Bañó,2026-05-09 08:09,231,132
L3187554,CO,CO-BOY,,5.490268,-72.9337639,AICA Lago de Tota --El Desaguadero,2026-07-26 11:39,110,160
L37320393,CO,CO-BOY,,5.5499201,-72.9484544,AICA Lago de Tota--Guaquira-Refugio Guanumen (Acceso Restringido),2026-06-20 09:57,34,11
L20572492,CO,CO-BOY,,5.4968212,-72.9590773,AICA Lago de Tota--Hospedaje El Chalet (Acceso Restringido),2026-07-11 11:40,35,7
L4599946,CO,CO-BOY,,5.5528046,-72.9498088,AICA Lago de Tota--Hostal Xieti (Acceso Restringido),2026-09-06 11:38,30,15
L39301072,CO,CO-BOY,,5.5460636,-72.9063201,AICA Lago de Tota--Isla San Pedro,2026-07-11 08:29,23,13
L10415224,CO,CO-BOY,,5.5816969,-72.9261772,AICA Lago de Tota--La Quinta Glamping - Mirador,2026-02-21 10:56,40,15
L3187618,CO,CO-BOY,,5.5929971,-72.9076177,AICA Lago de Tota--Llano Alarcón,2026-08-25 09:23,81,60
L39140030,CO,CO-BOY,,5.5171412,-72.9171153,AICA Lago de Tota--Península de Daitó,2026-05-09 05:56,10,1
L39301097,CO,CO-BOY,,5.5606018,-72.9014472,AICA Lago de Tota--Península de Susacá,2026-02-22 10:39,19,24
L5072272,CO,CO-BOY,,5.5089144,-72.9663822,AICA Lago de Tota--Playa Blanca,2026-04-05 09:26,77,48
L5837979,CO,CO-BOY,,5.5731468,-72.9409575,AICA Lago de Tota--RNSC Pueblito Antiguo (Acceso Restringido),2026-06-08 09:25,45,9
L39139589,CO,CO-BOY,,5.5197042,-72.8921386,AICA Lago de Tota--Sector Suroriental (Aquitania),2026-08-24 14:38,25,10
L39301216,CO,CO-BOY,,5.5561519,-72.8814504,AICA Lago de Tota--Sector los Pozos,2026-07-11 07:45,33,13
L8886038,CO,CO-CAS,,5.445,-70.6408333,AICA Reservas de la vereda Altagracia - RNSC El Campín,2026-09-16 08:39,98,8
L8611480,CO,CO-MET,,3.6366667,-73.5976507,AITAWA ECOHOSTAL,2026-06-29 06:06,206,470
L24387435,CO,CO-ATL,,11.0228395,-74.8506858,ALULA  Observatorio de aves,2026-05-09 06:27,156,119
L12642241,CO,CO-AMA,,-1.7473058,-73.2091503,ANM El Encanto,2020-10-24 07:00,34,1
L16758025,CO,CO-NSA,,8.2471124,-73.2547053,ANU Los Estoraques,2026-03-11 09:01,99,33
L52039655,CO,CO-CUN,,4.4279468,-74.4446039,ASOTURHEPAZ,2025-08-20 22:34,18,0
L69682925,CO,CO-TOL,,4.4389055,-75.4267673,AVES CAJAMARCA TOLIMA,2026-06-11 07:00,170,14
L55868089,CO,CO-CHO,,8.508523,-77.277599,Acandi Pueblo,2026-05-24 10:37,60,5
L22783630,CO,CO-SAN,,7.0142909,-73.1433624,Acapulco - Carretera y Piñal,2026-04-19 16:30,55,19
L9864060,CO,CO-CAL,,4.9959165,-75.4373807,Acquaparque del Otoño,2026-09-12 13:39,98,22
L24314158,CO,CO-BOY,,5.604351,-73.7790941,"Acueducto La Balsa, Chiquinquirá",2025-11-25 09:12,43,4
L54251009,CO,CO-ANT,,6.2243986,-75.5910283,Aeroparque Juan Pablo II - Circuito de ciclismo,2026-02-07 06:18,140,187
L7750589,CO,CO-NAR,,1.3985372,-77.2904735,Aeropuerto Antonio Nariño,2026-09-09 16:02,88,47
L20118160,CO,CO-HUI,,1.8571367,-76.0904503,"Aeropuerto Contador, Pitalito",2026-04-04 10:54,69,18
L34833370,CO,CO-QUI,,4.4516988,-75.7707983,Aeropuerto Edén,2026-09-17 14:52,125,111
L2235118,CO,CO-ANT,,6.2188253,-75.587328,Aeropuerto Enrique Olaya Herrera,2026-08-23 07:53,124,191
L3800354,CO,CO-ATL,,10.8875909,-74.7773695,Aeropuerto Ernesto Cortissoz,2026-08-31 12:21,97,101
L6528209,CO,CO-CAQ,,1.5898001,-75.5660462,Aeropuerto Gustavo Artunduaga Paredes,2025-08-24 13:57,78,10
L8450683,CO,CO-SAP,,12.5861251,-81.702168,Aeropuerto Gustavo Rojas Pinilla,2026-08-09 17:32,84,76
L5587970,CO,CO-VAC,,3.5440045,-76.3840771,Aeropuerto Internacional Alfonso Bonilla Aragón,2026-09-19 17:33,124,341
L4397568,CO,CO-AMA,,-4.1975022,-69.9427548,Aeropuerto Internacional Alfredo Vásquez Cobo,2026-09-14 15:38,149,286
L4397562,CO,CO-DC,,4.7019688,-74.1470504,Aeropuerto Internacional El Dorado,2026-09-27 07:25,151,687
L7668304,CO,CO-RIS,,4.8153921,-75.7365569,Aeropuerto Internacional Matecaña,2026-09-20 12:12,111,364
L10991042,CO,CO-TOL,,5.2038825,-74.8852464,Aeropuerto José Celestino Mutis,2024-04-10 11:52,11,1
L7330780,CO,CO-NAR,,1.8123989,-78.751545,Aeropuerto La Florida,2026-06-28 17:15,119,116
L23875186,CO,CO-COR,,8.8258349,-75.8238635,Aeropuerto Los Garzones,2026-05-23 10:54,59,22
L35675858,CO,CO-COR,,7.9762087,-75.4316622,Aeropuerto Montelíbano,2024-08-09 07:32,10,1
L1926528,CO,CO-SAN,,7.12779,-73.18045,Aeropuerto Palonegro,2026-07-23 11:59,94,45
L9710191,CO,CO-TOL,,4.4239492,-75.1414819,Aeropuerto Perales (IBE) - Ibagué,2026-09-25 16:05,137,67
L1285624,CO,CO-MAG,,11.1200775,-74.2307138,Aeropuerto Simon Bolivar,2026-09-11 17:36,174,378
L23977303,CO,CO-COR,,8.8839285,-75.6970825,"Agencia DIAGONAL, Berastegui",2026-02-19 08:33,30,3
L14073156,CO,CO-CUN,,4.8910952,-73.884922,Agregados de la Sabana,2026-09-14 16:45,80,45
L14620415,CO,CO-CUN,,4.8801309,-73.8869404,Agregados de la sabana,2026-09-24 11:47,86,128
L11447268,CO,CO-DC,,4.4738775,-74.0873766,Agro Parque Los Soches,2026-05-09 08:23,104,58
L4862890,CO,CO-CUN,,4.6235252,-74.4298746,Agro Parque Sabio Mutis,2026-06-28 12:36,238,186
L38496501,CO,CO-ANT,,6.7662333,-75.4979883,Agro Reserva Horizontes,2026-08-31 14:00,120,82
L24240805,CO,CO-ARA,,6.3151868,-71.9948229,Agrofinca Los Pinos,2026-09-01 09:11,221,81
L10465537,CO,CO-NAR,,1.545834,-78.705041,Agrosavia - Rhodospingus stake out,2025-10-11 13:29,160,102
L15083845,CO,CO-BOL,,10.3342281,-75.3832653,Agrícola Camelias,2026-09-27 08:37,301,1398
L37161530,CO,CO-CAQ,,1.5269872,-75.3964782,Agua Bonita,2025-11-22 06:21,62,1
L53983877,CO,CO-PUT,,0.639947,-77.047569,Agua Bonita,2025-10-12 07:30,109,27
L26578342,CO,CO-PUT,,0.5159484,-76.5207885,Agua Negra Parcelas,2026-06-23 16:20,172,52
L31614127,CO,CO-CAS,,4.749159,-72.9974145,Aguaclara,2026-02-14 15:22,31,3
L9203402,CO,CO-ATL,,10.526658,-75.006098,Aguada de Pablo,2026-02-21 14:53,92,10
L29144480,CO,CO-CUN,,4.984797,-74.2892075,Agualinda Eco-Hotel,2025-11-09 05:43,63,16
L12704898,CO,CO-NSA,,7.4233895,-72.5426549,Aguas Calientes (Toledo),2026-05-09 10:00,146,79
L7675929,CO,CO-ANT,,8.264877,-76.395187,Aguas Claras,2018-06-12 05:00,65,1
L10054212,CO,CO-ATL,,10.7521333,-74.9940167,Aguas Frias,2026-09-26 14:05,82,17
L10054482,CO,CO-ATL,,10.7411359,-75.0669611,Aguas Vivas,2026-09-24 07:11,51,14
L8686173,CO,CO-TOL,,4.1975651,-74.6138247,Aguila Baja,2015-01-07 10:00,1,2
L31948201,CO,CO-VAC,,3.5268918,-76.6196635,Alas de los Alpes,2026-09-12 07:30,196,151
L10177943,CO,CO-CUN,,4.9616776,-74.0155209,Alcaparros Bosque Residencial,2026-05-24 09:00,15,6
L6952429,CO,CO-CAL,,5.4973,-75.68348,Aldea Sol de Los Andes,2026-02-15 10:30,156,20
L3611722,CO,CO-ANT,,6.376718,-75.1412702,Alejandría (pueblo),2025-08-17 12:03,171,10
L66686000,CO,CO-PUT,,0.5860164,-76.4939416,Allpa Putumayo Reserva Natural,2026-05-17 07:00,24,1
L11388997,CO,CO-TOL,,3.3951095,-74.9331669,Alpujarra Tolima,2024-11-24 07:07,21,1
L11400743,CO,CO-TOL,,3.3950061,-74.9337815,"Alpujarra, Tolima- La Ofrenda",2020-05-09 15:30,6,2
L9196111,CO,CO-RIS,,4.8051137,-75.6815474,Alquitrabe,2025-09-28 08:07,4,0
L30459567,CO,CO-SAN,,7.0247055,-73.4064595,"Altamira, Serranía La Paz",2026-07-24 06:44,35,6
L9081493,CO,CO-CAQ,,1.6691354,-75.6710896,Alto Caldas--Mirador de Florencia,2019-04-19 06:23,30,1
L26416581,CO,CO-VAC,,3.8157535,-76.6762733,Alto Carrizal,2026-01-20 07:58,293,191
L24118512,CO,CO-HUI,,2.2087418,-75.493521,"Alto Cedral, PNR Miraflores.",2025-10-10 09:19,137,20
L1587842,CO,CO-VAC,,3.5552867,-76.5791316,Alto Dapa--Arroyohondito,2026-06-26 07:29,201,74
L20200509,CO,CO-NSA,,7.4756394,-72.5481319,"Alto Del Mejué, Chinácota-Toledo",2026-06-27 09:52,66,21
L21872167,CO,CO-NAR,,0.7311249,-77.5917045,Alto El Consuelo,2022-12-21 14:30,24,2
L5837400,CO,CO-CAS,,4.8433875,-72.9901319,Alto El Silvadero,2026-05-09 18:30,315,109
L65160630,CO,CO-CUN,,4.490435,-73.9549828,Alto Grande Guayacundo,2026-04-19 10:10,11,1
L21455049,CO,CO-CUN,,4.4837821,-74.2039347,"Alto Hungría, Soacha",2022-04-16 07:00,32,1
L10310748,CO,CO-CAL,,5.4005967,-75.7175833,Alto Imurrá,2025-12-21 12:05,82,6
L5694727,CO,CO-ANT,,6.6624507,-76.0078211,Alto Insor,2025-12-11 11:23,241,30
L16706133,CO,CO-MET,,1.986271,-74.00977,Alto Morrocoy--Finca La Primavera (Don Jeferson Molano),2024-03-24 05:53,66,9
L8389485,CO,CO-VAC,,3.3322721,-76.6368066,Alto Pance,2026-01-29 17:36,124,12
L30841925,CO,CO-RIS,,5.2587217,-76.0150268,Alto Pela huevos,2026-07-25 06:38,269,72
L10769459,CO,CO-VAC,,3.789756,-76.988699,Alto Potedó,2026-08-13 07:11,264,128
L8596757,CO,CO-HUI,,1.947141,-76.442752,"Alto Quinchana, Puente Barandillas",2025-10-11 17:03,149,13
L11627978,CO,CO-VAC,,3.7506725,-76.9485099,Alto Río Sabaletas,2025-08-03 07:56,206,16
L3082302,CO,CO-VAC,,3.5573375,-76.7344284,Alto San José del Salado (bosque musgoso),2024-07-30 05:03,189,24
L2957182,CO,CO-VAC,,3.4784673,-76.6529846,Alto San Luis,2026-06-30 09:35,235,370
L5826816,CO,CO-ANT,,6.0286735,-75.5957151,Alto San Miguel,2026-06-28 08:30,228,212
L13385945,CO,CO-HUI,,1.8670787,-75.947747,Alto Santa Bárbara (DRMI Serrania de Peñas Blancas),2024-01-24 07:50,108,11
L10142619,CO,CO-RIS,,5.1394859,-75.9454845,Alto Valladolid--Árbol de la Dacnis,2026-07-31 12:39,117,43
L15988296,CO,CO-TOL,,4.8302778,-75.1808333,Alto de Alegrias,2026-04-26 05:56,101,5
L30170786,CO,CO-ANT,,5.5753623,-75.7875321,Alto de La Herrera,2026-09-17 06:30,169,82
L3010133,CO,CO-RIS,,5.1698485,-75.9786987,Alto de La Linea,2026-09-18 06:45,421,385
L11755429,CO,CO-CAQ,,1.866739,-75.677682,Alto de La Ruidosa,2026-04-26 15:05,95,43
L18718188,CO,CO-TOL,,4.9189499,-75.2665131,Alto de Ventanas,2025-06-18 07:44,41,35
L10030799,CO,CO-TOL,,4.1943467,-74.5587906,Alto de la Cruz,2026-05-14 09:38,100,5
L11411484,CO,CO-TOL,,5.0847314,-75.171586,"Alto de la Cruz,  Herveo",2025-07-18 06:49,135,200
L38060634,CO,CO-VAC,,3.7216841,-76.4790113,Alto de la Julia,2026-05-19 10:52,120,7
L1252499,CO,CO-TOL,,4.4719974,-75.5554886,"Alto de la Línea, Tolima",2026-03-16 07:05,125,44
L3170807,CO,CO-TOL,,5.0584564,-75.3365135,Alto de las Letras,2026-08-06 14:26,97,60
L22063933,CO,CO-SAN,,6.4438241,-72.8868352,Alto de las cruces via Mogotes- San Joaquín,2026-04-14 09:30,38,2
L24018780,CO,CO-TOL,,4.320727,-75.54964,Alto de los Abuelos.  Finca Buenos Aires  - Vereda Potosí,2026-04-08 08:22,14,6
L28913920,CO,CO-ANT,,5.8649784,-74.8723447,Alto del Comino - RA Los Monos,2024-05-11 18:03,28,10
L21724042,CO,CO-CUN,,4.9032711,-74.3093693,Alto del Vino,2026-07-07 09:02,63,136
L62427100,CO,CO-NAR,,1.248137,-77.274785,Altos de Tescual,2026-04-10 08:24,2,1
L24017853,CO,CO-VAC,,3.7036375,-76.4402317,Altos del Triunfo,2024-07-22 08:00,7,2
L9775161,CO,CO-AMA,,-3.7878757,-70.3561232,"Amazon Bird Lodge, Puerto Nariño",2026-09-24 06:10,352,354
L6637147,CO,CO-PUT,,0.5434519,-76.5283666,"Amazon's Birds (Finca Alejandrino Muriel, Sendero El Arbolito)",2026-09-22 15:22,265,234
L23765716,CO,CO-AMA,,-4.11763,-69.9514895,"Amazona Lodge, Km 11",2026-01-31 07:41,108,12
L9404071,CO,CO-MET,,1.7005164,-73.7648078,Amazonita—Sendero Curassow,2024-09-03 07:33,386,63
L9404314,CO,CO-MET,,1.6579479,-73.7857748,Amazonita—Sendero Filoquinche,2024-09-03 06:40,121,7
L9404369,CO,CO-MET,,1.7004502,-73.7536353,Amazonita—Sendero Río Tunia,2019-05-27 06:16,130,24
L52369377,CO,CO-TOL,,4.7792876,-74.7637523,Ambalema--Malecón,2026-09-20 12:28,123,47
L9784789,CO,CO-VAC,,4.7828752,-75.9668421,"Anacaro, Río Cauca",2026-05-23 14:35,102,15
L25423976,CO,CO-CUN,,4.5510511,-74.5363706,Anapoima--Casco Urbano,2026-09-17 06:10,51,5
L11037792,CO,CO-CUN,,4.5253349,-74.5325911,Anapoima--Mesa de Yeguas,2026-06-12 07:55,66,3
L8154679,CO,CO-VAC,,3.5757174,-76.8795565,Anchicayá Nature Camp,2024-10-12 04:55,330,341
L9067587,CO,CO-ANT,,5.5254538,-75.9049633,Andes - Sendero desde El Ventiadero hasta parte alta La Cristalina
L4887625,CO,CO-CAL,,5.0733333,-75.5422222,Animalia Manizales,2026-02-20 08:55,84,10
L10505853,CO,CO-CUN,,4.7617974,-74.4651496,Anolaima--Casco Urbano,2026-06-07 09:30,44,7
L44899697,CO,CO-CUN,,4.7230408,-74.4863497,Anolaima--La Maria,2025-10-19 10:19,27,2
L31809870,CO,CO-CUN,,4.7423036,-74.4791688,Anolaima--Vda. Calandaima,2025-05-10 10:39,43,3
L57243922,CO,CO-CUN,,4.7580178,-74.466256,Anolaima--Vda. Calandaima
L23495741,CO,CO-CUN,,4.7665274,-74.4690301,Anolaima-Bosque de Cementerio,2023-04-07 15:00,1,1
L31289058,CO,CO-CAL,,5.2294684,-75.7878461,Anserma--Casco Urbano,2025-08-02 10:04,49,16
L15382909,CO,CO-VAC,,3.3582301,-76.6598993,Antigua Estación de Korea,2021-06-11 05:30,53,8
L9210339,CO,CO-TOL,,4.9032439,-75.0985383,Antiguo Camino Real,2026-04-02 07:29,55,9
L4935956,CO,CO-CAQ,,1.76539,-75.638631,Antiguo Internado,2026-05-09 05:43,139,57
L9333522,CO,CO-ANT,,7.815795,-76.7155621,"Apartadó, Aeropuerto Antonio Roldan Betancur",2026-02-28 08:00,12,7
L2292807,CO,CO-RIS,,5.1052041,-75.9438515,Apia (pueblo),2026-09-12 16:15,245,80
L1178255,CO,CO-CUN,,4.515848,-74.5988846,Apulo (pueblo),2025-10-06 05:36,113,18
L38772998,CO,CO-CUN,,4.457548,-74.561324,Apulo--Finca La Primavera,2024-12-19 06:30,34,1
L9212564,CO,CO-RIS,,5.1522737,-75.9428722,Apía--Vda. El Lucero,2025-10-11 09:56,108,6
L2461670,CO,CO-CAL,,5.0748287,-75.5863452,Aralcal,2026-02-08 08:20,147,30
L10485711,CO,CO-AMA,,-4.0495806,-70.0722769,Arara lodge,2025-10-12 18:24,225,17
L39257308,CO,CO-CAQ,,-0.613618,-72.384903,Araracuara,2025-07-04 14:54,92,14
L31558690,CO,CO-CUN,,4.271734,-74.4267153,Arbelaez--Vda. San José,2026-05-09 05:58,93,17
L27250555,CO,CO-CUN,,4.27073,-74.439129,Arbeláez--Arremuescos,2023-12-22 13:00,13,2
L29276973,CO,CO-CUN,,4.271051,-74.4159365,Arbeláez--Casco Urbano,2026-05-01 13:45,18,3
L10274890,CO,CO-NSA,,7.6338306,-72.7917514,Arboledas (area general),2022-08-06 13:49,49,11
L58810907,CO,CO-DC,,4.684202,-74.007201,Arboretto,2026-02-18 13:35,3,1
L6852159,CO,CO-DC,,4.5522279,-74.1700101,Arborizadora Alta,2026-04-07 08:46,65,105
L9286676,CO,CO-DC,,4.5561756,-74.1647431,Arborizadora Alta - Cerro Seco,2026-08-29 08:25,45,71
L10230699,CO,CO-BOY,,5.7227307,-73.4740045,Arcabuco P,2026-02-05 13:20,14,2
L8211017,CO,CO-RIS,,5.3426002,-75.738481,Area de Conservacion y Recreacion Cerro Gobia,2026-08-09 07:16,157,32
L2330753,CO,CO-CHO,,6.1091894,-77.4237442,Area de El Valle,2026-09-24 15:35,386,197
L4422748,CO,CO-RIS,,5.2574182,-76.1722684,Area de Manejo Especial Étnico del Alto Amurrupá (area general; acceso restringido),2025-06-21 07:34,344,52
L59198481,CO,CO-RIS,,4.780326,-75.6331953,Arka de la Tierra
L30676714,CO,CO-TOL,,4.9647784,-74.9055437,Armero - Ruinas,2026-09-06 10:46,142,37
L603931,CO,CO-ANT,,6.9887752,-75.1202202,Arrierito Antioqueño ProAves Reserve,2026-08-16 10:10,619,3236
L35570326,CO,CO-HUI,,2.867196,-75.342396,Arroceras El Juncal--Sector La Sardinata,2026-09-03 08:38,151,52
L7471272,CO,CO-ATL,,10.743649,-74.9831647,Arroyo El Pueblo,2026-09-01 10:47,162,32
L13710025,CO,CO-LAG,,11.5116437,-72.97204,Arroyo Guerrero--Cachaco,2026-07-23 16:52,6,2
L17933860,CO,CO-VAC,,3.1087666,-76.6196725,Arrozales La Berta,2024-02-03 07:00,57,2
L6269787,CO,CO-VAC,,3.1164336,-76.6116571,Arrozales La Bertha,2026-02-14 08:37,117,34
L5092232,CO,CO-VAC,,3.233508,-76.532454,Arrozales de Jamundí,2026-09-20 07:25,215,384
L59526710,CO,CO-CUN,,4.1956404,-74.4434452,ArteSumapaz,2026-04-25 08:57,78,10
L60930163,CO,CO-TOL,,3.5928348,-75.3795496,Ataco--Colegio Martín Pomala,2026-02-04 14:34,1,0
L60931021,CO,CO-TOL,,3.5866092,-75.3893373,Ataco--Quebrada Paipa,2026-03-21 16:00,1,0
L35960035,CO,CO-VAC,,3.8712,-76.20304,Auen Posada Andina Birdwatching,2026-08-30 13:27,163,68
L27384367,CO,CO-CUN,,4.625818,-74.425034,Aula Ambiental Terranova Colegio Americano de BOGOTA,2024-01-28 14:00,106,24
L27455332,CO,CO-MET,,3.5758674,-74.0521158,Aula viva tropical,2026-05-09 11:03,175,24
L22355075,CO,CO-SAN,,6.0013794,-73.0430022,Avendaños,2023-01-21 13:00,15,0
L13281940,CO,CO-NAR,,1.2759751,-78.0948137,Aves & Flórez Lodge,2026-08-27 17:48,236,430
L4375590,CO,CO-VAC,,3.534716,-76.753449,Avistamiento de Aves Doña Dora (El Descanso),2026-09-27 15:08,474,6719
L72650498,CO,CO-VAC,,3.8513195,-76.5668848,Avistamiento de Aves Finca San Antonio,2026-09-25 08:50,115,85
L59656174,CO,CO-CUN,,4.6213111,-73.892807,"Awa, Casa del Río",2026-03-01 05:52,10,2
L54111296,CO,CO-COR,,8.240238,-75.2329457,Ayapel--Palotal,2025-10-11 05:50,28,1
L42893357,CO,CO-AMA,,-4.0746712,-70.0561321,BIOHOTEL AraraRiver,2026-05-22 08:44,146,46
L31329570,CO,CO-CUN,,4.0548793,-74.5020875,BIOPARQUE SUTAGAO,2024-05-16 04:18,113,6
L8936312,CO,CO-CUN,,4.567682,-74.3196183,BOCHICA Reserva Natural del Tequendama,2021-05-08 16:30,208,141
L15909231,CO,CO-NSA,,7.5871634,-72.9304996,Bagueche,2023-12-19 07:00,110,20
L32170972,CO,CO-TOL,,4.4625717,-75.2615217,Bahareque Hostal,2026-05-17 07:26,64,4
L5683923,CO,CO-LAG,,12.4136995,-71.7202059,Bahia Hondita,2025-12-30 00:00,82,14
L3104533,CO,CO-CHO,,8.6575258,-77.3578107,Bahia Sapzurro,2026-05-29 11:43,320,128
L2757417,CO,CO-CHO,,6.2301161,-77.404938,Bahia Solano,2026-09-11 13:10,359,206
L27774164,CO,CO-COR,,9.4071072,-75.8154058,Bahía de Cispatá,2026-08-16 06:55,116,64
L3310056,CO,CO-VAC,,3.6189113,-76.9016073,Bajo Anchicayá - La Virgen,2026-05-09 14:17,404,405
L7358098,CO,CO-VAC,,3.6229857,-76.9287586,Bajo Anchicayá - Zona de la Cascada,2026-06-13 06:29,302,134
L27015747,CO,CO-SAP,,15.8623169,-78.6409453,Bajo Nuevo Bank
L16706234,CO,CO-MET,,2.054538,-74.107816,Bajo Recreo--Finca El Paraíso (Don Miller Carvajal),2026-03-10 12:35,167,15
L16706239,CO,CO-MET,,2.061565,-74.108009,Bajo Recreo--Sendero El Higuerón,2023-01-13 06:01,115,10
L13156437,CO,CO-VAC,,3.3269166,-76.6211843,Balcón de los Colibríes,2026-03-30 14:43,171,167
L11820318,CO,CO-ANT,,6.934452,-75.3692982,"Balcón de los Colibríes, Yarumal",2026-07-20 12:35,134,94
L43855482,CO,CO-MET,,3.3445711,-74.005815,Balcón del Güejar,2026-09-14 07:20,303,112
L14408054,CO,CO-TOL,,5.2952158,-74.8755302,Balneario  Cocorná,2026-05-09 17:02,95,3
L5805971,CO,CO-TOL,,4.5358591,-74.8782957,Balneario Caracoli,2026-05-09 13:49,116,17
L12086289,CO,CO-CAL,,5.3906393,-74.9294742,Balneario El Tasajo,2026-09-19 08:44,270,356
L3872046,CO,CO-CES,,10.5017159,-73.2687181,Balneario Hurtado,2026-09-20 09:30,133,104
L5513427,CO,CO-VAC,,3.8231104,-76.7815684,Balneario La Delfina,2026-07-07 07:53,257,162
L4464773,CO,CO-CAL,,5.6100705,-74.7990739,Balneario La Garrucha,2026-06-28 13:25,175,15
L24051247,CO,CO-VAC,,3.9028683,-76.210269,Balneario La Maria,2026-09-08 09:52,125,50
L16239913,CO,CO-CUN,,5.0706674,-74.3757259,Balneario San Calletano,2025-05-14 12:14,7,3
L5186385,CO,CO-VAC,,3.8486879,-76.7964902,Balneario Valparaiso,2025-10-21 06:48,190,57
L8209862,CO,CO-MET,,4.0191681,-73.7911447,Balneario en La Sardinata,2026-07-21 06:38,192,67
L14774670,CO,CO-CAQ,,2.762269,-75.036354,Balsillas—Finca Balcones,2024-05-11 09:08,91,4
L7260634,CO,CO-NAR,,1.305121,-78.110967,Bangsias Bird Lodge-Hotspot,2026-08-25 11:19,304,741
L6697742,CO,CO-SAN,,6.6393496,-73.224655,Barichara - Inicio Camino Real,2026-08-17 10:00,67,7
L41893729,CO,CO-SAN,,6.6605345,-73.2298358,Barichara A Guane - Quebrada,2026-07-29 08:30,82,14
L47100432,CO,CO-SAN,,6.63572,-73.22346,Barichara--Parque Principal,2026-09-12 15:15,53,7
L5409977,CO,CO-CAQ,,1.802499,-75.652688,Barranco del Uropsalis,2026-05-09 07:40,138,43
L8576080,CO,CO-ATL,,10.9960184,-74.7948616,Barranquilla,2026-09-21 04:43,102,30
L2768674,CO,CO-ATL,,11.0229836,-74.8488901,"Barranquilla, Universidad del Norte",2026-08-17 16:32,244,916
L24030330,CO,CO-CAQ,,1.6315484,-75.6139634,Barrio Brisas del Sinaí -- Microcuenca el Nilo,2024-11-04 12:10,1,2
L54039046,CO,CO-VAC,,3.483384,-76.529361,Barrio El Bosque,2026-03-12 08:59,55,20
L16181812,CO,CO-VAC,,3.4861396,-76.5226786,Barrio La Flora,2026-08-21 17:39,88,114
L11399953,CO,CO-TOL,,4.4576828,-75.2426786,Barrio Santa Bárbara,2020-05-09 07:35,24,2
L6513757,CO,CO-DC,,4.6778648,-74.1510933,Barrio Villa Carmenza,2026-06-01 13:55,51,55
L11885701,CO,CO-BOY,,5.6515833,-74.0713417,"Barrio el Bosque, San Pablo de Borbur",2026-05-09 07:05,91,42
L14101887,CO,CO-PUT,,1.1670406,-76.6498846,Barrio el Carmen,2026-09-05 14:45,154,373
L11847266,CO,CO-HUI,,2.1088698,-76.0661689,Base Cerro Pelado,2020-07-05 06:10,45,3
L16783881,CO,CO-HUI,,1.6662952,-76.2297791,"Base Militar El Cable, Pitalito",2026-08-30 14:50,174,88
L29036169,CO,CO-CUN,,5.0013262,-74.4049984,Bella Aurora,2025-04-17 11:54,36,5
L2773529,CO,CO-MAG,,11.0972721,-74.0783,Bellavista--Escuela y Tienda Las Moras,2026-08-22 06:02,290,762
L2773496,CO,CO-MAG,,11.0967044,-74.0823898,Bellavista--La Yey,2026-09-21 06:30,295,665
L2146838,CO,CO-MAG,,11.0949243,-74.0783644,Bellavista--Vereda,2026-09-27 07:18,311,1722
L24525430,CO,CO-CAS,,4.6119725,-72.9225362,Bello Horizonte,2026-06-11 18:45,24,4
L16776620,CO,CO-CAL,,5.3699885,-75.4622381,Bemat Colombia,2026-08-06 08:24,56,11
L13170430,CO,CO-CAL,,5.5083401,-75.7170715,Bermejal Resguardo,2026-08-01 07:11,113,6
L28722834,CO,CO-SAN,,6.9017278,-73.2832715,Betulia,2026-05-10 06:38,71,29
L7351773,CO,CO-CAU,,2.5285395,-76.0791984,Biblioteca Casa del Pueblo Guanacas,2025-10-01 15:19,119,27
L65633728,CO,CO-SAN,,6.4614561,-73.2574904,Biblioteca Pública Bicentenario Antonia Santos,2026-05-06 15:25,1,1
L4506053,CO,CO-VAC,,3.454808,-76.634544,Bichacue Yath Arte y Naturaleza,2026-08-25 16:40,220,105
L16596597,CO,CO-TOL,,3.2765641,-75.7461298,Bilbao Tolima,2024-05-31 05:58,54,4
L49782910,CO,CO-MET,,4.0289983,-73.0185383,BioReserva El Diamante,2026-07-08 10:58,122,79
L66709384,CO,CO-CAQ,,1.4829659,-75.7360482,Bioparque Aguadulce,2026-05-17 12:15,20,1
L3808800,CO,CO-RIS,,4.8312532,-75.7044107,Bioparque Bonita Farm,2026-09-15 09:11,194,206
L18849533,CO,CO-AMA,,-4.1334872,-70.0147897,Bioparque Hotel Amazon,2026-08-28 10:06,142,28
L54010121,CO,CO-CUN,,4.8091181,-74.1162548,Bioparque La Reserva,2026-07-19 09:00,43,7
L54887668,CO,CO-CUN,,4.8076476,-74.1169453,Bioparque La Reserva
L5979754,CO,CO-MET,,4.1855556,-73.6086111,Bioparque Los Ocarros,2026-09-17 13:08,247,355
L37815473,CO,CO-SAN,,6.642697,-73.22195,"Bioparque Móncora, Barichara",2026-07-21 15:26,46,8
L5826423,CO,CO-BOY,,5.0882084,-73.3171964,Bioparque Sendero El Jucual La Maravilla de Mamapacha,2026-08-09 08:07,140,55
L7341637,CO,CO-RIS,,4.8011688,-75.8113772,Bioparque Ukumarí,2026-09-20 07:19,226,161
L7129862,CO,CO-CAS,,4.8952341,-71.4579964,Bioparque Wisirare (AICA),2026-09-20 15:21,259,167
L54203598,CO,CO-CUN,,4.2827399,-73.4937933,Bioturis--Sector La Playa
L33903919,CO,CO-TOL,,4.2108209,-75.2494805,Bird Paradise Lodge,2026-08-07 15:58,156,108
L17231377,CO,CO-RIS,,5.3736502,-75.8907351,"Bird's Home Mistrató, Risaralda",2026-09-26 07:00,431,1397
L14425981,CO,CO-QUI,,4.6289871,-75.5019468,Birdglamping Los Árboles,2025-10-18 09:41,277,129
L5249999,CO,CO-VAC,,3.610051,-76.5997267,Bitaco (pueblo),2026-06-03 06:10,114,22
L54686339,CO,CO-CUN,,4.8174426,-74.5493952,Bituima—Escuela La Montaña,2026-06-10 09:59,61,5
L55630684,CO,CO-CHO,,6.36841,-77.378062,Black Sands Lodge,2026-08-04 16:00,160,31
L27840904,CO,CO-SAP,,12.528112,-81.732209,Blue Cove,2026-09-26 18:17,47,19
L12696885,CO,CO-MAG,,11.2690605,-73.8382983,Blue Mango BEACH Hotel,2026-09-12 13:41,88,14
L17287958,CO,CO-TOL,,4.4716099,-75.1255846,Boarding House El Paraíso,2015-06-06 06:30,89,1
L26822726,CO,CO-COR,,9.401408,-75.7790043,"Boca Mireya, Córdoba",2025-10-27 09:27,78,9
L3776649,CO,CO-ATL,,11.0767519,-74.8481798,Bocas de Ceniza,2026-09-05 10:51,129,70
L3170856,CO,CO-ANT,,8.0870222,-76.8393397,Bocas del Atrato,2026-06-28 12:30,195,87
L34189133,CO,CO-SAN,,6.7802036,-74.0995518,Bocas del Carare,2026-03-23 09:24,78,29
L23738201,CO,CO-GUV,,2.5796488,-72.8651253,Bocas del Raudal,2026-02-12 11:00,77,14
L9153186,CO,CO-CHO,,5.6640488,-77.3034822,Bocas del Río Chicuí,2026-09-21 06:05,92,10
L9194338,CO,CO-TOL,,4.7931136,-74.9700393,"Bocatoma ASORECIO, La Sierra",2019-05-04 05:17,19,1
L10980874,CO,CO-CUN,,4.7006215,-73.8495183,Bodega Palacio,2026-01-10 08:23,52,12
L16906193,CO,CO-DC,,4.6287403,-74.0752775,Bogotá--Park Way,2026-09-25 07:25,37,74
L8392670,CO,CO-CUN,,4.7251846,-74.3729782,Bojaca-Cachipay Camino Real,2025-05-10 12:30,79,2
L24313199,CO,CO-CUN,,4.7296818,-74.3454139,Bojacá--Coliseo San Lorenzo,2023-05-13 09:00,15,1
L21506234,CO,CO-SAN,,6.0592092,-73.0149658,Boquemonte,2026-04-02 11:36,58,24
L27564246,CO,CO-CUN,,4.605856,-74.2970181,Boquemonte Reserva Natural,2026-09-17 14:26,159,154
L9214061,CO,CO-RIS,,4.7899414,-75.6910758,Bordes Y-H,2026-03-19 17:31,29,7
L3272114,CO,CO-VAC,,3.573056,-76.646111,Borrero Ayerbe/Km 30,2026-09-06 13:39,92,29
L8954902,CO,CO-CAL,,5.0897506,-75.5193477,Bosque Alto Corinto,2026-06-27 15:30,33,3
L1924284,CO,CO-MET,,4.18298,-73.65183,Bosque Bavaria,2026-09-26 09:19,437,1721
L31496047,CO,CO-DC,,4.6355079,-74.1320819,Bosque Bavaria,2026-01-16 06:28,29,15
L8192676,CO,CO-DC,,4.6385315,-74.1286945,Bosque Bavaria,2026-01-23 17:07,83,100
L19445370,CO,CO-CUN,,4.6824323,-73.985689,Bosque Chocolatero,2026-06-01 05:16,17,4
L42380849,CO,CO-ATL,,10.7621649,-75.1017424,Bosque Corazón Fino,2026-09-13 15:29,138,11
L16303111,CO,CO-SAN,,7.1220416,-73.1016396,Bosque De Los Caminantes - Mirador De Los Helechos,2026-09-23 06:59,154,84
L49817388,CO,CO-CES,,10.7963519,-73.3711939,Bosque De Niebla Avirrúa,2026-01-15 05:59,50,7
L8956610,CO,CO-VAC,,4.7577526,-75.8968314,Bosque EMCARTAGO,2026-05-15 09:00,162,94
L30905564,CO,CO-CAL,,5.0543147,-75.5403658,"Bosque El Arenillo, Fundación Niños de los Andes",2026-07-08 11:04,148,22
L4309477,CO,CO-PUT,,1.2023997,-76.7336226,Bosque El Marmol,2021-01-26 07:34,65,8
L16536602,CO,CO-SAN,,7.1253391,-73.106592,Bosque Encantado,2026-07-26 09:46,85,26
L4128390,CO,CO-VAC,,3.359777,-76.5440226,Bosque Escondido,2026-09-27 07:00,174,257
L3924441,CO,CO-CAL,,5.1414894,-75.4925001,Bosque Guacaica,2026-07-11 08:32,98,9
L3630982,CO,CO-VAC,,3.2530793,-76.5149689,Bosque Inundable Colindres,2025-02-13 12:49,90,7
L68990066,CO,CO-VAC,,3.842479,-76.543463,Bosque La Italia,2026-05-22 16:12,106,25
L27179027,CO,CO-TOL,,4.9008757,-75.0657046,Bosque La Marcada,2026-09-14 16:52,115,10
L55482256,CO,CO-SAN,,5.9520554,-73.2600649,Bosque Laguna El Palmar,2025-11-25 09:00,20,1
L7691435,CO,CO-CAU,,2.3550135,-76.4938492,Bosque Legaro,2026-09-13 07:15,172,187
L6442234,CO,CO-TOL,,4.6785,-74.822528,Bosque Limones,2021-11-09 16:55,69,3
L22248342,CO,CO-HUI,,2.1747309,-75.5725731,Bosque Los Pinos,2025-04-03 14:09,41,3
L7702107,CO,CO-HUI,,3.2779659,-75.3050965,Bosque Los Venados,2018-07-12 09:08,40,2
L26561769,CO,CO-HUI,,2.241131,-75.555923,Bosque Mionectes Cambur,2025-11-16 08:33,121,17
L11121496,CO,CO-TOL,,5.194305,-74.9082577,"Bosque Municipal José Celestino Mutis - Mariquita,Tolima",2026-05-22 11:46,169,40
L9334467,CO,CO-TOL,,4.8642836,-74.9137339,Bosque Municipal de Lérida,2025-07-12 05:56,90,5
L7477012,CO,CO-VAC,,3.5283786,-76.2860852,Bosque Municipal de Palmira,2026-09-18 06:27,176,363
L8850080,CO,CO-TOL,,4.8569374,-74.9163746,"Bosque Polideportivo Municipal, Lerida",2026-08-14 10:44,61,2
L17339092,CO,CO-CAL,,5.036981,-75.4759986,Bosque Popular El Prado,2026-09-22 15:48,146,107
L41483001,CO,CO-RIS,,4.8815743,-75.6229792,Bosque Portal del prado,2025-05-25 07:39,29,3
L8016280,CO,CO-BOY,,5.46697,-73.65845,Bosque Robledal,2020-01-12 06:20,44,6
L20730659,CO,CO-DC,,4.6548764,-74.0442467,Bosque Rosales,2026-05-07 19:00,86,63
L8124940,CO,CO-CAL,,5.054454,-75.73335,Bosque San Francisco,2026-09-18 09:49,261,294
L55347951,CO,CO-RIS,,4.743974,-75.613169,Bosque Santa Helena,2026-04-11 14:39,106,16
L6156620,CO,CO-HUI,,2.481668,-75.544334,Bosque Seco Alto de Betania,2026-03-12 12:11,33,6
L5871252,CO,CO-TOL,,4.9076532,-74.7415137,Bosque Seco Cambao,2026-08-18 14:34,118,51
L7359813,CO,CO-BOL,,10.2721035,-75.55668,Bosque Seco Tropical de Ararca,2026-05-09 08:31,222,127
L6703001,CO,CO-ATL,,10.8142007,-75.1999891,Bosque Seco de Boca Tocino,2026-05-09 11:50,152,16
L12257932,CO,CO-RIS,,4.884337,-75.7497911,Bosque Sinagoga Sefardi
L27914284,CO,CO-CUN,,4.5919717,-74.3373817,Bosque Sukkot,2026-09-20 06:47,181,427
L53500155,CO,CO-VAC,,3.4417311,-76.5355729,Bosque Urbano Santa Librada,2025-11-01 16:10,29,4
L55705735,CO,CO-VAC,,3.350026,-76.545724,Bosque Urbano Umbría,2025-12-19 09:11,46,3
L16566935,CO,CO-VAC,,3.4428871,-76.5372258,Bosque Urbano de la Loma de La Cruz,2026-08-01 18:16,47,19
L28200466,CO,CO-CAL,,5.6067245,-74.954177,Bosque Vda. Carolina,2026-05-15 08:47,230,75
L4625129,CO,CO-CAU,,1.376935,-76.513145,Bosque Verdeyaco,2026-04-06 06:38,345,379
L34317224,CO,CO-TOL,,5.3060452,-74.9196593,Bosque Vereda La Albania,2025-01-08 15:58,15,4
L59686216,CO,CO-ANT,,6.6522767,-74.8993617,Bosque Villagraciela,2026-04-02 16:55,51,7
L6992633,CO,CO-AMA,,-4.1831426,-69.9572146,Bosque Várzea--Lagos Yahuarcaca,2026-03-01 09:23,80,5
L45207113,CO,CO-AMA,,-3.7724297,-70.391777,Bosque Várzea—Lago El Correo,2026-09-16 08:43,244,82
L4664038,CO,CO-CAU,,1.066669,-76.464061,Bosque de Achayaco,2020-10-31 08:00,154,14
L4669525,CO,CO-CAQ,,1.756365,-75.749894,Bosque de Cerro Negro,2026-08-16 10:33,101,21
L4686696,CO,CO-CAQ,,1.84826,-75.672068,Bosque de Chusques,2025-04-18 09:17,122,41
L3590171,CO,CO-NAR,,1.2736881,-77.2537643,Bosque de Daza,2026-08-20 07:18,201,159
L5919686,CO,CO-ANT,,7.844133,-76.486382,Bosque de Finca La Alborada,2020-06-28 15:45,352,83
L7363038,CO,CO-SAN,,7.08528,-73.749,Bosque de Instituto Universitario de la Paz,2024-05-11 15:18,76,8
L7211601,CO,CO-CAQ,,1.636548,-75.623906,Bosque de La Circunvalar del Hacha,2021-10-04 11:29,97,9
L11344108,CO,CO-CAL,,5.0944999,-75.5297872,Bosque de Los Caracoles,2026-03-11 11:33,109,19
L21649861,CO,CO-VAC,,3.7552663,-76.0649726,Bosque de Los Tucanes,2026-05-10 06:52,61,20
L4796402,CO,CO-CAU,,1.073211,-76.466414,Bosque de Los Yarumos,2016-08-06 14:45,56,4
L2737290,CO,CO-VAC,,3.5323991,-76.6122072,Bosque de Niebla Km. 18,2026-09-05 10:39,389,1447
L4682300,CO,CO-CAQ,,1.870666,-75.678732,Bosque de Niebla del Río Hacha,2026-04-26 06:55,161,95
L45306797,CO,CO-SAN,,6.0768115,-73.8332081,Bosque de Pandora--El Peñón,2024-08-20 12:11,4,1
L39258051,CO,CO-AMA,,-0.622762,-72.386907,Bosque de Puerto Santander,2025-07-07 19:24,101,7
L465406,CO,CO-VAC,,3.4898535,-76.6269025,Bosque de San Antonio (Cerro de la Horqueta),2026-09-25 08:05,354,1177
L1252511,CO,CO-CAL,,4.9996892,-75.327487,Bosque de San Carlos/La Virginia,2026-09-26 11:43,235,2257
L7366468,CO,CO-CAU,,2.4611482,-76.5829975,Bosque de Villamercedes,2026-07-16 13:43,122,47
L3983978,CO,CO-VAC,,3.3599624,-76.5658938,Bosque de la Buitrera,2025-10-11 06:30,122,28
L5103881,CO,CO-VAC,,3.545418,-76.288569,Bosque de las Mercedes,2026-07-17 07:08,123,161
L22036486,CO,CO-CHO,,8.3475374,-77.1274334,Bosque de los Gigantes,2025-12-14 09:29,93,13
L20045225,CO,CO-CAL,,5.057466,-75.4840374,Bosque de los Laureles,2026-02-18 16:27,89,36
L8822177,CO,CO-BOY,,5.4619553,-72.7116675,Bosque de niebla vía Cusiana-Peña de Gallo,2026-04-19 09:56,29,1
L30648143,CO,CO-GUV,,2.5703627,-72.6630135,Bosque del Guaviare,2026-05-09 06:24,64,3
L10017473,CO,CO-CAQ,,1.771346,-75.782885,Bosque del Pórtico,2024-01-03 13:11,77,8
L7023088,CO,CO-QUI,,4.6402476,-75.6368351,Bosque del Silencio,2026-04-20 10:42,204,64
L8089453,CO,CO-VAC,,3.4024159,-76.6148904,Bosque del Silencio,2025-02-02 10:00,107,5
L41907898,CO,CO-CAQ,,1.8078,-75.659384,Bosque del cañón del Hacha,2026-04-03 10:15,35,6
L23376326,CO,CO-VAC,,4.2800314,-75.8384226,Bosque entre Campos Azul y Samaria,2023-04-02 12:08,46,1
L28008965,CO,CO-MAG,,9.284589,-74.2292613,Bosque las Palomas (María Antonia),2023-11-04 08:40,20,0
L5174083,CO,CO-CHO,,5.6272581,-77.39221,Bosque y Playa Guachalito,2026-09-27 11:49,182,24
L465350,CO,CO-ANT,,5.5375,-75.9253333,Bosques Montanos del Sur de Antioquia,2014-03-06 07:40,101,6
L3217354,CO,CO-LAG,,11.1622346,-72.6570511,Bosques Secos de Albania,2024-10-14 12:24,165,19
L65609988,CO,CO-SAN,,6.489961,-74.072747,"Bosques abiertos altos, Cimitarra",2026-05-09 08:23,9,0
L34986080,CO,CO-CAL,,5.1142156,-75.506401,Bosques de La Pradera,2026-05-09 06:15,166,44
L14204924,CO,CO-CAQ,,1.692304,-75.735294,Bosques de Morro Pelado,2023-11-12 09:20,134,13
L10125643,CO,CO-ANT,,6.004138,-75.816141,Bosques de Quebrada Sinifaná,2026-09-13 07:27,312,850
L43350591,CO,CO-CUN,,4.6491944,-74.4598956,Bosques de San Nicolás,2026-08-06 10:10,96,8
L10119709,CO,CO-CAQ,,0.692543,-75.254084,Bosques de Solano,2026-05-09 05:42,218,24
L20388668,CO,CO-CAL,,5.0554762,-75.4770251,Bosques de la Suiza,2026-03-03 06:50,27,4
L7055654,CO,CO-CAQ,,1.730518,-75.669856,Bosques del Caraño—Km 20,2019-10-19 00:05,111,12
L77692047,CO,CO-TOL,,4.358445,-75.506617,Botero Birding Ecolodge,2026-09-26 14:20,59,17
L7853061,CO,CO-BOL,,9.2488189,-74.4262129,Brazo De Mompos--Santa Cruz de Mompox,2026-08-16 07:36,232,158
L3638350,CO,CO-PUT,,-0.1868531,-74.8314428,Brazuelo del Caucayá,2026-07-10 11:54,226,32
L37339758,CO,CO-TOL,,5.1792567,-74.7171882,Bremen Santa Helena,2026-09-12 16:09,216,27
L8669981,CO,CO-RIS,,5.3594521,-76.1891441,Brisas de Gito,2018-12-28 07:10,13,1
L51830699,CO,CO-VAC,,3.4888706,-76.503008,Brisas de los Álamos Jarillón Río Cali comuna 2,2026-09-27 12:20,60,15
L23133682,CO,CO-RIS,,5.0242569,-75.7501531,Brisas del Cauca,2026-04-05 10:33,113,19
L7361699,CO,CO-PUT,,0.487845,-76.5122062,Brisas del Hong Kong,2025-10-25 17:14,99,18
L6767428,CO,CO-CAS,,5.2552778,-72.8647222,Brisas del Tonce,2024-12-09 19:01,139,19
L34770713,CO,CO-PUT,,1.0284985,-76.5895271,Brisas del rio Mocoa,2025-02-28 07:39,51,6
L3172103,CO,CO-MET,,4.1672419,-73.6810648,Buenavista (pueblo),2025-11-02 10:08,181,92
L22934661,CO,CO-CAL,,5.7686517,-74.6727522,Buenavista--Casco Urbano y Rural,2026-05-01 17:43,69,3
L35896023,CO,CO-VAC,,4.2149553,-76.1562613,"Bugalagrande, Valle del Cauca - aves urbanas de Bugalagrande",2026-01-07 23:07,109,41
L4321354,CO,CO-VAC,,3.3826805,-76.5763807,Buitrera Cali (pueblo),2026-03-26 06:32,126,79
L9107183,CO,CO-RIS,,4.864788,-75.60972,Burití EcoH,2019-04-23 17:36,1,0
L8706668,CO,CO-VAC,,3.5757187,-76.8777826,Búnker de Cerro Mosquito (ANC),2024-05-11 09:55,116,32
L24058900,CO,CO-HUI,,2.192986,-75.615208,CAM - DTC GARZON,2026-03-15 10:17,34,4
L12711748,CO,CO-LAG,,11.2359191,-73.567415,CAMINO AL RIO PALOMINO Y BAJANDO EN TUBING EL RIO PALOMINO.,2026-07-19 10:36,118,10
L24302525,CO,CO-SAN,,6.9846773,-73.7056262,CE Palmar de La Vizcaina,2026-07-08 15:33,98,15
L55057391,CO,CO-VAC,,3.851074,-76.41552,CEA Tinajas,2025-12-22 10:38,76,8
L3858599,CO,CO-CAL,,5.0457173,-75.7283628,CHEC La Esmeralda,2026-09-24 06:40,301,371
L9948844,CO,CO-TOL,,4.2114928,-74.665962,CLUB MILITAR SENDERO,2019-07-16 06:00,24,1
L5831949,CO,CO-COR,,9.1334154,-76.1801522,"CO-Córdoba-Monitos - 9.133x-76.18 - may. 13, 2017 22:59",2017-05-14 08:05,44,5
L9535920,CO,CO-RIS,,4.8140141,-75.8516746,CRARSI Centro de Rehabilitación de Aves Rapaces de San Isidro,2026-09-27 15:09,22,1
L9621778,CO,CO-DC,,4.6298161,-74.1921843,"CVS Punto 1 Bosa Atalaya, Bogotá",2022-12-22 08:46,31,49
L62275768,CO,CO-NAR,,1.0986942,-77.6551437,Cabaña Andarriegos,2026-04-15 17:05,17,3
L7358142,CO,CO-ANT,,5.6718982,-75.709362,Cabaña Ecologica,2026-05-09 06:13,128,35
L4668160,CO,CO-CAU,,1.072294,-76.476631,Cabaña Kawari,2019-08-02 09:15,165,23
L40624863,CO,CO-TOL,,4.3671336,-75.4956977,"Cabaña La Meseta, Anaime",2026-08-09 06:56,75,12
L7518509,CO,CO-NSA,,7.6008636,-72.605778,Cabaña La Trinidad,2020-06-15 06:41,43,2
L65419853,CO,CO-ANT,,6.3902165,-75.1036817,"Cabaña bonita,Alejandría"
L3627903,CO,CO-CAL,,5.5374335,-74.930904,Cabañas Campo Alegre,2023-12-24 10:35,148,15
L39978882,CO,CO-AMA,,-3.8105521,-70.2430814,Cabañas Ecológicas Muü,2025-10-31 10:35,50,10
L7455227,CO,CO-MET,,4.2687881,-73.5795808,Cabañas El Bosque,2026-02-07 07:19,162,27
L36505559,CO,CO-PUT,,0.6314694,-77.0323167,Cabañas Tinamú Negro,2026-07-29 06:30,107,35
L4680441,CO,CO-CAL,,5.3221581,-74.9146825,Cabañas Villa Guadalupe,2024-11-06 06:01,103,19
L10273712,CO,CO-RIS,,4.7466888,-75.6037909,Cabañita de la Florida,2026-09-27 12:59,209,254
L26592373,CO,CO-VAC,,4.21821,-77.25142,Cabeceras - San Juan,2023-08-06 06:00,21,1
L27982139,CO,CO-CAU,,1.4074394,-76.4987215,Cabildo Indígena Richaricuna,2026-08-17 12:50,30,10
L31620474,CO,CO-AMA,,-4.1618702,-69.9299955,Cabildo Indígena TIWA,2026-08-28 08:08,188,130
L7355569,CO,CO-PUT,,0.2898282,-76.5445962,"Cabildo Santa Rosa, Puerto Asis",2024-05-21 15:39,147,6
L6296862,CO,CO-CHO,,6.8363574,-77.6938534,Cabo Marzo,2026-05-13 12:01,36,8
L570644,CO,CO-CHO,,6.5745746,-77.3355103,Cabo Marzo--Choco,2025-05-12 15:11,48,4
L38456398,CO,CO-CAL,,5.1088759,-75.8378506,Cabo Verde Restaurante,2026-08-01 13:12,37,6
L22963944,CO,CO-LAG,,12.2096702,-72.1792316,Cabo de La Vela--El Faro,2025-08-03 09:55,20,3
L3215701,CO,CO-LAG,,12.2080325,-72.1733641,Cabo de La Vela--Ranchería Utta,2024-12-23 00:00,77,24
L31827313,CO,CO-LAG,,12.2046193,-72.1511172,Cabo de la Vela--Ranchería Jareena,2026-09-20 06:24,58,14
L54219060,CO,CO-CUN,,4.7181447,-74.4626462,Cachipay--Vda. Cayundá Bajo,2026-09-20 06:00,117,9
L7114834,CO,CO-CAS,,5.4541805,-72.4792099,Cafe de La Peña,2022-03-26 15:49,204,26
L3327333,CO,CO-CUN,,4.3225,-74.4819444,Cafetal Vereda La Vuelta,2024-04-07 07:07,209,50
L26368077,CO,CO-SAN,,6.5943846,-73.0789589,Cafetales Y Laguito - Curiti,2026-02-04 12:26,44,7
L7925994,CO,CO-CAL,,5.1351518,-75.4920473,Café Tío Conejo,2026-07-11 10:33,164,185
L76841905,CO,CO-VAC,,4.3197548,-75.8345605,Caicedonia--I.E. Bolivariano,2026-09-07 09:12,53,2
L27524622,CO,CO-VAC,,3.6819667,-76.7127167,Caisa-Maloka,2024-08-13 07:30,42,2
L9172083,CO,CO-TOL,,4.4420052,-75.4268312,Cajamarca - Casco Urbano,2026-08-25 10:00,97,44
L63213080,CO,CO-SAN,,7.0227778,-73.0641667,Cajasán,2026-04-11 08:40,22,0
L23684658,CO,CO-CUN,,4.9458732,-74.0431646,Cajicá--La Cumbre,2025-12-01 08:20,36,4
L11275813,CO,CO-CUN,,4.9262243,-74.0376775,Cajicá--Santa Ines,2020-05-09 09:00,5,4
L12910548,CO,CO-TOL,,4.4693588,-75.2180995,Calambeo Alto,2026-06-25 11:45,116,14
L6352725,CO,CO-AMA,,-3.827088,-70.248127,Calanoa Jungle Lodge,2026-08-27 07:55,252,90
L10848193,CO,CO-VAC,,3.4103322,-76.5439863,"Cali, Parque Tequendama",2026-09-07 18:09,60,16
L2984973,CO,CO-LAG,,11.4238312,-73.0621719,Camarones--Casco Urbano,2026-09-17 13:31,303,603
L16832086,CO,CO-SAN,,7.1090308,-73.0909868,Camino A La Antena - Quebradita,2025-09-24 06:40,115,14
L39125088,CO,CO-NSA,,7.773538,-72.832282,Camino Aguas Calientes a Salazar de las Palmas,2026-09-20 07:13,181,106
L74593876,CO,CO-SAN,,7.1131198,-73.0922694,Camino Antena Jugos Pie de la Cuesta Parador del Ciclista
L74594661,CO,CO-SAN,,7.1130716,-73.0922474,Camino Antena Jugos Pie de la Cuesta Parador del Ciclista
L2393130,CO,CO-CUN,,4.8923478,-73.9713711,Camino Boyero,2024-07-19 06:19,54,19
L44352366,CO,CO-CUN,,4.67725,-73.852435,Camino Chucua Mundo Nuevo,2023-09-10 07:00,22,1
L72639338,CO,CO-SAN,,5.8203567,-73.9443,"Camino Del Opon, Florián, Santander, CO (5.82, -73.944)",2026-07-06 07:41,30,2
L28822340,CO,CO-SAN,,6.9498378,-73.2982335,Camino El Banco [Black Inca House],2026-04-04 10:07,86,14
L28687452,CO,CO-SAN,,6.9210101,-73.2918614,Camino El Copillo - El Canario,2026-05-09 08:04,89,19
L49010915,CO,CO-CUN,,5.1037453,-73.960797,Camino El Mochuelo,2025-07-02 09:50,29,3
L2309631,CO,CO-CHO,,6.13936,-77.4034023,Camino El Valle,2026-09-19 12:00,389,314
L15704267,CO,CO-CUN,,4.6332158,-74.3324075,Camino Escuela Vereda El Cajón - La Peña,2026-06-09 08:20,70,17
L1252504,CO,CO-CHO,,4.8791833,-76.2336,Camino Galapagos--Baje la Cuesta Occidental (Dept. Choco),2026-05-10 13:20,152,17
L1252502,CO,CO-CHO,,4.8736309,-76.2283214,Camino Galapagos--Cuesta Occidental (Dept. Choco),2026-03-28 11:44,269,57
L35545118,CO,CO-CES,,10.716151,-73.411403,Camino Kogui,2026-08-24 07:13,183,132
L6952082,CO,CO-TOL,,4.9014448,-75.0822562,Camino La Tigrera,2026-09-11 18:18,206,115
L19141796,CO,CO-CAL,,5.0110539,-75.5698571,Camino La Violeta a Peaje Pavas,2026-09-19 06:17,115,17
L22345766,CO,CO-CUN,,4.20253,-74.08186,Camino Lagunas de Boca Grande,2023-01-24 09:30,15,4
L22345812,CO,CO-CUN,,4.1971697,-74.0769074,Camino Lagunas de Boca Grande Sector Páramo,2023-01-18 08:15,7,2
L22345918,CO,CO-CUN,,4.20057,-74.08248,Camino Lagunas de Boca Grande Sector bosque alto andino,2023-01-18 10:45,15,2
L65925572,CO,CO-SAN,,6.85178,-73.37978,Camino Lengerke PNN Serranía de los Yariguíes,2026-09-23 10:09,105,3
L28097877,CO,CO-CAL,,5.18928,-75.4331139,Camino Los Alpes,2025-08-10 11:36,175,22
L39260696,CO,CO-RIS,,4.8189266,-75.5448833,Camino Minas del Chaquiro,2025-07-18 06:35,126,11
L1193330,CO,CO-VAU,,1.1825942,-70.1581764,Camino Mitú,2026-03-14 12:05,311,89
L5697133,CO,CO-RIS,,5.2508729,-76.0637846,Camino Montezuma--Entrada al lodge,2026-09-21 09:46,361,230
L5041374,CO,CO-RIS,,5.2431874,-76.0962921,Camino Montezuma--La Clarita (acceso restringido),2026-09-20 14:13,452,2976
L5718946,CO,CO-RIS,,5.247701,-76.105251,Camino Montezuma--Los Cajones (acceso restringido),2026-09-20 07:04,443,3826
L8012829,CO,CO-RIS,,5.230739,-76.0817853,Camino Montezuma--Montezuma Rainforest Lodge (acceso restringido),2026-09-21 06:28,560,5341
L8577529,CO,CO-RIS,,5.2390522,-76.0893132,Camino Montezuma--Río Claro (acceso restringido),2026-09-20 17:08,459,2368
L11879678,CO,CO-MET,,4.2733943,-73.587887,Camino Montfortiano,2026-09-20 06:52,269,507
L3915513,CO,CO-QUI,,4.6366118,-75.5623019,Camino Nacional,2026-09-26 09:32,389,932
L23182221,CO,CO-HUI,,1.9429667,-76.5635529,Camino Nacional (Agua Arisca),2026-03-26 11:50,44,20
L23182080,CO,CO-HUI,,1.9353844,-76.589295,Camino Nacional (El Embudo),2023-05-13 10:36,18,5
L23181401,CO,CO-CAU,,1.9196238,-76.6147664,Camino Nacional (Piedra Del letrero),2026-03-24 18:03,61,18
L23183394,CO,CO-HUI,,1.9487814,-76.537593,Camino Nacional (Travesias),2025-04-09 10:17,51,11
L29423987,CO,CO-QUI,,4.6080291,-75.5468646,Camino Nacional -- Sector Finca Buenavista.,2026-08-11 07:14,130,48
L41813594,CO,CO-QUI,,4.6206183,-75.5565483,Camino Nacional--Sector Aguacatera/Cardonales,2026-07-15 21:38,110,36
L42038933,CO,CO-QUI,,4.5827297,-75.5252793,Camino Nacional--Sector El Rocío,2026-09-26 09:32,85,32
L42038877,CO,CO-QUI,,4.5657413,-75.5167913,Camino Nacional--Sector Escuela Bosque de niebla,2026-08-25 06:54,131,41
L41812968,CO,CO-QUI,,4.6325483,-75.5604267,Camino Nacional--Sector Kawa,2026-09-13 09:52,175,41
L42038836,CO,CO-QUI,,4.5576667,-75.5172017,Camino Nacional--Sector La Reina/La Línea,2026-08-11 09:43,121,62
L42038986,CO,CO-QUI,,4.5916467,-75.5258667,Camino Nacional--Sector Pampas/La Virginia,2026-09-04 14:06,70,35
L42039027,CO,CO-QUI,,4.6010435,-75.5418168,Camino Nacional--Sector Pineras Alegrías,2026-09-26 09:01,76,18
L42039065,CO,CO-QUI,,4.6168167,-75.5453633,Camino Nacional--Sector Tablazo/La primavera,2026-08-18 14:07,124,43
L11519600,CO,CO-CUN,,4.8698482,-74.4341766,Camino Real Albán,2025-11-12 06:53,49,6
L11519964,CO,CO-CUN,,4.880217,-74.439925,Camino Real Albán Vereda Garbanzal,2026-08-29 15:00,28,8
L1333952,CO,CO-SAN,,6.6437505,-73.2254541,Camino Real Barichara a Guane,2026-09-14 07:13,245,280
L8877322,CO,CO-CUN,,5.1800486,-74.4931514,Camino Real El Gavilán,2019-03-15 06:45,109,2
L13328262,CO,CO-SAN,,6.7399207,-73.0908394,Camino Real Los Santos--Jordán,2021-01-16 06:00,7,1
L27655450,CO,CO-SAN,,6.746479,-73.092363,Camino Real Los Santos–Jordán,2026-06-07 15:39,83,17
L29485743,CO,CO-CUN,,4.4220974,-74.2975666,Camino Real Sibaté - La Aguadita,2026-05-09 08:27,109,67
L21717869,CO,CO-CUN,,4.7528496,-74.3901201,Camino Real de Zipacón,2022-12-04 06:41,55,3
L59097307,CO,CO-CUN,,4.7528496,-74.3901201,Camino Real de Zipacón,2026-02-23 13:00,59,1
L65575675,CO,CO-TOL,,4.9208313,-75.0907308,Camino Real del Ruiz,2026-05-09 08:16,74,0
L3170871,CO,CO-MET,,4.1878079,-73.6410087,Camino Rio Guatiquia,2026-07-25 08:21,131,25
L3170835,CO,CO-CES,,10.3951304,-72.9415798,Camino Sabana Rubia,2026-03-03 10:00,235,48
L9060690,CO,CO-GUA,,3.8796184,-67.8839866,Camino Sabanitas (Sabanitas road),2026-07-19 08:48,345,116
L1450948,CO,CO-VAU,,1.1190923,-70.0826454,Camino Santa Cruz y Sendas,2026-03-01 11:10,451,360
L4433783,CO,CO-RIS,,4.8869014,-75.5663896,Camino Santa Rosa Cabal-Termales de San Vicente,2026-08-04 15:12,300,117
L35944429,CO,CO-CUN,,4.7347733,-74.3755102,Camino Tunel Zipacón,2026-08-02 11:30,49,3
L15786964,CO,CO-BOY,,6.1784243,-72.7435701,Camino Viejo,2021-05-17 07:00,9,1
L15461645,CO,CO-VAC,,3.1898807,-76.6342479,Camino a Cajones,2021-06-20 11:00,18,1
L23700888,CO,CO-GUV,,2.5470875,-72.7804971,Camino a Cerro Azul--Escuela las Brisas,2026-06-20 06:06,25,5
L21094982,CO,CO-VID,,5.4953356,-70.4114631,Camino a Puerto Borracho,2026-05-09 05:48,176,3
L3221007,CO,CO-CHO,,5.73351,-76.3615036,Camino a Quibdo,2025-02-17 16:20,262,57
L7951278,CO,CO-SAN,,7.362175,-73.497026,Camino a Reserva Natural Cabildo Verde,2025-02-09 11:28,66,5
L19141373,CO,CO-CAL,,5.0676167,-75.4605683,Camino a Reserva Río Blanco,2026-09-20 15:43,238,212
L74593141,CO,CO-SAN,,7.11004,-73.09286,Camino a la Antena Quebrada Jugos Pie de la Cuesta,2026-07-28 08:04,21,1
L24373086,CO,CO-ATL,,11.0426926,-74.9012527,Camino a la ciénaga los Manatíes,2024-12-28 06:14,55,12
L55873755,CO,CO-CHO,,8.434914,-77.269921,Camino al Cielo,2026-05-21 05:47,53,1
L17576339,CO,CO-SAN,,6.5610213,-73.1225682,Camino de la legua - Vereda los Ejidos,2026-07-19 06:39,97,53
L9690163,CO,CO-BOY,,5.7852078,-73.5538183,Camino de los Tibas,2024-09-13 09:21,68,8
L20002379,CO,CO-CUN,,4.7236395,-73.9861636,Camino del Indio,2026-08-21 11:22,64,32
L20820051,CO,CO-QUI,,4.3150144,-75.6991527,Camino el Quetzal,2026-08-09 10:24,243,218
L24395285,CO,CO-MET,,3.2338497,-74.2995396,Camino vía Diamante,2025-05-10 06:22,42,3
L4608539,CO,CO-CAL,,4.9708333,-75.4344444,Camino-Mina Pipintá,2024-02-18 06:59,110,13
L9119561,CO,CO-CUN,,4.5952903,-74.3657852,Campamento Ecológico La Nueva Rambla,2026-09-13 05:47,202,224
L9208560,CO,CO-VAC,,3.4017541,-76.6837193,Campamento minas del Socorro,2019-05-04 06:00,45,2
L20487062,CO,CO-CUN,,4.6894131,-73.5186504,Camping Gachalá,2026-08-08 06:18,45,8
L49748655,CO,CO-CUN,,5.0139459,-74.475857,Camping Reservas del Jordán,2024-06-03 06:00,18,2
L18366849,CO,CO-SAN,,7.4216125,-73.7775825,Campo Duro - Puerto,2026-06-14 07:48,108,38
L2376455,CO,CO-MET,,4.19166,-73.5871124,Campo Ecologico Gramalote,2026-01-21 09:12,241,127
L20943780,CO,CO-MET,,4.1984225,-73.5911536,Campo Ecológico Gramalote,2024-04-17 07:10,55,4
L9580254,CO,CO-HUI,,2.370863,-75.54679,Campo Perdices - Bajo Corozal,2026-09-26 18:14,113,159
L16769351,CO,CO-CUN,,4.6067295,-74.3019815,Campo Tangara Birding & Coffe,2026-09-26 09:50,184,372
L9187562,CO,CO-LAG,,11.2310262,-72.3917367,Camuya,2019-05-04 05:34,6,1
L4351779,CO,CO-NSA,,7.9186249,-72.4899669,Canal Bogotá,2026-08-07 17:24,53,22
L4549783,CO,CO-DC,,4.6658748,-74.1144602,Canal Boyacá,2026-08-18 06:26,123,654
L46973035,CO,CO-BOL,,10.3945474,-75.4854081,Canal Chepa—Sector Alpes,2026-09-17 12:51,76,100
L30052034,CO,CO-BOL,,10.3975958,-75.4888704,Canal Chepa—Sector Gaviotas,2026-09-23 06:10,111,227
L41125407,CO,CO-DC,,4.6997698,-74.0654814,Canal Cordoba,2026-09-21 07:10,49,27
L58197711,CO,CO-DC,,4.733255,-74.0557458,Canal Córdoba,2026-09-24 16:43,26,9
L12662593,CO,CO-DC,,4.7147928,-74.0636849,Canal Río Córdoba,2020-06-20 13:00,8,1
L7135064,CO,CO-DC,,4.695772,-74.047596,Canal Río Molinos,2026-09-01 15:16,88,200
L16017303,CO,CO-DC,,4.5853715,-74.1464871,Canal San Vicente,2026-03-20 08:16,23,6
L21163094,CO,CO-DC,,4.6415452,-74.1040862,Canal del Rio San Francisco/Río Vicachá,2026-08-29 21:28,78,111
L7813090,CO,CO-CAQ,,1.023532,-75.915259,Cananguchal Curillo,2022-05-14 05:51,126,3
L8837517,CO,CO-CAQ,,1.681607,-75.191756,Cananguchal La Gallineta,2025-05-18 16:14,91,9
L60794728,CO,CO-CAQ,,1.593978,-75.613351,Cananguchales de Puente López,2026-05-09 16:54,79,11
L11541794,CO,CO-MET,,3.5524606,-73.7132416,Cancha sintética Florentina
L20209214,CO,CO-VAC,,3.3881266,-76.5203866,Caney Especial - Jarillón,2026-01-02 17:07,44,8
L39252467,CO,CO-SAN,,7.1300627,-73.2250112,"Cantabria, Lebrija",2026-05-24 10:33,46,1
L28187817,CO,CO-CAL,,5.082366,-75.4498275,Cantares Reserva Natural,2026-07-14 17:41,205,182
L5783753,CO,CO-DC,,4.7280543,-74.0187528,Cantera El Cedro,2026-07-18 13:40,38,4
L24318401,CO,CO-CAL,,5.1319554,-75.5452021,Cantera Guacaica,2023-05-13 07:00,59,1
L9213875,CO,CO-CUN,,4.6552137,-74.0031975,Cantum,2019-05-04 06:21,12,1
L54428397,CO,CO-CUN,,5.3422151,-74.5596814,Caparrapí--Entrada Cordoba,2026-08-01 10:34,72,7
L39816776,CO,CO-SAN,,6.5318256,-72.6949508,Capitanejo,2025-06-24 07:05,35,2
L10079616,CO,CO-BOY,,6.5113966,-72.6923992,Capitanejo - Chicamocha canyon,2015-03-21 07:30,22,1
L22255688,CO,CO-NAR,,1.3782142,-77.3693385,Capuli
L9664818,CO,CO-CHO,,8.6067986,-77.3654643,Capurgana--La Concolera,2025-09-07 13:24,101,6
L9650700,CO,CO-CHO,,8.6199867,-77.3721676,Capurgana--RN El Cielo,2026-07-13 08:40,181,13
L465345,CO,CO-CHO,,8.6359959,-77.3492432,Capurganá,2026-07-11 08:11,296,153
L55703796,CO,CO-MET,,4.0839477,-73.6324347,Caracolí Bird House,2026-09-17 07:51,94,26
L9189602,CO,CO-BOY,,5.8995134,-73.463758,Carare Alto,2019-05-04 05:36,9,1
L4187455,CO,CO-LAG,,11.306463,-73.110925,Cari-Cari (Tocuyo Sparrow Area),2026-09-07 12:20,291,367
L57525117,CO,CO-HUI,,2.965204,-75.2960873,Caribbean pizza
L59319344,CO,CO-SAN,,7.0039973,-73.4113255,Carpintero Bonito Birding,2026-08-15 13:52,111,44
L11074939,CO,CO-CUN,,5.0318644,-74.1312659,Carrasposo Subachoque,2025-11-21 09:53,29,2
L3173887,CO,CO-CUN,,5.2858362,-74.5628357,Carratera Guaduas-Puerto Salgar,2026-01-31 12:49,86,9
L14775825,CO,CO-CUN,,4.517247,-74.3495006,Carreteable hacia la vereda Santa Helena,2023-10-14 20:39,80,13
L6788531,CO,CO-CHO,,5.8570025,-76.2010646,"Carretera 60, abajo de Las Tangaras Lodge",2026-02-19 15:02,173,34
L3170860,CO,CO-MET,,3.8536357,-73.8131905,Carretera 65--Guamal a Cubarral,2026-05-02 14:44,122,42
L13246622,CO,CO-CAL,,4.9914678,-75.4016838,Carretera Antigua al Ruíz--Gallinazo a La Gruta,2026-09-27 07:43,263,146
L12346548,CO,CO-VAC,,4.3328375,-75.8328331,Carretera Caicedonia - Los Tanques,2025-10-11 06:27,141,27
L38603225,CO,CO-CAL,,5.265805,-75.7854717,Carretera El Pensil - Partidas Anserma,2025-01-05 09:23,67,3
L19630490,CO,CO-CAL,,5.5958682,-74.8144417,Carretera Isaza - Río La Miel,2026-09-05 10:49,95,6
L8110546,CO,CO-MET,,2.1373488,-73.8867623,Carretera La Macarena - Meta - San Vicente de Caguán Caqueta,2023-07-09 21:46,23,2
L4681166,CO,CO-ANT,,5.5264602,-75.8808303,Carretera La Mesenia-Jardín,2026-01-04 15:15,83,11
L10226848,CO,CO-CAL,,4.9629873,-75.3652921,Carretera Los Nevados - Hotel Termales del Ruiz,2026-09-25 14:36,134,319
L3169356,CO,CO-BOY,,6.3363889,-72.7363889,Carretera Onzaga,2026-05-20 06:20,243,86
L4625346,CO,CO-CAU,,1.4327511,-76.4494586,Carretera Pitalito-Mocoa--Km 51,2026-09-26 16:00,259,130
L2734198,CO,CO-GUV,,2.5685036,-72.7047729,Carretera Playa Guio,2026-08-30 07:57,290,62
L3708073,CO,CO-CAL,,4.9835449,-75.3887317,Carretera Termales el Otoño--La Gruta,2026-09-13 06:56,306,785
L12256700,CO,CO-TOL,,4.5626118,-75.4030395,Carretera Toche - Alto de Toche.,2026-09-09 16:00,54,3
L4353208,CO,CO-VAC,,4.4049056,-76.2084675,Carretera Trujillo-Roldanillo--Agua Panela,2026-02-08 09:26,90,11
L886724,CO,CO-VAC,,3.7168289,-76.974947,Carretera Vieja Buenaventura--Km 80-115,2024-06-22 07:42,294,124
L4307390,CO,CO-MAG,,11.1343607,-74.1175246,Carretera a Cascadas de Marinca,2026-09-04 06:20,280,224
L9005970,CO,CO-VAC,,3.598,-76.888,Carretera hacia Cerro Riqueza (ANC),2025-04-25 15:28,126,27
L883014,CO,CO-VAC,,3.5187125,-76.7183104,Carreterra Buenaventura--Senda El Barrion,2025-12-01 14:09,175,44
L9764226,CO,CO-TOL,,5.0288704,-75.188709,Carros de Piedra,2025-08-17 10:35,84,2
L9418946,CO,CO-CAQ,,1.336521,-74.84007,Cartagena del Chairá—Muelle Principal,2026-05-26 09:16,99,34
L8910475,CO,CO-VAC,,4.7578878,-75.9277453,"Cartago, Madrevieja la Zapata",2026-08-16 06:47,167,296
L9191668,CO,CO-VAC,,4.7397597,-75.9133259,"Cartago, Parque De La Salud",2026-08-23 07:58,152,570
L9191393,CO,CO-VAC,,4.751744,-75.908293,"Cartago, Parque La Isleta",2026-02-02 08:13,89,232
L7998360,CO,CO-VAC,,4.7595375,-75.921135,"Cartago, Ribera del Río La Vieja",2026-08-16 06:24,147,178
L9617376,CO,CO-VAC,,4.7549658,-75.8942422,"Cartago, Vereda El Enfado",2026-05-30 11:27,183,204
L9179547,CO,CO-CUN,,5.348513,-73.901479,Carupa--Casco Urbano,2020-05-09 12:48,33,3
L44659027,CO,CO-CUN,,4.466818,-74.6860456,Casa Acuaries,2025-05-10 15:00,2,1
L13179418,CO,CO-CAL,,5.0620507,-75.4746947,Casa Anita,2026-09-07 06:54,95,16
L56067642,CO,CO-HUI,,1.8923942,-76.2714672,Casa Antahkarana,2025-12-17 06:00,11,2
L31530955,CO,CO-AMA,,-3.9979003,-69.9665598,Casa Azul Reserva Amazónica,2026-01-27 08:11,169,29
L44789120,CO,CO-SAN,,6.8617825,-73.0420881,Casa Bernardo El Roble
L44789951,CO,CO-SAN,,6.8619342,-73.0417062,Casa Bernardo El Roble,2025-05-09 11:30,11,3
L30189087,CO,CO-CUN,,4.2289009,-74.383294,Casa Blanca--Sector Escuela,2024-03-30 10:06,22,0
L35693721,CO,CO-MAG,,11.095522,-74.081551,Casa Café hospedaje,2026-09-10 08:59,214,218
L7816928,CO,CO-CES,,10.3887505,-73.007573,Casa Campo El Tucan,2026-08-24 16:09,232,206
L11016949,CO,CO-TOL,,4.4688717,-75.0612223,"Casa Cristal Hospedaje, Ibague",2021-08-22 05:45,103,22
L7368319,CO,CO-TOL,,3.1163827,-75.6345673,Casa Finca Maranata,2026-04-04 06:34,136,43
L11942834,CO,CO-TOL,,4.4360216,-75.1773142,Casa Geral,2026-03-20 08:26,48,2
L3542008,CO,CO-CAS,,6.0223403,-71.3804418,Casa Hato la Aurora,2026-05-02 14:18,315,344
L29548455,CO,CO-CUN,,4.255735,-73.824086,Casa Hillebrand,2026-09-25 12:16,197,399
L51630139,CO,CO-CUN,,4.2548738,-73.8254213,Casa Hillebrand,2026-09-10 08:00,1,0
L38804489,CO,CO-CUN,,4.5551089,-74.4463128,Casa Las Mariposas,2026-08-21 07:47,73,42
L33523592,CO,CO-HUI,,2.7653425,-75.2296368,Casa Maitri - Vereda Termopilas,2024-08-27 08:42,59,6
L8077959,CO,CO-DC,,4.6024231,-74.0630221,Casa Museo Quinta de Bolívar,2026-09-26 06:24,117,498
L35058522,CO,CO-QUI,,4.39495,-75.721768,Casa Rivera del Cacao,2026-06-28 07:37,83,16
L10331777,CO,CO-TOL,,4.8363101,-75.1982911,Casa Roja,2025-12-10 15:17,27,3
L24814256,CO,CO-LAG,,11.23712,-73.56332,Casa Selva Rosa,2026-07-18 14:54,77,12
L21152191,CO,CO-CUN,,4.2485826,-74.4178677,Casa Sumapaz,2026-09-27 15:11,122,36
L6425211,CO,CO-CUN,,4.5925389,-74.358788,Casa Tangara,2026-02-11 11:48,118,57
L40493446,CO,CO-ANT,,7.2621283,-74.6877267,Casa Urrego,2026-06-08 07:27,147,80
L26128114,CO,CO-VAC,,3.4706848,-76.200309,Casa Vieja Mountain Lodge,2026-09-13 11:04,127,72
L51062528,CO,CO-MAG,,10.9052164,-73.972281,Casa de Carpintero,2026-08-30 08:39,21,6
L53962580,CO,CO-CAQ,,1.6325109,-75.6081017,Casa de Guillermo Vargas,2026-07-16 17:15,27,3
L4864996,CO,CO-MET,,3.126011,-73.7555927,Casa de La Cultura,2026-07-16 10:34,66,15
L4864975,CO,CO-MET,,3.1262145,-73.7555712,Casa de La Cultura--Sendero,2025-07-06 07:03,24,5
L7919100,CO,CO-VAC,,3.5751492,-76.8791643,Casa de Observadores (acceso restringido),2024-05-11 04:29,118,20
L14418673,CO,CO-HUI,,2.4408205,-75.4852478,Casa de Pájaros Lodge,2025-08-07 08:31,140,25
L8450783,CO,CO-SAP,,12.5308887,-81.7071701,Casa de la Cultura,2025-12-09 06:44,10,2
L16592125,CO,CO-ANT,,6.252487,-75.4562973,Casa de los Colibríes,2026-09-17 14:00,133,118
L37611569,CO,CO-NSA,,7.7729716,-72.8182042,Casa del Colibri,2026-08-23 07:30,122,88
L33946250,CO,CO-CUN,,4.5547733,-74.5373386,Casa la Giralda Anapoima,2026-07-03 07:35,37,3
L1252543,CO,CO-CAL,,5.3272333,-74.8456833,Casanguillas Creek (Dept. Caldas),2026-09-12 07:30,238,117
L29117478,CO,CO-CAQ,,1.6690027,-75.4525642,Cascada  Río San Pedro,2024-01-27 11:02,44,4
L10642607,CO,CO-CAQ,,1.6838844,-75.3188324,Cascada Anayasito,2026-08-06 10:21,65,8
L5983405,CO,CO-TOL,,4.4898922,-75.2434925,Cascada Cay,2026-06-27 07:55,90,13
L8084518,CO,CO-CUN,,4.5908894,-73.9561808,Cascada El Chiflon y La Chorrera,2026-09-16 09:20,179,147
L25518667,CO,CO-CUN,,4.5384152,-74.3575931,Cascada El Hoyo,2023-12-04 08:00,163,25
L7277635,CO,CO-PUT,,1.096034,-76.611979,Cascada El Ojo de Dios,2018-04-22 07:00,22,1
L26028348,CO,CO-CAS,,4.9051896,-72.916418,Cascada El Tobogan,2026-03-27 06:57,62,2
L7770866,CO,CO-BOY,,4.9053785,-73.304987,Cascada La 70,2026-07-02 18:01,79,47
L8571717,CO,CO-HUI,,2.1143626,-76.3558575,"Cascada La Brava, Vereda El Mármol - Isnos",2026-04-04 10:21,69,12
L26341263,CO,CO-SAN,,6.5274095,-72.6481998,"Cascada La Chorrera, Capitanejo",2025-01-29 07:40,30,2
L5584545,CO,CO-CAQ,,1.510594,-75.743089,Cascada La Diabla,2021-11-13 12:46,29,3
L7871797,CO,CO-GUV,,2.5028665,-72.7469435,Cascada Las Delicias,2026-06-06 06:57,129,8
L28332281,CO,CO-SAN,,6.985885,-73.026064,Cascada Las Golondrinas - Reserva Forestal El Eden,2026-07-26 06:35,84,4
L10428515,CO,CO-CAL,,5.0284357,-75.5197942,Cascada Las Mariposas,2026-03-08 11:01,55,5
L20932972,CO,CO-BOY,,5.6618918,-73.0163941,Cascada Peña de las Águilas,2022-09-07 00:00,3,1
L8113585,CO,CO-BOY,,5.4224563,-72.7019788,Cascada Salto Candelas,2026-01-28 07:50,178,35
L52041461,CO,CO-HUI,,2.0133023,-76.1689425,Cascada Salto de Bordones,2025-01-21 14:07,10,1
L6208751,CO,CO-CAU,,2.383631,-76.449901,Cascada San Antonio,2026-04-04 15:21,129,50
L8275550,CO,CO-SAN,,6.175659,-73.4471095,Cascada de Los Caballeros,2026-02-27 11:02,67,11
L9670177,CO,CO-BOY,,5.789424,-73.5405652,Cascada la Honda,2020-10-07 19:24,6,1
L22261499,CO,CO-SAN,,7.110351,-73.0393339,"Cascadas ""Los Venados"" - Bosque",2025-09-07 11:29,73,22
L22261359,CO,CO-SAN,,7.1084633,-73.0456894,"Cascadas ""Los Venados"" - Lodge (7.109, -73.045)",2026-06-14 09:05,65,15
L37555460,CO,CO-VAC,,3.9659835,-77.2364616,Cascadas La Sierpe,2024-09-12 14:30,5,4
L3245783,CO,CO-MAG,,11.119728,-74.1199708,Cascadas de Marinca,2026-04-04 08:51,250,92
L13712707,CO,CO-TOL,,4.2785402,-75.1176453,Cascadas de Payandé,2021-02-12 11:45,8,2
L6276752,CO,CO-QUI,,4.4074301,-75.6815958,Cascadas de Rio Verde,2026-09-03 16:29,201,62
L24451230,CO,CO-QUI,,4.6557018,-75.5740209,Cascadas de Santa Rita,2026-09-15 08:15,307,562
L58340928,CO,CO-CUN,,5.04978,-74.31136,Cascadas del Chupal,2026-02-10 09:20,55,1
L31449177,CO,CO-SAN,,7.1775718,-73.5793076,Cascajera,2025-02-13 07:06,53,3
L37928963,CO,CO-TOL,,3.8117263,-75.3298295,"Casco Urbano Olaya Herrera, Tolima",2024-11-07 12:00,19,1
L28651674,CO,CO-TOL,,3.9126621,-75.4782393,Casco Urbano San Antonio,2025-09-27 08:32,8,2
L53512379,CO,CO-SAN,,6.2205133,-73.8113766,"Casco Urbano, Landázuri",2026-02-14 15:42,37,3
L24376888,CO,CO-CUN,,5.7425345,-74.3369774,Caserio El Castillo,2023-05-13 14:20,3,0
L41618103,CO,CO-ANT,,7.2840976,-74.7054696,Caseta Comunal El Pescado,2026-06-07 09:04,99,24
L9192260,CO,CO-BOY,,5.4550419,-73.5304129,Caseteja,2019-05-04 14:30,23,2
L6123835,CO,CO-BOL,,10.4221442,-75.5390525,Castillo de San Felipe,2026-09-11 14:51,111,157
L2733440,CO,CO-CUN,,5.0190199,-74.0092063,Catedrál de Sal de Zipaquirá,2026-09-25 14:48,160,323
L5046669,CO,CO-CAQ,,1.639293,-75.501149,Caverna de Milpes,2022-01-16 15:09,46,4
L27015699,CO,CO-SAP,,12.1666141,-81.8498798,Cayos de Alburquerque,2024-03-28 17:16,7,3
L27015790,CO,CO-SAP,,12.3963584,-81.4737655,Cayos del Este Sudeste (Courtown Cays),2025-05-14 10:13,7,1
L17013748,CO,CO-VAC,,3.5517,-76.2763,Cañaduzal Belen,2026-09-19 05:54,128,421
L35710428,CO,CO-MET,,2.4734467,-73.737105,Caño Canoas,2026-08-28 10:13,78,19
L57749128,CO,CO-GUA,,3.8194417,-67.8362317,Caño Cheo,2026-08-05 11:04,125,54
L7562069,CO,CO-GUA,,3.8173825,-67.9124004,Caño Culebra Trail,2026-08-10 05:20,342,519
L9076527,CO,CO-GUA,,3.8361443,-67.9734117,Caño Cunubén,2026-04-28 08:54,304,556
L7092727,CO,CO-MET,,3.368286,-73.8656974,Caño Cunumia,2026-07-18 15:54,147,67
L5623368,CO,CO-VID,,5.8133034,-67.6178455,Caño Dagua,2026-04-04 16:43,55,7
L28851400,CO,CO-CAQ,,0.76167,-74.17318,Caño Gafas,2024-01-07 05:45,42,1
L17411885,CO,CO-CAQ,,0.184601,-74.689921,Caño Güitorá,2022-02-05 06:00,111,6
L8004699,CO,CO-MET,,3.552472,-73.6961936,Caño Irique,2026-06-09 06:30,188,135
L4888016,CO,CO-ARA,,6.6372413,-70.2440286,Caño Jesús
L4922402,CO,CO-ARA,,7.0004209,-70.4926157,Caño Jesús,2015-03-27 05:30,202,4
L13763432,CO,CO-VAU,,1.12245,-70.093607,Caño Kucura (Puente lata),2026-08-14 05:38,318,294
L28159641,CO,CO-ARA,,6.224622,-71.563095,Caño La Raya,2023-12-01 09:50,55,4
L7561897,CO,CO-VID,,3.9759238,-67.9769933,Caño La Rompida,2026-05-09 06:22,346,256
L3638261,CO,CO-PUT,,-0.1703737,-74.8089767,Caño Lagartococha
L26015554,CO,CO-CAQ,,1.4514237,-75.6576464,Caño Lagunilla - Morelia,2025-11-03 15:41,63,2
L5835561,CO,CO-BOL,,10.1709103,-75.5506182,Caño Matunilla--Desembocadura,2026-08-31 11:02,127,27
L8048875,CO,CO-MET,,2.181225,-73.772811,Caño Morrocoy—Puente 1,2026-01-10 16:01,299,187
L8048872,CO,CO-MET,,2.152643,-73.777302,Caño Morrocoy—Puente 3,2026-07-19 09:34,402,326
L57126118,CO,CO-MET,,2.1942509,-73.834314,Caño Piedras—Loma de Los Conejos,2026-05-16 10:12,47,6
L74006389,CO,CO-GUA,,3.9081587,-67.6941311,Caño Raya
L14843499,CO,CO-LAG,,11.1809675,-72.9019326,Caño Río Nuevo--Cotoprix,2021-05-08 07:00,59,1
L7878152,CO,CO-MET,,4.2520722,-73.5804254,Caño Salinas,2026-05-09 06:03,175,39
L49758665,CO,CO-SAN,,6.7168246,-74.1349855,"Caño San Juan, Cimtarra, Santander, CO (6.717, -74.135)",2024-03-10 12:09,27,1
L59458899,CO,CO-SAN,,7.1707817,-73.8753426,Caño San Silvestre,2026-03-03 06:40,37,2
L11431546,CO,CO-VID,,6.1520666,-67.5824046,"Caño Vita, Puerto Carreño Vichada Colombia",2026-02-07 05:57,125,3
L4151651,CO,CO-GUA,,3.804274,-67.8235949,Caño Vitina,2026-08-12 10:37,378,881
L10311594,CO,CO-GUV,,2.3914306,-73.5925139,"Caño Yarumales, Guaviare",2019-12-05 06:00,105,3
L4720807,CO,CO-CAQ,,1.5546214,-75.5006111,Cañon de Los Guácharos,2022-12-11 06:40,68,4
L2734490,CO,CO-RIS,,4.712538,-75.6386375,Cañon del Río Barbas (Dept. Risaralda),2026-05-23 11:36,177,22
L4854001,CO,CO-SAN,,6.8124524,-73.006103,Cañón Chicamocha,2026-05-15 08:46,153,69
L7826303,CO,CO-HUI,,2.9622908,-75.4806437,Cañón Río Bache,2018-08-10 16:21,11,0
L39421008,CO,CO-QUI,,4.7079353,-75.6787205,Cañón Río Barbas Bremen-Margen Izquierda,2026-09-13 07:34,135,35
L15769236,CO,CO-NAR,,1.4434977,-77.1699826,Cañón de Juanambú,2026-05-09 14:08,64,10
L4815317,CO,CO-HUI,,2.259555,-75.453286,Cañón de La Cristalina,2022-03-22 15:52,72,6
L9694818,CO,CO-CUN,,4.2951472,-74.4825445,Cañón de los Panches,2020-04-21 07:10,52,6
L26844253,CO,CO-TOL,,4.5220383,-75.3119334,Cañón del Combeima - Villa Restrepo,2026-09-26 11:41,104,19
L26852851,CO,CO-TOL,,4.5103823,-75.2974734,Cañón del Combeima--Pastales,2026-05-09 09:14,101,8
L7369309,CO,CO-TOL,,4.5030838,-75.2940205,Cañón del Combeina - Puerto Perú,2026-07-20 07:42,185,27
L465363,CO,CO-ANT,,6.5525,-74.6278333,Cañón del Río Alicante,2025-07-08 06:00,340,50
L465373,CO,CO-QUI,,4.6950385,-75.6238896,Cañón del Río Barbas y Bremen,2025-09-14 08:24,329,187
L6166578,CO,CO-PUT,,1.08278,-76.810491,Cañón del Río Blanco,2026-09-05 14:46,109,41
L783417,CO,CO-TOL,,4.5569516,-75.3224094,Cañón del Río Combeima - Juntas,2026-09-12 15:10,433,654
L6340578,CO,CO-TOL,,4.6156812,-75.3374898,Cañón del Río Combeima--El Rancho,2026-08-09 15:39,263,49
L3591036,CO,CO-TOL,,4.6018032,-75.3308303,Cañón del Río Combeima--El Silencio,2026-08-09 14:07,317,176
L6240720,CO,CO-VAC,,3.5321824,-76.779778,Cañón del Río Digua--Cascada de La Virgen,2023-12-24 14:27,148,15
L465426,CO,CO-MET,,4.3281667,-73.6633333,Cañón del Río Guatiquía,2020-04-27 10:00,59,3
L4882421,CO,CO-MET,,3.3667437,-74.0296555,Cañón del Río Guejar,2026-07-24 09:00,155,39
L4815118,CO,CO-HUI,,2.258675,-75.47036,Cañón del Río Loro,2026-04-15 08:20,132,23
L41597203,CO,CO-ANT,,5.9379537,-75.1345251,Cañón del Río Melcocho—Via Cascada El Brasil,2026-09-25 08:38,76,5
L64916411,CO,CO-ANT,,5.928957,-75.1381894,Cañón del Río Melcocho—Via Vereda El Entablado,2026-09-25 06:09,107,7
L13059244,CO,CO-QUI,,4.6309838,-75.6340257,Cañón del Río Roble,2026-09-20 06:41,275,467
L7260049,CO,CO-TOL,,4.5521889,-75.5166872,Cañón del Río Tochecito--Alto de Toche (Boquerón),2026-08-11 11:15,228,112
L16922590,CO,CO-RIS,,4.9808251,-75.9350717,Cañón del Totui,2021-11-19 06:00,21,1
L4851455,CO,CO-CAQ,,1.7376977,-75.6766498,Cañón del rio Caraño—Zona Baja,2018-02-25 07:20,107,2
L1451759,CO,CO-VAU,,1.222102,-70.1615238,Ceima Cachivera,2026-08-31 08:59,469,451
L57773645,CO,CO-QUI,,4.6364621,-75.5734277,Cementerio De Salento,2026-08-28 15:51,91,16
L9861868,CO,CO-VAC,,4.2078329,-76.314587,Cementerio Trujillo,2019-11-24 06:25,64,6
L22345757,CO,CO-CUN,,5.0119072,-74.4678694,Cementerio de Villeta,2026-05-06 16:37,9,2
L20810391,CO,CO-CUN,,4.6841619,-74.2187955,Centro Agropecuario Marengo - Mosquera,2026-03-11 17:37,62,51
L46696851,CO,CO-CUN,,4.3286096,-74.5487863,Centro Agroturistico y Parque de Aventura La Bolsa,2026-09-04 17:31,157,59
L61069732,CO,CO-CUN,,4.3286096,-74.5487863,Centro Agroturistico y Parque de Aventura La Bolsa,2026-08-17 06:17,21,2
L8287687,CO,CO-TOL,,4.8968,-75.0425,Centro Cafetero de Capacitación,2026-09-05 17:28,137,25
L8163730,CO,CO-DC,,4.7056972,-74.0802677,Centro Deportivo Choquenzá,2026-05-24 13:44,20,2
L3625308,CO,CO-DC,,4.600167,-74.063207,Centro Deportivo La Gata Golosa,2025-05-21 13:54,64,70
L7108133,CO,CO-MET,,4.2915072,-73.5682511,Centro Educativo Rural de Restrepo,2026-06-21 10:06,191,149
L3855502,CO,CO-PUT,,1.0835478,-76.6288233,Centro Experimental Amazónico,2026-05-16 09:13,200,228
L9593724,CO,CO-VAC,,3.9534052,-76.9907793,Centro Forestal Tropical Pedro Antonio Pineda (Bajo Calima) - Universidad del Tolima,2026-06-25 12:28,42,10
L4134803,CO,CO-VAC,,3.915856,-76.9634267,Centro Forestal Tropical del Bajo Calima,2024-01-17 07:23,182,28
L8233110,CO,CO-VAC,,3.568011,-76.5343307,Centro Forestal y Ambiental Bomberos Yumbo,2021-08-13 09:36,91,9
L2472820,CO,CO-VAC,,3.5004849,-76.3493371,Centro Internacional de Agricultura Tropical--Palmira,2026-08-20 15:55,206,382
L18962321,CO,CO-RIS,,4.810577,-75.794962,Centro Logístico Eje Cafetero Cerritos,2025-05-10 06:34,107,16
L37885875,CO,CO-TOL,,5.2181758,-74.7692263,Centro Natural Eufonia,2025-11-13 12:23,30,2
L7094855,CO,CO-MET,,4.2195547,-73.4890991,Centro Permacultural Cosmogenesis,2026-09-18 17:55,224,191
L21357131,CO,CO-AMA,,-1.1052077,-69.7517345,Centro Providencia,2015-08-20 09:26,1,0
L47525890,CO,CO-TOL,,3.7305457,-75.4572237,"Centro Recreacional El Gran Chaparral, Comfenalco",2026-07-03 14:34,108,8
L10939716,CO,CO-LAG,,11.2670058,-73.3087709,Centro Recreacional Ma-Ziruma,2026-05-09 05:43,67,3
L20673052,CO,CO-VAC,,3.3048147,-76.5369415,Centro Recreativo Comfandi Pance,2026-01-02 16:27,114,70
L5871165,CO,CO-TOL,,5.0059338,-74.9079609,Centro Universitario Regional del Norte - Universidad del Tolima (Granja),2025-11-06 06:00,221,122
L10152200,CO,CO-DC,,4.6270318,-74.089024,Centro Urbano Antonio Nariño,2026-08-25 16:25,17,8
L10704438,CO,CO-TOL,,4.1929307,-74.6294086,Centro Vacacional Cafam Melgar,2026-09-13 17:09,134,33
L9737250,CO,CO-VAC,,3.8803111,-76.5390444,Centro Vacacional Comfandi Lago Calima,2026-06-17 05:53,72,11
L27988908,CO,CO-CAL,,5.3754093,-75.1681095,Centro Vacacional El Bosque--Sendero,2026-08-30 07:28,101,30
L4286951,CO,CO-CUN,,4.2230429,-74.6989578,Centro Vacacional Lagosol,2025-12-08 09:02,109,20
L21380842,CO,CO-CUN,,5.0418805,-74.4574785,Centro Vacacional Mauritania,2022-10-28 10:15,42,6
L3198384,CO,CO-VAC,,3.4491942,-76.6612625,Centro de Educación Ambiental La Teresita,2026-09-27 06:16,294,236
L43736208,CO,CO-VAC,,3.548085,-76.1983992,Centro de Educación Ambiental San Emigdio - CVC,2026-08-30 12:30,171,95
L35034506,CO,CO-LAG,,11.2110104,-73.5340744,Centro de Estudios Permanente Aluna Sé Mukuaba Mukuakukui,2025-01-20 10:15,111,109
L4720420,CO,CO-CAQ,,1.5011143,-75.6623,Centro de Investigaciones Amazonicas Macagual,2026-05-14 08:24,236,58
L9832993,CO,CO-NAR,,1.8212516,-78.7312069,Centro de Investigaciones Oceanográficas e Hidrográficas del Pacífico,2020-10-21 12:20,61,28
L29677265,CO,CO-CUN,,4.3821654,-74.3519838,Centro de Investigación Colibrí Gorriazul,2026-07-09 13:59,225,262
L7552903,CO,CO-HUI,,2.7527352,-75.0759339,Centro de Investigación La Colonia,2026-03-01 07:30,184,46
L7268806,CO,CO-HUI,,2.289509,-75.699944,Centro de Investigación de Bosque Seco Tropical Attalea,2025-12-06 09:39,138,40
L6562277,CO,CO-BOL,,10.4055352,-75.5280018,Centro de Visitantes de Cartagena,2026-07-18 09:47,171,167
L20094302,CO,CO-VAC,,3.8444195,-76.7937751,Centro ecoturístico Calima Los Tubos,2026-07-16 06:13,91,24
L18261231,CO,CO-CUN,,4.9707148,-74.30102,Centros Integrarte de Atención Interna,2023-04-09 06:25,44,2
L39225128,CO,CO-COR,,8.8891725,-75.7894206,Cereté--Casco Urbano
L19108528,CO,CO-LAG,,11.1706946,-72.5556944,Cerrejón--Arroyo Bruno,2022-05-14 18:00,68,1
L6364642,CO,CO-VAU,,1.2096508,-70.2053833,Cerrito Verde,2026-07-30 14:05,385,199
L39259100,CO,CO-RIS,,4.8012643,-75.8486297,Cerritos,2026-07-26 07:50,57,20
L48382344,CO,CO-RIS,,4.8208225,-75.7870718,Cerritos - Finca El Rosal,2026-01-07 16:40,22,1
L21680187,CO,CO-DC,,4.5754836,-74.0486947,Cerro Aguanoso,2026-09-26 22:33,42,19
L21273058,CO,CO-DC,,4.6334743,-74.0530694,Cerro Alto del Cable,2025-04-25 05:40,65,37
L604065,CO,CO-ANT,,5.6200005,-75.8132172,Cerro Amarillo (Dept. Antioquia),2026-08-02 08:42,237,33
L4321971,CO,CO-ANT,,6.9685159,-75.4101133,Cerro Azul,2026-09-22 07:47,151,67
L15850226,CO,CO-GUV,,2.5147551,-72.8825868,Cerro Azul—Reserva Natural El Yawi,2026-03-22 06:05,380,284
L20151848,CO,CO-ANT,,6.0460173,-75.3469912,Cerro Bonifacio,2026-08-19 08:22,100,18
L11887194,CO,CO-RIS,,4.8028597,-75.6732035,Cerro Canceles,2026-08-07 13:06,46,8
L21623657,CO,CO-ANT,,6.0565114,-75.4455829,Cerro Corcovado,2025-12-10 05:53,63,9
L16576682,CO,CO-CUN,,4.5730833,-74.3248667,Cerro Cotudo,2021-10-06 05:50,59,1
L7909480,CO,CO-VAC,,3.4356857,-76.5650508,Cerro Cristales  (Cristo Rey),2026-09-09 16:19,96,48
L24790256,CO,CO-ANT,,5.675178,-75.7236099,Cerro Cristo Rey - Tamesis,2026-09-19 14:18,142,17
L32341394,CO,CO-ANT,,5.806958,-75.2608623,Cerro De Norí,2025-07-19 17:15,63,26
L3915327,CO,CO-VID,,6.1702517,-67.5130892,Cerro El Bita,2024-12-14 07:22,81,6
L18501183,CO,CO-ANT,,6.06633,-75.4020141,Cerro El Capiro,2026-09-12 10:38,111,60
L4675492,CO,CO-CUN,,5.011839,-74.204328,Cerro El Tablazo,2026-06-27 10:59,114,45
L6275336,CO,CO-CAQ,,1.8845878,-75.6740212,Cerro Gabinete,2026-04-26 11:00,130,48
L4005274,CO,CO-VAU,,1.1924599,-70.2400112,Cerro Guacamaya,2026-07-09 05:56,359,145
L33950058,CO,CO-CAL,,5.4175823,-75.7145595,Cerro Ingrumá,2026-06-20 08:26,151,24
L17164637,CO,CO-MAG,,11.0914516,-74.0734461,Cerro Kenedy--Curva La Baticola,2026-09-10 16:15,220,625
L3694011,CO,CO-ANT,,6.2225798,-75.5631173,Cerro La Asomadera,2026-07-28 16:51,80,21
L6728206,CO,CO-ANT,,6.2359956,-75.5646636,Cerro La Asomadera,2026-05-24 08:23,98,47
L3905974,CO,CO-VID,,6.1814302,-67.4815893,Cerro La Bandera,2026-05-08 16:35,138,47
L63890337,CO,CO-VAC,,3.545902,-76.6051239,Cerro La Clorinda (acceso restringido),2026-06-05 10:17,87,6
L465421,CO,CO-SAN,,7.0816667,-73.0521667,Cerro La Judía,2023-02-05 06:28,230,28
L5645469,CO,CO-SAN,,7.0866667,-73.0483106,Cerro La Judía - Reserva Los Maklenkes ,2021-08-27 00:00,115,3
L5159819,CO,CO-SAN,,6.6291944,-73.3147778,Cerro La Luchata,2019-05-04 06:55,100,14
L5842394,CO,CO-ATL,,10.7346154,-75.1054358,Cerro La Vieja,2026-09-24 12:15,233,128
L4429455,CO,CO-ANT,,5.8070358,-75.7972527,Cerro Las Nubes,2026-08-18 06:15,192,62
L3626251,CO,CO-CUN,,4.8199957,-74.3997091,Cerro Manjuí,2026-08-31 06:42,159,54
L20511708,CO,CO-CHO,,6.255837,-77.329945,Cerro Mecana—Bosque montano (700-1100msnm),2025-12-17 06:00,170,22
L20511663,CO,CO-CHO,,6.248753,-77.353031,Cerro Mecana—Bosque tropical y premontano (100-700msnm),2025-12-18 06:00,122,13
L8558715,CO,CO-COR,,8.0041944,-76.0731111,Cerro Murrucucú,2026-05-09 07:48,92,12
L9809126,CO,CO-ANT,,6.2836659,-75.6773439,Cerro Padre Amaya,2026-09-21 07:30,154,14
L9693084,CO,CO-TOL,,4.4515708,-75.2374715,Cerro Pan de Azúcar,2026-05-29 16:22,129,36
L3660405,CO,CO-PUT,,1.086723,-76.9736052,Cerro Patascoy--El Salado,2025-05-10 06:31,139,12
L42669813,CO,CO-HUI,,2.0951862,-76.0673674,Cerro Pelado--Campamento,2025-04-13 16:10,31,6
L8045995,CO,CO-CUN,,4.2828164,-74.3442374,Cerro Pico de Plata,2023-03-04 10:34,78,9
L14482564,CO,CO-LAG,,10.443,-72.923,Cerro Pintao--Finca Las Flores,2021-02-14 08:00,30,1
L5845383,CO,CO-GUV,,2.5298311,-72.8654426,Cerro Pinturas,2026-09-11 14:10,328,231
L2502708,CO,CO-CUN,,4.3361411,-74.4764042,Cerro Quinini,2025-10-29 05:37,357,127
L6827444,CO,CO-MAG,,10.895372,-74.030994,Cerro Ratón,2026-08-27 16:58,176,42
L4620749,CO,CO-HUI,,1.9341919,-75.9975976,Cerro San Luis,2023-11-08 11:52,98,8
L27725306,CO,CO-ANT,,5.9118,-75.297795,Cerro San Miguel,2026-09-11 11:09,169,113
L21433304,CO,CO-CAL,,5.0460593,-75.4943347,"Cerro Sancancio, Manizales",2026-09-26 13:10,142,76
L27564974,CO,CO-DC,,4.5623934,-74.1588736,Cerro Seco,2026-04-22 08:05,27,23
L15551823,CO,CO-DC,,4.75682,-74.0701892,Cerro Suba - Sector Norte,2026-09-13 13:13,68,16
L5941974,CO,CO-CHO,,8.1781882,-77.2469759,Cerro Tacarcuna
L7779994,CO,CO-CAQ,,1.680576,-75.6557591,Cerro Travesias,2018-05-08 14:00,3,0
L6975157,CO,CO-ANT,,6.2138459,-75.6141973,Cerro Tres Cruces,2026-09-22 12:28,177,234
L24301666,CO,CO-CAL,,5.5085823,-75.6527513,"Cerro Viringo, Supía",2023-05-13 07:44,50,2
L8144339,CO,CO-AMA,,-1.2991389,-69.6130278,Cerro Yupati,2018-12-17 07:00,17,2
L29771667,CO,CO-BOL,,10.4211261,-75.5280339,Cerro de  La Popa,2026-06-22 10:03,66,31
L6993920,CO,CO-CES,,8.8782027,-73.4475946,Cerro de Bobalí,2019-10-20 06:00,76,3
L1770455,CO,CO-DC,,4.7728576,-74.0675389,Cerro de La Conejera,2026-09-13 09:16,152,263
L15667059,CO,CO-CES,,10.3975335,-73.0199593,Cerro de La Cruz,2026-09-18 07:30,135,350
L21739515,CO,CO-ANT,,6.0641398,-75.5091863,Cerro de La Cruz - Parte Baja,2026-08-23 06:24,108,37
L4302323,CO,CO-CAU,,2.4403831,-76.594947,Cerro de La Eme,2026-07-13 06:35,164,195
L7519455,CO,CO-SAN,,6.9911776,-73.4380245,Cerro de La Paz,2021-11-22 14:34,48,2
L6789893,CO,CO-VAC,,3.4679723,-76.5450069,Cerro de Las Tres Cruces,2026-08-16 14:23,117,37
L56693105,CO,CO-GUA,,3.4581627,-67.9688931,Cerro de Mavicure,2026-08-08 11:47,48,11
L7761534,CO,CO-CAL,,5.61529,-75.462891,Cerro de Monserrate,2025-04-19 14:01,46,10
L8396851,CO,CO-CAL,,5.0541235,-75.4442129,Cerro de Oro,2026-09-06 10:03,157,29
L8680714,CO,CO-CAL,,5.084594,-75.5289077,Cerro de Oro / Buenavista,2025-12-15 08:00,15,2
L22238792,CO,CO-VAC,,3.4321601,-76.669035,Cerro de Peñas Blancas,2026-02-15 06:22,212,24
L28450707,CO,CO-ANT,,6.0638964,-75.513694,Cerro de la Cruz - Parte Alta,2026-08-23 08:45,138,40
L38919182,CO,CO-HUI,,2.944282,-75.573013,"Cerro de la cruz, Santa María",2024-12-26 12:37,86,3
L9203070,CO,CO-CUN,,4.8060867,-74.1218376,Cerro del Majuy,2026-07-13 05:55,3,1
L21225012,CO,CO-TOL,,3.5254147,-75.1530075,Cerro del Pacandé,2025-09-17 07:05,57,4
L10343644,CO,CO-TOL,,4.2921877,-75.0269647,Cerro del Perdón,2019-12-14 08:30,31,1
L5963508,CO,CO-DC,,4.5395596,-74.0691429,Cerro del Zuque,2026-09-27 08:40,122,155
L24161493,CO,CO-CUN,,4.8919473,-73.9170272,Cerro del Águila,2026-09-06 08:24,19,7
L887684,CO,CO-ANT,,6.3480565,-75.5914307,Cerro el Quitasol,2025-12-14 17:00,109,14
L45696362,CO,CO-CUN,,4.4344933,-74.5148027,Cerro la cruz,2025-08-19 06:30,61,3
L11440463,CO,CO-ANT,,6.2470402,-75.5354612,Cerro tutelar Pan de Azúcar,2026-09-05 15:42,66,19
L465425,CO,CO-CUN,,4.9356667,-74.1158333,Cerros Occidentales de Tabio y Tenjo,2025-05-31 13:15,64,19
L2457038,CO,CO-CUN,,4.7677359,-74.016695,Cerros Orientales Bogotá--Aurora Alta,2026-07-15 11:53,98,24
L3170836,CO,CO-GUA,,3.4650929,-67.9732919,Cerros de Mavecure,2026-07-28 07:03,347,440
L7561990,CO,CO-GUA,,3.4715613,-67.9754376,Cerros de Mavecure--Pajarito,2026-03-21 10:55,202,76
L3638496,CO,CO-DC,,4.8107267,-74.0142488,Cerros de Torca--Floresta de la Sabana,2026-05-28 08:42,104,189
L11431725,CO,CO-DC,,4.7193073,-74.0165369,Cerros de Usaquén,2026-09-27 09:00,92,46
L56201553,CO,CO-PUT,,1.2168778,-76.9073161,Chalet,2026-05-09 06:49,10,1
L20967627,CO,CO-NAR,,1.1377612,-77.1420264,Chalet Guamuez,2026-03-13 10:53,73,53
L3054544,CO,CO-CES,,10.362684,-72.9491758,Chamicero del Perijá Proaves Reserve,2026-09-02 15:31,375,4103
L41220269,CO,CO-TOL,,3.7247014,-75.4851595,Chaparral--Parque Principal,2025-10-09 13:17,32,0
L73505015,CO,CO-SAN,,6.1287676,-73.1946977,Charalá Vía Virolín,2023-11-29 07:20,23,1
L6248331,CO,CO-CAL,,5.3398082,-74.7343501,"Charca de Guarinocito, La Dorada -Caldas",2026-09-27 07:58,381,1261
L24913035,CO,CO-MET,,3.2654181,-74.0706988,Charco Azul,2023-06-01 07:30,22,2
L22477017,CO,CO-ANT,,5.9789912,-75.0770481,Charco Negro - Vereda El Tagual,2026-09-15 10:11,112,20
L31632531,CO,CO-RIS,,4.8841701,-75.5698228,Charco Tortuga,2025-07-17 12:07,23,1
L9166223,CO,CO-GUV,,2.5129528,-72.7124209,Charcolandia,2019-03-27 10:00,1,1
L5842078,CO,CO-CAS,,5.6252964,-70.7032013,Chaviripa-El Rubí (AICA CO204),2026-01-08 07:54,276,221
L35545100,CO,CO-CES,,10.715363,-73.397332,Chemesquemena,2026-08-12 09:30,92,40
L21228478,CO,CO-CUN,,4.8648521,-74.0506516,Chia--Casco Urbano,2026-05-05 15:14,22,6
L35988349,CO,CO-TOL,,4.5590457,-74.8595465,Chicalá
L15824022,CO,CO-SAN,,6.7531841,-73.0951073,Chicamocha Vibes,2026-07-12 13:39,74,40
L44904962,CO,CO-TOL,,4.2072204,-74.9745575,"Chicoral, Tolima, CO",2026-07-08 16:21,57,17
L9914580,CO,CO-CES,,10.3973381,-73.0456466,Chilapacha,2026-05-09 10:59,123,52
L10274150,CO,CO-CUN,,4.2820386,-74.4703175,Chinauta,2026-03-17 11:01,32,1
L12902187,CO,CO-SAP,,12.5035168,-81.7168095,Chincherry ProAves Reserve,2025-12-23 07:56,126,850
L19090496,CO,CO-CAL,,4.979824,-75.6777871,Chinchina--La estrela - Cruzetas,2026-06-23 07:00,83,12
L39719033,CO,CO-COR,,9.1064217,-75.4029054,Chinú,2026-08-02 07:53,14,1
L4910114,CO,CO-NSA,,7.1387502,-72.6649368,Chitaga (pueblo),2026-08-09 14:24,16,6
L33159559,CO,CO-CUN,,4.5229362,-73.9423392,Choachi--Alto de la Cruz,2026-05-18 16:27,42,2
L54002816,CO,CO-CUN,,4.5167354,-73.9492642,Choachi--Bobadilla Arriba,2025-10-11 11:00,17,1
L55413619,CO,CO-CUN,,4.5914057,-73.9559721,Choachi--Vda. La Palma,2026-08-31 11:22,49,5
L33153379,CO,CO-CUN,,4.5684857,-73.9522429,Choachi--Vda. Laureles,2025-01-29 15:47,5,0
L33153120,CO,CO-CUN,,4.5488453,-73.9110949,Choachi--Vda. Villanueva,2025-05-18 09:03,16,2
L31221463,CO,CO-CUN,,4.528478,-73.9230113,Choachí--Casco Urbano,2026-05-30 11:41,28,15
L65629367,CO,CO-SAN,,5.8399417,-74.0323183,Chocopaz 1,2026-05-09 06:01,60,6
L65630039,CO,CO-SAN,,5.8399683,-74.0280433,Chocopaz 2,2026-05-09 07:47,32,5
L7476890,CO,CO-VAC,,3.3320417,-76.6138887,Chorrera del Indio,2026-09-18 15:36,132,12
L39605486,CO,CO-RIS,,4.887655,-75.5723977,Chorro de Don Lolo,2026-05-17 09:03,86,13
L10251132,CO,CO-CUN,,5.0999863,-74.1617895,Chorro de Virginia,2020-05-04 16:14,29,3
L11077230,CO,CO-RIS,,5.4443039,-75.9400106,Chorros de Atarraya,2025-08-30 11:38,207,58
L4318513,CO,CO-ANT,,5.77373,-76.01692,Chorros de La Arboleda,2026-03-21 15:58,86,12
L4318932,CO,CO-ANT,,5.7797957,-76.0330725,Chorros de La Cascada,2026-04-04 06:34,86,8
L76352812,CO,CO-SAN,,6.8630636,-73.3849664,Chucurilandia,2026-08-28 18:25,38,10
L28452699,CO,CO-CUN,,4.8967439,-74.0228464,Chía--Club El Rincón de Cajicá,2026-04-12 14:55,25,4
L7372670,CO,CO-CAQ,,1.5913699,-75.5635907,Ciclovía del Aeropuerto,2025-10-02 17:42,54,12
L7349509,CO,CO-ANT,,7.6340056,-74.8225057,Cienaga Palizada,2025-12-30 07:59,56,3
L7224383,CO,CO-BOL,,9.6396299,-74.9483979,Cienaga Playoncito,2018-04-18 07:44,38,4
L7352625,CO,CO-BOL,,10.0773752,-75.4379761,Cienaga Ranchito,2026-09-13 08:58,139,38
L24358865,CO,CO-LAG,,11.3524815,-73.1858804,Cienaga Sabaletes,2023-05-13 02:17,22,0
L7730769,CO,CO-SAN,,7.1054568,-73.8376334,Cienaga San Silvestre,2026-08-11 07:16,201,903
L22759225,CO,CO-COR,,8.7668214,-75.7484896,Cienaga Talanquera,2025-08-28 09:30,78,3
L6267444,CO,CO-BOL,,10.4527008,-75.4987335,Cienaga de La Virgen,2026-07-18 06:38,229,214
L8301223,CO,CO-BOL,,10.4635089,-75.5002091,Cienaga de La Virgen--Las Americas,2026-09-05 15:06,181,97
L16784740,CO,CO-LAG,,11.3067287,-73.2490243,Cienaga de Mamavita,2026-05-09 08:10,114,19
L27203375,CO,CO-COR,,8.7265559,-75.9079086,Cienaga de Sierra Chiquita,2024-06-18 09:46,148,6
L4059406,CO,CO-BOL,,10.5059145,-75.494045,Cienaga de la Virgen--Manglares,2026-09-13 09:43,241,272
L7374960,CO,CO-BOY,,6.0614404,-74.5082688,Cienega de Palagua,2026-03-22 12:30,174,27
L603679,CO,CO-ANT,,6.5387668,-75.0965041,Cisneros,2025-08-24 06:14,121,27
L10962999,CO,CO-VAC,,3.7774218,-76.7609309,Cisneros - Río Pepitas,2026-02-01 11:27,105,12
L24318715,CO,CO-ANT,,5.85389,-76.02528,Ciudad Bolívar,2026-09-27 06:27,73,49
L39258013,CO,CO-AMA,,-0.627102,-72.407596,Ciudad Perdida,2025-07-07 08:38,52,13
L4364254,CO,CO-MAG,,11.037413,-73.9249849,Ciudad Perdida,2026-09-10 14:05,231,58
L19374119,CO,CO-DC,,4.6535421,-74.1579237,Ciudad Tintal,2026-03-14 17:35,40,17
L8223372,CO,CO-GUV,,2.4682151,-72.7062794,Ciudad de Piedra,2026-02-16 05:27,188,66
L5426624,CO,CO-ANT,,6.7387161,-74.2477512,Ciénaga Barbacoas,2026-02-24 10:14,156,74
L7199666,CO,CO-ATL,,10.7681085,-74.7492063,Ciénaga Becerra,2025-02-03 07:33,116,16
L7362175,CO,CO-SAN,,7.1765009,-73.8586378,Ciénaga El Llanito,2026-06-13 12:09,256,262
L31655204,CO,CO-ATL,,10.5744026,-74.7514505,Ciénaga El Uvero,2026-05-09 09:29,68,10
L10635583,CO,CO-SAN,,7.024375,-73.8429361,Ciénaga Juan Esteban,2025-01-02 07:03,188,45
L36802374,CO,CO-SUC,,9.409726,-75.6279375,Ciénaga La Caimanera,2026-09-20 11:41,74,21
L35820229,CO,CO-COR,,9.378891,-75.884707,Ciénaga La Coroza,2026-08-16 10:59,167,89
L2345905,CO,CO-CES,,9.6370133,-73.6383614,Ciénaga La Loma Peaje,2024-04-04 12:19,184,19
L8993015,CO,CO-LAG,,11.2683783,-73.2067996,Ciénaga La Pedregosa,2025-03-18 16:33,91,4
L56499273,CO,CO-ANT,,8.0314132,-74.7644998,Ciénaga Los Corrales,2024-02-19 15:00,7,0
L7224245,CO,CO-BOL,,9.7257842,-74.8322529,Ciénaga Manglar,2018-08-06 16:21,76,14
L64741360,CO,CO-SAN,,7.07266,-73.86808,Ciénaga Miramar,2026-04-19 10:12,2,0
L1252542,CO,CO-SAN,,6.3046,-74.4491333,Ciénaga Zambito Peaje,2026-08-04 11:59,193,81
L7224188,CO,CO-BOL,,9.7756793,-74.8228168,Ciénaga Zambrano,2026-01-19 10:13,130,27
L5829942,CO,CO-MAG,,10.7937662,-74.5299196,Ciénaga Zorrilla,2026-05-09 06:30,30,4
L465344,CO,CO-COR,,8.3666667,-75.1,Ciénaga de Ayapel,2026-07-13 18:33,188,59
L27517480,CO,CO-COR,,8.4032151,-75.8674519,"Ciénaga de Betanci, Córdoba",2026-05-09 10:19,161,22
L2916061,CO,CO-MAG,,9.146164,-74.1814041,Ciénaga de Chilloa--Río Cesar,2024-12-27 10:14,34,2
L7675993,CO,CO-COR,,8.876642,-75.853478,Ciénaga de Corralito,2025-01-05 08:44,201,86
L6141592,CO,CO-BOL,,10.1666789,-75.2976748,Ciénaga de Gambote ,2026-09-23 14:43,204,135
L6988735,CO,CO-ATL,,10.553898,-75.0347328,Ciénaga de Guájaro,2025-03-30 08:17,86,12
L56999389,CO,CO-COR,,9.1297966,-75.8563715,Ciénaga de Los Negros,2026-01-11 06:44,78,5
L4337923,CO,CO-ATL,,11.0532503,-74.8530722,Ciénaga de Mallorquin--Barra Arena,2026-09-26 09:03,176,358
L1144854,CO,CO-ATL,,11.0370761,-74.8596382,Ciénaga de Mallorquín,2026-09-27 06:30,204,531
L11858128,CO,CO-ATL,,11.0453333,-74.8305556,"Ciénaga de Mallorquín, vía férrea - Las Flores",2026-07-12 06:04,128,24
L712432,CO,CO-ATL,,10.8570013,-74.7597313,Ciénaga de Malmabo,2022-06-12 09:08,43,7
L5507265,CO,CO-SAN,,7.4432891,-73.7739658,Ciénaga de Paredes,2026-08-31 09:01,210,201
L6680210,CO,CO-ATL,,10.7930733,-74.7421789,Ciénaga de Sabanagrande,2026-05-14 14:21,149,53
L7363064,CO,CO-ANT,,7.8398774,-77.0346737,Ciénaga de Tumaradó,2021-05-08 14:31,86,5
L2916023,CO,CO-CES,,9.2403817,-73.7884712,Ciénaga de Zapatosa (Dept. Cesar),2026-01-10 16:52,105,12
L6455998,CO,CO-ANT,,7.123927,-74.010236,Ciénaga del Totumo,2021-09-07 13:09,75,2
L4333889,CO,CO-ATL,,10.7310314,-75.2334738,Ciénaga del Totumo (Dept. Atlántico),2026-03-27 15:11,177,53
L5222257,CO,CO-BOL,,10.7452406,-75.2400291,Ciénaga del Totumo--Volcán del Totumo,2026-08-19 18:02,181,113
L65913911,CO,CO-COR,,8.9598945,-75.7521221,Ciénaga el Vichal--Rabolargo,2026-09-27 08:15,48,4
L9800057,CO,CO-BOY,,6.0586121,-74.5229464,Ciénega de Palagua--Caño Palagua,2025-11-20 10:34,26,2
L1252498,CO,CO-TOL,,4.4740225,-75.2261512,Clarita Botero - Ibagué,2026-09-24 11:34,393,304
L11411841,CO,CO-TOL,,4.2020776,-74.6324623,Club CAFAM,2026-09-15 07:52,84,9
L49566365,CO,CO-CAQ,,1.3313502,-74.8586941,Club CR7,2025-06-25 13:40,34,1
L9953103,CO,CO-TOL,,4.2036013,-74.6322191,Club Cafam Melgar Tolima,2026-09-14 17:48,123,26
L9668418,CO,CO-VAC,,4.7312085,-75.9112117,Club Campestre De Cartago,2026-07-17 16:00,113,255
L5086517,CO,CO-CUN,,4.37188,-74.410575,Club Campestre El Bosque,2026-07-08 08:29,131,61
L4886213,CO,CO-VAC,,3.3257438,-76.540997,Club Campestre Farallones,2026-08-23 09:15,216,218
L7556207,CO,CO-CUN,,4.9930954,-73.9739349,Club Campestre La Sabana,2023-03-09 12:31,29,3
L38532868,CO,CO-CAL,,5.2454951,-75.1587152,Club Campestre San Lu,2024-03-31 10:00,23,1
L18671011,CO,CO-VAC,,3.3733411,-76.5422984,Club Campestre de Cali,2024-04-19 09:40,3,1
L3387683,CO,CO-VAC,,3.3688593,-76.5455419,Club Campestre de Cali,2026-06-01 11:17,188,117
L17334422,CO,CO-TOL,,4.4034492,-75.1628518,Club Campestre de Ibagué,2026-05-16 10:28,118,22
L16243128,CO,CO-CAL,,5.025383,-75.5918052,Club Campestre de Manizales,2026-05-14 10:55,92,9
L4591259,CO,CO-RIS,,4.8012971,-75.8514977,Club Campestre de Pereira,2026-08-06 14:23,157,57
L3859007,CO,CO-VAC,,3.3623739,-76.4945734,Club Cañasgordas,2024-04-17 09:56,53,4
L12560945,CO,CO-DC,,4.7117579,-74.042537,Club El Country,2026-07-28 05:40,38,10
L6863904,CO,CO-DC,,4.8266347,-74.042573,Club Guaymaral,2024-08-02 12:52,37,6
L8556351,CO,CO-DC,,4.6880681,-74.023025,Club La Aguadora,2026-09-11 08:39,47,15
L9738611,CO,CO-DC,,4.6933244,-74.0263273,Club La Aguadora / Sendero Santa Ana,2026-09-20 07:53,122,182
L7087917,CO,CO-CUN,,4.916289,-74.031701,Club La Hacienda,2026-01-01 07:00,23,9
L28955349,CO,CO-CUN,,4.7921612,-73.9562357,Club La Pradera de Potosí,2026-09-14 10:00,51,15
L9458853,CO,CO-CUN,,4.4670748,-74.6462631,Club Las Delicias CCSFAC,2019-08-29 11:00,31,2
L7191617,CO,CO-DC,,4.79299,-74.077235,Club Los Arrayanes,2026-05-09 11:48,38,10
L9948803,CO,CO-TOL,,4.2116065,-74.6654385,Club Militar Las Mercedes,2019-06-15 06:00,48,1
L9948897,CO,CO-CUN,,4.2152519,-74.6667458,Club Militar Las Mercedes,2026-03-28 07:06,27,2
L16611179,CO,CO-CUN,,4.9413585,-73.9943361,Club Militar de Golf,2021-10-09 07:00,14,1
L5133590,CO,CO-SAN,,7.1023512,-73.8411337,Club Miramar,2023-12-30 06:15,59,2
L7047550,CO,CO-CUN,,4.797941,-74.091943,Club Pueblo Viejo,2026-04-04 11:18,34,7
L10042926,CO,CO-CUN,,4.2676582,-74.7602584,Club Puerto Peñalisa,2026-09-20 00:00,78,8
L6126153,CO,CO-SAN,,7.248723,-73.209553,"Club Rinos, Llano de Palmas",2010-10-10 00:00,94,1
L11679962,CO,CO-VAC,,4.3202482,-75.8279336,Club de Campo y Pesca  - Caicedonia,2026-05-17 07:17,126,36
L6278019,CO,CO-ATL,,11.0336807,-74.912864,Club de Golf Caujaral,2026-09-19 09:47,136,26
L7271808,CO,CO-CUN,,4.3164563,-74.7664797,Club de Golf El Peñon,2026-08-15 23:09,116,33
L6269747,CO,CO-CUN,,4.7294676,-74.1532785,Club de Golf La Florida,2024-02-03 14:46,111,59
L7865789,CO,CO-TOL,,4.19524,-74.6489699,Club de Suboficiales Policia Nacional Melgar,2026-07-06 06:15,73,26
L21166881,CO,CO-GUA,,3.9057583,-67.9095943,Coco Viejo,2026-08-11 15:05,209,99
L46671449,CO,CO-QUI,,4.6459665,-75.4645503,Cocora--Finca La Cascada,2026-07-13 18:40,131,49
L611686,CO,CO-ANT,,6.0569082,-75.1866531,Cocorná (pueblo),2026-05-09 16:04,181,24
L11361989,CO,CO-SAN,,6.8618383,-73.3873544,Coffee Plantations/Cafetales de Reinita Cielo Azul Lodge,2026-09-09 15:36,343,231
L13938861,CO,CO-CUN,,5.1405494,-73.9910889,Cogua--Alto de las Margaritas,2023-10-19 07:24,42,4
L11499179,CO,CO-CUN,,5.0620004,-74.0071385,Cogua--Chapa-Rodamontal,2020-06-05 06:30,26,2
L9211178,CO,CO-CUN,,5.0752956,-74.0108535,Cogua--La Caldera,2025-01-03 19:30,27,2
L20458963,CO,CO-CAS,,4.8545761,-73.0387845,Colegio  Jorge Eliecer  Gaitan,2025-05-10 05:40,84,19
L7057180,CO,CO-VAC,,3.3623311,-76.5297961,Colegio Alemán de Cali,2025-11-10 13:41,56,17
L5391866,CO,CO-VAC,,3.378857,-76.5444249,Colegio Americano,2026-05-25 09:17,63,16
L7165638,CO,CO-VAC,,3.340184,-76.544999,Colegio Bolivar,2025-06-25 06:11,60,50
L22242592,CO,CO-CUN,,4.9055653,-73.9896346,Colegio Campoalegre,2023-01-15 09:20,8,2
L2734565,CO,CO-VAC,,3.335464,-76.5431213,Colegio Colombo Britanico,2025-04-27 16:21,63,5
L11539663,CO,CO-DC,,4.0308029,-74.3009402,Colegio Erasmo Valencia,2025-12-15 03:56,15,2
L5588217,CO,CO-VAC,,3.3678633,-76.5652496,Colegio Freinet,2025-03-08 09:30,25,6
L9733841,CO,CO-VAC,,3.4892375,-76.5281315,Colegio Gimnasio la Colina,2026-06-10 07:38,24,1
L6934243,CO,CO-CUN,,4.663632,-73.976478,Colegio Hacienda Los Alcaparros,2025-07-02 15:01,66,33
L839643,CO,CO-VAC,,3.5201461,-76.5212131,Colegio Jefferson (Bosque Pasadena),2026-09-25 06:43,130,228
L16970108,CO,CO-DC,,4.6205282,-74.1451916,Colegio Kennedy IED Sede Gordillo,2021-11-03 16:32,1,0
L7248183,CO,CO-ANT,,6.1772836,-75.5617279,Colegio Montessori,2026-02-27 10:47,30,5
L9320013,CO,CO-CAL,,5.3256081,-75.0459259,Colegio Patio Bonito Marquetalia,2024-03-28 12:51,101,30
L20943732,CO,CO-MET,,4.1995353,-73.5917258,Colegio Puente Amarillo,2026-08-13 07:12,138,101
L40403572,CO,CO-CUN,,4.8306879,-74.0317151,Colegio Rochester,2025-03-02 07:15,4,0
L65634996,CO,CO-CAQ,,1.7259182,-75.5450064,Colegio Rural El Salitre,2026-05-09 06:09,45,1
L8564337,CO,CO-DC,,4.7521801,-74.0804661,Colegio San Jorge de Inglaterra,2021-10-08 15:09,31,9
L9133001,CO,CO-TOL,,4.2170617,-74.9883521,Colegio San Luis Gonzaga Chicoral,2019-05-04 12:32,26,2
L5581203,CO,CO-CAL,,4.986125,-75.6172417,Colegio San Miguel Chinchiná,2026-09-18 07:53,162,81
L8142701,CO,CO-VAC,,3.4117093,-76.5618113,Colegio Tecnico Industrial Multiproposito--Corredor La Manga,2025-02-18 16:57,67,11
L6186965,CO,CO-ANT,,6.1392107,-75.5212855,Colegio Theodoro Hertzl,2025-10-01 08:51,72,30
L59789477,CO,CO-SAN,,7.08427,-73.10172,"Colegio metropolitano del sur, floridablanca",2026-08-17 16:43,50,18
L26473866,CO,CO-CUN,,5.1986639,-74.210687,Colibamboo Ecoresort,2025-12-14 08:33,145,32
L16958028,CO,CO-CUN,,4.9101297,-74.3339529,Colibrí de las Nubes,2026-09-22 09:14,64,4
L751363,CO,CO-ANT,,6.4317162,-76.0911369,Colibrí del Sol ProAves Reserve,2026-08-22 06:49,429,1601
L10040682,CO,CO-CAU,,2.4503669,-76.5848394,Colina Campestre,2026-09-19 06:30,160,594
L21264835,CO,CO-CAQ,,1.4499,-75.67704,Colinas Verdes--Reserva Natural Moriche,2023-02-04 16:08,67,11
L30068045,CO,CO-TOL,,4.4281517,-75.2607184,Colinas del Sur II,2024-03-24 16:30,1,0
L27550430,CO,CO-CAL,,5.4783322,-74.6696992,Coliseo Ventura Castillo,2026-05-09 06:59,60,3
L38603113,CO,CO-MAG,,11.125251,-74.101849,Colores de la sierra,2026-09-27 06:12,226,449
L17328344,CO,CO-VAC,,3.3037755,-76.5355788,Comfandi - Pance,2026-09-25 21:21,109,19
L8642832,CO,CO-VAC,,3.4344306,-76.601572,Comfenalco Yanaconas,2026-09-11 09:19,76,7
L5846231,CO,CO-BOL,,10.39652,-75.52453,Compas Terminal,2026-01-09 06:43,47,7
L465341,CO,CO-COR,,9.1913,-75.88833,Complejo Cenagoso de la Margen Occidental del Río Sinú,2022-10-10 07:00,54,1
L37558466,CO,CO-CUN,,4.4414234,-74.5227237,Complejo Deportivo  Camao,2026-08-28 08:03,86,17
L724404,CO,CO-TOL,,4.339367,-75.1043413,Complejo Lagunar - El Toro,2026-04-01 10:39,236,114
L724492,CO,CO-TOL,,4.3892861,-75.1491139,Complejo Lagunar - La Esmeralda - Ibagué,2026-02-18 18:49,165,46
L4605117,CO,CO-TOL,,4.3491944,-75.1771944,Complejo Lagunar - Llano del Combeima,2026-06-15 08:50,240,212
L724444,CO,CO-TOL,,4.4021389,-75.0373889,"Complejo Lagunar Doima, Piedras",2023-10-25 13:44,222,42
L724464,CO,CO-TOL,,4.4480333,-75.1133417,Complejo Lagunar El Salado,2026-05-09 14:49,223,102
L3578564,CO,CO-TOL,,4.3654106,-75.1327085,Complejo Lagunar Hacienda la Palma,2023-02-13 16:14,156,15
L465343,CO,CO-CES,,8.7348333,-73.7606667,Complejo de Ciénagas del Sur de Cesar y Bolívar,2021-07-02 10:54,67,3
L465331,CO,CO-LAG,,11.918,-72.22,Complejo de Humedales Costeros de La Guajira,2024-04-29 14:45,128,12
L6269606,CO,CO-VAC,,3.1200308,-76.5618593,Complejo de Humedales de Guarino,2026-07-09 08:24,190,273
L37969550,CO,CO-AMA,,-4.1016601,-70.0412649,Comunidad  Indígena Nazaret,2026-05-09 05:00,99,8
L49585471,CO,CO-VAU,,1.2291815,-70.2295544,Comunidad 12 de octubre -- Cabecera Caño Sardina,2026-03-13 07:36,184,52
L25323793,CO,CO-AMA,,-4.084351,-69.994163,"Comunidad Bora Muinane, Km17",2026-09-02 06:16,389,705
L50156608,CO,CO-VAC,,4.3093044,-75.813134,"Comunidad Carpio Phuburr, Verdad La Delfina",2025-10-19 14:29,103,4
L21878549,CO,CO-AMA,,-4.0372516,-69.981535,Comunidad Cihtacoyd,2026-02-18 07:16,200,29
L5797310,CO,CO-GUA,,3.8591118,-67.8813994,Comunidad Indigena Guamal,2026-08-24 08:25,258,211
L18363927,CO,CO-AMA,,-3.7898103,-70.3528794,Comunidad Indígena 20 de Julio,2026-05-11 16:41,156,14
L43867612,CO,CO-AMA,,-4.0661749,-69.9785918,Comunidad Indígena Bora,2026-07-23 11:20,155,22
L23534353,CO,CO-VAU,,1.245751,-70.2457156,Comunidad Indígena La Libertad,2026-08-25 08:05,143,7
L11551443,CO,CO-AMA,,-3.8251493,-70.2533148,Comunidad Indígena Mocagua,2026-09-14 16:40,406,795
L40334395,CO,CO-AMA,,-3.8109876,-70.2974582,Comunidad Indígena Palmeras,2026-09-25 17:37,148,18
L39467036,CO,CO-AMA,,-2.8166527,-69.7821013,"Comunidad Indígena Pogüta, Ventura",2025-01-18 07:10,34,3
L7350681,CO,CO-AMA,,-4.1330333,-69.9834122,Comunidad Indígena Ronda,2025-03-11 07:33,134,30
L6266319,CO,CO-AMA,,-3.7763455,-70.3032509,Comunidad Indígena San Martín de Amacayacu,2026-09-26 13:28,345,141
L7252501,CO,CO-AMA,,-4.146,-69.956,Comunidad Indígena San Pedro,2026-08-15 12:26,245,79
L3455328,CO,CO-VAU,,1.2789939,-70.2263582,Comunidad Indígena Santa Marta,2026-08-29 10:10,410,113
L19885845,CO,CO-AMA,,-4.0069816,-70.1327031,Comunidad Indígena Santa Sofía,2026-04-23 08:46,108,21
L6191189,CO,CO-AMA,,-3.8014172,-70.3221881,Comunidad Indígena Valencia,2026-06-20 10:10,238,39
L2513898,CO,CO-GUA,,3.629091,-67.883957,Comunidad La Ceiba,2026-08-16 06:37,222,79
L44936421,CO,CO-LAG,,11.6469259,-72.7782672,Comunidad Mayapo,2026-07-24 10:37,28,2
L4056895,CO,CO-VAU,,1.2279049,-70.2381434,Comunidad Mitu Cachivera -- Asentamiento (village only),2026-07-18 05:45,356,101
L49586270,CO,CO-VAU,,1.2201459,-70.2344692,Comunidad Mitu Cachivera -- Bosque Arena Blanca (varillal - kiosco),2026-03-18 17:15,203,42
L1450896,CO,CO-VAU,,1.2241396,-70.2367022,Comunidad Mitu Cachivera -- Bosque Arena Blanca (varillal),2026-08-09 05:18,507,694
L19107890,CO,CO-VAU,,1.196593,-70.238563,Comunidad Mitu Cachivera -- Camino a Cerro Guacamayas Pedregales Cuevas gallito roca,2026-08-27 08:22,163,15
L19125045,CO,CO-VAU,,1.206212,-70.236399,Comunidad Mitu Cachivera -- Camino a Cerro Guacamayas Sendero Galvis (la Y),2026-03-17 07:21,132,9
L23110563,CO,CO-VAU,,1.207651,-70.236283,Comunidad Mitu Cachivera -- Camino de los Galvis (La Y),2024-10-12 06:00,95,6
L19125003,CO,CO-VAU,,1.211136,-70.235117,Comunidad Mitu Cachivera -- Caño Gravilla (cañito con puentecito),2026-04-07 06:22,67,10
L49586326,CO,CO-VAU,,1.2154455,-70.2348433,Comunidad Mitu Cachivera -- Caño sangre y chagras,2026-08-21 05:25,221,22
L19085940,CO,CO-VAU,,1.230053,-70.236384,Comunidad Mitu Cachivera -- Puente caño Yapura,2026-06-03 07:07,135,12
L19095466,CO,CO-VAU,,1.213151,-70.235047,Comunidad Mitu Cachivera -- Rastrojo enmontado plataforma después Caño Sangre,2026-06-03 08:25,131,7
L49586476,CO,CO-VAU,,1.2100243,-70.2357023,Comunidad Mitu Cachivera -- Varillal despues de Caño sangre,2026-03-04 07:10,71,5
L19299166,CO,CO-VAU,,1.203001,-70.237502,Comunidad Mitú Cachivera -- Bosque de Arenas Blancas (3er kiosco),2025-11-15 11:38,23,7
L37168290,CO,CO-CES,,10.7484902,-73.3568881,"Comunidad Rongoy - Cesar, CO (10.748, -73.357)",2026-01-12 06:09,61,21
L4168469,CO,CO-GUA,,3.8808429,-67.8812131,Comunidad Sabanitas,2026-05-09 05:44,473,967
L23042809,CO,CO-VAU,,1.092461,-70.043977,Comunidad Tayasú -- Asentamiento (Village only),2026-04-09 06:24,50,5
L23042727,CO,CO-VAU,,1.122927,-70.058679,Comunidad Tayasú -- Bosque de arenas blancas alto (Sabaneta alta),2023-03-13 15:05,1,1
L19157984,CO,CO-VAU,,1.123602,-70.071115,Comunidad Tayasú -- Caño Gavilán sobre carretera,2026-07-21 07:20,108,10
L23042718,CO,CO-VAU,,1.119731,-70.060481,Comunidad Tayasú -- sendero parque del amor - bosque mixto,2026-02-16 08:39,36,4
L36691693,CO,CO-VAU,,1.2872155,-70.111525,Comunidad Wacara sendero cerro amanecer -Mitú Vaupés,2024-08-19 08:30,22,1
L49816017,CO,CO-CES,,10.7874483,-73.3784667,Comunidad Wiwa Avirrúa,2025-07-12 17:20,20,5
L3559969,CO,CO-VAC,,4.03601,-77.22936,Comunidad de La Plata,2026-05-24 05:32,67,22
L9207990,CO,CO-RIS,,4.8422622,-75.7730942,Condominio Caminos de Combia,2019-05-06 07:16,10,3
L32903069,CO,CO-TOL,,4.1652013,-74.7102814,Condominio Campestre El Cortijo,2026-09-20 09:00,111,75
L5835438,CO,CO-QUI,,4.57935,-75.6542842,Condominio Monterrey,2026-09-25 07:22,234,595
L8917359,CO,CO-CUN,,4.3145982,-74.6332287,Condominio Potrerito de Nilo,2026-05-02 15:10,30,2
L8668922,CO,CO-AMA,,-3.7789898,-70.374983,Confluencia Río Loretoyacu,2026-09-03 17:01,364,317
L7058124,CO,CO-VID,,6.1944482,-67.4607277,Confluencia de Ríos Meta y Orinoco,2026-02-24 14:54,25,7
L14109357,CO,CO-CAL,,5.0265351,-75.4803535,Conj. Floridablanca La Florida,2026-02-28 09:11,45,4
L38197752,CO,CO-RIS,,4.8068408,-75.7042996,Conjunto Arrayanes,2026-06-18 16:24,48,1
L17502636,CO,CO-DC,,4.6592139,-74.1118751,Conjunto Residencial Torres De Alba,2026-07-22 16:58,18,10
L36661982,CO,CO-HUI,,1.9253778,-76.224947,Conjunto Residencial Torres de Caña Dulce,2024-09-17 17:30,1,1
L31749333,CO,CO-VAC,,3.3644464,-76.5403211,Conjunto Residential Bagatelle,2026-03-01 08:00,74,15
L11256491,CO,CO-CAL,,5.043808,-75.4747164,Conjunto Sierra Bonita (Acceso Restringido),2026-09-26 07:02,143,126
L6815799,CO,CO-COR,,9.1334991,-75.8406562,Cooperativa Econbiba,2026-05-11 09:53,142,35
L27614953,CO,CO-NSA,,7.5832413,-72.6365627,Cordillera Country Club,2024-11-24 11:22,57,10
L5829874,CO,CO-LAG,,11.259404,-73.0669878,Coredor de Comejenes,2026-02-05 12:09,154,11
L6132915,CO,CO-SAN,,6.998191,-73.417317,Corintios/Montebello,2025-06-26 07:49,207,7
L7292760,CO,CO-ANT,,6.0997509,-75.6387985,Corporación Universitaria Lasallista,2026-09-08 09:24,50,7
L6472557,CO,CO-RIS,,4.8100264,-75.7090428,Corredor Ecológico La Dulcera--Sector La Bombonera,2026-05-31 12:08,151,252
L7204649,CO,CO-ATL,,11.011444,-74.8360455,Corredor Verde Villa Santos,2025-09-24 17:00,84,67
L4720788,CO,CO-CAQ,,1.640215,-75.5524367,Corredor de Las Bromelias,2024-04-25 10:17,105,9
L36124690,CO,CO-GUV,,2.6208011,-72.3300891,Corregimiento El Boqueron,2026-09-09 07:02,33,4
L5180996,CO,CO-RIS,,4.7604342,-75.6160641,Corregimiento La Florida,2026-09-19 17:13,330,742
L10343502,CO,CO-RIS,,5.3602585,-75.8813656,Corregimiento Mampay,2026-08-09 13:40,201,24
L19057332,CO,CO-CUN,,4.6451774,-73.3226847,Corregimiento San Pedro de Jagua,2026-05-15 07:53,135,30
L23000690,CO,CO-CUN,,5.7163039,-74.4498969,Corregimiento Teran,2023-12-17 13:52,80,6
L15736849,CO,CO-CHO,,5.605836,-77.442063,Corregimiento Termales,2026-09-26 09:24,159,103
L7986859,CO,CO-RIS,,4.8348728,-75.7573638,Corregimiento de Combia Baja,2026-02-23 05:30,90,15
L16853247,CO,CO-CAL,,5.5247455,-75.0417633,Corregimiento de Florencia,2026-08-26 06:31,99,24
L48881926,CO,CO-VAC,,4.516561,-75.9171982,Corregimiento de Miravalles,2026-05-09 06:00,56,5
L33845761,CO,CO-NSA,,8.194106,-72.4936199,Corregimiento de la Buena Esperanza,2026-07-08 07:17,173,39
L24756408,CO,CO-SAN,,6.6535778,-72.5904026,Corregimiento el Tobal
L16841880,CO,CO-RIS,,4.8640258,-75.4755777,"Cortaderal, Santa Rosa de Cabal",2026-09-26 08:21,227,117
L4292170,CO,CO-CAS,,5.1705637,-72.8680229,Costa del Río Tonce,2015-04-10 06:00,67,1
L9185613,CO,CO-CUN,,4.809602,-74.1015721,Cota--Casco Urbano,2026-05-16 16:48,25,10
L16617231,CO,CO-GUV,,1.3104268,-71.9663461,Cotinga's Home,2025-10-11 06:02,206,17
L37725497,CO,CO-LAG,,11.1774106,-72.8424938,Cotoprix--Casco Urbano,2016-10-08 05:55,24,2
L44915916,CO,CO-COR,,9.0406589,-75.7892317,Cotorra--Caño El Carito,2025-05-10 09:01,34,3
L5129095,CO,CO-SAN,,7.0625103,-73.8689107,Cristo Petrolero,2026-05-09 16:17,95,47
L41754977,CO,CO-VAU,,1.1890284,-70.1945287,Cruce Bocatoma (terra firme),2026-09-01 08:02,352,320
L21466573,CO,CO-VAC,,3.7580752,-76.0588895,Cruce Los Andes-Valle Bonito,2026-05-10 07:48,78,22
L9017946,CO,CO-CUN,,5.338687,-74.205458,Cuatro Caminos,2019-04-07 15:00,9,0
L21184080,CO,CO-SAN,,6.8192864,-73.2158828,Cucarachero del Chicamocha ProAves Reserve,2023-12-13 06:16,211,146
L12753250,CO,CO-QUI,,4.4595033,-75.5732744,"Cuchilla El Campanario, Quindío",2026-09-13 14:37,172,713
L2146871,CO,CO-MAG,,11.1096004,-74.0449333,Cuchilla San Lorenzo,2026-09-20 06:15,351,2998
L2240319,CO,CO-MAG,,11.1113143,-74.0549111,Cuchilla de San Lorenzo--Estacion Experimental San Lorenzo PNN,2026-09-16 09:45,304,1546
L4603955,CO,CO-MAG,,11.1024,-74.0616,Cuchilla de San Lorenzo--Torres,2026-09-16 06:58,315,1166
L46953891,CO,CO-TOL,,4.464691,-75.566386,"Cuchilla del Campanario--Bosque Alto Andino, Tolima",2026-09-18 11:17,86,48
L35019547,CO,CO-TOL,,4.4526917,-75.5753913,"Cuchilla del Campanario--Subpáramo, Tolima",2026-08-02 21:03,108,90
L66652833,CO,CO-QUI,,4.469983,-75.561965,"Cuchilla el Campanario--Sector Bosque Altoandino, Quindío",2026-09-13 14:37,79,76
L69231233,CO,CO-QUI,,4.4463,-75.576974,"Cuchilla el Campanario--Subpáramo, Quindío",2026-09-13 11:32,36,18
L17542092,CO,CO-CUN,,5.2489568,-73.7652613,"Cucunubá, Sendero Nuestra señora de Lourdes",2026-07-19 18:09,51,11
L22965781,CO,CO-CUN,,5.2420541,-73.7428465,Cucunubá--Vda. La Toma,2025-10-11 09:04,33,2
L19058107,CO,CO-CUN,,4.4819138,-74.1900034,Cuenca Alta Rio Soacha,2026-04-22 09:13,20,2
L465372,CO,CO-TOL,,3.3016667,-75.9975,Cuenca del Río Hereje,2013-03-19 07:00,61,2
L465368,CO,CO-TOL,,5.0688333,-74.9396667,Cuenca del Río Jiménez,2020-01-27 07:21,58,2
L465382,CO,CO-TOL,,3.1493333,-75.711,Cuenca del Río San Miguel,2025-05-29 16:42,19,1
L9204157,CO,CO-RIS,,5.2003738,-76.0367509,Cuenca del Río Tatamá,2026-06-15 09:47,143,38
L465377,CO,CO-TOL,,4.59996,-75.39667,Cuenca del Río Toche,2023-07-24 06:45,155,21
L10007490,CO,CO-SAN,,6.9280068,-73.4175334,Cueva De Los Aviones,2026-01-14 15:53,111,18
L1252539,CO,CO-ANT,,5.928789,-74.8395337,Cueva del Condor,2026-06-15 07:47,391,380
L4241573,CO,CO-VAU,,1.2375608,-70.1449049,Cueva del Gallito de las Rocas,2026-02-12 07:48,136,10
L5862439,CO,CO-SAN,,6.803802,-73.2721567,Cueva del Nitro,2025-11-03 15:23,44,7
L13062047,CO,CO-VAC,,4.3512729,-76.1749084,Cultivos Sabila en Bolivar,2022-10-09 09:30,57,3
L30136565,CO,CO-CUN,,4.3361411,-74.4849926,Cumaca--El Ocobo,2026-06-27 09:48,53,5
L35672727,CO,CO-BOY,,5.0841525,-73.358328,Cuniraya,2026-02-14 07:25,66,21
L16251931,CO,CO-VAC,,3.879074,-76.174122,Curigua Ecolodge,2026-09-27 07:48,246,317
L12737426,CO,CO-DC,,4.3366742,-74.1393019,Curubirtal,2026-07-30 11:45,55,11
L10316541,CO,CO-GUA,,3.812917,-67.865973,Curva de los Pepes,2026-05-09 14:25,189,340
L3627466,CO,CO-VAC,,3.5346197,-76.5344052,Curva del Viento Dapa,2026-01-29 13:15,33,15
L10637172,CO,CO-COR,,9.251565,-76.122142,Córdoba-Moñitos,2026-09-11 10:00,51,6
L9258300,CO,CO-RIS,,5.1109754,-75.9374887,DMI Agua Linda--Calle 9,2026-08-29 17:16,130,26
L3091643,CO,CO-RIS,,5.1220625,-75.9423923,DMI Agualinda,2026-07-27 10:56,348,173
L19357201,CO,CO-RIS,,5.1164678,-75.9293586,DMI Agualinda -  Sendero Saltarín Dorado,2026-07-25 12:00,174,53
L29778625,CO,CO-RIS,,5.113041,-75.928893,DMI Agualinda - Las Cabañas,2026-08-29 06:52,152,23
L4714086,CO,CO-VAC,,3.741693,-76.6797816,DMI Atuncela--Enclave Subxerofitico,2026-09-17 10:05,260,666
L9420604,CO,CO-COR,,9.3930245,-75.845787,DMI Cispatá--Vereda Caño Grande,2019-06-01 06:30,82,1
L25854179,CO,CO-RIS,,5.3601978,-75.8191351,DMI Cristalina La Mesa--El Retiro,2026-06-29 08:27,203,197
L27295253,CO,CO-CUN,,5.4607483,-74.6541567,DMI Cuchilla de San Antonio y Laguna del Coco - Ecoparque Los Totumos,2026-07-28 14:45,159,114
L24258757,CO,CO-CUN,,5.4515675,-74.6491379,DMI Cuchilla de San Antonio y Laguna del Coco - Laguna El Coco,2026-03-27 06:41,60,5
L65987732,CO,CO-CUN,,5.4466497,-74.6153998,DMI Cuchilla de San Antonio--Finca el Porvenir 1,2026-05-09 15:37,20,2
L21811296,CO,CO-LAG,,11.5799378,-72.8571122,DMI Delta Río Ranchería--Ciénaga Buenavista,2024-11-11 09:34,47,2
L6531937,CO,CO-LAG,,11.5673382,-72.8785953,DMI Delta Río Ranchería--Desembocadura Santa Rita,2026-05-09 08:16,140,26
L31823981,CO,CO-LAG,,11.5545256,-72.9036568,DMI Delta Río Ranchería--Desembocadura y Malecón,2026-06-21 08:06,110,38
L12170113,CO,CO-LAG,,11.5519646,-72.8842421,DMI Delta Río Ranchería--Ranchería El Pasito,2026-05-17 06:07,160,36
L9754315,CO,CO-LAG,,11.5853434,-72.8693263,DMI Delta del Río Ranchería--Sendero Aviturismo La Raya,2025-07-15 12:13,39,2
L4034207,CO,CO-RIS,,4.896923,-75.8452052,DMI Guasimo,2026-09-27 09:24,287,401
L29144383,CO,CO-CUN,,4.9385747,-74.3076367,DMI Humedal Cuchilla El Chuscal,2026-08-19 06:30,142,42
L23341358,CO,CO-CUN,,5.2490983,-73.7433692,DMI Juaitoque,2026-05-09 09:24,77,26
L18874925,CO,CO-LAG,,11.7370874,-72.5563999,DMI Musichi--La Tuna,2022-04-08 06:09,2,0
L9068436,CO,CO-LAG,,11.7749595,-72.507989,DMI Musichi--Pato Rojo,2024-11-18 10:15,86,4
L9762105,CO,CO-LAG,,10.776733,-72.6916343,"DMI Serranía Perijá, Guajira(Sector Puerto López - Las Colonias)",2024-07-24 07:46,154,5
L9782053,CO,CO-LAG,,10.8741416,-72.6606634,DMI Serranía de Perijá - Sendero El Sierrón - Surimena,2020-06-21 07:15,102,2
L13768895,CO,CO-LAG,,10.6990105,-72.7324601,DMI Serranía de Perijá--Vda La Colonias,2026-08-09 07:37,165,41
L3091977,CO,CO-RIS,,5.0216064,-76.0092115,DMI Verdum,2026-07-02 07:48,225,49
L9204550,CO,CO-RIS,,5.223679,-75.93336,DMRI Cuchilla del San Juan--Alto Pelahuevos,2026-08-29 12:10,179,16
L8454366,CO,CO-NAR,,1.8189489,-78.8294407,DNMI Cabo Manglares Bajo Mira,2026-07-20 12:22,43,12
L14458946,CO,CO-ARA,,6.7357327,-70.2280828,DNMI Cinaruco--Finca Burón,2021-03-25 09:31,164,18
L14472751,CO,CO-ARA,,6.6198149,-70.2102716,DNMI Cinaruco--Finca Capuriche,2021-04-08 08:07,130,1
L14472699,CO,CO-ARA,,6.5693225,-70.0266151,DNMI Cinaruco--Finca Panamá,2021-04-04 08:05,130,4
L14465768,CO,CO-ARA,,6.7721944,-70.0280319,DNMI Cinaruco--La Rubiera,2021-03-29 15:18,145,2
L5382924,CO,CO-BOY,,5.20625,-73.2498333,DRMI  Páramo de Mamapacha y Bijagual--Sabana de los Canelos,2015-10-13 07:00,14,1
L76929096,CO,CO-VAC,,3.965598,-76.5028392,DRMI Alto Calima--Finca El Ensueño,2026-09-09 10:56,75,20
L18591209,CO,CO-BOY,,6.330274,-72.664907,DRMI Bosques Secos del  Chicamocha--Finca Mangomacho,2026-03-19 17:42,89,60
L7702605,CO,CO-BOY,,6.3372014,-72.6772106,DRMI Bosques Secos del Chicamocha--Finca El Reposo,2026-04-20 15:34,121,25
L2235116,CO,CO-BOY,,6.3329744,-72.6827359,DRMI Bosques Secos del Chicamocha--Soatá-área urbana,2026-09-25 06:11,168,81
L3216165,CO,CO-BOY,,6.3382464,-72.6747751,DRMI Bosques Secos del Chicamocha--Vereda La Costa,2026-01-01 08:58,188,57
L17981510,CO,CO-BOY,,6.3192501,-72.6914521,DRMI Bosques Secos del Chicamocha--Vereda Llano Grande,2022-05-28 08:00,33,4
L13229157,CO,CO-RIS,,5.3472005,-75.8314759,DRMI Cristalina La Mesa--La Mesa,2026-06-29 10:50,170,82
L16378919,CO,CO-RIS,,5.3351294,-75.8486179,DRMI Cristalina La Mesa--Sendero Santa Teresa a La Palmera,2026-07-07 07:06,189,87
L8841263,CO,CO-CAL,,5.4864023,-75.8532086,DRMI Cuchilla Del San Juan--Parte Alta Quebrada Risaralda,2018-06-22 08:20,5,1
L4899640,CO,CO-RIS,,5.3789424,-75.8865962,DRMI Cuchilla del San Juan--Sector Cascada El Sutú,2026-09-26 09:09,412,639
L35520641,CO,CO-RIS,,5.3653567,-75.8913612,DRMI Cuchilla del San Juan--Sector La Torre Costa Rica,2026-09-27 09:59,246,156
L55916795,CO,CO-CHO,,8.448353,-77.224604,DRMI La Playona,2026-07-23 05:33,87,6
L5838470,CO,CO-BOY,,5.7633328,-73.12024,DRMI Lago Sochagota (Utilice un hotspot más específico/Use a more specific Hot Spot),2026-08-23 07:48,133,112
L9177545,CO,CO-BOY,,5.7560863,-73.1095897,DRMI Lago Sochagota--Colsubsidio,2026-02-15 09:58,19,7
L20339183,CO,CO-BOY,,5.7587829,-73.1249973,DRMI Lago Sochagota--Estelar Paipa Hotel y Centro de Convenciones,2026-05-09 20:52,17,2
L14717382,CO,CO-BOY,,5.7556926,-73.1098294,DRMI Lago Sochagota--Hotel Lanceros,2026-05-09 07:13,9,3
L14577416,CO,CO-BOY,,5.758401,-73.1056894,DRMI Lago Sochagota--Humedal Atisbe,2021-07-29 16:24,19,2
L7351588,CO,CO-BOY,,5.7538328,-73.1099635,DRMI Lago Sochagota--Humedal La Esperanza,2026-05-09 06:13,64,15
L18062914,CO,CO-BOY,,5.7554808,-73.1199158,DRMI Lago Sochagota--Quebrada La Toma,2026-06-13 06:18,30,6
L9717355,CO,CO-BOY,,5.7659227,-73.1266399,DRMI Lago Sochagota--Sector Canocas,2026-07-30 06:28,64,12
L30066968,CO,CO-CUN,,5.187,-74.06162,DRMI Macizo El Tablazo--Sector Santuario,2025-08-02 13:18,59,22
L8021649,CO,CO-CUN,,5.103,-74.016,DRMI Páramo de Guerrero,2026-07-20 08:59,76,25
L24367990,CO,CO-CUN,,5.0850832,-74.023773,DRMI Páramo de Guerrero--Reserva Don Benito,2026-06-10 06:00,68,5
L5411913,CO,CO-BOY,,5.1923889,-73.2622222,DRMI Páramo de Mamapacha  y Bijagual--Laguna de Montejos,2015-10-13 16:30,14,1
L37732365,CO,CO-BOY,,5.3928333,-73.2560278,DRMI Páramo de Mamapacha y Bijagual--Parque Natural Regional El Cañal,2012-10-25 09:00,23,2
L7350829,CO,CO-BOY,,5.3917906,-73.2444762,"DRMI Páramo de Mamapacha y Bijagual--Parque Natural Regional El Cañal, Laguna La Calderona",2026-04-17 07:27,29,3
L3170857,CO,CO-BOY,,5.0984674,-73.2951164,DRMI Páramo de Mamapacha y Bijagual--Reserva Natural Privada El Secreto,2025-04-11 08:04,175,28
L5451167,CO,CO-BOY,,5.1723056,-73.1910833,"DRMI Páramo de Mamapacha y Bijagual--Serranía de Sucuncuca, Laguna El Ramo",2015-10-20 09:00,21,1
L37753584,CO,CO-BOY,,5.1598611,-73.1916111,"DRMI Páramo de Mamapacha y Bijagual--Serranía de Sucuncuca, Vereda Guamal",2026-08-12 08:21,64,5
L55654463,CO,CO-CHO,,7.15109,-77.8043783,Darien Lodge,2026-05-17 08:45,125,28
L56620855,CO,CO-BOL,,10.2516653,-75.6115712,Decamerón Barú y alrededores,2026-07-15 06:05,142,39
L18817611,CO,CO-CUN,,4.674142,-74.4027193,Del Refugio Bosque,2026-04-02 06:15,76,9
L10723608,CO,CO-COR,,9.4260592,-75.9295665,Delta de Tinajones,2026-08-22 11:23,68,7
L465411,CO,CO-CHO,,4.19,-77.42,Delta del Río San Juan,2024-06-06 08:37,16,3
L27800608,CO,CO-CAL,,4.9816266,-75.5587862,Demostrativa Don Miguel Reserva Natural,2026-09-19 11:57,257,365
L2609707,CO,CO-CHO,,6.102,-77.42987,Desembocadura de El Valle,2026-08-25 06:12,290,189
L6869871,CO,CO-MAG,,11.2756869,-73.8597865,Desembocadura de Río Mendihuaca,2026-09-14 11:50,147,61
L41931306,CO,CO-HUI,,3.2368052,-75.101299,Desierto La Tatacoa--Los Hoyos,2026-08-30 08:37,47,11
L6801107,CO,CO-BOY,,5.5605358,-73.5902989,Desierto de La Candelaria--Patio de Brujas,2023-08-26 15:09,51,35
L44853917,CO,CO-BOY,,5.5581293,-73.5558001,Desierto de la Candelaria--Vereda Tintal,2025-05-10 06:30,5,1
L3665196,CO,CO-HUI,,3.2361977,-75.1719654,Desierto de la Tatacoa,2026-09-08 07:27,222,310
L52063279,CO,CO-HUI,,3.2314417,-75.1548958,Desierto de la Tatacoa--Observatorio Astronómico Astrosur,2026-08-27 07:00,39,3
L31635096,CO,CO-LAG,,11.2259313,-73.3232935,Dibulla--Casa Blanca,2024-06-18 18:12,20,3
L16596705,CO,CO-LAG,,10.896988,-72.88876,Distracción--Casco Urbano,2025-11-10 06:41,46,3
L53108717,CO,CO-PUT,,1.1042856,-76.6136269,Distrito Serranía de los Churumbelos--Posada Las Orquideas,2026-03-05 13:07,76,23
L53285976,CO,CO-PUT,,1.0932299,-76.6098671,Distrito Serranía de los Churumbelos--RN Awka Wasi,2025-10-11 10:58,61,13
L2530508,CO,CO-RIS,,5.3176287,-75.8508968,Distrito de Manejo Integrado La Linda,2022-03-19 10:09,176,8
L10462606,CO,CO-TOL,,3.8057988,-75.1856063,Distrito de Riego Triangulo del Tolima - Coyaima,2026-08-12 07:18,68,4
L72134163,CO,CO-RIS,,4.8515118,-75.6933224,Donde Guarín,2026-07-01 14:00,13,2
L14249262,CO,CO-TOL,,3.922214,-75.4781839,Donde Leos,2025-12-28 09:58,102,136
L8028094,CO,CO-CUN,,4.6780294,-74.358502,Donde Otavio,2026-08-14 08:41,66,7
L7895345,CO,CO-PUT,,1.0052291,-76.6618136,Donde se Oculta El Sol,2026-09-23 10:56,314,544
L27807470,CO,CO-SAP,,12.5217462,-81.715315,Dorna Pond,2026-09-27 09:18,127,118
L54248449,CO,CO-SAN,,7.1223079,-73.0590847,"Doña Martha, Tona - Santander, CO (7.122, -73.059)",2026-07-20 12:05,84,17
L19089382,CO,CO-LAG,,12.4338944,-71.6088009,Dunas de Taroa,2026-07-28 16:10,22,3
L25308484,CO,CO-TOL,,3.266886,-75.7448738,"Dynasty Coffe Gutierrez,  Bilbao, Tolima, CO",2025-08-23 06:46,107,38
L49516876,CO,CO-VAC,,3.3472313,-76.5764003,ECOPARQUE DE LA SALUD PANCE,2026-09-07 15:01,123,44
L35374052,CO,CO-SAN,,6.7111948,-73.4717131,EL CARMEN DE CHUCURI,2024-02-05 09:30,4,0
L37952006,CO,CO-SAN,,6.9660239,-73.413949,EL TESORO BELMONTE,2026-09-07 14:00,176,56
L15492577,CO,CO-TOL,,3.0829959,-75.6797925,ETCR El Oso,2021-06-15 07:20,37,2
L32939385,CO,CO-CAQ,,2.6466561,-74.7796168,ETCR Miravalle
L4327109,CO,CO-MAG,,11.2685595,-74.0700345,Eco Hostel Yoluka,2023-03-12 13:59,94,20
L5094655,CO,CO-RIS,,4.9298571,-75.7456255,Eco Hotel Los Lagos,2026-09-11 12:14,152,36
L6176084,CO,CO-TOL,,3.748561,-74.833589,Eco Hotel Palo de Agua,2023-07-31 05:00,66,2
L5520056,CO,CO-RIS,,5.3610415,-76.1785555,Eco Lodge Brisas De Gito,2024-09-20 09:17,269,74
L12851911,CO,CO-TOL,,3.921955,-75.464825,Eco Lodge Villa Laura,2026-05-09 15:12,169,81
L6671633,CO,CO-CAL,,5.239349,-75.751829,Eco Parque Serranía de Belalcázar,2026-05-11 07:59,144,86
L57387471,CO,CO-SAP,,12.520326,-81.7288348,Eco Parque West View,2026-01-18 15:15,9,3
L12870345,CO,CO-CUN,,4.7413931,-74.4536104,Eco-Circo,2026-02-01 06:37,57,10
L26419055,CO,CO-CAL,,5.3243801,-74.8583508,Eco-Hotel Balmoral,2026-09-04 06:11,206,103
L54619694,CO,CO-SAN,,6.3622392,-73.9693842,EcoH. Torre de Cristal,2025-10-24 05:52,36,1
L38296272,CO,CO-TOL,,4.329519,-75.5344069,EcoHotel Cantos del Río,2026-09-06 15:23,95,48
L6253948,CO,CO-CAS,,5.066783,-71.9736,EcoHotel La Fortuna,2025-12-13 16:34,219,56
L44425051,CO,CO-MET,,3.3582264,-73.9577863,EcoHotel La Fragua,2026-09-27 10:08,254,710
L11942922,CO,CO-TOL,,4.4562767,-75.133725,EcoParque Los Yarumos - Urbanización Lady Di,2026-07-18 05:09,119,181
L13214082,CO,CO-CAU,,2.6134438,-76.6036059,Ecoaldea La Atlántida,2026-02-12 15:32,145,72
L65425505,CO,CO-CUN,,4.9615497,-74.356091,Ecoaldea Mi Tribu,2026-08-17 07:32,127,30
L21369142,CO,CO-CUN,,4.207764,-73.7913233,Ecoaventura Guayabetal,2026-06-20 16:17,16,2
L55912186,CO,CO-CUN,,4.5845822,-74.3389946,"Ecocenter, Tu Mundo Natural",2026-08-16 09:48,56,6
L22335653,CO,CO-AMA,,-4.1019275,-69.9436963,Ecocentro Añokazi,2026-04-01 11:46,40,2
L6939628,CO,CO-CAU,,2.4628824,-76.6740641,Ecodestino Sueño Paraiso,2026-08-01 06:09,134,45
L6741510,CO,CO-HUI,,1.7841906,-76.0316858,Ecofinca El Recreo,2026-09-08 09:00,174,40
L18458408,CO,CO-NSA,,8.2136,-73.378993,Ecofinca Las Cayanas,2025-02-12 11:39,67,16
L24916303,CO,CO-CUN,,4.5142223,-74.3428087,Ecogranja Emanuel Granada,2024-01-20 16:42,41,4
L23699769,CO,CO-GUV,,2.5509032,-72.7115107,Ecoguaviare Inclusivo,2025-11-14 14:29,19,8
L18990648,CO,CO-VAC,,3.8948688,-76.1797142,Ecohotel Casa Blanca,2026-09-27 13:47,253,206
L5841910,CO,CO-VAC,,3.346002,-76.569578,Ecohotel El Castillo,2026-08-30 09:39,177,48
L14020896,CO,CO-VAC,,3.893535,-76.223994,Ecohotel El Diamante,2026-09-23 09:57,319,1450
L5139259,CO,CO-CAS,,5.481885,-71.105349,Ecohotel Golconda,2023-06-12 07:54,123,11
L5086181,CO,CO-QUI,,4.6404241,-75.5557519,Ecohotel La Cabaña,2026-09-04 05:48,195,111
L6141668,CO,CO-RIS,,4.7587983,-75.6832403,Ecohotel La Casona,2026-02-23 08:15,125,16
L10934962,CO,CO-CAL,,5.33059,-74.92271,Ecohotel La Reserva,2026-04-03 16:06,135,26
L10921832,CO,CO-RIS,,4.8707164,-75.6079008,Ecohotel Mallorca,2025-02-01 06:54,95,10
L53736491,CO,CO-CAL,,5.5564206,-74.9068361,Ecohotel Pomarrosa,2026-04-02 13:42,133,7
L4194247,CO,CO-CHO,,5.5679358,-77.5074506,Ecohotel Punta Brava,2025-08-21 16:19,169,32
L12850959,CO,CO-ANT,,6.067943,-75.1862025,Ecohotel Tierra de Agua,2023-07-03 09:46,107,12
L17337979,CO,CO-CAL,,5.3896817,-75.3402316,Ecohotel Valle de la Samaria,2026-08-09 16:08,136,58
L10228994,CO,CO-CAL,,5.0903646,-75.5323743,Ecohotel la Juanita,2026-02-24 12:45,67,8
L7966048,CO,CO-ANT,,6.1689988,-75.2781541,Ecolodge Cannúa,2026-08-09 06:20,180,98
L2235138,CO,CO-CHO,,6.1128604,-77.4352112,Ecolodge El Almejal--Lodge and Trails,2026-09-17 08:36,321,333
L49557498,CO,CO-CAL,,5.139255,-75.486034,Ecolodge El cantar de los Turpiales,2026-05-09 19:26,126,10
L5573619,CO,CO-VAC,,3.56647,-76.585384,Ecolodge La Minga (acceso restringido),2026-09-06 08:18,308,1609
L5865278,CO,CO-CAS,,5.33624,-70.77089,Ecolodge Reserva Natural Buenaventura,2026-09-03 17:30,317,367
L4948802,CO,CO-VAC,,3.4701142,-76.5416408,Ecoparque Bataclán,2026-08-03 07:07,147,117
L28965436,CO,CO-ATL,,11.0315147,-74.8504464,Ecoparque Ciénaga de Mallorquín—Sendero Manglar,2026-09-27 12:25,184,503
L5611134,CO,CO-SUC,,9.5007043,-75.3557825,Ecoparque Ecoloso,2025-11-26 10:42,123,8
L12993596,CO,CO-VAC,,3.3467152,-76.5528202,Ecoparque El Embudo,2026-09-26 07:00,174,276
L66688722,CO,CO-CUN,,4.5670954,-73.9675999,Ecoparque El Mirador de Choachí,2026-07-06 08:00,20,3
L37365916,CO,CO-AMA,,-4.1846972,-69.9510755,Ecoparque Etuena--Quebrada Yahuarcaca,2026-01-25 17:48,9,0
L19792198,CO,CO-CUN,,4.5332547,-74.3399807,Ecoparque La Alhambra,2025-05-19 13:19,23,3
L29998350,CO,CO-CUN,,5.036291,-74.292469,Ecoparque La Vega,2026-05-07 10:27,89,14
L1474389,CO,CO-VAC,,3.3315907,-76.5364283,Ecoparque Lago de las Garzas,2026-09-27 10:30,236,506
L2414386,CO,CO-CAL,,5.0643831,-75.5323446,Ecoparque Los Alcázares-Arenillo,2026-09-26 08:10,410,1936
L4307193,CO,CO-CES,,10.5734327,-73.2479793,Ecoparque Los Besotes--Campamento Base,2026-06-18 17:49,295,196
L5836037,CO,CO-CES,,10.5530305,-73.2361816,Ecoparque Los Besotes--Zona Baja,2026-05-09 05:00,236,232
L25993080,CO,CO-CUN,,4.7773519,-74.2912761,Ecoparque Los Gurrubos,2024-03-26 15:00,27,5
L5632523,CO,CO-VAC,,3.4387947,-76.4821467,Ecoparque Los Pizamos,2026-05-09 16:03,81,13
L9747992,CO,CO-CAL,,5.0627525,-75.4824042,Ecoparque Los Yarumos,2026-09-19 17:45,278,1391
L6846124,CO,CO-ATL,,10.9253696,-74.8017776,Ecoparque Metropolitano,2026-01-25 14:26,56,13
L64016841,CO,CO-TOL,,4.89963,-75.2471,Ecoparque Nevado del Ruiz,2026-04-26 06:00,35,1
L5736011,CO,CO-CUN,,5.0364407,-74.0192807,Ecoparque Nukasa,2025-05-31 10:13,72,16
L6141488,CO,CO-QUI,,4.4816667,-75.6349869,Ecoparque Peñas Blancas,2026-09-13 09:55,259,195
L3545029,CO,CO-CAU,,2.5137222,-76.5380861,Ecoparque Rayas del Sol,2020-12-19 06:42,132,26
L3273390,CO,CO-VAC,,3.3484132,-76.5698633,Ecoparque Rio Pance,2026-08-23 14:51,265,310
L24262206,CO,CO-ANT,,5.9744911,-75.1178138,Ecoparque Rio Santo Domingo,2026-07-05 16:02,130,31
L8992257,CO,CO-CAL,,4.9861102,-75.5439959,Ecoparque Río Claro,2026-01-18 08:57,54,7
L44642552,CO,CO-VAC,,3.5568758,-76.5546119,Ecoparque Samuel Alvarez,2026-05-09 07:20,105,42
L44640197,CO,CO-VAC,,3.5604765,-76.5702744,Ecoparque Samuel Alvarez - Reserva Natural de La Sociedad Civil
L4607041,CO,CO-NSA,,7.8636581,-72.5011933,Ecoparque San Rafael,2026-08-18 09:00,158,86
L6049556,CO,CO-ARA,,6.4282918,-71.7397962,Ecoparque Tame,2026-06-11 07:15,293,180
L16431322,CO,CO-CAL,,5.0300709,-75.5086899,Ecoparque Tejares,2026-03-23 08:01,86,6
L5827005,CO,CO-VAC,,3.4035,-76.5617,Ecoparque de La Bandera,2026-09-13 10:13,145,311
L22832154,CO,CO-SAN,,7.0800888,-73.0468726,Ecoposada Montefiore,2026-01-25 08:09,42,1
L27464671,CO,CO-CAS,,6.1167807,-71.8947551,Ecoreserva Fabian Parra,2023-10-10 06:00,31,2
L24314935,CO,CO-SAN,,7.1405694,-73.5434028,Ecoreserva La Taira-Lizama,2026-05-09 05:37,151,5
L24379517,CO,CO-HUI,,3.0639278,-75.3715942,"Ecoreserva La Tribuna, Huila, CO (3.064, -75.372)",2026-05-09 11:10,135,30
L51435445,CO,CO-TOL,,3.8850996,-74.5250591,Ecorregión Bosque de Galilea--La Colonia Parte Alta (Alto de Altamizal),2026-05-09 13:51,27,4
L51467832,CO,CO-TOL,,3.874,-74.545,Ecorregión Bosque de Galilea--La Colonia Parte Baja,2025-08-09 11:23,9,5
L16611215,CO,CO-TOL,,3.8793961,-74.53494,Ecorregión Bosque de Galilea--La Colonia Parte Media,2025-08-11 10:09,164,13
L51463471,CO,CO-TOL,,3.9365556,-74.5451778,Ecorregión Bosque de Galilea--La Manzanita,2025-08-10 06:04,66,4
L6293756,CO,CO-BOL,,10.5700189,-75.449172,Ekoparque Luna Forest,2026-05-22 06:12,256,186
L29993787,CO,CO-QUI,,4.4178673,-75.8868223,El Alambrado -San Pablo,2025-01-10 14:50,33,7
L27590240,CO,CO-CUN,,5.453111,-74.346167,El Amarillal Alonzo,2026-05-08 17:11,38,4
L19134238,CO,CO-CAL,,5.0225652,-75.479348,El Argel,2026-08-29 07:27,117,27
L12030094,CO,CO-LAG,,11.1813014,-72.6723363,El Arhuaco,2020-03-12 10:00,36,1
L69686280,CO,CO-CUN,,4.4957615,-74.7886348,El Bagal
L9220510,CO,CO-SAP,,12.5516753,-81.7044596,El Bay,2026-09-06 08:17,40,30
L9191574,CO,CO-SUC,,9.2632254,-75.418902,El Bolívar - San Nicolás,2025-07-26 15:30,62,1
L72547414,CO,CO-ANT,,6.72856,-74.7277483,El Bosque - Malabrigo,2026-07-05 07:20,64,4
L6070528,CO,CO-VAC,,4.7618027,-76.2206554,El Cairo (pueblo),2026-05-12 11:09,126,22
L12374240,CO,CO-COR,,9.4164197,-75.7495998,"El Calao, Córdoba",2024-10-13 05:41,133,26
L11802673,CO,CO-MAG,,11.1118792,-74.0944145,El Campano,2026-09-03 06:13,343,848
L61578792,CO,CO-RIS,,4.7124961,-75.6781308,El Campesino Alemán,2026-05-13 15:35,39,4
L4196928,CO,CO-CHO,,5.6241466,-77.4194989,El Cantil Ecolodge,2025-09-02 08:16,233,55
L19628093,CO,CO-VAC,,3.554071,-76.617027,El Cedral,2026-03-23 09:04,57,13
L2742429,CO,CO-RIS,,4.8707649,-75.6867456,El Chakiro,2026-08-11 18:06,108,21
L12501351,CO,CO-CUN,,4.5492073,-74.2797695,El Charquito--Vereda San Francisco,2026-03-20 07:50,52,4
L32097619,CO,CO-CUN,,4.5847139,-74.4002688,"El Colegio, El Mezón de los Santos"
L24317809,CO,CO-CUN,,4.5850367,-74.3374784,El Colegio--El Charquito,2025-10-11 10:27,182,124
L10455129,CO,CO-CUN,,4.581358,-74.3825534,El Colegio--Vda. La María,2020-01-01 16:30,19,2
L38026474,CO,CO-CAL,,4.990355,-75.407496,El Color de mis Rêves,2026-09-25 06:05,248,965
L22389851,CO,CO-CAL,,4.9903549,-75.4074955,El Color de mis Rêves Glamping,2026-09-20 18:10,251,823
L14246196,CO,CO-VAC,,3.349942,-76.647359,El Cominal,2026-04-29 10:49,131,19
L33645493,CO,CO-ANT,,6.566183,-75.158363,El Cominal,2026-08-05 08:05,133,50
L13145916,CO,CO-SAN,,6.5962932,-73.0629559,El Comun camino destapado - Curiti,2026-04-20 17:51,64,20
L28353417,CO,CO-GUV,,2.736496,-72.2386778,El Conuco del Faraón,2025-09-09 06:52,259,71
L24512083,CO,CO-MET,,4.2256093,-73.5959824,El Copal,2026-06-21 10:35,56,7
L12774080,CO,CO-CUN,,4.7381518,-73.9483762,El Corozo,2026-03-17 11:14,59,84
L9837452,CO,CO-RIS,,4.8596095,-75.6863323,El Cubo,2019-08-25 08:30,23,1
L9789060,CO,CO-TOL,,3.9138142,-75.0323639,"El Cucharo, Saldaña",2026-07-24 08:33,34,4
L10075459,CO,CO-CAL,,4.9161889,-75.4630522,El Diamante--Sendero,2020-06-27 12:57,84,12
L44731999,CO,CO-VAC,,3.8727502,-76.1420919,El Diluvio (Reserva San José),2026-01-17 07:30,125,40
L53922203,CO,CO-CUN,,5.2873995,-74.562149,El Dindal,2025-10-11 05:42,54,1
L55591059,CO,CO-CUN,,5.28105,-74.5682674,"El Dindal, Cundinamarca",2025-11-29 15:30,28,1
L51592666,CO,CO-CUN,,5.299998,-74.5674652,El Dindal--Puerta de Oro de Caparrapí.,2026-02-23 15:33,25,2
L51876569,CO,CO-CUN,,5.3003038,-74.5699301,El Dindal--Puerta de Oro de Caparrapí.
L30433661,CO,CO-SAN,,7.0235794,-73.4102985,"El Diviso, Serranía De La Paz",2026-09-12 11:30,214,100
L652746,CO,CO-MAG,,11.1040628,-74.0695238,El Dorado ProAves Reserve,2026-09-18 09:30,384,5691
L24061964,CO,CO-SAN,,5.8243547,-73.6664193,El Durazno,2025-10-12 15:55,39,3
L20987661,CO,CO-SAN,,5.8243194,-73.6664146,El Durazno - Finca La Pradera,2026-08-17 18:27,109,66
L18590387,CO,CO-VAC,,3.6269903,-76.141455,El Eden,2024-06-30 06:53,149,55
L21475793,CO,CO-TOL,,4.5176666,-75.3040046,El Eden del Combeima,2023-04-04 09:00,103,27
L16899855,CO,CO-CAQ,,1.652843,-74.268934,El Edén del Tigre—Fonda Cheverito,2026-05-09 17:04,134,4
L31400421,CO,CO-RIS,,4.938975,-75.6785318,El Encantador de Aves,2026-09-06 11:29,91,34
L32272791,CO,CO-CUN,,4.6734962,-73.8942565,El Encanto,2026-03-15 05:58,45,5
L41135201,CO,CO-MET,,3.890605,-73.741777,El Encanto,2026-09-27 16:21,145,167
L32712705,CO,CO-ANT,,6.0305732,-75.1951232,El Encanto De Las Aves,2026-07-23 11:29,141,40
L5654916,CO,CO-HUI,,1.7201319,-76.1193323,El Encanto Nature Reserve,2026-09-27 06:22,387,1802
L38746812,CO,CO-PUT,,1.194711,-76.638404,El Ensueño Ecohostal y Glamping,2025-11-24 01:29,180,207
L17054356,CO,CO-PUT,,0.794906,-76.5835943,El Escondite Reserva Natural,2026-09-16 09:14,410,1024
L13108951,CO,CO-COR,,7.9884841,-75.4035012,"El Faro- Montelibano, Cordoba",2021-02-13 14:40,95,3
L9201182,CO,CO-TOL,,4.8721804,-75.1499576,El Fify,2026-08-20 08:26,81,28
L19958673,CO,CO-BOY,,5.778536,-72.9965974,El Garcero,2022-06-27 07:00,3,1
L3701526,CO,CO-PUT,,1.1257258,-76.684463,El Gran Bohio,2026-08-23 16:30,86,10
L38880827,CO,CO-CAL,,5.23455,-75.38414,El Guayabo-Chamberí (Neira-Aranzazu),2026-04-20 16:44,69,13
L23912492,CO,CO-ANT,,6.9116144,-75.5762246,El Hallazgo—Reserva Natural Tororoi Antioqueño,2025-09-05 07:14,137,215
L60057821,CO,CO-SAP,,12.4816977,-81.7315232,El Hoyo Soplador,2026-08-20 00:05,4,1
L10982553,CO,CO-VAC,,3.6467443,-76.5562407,El Ingenio,2023-12-29 07:00,26,5
L11283045,CO,CO-MET,,2.8288627,-72.0814627,El Jaguar ProAves reserve,2026-09-04 05:17,438,2547
L14263725,CO,CO-CAL,,5.4601559,-75.1077462,El Jardín,2022-02-11 07:00,49,5
L22160228,CO,CO-CUN,,5.0055044,-74.3426223,El Jardín Encantado,2026-06-28 13:56,31,10
L29456903,CO,CO-CUN,,4.430657,-73.304454,El Jardín del Gazauta,2026-05-09 08:17,108,20
L65892065,CO,CO-CUN,,4.4241174,-73.307991,El Jardín del Gazauta
L18841717,CO,CO-HUI,,2.858683,-75.556296,El Jordán Ecolodge,2026-06-07 06:22,155,117
L41374537,CO,CO-BOL,,10.3950383,-75.5584223,El Laguito,2026-08-23 08:00,133,121
L10538658,CO,CO-VAC,,3.2958918,-76.1972298,El Libano - Florida,2020-02-26 07:30,43,2
L16375655,CO,CO-TOL,,4.1817683,-74.63975,"El Limonar, Melgar",2021-10-20 08:30,41,6
L57587925,CO,CO-NSA,,7.8873897,-72.4897993,"El Malecón, parque mascotas",2026-09-13 11:42,52,10
L12193241,CO,CO-RIS,,4.7293375,-75.6069564,El Manzano,2026-07-13 13:25,116,13
L57763525,CO,CO-ATL,,10.82635,-74.967019,El Mariposario de Eli,2026-09-10 16:04,44,7
L38230251,CO,CO-CAL,,5.265574,-75.141378,El Milagroso,2026-01-25 18:37,23,1
L36906563,CO,CO-SAP,,12.560033,-81.717223,El Mirador Bar / Overlook,2026-05-10 11:33,18,4
L18230823,CO,CO-TOL,,4.8710496,-74.9039984,El Mirador Paisaje,2026-06-19 10:35,61,4
L9212082,CO,CO-CAQ,,1.6356567,-75.5786492,El Mirador de El Manantial,2025-10-26 08:08,46,5
L10382078,CO,CO-ANT,,6.0507026,-75.6298232,"El Montecito, Caldas",2026-02-21 14:58,102,17
L37264855,CO,CO-GUV,,2.5487638,-72.7210273,"El Morichal, via Puerto Arturo",2026-07-31 16:15,77,22
L49579628,CO,CO-CAU,,2.4446654,-76.600129,El Morro de Tulcán,2026-05-09 07:12,65,9
L10884928,CO,CO-CUN,,4.4302527,-74.3809052,El Nahual,2025-02-09 07:30,71,3
L22452761,CO,CO-VAC,,3.4530283,-76.6470343,El Nido Amarillo,2026-09-27 13:52,239,64
L68050541,CO,CO-CUN,,4.7013259,-74.4470038,El Nido Andino,2025-10-01 05:00,42,0
L36416903,CO,CO-MET,,2.2073946,-73.8074505,El Nido Hotel,2025-05-10 12:40,16,5
L24571882,CO,CO-CAL,,4.9387863,-75.4839493,El Nido del Cóndor Ecolodge.,2026-09-06 10:00,266,326
L28124238,CO,CO-ARA,,6.514144,-71.861086,El Nido del Pauxi,2026-05-09 09:10,221,97
L10138352,CO,CO-VAC,,3.32688,-76.628234,El Nilo,2025-05-10 12:58,105,20
L13104726,CO,CO-CAL,,5.0160913,-75.4827303,El Oso - La Florida,2026-09-20 08:58,121,17
L12992595,CO,CO-VAC,,3.570353,-76.617451,El Otobo,2025-09-25 12:54,133,27
L29777917,CO,CO-VAC,,3.8752001,-76.2698718,El Pailón,2026-09-06 15:25,115,15
L11106610,CO,CO-NAR,,1.3499961,-78.0944236,El Pangán ProAves reserve,2026-03-22 14:59,362,8700
L22482869,CO,CO-MET,,3.211012,-73.306432,El Paraiso Cachirral,2026-05-09 09:24,99,2
L6684949,CO,CO-MAG,,11.1497243,-74.1018122,El Paraiso de Tuki B&B/Finca La Candelaria,2026-09-15 07:34,238,71
L33391984,CO,CO-ANT,,7.0418025,-75.4051278,El Paraiso de los Quetzales,2026-06-28 08:53,143,63
L12846886,CO,CO-CUN,,4.6497484,-74.4404704,El Paraiso del Colibrí,2025-07-11 21:03,40,3
L31530784,CO,CO-QUI,,4.5203192,-75.800823,El Paraíso del Bambú y la Guadua,2026-08-09 09:19,143,23
L20789367,CO,CO-CAU,,1.0201944,-76.4410933,El Paraíso del Cotudo,2023-05-13 14:47,116,21
L5668662,CO,CO-BOY,,6.0475418,-74.2619824,El Paujil Proaves Reserve,2026-09-06 06:55,501,3735
L9262965,CO,CO-CUN,,4.573771,-74.321199,El Pedrón,2019-05-11 07:00,34,1
L28344014,CO,CO-CUN,,4.9331801,-74.3128649,El Peñón,2026-09-12 06:05,129,28
L10438198,CO,CO-NAR,,1.39748,-78.47191,El Pinde,2026-07-31 14:50,182,102
L36719118,CO,CO-HUI,,2.2787783,-75.8090467,El Pital--Vda El Mirador,2026-08-07 08:35,119,35
L12430125,CO,CO-CAL,,5.320278,-75.0605464,El Placer,2021-02-06 07:40,38,3
L9950162,CO,CO-LAG,,10.4611113,-73.0365209,El Plan--Casco Urbano,2026-08-19 10:54,33,2
L19759945,CO,CO-SAN,,6.8483903,-73.0034804,El Portachuelo,2025-06-17 13:18,30,10
L31632751,CO,CO-TOL,,4.2997551,-75.1602235,El Porvenir,2026-05-09 23:07,31,2
L43657552,CO,CO-VAC,,3.8675944,-76.2039828,El Prado Birdwatching,2026-09-26 10:14,169,45
L10146352,CO,CO-ANT,,6.046717,-74.809342,El Prodigio,2023-12-17 06:39,257,30
L10022279,CO,CO-CAQ,,1.768351,-75.776672,El Pórtico,2026-03-22 09:53,50,20
L21687184,CO,CO-ANT,,6.0513582,-75.6609803,El Rancherito Amagá,2026-09-13 14:19,49,33
L29885352,CO,CO-ANT,,6.2293844,-75.4044056,El Rancherito Guarne,2026-08-31 18:00,40,6
L21163291,CO,CO-VAC,,3.8624524,-76.2256925,El Rayito,2023-04-30 15:19,129,37
L16180476,CO,CO-CES,,10.3850561,-73.0232978,El Recreo,2026-08-24 16:10,61,10
L34189923,CO,CO-SAN,,7.1878752,-73.278276,El Refugio Finca,2024-07-01 14:00,36,2
L23967626,CO,CO-DC,,4.6655281,-74.0435589,El Refugio--Zona Alta,2026-07-25 16:18,44,20
L33496160,CO,CO-MET,,4.24661,-73.508275,El Reservorio  Sardinata Alas de Saber,2026-05-09 06:19,159,49
L21311479,CO,CO-CUN,,4.8731435,-74.2948269,El Rincon,2022-10-22 07:10,1,0
L3611424,CO,CO-TOL,,4.3456838,-75.1265502,El Rincon,2015-05-03 09:00,57,1
L7612247,CO,CO-ANT,,5.9530482,-75.7102132,El Rincón,2025-11-30 06:02,153,82
L12806591,CO,CO-ANT,,5.8809162,-74.8085405,El Rio Hotel,2026-03-30 06:08,199,119
L13963869,CO,CO-VAC,,3.3371696,-76.5944061,El Rocío Ecolodge,2024-10-26 14:49,148,13
L7579614,CO,CO-CUN,,4.868072,-74.236398,El Rosal,2025-12-29 11:35,56,9
L30724822,CO,CO-CAL,,5.4050757,-75.7748043,El Rubí,2025-10-19 16:52,53,4
L11425987,CO,CO-VAC,,3.4821259,-76.6062989,El Saladito,2026-05-10 06:54,85,15
L56194560,CO,CO-SAN,,6.574142,-73.0541775,El Santuario Curití,2026-09-27 16:13,87,19
L22008033,CO,CO-CUN,,4.986746,-74.2747934,El Silencio- Toriba,2024-10-12 08:00,42,6
L7337856,CO,CO-ANT,,8.477873,-76.684573,El Sueño de Chocolate,2025-12-07 12:49,196,81
L51482100,CO,CO-CUN,,4.7443214,-73.9232898,El Tabano Eco Lodge,2025-07-27 05:54,31,2
L26641085,CO,CO-ANT,,5.9774551,-75.0746388,El Tagual,2026-09-27 07:53,223,112
L13328110,CO,CO-SAN,,6.7234696,-73.108542,El Tamarindo--Hostal Ecolodge,2021-01-16 12:30,6,1
L57109776,CO,CO-TOL,,5.200762,-74.7248387,El Tambo,2026-01-11 12:27,32,2
L10506224,CO,CO-CUN,,4.9966964,-74.3515475,El Tambo Eco Hotel,2026-05-10 05:51,19,2
L13352959,CO,CO-TOL,,5.179,-74.762,"El Tambor, Ruta del Pichi, Honda",2026-02-15 06:46,202,45
L32892458,CO,CO-QUI,,4.6908612,-75.6547188,El Tesoro de Bremen,2026-05-03 06:07,111,17
L40517327,CO,CO-ANT,,7.2941733,-74.7352499,El Valle De Los Huevones,2026-05-04 17:52,36,6
L1944974,CO,CO-VAC,,3.8178731,-76.3066578,El Vinculo (pueblo),2026-03-28 14:29,96,3
L36537321,CO,CO-CAS,,5.8402455,-72.1525082,El Volcán,2024-12-17 13:22,79,3
L37020056,CO,CO-TOL,,4.38625,-75.4887222,El fogón de Doña Antonia,2026-06-25 15:00,50,12
L8933788,CO,CO-RIS,,5.1504431,-75.9320182,El vesubio - Apia,2026-02-28 10:42,184,11
L10492061,CO,CO-CAL,,5.5746816,-74.938796,Embalse Amaní--Bosque Captación Quebrada Santa Barbara,2026-05-18 08:24,142,17
L10696109,CO,CO-CAL,,5.5675171,-74.9003085,Embalse Amaní--Confines,2026-08-05 16:36,42,6
L37780455,CO,CO-CAL,,5.5135047,-74.9014053,Embalse Amaní--Ecohotel Los Mikos,2026-05-09 18:32,236,74
L3630220,CO,CO-VAC,,3.8959392,-76.4888334,Embalse Calima,2026-08-26 07:16,222,267
L24274283,CO,CO-ATL,,10.4064075,-75.1096908,Embalse El Guájaro - Villa Rosa,2026-08-29 14:30,59,12
L7568735,CO,CO-HUI,,2.2288427,-75.6471984,Embalse El Quimbo - Balseadero,2026-05-09 08:25,72,11
L7146407,CO,CO-HUI,,2.3463783,-75.6138386,Embalse El Quimbo - Espejo de Agua,2018-02-18 11:49,10,1
L18396709,CO,CO-DC,,4.4007576,-74.1419287,Embalse La Regadera,2026-08-09 07:28,100,62
L7786873,CO,CO-SAN,,6.6912065,-72.7486832,Embalse Málaga,2023-02-28 13:38,91,13
L8520098,CO,CO-CUN,,5.141352,-73.971653,Embalse Neusa--Cabañas,2026-07-20 12:38,50,17
L2328521,CO,CO-ANT,,6.2388553,-75.1794434,Embalse Penol-Guatape,2026-09-26 14:42,183,151
L8310081,CO,CO-CAU,,2.9435552,-76.7080021,Embalse Salvajina,2026-09-17 11:14,62,3
L8092376,CO,CO-ANT,,6.2162138,-74.8427395,Embalse San Carlos,2026-07-03 06:19,87,12
L38387944,CO,CO-DC,,4.3864077,-74.1748206,Embalse de Chisacá,2026-06-29 06:07,64,39
L4419720,CO,CO-VAC,,4.3366974,-76.2490225,Embalse de Guacas/Sara Brut,2025-06-11 12:30,145,21
L4822791,CO,CO-BOY,,5.607919,-73.1987286,Embalse de La Copa (utilice un hotspot más especifico/use a more specific hotspot),2025-08-21 12:10,83,98
L465365,CO,CO-ANT,,6.2326667,-74.8755,Embalse de Punchiná y su Zona de Protección,2026-08-23 12:52,247,21
L465364,CO,CO-ANT,,6.4035,-75.0288333,Embalse de San Lorenzo y Jaguas,2026-04-01 17:08,125,9
L3172098,CO,CO-CUN,,4.9601281,-73.834219,Embalse de Tominé,2026-07-11 17:34,99,59
L8572265,CO,CO-COR,,7.9779444,-76.1860556,Embalse de Urrá--Finca El Tormento,2006-08-12 11:30,12,1
L9118436,CO,CO-COR,,7.9810278,-76.1939722,Embalse de Urrá--Finca Hernández,2006-08-14 08:00,35,1
L8571716,CO,CO-COR,,7.9845,-76.1923611,Embalse de Urrá--Finca Pamplona,2006-08-12 05:50,40,1
L8571688,CO,CO-COR,,7.9972222,-76.2099167,Embalse de Urrá--Puerto Frasquillo,2006-08-11 12:00,7,1
L41059277,CO,CO-BOY,,5.6172162,-73.1926917,Embalse de la Copa--La Península,2026-08-07 09:08,45,52
L28164854,CO,CO-BOY,,5.612778,-73.1803356,Embalse de la Copa--Sur oriente,2026-07-18 12:58,33,7
L22759879,CO,CO-CUN,,4.5107402,-74.2618361,Embalse del Muña,2025-12-28 05:30,53,31
L4831681,CO,CO-CUN,,5.1621551,-73.9497042,Embalse del Neusa,2026-08-07 06:50,144,180
L7101419,CO,CO-HUI,,2.3134573,-75.6255807,Embalse del Quimbo,2026-07-04 14:46,143,36
L7530651,CO,CO-TOL,,3.7882925,-74.849081,Embalse del Río Prado,2026-06-12 14:49,222,39
L11393629,CO,CO-BOY,,5.6192132,-73.1721338,Embalse la Copa--Vereda Leonera,2026-06-22 11:57,47,12
L65715445,CO,CO-CUN,,5.0761325,-73.5986352,Encanto Macheta,2026-09-16 16:19,40,2
L465412,CO,CO-VAC,,3.7666667,-76.7166667,Enclave Seco del Río Dagua,2025-04-22 10:48,26,10
L19812119,CO,CO-VAC,,3.5694428,-76.5794608,Entrada La Minga (Puerta Naranja),2026-08-22 07:01,202,214
L8437514,CO,CO-CUN,,5.198,-74.718,Entrada Puerto Bogotá,2025-11-13 11:50,15,2
L10583348,CO,CO-BOY,,5.42,-72.72,Entrada a Salto de Candelas,2026-03-27 10:16,68,5
L20636285,CO,CO-SAN,,7.1281972,-73.2021805,Entrada el bambu,2022-08-21 17:00,12,1
L7212599,CO,CO-ANT,,6.0384805,-75.392561,Entre Flores Tour,2026-02-25 09:01,33,4
L44819946,CO,CO-SAN,,5.9874364,-73.221178,Entre Montañas Birding House,2025-05-10 14:54,21,3
L19791854,CO,CO-CUN,,4.5286825,-74.3601036,Entre Nubes,2025-01-23 20:03,87,7
L54618829,CO,CO-SAN,,6.8802087,-73.4071862,EscaleraColaRaqueta,2025-10-21 08:14,11,1
L9004889,CO,CO-VAC,,3.595,-76.892,Escaleras hacia Cerro Riqueza (ANC),2019-05-04 06:57,132,15
L9246517,CO,CO-CUN,,4.2078883,-73.7966717,Escuala Rural Chirajara,2026-02-20 06:51,55,4
L38956068,CO,CO-CUN,,4.6930389,-74.372734,Escuala Rural Roblehueco,2026-06-07 00:00,68,1
L9205009,CO,CO-CAQ,,1.7608572,-75.613177,Escuela Alto Paraíso,2019-05-04 16:00,45,1
L4307454,CO,CO-CES,,10.5012857,-73.2740574,Escuela Ambiental del Cesar,2026-05-09 11:00,81,22
L29378500,CO,CO-SAN,,6.9966312,-73.4122784,"Escuela Corintios-Serranía de La Paz, Betulia",2026-06-23 09:14,235,172
L10177299,CO,CO-CAL,,4.9672594,-75.4167227,Escuela El Papayal,2012-11-17 06:30,86,1
L31655290,CO,CO-SAN,,7.0916867,-73.0073976,Escuela La Nevera,2026-04-26 08:11,127,87
L2015128,CO,CO-VAC,,3.4555068,-76.4995193,Escuela Militar de Aviacion,2021-04-25 09:57,41,6
L7287254,CO,CO-ATL,,10.98265,-74.8152047,Escuela Normal Superior La Hacienda,2026-09-13 06:24,52,9
L20862867,CO,CO-CAS,,4.8789331,-72.8891039,Escuela Normal Superior Monterrey,2026-06-09 08:47,81,15
L7258605,CO,CO-CAQ,,1.5291925,-75.5211675,Escuela Puerto Arango,2026-05-09 06:52,118,10
L16903630,CO,CO-TOL,,4.7332979,-75.0232122,Escuela Puerto Boy,2021-11-14 14:00,40,1
L24337156,CO,CO-CUN,,4.0721518,-74.4591522,Escuela Rural El Timbrio,2023-05-13 15:30,13,4
L24322427,CO,CO-CUN,,4.0585343,-74.4430392,Escuela Rural Hungria- Escuela Rural El Timbrío Venecia,2023-05-13 11:40,25,7
L35659740,CO,CO-CUN,,4.2136592,-73.8004231,Escuela Rural San Miguel,2026-09-25 07:22,132,46
L19224289,CO,CO-CUN,,4.7151696,-74.4302122,Escuela Santo Domingo,2025-05-10 15:06,22,14
L9213454,CO,CO-CUN,,4.6160675,-74.4953804,Escuela V San Esteban,2019-05-04 05:30,17,1
L12394088,CO,CO-TOL,,4.5411424,-75.0430395,Escuela Vereda La caima,2020-09-27 14:00,23,2
L11704252,CO,CO-GUV,,2.200248,-73.453062,Escuela Vereda Lejanías,2020-02-01 12:00,8,3
L12354142,CO,CO-CUN,,5.0702916,-74.3895971,Esmeralda Xtreme,2025-03-29 11:02,39,11
L7944230,CO,CO-CAQ,,1.5270118,-75.3924981,Espacios Territoriales de Capacitación y Reincorporación Agua Bonita,2026-06-27 09:42,92,10
L26601315,CO,CO-TOL,,4.1505958,-74.8917262,Espinal - Parque Mitológico,2026-07-24 08:03,25,3
L7391262,CO,CO-CAU,,1.0204964,-76.4460747,Estación Agroforestal Guayuyaco,2026-08-18 10:14,126,29
L39008741,CO,CO-LAG,,10.4499833,-72.9329639,Estación Benedicto (Mesa de los Indios),2024-09-23 05:30,31,3
L27014216,CO,CO-VAC,,3.5716667,-76.6030556,Estación Biológica Gustavo Kattan,2025-10-05 15:00,58,3
L465435,CO,CO-VAU,,-1.0833333,-69.5333333,Estación Biológica Mosiro-Itajura
L21145231,CO,CO-COR,,8.0607593,-76.1586428,Estación Ecológica Las Guartinajas,2026-05-18 06:52,128,13
L21273284,CO,CO-TOL,,5.060722,-75.228281,Estación Ecopetrol Torre 20 Herveo,2026-09-26 09:24,128,51
L63802189,CO,CO-GUV,,2.3730883,-72.6389,Estación Experimental El Trueno,2026-04-20 12:54,19,0
L18928179,CO,CO-CUN,,4.9557163,-74.3817661,Estación Experimental JCM - Universidad del Rosario,2026-06-11 06:22,157,56
L16683374,CO,CO-CAL,,5.4043484,-75.484479,Estación Experimental la Palma,2026-05-08 07:36,128,35
L9192274,CO,CO-CUN,,5.182194,-74.1953008,Estación Forestal Bambusa,2026-05-09 06:02,103,21
L39003840,CO,CO-LAG,,10.4653861,-72.9370167,Estación Santana (CORPOGUAJIRA),2024-09-20 06:00,31,3
L25420047,CO,CO-PUT,,0.6354882,-77.0441888,Estación de Bombeo Guamuez,2026-07-08 13:55,254,58
L19093238,CO,CO-TOL,,5.1947445,-74.8878195,Estación del Ferrocarril (La Ceiba),2026-05-29 13:39,24,2
L8012905,CO,CO-HUI,,1.8904319,-76.2496233,Estadero El Vegón,2021-12-27 08:00,40,4
L23700557,CO,CO-GUV,,2.5455012,-72.7101803,Estadero Picapiedra,2022-01-25 07:18,4,4
L13215513,CO,CO-ARA,,7.0631875,-70.7652151,Estadero las delicias
L65642086,CO,CO-TOL,,4.9238337,-75.060364,Estadio Ariell Gonzalez Líbano,2026-05-09 06:03,23,1
L7349278,CO,CO-ANT,,6.164753,-75.5991152,Estadio Polideportivo Sur,2026-09-26 08:41,38,14
L10276003,CO,CO-DC,,4.6235005,-74.1356013,Estadio de Techo,2025-11-22 17:24,8,3
L11434300,CO,CO-SAN,,6.4626974,-73.2453441,Estancia Bajosombra,2026-08-12 12:12,220,783
L34329544,CO,CO-CAS,,5.2010844,-72.4274057,Estero el Guaimaro,2026-07-02 08:00,101,9
L52035444,CO,CO-HUI,,1.9270372,-76.2974432,Estrecho Río Magdalena,2025-01-20 05:31,8,1
L5803806,CO,CO-VAC,,3.537474,-76.569241,Eucaliptus Resort,2022-05-29 09:34,22,3
L27844934,CO,CO-SAP,,12.5506,-81.728578,Evans Point,2026-09-21 07:10,49,10
L2760338,CO,CO-AMA,,-3.7727053,-70.381422,Eware Refugio Amazónico,2026-07-03 06:13,399,184
L76394851,CO,CO-CAS,,6.0887458,-72.323455,FRONTERA CON BOYACA,2026-08-19 12:30,9,1
L12696996,CO,CO-RIS,,5.258774,-75.859149,FUNVALLU - Fundación Valle de los Umbra Belen de Umbria,2026-03-03 15:28,69,7
L7963009,CO,CO-CAU,,2.4702945,-76.550948,Facultad de Ciencias Agrarias - Universidad del Cauca,2026-04-04 08:22,102,30
L9381892,CO,CO-TOL,,5.1243254,-74.9508062,Falan--Casco Urbano,2025-12-31 06:37,37,3
L57202918,CO,CO-TOL,,5.1257878,-74.9833702,Falan--Mondeco,2026-01-13 15:41,21,2
L27837084,CO,CO-RIS,,5.1739976,-75.9877234,Fantasmas del bosque birding,2026-09-19 09:29,291,391
L9738347,CO,CO-CUN,,5.0959426,-73.7918704,Farallones de Suesca,2026-08-19 19:18,82,18
L21591855,CO,CO-MAG,,11.1321079,-74.1027188,Faunal - Observatorio de Aves de Minca,2026-09-21 09:30,280,396
L54619185,CO,CO-SAN,,7.2658646,-73.1511947,Fedecacao,2025-10-22 08:43,2,1
L20464605,CO,CO-CAL,,5.2990707,-75.5690097,Filadelfia--Vda. La Loma,2025-04-15 11:00,17,1
L64351157,CO,CO-CAQ,,1.2993883,-74.6930383,Filo Chaicogé,2026-04-26 13:17,3,1
L44770319,CO,CO-CAQ,,1.3252067,-74.8880967,Filos del Diamante,2025-05-10 06:49,15,1
L2785896,CO,CO-PUT,,1.0985977,-76.6280991,Fin del Mundo,2026-05-27 10:22,296,183
L7852444,CO,CO-NAR,,1.6138213,-77.0949986,Fina Agroturistica Campo Bello,2024-05-17 05:27,84,6
L21181400,CO,CO-CUN,,4.2330233,-74.4050967,Finca  Agroecoturística La Mileyda de Arbeláez,2026-08-23 12:23,99,52
L60205815,CO,CO-COR,,8.8232968,-76.2202575,"Finca ""Las Nubes""",2026-05-22 15:57,102,5
L17112660,CO,CO-CES,,9.5510222,-73.2151636,"Finca ""No Hay Como Dios"" (El paraíso de las Pyrrhuras)",2026-08-09 11:36,267,291
L9117810,CO,CO-COR,,7.9836111,-76.1773056,"Finca ""Si Te Aguantas""",2006-08-19 09:30,52,2
L5236110,CO,CO-CUN,,4.42366,-74.360046,Finca 5ta SARoCO,2026-05-15 07:35,147,93
L6532210,CO,CO-CAU,,3.105971,-76.440382,Finca Acosta,2026-02-09 16:00,58,7
L6226409,CO,CO-MET,,4.2767428,-73.562943,Finca Acuazoo,2026-08-12 13:28,134,25
L28341532,CO,CO-CUN,,4.9575628,-73.7488389,Finca Agroecológica  Abuelos de la Montaña,2026-03-22 08:29,22,7
L45379211,CO,CO-CUN,,4.3336378,-74.4933343,Finca Agroecológica Tijiky,2023-10-01 09:00,7,0
L10996803,CO,CO-BOY,,5.483133,-74.1706609,Finca Agroecológica los Pinos,2025-03-23 19:02,153,250
L65682888,CO,CO-HUI,,1.95606,-75.9017692,Finca Agroturistica Campobello,2026-05-09 11:14,13,9
L17096939,CO,CO-TOL,,4.492765,-75.281215,Finca Agroturistica Dulima,2026-09-23 07:09,216,499
L17039690,CO,CO-MET,,3.7645058,-73.8865717,Finca Agroturistica La Orquídea,2026-07-05 15:45,253,411
L9212592,CO,CO-GUA,,3.9578934,-68.2156878,Finca Agroturistica Las Águilas,2024-12-29 12:13,77,3
L26611758,CO,CO-CAS,,5.3097483,-71.4484406,Finca Agroturistica Rosita,2023-08-15 14:00,8,1
L22831537,CO,CO-HUI,,2.8731291,-75.1115208,Finca Agroturistica Villa Claudia,2026-08-27 09:36,92,13
L8619410,CO,CO-GUV,,2.5080558,-72.6482266,Finca Agroturística Charco Indio,2026-05-17 16:33,121,5
L9891205,CO,CO-MET,,2.2046178,-73.8082981,Finca Agroturística Tinigua,2025-11-05 06:17,79,5
L23953046,CO,CO-CUN,,4.4494706,-74.3263611,Finca Agua bonita--Monterrico,2025-02-01 15:50,26,1
L2201124,CO,CO-CUN,,4.9840596,-74.2910421,Finca Agualinda,2026-09-26 12:05,147,142
L16570923,CO,CO-VAC,,4.8044079,-76.0630062,Finca Aguas Claras,2022-03-02 17:00,62,11
L26727506,CO,CO-TOL,,5.206131,-74.9777016,Finca Aguasal - La Playa,2026-07-18 08:29,64,7
L5805299,CO,CO-CAU,,1.6820827,-77.0795417,Finca Alberto Moncayo,2017-04-12 00:00,34,0
L1967526,CO,CO-CUN,,4.9001406,-74.1017747,Finca Alcaraván,2026-09-06 09:28,52,22
L28354097,CO,CO-CUN,,4.613128,-74.3874407,Finca Alejandría,2020-12-19 06:30,25,1
L2057859,CO,CO-VAC,,3.5394584,-76.6063741,"Finca Alejandría ""El Paraiso de Los Colibries""",2026-08-31 13:37,368,1920
L13598632,CO,CO-RIS,,5.2897566,-75.8684952,"Finca Algodón, Vereda Dosquebradas",2026-02-18 17:11,79,11
L40241700,CO,CO-CAL,,5.0359891,-75.5225247,Finca Almas Encontradas,2026-04-07 07:59,60,17
L28124073,CO,CO-ARA,,6.502679,-71.851947,Finca Altamira,2026-05-09 05:17,131,77
L11773428,CO,CO-HUI,,2.737705,-75.2120587,"Finca Alto Cielo, Tambillo, Rivera (La casa del torito)",2026-03-23 06:41,80,23
L12768628,CO,CO-CUN,,4.658792,-74.3943345,Finca Analuna,2020-11-26 10:09,38,4
L19102619,CO,CO-CAL,,5.10337,-75.7158465,Finca Andalucía
L9789541,CO,CO-CAL,,5.001187,-75.512825,Finca Andres Lopez Villa,2026-03-23 10:06,38,5
L16337832,CO,CO-CUN,,4.84275,-74.6034444,Finca Anhelos,2022-01-31 09:53,42,4
L7798231,CO,CO-CAU,,2.4095368,-76.6264996,Finca Anton Moreno,2026-01-06 14:08,68,4
L16943642,CO,CO-MET,,4.1048874,-72.9092505,Finca Antonietas,2026-08-14 06:58,261,1024
L7055666,CO,CO-CAQ,,1.878104,-75.208597,Finca Arcasim,2026-05-09 07:00,185,23
L4609409,CO,CO-VAC,,3.5667908,-76.6389728,Finca Arco Iris,2026-01-24 17:43,78,8
L9813973,CO,CO-VAC,,3.5111788,-76.5618693,"Finca Arcoiris, La Paz",2026-02-21 16:36,82,16
L8584598,CO,CO-VAC,,3.503094,-76.617411,Finca Ashraya,2020-05-09 08:21,65,9
L39666239,CO,CO-CUN,,4.9392306,-74.3941194,Finca Autosostenible El Turpial,2024-01-27 06:00,4,1
L45699365,CO,CO-CUN,,4.985,-74.285,Finca Bagandia,2026-07-26 14:15,70,28
L22585325,CO,CO-NSA,,7.6021991,-72.9423859,Finca Bagueche,2023-02-13 08:00,9,2
L42648404,CO,CO-CUN,,4.480118,-74.4535632,Finca Balzora,2026-06-15 05:54,96,9
L3629879,CO,CO-ANT,,5.6253787,-75.857596,Finca Bambusa,2026-09-27 11:45,222,566
L19163797,CO,CO-NAR,,1.391333,-77.2511216,Finca Bella Vista,2025-10-13 10:59,20,2
L22768837,CO,CO-TOL,,4.4665192,-75.2608817,Finca Bella Vista,2023-02-20 09:50,17,1
L26467396,CO,CO-HUI,,2.8287687,-75.162473,Finca Bella Vista,2026-09-22 08:27,79,9
L16245239,CO,CO-BOY,,5.5332076,-74.1805354,"Finca Bella Vista, Quipama",2021-10-14 07:39,22,7
L7793156,CO,CO-TOL,,4.4145195,-75.3174537,Finca Bellavista,2026-05-06 06:00,104,26
L465407,CO,CO-COR,,8.1953333,-75.5463333,Finca Betancí-Guacamayas,2026-09-21 08:00,271,93
L8955360,CO,CO-MAG,,11.2669488,-74.0863604,Finca Beulah,2026-04-14 11:16,95,25
L18440698,CO,CO-PUT,,1.3242425,-76.5774095,Finca Biodiversa,2026-06-07 08:19,202,667
L9262266,CO,CO-CAL,,5.3074717,-75.1173216,Finca Bolivia,2020-01-21 06:10,41,4
L7827417,CO,CO-VAC,,3.5302345,-76.6128489,Finca Bosque de Niebla,2026-09-24 09:04,298,2465
L26518006,CO,CO-TOL,,5.1587233,-75.0248355,Finca Bosque del Cacique,2026-08-26 07:01,181,21
L7164984,CO,CO-CAU,,1.0249461,-76.3462901,Finca Brisas de Pamplonita,2025-08-16 06:48,310,97
L74300027,CO,CO-RIS,,4.765012,-75.808727,Finca Brujas,2026-09-10 14:10,64,7
L54996235,CO,CO-CAU,,1.0085686,-76.2861171,Finca Buena Esperanza,2026-05-09 12:22,95,9
L55207552,CO,CO-TOL,,4.9183555,-75.0832057,Finca Buena Vista
L60431902,CO,CO-TOL,,4.9183555,-75.0832272,Finca Buena Vista,2026-06-04 12:18,119,16
L56560466,CO,CO-TOL,,4.9205124,-75.0818104,Finca Buena Vista Alegrías,2026-08-06 07:18,38,1
L57712965,CO,CO-QUI,,4.705516,-75.674445,Finca Buenos Aires,2026-09-06 07:17,159,92
L7425343,CO,CO-TOL,,4.3791244,-75.4849606,Finca Buenos Aires,2025-06-21 07:45,142,34
L25179141,CO,CO-TOL,,4.8184666,-75.1571434,"Finca Buenos Aires, Murillo",2023-05-29 06:04,73,1
L4815355,CO,CO-HUI,,2.261014,-75.449191,Finca Buenos Aires--Bosque de Robles,2023-12-15 08:57,106,17
L6440672,CO,CO-TOL,,4.1130903,-74.5444599,Finca Buenos Dias,2012-03-07 06:00,48,2
L40127627,CO,CO-SAN,,6.3455839,-73.6203055,Finca Buenos aires CO,2025-02-19 16:42,35,4
L28098697,CO,CO-ARA,,6.810178,-70.834546,Finca Buganvilia,2023-11-26 06:25,104,15
L7930502,CO,CO-CAS,,5.8730201,-72.1808139,Finca Cafetera,2018-09-12 05:40,21,1
L42252375,CO,CO-HUI,,2.963252,-75.565156,Finca Cafetera Brisas de Buena Vista,2026-09-06 16:52,81,13
L12870366,CO,CO-CUN,,4.7104023,-74.4478933,Finca Cafetera El Cocuy,2025-12-26 06:41,35,4
L16783058,CO,CO-RIS,,5.3088217,-75.802947,Finca Cafetera El Porvenir,2026-09-09 17:53,137,65
L17009039,CO,CO-TOL,,3.0711472,-75.6858722,Finca Cafetera La Leona,2026-03-14 07:15,70,10
L6320508,CO,CO-TOL,,4.027931,-75.5714643,Finca Calamar - Roncesvalles,2011-06-01 06:00,118,19
L9471840,CO,CO-CUN,,4.9835315,-74.5538905,Finca Campo Alegre,2026-05-09 15:51,25,5
L5740836,CO,CO-VID,,6.1813733,-68.1700993,Finca Canalete,2019-08-18 07:55,103,8
L31719389,CO,CO-CUN,,4.3666195,-74.6670878,Finca Cantalao,2024-05-11 17:20,15,1
L6995401,CO,CO-MET,,4.0841377,-73.1354713,Finca Carimata,2026-07-13 10:26,188,173
L7212544,CO,CO-PUT,,0.5575441,-76.2490672,Finca Carlos Cuellar,2026-05-09 13:30,59,15
L6279364,CO,CO-SAN,,6.4551117,-73.2652185,Finca Carlos Francisco Duran,2024-08-29 12:50,48,10
L9395840,CO,CO-CUN,,5.087884,-74.075217,Finca Carolina,2025-09-04 08:30,22,2
L8064229,CO,CO-MET,,2.4359375,-73.7451777,Finca Carrisales,2025-04-16 09:39,238,29
L20692700,CO,CO-SAN,,6.0411085,-73.0341864,Finca Casa De Teja,2025-10-09 08:22,40,9
L66334537,CO,CO-CUN,,4.2564618,-73.811082,Finca Casa Roja,2026-08-21 14:31,30,8
L7794566,CO,CO-CAU,,1.142843,-76.349668,Finca Cataleya,2026-09-27 15:50,299,213
L5105731,CO,CO-PUT,,0.9684459,-76.4026755,Finca Cervantes,2025-05-10 08:15,103,7
L7365981,CO,CO-CAU,,2.3171782,-76.4953935,Finca Chiliglo,2026-06-29 16:06,68,29
L11249024,CO,CO-HUI,,1.8850337,-76.3101727,Finca Churucutama,2026-05-09 08:12,87,12
L43166049,CO,CO-COR,,8.0084345,-76.1038421,Finca Cielito Lindo- Vereda La Oscurana,2025-04-19 18:09,51,12
L5825259,CO,CO-CUN,,4.9842287,-74.2877491,Finca Cimarron,2018-12-16 06:00,81,6
L2340002,CO,CO-MAG,,11.0975985,-74.0816474,Finca Cincinati,2026-09-13 09:50,265,336
L29712487,CO,CO-SAN,,7.1367059,-73.3075368,"Finca Cinco Estrellas, Vereda Panorama, Lebrija",2026-09-11 07:53,185,106
L11416825,CO,CO-BOY,,4.9209056,-73.3058181,Finca Clavellinos,2026-02-04 09:50,10,1
L29719955,CO,CO-SAN,,7.1327223,-73.3084502,"Finca Colina Real, Vereda Panorama Lebrija",2025-04-06 04:16,81,7
L7963322,CO,CO-GUV,,2.2364909,-72.621476,Finca Conrado,2023-10-14 10:08,62,4
L17416351,CO,CO-TOL,,3.9322187,-75.5593367,Finca Corinto,2024-07-28 09:53,100,20
L2418253,CO,CO-VAC,,4.7465774,-76.2466192,Finca Costa Rica,2025-05-23 08:38,109,4
L3169355,CO,CO-ANT,,6.9836111,-75.0833333,Finca Costa Rica,2024-02-25 06:30,158,7
L5689300,CO,CO-ANT,,6.8856365,-75.0821845,Finca Costa Rica,2026-06-06 07:32,148,9
L28565891,CO,CO-CUN,,4.704731,-74.3344885,Finca Cubia Orgánica,2026-09-20 17:40,60,2
L4552464,CO,CO-CAS,,5.3227222,-72.4385833,Finca Cumbres Borrascosas,2026-08-24 05:17,221,163
L3170830,CO,CO-PUT,,1.1075,-76.6105556,Finca Dantayaco,2026-03-05 14:06,242,73
L10486464,CO,CO-VAC,,3.560504,-76.576377,Finca Debusale,2026-08-29 06:36,164,98
L7353489,CO,CO-CAQ,,1.7416408,-75.261551,Finca Demostrativa Agropecuaria El Volga,2026-08-27 10:51,157,13
L28984054,CO,CO-CUN,,4.5799502,-74.5364592,Finca Descanso Total,2024-01-23 06:00,39,1
L27467428,CO,CO-CAU,,1.3797143,-76.5118749,Finca Discosura,2026-09-06 07:07,331,643
L16370120,CO,CO-GUV,,1.4286983,-71.9043793,Finca Don Armando,2021-09-05 11:00,54,1
L19891821,CO,CO-CUN,,4.939754,-74.373375,Finca Don Camilo,2022-06-26 05:30,3,2
L7361862,CO,CO-PUT,,-0.1196405,-74.7279008,Finca Don Felix Guzman,2018-10-26 08:27,27,2
L7362787,CO,CO-CAS,,5.805811,-72.1668828,Finca Don Justiniano Velandia,2019-05-04 07:00,37,2
L28822976,CO,CO-CAL,,5.5720183,-74.9305265,"Finca Don Leopoldo, Norcasia",2026-02-09 10:18,64,1
L6116087,CO,CO-CAS,,5.5157811,-71.9342923,Finca Don Ruperto Garcia,2026-02-11 09:40,72,5
L11117527,CO,CO-CUN,,4.4948627,-74.5109664,Finca Doña Dora,2020-01-02 06:00,40,2
L7061112,CO,CO-PUT,,0.5283081,-76.3135886,Finca Doña Maribell,2019-05-04 13:50,135,10
L5841732,CO,CO-GUV,,2.5477735,-72.7161026,Finca Eco-turística La Pradera,2026-07-31 08:30,198,30
L11429058,CO,CO-MET,,3.4737472,-74.0504803,"Finca Ecoturistica Cascada de Azufre, Lejanías",2024-11-27 06:10,84,27
L11405044,CO,CO-TOL,,4.2413338,-74.5960161,Finca Ecoturistica El Refugio,2020-05-09 06:00,11,1
L34837886,CO,CO-VAC,,4.0101348,-76.4761124,Finca Ecoturistica El Tesoro,2026-08-23 06:30,202,57
L51518956,CO,CO-HUI,,2.407867,-75.7657419,Finca Ecoturística Aires de mi Campo,2025-08-09 15:00,79,10
L16376651,CO,CO-HUI,,2.4553554,-75.2840873,Finca Ecoturística Alemania,2021-01-10 08:10,29,7
L12411336,CO,CO-TOL,,4.4131925,-75.2236421,Finca Ecoturística Bellavista,2020-10-02 18:15,47,1
L29905694,CO,CO-CUN,,4.4053762,-74.365983,Finca Ecoturística Cafetera Cosecha Real,2026-06-14 12:23,155,88
L41847287,CO,CO-GUV,,2.5159645,-72.8346826,Finca Ecoturística El Chontaduro,2026-09-12 05:57,225,99
L12909449,CO,CO-CAQ,,1.392887,-75.989659,Finca Ecoturística El Encanto Fragüeño,2026-09-12 08:53,192,46
L28205519,CO,CO-NAR,,1.424841,-77.1443358,Finca Ecoturística Loquillo,2026-05-09 06:36,70,18
L765400,CO,CO-MET,,4.1630847,-73.6566192,Finca Ecoturística Los Girasoles,2026-04-26 14:30,162,116
L26942349,CO,CO-HUI,,3.1575706,-75.0935805,Finca Ecoturística Los Jagueyes,2025-05-10 06:24,128,27
L12561245,CO,CO-GUV,,2.4513132,-72.7559022,Finca Ecoturística Rupiguarí,2026-05-09 13:20,143,25
L7957702,CO,CO-TOL,,4.4622444,-75.0517727,Finca Ecoturística San Javier,2026-08-28 08:33,188,100
L9169224,CO,CO-VAC,,3.2976437,-76.1770615,Finca Ecoturística Villa Estela,2026-09-11 06:35,176,506
L13729231,CO,CO-HUI,,1.9521802,-75.9182596,Finca Ecoturística Vladetur,2026-09-03 08:28,39,10
L32638587,CO,CO-HUI,,1.9534496,-75.9255447,Finca Ecoturística Vladetur
L6258525,CO,CO-VAC,,3.6475498,-76.1855078,Finca Eduardo Valencia,2026-03-08 11:54,65,2
L40710087,CO,CO-BOL,,10.245325,-75.4419417,Finca El Acuario,2026-09-26 17:36,138,124
L7507737,CO,CO-SAN,,6.4821216,-73.1233171,Finca El Anaco,2026-05-01 21:23,82,7
L4719023,CO,CO-CAQ,,1.7050002,-75.6234321,Finca El Bosque,2025-02-09 15:36,103,10
L5133321,CO,CO-CAL,,4.967375,-75.6052709,Finca El Bosque de Pajaros,2024-05-13 16:24,97,8
L18203101,CO,CO-HUI,,2.816306,-75.603321,"Finca El Cacique, Teruel",2022-07-27 04:30,55,2
L3202340,CO,CO-SAN,,7.1447969,-73.0363798,Finca El Carajo,2026-08-23 14:05,248,267
L10569877,CO,CO-TOL,,4.73881,-75.125023,Finca El Cedral,2020-01-20 06:00,38,6
L8920548,CO,CO-HUI,,3.316388,-74.706865,Finca El Cedro & Cañon de La Legiosa,2024-09-01 10:43,149,33
L5837845,CO,CO-NAR,,1.2556025,-77.4602973,Finca El Comun,2020-01-05 08:04,3,1
L17347119,CO,CO-TOL,,3.8648904,-75.5179903,"Finca El Corazon, San Antonio",2022-01-05 06:36,69,10
L3727506,CO,CO-RIS,,4.7745045,-75.4654956,Finca El Cortaderal,2025-03-23 06:10,212,115
L5411226,CO,CO-CAQ,,1.5097587,-75.7379383,Finca El Danubio,2026-05-17 09:30,258,87
L11430319,CO,CO-CHO,,5.879954,-76.1491047,Finca El Descanso,2025-08-01 12:12,109,20
L33633820,CO,CO-MET,,3.1091033,-73.8699633,Finca El Descanso,2025-12-25 16:25,94,40
L18523309,CO,CO-COR,,8.139612,-75.920629,Finca El Desembarco,2025-08-18 10:43,112,16
L76403459,CO,CO-SAN,,6.87944,-73.3792,Finca El Diamante,2026-08-29 18:00,34,11
L13958771,CO,CO-TOL,,4.4434367,-75.26054,Finca El Diviso - Vereda Santa Teresa - Ibague - Tolima,2023-04-01 05:00,71,12
L12930077,CO,CO-CUN,,4.9700244,-74.4451515,"Finca El Eden, Sasaima",2026-03-08 14:59,103,26
L76313428,CO,CO-SAN,,6.8541265,-73.3907348,Finca El Eden. Sector Germania,2026-08-28 12:34,141,38
L12988281,CO,CO-VAC,,3.2225576,-76.5286937,Finca El Edén,2026-05-08 13:26,156,114
L65564904,CO,CO-VAC,,3.6434183,-76.536635,"Finca El Encanto de lLaura, Montañitas, Yumbo",2026-09-24 05:55,73,11
L4395493,CO,CO-CAS,,5.1697203,-72.424053,Finca El Gabán,2026-03-22 14:50,136,50
L38276328,CO,CO-RIS,,4.9532197,-75.7429147,"Finca El Girasol, Café Agroecológico",2026-06-28 13:27,47,1
L77149239,CO,CO-MET,,3.147251,-73.957989,Finca El Granito De Oro,2026-09-27 08:43,108,18
L11207266,CO,CO-MET,,3.3885561,-73.6063272,Finca El Jardín,2024-11-16 14:00,14,2
L17342500,CO,CO-CAL,,5.044344,-75.6460136,Finca El Jardín,2025-08-17 11:09,16,1
L6320510,CO,CO-TOL,,4.0212527,-75.5491483,Finca El Jardín - Roncesvalles,2011-06-01 06:00,90,19
L31335797,CO,CO-TOL,,3.9375,-75.45499,"Finca El Jardín, Sector La Morra",2024-10-12 07:16,90,10
L12594993,CO,CO-MAG,,10.7609205,-74.0161113,Finca El Jordan--Palmor,2024-04-21 04:08,106,4
L12016633,CO,CO-RIS,,4.7334902,-75.452283,Finca El Jordán,2026-09-13 12:55,93,18
L34836841,CO,CO-CUN,,4.6296591,-74.52091,Finca El Kiosoco,2024-07-18 06:00,24,2
L5183112,CO,CO-CUN,,4.886795,-74.467898,Finca El Laguito,2024-06-03 10:40,125,19
L11374503,CO,CO-CUN,,5.1031316,-73.7811454,Finca El Maguey,2020-10-17 15:00,12,9
L4922363,CO,CO-ARA,,7.0586239,-70.6504154,Finca El Mamón,2015-02-12 05:46,113,2
L4735498,CO,CO-GUV,,2.4569333,-72.7123851,Finca El Manantial,2026-09-06 14:54,146,18
L5226189,CO,CO-VID,,6.2170123,-67.5305128,Finca El Merey,2026-05-09 17:11,79,5
L16640138,CO,CO-TOL,,5.0768596,-75.1876701,Finca El Mirador,2021-10-12 10:35,30,1
L17433249,CO,CO-TOL,,3.9418857,-75.4747133,Finca El Mirador,2026-03-31 17:29,84,17
L6773571,CO,CO-PUT,,0.5587275,-76.5817988,Finca El Mirador,2026-03-08 07:03,83,5
L6320512,CO,CO-TOL,,4.018866,-75.5671218,Finca El Mirador - Roncesvalles,2011-06-01 06:00,94,17
L5841997,CO,CO-TOL,,4.4995799,-75.0799629,Finca El Oasis,2025-07-31 05:40,95,34
L9514805,CO,CO-TOL,,4.896,-74.885,"Finca El Oasis, Bledonia",2024-12-16 13:13,74,5
L5511662,CO,CO-QUI,,4.6280995,-75.5934477,Finca El Ocaso,2026-09-16 09:29,204,201
L16368191,CO,CO-HUI,,2.6178512,-75.1525111,Finca El Oso Andino,2021-11-04 07:35,26,10
L24140678,CO,CO-TOL,,4.3331301,-75.5172288,"Finca El Oso, Roncesvalles",2026-05-22 16:27,57,15
L7366000,CO,CO-VAC,,3.6990264,-76.0700655,Finca El Pailon,2026-05-09 14:09,200,78
L5843049,CO,CO-CAL,,5.1524822,-75.6892575,Finca El Palmar,2024-07-23 15:30,139,43
L14205380,CO,CO-SAN,,6.9222878,-73.7683971,Finca El Paraiso,2026-01-17 08:07,134,57
L16789025,CO,CO-CUN,,4.7847543,-74.3734637,Finca El Paraíso,2023-06-20 07:00,23,3
L7068018,CO,CO-CAS,,5.0735463,-72.0022488,Finca El Paraíso,2020-01-05 07:00,95,3
L7746034,CO,CO-PUT,,-0.096268,-74.621019,Finca El Paraíso,2021-03-18 07:33,124,6
L8336607,CO,CO-NAR,,1.594105,-77.004758,Finca El Paraíso - Pazizara,2019-01-27 10:30,51,4
L9476613,CO,CO-CAQ,,1.6529939,-75.1503566,Finca El Pencil,2019-06-15 05:46,103,5
L14259488,CO,CO-COR,,8.1223954,-75.9736571,Finca El Peñoso,2026-09-27 07:24,233,198
L6120340,CO,CO-COR,,8.418096,-76.058739,Finca El Pino,2022-10-12 10:20,164,13
L14557388,CO,CO-VAC,,3.5427044,-76.5963528,Finca El Porvenir,2026-07-01 15:14,120,50
L22492645,CO,CO-CUN,,4.7794276,-74.4666087,Finca El Porvenir,2023-01-21 10:20,20,1
L5083012,CO,CO-MET,,2.3851893,-74.6242797,Finca El Porvenir,2026-01-14 05:50,381,148
L9208658,CO,CO-ANT,,5.6278333,-75.7130216,"Finca El Porvenir, Támesis",2026-09-26 08:33,197,113
L7246191,CO,CO-CAQ,,2.3760991,-74.6665835,Finca El Porvenir—Bosques de Puerto Losada,2026-01-14 05:50,411,213
L23463381,CO,CO-TOL,,3.9704322,-75.5025439,Finca El Recreo,2024-05-18 09:39,47,8
L35658119,CO,CO-PUT,,0.8158821,-76.598784,Finca El Refugio,2026-09-27 10:12,216,291
L7963343,CO,CO-MET,,3.8386286,-73.7928154,Finca El Refugio,2023-05-11 16:40,40,4
L7556512,CO,CO-CUN,,5.061992,-74.372253,Finca El Refugio del Colibri,2025-04-05 11:00,122,32
L8244984,CO,CO-MET,,4.0734565,-73.6531672,Finca El Refugio del Zocay,2026-09-14 08:51,171,68
L7556210,CO,CO-ANT,,6.0537982,-75.421683,Finca El Regreso,2026-09-16 14:26,95,59
L21173796,CO,CO-CUN,,4.2241624,-74.388668,Finca El Roble,2022-10-08 05:30,23,0
L3971528,CO,CO-CAS,,5.6230556,-70.7077778,Finca El Rubí,2024-02-18 07:03,168,7
L4395625,CO,CO-CAS,,5.2695333,-72.1417806,Finca El Samán,2016-04-26 06:45,101,7
L11036538,CO,CO-TOL,,4.3311444,-75.1614228,"Finca El Samán, Vereda Llanos del Combeima, El Totumo, Ibagué ",2026-09-04 10:02,114,20
L9219811,CO,CO-CUN,,5.0943872,-73.7593835,Finca El Santuario,2019-10-19 10:48,18,5
L7165543,CO,CO-MET,,4.247823,-73.4708896,Finca El Silencio,2026-08-04 06:35,238,281
L21890471,CO,CO-SAN,,7.20576,-73.126519,Finca El Silencio - Vijagual,2026-07-03 11:34,94,29
L17449416,CO,CO-SAN,,6.7216219,-72.8226629,"Finca El Tablón, vereda Santa Cruz, San Andrés",2025-02-05 05:42,88,34
L7363387,CO,CO-BOY,,6.006493,-74.5480835,Finca El Tekal,2025-07-02 10:02,210,18
L3170837,CO,CO-CAS,,5.7908968,-71.8509293,Finca El Temblador,2026-04-03 17:02,138,8
L3172108,CO,CO-VID,,6.281856,-67.8347397,Finca El Tesoro,2023-11-19 05:39,96,7
L9452630,CO,CO-CUN,,5.102,-74.5858,Finca El Tesoro,2019-06-02 10:00,8,0
L30430512,CO,CO-ANT,,6.31042,-75.06464,Finca El Toche,2026-09-13 06:00,275,301
L20253791,CO,CO-CAS,,4.6749846,-72.7024083,Finca El Tranquero TAURAMENA,2026-01-12 14:03,174,63
L7584459,CO,CO-CUN,,4.333994,-74.488892,Finca El Triunfo,2026-07-08 09:56,93,20
L18536268,CO,CO-MET,,3.9735673,-73.7993657,Finca El Triunfo (Morichal Cacao),2025-05-07 08:08,216,116
L6440529,CO,CO-TOL,,4.2024214,-74.5552592,Finca El Triunfo Villa María Reserva Natural,2026-09-27 07:42,213,183
L52233732,CO,CO-CUN,,4.2553315,-73.8158745,Finca Entre Nubes,2026-09-25 08:33,116,44
L19658020,CO,CO-VAC,,4.2545609,-75.8294445,Finca Esmeralda - Vereda Campo Azul,2023-10-02 10:42,123,11
L4268197,CO,CO-QUI,,4.6233056,-75.4311944,Finca Estrella de Agua,2026-08-06 09:52,218,84
L23258588,CO,CO-SAN,,6.5763783,-73.3323995,Finca Florencia,2022-01-16 07:39,68,12
L31725666,CO,CO-SAN,,6.561611,-73.3304112,"Finca Florencia, Hato, Santander",2024-05-11 13:15,11,1
L7875466,CO,CO-GUV,,2.5507979,-72.6972299,Finca Ganadera,2025-02-27 16:57,82,10
L8590924,CO,CO-BOY,,5.686197,-73.26108,Finca Getsemaní,2019-02-10 07:33,7,1
L9844141,CO,CO-HUI,,2.186904,-75.558382,Finca Getzemani,2023-01-14 06:14,79,13
L40748384,CO,CO-CUN,,4.6049891,-74.374106,Finca Giragua,2026-09-16 09:00,52,4
L9050656,CO,CO-CUN,,4.753829,-74.463472,Finca Guadalajara,2019-04-14 07:00,40,4
L11845062,CO,CO-VAC,,4.6415439,-75.8889577,Finca Gualanday,2026-05-09 10:31,95,63
L2717341,CO,CO-CAS,,5.2872892,-71.4772654,Finca Guaracuara,2012-07-08 07:00,99,3
L21610464,CO,CO-CUN,,4.3989896,-73.9521101,Finca Hazlotumism@,2025-10-11 11:59,74,4
L8246275,CO,CO-MET,,3.4734544,-73.9474833,Finca Holbert,2023-01-20 09:00,57,1
L4901919,CO,CO-CAS,,5.3658483,-72.4023914,Finca Hotel Salem,2026-02-13 07:59,85,6
L7347072,CO,CO-CAL,,5.0764825,-75.6800348,Finca Hotel Santagueda,2026-05-24 12:35,131,14
L12061314,CO,CO-VAC,,4.2599167,-75.9114722,Finca Hotel Sobelo Papa - Sevilla,2025-08-03 06:29,71,6
L28983413,CO,CO-HUI,,1.8852634,-76.0814327,Finca Hotel Yamboró,2025-04-03 16:30,101,5
L7076491,CO,CO-PUT,,0.5249242,-76.3114268,Finca Ismael Parra,2022-09-25 06:34,111,6
L7358449,CO,CO-ANT,,5.6884911,-75.6975979,Finca Jacaranda,2025-12-24 08:44,144,15
L7234226,CO,CO-ANT,,6.2633716,-75.0242923,Finca Jamaica,2025-07-26 17:10,50,7
L14930013,CO,CO-CUN,,4.4066031,-74.3759793,Finca Java Liviana ONIC,2021-05-27 05:45,91,45
L17364132,CO,CO-CUN,,4.2748277,-74.4291982,Finca Juan Ayala,2022-02-22 11:00,28,0
L9213261,CO,CO-TOL,,4.2474164,-75.0734907,Finca Katanga,2019-05-04 09:00,26,3
L24376008,CO,CO-CAS,,4.879921,-72.7546652,Finca LA PRADERA,2023-05-13 14:00,11,1
L21997741,CO,CO-MET,,4.1412208,-73.6701558,Finca LOS NIDOS,2026-06-12 11:02,102,18
L7745149,CO,CO-VAC,,3.5359166,-76.6149366,Finca La Alborada (acceso restringido),2026-06-26 09:52,110,7
L5817043,CO,CO-TOL,,3.945262,-75.7412481,Finca La Arabia,2026-09-10 15:29,177,49
L4344997,CO,CO-VAC,,3.5738,-76.6198,Finca La Araucana,2026-09-19 16:33,327,3232
L11839974,CO,CO-HUI,,1.7378813,-75.9806422,Finca La Arenosa,2026-08-20 06:08,174,163
L17012978,CO,CO-HUI,,2.311101,-75.47776,"Finca La Argelia, Via Bocatoma Quebrada Media Honda",2021-11-29 06:00,50,2
L30164937,CO,CO-ANT,,6.60879,-74.953775,Finca La Aurora,2026-05-09 07:24,95,5
L4806448,CO,CO-VAC,,3.3223699,-76.623373,Finca La Aurora,2025-02-25 10:57,221,35
L25214301,CO,CO-MET,,4.1708944,-73.4371905,Finca La BUCANA,2026-06-08 16:12,139,86
L23836434,CO,CO-CAQ,,1.424629,-75.5292469,Finca La Batalla 13,2023-04-23 11:06,105,3
L37284355,CO,CO-NAR,,1.5636976,-78.6955251,Finca La Bendición,2025-05-19 09:58,63,4
L30951040,CO,CO-CUN,,4.6576327,-73.3600056,Finca La Berreadora (Andean Cock of the Rock Lek),2025-10-05 09:15,121,15
L6956732,CO,CO-VAC,,3.8865624,-76.6081595,Finca La Betania,2026-02-23 10:25,129,26
L4998446,CO,CO-CAS,,4.6047867,-72.9184617,Finca La Betulia,2022-05-14 14:22,112,23
L8165159,CO,CO-ANT,,6.0386644,-75.1603264,Finca La Bicoca,2022-01-01 06:00,133,5
L11431687,CO,CO-CAU,,2.5387273,-76.5841269,Finca La Buena Hierba,2020-10-17 06:00,37,4
L6023233,CO,CO-VAC,,3.2140644,-76.641089,Finca La Camelia,2019-06-23 15:00,60,6
L3163749,CO,CO-SAN,,6.8894444,-73.4030556,Finca La Campesina,2026-05-24 13:40,107,9
L7174875,CO,CO-CAS,,5.3427918,-71.5565991,Finca La Candelilla,2026-04-03 06:04,231,73
L3169364,CO,CO-ANT,,7.0686111,-75.6791667,Finca La Caparrosa,2026-09-26 07:16,176,24
L16492418,CO,CO-TOL,,4.5433107,-75.4704357,Finca La Carbonera,2026-09-10 11:00,157,144
L5986420,CO,CO-TOL,,4.602776,-75.4078817,Finca La Carbonera,2026-07-20 08:04,86,17
L6317251,CO,CO-TOL,,4.2847891,-75.5421692,Finca La Cascada,2026-06-06 07:56,157,51
L7397156,CO,CO-BOY,,4.9716397,-73.4868622,Finca La Cañada,2026-07-14 11:01,95,80
L8593772,CO,CO-SAN,,6.7850085,-73.1438996,Finca La Ceiba,2024-04-14 18:20,61,1
L18469587,CO,CO-CUN,,4.5997163,-74.3481278,Finca La Chiqui,2022-04-09 06:00,35,1
L26905376,CO,CO-TOL,,4.2736806,-75.2105181,Finca La Colina,2026-09-20 08:48,53,7
L8493028,CO,CO-CAL,,5.5583222,-75.1133361,Finca La Comuna,2019-01-11 08:00,89,0
L7021716,CO,CO-VAC,,3.5271495,-76.6131914,Finca La Conchita,2026-09-27 09:37,234,523
L56263264,CO,CO-CUN,,5.1214763,-74.6350816,Finca La Concordia--Vereda El Sargento,2025-11-16 05:31,24,1
L31739535,CO,CO-QUI,,4.636017,-75.723237,Finca La Coqueta - Coffee Farm,2026-03-01 16:32,111,20
L7183208,CO,CO-CAS,,4.9128021,-72.3647499,Finca La Corocora,2026-04-18 17:57,60,4
L10104304,CO,CO-VAC,,3.2754561,-76.6148764,Finca La Cristalina,2019-11-02 14:06,47,19
L19814163,CO,CO-COR,,7.96369,-76.15587,Finca La Cristalina (Vda. Km40) - Tierralta,2026-09-27 09:36,361,348
L19993470,CO,CO-ANT,,5.9220925,-75.1459836,"Finca La Cristalina - El Cocuyo, Cañón Del Río Melcocho",2026-04-15 08:52,156,50
L35745522,CO,CO-ANT,,6.0272892,-75.1413259,Finca La Cristalina --Reserva Natural Margay,2026-08-09 14:14,281,75
L12360437,CO,CO-CAL,,4.9423233,-75.6036417,Finca La Divisa,2024-12-29 13:24,144,60
L7922916,CO,CO-SAN,,7.1417086,-73.094501,Finca La Dominicana,2024-01-13 07:21,38,2
L11421147,CO,CO-CAL,,5.2256227,-75.1676913,Finca La Encimada,2021-04-04 19:00,100,9
L3162219,CO,CO-SAN,,6.88114,-73.38061,Finca La Esmeralda,2026-02-28 13:53,195,29
L34397789,CO,CO-TOL,,4.4537364,-75.259577,Finca La Esmeralda,2024-07-01 07:00,12,1
L36547451,CO,CO-RIS,,4.8840953,-75.5985883,Finca La Esmeralda,2025-07-08 14:17,7,2
L7093389,CO,CO-CAL,,5.370557,-74.792355,"Finca La Española, Guarinocito",2026-04-25 16:09,173,5
L11678115,CO,CO-CUN,,4.7507639,-74.6873046,Finca La Esperanza,2024-05-11 05:27,126,29
L37303230,CO,CO-QUI,,4.6161703,-75.7043657,Finca La Esperanza,2026-07-26 08:39,53,19
L39433820,CO,CO-QUI,,4.5688509,-75.7087736,Finca La Esperanza,2026-09-27 11:56,143,74
L39621502,CO,CO-CUN,,4.9625859,-74.3865487,Finca La Esperanza,2026-07-19 11:12,39,2
L3989136,CO,CO-PUT,,-0.1809987,-74.8323441,Finca La Esperanza,2015-11-02 07:00,56,1
L22145516,CO,CO-CUN,,4.702,-73.4892,Finca La Esperanza (Colibríes Albita Roa) --Gachalá,2026-08-28 15:10,100,46
L14520449,CO,CO-VAC,,3.4539593,-76.6315484,"Finca La Esperanza, La Leonera",2024-10-31 10:24,43,5
L34547717,CO,CO-VAC,,3.908519,-76.6053821,"Finca La Esperanza, Ríobravo",2025-05-10 08:02,140,26
L28760022,CO,CO-CAL,,5.1541416,-75.5151187,"Finca La Esperanza, San Gabriel",2025-08-14 11:23,63,3
L8846400,CO,CO-CAQ,,1.143181,-76.185462,Finca La Esperanza—Humedal Zabaleta,2020-11-08 15:30,121,15
L11411460,CO,CO-TOL,,3.4323532,-74.9134289,Finca La Estrella,2020-05-09 10:40,4,1
L10875274,CO,CO-CUN,,4.484469,-73.912425,Finca La Floresta,2020-02-29 10:51,83,19
L18013537,CO,CO-RIS,,4.7594219,-75.6167745,"Finca La Floresta, La Florida.",2026-07-20 16:32,107,27
L7398012,CO,CO-MET,,4.0226011,-73.729945,Finca La Florida,2026-09-02 10:00,228,320
L9190114,CO,CO-TOL,,5.0308638,-75.0940878,Finca La Frutera,2020-05-09 05:25,36,2
L5809168,CO,CO-ANT,,5.6274972,-75.7884889,Finca La Glorieta,2026-07-08 05:50,215,65
L7199537,CO,CO-HUI,,1.9180514,-76.2127845,Finca La Guajira,2025-11-04 21:22,93,33
L18509885,CO,CO-CES,,9.541391,-73.202863,Finca La Hondura—Painted Parakeet valley,2026-09-02 06:52,233,199
L5843616,CO,CO-CAS,,5.2015614,-72.3153162,Finca La Independencia,2026-02-24 14:13,233,59
L24492027,CO,CO-CES,,9.6057633,-73.6605781,Finca La Iraca - La Loma,2026-09-17 08:41,77,2
L48022229,CO,CO-CAL,,5.1528888,-75.501407,Finca La Juana,2026-08-19 18:16,179,24
L14476235,CO,CO-VAC,,4.7193259,-76.1924798,"Finca La Juana, Vereda La Miranda, El Cairo",2021-04-16 06:46,25,1
L7702594,CO,CO-BOY,,6.3330267,-72.7394781,Finca La Labrandera,2025-05-10 06:30,83,16
L3915378,CO,CO-VID,,6.16417,-68.4881,Finca La Libertad,2023-11-18 05:35,36,2
L36202624,CO,CO-HUI,,1.8670928,-76.2713783,Finca La Llanara,2026-01-18 06:32,86,6
L3993127,CO,CO-ANT,,5.7868833,-76.0159922,Finca La Llorona,2025-04-16 08:54,178,354
L12632565,CO,CO-CAL,,5.5928743,-74.9565768,Finca La Loma-Berlín-Samaná,2019-11-02 14:30,48,2
L7365629,CO,CO-CAL,,4.8788893,-75.4320002,Finca La Lorena,2024-02-29 12:21,61,4
L13341324,CO,CO-CUN,,4.993224,-74.275715,Finca La Lunaja,2021-01-16 08:00,2,0
L18651664,CO,CO-QUI,,4.2141302,-75.7857664,Finca La Maquina,2026-03-23 14:06,93,13
L18865165,CO,CO-SAN,,7.44611,-72.9629004,Finca La Maravilla - Suratá,2026-01-11 11:07,105,87
L5829754,CO,CO-CAU,,2.5548475,-76.5827215,Finca La Maria,2023-08-28 08:01,83,3
L16772418,CO,CO-RIS,,4.8661911,-75.6525697,Finca La María,2026-09-20 10:02,157,162
L68043815,CO,CO-TOL,,4.7799711,-74.785511,"Finca La Melissa, Ambalema",2026-09-05 07:17,67,10
L24328969,CO,CO-CAL,,5.4351294,-75.3434015,Finca La Miranda,2025-11-01 07:00,89,5
L13724360,CO,CO-TOL,,4.527,-75.314,"Finca La Miranda, Cañon del Combeima",2026-07-26 12:09,59,3
L54641868,CO,CO-VAC,,3.379584,-76.5999717,Finca La Montaña Secreta,2026-04-01 09:39,25,5
L3829819,CO,CO-CUN,,4.6728215,-73.9550257,Finca La Muchareja,2022-05-08 11:55,44,7
L71999879,CO,CO-QUI,,4.435149,-75.730459,Finca La Máquina,2026-09-24 08:04,127,81
L3170724,CO,CO-ANT,,7.2800601,-75.3962946,Finca La Oculta,2007-12-17 07:00,21,1
L7359715,CO,CO-ANT,,5.7709679,-75.679509,Finca La Oculta,2026-05-23 14:36,132,7
L25674131,CO,CO-BOY,,5.6538775,-74.0671067,Finca La Orquídea,2023-07-04 06:59,34,4
L12547985,CO,CO-RIS,,4.92182,-75.51555,Finca La Palma,2026-05-09 07:46,96,13
L7289939,CO,CO-ANT,,5.583359,-75.797477,Finca La Palma,2026-04-03 07:57,183,47
L50532752,CO,CO-TOL,,4.3224535,-75.0986445,"Finca La Palma, Festival de Astronomía Colibrí",2026-07-25 16:36,18,5
L7963375,CO,CO-CUN,,4.3807864,-73.2299036,Finca La Pianola,2026-02-14 08:06,29,3
L33870036,CO,CO-TOL,,4.6638589,-75.3963375,Finca La Playa,2026-08-06 18:21,15,3
L3172090,CO,CO-CUN,,5.0081825,-74.2756462,Finca La Primavera,2014-02-02 00:00,37,2
L4059467,CO,CO-PUT,,-0.1017951,-74.8053503,Finca La Primavera,2015-12-08 15:00,67,2
L16913950,CO,CO-CUN,,4.6123751,-74.3474455,Finca La Regadera,2026-07-12 06:46,88,29
L5498285,CO,CO-MET,,2.467148,-74.508531,Finca La Reserva,2023-01-29 07:00,108,13
L5847449,CO,CO-BOY,,4.8495898,-73.3495353,Finca La Reserva,2017-05-13 05:00,51,1
L18966532,CO,CO-HUI,,1.7480964,-75.9915417,Finca La Reserva (DRMI Serranía de Peñas Blancas),2026-06-03 16:51,149,149
L6130505,CO,CO-MET,,4.0343898,-73.4812027,Finca La Ribera,2022-05-08 09:06,155,38
L58764597,CO,CO-VAC,,4.4288096,-76.1955832,Finca La Rivera (Vereda Mateguadua - Paramillo),2026-04-18 06:31,103,4
L3099056,CO,CO-TOL,,3.9733754,-75.6120621,Finca La Selva - Roncesvalles,2004-02-18 07:03,7,1
L23611460,CO,CO-SAN,,6.8860881,-73.3965686,Finca La Serranía,2025-11-19 08:03,77,10
L5173173,CO,CO-SAN,,6.8491667,-73.3641667,Finca La Siberia,2025-03-01 11:13,225,26
L8553916,CO,CO-CAQ,,1.3397185,-75.9991094,Finca La Siberia,2020-01-04 16:26,114,5
L28096450,CO,CO-CAL,,5.5888128,-74.8952915,"Finca La Sonrisa, Vda. La Sonrisa",2008-05-18 06:00,13,1
L11579380,CO,CO-VAC,,3.5609332,-76.6061263,Finca La Soñada,2026-04-14 05:54,27,8
L24017390,CO,CO-TOL,,4.3424316,-75.5170584,"Finca La Suiza, Cajamarca",2026-07-31 06:36,51,11
L18585783,CO,CO-CAL,,5.0487886,-75.5629684,Finca La Telaraña,2026-02-21 09:45,68,8
L37952184,CO,CO-HUI,,2.7858768,-75.2209683,Finca La Trinidad,2026-05-16 06:59,104,24
L8817507,CO,CO-RIS,,4.7713803,-75.6607706,"Finca La Ubaldina, Vereda El Chocho",2025-03-29 17:06,59,9
L39795738,CO,CO-SAN,,6.9051539,-73.4161149,Finca La Vega IPROC,2025-01-29 06:36,56,3
L28276024,CO,CO-HUI,,2.3721769,-75.935125,Finca La Vega—Sendero Bambuquero,2026-08-15 06:27,138,86
L12466586,CO,CO-CUN,,4.6287216,-74.6138197,Finca La Victoria,2021-09-03 07:00,50,0
L6605415,CO,CO-MET,,2.3395848,-73.7237509,Finca La Villa,2023-03-30 06:41,175,15
L27318647,CO,CO-ANT,,6.679183,-74.7861163,Finca La Vitrina,2026-07-04 08:34,216,244
L26421220,CO,CO-TOL,,4.1524182,-74.7995064,"Finca La Zorra, Vereda La Salada",2025-08-30 10:18,90,12
L7212424,CO,CO-PUT,,0.5459459,-76.2659212,Finca Larandia,2026-05-09 15:00,247,69
L28126145,CO,CO-ARA,,6.50593,-71.860518,Finca Las Bermudas,2025-05-10 16:22,43,20
L35416711,CO,CO-CAL,,5.342781,-74.90066,Finca Las Camelias,2026-09-06 09:03,213,203
L10248055,CO,CO-TOL,,4.4048584,-75.2688479,Finca Las Delicias
L26036950,CO,CO-ARA,,6.9111882,-71.9263386,Finca Las Delicias,2026-06-10 12:08,222,49
L7142186,CO,CO-CAS,,5.3465067,-72.2027385,Finca Las Delicias,2026-09-13 12:32,166,56
L28081373,CO,CO-ARA,,6.903726,-71.970537,Finca Las Delicias—Sendero del Pithys,2026-05-09 16:55,99,20
L7826372,CO,CO-HUI,,2.9346729,-75.6044915,Finca Las Flores,2024-03-23 08:09,89,7
L7061677,CO,CO-CAS,,5.272247,-72.3354006,Finca Las Garcitas,2023-08-18 08:10,135,29
L7956125,CO,CO-PUT,,0.4245752,-76.8894851,Finca Las Guaduas,2026-04-18 14:47,43,3
L27465296,CO,CO-CUN,,4.8306872,-74.5493869,Finca Las Heliconias
L7371317,CO,CO-CUN,,4.2520974,-73.8219103,Finca Las Hermanas,2026-08-09 17:17,219,108
L22563728,CO,CO-HUI,,1.8680776,-76.1313272,Finca Las Juntas,2023-03-02 09:45,24,2
L15797111,CO,CO-ANT,,6.56341,-75.0117367,Finca Las Margaritas,2026-06-14 15:45,147,139
L8202356,CO,CO-ANT,,5.5163465,-75.8464836,Finca Las Mercedes,2023-05-14 11:45,45,13
L8221906,CO,CO-TOL,,4.4111967,-75.3409655,Finca Las Mercedes,2023-11-12 14:33,51,6
L57754957,CO,CO-CAS,,4.8986013,-72.3708487,"Finca Las Mercedes, Maní,",2026-05-12 16:33,87,4
L14008904,CO,CO-CAQ,,1.6649581,-75.6233917,Finca Las Nubes,2021-03-12 15:00,10,1
L5046668,CO,CO-CAQ,,1.646466,-75.513395,Finca Las Palmas,2022-11-11 17:36,157,18
L65633811,CO,CO-SAN,,5.904117,-73.9541276,Finca Las Palmas,2026-05-09 06:14,27,6
L22095522,CO,CO-COR,,8.438648,-75.737299,Finca Las Pampas,2025-09-17 17:05,140,12
L45365697,CO,CO-CUN,,4.8851925,-74.2531187,Finca Las Violetas,2026-09-20 12:37,70,71
L7964017,CO,CO-MET,,3.9071358,-73.5710821,Finca Lavoragine (acceso restringido),2018-09-23 11:28,58,1
L49638206,CO,CO-TOL,,4.13936,-74.53288,"Finca Lisboa, Icononzo CO-Tolima 4.13936, -74.53288",2025-07-02 13:51,18,1
L3455620,CO,CO-VAC,,3.4980433,-76.6279435,Finca Lolita,2024-02-06 06:00,136,43
L5832767,CO,CO-VAC,,3.5679426,-76.6085082,Finca Loma Linda,2026-08-11 10:03,163,43
L24331572,CO,CO-TOL,,4.0383764,-74.984951,Finca Loma Paraiso,2024-09-29 07:25,25,1
L12800186,CO,CO-QUI,,4.695529,-75.644921,Finca Los 3 Monos,2026-06-29 22:40,203,108
L31062961,CO,CO-QUI,,4.5814283,-75.8347666,Finca Los Alpes,2026-05-09 14:55,161,206
L9320403,CO,CO-VAC,,4.8067046,-76.0643273,Finca Los Alpes,2019-07-05 06:00,67,4
L32248483,CO,CO-SAN,,7.191062,-72.9683002,Finca Los Alpes - Tona,2024-05-24 09:40,31,11
L9112000,CO,CO-HUI,,3.2986912,-74.655846,Finca Los Arrayanes,2019-07-07 06:00,107,9
L54948328,CO,CO-MET,,3.295264,-74.001036,Finca Los Cachicamos,2026-08-19 16:00,67,9
L7077923,CO,CO-CUN,,4.4802457,-74.6089959,Finca Los Cactos,2026-09-19 06:38,242,468
L8951825,CO,CO-CUN,,4.5108385,-74.604326,Finca Los Catos,2019-03-30 06:30,38,1
L24141106,CO,CO-TOL,,4.333133,-75.5171562,Finca Los Cerezos,2024-09-17 06:43,64,12
L28098882,CO,CO-ARA,,6.664782,-70.656574,Finca Los Claveles,2023-11-26 13:20,44,16
L51221865,CO,CO-CUN,,4.6794482,-74.3772919,Finca Los Colibríes,2026-08-02 12:55,43,9
L8083307,CO,CO-ANT,,6.035844,-75.38868,Finca Los Colibríes,2023-03-19 13:35,37,5
L8078549,CO,CO-CAS,,5.5661561,-71.6727879,Finca Los Deseos,2025-03-21 10:06,29,2
L12541754,CO,CO-CUN,,4.3466618,-74.4311253,Finca Los Gualandayes,2020-10-18 06:00,12,1
L40594425,CO,CO-CUN,,4.6114343,-74.3787409,Finca Los Gualandayes,2026-09-27 17:05,193,419
L14058059,CO,CO-CAQ,,1.4854813,-75.4316947,Finca Los Guayabales,2021-04-20 05:54,58,5
L13375029,CO,CO-CAL,,5.2414844,-75.7777609,"Finca Los Guayacanes, Anserma",2025-08-11 08:46,99,72
L5806881,CO,CO-RIS,,4.9215195,-75.5887753,Finca Los Laureles,2022-05-15 19:06,82,8
L7875445,CO,CO-GUV,,2.5337581,-72.6996148,Finca Los Micos,2025-06-28 13:23,39,6
L5842280,CO,CO-PUT,,-0.1050567,-74.6589661,Finca Los Peña,2018-05-05 04:00,258,21
L31543475,CO,CO-HUI,,3.319793,-74.709683,Finca Los Pinos,2024-05-08 00:00,1,0
L8146161,CO,CO-CAQ,,1.171762,-74.528511,Finca Los Pinos,2024-03-06 15:00,252,21
L7911753,CO,CO-HUI,,3.0313855,-75.4812807,Finca Los Planes,2023-05-05 12:50,116,10
L63305121,CO,CO-HUI,,1.660306,-76.244555,Finca Los Quetzales-- Vda.Santo Domingo/Villalobos-Cauca,2026-09-18 16:23,57,25
L3642753,CO,CO-PUT,,-0.0516701,-74.6721411,Finca Luis Marín,2015-02-16 12:30,55,1
L24331991,CO,CO-SAN,,6.6002817,-73.2481992,Finca Machamanga,2024-05-11 15:00,51,4
L33555997,CO,CO-ANT,,6.6742333,-74.7945367,"Finca Macondo, Yalí. Antioquia, CO (6.674, -74.795)",2026-09-03 18:16,58,11
L28481320,CO,CO-CUN,,5.040443,-74.351433,Finca Mamaqora Ecologíca
L12848169,CO,CO-TOL,,4.0148284,-75.6092048,Finca Mameyal,2020-10-16 06:30,35,2
L10318983,CO,CO-SAN,,7.1148148,-73.0963947,Finca Manantial,2026-07-12 09:12,85,52
L33562965,CO,CO-BOY,,6.3302809,-72.6649153,Finca Mangomacho,2026-07-22 07:16,49,24
L4618674,CO,CO-VAC,,3.454752,-76.664404,Finca Manzanares,2025-05-10 05:29,232,66
L3940729,CO,CO-NAR,,1.6833333,-78.75,Finca Maragrícola,2026-08-29 07:03,362,465
L5618984,CO,CO-HUI,,1.8445261,-76.0872906,Finca Marengo (CAM),2026-09-24 17:33,226,209
L72504909,CO,CO-TOL,,4.4224466,-75.2834635,Finca Mariposa Bonita,2019-12-12 09:00,42,4
L42215163,CO,CO-ANT,,6.6718183,-74.7855,Finca Marsella,2026-06-11 11:44,78,15
L76295792,CO,CO-SAN,,6.8678556,-73.3981377,Finca Mata De Fique. Sector La Germania
L11412514,CO,CO-HUI,,1.8837749,-76.2378085,Finca Mayú,2025-09-27 14:02,35,5
L57071168,CO,CO-BOL,,9.97742,-75.13032,Finca Media Luna,2026-08-20 06:40,163,56
L9924252,CO,CO-CUN,,4.9898028,-74.3661282,Finca Mesitas,2022-02-02 16:11,103,33
L1457190,CO,CO-CUN,,4.5736615,-74.4381523,Finca Mezon de Los Santos,2025-10-12 06:36,183,288
L12471254,CO,CO-CUN,,4.5645199,-74.4389343,Finca Mezón de los Santos,2026-06-15 08:30,140,94
L49801927,CO,CO-VAC,,3.7180843,-76.482454,Finca Mirador Los Ángeles,2026-05-19 09:00,111,22
L21627727,CO,CO-SAN,,5.8412892,-74.0233675,Finca Miraflores,2023-05-13 17:46,62,7
L5243388,CO,CO-ANT,,6.8007373,-75.313308,Finca Miraflores,2017-01-08 16:00,16,2
L5840286,CO,CO-HUI,,2.7624554,-75.1930952,Finca Miraflores,2024-12-07 07:53,77,11
L835522,CO,CO-VAC,,3.56039,-76.56641,Finca Miramanga--Casa Tángara (histórico),2024-01-16 15:45,158,210
L4638979,CO,CO-CAU,,1.0236667,-76.4676389,Finca Mirasol,2026-05-09 10:14,306,219
L11867915,CO,CO-VAC,,4.6503664,-75.8924966,Finca Miravalle,2026-05-09 06:59,112,62
L17453435,CO,CO-HUI,,2.171112,-75.554061,Finca Montawi,2026-09-21 22:10,178,143
L8834171,CO,CO-VAC,,3.5038889,-76.1938889,"Finca Monte Icaro, Birds & Coffee",2026-05-06 08:36,123,25
L3269630,CO,CO-VAC,,3.566922,-76.5835676,Finca Montebello,2026-04-11 10:02,127,21
L1324426,CO,CO-NAR,,1.3360812,-77.2791654,Finca Mónaco,2026-08-15 18:36,84,27
L4199642,CO,CO-CAU,,2.6644,-76.5488,Finca Nativa,2026-05-26 12:35,100,51
L4262686,CO,CO-BOL,,10.5468321,-75.3771329,Finca Natuzari,2026-07-06 10:19,200,43
L7351056,CO,CO-ANT,,5.993292,-75.1597881,Finca Nido de Pájaros,2026-02-14 07:28,152,12
L75848687,CO,CO-VID,,3.9832147,-67.9953231,Finca No Sé,2026-08-18 11:51,70,15
L7615473,CO,CO-SAN,,6.7603027,-73.0880895,Finca Oasis,2022-05-12 09:40,40,4
L7329019,CO,CO-MAG,,11.096906,-74.076296,Finca Palo Alto,2026-09-09 10:19,224,592
L4602923,CO,CO-TOL,,4.388472,-75.321972,Finca Paraiso de Cocora,2026-07-12 13:11,151,55
L22483394,CO,CO-CAQ,,1.4866685,-75.4385356,Finca Pekin,2023-02-05 15:51,16,1
L17368637,CO,CO-CUN,,4.2748302,-74.4291282,Finca Petra,2025-05-31 05:41,25,1
L11501513,CO,CO-TOL,,4.4981295,-75.3116096,Finca Peñas Blancas,2025-07-21 14:53,102,3
L26230462,CO,CO-SAN,,6.3085584,-73.5767973,Finca Peñitas,2026-09-21 06:41,155,29
L9203337,CO,CO-CUN,,4.977,-74.281,Finca Pietra Santa,2024-06-30 06:16,79,9
L3532961,CO,CO-VAC,,4.676368,-75.788106,Finca Pinzacuá,2026-02-23 12:00,78,6
L5835238,CO,CO-MAG,,10.83986,-74.03844,Finca Puerto Rico,2023-01-20 13:50,114,5
L29737012,CO,CO-CUN,,4.33597,-74.4962311,Finca Quininí Zimbabwe,2026-06-29 09:00,110,28
L40001208,CO,CO-SAN,,6.9083886,-73.4189727,Finca Rancho Al Cielo,2026-05-31 15:45,133,32
L29430919,CO,CO-TOL,,4.4110316,-75.2593848,Finca Rancho Toledo,2025-02-18 13:42,165,47
L8928191,CO,CO-HUI,,1.9336819,-76.2295379,Finca Recreativa El Manantial,2026-08-13 09:31,153,79
L12284089,CO,CO-VAC,,3.4200249,-76.6059591,Finca Refugio Alma,2026-01-02 07:00,108,7
L9989648,CO,CO-VAC,,3.5978444,-76.559,Finca Renaser,2019-09-29 06:41,27,1
L34784592,CO,CO-SUC,,9.7695493,-75.6313669,"Finca Rincón de Múcura, Rincón del Mar, San Onofre, Sucre",2026-08-31 08:00,98,6
L10452651,CO,CO-CUN,,4.660433,-74.46304,Finca Rincón del Paraiso,2025-04-15 05:25,19,2
L7368825,CO,CO-PUT,,0.5406395,-76.3131487,Finca Roberto Madariaga,2018-05-05 05:20,54,2
L3097502,CO,CO-CAL,,5.0850879,-75.6186953,Finca Romelia,2026-08-08 06:45,312,584
L5568698,CO,CO-VAC,,3.5599199,-76.5635285,Finca Ronda Gyrola (histórico),2021-03-07 05:55,175,540
L21917379,CO,CO-CUN,,4.885175,-74.4671774,Finca Rosshares,2026-08-07 09:11,54,15
L65682579,CO,CO-HUI,,1.9227523,-75.9431887,Finca Ruby Tupaz,2026-09-20 07:27,43,11
L18846908,CO,CO-HUI,,3.240903,-75.2299831,Finca Salsipuedes,2025-05-10 09:07,120,27
L18190580,CO,CO-TOL,,5.2620064,-74.7532505,Finca San Antonio,2026-06-23 09:26,99,9
L30312533,CO,CO-CUN,,4.452841,-73.442418,Finca San Antonio,2024-04-02 14:28,80,4
L6068321,CO,CO-ANT,,6.6822764,-74.3809064,Finca San Bartolo,2022-09-24 09:51,92,4
L11388353,CO,CO-TOL,,4.923959,-75.0719034,Finca San Carlos,2020-05-09 07:00,1,0
L7594721,CO,CO-PUT,,0.5465615,-76.2577772,Finca San Carlos,2025-05-10 13:59,178,21
L8137064,CO,CO-NSA,,7.6796532,-72.6525873,Finca San Carlos,2019-01-11 06:00,43,4
L6021967,CO,CO-CUN,,4.737037,-73.919981,Finca San Francisco,2018-01-13 12:43,38,3
L5994581,CO,CO-TOL,,5.2864772,-74.7764468,Finca San Francisco De Paula De La Roca,2026-02-11 06:20,102,5
L23661445,CO,CO-CUN,,4.6704167,-73.8722046,"Finca San Gabriel, Vereda El Manzano.",2026-05-20 11:22,91,66
L7375884,CO,CO-TOL,,4.8716924,-75.1251884,Finca San Isidro,2025-07-09 09:10,100,11
L16066870,CO,CO-CAQ,,1.489984,-75.6801071,Finca San Jorge,2026-05-02 11:58,219,89
L12846744,CO,CO-BOY,,5.1032991,-73.1410231,"Finca San Jorge, Vereda Morro Arriba",2026-05-13 16:16,28,11
L17426615,CO,CO-COR,,8.9497117,-75.7996775,Finca San José,2026-01-22 18:42,38,1
L22905488,CO,CO-VAC,,4.694193,-75.9163394,Finca San José - Corregimiento Zaragoza,2026-07-05 06:30,130,117
L57714752,CO,CO-COR,,8.9567388,-75.8357692,"Finca San José, Pelayito",2026-01-07 08:20,17,1
L14647065,CO,CO-CAL,,5.3321891,-74.9592607,Finca San Lorenzo,2019-10-25 14:30,7,0
L22325524,CO,CO-CUN,,4.953162,-74.464075,Finca San Miguel--Sasaima,2026-05-18 06:30,134,10
L5815639,CO,CO-VAC,,3.4775,-76.6255556,Finca San Rafael,2021-01-09 11:47,52,2
L10086092,CO,CO-CAQ,,1.542035,-75.519981,Finca San Vicente,2026-08-11 08:00,122,11
L8588211,CO,CO-SAN,,7.3232612,-73.205991,Finca Santa Ana,2018-12-29 08:51,15,1
L8783640,CO,CO-QUI,,4.5904617,-75.6836051,Finca Santa Anita,2026-05-13 14:00,82,12
L39720699,CO,CO-BOL,,9.9978236,-75.1171246,Finca Santa Catalina,2026-09-24 06:30,218,229
L4851181,CO,CO-MET,,4.0532737,-73.4284759,Finca Santa Helena,2026-04-08 07:57,97,3
L20932380,CO,CO-TOL,,3.8826966,-75.6727547,Finca Santa Inés,2022-09-18 08:00,45,3
L7367719,CO,CO-QUI,,4.5611319,-75.7850329,Finca Santa Inés,2026-08-25 08:11,133,272
L37161889,CO,CO-CUN,,4.3927283,-74.4894583,Finca Santa Luisa,2024-10-06 07:00,18,1
L9875181,CO,CO-CUN,,4.7975,-74.4608333,Finca Santa Martha,2019-09-01 08:00,43,4
L7360803,CO,CO-HUI,,3.2998278,-75.2675722,Finca Santa Rosa,2024-01-13 11:33,107,26
L8284872,CO,CO-TOL,,4.8794352,-74.794154,Finca Santaren,2017-11-12 06:31,33,1
L12632468,CO,CO-CAL,,5.591399,-74.9476445,Finca Santo Domingo,2026-04-13 09:54,58,4
L19174395,CO,CO-CUN,,4.3842409,-74.4765238,Finca Santo Domingo,2021-05-14 08:00,4,1
L7887524,CO,CO-HUI,,2.7620876,-75.2220572,Finca Santuario,2022-04-24 08:44,95,12
L4433795,CO,CO-CAU,,2.4387476,-76.5334535,Finca Shaia,2024-10-01 17:42,45,2
L6320521,CO,CO-TOL,,4.0338814,-75.6030393,Finca Siberia - Roncesvalles,2018-05-05 16:00,103,23
L4878572,CO,CO-MET,,2.3429805,-73.7710288,Finca Siete Machos,2021-09-19 11:00,60,10
L11288251,CO,CO-CUN,,4.2289444,-73.902793,"Finca Silverio Riaño, Guayabetal",2023-03-04 10:34,113,8
L22807550,CO,CO-CUN,,5.0500175,-74.5574283,Finca Suelo Nativo,2025-10-11 12:51,59,2
L30067652,CO,CO-TOL,,4.8790852,-75.2690023,Finca Tabuchia,2024-08-27 14:32,16,3
L3638295,CO,CO-PUT,,-0.1557825,-74.8104358,Finca Taita Pablo Nofuya (acceso restringido)
L8575906,CO,CO-CUN,,4.3401957,-74.4687116,Finca Temática Cafetera Las Mercedes,2026-05-09 09:00,153,156
L9076266,CO,CO-CUN,,4.5973613,-74.3478915,Finca Tenasuca Hospedaje Boutique,2026-09-26 09:06,121,60
L23975149,CO,CO-HUI,,2.3759497,-75.7929065,"Finca Tierra Blanca, Reserva La Miranda, Paicol, Huila, CO (2.376, -75.793)",2026-05-09 06:31,138,51
L22355287,CO,CO-VAC,,3.497295,-76.636691,Finca Tierra Linda,2023-02-13 08:01,63,5
L6167949,CO,CO-ANT,,6.0993988,-75.4678774,Finca Tierrdentro,2021-02-05 11:57,67,8
L56828124,CO,CO-TOL,,5.2215088,-74.7606416,Finca Tirolesa Guali,2026-01-04 07:18,61,1
L11413368,CO,CO-CUN,,4.2495867,-73.9173648,Finca Tres Esquinas La Palma (1800-1900)
L27578635,CO,CO-CUN,,5.4899896,-74.6140254,Finca Tribal Küyen - Bosques 3/2,2024-01-28 05:30,72,2
L13476152,CO,CO-CUN,,4.6085455,-74.3754941,Finca Tulipanes,2022-07-17 06:00,9,2
L37280391,CO,CO-HUI,,2.3817,-75.8225,Finca Turística San Benito,2025-10-11 16:30,23,1
L27943799,CO,CO-COR,,8.0429466,-76.0971567,Finca Tutti Frutti,2026-05-13 10:14,37,3
L7003726,CO,CO-PUT,,0.8391366,-76.637578,Finca Uberaba,2025-02-06 15:41,37,5
L4774641,CO,CO-MET,,2.3466896,-73.765313,Finca Valle Verde,2026-01-11 16:10,101,6
L12760674,CO,CO-TOL,,4.9133278,-75.0616944,Finca Villa Beatriz,2020-11-14 05:45,31,1
L6286027,CO,CO-VAC,,3.3323202,-76.6346169,Finca Villa Cielo,2026-01-03 06:45,178,111
L7851025,CO,CO-CAL,,5.507885,-74.951362,Finca Villa Diosa,2025-10-11 12:03,210,91
L13788617,CO,CO-CAL,,5.0896683,-75.5951367,Finca Villa Gloria,2021-08-01 07:46,77,10
L9058112,CO,CO-SAN,,6.9061371,-73.0333382,Finca Villa Isabel,2026-05-14 00:00,106,78
L21297357,CO,CO-CUN,,4.3785855,-74.4966337,Finca Villa Katherin,2025-03-11 18:12,61,3
L5831516,CO,CO-TOL,,3.9219175,-75.4648411,Finca Villa Laura,2026-02-19 06:20,287,167
L7371240,CO,CO-TOL,,3.9219175,-75.4648358,Finca Villa Laura - Coffee and Nature,2026-02-19 07:23,142,37
L9029796,CO,CO-VAC,,3.5038243,-76.1929082,"Finca Villa Marthica, Corregimiento La Buitrera",2019-04-11 05:58,61,1
L14871067,CO,CO-CUN,,4.585709,-73.317373,Finca Villa María,2021-05-08 15:00,7,1
L6741606,CO,CO-HUI,,1.888491,-76.0874569,"Finca Villa Nelly, Vda. La Paz",2025-01-03 00:47,139,40
L12244479,CO,CO-MET,,4.2818259,-73.5663328,Finca Villa Nice,2026-09-18 08:12,402,1383
L12846688,CO,CO-MET,,4.2516913,-73.4217493,Finca Villa Nice,2025-01-20 16:45,47,4
L2671689,CO,CO-MET,,4.0944444,-73.5105556,Finca Villa Oria,2022-03-02 06:08,177,3
L12952313,CO,CO-CUN,,4.3467616,-73.4526358,Finca Villa Oso,2026-05-09 08:54,130,21
L22339977,CO,CO-SAN,,7.0926985,-73.7485744,Finca Villa Trinidad,2023-08-27 11:40,22,1
L15063127,CO,CO-CAL,,4.9918749,-75.5714703,Finca Villa del Sol - Espeigueros,2025-12-01 15:10,54,5
L61950182,CO,CO-VAC,,3.4322575,-76.5914021,Finca Villaluz Ecolodge,2026-09-14 07:59,103,22
L56525150,CO,CO-MET,,3.9283125,-73.8006302,"Finca Vista Hermosa- Acacías, Meta",2026-01-04 07:24,74,8
L54339032,CO,CO-HUI,,2.3472624,-75.9055012,Finca Vista Hermosa—La Plata,2026-08-30 06:34,209,50
L11406146,CO,CO-CUN,,4.2332159,-73.8745962,Finca Vista Mahanaim,2024-10-12 13:50,80,32
L8218935,CO,CO-MAG,,11.084,-74.074,Finca Vista Nieves,2026-09-09 08:50,229,166
L16489292,CO,CO-ANT,,6.5876765,-75.1808602,Finca Zarzalito,2021-09-27 07:02,155,20
L51749477,CO,CO-VAC,,4.76321,-76.19467,Finca agroecológica El Zafiro,2025-08-18 09:22,38,8
L27455989,CO,CO-CAU,,2.4379192,-76.5579132,Finca agroturística el diviso,2026-05-09 18:02,125,128
L3960742,CO,CO-CAU,,3.0855601,-76.5944996,Finca de Arroz El Renacer,2022-09-07 11:49,34,3
L48518845,CO,CO-HUI,,2.7846186,-75.2330768,Finca de Cacao La Primavera,2026-09-21 05:56,55,32
L4663388,CO,CO-CAU,,1.07124,-76.469228,Finca de Don Jorge,2025-12-11 05:30,199,39
L9569342,CO,CO-TOL,,4.2532459,-75.0779193,Finca de Don Telésforo,2019-06-26 16:00,8,2
L24297401,CO,CO-SAN,,6.3140567,-73.5787917,Finca de Dumar Marquéz - vereda San Pablo viejo,2026-05-17 14:39,205,83
L37615855,CO,CO-CUN,,4.850301,-74.4135217,Finca de La Tribuna,2024-10-26 08:30,1,0
L5789647,CO,CO-SAN,,6.2289578,-73.1771421,Finca de Manolo Diaz,2017-05-13 06:15,7,2
L9686630,CO,CO-CUN,,4.9147397,-73.9031397,Finca ecológica Jardín Colibrí,2025-02-01 12:24,11,2
L11439618,CO,CO-CAL,,5.30477,-75.060101,"Finca el Bosque, Marquetalia",2020-07-29 06:11,36,4
L34347262,CO,CO-TOL,,3.7191339,-75.5155117,Finca el Encanto,2026-09-13 15:21,141,19
L10233635,CO,CO-BOY,,5.7843078,-73.5336388,Finca el Espejo (Acceso Restringido),2022-02-10 06:30,32,3
L21610834,CO,CO-BOY,,5.4293597,-72.7310016,Finca el Manantial,2026-02-14 07:55,71,20
L41478554,CO,CO-BOL,,10.2978129,-75.4351772,Finca el Manantial,2026-09-10 07:00,129,67
L8046607,CO,CO-TOL,,4.2844637,-75.0888865,"Finca el Mirador, San Luis, Tolima",2026-09-14 23:24,135,235
L9253105,CO,CO-CUN,,4.7514052,-74.4295253,Finca el Paraíso,2025-12-08 09:15,74,33
L630897,CO,CO-CAL,,5.0356441,-75.5704321,Finca el Placer (acceso privado),2026-08-21 06:21,231,634
L28689142,CO,CO-CAL,,5.5836658,-74.9319932,"Finca la Albania, Norcasia",2023-05-13 06:47,149,11
L17016919,CO,CO-MET,,3.9495848,-73.7138927,Finca la Bohemia,2026-05-09 14:43,61,26
L20701165,CO,CO-CAU,,2.4520803,-76.7481729,"Finca la Celia, El Tambo, Cauca, CO",2026-06-27 10:09,166,208
L36974115,CO,CO-CAU,,2.4520796,-76.7481715,"Finca la Celia--El Tambo, Cauca, CO",2026-04-02 07:15,126,46
L8674200,CO,CO-CUN,,5.0049539,-74.2745431,Finca la Eremita,2019-02-18 05:50,27,1
L11431938,CO,CO-BOY,,5.4109505,-72.7208242,"Finca la Esperanza, Vereda Corinto, Pajarito",2026-05-05 23:38,34,4
L10523148,CO,CO-CAL,,4.9417438,-75.5463332,"Finca la Eugenia, Corozal",2026-02-19 12:35,243,56
L2374790,CO,CO-MAG,,11.2544397,-73.6485605,Finca la Jorará,2026-06-11 06:26,179,245
L9853975,CO,CO-ANT,,6.73985,-74.7076782,Finca la Margarita (Yalí - Antioquia),2019-08-20 16:00,13,1
L11692428,CO,CO-CAL,,5.3250292,-74.9818272,"Finca la Primavera, Marquetalia",2022-12-17 10:07,87,8
L24343134,CO,CO-CAU,,1.7276574,-76.7260864,Finca la Victoria sendero,2025-05-10 12:10,126,21
L55463912,CO,CO-CAS,,4.6301342,-72.9725441,Finca la esperanza,2026-05-09 06:59,11,2
L58522835,CO,CO-CAQ,,1.3329544,-74.8586205,Finca recreacional Tayarú,2026-02-14 06:59,26,3
L47049597,CO,CO-QUI,,4.573664,-75.775444,Finca turística Machangara,2026-09-27 19:00,152,211
L7171772,CO,CO-VAC,,4.3868823,-75.9023416,Finca y Reserva Natural Privada Pativilca,2024-03-14 13:34,63,2
L6064273,CO,CO-CUN,,4.718213,-73.862636,Finca y Reserva Suasie,2026-09-15 05:53,230,551
L11037298,CO,CO-QUI,,4.3388277,-75.6980139,Flora del Río,2026-09-17 08:29,190,279
L9900807,CO,CO-CAQ,,1.59929,-75.60283,"Florencia, Barrio Yapurá",2026-02-15 13:16,42,84
L10269119,CO,CO-CAQ,,1.64106,-75.598713,"Florencia, Sendero Luminoso",2021-03-07 18:20,55,5
L10178410,CO,CO-CAQ,,1.619409,-75.604037,"Florencia, Universidad de la Amazonia sede Porvenir",2026-09-18 07:47,100,37
L38619959,CO,CO-SAN,,5.80329,-73.96211,Florían--Vereda Guaymaral,2026-08-23 05:35,73,25
L12704171,CO,CO-NSA,,7.346427,-72.651731,Fontibón (Nepo),2026-06-14 12:06,85,18
L34853327,CO,CO-DC,,4.6689278,-74.1304837,Fontibón--Barrio Capellanía,2026-08-25 11:45,29,27
L8693524,CO,CO-MET,,3.9693937,-73.8325166,Fresco Valle,2026-07-20 06:15,230,78
L7997397,CO,CO-VAC,,3.4398282,-76.5379554,Fundacion Clinica Infantil Club Noel,2024-07-22 16:14,35,5
L13722528,CO,CO-VAC,,3.5791088,-76.5991563,Fundación Agroambiental Monterrey,2024-10-22 16:24,152,39
L4649018,CO,CO-SAN,,7.1558043,-73.2810938,Fundación Granja El Puente,2022-08-21 06:09,131,10
L10033045,CO,CO-DC,,4.6041803,-74.0253694,Fundación Laboratorio Bosque de Niebla - LabNi,2025-10-11 10:46,38,1
L17201847,CO,CO-BOL,,10.44482,-75.2612883,Fundación Loros,2026-09-26 12:01,229,173
L5224245,CO,CO-AMA,,-3.8164686,-70.2502728,Fundación Maikuchiga,2026-09-27 10:14,251,102
L7227995,CO,CO-CAL,,4.9687057,-75.6467271,Fundación Manuel Mejía Sede Educativa,2026-05-15 10:12,101,12
L29435318,CO,CO-CAL,,5.0546008,-75.5403934,"Fundación Niños de los Andes - Bosque el Arenillo, Manizales",2026-05-09 08:32,103,15
L11040372,CO,CO-CUN,,4.9488949,-73.9567194,Fundación Parque Jaime Duque (RNSC Ecoparque Sabana),2026-09-13 06:36,192,796
L15411382,CO,CO-HUI,,1.8873773,-76.2644417,Fundación Viracocha,2026-01-19 06:37,204,169
L17882880,CO,CO-CUN,,5.4660887,-73.7788892,Fuquene--Vereda Punta de Cruz,2025-08-22 08:36,50,27
L17167710,CO,CO-CUN,,4.3347349,-74.3872036,Fusagasuga--Quintas del Pedregal,2025-01-06 06:00,10,14
L55549802,CO,CO-CUN,,4.3563898,-74.3447315,Fusagasuga--Vda. La Palma,2026-07-03 10:59,63,4
L28899350,CO,CO-CUN,,4.3438972,-74.3619812,Fusagasugá--Casco Urbano,2026-05-09 11:58,31,17
L22324160,CO,CO-CUN,,4.3461657,-74.376867,Fusagasugá--Parque Barrio San Jorge,2026-05-09 11:24,64,27
L17538172,CO,CO-CUN,,4.3553975,-74.3805313,Fusagasugá--Vereda Cucharal,2022-01-01 12:00,24,1
L31766969,CO,CO-CUN,,4.3091921,-74.352698,Fusagasugá--Vereda La Unión,2026-05-10 09:24,85,6
L8246476,CO,CO-CAL,,5.058758,-75.38932,Fábrica de Ríos--Hacienda La Unión,2026-08-01 05:51,123,53
L9799862,CO,CO-CUN,,4.4859946,-73.8873681,Fómeque--La Antena,2025-11-30 09:00,29,3
L14066978,CO,CO-CUN,,4.4654602,-73.8066228,Fómeque--San Vicente Paval,2026-05-23 11:04,72,13
L17542116,CO,CO-CUN,,5.4048239,-73.7958521,Fúquene - Casco Urbano,2026-06-13 11:25,5,5
L39660331,CO,CO-CUN,,4.7779986,-74.1401524,GCSFS,2026-09-09 11:24,30,0
L31790022,CO,CO-CUN,,4.6931646,-73.5205849,Gachalá--casco urbano,2026-08-22 05:58,71,28
L9670166,CO,CO-BOY,,5.7518676,-73.5493536,Gachantivá Parque Principal,2020-05-19 08:07,25,5
L7713333,CO,CO-BOY,,5.7248158,-73.5260109,Gachantivá--Jacamaki Reserva Natural Hostal,2019-07-28 06:00,47,6
L5840039,CO,CO-BOY,,5.78969,-73.520007,Gachantivá--Vereda Tres Llanos,2018-01-15 06:20,87,17
L62800097,CO,CO-CUN,,4.722588,-73.5559474,Gama Cundinamarca,2026-04-04 10:00,1,0
L45635866,CO,CO-CUN,,4.76037,-73.6155653,Gama--Alto de la Virgen,2024-06-09 08:00,8,1
L11388717,CO,CO-CUN,,4.7618366,-73.6115577,Gama--Casco Urbano,2026-07-02 17:08,34,8
L24304101,CO,CO-HUI,,1.8874771,-76.2766766,Gamcelat Camping,2026-08-27 16:52,59,8
L7645749,CO,CO-BOY,,5.0824425,-73.3220645,Garagoa - Quigua Arriba,2021-10-09 07:04,77,4
L10063418,CO,CO-VID,,5.528044,-67.6119695,Garcitas,2020-05-05 07:45,11,1
L17999858,CO,CO-HUI,,2.192598,-75.624967,Garzón--Casco Urbano,2026-05-09 05:51,82,32
L10143772,CO,CO-LAG,,11.232694,-73.4870761,"Gaviotas, Palomino",2026-09-08 09:26,313,631
L17509488,CO,CO-RIS,,4.7503235,-75.7766962,Gibraltar I,2026-05-11 07:38,46,4
L1037517,CO,CO-TOL,,4.2901287,-75.5420407,Giles Fuertesi Proaves Reserve,2026-09-27 09:20,336,2175
L21513951,CO,CO-CUN,,4.6666802,-74.1668173,Gimnasio Bilingüe Campestre Marie Curie,2025-11-05 16:09,33,4
L57875605,CO,CO-CUN,,4.298471,-74.790303,Girardot Resort,2025-12-29 06:30,38,1
L24411278,CO,CO-CUN,,4.318,-74.818,Girardot--Barrio Nuestra Señora del Carmen,2026-05-14 18:59,41,3
L2758695,CO,CO-ANT,,6.3944387,-75.4739285,Girardota--Vereda Portachuelos,2026-05-09 07:10,61,5
L14425462,CO,CO-SAN,,7.0664362,-73.1666395,Girón--Área General,2026-04-29 08:00,7,1
L18497989,CO,CO-CAL,,5.0445989,-75.4411715,Glamping El Color de mis Rêves (Sede Recinto),2026-03-07 16:32,75,7
L22585194,CO,CO-SAN,,6.8612051,-73.4087576,Glamping La Cordillera,2026-03-11 15:10,76,8
L3979907,CO,CO-CHO,,8.393699,-76.952073,Golfo de Urabá,2016-10-16 10:30,14,6
L2694741,CO,CO-CHO,,5.994697,-76.1662696,Gorrión de Andivia ProAves Reserve,2026-07-05 06:33,353,978
L19082678,CO,CO-CUN,,4.5270222,-74.3561493,Granada --Vda. El Hoyo,2026-01-25 13:46,81,7
L19086445,CO,CO-CUN,,4.5239142,-74.3445766,Granada --Vda. San José,2022-10-08 11:16,44,4
L16972042,CO,CO-CUN,,4.5196128,-74.3514776,Granada--Casco Urbano,2026-08-06 12:54,96,29
L17524842,CO,CO-CUN,,4.5420362,-74.3015149,Granada--Sabaneta,2026-07-27 10:02,40,6
L19101350,CO,CO-CUN,,4.5385863,-74.2984986,Granada--Vda. Carrizal,2023-04-07 08:00,56,5
L21666299,CO,CO-CUN,,4.525806,-74.2938515,Granada--Vda. Carrizal,2022-11-05 07:00,32,1
L19100690,CO,CO-CUN,,4.5325133,-74.361648,Granada--Vda. El Hoyo,2023-04-20 08:09,115,11
L21166146,CO,CO-CUN,,4.522287,-74.3456607,Granada--Vda. La Playita,2023-07-21 09:00,41,2
L17108977,CO,CO-CUN,,4.4984643,-74.3700883,Granada--Vda. San Raimundo,2021-11-05 07:00,17,1
L17114689,CO,CO-CUN,,4.505299,-74.379236,Granada--Vda. San Raimundo,2023-02-10 07:05,82,7
L26324093,CO,CO-CUN,,4.5070971,-74.3377272,Granada--Vda. Santa Helena,2023-07-08 12:00,42,1
L16991362,CO,CO-CUN,,4.5161097,-74.3636992,Granada--Vereda la 22,2023-08-19 07:00,87,8
L50095532,CO,CO-VAC,,3.2966522,-76.1348554,Granates Resguardo Kwex Yu Kiwe,2025-07-19 08:52,31,5
L17642849,CO,CO-RIS,,4.964773,-75.928732,Granja Agroecológica Ángeles,2023-05-13 14:52,103,20
L15859290,CO,CO-TOL,,3.314476,-74.9431515,Granja Agroturística Paloher,2025-04-17 20:21,73,3
L29544868,CO,CO-CAQ,,1.6676006,-75.2821874,Granja Copoazú,2026-07-12 16:43,136,116
L1208180,CO,CO-CUN,,4.6303131,-74.0091956,Granja Ecológica Acuamonte,2025-04-22 15:17,46,12
L71351043,CO,CO-CUN,,4.4117259,-74.3589213,Granja Ecológica San Francisco
L9851995,CO,CO-RIS,,4.7541488,-75.6184394,Granja Guadalupe,2024-08-12 07:30,51,2
L17886646,CO,CO-SAN,,6.9392393,-73.03767,Granja Hotel Villa Cristina,2026-08-30 06:56,56,4
L24281832,CO,CO-RIS,,4.8514004,-75.6471774,Granja Integral El Cielo,2026-05-09 17:40,91,19
L24337932,CO,CO-LAG,,11.48854,-72.92612,Granja La Pecosita,2026-05-09 07:34,91,11
L29285813,CO,CO-CUN,,4.2387394,-74.4173443,Granja La Tata,2026-09-25 23:03,44,0
L64046585,CO,CO-CAQ,,1.2951228,-74.8949139,Granja La Victoria,2026-04-26 10:23,22,1
L11369256,CO,CO-BOY,,5.4101175,-73.3329892,Granja Los Conejos Ramiriquí,2024-05-11 05:16,10,4
L23652563,CO,CO-SAN,,5.8011732,-73.7616858,Granja Los Pinos - Santander,2023-09-03 15:36,15,4
L5840033,CO,CO-CAL,,5.0747222,-75.6727778,Granja Montelindo de Universidad de Caldas,2026-05-09 07:01,161,43
L10028728,CO,CO-CAL,,5.0953043,-75.5391169,Granja San José,2019-10-14 08:00,51,2
L33918405,CO,CO-PUT,,0.8485811,-76.5895442,Granja Simbiotica,2024-06-22 06:10,10,2
L30568376,CO,CO-DC,,4.4201515,-74.1538122,Granja Terapéutica San Luis,2026-02-03 08:02,18,3
L8103861,CO,CO-MET,,2.1712217,-73.7965089,Granja Terranova,2026-05-09 06:53,64,4
L5084271,CO,CO-CAL,,5.0288889,-75.4305278,Granja Tesorito de La Universidad de Caldas,2026-06-10 06:38,77,9
L20541722,CO,CO-TOL,,3.7221917,-74.9189012,Granja integral la Ceiba,2022-12-10 12:15,90,37
L5084233,CO,CO-CAL,,5.1222778,-75.7220222,Granja la Cruz de la Universidad de Caldas,2023-12-25 08:50,50,3
L52881014,CO,CO-SAN,,6.8497794,-73.3935857,Granja los Recuerdos,2026-08-27 19:30,121,22
L54296530,CO,CO-SAN,,6.8636535,-73.4130244,GranjaVM FEDECACAO,2025-10-20 15:35,48,1
L11996766,CO,CO-HUI,,1.7254618,-76.1335638,Granjita La Euphonia,2026-04-20 14:44,65,14
L2237397,CO,CO-CUN,,4.8491435,-73.9009309,Gravilleras de Capilla de Siecha,2026-09-12 05:59,157,329
L465398,CO,CO-CUN,,4.8957705,-73.8771772,Gravilleras del Valle del Río Siecha,2026-01-18 09:17,80,30
L1402843,CO,CO-ANT,,5.93563,-75.85563,Grayish Piculet Quarry,2026-02-15 10:28,225,94
L52040397,CO,CO-CUN,,5.1465544,-74.6364462,Green Shield,2025-08-27 07:54,43,12
L26013703,CO,CO-CAQ,,2.3684132,-74.9301498,Guacamayas (poblado),2023-07-24 05:42,68,4
L19572648,CO,CO-CUN,,5.3853795,-73.6858218,Guachetá - Casco Urbano,2023-08-08 12:02,7,2
L14548290,CO,CO-CUN,,4.2463414,-74.4071425,Guadal del Colibri,2026-05-16 06:57,26,3
L28108367,CO,CO-CUN,,5.059111,-74.59363,Guaduas--Garcero,2026-03-10 14:45,78,52
L19122083,CO,CO-CUN,,5.049543,-74.59631,Guaduas--Mirador Finca Las Palmas,2024-10-25 21:17,19,17
L13470442,CO,CO-ANT,,5.920025,-75.4486797,Guaico,2026-05-15 12:43,95,20
L16611961,CO,CO-MET,,3.9832866,-73.8068159,Gualanday,2026-03-25 10:25,69,13
L8611427,CO,CO-RIS,,5.3564939,-76.2030374,Guarato--Quebrada Minas Calamar,2024-09-21 15:34,141,40
L9049517,CO,CO-CUN,,4.946874,-74.0416503,Guarderia Canina Agujeros en el Jardín,2019-04-14 15:00,11,1
L57085708,CO,CO-MET,,2.124806,-73.833411,Guarida del Tachurí,2026-06-09 11:43,18,10
L11964996,CO,CO-CAL,,5.300173,-75.027614,"Guarino San Roque, Marquetalia",2026-01-31 13:43,118,6
L50641989,CO,CO-RIS,,5.346012,-75.77619,Guatica Risaralda -  Sendero la cristalina,2026-03-05 20:23,33,2
L37346403,CO,CO-SAN,,5.935236,-73.6951716,"Guavatá, Santander",2026-04-04 10:14,84,6
L2237060,CO,CO-CUN,,4.2157583,-73.8139817,Guayabetal,2026-09-25 06:59,262,173
L66023546,CO,CO-CUN,,4.2031762,-73.8179468,Guayabetal--Vda. San Antonio,2026-05-09 06:19,1,1
L17170277,CO,CO-CUN,,4.23487,-73.81446,Guayabetal--Vda.Primavera,2026-04-04 07:23,40,17
L30085815,CO,CO-QUI,,4.445525,-75.675237,Guayacan Natural Preserve,2026-09-18 11:07,193,237
L25465777,CO,CO-CUN,,4.257926,-74.422699,Guayngasie--Eco-Posada
L25785018,CO,CO-CUN,,4.2539186,-74.4227066,Guayngasie--Tierra de Luz
L6585182,CO,CO-CUN,,4.6453556,-74.4910231,Gyrola Birding Hotel Boutique & Spa,2026-06-08 06:20,217,419
L13734682,CO,CO-BOY,,6.4654862,-72.4106776,Güicán casco urbano,2026-03-09 19:22,24,5
L54619321,CO,CO-SAN,,6.8291642,-73.7131137,H. Las Cabañas,2025-10-23 05:46,58,1
L24365682,CO,CO-VAC,,3.5123234,-76.5989302,"Habitats BSA - Alto Aguacatal, Elvira",2026-05-09 05:25,124,14
L11411857,CO,CO-CUN,,5.5794781,-74.5929427,Hacienda Aguas Claras,2025-02-10 13:28,47,4
L8925497,CO,CO-RIS,,5.0431413,-75.9506599,Hacienda Alto de Plumas,2019-06-20 06:30,112,17
L4902101,CO,CO-HUI,,1.900032,-76.280827,Hacienda Anacaona,2025-01-21 05:47,72,9
L35615497,CO,CO-MAG,,11.103461,-74.130306,Hacienda Andalucía,2024-11-01 08:10,94,12
L2572843,CO,CO-CAL,,5.0547493,-75.5708313,Hacienda Armonia,2026-02-20 10:29,61,7
L14103189,CO,CO-SAN,,6.2785639,-73.9279495,Hacienda Asturias,2024-11-26 09:52,158,36
L59769099,CO,CO-QUI,,4.4008008,-75.7804667,Hacienda Bambusa,2026-09-02 06:27,173,95
L27087663,CO,CO-SAN,,6.9556746,-73.0276078,Hacienda Bore,2023-09-20 06:17,91,16
L34486758,CO,CO-TOL,,4.024549,-75.6015587,Hacienda Buenos Aires,2026-07-31 05:44,55,6
L27839142,CO,CO-VAC,,3.3650688,-76.4850611,Hacienda Cachipay
L9185288,CO,CO-CAL,,4.9681659,-75.6532288,Hacienda Cafetera La Gaviota Posada Rural,2019-05-04 12:00,41,1
L53959523,CO,CO-CAL,,5.0812398,-75.5493117,Hacienda Cafetera Santa Barbara,2026-08-06 06:00,108,20
L14794546,CO,CO-CUN,,4.265739,-74.372474,Hacienda Cafeto,2025-06-01 10:02,41,2
L9976311,CO,CO-TOL,,4.4611178,-75.1261942,Hacienda Calucayma,2025-10-26 06:30,80,9
L25379660,CO,CO-TOL,,4.310307,-75.5370962,Hacienda Campo Pequeño,2026-09-27 05:54,136,68
L41308045,CO,CO-SAN,,7.1088988,-73.0775785,Hacienda Casablanca,2026-07-20 01:55,70,7
L50386175,CO,CO-RIS,,4.75097,-75.60109,Hacienda Catalunya,2026-09-14 08:45,98,11
L3946320,CO,CO-VAC,,3.3541911,-76.5256441,Hacienda Cañasgordas,2026-05-25 11:34,169,61
L7358654,CO,CO-CUN,,4.4462382,-74.4770908,Hacienda Ceilan,2026-05-23 11:54,109,20
L25523427,CO,CO-CAL,,5.1333362,-75.4999509,"Hacienda Charascal,Fogón De Palo",2026-08-07 12:12,250,87
L12527430,CO,CO-VAC,,3.8269137,-76.3869122,Hacienda Chiquique,2020-10-17 06:00,93,5
L22131235,CO,CO-CUN,,4.3430361,-74.3773609,Hacienda Coloma--Coffee Plantation,2026-05-09 06:46,40,5
L5821008,CO,CO-TOL,,4.1904402,-74.751395,Hacienda Curazao,2019-01-02 15:00,65,1
L16905266,CO,CO-TOL,,3.977346,-74.6267224,Hacienda DC,2021-11-12 06:00,113,4
L14380178,CO,CO-TOL,,4.9322842,-75.0276412,Hacienda El Aguador - El Líbano,2026-09-09 10:56,229,271
L22061199,CO,CO-CAL,,5.0246844,-75.3695476,Hacienda El Bosque,2026-09-25 06:18,360,5821
L4333125,CO,CO-BOL,,10.6366518,-75.272398,Hacienda El Ceibal,2026-01-10 07:04,129,12
L7358213,CO,CO-BOL,,10.6216256,-75.2420032,Hacienda El Ceibal,2026-06-25 12:46,230,157
L19053145,CO,CO-TOL,,4.4032031,-75.1373276,"Hacienda El Escobal, Tolima",2026-07-21 15:42,343,1569
L8179409,CO,CO-CAL,,4.9756538,-75.5822304,Hacienda El Jardin,2026-03-21 11:18,168,151
L8606179,CO,CO-VAC,,3.6411111,-76.1972222,Hacienda El Paraiso,2026-05-09 17:29,84,21
L5787865,CO,CO-TOL,,4.6075029,-74.8478043,Hacienda El Porvenir,2016-10-21 07:00,112,6
L21291127,CO,CO-TOL,,4.0298575,-74.8672367,Hacienda El Retorno,2026-05-09 05:10,115,14
L6067845,CO,CO-SAN,,6.8666819,-73.0524462,Hacienda El Roble,2026-08-24 06:33,194,128
L29254353,CO,CO-CAL,,5.027381,-75.581919,Hacienda El Rosario,2026-05-09 05:37,102,12
L17120627,CO,CO-VAC,,3.6606498,-76.3216705,Hacienda El Trejito,2026-09-16 08:52,140,140
L7372934,CO,CO-TOL,,5.1694958,-74.7650388,Hacienda El Triunfo,2026-07-08 07:03,261,81
L9838037,CO,CO-TOL,,4.3695977,-75.1403572,"Hacienda El Zorro, Ibagué",2026-02-27 13:14,77,4
L12200013,CO,CO-VAC,,4.0088278,-76.3379083,Hacienda Garzonero,2020-09-19 06:07,18,1
L7298937,CO,CO-VAC,,3.471882,-76.203312,Hacienda Guadalajara,2024-06-29 07:27,160,125
L8237375,CO,CO-MET,,4.30048,-72.38077,Hacienda Guadalupe,2021-02-07 14:49,85,6
L2014209,CO,CO-CAL,,4.9555106,-75.6085968,Hacienda Guayabal,2026-03-27 06:52,205,57
L3098148,CO,CO-RIS,,4.7957577,-75.7858458,Hacienda Hotel San Jose,2026-08-23 10:11,175,68
L8498070,CO,CO-CAL,,5.3881302,-75.3562546,Hacienda Italia,2026-01-24 11:29,44,9
L6209396,CO,CO-ANT,,5.9515401,-75.7296154,Hacienda La Amalia,2026-08-26 07:28,140,23
L36817607,CO,CO-CAS,,4.7064895,-72.704407,Hacienda La Cabaña,2026-06-04 10:48,179,55
L10109792,CO,CO-TOL,,4.454517,-75.1102852,Hacienda La Ceibita,2026-06-24 17:36,106,23
L20423365,CO,CO-SAN,,6.456568,-73.199918,Hacienda La Chapola,2025-02-26 08:36,110,36
L6473127,CO,CO-MAG,,9.91731,-74.06911,Hacienda La Esperanza,2025-12-26 17:04,66,4
L66425365,CO,CO-CUN,,5.39554,-74.4083584,Hacienda La Fortuna,2026-05-16 13:48,51,3
L39215893,CO,CO-CUN,,4.8191939,-74.5151997,Hacienda La Grallaria,2026-09-09 09:01,216,166
L5754658,CO,CO-TOL,,4.5628105,-74.9421725,Hacienda La Guaira,2022-10-13 06:07,143,24
L5069205,CO,CO-CUN,,4.6972105,-73.3704865,Hacienda La Leona Birdwatching,2026-09-27 08:41,401,988
L11120623,CO,CO-COR,,8.5259682,-76.0967096,"Hacienda La Palmera. Vereda Pereira, Montería",2025-12-17 07:06,211,62
L16606308,CO,CO-VAC,,4.4784814,-75.8724237,Hacienda La Raquelita,2026-07-12 10:19,91,9
L6961310,CO,CO-ANT,,6.277996,-74.531138,Hacienda La Suiza,2026-05-09 16:31,137,8
L9972364,CO,CO-VAC,,4.5171309,-75.8710852,Hacienda La Tatabrera - Via a Riveralta,2025-01-19 12:04,46,2
L6473379,CO,CO-MAG,,9.90947,-74.0837,Hacienda La Tranquiliad,2017-10-03 07:00,61,3
L6142708,CO,CO-MAG,,11.1229283,-74.0948761,Hacienda La Victoria,2026-09-18 16:02,334,607
L12207285,CO,CO-VAC,,4.7053904,-75.9220076,Hacienda La Vitrina,2024-06-06 15:44,107,51
L11370028,CO,CO-TOL,,4.3864902,-75.1312188,Hacienda Las  Victorias,2026-06-02 09:14,27,3
L7906087,CO,CO-TOL,,4.5317083,-75.446769,Hacienda Las Cruces,2026-08-02 15:57,138,42
L5816719,CO,CO-VAC,,4.8536035,-75.9439945,Hacienda Las Galias,2017-05-13 08:30,103,2
L8227172,CO,CO-RIS,,4.737398,-75.583908,Hacienda Lisbran,2026-07-08 13:16,279,701
L4957933,CO,CO-CAL,,5.6710142,-74.7393894,Hacienda Los Ingleses,2026-08-15 14:08,157,16
L839691,CO,CO-VAC,,3.57902,-76.5707588,Hacienda Los Morales (aceso restringido),2018-03-18 15:20,146,13
L14287295,CO,CO-CUN,,4.0835551,-74.4963096,Hacienda Los Rosales (El Silencio),2023-10-30 06:14,68,5
L29912251,CO,CO-TOL,,4.5226635,-75.4282771,Hacienda Marabeles,2024-03-15 06:27,25,0
L7307916,CO,CO-ANT,,6.2318162,-75.8345246,Hacienda Miraderos,2017-03-17 06:00,84,1
L68134292,CO,CO-RIS,,4.7844329,-75.7703839,Hacienda Monaco,2026-05-28 21:32,57,2
L52280260,CO,CO-CUN,,4.9044279,-74.1898496,Hacienda Montecano,2025-08-30 15:00,7,1
L14965256,CO,CO-SAN,,6.4920455,-73.2217456,Hacienda Morros,2026-04-18 07:10,226,644
L11828141,CO,CO-ANT,,5.9009751,-74.7243764,Hacienda Nápoles,2026-09-10 17:32,286,180
L13848703,CO,CO-RIS,,4.8877327,-75.5529413,Hacienda Pinares,2025-07-03 12:04,84,2
L5436838,CO,CO-CAL,,4.9586958,-75.5754943,Hacienda Pinares,2025-07-06 11:41,105,10
L31729939,CO,CO-COR,,8.418515,-76.0426067,Hacienda Pino--Sendero de Pibote,2024-03-03 14:16,87,2
L15858372,CO,CO-CAU,,2.4486475,-76.5322208,Hacienda Pisoje,2026-08-16 10:11,165,131
L25610661,CO,CO-RIS,,4.8054651,-75.6314402,Hacienda Portugal,2023-06-18 08:09,33,1
L40992507,CO,CO-VAC,,3.4226416,-76.3504717,Hacienda Provenza,2025-10-09 06:21,79,6
L25890646,CO,CO-CAL,,5.6620832,-74.7855196,Hacienda Remolinos - La Plata (Birder Point),2023-11-15 05:40,151,9
L20425127,CO,CO-ANT,,7.5310759,-75.3678746,Hacienda Río Rayo,2026-02-22 05:06,319,645
L39946832,CO,CO-BOL,,10.561781,-75.4325183,Hacienda San Benito,2026-06-16 06:16,133,27
L28873416,CO,CO-RIS,,4.8010676,-75.858537,Hacienda San Isidro,2026-08-01 11:03,93,20
L11619757,CO,CO-VAC,,4.8632972,-75.9132785,Hacienda San Luis,2025-01-16 13:00,32,2
L20297654,CO,CO-RIS,,4.865293,-75.605013,Hacienda Santa Clara,2026-03-29 07:54,102,45
L18142930,CO,CO-HUI,,2.6480061,-75.1783602,Hacienda Tamalá.,2022-05-14 15:39,73,11
L7368343,CO,CO-TOL,,4.9166024,-75.0760925,Hacienda Tejos,2024-04-24 10:00,138,23
L9192836,CO,CO-TOL,,4.9228374,-75.0707256,Hacienda Tejos,2026-06-06 08:11,70,5
L5097618,CO,CO-CAL,,4.91265,-75.447883,Hacienda Termales La Quinta,2025-09-29 06:08,170,27
L6072198,CO,CO-VAC,,3.4842645,-76.7265701,Hacienda Tokio--Antigua Antena Telecom,2026-07-02 06:34,215,33
L21936963,CO,CO-CUN,,4.4844776,-74.646161,Hacienda Vacacional La Regadera,2026-04-02 08:28,13,1
L3870794,CO,CO-ANT,,6.6871132,-75.2121878,Hacienda Vegas de la Clara,2018-01-21 08:00,195,10
L7828681,CO,CO-CAL,,5.0366425,-75.5637,Hacienda Venecia,2026-09-23 11:17,346,2157
L3107319,CO,CO-CAU,,3.0975477,-76.4941025,Hacienda Venecia (Ingenio de Occidente),2025-01-29 15:48,88,22
L37371901,CO,CO-CAL,,5.0414213,-75.5583375,Hacienda Venecia - Ruta Guacas,2026-07-09 16:20,34,5
L37371976,CO,CO-CAL,,5.0323067,-75.5677612,Hacienda Venecia -El Rosario,2026-02-16 08:11,113,20
L4625032,CO,CO-CAU,,2.0751468,-77.0838976,Hacienda Versalles,2025-10-18 09:18,186,178
L7359736,CO,CO-CAU,,2.4618239,-76.5821113,Hacienda Yambitará,2025-11-02 21:28,136,84
L19858761,CO,CO-QUI,,4.474872,-75.761685,Hacienda el Cabrero,2026-09-18 08:19,37,4
L21159488,CO,CO-CUN,,4.8375286,-74.0934652,Hacienda el Noviciado UniAndes,2026-08-18 10:40,43,16
L22679823,CO,CO-SAN,,6.8922668,-73.4296069,Hacienda el plan,2023-10-12 07:20,8,3
L3491029,CO,CO-CUN,,4.3172222,-74.5336111,Hacienda la Fragua,2025-06-21 18:23,176,15
L12082014,CO,CO-CUN,,4.4943283,-73.9780712,Hacienda la Josefina,2019-03-01 00:00,37,1
L29701322,CO,CO-MAG,,11.1186542,-74.0922689,Hacienda la Victoria--Masaya casa Vieja,2026-07-29 09:11,205,75
L15858342,CO,CO-CAU,,2.4477633,-76.5326888,Hacienda_Pisoje,2025-11-16 10:33,104,18
L465416,CO,CO-CAU,,3.129,-76.4993333,Haciendas Ganaderas del Norte del Cauca,2025-07-21 16:32,149,25
L16956037,CO,CO-CUN,,4.6055557,-74.4432871,Haciendas La Marías,2026-09-03 14:25,33,4
L10712265,CO,CO-VAC,,3.214504,-76.595044,Haciendas de Potrerito,2026-03-28 09:56,124,108
L10027576,CO,CO-TOL,,4.3727265,-75.2186555,Hada Verde,2025-10-24 10:34,70,2
L27831387,CO,CO-SAP,,12.550078,-81.688875,Haines Cay,2026-04-29 11:15,53,20
L13820102,CO,CO-MET,,4.1875029,-73.655522,Halcón Colorado ProAves Reserve,2026-02-13 12:15,274,663
L10047928,CO,CO-MET,,2.5764794,-72.6461636,Happy Life Home,2026-09-13 08:30,330,1388
L20463071,CO,CO-MET,,3.0789299,-73.8872456,Harpy Eagle Reserve,2026-09-18 06:30,372,488
L7064023,CO,CO-CAS,,5.2434438,-71.7741537,Hato Altamira,2026-07-28 06:05,299,90
L5001436,CO,CO-CAS,,4.9318239,-71.9214392,Hato Banco Largo,2023-11-19 07:18,108,9
L11173826,CO,CO-CAS,,4.807375,-72.576322,Hato Barley,2026-08-21 07:44,324,481
L6939036,CO,CO-MET,,3.4119444,-72.4652778,Hato Civira de Los Mojos,2025-05-10 08:10,126,37
L24958603,CO,CO-CAS,,5.2269483,-71.374152,Hato El Tigre,2023-06-04 09:30,1,1
L2147708,CO,CO-CAS,,6.0139632,-71.2991337,Hato La Aurora--Ecolodge Juan Solito,2026-05-09 05:15,396,1612
L6253672,CO,CO-CAS,,5.250602,-71.781385,Hato Mata de Palma,2026-03-07 06:01,318,136
L9095594,CO,CO-CAS,,5.20953,-71.763171,Hato Montana,2026-07-24 15:29,226,75
L6670718,CO,CO-CAS,,5.86683,-71.23021,Hato Sinai,2026-02-20 10:38,226,223
L32087789,CO,CO-TOL,,5.1963274,-74.7422403,Hda Quinta Brasilia,2026-03-29 16:10,161,25
L15111711,CO,CO-TOL,,5.0606497,-75.2204309,Herveo Km 5 Vía A La Veinte,2026-09-26 10:06,104,108
L68229627,CO,CO-CUN,,4.94721,-74.0263456,Hide ArcaAves,2026-09-13 11:43,73,69
L16369081,CO,CO-TOL,,3.7120913,-74.8726578,Hidroprado - Cascada del Amor,2026-08-18 16:12,79,8
L22433685,CO,CO-TOL,,3.8079713,-74.8481594,Hidroprado - Tres Casitas,2025-03-11 09:55,30,2
L30508467,CO,CO-CUN,,4.6701251,-73.95509,Hobu Montaña,2024-04-10 07:32,12,2
L19376748,CO,CO-PUT,,0.5167346,-76.5161059,Hojarasca center,2026-09-20 17:01,244,273
L26177450,CO,CO-CAL,,5.5131547,-75.6468917,"Hojas Anchas, Caldas",2023-07-06 09:45,28,1
L9460887,CO,CO-ANT,,5.533347,-75.654265,"Hojas Anchas, Caldas",2026-01-21 09:48,11,2
L13325884,CO,CO-TOL,,5.2039707,-74.7370237,Honda (Casco Urbano),2026-08-16 14:16,227,147
L11366879,CO,CO-CUN,,4.5216236,-74.4587231,Honduras,2020-05-08 12:00,1,0
L7572201,CO,CO-CUN,,5.1475635,-74.155044,Horno La Ferreria,2025-07-05 10:00,44,25
L38775379,CO,CO-AMA,,-4.185779,-69.9467229,Hospedaje Casa Guama,2025-12-24 07:51,53,1
L9710739,CO,CO-RIS,,4.8885429,-75.5614198,Hospedaje Familiar Villa Libia,2026-09-20 13:04,56,10
L11412538,CO,CO-CUN,,4.571807,-73.8939372,Hospedaje La Quinta,2026-04-18 17:25,43,3
L11423958,CO,CO-CUN,,4.9636446,-74.6438706,Hospedaje Monte Abi,2021-10-09 20:25,129,45
L13842321,CO,CO-HUI,,1.8454262,-76.0500825,Hospital Departamental San Antonio de Pitalito,2026-03-12 08:12,82,8
L4667367,CO,CO-CAQ,,1.618866,-75.611194,Hospital María Inmaculada,2024-11-01 08:40,25,4
L10062381,CO,CO-TOL,,4.5072274,-75.2965379,Hostal Finca la Esmeralda,2026-09-26 16:14,89,15
L4762815,CO,CO-CAU,,2.3820592,-76.4564753,Hostal Jardín del Cóndor,2026-04-15 16:34,68,29
L5251533,CO,CO-CAL,,4.9317317,-75.4674154,Hostal La Laguna,2026-08-22 14:02,195,63
L11336894,CO,CO-BOY,,6.392946,-72.4065542,Hostal Mirador Cañaveral,2020-01-23 07:00,25,2
L6481401,CO,CO-PUT,,1.1015053,-76.6310421,Hostal Portal Fin del Mundo,2026-01-12 08:31,100,23
L54819485,CO,CO-RIS,,5.316539,-75.8027619,Hostal Rincón de las Abuela,2025-11-01 07:22,25,3
L24353441,CO,CO-LAG,,11.1995701,-73.346006,Hostal Sierra Mamey,2025-07-07 18:11,77,1
L1913636,CO,CO-MAG,,11.1441295,-74.1114306,Hostel Sans Souci,2026-01-23 12:21,149,61
L4297936,CO,CO-CAU,,3.0194511,-76.4676011,Hosteria Los Mangos,2026-01-03 08:55,172,59
L21462828,CO,CO-SAN,,5.8690067,-73.670645,Hotel Aguablanca,2025-10-26 09:58,94,20
L10077597,CO,CO-RIS,,4.8431839,-75.8583641,Hotel Alto de las Aves,2025-12-04 09:00,34,2
L13424802,CO,CO-HUI,,2.0295052,-75.8680496,Hotel Atrio,2021-01-23 08:16,101,7
L8812868,CO,CO-QUI,,4.6047936,-75.6419802,Hotel BIO Hábitat,2026-09-25 08:39,213,135
L36697880,CO,CO-CUN,,4.2940402,-74.782463,Hotel Bosques de Athan,2026-08-10 09:32,113,64
L8055379,CO,CO-MET,,4.0881555,-73.5455636,Hotel Brizantha,2026-05-09 17:37,117,13
L38509282,CO,CO-HUI,,1.8552261,-76.2295876,Hotel Campestre El Triunfo,2025-05-10 14:53,85,6
L28871691,CO,CO-CUN,,5.1237509,-74.4404304,Hotel Campestre La Gaitana,2024-01-10 06:00,24,1
L7369249,CO,CO-CAS,,5.2804829,-72.4653749,Hotel Campestre La Gaitana,2026-05-10 06:30,37,2
L4795925,CO,CO-MET,,3.794143,-73.8469729,Hotel Campestre La Marquesa,2024-07-03 03:25,75,12
L8476734,CO,CO-CAL,,5.4552171,-75.6485435,Hotel Campestre La Viña,2019-01-21 07:00,1,1
L8476736,CO,CO-CAL,,5.4541916,-75.6487118,"Hotel Campestre La Viña, Supía, Caldas",2025-11-17 05:54,4,2
L2331935,CO,CO-ANT,,5.933604,-74.8114443,Hotel Campestre Los Colores,2026-09-19 06:33,357,571
L9557396,CO,CO-TOL,,5.1980581,-74.8758377,Hotel Campestre Los Lagos - Mariquita,2026-05-23 08:16,66,7
L37904986,CO,CO-CUN,,5.0229316,-74.3317795,Hotel Campestre Mi Cabaña,2026-08-27 17:00,64,13
L6078374,CO,CO-CAS,,5.279063,-72.3924243,Hotel Campestre Villa Lisseth,2024-04-06 11:30,120,35
L3711061,CO,CO-CAQ,,1.6860829,-75.6239042,Hotel Campestre Villa Paz,2022-12-27 06:00,80,5
L8309437,CO,CO-MET,,3.5356734,-73.7014389,Hotel Campestre del Ariari,2025-10-19 08:41,27,5
L19977076,CO,CO-CUN,,4.7636313,-74.4768907,Hotel Campolaima,2022-07-04 07:46,28,1
L15576743,CO,CO-CUN,,4.2198543,-74.4489813,Hotel Casa Portones,2026-08-23 06:55,195,65
L41946078,CO,CO-MAG,,11.141511,-74.1190226,"Hotel Casa de Hadas, Minca",2026-08-14 09:26,99,26
L36345710,CO,CO-HUI,,1.8785829,-76.2809086,Hotel Casa de Nelly,2026-08-28 17:41,78,16
L11400664,CO,CO-CUN,,4.2897526,-74.465847,Hotel Chinauta Real,2025-12-05 09:32,28,2
L22449142,CO,CO-NSA,,7.5943543,-72.6045734,Hotel Colonial,2026-05-07 10:35,33,3
L5835222,CO,CO-MAG,,11.144302,-74.1079357,Hotel Colonial Minca,2026-09-11 07:07,201,157
L8013692,CO,CO-MET,,4.0952273,-73.3565652,Hotel El Alcaraván,2026-09-08 11:18,245,649
L35861534,CO,CO-VAC,,4.6621644,-75.7923682,Hotel El Cielo en la Tierra,2024-08-18 08:45,49,2
L10778148,CO,CO-VAC,,4.6824773,-75.9217734,"Hotel El Danubio, Zaragoza",2026-01-24 10:06,90,28
L36415770,CO,CO-MET,,2.1853791,-73.7926286,Hotel El Refugio,2026-09-24 06:14,126,32
L5371739,CO,CO-ANT,,6.44904,-75.732999,Hotel El Tesoro,2026-08-13 05:59,123,25
L10327472,CO,CO-GUA,,3.862602,-67.916236,Hotel Fuente del Guainia,2026-04-11 05:33,201,255
L1230528,CO,CO-VAC,,3.8943041,-76.3021114,Hotel Guadalajara,2026-09-15 06:00,92,299
L57270035,CO,CO-DC,,4.6734819,-74.1175876,Hotel HILTON GARDEN INN y alrededores,2026-09-24 15:18,19,19
L6468428,CO,CO-QUI,,4.4915815,-75.686401,Hotel Hacienda Combia,2026-09-10 06:00,205,102
L7334898,CO,CO-ANT,,8.4698016,-76.6838917,Hotel Hacienda El Rosario,2022-05-14 07:00,110,13
L12536950,CO,CO-SAN,,6.283289,-73.150232,Hotel Hacienda del Pienta,2024-05-26 10:49,92,47
L6512828,CO,CO-TOL,,4.5487009,-75.3181102,Hotel Iguaima,2026-07-11 15:07,201,213
L32995290,CO,CO-MAG,,11.1477851,-74.2243094,Hotel Irotama,2026-09-23 14:13,120,57
L6814973,CO,CO-MET,,4.1112718,-72.8274143,Hotel Lagos de Menegua,2025-05-10 08:02,355,226
L27564640,CO,CO-QUI,,4.5226503,-75.7851291,Hotel Las Camelias,2026-07-12 06:58,45,10
L65583722,CO,CO-CUN,,5.015,-74.375,Hotel Las Palmeras--Villeta,2026-05-09 08:00,10,1
L6092308,CO,CO-MET,,3.792489,-73.8591796,Hotel Los Colores,2026-05-09 16:01,19,9
L21453948,CO,CO-VAC,,3.8325442,-77.26199,Hotel Magüipi.,2026-07-18 11:28,26,4
L19104993,CO,CO-AMA,,-4.2146007,-69.9366903,Hotel Malokamazonas,2026-08-29 17:21,85,114
L7359956,CO,CO-ANT,,6.266755,-75.0969601,Hotel Manantiales del Campo,2026-08-25 05:40,247,128
L22556794,CO,CO-HUI,,1.9198681,-76.2833705,Hotel Masaya,2023-02-10 06:30,7,0
L2768764,CO,CO-MAG,,11.1431489,-74.1187831,Hotel Minca,2026-08-31 11:36,340,2033
L6208722,CO,CO-HUI,,1.901863,-76.289951,Hotel Monasterio,2025-02-16 05:58,69,15
L26740227,CO,CO-VAC,,3.9416618,-77.3671999,Hotel Palma Real,2024-12-28 09:28,25,6
L15930610,CO,CO-HUI,,2.176214,-75.6466683,Hotel Parque La Casona,2026-06-28 16:36,158,53
L8802820,CO,CO-BOL,,10.2204699,-75.5803492,Hotel Playa Manglares,2026-09-24 16:32,119,107
L12601673,CO,CO-CUN,,5.0756409,-73.5774136,Hotel Rocas del Paraiso,2025-10-11 16:29,24,1
L9850563,CO,CO-SAP,,12.5392375,-81.7109549,Hotel Sol Caribe Campo,2026-01-08 07:39,7,6
L4057071,CO,CO-CAL,,4.9700471,-75.3780127,Hotel Termales del Ruíz,2026-09-25 11:34,301,7174
L39090103,CO,CO-SAN,,6.2152631,-73.4033382,Hotel Terrazas de Guadalupe,2025-01-02 06:06,48,7
L28103589,CO,CO-HUI,,1.905,-76.303,Hotel TierrActiva. Finca Orgánica,2025-05-10 06:36,70,22
L3218682,CO,CO-CAL,,5.0646858,-75.5921951,Hotel Tinamú Birding Nature Reserve,2026-09-24 08:16,446,7314
L18182175,CO,CO-LAG,,11.1715873,-72.584555,Hotel Waya Guajira,2026-09-27 06:09,57,13
L30733476,CO,CO-CUN,,4.959273,-74.0109229,Hotel Xue Sabana,2025-06-28 08:23,7,2
L9543376,CO,CO-TOL,,4.1914914,-74.5821216,Hotel campestre Ecoparque Kualamelgar,2025-06-17 06:34,11,2
L9281894,CO,CO-VAC,,4.6583629,-75.7316612,Hotel de la Guadua,2024-12-13 06:20,112,27
L8015005,CO,CO-MET,,4.0859586,-73.5618081,Hotel y Cabañas Villa Paula,2026-07-26 13:44,122,51
L66020104,CO,CO-CUN,,4.2043074,-73.8182545,Hoya Negra San Antonio,2026-05-09 05:39,1,1
L24341180,CO,CO-CUN,,4.0891888,-74.4692802,Hoyerías-Sagrado Corazón,2025-09-19 16:44,25,2
L24340047,CO,CO-CUN,,4.082461,-74.4646538,Hoyerías-Sagrado corazón,2025-08-04 10:16,67,6
L62738928,CO,CO-SAN,,6.4888574,-73.0390543,Hoyo de los Pájaros,2026-04-13 14:20,21,1
L19050988,CO,CO-PUT,,1.1011982,-76.6255646,HuacaHuaca Hostel,2026-08-26 08:28,129,39
L55488459,CO,CO-PUT,,0.8818724,-76.708715,Huella En Piedra,2025-11-26 08:16,51,9
L40651810,CO,CO-PUT,,0.8625497,-76.779086,Huellas en la Selva,2026-08-17 07:43,175,110
L8698241,CO,CO-DC,,4.7310449,-74.026692,Huerta de Hernán,2021-07-14 15:15,20,29
L19076546,CO,CO-CUN,,4.96957,-74.4199967,Huitaca Agroecoturismo,2022-05-15 11:11,49,1
L17417101,CO,CO-CUN,,4.9695012,-74.4199764,Huitaca agroturismo,2023-03-05 10:10,84,28
L18179225,CO,CO-TOL,,3.9293253,-75.4822573,Humedal - La Laguna,2025-06-29 17:54,49,9
L52594066,CO,CO-CUN,,4.8876799,-74.0165601,Humedal 03,2026-09-12 08:16,57,24
L25009688,CO,CO-HUI,,2.32167,-75.4656367,Humedal Alto Corozal,2025-09-17 08:08,18,1
L8075450,CO,CO-ANT,,6.1473514,-75.4068216,Humedal Amalita,2026-09-27 12:30,230,1307
L21212867,CO,CO-CUN,,4.704878,-73.951386,Humedal Antiguo sector Botaderos,2025-11-28 16:37,30,3
L20371759,CO,CO-ANT,,6.1982442,-75.3155999,Humedal Barbacoas - Marinilla,2026-03-02 16:10,93,37
L6797826,CO,CO-PUT,,0.4947745,-76.4897781,Humedal Barrio Las Colinas,2026-07-08 12:43,131,42
L11660481,CO,CO-CUN,,5.0408837,-74.3248751,Humedal Cacahual,2026-01-16 10:38,98,15
L30382962,CO,CO-VAC,,3.3563664,-76.5000332,Humedal Cachipay,2026-07-13 07:42,109,17
L12241686,CO,CO-CUN,,5.0389564,-74.3328312,Humedal Cajagual,2025-02-21 14:38,32,2
L2417227,CO,CO-DC,,4.674937,-74.1309303,Humedal Capellanía,2026-09-26 09:34,172,1123
L4969268,CO,CO-VAC,,3.350623,-76.536892,Humedal Cañasgordas ,2026-05-05 15:05,105,25
L55287104,CO,CO-DC,,4.6189819,-74.2142176,Humedal Chiguasuque--La Isla,2026-07-29 08:14,30,13
L68162834,CO,CO-CUN,,4.728802,-74.3463848,Humedal Chilcal y camino real,2026-06-15 15:00,40,1
L7716542,CO,CO-VAC,,3.8356561,-76.3842916,Humedal Chiquique,2026-07-11 06:00,154,94
L18136151,CO,CO-VAC,,3.2682822,-76.4792778,"Humedal Colindres, Bocas del Palo, Jamundí",2026-07-10 11:28,106,18
L4137489,CO,CO-VAC,,3.2554027,-76.5544709,Humedal Condado Del Sur,2026-09-11 08:45,89,31
L9343143,CO,CO-DC,,4.7102496,-74.0645283,Humedal Cordoba--Sector 1 RAMSAR,2026-09-16 08:51,58,11
L9680392,CO,CO-MET,,4.1468719,-73.6030025,Humedal Coroncoro,2026-05-09 07:19,90,25
L14843739,CO,CO-AMA,,-4.207104,-69.9425075,Humedal Cuadra Mocha,2026-09-25 17:36,126,223
L759867,CO,CO-DC,,4.7029288,-74.0757834,Humedal Córdoba Sector 3 / RAMSAR,2026-09-25 06:10,225,1231
L9172342,CO,CO-DC,,4.7030491,-74.0670449,Humedal Córdoba--Sector 2/ RAMSAR,2026-09-27 07:29,147,405
L9784805,CO,CO-VAC,,4.7923834,-75.9239333,Humedal El Badeal,2026-07-19 06:19,162,219
L4784213,CO,CO-DC,,4.642626,-74.150602,Humedal El Burro,2026-09-21 07:00,143,695
L21454761,CO,CO-CUN,,4.5426719,-74.276011,Humedal El Charquito,2026-05-09 05:30,77,14
L15716285,CO,CO-VAC,,3.9672522,-76.3060724,Humedal El Conchal,2026-08-17 10:13,109,25
L45878146,CO,CO-BOY,,5.82065,-72.9876305,Humedal El Cuche,2025-05-24 00:00,17,1
L7713868,CO,CO-HUI,,2.9357954,-75.2470595,Humedal El Curibano,2026-09-12 05:53,113,65
L16617119,CO,CO-VAC,,3.3574471,-76.4823103,Humedal El Estero,2024-10-14 07:00,84,16
L23668650,CO,CO-VAC,,3.5793707,-76.4629093,Humedal El Higuerón,2026-04-11 07:43,113,26
L27852632,CO,CO-CUN,,4.9839597,-74.3239146,Humedal El Laguito,2026-08-22 06:27,97,51
L20659966,CO,CO-HUI,,2.225267,-75.634975,Humedal El Pantano,2025-08-15 09:32,136,45
L55642912,CO,CO-VAC,,3.347178,-76.528775,Humedal El Retiro,2026-09-27 12:14,38,8
L3215379,CO,CO-DC,,4.6680079,-74.0880203,Humedal El Salitre,2026-09-27 08:35,179,1194
L47536325,CO,CO-NSA,,7.8535694,-72.6290222,Humedal El Tinal,2026-05-06 17:09,22,2
L28860923,CO,CO-CUN,,4.9364403,-74.0078564,Humedal El Triángulo,2024-01-19 17:30,9,4
L15987427,CO,CO-DC,,4.5760506,-74.1420615,Humedal El Tunjo,2026-09-26 17:10,73,85
L31814476,CO,CO-CUN,,4.5616143,-74.2286982,Humedal El Vinculo Maiporé,2026-09-08 13:19,42,38
L20684013,CO,CO-CUN,,4.2873348,-74.7557971,Humedal El Yulo,2026-05-09 06:54,172,40
L43544331,CO,CO-CUN,,4.9737211,-73.9636082,Humedal Entrelomas,2026-07-20 09:35,55,18
L9057435,CO,CO-CAQ,,1.1801302,-74.5378315,Humedal Finca Los Pinos,2019-03-17 16:30,31,1
L9185700,CO,CO-BOY,,5.8217039,-73.133017,Humedal Gensa,2019-05-04 05:00,31,0
L7716555,CO,CO-VAC,,3.7875902,-76.3920808,Humedal Gota de Leche,2026-07-11 09:50,97,45
L24793026,CO,CO-CUN,,4.7008867,-74.2000508,Humedal Gualí,2026-09-13 06:33,96,93
L8064461,CO,CO-HUI,,2.055736,-75.6849891,"Humedal Guapoton, Guadalupe",2018-10-15 09:02,48,3
L52369265,CO,CO-TOL,,4.9007722,-74.895224,Humedal Hacienda Albania,2026-07-20 15:56,133,34
L7358044,CO,CO-ATL,,10.7644241,-75.2132177,Humedal Hueso de Vaca,2026-09-13 15:28,162,162
L27337325,CO,CO-DC,,4.7026702,-74.1712285,Humedal Hyntiba,2026-09-18 07:39,88,104
L21231838,CO,CO-AMA,,-4.2078815,-69.9317149,Humedal IANE,2026-08-19 15:22,135,240
L29958859,CO,CO-DC,,4.7080548,-74.1279067,"Humedal Jaboque, 1er. Sector",2026-07-04 07:07,74,54
L9195052,CO,CO-DC,,4.7108763,-74.1299274,Humedal Jaboque-- Parque La Rivera,2026-08-28 09:57,67,36
L68187995,CO,CO-DC,,4.7278692,-74.0987462,Humedal Juan Amarillo Tibabuyes - Brazo,2026-08-02 15:10,30,4
L7347137,CO,CO-PUT,,0.5184446,-76.4973435,Humedal Kililí,2026-03-08 09:15,78,6
L2022513,CO,CO-ANT,,6.4735239,-75.7819748,Humedal La Bramadora,2026-09-06 11:54,254,293
L19992933,CO,CO-CUN,,4.6792256,-73.8551744,Humedal La Chucua,2026-09-13 10:54,67,15
L6450685,CO,CO-HUI,,1.8768994,-76.0523656,Humedal La Coneca,2026-09-13 07:03,254,367
L900887,CO,CO-DC,,4.7614155,-74.1027027,Humedal La Conejera,2026-09-27 08:09,231,1051
L20853444,CO,CO-VAC,,4.6595222,-76.0520946,Humedal La Enea,2026-08-08 11:13,148,115
L7407281,CO,CO-CUN,,4.850709,-74.136004,Humedal La Isla,2025-10-25 15:00,38,10
L3221624,CO,CO-ARA,,6.9700494,-71.2401581,Humedal La Lipa,2025-11-12 11:02,107,1
L465429,CO,CO-ARA,,6.8833333,-71.1666667,Humedal La Lipa,2022-05-24 09:43,193,108
L5825960,CO,CO-VID,,6.185375,-67.4762335,Humedal La Mora,2026-05-09 16:03,112,20
L8479713,CO,CO-VAC,,4.6023317,-76.0277867,Humedal La Pepa,2026-03-29 08:57,85,8
L17233846,CO,CO-CUN,,4.9956915,-73.5949191,Humedal La Petaca,2025-10-24 06:25,38,2
L6822862,CO,CO-HUI,,2.2164691,-75.5493524,"Humedal La Pita, Garzón",2023-11-22 14:24,81,4
L35788567,CO,CO-VAC,,4.7364196,-75.9203741,Humedal La Raya,2026-07-17 07:00,119,63
L4552549,CO,CO-DC,,4.629115,-74.162387,Humedal La Vaca,2026-08-24 07:59,101,210
L23041605,CO,CO-DC,,4.6238808,-74.1658795,Humedal La Vaca Sector Sur,2026-08-24 08:50,34,30
L23735107,CO,CO-CUN,,4.7266472,-74.4153357,Humedal Laguna Verde,2026-05-09 07:34,77,4
L7008767,CO,CO-HUI,,2.1765932,-75.8217734,Humedal Lagunillas,2026-08-27 08:58,102,28
L28250569,CO,CO-NSA,,8.483668,-72.620045,Humedal Las Garzas - Tibú,2023-12-11 08:30,17,2
L58339617,CO,CO-CUN,,4.8229247,-74.3561244,Humedal Las Tinguas,2026-07-17 06:27,28,7
L7105160,CO,CO-HUI,,2.9484635,-75.2577877,Humedal Los Colores,2026-07-25 07:35,139,58
L37265707,CO,CO-NSA,,8.298427,-72.469868,Humedal Los Cámbulos,2024-10-12 06:30,39,2
L8157831,CO,CO-LAG,,11.2572412,-73.4112956,Humedal Los Holandeses,2020-01-13 14:54,108,5
L31625167,CO,CO-CUN,,4.967331,-73.916156,Humedal Los Patos,2026-09-20 07:53,77,30
L53923013,CO,CO-CUN,,4.967762,-73.915624,Humedal Los Patos,2025-10-11 05:00,16,1
L16615272,CO,CO-ANT,,6.1468904,-75.3965997,Humedal Lotus,2026-09-27 07:57,109,89
L8079100,CO,CO-VAC,,3.7756815,-76.3941407,Humedal Madre Vieja Videles,2026-07-11 08:34,152,50
L7364961,CO,CO-VAC,,3.1152778,-76.5494444,Humedal Madrevieja Avispal,2026-08-02 09:10,108,41
L53925247,CO,CO-CUN,,4.96176,-73.915028,Humedal Manantial,2022-03-19 09:00,1,1
L3121180,CO,CO-DC,,4.6727984,-74.1686153,Humedal Meandro del Say,2026-09-24 10:51,132,291
L24319497,CO,CO-CUN,,4.8549486,-74.1332775,Humedal Meridor,2026-05-09 21:18,35,5
L38619810,CO,CO-CUN,,4.788255,-74.2808604,Humedal Moyano,2026-05-09 07:34,52,13
L17882697,CO,CO-CUN,,4.5799794,-74.2275668,Humedal Neuta,2026-09-24 07:49,128,136
L4981903,CO,CO-VAC,,3.3592679,-76.5573826,Humedal Parcelación La Riverita,2026-07-11 07:56,107,56
L57832003,CO,CO-CUN,,4.9311854,-73.9797521,Humedal Parque Sopó,2026-09-20 11:39,56,10
L18403161,CO,CO-VAC,,3.6025817,-76.4596592,Humedal Platanares (Yumbo),2026-09-17 09:39,214,626
L7341720,CO,CO-CUN,,4.3006974,-74.8352355,Humedal Pozo Azul,2026-05-04 08:28,160,50
L15757602,CO,CO-VAC,,4.3759764,-75.8576103,Humedal Río Verdun,2026-07-18 08:05,91,15
L31612667,CO,CO-VAC,,4.3795332,-75.8592643,Humedal Río Verdun 2,2026-07-18 08:49,81,13
L16159130,CO,CO-DC,,4.650134,-74.098409,Humedal Salitre Greco,2026-09-15 13:24,39,18
L24378542,CO,CO-CUN,,4.8491821,-74.041744,Humedal Samaria - San Jacinto - Chía,2026-09-15 12:00,62,26
L7479485,CO,CO-CAU,,2.4564617,-76.6364461,Humedal San Antonio de Padua,2025-12-22 09:13,37,5
L30698995,CO,CO-CAL,,5.4699853,-74.6723845,Humedal San Felix,2026-07-31 09:00,138,22
L5839756,CO,CO-PUT,,0.5016203,-76.4889769,Humedal San Fernando,2026-07-08 12:26,163,103
L7158647,CO,CO-VID,,6.1924617,-67.4712229,Humedal San Francisco,2024-12-03 06:30,68,4
L5826158,CO,CO-VID,,6.1932556,-67.474767,Humedal San Francisco--Piedras de Custodio,2026-05-09 05:52,118,17
L3619965,CO,CO-PUT,,1.1335778,-76.9393587,Humedal San José del Chunga,2026-08-18 15:09,108,65
L15124652,CO,CO-GUV,,2.572613,-72.6274253,Humedal San José--Sector Panuré,2026-09-22 06:08,92,9
L14432912,CO,CO-GUV,,2.5654144,-72.6490734,Humedal San José--Sector Puente Providencia,2026-07-12 09:57,105,11
L9089556,CO,CO-CUN,,4.61655,-74.384572,Humedal Santa Fé,2026-09-27 06:15,169,54
L2416696,CO,CO-DC,,4.6946047,-74.0944706,Humedal Santa María del Lago,2026-09-27 06:28,226,1288
L11394057,CO,CO-VAC,,4.2688735,-75.9309501,"Humedal Siracusa, Caicedonia",2023-05-13 07:31,58,2
L17548257,CO,CO-VAC,,4.269777,-75.929029,"Humedal Siracusa, Sevilla",2026-08-02 06:50,112,21
L44664555,CO,CO-CUN,,4.971324,-73.913638,Humedal Taboima,2026-05-10 08:02,32,5
L53924392,CO,CO-CUN,,4.971371,-73.913757,Humedal Taboima,2026-09-27 10:10,30,3
L65612030,CO,CO-CUN,,4.9715628,-73.9133321,Humedal Taboima
L52369332,CO,CO-TOL,,4.7919997,-74.7786474,Humedal Tamalo y Pan de Azucar,2026-06-27 08:53,30,6
L14422523,CO,CO-DC,,4.6450255,-74.141421,Humedal Techo,2026-09-22 08:31,35,26
L26617330,CO,CO-DC,,4.6473616,-74.150733,Humedal Techo,2025-07-24 13:34,12,2
L29567492,CO,CO-CUN,,4.9268076,-73.9780591,Humedal Teusacá,2026-06-15 09:17,67,19
L905568,CO,CO-DC,,4.7270732,-74.1064847,Humedal Tibabuyes o Juan Amarillo,2026-09-27 08:32,193,751
L44331325,CO,CO-DC,,4.7305015,-74.1117628,"Humedal Tibabuyes--7 canchas ""El Tubo""",2026-09-16 13:15,59,32
L9887094,CO,CO-DC,,4.7375056,-74.1160011,Humedal Tibabuyes--Sector Cañiza,2026-09-16 07:33,69,23
L7483327,CO,CO-CUN,,4.9511211,-73.9843655,Humedal Tibitoc,2022-01-31 11:05,25,3
L18018970,CO,CO-CUN,,4.5791941,-74.2373013,Humedal Tierra Blanca,2026-09-15 06:45,21,4
L49276594,CO,CO-VAC,,3.473781,-76.320433,Humedal Timbique,2026-07-24 07:48,80,8
L15539050,CO,CO-DC,,4.6051427,-74.1583018,Humedal Tingua Azul,2026-09-26 06:56,129,470
L10066483,CO,CO-DC,,4.7833549,-74.0393988,Humedal Torca,2026-09-15 09:12,80,39
L3641151,CO,CO-DC,,4.8065942,-74.0434527,Humedal Torca-Guaymaral,2026-09-10 13:35,145,301
L9418961,CO,CO-CAQ,,1.33755,-74.820169,Humedal Troncal del Bosque,2026-08-23 07:08,194,27
L4290029,CO,CO-CAU,,2.4743998,-76.5514871,Humedal Universidad del Cauca,2025-12-11 07:04,82,19
L9509379,CO,CO-CUN,,4.7511537,-74.1658473,Humedal Villamery,2026-01-20 09:10,21,3
L8017327,CO,CO-VAC,,3.323345,-76.3334627,"Humedal Villandrea, Cabuyal",2026-05-09 10:55,64,8
L6514069,CO,CO-HUI,,2.2342608,-75.554561,Humedal Voltezuela,2025-11-16 15:25,145,27
L1869682,CO,CO-DC,,4.5721342,-74.141643,Humedal a Portal del Tunal,2026-08-31 07:11,110,188
L7351915,CO,CO-CAU,,2.3829682,-76.6497745,Humedal de La Cabaña,2022-10-05 07:39,68,3
L12894521,CO,CO-CUN,,4.8376607,-74.0438535,Humedal de Los Andes,2020-12-07 07:40,19,2
L4552475,CO,CO-DC,,4.648037,-74.143099,Humedal de Techo,2026-09-22 14:41,84,146
L3228745,CO,CO-DC,,4.6022841,-74.2039078,Humedal de Tibanica,2026-07-29 12:18,107,215
L5835166,CO,CO-CUN,,4.9411448,-74.0059018,Humedal de Universidad Militar Nueva Granada,2026-09-16 11:50,140,472
L28510296,CO,CO-CUN,,4.7287983,-74.3311216,Humedal el Juncal,2026-07-17 06:30,48,9
L9573203,CO,CO-DC,,4.8059584,-74.0415215,Humedal guaymaral,2026-09-04 08:35,63,57
L21790374,CO,CO-CUN,,4.6014886,-74.2242419,Humedal la Chucuita,2025-04-17 09:04,3,2
L11220475,CO,CO-NSA,,8.2526618,-73.36131,"Humedal los Lagos, Ocaña",2023-02-26 16:20,51,5
L12182561,CO,CO-CAQ,,1.3197655,-74.8504869,Humedal vía al Basurero,2020-11-02 17:03,55,4
L7786050,CO,CO-COR,,9.2191693,-75.8506515,Humedales Cotocá,2025-12-27 12:52,83,10
L5837583,CO,CO-BOY,,5.7707011,-73.1406426,Humedales Vereda Mirabal,2026-07-18 06:30,84,47
L9720595,CO,CO-VAC,,3.4135054,-76.3681451,Humedales de Candelaria,2025-09-06 07:27,56,2
L4720794,CO,CO-CAQ,,1.4992374,-75.4900217,Humedales de Larandia,2019-06-01 16:30,47,2
L9097888,CO,CO-BOY,,6.037094,-74.346835,Humedales de Puerto Pinzón,2026-07-10 16:18,269,314
L16783286,CO,CO-CAL,,5.0388881,-75.5853957,I. E Rural La Trinidad,2026-05-09 13:08,35,4
L18587393,CO,CO-CUN,,4.3753432,-73.2143538,I.E Departamental Agrícola Paratebueno,2026-03-09 06:32,49,7
L15675243,CO,CO-RIS,,4.8275817,-75.7312217,I.E Hugo Ángel Jaramillo,2026-04-05 17:49,81,33
L20091667,CO,CO-CAL,,4.9594544,-75.6090939,I.E. Eduardo Gomez Arrubla,2026-08-17 13:22,75,4
L54082840,CO,CO-HUI,,2.3493427,-75.8112431,I.E. Luis Edgar Duran Ramirez-Sede Alto Caloto,2025-10-15 09:50,3,1
L38442971,CO,CO-VAU,,1.3395883,-70.5409499,I.E.D San Javier sendero pico de loro,2024-11-14 05:30,33,1
L39758108,CO,CO-TOL,,3.7183604,-75.4981472,I.E.T. Medalla Milagrosa,2026-03-05 07:30,115,6
L37181442,CO,CO-TOL,,4.3956073,-75.4439496,IE Anaime,2026-05-10 16:02,138,14
L12632008,CO,CO-CAL,,5.596827,-74.944502,"IE Berlin, Samaná",2026-06-30 07:01,77,4
L11578444,CO,CO-CAL,,5.4315306,-74.9071185,"IE Cañaveral, Sede Marco Fidel Suárez, La Pradera, Victoria Caldas, CO",2025-10-13 18:15,253,173
L20459901,CO,CO-CAS,,5.2687256,-72.478095,IE Gabriela Mistral,2026-02-14 13:51,42,9
L20269099,CO,CO-MET,,4.2727116,-73.4911249,IE José Antonio Galan,2022-08-31 10:24,39,5
L41378851,CO,CO-HUI,,2.7689354,-75.6273937,IE La Primavera--Sede Río Íquira,2026-09-06 08:15,70,34
L20252477,CO,CO-CAS,,4.8222142,-72.7508279,IE Técnico Diversificado De Monterrey - Sede Guafal,2026-02-14 14:45,34,8
L10278501,CO,CO-CUN,,4.7657052,-74.4649458,IED Carlos Giraldo,2026-05-14 07:23,103,17
L9099962,CO,CO-CUN,,4.9479532,-74.5919483,IED Fray José Ledo,2020-10-09 09:30,18,0
L47670849,CO,CO-CUN,,4.5947456,-74.3434243,IED Mariano Santamaria,2025-12-21 15:34,60,70
L28934988,CO,CO-CUN,,5.3033538,-74.5657501,IEDR Dindal,2026-07-22 06:15,19,1
L47889133,CO,CO-PUT,,0.397209,-76.5442016,IER Ecologica El Cuembí,2025-11-04 17:01,114,11
L24366753,CO,CO-CUN,,5.6763561,-74.3570435,IERD San Rafael Sede Tórtolas,2023-05-13 05:30,27,1
L11401311,CO,CO-TOL,,3.3954738,-74.9304823,"IET Felisa Suárez, Alpujarra",2020-05-09 12:30,2,1
L56411847,CO,CO-SAN,,7.0781637,-73.709229,IPACARAI Estacion Biologica Jaguar,2026-04-02 16:29,62,3
L7159656,CO,CO-NAR,,1.3874043,-78.5169311,IPS Yorente,2025-01-24 11:03,34,2
L9837966,CO,CO-TOL,,4.4116775,-75.1999558,"Ibagué, cañadas - potrerito",2019-08-24 07:00,36,2
L39504929,CO,CO-TOL,,4.4580114,-75.1934828,Ibagué--Parque Piedemonte Vergel,2026-08-09 07:43,103,27
L10203158,CO,CO-TOL,,4.467208,-75.0549047,Ibagué--Vda. Chucuní,2026-09-19 15:21,146,20
L64351353,CO,CO-CAQ,,0.9385483,-74.2554983,Ilusiones Del Yarí,2026-04-26 17:06,16,1
L38558705,CO,CO-VAC,,3.781111,-76.2436123,Ingenio Pichichi,2025-01-24 09:15,178,146
L36160246,CO,CO-BOY,,5.9670059,-73.1633406,Ingreso a La Sierra,2026-06-18 09:48,85,64
L4584547,CO,CO-CAU,,1.0538556,-76.4921808,Inspección Miraflor,2022-09-10 19:29,182,16
L7970306,CO,CO-MET,,3.7413037,-73.8339865,Institucion Educativa El Dorado,2026-05-20 15:01,45,11
L20229800,CO,CO-CAS,,4.7459441,-72.9994133,Institución Educativa Agroindustrial Manuel Elkin Patarroyo,2024-05-11 18:10,71,18
L23738814,CO,CO-GUV,,2.57069,-72.65866,Institución Educativa Buenavista II,2026-08-02 06:56,140,32
L11569011,CO,CO-CAL,,5.3211723,-74.9440034,Institución Educativa Cañaveral,2025-11-29 07:05,61,17
L20943913,CO,CO-CAS,,5.0266937,-72.6485753,Institución Educativa La Turua,2026-05-10 08:00,46,7
L29724230,CO,CO-CAL,,5.3239955,-75.0461483,Institución Educativa Patio Bonito - Marquetalia,2025-05-10 08:00,23,2
L20459326,CO,CO-CAS,,5.0198176,-72.7486581,Institución Educativa del Llano,2026-05-09 06:30,86,16
L21103813,CO,CO-AMA,,-4.1882577,-69.9500429,Institución educativa SAN JUAN BOSCO,2026-06-07 09:23,73,18
L52613016,CO,CO-SAN,,6.2051852,-73.7481253,Instituto Agrícola Alto Jordán,2025-09-08 08:49,51,2
L4003203,CO,CO-DC,,4.598378,-74.0618943,Instituto Alexander Von Humboldt--Sede Venado de Oro,2026-08-26 15:34,99,143
L7311047,CO,CO-CAU,,2.4681896,-76.9165492,Instituto Tecnico Agropecuario y Forestal El Tambo,2025-05-10 07:52,31,6
L32465499,CO,CO-HUI,,2.9065364,-75.2670949,Instituto Técnico y Académico Scout José Martí,2025-01-13 10:28,12,0
L8049673,CO,CO-SAN,,7.068541,-73.7456718,Instituto Universitario de La Paz,2026-05-09 06:39,104,28
L6697748,CO,CO-ATL,,10.9896434,-74.7748804,Intendencia Fluvial de Barranquilla,2026-09-20 07:35,119,80
L18793038,CO,CO-MET,,3.2826337,-73.7220249,Internado Manacal,2022-04-17 06:00,42,8
L22743809,CO,CO-NAR,,1.4052955,-77.2825326,Intiguaira Chachagui,2023-07-03 14:01,10,1
L26519440,CO,CO-CAU,,2.5729048,-76.0376483,Inza Cauca,2026-01-09 15:55,66,15
L2613370,CO,CO-GUA,,3.83028,-67.91457,Inírida--Sardinas,2026-04-06 17:41,243,253
L12392461,CO,CO-NAR,,0.8299812,-77.6479658,Ipiales (ciudad),2026-01-16 15:02,16,12
L5480973,CO,CO-NAR,,1.8259319,-78.7953615,Isla Bocagrande,2026-08-18 08:08,151,90
L7159736,CO,CO-NAR,,1.792526,-78.8713819,Isla Bocagrande,2026-08-22 11:30,107,62
L7804630,CO,CO-SUC,,9.7424321,-75.6843655,Isla Cabruna,2026-07-31 17:25,36,23
L4936616,CO,CO-SAP,,14.3413988,-80.2804928,Isla Cayo Serrana,2023-11-15 11:30,27,2
L6284706,CO,CO-SAP,,15.7953857,-79.8471668,Isla Cayo Serranilla-Beacon Cay,2023-11-17 08:40,67,20
L27015541,CO,CO-SAP,,15.866445,-79.7430113,Isla Cayo Serranilla-East Cay
L27015523,CO,CO-SAP,,15.8552974,-79.7708917,Isla Cayo Serranilla-Middle Cay
L15730992,CO,CO-COR,,9.3926689,-76.1791583,Isla Fuerte,2021-04-04 07:00,31,4
L13932050,CO,CO-COR,,9.3877793,-76.1758518,Isla Fuerte--Hotel Ecohouse,2026-06-25 12:15,33,8
L5940892,CO,CO-BOL,,10.1772414,-75.741148,"Isla Grande, Bolívar",2026-09-12 10:00,169,218
L7746125,CO,CO-PUT,,-0.2292599,-74.8507151,Isla La Esperanza,2019-05-04 12:30,48,5
L2700736,CO,CO-GUV,,2.5711111,-72.6961111,Isla Laguna Negra,2026-09-20 12:15,224,52
L780569,CO,CO-BOL,,10.3882077,-75.5282593,Isla Manzanillo,2026-02-20 09:21,58,9
L465436,CO,CO-AMA,,-3.8707175,-70.2342236,Isla Mocagua,2026-08-29 05:59,411,561
L7369594,CO,CO-SUC,,9.781764,-75.8728695,Isla Mucura,2026-08-01 10:02,79,25
L44860325,CO,CO-AMA,,-3.8237282,-70.2616814,Isla Nueva Mocagua,2026-09-25 15:46,270,209
L28218448,CO,CO-VID,,4.490528,-67.808953,Isla Orjuela,2026-04-12 09:33,92,81
L20719815,CO,CO-VAC,,3.9061365,-77.3575627,Isla Palma,2026-09-25 14:41,26,9
L3491220,CO,CO-SUC,,9.7360861,-75.7495308,Isla Palma,2026-05-27 10:54,106,46
L6696690,CO,CO-VID,,5.9840898,-67.4420834,Isla Pisal,2023-07-27 09:54,37,3
L6165710,CO,CO-VID,,5.5076222,-67.6259673,Isla Prometida/Rabo Pelado,2017-08-03 06:30,75,1
L8719040,CO,CO-AMA,,-4.1248555,-70.0238194,Isla San José,2026-01-27 11:08,88,5
L6763484,CO,CO-SAP,,13.3874486,-81.3753462,Isla Santa Catalina,2026-05-17 16:00,80,51
L56933375,CO,CO-SAP,,13.3840071,-81.3779279,Isla Santa Catalina (playa en Mona Bay),2026-01-12 17:05,6,4
L3935844,CO,CO-VID,,5.9975755,-67.4187613,Isla Santa Elena,2026-02-01 06:39,214,90
L25235022,CO,CO-AMA,,-3.9097462,-70.1994759,Isla Zaragocilla,2026-05-14 07:04,61,30
L6340851,CO,CO-AMA,,-4.2089422,-69.9508,Isla de La Fantasía,2026-09-06 06:06,299,514
L56911289,CO,CO-SAP,,13.3608758,-81.3607147,Isla de Providencia (Posada Ontimeview),2026-01-14 08:15,7,5
L7960635,CO,CO-SAP,,13.3325233,-81.3911914,Isla de Providencia--Bahia Suroeste,2026-09-09 16:55,75,40
L2616302,CO,CO-SAP,,13.3435349,-81.3873464,Isla de Providencia--Represa,2026-05-23 09:17,80,33
L22549327,CO,CO-SAN,,7.157187,-73.8727316,Isla de los Mangos,2026-05-09 12:53,97,14
L73574380,CO,CO-NAR,,1.7987291,-78.7710969,Isla de los Pajaros,2026-07-14 17:30,4,1
L20267220,CO,CO-COR,,9.403031,-75.800882,Isla de los Pájaros - Bahía de Cispata,2026-04-24 10:50,14,6
L9190593,CO,CO-AMA,,-2.8895711,-69.7377534,Isla de los Pájaros--Tarapacá,2025-10-11 06:30,96,15
L15799334,CO,CO-CAQ,,1.1150175,-76.1550137,Isla del Fragua,2025-07-27 14:48,151,5
L8441085,CO,CO-BOL,,9.3871686,-76.1815225,Isla fuerte,2026-09-24 06:28,68,17
L36762833,CO,CO-SAP,,12.6002063,-81.6894172,Islote Sucre (Johnny Cay),2026-07-26 09:45,54,14
L64251892,CO,CO-TOL,,4.398585,-75.463505,Isma Lodge,2026-09-27 17:21,157,26
L54401668,CO,CO-VAC,,3.8743589,-76.8952539,Itapoa Project Buenaventura,2026-07-04 08:01,106,49
L74510772,CO,CO-ANT,,5.992183,-75.163741,Jacaranda Refugio Natural,2026-08-22 17:21,79,28
L37268860,CO,CO-SAN,,7.0666731,-73.0862431,Jardin Botánico -- Arriba,2026-04-30 14:30,39,7
L4096157,CO,CO-SAN,,7.0678855,-73.0891707,Jardin Botánico Eloy Valenzuela,2026-07-23 09:54,222,262
L8005942,CO,CO-DC,,4.6672108,-74.0997953,Jardin Botánico José Celestino Mutis,2026-09-26 11:02,257,2063
L19051722,CO,CO-NSA,,8.234995,-73.3215215,Jardin botanico Jorge Enrique Quintero Arenas,2026-09-08 05:48,61,6
L6605349,CO,CO-MET,,4.2125246,-73.5853918,Jardines de La Esperanza,2026-09-02 14:26,207,804
L7342787,CO,CO-MET,,4.1825575,-73.6110592,Jardines de La Esperanza,2026-07-25 16:21,164,53
L3349752,CO,CO-VAC,,3.4491536,-76.5688705,Jardín Botanico de Cali,2026-09-12 11:22,188,261
L6025475,CO,CO-RIS,,4.9362747,-75.736675,Jardín Botánico Alejandro Humboldt,2026-07-30 09:18,163,75
L5485955,CO,CO-CAL,,4.9364884,-75.7365948,Jardín Botánico Alexander  von Humboldt--Marsella,2026-06-14 10:57,95,8
L49457290,CO,CO-RIS,,4.9501899,-75.9556196,Jardín Botánico Anturio Negro,2026-05-14 14:38,88,7
L6739848,CO,CO-ATL,,10.9513883,-74.7964883,Jardín Botánico Barrio La Victoria,2026-07-20 10:11,72,42
L40604998,CO,CO-SAN,,6.1085638,-73.1975886,Jardín Botánico Colegio El Santuario Virolín,2026-08-23 06:23,63,10
L8107005,CO,CO-RIS,,5.2168488,-76.0329334,Jardín Botánico Cuna de Venus del Tatama,2026-09-20 09:40,220,85
L12562175,CO,CO-CUN,,5.132845,-74.133873,Jardín Botánico Forestal de Cundinamarca,2026-06-27 07:15,119,28
L782416,CO,CO-BOL,,10.3548691,-75.4298598,Jardín Botánico Guillermo Piñeres,2026-08-21 09:30,315,616
L49968359,CO,CO-RIS,,5.206495,-75.8654583,Jardín Botánico José Celestino Mutis--Belén de Umbría,2026-08-15 07:42,73,14
L36975697,CO,CO-BOY,,5.5233279,-73.3481931,"Jardín Botánico José Joaquín Camacho y Lago, Tunja",2026-03-20 07:05,16,3
L5804006,CO,CO-VAC,,4.0294079,-76.1669254,Jardín Botánico Juan María Céspedes,2026-09-04 07:47,185,77
L48388078,CO,CO-RIS,,5.0041441,-76.0014793,Jardín Botánico La Celia,2026-05-30 08:55,38,5
L24977986,CO,CO-ANT,,6.2712052,-75.5630217,Jardín Botánico Medellín - Lago,2026-09-26 14:55,136,160
L5837724,CO,CO-TOL,,4.9172434,-75.0591377,Jardín Botánico Raúl Echeverry,2026-05-23 07:08,104,53
L20898520,CO,CO-TOL,,4.4500301,-75.2230614,Jardín Botánico San Jorge,2026-09-12 09:19,341,769
L19164825,CO,CO-CUN,,4.339913,-74.372971,Jardín Botánico Sumapaz,2025-07-21 06:24,53,7
L8017353,CO,CO-CUN,,4.9203223,-74.1000795,Jardín Botánico Tabio,2026-09-06 15:12,92,123
L3582397,CO,CO-RIS,,4.7907532,-75.6887788,Jardín Botánico Universidad Tecnológica de Pereira,2026-09-22 06:14,278,856
L8665549,CO,CO-RIS,,5.1059385,-75.9383117,Jardín Botánico de Apía,2026-08-14 10:17,178,150
L25854424,CO,CO-RIS,,5.3137295,-75.7962441,Jardín Botánico de Guática,2026-05-09 16:58,104,20
L4462411,CO,CO-CAL,,5.0564338,-75.4943454,Jardín Botánico de La Universidad de Caldas,2026-09-24 16:24,235,574
L1119406,CO,CO-ANT,,6.2697791,-75.5640184,Jardín Botánico de Medellín Joaquín Antonio Uribe,2026-09-20 17:35,256,1037
L16659661,CO,CO-RIS,,5.3493114,-75.7330004,Jardín Botánico de Quinchía,2025-08-18 10:18,73,7
L4559931,CO,CO-SAP,,12.5369695,-81.7110837,Jardín Botánico de San Andrés,2026-07-13 06:15,112,315
L8273659,CO,CO-ANT,,5.6681768,-75.7176407,Jardín Botánico de Támesis,2026-09-27 05:53,224,340
L5831064,CO,CO-MET,,4.150964,-73.6613399,Jardín Botánico de Villavicencio,2026-05-19 15:14,168,90
L18508850,CO,CO-MET,,2.0613799,-73.8611591,Jardín Botánico de la Macarena,2026-07-21 08:48,266,83
L2708435,CO,CO-QUI,,4.5538803,-75.66046,Jardín Botánico de la Universidad del Quindío,2026-09-20 09:22,206,296
L36910312,CO,CO-CAL,,5.6865801,-74.7429514,Jardín Botánico del Magdalena,2026-07-16 06:12,138,22
L7336540,CO,CO-CHO,,6.272,-77.384,Jardín Botánico del Pacífico,2026-09-25 09:05,370,586
L2780009,CO,CO-QUI,,4.5124468,-75.6508148,Jardín Botánico del Quindío,2026-09-22 09:32,238,547
L17644333,CO,CO-CUN,,4.9786406,-74.2934453,Jardín Encantado,2026-09-06 10:27,270,1655
L4296781,CO,CO-CUN,,4.9971842,-73.519083,Jardín Encantado,2016-01-03 13:00,33,3
L30583731,CO,CO-TOL,,4.9217527,-75.0619318,Jardín Gaia Líbano,2024-11-26 06:42,18,8
L65631518,CO,CO-SAN,,5.868645,-73.9787583,Jardín de Colibríes Ama-GI,2026-05-09 13:06,68,12
L40913756,CO,CO-ANT,,5.5989629,-75.8192568,Jardín--Casco Urbano,2026-09-24 17:10,185,163
L2695686,CO,CO-ANT,,5.580479,-75.7774429,Jardín--La Truchera,2026-08-30 06:19,403,660
L44501666,CO,CO-SAN,,7.0025533,-73.4095034,Joya Escondida Birding,2026-09-20 06:30,201,136
L20472855,CO,CO-CAL,,5.2317499,-75.7585798,Juan Pérez Hospedaje & Café,2023-05-13 15:37,30,7
L52379596,CO,CO-SAN,,7.11205,-73.09258,Jugos Pies de la Cuesta - Parador del Ciclista Camino a la Anten,2026-02-08 10:56,50,7
L31802832,CO,CO-VAC,,3.2955037,-76.1848473,Junta Acción Comunal Líbano,2024-06-05 09:34,80,10
L34823873,CO,CO-TOL,,4.7726256,-75.0163828,"Junín, Santa Isabel",2024-07-10 07:00,6,0
L26010536,CO,CO-AMA,,-2.8432585,-69.7857065,Juro de Pagón
L32532179,CO,CO-CHO,,5.8447174,-77.2792027,Jurubirá,2026-09-12 13:19,42,11
L8909399,CO,CO-CAL,,5.0585497,-75.5380737,"Kairí Lodge Natural Reserve, Manizales",2026-07-08 10:42,229,315
L8282408,CO,CO-ANT,,5.5844138,-75.794781,Kantarrana Casa De Campo,2026-02-27 13:54,161,108
L24387587,CO,CO-RIS,,5.159894,-76.0994381,Karabagí,2023-05-13 05:45,62,1
L3168199,CO,CO-RIS,,5.1820176,-75.9974635,Karagabi RN & Finca Providencia,2009-02-17 00:00,136,4
L8385355,CO,CO-BOL,,10.5444791,-75.4925537,Karibana Golf Clun Resort,2025-06-01 06:18,47,4
L7507173,CO,CO-BOL,,10.540235,-75.4907084,Karibana Golf Course,2026-07-19 17:57,143,54
L30901307,CO,CO-QUI,,4.5004448,-75.6674644,Karlaka,2026-02-09 07:39,76,10
L11416299,CO,CO-DC,,4.7200204,-74.1186059,Kiosko de La Rotonda,2021-05-08 05:00,15,20
L10406080,CO,CO-QUI,,4.6976512,-75.6498522,Kiraikai Ecolodge,2026-09-26 11:39,266,424
L73480686,CO,CO-SAN,,6.526553,-73.0857958,Km 12  San Gil - Mogotes,2023-11-28 06:30,22,1
L12009867,CO,CO-AMA,,-4.0171854,-69.9086381,Km 22,2020-08-01 08:00,40,0
L16312523,CO,CO-NAR,,1.5168483,-78.6899106,Km 42 - Pueblo Nuevo a Rio Mira,2026-08-31 07:45,227,114
L44698560,CO,CO-AMA,,-4.0819144,-70.0079878,Km19--Quebrada Pîchuna,2026-09-24 14:16,62,5
L37193818,CO,CO-CUN,,4.257462,-73.8269261,Kolping,2026-05-09 03:35,97,52
L60017817,CO,CO-RIS,,4.759153,-75.612705,Kumanday Lodge,2026-09-18 16:48,82,52
L76407985,CO,CO-BOY,,6.031112,-72.3947263,LAGUNA VENADOS,2026-08-18 11:20,3,1
L44823021,CO,CO-VAC,,4.5652417,-76.1094233,"La Aguada, La Unión",2026-07-01 06:32,85,34
L8474500,CO,CO-CUN,,4.3910425,-74.3195829,La Aguadita,2026-07-19 14:35,22,4
L12070281,CO,CO-DC,,4.687669,-74.016261,La Aguadora-Sendero Santa Ana,2026-09-12 08:40,88,124
L4294511,CO,CO-SAN,,7.0237838,-73.4486554,La Aguamieluda - Serrania de la Paz,2016-03-06 00:00,146,1
L18715400,CO,CO-VAC,,3.9610405,-76.3862459,La Albania,2024-10-06 13:21,12,2
L9208386,CO,CO-TOL,,4.8753869,-75.1476633,La Albania,2026-08-21 15:02,78,27
L18518739,CO,CO-CUN,,4.5907225,-74.3426133,La Alqueria Bird Watching Station,2026-09-20 14:26,248,1078
L24433753,CO,CO-CAS,,4.589914,-72.9022015,La Arandia,2026-05-09 05:38,62,3
L26039006,CO,CO-CAQ,,2.1900766,-74.9644395,La Argentina Caquetá,2025-05-23 10:02,105,8
L27262771,CO,CO-CUN,,4.5392922,-74.2954731,La Aventura Campesina,2023-09-25 10:00,98,13
L16894008,CO,CO-SAN,,7.16615,-73.3020127,La Azufrada - Carretera,2026-05-09 19:32,83,20
L21164305,CO,CO-VID,,5.4908528,-70.2221125,La Balsa,2022-10-08 07:00,104,0
L16139994,CO,CO-VAC,,3.9608131,-77.3762815,La Barra - PNN Uramba Bahía Malaga,2026-09-26 10:52,216,128
L10707588,CO,CO-CAL,,4.9444563,-75.5310287,"La Bella, La Batea",2021-01-10 07:37,99,6
L53718445,CO,CO-BOL,,10.4570309,-75.5116849,"La Bocana, Bolívar",2026-09-14 11:00,123,35
L9200747,CO,CO-TOL,,4.7932334,-74.9703744,"La Bocatoma, Río Recio",2019-05-04 06:00,43,3
L76518898,CO,CO-VAC,,3.5294117,-76.7469972,La Cabaña Birding,2026-09-19 11:27,50,25
L7728007,CO,CO-VAC,,3.5682125,-76.5855006,La Cabaña de Chicoral (acceso restringido),2026-08-22 10:59,184,57
L7446868,CO,CO-VAC,,3.5190409,-76.5976667,La Cabaña en El Bosque,2026-06-08 15:13,58,3
L11360221,CO,CO-LAG,,11.5158621,-72.9196835,La Cachaca,2020-05-09 16:06,10,1
L9583712,CO,CO-CAQ,,1.653549,-75.606436,La Calera,2025-03-28 12:00,70,24
L16438797,CO,CO-CUN,,4.7199785,-73.9689532,La Calera--Casco Urbano,2026-09-12 08:42,42,24
L65547231,CO,CO-CUN,,4.7226548,-73.9724983,La Calera--Liceo Campestre San Rafael,2026-07-20 14:38,5,2
L18226639,CO,CO-BOL,,9.9653908,-75.096429,La Cantera,2025-11-14 07:00,21,2
L18996011,CO,CO-COR,,9.419267,-75.7359046,La Caracola,2026-05-16 05:59,108,22
L26914587,CO,CO-HUI,,1.887975,-76.271227,La Casa de François,2025-08-24 06:46,57,5
L19072881,CO,CO-VAC,,3.568852,-76.5866,La Casa de las Nubes,2026-05-09 07:20,64,3
L48705005,CO,CO-CUN,,4.8081437,-74.6181923,La Casa del Arbol,2025-06-30 05:16,73,5
L65574235,CO,CO-HUI,,2.2021428,-75.6861348,La Cañada,2026-05-09 07:30,71,1
L12326495,CO,CO-HUI,,2.183,-75.672,"La Cañada, La Jagua",2026-06-07 10:58,81,13
L33775961,CO,CO-SUC,,9.5746401,-75.3018257,La Ceiba - Chalan,2024-06-14 11:00,44,4
L4702500,CO,CO-SAN,,7.0461123,-73.4015622,La Chafarota - Reserva,2025-10-07 19:02,181,7
L11419844,CO,CO-HUI,,1.9031386,-76.2675512,"La Chaquira, San agustín",2026-03-18 14:02,146,57
L27262371,CO,CO-CUN,,4.5327895,-74.2939281,La Colina Mtb Park,2026-01-28 09:45,73,6
L12346789,CO,CO-VAC,,4.3356804,-75.814717,La Colinita Restaurante,2025-01-06 09:06,43,5
L40043752,CO,CO-SAN,,6.7839952,-73.4742579,La Colorada [San Vicente de Chucurí],2025-07-27 08:11,32,3
L21471728,CO,CO-SAN,,7.1416408,-73.0236238,La Corcova - Avistamiento Doña Zenaida,2024-07-27 14:15,62,45
L31068637,CO,CO-PUT,,0.72129,-76.904825,La Cornuta,2026-06-07 16:42,99,44
L57085707,CO,CO-MET,,2.166711,-74.27512,La Cristalina del Losada,2026-06-08 08:00,56,5
L28344269,CO,CO-CUN,,4.9532347,-74.2913106,La Cumbre,2026-02-13 07:22,32,3
L9474842,CO,CO-TOL,,4.7828938,-75.0311264,La Cumbre - Astronomía y Biodiversidad,2026-09-21 13:12,123,12
L11400846,CO,CO-TOL,,4.7813214,-75.0293023,La Cumbre - Carretera,2020-05-24 05:50,87,2
L22574419,CO,CO-ANT,,5.5897584,-75.8046391,"La Divina Providencia, Jardín",2026-09-26 06:00,169,69
L39249759,CO,CO-CUN,,4.9198948,-73.8938284,La Dolce Vita,2026-02-23 08:25,12,4
L11490410,CO,CO-CAL,,5.4543633,-74.6632978,La Dorada--Casco Urbano,2026-09-22 18:04,45,15
L38248111,CO,CO-CAL,,5.4876074,-74.6723578,La Dorada--Sector La Guayabera,2025-05-10 15:24,48,4
L27775283,CO,CO-HUI,,1.6628219,-76.1104488,La Drymophila Nature Reserve (El Encanto),2026-08-31 13:09,371,957
L7356131,CO,CO-MAG,,11.033774,-74.2082936,La Elisa--Chestnut-winged Chachalaca Road,2026-06-11 14:55,275,374
L35555833,CO,CO-ANT,,5.9924795,-74.9505523,La Ermita Parte Alta,2026-09-06 07:58,131,35
L35555861,CO,CO-ANT,,5.9867246,-74.9467706,La Ermita Parte Baja,2026-08-11 06:39,188,68
L37146554,CO,CO-VAC,,3.6276703,-76.5451315,"La Escocia, Santa Inés",2026-09-06 09:16,190,45
L2381258,CO,CO-ANT,,5.61086,-75.836667,La Esperanza Bird Reserve,2026-08-04 06:51,292,175
L16951495,CO,CO-SAN,,7.0251533,-73.3969122,La Estrella - Escuela arriba,2025-03-29 15:24,82,13
L15200182,CO,CO-RIS,,4.7844777,-75.6537605,La Estrella - Morrón,2026-06-12 19:36,65,4
L10379390,CO,CO-VAC,,3.9064756,-76.206772,"La Felicidad, La María, Buga",2025-07-30 11:00,108,54
L12560818,CO,CO-GUV,,2.3240754,-72.6644604,La Floresta,2020-10-17 06:20,16,1
L8474273,CO,CO-VAC,,3.678909,-76.0746788,La Floresta,2019-01-21 07:00,62,1
L11391685,CO,CO-CAL,,5.025262,-75.4782497,La Florida,2026-07-24 16:21,52,4
L10440585,CO,CO-VAC,,3.5280893,-76.6170271,La Florida - Bosque de Las Aves,2026-09-27 11:50,399,5194
L9204751,CO,CO-RIS,,4.7729149,-75.6003987,La Florida--Cerro Palo Negro,2026-06-07 09:12,85,8
L21869673,CO,CO-LAG,,11.3314979,-73.1133368,La Formulita,2026-01-07 11:25,56,5
L465361,CO,CO-ANT,,7.1059348,-75.1427078,La Forzosa-Santa Gertrudis,2018-07-16 07:50,94,5
L10298920,CO,CO-CAQ,,-0.2483582,-72.4258286,La Gamitana,2016-12-22 09:00,2,2
L36440968,CO,CO-RIS,,5.1882833,-75.95064,La Garrucha,2024-09-08 08:01,93,3
L29994275,CO,CO-VAC,,3.554247,-76.5844703,La Garza Birding Lodge,2026-08-31 07:23,119,23
L8563826,CO,CO-VAC,,4.0340062,-76.4833417,La Gaviota,2018-11-20 07:00,47,1
L36130499,CO,CO-CUN,,4.6693766,-73.9223671,La Gloria Reserva Forestal,2026-05-09 09:16,25,8
L7235490,CO,CO-CUN,,4.506636,-73.346596,La Granja de Medina,2026-07-03 09:09,124,23
L10522802,CO,CO-VAC,,3.9550908,-76.4744798,La Granjita-Calima Darién,2026-01-09 10:20,113,25
L14158837,CO,CO-HUI,,1.8960774,-76.2961778,"La Greca ""Casa de Paz""",2023-08-01 09:20,36,5
L17419216,CO,CO-TOL,,4.9227532,-75.0894352,La Gregorita,2024-08-20 10:30,115,3
L14857583,CO,CO-CAL,,4.9723558,-75.3830767,La Gruta,2026-07-31 07:45,109,65
L56780804,CO,CO-CAS,,5.3055059,-72.4428932,La Guafilla Yopal,2026-05-09 09:00,9,0
L8692023,CO,CO-VAC,,4.5257471,-76.2721336,La Hondura,2020-06-05 06:13,33,0
L6985482,CO,CO-VAC,,3.8894482,-76.4419254,La Huerta Hotel,2026-08-29 17:25,232,566
L51315278,CO,CO-ANT,,6.301047,-75.072615,La Isabela Birding,2026-08-26 07:24,219,96
L37254132,CO,CO-ANT,,5.9226464,-75.1648314,La Isla del Melcocho,2026-09-26 15:17,217,89
L9216802,CO,CO-VAC,,3.9837645,-75.9399623,La Italia,2025-09-17 07:21,102,4
L9204296,CO,CO-HUI,,2.169655,-75.6776238,La Jagua (Pueblo),2026-09-23 07:28,160,88
L27082406,CO,CO-ANT,,6.1270544,-75.6357121,La Juanita Casa Hotel Ecológico,2026-05-09 06:29,81,55
L16899318,CO,CO-CAL,,5.0899503,-75.532288,La Juanita Posada Rural,2026-07-22 05:57,233,125
L12184292,CO,CO-TOL,,4.40058,-75.4620051,"La Judea, Anaime",2026-01-21 06:04,120,21
L12598638,CO,CO-CUN,,5.488538,-74.630482,La Jungla de Rozo,2020-10-24 07:25,48,1
L33907996,CO,CO-CES,,10.3110194,-73.0286286,La Laguna - San Jose,2024-06-22 10:00,14,1
L28700098,CO,CO-SAN,,6.8810545,-73.2971428,La Laguna [Black Inca House],2026-05-09 17:19,66,10
L11419347,CO,CO-CAL,,5.3828516,-75.0985157,La Linda,2026-03-08 08:11,70,26
L12802705,CO,CO-RIS,,4.8823667,-75.5081998,La Linda,2025-04-24 19:43,5,5
L22160035,CO,CO-CAL,,5.4550222,-75.1511996,"La Llorona, Pensilvania",2026-09-27 09:05,191,79
L52648313,CO,CO-SAN,,6.2993948,-73.7452284,"La Loma, Santander, CO (6.299, -73.745)",2026-01-06 06:19,132,8
L34581432,CO,CO-SUC,,9.775087,-75.6374865,"La Manguera, Rincón del Mar, San Onofre, Sucre",2026-09-12 09:34,143,41
L36415321,CO,CO-MET,,2.2145903,-73.8300066,La Manigua Lodge,2026-09-22 11:16,194,64
L40827227,CO,CO-BOY,,4.9577728,-73.3135178,La Mano del Minero,2025-10-09 12:17,18,4
L24312396,CO,CO-CUN,,5.139342,-74.193914,La Maquina,2026-02-22 09:25,55,31
L60530718,CO,CO-TOL,,4.9111538,-75.0551898,La Marcada Parte Baja (Antiguo matadero - Cruce a la Trina),2026-03-19 07:13,32,1
L15750484,CO,CO-TOL,,4.4171309,-75.2414335,La Martinica Parque Ecológico,2026-09-19 08:31,78,5
L21004024,CO,CO-CUN,,5.0274204,-74.4994926,La Masía Montserrat,2024-06-30 06:00,32,4
L13541837,CO,CO-SAN,,7.0201103,-73.0591521,La Mata--Casa Ballet,2026-08-20 10:00,32,3
L65641334,CO,CO-CUN,,4.626998,-74.4613516,La Mesa--Mirador El Recreo,2026-09-05 16:33,8,5
L17339805,CO,CO-CUN,,4.6416208,-74.4816812,La Mesa--San Joaquin,2026-05-21 05:45,71,6
L1906532,CO,CO-ANT,,5.5066226,-75.8855724,La Mesenia,2025-01-08 09:42,147,19
L42242958,CO,CO-MET,,4.2259155,-73.5814432,La Mincha,2025-06-03 19:00,131,16
L35959908,CO,CO-COR,,9.3373434,-76.0666837,La Montañita - Camino al Mar,2024-10-30 07:13,20,3
L35959194,CO,CO-COR,,9.329705,-76.075685,La Montañita - Paso Nuevo,2024-10-28 09:24,30,3
L35958024,CO,CO-COR,,9.3334367,-76.0676367,La Montañita Reserve,2024-10-30 08:36,98,45
L3080872,CO,CO-ANT,,6.4152506,-76.0452497,La Nevera,2026-09-09 08:30,192,58
L5075273,CO,CO-SAN,,7.1240204,-73.0799557,La Niebla Finca & Restaurante,2026-04-19 16:29,196,64
L7358296,CO,CO-ANT,,5.757924,-75.677857,La Oculta Lodge,2026-08-11 09:22,130,20
L12472975,CO,CO-VAC,,3.5152385,-76.6029768,"La Paila de Lilia, La Elvira",2026-07-20 12:54,48,10
L22990754,CO,CO-SAN,,6.7528405,-73.0001172,La Palma,2026-02-15 11:22,39,6
L8958611,CO,CO-CUN,,4.7086838,-74.403019,La Palma y El Tucán,2026-06-29 06:54,134,31
L9110309,CO,CO-TOL,,4.4394603,-75.4939921,La Paloma,2025-12-01 10:43,26,5
L15895469,CO,CO-COR,,8.9640826,-75.2922704,La Panamá,2021-07-16 07:30,31,0
L39200798,CO,CO-VAC,,3.3629308,-76.5628141,La Parcela de Ceci,2026-06-06 08:58,32,5
L21139041,CO,CO-AMA,,-1.318326,-69.5871708,"La Pedrera, Amazonas",2026-03-30 07:30,100,25
L31789747,CO,CO-AMA,,-1.3087441,-69.643759,La Pedrera--Quebradón San Francisco,2026-05-09 07:30,70,17
L27157146,CO,CO-QUI,,4.6090211,-75.790033,La Pequeña Granja De Mamá Lulú,2025-12-02 09:53,49,8
L22861849,CO,CO-CUN,,5.0668596,-73.7055449,La Pesebrera,2023-04-26 07:00,4,0
L40135071,CO,CO-SAN,,6.8568171,-72.7409035,La Piedra del Cóndor,2026-08-16 13:19,24,35
L27689893,CO,CO-ANT,,6.0090489,-75.1532646,La Piñuela,2026-07-28 11:35,230,149
L44941137,CO,CO-CUN,,4.7995419,-74.4148528,"La Planada, Anolaima",2025-05-10 14:30,17,1
L7363359,CO,CO-NAR,,1.1229536,-77.9044782,"La Planda, Nariño, CO (1.123, -77.904)",2022-05-14 05:30,87,2
L7799406,CO,CO-CAL,,5.4112271,-75.7041498,"La Playa, Riosucio",2025-12-21 07:16,154,13
L31729465,CO,CO-SAN,,7.109125,-73.425966,"La Playa, Via Barrancabermeja - Bucaramanga",2026-08-19 08:07,157,126
L18783995,CO,CO-ANT,,6.2987855,-75.068872,La Posada De Las Aves,2026-09-27 06:21,238,233
L4677641,CO,CO-SAN,,7.0714769,-73.5207146,La Putana,2024-02-17 06:55,139,7
L9037782,CO,CO-MET,,3.3422137,-73.9411908,La Resevera,2026-09-24 07:19,279,404
L18238929,CO,CO-NSA,,8.254472,-73.3162136,La Rinconada,2022-11-25 10:51,12,1
L7085680,CO,CO-VAC,,3.2019625,-76.6143608,La Roca--Rio Claro,2024-08-07 08:48,52,4
L15743533,CO,CO-CAL,,5.081755,-75.6808849,"La Rochela, Santagueda",2026-09-20 07:05,107,21
L38099773,CO,CO-CAL,,5.078395,-75.5894644,"La Romelia, Manizales",2026-03-22 06:09,11,1
L9076208,CO,CO-VID,,3.9677193,-67.9669846,La Rompida,2026-08-16 10:38,312,368
L18246030,CO,CO-QUI,,4.6448402,-75.5876769,La Rosa De Los Vientos RNSC,2026-08-31 06:54,189,91
L50069487,CO,CO-MAG,,11.0053517,-74.6823094,La Ruta de los Colibríes,2026-09-25 07:13,124,78
L9208940,CO,CO-BOY,,5.6857368,-72.6349956,"La Salina de Sirguaza, Mongua"
L9214897,CO,CO-CAL,,5.399731,-75.310356,La Samaría--Parte Alta,2019-05-04 07:32,14,1
L69521510,CO,CO-CUN,,5.0409828,-74.3695986,La Selva Reserva Agroecológica y Cultural,2026-06-07 07:30,45,1
L28978964,CO,CO-RIS,,5.242565,-76.0760932,La Selva Road,2026-09-26 06:02,243,383
L65922016,CO,CO-SAN,,6.8644757,-73.3818948,La Siberia - Entrada PNN Serranía de los Yariguíes,2026-07-05 15:15,31,5
L26756282,CO,CO-VAC,,3.9829157,-77.2435641,La Sierpe,2025-11-03 20:45,165,103
L38657751,CO,CO-CAL,,5.2329592,-75.4064621,"La Sierra, Neira",2024-12-13 06:56,63,1
L3661854,CO,CO-PUT,,1.2060038,-76.8162775,"La Suzunga, Patoyaco",2023-05-13 06:06,81,9
L12557570,CO,CO-ANT,,6.1494943,-75.3106566,La Tierra de David,2025-06-16 14:19,25,3
L3170846,CO,CO-MAG,,11.1832014,-74.1503817,La Tigrera,2026-09-09 16:29,247,51
L26076736,CO,CO-SAN,,6.638606,-73.221656,"La Titina, Barichara",2026-07-17 10:00,85,28
L9496004,CO,CO-CAL,,5.497675,-75.1886387,"La Torre, Caldas",2025-01-03 08:49,182,49
L18836903,CO,CO-TOL,,3.8692,-75.557,La Tribuna,2026-06-02 05:50,11,2
L26305045,CO,CO-TOL,,4.332821,-75.514443,La Tribuna (Yellow-eared Parrot Hotspot),2026-08-20 17:00,138,152
L11999531,CO,CO-TOL,,4.4825757,-75.2498828,La Truchera,2026-06-26 09:21,39,7
L29034526,CO,CO-MET,,1.7933669,-74.159636,La Tunia,2024-01-31 17:21,24,4
L8841755,CO,CO-RIS,,4.7832348,-75.6642737,"La Ubaldina, Mundo Nuevo",2025-04-14 13:56,70,9
L10491153,CO,CO-CUN,,4.5034526,-73.9026247,La Unión,2026-09-10 10:08,88,28
L11356610,CO,CO-RIS,,4.8626885,-75.7396844,La Unión Coffee Farm,2020-11-21 21:18,58,3
L26677466,CO,CO-NAR,,1.2829328,-77.2815228,La Urselina,2025-06-21 14:45,11,2
L22982538,CO,CO-CUN,,4.9997826,-74.339594,La Vega--Casco Urbano,2026-07-10 08:44,58,23
L41920921,CO,CO-CUN,,4.9879821,-74.3418002,La Vega--Villa Aurora,2026-09-19 11:50,63,8
L26278886,CO,CO-ANT,,5.954464,-75.095794,"La Ventana, San Francisco",2026-09-19 06:29,204,37
L10236884,CO,CO-CAL,,5.3106535,-74.9181035,La Victoria--Cañón del Río Guarinó,2026-09-09 16:47,76,8
L19049583,CO,CO-CAL,,5.3406113,-74.8364944,La Victoria--La Lorena,2022-05-14 09:49,21,3
L12594369,CO,CO-CAL,,5.3407501,-74.9027792,La Victoria--Vda. Santa Isabel,2026-06-20 14:27,116,7
L20137112,CO,CO-BOY,,5.7350176,-72.8289042,"La Virgen De La Cascada, Monguí",2025-12-20 09:24,9,2
L12949272,CO,CO-CAL,,5.4124291,-75.1311625,"La Virgen, Pensilvania",2026-09-06 08:49,204,144
L58053361,CO,CO-CUN,,4.86155,-73.8546467,La Voz del Guache y El Colibrí,2026-08-26 12:09,49,4
L10421220,CO,CO-CAL,,5.0300466,-75.5245387,La casa de las dos palmas,2026-01-15 07:59,68,2
L36680005,CO,CO-SAN,,7.1073347,-73.4384826,La playa betulia santander
L8013411,CO,CO-TOL,,4.3549722,-75.1530603,Lago Aparco,2025-08-18 12:57,111,18
L10070822,CO,CO-CUN,,5.0027808,-74.1792931,Lago Arce,2026-06-27 10:02,47,20
L21717799,CO,CO-VAC,,3.9155775,-76.4819533,Lago Calima - Entrada 5,2026-08-22 09:32,125,43
L16821282,CO,CO-VAC,,3.9179106,-76.4665264,Lago Calima - Entrada Jiguales,2026-05-15 14:15,98,20
L5813173,CO,CO-VAC,,4.0785128,-76.2030253,Lago Chilicote,2025-11-22 06:30,83,76
L16333166,CO,CO-DC,,4.7077034,-74.0875594,Lago Club Los Lagartos,2026-09-04 15:17,80,14
L16208366,CO,CO-CUN,,4.6168764,-74.4181752,Lago Darío Valencia La Tinta,2026-09-18 06:25,188,56
L32499565,CO,CO-CAU,,2.2230135,-76.5068348,Lago El Acuario,2026-08-04 08:31,8,3
L4677973,CO,CO-CAU,,2.5726589,-76.6089803,Lago El Bolson,2026-09-04 10:12,156,140
L10247940,CO,CO-AMA,,-3.7791015,-70.3870449,Lago El Correo,2026-08-29 08:46,416,418
L7290938,CO,CO-CAU,,2.3805324,-76.6716635,Lago La Marquesa,2026-09-19 08:34,150,126
L16406787,CO,CO-HUI,,2.5312613,-75.3233188,"Lago Las Garzas, Algeciras",2022-07-29 10:05,47,12
L7676778,CO,CO-NAR,,1.006033,-77.7108505,Lago Nalnoa,2026-08-23 06:40,49,49
L12346862,CO,CO-VAC,,4.3904672,-75.8656881,Lago Palermo,2026-07-18 10:01,120,30
L4407990,CO,CO-CAU,,2.4678452,-76.5619826,Lago Pisoje,2024-10-18 12:07,38,3
L20848080,CO,CO-ANT,,6.1595854,-75.3709721,Lago Santander,2026-08-10 16:00,60,19
L2663965,CO,CO-AMA,,-3.7943731,-70.4271698,Lago Tarapoto,2026-09-14 14:49,415,369
L7372225,CO,CO-ANT,,6.328451,-75.5483222,Lago de Instituto Colombiano Agropecuario,2026-09-12 09:10,145,158
L17389491,CO,CO-BOY,,5.6520401,-73.0591973,"Lago de San Antonio, Firavitoba",2023-10-12 00:00,25,5
L4822831,CO,CO-BOY,,5.5429963,-72.9225254,Lago de Tota (utilice un hotspot más específico/use a more specific hotspot),2026-03-22 11:51,151,77
L9208660,CO,CO-BOY,,5.5489277,-72.8823783,Lago de Tota--La Peña,2026-07-11 13:40,38,13
L6697820,CO,CO-ATL,,11.0174422,-74.8931229,Lago del Cisne,2026-09-16 16:24,153,85
L18420357,CO,CO-CUN,,4.3228557,-74.7742545,Lagomar El Peñón,2025-11-09 12:54,41,3
L17101942,CO,CO-VAC,,4.3288743,-75.8331969,"Lagos Bellavista, Caicedonia",2026-07-15 10:30,101,22
L4411170,CO,CO-PUT,,0.5335158,-76.526615,Lagos Km 6 Via Santana - Puerto Asis,2026-07-25 08:30,137,50
L4283906,CO,CO-AMA,,-4.1895043,-69.958427,Lagos Yahuarcaca,2026-07-19 15:25,333,295
L9762588,CO,CO-VAC,,3.561995,-76.203977,Lagos de Maracaibo,2025-05-29 08:29,151,44
L7464789,CO,CO-VAC,,3.333224,-76.6077277,Lagos de Pance,2023-05-13 13:54,93,4
L6096855,CO,CO-VAC,,3.2403944,-76.5205318,Lagos de Pesca Deportiva Barú,2026-02-13 12:30,43,8
L11275136,CO,CO-AMA,,-3.804883,-70.408962,Laguna  Zancudo,2026-07-19 08:01,183,64
L724865,CO,CO-TOL,,4.4302778,-75.1644444,Laguna Aeropuerto - Ibagué,2026-02-01 16:14,171,17
L6989074,CO,CO-LAG,,11.3683839,-72.32759,Laguna Arrariajuy,2026-02-04 11:34,53,3
L3296498,CO,CO-SAP,,12.5484581,-81.7200449,Laguna Big Pond,2026-09-26 07:28,133,217
L7413797,CO,CO-MET,,4.276486,-72.2641397,Laguna Brava,2018-05-04 05:00,91,1
L9143354,CO,CO-CUN,,4.775426,-73.6837233,Laguna Bultrinconga,2026-05-09 10:12,21,5
L75986908,CO,CO-GUA,,3.921465,-68.0051417,Laguna Cajaro--Finca Venecia,2026-08-30 12:19,89,22
L9621499,CO,CO-LAG,,11.5162263,-72.8788632,Laguna Caricales,2019-06-10 09:30,13,1
L65924044,CO,CO-CAQ,,1.3695033,-74.8466487,Laguna Cartagena,2026-05-09 11:44,14,3
L21359488,CO,CO-NSA,,7.0102962,-72.6822452,Laguna Comagueta - finca el rincon de Comagueta,2026-09-06 10:00,93,138
L5841428,CO,CO-GUV,,2.7601051,-72.2380257,Laguna Damas de Nare,2026-05-12 13:24,399,198
L6599358,CO,CO-NAR,,0.8619651,-77.9181719,Laguna El Colorado,2024-05-11 06:41,11,1
L7117123,CO,CO-HUI,,2.8215439,-75.3321553,Laguna El Juncal,2026-08-01 06:57,212,201
L1252637,CO,CO-CUN,,5.0263256,-74.3283141,Laguna El Tabacal,2026-09-06 14:14,511,2337
L6689000,CO,CO-CUN,,5.0308499,-74.3313551,Laguna El Tabacal--Sendero a Las Cataratas,2026-07-10 15:13,216,63
L55106949,CO,CO-NSA,,7.0103284,-72.713209,Laguna El Tambor,2026-09-07 09:00,48,9
L4720762,CO,CO-CAQ,,1.5924906,-75.5777353,Laguna El Vaticano,2026-05-09 06:09,265,352
L44650173,CO,CO-ANT,,6.6586467,-74.7792533,Laguna La Argentina,2025-10-04 16:03,35,2
L1770863,CO,CO-NAR,,1.1002131,-77.1473694,Laguna La Cocha,2026-09-08 10:38,242,432
L7815452,CO,CO-CAQ,,0.999261,-75.914668,Laguna La Cocha de Curillo,2026-05-10 06:42,263,63
L7360823,CO,CO-CAS,,5.578716,-70.7219017,Laguna La Cristalina,2025-03-10 11:35,195,4
L7746069,CO,CO-CAQ,,-0.0794862,-74.2638405,Laguna La Culebra,2018-07-11 10:25,297,18
L7082009,CO,CO-MET,,3.3022394,-73.3603156,Laguna La Esquigia,2018-11-13 10:00,78,6
L6770354,CO,CO-ARA,,6.2019094,-71.8281412,Laguna La Guerrera,2022-01-02 06:00,54,2
L7874440,CO,CO-MET,,2.6164528,-72.7533966,Laguna La Herradura,2026-09-03 00:00,191,50
L7076985,CO,CO-MET,,4.1780577,-73.5607785,Laguna La Primavera,2026-06-19 10:30,98,22
L10233603,CO,CO-BOY,,5.7755643,-73.551179,Laguna Las Coloradas,2026-05-09 16:30,43,11
L4609843,CO,CO-TOL,,4.196368,-75.5844355,Laguna Las Mellizas - Roncesvalles,2023-04-22 11:37,86,5
L44991552,CO,CO-MET,,2.8820732,-72.0757256,Laguna Las Toninas,2026-05-09 16:26,43,8
L31767254,CO,CO-GUV,,2.6393225,-72.5218091,Laguna Los Cambulos,2026-05-09 05:45,44,3
L17011773,CO,CO-CUN,,4.4572223,-74.0884304,Laguna Los Soches,2025-04-13 09:12,30,7
L6769533,CO,CO-VID,,6.1732893,-67.8084278,Laguna Manati,2018-01-17 05:50,45,4
L9184901,CO,CO-CAQ,,1.466516,-75.4441852,Laguna Marsellas,2021-04-11 15:25,35,3
L19051162,CO,CO-VAU,,1.2913421,-70.1868868,Laguna Marucuari,2025-11-28 06:40,117,23
L2760905,CO,CO-GUV,,2.560556,-72.6645949,Laguna María Chiquita,2026-08-02 08:48,204,13
L44857189,CO,CO-GUV,,2.5615964,-72.6788175,Laguna María Grande,2026-05-09 07:00,23,2
L3170886,CO,CO-VID,,4.0235216,-68.0146194,Laguna Negra,2026-08-19 08:03,115,4
L5111990,CO,CO-VID,,3.9337022,-67.9156351,Laguna Negra,2026-01-06 14:15,134,13
L23739522,CO,CO-GUV,,2.5689093,-72.6926352,Laguna Negra - Carretera,2025-11-10 12:30,170,16
L4979884,CO,CO-CAL,,4.9802301,-75.335956,Laguna Negra Parque Temático,2026-09-26 10:42,165,3356
L3455776,CO,CO-CAQ,,-0.0507778,-74.588818,Laguna Peregrinos,2023-07-25 07:25,296,45
L21534405,CO,CO-CAQ,,-0.085461,-74.57702,Laguna Peregrinos —Caños,2023-07-27 07:19,132,7
L9205957,CO,CO-CAQ,,-0.03736,-74.59997,Laguna Peregrinos—Finca de Don Germán,2019-05-04 10:20,54,2
L7746084,CO,CO-CAQ,,-0.065848,-74.571619,Laguna Peregrinos—Finca de Don Gover,2023-07-27 15:56,313,67
L7746092,CO,CO-CAQ,,-0.047603,-74.575656,Laguna Peregrinos—Sendero de La Cotinga Roja,2023-07-23 13:49,304,49
L17348993,CO,CO-CAQ,,-0.064083,-74.578076,Laguna Peregrinos—Sendero de la Isla,2023-07-25 16:33,58,19
L21534471,CO,CO-CAQ,,-0.056568,-74.554027,Laguna Peregrinos—Sendero del Jaguar,2023-07-24 09:19,105,8
L5846242,CO,CO-ARA,,7.0691519,-70.7197827,Laguna Piquetierra,2026-09-15 15:23,180,56
L9921158,CO,CO-MET,,4.0085617,-73.6504486,Laguna Rosada,2026-07-19 07:33,89,25
L58980501,CO,CO-CUN,,4.5354006,-74.6087385,Laguna Salcedo,2026-06-03 15:19,123,10
L6811223,CO,CO-HUI,,2.3891708,-75.837707,"Laguna San Andrés, La Plata",2026-09-19 08:31,194,105
L31560496,CO,CO-CUN,,4.269239,-74.4409906,Laguna San José,2026-07-23 16:37,43,3
L7361109,CO,CO-CAU,,2.369796,-76.3521266,Laguna San Rafael,2026-04-06 12:14,83,38
L20889674,CO,CO-BOY,,5.8067796,-73.1455994,Laguna Seca o de Marcura,2026-05-30 15:41,88,13
L10175063,CO,CO-DC,,4.560763,-74.0222903,Laguna Teusacá,2026-08-10 15:21,33,10
L668737,CO,CO-CAS,,4.8865005,-72.4055672,Laguna Tinije,2026-05-08 18:01,199,56
L724640,CO,CO-TOL,,4.502733,-74.9935877,Laguna Ventaquemada - Alvarado,2026-08-30 16:32,165,23
L12047822,CO,CO-CUN,,5.2193824,-74.0001728,Laguna Verde,2026-08-22 07:00,31,8
L17106692,CO,CO-CUN,,4.505873,-74.378933,Laguna Verde,2023-07-14 07:55,115,14
L17115004,CO,CO-CUN,,4.4944569,-74.3889349,"Laguna Verde Granada, Cundinamarca",2023-02-10 08:43,92,7
L26345572,CO,CO-SAN,,6.694828,-72.8105593,"Laguna Verde, Molagavita",2026-07-06 14:07,30,2
L7746128,CO,CO-PUT,,-0.1830993,-74.8151411,Laguna de Bermeo,2025-11-28 09:02,95,10
L9637559,CO,CO-LAG,,11.3061628,-73.1386457,Laguna de Cari cari,2025-11-19 10:36,148,4
L10678553,CO,CO-MET,,4.5805078,-71.3346803,"Laguna de Carimagua, Meta-Puerto Gaitán",2024-10-26 08:31,183,22
L18624487,CO,CO-CUN,,5.2840632,-73.7877904,Laguna de Cucunubá,2026-07-08 09:09,61,22
L30657611,CO,CO-CUN,,5.2864834,-73.7897177,Laguna de Cucunubá - Sector Occidental,2024-05-16 07:55,21,2
L30657668,CO,CO-CUN,,5.2800425,-73.7826024,Laguna de Cucunubá - Sector Oriental,2026-07-17 15:13,48,9
L465391,CO,CO-NAR,,0.9506935,-77.8182435,Laguna de Cumbal/Laguna de La Bolsa,2026-08-21 16:17,114,68
L30657841,CO,CO-CUN,,5.4586582,-73.7438527,Laguna de Fúquene - Espejo de agua,2026-08-09 15:00,70,24
L30555073,CO,CO-CUN,,5.4687055,-73.734827,Laguna de Fúquene - Isla El Santuario,2025-07-19 09:11,44,10
L30555318,CO,CO-BOY,,5.4821277,-73.7274085,Laguna de Fúquene - Sector Norte (San Miguel - Ráquira),2026-03-12 09:52,24,5
L654305,CO,CO-CUN,,5.461157,-73.7682954,Laguna de Fúquene - Sector Occidental (Muelle),2026-07-25 11:08,208,544
L25179946,CO,CO-CUN,,5.4165375,-73.7366308,Laguna de Fúquene - Sector Oriental (Capellania a Tagua-Guachetá),2025-07-10 08:26,39,8
L30555692,CO,CO-CUN,,5.4957156,-73.7807241,Laguna de Fúquene - Sector Río Suárez (Susa),2026-02-06 09:09,68,14
L30387208,CO,CO-CUN,,5.4364368,-73.7538311,Laguna de Fúquene - Sector Sur (El Roble),2026-08-15 13:46,81,88
L30658216,CO,CO-CUN,,5.4556769,-73.7218991,Laguna de Fúquene - Sector oriental (Tagua),2026-03-24 09:51,40,31
L6512739,CO,CO-HUI,,1.9608269,-76.0743034,Laguna de Guaitipan,2026-09-20 16:22,121,21
L2919882,CO,CO-CUN,,4.9777599,-73.7760258,Laguna de Guatavita,2026-08-15 10:00,152,157
L24557778,CO,CO-HUI,,1.9608055,-76.0790777,Laguna de Guatipán Ancestral,2026-04-23 10:58,73,5
L2804945,CO,CO-CUN,,4.6914856,-74.2772663,Laguna de La Herrera,2026-07-17 07:14,168,223
L2613301,CO,CO-GUA,,3.8556825,-67.9346466,Laguna de Las Brujas,2026-06-25 08:25,199,35
L26351151,CO,CO-SAN,,6.7062384,-72.8711878,"Laguna de Los Ortices, San Andrés",2026-07-12 08:13,45,5
L19328260,CO,CO-CUN,,5.2603371,-73.8057034,Laguna de Palacio,2026-08-15 07:02,48,12
L1156336,CO,CO-CUN,,4.6836883,-74.3870544,Laguna de Pedro Palo,2026-08-02 13:19,464,523
L4705645,CO,CO-CAL,,5.6500242,-74.960382,Laguna de San Diego,2026-08-13 10:52,267,114
L7351082,CO,CO-ATL,,10.6312345,-75.1781988,Laguna de San Juan de Tocagua,2026-08-14 09:30,175,97
L35597923,CO,CO-LAG,,11.400917,-73.072755,Laguna de Sequie,2026-08-12 09:18,151,54
L3326968,CO,CO-CUN,,4.7635134,-73.8491857,Laguna de Siecha,2026-06-30 07:50,123,74
L7372083,CO,CO-CUN,,5.1881226,-73.7826777,Laguna de Suesca,2026-05-09 06:20,59,27
L33498710,CO,CO-CUN,,4.499989,-73.9353454,Laguna de Ubaque,2026-09-11 08:46,89,25
L3170839,CO,CO-MAG,,10.1402419,-74.7387028,Laguna de Zapaya--Punta Algodonal,2025-11-05 14:27,122,6
L20992709,CO,CO-CUN,,4.5282153,-74.330823,Laguna de los Patos,2022-09-11 07:00,37,2
L27814237,CO,CO-RIS,,5.1304507,-75.9286448,Laguna de los SieteCueros,2026-08-29 10:08,151,17
L3435714,CO,CO-BOL,,10.4377711,-75.5299598,Laguna del Cabrero,2026-08-07 07:56,114,97
L7368952,CO,CO-CAQ,,1.2519984,-74.8059511,Laguna del Chairá,2026-05-09 09:10,206,16
L58700908,CO,CO-CAQ,,1.3151836,-74.8363846,Laguna del Muerto,2026-05-09 08:05,153,16
L21060093,CO,CO-QUI,,4.0795316,-75.7652258,Laguna del Muñeco,2022-09-28 07:21,17,5
L5694414,CO,CO-RIS,,4.7822138,-75.4137218,Laguna del Otún,2026-07-19 07:02,147,112
L7001085,CO,CO-VAC,,3.4374697,-76.4852124,Laguna del Pandaje - Humedal Charco Azul,2026-09-18 11:40,92,35
L19126193,CO,CO-TOL,,5.2868257,-74.8600378,"Laguna del Silencio, Mariquita,  Tolima",2026-09-09 14:43,129,23
L36416113,CO,CO-MET,,2.2465574,-73.7607908,Laguna del silencio,2026-09-23 08:47,298,115
L8706765,CO,CO-VAC,,3.7133799,-75.9665909,"Laguna el Encanto, PNN Las Hermosas",2019-02-26 06:00,4,4
L8410754,CO,CO-GUV,,2.648239,-72.505387,Laguna los Cámbulos,2026-03-30 13:15,328,250
L465380,CO,CO-TOL,,4.6496667,-75.2233333,Lagunas Bombona y Vancouver,2025-01-10 09:22,27,2
L11520947,CO,CO-CUN,,4.75194,-73.83192,Lagunas de Buitrago,2026-09-23 15:59,30,13
L8928793,CO,CO-VAC,,4.7030866,-75.9332675,Lagunas de Oxidación de EMCARTAGO E.S.P.,2026-07-18 07:51,112,128
L6794553,CO,CO-MAG,,10.8997067,-73.9034522,Lagunas de Sevilla,2026-08-29 06:54,118,353
L10274511,CO,CO-CUN,,4.7569762,-73.895992,Lagunilla Guasca,2019-12-01 06:55,3,1
L19849451,CO,CO-SAN,,6.2140516,-73.8119259,Landazuri Via El Retiro,2022-06-26 06:00,13,1
L56722602,CO,CO-SAN,,6.9031483,-73.2960683,Las Acacías [Black Inca House],2026-05-10 07:58,38,6
L39546717,CO,CO-SAN,,7.216,-73.16,Las Bocas - Girón,2025-01-18 14:20,71,1
L16475211,CO,CO-CUN,,4.7714784,-74.4668957,Las Brisas Birding,2024-06-22 10:22,62,8
L17394233,CO,CO-CAS,,4.8214917,-72.3743033,Las Brisas del Cusiana,2025-09-28 20:30,220,175
L9037377,CO,CO-CUN,,4.77655,-74.46782,Las Camelias,2019-04-13 16:00,20,3
L28883984,CO,CO-CUN,,4.4921463,-74.4707394,Las Cascadas Viota Cundinamarca,2021-01-10 08:00,43,2
L9217228,CO,CO-BOY,,4.851339,-73.2635238,Las Isabeles,2026-04-05 06:44,70,8
L55483258,CO,CO-SAN,,5.9653268,-73.0855179,Las Lagunas Encantadas,2025-11-25 14:30,12,1
L16195301,CO,CO-HUI,,2.0868717,-75.8897047,"Las Lajas, Tarqui",2022-05-14 09:48,81,5
L9796744,CO,CO-NAR,,1.616295,-78.719295,Las Lomitas,2024-08-07 09:37,72,13
L8355430,CO,CO-TOL,,3.5066292,-75.4445978,Las Mangas,2019-01-04 06:38,53,3
L14609566,CO,CO-LAG,,11.056591,-72.9304781,Las Marimondas-Los Gorros,2024-05-11 10:00,93,6
L27585449,CO,CO-TOL,,4.91328,-75.0581,Las Mercedes,2026-09-14 17:53,97,39
L9212447,CO,CO-TOL,,4.173716,-75.011025,"Las Mercedes, Guamo",2019-05-04 06:30,48,1
L51397358,CO,CO-CUN,,4.3405303,-74.4670533,Las Mercedes: Finca Cafetera,2026-05-31 15:34,154,81
L10062244,CO,CO-TOL,,4.564754,-75.3208403,Las Perlas,2026-09-12 10:39,123,18
L57644995,CO,CO-BOL,,10.517054,-75.4703879,Las Ramblas,2026-07-31 18:20,104,43
L856448,CO,CO-CHO,,5.8206127,-76.1726761,Las Tangaras ProAves Reserve,2026-08-14 06:12,575,3568
L10438971,CO,CO-TOL,,4.335598,-75.39994,Laureles,2020-02-11 06:35,9,1
L11787327,CO,CO-AMA,,-4.2231703,-69.9449793,Leticia--Muelle Victoria Regia,2026-09-23 08:16,249,460
L39958102,CO,CO-AMA,,-4.2156923,-69.9450864,Leticia—Malecón,2026-09-12 13:26,196,137
L21658072,CO,CO-CUN,,4.3771812,-74.4981544,Liberia Alta,2026-09-07 13:21,72,1
L23111018,CO,CO-VAU,,1.226429,-70.228272,Linea Bocatoma -- Bosque de Arenas Blancas entre Puente nuevo y Puente viejo,2026-06-03 15:43,202,77
L50839114,CO,CO-VAU,,1.2230954,-70.2283774,Linea Bocatoma -- Caño Mico Bosque Primario,2026-02-12 16:32,139,6
L50839552,CO,CO-VAU,,1.2190645,-70.228879,Linea Bocatoma -- Chagra y rastrojo grande,2026-08-12 15:28,212,19
L23110980,CO,CO-VAU,,1.215305,-70.230564,Linea Bocatoma -- Pedregal de arenas blancas,2026-03-07 06:57,111,10
L50839714,CO,CO-VAU,,1.2128511,-70.2318064,Linea Bocatoma -- Rastrojo y Bque secundario después de Caño,2026-03-07 08:48,147,7
L11253756,CO,CO-VAC,,3.697635,-76.9583154,"Llano Bajo, Río Anchicayá",2015-12-09 07:00,79,4
L11336740,CO,CO-VAC,,3.6833059,-76.9725351,"Llano Bajo, Río Bartolo",2015-12-04 08:00,56,3
L70916885,CO,CO-CUN,,4.9988199,-74.1026974,Llano Grande,2026-06-21 06:00,30,0
L7351054,CO,CO-TOL,,3.719554,-75.4844141,Llano de Cuira,2025-12-29 14:08,80,11
L32071093,CO,CO-ANT,,6.6927654,-74.760321,Llanogrande - Vereda San Mauricio,2026-07-10 06:30,110,18
L40802131,CO,CO-TOL,,4.3267717,-75.17079,Llanos Del Combeima--Mirador de La Meseta,2025-03-23 08:56,79,7
L12763421,CO,CO-ANT,,6.8303627,-75.4941669,Llanos de Cuivá--Yarumal,2026-08-31 09:05,140,334
L5083749,CO,CO-MET,,2.1938969,-73.9496183,Llanura del Yarí--El Vergel,2023-07-01 11:58,105,8
L61029984,CO,CO-CUN,,4.3286096,-74.5487916,Localidad Centro Agroturistico y Parque de Aventura La Bolsa,2026-06-07 09:30,46,6
L10079498,CO,CO-CAL,,5.0890114,-75.5333151,Lodge Paraíso Verde - Manizales,2026-09-27 07:00,324,2111
L1320207,CO,CO-VAC,,3.8406017,-76.3903427,Loma Chiquique,2011-10-31 16:00,61,4
L65395078,CO,CO-SAN,,5.859914,-73.9654991,Loma De Lolita La Belleza Santander,2026-05-09 17:05,33,11
L19356852,CO,CO-SAN,,7.0993596,-73.0847239,Loma Merchan,2026-08-30 10:32,279,268
L55897023,CO,CO-CHO,,8.472762,-77.25304,Loma de La Caleta,2025-12-12 10:58,35,8
L4876867,CO,CO-CHO,,6.225092,-77.413975,Loma de La Virgen,2026-09-12 12:08,202,63
L6256771,CO,CO-ANT,,6.1984216,-75.5607542,Loma de Los Parra,2026-08-11 17:51,109,33
L11439363,CO,CO-ANT,,6.1687109,-75.5664313,"Loma del chocho, Envigado",2026-09-08 07:50,87,10
L8090177,CO,CO-NAR,,1.230401,-77.280433,Lomas de Tescual,2026-05-06 23:09,151,159
L16304981,CO,CO-VAC,,3.3011936,-76.5553812,Lomas del Viento,2025-02-23 15:30,129,11
L10363639,CO,CO-CAL,,5.4700817,-75.7096704,Lomitas - San lorenzo,2026-03-05 09:24,111,5
L21666189,CO,CO-CHO,,5.7132827,-76.3830977,Lora Carirosada ProAves Reserve,2026-09-23 07:40,263,342
L9220825,CO,CO-QUI,,4.1733558,-75.7342671,Loro Coroniazul ProAves Reserve,2025-11-03 05:35,329,1185
L3173475,CO,CO-TOL,,4.0853772,-75.7056573,Loros Andinos ProAves Reserve,2024-10-09 08:42,201,499
L10008542,CO,CO-VAC,,3.4275298,-76.6232625,Los Andes,2026-05-13 08:49,75,10
L15908408,CO,CO-COR,,8.9903472,-75.3643916,Los Angeles,2021-07-18 06:30,29,1
L23435885,CO,CO-BOY,,5.402748,-72.711166,"Los Cables, Vereda Corinto, Pajarito",2026-03-21 15:30,37,7
L29364890,CO,CO-HUI,,1.8159086,-76.2294355,Los Cauchos,2026-02-23 17:59,31,4
L9166170,CO,CO-GUV,,2.5623831,-72.6517792,Los Guardianes del Encanto,2019-08-06 12:15,2,1
L8539860,CO,CO-CUN,,4.6692697,-73.9690375,Los Lagos,2026-09-07 14:17,39,14
L10146350,CO,CO-ANT,,6.812566,-75.147459,Los Mangos,2026-09-13 08:10,235,209
L11403664,CO,CO-BOY,,5.4909656,-74.1740549,Los Pinos 2,2021-10-10 08:37,18,13
L60255093,CO,CO-VAC,,3.4221953,-76.5994769,Luna Nueva Eco,2026-09-04 10:30,97,19
L51469466,CO,CO-TOL,,4.8631001,-74.9076766,Lérida--Casco Urbano,2026-05-09 05:11,31,1
L65702267,CO,CO-TOL,,4.9236948,-75.0616139,Líbano--Parque Infantil,2026-06-06 07:05,21,2
L11056672,CO,CO-CUN,,4.5242713,-74.5366914,"MESA DE YEGUAS, ANAPOIMA C/MARCA",2025-10-18 10:48,46,2
L16603627,CO,CO-CAU,,1.7191453,-76.5728617,MI SANTUARIO ATRACTIVO TURISTICO,2023-10-14 07:00,71,3
L53431315,CO,CO-VAC,,3.8649997,-76.3864696,"MINIfinca La Comarca, Yotoco",2026-05-09 20:06,26,6
L66224569,CO,CO-CUN,,4.2525657,-73.8228624,"MONTERREDONDO, CASA ROJA",2026-05-09 17:55,2,2
L8006026,CO,CO-CUN,,4.642516,-74.4502543,Macadamia Bosque Aventura,2026-01-08 15:54,127,17
L9492452,CO,CO-BOY,,4.9708875,-73.3212931,Macanal área urbana,2026-06-29 16:31,43,13
L12537225,CO,CO-CUN,,5.0021694,-73.6039832,Macheta--Vereda Lagunillas,2020-10-17 07:35,36,3
L17006939,CO,CO-RIS,,4.9316636,-75.6144816,Macondos Colombia,2026-02-11 15:00,62,5
L36628402,CO,CO-CHO,,5.610707,-77.43593,Madre Selva Ecolodge,2026-08-26 07:56,63,6
L21289841,CO,CO-PUT,,0.4926094,-76.4971065,Madre Vieja Río Putumayo,2026-07-08 13:15,220,141
L3006688,CO,CO-VAC,,3.7297344,-76.3977051,Madrevieja Chiquique,2017-11-16 13:00,35,2
L9390821,CO,CO-CAQ,,1.6417467,-75.1585898,Maguaré,2026-01-21 15:24,106,14
L13311120,CO,CO-CAL,,5.2114339,-75.6378089,Makadamia,2026-05-10 15:06,65,6
L26345387,CO,CO-SAN,,6.7372358,-72.7576447,"Malaga, Cueva Pintada",2023-04-04 11:14,11,1
L16392205,CO,CO-TOL,,4.2030425,-74.6497883,"Malecon Río Sumapaz, Melgar",2025-06-18 10:14,103,52
L7174803,CO,CO-CAS,,5.4235538,-71.7357826,Malecon de San Luis de Palenque,2025-02-18 17:06,70,16
L16594780,CO,CO-CAS,,4.7871358,-71.3394197,Malecón Orocue-Casanare,2026-07-09 05:24,58,5
L58323124,CO,CO-LAG,,11.5535303,-72.9067755,Malecón Playa,2026-09-27 16:00,53,24
L6695349,CO,CO-ATL,,11.0261558,-74.800002,Malecón Puerta de Oro,2026-09-26 16:05,179,636
L53814361,CO,CO-NSA,,7.8717398,-72.5000299,"Malecón, Cúcuta",2025-06-22 09:30,3,1
L13644550,CO,CO-HUI,,3.2228055,-75.2236988,"Malecón, Villavieja",2026-07-23 16:04,148,63
L13229494,CO,CO-NAR,,1.1725046,-77.9094884,Mallama y Alrededores,2026-09-22 06:50,180,2047
L5119631,CO,CO-CUN,,5.07405,-73.546503,Malu del Rio Resort,2026-08-29 09:21,30,6
L13293306,CO,CO-CAL,,5.6495117,-74.776125,Mamálu Conexión Natural,2025-09-18 16:53,53,3
L59563475,CO,CO-CUN,,5.0468287,-74.3101501,Manai: Cascadas del Chupal,2026-07-08 12:19,30,3
L10711459,CO,CO-RIS,,5.0222878,-75.7494636,Manakin Paradise,2025-05-10 14:55,115,6
L10733037,CO,CO-RIS,,4.9894149,-75.7451504,Manakin paradise,2020-02-10 09:11,12,1
L22760830,CO,CO-SAN,,7.141509,-73.340808,Manantial de la Aurora - Carretera,2026-01-18 12:12,131,35
L24380245,CO,CO-CAL,,5.0100528,-75.4139806,Manantiales,2023-05-13 05:30,60,2
L13877471,CO,CO-CAL,,5.0329083,-75.3731171,Manantiales de Siberia,2026-03-11 07:37,78,5
L9224178,CO,CO-CAU,,2.9620179,-77.6672913,Manglar Reserva Kokoi Euja,2023-10-07 13:12,52,2
L13851785,CO,CO-TOL,,4.1939742,-74.7262132,Mangoo Glamping,2021-03-21 05:30,90,7
L17520435,CO,CO-CAL,,5.0638968,-75.50725,Manizales--Casco Urbano,2026-05-01 13:30,44,12
L32033602,CO,CO-CAL,,4.9894144,-75.5778694,Manizales--Vda. Rioclaro,2026-06-20 06:07,90,3
L54980817,CO,CO-CUN,,4.8424476,-74.342661,Mansilla--Facatativá,2026-07-12 09:49,50,15
L52858717,CO,CO-CUN,,5.0089304,-73.5394402,Manta--Estadio Municipal
L9202596,CO,CO-HUI,,2.7621808,-75.1635366,Manzanares - Santa Rosa PNR Siberia Ceibas,2024-12-10 16:09,64,11
L46682298,CO,CO-CAL,,5.236156,-75.170758,"Manzanares, Romeral Nido guacharos",2026-08-17 06:46,16,2
L38532592,CO,CO-CAL,,5.261478,-75.0759315,Manzanares--Vda. San Juan La Siria,2026-06-15 10:00,2,0
L16853723,CO,CO-CHO,,6.3613181,-77.3703629,Mapara Crab Lodge,2021-06-04 07:40,74,1
L14049555,CO,CO-MET,,2.8925512,-72.1362053,Mapiripán--Casco Urbano,2026-09-04 06:40,240,119
L45091970,CO,CO-MET,,2.8896672,-72.1298517,Mapiripán--Malecón,2026-05-04 12:50,52,10
L31249719,CO,CO-TOL,,4.2562219,-74.7908469,Maradentro - Potreros Inundables y Río,2026-02-21 14:45,54,3
L38557170,CO,CO-BOL,,10.2264383,-75.5798667,Marina de Baru,2026-05-27 11:59,135,84
L6551539,CO,CO-VAC,,3.4262745,-76.5721291,Mariposario Andoke,2026-09-11 05:47,78,16
L3855492,CO,CO-PUT,,1.0880424,-76.6305453,Mariposario Paway,2026-05-30 11:10,199,181
L7886017,CO,CO-TOL,,4.4555693,-75.1946978,Mariposario del Tolima,2026-08-06 16:11,143,66
L6106171,CO,CO-TOL,,4.1396502,-74.933989,Mariposas de La Granja,2026-05-09 06:35,111,11
L11057514,CO,CO-CAL,,5.2782767,-75.0703509,Marquetalia,2025-03-30 09:58,81,7
L11441868,CO,CO-CAL,,5.2969403,-75.0546247,Marquetalia--Casco Urbano,2026-08-26 06:38,337,1244
L11394100,CO,CO-CAL,,5.2865484,-75.0550845,Marquetalia--Mirador de Alegrías,2026-09-21 13:49,179,192
L11080883,CO,CO-CAL,,5.2854393,-75.0599837,Marquetalia--Vda Cucuta,2026-08-26 07:31,90,36
L11351211,CO,CO-CAL,,5.2934772,-75.0572032,Marquetalia--Vda. Alegrías,2026-09-16 07:27,111,35
L11144064,CO,CO-CAL,,5.2811647,-75.040835,Marquetalia--Vda. Campo Alegre,2020-04-13 08:28,51,5
L11391636,CO,CO-CAL,,5.2892479,-75.0484108,Marquetalia--Vda. Campo Alegre,2026-03-08 12:27,24,5
L10981006,CO,CO-CAL,,5.2923524,-75.0636127,Marquetalia--Vda. La Estrella,2026-08-12 11:20,98,40
L11444108,CO,CO-CAL,,5.3007168,-75.0628324,Marquetalia--Vda. La Palma,2025-03-07 08:26,31,3
L11529987,CO,CO-CAL,,5.3275681,-75.0474299,Marquetalia--Vda. Patio Bonito,2020-05-23 14:00,20,1
L24018969,CO,CO-CAL,,5.2840073,-75.2589068,Marulanda--Casco Urbano,2026-07-20 13:37,42,8
L27815579,CO,CO-SAP,,12.52125,-81.724577,Massalli Lodge,2026-09-26 06:52,44,58
L7201215,CO,CO-SAN,,7.0833042,-73.3684746,Mata De Cacao - Embalse Topocoro,2026-03-10 07:02,152,31
L21687763,CO,CO-VID,,4.5080352,-67.8971547,Mataven - La Urbana,2025-02-01 08:00,115,15
L24053056,CO,CO-BOL,,10.3531824,-75.4326347,Matute Birding Nature Reserve,2026-09-22 07:23,272,890
L807023,CO,CO-ANT,,6.2142478,-75.5658531,Medellin--El Poblado (comuna),2026-09-13 06:32,173,241
L11412999,CO,CO-CUN,,4.5104542,-73.3506949,Medina--Casco Urbano,2026-07-13 07:55,53,10
L8942272,CO,CO-CUN,,4.4939046,-73.4040379,Medina--Escuela Periquito,2026-04-16 15:15,60,3
L14870572,CO,CO-CUN,,4.512872,-73.340322,Medina--La Virgen,2026-07-14 07:33,89,8
L26902840,CO,CO-VAC,,3.8170719,-76.6526099,Medio Carrizal,2026-01-20 06:57,184,56
L8273895,CO,CO-MET,,3.5532656,-73.6927625,Mega Colegio Brisas de Iriqé,2026-07-28 06:57,117,42
L11381806,CO,CO-TOL,,4.2062174,-74.6449542,Melgar,2026-07-04 16:13,92,12
L9019158,CO,CO-CUN,,5.3063441,-74.1943825,Mencipa,2026-06-20 08:41,88,5
L24291979,CO,CO-MET,,4.000873,-73.815136,Meraki Ecoturismo,2026-08-30 10:39,138,72
L44550803,CO,CO-CUN,,4.2799121,-74.4373544,Mesa Alta,2025-05-31 06:47,59,10
L7235393,CO,CO-CUN,,4.524544,-73.361319,Mesa de Cura,2025-03-29 14:49,136,15
L8399661,CO,CO-CUN,,4.5049482,-74.5328555,Mesa de Yeguas Country Club - Sector El Lago,2026-08-09 17:28,146,40
L13429466,CO,CO-TOL,,5.2134954,-74.7412494,"Mesa de los Palacios, Honda",2026-01-18 14:37,60,6
L4873497,CO,CO-MET,,3.3738446,-74.0337136,Mesetas—Finca El Porvenir,2026-09-03 07:45,73,12
L17482784,CO,CO-CUN,,4.5830193,-74.4447174,Mesitas del Colegio,2018-11-09 10:00,7,1
L16323932,CO,CO-TOL,,4.4343801,-75.2142301,Metaima 1,2026-05-11 08:43,9,0
L21021415,CO,CO-CAQ,,1.3418908,-75.9690808,Mi Bello Atardecer,2025-11-23 06:30,80,9
L16597505,CO,CO-CUN,,4.610172,-74.362068,Mi Caprichito,2021-10-09 10:10,28,4
L9995927,CO,CO-CUN,,4.5710348,-74.3185186,Mi Granja Ecoaventura,2025-10-11 06:20,30,1
L11253041,CO,CO-VAU,,1.157936,-70.008596,Microcentral Hidroeléctrica de Mitú (MCH),2026-08-28 09:48,246,55
L7565310,CO,CO-TOL,,5.1509401,-75.0804696,Microcuenca Campeón,2018-06-07 06:13,39,2
L7565341,CO,CO-CAL,,5.3679633,-75.1149631,Microcuenca El Congal,2023-03-19 15:21,93,10
L5842930,CO,CO-VAC,,4.785,-76.2284444,Microcuenca El Jordán,2025-02-16 09:24,59,5
L55711935,CO,CO-SAN,,6.848603,-73.4030546,Microcuenca Las Cruces,2026-07-15 12:28,109,7
L4808618,CO,CO-VAC,,3.8486402,-76.787372,Microcuenca Quebrada Pericos,2026-04-09 06:17,281,138
L21520258,CO,CO-CAL,,4.9525644,-75.5385227,Microcuenca Río Claro--Zona Cafetera Alta,2022-11-12 07:12,21,4
L12098221,CO,CO-CAL,,5.308818,-75.105197,Microcuenca Unión Esperanza Reserva Forestal,2020-08-17 07:49,14,1
L29220896,CO,CO-CAL,,5.4625105,-75.7192728,Milenaria,2026-09-25 06:38,140,96
L12678650,CO,CO-CAL,,5.0480319,-75.409832,Minas de Maltería - Progel,2026-08-07 07:59,97,19
L1161669,CO,CO-MAG,,11.1436242,-74.1168702,Minca (y alrededores/general area),2026-09-24 06:12,427,2420
L2886755,CO,CO-MAG,,11.1442509,-74.1129902,Minca Serrana,2026-09-19 08:46,255,159
L16785227,CO,CO-NAR,,1.1044077,-77.467533,Minda,2026-05-09 10:48,73,7
L31103323,CO,CO-LAG,,11.2154446,-73.4013915,Mingeo--Casco Urbano,2026-09-18 09:23,31,1
L9157732,CO,CO-VAC,,4.2310195,-76.3284345,Mira Valle alto Bonito,2019-05-04 05:49,70,3
L17550319,CO,CO-MET,,4.0342872,-73.7949814,Mirador Alpe D'Huez,2026-07-19 17:36,81,26
L22305134,CO,CO-ANT,,6.0436623,-75.2882487,Mirador Alto De Boquerón,2026-09-13 15:04,162,92
L33479848,CO,CO-TOL,,4.486381,-75.202479,Mirador Ambalá,2026-06-29 13:53,148,29
L5839194,CO,CO-VAC,,3.46532,-76.1860281,Mirador Barlovento,2025-10-09 09:36,207,38
L16507504,CO,CO-TOL,,4.4649024,-75.2132585,"Mirador Calambeo, Ibagué",2024-12-10 07:11,56,3
L38477127,CO,CO-BOY,,5.90999,-74.3141717,Mirador Cielo Roto,2026-05-09 07:27,88,6
L36415212,CO,CO-MET,,2.2223287,-73.8074505,Mirador Cristalitos,2026-05-09 10:27,119,18
L26067053,CO,CO-CUN,,4.8907861,-74.0801665,Mirador Cruz de Lourdes,2026-05-22 13:16,44,18
L23140333,CO,CO-CAU,,1.3679667,-76.5158517,Mirador De La Casita Azul,2026-05-09 15:27,144,55
L6766406,CO,CO-CAS,,5.3488212,-72.4174118,Mirador De La Virgen De Manare,2026-09-12 17:10,212,69
L19607149,CO,CO-ANT,,6.1547492,-75.6655326,Mirador Del Pino,2026-02-23 08:07,88,17
L60016045,CO,CO-ANT,,5.70161,-75.2496917,Mirador Del Páramo De Sonsón,2026-09-26 09:42,95,26
L7817694,CO,CO-MET,,4.1661876,-73.6805401,Mirador Don Yo,2026-06-05 12:38,250,566
L8566271,CO,CO-DC,,4.726128,-74.0216617,Mirador El Cedro,2026-08-06 13:52,39,5
L17119877,CO,CO-CUN,,4.5373788,-74.3537809,Mirador El Silencio,2021-11-08 07:00,31,2
L18501681,CO,CO-SAN,,7.1549646,-73.0832383,Mirador Embalse Tona,2026-06-25 07:40,35,4
L11609908,CO,CO-CUN,,4.7994975,-74.5169526,Mirador Huitzilin,2020-06-07 06:00,102,3
L11424856,CO,CO-HUI,,2.4170474,-75.4936266,Mirador La Mano del Gigante & Nómada Glamping,2026-08-18 15:02,153,42
L9220395,CO,CO-TOL,,4.9290384,-75.0798518,Mirador La Polca,2026-07-19 07:00,105,26
L9966327,CO,CO-CUN,,5.1395127,-74.3917845,Mirador Las Salinas,2018-05-28 05:30,3,2
L14882959,CO,CO-TOL,,4.5424528,-75.3462833,Mirador Los Venados,2021-05-07 08:00,28,2
L12674734,CO,CO-CUN,,4.5807883,-74.2977905,Mirador Salto del Tequendama,2026-06-03 07:30,35,10
L37343396,CO,CO-CAQ,,1.7142906,-75.2944263,Mirador Tierras Munay,2026-08-05 15:37,130,27
L44926891,CO,CO-SAN,,6.690857,-73.4926386,Mirador Turístico Las Orquídeas
L44929561,CO,CO-SAN,,6.7100397,-73.4949307,Mirador Turístico Las Orquídeas,2025-05-10 05:00,5,1
L21012793,CO,CO-VAC,,3.4303711,-76.6580415,Mirador Verdeplata,2026-02-15 10:57,260,153
L39530840,CO,CO-CUN,,4.4414033,-74.3119526,Mirador de Aves,2025-02-01 15:08,22,4
L37192121,CO,CO-NAR,,1.139928,-77.1621323,Mirador de Aves - La Cocha,2026-07-16 08:24,71,58
L24314130,CO,CO-VAC,,3.9306587,-76.1747696,Mirador de Buenos Aires - Buga,2026-09-06 07:22,257,193
L10888671,CO,CO-CUN,,4.509053,-74.494334,Mirador de Calichana,2021-12-26 05:21,39,5
L16495769,CO,CO-VAC,,4.8603884,-76.0574729,Mirador de Caneco,2021-09-27 15:29,61,5
L33191113,CO,CO-TOL,,4.0009631,-75.6141908,Mirador de Las Palmas Roncesvalles,2026-05-09 10:33,80,25
L4617614,CO,CO-CAU,,1.0650975,-76.4927816,Mirador de Las Tangaras--Miraflor,2024-04-08 05:51,255,31
L4593619,CO,CO-CAQ,,1.818227,-75.6666058,Mirador de Los Tucanes,2026-08-23 12:13,403,511
L35943521,CO,CO-GUV,,2.5732588,-72.7661116,Mirador de Narigua,2026-04-02 15:23,22,2
L46707574,CO,CO-VAC,,4.8925486,-76.0391483,Mirador de Nido del Águila,2026-05-24 10:28,110,23
L5237976,CO,CO-QUI,,4.6406326,-75.5667436,Mirador de Salento,2026-09-13 16:16,266,502
L11397192,CO,CO-BOY,,4.816031,-73.159665,Mirador de San Luis de Gaceno,2026-09-07 07:21,95,37
L7976020,CO,CO-VAC,,3.7418753,-76.0787415,Mirador de Tenerife,2026-05-10 05:51,291,247
L15917841,CO,CO-CAQ,,1.704696,-75.70144,Mirador del Jacamar,2025-10-04 07:40,140,64
L7842863,CO,CO-HUI,,1.8888072,-76.2463803,Mirador del Magdalena,2020-05-09 13:51,31,3
L16343227,CO,CO-BOY,,6.4557701,-72.5550679,Mirador del Nevado,2026-08-11 04:42,1,0
L29437729,CO,CO-VAC,,4.2678111,-75.902586,Mirador del Pijao - Finca La Cascada,2026-03-14 07:10,169,44
L14841809,CO,CO-CAQ,,-0.599669,-72.4073463,Mirador del estrecho de Araracuara,2025-04-01 11:02,85,17
L9114511,CO,CO-VAC,,3.6435,-76.0926,Mirador la Milagrosa (Vía a RN El Pailón),2026-05-08 12:50,32,5
L13525808,CO,CO-SAN,,6.629483,-73.2290268,Mirador salto del mico,2026-09-12 12:42,6,0
L65418596,CO,CO-CUN,,4.2718124,-74.5511801,Miradores del Jardín,2026-01-10 09:00,62,1
L25570815,CO,CO-BOY,,5.1974165,-73.1464728,Miraflores--Cabecera Municipal,2026-03-23 15:32,25,4
L16370474,CO,CO-GUV,,1.3389127,-71.9402948,Miraflores--Senderismo con CamianTr3s,2026-05-06 11:58,54,3
L5443127,CO,CO-BOY,,5.1193056,-73.1287222,Miraflores--Vereda Morroarriba,2026-06-28 09:24,65,11
L11004015,CO,CO-VAC,,3.546864,-76.2977616,Mirriñao Bosque Urbano,2026-06-18 07:48,92,92
L20601226,CO,CO-CUN,,4.540429,-74.436787,Misiones (Acceso Privado),2022-08-18 16:31,80,17
L10566186,CO,CO-RIS,,5.3210625,-75.87615,Mistrato - Finca El Paisaje,2026-09-23 09:21,225,32
L49582904,CO,CO-VAU,,1.2719777,-70.1950488,Mituseño Urania -- Camino a Cerro Urania,2026-08-16 05:53,215,50
L49582801,CO,CO-VAU,,1.2709105,-70.1986897,Mituseño Urania -- Cancha,2026-07-17 16:17,164,32
L49583001,CO,CO-VAU,,1.2712057,-70.1928461,Mituseño Urania -- Cerro Urania,2026-07-09 13:21,173,12
L49583327,CO,CO-VAU,,1.2652029,-70.1843775,Mituseño Urania -- Cerro Venado
L1193327,CO,CO-VAU,,1.2677789,-70.1946759,Mituseño Urania -- Chagra al sur del Cerro Urania,2026-08-23 06:02,494,337
L49583435,CO,CO-VAU,,1.2680364,-70.1919997,Mituseño Urania -- Chagras de camino a Cerro Venado,2026-01-15 14:25,146,14
L4015410,CO,CO-VAU,,1.2710246,-70.2009793,Mituseño Urania -- Entre puentes,2026-08-01 09:04,394,559
L49583600,CO,CO-VAU,,1.2655774,-70.1887559,Mituseño Urania -- Igapo camino a Cerro Venado,2025-11-08 06:13,71,2
L5709000,CO,CO-VAU,,1.2569137,-70.2317008,Mitú pueblo -- Aeropuerto terminal,2026-09-25 12:19,201,150
L49581021,CO,CO-VAU,,1.265,-70.228,Mitú pueblo -- Barrio Las Palmeras vía a Mituseño Urania,2026-05-31 14:47,52,27
L49585202,CO,CO-VAU,,1.2368403,-70.2319263,Mitú pueblo -- Barrio San Francisco,2026-03-11 17:33,24,13
L49584635,CO,CO-VAU,,1.2632345,-70.2332091,Mitú pueblo -- Delta Caño Danta,2026-08-25 16:45,28,7
L49584769,CO,CO-VAU,,1.2449729,-70.2349358,Mitú pueblo -- El Triángulo,2026-04-12 13:17,86,38
L49585065,CO,CO-VAU,,1.2407402,-70.237508,Mitú pueblo -- Malecón borde río Cachivera Enosimar y Puerto Cal,2026-08-22 15:24,153,26
L49584161,CO,CO-VAU,,1.2545741,-70.2362046,Mitú pueblo -- Malecón borde río entre SENA a CDA,2026-08-15 13:18,58,25
L49585005,CO,CO-VAU,,1.2463757,-70.2373936,Mitú pueblo -- Malecón borde río entre SENA y Cachivera Enosimar,2026-07-20 10:42,77,21
L11222512,CO,CO-VAU,,1.258808,-70.2365746,Mitú pueblo -- Parque Principal,2026-08-05 16:40,247,304
L10824001,CO,CO-PUT,,1.1349475,-76.6683167,"Mocoa, Finca Aracari",2022-10-22 13:10,129,146
L9211469,CO,CO-BOY,,5.719871,-72.848552,Monguí,2026-07-13 05:45,34,10
L12507263,CO,CO-BOY,,5.7346785,-72.8299547,Monguí--Ermita,2019-09-01 00:00,21,1
L41698723,CO,CO-BOY,,5.8938889,-73.5736111,Moniquirá--Dulce y Nativa Café,2025-10-11 06:13,50,4
L18871874,CO,CO-NAR,,0.7936952,-77.2929289,Monopamba y alrededores,2026-06-04 09:17,226,37
L26617794,CO,CO-CUN,,5.4528433,-73.706,Monroy,2025-07-19 09:34,38,11
L76358576,CO,CO-SAN,,6.8662571,-73.3760144,Montano De Niebla Café,2026-09-25 08:51,173,52
L9434352,CO,CO-CAL,,5.0030764,-75.5232492,Montanoa,2026-01-18 10:23,143,36
L1855999,CO,CO-CUN,,4.821824,-74.015043,Montaña del Oso (Dept. Cundinamarca),2026-06-15 11:36,85,41
L8259658,CO,CO-BOY,,5.200096,-73.471032,Montañas Umbita,2026-09-02 07:13,120,45
L31772194,CO,CO-CUN,,4.6238948,-74.3396138,Montañas de Sabiduría,2024-05-11 12:37,13,1
L17786751,CO,CO-RIS,,4.8608123,-75.72972,Monte Jazmín,2026-04-05 10:26,109,32
L22847695,CO,CO-CUN,,4.6243139,-74.4618344,Monte Verde Campestre,2026-04-03 16:00,42,6
L12698655,CO,CO-NSA,,7.3395913,-72.6616981,Monteadentro,2026-09-27 09:26,146,131
L22929237,CO,CO-CAL,,5.0933038,-75.5928066,Monteredondo,2023-02-18 08:00,73,3
L1924758,CO,CO-CUN,,4.26239,-73.80045,Monterredondo,2026-09-16 09:16,485,730
L1252643,CO,CO-CUN,,4.2423342,-73.7958527,Monterredondo--1500-1800m,2026-05-06 11:04,184,49
L19882231,CO,CO-COR,,8.7661512,-75.8883619,Montería--I.E. Juan XXIII,2026-01-04 13:45,3,0
L3215816,CO,CO-SUC,,9.5696052,-75.3143692,Montes de María (Dept. Sucre),2026-07-13 08:43,167,34
L19261872,CO,CO-CAL,,4.9863251,-75.8131952,Monumento Cristo Rey,2026-07-17 12:22,76,4
L7358288,CO,CO-MET,,4.1532991,-73.6420012,Monumento de Cristo Rey,2026-09-13 14:07,189,83
L65938284,CO,CO-SAN,,6.9627225,-72.6735735,Monumento división Norte de Santander - Santander,2026-09-24 10:37,9,4
L26609738,CO,CO-MET,,4.2841867,-71.5333342,Moriche La Rochela - La Cristalina,2025-11-07 06:17,71,4
L35861294,CO,CO-BOY,,5.0933022,-73.3469465,Morro,2025-11-06 06:33,48,7
L37746927,CO,CO-MET,,3.3173385,-73.9515549,Morro Bello—Mirador del Amor,2026-09-18 10:56,268,427
L5116669,CO,CO-ANT,,5.6137833,-75.8162832,Morro Betania,2026-08-04 12:30,163,47
L4614522,CO,CO-CAU,,2.420462,-76.6042644,Morro de Tulcán,2023-12-17 07:27,46,8
L2610667,CO,CO-QUI,,4.6187744,-75.4683495,Morrogacho,2026-09-24 09:50,190,62
L31314727,CO,CO-CUN,,4.7079485,-74.2234111,Mosquera--Parque Rincón del Trébol,2026-07-26 21:18,31,10
L44331084,CO,CO-CUN,,4.6957233,-74.2152867,"Mosquera--SENA ""Centro de Biotecnología Agropecuaria""",2026-09-22 13:15,41,11
L21092721,CO,CO-MAG,,11.098024,-74.078651,Mountain House-Bird Lodge,2026-09-20 16:30,303,2771
L4007292,CO,CO-PUT,,0.4708699,-76.4750858,Muelle La Esmeralda,2025-05-29 16:38,112,24
L69058885,CO,CO-SAP,,12.580627,-81.690406,"Muelle Principal, San Andrés Islas"
L4535823,CO,CO-VAC,,3.8882965,-77.0797241,Muelle turístico de Buenaventura,2026-09-27 13:53,215,419
L63331401,CO,CO-CUN,,4.8149669,-73.7775614,Muisca Birding,2026-09-25 11:42,82,39
L62749149,CO,CO-CUN,,4.81432,-73.77708,Muisca birding,2026-09-18 13:36,63,6
L10516739,CO,CO-CUN,,4.6611267,-73.8679185,Mundo Nuevo--Casco Urbano,2026-03-15 10:33,49,7
L43353311,CO,CO-BOY,,6.4105168,-72.4446416,Municipio El Cocuy,2026-09-26 10:12,18,6
L5578807,CO,CO-TOL,,4.8737581,-75.1701522,Murillo (pueblo),2026-09-21 06:57,214,229
L8706928,CO,CO-VAC,,3.54951,-76.88699,Murrapal (ANC),2025-04-27 07:51,108,25
L9776000,CO,CO-SAP,,12.5426248,-81.7293549,Museo Cueva de Morgan,2026-01-17 14:22,20,4
L60706765,CO,CO-ANT,,6.1901126,-75.569458,Museo El Castillo,2026-09-05 17:10,38,6
L50088646,CO,CO-QUI,,4.570965,-75.648241,Museo del Oro Quimbaya,2026-07-08 18:25,30,6
L65426013,CO,CO-CUN,,4.5838085,-74.3684526,Mágico 7,2026-09-26 07:10,103,56
L3170829,CO,CO-MAG,,10.5630846,-73.6075401,Nabusimake (pueblo),2026-07-14 06:21,83,6
L24358888,CO,CO-CUN,,5.2206379,-73.5355162,Nacimiento río bogota,2026-07-23 11:23,18,4
L4402780,CO,CO-AMA,,-3.7504749,-70.3060117,Nainekü Lodge,2026-09-26 09:41,396,387
L11925467,CO,CO-TOL,,3.6190645,-75.0997067,Natagaima,2025-02-15 07:39,19,2
L4537461,CO,CO-BOL,,10.2087982,-75.6064081,National Aviary of Colombia (NO INCLUYE AVES EN CAUTIVERIO - DO NOT INCLUDE BIRDS THAT ARE PART OF THE COLLECTION),2026-08-29 16:57,202,307
L25833146,CO,CO-SAN,,6.6354656,-73.1911097,Nativo Glamping,2026-02-16 10:19,31,5
L59020551,CO,CO-VAC,,3.5845239,-76.6640782,Natural Luxury Birding Lodge,2026-09-21 22:49,65,15
L31491708,CO,CO-SAN,,6.4576206,-74.2562596,"Nayra, Cimitarra",2025-08-28 13:12,138,19
L10048842,CO,CO-CAQ,,1.481872,-75.75444,Nayuwid,2026-03-31 10:34,57,4
L44632742,CO,CO-LAG,,12.1749462,-71.2816762,Nazareth--Casco Urbano,2025-07-09 05:20,34,4
L3169318,CO,CO-ANT,,8.4251259,-76.7840695,Necocli (pueblo),2026-05-05 16:32,144,80
L32416308,CO,CO-ANT,,8.4213177,-76.7874606,Necoclí--Punta Palmeras,2026-08-22 14:19,75,17
L36614852,CO,CO-CAL,,5.181708,-75.461565,"Neira, La Balastrera",2026-03-22 06:49,133,12
L20574760,CO,CO-CAL,,5.155187,-75.480903,Neira--Vda. Quebrada Negra Bajo,2026-05-28 09:21,93,5
L11380100,CO,CO-CUN,,5.3836074,-73.8066709,Nemogá Alto Fúquene,2020-05-09 06:00,27,1
L55895912,CO,CO-TOL,,4.8916342,-75.3187117,Nevado del Ruiz,2026-08-24 09:03,25,3
L26415857,CO,CO-VAC,,3.5287399,-76.6158037,Nido del Bosque,2026-05-02 14:40,170,108
L56187709,CO,CO-CAQ,,1.820907,-75.665884,Nido del águila,2026-08-23 12:13,47,8
L22446014,CO,CO-VAC,,3.5690884,-76.5705818,Niebla del Riachuelo,2026-01-12 10:03,99,14
L9631558,CO,CO-CUN,,5.1289241,-74.3863148,Nimaima--Vda. Pinzaima,2025-10-11 06:35,53,5
L3988570,CO,CO-CAU,,3.2654617,-76.4605451,Nimajay Criadores de Avestruz,2025-08-31 08:33,97,106
L31812855,CO,CO-CUN,,5.0783422,-74.3833145,Nocaima--Laguna El Vergel,2025-04-05 15:00,48,3
L9647434,CO,CO-DC,,4.5600566,-74.0747488,Nodo de Biodiversidad Cerros Orientales,2026-09-19 08:10,25,4
L3858415,CO,CO-CAL,,5.5749407,-74.8880482,Norcasia--Casco Urbano,2026-08-16 17:19,255,80
L49349555,CO,CO-TOL,,5.1236544,-74.9707132,Normal Superior Fabio Lozano Torrijos,2026-09-11 07:49,137,17
L16055604,CO,CO-AMA,,-4.1759305,-69.981602,Nueva Esperanza,2026-03-25 14:15,33,2
L24341893,CO,CO-GUV,,2.7586288,-72.0188349,Nuevo Horizonte,2023-05-08 11:54,19,1
L24557702,CO,CO-PUT,,0.681451,-77.084331,Nuevo Mundo,2026-07-11 11:07,317,45
L3169299,CO,CO-CHO,,5.7080556,-77.2675,Nuqui (pueblo),2026-09-22 16:04,195,55
L65892479,CO,CO-ATL,,10.75768,-75.16457,OMEC Las Guacharacas,2026-05-09 11:53,70,20
L72931691,CO,CO-QUI,,4.5688103,-75.6855655,Oasis Quindio
L28055635,CO,CO-CUN,,4.813228,-73.774348,Observatorio de Aves Los Andes,2026-08-23 08:57,221,734
L3892139,CO,CO-CUN,,4.6643333,-73.9643611,Observatorio de Colibries,2026-09-26 09:59,241,2209
L9565131,CO,CO-PUT,,0.6349743,-76.875768,"Orito, Centro Ecoturistico Ma&Ju",2026-04-18 15:33,114,17
L31280473,CO,CO-TOL,,5.1305939,-74.9778821,"Ornithia Birding, Falan, Tolima.",2026-09-26 06:26,202,229
L11936044,CO,CO-CAS,,4.7978636,-71.3161399,Orocue Rio Meta,2026-07-09 07:31,77,15
L57074203,CO,CO-VAC,,3.5277735,-76.6145106,Orquideas Birding,2026-01-31 08:00,78,10
L37678684,CO,CO-CUN,,5.0555815,-74.2353594,Orquídeas de Los Andes,2025-02-23 07:17,16,3
L17950132,CO,CO-VAC,,3.9040952,-76.3392753,Osprey Ecolodge,2026-09-24 06:49,229,613
L11918683,CO,CO-CAL,,5.08203,-75.446232,Owl's Watch,2026-09-24 17:08,319,1192
L26853244,CO,CO-TOL,,4.5226075,-75.2866459,PARQUE ECOTURISTICO LA PLATA,2026-05-09 09:54,132,9
L4942013,CO,CO-NAR,,1.2622638,-77.2850297,PN Chimayoy,2026-09-22 16:04,113,87
L4409065,CO,CO-DC,,4.6235653,-74.0622067,PN Enrique Olaya Herrera,2026-09-23 13:54,94,103
L7183289,CO,CO-CAS,,5.3542454,-72.4020964,PN La Iguana,2026-06-17 07:29,191,69
L3751689,CO,CO-CUN,,4.5639335,-74.3165445,PN Los Tunos,2026-09-08 09:56,247,231
L4346777,CO,CO-RIS,,5.2035273,-75.9012365,PN Santa Emilia,2026-05-15 08:33,265,89
L10529745,CO,CO-MAG,,10.9345061,-73.6696028,"PN Sierra Nevada de Santa Marta--área general (usar localidades específicas, por favor)",2024-08-10 06:00,132,8
L7874598,CO,CO-VAC,,3.7113919,-75.9692691,PN de Las Hermosas,2026-05-03 06:31,75,6
L31068188,CO,CO-CAQ,,1.763125,-75.786808,PNM Andakí--Limites Belén-Suaza,2024-04-22 09:18,25,1
L31631487,CO,CO-BOY,,5.8640842,-73.1233263,PNM Ranchería,2026-07-22 07:05,62,17
L7936581,CO,CO-CUN,,4.6278171,-73.724386,PNN  Chingaza--Centro Administrativo Monteredondo,2026-09-20 11:41,180,424
L31699745,CO,CO-BOY,,6.4857832,-72.3310661,PNN  El Cocuy--Sendero Ritacuba Blanco,2026-08-19 06:40,42,15
L465403,CO,CO-AMA,,-3.3913333,-70.1528333,PNN Amacayacu,2026-08-14 06:21,428,37
L31691990,CO,CO-AMA,,-3.8097599,-70.2532033,PNN Amacayacu--Quebrada Bacaba,2026-07-21 11:04,128,59
L2383051,CO,CO-AMA,,-3.8183857,-70.270999,PNN Amacayacu--Sendero Los Camungos,2026-09-22 15:37,181,29
L11412144,CO,CO-AMA,,-3.8191853,-70.2612872,PNN Amacayacu—Sector Matamatá,2026-09-02 05:31,476,747
L9825513,CO,CO-LAG,,12.2214098,-71.9195893,PNN Bahía Portete--Kaurrele,2026-07-28 10:27,78,6
L1127703,CO,CO-CUN,,4.7111544,-73.8063583,PNN Chingaza (Dept. Cundinamarca),2026-09-16 06:48,205,287
L6200630,CO,CO-CUN,,4.7369081,-73.8424306,PNN Chingaza--Entrada Piedras Gordas,2026-09-15 11:48,226,352
L8156829,CO,CO-CUN,,4.719201,-73.820792,PNN Chingaza--Humedales de Palacio,2026-09-06 09:05,109,144
L1788601,CO,CO-CUN,,4.5296152,-73.7529373,PNN Chingaza--Laguna Chingaza,2026-08-20 09:46,187,314
L6200633,CO,CO-CUN,,4.680343,-73.786195,PNN Chingaza--Laguna Seca,2026-09-26 07:49,125,156
L11520279,CO,CO-CUN,,4.7161739,-73.820509,PNN Chingaza--Minas de Palacio,2026-09-18 10:39,43,47
L2828664,CO,CO-CUN,,4.6334036,-73.8301849,PNN Chingaza--Mundo Nuevo,2025-03-14 10:00,232,95
L38158230,CO,CO-CUN,,4.769458,-73.8652039,PNN Chingaza--Puesto Ccontrol Siecha,2026-06-20 08:49,48,15
L8942400,CO,CO-CUN,,4.5171205,-73.4407991,PNN Chingaza--Sector Medina,2026-04-15 15:11,43,2
L8242979,CO,CO-CUN,,4.4943834,-73.7930491,PNN Chingaza--Sendero El Gaque,2025-12-26 08:08,121,23
L8682411,CO,CO-CUN,,4.7252143,-73.8952608,PNN Chingaza--Via Santa Elena,2026-08-19 07:05,73,81
L9053345,CO,CO-CUN,,4.7133711,-73.8352069,PNN Chingaza--carretera Palacio,2026-04-18 12:18,96,40
L2841815,CO,CO-CUN,,4.7357893,-73.8761108,PNN Chingaza--entrance road Piedras Gordas,2026-08-19 07:47,203,694
L465438,CO,CO-CAQ,,0.7833333,-72.8,PNN Chiribiquete
L1275013,CO,CO-BOL,,10.1554497,-75.6697083,PNN Corales del Rosario,2026-08-19 10:30,158,67
L465386,CO,CO-HUI,,1.6098603,-76.1090569,PNN Cueva de los Guácharos,2026-07-23 08:15,359,189
L465422,CO,CO-BOY,,6.5148333,-72.1515,PNN El Cocuy,2025-04-18 07:30,74,18
L8011516,CO,CO-ARA,,6.4841185,-71.9226563,PNN El Cocuy--Alto Cravo,2026-05-09 05:15,195,27
L22064175,CO,CO-BOY,,6.4723512,-72.3540473,PNN El Cocuy--Cabañas Kanwara,2026-08-12 08:15,28,6
L24386993,CO,CO-BOY,,6.3557246,-72.4294883,PNN El Cocuy--Finca Monte Bello,2023-05-13 05:30,47,10
L22892704,CO,CO-BOY,,6.4995033,-72.3550044,PNN El Cocuy--Mirador de cóndores,2025-08-17 09:26,10,2
L37300891,CO,CO-BOY,,6.4858046,-72.3310661,PNN El Cocuy--Sendero Ritacuba Blanco,2026-08-01 12:20,28,6
L9214183,CO,CO-BOY,,6.4687257,-72.3310707,PNN El Cocuy--Valle de los Frailejones,2026-01-24 06:30,48,2
L465434,CO,CO-VID,,5.2836667,-68.5005,PNN El Tuparro,2024-10-05 13:18,306,231
L465347,CO,CO-CHO,,6.0242886,-77.3298637,PNN Ensenada de Utría,2026-05-09 10:18,285,38
L3220935,CO,CO-CHO,,6.0527345,-77.3609376,PNN Ensenada de Utría--Bahia,2026-09-08 09:10,357,31
L2235156,CO,CO-CHO,,6.01869,-77.34857,PNN Ensenada de Utría--Sede y Sendas,2026-08-22 11:06,347,235
L5687792,CO,CO-CHO,,6.0184972,-77.3601373,PNN Ensenada de Utría--Sendero Cocalitos,2025-04-02 13:12,199,49
L2734602,CO,CO-VAC,,3.3322583,-76.6640568,PNN Farallones de Cali--Camino a Pico Pance,2025-04-03 19:52,205,11
L3457136,CO,CO-VAC,,3.3266435,-76.6560745,PNN Farallones de Cali--Cañon del Pato,2026-07-03 06:16,296,146
L2409480,CO,CO-VAC,,3.3176678,-76.6373312,PNN Farallones de Cali--Centro de Educación Ambiental El Topacio,2026-06-14 10:00,245,192
L5859800,CO,CO-VAC,,3.7333333,-77.1166667,PNN Farallones de Cali--Consejo Comunitario Taparal,2015-02-08 06:00,50,2
L3053401,CO,CO-VAC,,3.3230446,-76.6338015,PNN Farallones de Cali--El Topacio,2026-09-08 09:31,279,175
L3917509,CO,CO-VAC,,3.3150436,-76.6385758,PNN Farallones de Cali--El Topacio a Pico de Loro,2026-06-09 06:52,268,68
L7159205,CO,CO-VAC,,3.7245717,-77.1876669,PNN Farallones de Cali--Isla Santa Bárbara,2018-03-30 12:00,27,2
L3483795,CO,CO-VAC,,3.3292997,-76.6952562,PNN Farallones de Cali--Los Balcones,2026-07-09 17:19,210,24
L13277938,CO,CO-VAC,,3.4440056,-76.6263806,PNN Farallones de Cali--Pichindé (La Esmeralda),2026-08-08 06:09,237,191
L1433650,CO,CO-VAC,,3.215,-76.588,PNN Farallones de Cali--Potrerito,2025-10-11 06:52,99,31
L3011176,CO,CO-VAC,,3.5008514,-76.7214584,PNN Farallones de Cali--Queremal,2026-05-21 06:28,229,54
L2424040,CO,CO-VAC,,3.4588889,-76.6361111,PNN Farallones de Cali--Rio Felidia,2026-08-11 09:23,198,90
L5856615,CO,CO-VAC,,3.4766917,-76.7136083,PNN Farallones de Cali--Sendero Río San Juan,2019-08-20 09:00,128,19
L7158207,CO,CO-VAC,,3.7382326,-77.1645141,PNN Farallones de Cali--Vereda Las Palmas,2018-03-30 06:00,27,3
L4399678,CO,CO-VAC,,3.574714,-76.878344,PNN Farallones de Cali--Yatacue,2025-04-27 06:59,349,195
L465408,CO,CO-VAC,,2.959,-78.1981667,PNN Gorgona,2025-05-28 08:32,64,40
L1856026,CO,CO-CAU,,2.967213,-78.1854057,PNN Isla Gorgona,2026-05-09 08:15,85,68
L3638280,CO,CO-PUT,,-0.1662538,-74.8087835,PNN La Paya--Canticus,2015-05-09 11:27,16,1
L465349,CO,CO-ANT,,6.5390653,-76.2524128,PNN Las Orquídeas,2026-05-10 06:33,117,24
L65632803,CO,CO-ANT,,6.5357217,-76.2816867,PNN Las Orquídeas - Alto de Venados,2026-09-16 10:01,59,5
L6748028,CO,CO-ANT,,6.5219444,-76.3213889,PNN Las Orquídeas--Alto Bonito,2026-09-15 11:29,129,4
L7369989,CO,CO-ANT,,6.528614,-76.2266207,PNN Las Orquídeas--El Macho,2026-05-10 13:20,101,10
L6748275,CO,CO-ANT,,6.5386111,-76.3361111,PNN Las Orquídeas--El Retiro,2026-09-13 06:03,91,3
L6750713,CO,CO-ANT,,6.6258333,-76.1297222,PNN Las Orquídeas--Golondrinas,2016-09-23 06:00,71,2
L6751074,CO,CO-ANT,,6.6341667,-76.1344444,PNN Las Orquídeas--La Mina,2016-09-25 05:55,64,2
L6747722,CO,CO-ANT,,6.5483333,-76.2594444,PNN Las Orquídeas--La Quiebra,2016-07-21 06:10,84,2
L7484466,CO,CO-ANT,,6.633166,-76.227997,PNN Las Orquídeas--Río Tercero,2018-05-21 07:00,18,1
L6751276,CO,CO-ANT,,6.62,-76.1586111,PNN Las Orquídeas--Sector Morro Pelado,2020-10-21 08:35,55,2
L6757410,CO,CO-ANT,,6.5289124,-76.3253796,PNN Las Orquídeas--Sector Venados Abajo,2026-09-15 09:18,240,11
L6748396,CO,CO-ANT,,6.5247222,-76.3305556,PNN Las Orquídeas--Tambos,2016-08-29 06:00,47,1
L6747380,CO,CO-ANT,,6.5138613,-76.2561893,PNN Las Orquídeas--Transecto Cabaña,2026-09-17 06:18,202,65
L6747602,CO,CO-ANT,,6.525,-76.2555556,PNN Las Orquídeas--Transecto Polo,2024-05-11 17:31,69,17
L6754761,CO,CO-ANT,,6.5111111,-76.3525,PNN Las Orquídeas--Valle de Perdidas,2021-05-18 09:46,41,3
L6753715,CO,CO-ANT,,6.5380284,-76.2620265,PNN Las Orquídeas-Sector Calles,2026-05-09 07:14,316,45
L465346,CO,CO-CHO,,7.8105618,-77.1482678,PNN Los Katíos,2026-05-12 18:25,186,20
L5838176,CO,CO-CHO,,7.8443056,-77.1354444,PNN Los Katíos--Cabaña de Sautatá,2026-05-09 17:50,391,80
L2734288,CO,CO-RIS,,4.7332022,-75.4632211,PNN Los Nevado--Peñas Blancas,2026-05-01 12:35,172,35
L465370,CO,CO-RIS,,4.7601091,-75.4571915,PNN Los Nevados (Dept. Risaralda),2024-02-12 11:10,166,45
L7562640,CO,CO-TOL,,4.9365699,-75.345118,PNN Los Nevados - Cascada Gualí,2026-08-24 17:25,86,426
L5069164,CO,CO-TOL,,4.9339632,-75.3492243,PNN Los Nevados - Centro de Visitantes Brisas (4138msnm),2026-09-25 09:41,240,3896
L21776913,CO,CO-CAL,,4.9253536,-75.3523873,PNN Los Nevados--Aguacerales,2026-06-28 08:55,23,20
L39420887,CO,CO-CAL,,4.8977889,-75.3392601,PNN Los Nevados--Campamento,2026-05-08 21:10,56,10
L7895434,CO,CO-CAL,,4.858813,-75.390235,PNN Los Nevados--Centro de Visitantes La Cueva,2026-05-10 10:49,241,327
L1252507,CO,CO-TOL,,4.9490943,-75.351463,PNN Los Nevados--Cerro Gualí,2026-09-25 08:01,220,1029
L2734326,CO,CO-RIS,,4.7403817,-75.4475355,PNN Los Nevados--Cuenca Rio Otun,2026-05-05 15:08,175,82
L3096628,CO,CO-TOL,,4.6273723,-75.3255057,PNN Los Nevados--La Cueva,2021-11-29 08:21,76,4
L9707111,CO,CO-TOL,,4.681253,-75.3642637,PNN Los Nevados--Laguna El Encanto,2025-12-19 12:19,65,2
L10339994,CO,CO-TOL,,4.652126,-75.3279116,PNN Los Nevados--Latas (4406msnm),2012-09-20 11:00,1,0
L5837977,CO,CO-CAL,,4.8239193,-75.3970858,PNN Los Nevados--Sendero Conejeras,2026-03-01 16:33,46,9
L465330,CO,CO-LAG,,12.1506667,-71.3263333,PNN Macuira,2024-05-11 07:47,105,23
L10499675,CO,CO-LAG,,12.1502699,-71.3021922,PNN Macuira--Arroyo Watkazai--Mao Laulu/Clan Ipuana,2026-04-06 06:51,75,4
L5813579,CO,CO-LAG,,12.1832438,-71.2836528,PNN Macuira--Nazareth,2025-05-07 07:02,125,19
L8485525,CO,CO-LAG,,12.1221546,-71.2551375,PNN Macuira--Ranchería Piedras Blancas,2019-01-14 06:30,37,2
L3215676,CO,CO-LAG,,12.209838,-71.3088226,PNN Macuira--Sector Huattunaruhu,2023-05-13 05:00,46,2
L44630452,CO,CO-LAG,,12.0643885,-71.3165448,PNN Macuira--Sector Siapana,2025-05-10 04:30,24,2
L465357,CO,CO-CAU,,2.6726667,-76.9911667,PNN Munchique,2016-01-26 07:15,268,22
L5846002,CO,CO-CAU,,2.6897222,-76.9018611,PNN Munchique - El Planchón,2024-05-11 07:07,25,4
L5844631,CO,CO-CAU,,2.7841667,-76.8984722,PNN Munchique - El Rosal,2017-10-21 06:00,103,4
L5846055,CO,CO-CAU,,2.6407778,-76.9094167,PNN Munchique - La Romelia,2017-05-13 22:05,17,4
L465383,CO,CO-TOL,,3.0773333,-75.9706667,PNN Nevado del Huila,2024-01-05 08:00,26,1
L35594038,CO,CO-HUI,,2.8941667,-75.9786111,PNN Nevado del Huila - Sector Hojarasca,2023-06-24 11:05,4,1
L3762219,CO,CO-HUI,,2.9900131,-75.6706095,PNN Nevado del Huila--Sector el Roble,2025-10-11 06:46,131,19
L8159483,CO,CO-HUI,,2.8337,-75.656658,PNN Nevado del Huila—Sector Carmen de Bolívar,2018-11-18 08:00,39,2
L9221195,CO,CO-SAP,,13.3651758,-81.3580239,PNN Old Providence Mc Bean Lagoon--Nancy Clark Norte,2026-03-14 10:33,24,8
L5821291,CO,CO-SAP,,13.3558842,-81.3461423,PNN Old Providence McBean Lagoon--Tres Cays,2026-03-13 15:15,46,13
L465348,CO,CO-COR,,7.5383333,-76.1095,PNN Paramillo
L63855583,CO,CO-CAQ,,2.793,-74.864,PNN Picachos—Sendero Villa Andalucía,2026-04-15 10:45,17,1
L63851832,CO,CO-CAQ,,2.752391,-74.8799066,PNN Picachos—Sendero Villa Andalucía (ingreso),2026-04-15 09:40,10,1
L465424,CO,CO-BOY,,5.8688333,-72.5636667,PNN Pisba,2026-05-09 05:21,96,14
L8167749,CO,CO-CAU,,2.3512508,-76.3185009,PNN Puracé (Dept. Cauca),2026-07-11 11:45,215,40
L7360940,CO,CO-CAU,,2.3577846,-76.326836,PNN Puracé--Cascada del Río Bedón,2026-05-09 10:06,68,19
L4762772,CO,CO-CAU,,2.3744698,-76.3945484,PNN Puracé--Piedra del Cóndor,2026-07-20 10:34,189,326
L5712468,CO,CO-CAU,,2.3635425,-76.4027882,PNN Puracé--Pilimbalá,2026-07-11 15:30,140,101
L4851890,CO,CO-CAU,,2.321409,-76.286086,PNN Puracé--Sector San Nicolás,2023-08-05 12:26,119,41
L465409,CO,CO-NAR,,2.5458333,-78.3036667,PNN Sanquianga,2023-08-03 09:35,61,14
L899892,CO,CO-NAR,,2.64059,-78.3019638,PNN Sanquianga--La Vigia,2025-11-11 08:13,77,21
L3285596,CO,CO-NAR,,2.653057,-78.286562,PNN Sanquianga--Mulatos,2026-06-24 06:00,122,537
L465366,CO,CO-CAL,,5.4838333,-75.072,PNN Selva de Florencia,2026-01-25 11:23,369,205
L8001856,CO,CO-MET,,2.2465978,-73.7362372,PNN Serrania de la Macarena - Bocanas Laguna El Silencio,2026-05-08 06:17,226,20
L8088312,CO,CO-MET,,2.2366118,-73.7897982,PNN Serrania de la Macarenia--Los Mangos,2024-11-26 19:00,76,10
L26809336,CO,CO-GUV,,1.79658,-72.719437,PNN Serranía de Chiribiquete--Resguardo Indígena El Itilla,2026-09-16 07:56,309,119
L3170843,CO,CO-MET,,2.2630911,-73.7932348,PNN Serranía de la Macarena—Caño Cristales,2026-09-19 10:39,320,94
L465393,CO,CO-SAN,,6.935,-73.4893333,PNN Serranía de los Yariguíes,2024-05-11 06:26,157,15
L15381144,CO,CO-LAG,,10.9621517,-73.3580806,PNN Sierra Nevada de Santa Marta--Comunidad Gomke (Wiwa),2025-04-19 06:48,31,1
L465431,CO,CO-MET,,2.7945,-73.9778333,PNN Sierra de la Macarena,2026-04-24 18:07,130,9
L465428,CO,CO-MET,,3.9441667,-74.1918333,PNN Sumapaz (Dept. Meta),2024-11-06 06:25,89,37
L5879952,CO,CO-DC,,4.2634579,-74.1897438,PNN Sumapaz (Distrito Capital de Bogotá),2026-09-03 08:12,148,610
L2758310,CO,CO-DC,,4.286329,-74.2081833,PNN Sumapaz--Laguna Chisacá,2026-09-25 07:05,179,1684
L7523158,CO,CO-DC,,4.2835664,-74.2009896,PNN Sumapaz--Laguna La Virginia,2026-09-16 10:53,106,312
L21936909,CO,CO-CUN,,4.3756934,-74.2293323,PNN Sumapaz--Laguna Los Colorados,2026-09-26 17:31,72,19
L39020727,CO,CO-DC,,4.2983116,-74.2106724,PNN Sumapaz--Límite Usme -Sumapaz,2026-07-27 08:31,82,137
L24465911,CO,CO-DC,,4.238247,-74.1885066,PNN Sumapaz--Sede Pinos,2026-08-14 10:51,67,52
L32470872,CO,CO-NSA,,7.4243895,-72.4422383,PNN Tama—Cabañas Orocue,2026-05-09 14:33,40,22
L465433,CO,CO-NSA,,7.28,-72.23,PNN Tamá,2026-05-10 08:47,220,96
L35442423,CO,CO-NSA,,7.403056,-72.44143,PNN Tamá—Alto del Pesebre,2024-08-01 09:20,10,4
L35442159,CO,CO-NSA,,7.477542,-72.51422,PNN Tamá—Sector Mejué,2026-04-02 08:36,79,15
L35442237,CO,CO-NSA,,7.433677,-72.442769,PNN Tamá—Sector Orocué,2024-08-02 12:12,12,4
L35376840,CO,CO-NSA,,7.400554,-72.431808,PNN Tamá—Sendero Alto del Pesebre a Cruz de Piedra
L35442407,CO,CO-NSA,,7.407994,-72.442978,PNN Tamá—Sendero Samaria,2024-08-01 07:15,16,4
L35377148,CO,CO-NSA,,7.415158,-72.442333,PNN Tamá—Sendero del Arenal,2026-05-09 06:11,55,10
L8401439,CO,CO-RIS,,5.1128079,-76.0930464,PNN Tatamá,2026-03-04 05:30,177,4
L465352,CO,CO-CHO,,4.9921078,-76.143837,PNN Tatamá (Dept. Choco),2019-12-13 19:46,205,11
L5718944,CO,CO-RIS,,5.254173,-76.117149,PNN Tatamá--Base Militar Montezuma (acceso restringido),2026-09-19 08:12,414,2336
L3856029,CO,CO-RIS,,5.2446783,-76.1005516,PNN Tatamá--Camino Montezuma (area general; acceso restringido),2026-09-20 17:08,665,16779
L6109719,CO,CO-RIS,,5.251649,-76.1105561,PNN Tatamá--Cerro Montezuma-Los Chorros (acceso restringido),2026-09-19 11:52,436,2658
L3827441,CO,CO-RIS,,5.1714727,-76.0394239,PNN Tatamá--Providencia,2026-01-15 10:56,311,28
L3092287,CO,CO-RIS,,5.1167623,-76.0802364,PNN Tatamá--Páramo,2019-02-16 06:00,268,17
L6028633,CO,CO-VAC,,4.9520128,-76.0828378,PNN Tatamá--Águila Valle,2023-10-05 09:24,206,12
L465334,CO,CO-MAG,,11.305776,-73.9470172,PNN Tayrona,2026-09-21 09:03,450,796
L10947719,CO,CO-MAG,,11.27072,-74.0730077,"PNN Tayrona, Camino Principal",2026-09-04 20:59,220,36
L5239031,CO,CO-MAG,,11.3143146,-73.9494064,PNN Tayrona--Arrecifes,2026-09-27 08:44,248,181
L5237580,CO,CO-MAG,,11.3226886,-73.9734578,PNN Tayrona--Cabo San Juan a Pueblito,2026-08-30 09:36,219,66
L5679812,CO,CO-MAG,,11.2696898,-74.1173283,PNN Tayrona--Camino Estrada Neguanje,2026-08-16 14:55,219,50
L3585380,CO,CO-MAG,,11.2962611,-73.9140844,PNN Tayrona--Sector Cañaveral,2026-09-07 16:33,350,727
L5840346,CO,CO-MAG,,11.2889384,-73.9061022,PNN Tayrona--Sector Los Naranjos,2026-09-16 15:51,296,330
L5847261,CO,CO-MAG,,11.2794979,-74.1645706,PNN Tayrona--Taganga,2026-09-12 11:00,318,102
L5003932,CO,CO-VAC,,3.9325034,-77.3484278,PNN Uramba--Juanchaco,2026-09-25 11:10,199,107
L3170840,CO,CO-VAC,,3.9388889,-77.3652778,PNN Uramba--Ladrilleros,2026-09-25 17:36,240,178
L16672779,CO,CO-VAC,,3.988318,-77.2466192,PNN Uramba-Bahia Malaga. Sector Miramar,2025-03-31 15:07,139,27
L7734602,CO,CO-HUI,,2.1395798,-76.3819585,"PNN de Purace, Puente El Cura",2026-05-09 11:46,68,51
L10902070,CO,CO-CAL,,4.8524316,-75.3651213,PNN los Nevados - El Cisne,2026-07-12 17:45,34,15
L35377006,CO,CO-NSA,,7.395027,-72.423801,PNNTamá—Cruz de Piedra,2024-07-31 10:10,24,4
L9221047,CO,CO-TOL,,3.8122913,-74.6791077,PNR Bosque de Galilea - Alto Torres,2026-05-09 18:05,73,6
L9204369,CO,CO-TOL,,3.8291907,-74.6562091,PNR Bosque de Galilea - La Cominera,2020-03-14 11:20,100,24
L9255138,CO,CO-TOL,,3.7877778,-74.6936111,PNR Bosque de Galilea - La Cominera,2025-05-10 12:08,51,8
L9814404,CO,CO-TOL,,3.7673485,-74.6829022,PNR Bosque de Galilea - Mesas de Galilea
L9255878,CO,CO-TOL,,3.7464308,-74.6584944,PNR Bosque de Galilea--Campo Hermoso,2019-04-03 05:25,83,4
L17600470,CO,CO-SAN,,7.0402393,-72.98614,PNR Bosques Húmedos Andinos El Rasgon,2025-11-13 11:21,96,37
L39010311,CO,CO-LAG,,10.4377222,-72.9011944,PNR Cerro Pintao Serranía del Perijá--Subpáramo,2024-09-27 05:20,17,3
L29680953,CO,CO-HUI,,2.2382801,-75.4272708,PNR Cerro Páramo De Miraflores -- Páramo,2024-10-06 15:32,36,24
L11419376,CO,CO-HUI,,2.153824,-75.5016503,PNR Cerro Páramo de Miraflores -- Zona media,2024-05-11 05:40,120,9
L5842032,CO,CO-HUI,,2.078492,-76.2108493,PNR El Dorado (Sector La Laguna),2017-05-13 12:00,52,2
L11429306,CO,CO-MET,,3.3038775,-73.3614957,PNR Laguna Lomalinda,2026-05-15 06:20,271,353
L9741138,CO,CO-CAQ,,2.4703692,-75.210179,PNR Miraflores—Río Bombón,2019-08-01 06:26,60,5
L29798967,CO,CO-HUI,,2.234223,-75.443125,PNR Paramo Miraflores — Cerro Canta Rana,2025-08-30 06:50,92,22
L9191898,CO,CO-BOY,,5.4555049,-73.541708,PNR Rabanal--Gachaneca 2,2019-05-04 08:30,16,1
L9192076,CO,CO-BOY,,5.4496873,-73.5318079,PNR Rabanal--Sendero el Mirador,2019-05-04 10:04,18,2
L9191761,CO,CO-BOY,,5.4166916,-73.5833681,PNR Rabanal--Vereda Salamanca Alto,2019-05-04 05:53,7,2
L6359195,CO,CO-RIS,,5.2066683,-75.9004578,PNR Santa Emilia--Lodge,2026-07-25 14:30,77,7
L7706062,CO,CO-BOY,,5.8102539,-73.4693018,PNR Serranía del Peligro--Entrada Este,2026-08-17 08:40,125,68
L18509811,CO,CO-CES,,10.363353,-72.920121,PNR Serranía del Perijá--Páramo Sabana Rubia,2026-09-02 05:28,187,578
L32514400,CO,CO-NSA,,7.4640791,-72.8324421,PNR Sisavita — Zona de Amortiguación,2026-07-21 15:11,183,82
L21784288,CO,CO-BOY,,5.7104371,-72.7895382,PNR Siscunsí-Ocetá--Laguna Negra,2026-03-23 10:02,48,11
L3170858,CO,CO-BOY,,5.6460033,-72.7885781,PNR Siscunsí-Ocetá--Laguna de Siscunsí,2026-02-14 10:42,76,36
L34637495,CO,CO-CUN,,4.9100593,-73.7419396,PNR Vista Hermosa de Monquentiva--Pantano de Martos,2026-09-20 13:21,117,54
L47224981,CO,CO-CUN,,4.9020723,-73.7220397,PNR Vista Hermosa de Monquentiva--Subpáramo,2026-01-02 08:20,43,4
L4093578,CO,CO-CUN,,4.9066757,-73.7326303,PNR Vista Hermosa de Monquentivá--Mirador,2026-08-27 17:23,129,135
L50186570,CO,CO-RIS,,4.8693431,-75.706079,PRN Serranía Alto El Nudo--Casa CARDER,2026-09-21 08:19,169,23
L9117657,CO,CO-SUC,,9.5888333,-75.5656309,PRN Sistema Manglarico del Sector de la Boca de Guacamaya,2025-08-09 10:19,142,4
L25693375,CO,CO-NSA,,8.021274,-72.501119,PTAG Veolia,2025-11-21 15:00,67,7
L54412158,CO,CO-DC,,4.7323959,-74.1215141,PTAR Salitre,2026-08-09 17:34,35,9
L11599913,CO,CO-CUN,,5.1813913,-74.1583808,Pacho Panela El Sentido de la Vida,2020-02-15 16:47,32,2
L12292363,CO,CO-CUN,,5.1300174,-74.1585166,Pacho--Casco Urbano,2026-07-22 08:12,57,14
L8970211,CO,CO-CUN,,5.1228635,-74.1652132,Pacho--La Esmeralda,2019-04-02 07:00,15,1
L10161515,CO,CO-TOL,,4.9533474,-74.9503468,Padilla,2026-06-30 08:04,105,14
L56182008,CO,CO-ANT,,6.1485128,-75.3756262,Paisajes Del Agua,2026-09-25 08:07,66,10
L11411940,CO,CO-BOY,,5.2919031,-72.7031086,"Pajarito, zona urbana",2026-06-30 13:27,28,4
L2141044,CO,CO-MAG,,10.9623429,-74.7292614,Palermo--Camino Km 4,2026-08-31 05:56,365,1790
L11424951,CO,CO-CAL,,5.0193525,-75.628693,Palestina Ecohotel,2026-06-11 08:25,38,2
L24408470,CO,CO-MET,,2.9871803,-73.840471,Palmarum Lodge,2024-03-12 07:22,32,3
L28889621,CO,CO-LAG,,11.2462728,-73.5551436,Palomino--Casco Urbano,2026-09-11 09:10,235,327
L9614929,CO,CO-LAG,,11.254814,-73.5532274,Palomino--Playa,2026-09-11 14:59,114,36
L47624274,CO,CO-SAN,,7.1418705,-73.1889328,Palonegro House,2025-06-14 16:46,11,1
L24309483,CO,CO-NSA,,7.4367784,-72.637707,Pamplonita vereda Batagá,2026-08-10 12:07,75,17
L7683591,CO,CO-SAN,,7.1152494,-73.1004034,Pan De Azucar - Inicio sendero,2026-07-12 06:48,151,114
L56474467,CO,CO-SAN,,7.1131296,-73.0989569,Pan De Azúcar - Camino,2026-08-07 06:20,48,9
L16549564,CO,CO-QUI,,4.6078237,-75.8208132,Panaca,2026-08-30 10:14,217,255
L17895413,CO,CO-TOL,,3.8578122,-74.8183145,Pandion,2026-05-11 06:34,256,1091
L62966670,CO,CO-SAN,,7.1362416,-73.305187,Panorama by Biotica Nature Experiences,2026-09-23 10:09,88,22
L33136041,CO,CO-CUN,,4.5388636,-73.9248656,Pantano Colorado,2020-08-07 17:00,2,0
L1252532,CO,CO-ANT,,6.6612,-75.1200167,Pantano Porce,2026-08-23 06:44,242,170
L2718736,CO,CO-QUI,,4.7020971,-75.3979254,Pantanos del Quindío,2026-08-16 09:30,67,13
L21178582,CO,CO-CAQ,,1.614459,-75.679083,Papuches Glamping,2026-03-29 13:21,69,3
L16606599,CO,CO-TOL,,4.5225648,-75.2866459,Paque Ecoturístico La Plata,2026-01-17 10:59,77,9
L7983979,CO,CO-DC,,4.6731151,-74.0439994,Paque y Museo El Chicó,2026-09-25 09:43,61,54
L7734631,CO,CO-HUI,,2.0636715,-76.3416068,Parador El Turista,2026-08-08 13:55,58,36
L29615767,CO,CO-HUI,,1.618003,-76.281098,Parador Turístico - Ruta 45,2026-09-02 06:17,223,194
L14774053,CO,CO-MET,,2.1737865,-73.8201256,Parador Turístico El Mirador del Llano,2026-06-09 09:15,208,101
L29733439,CO,CO-HUI,,1.6203532,-76.2827218,Parador turístico ruta 45,2026-08-16 11:05,116,41
L4807841,CO,CO-BOY,,5.8918005,-73.0831468,Paramo La Rusia,2026-03-20 10:15,102,22
L11437404,CO,CO-ANT,,6.7999618,-75.726179,"Paramo Santa Ines, Belmira",2026-07-25 17:17,42,1
L40016577,CO,CO-CUN,,4.9745978,-73.7119746,Paramo de Guatanfur--Sendero Frailejonal,2026-06-21 06:32,39,6
L3216107,CO,CO-SAN,,7.3231383,-72.9443264,Paramo de Santurban - California,2022-04-09 08:12,53,2
L33128416,CO,CO-NSA,,7.2663415,-72.8758927,Paramo de Santurban- Lagunas Negras,2026-06-24 14:40,15,6
L6278091,CO,CO-DC,,3.7502661,-74.414649,Paramo de Sumapaz,2026-04-03 12:28,101,48
L16648511,CO,CO-CUN,,4.3611522,-73.2413504,Paratebueno,2026-09-05 06:22,58,2
L12557739,CO,CO-CUN,,4.7553662,-74.6854556,Paraíso de Aves del Tabor y Magdalena (AICA),2025-10-25 05:41,99,30
L16706255,CO,CO-CAQ,,1.54078,-74.206281,Paraíso del Yarí—Finca La Patagonia (Don Nícolas Velasquez),2021-10-17 05:35,102,6
L41044979,CO,CO-VAC,,3.3210739,-76.5802431,Parcelacion Loma Larga,2026-09-17 17:16,130,46
L13340550,CO,CO-VAC,,3.3519935,-76.51121,Parcelación Andalucía,2026-09-25 06:29,119,48
L68989774,CO,CO-VAC,,3.856967,-76.552077,Parcelación Balcones del Lago,2026-05-23 09:03,98,15
L4762774,CO,CO-CAU,,2.3618313,-76.6833311,Parcelación La Monja,2026-08-08 05:30,164,60
L11306324,CO,CO-VAC,,3.2440815,-76.5880108,Parcelación Oceano Verde,2020-07-11 07:48,53,2
L23363776,CO,CO-VAC,,3.90075,-76.18604,Parcelación Pachamama,2026-06-15 07:40,83,8
L29709631,CO,CO-BOL,,10.3430733,-75.4201218,Parche de bosque El Country,2026-09-27 07:40,110,175
L65311233,CO,CO-DC,,4.6933246,-74.0406565,Parque 111,2026-07-22 06:25,5,1
L5414343,CO,CO-VAC,,3.4188502,-76.5305646,Parque 39,2026-07-11 17:06,29,7
L3671201,CO,CO-CAL,,5.1383207,-75.4927468,Parque Agroecológico Guacaica,2023-12-10 06:46,179,6
L12942442,CO,CO-CUN,,4.5805744,-74.190073,Parque Agroecológico Semilla del Futuro,2026-03-25 07:03,19,9
L13895770,CO,CO-TOL,,3.191727,-75.6425643,Parque Agroindustrial ASOPEP,2024-11-02 16:55,70,15
L14761009,CO,CO-DC,,4.6189709,-74.1566942,Parque Alcaldía Local de Kennedy,2026-05-28 18:13,11,5
L72229418,CO,CO-DC,,4.7212694,-74.0487869,Parque Alcalá y Parque El Contador,2026-09-02 15:05,13,4
L10129807,CO,CO-TOL,,4.437357,-75.192681,Parque Ambeima,2025-02-15 15:18,25,4
L18483694,CO,CO-DC,,4.4962283,-74.1199354,Parque Ambiental Cantarrana,2026-05-17 07:53,48,20
L4338571,CO,CO-ANT,,6.1854195,-75.575729,Parque Ambiental La Frontera,2026-09-20 08:34,180,269
L16791865,CO,CO-CUN,,4.7896582,-74.0025311,Parque Andes Reserva Ecológica,2026-05-22 09:44,51,14
L11431775,CO,CO-CUN,,4.7833357,-73.6710763,Parque Ararat,2026-07-01 21:14,30,6
L3556766,CO,CO-HUI,,1.9160704,-76.2406433,Parque Arquelógico Alto de los Idolos,2026-08-14 13:45,144,49
L6291202,CO,CO-HUI,,1.9709275,-76.2007642,Parque Arqueológico Alto de Las Piedras,2025-11-18 12:11,65,18
L3961260,CO,CO-CUN,,4.816008,-74.3471754,Parque Arqueológico Piedras del Tunjo,2026-09-22 05:54,117,86
L33623954,CO,CO-CAU,,2.573847,-76.032428,Parque Arqueológico Tierradentro,2026-09-20 09:53,97,7
L7998994,CO,CO-HUI,,1.8872471,-76.2951565,Parque Arqueológico de San Agustín,2026-09-06 12:32,301,364
L53304900,CO,CO-DC,,4.4773742,-74.1193916,Parque Arqueológico y del Patrimonio Cultural de Usme,2026-09-26 08:48,63,44
L5062314,CO,CO-ANT,,6.2891931,-75.511415,Parque Arvi,2026-09-14 13:44,271,257
L1802294,CO,CO-ANT,,6.2629839,-75.4985619,Parque Arví,2026-09-13 10:00,192,109
L7256813,CO,CO-MET,,4.1054657,-72.8945553,Parque Avestruz,2026-05-09 10:54,199,77
L17429801,CO,CO-DC,,4.6707827,-74.086647,Parque Barrio José Joaquín Vargas,2026-09-06 07:20,50,74
L4563714,CO,CO-ATL,,10.8502079,-74.8990989,Parque Biotemático Megua,2026-07-06 11:54,135,29
L29173212,CO,CO-VAC,,3.357423,-76.5142393,Parque Bochalema 6,2026-02-13 10:10,49,11
L8138135,CO,CO-ARA,,7.0851781,-70.7578218,Parque Bolivar,2026-02-16 17:46,107,7
L7334459,CO,CO-HUI,,2.791743,-75.2395391,Parque Bosque Guadual,2026-07-14 17:03,129,28
L57363923,CO,CO-VAC,,3.8611144,-76.3851478,"Parque Boyaca, Yotoco",2026-01-18 06:05,12,5
L4302336,CO,CO-CAU,,2.4418356,-76.606333,Parque Caldas,2026-09-11 21:29,63,68
L22650262,CO,CO-DC,,4.4991243,-74.1187933,Parque Cantarrana,2025-11-23 07:41,59,24
L11074527,CO,CO-TOL,,4.4219264,-75.1725714,Parque Cardenal La Samaria,2026-09-25 17:04,177,242
L4682235,CO,CO-ANT,,7.7746502,-76.6684556,Parque Carepa Tulenapa,2026-08-28 19:33,308,316
L17927772,CO,CO-SAN,,7.119644,-73.1059407,Parque Carlos Enrique Virviescas,2026-07-20 08:37,128,44
L5813049,CO,CO-VAC,,4.0630981,-76.1938763,Parque Carlos Sarmiento Lora,2026-01-16 08:18,51,11
L12611284,CO,CO-DC,,4.7261125,-74.0278101,Parque Cedro Golf,2026-08-30 07:01,23,10
L71070454,CO,CO-TOL,,4.4472223,-75.2424109,Parque Centenario,2026-09-18 17:12,77,20
L7362634,CO,CO-CAU,,2.3809404,-76.456317,Parque Central Puracé,2026-07-11 07:46,123,67
L7279202,CO,CO-MET,,3.6911678,-73.6960316,Parque Central San Martin,2026-05-15 09:35,64,52
L68158090,CO,CO-TOL,,4.5416024,-75.0762105,Parque Central de San Juan de la China,2026-05-19 07:00,6,0
L8026893,CO,CO-NAR,,1.1892803,-77.2769283,Parque Chapalito,2025-09-30 09:28,55,106
L22312160,CO,CO-DC,,4.6767645,-74.0405931,Parque Chicó,2026-05-03 06:15,30,17
L18227574,CO,CO-DC,,4.5825631,-74.093723,Parque Ciudad Jardín Río Fucha,2026-09-21 10:58,35,13
L2474819,CO,CO-DC,,4.6027434,-74.1147232,Parque Ciudad Montes,2026-09-24 16:21,82,129
L21162891,CO,CO-DC,,4.6447806,-74.1080277,Parque Ciudad Salitre Oriental,2026-05-21 10:40,22,4
L7364520,CO,CO-NAR,,1.8061578,-78.7635183,"Parque Colón, Tumaco, Nariño",2026-07-19 15:25,40,31
L56425776,CO,CO-ANT,,6.495489,-74.421019,Parque Comfama Humedal La Samaria,2026-08-17 13:53,188,58
L5531970,CO,CO-RIS,,4.7975231,-75.8081532,Parque Consotá,2026-09-23 09:00,182,109
L15177019,CO,CO-TOL,,4.4269841,-75.1832199,Parque Deportivo - Ibagué,2026-09-25 09:18,195,236
L22311618,CO,CO-VAC,,4.3387254,-75.8337716,"Parque Didáctico, Caicedonia",2026-01-18 09:36,53,10
L38479213,CO,CO-DC,,4.6526877,-74.166824,Parque Ecoambiental de Tierrabuena,2026-06-14 07:19,46,84
L8240727,CO,CO-CUN,,4.9115143,-74.2967176,Parque Ecologico Jericó,2025-05-07 09:48,43,7
L7369708,CO,CO-CAS,,5.4546291,-72.454775,Parque Ecologico La Morrocota,2026-01-27 17:25,34,6
L1962886,CO,CO-CUN,,4.56063,-74.00152,Parque Ecologico Matarredonda,2026-07-26 08:40,91,145
L16357897,CO,CO-DC,,4.7414857,-74.0131541,Parque Ecologico Soratoma,2026-07-04 09:08,57,31
L2381174,CO,CO-CUN,,4.9319949,-74.1124392,Parque Ecológico Carmen de los Juncales,2025-10-19 07:52,66,20
L72032088,CO,CO-ANT,,6.23701,-75.58031,Parque Ecológico Cerro Nutibara,2026-09-18 14:06,64,27
L9894392,CO,CO-DC,,4.5244685,-74.1598821,Parque Ecológico Cerro Seco,2019-09-08 08:30,9,1
L13243994,CO,CO-TOL,,4.16994,-74.62971,Parque Ecológico Ciudad Reptilia,2025-06-27 06:30,20,3
L4077722,CO,CO-DC,,4.7214555,-74.1390549,Parque Ecológico Distrital Humedal Jaboque,2026-09-08 08:02,194,881
L21390466,CO,CO-DC,,4.5379598,-74.0973974,Parque Ecológico Distrital de Montaña Entrenubes,2026-09-18 14:36,136,304
L9191738,CO,CO-DC,,4.520641,-74.0947677,Parque Ecológico Distrital de Montaña Entrenubes,2026-07-25 06:49,41,14
L3133247,CO,CO-ANT,,6.138528,-75.5710459,Parque Ecológico El Salado,2026-09-26 07:24,258,649
L3162540,CO,CO-SAN,,7.1085581,-73.1074476,Parque Ecológico La Flora,2026-09-13 06:30,207,376
L3602670,CO,CO-VAC,,3.2593991,-76.5938473,Parque Ecológico Miravalle,2022-06-12 08:17,91,9
L7196750,CO,CO-AMA,,-4.1452628,-69.9298668,Parque Ecológico Mundo Amazónico,2026-09-20 07:25,263,160
L30877401,CO,CO-CUN,,4.9049417,-73.9211155,Parque Ecológico Pionono Sopó,2026-07-13 10:57,72,39
L15324146,CO,CO-MET,,4.125545,-73.4415083,Parque Ecológico Reciclante,2026-09-25 13:26,253,543
L12543938,CO,CO-DC,,4.742009,-74.0128815,Parque Ecológico Soratama,2026-09-26 06:25,73,34
L7294018,CO,CO-CAS,,5.2993236,-72.1843037,Parque Ecoturistico El Tiestal,2025-05-24 17:02,73,7
L27378199,CO,CO-DC,,4.7058535,-74.0245833,Parque Edificio Bosque San Gabriel,2026-07-06 11:43,40,126
L74530089,CO,CO-TOL,,5.1978897,-74.8902276,Parque El Carmen,2026-08-02 07:53,20,3
L12509710,CO,CO-CAL,,5.0700397,-75.4868678,Parque El Colibrí,2020-10-16 16:00,1,2
L7822228,CO,CO-VAC,,3.4513515,-76.543014,Parque El Gato de Tejada,2026-09-12 17:44,163,409
L16845321,CO,CO-DC,,4.6638138,-74.1260943,Parque El Golfito,2026-05-09 06:55,25,23
L4611552,CO,CO-ANT,,6.1532994,-75.6515256,Parque El Romeral,2026-08-05 20:07,139,34
L67621585,CO,CO-RIS,,4.8000118,-75.7009771,Parque El Vergel,2026-08-02 15:31,56,5
L4476891,CO,CO-DC,,4.6743168,-74.057014,Parque El Virrey,2026-09-27 07:00,136,1023
L6123905,CO,CO-BOL,,10.4281101,-75.5424991,Parque Espiritu del Manglal,2026-08-23 15:00,142,133
L25608918,CO,CO-DC,,4.7154426,-74.0859393,Parque Estructurante del Indio o Las Cometas,2026-07-11 07:08,41,15
L58776892,CO,CO-DC,,4.701459,-74.0516342,Parque Eva Perón,2026-08-30 20:40,4,1
L5862420,CO,CO-SAN,,6.5511258,-73.129077,Parque Gallineral,2026-05-09 09:53,186,222
L4505881,CO,CO-PUT,,1.1466,-76.6483471,Parque General Santander,2026-07-10 11:44,118,247
L5788150,CO,CO-VID,,6.1855629,-67.4823578,Parque General Santander,2025-07-15 16:32,75,7
L8903773,CO,CO-DC,,4.6030811,-74.0656722,Parque Germania,2026-06-22 10:49,43,3
L22294417,CO,CO-VAC,,4.3308449,-75.8242404,"Parque Infantil, Caicedonia",2026-01-18 06:32,45,16
L7118124,CO,CO-HUI,,2.9244039,-75.2977848,Parque Isla & Malecón,2026-05-09 10:44,170,72
L7005839,CO,CO-HUI,,2.8993385,-75.2703005,Parque Jardín Botánico de Neiva 'Bertha Hernández de Ospina',2026-03-29 07:09,203,276
L20010855,CO,CO-BOY,,5.6117763,-73.8105994,"Parque Juan Pablo II, Chiquinquirá",2026-09-26 09:47,58,28
L31326661,CO,CO-DC,,4.6837635,-74.1003971,Parque La Consolación,2026-07-08 08:36,8,2
L26555494,CO,CO-DC,,4.64603,-74.08993,Parque La Esmeralda,2026-08-14 07:05,19,11
L23132902,CO,CO-DC,,4.6907971,-74.0739109,Parque La Floresta,2026-08-20 13:07,15,3
L656882,CO,CO-CUN,,4.7302826,-74.1493195,Parque La Florida,2026-09-27 10:55,399,3438
L29700498,CO,CO-ANT,,6.173678,-75.5730968,Parque La Guayacana,2026-07-16 18:33,53,15
L6803721,CO,CO-ANT,,6.1603922,-75.5881248,Parque La Heliodora,2026-09-21 07:00,152,279
L7267325,CO,CO-CAL,,5.0430134,-75.5208725,Parque La Pradera,2025-01-18 10:41,152,13
L8001315,CO,CO-ANT,,6.2075121,-75.5421453,Parque La Presidenta,2026-08-13 08:13,34,4
L63228244,CO,CO-DC,,4.7365871,-74.034672,Parque La Vida Villas del Mediterraneo,2026-07-04 16:38,5,1
L12402598,CO,CO-DC,,4.6992825,-74.0866557,Parque Lagartos,2026-07-12 08:56,19,7
L28114139,CO,CO-DC,,4.6088263,-74.154207,Parque Lago Timiza,2026-09-20 12:00,64,114
L2710066,CO,CO-RIS,,4.8253134,-75.6724602,Parque Lago de La Pradera,2026-09-19 08:00,144,255
L34289509,CO,CO-CUN,,4.6361145,-74.4525781,Parque Lagos de Marsella,2026-07-03 10:15,25,3
L10276255,CO,CO-DC,,4.5917081,-74.1445217,Parque Laguneta,2026-02-13 14:39,6,1
L8917682,CO,CO-SAN,,7.09751,-73.09855,Parque Las Mojarras,2026-04-09 06:30,65,4
L20253225,CO,CO-ANT,,6.0809756,-75.331293,Parque Lineal,2026-04-03 14:53,69,15
L17709838,CO,CO-DC,,4.6568649,-74.108618,Parque Lineal Ciudad Salitre Occidental,2026-09-10 10:26,38,28
L23371441,CO,CO-ANT,,6.0228792,-75.4382958,Parque Lineal Payuco,2025-12-28 17:48,125,41
L53887835,CO,CO-DC,,4.628,-74.21081,Parque Lineal Río Bogotá,2026-06-07 08:30,19,7
L9403724,CO,CO-CUN,,5.121637,-74.153677,Parque Los Agataes,2019-06-03 10:00,16,1
L10109224,CO,CO-TOL,,4.9270323,-75.0639651,"Parque Los Pinos, Libano, Tolima, CO (4,927, -75,064)",2024-11-05 12:35,15,4
L22565712,CO,CO-SAN,,7.1187746,-73.1074074,Parque Los Sarrapios,2025-08-09 07:27,21,3
L57815050,CO,CO-DC,,4.61495,-74.11462,Parque Los Sauces,2026-04-15 05:47,14,2
L7358745,CO,CO-MET,,4.0679981,-73.2229258,Parque Merecure,2026-05-09 10:36,235,158
L19393759,CO,CO-DC,,4.5709007,-74.1340887,Parque Metropolitano Ciudad Tunal,2026-09-19 06:42,49,24
L12526950,CO,CO-DC,,4.5751507,-74.0851844,Parque Metropolitano San Cristóbal,2026-09-21 09:07,42,14
L1845061,CO,CO-DC,,4.6585763,-74.0936208,Parque Metropolitano Simón Bolivar,2026-09-27 11:06,174,2407
L55404333,CO,CO-DC,,4.66794,-74.16154,Parque Metropolitano Zona Franca,2026-09-18 07:58,56,21
L21156049,CO,CO-DC,,4.6164511,-74.1249409,Parque Milenta,2026-09-27 16:13,68,72
L9520438,CO,CO-DC,,4.7419796,-74.080569,Parque Mirador de los Nevados,2026-09-27 08:06,96,119
L7933452,CO,CO-DC,,4.6653474,-74.1176994,Parque Modelia,2026-04-18 07:48,49,30
L4298708,CO,CO-VAC,,3.3796726,-76.5404718,Parque Multicentro--Ruta del Sirirí,2026-09-27 07:06,137,142
L37273759,CO,CO-CUN,,4.3389166,-74.3602612,Parque Municipal Bonnet y Casona Coburgo,2026-06-04 16:07,37,7
L38442321,CO,CO-CAQ,,1.4388832,-75.8836992,Parque Municipal Natural La Resaca
L7812523,CO,CO-CAQ,,1.4377818,-75.8924371,Parque Municipal Natural La Resaca,2025-07-20 11:11,133,3
L5832116,CO,CO-CAQ,,1.4130583,-75.881016,Parque Municipal Natural Las Lajas,2026-08-02 08:59,156,74
L16573881,CO,CO-CAQ,,1.4284023,-75.8511398,Parque Municipal Natural Mauritia,2025-01-16 06:19,60,4
L38442437,CO,CO-CAQ,,1.595144,-75.921519,Parque Municipal Natural Termales de la Quisayá,2024-11-30 05:56,143,27
L68275024,CO,CO-SAP,,12.5615589,-81.7087984,Parque Nacional Manglares de Old Point,2026-09-27 06:53,34,6
L39279225,CO,CO-SAN,,6.7905885,-73.0041156,Parque Nacional Natural Chicamocha,2026-09-13 10:05,83,17
L5718935,CO,CO-VAC,,4.527307,-76.090649,Parque Nacional de la Uva,2026-08-08 10:18,230,840
L1612184,CO,CO-CUN,,4.6064869,-74.3055153,Parque Natural Chicaque,2026-09-25 19:12,551,4035
L35521462,CO,CO-CUN,,4.6147107,-74.3114805,Parque Natural Chicaque--El Refugio,2026-09-26 06:04,321,620
L3169340,CO,CO-CUN,,4.3511111,-74.6516667,Parque Natural Maná Dulce,2026-09-22 06:18,344,686
L54265905,CO,CO-SAN,,6.8778702,-73.4088353,Parque Natural Miraflores,2026-06-02 09:26,67,7
L54773589,CO,CO-HUI,,2.033791,-75.614633,Parque Natural Municipal Agua Caliente,2025-11-02 16:49,124,9
L14672103,CO,CO-HUI,,1.8544282,-76.051312,Parque Natural Municipal Urbano,2026-02-13 15:54,104,22
L7435605,CO,CO-HUI,,2.8486111,-75.6602778,Parque Natural Regional Cerro Banderas Ojo Blanco,2018-10-06 06:30,57,8
L6951428,CO,CO-HUI,,2.2800052,-75.447278,Parque Natural Regional Cerro Páramo de Miraflores,2026-05-09 09:51,67,7
L3007361,CO,CO-VAC,,3.8256559,-76.2977982,Parque Natural Regional El Vínculo,2026-08-08 07:39,227,301
L7082379,CO,CO-MET,,3.303483,-73.361887,Parque Natural Regional Lagula Lomalinda,2026-01-04 15:48,215,44
L2078942,CO,CO-ANT,,6.2650401,-75.5812597,Parque Natural Regional Metropolitano Cerro El Volador,2026-09-24 06:37,271,600
L8522940,CO,CO-VAC,,3.5693578,-76.0717352,Parque Natural Regional Nima,2019-01-29 06:00,39,8
L9197777,CO,CO-VAC,,3.52558,-76.10749,Parque Natural Regional Nima,2019-05-04 06:00,30,3
L465413,CO,CO-CHO,,4.1215,-76.4995,Parque Natural Regional Páramo del Duende,2007-11-16 00:00,4,0
L7144862,CO,CO-VAC,,4.049015,-76.457442,Parque Natural Regional Páramo del Duende--Centro de Investigación Corporación Autónoma Regional del Valle del Cauca,2023-04-09 06:51,168,14
L65936677,CO,CO-SAN,,6.5508381,-73.1283367,Parque Natural el Gallineral,2026-07-09 07:46,32,4
L16828986,CO,CO-DC,,4.6716329,-74.1089898,Parque Normandía (Cancha) Cra. 73 52,2026-07-29 13:29,17,7
L4592650,CO,CO-ANT,,6.2715701,-75.5680713,Parque Norte,2026-09-18 16:32,123,91
L4570990,CO,CO-RIS,,4.8092934,-75.6962672,Parque Olaya Herrera,2026-09-08 14:30,59,36
L25458760,CO,CO-VAC,,3.4820655,-76.4826778,Parque Petecuy 2,2025-12-11 20:10,59,30
L19313601,CO,CO-RIS,,4.8052499,-75.686643,Parque Pinares,2026-04-23 10:55,31,17
L7640286,CO,CO-MET,,2.1839312,-73.7876223,Parque Principal,2026-09-25 07:39,122,59
L10109119,CO,CO-TOL,,4.9229502,-75.0646512,"Parque Principal Isidro Parra, Líbano",2026-08-03 12:11,57,14
L23999568,CO,CO-SAN,,5.876541,-73.6804287,Parque Principal Puente Nacional,2026-05-17 10:47,65,14
L22428612,CO,CO-CAQ,,1.329483,-75.9738643,Parque Principal San Jose del Fragua,2025-08-30 06:35,57,7
L9569399,CO,CO-TOL,,4.1342035,-75.0945514,Parque Principal San Luis,2026-07-08 11:56,26,19
L11432089,CO,CO-BOY,,5.6124877,-72.9794889,"Parque Principal Álvaro Díaz Gómez y Centro Histórico, Iza",2024-03-03 08:53,23,4
L66678776,CO,CO-SAN,,5.8756567,-73.7822983,Parque Principal-Jesús María,2026-05-15 10:25,5,2
L16965993,CO,CO-DC,,4.637717,-74.0574209,Parque Publico Bosque Vista Real,2026-09-04 09:31,19,7
L3202484,CO,CO-CUN,,4.9366127,-73.9808292,Parque Puente Sopó,2026-09-20 09:10,170,474
L18424111,CO,CO-RIS,,4.9226883,-75.9704617,Parque Recreacional Alto del Rey,2022-02-25 06:16,40,0
L4601834,CO,CO-ANT,,6.2519521,-75.5532253,Parque Recreativo y Biblioteca La Ladera,2026-09-14 17:25,98,64
L11383100,CO,CO-DC,,4.7045965,-74.0616408,Parque Recreo de los Frailes,2026-08-11 08:23,7,1
L3296496,CO,CO-SAP,,12.5648099,-81.7050075,"Parque Regional ""Old Point Regional Mangrove Park""",2026-09-27 06:58,150,473
L57131494,CO,CO-SAP,,13.3352966,-81.372728,"Parque Regional ""The Peak"" (base de la senda a The Peak)",2026-01-11 07:41,9,1
L7203286,CO,CO-RIS,,4.8514369,-75.5033255,Parque Regional Campoalegre,2026-07-20 07:13,195,87
L7777237,CO,CO-RIS,,4.8544142,-75.5308624,Parque Regional Campoalegre--Carretera de Entrada a San Vicente,2025-09-29 07:26,199,81
L7777197,CO,CO-RIS,,4.8624839,-75.5277703,Parque Regional Campoalegre--Cruce San Vicente,2026-09-03 13:45,272,200
L17151519,CO,CO-CUN,,4.7325493,-74.1436386,Parque Regional La Florida,2026-08-05 10:35,140,94
L7947734,CO,CO-RIS,,4.8447714,-75.71684,Parque Regional Natural Alto del Nudo,2026-06-27 10:10,217,181
L6475198,CO,CO-RIS,,4.7115922,-75.6706953,Parque Regional Natural Barbas-Bremen--Sendero Yarumal,2026-09-26 08:59,307,159
L3172091,CO,CO-HUI,,2.1871212,-75.9395599,Parque Regional Serranía de Minas,2024-08-02 07:30,184,22
L2638098,CO,CO-RIS,,4.7020586,-75.5358553,Parque Regional Ucumari--El Cedral,2026-09-27 08:50,413,1547
L759827,CO,CO-RIS,,4.7109763,-75.4859447,Parque Regional Ucumari--La Pastora,2026-08-20 12:58,370,205
L6171634,CO,CO-RIS,,4.7094415,-75.5496824,Parque Regional Ucumari--Otun Quimbaya al Cedral,2026-09-19 07:13,392,1159
L11425170,CO,CO-CAU,,1.7248887,-76.7031892,Parque Regional el Aleton,2021-10-09 06:00,92,3
L2093816,CO,CO-SAP,,13.348714,-81.3756001,Parque Regional “The Peak”,2026-05-23 06:49,106,50
L37333002,CO,CO-COR,,8.7749232,-75.8700088,Parque Ronda Del Sinú Norte,2026-06-24 06:38,87,17
L13796223,CO,CO-CUN,,5.1087921,-73.9679607,Parque Río Neusa,2026-06-21 14:44,83,38
L28733208,CO,CO-NAR,,1.2343377,-77.2828557,Parque Río Pasto; Morasurco,2026-09-06 06:40,111,162
L6770444,CO,CO-ATL,,10.9937696,-74.8181874,Parque Sagrado Corazón,2026-01-04 06:56,69,47
L7367331,CO,CO-CAS,,5.6380608,-72.1945739,Parque Salvador Camacho Roldán,2025-11-09 15:30,74,15
L16511836,CO,CO-VAC,,3.374755,-76.5281653,Parque San Joaquín - Cali,2025-06-28 08:10,45,5
L22487767,CO,CO-SAN,,7.1185656,-73.1103659,Parque San Pío,2026-06-24 06:13,46,22
L26624155,CO,CO-DC,,4.6850508,-74.0318467,Parque Santa Ana Oriental,2026-09-25 17:20,94,202
L38520213,CO,CO-DC,,4.7305355,-74.0533549,Parque Santa Helena,2026-09-25 16:41,64,82
L4673919,CO,CO-VAC,,3.6585481,-76.2457668,Parque Santa Helena,2026-05-09 04:48,60,8
L11024818,CO,CO-ANT,,6.1883424,-75.5806027,Parque Santa María De Los Ángeles,2026-02-21 15:29,75,47
L2760361,CO,CO-AMA,,-4.212645,-69.9429795,Parque Santander (Parque de Los Loros),2026-09-15 12:47,252,1335
L13126710,CO,CO-CAL,,5.45166,-74.6641481,"Parque Santander, La Dorada",2022-05-14 00:00,9,2
L5236804,CO,CO-DC,,4.6552186,-74.1136193,Parque Sauzalito,2026-07-12 12:48,45,55
L11378182,CO,CO-ANT,,6.189,-74.992,"Parque Simon Bolivar, San Carlos",2026-09-03 07:00,240,72
L5829572,CO,CO-VAC,,3.4551466,-76.5324193,Parque Simón Bolívar Cali,2026-09-26 06:13,140,133
L9265986,CO,CO-CUN,,4.5954486,-74.3411063,"Parque Tematico Cafetero Finca La Pedregoza, San Antonio del Teq",2026-09-06 10:40,163,144
L9266000,CO,CO-CUN,,4.5954504,-74.341135,"Parque Tematico Cafetero Finca La Pedregoza, San Antonio del Tequendama",2026-09-06 13:53,306,2255
L35647791,CO,CO-TOL,,4.468128,-75.1976911,"Parque Tematico Meraki, Ibagué, Tolima",2025-05-11 12:28,134,114
L9266084,CO,CO-CUN,,4.5954611,-74.341135,Parque Temático Cafertero Finca La Pedregoza,2026-09-20 13:44,209,103
L46897085,CO,CO-TOL,,4.4783111,-75.2125686,Parque Temático Tacuraí,2026-09-06 11:31,163,36
L5907941,CO,CO-VAC,,3.385085,-76.6074541,Parque Temático de La Doble Espiral,2023-02-05 04:31,63,2
L7323064,CO,CO-CUN,,4.3599762,-74.3331313,Parque Verde y Agua,2026-09-01 07:36,343,699
L37827576,CO,CO-DC,,4.736497,-74.0401279,Parque Villa Magdala,2026-09-21 08:27,33,3
L19045303,CO,CO-DC,,4.6559768,-74.0883195,Parque Virgilio Barco,2026-07-27 16:48,30,19
L31789937,CO,CO-BOL,,10.5396535,-75.4179722,Parque Vivarium del caribe,2026-09-13 15:26,89,4
L65795225,CO,CO-DC,,4.6260677,-74.2113644,Parque Zonal Campo Verde II,2026-09-06 06:54,16,7
L5780153,CO,CO-ANT,,6.2237294,-75.580042,Parque Zoológico Santa Fe,2026-05-30 15:38,109,61
L4938966,CO,CO-VAC,,3.389205,-76.541901,Parque de Capri,2026-04-17 16:49,79,41
L6528613,CO,CO-DC,,4.6766266,-74.0483129,Parque de La 93,2026-08-25 13:20,45,47
L3128021,CO,CO-VAC,,3.3606602,-76.5388566,Parque de La Babilla,2026-07-22 07:19,164,115
L7343613,CO,CO-VAC,,4.0669912,-76.1986345,Parque de La Guadua,2026-06-12 06:27,79,16
L17607368,CO,CO-VAC,,3.3989331,-76.5342057,Parque de La Hormiga,2024-05-24 17:25,2,0
L6328793,CO,CO-CES,,10.4987369,-73.2640564,Parque de La Leyenda Vallenata,2026-08-09 11:24,97,40
L11485761,CO,CO-MET,,3.5523334,-73.7130407,Parque de La Paz,2026-03-27 11:11,6,2
L6375222,CO,CO-ANT,,6.2078184,-75.5699193,Parque de La Presidenta,2026-09-13 11:05,175,291
L2356535,CO,CO-QUI,,4.5480599,-75.6600737,Parque de La Vida,2026-09-23 15:27,279,1130
L7893594,CO,CO-MET,,3.571139,-73.7179828,Parque de La Vida Confrem Granada,2026-07-16 08:20,120,75
L12882433,CO,CO-VAC,,4.3127166,-75.8748781,Parque de Las Heliconias - Jardín de Flores Tropicales y Exóticas,2026-08-09 11:03,197,125
L7348962,CO,CO-ANT,,6.1483525,-75.615651,Parque de Las Mascotas,2026-09-12 12:00,45,18
L1029157,CO,CO-VAC,,3.4794739,-76.5107846,Parque de Las Orquideas,2026-02-15 17:18,53,46
L22300348,CO,CO-VAC,,4.3349399,-75.8290911,"Parque de Las Palmas, Caicedonia",2026-05-17 06:12,45,15
L4287650,CO,CO-DC,,4.6553149,-74.0809876,Parque de Los Novios,2026-09-27 07:08,109,278
L7340702,CO,CO-ANT,,6.2446519,-75.5772096,Parque de Los Pies Descalzos,2026-06-22 10:59,67,35
L7922101,CO,CO-ANT,,6.2079,-75.5527,Parque de Universidad CES,2026-05-28 11:25,127,306
L22310952,CO,CO-VAC,,4.3349714,-75.8229821,Parque de la Ciudadela,2026-05-12 06:33,47,17
L40664382,CO,CO-VAC,,3.4381986,-76.5392532,Parque de la Herradura,2026-07-26 12:21,17,5
L8693263,CO,CO-DC,,4.6120586,-74.0687943,Parque de la Independencia - Bicentenario,2026-07-29 10:00,28,16
L1335325,CO,CO-BOL,,10.4205726,-75.5523583,Parque de la Marina,2026-09-24 09:18,224,659
L11208482,CO,CO-MET,,3.5527101,-73.7131751,"Parque de la Paz, Granada",2026-05-15 17:05,91,52
L11097952,CO,CO-VAC,,3.4314394,-76.5428806,"Parque de las Banderas, Cali",2026-09-22 09:27,51,77
L5608558,CO,CO-VAC,,3.4472927,-76.5437222,Parque del Acueducto--Colonial San Antonio,2026-08-14 10:45,158,304
L5888594,CO,CO-SAN,,7.1305317,-73.1097007,Parque del Agua,2026-04-12 06:39,31,6
L1775162,CO,CO-QUI,,4.5400535,-75.7700141,Parque del Café,2026-09-20 16:06,159,110
L5864115,CO,CO-BOL,,10.4227035,-75.547421,Parque del Centenario,2026-09-26 14:48,181,428
L2207962,CO,CO-VAC,,3.3867889,-76.5304399,Parque del Ingenio,2026-08-04 06:37,100,69
L4905627,CO,CO-VAC,,3.400719,-76.529668,Parque del Limonar,2026-09-27 11:46,82,23
L6060486,CO,CO-VAC,,3.4357878,-76.545428,Parque del Perro,2026-09-19 06:59,59,37
L22294400,CO,CO-VAC,,4.3269323,-75.8259845,"Parque del Surco, Caicedonia",2026-05-01 15:30,73,20
L16991849,CO,CO-VAC,,3.5494101,-76.2872082,"Parque el Oasis de las Mercedes, Palmira",2026-09-18 06:00,109,466
L8918582,CO,CO-SAN,,7.0638306,-73.1709033,"Parque gallineral, Girón, Santander, CO (7,064,",2025-11-19 09:57,92,15
L3492811,CO,CO-VAC,,3.395372,-76.5308636,Parque la Hacienda,2026-07-10 11:11,78,20
L13024221,CO,CO-DC,,4.5378406,-74.0931625,Parque las Brujas,2024-11-01 08:48,36,30
L25103047,CO,CO-MET,,3.794006,-73.8407342,Parque principal Cubarral,2026-07-11 16:41,82,76
L5971410,CO,CO-VAC,,3.4889079,-76.5176752,Parque Éxito de La Flora,2026-05-09 06:00,64,25
L7172033,CO,CO-ATL,,10.9960099,-74.7948709,Parques Santander y Los Fundadores,2026-08-09 07:50,44,27
L39246273,CO,CO-QUI,,4.5335288,-75.7064341,Parques de Bolivar Etapa 3 (Conjunto Residencial),2026-09-24 07:31,153,22
L8001357,CO,CO-ANT,,6.243612,-75.5795431,Parques del Río Medellín,2026-09-19 17:00,108,219
L31749863,CO,CO-CUN,,4.2534518,-73.8233637,Parte Alta Monterredondo--Kikuyales,2026-08-07 09:53,62,15
L31749378,CO,CO-CUN,,4.2574255,-73.8170871,Parte Alta del Corazón Monterredondo,2026-06-24 08:20,138,85
L18216678,CO,CO-CAS,,5.2374249,-72.9143266,Paseo por las Nubes,2026-07-12 12:25,454,668
L22551240,CO,CO-ANT,,6.0568762,-75.5227711,Paso Del Toro,2026-09-26 09:18,199,219
L3023477,CO,CO-VAC,,4.8313096,-76.1810207,Paso Galapagos--Camino Galapagos,2026-05-21 06:00,265,160
L3632277,CO,CO-CHO,,4.8527198,-76.2176514,Paso Galapagos--Camino a San Jose del Palmar,2026-02-28 09:02,340,60
L23249989,CO,CO-CAL,,5.033592,-75.467012,Patinodromo La Enea,2026-04-27 09:26,95,48
L6465720,CO,CO-CAU,,2.0686794,-77.0544416,Patía (pueblo),2026-07-27 09:16,81,31
L762079,CO,CO-SAN,,6.9780237,-73.4478951,Pauxi pauxi ProAves Reserve,2024-09-11 06:31,561,2443
L28924940,CO,CO-CAQ,,1.713684,-75.732681,Pava Negra Nature Reserve,2026-09-05 15:49,248,139
L18100055,CO,CO-CUN,,5.3750249,-74.3969726,Paz Paz,2024-10-12 07:19,42,8
L64652048,CO,CO-CUN,,4.3040026,-74.63928,Peacock House,2026-06-07 06:27,87,8
L13709868,CO,CO-LAG,,11.2776192,-73.1202139,Peaje El Ebanal,2026-08-23 05:55,193,344
L60565399,CO,CO-NSA,,7.5455286,-72.7790123,Pedregal,2026-03-21 14:59,20,2
L4827079,CO,CO-CUN,,4.8726704,-73.8898011,Pedro Paramo Restaurante,2026-07-20 12:39,51,32
L10535262,CO,CO-RIS,,5.2892904,-76.0415863,Pelahuevos,2026-02-28 18:04,154,10
L7800735,CO,CO-CAL,,5.3832154,-75.1606619,Pensilvania--Casco Urbano,2026-07-30 20:12,79,116
L32080606,CO,CO-CAL,,5.3727574,-75.1746345,Pensilvania--Centro Vacacional El Bosque,2026-09-20 16:20,66,5
L10748936,CO,CO-CAL,,5.3751384,-75.1632046,Pensilvania--Cerro Piamonte,2026-02-28 05:41,105,18
L9641152,CO,CO-CAL,,5.533222,-75.1327388,Pensilvania--Corregimiento Pueblo Nuevo,2026-06-06 16:10,137,37
L9183546,CO,CO-CAL,,5.3803093,-75.1521225,Pensilvania--MADEPEN,2026-06-13 14:23,109,143
L34458097,CO,CO-CAL,,5.3769492,-75.1714066,Pensilvania--Puente Arriería,2024-07-06 07:00,13,3
L32079231,CO,CO-CAL,,5.4797228,-75.1280855,Pensilvania--Vda Buenos Aires,2026-02-08 09:59,104,11
L36115643,CO,CO-ANT,,7.0572222,-75.8883333,"Peque, antioquia",2025-03-01 22:29,68,5
L11393668,CO,CO-RIS,,4.8143242,-75.694743,Pereira--Plaza Bolivar,2026-03-20 10:05,22,4
L6801612,CO,CO-RIS,,4.8062842,-75.7536134,Pereira--Villa Olimpica,2026-09-08 10:05,63,71
L16450666,CO,CO-TOL,,4.4080408,-75.3095045,Perico,2021-06-23 09:00,1,1
L18376512,CO,CO-HUI,,2.0419959,-75.8590471,Pericongo,2026-04-05 12:07,81,23
L33152073,CO,CO-CAL,,5.0699476,-75.6756022,Pescador de Capri,2025-11-02 14:26,71,6
L9685696,CO,CO-CUN,,4.5396235,-73.9703979,Peña Azul,2019-07-21 11:12,1,0
L18141011,CO,CO-CUN,,4.7131978,-74.4812718,Peña Negra,2026-08-09 05:48,53,9
L22095871,CO,CO-CUN,,4.9049915,-74.1276807,Peña de Juaica,2026-06-28 15:03,93,30
L9718755,CO,CO-RIS,,4.7404093,-75.4511113,Peña de las Aguilas,2011-11-30 05:00,15,1
L55897054,CO,CO-CHO,,8.404852,-77.259382,Peñalosa Pueblo,2026-08-28 16:04,103,11
L16964892,CO,CO-CUN,,4.5768011,-74.3325256,Peñas Blancas,2026-08-21 06:15,193,61
L29512571,CO,CO-CUN,,4.6924513,-74.3593049,"Peñas Blancas, El Velo",2026-06-06 08:54,72,2
L52188128,CO,CO-VAC,,3.416397,-76.658853,Peñas Blancas—Finca Los Olivos,2026-04-11 00:07,122,9
L2279342,CO,CO-CUN,,4.880243,-74.421496,Peñas del Aserradero,2026-09-14 12:15,210,91
L55966001,CO,CO-CHO,,8.32862,-77.06789,Peñones de San Francisco,2025-12-14 06:44,14,2
L4774380,CO,CO-HUI,,3.2468826,-75.1578408,Peñón de Constantino,2024-10-12 06:04,70,9
L9979480,CO,CO-RIS,,5.2229223,-76.0755248,Pica del Oso (acceso restringido),2025-11-30 07:29,276,30
L885512,CO,CO-VAC,,3.433511,-76.6145668,Pichindé (corregimiento),2026-09-04 07:14,251,93
L7887896,CO,CO-VAC,,3.317866,-76.60197,Pico de Águila,2026-09-27 11:33,243,143
L60016166,CO,CO-SAN,,7.0238717,-73.0554829,Piedecuesta Santander Colombia,2026-03-10 18:00,3,2
L23738139,CO,CO-GUV,,2.567,-72.812,Piedra Alta,2026-08-01 18:32,55,11
L18260748,CO,CO-CUN,,5.4252865,-73.8454841,Piedra Colgada Parque Ecoturistico,2026-04-12 15:58,10,3
L65637679,CO,CO-CUN,,4.6414453,-74.3339467,Piedra Colgada del Tequendama,2026-05-09 10:01,43,1
L32274652,CO,CO-CAL,,5.5079629,-75.127126,"Piedra Grande, La Divisa",2024-05-21 11:00,1,0
L11428813,CO,CO-CHO,,5.625,-77.4215923,"Piedra Piedra Ecolodge, Nuquí",2021-09-23 09:33,62,2
L8411598,CO,CO-CHO,,5.6245531,-77.4174136,"Pijiba Lodge, Nuquí",2026-09-27 13:47,219,201
L9832287,CO,CO-VAC,,4.751,-75.928,"Pinares, Cartago",2026-05-01 13:57,67,38
L7694561,CO,CO-RIS,,5.1421813,-75.9488779,Pirineos Ecolodge,2026-05-09 06:46,250,94
L52369303,CO,CO-TOL,,4.8068273,-74.8244208,Piscicola Mercapez,2026-06-30 10:02,40,4
L12665255,CO,CO-MET,,4.2580308,-73.5492085,Piscicultura Los Medios,2026-09-05 17:57,237,209
L23198821,CO,CO-CUN,,4.214086,-74.6813261,Piscilago: Parque Acuático y Área de Conservación,2026-09-24 09:18,222,724
L3699005,CO,CO-TOL,,4.4603147,-75.147332,Piscícola El Carmen,2025-05-09 07:17,113,5
L15597184,CO,CO-TOL,,3.4407706,-75.1327944,"Piscícola Santa Elena, Natagaima, Tolima",2026-07-03 16:39,98,13
L7798589,CO,CO-BOL,,9.7371419,-74.8289907,Pista Monterrey,2018-08-07 16:05,63,10
L24317692,CO,CO-RIS,,4.8338557,-75.7585796,PiteTierra Casa 1,2025-11-11 06:56,1,0
L10059769,CO,CO-TOL,,3.1979777,-75.6419748,Planadas - Casco Urbano,2026-02-08 17:49,29,2
L3669973,CO,CO-CAL,,5.2024745,-75.6391311,Planes de Neira,2025-12-18 15:51,136,33
L3786525,CO,CO-CAL,,5.1089444,-75.6522778,Planes de Neira,2026-02-10 06:00,201,60
L7735058,CO,CO-CAL,,5.11022,-75.650129,Planes de Neira--Quebrada Guadual,2026-01-03 07:32,112,37
L7668399,CO,CO-RIS,,5.1255248,-76.0020983,Planes de San Rafael,2026-09-23 04:31,344,312
L44769526,CO,CO-CAQ,,1.3442964,-74.8432253,Playa Alta,2026-05-09 05:54,122,12
L55062382,CO,CO-NAR,,2.6606208,-78.2600555,Playa Amarales,2026-06-22 16:27,16,5
L27831367,CO,CO-SAP,,12.575117,-81.703255,Playa Avenida Newball,2026-05-09 11:29,25,12
L13471787,CO,CO-COR,,9.4083748,-75.7581346,Playa Blanca San Antero,2026-06-13 07:41,41,7
L5752624,CO,CO-ANT,,8.5944211,-76.8898559,Playa Bobalito,2026-04-02 13:56,139,20
L37574661,CO,CO-VAC,,3.928907,-77.3138809,Playa Chucheros,2026-07-12 15:53,14,6
L5683386,CO,CO-LAG,,11.2741511,-73.3153478,Playa Dibulla,2026-05-03 09:40,124,39
L5997834,CO,CO-NAR,,1.8237872,-78.7629229,Playa El Bajito,2026-09-04 14:30,106,177
L2328570,CO,CO-MET,,2.8221572,-72.3669434,Playa Güio,2023-05-12 06:13,14,3
L3954195,CO,CO-PUT,,0.4931341,-76.5193838,Playa Hong Kong,2025-10-11 12:01,143,56
L16233960,CO,CO-VAC,,3.9135364,-77.3181295,Playa Juan de Dios,2025-04-27 12:31,53,6
L5515208,CO,CO-MAG,,11.256026,-73.7873983,Playa Koralia,2026-09-26 17:10,177,34
L8385490,CO,CO-ATL,,10.8861287,-75.0678783,Playa Los Cocos,2026-09-06 08:59,28,4
L25237408,CO,CO-ANT,,8.8567336,-76.425004,Playa Maporita,2026-08-17 08:19,59,8
L7369873,CO,CO-CHO,,5.878204,-77.3004913,Playa Morromico,2025-10-11 20:17,113,17
L36366421,CO,CO-VAC,,3.8393916,-77.1968709,Playa Pianguita,2025-05-09 13:10,42,4
L57546751,CO,CO-ATL,,10.803167,-75.216394,Playa Punta Astilleros,2026-09-04 14:22,124,38
L31191749,CO,CO-COR,,9.41453,-75.723238,Playa Punta Bolívar,2026-04-10 08:44,92,10
L68968836,CO,CO-SAP,,12.54305,-81.70492,"Playa Rocky Cay, San Andrés Islas",2026-06-04 14:43,1,0
L4892751,CO,CO-CHO,,5.619053,-77.429061,Playa Terco,2026-09-26 07:54,216,76
L19112111,CO,CO-COR,,9.3713931,-75.9847283,Playa de Los Venados,2022-04-28 00:00,7,0
L27800557,CO,CO-SAP,,12.494678,-81.734906,Playa de Pozo Azul,2026-05-21 08:47,22,9
L3940738,CO,CO-NAR,,1.8299853,-78.7319943,Playa del Morro,2026-08-28 16:28,236,512
L4614221,CO,CO-ANT,,8.1701597,-76.739459,Playas de La Martina,2026-05-05 11:03,141,33
L2760092,CO,CO-LAG,,11.664341,-72.7801323,Playas de Mayapo,2026-05-19 15:41,132,33
L27800551,CO,CO-SAP,,12.5219848,-81.7136372,Playas de San Luis,2026-09-27 09:01,42,22
L44870313,CO,CO-MAG,,10.818214,-74.5059639,Playón de Ariza - SFF Ciénaga Grande de Santa Marta,2026-05-09 06:00,12,2
L16487809,CO,CO-BOY,,5.7195777,-72.9269933,Plaza 6 de Septiembre,2026-05-09 05:16,14,5
L22348110,CO,CO-CES,,10.4776462,-73.2445259,Plaza Alfonso López,2026-08-23 16:55,39,22
L19057741,CO,CO-DC,,4.6044452,-74.0856648,Plaza España,2025-12-21 18:53,10,4
L9715057,CO,CO-DC,,4.6128237,-74.0678317,Plaza La Santa María,2026-09-27 08:15,15,5
L44728000,CO,CO-DC,,4.598124,-74.0760469,Plaza de Bolivar,2026-08-27 09:08,20,24
L4476592,CO,CO-VAC,,3.4496113,-76.5335955,Plaza de La Gobernación del Valle del Cauca,2026-07-25 11:27,58,44
L55236121,CO,CO-ANT,,6.077084,-75.209838,Pluma Negra Lodge,2026-09-27 06:14,227,674
L15926545,CO,CO-RIS,,4.8056109,-75.7053281,Poblado 2,2026-04-14 07:12,31,2
L10118616,CO,CO-RIS,,4.8002393,-75.7077329,Poblado II,2026-09-19 17:53,51,6
L56685979,CO,CO-VID,,4.046088,-67.714188,Poblado de Amanaven,2026-04-12 14:12,9,1
L45092418,CO,CO-MET,,3.055975,-72.142808,Poligrow--Barandales BA01 (Acceso Privado),2026-04-28 16:09,32,5
L45092502,CO,CO-MET,,3.061722,-72.161639,Poligrow--Barandales BA02 (Acceso Privado),2025-10-11 14:55,24,4
L44987390,CO,CO-MET,,2.888917,-72.042944,Poligrow--Bonanza BO01 (Acceso Privado),2025-05-10 08:53,5,2
L44986145,CO,CO-MET,,2.864344,-72.055094,Poligrow--Bonanza BO02 (Acceso Privado),2026-02-18 16:22,76,8
L44988174,CO,CO-MET,,2.873997,-72.058439,Poligrow--Bonanza BO03 (Acceso Privado),2026-02-18 16:47,29,4
L45091694,CO,CO-MET,,3.04513,-72.138128,Poligrow--Epifitario (Acceso Privado),2026-07-14 07:59,46,10
L45091840,CO,CO-MET,,3.019958,-72.20545,Poligrow--La Porronga (Acceso Privado),2026-08-05 08:08,122,35
L45092306,CO,CO-MET,,3.030514,-72.168953,Poligrow--Macondo MA05 (Acceso Privado),2026-06-30 08:33,44,8
L44990222,CO,CO-MET,,2.891117,-72.077811,Poligrow--Toninas TO01 (Acceso Privado),2026-05-09 08:53,73,13
L44991251,CO,CO-MET,,2.893519,-72.087547,Poligrow--Toninas TO03 (Acceso Privado),2026-05-09 17:30,157,46
L44992213,CO,CO-MET,,2.902769,-72.099572,Poligrow--Toninas TO04 (Acceso Privado),2026-05-09 15:53,112,20
L45248969,CO,CO-MET,,2.958067,-72.20585,Poligrow--Yamu YA01 (Acceso Privado),2025-05-10 12:47,14,1
L45249241,CO,CO-MET,,2.969006,-72.212586,Poligrow--Yamu YA02 (Acceso Privado),2025-05-10 11:53,6,1
L29112108,CO,CO-ANT,,6.3367535,-75.5396104,Politécnico Colombiano Jaime Isaza Cadavid (Sede Niquia),2026-05-06 05:00,74,20
L8389792,CO,CO-VAC,,3.3734675,-76.5669401,"Polvorines, La Buitrera",2025-07-05 09:44,63,11
L43797033,CO,CO-BOL,,10.5496786,-75.4340992,Pontezuela—Laguna Carreto,2025-12-13 08:53,118,10
L28117019,CO,CO-ARA,,6.47222,-71.888071,Portal Cañón del Cravo,2025-06-23 15:39,141,24
L18446018,CO,CO-PUT,,1.0059538,-76.6703054,Portal del Sol,2026-07-19 15:31,197,94
L15191509,CO,CO-CAQ,,1.1916068,-76.1501451,Portales del Fragüita,2026-08-14 06:15,55,7
L14629091,CO,CO-CAQ,,1.556175,-75.712563,Posada Amazonía,2026-08-16 06:21,120,21
L3880877,CO,CO-RIS,,5.1063475,-75.9274377,Posada Campesina Los Cedros,2026-05-09 22:06,63,13
L11389186,CO,CO-CUN,,4.7675945,-73.6097649,Posada Campestre El Bejuco,2026-01-11 07:38,13,3
L11412645,CO,CO-BOY,,5.0073532,-73.4660244,Posada Campestre La Gironda,2026-09-13 16:20,112,87
L23182608,CO,CO-HUI,,1.9495236,-76.515919,Posada El Cedro,2025-04-08 16:33,19,3
L8537699,CO,CO-BOY,,5.9332283,-73.5182762,Posada Fisterra,2026-05-27 16:30,43,5
L5840215,CO,CO-CAS,,5.4165848,-71.7002106,Posada Hato El Diamante,2026-05-02 16:24,147,49
L64404343,CO,CO-PUT,,1.1414274,-76.6708749,Posada Kauai,2026-06-05 06:30,137,173
L23176969,CO,CO-CAU,,1.9152114,-76.6252208,Posada Tucán-Suyú,2026-03-26 06:24,45,22
L76723325,CO,CO-ANT,,6.07063,-75.021735,Posadas Entre el Bosque,2026-09-07 06:10,72,10
L32795990,CO,CO-PUT,,1.212575,-76.9258829,Posadas Turísticas Villa Beatriz,2026-08-19 05:23,31,9
L14597443,CO,CO-NAR,,0.8064415,-77.5718497,Potosí,2026-05-11 18:03,14,8
L40158180,CO,CO-RIS,,4.8860007,-75.4660924,Potosí,2026-07-05 14:06,33,2
L11838745,CO,CO-VAC,,3.4188552,-76.5522778,"Potrero de la 50, Cali",2023-06-16 16:51,45,67
L21475412,CO,CO-SAN,,7.1878905,-73.8302888,Pozo 36,2026-01-10 11:44,109,35
L3235744,CO,CO-MAG,,11.1368766,-74.1042316,Pozo Azul,2026-09-15 09:59,327,505
L31604170,CO,CO-CUN,,4.8803859,-74.2725348,Pozo Cartagena,2026-08-30 07:49,35,1
L35977810,CO,CO-MAG,,11.161783,-74.228409,Pozo Colorados Wetlands Reserve,2026-09-05 09:19,224,150
L10102501,CO,CO-MET,,3.9954638,-73.8126159,Pozos La Chorrera,2026-05-17 12:44,217,210
L14577212,CO,CO-CUN,,4.6004233,-74.3930197,Pradilla--Parque Principal,2025-05-01 11:01,34,2
L15796284,CO,CO-NSA,,7.91774,-72.49926,Prados del Norte--Bodegas DIAN,2026-05-10 06:00,47,24
L9208271,CO,CO-GUV,,1.9507632,-72.6694249,Predio La Fortuna - Calamar,2026-05-13 14:00,143,18
L11063186,CO,CO-VAC,,3.3599341,-76.6121035,"Predio Miravalle, Vereda el Otoño",2026-09-06 07:38,76,6
L5142001,CO,CO-RIS,,4.8894082,-75.702796,Predio de Conservación El Encanto,2026-04-16 10:18,140,25
L4957950,CO,CO-RIS,,4.8894082,-75.6626272,Predio de Conservación La Gaviota,2026-05-22 15:29,168,24
L10502682,CO,CO-CAL,,4.9693611,-75.4332222,Predio de conservación La Mesa CHEC,2026-03-11 10:16,52,3
L9176279,CO,CO-TOL,,3.7240061,-75.473544,Primavera,2024-12-26 16:40,25,2
L55508972,CO,CO-RIS,,4.834042,-75.660485,Primavera de las Aves,2025-12-31 09:00,35,7
L14803872,CO,CO-CAL,,5.0457151,-75.4187239,Progel - Hacia las minas,2026-09-03 07:19,59,18
L11882674,CO,CO-VAC,,3.6267332,-76.2231445,Providencia Parque Ecológico - Piedechinche,2026-09-16 13:52,249,1665
L25343503,CO,CO-VAC,,3.60068,-76.083095,Providencia Parque Ecológico - Reserva,2026-05-01 10:29,198,27
L13059107,CO,CO-CUN,,4.961014,-74.3837857,Pueblito Boyacense,2020-12-22 07:00,30,1
L10060550,CO,CO-LAG,,11.149069,-73.4927342,"Pueblito Kogui, Río Ancho",2026-05-05 15:11,146,9
L8084393,CO,CO-ANT,,6.2346233,-75.5786292,Pueblito Paisa - Cerro Nutibara,2026-09-18 11:00,176,323
L7761450,CO,CO-CAL,,5.6100757,-75.4524336,Pueblito Viejo--Jardín Botánico,2025-05-10 07:23,57,6
L10037249,CO,CO-MET,,3.3725366,-74.0227176,Pueblo Chiquito,2025-03-03 06:37,119,30
L9231220,CO,CO-MET,,3.3866143,-74.0179647,Pueblo Chiquito Hospedaje,2026-05-29 06:45,74,9
L3571110,CO,CO-VAU,,1.1380562,-70.113456,Pueblo Nuevo,2026-08-28 07:50,450,573
L63705200,CO,CO-COR,,8.5015217,-75.5084968,Pueblo Nuevo--Parque Simón Bolívar,2026-04-26 12:03,2,1
L9396274,CO,CO-RIS,,5.2228876,-76.0301113,Pueblo Rico--Casco Urbano,2026-07-28 06:11,55,38
L8759241,CO,CO-RIS,,5.23,-76.042,Pueblo Rico--Finca La Palma,2026-09-21 10:26,34,3
L8331227,CO,CO-HUI,,1.8247666,-75.8749917,"Pueblo Viejo, Acevedo",2026-01-03 15:09,117,58
L50838740,CO,CO-VAU,,1.2318163,-70.2346369,Puente 12 de octubre -- Caño Sardina,2026-04-12 12:56,91,14
L13900276,CO,CO-ANT,,6.8579439,-75.1794106,Puente Acacias,2026-09-27 09:33,148,79
L4626940,CO,CO-VAC,,3.3333484,-76.6099566,Puente Amarillo,2026-02-15 09:23,110,20
L7059396,CO,CO-MET,,3.2593515,-73.8891184,Puente Amarillo,2026-08-18 17:48,123,21
L38625671,CO,CO-NAR,,1.3143354,-77.2784773,"Puente Bermudez, Chachagüí–Pasto",2026-04-18 06:32,34,2
L8822316,CO,CO-CUN,,4.9952,-74.21753,Puente Boba,2023-03-26 13:49,73,12
L35153211,CO,CO-TOL,,4.383989,-75.5080187,Puente Cuellar Velandia,2026-08-21 09:00,60,23
L6949179,CO,CO-CAQ,,1.731639,-75.7168846,Puente El Mirador,2026-05-01 08:38,150,68
L37318978,CO,CO-CAL,,5.566028,-74.8657626,Puente Hierro,2026-09-22 10:10,105,18
L11399574,CO,CO-BOY,,4.818292,-73.163545,Puente La Argelia - Río Lengupá,2026-09-07 08:38,70,30
L7768569,CO,CO-MET,,3.3691543,-74.0298484,Puente Limón,2026-02-14 08:39,113,25
L38798497,CO,CO-CAL,,5.5646279,-75.1189703,Puente Linda,2024-12-13 13:05,8,1
L66331579,CO,CO-CUN,,4.2172586,-73.8413862,Puente Los Canes,2026-05-09 04:45,1,1
L7976025,CO,CO-VAC,,3.6139122,-76.1245434,Puente Los Patos,2024-05-11 17:35,111,102
L20716586,CO,CO-CUN,,4.1863202,-74.499771,Puente Natural de Pandi,2026-08-12 08:05,43,2
L32089190,CO,CO-TOL,,5.237511,-74.7274661,Puente Navarro,2026-05-10 06:24,6,1
L8212122,CO,CO-ANT,,5.6003037,-75.8304887,Puente Pisano,2026-07-04 14:20,174,94
L5804581,CO,CO-CAU,,2.3567221,-76.4946082,Puente Rio Grande,2025-08-09 13:05,53,14
L6872875,CO,CO-ANT,,5.8875181,-74.6161902,Puente Rio Magdalena,2026-08-04 10:51,190,90
L4755207,CO,CO-HUI,,2.1706001,-76.3890499,Puente Río Mazamorras,2026-05-09 10:34,88,96
L6558662,CO,CO-NAR,,1.462147,-78.67977,Puente Río Mira,2026-07-30 09:36,151,60
L4808399,CO,CO-PUT,,1.1457311,-76.6419353,Puente Río Mocoa,2026-05-09 14:25,96,23
L33190953,CO,CO-TOL,,4.0034982,-75.5919718,"Puente Vda Cucuanita, Roncesvalles",2024-07-05 15:56,34,2
L28452848,CO,CO-BOY,,5.4504024,-73.4304077,Puente de Boyacá,2026-04-01 09:30,19,7
L9408523,CO,CO-CUN,,4.6607222,-74.37975,Puente de Flandes,2025-12-27 07:29,42,15
L12056643,CO,CO-CUN,,4.8191792,-74.2218005,Puente de Piedra,2026-06-15 05:51,11,7
L56911260,CO,CO-SAP,,13.3836027,-81.3705072,Puente de los Enamorados,2026-06-25 09:51,15,4
L27528914,CO,CO-VAC,,3.8831799,-77.0557022,Puente del Piñal,2026-09-25 06:28,18,4
L30677069,CO,CO-CAL,,5.3998937,-75.7747116,Puente del Rubí,2024-04-14 15:30,7,2
L36574978,CO,CO-NAR,,1.3577134,-78.7094251,Puente río Mataje,2026-07-30 10:33,147,86
L28332580,CO,CO-CAU,,1.4991906,-76.3974196,Puente río Villalobos,2024-12-16 16:06,11,1
L8968715,CO,CO-TOL,,3.1817189,-75.6463573,"Puente, Río El Quebradon",2024-09-30 15:32,69,2
L4181876,CO,CO-GUV,,2.5402012,-72.7141231,Puentes Naturales,2024-11-07 06:13,219,37
L23700618,CO,CO-GUV,,2.5103449,-72.7070045,Puerta de Orión,2026-09-09 06:38,136,52
L9923084,CO,CO-CUN,,4.98767,-74.221966,Puerta del Rayo,2023-08-04 13:10,61,20
L38541745,CO,CO-CAQ,,1.5296966,-75.5264086,Puerto Arango,2026-04-11 11:36,76,7
L63032820,CO,CO-SAN,,6.51881,-74.10001,Puerto Araujo,2026-09-25 11:01,2,0
L13353025,CO,CO-TOL,,5.201,-74.726,Puerto Arrancaplumas,2026-07-18 06:46,182,57
L8432388,CO,CO-MET,,2.573457,-72.751685,"Puerto Arturo, Puente Río Guaviare",2026-09-13 07:10,246,121
L18722308,CO,CO-PUT,,0.5018211,-76.5057114,Puerto Asís - Barrio Los Pinos,2026-03-22 14:39,117,79
L72965912,CO,CO-BOL,,10.112452,-75.4631497,Puerto Badel--Fauna Caribe,2026-08-13 07:13,120,38
L9463538,CO,CO-BOY,,5.97538,-74.5865922,Puerto Boyaca,2026-03-15 06:06,60,6
L11410972,CO,CO-BOY,,5.9761745,-74.5860659,Puerto Boyacá,2026-03-28 08:18,53,5
L27526090,CO,CO-BOY,,5.9772779,-74.5919323,Puerto Boyacá--Parque Principal,2026-09-10 09:34,40,13
L30312509,CO,CO-SAN,,7.0829667,-73.3673432,Puerto De La Cruz Topocoro,2026-07-11 08:07,103,23
L7746030,CO,CO-CAQ,,0.700606,-75.256165,Puerto Fluvial Solano,2026-05-07 15:35,62,6
L4233623,CO,CO-PUT,,0.9412628,-76.3331366,Puerto Guzman Putumayo (pueblo),2025-05-10 06:05,116,3
L17062931,CO,CO-GUA,,3.8665498,-67.9232541,Puerto Inírida (zona de ciudad/city area),2026-08-14 05:40,188,100
L3600167,CO,CO-PUT,,-0.1907154,-74.7823477,Puerto Leguizamo (pueblo),2026-08-27 06:00,116,33
L9160853,CO,CO-PUT,,-0.1995552,-74.8276689,Puerto Leguizamo--Rio Putumayo y Islas (lado colombiano),2019-03-08 14:26,63,1
L9203817,CO,CO-GUV,,1.2385981,-71.9880888,"Puerto Nare, Miraflores",2018-03-27 09:00,6,0
L5841973,CO,CO-AMA,,-3.7793305,-70.3639733,Puerto Nariño (pueblo),2026-09-21 06:30,376,648
L38002958,CO,CO-AMA,,-3.8076876,-70.4058993,"Puerto Nariño, Zona várzea--Río Amazonas",2026-09-09 08:00,235,39
L44187840,CO,CO-AMA,,-3.7878429,-70.3561449,Puerto Nariño--Ruta comunidad 20 de Julio,2026-09-13 06:04,181,60
L15946717,CO,CO-GUV,,1.7405618,-72.6890815,Puerto Polaco--Predio Lorenzo,2020-12-28 05:00,209,10
L7404856,CO,CO-MAG,,11.1085348,-74.2293674,Puerto Prodeco,2026-09-11 09:33,135,48
L22593490,CO,CO-HUI,,1.9204882,-76.4223146,Puerto Quinchana,2026-04-09 16:51,140,22
L8399884,CO,CO-HUI,,1.907378,-76.420925,Puerto Quinchana,2024-07-04 12:13,166,44
L8596737,CO,CO-HUI,,1.943176,-76.429056,"Puerto Quinchana, Río Blanquillo",2025-05-25 15:28,148,23
L12849527,CO,CO-AMA,,-0.6221152,-72.381838,Puerto Santander--Casco Urbano,2025-07-04 05:51,70,4
L37188591,CO,CO-AMA,,-2.358725,-72.6033312,Puerto Tumaco--Comunidad Zabaloyacu,2024-09-25 11:45,13,1
L4263255,CO,CO-BOL,,10.3976436,-75.5383444,Puerto de Cartagena,2026-05-20 01:27,181,198
L11428896,CO,CO-CUN,,4.683438,-74.7156465,Puli,2020-05-09 21:30,16,2
L16746260,CO,CO-CUN,,4.681439,-74.7138553,Pulí--Casco Urbano,2025-05-10 05:55,43,7
L45296797,CO,CO-LAG,,12.450602,-71.681192,Punta Gallinas,2025-10-11 14:53,17,2
L5683912,CO,CO-LAG,,12.4557099,-71.6685263,Punta Gallinas,2026-07-28 17:45,95,32
L5829740,CO,CO-MAG,,10.8169511,-74.5595312,Punta Guarumal,2025-09-23 07:24,83,5
L5829927,CO,CO-MAG,,10.8062441,-74.5454335,Punta Malambos,2026-05-09 06:03,36,13
L8864118,CO,CO-SUC,,9.7304786,-75.6774401,"Punta Seca, San Onofre",2026-01-26 18:01,66,12
L6147682,CO,CO-SUC,,9.7538082,-75.6479502,Punta Sera,2026-01-27 06:42,107,16
L27985489,CO,CO-VAC,,3.7712167,-77.16988,Punta Soldado,2026-09-17 06:48,203,405
L26354428,CO,CO-LAG,,11.2952484,-73.263996,Punta de Los Remedios,2026-05-09 07:07,108,8
L24819580,CO,CO-VAC,,3.7429689,-76.675116,Punto 2 - Rubi,2026-08-06 08:03,106,48
L24819600,CO,CO-VAC,,3.7444452,-76.6745849,Punto 3 - Rubi,2026-08-02 07:49,71,4
L24819651,CO,CO-VAC,,3.746429,-76.6747572,Punto 4 - Rubi,2026-01-07 08:25,85,18
L24819686,CO,CO-VAC,,3.7477168,-76.6736319,Punto 5 -  Rubi,2026-04-26 07:37,94,40
L24819714,CO,CO-VAC,,3.7491758,-76.6736221,Punto 6 - Rubi,2026-08-30 07:44,113,105
L24819777,CO,CO-VAC,,3.7509405,-76.6731667,Punto 7 - Rubi,2026-04-27 06:00,71,27
L4398012,CO,CO-CAS,,5.3698222,-72.2856556,Puro Llano,2026-08-23 06:26,250,110
L51015366,CO,CO-CUN,,5.0666853,-74.1000581,Páramo  Guerrero--Peñas de Pacho,2026-07-04 07:00,6,2
L39634365,CO,CO-PUT,,1.1452828,-76.8478014,Páramo - Las Antenas RTVC,2026-08-18 14:13,53,36
L20624581,CO,CO-CUN,,5.2307512,-74.0687295,Páramo Bajo Tausa,2026-06-26 08:09,43,11
L3662791,CO,CO-PUT,,1.1503568,-77.0957149,Páramo Bordoncillo,2026-09-07 10:36,167,458
L31088274,CO,CO-DC,,4.574513,-74.0305102,Páramo Cruz Verde - Alto de la Viga,2026-07-06 07:33,45,14
L28344723,CO,CO-CUN,,4.5493743,-73.9824406,Páramo Cruz Verde - Lagunillas de la peña azul,2026-02-18 09:55,42,15
L13167504,CO,CO-VAC,,3.7138473,-76.1146716,Páramo Las Dominguez - Laguna Negra,2023-07-05 12:10,5,3
L3664592,CO,CO-PUT,,1.2347505,-76.8907142,Páramo Paramillo,2023-04-05 10:08,48,3
L3638126,CO,CO-PUT,,1.1566616,-77.0964074,Páramo Quilinsayaco,2026-09-07 09:23,98,56
L9228787,CO,CO-TOL,,4.6598062,-75.4125372,Páramo Robledales - Finca La Primavera,2026-01-29 07:07,11,4
L12333972,CO,CO-RIS,,4.774409,-75.464602,Páramo Valle de Cortaderal,2020-09-19 12:30,2,1
L11739280,CO,CO-TOL,,3.9647114,-75.6168573,Páramo Valles de Normandía,2025-08-08 06:26,59,3
L31632215,CO,CO-CUN,,4.9549441,-73.7486042,Páramo de Guatanfur--Sendero Uval.,2026-03-22 08:26,47,6
L7274054,CO,CO-VAC,,3.6960125,-76.1228085,Páramo de Las Dominguez,2023-12-12 05:56,133,16
L5492377,CO,CO-DC,,4.653022,-74.029431,Páramo de Las Moyas,2026-09-15 07:01,48,24
L6294306,CO,CO-CAU,,2.18388,-76.477403,Páramo de Paletará,2026-08-04 12:04,87,61
L5829991,CO,CO-BOY,,5.9379237,-73.0793381,Páramo de Pan de Azúcar,2026-03-13 10:00,67,26
L9706864,CO,CO-TOL,,4.6597526,-75.4126239,Páramo de Romerales - Finca La Primavera,2025-12-27 09:57,57,4
L7362081,CO,CO-SAN,,7.2888293,-72.8732586,Páramo de Santurbán - Cuntas,2024-03-22 10:20,51,8
L12003658,CO,CO-NSA,,7.3010687,-72.8341473,Páramo de Santurbán - Laguna Verde,2026-06-24 08:58,12,11
L12603888,CO,CO-NSA,,7.3409141,-72.5975165,Páramo de Tierra Negra,2026-08-23 10:00,191,256
L7710729,CO,CO-SAN,,6.9834251,-72.7334404,Páramo del Almorzadero,2026-05-09 08:43,65,62
L30106988,CO,CO-QUI,,4.2594654,-75.6336231,Páramo del Chilí,2026-04-11 07:47,85,14
L6479890,CO,CO-SAN,,7.2129608,-73.1237085,Q La Lomera,2026-08-07 06:35,164,61
L9611701,CO,CO-CUN,,4.6123921,-74.3650854,QUEBRADA GRANDE SAN ANTONIO DEL TEQUENDAMA,2026-08-05 10:15,297,1136
L11376721,CO,CO-CUN,,5.0659544,-73.9842329,QUEBRADA SAN ANTONIO,2026-08-21 13:00,82,65
L11739477,CO,CO-TOL,,4.4152175,-75.2205777,Qawana Reserva Natural y RN Kenisha,2026-06-07 09:45,187,84
L7563382,CO,CO-CAQ,,1.738755,-75.728774,Quebrada Aguaclara,2024-10-12 10:29,85,14
L19907118,CO,CO-CUN,,4.6643461,-73.8638667,Quebrada Calostros--Cascada de Guasimal,2026-03-15 11:30,64,16
L4687784,CO,CO-MET,,3.7601583,-73.8446259,Quebrada Caño Paujil,2026-05-09 05:46,59,10
L66021147,CO,CO-TOL,,5.0935947,-74.9501,Quebrada Chicorá--Minas del Cristo,2026-05-09 12:00,9,4
L6535542,CO,CO-CAU,,2.380344,-76.478471,Quebrada Chisvar,2026-08-09 06:47,108,45
L4683064,CO,CO-CAU,,2.5009126,-76.530118,Quebrada Clarete,2026-09-01 11:28,134,26
L36098016,CO,CO-CUN,,4.9346171,-74.5921315,Quebrada Curaleña,2024-08-24 07:40,9,1
L9213827,CO,CO-CUN,,4.7879615,-73.9400226,Quebrada El Asilo,2026-07-16 11:30,28,3
L10011694,CO,CO-CAL,,5.3957948,-75.1751075,Quebrada El Centro--La Cruz,2026-07-29 06:57,126,25
L4294516,CO,CO-SAN,,6.9899896,-73.3458564,Quebrada El Ramo - Carretera,2025-07-17 15:35,140,3
L7754525,CO,CO-ANT,,7.0778836,-75.4023633,Quebrada El Rosario,2022-09-17 09:30,145,28
L7676294,CO,CO-ANT,,6.0627633,-75.2211785,Quebrada El Viao,2026-09-07 13:53,282,269
L10170761,CO,CO-RIS,,4.8264524,-75.6823132,Quebrada Frailes--Avenida Simón Bolivar,2026-06-09 14:01,24,5
L7355325,CO,CO-CUN,,4.8140056,-74.5119806,Quebrada Gualiva,2026-06-27 11:20,113,15
L6768336,CO,CO-CAS,,5.8028333,-72.1040833,Quebrada Honda,2015-08-17 06:10,37,1
L8132754,CO,CO-CUN,,4.9668031,-74.4316941,Quebrada Honda,2025-05-10 16:07,104,19
L9206832,CO,CO-AMA,,-3.9196371,-70.1499944,Quebrada Huanganay,2026-04-05 07:45,15,3
L5622036,CO,CO-CAL,,5.1093417,-75.5106972,Quebrada La Caracola,2023-01-28 17:30,62,7
L7896764,CO,CO-TOL,,3.921997,-75.727774,Quebrada La China,2023-07-03 09:51,61,3
L5846396,CO,CO-BOY,,7.0054804,-72.1077561,Quebrada La Gritona,2024-09-12 06:35,15,1
L8706801,CO,CO-VAC,,3.5714983,-76.8806924,Quebrada La Loca (ANC),2019-08-29 05:36,154,64
L7359867,CO,CO-HUI,,2.4076734,-75.7625717,Quebrada La Motilona,2026-08-08 15:38,133,32
L5844938,CO,CO-ARA,,6.9452077,-71.8921007,Quebrada La Pava,2026-06-10 08:29,192,23
L4484157,CO,CO-ANT,,5.6879039,-75.7299185,Quebrada La Sonadora,2026-05-15 08:54,145,27
L22366474,CO,CO-CAQ,,1.914527,-75.160375,Quebrada Las Damas,2025-06-24 17:57,59,4
L7087345,CO,CO-DC,,4.6426644,-74.0502065,Quebrada Las Delicias,2026-04-17 07:04,61,41
L9343380,CO,CO-DC,,4.6376704,-74.0520019,Quebrada Las Delicias,2026-03-20 08:54,28,8
L4665427,CO,CO-MET,,3.7875645,-73.9082265,Quebrada Las Pavas,2026-07-12 13:56,121,19
L76396519,CO,CO-SAN,,6.8630582,-73.3746228,Quebrada Los Medios,2026-08-29 09:01,11,4
L44817340,CO,CO-AMA,,-3.8149944,-70.2562551,Quebrada Matamatá,2026-08-01 09:57,276,162
L6295278,CO,CO-ANT,,6.299489,-75.9525847,Quebrada Niverengo,2017-09-15 05:30,67,1
L4841251,CO,CO-MET,,3.8120367,-73.9123785,Quebrada Perro Loco--Cabecera,2023-05-20 10:50,67,4
L5922741,CO,CO-ANT,,6.3333029,-75.5046129,Quebrada Piedras Blancas,2024-10-12 07:58,81,4
L5485880,CO,CO-RIS,,5.1538028,-75.9990386,Quebrada Risaralda,2026-09-26 05:00,279,80
L9528749,CO,CO-CAL,,5.4951932,-75.1847351,Quebrada Santo Tomás,2025-12-13 07:37,132,32
L17435071,CO,CO-TOL,,5.198425,-74.7375775,Quebrada Seca,2026-06-15 06:12,200,20
L54619216,CO,CO-SAN,,7.2630844,-73.1469585,Quebrada Seca,2025-10-22 12:20,12,1
L6827447,CO,CO-MAG,,10.9002687,-73.9722989,Quebrada Sevilla,2026-08-28 07:50,219,184
L5715257,CO,CO-PUT,,0.4955588,-76.5059888,Quebrada Singuiya,2026-08-13 03:10,164,56
L7415684,CO,CO-CAL,,5.427027,-75.697384,Quebrada Sipirra,2025-05-22 16:42,139,35
L15117334,CO,CO-CAQ,,1.489827,-75.430637,Quebrada Tambo Oscuro--La Montañita,2021-03-29 17:10,3,1
L30424467,CO,CO-CUN,,4.6125251,-74.2259556,Quebrada Tibanica - Granja El Porvenir,2026-05-03 11:29,20,3
L44621890,CO,CO-TOL,,3.6506029,-75.4814769,Quebrada Tuluní--El Tambor,2026-05-09 15:54,62,4
L4619161,CO,CO-MAG,,11.2417011,-73.8032913,Quebrada Valencia,2026-09-02 09:22,266,32
L7538989,CO,CO-AMA,,-4.1600392,-69.966445,Quebrada Yahuarcaca,2026-07-16 14:56,234,172
L10275866,CO,CO-DC,,4.507551,-74.114393,Quebrada Yomasa--Avenida Boyacá,2026-08-14 05:57,11,1
L51022136,CO,CO-SAN,,7.11082,-73.09108,Quebrada camino a la Antena - Sexta curva a la Antena,2026-03-02 08:07,76,9
L10835557,CO,CO-CAL,,5.3942653,-75.1726332,"Quebrada del Centro, Parte Alta",2026-06-20 05:58,148,56
L11692883,CO,CO-CAL,,5.4003107,-75.1788218,Quebrada del Centro--Parte Alta/Cuchilla Popal,2026-06-20 10:32,122,14
L11656843,CO,CO-CAL,,5.3891369,-75.1664816,Quebrada del Centro--Parte Baja,2023-08-06 13:17,129,39
L9244631,CO,CO-HUI,,2.1889549,-75.9800395,"Quebrada del Pueblo, La Argentina",2026-05-25 07:26,94,23
L9720050,CO,CO-CUN,,4.6700334,-74.3555396,Quebrada la Honda,2025-10-11 08:13,55,10
L1856267,CO,CO-DC,,4.6493372,-74.047004,Quebrada la Vieja,2026-09-23 07:24,191,378
L5687744,CO,CO-CHO,,6.1369949,-77.3172156,Quebradas Caimanera y Angia,2017-03-30 15:30,54,2
L14862908,CO,CO-CUN,,4.53,-74.3,Quebraditas,2021-05-08 06:20,23,2
L28376091,CO,CO-ANT,,6.0086823,-75.1600849,Quebradona,2026-09-27 14:00,162,77
L3051565,CO,CO-VAC,,3.523643,-76.7121601,Queremal (pueblo),2026-05-09 13:41,141,119
L34642815,CO,CO-BOY,,6.0744826,-74.2811229,Quince letras y dos quebradas,2026-03-07 06:56,141,23
L16651609,CO,CO-RIS,,5.3424127,-75.7317201,Quinchía--Casco Urbano,2026-09-20 07:13,43,2
L62324349,CO,CO-DC,,4.6538,-74.07229,Quinta de Mutis,2026-08-26 16:14,6,1
L27441871,CO,CO-CUN,,5.0274044,-74.4994712,"Quinta de Olivares, Villeta",2025-08-12 11:02,30,3
L4282305,CO,CO-MAG,,11.2281927,-74.1795319,Quinta de San Pedro Alejandrino,2026-09-12 08:55,232,360
L11022060,CO,CO-TOL,,4.714,-75.0,"R.N Las Agüitas, Santa Isabel",2020-03-14 06:18,31,1
L54619844,CO,CO-SAN,,6.2211895,-73.8112803,R62 Landazuri,2025-10-24 08:58,21,1
L52424757,CO,CO-DC,,4.3729688,-74.1335125,RED MUJER,2025-09-03 07:00,2,1
L9573101,CO,CO-DC,,4.7861349,-74.0302189,RESERVA TvDH sector oriental,2026-05-09 14:31,34,4
L13058236,CO,CO-CUN,,4.874596,-74.0749268,RF Quebrada de Tiquiza,2026-08-15 08:04,60,30
L4236225,CO,CO-TOL,,4.5679593,-75.3242437,RFP Alto Combeima,2026-09-27 15:06,344,192
L19002553,CO,CO-DC,,4.5868213,-74.0503014,RFP Bosque Oriental de Bogotá--Camino Chiguano,2026-06-14 17:00,80,119
L1335070,CO,CO-DC,,4.6070056,-74.0550383,RFP Bosque Oriental de Bogotá--Cerro Monserrate,2026-09-24 11:29,299,2286
L2837955,CO,CO-DC,,4.5920389,-74.0541601,RFP Bosque Oriental de Bogotá--Cerro de Guadalupe,2026-09-23 10:37,122,182
L30952186,CO,CO-DC,,4.6106469,-74.0569496,RFP Bosque Oriental de Bogotá--Observatorio de Aves IDT,2026-09-23 14:57,73,37
L28904140,CO,CO-DC,,4.6011077,-74.0592027,RFP Bosque Oriental de Bogotá--Sendero Ecológico San Francisco Vicachá,2026-09-12 09:16,100,163
L25884936,CO,CO-DC,,4.6066259,-74.0604901,RFP Bosque Oriental de Bogotá--Sendero a Monserrate,2026-09-24 05:46,156,283
L32135125,CO,CO-CAL,,5.0580823,-75.3812206,RFP Bosques Chec Cedral y Torre 4,2026-06-21 10:46,73,3
L10148400,CO,CO-TOL,,5.076844,-75.291903,RFP Cerro Bravo,2026-07-13 07:46,29,18
L9035525,CO,CO-CUN,,4.7181572,-74.6989866,RFP Cerro El Tabor,2025-12-29 06:30,51,1
L9579812,CO,CO-CUN,,4.3284944,-74.4974369,RFP Cerro Quininí,2026-07-25 11:53,113,14
L19395357,CO,CO-CUN,,5.1248,-73.5735,RFP El Hortigal--2700 m,2026-04-14 07:14,62,10
L19395495,CO,CO-CUN,,5.12896,-73.56954,RFP El Hortigal--2800 m,2026-04-14 08:03,38,3
L5545301,CO,CO-BOY,,5.4905372,-73.4148543,RFP El Malmo,2026-09-17 09:22,113,123
L4609428,CO,CO-TOL,,4.5803173,-75.325731,RFP El Palmar,2026-08-09 15:24,287,199
L3626828,CO,CO-CAL,,5.3678841,-75.1918779,RFP El Popal,2026-04-11 13:34,243,184
L4510695,CO,CO-CAL,,5.0186864,-75.4034498,RFP Los Bosques de la CHEC,2024-11-11 09:03,299,421
L9189906,CO,CO-CAL,,5.0299193,-75.4120727,RFP Los Bosques de la CHEC--Predio El Cedral,2026-09-13 08:22,154,61
L5063991,CO,CO-CAL,,5.020412,-75.423102,RFP Los Bosques de la Chec--Cedral-Gallinazo,2026-09-20 09:50,270,201
L23925266,CO,CO-CUN,,5.2219363,-73.5254916,RFP Nacimiento Río Bogotá,2026-07-22 10:33,42,6
L9099539,CO,CO-CUN,,5.2110255,-73.556595,RFP Nacimiento del Río Bogotá--Páramo de Gacheneque,2025-03-30 14:17,10,2
L24805895,CO,CO-CUN,,4.577039,-74.341008,RFP Peñas Blancas,2026-07-20 07:23,118,48
L6701146,CO,CO-CUN,,4.8505993,-73.7892424,RFP Páramo Grande - Monumento Ruta del Agua,2026-09-25 08:15,122,320
L30407823,CO,CO-CUN,,4.846862,-73.8204735,RFP Páramo Grande - Predio El Banqueo,2026-09-25 07:00,124,192
L2734121,CO,CO-GUV,,2.5058973,-72.6406145,RFP Serranía de La Lindosa,2026-05-17 15:01,310,76
L10132013,CO,CO-CAL,,5.0258455,-75.3877979,RFP Torre IV,2025-11-13 15:59,56,12
L47222797,CO,CO-CUN,,4.8957765,-73.7621924,RFP Vista Hermosa de Monquentiva--Alto El Páramo (3239m),2026-07-16 07:06,60,20
L3096623,CO,CO-TOL,,4.4945422,-75.1952147,RFPR Bellavista--Parte Alta,2026-06-29 10:10,310,167
L6533139,CO,CO-LAG,,11.1522488,-72.4451609,RFPR Montes de Oca--Corazonal,2025-12-18 09:32,240,25
L6841394,CO,CO-LAG,,11.1749747,-72.3705481,RFPR Montes de Oca--El Jordán,2026-08-10 06:10,127,9
L20928850,CO,CO-CUN,,5.0033142,-74.4586372,RILA Ecohuerto,2022-09-17 08:05,7,0
L31714087,CO,CO-CAQ,,2.7544333,-75.0476267,RN Agroturística del Valle de Balsillas,2026-06-16 16:22,113,54
L6325110,CO,CO-TOL,,4.4228831,-75.238503,RN Agua Fria,2026-06-07 15:18,127,24
L4303937,CO,CO-VAC,,3.6701398,-76.944766,RN Aguaclara,2026-06-13 09:40,337,222
L7009712,CO,CO-CUN,,4.593617,-73.0941761,RN Aguascalientes,2025-12-28 11:47,194,107
L6726774,CO,CO-VAC,,4.779816,-76.2163553,RN Altamira,2025-06-28 06:44,141,16
L11395555,CO,CO-CAS,,5.1256107,-72.1808009,RN Amanecer en el Palmar,2025-04-08 08:06,75,2
L4555123,CO,CO-VAC,,3.3279288,-76.6442299,RN Anahuac Pance,2026-07-10 11:17,196,85
L16859419,CO,CO-VAC,,3.3307564,-76.6539288,RN Bachué (Fundación Farallones),2026-09-10 06:46,255,195
L18264164,CO,CO-HUI,,2.16894,-76.132835,"RN Barcelona, Vda. Campoalegre",2025-07-27 09:07,100,15
L4465017,CO,CO-CAL,,5.3279813,-74.9225155,RN Bellavista (AICA),2026-09-24 10:21,474,1709
L4701373,CO,CO-CAL,,5.3220459,-74.9185959,RN Bellavista - Sendero Hamburgo,2026-08-25 10:43,200,116
L465405,CO,CO-NAR,,1.3430611,-78.4285083,RN Biotopo Selva Húmeda,2022-07-20 16:08,32,1
L4150502,CO,CO-VAC,,3.2572782,-76.6556025,RN Bonanza,2026-09-26 14:59,277,167
L21673314,CO,CO-VAC,,3.3902119,-76.6094499,RN Bosque Colibri,2026-05-30 11:42,121,66
L11778199,CO,CO-ANT,,5.9939191,-75.4232879,RN Bosques de la Cristalina,2026-06-15 13:14,237,1735
L465418,CO,CO-CAU,,2.58,-76.62,RN Cajibío,2020-08-10 23:15,19,1
L11431972,CO,CO-VAC,,4.4672482,-76.2738292,RN Cantarrana,2026-05-09 05:52,189,31
L6149495,CO,CO-MAG,,11.1880008,-74.1126108,RN Caoba,2026-01-17 15:40,219,21
L17066305,CO,CO-TOL,,4.9487185,-74.9681265,RN Cascadas de Padilla,2026-04-03 12:42,84,5
L6542922,CO,CO-NAR,,1.1799169,-77.1462107,RN Castelvi,2026-05-09 14:43,62,11
L5797600,CO,CO-RIS,,4.843038,-75.818609,RN Cauquitá,2026-09-08 10:17,280,866
L2339182,CO,CO-ANT,,5.8922594,-74.8552877,RN Cañon del Río Claro,2026-09-06 13:31,593,4185
L29729813,CO,CO-ANT,,5.9009732,-74.8569399,RN Cañón del Río Claro - Carretera,2026-09-22 09:58,318,163
L21134795,CO,CO-LAG,,11.162964,-73.444481,RN Ceiba Bruja,2022-09-10 08:00,1,1
L3800209,CO,CO-TOL,,5.116583,-74.942352,"RN Ciudad Perdida, Falan",2026-09-22 10:01,217,62
L4318873,CO,CO-VAC,,4.8263619,-76.1789086,RN Comunitaria Galapagos,2026-07-14 08:06,228,95
L44692084,CO,CO-CAL,,4.95083,-75.47844,RN Cuentos de Agua,2026-07-13 06:33,75,8
L8273709,CO,CO-ANT,,5.6688648,-75.7253775,RN Diosa Entre Las Aguas,2026-09-27 07:01,228,225
L7367108,CO,CO-VID,,6.1464602,-67.7576637,RN Doñana,2018-05-05 15:30,20,2
L3867608,CO,CO-CHO,,5.5931359,-77.4963355,RN El Amargal,2026-08-29 08:09,160,26
L10714805,CO,CO-MET,,4.012193,-72.603503,RN El Amparo,2026-05-09 19:37,233,813
L7797887,CO,CO-NAR,,1.1590515,-77.1717716,RN El Arrayán,2026-09-02 21:51,53,28
L5843700,CO,CO-CAQ,,1.3039167,-75.9820278,RN El Arrullo,2026-07-31 06:14,183,48
L24393381,CO,CO-TOL,,3.1312538,-75.6956325,RN El Berlín,2023-05-13 06:20,73,2
L17385342,CO,CO-TOL,,5.0895845,-75.0730335,RN El Bosque,2026-04-13 10:45,27,4
L7451748,CO,CO-BOL,,9.8992605,-75.1907462,RN El Caracoli,2026-03-23 12:10,146,28
L31705084,CO,CO-HUI,,1.6605138,-76.0769635,RN El Cedral--Parte Alta,2024-05-11 13:22,18,1
L27267625,CO,CO-CUN,,4.80575,-73.8876325,RN El Chochal de Siecha,2026-01-01 08:35,59,4
L7339602,CO,CO-MET,,4.2723646,-73.4923071,RN El Conuco,2025-12-27 17:42,123,27
L3023834,CO,CO-VAC,,3.4084976,-76.6495895,RN El Danubio,2026-06-02 10:00,351,457
L26154880,CO,CO-CUN,,4.2474903,-73.8247409,RN El Edén,2023-07-20 10:00,8,1
L7582703,CO,CO-VAC,,3.489953,-76.177299,RN El Edén,2026-05-01 07:38,69,3
L24411022,CO,CO-NAR,,1.2896822,-77.4146971,RN El Encanto - Panchindo,2026-09-11 11:40,60,4
L7792765,CO,CO-CAS,,5.2569269,-71.783155,RN El Encanto De Guanapalo,2026-07-28 10:57,355,507
L29912739,CO,CO-CAS,,5.28183,-71.7455721,RN El Encanto de Guanapalo,2026-05-17 06:00,204,31
L19108328,CO,CO-CAS,,5.2077157,-71.7625237,RN El Encanto de Guanapalo - Hato Montana,2026-02-19 14:54,296,66
L41307998,CO,CO-CUN,,4.6166279,-74.2818923,RN El Fute,2026-04-03 07:26,67,8
L465342,CO,CO-BOL,,9.0101667,-74.0813333,RN El Garcero y Alrededores,2026-09-03 10:44,245,108
L4765109,CO,CO-VAC,,3.6408026,-76.3200903,RN El Hatico,2026-09-04 09:32,120,40
L27187152,CO,CO-QUI,,4.1641666,-75.7556617,RN El Jardín,2026-03-23 11:52,99,13
L40190532,CO,CO-HUI,,2.9151166,-75.7176045,RN El Jardín,2025-02-10 09:07,66,3
L11685100,CO,CO-RIS,,4.7437772,-75.6545592,RN El Jordán,2025-12-03 15:30,41,10
L6069994,CO,CO-VAC,,4.7062886,-76.2475204,RN El Laguito,2021-07-08 07:30,89,17
L5786879,CO,CO-TOL,,4.2846386,-74.9135935,RN El Neme,2025-03-05 10:00,132,20
L12846661,CO,CO-TOL,,3.9983976,-75.6150138,RN El Paraiso,2020-10-14 06:00,16,1
L52106012,CO,CO-PUT,,0.6374368,-77.0636948,RN El Pedernal,2026-07-12 13:23,150,23
L6131581,CO,CO-VAC,,4.7501485,-76.2000561,RN El Pital,2017-07-15 00:00,63,10
L17103197,CO,CO-SAN,,6.3926221,-74.0916886,RN El Porvenir,2026-01-08 08:09,187,57
L11322389,CO,CO-TOL,,4.7378281,-75.052093,RN El Silencio,2026-04-11 10:46,118,7
L36837185,CO,CO-HUI,,1.7838419,-76.0238604,RN El Silencio,2026-08-30 07:28,104,7
L5427746,CO,CO-ANT,,6.80021,-74.20716,RN El Silencio,2026-02-25 12:38,307,450
L27584544,CO,CO-ANT,,6.7887647,-76.2836193,RN El Tambo,2026-07-19 17:01,254,245
L8094100,CO,CO-MET,,3.2,-71.6333333,RN El Tapir,2012-04-05 06:00,105,4
L24326083,CO,CO-TOL,,5.1679966,-74.9812027,RN El Tesoro,2026-07-19 08:13,196,56
L31664276,CO,CO-CUN,,5.1003108,-73.7792686,RN El Turpial,2026-09-24 17:24,56,13
L27178055,CO,CO-NAR,,1.0624467,-77.1691458,RN El Vicundo,2026-02-08 11:08,46,7
L7766286,CO,CO-NAR,,1.0743564,-77.1306075,RN Encanto Andino,2026-09-06 13:57,146,126
L3662720,CO,CO-PUT,,1.2126598,-76.9035263,RN Encanto Verde,2025-07-27 14:38,21,2
L29359655,CO,CO-ANT,,6.300531,-75.025025,RN Entre Árboles y Micos,2026-02-13 13:38,116,13
L5788434,CO,CO-TOL,,4.4083019,-75.2915181,RN Entreaguas,2026-09-14 10:58,232,279
L24471263,CO,CO-RIS,,4.7737918,-75.758077,RN Ermitaño Verde,2026-05-03 07:15,74,9
L465354,CO,CO-VAC,,3.86873,-76.4311,RN Forestal Bosque de Yotoco,2026-09-01 06:53,342,482
L5712360,CO,CO-HUI,,2.2204955,-76.1309943,RN Fundación Merenberg,2026-08-24 11:33,324,253
L42099292,CO,CO-CUN,,4.6433755,-74.3270078,RN Fute,2026-09-19 07:26,112,61
L5788548,CO,CO-TOL,,4.4615555,-75.2155995,RN Gaia,2025-06-17 08:32,207,91
L5453385,CO,CO-VAC,,3.454472,-76.661354,RN Gallito de Roca,2026-08-08 17:33,168,129
L7796057,CO,CO-CAS,,5.3171667,-71.7887069,RN Hato El Boral,2026-04-18 10:39,336,451
L7369217,CO,CO-ANT,,6.3409622,-74.716431,RN Huella Salvaje,2022-04-17 05:58,262,95
L22260398,CO,CO-RIS,,4.9074252,-75.9717548,RN Humberto Velez Velez,2024-10-14 06:45,85,5
L5573762,CO,CO-TOL,,4.1325973,-75.0888075,RN Humedal Río Viejo,2026-07-18 09:35,210,134
L7367298,CO,CO-AMA,,-4.0911128,-69.9834091,RN Hábitat Sur,2026-08-08 09:27,131,18
L4604168,CO,CO-TOL,,4.588824,-75.330375,RN Ibanazca (AICA),2026-08-11 11:41,222,47
L8077994,CO,CO-CAL,,5.0418803,-75.4401267,RN Industria Licorera de Caldas,2026-07-24 16:28,223,147
L724540,CO,CO-TOL,,5.0696492,-74.8430735,RN Jabirú - Humedal El Hato - Armero,2025-02-18 14:18,291,154
L17147972,CO,CO-CUN,,4.6610492,-74.3704559,RN Jamapi,2025-08-15 20:00,105,86
L20269613,CO,CO-ANT,,5.5963819,-75.8213603,RN Jardín de Rocas,2026-09-27 15:01,426,2873
L2493473,CO,CO-MET,,4.2850238,-73.5076976,RN Kaliawirinae,2026-07-30 10:46,248,710
L7979696,CO,CO-QUI,,4.6307942,-75.5837475,RN Kasaguadua,2026-06-23 16:20,189,39
L5972474,CO,CO-VAC,,4.7022222,-76.2191667,RN La Bretaña,2018-01-24 06:05,111,17
L9141302,CO,CO-TOL,,5.0135572,-75.1246093,RN La Copa,2026-07-26 09:43,101,9
L4681373,CO,CO-ANT,,5.6351193,-75.8148265,RN La Cueva del Esplendor,2026-08-28 10:40,217,67
L8273603,CO,CO-ANT,,5.748932,-75.7048157,RN La Cumbre de La Virgen,2026-09-13 05:32,279,161
L7754628,CO,CO-ANT,,7.0632522,-75.4606757,RN La Esperanza,2025-09-28 06:39,89,7
L52846448,CO,CO-LAG,,11.207084,-73.461054,RN La Estancia,2026-01-13 15:06,141,78
L12840257,CO,CO-TOL,,5.2022943,-74.8439316,RN La Fontana,2020-11-18 06:00,34,2
L7489530,CO,CO-BOL,,9.9533296,-75.1315726,RN La Gloria
L5788447,CO,CO-TOL,,4.3722572,-75.214591,RN La Lucia,2023-02-04 10:34,109,14
L2708370,CO,CO-QUI,,4.5740293,-75.8490944,RN La Montaña del Ocaso,2026-06-27 10:18,228,92
L18021070,CO,CO-CAL,,5.5262987,-75.8017248,RN La Palma,2026-09-17 07:00,162,58
L4591880,CO,CO-VAC,,3.714465,-76.0903215,RN La Palma,2021-01-14 11:27,101,6
L3139190,CO,CO-CAS,,5.4159013,-71.5964413,RN La Palmita,2026-04-16 05:53,269,88
L465374,CO,CO-QUI,,4.6884775,-75.5463182,RN La Patasola/Finca La Betulia,2026-08-30 08:19,340,320
L64278357,CO,CO-ANT,,7.193372,-76.421386,RN La Pavona - Camagüey,2026-08-27 05:38,113,20
L64276942,CO,CO-ANT,,7.193864,-76.407418,RN La Pavona - La Lupe,2026-08-25 06:51,78,14
L19098961,CO,CO-GUV,,2.451949,-72.7031422,RN La Pedregosa,2022-05-14 06:49,35,2
L1888556,CO,CO-VID,,6.0854917,-67.7275372,RN La Pedregoza,2017-05-16 08:00,195,68
L465390,CO,CO-NAR,,1.156726,-77.9781353,RN La Planada,2026-08-26 14:13,402,543
L13821175,CO,CO-NAR,,1.1622734,-77.9756676,RN La Planada - Sendero El Mirador,2026-06-25 06:08,183,76
L5824906,CO,CO-TOL,,4.480672,-75.106958,RN La Primavera,2026-05-09 17:03,179,77
L2328561,CO,CO-ANT,,6.1266487,-75.6007798,RN La Romera,2026-09-27 07:01,453,2597
L3869155,CO,CO-QUI,,4.4353,-75.6192,RN La Sonadora,2022-03-08 09:51,113,22
L465353,CO,CO-VAC,,3.8813708,-76.3508981,RN Laguna de Sonso,2026-09-27 15:20,398,5088
L16467555,CO,CO-VAC,,4.8223437,-76.1965816,"RN Las Colonias, Vereda Alto Bonito, El Cairo",2026-04-21 11:32,128,14
L10573985,CO,CO-TOL,,3.781811,-74.8398173,RN Las Guacamayas,2020-01-23 10:00,12,2
L14008975,CO,CO-CAL,,5.3673329,-74.826491,RN Las Mercedes,2021-03-05 06:00,55,1
L3170826,CO,CO-MET,,3.8389061,-73.90975,RN Las Palmeras,2026-05-09 09:21,289,120
L6545266,CO,CO-NAR,,1.1258545,-77.1933317,RN Las Pavas,2017-12-02 06:05,28,1
L11025271,CO,CO-TOL,,4.7237669,-75.1005671,RN Las agüitas,2022-02-05 08:30,83,4
L12703289,CO,CO-TOL,,4.9326142,-75.072537,RN Liz Cardozo - El Líbano (Sky Experiences),2026-04-28 07:28,56,4
L12632877,CO,CO-VAC,,3.3138762,-76.578548,RN Loma Larga,2026-08-30 07:31,167,171
L10067221,CO,CO-TOL,,4.0182924,-75.6181647,RN Loros Andinos,2019-10-19 06:00,32,1
L4299163,CO,CO-CAQ,,1.4266161,-75.8869028,RN Los Andaquies,2026-01-30 06:00,215,44
L41465006,CO,CO-HUI,,1.665876,-76.240682,"RN Los Andes, Pitalito",2026-04-04 09:22,82,30
L6545356,CO,CO-NAR,,1.1454201,-77.1820879,RN Los Arroyos,2017-12-02 06:10,31,1
L4801010,CO,CO-CES,,10.3877642,-73.0560595,RN Los Tananeos,2026-08-25 07:56,298,519
L19124801,CO,CO-TOL,,5.1571516,-74.8801936,RN Lumbí,2024-10-12 09:10,97,7
L10053826,CO,CO-VAC,,3.6284308,-76.1642642,RN Madhú,2026-02-13 13:12,340,416
L5831854,CO,CO-MAG,,11.1389925,-74.2107153,RN Mamankana,2026-04-25 08:57,150,48
L3917267,CO,CO-CUN,,4.895651,-74.3549323,RN Mancilla,2025-03-29 08:53,163,29
L8005219,CO,CO-MET,,2.8771802,-72.0966682,RN Matabambu Laguna,2026-09-25 08:28,488,2679
L7457297,CO,CO-BOL,,9.9101782,-75.1606196,RN Mesa de Piedra,2025-10-11 14:07,57,2
L3216431,CO,CO-ANT,,5.5045892,-75.8845854,RN Mesenia-Paramillo,2026-08-23 18:44,356,423
L6626769,CO,CO-RIS,,5.4805816,-75.8963442,RN Mesenia-Paramillo--Alto Los Colibríes,2026-08-19 08:44,194,92
L6626678,CO,CO-ANT,,5.4959488,-75.8891951,RN Mesenia-Paramillo--Cabaña Fundación Colibrí,2026-08-20 06:07,225,149
L6252454,CO,CO-ANT,,5.496836,-75.8959258,RN Mesenia-Paramillo--Sendero El Oso Tramo 1,2025-09-15 09:49,99,10
L6252628,CO,CO-ANT,,5.4948496,-75.9055066,RN Mesenia-Paramillo--Sendero El Oso Tramo 2,2024-09-19 12:05,84,20
L7092179,CO,CO-ANT,,5.4992068,-75.9081137,RN Mesenia-Paramillo--Sendero Los Herrera,2026-08-18 10:47,163,37
L17381213,CO,CO-VAC,,4.7749308,-76.1846458,"RN Mi Cafetal, Vereda El Piñuelo, El Cairo",2021-05-08 05:40,58,1
L8821224,CO,CO-HUI,,2.9078775,-75.1426775,RN Monte Heliconia,2021-02-15 14:46,81,3
L4636630,CO,CO-ANT,,6.2092537,-75.4902638,RN Montevivo,2026-05-15 17:33,82,32
L7721076,CO,CO-MET,,4.0369716,-72.1634775,RN Mururito,2026-04-01 06:29,303,115
L42250050,CO,CO-CUN,,4.8397587,-73.7978659,RN Nativo,2026-05-09 11:17,36,5
L1474198,CO,CO-VAC,,3.4760342,-76.1901855,RN Nirvana,2026-08-12 17:39,265,299
L5735033,CO,CO-TOL,,4.4222849,-75.2583179,RN Orquideas del Tolima,2026-05-15 06:43,183,147
L7097031,CO,CO-HUI,,3.3049654,-75.0861056,RN Pacarni,2023-04-19 08:16,80,4
L8161211,CO,CO-CUN,,4.9517481,-74.3714011,RN Paraíso Andino,2026-04-04 10:13,160,71
L7347996,CO,CO-ANT,,8.4149797,-76.271081,RN Parcelas de Macondo,2019-05-04 08:05,109,3
L4394811,CO,CO-CUN,,4.566178,-74.3178917,RN Parque Natural Los Tunos,2026-09-19 06:36,246,174
L8749388,CO,CO-CUN,,4.8800759,-74.4358492,RN Peña del Aserradero,2026-08-02 07:53,106,36
L34554204,CO,CO-CAL,,4.9901839,-75.5896282,RN Planalto,2026-09-23 07:43,132,26
L4051684,CO,CO-CAL,,4.9930056,-75.5995631,RN Planalto,2026-09-27 07:22,215,268
L7630230,CO,CO-SAN,,5.9394699,-73.3070747,RN Pristimantis,2026-02-19 15:32,89,3
L8933772,CO,CO-CAS,,5.4410333,-70.89115,RN Puerto Rico & La Polonia (AICA),2026-09-15 10:34,202,130
L9192634,CO,CO-RIS,,4.742769,-75.6005153,RN Quebrada Negra La Carmencita,2026-09-27 06:48,204,93
L6979724,CO,CO-MET,,4.2846465,-73.5617709,RN Rancho Camaná,2026-09-26 05:58,341,3224
L5703160,CO,CO-VAC,,3.579755,-76.548395,RN Refugio Corazones Verdes,2022-07-16 09:19,107,10
L16516912,CO,CO-LAG,,11.2634249,-73.2201302,RN Refugio Guajiro--Loma del Chivo,2026-05-09 17:50,143,23
L6961179,CO,CO-LAG,,11.3354701,-73.2064842,RN Refugio Guajiro--Playa,2026-01-23 06:15,213,58
L18584289,CO,CO-TOL,,4.3957686,-75.46102,RN Retorno del Colibrí,2026-09-07 12:43,331,999
L5951354,CO,CO-MET,,3.531217,-73.402314,RN Rey Zamuro-Matarredonda,2026-05-09 16:30,268,259
L9920531,CO,CO-CUN,,5.0155631,-74.1529422,RN Rincón del Oso,2025-08-28 12:35,65,33
L5588872,CO,CO-VAC,,3.888061,-76.6017008,RN Rio Bravo--Carretera,2026-07-06 10:15,419,797
L6759265,CO,CO-VAC,,3.8819435,-76.5624145,RN Rio Bravo--Entrada,2026-07-12 09:38,406,916
L9208950,CO,CO-CAL,,5.0816605,-75.4086659,RN Río Blanco--Martinica Navarra,2026-01-31 09:17,114,20
L465389,CO,CO-NAR,,1.2859983,-78.0743793,RN Río Nambí,2026-08-27 07:18,425,1019
L21938030,CO,CO-ANT,,5.930747,-75.449923,RN Salto Del Buey,2026-09-20 07:12,158,88
L2711479,CO,CO-VAC,,3.8296266,-76.8919708,RN San Cipriano-Escalerete,2026-09-27 16:38,394,5140
L2711844,CO,CO-VAC,,3.835278,-77.257778,RN San Pedro,2026-08-04 17:56,147,54
L1119538,CO,CO-ANT,,6.1162542,-75.5427861,RN San Sebastián de La Castellana,2026-09-13 09:34,284,1238
L6802697,CO,CO-ANT,,6.1118377,-75.54667,RN San Sebastián de La Castellana--Alto de Matamoros,2026-09-13 07:03,207,234
L4225441,CO,CO-SUC,,9.7056518,-75.6911337,RN Sanguaré,2026-04-02 07:01,275,138
L31088024,CO,CO-PUT,,0.663526,-77.001258,RN Selva Mágica,2024-04-29 06:45,17,1
L4687077,CO,CO-ANT,,7.0916088,-75.4850435,RN Selva de Ventanas,2025-03-14 15:28,166,54
L5822071,CO,CO-BOY,,5.7407798,-73.0138654,RN Semillas,2020-07-06 19:58,7,1
L7698485,CO,CO-TOL,,4.2551253,-75.5564936,RN Semillas de Agua--Páramo de Anaime,2026-07-31 09:36,168,228
L7187570,CO,CO-QUI,,4.3888342,-75.6895502,RN Soñarte,2026-09-02 06:09,275,562
L29642008,CO,CO-ANT,,7.7781369,-76.8741703,RN Surikí,2026-09-17 09:50,224,86
L465358,CO,CO-CAU,,2.4905,-76.9935,RN Tambito,2009-08-19 05:30,175,24
L6191147,CO,CO-AMA,,-4.1197561,-69.9519274,RN Tanimboca,2026-08-18 15:22,242,49
L7364858,CO,CO-AMA,,-4.1280558,-69.9532986,RN Tanimboca--Sendero La Arenosa,2026-08-18 10:02,205,107
L5868149,CO,CO-AMA,,-4.0047222,-70.1238889,RN Tucuxira,2025-10-28 12:28,158,14
L32826695,CO,CO-VAC,,3.5812523,-76.1705145,RN Utopía - Museo Arqueológico Kansateuwra,2025-09-09 06:47,133,23
L5837029,CO,CO-VAC,,4.06175,-75.7595,RN Valle de Frailejones,2019-10-04 14:00,64,8
L17385328,CO,CO-TOL,,5.0895208,-75.0722,RN Vereda San Carlos
L12491657,CO,CO-TOL,,4.2349729,-74.5867825,"RN Victoria, Melgar, Tolima",2020-12-07 09:30,57,2
L3151586,CO,CO-TOL,,4.2363398,-74.5858303,RN Victoria--Finca San Antonio,2025-06-15 08:42,176,38
L4051207,CO,CO-VAC,,3.3786021,-76.6226864,RN Villa Maga,2023-07-30 16:17,126,30
L5813197,CO,CO-VAC,,4.062456,-76.1085391,RN Villa María de La Esperanza,2026-04-15 08:21,50,2
L4465133,CO,CO-NAR,,1.0851783,-77.6852703,RN Volcan Azufral,2025-05-10 06:00,84,17
L4770926,CO,CO-NAR,,1.0901556,-77.7238512,RN Volcán Azufral--Laguna Verde,2022-05-14 06:33,61,18
L5871940,CO,CO-ANT,,6.2519428,-75.0156999,RN Zafra,2026-09-12 05:41,289,137
L5620381,CO,CO-CAQ,,1.6591918,-75.5993351,RN de Los Gregorianos,2026-05-09 14:00,183,41
L15525693,CO,CO-SAN,,6.2778166,-73.4896436,RN de las aves Procontratación,2026-05-09 15:14,106,33
L15601123,CO,CO-VAC,,4.3472214,-75.8045901,RN la Castalia Alcira Montoya,2025-09-20 20:47,121,25
L29145107,CO,CO-ANT,,6.5814528,-75.2069048,RN Águila Tirana - Bosque,2024-10-12 11:33,61,19
L29145290,CO,CO-ANT,,6.5735791,-75.2072374,RN Águila Tirana - Área abierta,2024-10-12 15:20,111,33
L652743,CO,CO-NSA,,8.2017124,-73.3803034,RNA Hormiguero de Torcoroma (Recurve-billed Bushbird Reserve),2026-08-27 08:34,399,631
L1402854,CO,CO-CHO,,5.80666,-76.18155,RNA Las Tangaras--Sendas,2026-08-14 08:57,425,737
L604060,CO,CO-ANT,,5.5402119,-75.7966218,RNA Loro Orejiamarillo (Yellow-eared Parrot Reserve),2026-09-25 09:25,481,2530
L15185737,CO,CO-TOL,,4.0701128,-75.7166739,RNA Loros Andinos--Complejo Lagunar Los Patos - El Oasis,2024-11-08 10:40,69,11
L761393,CO,CO-SAN,,6.8270682,-73.2115173,RNA Niceforo's Wren,2022-01-13 10:15,170,57
L743897,CO,CO-BOY,,6.0501241,-74.2624618,RNA Paujil (Dept. Boyaca),2026-09-13 06:36,512,1390
L1925438,CO,CO-SAN,,6.0486291,-74.2563772,RNA Paujil (Dept. Santander),2026-04-01 10:28,355,104
L1252526,CO,CO-ANT,,6.9828667,-75.1079167,RNA Proaves Arrierito Antioqueño--Casa,2026-08-16 08:41,422,811
L2141124,CO,CO-MAG,,11.0967486,-74.0696606,RNA Proaves El Dorado--Lodge,2026-09-20 13:00,370,5296
L6641779,CO,CO-MAG,,11.1001814,-74.0720623,RNA Proaves El Dorado--Sendero Giles,2026-09-15 10:03,298,1431
L6781078,CO,CO-CHO,,5.820031,-76.176948,RNA Proaves Las Tangaras--Bebederos/Feeders,2026-09-26 14:48,378,606
L6166828,CO,CO-CHO,,5.852215,-76.182508,RNA Proaves Las Tangaras--Lodge,2026-09-27 05:38,466,1301
L3694630,CO,CO-CAU,,2.7721503,-77.671001,RNA Proaves Rana Terribilis,2021-02-08 11:55,100,39
L26856188,CO,CO-RIS,,5.247916,-76.077292,RNP Finca La Selva,2026-09-06 07:52,203,115
L9203213,CO,CO-LAG,,11.1065118,-72.4734458,RNP Montes de Oca--Arroyo Bruno/Cuenca alta,2021-05-08 10:44,88,5
L58143516,CO,CO-CES,,9.7914965,-73.2026294,RNSC Altahona-Castro,2026-02-05 08:00,120,1
L24766461,CO,CO-MET,,3.9238082,-73.6871473,RNSC Altamira,2026-08-14 08:12,147,188
L8904358,CO,CO-CAS,,5.0728429,-72.0211434,RNSC Amanecer en el Palmar,2026-01-03 12:13,22,1
L9226501,CO,CO-CAS,,5.3971194,-70.7134233,RNSC Betania,2019-04-19 11:35,43,4
L37297130,CO,CO-CUN,,4.9491523,-73.9664282,RNSC Bioparque Wakatá,2026-08-26 18:11,66,11
L37495662,CO,CO-ANT,,7.9467334,-76.5433371,RNSC Buenos Aires,2026-03-18 14:42,175,17
L14854061,CO,CO-ANT,,5.6239421,-75.7144642,RNSC Comino Crespo,2026-05-09 05:54,75,11
L22858103,CO,CO-VAC,,4.4889567,-76.2717402,RNSC Dacnis,2026-05-09 16:33,114,21
L7145791,CO,CO-CAS,,5.3733333,-70.7069444,RNSC El Boral,2024-02-09 16:00,184,40
L9203067,CO,CO-CAU,,2.4298329,-76.446602,RNSC El Cabuyo,2024-05-11 06:00,6,1
L8011287,CO,CO-CAS,,5.3391308,-70.793222,RNSC El Lagunazo,2026-02-20 06:44,201,29
L19427790,CO,CO-CAU,,2.4526886,-76.511997,RNSC El Oasis,2024-03-06 08:30,130,7
L9170606,CO,CO-CAU,,2.4354202,-76.4437079,RNSC El Palmichal,2026-03-04 09:18,45,7
L28822418,CO,CO-SAN,,6.8213131,-73.3295414,RNSC El Páramo - La Floresta,2025-09-02 10:28,48,2
L6427059,CO,CO-SAN,,6.876841,-73.330987,RNSC El Refugio del Oso,2025-05-20 15:19,121,16
L8400595,CO,CO-GUV,,2.301021,-72.521094,RNSC El Tesoro—Palmeras II,2021-01-30 07:00,175,15
L7932203,CO,CO-CUN,,4.8423943,-73.8360886,RNSC El Zoque,2026-09-24 15:50,159,303
L12942186,CO,CO-ANT,,5.6798722,-75.7418444,RNSC Ermita,2026-09-26 07:23,124,97
L21179856,CO,CO-CAU,,2.5531755,-76.5680552,RNSC Granja Escuela Amalaka,2026-09-26 06:00,148,67
L27966538,CO,CO-CAS,,5.0872833,-71.79585,RNSC Hato Santana,2024-12-06 07:46,148,31
L11386507,CO,CO-BOY,,5.742519,-73.520581,RNSC Itaca (Acceso Restringido),2026-07-26 06:18,87,49
L12285159,CO,CO-CUN,,5.1139134,-73.7749909,RNSC La Cumbre,2026-01-04 07:04,33,10
L28069547,CO,CO-TOL,,4.4260478,-74.978631,RNSC La Esmeralda Doima,2026-09-06 07:45,217,174
L9468238,CO,CO-CAU,,2.4381542,-76.4314315,RNSC La Esperanza,2019-06-13 06:00,1,0
L15159698,CO,CO-TOL,,4.4885845,-75.1375986,RNSC La Estrella,2017-02-15 06:00,11,2
L9618594,CO,CO-CAL,,5.63154,-75.545994,RNSC La Gloria,2026-04-25 11:45,56,5
L21425452,CO,CO-CES,,10.4070898,-73.5782462,RNSC La Helenita (Reserva - Finca),2026-05-09 06:22,171,53
L57480289,CO,CO-RIS,,4.8744179,-75.7003659,RNSC La Madriguera,2026-01-22 06:11,80,6
L6122577,CO,CO-SAN,,6.8314145,-73.3199215,RNSC La Montaña Mágica--El Poleo,2024-01-13 06:50,135,60
L17582810,CO,CO-CAS,,5.3504965,-70.8136645,RNSC La Palmera,2021-08-20 11:00,19,1
L26319257,CO,CO-BOY,,5.7190802,-73.5207339,RNSC La Periquera,2026-03-30 10:20,53,10
L10230631,CO,CO-BOY,,5.7183126,-73.5192428,RNSC La Periquera--El Uvalito (Acceso Restringido),2019-11-27 13:30,7,2
L37453891,CO,CO-ANT,,7.9555817,-76.5964983,RNSC La Rivera,2026-09-21 09:59,321,317
L24360923,CO,CO-CAS,,4.8412827,-72.3064912,RNSC Las Garzas,2024-05-11 15:35,47,18
L12597726,CO,CO-NAR,,1.1316389,-77.1299444,RNSC Las Margaritas,2026-09-20 11:33,18,4
L8524967,CO,CO-PUT,,0.65997,-77.0656377,RNSC Las Orquídeas,2023-05-13 06:00,42,1
L9403332,CO,CO-CHO,,4.4896376,-76.3932223,RNSC Las Vegas,2023-08-18 14:02,184,21
L8892824,CO,CO-CAS,,5.5933333,-71.0280556,RNSC Limonal,2020-01-26 11:35,116,8
L9902951,CO,CO-BOL,,9.9356387,-75.1262975,RNSC Los Titíes de San Juan,2026-09-15 10:10,268,354
L11395397,CO,CO-SAN,,5.7689317,-73.4235791,RNSC Madre Monte y alrededores,2026-06-07 16:20,53,10
L28102575,CO,CO-HUI,,1.797404,-76.020573,RNSC Mil Ochocientos Diez (1810),2025-01-08 10:34,60,3
L40128233,CO,CO-CES,,8.2492134,-73.4023854,RNSC Quebrada Arriba,2025-12-27 17:07,29,1
L36386942,CO,CO-CAS,,5.3448116,-70.7486178,RNSC Quinto Patio,2026-04-10 06:08,38,2
L23874322,CO,CO-BOY,,5.7953426,-73.4572291,RNSC Rogitama Biodiversidad (Acceso Restringido),2026-09-12 10:42,292,836
L8523151,CO,CO-CAS,,5.2970278,-70.84125,RNSC San Andrés,2026-09-15 17:49,189,50
L6949341,CO,CO-CAS,,5.3269444,-70.8158333,RNSC San Cristobal,2026-08-15 17:48,220,77
L12461912,CO,CO-VAC,,3.5185803,-76.6184478,RNSC San Felipe,2026-09-22 15:35,327,1717
L9221348,CO,CO-RIS,,4.7892892,-75.6436264,RNSC Santa Maria de la Loma,2026-09-26 15:19,129,9
L9621853,CO,CO-ANT,,5.569389,-75.75885,RNSC Sociedad Colombiana de Orquideología,2026-08-30 09:38,265,327
L9202418,CO,CO-CUN,,4.686909,-74.3905841,RNSC Tenasucá de Pedro Palo,2026-09-20 06:09,263,138
L7386630,CO,CO-CAS,,5.0497991,-72.2473319,"RNSC Tupuragua, Casanare, CO (5,05, -72,245)",2026-09-24 16:29,123,59
L17532422,CO,CO-BOY,,5.7604987,-73.4281038,RNSC Veronia,2026-07-23 12:58,98,22
L58200622,CO,CO-HUI,,2.7693167,-75.23373,RNSC Villa Estefany,2026-08-10 16:44,29,3
L9191752,CO,CO-CUN,,5.0336548,-73.786497,RNSC Xequi,2019-05-04 06:26,30,0
L9219678,CO,CO-CUN,,5.034561,-73.7838203,RNSC Xiegua,2025-04-27 09:23,17,3
L17581728,CO,CO-CAS,,5.38,-70.874,RNSC el Limonal,2024-11-25 10:58,20,3
L30162611,CO,CO-GUV,,2.4993062,-72.5758733,RNSC Ñupana,2026-07-19 09:38,102,37
L40117331,CO,CO-NSA,,8.2469809,-73.3981287,RNSC--Venadillo,2025-01-27 15:34,27,1
L17925390,CO,CO-RIS,,4.7810564,-75.7049828,Raices Mágicas,2026-02-12 17:55,34,4
L19128415,CO,CO-LAG,,11.5352443,-72.8911828,Ranchería Alijuna Cumana,2026-04-03 16:45,39,3
L37695303,CO,CO-LAG,,12.1332151,-72.0678663,Ranchería Ipahin,2024-10-24 09:30,1,0
L22986334,CO,CO-LAG,,11.498609,-72.826132,Ranchería PIRRAWANTAMA,2024-08-09 13:19,55,2
L10790401,CO,CO-LAG,,11.773331,-72.417033,Ranchería Shushirrara,2026-01-05 08:09,5,2
L3948923,CO,CO-QUI,,4.3657316,-75.781256,Rancho California Campo Aventura,2026-08-15 09:49,255,612
L8707545,CO,CO-CUN,,4.6740467,-74.4002819,Rancho Ecoturístico El Faro,2025-02-21 07:39,89,4
L17624790,CO,CO-CAS,,5.7567918,-71.8025818,Rancho El Temblor,2024-06-25 12:17,134,10
L6689777,CO,CO-MET,,4.027424,-72.810135,Rancho La Lucia,2018-01-03 05:40,72,6
L7076529,CO,CO-MET,,4.1663312,-73.641285,Ranchón del Maporal,2026-08-08 07:36,104,42
L9219939,CO,CO-TOL,,5.0236955,-75.0459138,Ranita Dorada ProAves Reserve,2026-04-10 05:52,432,958
L14483823,CO,CO-CAU,,2.7699593,-77.6693651,Ranita Terribilis ProAves Reserve,2025-02-23 11:16,199,393
L6697033,CO,CO-VID,,6.0546633,-67.4531746,Raudal de Ventans,2025-12-03 13:22,19,5
L15850924,CO,CO-GUV,,2.5687354,-72.8883001,Raudal del Guayabero—Reserva Natural El Yawi,2026-04-01 07:44,216,26
L23218447,CO,CO-SAN,,7.1056884,-73.1217517,Real de Minas,2025-10-18 17:30,17,3
L7102708,CO,CO-MET,,3.535632,-73.737312,Recinto de Flora Los Camorucos,2026-06-19 08:16,331,494
L4333215,CO,CO-VAC,,3.5696934,-76.5885955,Recinto de Los Sueños,2026-04-11 15:34,209,100
L5529238,CO,CO-CAL,,5.0422867,-75.4449552,Recinto del Pensamiento,2026-09-27 07:17,373,1720
L53926367,CO,CO-VAC,,3.5787845,-76.5493011,Refugio Corazones Verdes,2026-05-09 06:24,105,11
L59877554,CO,CO-SAN,,7.0495222,-72.9871237,"Refugio Del Aullador B_Bosque, Santander, CO (7,05, -72,987)",2026-08-30 07:39,139,89
L59877137,CO,CO-SAN,,7.0521665,-72.9833994,"Refugio Del Aullador Bosque, Santander, CO (7,052, -72,983)",2026-07-17 12:54,32,17
L35170762,CO,CO-SAN,,7.047734,-72.9865046,"Refugio Del Aullador Cultivos , Santander, CO (7,048, -72,987)",2026-07-18 10:51,64,21
L4772186,CO,CO-HUI,,1.8886974,-76.2649012,Refugio Ecológico Casa del Sol Naciente,2024-12-26 07:23,75,11
L18226640,CO,CO-SAN,,6.0791667,-73.8269444,Refugio El Bosque,2026-06-27 07:30,40,7
L11389961,CO,CO-CUN,,4.506222,-73.920393,Refugio Explora Verde,2026-09-12 12:53,101,73
L44759923,CO,CO-CAL,,5.051371,-75.734603,"Refugio La Esmeralda, chinchina caldas",2026-08-23 10:58,198,81
L10670030,CO,CO-SAN,,7.1494845,-72.9067705,Refugio Piedra Parada Berlín,2024-02-10 06:33,14,3
L8569381,CO,CO-CAL,,4.8304527,-75.4190782,Refugio Potosí,2026-07-08 10:57,35,18
L9220896,CO,CO-CUN,,4.8798003,-74.2791824,Refugio de Arcángeles,2026-03-20 07:29,70,7
L60526406,CO,CO-CAU,,1.432756,-76.445774,Refugio de Aves El Quinde,2026-09-07 08:44,209,41
L26513510,CO,CO-TOL,,5.1647203,-74.9827344,Refugio de Aves La María,2026-09-25 06:20,177,81
L9213236,CO,CO-BOY,,5.0860935,-73.3225831,Refugio de Mamapacha Ecolodge (Acceso Restringido),2020-05-09 08:00,18,6
L64738402,CO,CO-SAN,,7.0425353,-73.8460314,Refugio de Qatar,2026-04-19 10:12,1,0
L22132962,CO,CO-ANT,,6.0044558,-75.150658,Refugio de las aves - La Piñuela,2026-09-27 17:08,328,2631
L11399769,CO,CO-RIS,,4.7512503,-75.6662802,Refugio del Alba,2020-05-09 05:45,44,1
L465339,CO,CO-BOL,,10.0828333,-75.4423333,Región Ecodeltáica Fluvio-Estuarina del Canal del Dique,2026-09-13 09:56,155,47
L465355,CO,CO-VAC,,3.88,-76.7,Región del Alto Calima,2023-09-22 08:45,128,5
L1925997,CO,CO-SAN,,6.8521911,-73.3768272,Reinita Cielo Azul ProAves Reserve,2026-09-09 05:27,622,3052
L11362151,CO,CO-SAN,,6.8613012,-73.3842226,Reinita Cielo Azul ProAves Reserve - Lodge,2026-09-24 12:10,409,497
L9268423,CO,CO-LAG,,11.4913293,-72.9028948,Relleno Sanitario Riohacha,2025-11-20 17:17,97,6
L2383471,CO,CO-LAG,,11.5747094,-72.561264,Renachería Huayajahuri,2026-04-14 10:30,45,5
L11574972,CO,CO-CAL,,5.4170794,-75.1432013,Repetidora - La Virgen,2026-08-16 06:31,63,16
L1805084,CO,CO-VAC,,3.534821,-76.8676472,Represa Alto Anchicayá,2025-04-23 07:38,287,77
L39181009,CO,CO-HUI,,2.550989,-75.4952145,Represa Betania--Mirador,2026-05-15 09:41,44,7
L3786045,CO,CO-CAL,,4.9963599,-75.6171789,Represa Cameguadua,2026-09-27 10:15,367,1754
L3382780,CO,CO-BOL,,10.3208303,-75.0232315,Represa Cerca de Cartagena,2024-04-30 11:00,58,2
L18329477,CO,CO-BOY,,5.8242603,-72.787331,Represa Gámeza,2022-03-27 00:00,8,1
L4883059,CO,CO-BOY,,5.6833346,-73.2605052,Represa La Playa,2026-08-25 11:00,63,17
L3597368,CO,CO-SAN,,7.185414,-72.867794,Represa Quebrada Jordán - Berlín,2026-08-01 14:42,30,30
L31446156,CO,CO-COR,,8.3520121,-76.1546404,"Represa Viva Dios, Córdoba",2024-05-02 17:05,1,1
L8004812,CO,CO-HUI,,2.6871094,-75.41941,Represa de Betania,2026-05-17 11:29,127,22
L16586758,CO,CO-CUN,,4.6631558,-74.0038717,Rerva Ecologica Hakuna Matata,2026-07-26 07:42,32,3
L12727382,CO,CO-MET,,4.1088997,-73.6346031,Reserva  Rosa Blanca,2026-04-06 07:31,166,99
L14625730,CO,CO-CUN,,4.533919,-74.3733235,Reserva  la Moya,2021-04-28 06:30,51,4
L11422343,CO,CO-HUI,,1.8238258,-76.3568144,Reserva ASOAPA,2025-12-18 08:24,181,7
L6962682,CO,CO-CUN,,4.8032001,-73.7054622,Reserva Adeagros,2023-02-21 09:03,59,3
L785779,CO,CO-TOL,,4.5244044,-74.9755096,Reserva Agroecologica El Palmar,2024-10-25 10:06,214,19
L12602977,CO,CO-RIS,,4.754146,-75.603359,Reserva Agroecológica Los Genaros,2026-09-25 18:30,110,26
L26051481,CO,CO-ANT,,5.8623616,-74.8705293,Reserva Agroecológica Los Monos,2026-09-23 12:02,319,888
L39255570,CO,CO-ANT,,5.862362,-74.870529,Reserva Agroecológica Los Monos,2026-09-27 06:32,133,45
L12610087,CO,CO-HUI,,1.6754441,-76.1458774,Reserva Agroturistica Los Robles,2023-10-14 14:00,123,53
L21751113,CO,CO-CUN,,4.4809852,-74.1839474,Reserva Aguas Vivas,2026-09-09 15:54,45,6
L3155572,CO,CO-ANT,,6.1287877,-75.6962689,Reserva Alto El Romeral,2026-06-06 07:27,145,27
L12583275,CO,CO-CAL,,4.9441728,-75.5408562,Reserva Altomira villamaria,2025-12-27 08:18,64,4
L7323816,CO,CO-CAU,,2.5540372,-76.568656,Reserva Amalaka,2026-09-27 06:40,239,678
L55774468,CO,CO-VAC,,3.4270931,-76.5998956,Reserva Amatea,2025-12-05 06:00,3,1
L5824323,CO,CO-ANT,,6.4029469,-75.5087543,Reserva Ambiental y Educativa El Zarzal-La Luz,2026-06-07 08:12,198,78
L41094593,CO,CO-CAL,,5.4438633,-75.1148719,"Reserva Andinobates Boquerón, Pensilvania, Caldas, CO (5,444, -75,115)",2026-07-25 09:59,224,115
L39851522,CO,CO-RIS,,5.3627043,-75.8818812,Reserva Bangsia Negra y Oro,2025-12-15 07:08,25,6
L41694760,CO,CO-QUI,,4.6656996,-75.6701471,Reserva Bellaphia,2025-07-05 21:20,54,6
L6719065,CO,CO-CUN,,4.778889,-73.769375,Reserva Bioandina--Cabaña,2024-02-11 12:51,172,67
L2694900,CO,CO-CUN,,4.804627,-73.7816691,Reserva Bioandina--Camino de Entrada,2026-09-18 16:06,238,480
L3714890,CO,CO-SAN,,6.076985,-73.150253,Reserva Biológica Cachalú,2024-11-26 10:07,212,47
L28353365,CO,CO-CUN,,4.7945884,-73.9087415,Reserva Biológica Encenillo,2026-09-21 11:19,172,192
L9628469,CO,CO-CUN,,4.90639,-74.487093,Reserva Biológica Los Carpinteros,2026-09-27 11:42,227,446
L4221043,CO,CO-CUN,,4.7895883,-73.7769805,Reserva Bosque Guajira,2026-09-18 13:29,304,886
L4499149,CO,CO-CUN,,5.1516977,-73.7760401,Reserva Bosque Nativo El Hatillo,2026-03-01 06:51,72,39
L12798503,CO,CO-CAQ,,1.157982,-76.211132,Reserva Buenavista Yapurania,2024-06-06 14:27,85,4
L3202317,CO,CO-CUN,,4.8094437,-73.7401485,Reserva Cascadas de Sueva,2026-08-23 07:42,150,72
L28816405,CO,CO-DC,,4.4642915,-74.1369996,Reserva Chiguazá Mutar,2026-09-24 07:46,101,680
L28718518,CO,CO-CAL,,5.0374723,-75.5079244,Reserva Colina de Cristal,2026-05-09 06:43,109,14
L18259398,CO,CO-VAC,,3.8707156,-76.892908,Reserva Comunitaria  Ecológica Venado Verde,2026-07-04 11:48,199,192
L8957673,CO,CO-ANT,,6.0529208,-74.6646211,Reserva Costa Rica,2026-05-01 06:17,294,324
L24442386,CO,CO-VAC,,3.8473,-76.18053,Reserva Costa Rica Buga,2026-05-09 09:24,115,18
L58024144,CO,CO-SAN,,6.9631165,-73.4125113,Reserva Cotinga Azul,2026-09-18 16:40,188,70
L4975284,CO,CO-VAC,,3.3479586,-76.5973321,Reserva De La Sociedad Civil Chorro De Plata,2025-10-11 08:00,187,101
L26926692,CO,CO-CAL,,4.998525,-75.541008,"Reserva Don Miguel, Villamaría",2026-08-30 08:24,105,10
L41900483,CO,CO-CAL,,5.1254148,-75.4471752,Reserva Ecological Rio Blanco,2026-06-08 06:19,221,16
L3135665,CO,CO-VAC,,3.3754214,-76.6345978,Reserva Ecológica El Robledal,2025-08-09 07:28,133,12
L17885523,CO,CO-TOL,,4.6005088,-75.0784636,Reserva Ecológica El Vergel,2026-03-29 14:16,37,4
L5632537,CO,CO-HUI,,1.8647501,-76.0725653,Reserva Ecológica La Casa de La Nutria,2026-05-24 10:28,197,48
L9216786,CO,CO-ATL,,10.7593438,-75.0983763,Reserva Ecológica Los Charcones,2026-05-09 07:04,145,28
L25193982,CO,CO-ANT,,6.1146783,-75.6203055,Reserva Ecológica Miraflores,2026-07-16 09:20,101,13
L30814725,CO,CO-TOL,,4.2051848,-75.15172,Reserva Ecológica Nanyanúa,2024-04-17 14:30,53,2
L7630492,CO,CO-CAL,,5.0664502,-75.4480934,Reserva Ecológica Río Blanco--Entrada,2026-09-25 07:38,376,1565
L1252500,CO,CO-CAL,,5.0732224,-75.4378641,Reserva Ecológica Río Blanco--Lodge y parte alta,2026-09-27 08:56,540,9078
L5840578,CO,CO-CAL,,5.1286878,-75.3767037,Reserva Ecológica Río Blanco--Mirador Betania,2025-10-15 07:00,204,25
L31370661,CO,CO-CUN,,4.3867036,-74.318144,Reserva Ecológica San Rafael - Sendero Ecoturístico La Aguadita,2026-05-25 11:28,121,29
L9790210,CO,CO-TOL,,4.4048482,-75.1980479,Reserva Ecológica Santafé de los Guaduales,2026-05-15 08:02,51,5
L63336216,CO,CO-CUN,,4.722969,-73.8360214,Reserva Ecopalacio Chingaza,2026-09-19 09:17,43,20
L10111946,CO,CO-HUI,,2.4279535,-75.4576876,Reserva Ecoturística El Carriquí y El Barranquero,2026-03-14 16:18,203,551
L8090180,CO,CO-NAR,,1.0984884,-77.1661936,Reserva El Buho,2026-07-08 11:46,71,17
L5933832,CO,CO-MET,,3.66535,-73.657843,Reserva El Caduceo,2026-04-01 07:19,207,430
L4071661,CO,CO-QUI,,4.6379806,-75.5483222,Reserva El Cairo,2026-08-20 09:51,205,78
L5962996,CO,CO-HUI,,1.679422,-76.2388065,Reserva El Cedro,2026-05-09 17:40,250,112
L21180409,CO,CO-ANT,,5.504916,-75.8289751,Reserva El Centello (Jardín Botánico de Medellín),2022-10-08 06:30,19,2
L24395239,CO,CO-ANT,,5.5047029,-75.8513897,Reserva El Centello - Vereda Macanas,2026-05-15 07:50,133,89
L7242847,CO,CO-ANT,,6.2886982,-75.0510235,Reserva El Charco,2026-08-08 08:32,112,12
L4970242,CO,CO-DC,,4.5628212,-74.0635264,Reserva El Delirio,2026-05-09 07:23,71,19
L7863247,CO,CO-CAU,,2.1995104,-76.4762861,Reserva El Edén,2023-01-27 12:30,75,5
L44938432,CO,CO-BOY,,5.7189472,-72.4897556,"Reserva El Ensenillal, Pisba",2026-05-09 06:58,80,10
L7937008,CO,CO-CAQ,,1.417238,-75.908238,Reserva El Horeb,2025-08-21 10:28,108,9
L6352423,CO,CO-ANT,,6.27141,-75.6655679,Reserva El Moral,2026-05-24 12:37,198,101
L6627311,CO,CO-ANT,,5.5213289,-75.8612368,Reserva El Olinguito,2026-05-12 06:07,188,44
L76931970,CO,CO-SAN,,6.928794,-73.340874,Reserva El Origen,2026-09-23 14:37,33,5
L12908715,CO,CO-LAG,,11.16516,-73.428962,Reserva El Paraíso de las Aves,2025-04-18 10:19,75,3
L7373533,CO,CO-CUN,,5.0428958,-74.47016,Reserva El Pedregal,2026-08-07 14:17,116,10
L6862764,CO,CO-SAN,,6.097546,-73.195318,Reserva El Rayo,2026-09-24 07:07,211,393
L8202441,CO,CO-ANT,,7.0234941,-75.4111296,Reserva El Reposo y La Florida--Cerro Azul,2025-11-03 13:16,141,24
L2786192,CO,CO-ANT,,6.134461,-75.6606746,Reserva El Romeral,2026-05-21 06:32,207,75
L24425151,CO,CO-ANT,,6.023449,-75.4572945,Reserva El Silencio,2024-08-24 09:17,98,43
L20594547,CO,CO-CUN,,4.5258111,-74.3122696,"Reserva El Soche, Granada Cundinamarca",2023-05-19 11:54,57,4
L58904593,CO,CO-CUN,,4.8784512,-73.9872232,Reserva Encenillos de Sindamanoy - IDUVI,2026-02-20 09:00,10,1
L6372892,CO,CO-ANT,,6.0805878,-75.8165324,Reserva Eufraná,2026-06-09 06:00,106,16
L6474337,CO,CO-ANT,,6.1020737,-75.8102882,Reserva Falda del Cauca,2018-08-27 09:00,58,1
L8316127,CO,CO-HUI,,1.909953,-76.106761,Reserva Filo de Chillurco,2025-12-30 12:22,79,11
L6744394,CO,CO-BOL,,10.4379019,-75.3574562,Reserva Finca La Ciénaga,2026-06-27 08:29,248,186
L4580877,CO,CO-QUI,,4.6656553,-75.6126738,Reserva Forestal Bremen La Popa,2026-09-12 08:46,303,510
L41678429,CO,CO-QUI,,4.6880319,-75.6261004,Reserva Forestal Bremen La Popa--Corredor Las Pavas,2025-09-11 07:48,26,5
L41678493,CO,CO-QUI,,4.6820658,-75.6388321,Reserva Forestal Bremen La Popa--Corredor Los Monos,2026-01-31 16:27,26,3
L2747039,CO,CO-CUN,,4.8030825,-73.7649375,Reserva Forestal Cárpatos,2025-09-27 08:33,153,53
L5722179,CO,CO-CUN,,5.0416988,-74.025321,Reserva Forestal Don Benito--Sector Pantano Redondo,2026-08-26 09:38,62,17
L29862308,CO,CO-CUN,,5.073307,-74.162184,Reserva Forestal El Nacedero,2024-12-28 06:00,70,6
L3454273,CO,CO-ATL,,10.759386,-75.157043,Reserva Forestal El Palomar,2026-08-25 07:17,229,99
L7262212,CO,CO-VAC,,3.6378054,-76.5714126,Reserva Forestal La Cumbre (Sector Cabaña),2026-08-01 08:54,157,35
L9365150,CO,CO-CAU,,1.524513,-76.290556,Reserva Forestal La Luciana,2025-11-23 10:15,144,18
L9208936,CO,CO-BOL,,10.3086821,-75.4385985,Reserva Forestal Monterrey,2026-01-14 08:27,165,71
L6116835,CO,CO-VAC,,3.875481,-76.173916,Reserva Forestal Natural del Río Guadalajara de Buga,2026-09-06 11:23,287,208
L9198327,CO,CO-ATL,,10.7607317,-75.1055606,Reserva Forestal Protectora El Palomar,2022-12-11 07:12,75,7
L6657654,CO,CO-CES,,10.3841553,-73.4427023,Reserva Forestal Protectora Regional Los Ceibotes,2025-11-14 07:25,82,3
L15968931,CO,CO-CUN,,5.11439,-74.0032625,Reserva Forestal Quebrada Honda y Calderitas,2026-07-24 11:05,65,32
L22801005,CO,CO-CUN,,5.0592033,-74.5517733,"Reserva Forestal Robledal (Granada, Chipauta y La Antonia)",2025-01-31 10:05,75,3
L4477304,CO,CO-DC,,4.7787383,-74.0766907,Reserva Forestal Thomas van der Hammen,2025-08-24 11:03,62,8
L7618631,CO,CO-DC,,4.7719722,-74.0986667,Reserva Forestal Thomas van der Hammen--Bosque Las Mercedes,2026-06-20 11:01,75,41
L7619675,CO,CO-DC,,4.8255833,-74.0788889,Reserva Forestal Thomas van der Hammen--Finca San Pedro,2026-03-29 12:07,51,10
L7618088,CO,CO-DC,,4.7667827,-74.1020697,Reserva Forestal Thomas van der Hammen--Hacienda Las Mercedes,2026-09-08 09:45,85,89
L29485938,CO,CO-CUN,,5.000701,-74.2662477,Reserva Forestal Zoque,2025-05-21 16:07,85,30
L3091363,CO,CO-RIS,,5.1918169,-75.9574556,Reserva Forestal de AguaBonita,2026-05-21 06:21,357,169
L4298810,CO,CO-VAC,,3.5378579,-76.6216242,Reserva Forestal del Pacífico,2024-10-10 09:51,141,22
L7075934,CO,CO-ANT,,6.32277,-75.4818,Reserva Forestal y Ecológica La Aguada,2019-05-04 17:20,87,3
L40127159,CO,CO-NSA,,8.230748,-73.4071529,Reserva Forestal y Faunística ADAMIUAIN,2026-09-10 08:37,42,5
L8004238,CO,CO-ANT,,6.7146358,-76.198297,Reserva Fortestal Protectora Nacional Zona Musinga Carauta,2025-11-13 07:33,196,8
L7366086,CO,CO-ANT,,6.7036508,-76.1987686,Reserva Fortestal Protectora Nacional Zona Musinga Carauta--Alto de Portachuelo,2019-07-20 08:20,158,13
L6492367,CO,CO-MAG,,11.156623,-74.140722,Reserva Gairama,2026-09-21 15:43,316,1140
L11666118,CO,CO-CUN,,4.85969,-73.73594,Reserva Guaginasie,2026-04-12 07:48,79,51
L9616151,CO,CO-CUN,,4.5524667,-73.9407167,Reserva Gustavo Salgado,2025-08-12 11:01,47,1
L17033669,CO,CO-CUN,,4.6650351,-74.3918395,Reserva Hidrica y Forestal La Pacuala,2026-07-20 09:41,94,10
L4818420,CO,CO-CHO,,8.3826289,-77.1276927,Reserva Integral y Ecoaldea Sasardi,2026-07-28 06:00,211,112
L31790102,CO,CO-GUV,,1.8936091,-72.7577784,Reserva JANA
L39954383,CO,CO-PUT,,1.0461858,-76.6183841,Reserva Kindiwayra Ecohostal,2026-08-02 17:20,108,56
L24006392,CO,CO-CAS,,4.58605,-72.928142,Reserva La Algarabía,2026-02-14 16:13,74,10
L23975883,CO,CO-VAC,,3.8652846,-76.0519452,Reserva La Aurora,2026-05-09 18:59,126,69
L7976710,CO,CO-CAQ,,1.624739,-75.666047,Reserva La Avispa,2025-11-01 05:47,166,37
L16195083,CO,CO-VAC,,3.5394197,-76.768967,Reserva La Bendición,2021-08-22 06:31,61,4
L2830159,CO,CO-ANT,,7.185228,-76.37592,Reserva La Bonga,2026-09-13 12:25,439,647
L6477658,CO,CO-ANT,,6.0537026,-75.808636,Reserva La Candela,2025-10-19 06:45,85,3
L8023408,CO,CO-CAU,,2.2265463,-76.1278621,Reserva La Candelaria,2024-10-18 12:36,75,8
L60138183,CO,CO-AMA,,-4.105256,-69.982125,Reserva La Catanica,2026-03-16 09:14,30,16
L1841833,CO,CO-ANT,,5.9998586,-75.0614826,Reserva La Cristalina,2026-02-15 16:45,153,9
L5112499,CO,CO-VAC,,4.1313945,-76.3744211,Reserva La Esperancita,2020-10-24 07:26,104,8
L7753390,CO,CO-CAL,,5.384244,-75.136656,Reserva La Gaviota,2026-06-14 15:19,201,203
L58055929,CO,CO-CUN,,4.8301337,-74.0067057,Reserva La Italia--IDUVI,2026-02-04 09:00,13,1
L40944673,CO,CO-BOL,,10.0615642,-75.2871639,Reserva La Montañita,2026-01-18 08:45,93,7
L4859240,CO,CO-NAR,,1.353344,-78.176028,Reserva La Nutria,2026-08-28 06:31,294,215
L11430620,CO,CO-CAU,,1.3201716,-76.5270226,Reserva La Palmera,2026-05-09 09:00,117,43
L9508539,CO,CO-CAL,,4.942,-75.549167,Reserva La Patria,2026-05-09 09:25,121,15
L29823126,CO,CO-CUN,,4.59214,-73.340649,Reserva La Ponderosa,2024-03-12 18:24,87,10
L5817725,CO,CO-RIS,,4.7083025,-75.603394,Reserva La Puerta Del Risaralda,2026-09-15 08:26,218,756
L16803074,CO,CO-CUN,,4.6721555,-74.3842506,Reserva La Quebradita del Tucán,2025-07-27 11:30,70,2
L17807592,CO,CO-QUI,,4.6945587,-75.5751513,Reserva La Rivera,2026-09-14 19:00,337,1593
L5849642,CO,CO-TOL,,4.577217,-75.330685,Reserva La Rivera,2026-09-27 10:45,194,46
L77154850,CO,CO-QUI,,4.6835354,-75.5741777,Reserva La Rivera--Quebrada Boquia,2026-09-13 12:54,13,3
L72439118,CO,CO-QUI,,4.7003327,-75.5595972,Reserva La Rivera--Sector Bosque Primario,2026-08-09 11:47,133,35
L18523390,CO,CO-QUI,,4.3225297,-75.7304751,Reserva La Semilla,2026-09-27 10:14,233,557
L21096586,CO,CO-CAU,,2.5582581,-76.5705737,Reserva Las Asomas,2026-07-02 16:00,141,93
L28296430,CO,CO-CUN,,4.4069396,-74.2863355,Reserva Las Cascadas,2021-01-04 08:00,67,1
L3170844,CO,CO-MET,,3.5713889,-73.4586111,Reserva Las Unamas,2026-05-09 16:51,272,188
L27668866,CO,CO-GUV,,2.2627937,-72.6273321,Reserva Las Violetas,2023-10-14 10:08,24,1
L11565526,CO,CO-CAL,,5.39467,-75.7055067,Reserva Lifer,2022-01-04 06:00,106,26
L8012584,CO,CO-CUN,,4.7700404,-74.0061728,Reserva Los Andes,2025-10-16 08:33,94,38
L49510126,CO,CO-MET,,4.0675865,-73.049335,Reserva Los Caujaros - Puerto Lopez,2026-07-08 05:46,87,5
L41970387,CO,CO-ANT,,5.5916711,-75.8159472,Reserva Los Guácharos,2026-09-26 11:32,286,946
L3790928,CO,CO-PUT,,1.0662131,-76.7781687,Reserva Los Monos,2026-08-02 12:59,87,38
L6165908,CO,CO-CUN,,4.647773,-73.946866,Reserva Los Tapaculos,2024-04-20 09:42,123,56
L3637775,CO,CO-ATL,,10.746667,-75.021278,Reserva Luriza,2026-09-24 05:45,260,282
L19245141,CO,CO-NAR,,1.1824933,-77.9584727,Reserva Manantiales del Río Guabo,2022-11-07 06:16,65,18
L6222846,CO,CO-MET,,3.4928388,-74.0652698,Reserva Maravillas del Guejar,2026-07-24 10:47,249,91
L14855309,CO,CO-CUN,,4.572142,-73.864274,Reserva Masa-Fonte,2026-04-18 10:24,99,15
L5827406,CO,CO-ANT,,6.193433,-75.500335,Reserva Microcuenca San Pedro,2026-05-28 08:03,116,67
L5796654,CO,CO-ATL,,10.7213334,-74.9202991,Reserva Mintaka,2025-09-11 06:49,129,46
L65635628,CO,CO-SAN,,5.918936,-73.9656638,Reserva Mirador De Brayan,2026-05-09 09:59,35,4
L17942998,CO,CO-CAL,,5.4925712,-75.7791752,Reserva Mirador El Roble--Casa y Bebedores de Colibríes,2026-09-23 13:15,368,1807
L8210776,CO,CO-CAL,,5.5006186,-75.7823969,Reserva Mirador El Roble--Cebadero de Grallarias,2026-09-17 08:25,340,1153
L9864421,CO,CO-LAG,,11.1912122,-73.4355203,Reserva Miramar,2026-07-06 12:07,195,93
L7350419,CO,CO-CAL,,5.0759053,-75.4985838,Reserva Monte León,2026-09-06 09:14,195,89
L75656800,CO,CO-TOL,,4.0616602,-75.1224332,Reserva MonteAdentro,2026-08-17 07:10,33,0
L12541557,CO,CO-LAG,,11.5058324,-72.9798562,Reserva Mowuä,2026-02-18 04:25,156,42
L1104511,CO,CO-QUI,,4.1391457,-75.7383525,Reserva Municipal El Mirador,2025-10-07 11:39,232,735
L5515186,CO,CO-VAC,,3.3685431,-76.5557438,Reserva Municipal de Uso Sostenible del Río Meléndez,2025-12-28 06:19,105,25
L847915,CO,CO-MET,,4.1464613,-73.6468506,Reserva Nakua,2026-06-14 17:17,68,7
L12779371,CO,CO-MET,,4.0865428,-73.0284467,Reserva Natual Los Caujaros,2026-03-26 11:30,150,91
L16993628,CO,CO-AMA,,-3.8649499,-70.2059711,Reserva Natura Park,2026-03-22 10:19,108,17
L25955216,CO,CO-HUI,,1.7266683,-76.1233833,"Reserva Natural "" EL ALMA""",2026-08-19 09:46,152,62
L11389139,CO,CO-QUI,,4.6252322,-75.4531713,Reserva Natural Acaime,2026-08-26 10:49,287,299
L28240945,CO,CO-AMA,,-4.1032684,-69.9751369,"Reserva Natural Acapú, Km 14",2026-08-16 07:34,231,80
L11310359,CO,CO-AMA,,-3.87021,-70.2044697,Reserva Natural Amazon Açaí,2025-10-10 02:30,69,6
L21106003,CO,CO-HUI,,2.2020704,-75.9179354,Reserva Natural Aranzazu,2026-08-11 10:31,186,138
L57034631,CO,CO-MET,,3.858072,-73.689993,Reserva Natural Atrapasueños,2026-01-09 10:53,40,10
L8961985,CO,CO-SAN,,6.5929065,-73.2140923,Reserva Natural Bocaré y Alrededores,2026-07-11 09:39,122,11
L30560527,CO,CO-PUT,,0.3703572,-76.4290509,Reserva Natural Boutu Ecoturístico,2026-09-16 08:56,199,94
L14535351,CO,CO-CAQ,,1.622305,-75.653471,Reserva Natural Buenavista,2025-05-09 16:16,75,11
L9192255,CO,CO-SAN,,7.3500446,-73.4970776,Reserva Natural Cabildo Verde,2025-08-20 05:40,112,50
L26609345,CO,CO-CUN,,5.2711077,-74.2738625,"Reserva Natural Cacique Terama, El Peñón",2025-08-15 12:41,79,21
L21248224,CO,CO-VAC,,3.761122,-76.203907,Reserva Natural Cantalia,2025-11-14 16:00,163,23
L57069603,CO,CO-MET,,3.8063234,-73.6073509,Reserva Natural Caño Contento,2026-05-20 07:20,76,5
L16298801,CO,CO-TOL,,5.0278225,-75.113571,"Reserva Natural Charco Del Indio, Villahermosa",2026-09-19 06:15,149,121
L46146808,CO,CO-VAC,,3.940026,-76.3448009,Reserva Natural Chimbilaco,2026-06-11 08:26,108,6
L22859099,CO,CO-HUI,,1.660185,-76.156664,Reserva Natural Choragi,2023-05-13 07:30,75,6
L55133000,CO,CO-SAN,,6.6295141,-73.2152414,Reserva Natural Color De Hormiga,2026-02-17 07:59,87,19
L3110516,CO,CO-VAC,,4.741488,-76.2960041,Reserva Natural Comunitaria Cerro El Inglés,2026-07-13 07:02,356,196
L11898713,CO,CO-CAQ,,1.6314212,-75.5871411,Reserva Natural Comunitaria Uruki El Manantial,2025-10-04 13:52,127,17
L17323711,CO,CO-HUI,,1.6681937,-76.216519,Reserva Natural Conny,2025-12-30 11:31,120,24
L20847943,CO,CO-MET,,4.2227667,-73.4922407,Reserva Natural Cosmopolitana,2026-09-25 05:58,206,94
L2697659,CO,CO-GUV,,2.4934498,-72.6383932,Reserva Natural Diamante de Las Aguas,2026-09-20 09:48,299,156
L23297300,CO,CO-CUN,,4.245985,-74.3879201,Reserva Natural EL Calamar,2026-09-27 16:35,94,25
L9355309,CO,CO-NAR,,1.1372288,-77.9582592,Reserva Natural El Bosque,2026-07-05 10:27,257,188
L12949205,CO,CO-NAR,,1.3742443,-77.2211417,Reserva Natural El Charmolán,2026-05-09 06:40,76,14
L36727109,CO,CO-ANT,,5.5993055,-75.9179523,Reserva Natural El Crisol,2025-05-24 08:15,185,43
L19251063,CO,CO-NAR,,1.2896903,-77.4146998,Reserva Natural El Encanto,2026-09-11 09:50,32,1
L19013975,CO,CO-CAS,,5.2075555,-71.7616787,Reserva Natural El Encanto de Guanapalo--Hato Montana,2026-02-13 08:58,147,9
L25191720,CO,CO-CAL,,5.1830564,-75.51566,Reserva Natural El Jordan,2026-07-12 08:50,100,7
L11432011,CO,CO-CAU,,2.424693,-76.5641378,Reserva Natural El Manzanal - Popayán - Cauca,2026-07-12 06:50,166,170
L11344672,CO,CO-TOL,,3.9547327,-75.5567845,Reserva Natural El Pencil,2025-09-20 16:50,148,32
L7344332,CO,CO-RIS,,4.7556565,-75.59745,Reserva Natural Escuela Agroecológica Los Genaros,2026-02-02 16:37,184,44
L8888905,CO,CO-TOL,,3.9271623,-75.4444188,Reserva Natural Finca El Manantial,2026-05-09 19:55,255,120
L10084687,CO,CO-AMA,,-4.1844986,-69.9733699,Reserva Natural Flor de Loto,2026-09-06 11:13,261,136
L11389496,CO,CO-CUN,,4.8793597,-74.1401625,Reserva Natural Forest of Orchids,2022-10-10 14:52,64,12
L9784272,CO,CO-CUN,,4.645389,-74.3260198,Reserva Natural Fute,2026-09-08 07:34,225,309
L11799141,CO,CO-TOL,,4.5494444,-75.3311111,Reserva Natural Guamal,2026-09-20 10:02,145,67
L9193234,CO,CO-BOY,,5.751619,-73.52555,Reserva Natural Guatok (Acceso Restringido),2019-05-04 08:00,10,2
L4835144,CO,CO-ANT,,6.462883,-74.7816619,Reserva Natural Hacienda San Perdro,2026-06-18 06:58,146,10
L26259590,CO,CO-NAR,,1.0615933,-77.1386058,Reserva Natural Herederos del Planeta,2026-05-09 11:01,73,17
L67912769,CO,CO-CUN,,4.2070527,-73.8256056,Reserva Natural Hoya Negra,2026-05-09 05:39,1,1
L53983905,CO,CO-PUT,,0.66645,-77.05725,Reserva Natural Kunsi Wasi,2026-05-09 12:24,233,108
L44829888,CO,CO-MET,,2.9441775,-73.7099945,Reserva Natural La Corcovada,2026-08-12 16:51,232,146
L57034846,CO,CO-MET,,3.78827,-73.542013,Reserva Natural La Cristalina,2026-01-09 16:53,57,14
L27375321,CO,CO-SAN,,6.1079921,-73.0738668,Reserva Natural La Esmeralda,2026-05-09 06:38,99,40
L12041587,CO,CO-RIS,,4.8586937,-75.7153075,Reserva Natural La Graciela,2026-05-09 06:06,66,7
L48905378,CO,CO-MET,,4.2531379,-73.494591,Reserva Natural La Guafa,2026-05-17 15:34,100,34
L5390586,CO,CO-PUT,,0.6541939,-77.0738064,Reserva Natural La Isla Escondida,2026-09-20 08:04,532,3193
L3091519,CO,CO-RIS,,5.121639,-75.9519028,Reserva Natural La Playita,2026-07-01 06:44,240,75
L12944363,CO,CO-MET,,4.1405979,-72.6879478,Reserva Natural La Reseda,2026-05-10 06:27,215,391
L7861410,CO,CO-HUI,,1.6597299,-76.185577,Reserva Natural La Riviera,2026-01-16 09:32,168,26
L41075819,CO,CO-SAN,,6.0802119,-73.2036531,Reserva Natural Laboratorio Caminantr3s,2026-01-18 07:54,58,3
L28869884,CO,CO-BOL,,10.0131022,-75.0535602,Reserva Natural Las Tinas,2025-10-11 08:01,131,17
L15850153,CO,CO-MAG,,9.6814478,-74.6400551,Reserva Natural Las Trojas,2025-07-02 13:31,125,43
L6833465,CO,CO-HUI,,1.7328076,-76.22352,Reserva Natural Los Ariscos,2026-08-29 06:06,280,133
L33262869,CO,CO-CAQ,,1.6553973,-75.6563398,Reserva Natural Los Barranqueros,2026-01-16 09:36,115,23
L11946621,CO,CO-ANT,,7.0580743,-75.4057134,Reserva Natural Los Magnolios Finca El Reposo,2025-11-03 07:04,236,98
L11946777,CO,CO-ANT,,7.052403,-75.3955337,Reserva Natural Los Magnolios Finca La Florida,2026-06-28 13:09,199,113
L11946721,CO,CO-ANT,,7.0661939,-75.4100982,Reserva Natural Los Magnolios Finca La Hondura,2025-06-21 17:15,155,32
L12469262,CO,CO-BOY,,5.7881429,-73.5508597,Reserva Natural Los Yataros,2026-07-17 05:29,104,84
L8083818,CO,CO-VAC,,3.6308204,-76.1971597,"Reserva Natural Madhú, La Paula",2026-05-10 05:35,208,263
L8083809,CO,CO-VAC,,3.6315886,-76.1549942,"Reserva Natural Madhú, Las Brisas",2026-05-09 18:23,272,334
L8087385,CO,CO-VAC,,3.624883,-76.1697512,"Reserva Natural Madhú, Los Colores",2026-05-31 15:15,216,121
L24369749,CO,CO-VAC,,3.647,-76.141,"Reserva Natural Madhú, Pegamosco",2026-05-09 10:50,75,22
L75240590,CO,CO-SAN,,7.14458,-73.34201,Reserva Natural Manantial de La Aurora - Bosque,2026-07-30 06:10,82,3
L12480415,CO,CO-SAN,,7.1467446,-73.3407436,Reserva Natural Manantial de la Aurora,2026-09-15 08:22,355,1230
L2015161,CO,CO-VAC,,3.5365087,-76.6070437,Reserva Natural Mi Universo,2026-03-21 10:45,205,50
L6018010,CO,CO-HUI,,1.9128321,-76.096732,Reserva Natural Monte Bonito,2025-02-21 16:38,127,30
L44612765,CO,CO-BOL,,9.62227,-75.0827967,Reserva Natural Morrocoy,2026-05-09 09:04,82,15
L53487430,CO,CO-MET,,3.739977,-73.461102,Reserva Natural Oso Feliz,2026-01-07 15:43,91,24
L7374031,CO,CO-ANT,,6.3266416,-75.5621165,Reserva Natural Piamonte,2026-06-13 08:17,84,38
L11420860,CO,CO-ANT,,6.325941,-75.562356,"Reserva Natural Piamonte, Bello",2026-09-25 10:05,131,171
L57180351,CO,CO-VAC,,4.0239069,-76.1625051,"Reserva Natural Piedras Blancas, Tuluá",2026-04-29 17:00,104,10
L7020828,CO,CO-HUI,,2.157874,-75.9447527,Reserva Natural Planadas,2022-05-15 05:32,163,9
L32371344,CO,CO-ANT,,5.9112992,-74.7531955,Reserva Natural Plumavera,2026-08-15 07:07,165,271
L6049970,CO,CO-HUI,,1.8936381,-76.0761166,Reserva Natural Pompeya,2026-08-01 11:39,240,118
L3943317,CO,CO-VAC,,3.2588387,-76.5290139,Reserva Natural Pozo Verde,2026-02-11 06:14,101,21
L11959381,CO,CO-VAC,,3.7877144,-76.1601502,Reserva Natural Primitiva,2025-05-13 12:08,91,18
L5226256,CO,CO-VID,,6.0974572,-67.4964917,Reserva Natural Privada Bojonawi,2026-07-20 12:54,297,115
L5831970,CO,CO-HUI,,2.2934699,-75.5888021,Reserva Natural Privada Takyhuaylla
L20410563,CO,CO-CUN,,4.2290454,-73.7858534,Reserva Natural Refugio del Tororoi,2026-08-22 10:44,236,957
L15151210,CO,CO-CAQ,,1.460035,-75.85874,Reserva Natural Romi Kumu,2021-03-31 10:45,13,1
L18010773,CO,CO-CAL,,5.6774734,-74.7746229,Reserva Natural Río Manso,2025-04-24 06:10,105,4
L11363204,CO,CO-NAR,,1.3364671,-77.2751489,Reserva Natural Saragoza,2025-03-06 16:57,50,10
L10699780,CO,CO-AMA,,-4.1246367,-69.9456677,Reserva Natural Selva (RENASE),2026-08-13 07:18,179,104
L8364763,CO,CO-CUN,,5.1385441,-73.6434097,Reserva Natural Suchequincha,2018-09-15 08:15,27,1
L14684733,CO,CO-NAR,,1.095465,-77.1683742,Reserva Natural Taki Yacu,2026-05-09 17:53,61,10
L16618139,CO,CO-HUI,,2.6673653,-75.6695495,Reserva Natural Tarpeya,2026-08-16 06:54,157,130
L18874467,CO,CO-MAG,,11.115475,-74.118007,Reserva Natural Tierra Adentro,2026-09-26 09:02,189,93
L22321297,CO,CO-CAU,,1.3597242,-76.4761694,Reserva Natural Túnel del Dragón Verde,2026-05-11 22:05,230,78
L11016026,CO,CO-ANT,,5.8572147,-76.0954514,Reserva Natural Verdeagua,2026-03-31 18:03,148,98
L31789665,CO,CO-AMA,,-4.1793961,-69.9751364,Reserva Natural Victoria Regia,2026-06-12 08:31,52,6
L7311275,CO,CO-COR,,9.1347061,-76.1815026,Reserva Natural Viento Solar,2026-06-27 16:05,142,54
L14533053,CO,CO-TOL,,3.7633058,-75.5937266,Reserva Natural Villa Amparo,2026-05-09 09:36,109,7
L5944647,CO,CO-GUV,,2.4539267,-72.6924965,Reserva Natural Villa Marcela,2025-12-16 06:28,250,128
L57102840,CO,CO-MET,,3.84091,-73.71928,Reserva Natural Villa Rica,2026-01-11 09:25,44,8
L26584215,CO,CO-CUN,,4.5235501,-73.9874841,Reserva Natural Xie Güe,2025-07-26 06:16,70,15
L7353510,CO,CO-CAQ,,1.4174694,-75.7218145,Reserva Natural de La Sociedad Civil Villa Mery,2025-03-10 15:26,132,6
L7272319,CO,CO-CAS,,5.8339167,-72.0833889,Reserva Natural de la Sociedad Civil Mesetas de Versalles,2019-11-03 15:32,93,15
L9201506,CO,CO-NAR,,1.2203696,-77.9647062,Reserva Natural los Tirapuentes,2026-01-04 09:49,125,19
L4892975,CO,CO-CAQ,,1.489338,-75.4048696,Reserva Natural y Ecoturistica Las Dalias,2025-02-12 15:36,175,46
L3573537,CO,CO-QUI,,4.4873254,-75.5543566,Reserva Navarco - Alto de la Línea,2026-04-18 09:05,167,47
L7145446,CO,CO-NAR,,1.0885806,-77.4577889,Reserva Nucanchi,2026-05-09 05:50,117,39
L9295703,CO,CO-HUI,,1.69894,-76.218093,Reserva Ornitológica Los Tororois,2024-03-13 14:32,165,35
L19064266,CO,CO-CUN,,4.5808261,-74.3081968,Reserva Parque Renacer,2022-05-14 08:00,30,3
L28104316,CO,CO-ARA,,6.804217,-70.910678,Reserva Pata’e Vaca,2026-08-16 05:26,242,156
L57775820,CO,CO-CUN,,4.8593185,-73.9940613,Reserva Peñas Blancas--IDUVI,2026-09-26 13:50,13,2
L9200907,CO,CO-AMA,,-4.0894951,-70.0132776,Reserva Pichuna,2024-11-05 12:46,182,40
L11622433,CO,CO-CUN,,4.613655,-74.3475817,Reserva Piedra Rajada San Antonio del Tequendama,2026-09-17 09:51,177,402
L3169462,CO,CO-CUN,,4.6358846,-73.5276747,Reserva Privada Andes,2022-06-04 12:31,47,2
L7807267,CO,CO-VAC,,3.63442,-76.83559,Reserva Privada El Paraíso (acceso restringido),2026-07-01 07:20,320,312
L3169358,CO,CO-MAG,,11.2716667,-74.0852778,Reserva Privada Kalashe,2026-07-10 08:58,101,19
L24310187,CO,CO-BOY,,4.826324,-73.289289,Reserva Privada La Amapolita,2026-03-11 12:12,93,15
L8826815,CO,CO-CUN,,5.12975,-74.06059,Reserva Páramo Guerrero,2026-07-11 09:21,32,7
L9208264,CO,CO-BOY,,5.9026366,-73.0638719,Reserva Páramo de los Agüeros y de Pan de Azúcar,2026-07-29 09:23,64,5
L62413663,CO,CO-CUN,,4.8749439,-74.0772701,Reserva Q. Tiquiza -  L. Altagracia IDUVI,2026-04-10 08:30,17,1
L11405537,CO,CO-CUN,,4.9113967,-73.9221986,Reserva Quimza,2020-05-09 06:30,24,1
L465360,CO,CO-ANT,,7.47132,-75.08728,Reserva Regional Bajo Cauca Nechí,2024-04-10 08:40,89,24
L3285644,CO,CO-NAR,,2.6426477,-78.0650711,Reserva Regional de Aves Playeras Delta del Rio Iscuandé,2025-05-24 07:00,115,253
L57776561,CO,CO-CUN,,4.8314017,-74.0071135,Reserva Rincón Alpino - IDUVI,2026-01-28 10:30,12,1
L11498970,CO,CO-CUN,,5.0917551,-74.0017798,Reserva Rodamontal,2026-08-21 18:30,100,49
L21157017,CO,CO-VAC,,3.8855458,-76.1364961,Reserva San José,2026-06-28 09:43,313,401
L14764662,CO,CO-CUN,,4.5533803,-74.3515764,Reserva San Luis,2021-11-23 07:00,67,3
L20987206,CO,CO-CUN,,4.5316087,-74.3701502,Reserva San Luis,2022-09-04 07:00,47,1
L20987486,CO,CO-CUN,,4.5301112,-74.3707779,"Reserva San Luis, Granada Cundinamaarca",2022-12-03 08:00,58,2
L8469252,CO,CO-CUN,,4.6114312,-73.9502844,Reserva San Miguel Valle de Yataros,2026-05-09 09:54,27,9
L465362,CO,CO-ANT,,6.0598333,-75.5653333,Reserva San Sebastián,2008-08-06 00:00,42,2
L5847554,CO,CO-TOL,,4.8751264,-75.0221586,Reserva Santa Librada,2026-08-07 08:15,203,78
L62738598,CO,CO-CUN,,4.8635644,-73.9950828,Reserva Santuario 1 y 2 - IDUVI,2026-09-19 10:39,42,3
L73319190,CO,CO-TOL,,4.841007,-75.275475,Reserva Siete Montañas,2026-08-17 09:16,36,9
L7697525,CO,CO-VAC,,3.5471903,-76.07914,Reserva Sociedad Civil Peña Lisa,2024-10-26 14:13,31,3
L15870423,CO,CO-RIS,,5.368938,-75.891673,Reserva Sutú,2026-08-31 12:25,373,721
L5837284,CO,CO-ANT,,6.2654752,-75.4425251,Reserva Tahami,2025-11-19 15:23,31,4
L1119083,CO,CO-CHO,,8.6615992,-77.3676896,Reserva Takarkuna (acceso restringido),2026-07-25 10:02,235,79
L19093392,CO,CO-PUT,,0.5256962,-76.3102353,"Reserva Tangara 7 Colores, Rio Piñuña",2026-05-17 06:30,223,100
L7339941,CO,CO-RIS,,4.8478022,-75.5326152,Reserva Termal San Vicente,2026-06-20 12:50,189,67
L6931298,CO,CO-VID,,4.8627259,-70.2336645,Reserva Tomogrande,2025-04-25 11:30,105,25
L19593898,CO,CO-CUN,,5.0510514,-73.7698581,Reserva Tomsatyba,2022-06-11 08:00,12,0
L61020234,CO,CO-CUN,,4.8259191,-74.011971,Reserva Torca-IDUVI,2026-05-21 13:04,34,6
L8889855,CO,CO-CUN,,4.348275,-74.4588756,Reserva Vicacachute,2025-10-12 16:37,139,83
L7847079,CO,CO-RIS,,4.8559483,-75.4842793,Reserva WILD Campo Alegre,2026-09-07 16:38,305,1168
L9981665,CO,CO-CAQ,,1.652743,-75.5864708,Reserva Yakumama,2025-03-09 16:19,96,17
L6608408,CO,CO-VID,,6.1694837,-67.5382805,Reserva de Biosfera del Tuparro--Playa El Tiestero,2021-12-11 00:00,90,9
L465329,CO,CO-SAP,,12.55,-81.71,Reserva de Biósfera Seaflower--La Loma,2023-11-29 17:35,119,97
L7677095,CO,CO-ATL,,10.7600394,-75.0889993,Reserva de La Sociedad Civil Los Charcones,2026-04-26 06:40,64,9
L8143828,CO,CO-CUN,,4.2987963,-74.787075,Reserva de Peñalisa,2026-08-07 17:31,120,14
L8191928,CO,CO-CUN,,5.0336789,-74.0195454,Reserva de San Benito,2026-03-27 16:00,73,10
L9224402,CO,CO-MET,,4.1044019,-72.5247522,Reserva de la Sociedad  Civil Yurumí,2026-05-09 17:09,242,905
L4827886,CO,CO-MET,,3.3613457,-73.9615917,Reserva del Indio Acostado,2026-01-07 15:46,160,40
L35668678,CO,CO-SAN,,6.9635318,-73.4125328,Reserva el Encanto de Belmonte,2026-02-07 16:15,163,82
L9200664,CO,CO-RIS,,4.8866626,-75.7225842,Reserva forestal La Nona,2026-07-20 07:47,191,167
L14648042,CO,CO-CUN,,4.533705,-74.3671632,Reserva la Esmeralda,2021-04-27 06:00,25,4
L8429408,CO,CO-HUI,,1.74866,-76.2003231,Reserva mi Ranchito,2024-09-05 12:50,145,12
L15847802,CO,CO-ANT,,6.3607516,-75.6899227,Reserva natural La Volcana - Corregimiento Palmitas,2026-05-09 09:02,152,53
L21601762,CO,CO-NSA,,8.2517211,-73.3162179,Reserva natural Ocaña birding avistamiento de aves,2022-11-24 08:57,13,0
L19080887,CO,CO-CAQ,,1.6386743,-75.5805949,Reserva natural comunitaria uruki el manantial,2026-05-10 09:39,25,3
L465381,CO,CO-TOL,,4.0003333,-75.6703333,Reservas Comunitarias de Roncesvalles,2016-06-30 05:30,58,4
L7329326,CO,CO-SAN,,6.8573957,-73.3034581,Reservas Naturales de la Sociedad Civil Traganubes,2025-06-27 08:24,41,4
L21832864,CO,CO-MAG,,11.1183693,-74.0969299,Reserve Natural Adentro,2026-09-13 08:16,228,256
L5830891,CO,CO-COR,,9.134668,-76.1815704,Resevar Natural y Ecohotel Viento Solar,2026-03-20 09:00,58,4
L33246846,CO,CO-CUN,,4.1971391,-74.3725558,Resevera El Porvenir,2026-04-12 11:45,40,2
L16544096,CO,CO-CAQ,,1.092629,-75.445713,Resguardo Gorgonia—Caño Maticurú,2022-01-22 05:55,139,8
L6790467,CO,CO-CAU,,2.6274718,-76.2967443,Resguardo Guambía,2024-11-25 18:12,63,6
L8223397,CO,CO-GUV,,1.3953224,-71.956237,Resguardo Indigena Puerto Monfort,2018-11-30 16:05,40,2
L7308766,CO,CO-CAS,,6.013528,-69.8816013,Resguardo Indígena Caño Mochuelo,2018-04-28 12:20,3,0
L4232497,CO,CO-PUT,,0.6979567,-76.8407917,Resguardo Indígena El Alto Temblón
L7939875,CO,CO-CAQ,,0.1613276,-74.6744692,Resguardo Indígena Güitorá,2025-11-05 16:00,262,32
L15917421,CO,CO-CAQ,,0.19713,-74.715618,Resguardo Indígena La Primavera,2021-07-09 17:00,58,1
L7375827,CO,CO-VID,,4.4907944,-69.7991467,Resguardo Indígena Santa Rita,2024-02-07 17:08,49,3
L50788590,CO,CO-NAR,,0.54249,-77.19475,Resguardo Ishu Awá,2025-05-17 06:40,87,8
L9837760,CO,CO-TOL,,3.3071007,-75.937624,Resguardo Nasa Las Mercedes,2026-04-29 18:08,46,2
L47180194,CO,CO-VAC,,3.8130837,-76.7823595,Resguardo Nasa-Embera Aizama,2026-08-19 09:30,98,21
L8971471,CO,CO-CAQ,,0.7717882,-75.4051023,Resguardo Niñeras,2024-05-11 06:08,54,2
L27512434,CO,CO-MET,,3.4551809,-74.1413419,Resguardo Villa Lucía,2026-05-09 08:38,183,71
L21911796,CO,CO-PUT,,1.2854245,-76.6131468,Resguardo de Condagua,2025-12-24 07:45,59,17
L9212558,CO,CO-NAR,,0.7668722,-77.5619513,"Resguardo de Mueses, Potosi",2026-05-11 18:00,78,13
L8446813,CO,CO-VAC,,4.277,-76.282,Restaurante Campestre Villa Carmela,2020-03-08 17:31,65,14
L10177228,CO,CO-CAL,,4.951168,-75.4857035,Restaurante Don Hernán,2025-11-02 11:59,56,1
L3082817,CO,CO-ANT,,6.0145381,-75.1390976,Restaurante El Palacio De Los Frijoles,2026-08-09 06:48,395,866
L5603338,CO,CO-CAL,,4.9675673,-75.7127859,Restaurante Fonda Gibraltar,2024-02-28 18:39,89,3
L19748587,CO,CO-VAC,,3.5042972,-76.619339,Restaurante La Cabaña,2026-09-06 13:12,74,23
L4352677,CO,CO-VAC,,3.3312705,-76.6174078,Restaurante La Chorrera del Indio,2026-06-14 12:39,127,5
L7662118,CO,CO-VAC,,3.5076583,-76.6201638,Restaurante La Embajada de Ginebra,2026-04-12 07:30,96,42
L4566387,CO,CO-ANT,,5.93414,-75.86116,Restaurante La Mayoria,2026-09-26 13:26,213,503
L7514823,CO,CO-ANT,,6.059226,-75.210317,Restaurante Mirador Ktarata,2026-04-05 08:00,107,56
L24320994,CO,CO-CAL,,5.617957,-74.957967,Riachuelo - San Diego,2026-02-21 08:10,123,23
L11739151,CO,CO-VAC,,4.6839673,-75.8506266,Ribera Rio la Vieja - Vía Coloradas,2024-12-26 13:20,110,11
L465402,CO,CO-GUA,,3.2,-67.98,Riberas de la Cuenca Baja del Río Inírida,2025-04-07 08:43,7,2
L5259536,CO,CO-VAC,,3.2602774,-76.548593,Riberas del Rosario,2025-11-02 07:22,133,36
L465432,CO,CO-MET,,2.6306667,-74.069,Riberas del Río Duda,2026-05-08 19:36,5,0
L9116476,CO,CO-CUN,,4.2886,-74.7747,Ricaurte Canaria,2026-05-06 17:32,13,1
L11988214,CO,CO-NAR,,1.2106297,-77.9943076,Ricaurte y alrededores,2026-09-22 06:57,233,2015
L22309692,CO,CO-CAL,,5.0641838,-75.5547178,Rincón Samawasi,2026-02-22 07:16,86,31
L9818988,CO,CO-TOL,,4.5765814,-74.9183807,"Rincón chipalo, Alvarado",2019-09-19 08:00,36,2
L18477459,CO,CO-TOL,,4.4544701,-75.1654655,Rincón de Paz de Tierra Firme,2026-06-26 08:03,60,24
L24923141,CO,CO-PUT,,0.8967373,-76.7705424,Rincón del Vides,2026-08-17 12:55,148,48
L13998588,CO,CO-CAQ,,1.6707346,-75.2866484,Rio Anaya--El Doncello,2026-09-09 10:19,10,1
L14022164,CO,CO-CAQ,,1.4887236,-75.728348,Rio Bodoquero—Morelia,2025-10-11 07:32,14,1
L8663672,CO,CO-VAC,,3.4578661,-76.528481,Rio Cali,2026-09-24 16:30,80,94
L7746068,CO,CO-CAQ,,-0.104968,-74.352344,Rio Caqueta--Río Peneya,2018-07-10 11:00,16,3
L9645583,CO,CO-CAL,,5.2129167,-75.6985667,"Rio Cauca, Hacienda El Bosque",2019-07-13 06:00,63,2
L36271665,CO,CO-VAC,,3.4872728,-76.5543858,Rio Chochó,2026-05-30 06:36,162,41
L7104792,CO,CO-CAS,,4.7708316,-71.6365623,Rio Cravo--El Cacho a Rio Meta,2024-02-05 12:13,182,14
L3491276,CO,CO-MAG,,11.2398631,-73.6969757,Rio Don Diego--Carretera 90,2026-09-26 13:52,322,223
L2955664,CO,CO-MAG,,11.246672,-73.8396127,Rio Guachaca,2025-12-26 15:15,279,44
L36417322,CO,CO-MET,,2.1989569,-73.7990247,Rio Guayabero,2026-08-21 13:43,72,19
L60916665,CO,CO-CAQ,,1.3899928,-74.8707809,Rio Guayas — Las Brisas,2026-03-22 15:49,41,0
L4864658,CO,CO-MET,,3.3870235,-74.0441112,Rio Guejar--Puenta La Maca,2026-06-10 05:30,192,128
L2613326,CO,CO-GUA,,3.86089,-67.96354,Rio Inírida--Matraca (Várzea),2026-05-09 11:06,504,1032
L6817682,CO,CO-ANT,,7.911917,-76.737002,Rio Leon--Puerto Caribe,2026-09-14 11:44,246,117
L2768697,CO,CO-MAG,,10.9506455,-74.7574224,Rio Magdalena--Puente Pumarejo (Dept. Atlantico),2026-07-23 14:13,139,46
L3221860,CO,CO-MET,,4.3915982,-71.9614792,Rio Meta--Puerto Gaitan,2026-05-09 06:35,152,19
L3170825,CO,CO-GUA,,1.9107518,-67.0750523,Rio Negro--San Felipe,2021-10-22 07:40,149,14
L8067127,CO,CO-CAQ,,1.5538057,-75.5272586,Rio Orteguaza—Desembocadura Rio Hacha,2024-02-15 11:41,126,21
L7568456,CO,CO-BOY,,5.9103214,-73.5236621,Rio Pomeca--Sendero Togüi,2019-05-04 06:00,42,5
L12605777,CO,CO-QUI,,4.6433019,-75.5836751,Rio Quindío - Boquia,2026-09-26 07:18,186,169
L3345979,CO,CO-CHO,,5.2935908,-76.332407,Rio San Juan--Guarato,2023-05-22 08:10,129,6
L4573737,CO,CO-COR,,9.2258101,-75.8199978,Rio Sini--Santa Cruz de Lorica,2026-02-17 09:50,121,28
L4576012,CO,CO-COR,,8.7575941,-75.8888125,Rio Sinu--Montería,2026-09-27 08:39,164,177
L9309853,CO,CO-CAL,,5.2075624,-75.5548769,Rio Tareas -  Via la Felisa Neira Caldas,2025-11-24 13:10,9,2
L8239472,CO,CO-ANT,,6.5543698,-75.8320141,Rio Tonusco--Santa Fé de Antioquia,2026-09-14 10:30,190,132
L8214996,CO,CO-GUV,,1.2756786,-71.9767561,Rio Vaupes--Miraflores a Lago del Dorado,2021-10-07 17:28,45,2
L11041539,CO,CO-LAG,,11.5262119,-72.9273505,Riohacha--Aeropuerto Almirante Padilla,2026-05-12 16:36,71,28
L19215563,CO,CO-CAL,,5.4231358,-75.7049036,Riosucio--Casco Urbano,2026-08-09 10:30,67,9
L33444034,CO,CO-HUI,,2.7750247,-75.2509947,Rivera Casa,2026-02-21 13:52,64,12
L11177549,CO,CO-BOY,,4.815441,-73.17062,Rivera Río Lengupá - El Progreso,2026-05-19 17:51,43,10
L9145762,CO,CO-SAN,,6.6621283,-72.7636297,Robledales Alto de Miranda,2026-09-08 07:13,38,6
L10372830,CO,CO-CUN,,5.0122867,-73.9425802,Rocas del Abra,2023-03-19 11:05,16,2
L8450734,CO,CO-SAP,,12.5417294,-81.7018515,Rocky Cay,2026-09-06 07:38,29,13
L22097631,CO,CO-RIS,,4.7930849,-75.6979857,Rocío Alto,2022-01-08 08:12,12,1
L10521126,CO,CO-CAL,,4.9395556,-75.3783056,Romeral II,2026-05-09 07:00,47,25
L27015874,CO,CO-SAP,,13.5687659,-80.0701991,Roncador Bank,2015-10-07 15:00,4,0
L10061016,CO,CO-TOL,,4.01034,-75.6051,Roncesvalles - Casco Urbano,2026-01-11 16:33,24,2
L50521289,CO,CO-SAN,,7.112,-73.066,Route 66,2026-04-06 11:10,18,1
L11377560,CO,CO-CUN,,5.1472557,-74.1472811,Rpio Batán--Vda. Cabrera Parte Baja,2025-12-24 09:45,75,6
L25234815,CO,CO-AMA,,-3.814659,-70.243151,Rufous Potoo hotspot,2026-08-29 10:41,195,102
L19039411,CO,CO-CUN,,5.22866,-74.729279,Ruinas Puerto Gallote,2022-05-14 10:58,16,6
L62627654,CO,CO-NSA,,7.888682,-72.797678,Ruinas de Gramalote,2026-09-23 07:00,61,4
L17558488,CO,CO-CUN,,5.4739607,-73.7776792,Rustikuna Artesanías y Hospedaje,2023-12-09 11:03,34,24
L7165820,CO,CO-MET,,4.286,-73.585,Ruta Altos del Caney,2026-08-26 07:54,292,312
L72445621,CO,CO-SAN,,5.827645,-73.9768417,"Ruta Cascadas Gemelas, Florián, Santander, CO (5.828, -73.977)",2026-07-05 10:23,57,5
L14742447,CO,CO-CUN,,4.3050835,-74.4545866,Ruta Cañón Río Panche o Chocho - Jaibaná,2026-06-09 14:41,35,3
L26502207,CO,CO-TOL,,5.1854843,-75.0252665,Ruta Colombia,2023-09-12 05:50,68,13
L45996140,CO,CO-MET,,3.825825,-73.889058,Ruta CorpOrquidea,2026-07-21 18:41,331,235
L37339446,CO,CO-HUI,,1.625,-76.2757,Ruta Ecológica SULKOWSKI,2026-08-21 10:52,131,78
L16367828,CO,CO-TOL,,4.1931058,-74.6383692,Ruta El Mirador,2023-06-24 09:05,47,13
L65592638,CO,CO-CAQ,,1.3356982,-74.8601243,Ruta El Árbol del Amor,2026-05-09 05:33,78,6
L34538799,CO,CO-BOL,,10.3649052,-75.0917092,"Ruta Jarillon Abajo, Higueretal, Bolívar, CO (10.364, -75.093)",2026-01-18 11:02,54,5
L8756693,CO,CO-VAC,,3.4294517,-76.6303509,Ruta Los Andes,2025-09-07 07:52,95,9
L22835906,CO,CO-ANT,,6.3211484,-75.08764,Ruta Los Medios 1100-1400,2024-05-11 15:51,107,15
L22815045,CO,CO-ANT,,6.3248073,-75.100798,Ruta Los Medios 1400-1700,2025-03-11 13:41,109,16
L22815027,CO,CO-ANT,,6.3140768,-75.1140195,Ruta Los Medios 1700-2000,2026-07-14 16:37,194,89
L24181500,CO,CO-MET,,3.7904968,-73.7758233,Ruta Maria Auxiliadora,2026-08-29 15:44,286,406
L66126486,CO,CO-HUI,,2.3917734,-75.8256692,Ruta Ojo de Agua,2026-08-02 22:04,23,2
L8442695,CO,CO-SAN,,6.7165203,-72.7445315,Ruta Restaurante San Jerónimo,2023-02-28 12:56,47,2
L23912290,CO,CO-CAU,,2.4428593,-76.6529632,Ruta San Juan de Puelenje (Cascabeles),2023-09-30 06:06,66,17
L15403011,CO,CO-CUN,,5.0688816,-74.4711053,Ruta Sendero Pilones,2026-05-01 15:29,116,7
L7152177,CO,CO-CAL,,5.2389836,-75.767595,Ruta del Barranquero,2026-06-07 11:10,142,94
L35932254,CO,CO-CAL,,4.8765937,-75.4187719,Ruta del Condor,2024-08-18 00:00,53,5
L54218658,CO,CO-CUN,,5.3352372,-74.5618781,Ruta del Sol--San Dionisio,2025-10-18 16:57,15,1
L35184216,CO,CO-CAL,,5.2572368,-75.7802949,"Ruta del Toche, Anserma",2026-05-09 17:03,102,61
L19129784,CO,CO-BOY,,5.5379626,-73.6332079,Ráquira - Casco Urbano,2026-08-16 17:35,41,11
L34287176,CO,CO-TOL,,4.4632998,-75.060044,Río Alvarado--Vda. Chucuní,2024-07-04 06:22,87,4
L881399,CO,CO-AMA,,-4.0360433,-70.1065364,Río Amazonas - Isla de los Micos (Monkey Island),2026-07-09 09:59,292,103
L465437,CO,CO-AMA,,-4.1530016,-69.9937248,Río Amazonas--Isla Ronda,2026-07-12 11:35,290,144
L882861,CO,CO-AMA,,-4.0193862,-70.1128321,Río Amazonas--Quebrada Tucuchira,2025-02-20 14:08,250,66
L2760418,CO,CO-AMA,,-3.7920692,-70.3080529,Río Amazonas--Río Amacayacu,2026-09-10 11:23,284,197
L19885399,CO,CO-AMA,,-4.0113435,-70.1370988,Río Amazonas--Santa Sofía,2026-06-24 12:05,97,14
L22747695,CO,CO-AMA,,-3.9207081,-70.1793478,Río Amazonas--Zaragoza,2026-07-13 09:28,60,6
L8920573,CO,CO-HUI,,3.366763,-74.80238,Río Ambicá (Boca de la Zanja),2025-11-25 10:44,96,14
L5694498,CO,CO-ANT,,6.7428282,-76.0255589,Río Apucarco--Cañasgordas,2022-04-05 07:57,63,4
L12555807,CO,CO-DC,,4.6868589,-74.0787004,Río Arzobispo,2026-09-19 09:05,17,4
L9837921,CO,CO-TOL,,3.5311277,-75.643849,Río Blanco - Casco Urbano,2026-03-22 17:43,125,4
L61126022,CO,CO-DC,,4.7268338,-74.1276982,Río Bogotá Calle 80,2026-09-26 17:02,52,21
L38639508,CO,CO-DC,,4.662072,-74.1601958,Río Bogotá--Desembocadura Río Fucha,2026-07-31 16:45,31,12
L16152987,CO,CO-CUN,,4.9213152,-74.0074253,Río Bogotá--Hato Grande,2026-01-16 08:20,43,5
L24371564,CO,CO-CUN,,4.9960334,-73.9715495,Río Bogotá--Humedal Paso Ancho,2025-05-10 13:22,20,3
L24366410,CO,CO-CUN,,5.2212041,-73.5363239,Río Bogotá--Nacimiento,2025-03-31 08:47,26,3
L37190305,CO,CO-CUN,,4.8297345,-74.0706473,Río Bogotá--Puente estrecho,2024-10-06 11:12,1,0
L39149240,CO,CO-CUN,,4.5980038,-74.3382092,Río Bogotá--Santandercito,2019-05-04 08:50,72,3
L9205972,CO,CO-CAQ,,-0.113885,-74.560728,Río Caquetá—Bocana de Caño Peregrinos,2022-01-03 16:50,93,13
L3634291,CO,CO-PUT,,-0.1763818,-74.8110151,Río Caucayá--Antes de Caño Lagartococha,2026-08-29 17:23,249,41
L9480949,CO,CO-LAG,,11.2246834,-73.4015362,Río Cañas--Mingueo,2019-06-16 06:11,1,1
L2916051,CO,CO-MAG,,9.0315779,-74.0057087,Río Cesar--El Banco,2022-04-10 07:30,76,3
L9710044,CO,CO-TOL,,4.4429543,-75.1817433,Río Chipalo - Santa Ines,2025-06-08 19:06,20,5
L38034145,CO,CO-TOL,,4.4447289,-75.1751359,Río Chipalo - Sector Arkalá - Ibagué,2026-06-24 17:31,91,33
L5676871,CO,CO-AMA,,-2.8884239,-69.7364664,Río Cotuhé--Tarapacá,2024-11-09 16:58,44,2
L13830640,CO,CO-CAQ,,1.1403179,-74.4452221,Río Cuemaní,2021-02-23 09:09,97,1
L58069606,CO,CO-CUN,,4.3070203,-74.2993677,Río Cuja--La Mesa/Puente,2026-02-18 10:45,29,5
L19074837,CO,CO-CUN,,4.3128497,-74.3613454,Río Cuja--Sardinas,2025-12-28 08:10,45,2
L6044686,CO,CO-TOL,,4.0613022,-74.6870133,Río Cunday--Sector Oriente de Cunday,2022-12-30 15:45,42,5
L6964618,CO,CO-CAS,,5.0114316,-72.6897526,Río Cusiana - Bosque British Petroleum,2026-09-06 16:04,240,24
L8400085,CO,CO-LAG,,11.2520659,-73.5007087,Río Don Diego--Carretera 90,2025-08-23 10:10,59,4
L6481549,CO,CO-PUT,,1.0849377,-76.6725647,Río Dorado,2026-09-04 14:43,102,37
L3170738,CO,CO-CAL,,5.4819486,-74.7184682,Río Doña Juana,2026-06-15 06:06,135,5
L27550691,CO,CO-CAL,,5.4843195,-74.7084796,Río Doña Juana--Balneario Puente Colgante,2026-05-31 14:37,104,8
L10481827,CO,CO-LAG,,10.6533078,-72.9104778,Río El Molino--La Morada,2025-11-22 06:17,71,5
L17268413,CO,CO-ANT,,5.8285492,-74.894272,Río Escondido Hotel,2025-08-23 09:39,131,17
L11184691,CO,CO-CUN,,4.8611014,-74.0665753,Río Frío--Chía,2026-04-12 15:52,32,13
L8140455,CO,CO-CAU,,2.3879083,-76.4940216,Río Grande--Puente Popayán-La Plata,2025-09-28 08:30,75,36
L10304827,CO,CO-TOL,,4.2860621,-75.0345606,Río Gualanday,2019-12-12 16:00,6,1
L19115751,CO,CO-NAR,,0.9901084,-77.1586092,Río Guamuéz,2026-05-27 12:40,15,2
L27034655,CO,CO-RIS,,5.3518037,-75.7717601,Río Guatica--San Clemente,2025-10-11 16:09,91,16
L27033538,CO,CO-RIS,,5.3332807,-75.807133,Río Guatica--Vda Betania,2026-03-31 07:15,51,15
L8442168,CO,CO-GUV,,2.47972,-72.9575,Río Guayabero--La Carpa,2025-05-21 13:25,85,7
L8146233,CO,CO-MET,,2.2917583,-73.8780056,Río Guayabero—Raudal Angosturas,2026-06-09 06:36,284,65
L4594006,CO,CO-CAU,,1.0433002,-76.4511108,Río Guayuyaco--Nápoles,2023-05-13 06:20,136,12
L9215654,CO,CO-CAL,,5.2831401,-75.2468546,Río Hondo,2019-05-04 07:00,35,2
L5657720,CO,CO-CAU,,1.108572,-76.429551,Río Inchiyaco--Vereda La Sevilla,2025-06-30 12:00,70,11
L2613195,CO,CO-GUA,,3.86607,-67.9319979,Río Inírida--Inírida,2026-08-08 07:14,475,555
L10528215,CO,CO-LAG,,11.3077765,-73.2018613,Río La Enea--Vereda Nuevo Mundo,2021-01-23 10:30,146,4
L19641562,CO,CO-CAL,,5.6448673,-74.7845103,Río La Miel--Casa Alborada del Río,2025-09-17 10:00,61,4
L7563386,CO,CO-CAQ,,1.612894,-75.61245,Río La Perdiz—Curiplaya,2026-09-12 18:09,94,35
L8659693,CO,CO-VAC,,3.3641897,-76.5170164,Río Lili Zona Verde,2026-05-09 05:59,101,77
L3341587,CO,CO-VAC,,3.367494,-76.538113,Río Lili--Ciudad Jardín,2026-09-05 09:34,162,167
L25169870,CO,CO-AMA,,-3.764139,-70.397096,Río Loretoyacu—Caserio San Francisco,2026-07-05 12:13,289,123
L28526936,CO,CO-HUI,,2.3370354,-75.5965554,Río Magdalena--Mirador Atracciones Acuaticas,2025-01-23 16:04,11,1
L10274977,CO,CO-CAL,,5.4089131,-74.6693701,Río Magdalena--Purnió,2026-05-09 17:37,56,5
L23617462,CO,CO-HUI,,1.894851,-76.2603122,Río Magdalena--Sector Masaya,2026-08-12 17:47,20,3
L6971705,CO,CO-MET,,4.3438086,-72.0777148,Río Manacacias - Puerto Gaitán a Río Meta,2026-09-26 07:13,396,1052
L12543906,CO,CO-LAG,,10.9429594,-72.7181964,Río Mapurito--Pascual,2019-12-17 09:30,21,1
L9950537,CO,CO-LAG,,10.4937412,-73.0515049,Río Marquesote--Ecoparque El Pedregal Guajiro,2025-11-12 06:53,56,5
L20511623,CO,CO-CHO,,6.24383,-77.365896,Río Mecana,2025-09-17 13:14,83,9
L6558667,CO,CO-NAR,,1.4934471,-78.7097669,Río Mira--Muelle Candelilla,2026-07-30 13:57,115,32
L4614555,CO,CO-CAU,,2.4488729,-76.5981184,Río Molino--Calle 15 Norte,2024-05-26 10:59,24,5
L6765457,CO,CO-CAU,,2.4444798,-76.6050777,Río Molino--Carrera 6,2026-08-09 15:42,83,44
L31620792,CO,CO-CUN,,4.4707447,-73.9045948,Río Negro--Finca El Pomarroso,2026-05-09 15:46,84,16
L44634482,CO,CO-CUN,,5.4694724,-74.5933924,Río Negro--Puente Colgante Colorados,2025-05-10 16:52,22,3
L6770880,CO,CO-VID,,6.1369457,-67.4968624,Río Orinoco--Puerto Carreño a Isla Santa Elena,2026-05-09 05:03,125,28
L12935946,CO,CO-CAQ,,1.623578,-75.5417153,Río Orteguaza—Puente La Astilla,2023-02-12 08:20,96,5
L5911146,CO,CO-CAQ,,1.527581,-75.536213,Río Orteguaza—Puerto Arango,2026-09-06 07:35,243,189
L5955862,CO,CO-CHO,,5.7754405,-76.1661959,Río Pabón--Vereda Guaduas,2025-11-07 06:31,295,45
L4615102,CO,CO-CAU,,2.5120706,-76.5283048,Río Palacé--Carretera Popayan-Totoro,2024-12-29 09:50,93,12
L19407825,CO,CO-CUN,,4.4782947,-73.9319586,Río Palmar--Puente Colgante Ubaque,2026-09-09 12:36,55,5
L22467330,CO,CO-LAG,,11.2578913,-73.5688503,Río Palomino--Desembocadura,2026-07-15 12:06,142,36
L13314605,CO,CO-LAG,,11.2314587,-73.5703681,Río Palomino--One Santuario Natural,2026-07-17 07:27,146,25
L12698975,CO,CO-NSA,,7.8889713,-72.4868516,Río Pamplonita--Cúcuta,2026-05-09 11:31,120,49
L6592866,CO,CO-NAR,,2.0493526,-78.6670446,Río Patia--Desembocadura,2016-01-26 10:00,1,0
L8069281,CO,CO-CAS,,5.4055371,-71.6643154,Río Pauto--Trinidad,2026-02-19 09:17,119,18
L27440480,CO,CO-VAC,,3.8575699,-76.813051,Río Pepitas,2026-06-19 05:41,37,2
L21537553,CO,CO-ANT,,5.9381331,-75.4247669,Río Piedras - La Ceja,2026-09-26 08:00,191,316
L31801667,CO,CO-PUT,,0.3807362,-76.4109243,Río Putumayo - Bocana del Cuembí,2025-10-10 13:18,78,11
L4900266,CO,CO-DC,,4.661405,-74.125186,Río San Francisco--Canal Boyacá,2026-07-11 07:41,68,121
L17133246,CO,CO-LAG,,11.0942553,-73.0162203,Río San Francisco--El silencio (Finca villa Valdana),2021-12-17 08:07,20,2
L40616565,CO,CO-CUN,,4.999256,-74.341626,Río San Juan--La Vega,2025-08-17 17:31,15,4
L34606633,CO,CO-CUN,,4.9898606,-74.3306227,Río San Juan--Restaurante los Naranjos,2026-07-08 12:12,42,46
L9350151,CO,CO-LAG,,11.2319168,-73.5305826,Río San Salvador--Sachun Wakuya,2026-07-16 14:35,43,2
L9205381,CO,CO-LAG,,11.1130414,-73.5305603,Río San Salvador--Sector,2019-05-04 10:15,84,1
L2708037,CO,CO-QUI,,4.5221369,-75.6286168,Río Santo Domingo--Chorros de San Rafael,2026-04-03 11:09,131,21
L23235780,CO,CO-CUN,,4.552203,-74.7412926,Río Seco--Guataqui - Jerusalen,2026-09-10 16:15,45,7
L17157123,CO,CO-CUN,,4.686507,-74.2546711,Río Subchoque--Planta de Tratamiento,2026-07-23 16:15,17,3
L31306270,CO,CO-CUN,,4.4029122,-74.3864844,Río Subia--Calle ecológica Silvania,2026-08-01 17:43,123,68
L15215863,CO,CO-AMA,,-4.093175,-69.9391057,Río Tacana--Casiyanaira,2025-08-10 13:26,207,20
L15613168,CO,CO-DC,,4.60526,-74.176434,Río Tunjuelo--Villa de Los Sauces,2026-05-13 17:59,34,4
L30242886,CO,CO-CAS,,4.6420115,-72.7726437,Río Túa - La Esperanza,2025-10-18 15:09,32,3
L6163255,CO,CO-CAU,,1.4292639,-76.4716101,Río Villalobos—Via a Descanse,2026-09-26 10:13,178,92
L5297391,CO,CO-VID,,6.1903132,-67.6320076,Río Vita--Humedal Ramsar río Bita,2026-01-29 08:57,45,4
L29511598,CO,CO-CUN,,4.8246643,-73.7672399,Río Vía Bosque Guajira,2026-09-12 10:57,152,308
L16706275,CO,CO-CAQ,,1.314699,-74.218749,"Río Yarí—Bocana Caño Malpaso, Finca La Manigua (Don Andrés Lemus)",2021-10-18 05:45,106,6
L21519945,CO,CO-CAL,,4.9891034,-75.550135,Ríoclaro Sendero Soledad,2026-04-03 10:17,111,25
L18496361,CO,CO-COR,,7.667844,-76.097584,Ríos Manso y Tigre--Vereda Zancón y Palestina,2022-07-21 15:33,133,13
L37140493,CO,CO-VAC,,3.5885968,-76.5101429,SADA de Yumbo,2024-10-07 09:10,24,2
L9265823,CO,CO-CUN,,4.5952767,-74.3410308,"SAN ANTONIO DEL TEQUENDAMA, MUNICIPIO",2026-09-09 12:05,103,17
L7351030,CO,CO-BOY,,5.6934554,-73.4452772,SANTUARIO DE FLORA Y FAUNA DE IGUAQUE,2026-07-05 10:47,122,52
L18231234,CO,CO-RIS,,4.8098058,-75.7904041,SENA AGROPECUARIO SEDE GALICIA,2026-05-01 12:33,94,41
L38775782,CO,CO-AMA,,-4.1983096,-69.947222,SENA Lagos--Leticia,2025-11-29 08:02,45,19
L21722440,CO,CO-HUI,,1.89258,-76.090032,SENA Pitalito sede Yamboró,2026-05-14 14:41,52,4
L3438868,CO,CO-GUA,,3.8758367,-67.9200071,SENA Regional Guainia,2024-05-11 06:26,84,15
L8130432,CO,CO-RIS,,4.9247774,-75.6418542,SENA--Sede El Lembo,2026-02-24 09:41,133,52
L66187639,CO,CO-CUN,,4.227526,-73.7879026,SENDERO LA HERRERIA,2026-08-22 12:18,42,37
L66216635,CO,CO-CUN,,4.227526,-73.7879026,SENDERO LA HERRERIA,2026-07-19 08:00,35,2
L3157466,CO,CO-MAG,,10.6880933,-74.4783783,SFF Ciénaga Grande de Santa Marta,2025-09-28 07:00,159,13
L5838755,CO,CO-MAG,,10.7663635,-74.3750811,SFF Ciénaga Grande de Santa Marta--Bocas de Aracataca,2025-11-18 08:36,105,6
L5830763,CO,CO-MAG,,10.7903937,-74.5205855,SFF Ciénaga Grande de Santa Marta--Boquerón de Conchal,2024-01-06 06:32,24,2
L5838684,CO,CO-MAG,,10.7333083,-74.3997145,SFF Ciénaga Grande de Santa Marta--Caño Ají,2025-05-10 09:58,32,3
L5831497,CO,CO-MAG,,10.7822995,-74.4611692,SFF Ciénaga Grande de Santa Marta--Caño Las Mujeres,2023-05-13 07:10,6,2
L5838701,CO,CO-MAG,,10.7414881,-74.3802094,SFF Ciénaga Grande de Santa Marta--Caño Mengajo,2023-05-13 08:34,18,3
L5838723,CO,CO-MAG,,10.7560763,-74.3724203,SFF Ciénaga Grande de Santa Marta--Caño Pancú,2025-03-19 10:17,49,6
L5839743,CO,CO-MAG,,10.8007008,-74.3531701,SFF Ciénaga Grande de Santa Marta--Caño Pájaro,2023-11-16 07:40,14,2
L5839859,CO,CO-MAG,,10.8527367,-74.3315971,SFF Ciénaga Grande de Santa Marta--Caño San Joaquín,2026-01-06 06:13,47,4
L5830297,CO,CO-MAG,,10.7812456,-74.5156181,SFF Ciénaga Grande de Santa Marta--Caño Vásquez,2026-05-09 06:44,28,5
L9268378,CO,CO-MAG,,10.8721303,-74.2720598,SFF Ciénaga Grande de Santa Marta--Cienaga del Chino,2026-07-26 16:41,109,24
L5830156,CO,CO-MAG,,10.7642555,-74.5211649,SFF Ciénaga Grande de Santa Marta--Ciénaga El Conchal,2026-05-09 07:00,33,8
L7327420,CO,CO-MAG,,10.7360068,-74.5464849,SFF Ciénaga Grande de Santa Marta--Ciénaga La Solera,2026-05-09 07:24,49,7
L7352727,CO,CO-MAG,,10.6897914,-74.5361853,SFF Ciénaga Grande de Santa Marta--Ciénaga Tamacá,2022-11-08 22:07,9,1
L5839697,CO,CO-MAG,,10.7891711,-74.361155,SFF Ciénaga Grande de Santa Marta--Punta Blanca,2023-05-28 09:11,25,8
L5831050,CO,CO-MAG,,10.8310298,-74.5133328,SFF Ciénaga Grande de Santa Marta--Punta Costa Brava,2026-09-25 09:52,51,8
L5831570,CO,CO-MAG,,10.7472223,-74.4593668,SFF Ciénaga Grande de Santa Marta--Punta Las Garzas,2023-09-06 07:00,16,2
L5830911,CO,CO-MAG,,10.8048109,-74.5222807,SFF Ciénaga Grande de Santa Marta--Punta San Francisco,2017-05-13 07:22,7,1
L5830971,CO,CO-MAG,,10.8176256,-74.5105219,SFF Ciénaga Grande de Santa Marta--Punta de Tigre,2025-05-10 07:50,11,2
L5839809,CO,CO-MAG,,10.8305688,-74.334172,SFF Ciénaga Grande de Santa Marta--Rincón Guapo,2023-03-24 22:05,23,5
L5839638,CO,CO-MAG,,10.7740997,-74.3618953,SFF Ciénaga Grande de Santa Marta--Rincón de Cataca,2019-05-04 12:38,35,3
L5831286,CO,CO-MAG,,10.8233583,-74.478786,SFF Ciénaga Grande de Santa Marta--Rincón de Veranillo,2026-05-09 06:45,45,9
L5838602,CO,CO-MAG,,10.7200473,-74.4283551,SFF Ciénaga Grande de Santa Marta--Río Fundación,2025-03-19 10:48,61,8
L5839880,CO,CO-MAG,,10.8667505,-74.3228853,SFF Ciénaga Grande de Santa Marta--Río Sevilla,2025-09-02 12:41,144,54
L5831419,CO,CO-MAG,,10.806202,-74.4641519,SFF Ciénaga Grande de Santa Marta--Sector La Bodega,2017-05-13 07:59,11,1
L5838650,CO,CO-MAG,,10.6863545,-74.4500703,SFF Ciénaga Grande de Santa Marta--Ye de Hobo,2023-05-13 07:45,37,2
L6544294,CO,CO-SUC,,10.0259066,-75.5418634,SFF Corchal,2026-05-09 07:05,213,86
L465417,CO,CO-NAR,,1.21,-77.3853333,SFF Galeras,2026-08-19 07:56,156,60
L10149584,CO,CO-BOY,,5.9557895,-73.1493212,SFF Guanentá Alto Río Fonce--Sector Santa Helena,2026-03-13 07:25,82,12
L5545269,CO,CO-BOY,,5.6576687,-73.5005307,SFF Iguaque--Cascada Los Murciélagos,2019-12-18 08:00,48,3
L4011882,CO,CO-BOY,,5.6872,-73.43688,SFF Iguaque--Laguna Iguaque,2026-06-30 09:27,38,16
L7447196,CO,CO-BOY,,5.6249974,-73.5137379,SFF Iguaque--Mirador El Santo Sagrado Corazon de Jesus,2026-07-12 16:25,66,35
L5545218,CO,CO-BOY,,5.6932846,-73.4754896,SFF Iguaque--Sector Carrizal,2025-01-15 10:30,114,21
L1252634,CO,CO-BOY,,5.7067975,-73.457142,SFF Iguaque--centro de visitantes,2026-07-27 06:30,160,99
L4010572,CO,CO-BOY,,5.70172,-73.45609,SFF Iguaque--el Refugio,2026-08-22 10:34,107,46
L465338,CO,CO-BOL,,9.9422026,-75.1009512,SFF Los Colorados,2026-08-17 07:08,310,218
L843776,CO,CO-LAG,,11.40582,-73.0981206,SFF Los Flamencos--Ciénaga del Navío Quebrado,2026-08-21 11:04,353,919
L726305,CO,CO-LAG,,11.3709251,-73.0852818,SFF Los Flamencos--Comunidad Perico,2026-08-21 07:45,232,137
L17963212,CO,CO-LAG,,11.4089227,-73.0860555,SFF Los Flamencos--Desembocadura Río Camarones,2026-08-11 15:11,188,122
L6274537,CO,CO-LAG,,11.3795092,-73.1453374,SFF Los Flamencos--Laguna Grande,2026-05-09 07:12,265,284
L36676546,CO,CO-LAG,,11.4388069,-73.0800831,SFF Los Flamencos--Mar Azul Playa y Turismo,2026-09-16 17:10,204,536
L2080823,CO,CO-LAG,,11.4288335,-73.0876378,SFF Los Flamencos--Resguardo Perratpu/Boca de Camarones,2026-09-26 11:48,359,2807
L6492604,CO,CO-LAG,,11.43491,-73.073374,SFF Los Flamencos--Resguardo Perratpu/Sendero Mainshi-Rutshi,2026-09-17 16:05,266,915
L12750336,CO,CO-LAG,,11.3898773,-73.095957,SFF Los Flamencos--Sector Pitilla,2026-07-21 12:03,121,31
L41936871,CO,CO-LAG,,11.4287445,-73.0708377,SFF Los Flamencos--Vía Playa Camarones,2026-09-17 17:10,231,220
L465414,CO,CO-VAC,,4.000916,-81.60934,SFF Malpelo,2026-06-23 14:00,69,35
L1433708,CO,CO-RIS,,4.725251,-75.5705175,SFF Otún Quimbaya,2026-09-27 07:07,524,3140
L2042218,CO,CO-RIS,,4.72852,-75.57794,SFF Otún Quimbaya--Lodge,2026-09-27 11:24,459,1621
L5588729,CO,CO-RIS,,4.7279718,-75.5772221,SFF Otún Quimbaya--Sendero Bejucos,2026-07-07 07:02,336,249
L59932036,CO,CO-NSA,,7.4633416,-72.8346659,"SISAVITA.Cucutilla, Norte de Santander, CO",2026-07-14 14:20,46,3
L23256292,CO,CO-VAC,,3.982726,-76.3900056,SUEE Birding,2026-09-26 09:42,294,802
L37362565,CO,CO-CES,,10.767235,-73.364825,Sabana Higuerón - Wiwa,2026-01-13 17:30,53,18
L17136162,CO,CO-GUV,,2.7656443,-72.2806583,Sabanas de La Fuga—Predio Selva Húmeda,2024-02-08 14:24,156,12
L7352540,CO,CO-CES,,9.7080419,-73.2518148,Sabanas del Pedregal,2025-02-09 16:51,91,5
L3170868,CO,CO-CAS,,6.0977133,-72.2470379,Sacama (pueblo),2026-08-08 07:24,138,12
L48768133,CO,CO-PUT,,0.7352699,-76.906094,Sagy Ecolodge,2026-07-20 10:50,162,67
L21664964,CO,CO-RIS,,4.785679,-75.6897951,Salado Consotá,2025-10-31 08:26,126,11
L8480581,CO,CO-CAL,,5.376652,-75.371945,Salamina--Corregimiento San Félix,2026-08-09 09:18,88,113
L17411882,CO,CO-CAQ,,0.174959,-74.634789,Salar de Güitorá,2022-10-29 07:28,141,7
L17401407,CO,CO-NSA,,7.7763945,-72.8090293,Salazar de las Palmas—Sol y Sombra,2026-09-20 08:45,166,84
L11399930,CO,CO-BOY,,4.81993,-73.165874,Salida hacia Puente La Argelia,2026-08-18 17:23,50,11
L28822291,CO,CO-SAN,,6.9174279,-73.27808,Salto Blanco,2025-01-14 16:47,17,3
L7843544,CO,CO-HUI,,1.8782529,-76.2046192,Salto El Mortiño,2026-04-21 12:30,107,38
L1252544,CO,CO-CAL,,5.3239667,-74.9272565,Salto de la Cucha,2026-06-29 10:35,355,281
L24017298,CO,CO-TOL,,4.374664,-75.482792,Salón Comunal Vereda El Águila - Anaime,2025-10-13 06:07,79,9
L9192501,CO,CO-BOY,,5.4922144,-73.4851505,Samacá Zona urbana,2019-05-04 16:20,8,2
L14039910,CO,CO-CAL,,5.4126879,-74.9922728,Samaná--Casco Urbano,2026-05-21 14:07,81,13
L9189949,CO,CO-CAL,,5.663979,-74.93342,Samaná--Corregimiento San Diego,2025-10-19 05:45,95,4
L38734696,CO,CO-CAL,,5.5233394,-74.9425849,Samaná--La Palmera,2024-12-13 05:50,7,1
L22099055,CO,CO-RIS,,4.7985224,-75.706638,Samaria 2,2023-01-06 10:30,2,1
L17119470,CO,CO-SAP,,12.5806801,-81.6881293,San Andres Isla--Decameron Aquarium,2026-07-06 18:26,33,10
L9896423,CO,CO-SAP,,12.5146372,-81.7153097,San Andres Isla--Decameron San Luis,2025-04-04 19:37,18,2
L34984228,CO,CO-SAP,,12.5854512,-81.6940649,San Andres Isla--Playa San Andrés,2026-09-06 11:07,71,56
L27841018,CO,CO-SAP,,12.5904242,-81.7003439,San Andres Isla--Playa de los Pescadores,2026-09-25 16:01,84,73
L27815600,CO,CO-SAP,,12.588438,-81.700307,San Andres Isla-Parque Ecológico,2026-09-27 16:49,83,75
L9093367,CO,CO-SAP,,12.5239161,-81.7285761,San Andres isla--Miraflores Boutique Hotel,2026-05-01 08:42,24,13
L10917777,CO,CO-COR,,9.394903,-75.781305,San Antero--ASOCAIMAN,2026-08-16 05:58,64,6
L9246859,CO,CO-COR,,9.418867,-75.737712,San Antero--Boca Calao,2019-05-04 06:01,37,1
L9194836,CO,CO-CUN,,4.6163085,-74.3519161,San Antonio del Tequendama—Área Urbana,2026-09-19 09:33,266,642
L13213227,CO,CO-TOL,,5.2143918,-74.7600967,"San Bartolome, Honda",2021-01-03 07:00,12,1
L9710222,CO,CO-TOL,,4.4964354,-75.0751805,San Bernardo - Casco Urbano,2026-05-20 06:26,58,5
L11982198,CO,CO-COR,,9.3619391,-76.0000357,San Bernardo Beach House,2020-07-27 10:00,20,1
L14715108,CO,CO-COR,,9.317705,-75.9390824,San Bernardo del Viento--Trementino,2026-09-24 13:03,84,13
L54103002,CO,CO-CUN,,4.1354498,-74.3297762,San Bernardo--Vereda el Pilar,2025-10-15 06:07,24,1
L26335281,CO,CO-CAL,,5.6641859,-74.9333515,San Diego--Casco Urbano,2025-08-13 09:58,120,11
L16626902,CO,CO-CAL,,5.382,-75.484,"San Felix, Salamina, Caldas",2026-08-10 09:59,123,20
L2749604,CO,CO-CHO,,8.361209,-77.109669,San Francisco,2025-11-04 07:17,132,18
L10313582,CO,CO-CUN,,4.9752348,-74.2958143,San Francisco--Cabañas Aire Libre,2026-02-22 13:01,59,6
L17151878,CO,CO-CUN,,4.9751686,-74.2896437,San Francisco--Casco Urbano,2026-08-01 09:19,64,13
L30592344,CO,CO-SAN,,6.5548386,-73.133542,San Gil--Parque Principal La Libertad,2026-06-23 12:19,29,5
L44643145,CO,CO-SAN,,6.5592978,-73.1371899,San Gil--Parque del Cementerio,2025-05-10 17:00,3,1
L22605242,CO,CO-CUN,,4.6546946,-74.4635618,San Javier--Parque Principal
L12935509,CO,CO-VAC,,3.5049318,-76.6204294,San Jose de la Montaña,2026-09-27 07:04,181,143
L15550887,CO,CO-GUV,,2.5632161,-72.6759721,San José del Guaviare --Payara Camp,2025-05-10 06:56,295,56
L29122106,CO,CO-GUV,,2.5461843,-72.625522,"San José del Guaviare--Altos San Jorge, Batallón Éste",2026-09-22 06:21,211,90
L2697642,CO,CO-GUV,,2.5705556,-72.6622222,San José del Guaviare--Buena Vista,2026-08-02 11:56,454,573
L14499295,CO,CO-GUV,,2.8138023,-72.0668588,San José del Guaviare--Caño Negro,2021-04-03 11:50,57,2
L22176511,CO,CO-GUV,,2.5697583,-72.6531064,San José del Guaviare--Malecón Turístico,2026-09-26 06:52,228,127
L2697672,CO,CO-GUV,,2.5708333,-72.7069444,San José del Guaviare--Playa Güío,2026-09-18 08:51,416,317
L23729251,CO,CO-GUV,,2.5685792,-72.7505775,San José del Guaviare--Puerto Arturo (Puente Río Guaviare),2026-05-15 14:23,55,9
L37352319,CO,CO-GUV,,2.5328474,-72.6838996,San José del Guaviare--Vereda La Maria,2026-06-10 09:02,191,153
L11393150,CO,CO-VAC,,3.5643384,-76.7131932,San José del Salado,2026-08-05 16:29,147,31
L3587591,CO,CO-CHO,,4.9661992,-76.2334013,San José del palmar,2026-05-20 19:43,150,11
L31216463,CO,CO-CAL,,5.0806379,-75.7921848,San José--Casco Urbano,2026-05-27 06:06,58,6
L9718437,CO,CO-CUN,,4.8453053,-74.6225601,San Juan de Río Seco--Casco Urbano,2025-10-26 06:34,75,31
L4305616,CO,CO-CAU,,1.4972751,-76.3771248,San Juan de Villalobos (pueblo),2026-08-24 12:45,233,162
L21605651,CO,CO-SAN,,6.69608,-74.153472,San Juan del Cararé,2019-09-16 06:15,49,2
L32440605,CO,CO-CAS,,4.8647812,-72.3946296,San Juan del Tinije,2026-08-25 08:22,218,156
L10750451,CO,CO-BOY,,4.8191689,-73.1907948,San Luis de Gaceno - Sector Arrayanes,2026-03-28 17:49,22,1
L18774653,CO,CO-MET,,3.6855611,-73.690471,San Martin - Caño San Diego
L12618121,CO,CO-AMA,,-3.7604347,-70.2669007,San Martín,2026-05-31 07:55,126,5
L19261243,CO,CO-NSA,,8.4146138,-73.1168127,San Miguel,2021-12-18 10:32,1,0
L10248786,CO,CO-RIS,,4.8090848,-75.7008774,San Nicolás,2026-06-21 12:01,5,4
L25674310,CO,CO-BOY,,5.6524958,-74.0690767,San Pablo de Borbur,2025-10-14 10:26,54,15
L3542768,CO,CO-AMA,,-3.6824508,-70.598579,San Pedro de Tipisca,2025-12-17 07:28,229,14
L54197759,CO,CO-CUN,,5.3525589,-74.5798597,San Ramón,2026-07-09 11:45,4,2
L54197803,CO,CO-CUN,,5.3472556,-74.5686386,San Ramón Alto,2026-07-09 16:20,41,4
L2934461,CO,CO-VID,,5.3606996,-70.4503441,San Teodoro,2013-10-21 06:00,141,1
L1576446,CO,CO-SAN,,6.8783351,-73.4151077,San Vicente de Chucuri (pueblo),2026-09-25 06:51,305,105
L9203913,CO,CO-CAQ,,2.1480678,-74.7628783,"San Vicente del Caguán, Aeropuerto Eduardo Falla Solano",2026-05-07 09:42,123,12
L60046623,CO,CO-VAC,,3.5188396,-76.6317844,Sanjuan de los Pinos Tocotá,2026-06-06 08:44,83,7
L45388414,CO,CO-RIS,,4.8379415,-75.6294218,Santa,2025-10-01 16:13,45,9
L3989304,CO,CO-SAN,,7.01825,-72.894583,Santa Barbara,2026-05-03 07:44,167,82
L39273810,CO,CO-SAN,,6.9410617,-73.2897717,Santa Bárbara (Betulia),2025-01-10 07:56,52,4
L21779883,CO,CO-CAU,,1.5190949,-76.5711451,Santa Clara,2026-02-13 09:59,63,3
L46707586,CO,CO-VAC,,4.9104366,-76.069863,Santa Elena Alta,2026-04-01 14:56,126,66
L14794527,CO,CO-CUN,,4.4880322,-73.9383955,Santa Helena,2026-09-11 13:29,17,1
L9203034,CO,CO-NAR,,0.9845479,-77.1516257,Santa Isabel - La Cocha,2026-05-27 12:54,59,11
L10963588,CO,CO-TOL,,4.753026,-75.0695846,"Santa Isabel, Tolima (Vda. La Yuca - Puerto Colon) )",2020-03-13 13:00,33,2
L56615707,CO,CO-CUN,,5.0725711,-74.5901282,Santa Lucía Alojamiento Rural,2026-05-09 07:45,90,9
L41217783,CO,CO-BOY,,4.85639,-73.26734,Santa Maria--Carretera a La Cristalina,2026-09-11 14:38,134,14
L4073155,CO,CO-BOY,,4.8823439,-73.2400703,Santa Maria--Sendero Cachipay (acceso AES Colombia),2026-09-12 08:58,77,4
L21005111,CO,CO-BOY,,4.8498425,-73.2513067,Santa Maria--camino a Las Antenas Cuchilla Calichana,2026-08-02 06:11,87,16
L4826921,CO,CO-BOY,,4.8798457,-73.2518946,Santa María - La Almenara (Acceso Restringido),2026-08-17 06:25,407,749
L6054255,CO,CO-BOY,,4.856713,-73.264305,Santa María--Camino a la Libertad,2026-06-25 09:30,171,39
L3170888,CO,CO-BOY,,4.8599037,-73.2624364,Santa María--Casco Urbano,2026-09-27 14:45,353,538
L2678142,CO,CO-BOY,,4.8486431,-73.2722023,Santa María--La Cristalina,2026-04-05 07:37,323,293
L4839412,CO,CO-BOY,,4.88095,-73.24364,Santa María--Sector Cachipay,2026-09-08 15:21,384,681
L9210400,CO,CO-BOY,,4.8484361,-73.2721111,Santa María--Sendero Cuchilla Negra,2026-03-21 06:58,121,11
L27241055,CO,CO-CUN,,4.3940756,-74.3322448,Santa Rita Alta-Agua Bonita,2025-02-08 09:24,62,4
L20682509,CO,CO-TOL,,4.422358,-75.14075,"Santa Rita, Ibagué CO-Tolima 4.42236, -75.14075",2025-01-15 17:14,84,26
L6701893,CO,CO-COR,,9.0043668,-75.3381872,Santa Rosa de Lima,2025-05-10 06:45,98,16
L9471819,CO,CO-COR,,9.0400886,-75.3805262,Santa Rosa de Lima,2024-03-24 04:06,93,4
L55866626,CO,CO-CAU,,1.3690087,-76.5061712,Santa Rosa-- La Loma del Paragüero,2026-05-09 06:00,31,5
L31197145,CO,CO-CAU,,1.6996506,-76.5806837,Santa Rosa--Cerro de la Vieja (bajo),2026-09-14 07:28,114,28
L21779467,CO,CO-CAU,,1.4859703,-76.6205693,Santa Rosa--Descanse,2026-02-13 06:31,114,10
L21191131,CO,CO-CAU,,1.675909,-76.565514,Santa Rosa--Finca Cola de Raqueta,2025-10-11 14:30,148,26
L29643886,CO,CO-CAU,,1.6599438,-76.564167,Santa Rosa--Pastales (Cañón del Río Caqueta),2026-02-16 12:45,142,63
L29643900,CO,CO-CAU,,1.6526315,-76.5555282,Santa Rosa--Peñas Blancas,2026-02-16 10:31,93,14
L11233634,CO,CO-CAU,,1.734325,-76.5774214,Santa Rosa--RNSC Paraíso Bombonas,2026-09-05 13:00,224,244
L21590765,CO,CO-CAU,,1.703206,-76.643737,Santa Rosa--Ríogrande Piskualpa,2026-05-09 16:40,186,203
L24348525,CO,CO-CAU,,1.7373094,-76.6115839,Santa Rosa--Sendero Gallito de Roca,2023-10-14 08:20,158,3
L24352198,CO,CO-CAU,,1.7426464,-76.5952262,Santa Rosa--Sendero el Quebrandon,2023-05-13 05:30,45,1
L31129565,CO,CO-CAU,,1.6668912,-76.5624943,Santa Rosa--camino La Punta,2026-05-09 16:50,153,40
L11222394,CO,CO-NAR,,1.0827,-77.1192,Santa Teresita,2026-03-10 09:40,6,1
L10089454,CO,CO-CAQ,,1.7274668,-75.5450723,Santana Ramos,2019-10-27 06:38,46,1
L61232340,CO,CO-SAN,,6.3678894,-73.1732368,Santander - Cascada Juan Curi,2026-03-28 12:10,31,1
L13463105,CO,CO-CUN,,4.5887802,-74.3451471,Santandercito,2026-07-23 12:17,248,199
L23138329,CO,CO-CUN,,4.5907143,-74.3391887,Santandercito--Bosque del Oasis,2026-09-09 14:10,118,75
L9265828,CO,CO-CUN,,4.5947919,-74.342147,Santandercito--Casco Urbano,2026-09-06 05:31,114,50
L62876847,CO,CO-QUI,,4.5598005,-75.6429712,"Santuario Andino, birding and coffee (Privado)",2026-09-20 10:29,127,16
L1312110,CO,CO-NAR,,0.8055102,-77.585814,Santuario De Las Lajas,2026-09-05 10:30,97,156
L25666481,CO,CO-ANT,,6.0715074,-75.296389,Santuario Ecológico Babanagar,2026-06-29 06:30,94,13
L30877841,CO,CO-CUN,,4.9085049,-73.9371298,Santuario El Señor de la Piedra,2026-06-29 17:10,14,2
L7249155,CO,CO-CUN,,4.4745957,-73.8753397,Santuario La Rana,2026-03-23 12:11,159,219
L28526874,CO,CO-CUN,,4.9129143,-74.1267903,Santuario Nuestra Señora del Refugio,2026-07-30 11:40,72,44
L17119934,CO,CO-QUI,,4.4194058,-75.8107556,Santuario Santa Fe,2026-09-19 17:00,234,991
L17707240,CO,CO-BOY,,5.2830096,-73.1788218,Santuario Virgen del Coro,2026-08-02 10:15,81,9
L14680772,CO,CO-NAR,,1.1299487,-77.1491351,Santuario de Flora Isla Corota,2026-09-15 09:35,68,61
L10230681,CO,CO-BOY,,5.7141801,-73.4767566,Santuario de Flora y Fauna Igüaque,2026-07-26 07:47,52,4
L15460158,CO,CO-TOL,,4.5478506,-75.4682015,"Santuario de la Palma de Cera, Toche TOLIMA",2026-09-26 11:18,119,53
L4660553,CO,CO-CAQ,,1.8309682,-75.6675557,Santuario del Divino Niño Jesús de Florencia,2026-08-23 09:20,149,54
L12652923,CO,CO-RIS,,5.0735518,-75.9633162,Santuario--Casco Urbano,2025-12-24 16:48,12,4
L39607870,CO,CO-RIS,,5.1117569,-75.9916381,Santuario--Finca El Paraíso,2026-09-06 06:32,107,16
L3988408,CO,CO-CHO,,8.64933,-77.36247,Sapzurro--Camino a Capurgana,2026-09-17 06:39,262,66
L27815589,CO,CO-SAP,,12.590904,-81.710682,Sarie Bay,2026-08-31 11:13,30,37
L6442215,CO,CO-SAP,,12.59436,-81.704306,Sarie Bay Park,2026-09-27 10:36,84,50
L23698074,CO,CO-CUN,,4.9640003,-74.433614,Sasaima--Casco Urbano,2026-07-19 09:55,89,33
L31767673,CO,CO-CHO,,7.8111279,-77.1856492,Sautatá,2024-05-11 15:30,29,6
L38092232,CO,CO-RIS,,4.8171209,-75.8030277,Sazagua Pereira Hotel,2026-05-20 10:40,111,129
L25128104,CO,CO-ANT,,5.863107,-74.739215,Secreto del Bosque Doradal Natural Reserve,2026-07-21 18:37,241,270
L13796243,CO,CO-ANT,,6.1334923,-75.5798278,"Sector Arenales, Vereda El Vallano",2026-08-30 12:00,115,32
L35594827,CO,CO-HUI,,2.9125,-75.99,Sector Bosque Chaparro - Sendero Nevado del Huila
L35595244,CO,CO-HUI,,2.9080556,-75.9936111,Sector Bosque Chaparro - Sendero Nevado del Huila,2024-04-01 08:01,5,1
L34545671,CO,CO-BOL,,10.4215559,-75.4880313,"Sector Canal J.E.G,Ciénaga de La Virgen, CO (Playa blanca)",2025-11-30 09:37,41,2
L9220463,CO,CO-CUN,,4.2655484,-73.7988309,Sector Kikuyales,2026-08-09 12:15,157,69
L34546184,CO,CO-BOL,,10.4172909,-75.4766776,"Sector L.U.D.D, Ciénaga de la virgen,Bol,CO (Isla Belén)",2026-01-08 16:24,76,18
L6090762,CO,CO-AMA,,-4.1980067,-69.956573,Sector La Playa,2026-09-06 06:34,321,278
L11421343,CO,CO-HUI,,1.9882134,-76.012092,Sector Oritoguaz (Puente),2023-01-18 11:50,10,0
L9062338,CO,CO-CUN,,4.9503313,-74.2291013,Sector Ventorrillo,2019-04-16 06:45,37,1
L44792680,CO,CO-NSA,,7.4921313,-72.8098242,Sede Carrizal- Zona de Amortiguacion PNR Sisavita,2026-05-09 14:00,97,24
L17064159,CO,CO-PUT,,0.8876031,-76.7664742,Selva Vides,2026-02-14 07:29,181,43
L11378231,CO,CO-CAQ,,2.1373215,-74.7527549,Seminario San Vicente
L54087177,CO,CO-QUI,,4.5706072,-75.6422318,Sena Centro Agroindustrial,2026-09-14 12:53,98,28
L5833994,CO,CO-ANT,,6.0531613,-75.6285095,Sena Centro de los Recursos Naturales Renovables La Salada,2026-09-25 18:51,152,93
L1451781,CO,CO-VAU,,1.2218274,-70.2285361,Senda Bocatoma - Pipeline Trail (usar hotspot especifico),2026-08-05 09:21,454,613
L1405843,CO,CO-VAU,,1.1303,-70.1407,Senda Cachiveira,2026-08-14 07:56,347,62
L9824700,CO,CO-CUN,,4.4896334,-73.7845663,Sendero  Chingaza,2026-05-05 13:47,58,12
L38910389,CO,CO-VAC,,3.439707,-76.62216,Sendero Acueducto Pichindé,2026-04-04 08:11,142,9
L16706182,CO,CO-MET,,1.988607,-74.001275,Sendero Alto Morrocoy,2024-03-23 08:59,171,18
L6833557,CO,CO-HUI,,1.7112095,-76.2576914,Sendero Alto Porvenir,2023-05-13 06:11,187,19
L40858213,CO,CO-HUI,,2.3941947,-75.8252224,Sendero Ambiental Vigía Del Agua--La Plata,2026-05-09 16:28,66,2
L28728843,CO,CO-RIS,,5.3386551,-76.1541532,Sendero Amurrupá,2026-07-12 08:07,336,183
L9223458,CO,CO-CAL,,5.4996687,-75.6658436,Sendero Arcón-Veneros,2026-08-09 09:57,37,2
L12634224,CO,CO-TOL,,4.4543068,-75.1902483,Sendero Bijao del Vergel,2026-09-13 09:10,81,10
L2760381,CO,CO-GUV,,2.5919444,-72.6833333,Sendero Buena Vista,2026-02-11 09:04,215,19
L4158618,CO,CO-TOL,,4.6009794,-75.3191328,Sendero Cabaña INDERENA,2026-06-21 15:17,169,24
L28872665,CO,CO-CUN,,5.0390046,-73.7878275,Sendero Camino del Cajón,2025-10-25 06:17,29,13
L17206980,CO,CO-SAN,,7.1024803,-73.0840212,Sendero Caracoli Loma Merchán 1284 (msnm),2026-06-25 11:10,28,7
L20724255,CO,CO-BOY,,5.7919913,-73.2020198,Sendero Cascada Chorro La Vieja,2026-08-07 12:38,23,0
L19278854,CO,CO-BOY,,5.5259292,-73.65012,"Sendero Cascada Del Anillo, Ráquira",2026-02-05 09:03,7,2
L40045379,CO,CO-SAN,,6.9670439,-73.4078544,Sendero Caño Tinajos,2026-01-22 09:16,61,19
L9210934,CO,CO-CHO,,5.6130794,-77.4054436,Sendero Cerro Carrizalito,2026-09-23 11:21,116,4
L21682756,CO,CO-VAC,,3.919123,-76.476081,Sendero Charadrius collaris,2026-05-09 06:15,95,7
L38612306,CO,CO-SAN,,5.80842,-73.962205,"Sendero Charco Azul, Florián",2026-08-31 17:00,91,5
L7359506,CO,CO-HUI,,3.3019067,-75.2956071,Sendero Chicala,2023-06-22 09:36,141,60
L38691640,CO,CO-SAN,,5.7623717,-73.95963,"Sendero Chiconal, Florían",2024-12-15 14:43,4,2
L37481221,CO,CO-AMA,,-4.0508982,-69.9952737,"Sendero Cihtacoyd, Km 22",2026-08-18 12:10,151,35
L25051821,CO,CO-CHO,,6.0194724,-77.3552648,Sendero Cocalito PNN Utria,2026-01-08 10:55,147,19
L25707574,CO,CO-TOL,,4.4458699,-75.1997801,Sendero Condominio La Riviera,2026-06-27 11:23,107,78
L9661317,CO,CO-CAL,,4.8363699,-75.3827656,Sendero Conejeras - Nevado Santa Isabel,2026-07-09 10:08,17,8
L8119420,CO,CO-CAQ,,-0.0622323,-74.4682701,Sendero Corea,2018-10-23 07:46,107,3
L5116921,CO,CO-GUA,,3.8428455,-67.9857802,Sendero Cunuben,2019-03-01 15:03,95,8
L18530027,CO,CO-SAN,,7.1206322,-73.1035558,Sendero De Los Caminantes - Entrada,2026-09-25 07:23,60,8
L18791350,CO,CO-SAN,,7.1266267,-73.1019567,Sendero De Los Caminantes - Laguna Encantada,2026-09-23 07:30,128,56
L10390003,CO,CO-SAN,,6.60865,-73.0682079,Sendero Del Fique,2026-04-19 08:20,38,6
L53922916,CO,CO-DC,,4.5946269,-74.0343144,Sendero Doce Quebradas,2026-09-22 06:53,48,27
L24361825,CO,CO-CAS,,4.8270389,-72.2915435,Sendero Ecologico Maní,2026-04-18 17:08,101,13
L49569756,CO,CO-MET,,4.267361,-73.568954,"Sendero Ecologico Unillanos, Restrepo CO-Meta 4.26736, -73.56895",2026-09-19 09:02,111,44
L5292299,CO,CO-VAC,,4.5690403,-76.2118752,Sendero Ecológico Aguas Lindas,2026-08-22 07:02,209,61
L21280925,CO,CO-COR,,9.3443694,-76.0454806,Sendero Ecológico Brisas del Mar,2026-07-31 20:28,48,4
L7247058,CO,CO-MET,,3.6911431,-73.7013263,Sendero Ecológico Caño Camoa,2026-05-09 11:10,140,111
L16366612,CO,CO-SAN,,7.0569072,-73.0927284,Sendero Ecológico El Colibrí - FCUIS,2026-04-02 13:25,65,10
L56692753,CO,CO-GUA,,3.4841222,-67.964091,Sendero Ecológico El Remanso,2026-06-27 05:32,55,5
L7362067,CO,CO-PUT,,0.55867,-76.534836,Sendero Ecológico Kofan,2026-07-11 14:31,188,164
L8915868,CO,CO-RIS,,4.7943003,-75.7096328,Sendero Ecológico La Samaria,2026-09-06 12:38,19,1
L7199613,CO,CO-BOY,,5.854442,-73.0957794,Sendero Ecológico La Zarza,2025-07-29 08:25,107,25
L9119846,CO,CO-RIS,,5.3206839,-75.8746719,Sendero Ecológico Las Heliconias
L19091163,CO,CO-CAL,,5.088,-75.796,Sendero Ecológico Monte de los Zamora,2022-05-14 09:49,40,3
L8651662,CO,CO-PUT,,0.4611452,-76.4770837,Sendero Ecológico Playa Rica,2026-09-13 06:46,336,466
L30657762,CO,CO-SAN,,6.1146074,-73.0760646,Sendero Ecológico Puente La Variante,2026-03-14 06:05,47,10
L5828624,CO,CO-BOY,,5.0873535,-73.3613563,Sendero Ecológico Santo Domingo,2026-05-09 13:14,93,27
L7369915,CO,CO-CAS,,5.4526426,-72.4647045,Sendero Ecológico Virgen de La Peña,2026-02-06 17:57,129,15
L24428559,CO,CO-CHO,,5.7457765,-76.5326983,Sendero Ecoturistico de Tutunendo,2026-02-27 11:51,129,31
L8141653,CO,CO-HUI,,1.910683,-76.4230157,Sendero El Aguila,2025-09-16 16:26,194,51
L37385594,CO,CO-CHO,,5.7490388,-76.270003,Sendero El Aguilón,2026-05-17 06:57,279,191
L8920551,CO,CO-HUI,,3.3207556,-74.6518958,Sendero El Dorado,2023-04-01 11:35,120,12
L57394532,CO,CO-NSA,,7.708717,-72.659357,Sendero El Manantial - Durania,2026-01-18 07:00,26,3
L60102590,CO,CO-DC,,4.6038982,-74.0556883,Sendero El Paramuno - Monserrate,2026-09-25 11:03,117,186
L9117734,CO,CO-GUA,,3.8860778,-67.9393518,Sendero El Paujíl,2026-03-13 11:20,334,310
L11404575,CO,CO-HUI,,2.7205215,-75.2029667,"Sendero El Quetzal, Tambillo, Rivera.",2026-08-23 09:25,132,35
L35935541,CO,CO-VAC,,3.7355848,-76.2709215,Sendero El Refugio,2026-08-22 06:40,123,25
L8149403,CO,CO-HUI,,2.0923891,-76.0264949,Sendero El Roble,2026-01-13 16:15,73,8
L7702135,CO,CO-HUI,,3.2633284,-75.2703203,Sendero El Tare,2018-07-12 07:50,54,2
L20511741,CO,CO-CHO,,6.072943,-77.385579,Sendero El Valle - Utría (Parte final),2026-06-29 06:36,229,21
L20511722,CO,CO-CHO,,6.099733,-77.421434,Sendero El Valle - Utría (Parte inicial),2026-08-25 11:02,263,88
L20511733,CO,CO-CHO,,6.085974,-77.402099,Sendero El Valle - Utría (Parte media),2026-09-09 15:28,304,101
L8041781,CO,CO-CUN,,4.6452101,-74.4493483,Sendero El Volcán,2024-08-16 07:38,110,6
L31789002,CO,CO-AMA,,-1.341378,-69.564091,Sendero Elias--La Pedrera,2024-12-14 10:21,41,8
L6797762,CO,CO-PUT,,0.4340968,-76.4026519,Sendero Emplaquetado,2018-01-28 12:12,49,3
L5274194,CO,CO-PUT,,1.1007967,-76.6198111,Sendero Fin Del Mundo,2026-07-19 08:55,243,177
L5890326,CO,CO-PUT,,0.4908222,-76.4694759,Sendero Finca de Los Carpinteros,2024-03-31 11:00,205,63
L7366435,CO,CO-PUT,,0.5373437,-76.3112068,Sendero Fincas Kanakas,2023-01-31 12:28,213,18
L16607602,CO,CO-BOY,,5.672684,-74.049464,Sendero Fura-Tena,2026-09-12 10:17,91,8
L16078518,CO,CO-BOY,,5.6783381,-74.050169,Sendero Furatena,2025-08-08 06:19,73,3
L7371787,CO,CO-CAU,,1.387754,-76.522633,Sendero Gallito de Roca,2018-05-05 15:00,5,4
L3445830,CO,CO-VAU,,1.2938735,-70.258255,Sendero Garrafa,2018-02-16 07:00,180,14
L7101426,CO,CO-HUI,,2.7477287,-75.2005722,Sendero Gorgonda,2025-05-10 13:11,119,25
L14518155,CO,CO-CUN,,4.5110735,-74.3554278,Sendero Granada centro a la vereda la 22.,2021-10-16 13:12,63,8
L9661637,CO,CO-BOY,,6.0541855,-73.4459407,"Sendero Guayacán, Chitaraque",2019-12-13 07:58,80,28
L4463367,CO,CO-CAL,,5.573348,-74.889249,Sendero Hogar Juvenil Campesino,2025-10-11 06:20,89,3
L6481420,CO,CO-PUT,,1.1169835,-76.6204152,Sendero Hornoyaco,2026-05-17 09:20,183,66
L8317045,CO,CO-HUI,,1.7948407,-76.3259196,Sendero Huellas del Macizo,2026-04-22 12:11,112,8
L75526848,CO,CO-SAN,,6.8942555,-73.1802491,Sendero ISAGEN vía a Zapatoca,2026-08-12 07:30,15,2
L6654420,CO,CO-VAC,,3.3338907,-76.640149,Sendero La Castellana,2026-09-06 14:48,140,17
L34243435,CO,CO-SAN,,7.1252328,-73.4443555,Sendero La Flor Caserío Las Vegas - Apetras,2025-06-13 16:52,93,20
L5114753,CO,CO-ANT,,5.5942143,-75.816232,Sendero La Herrera,2026-09-27 09:17,421,1509
L66190025,CO,CO-CUN,,4.227526,-73.7879026,Sendero La Herrería,2026-08-17 04:46,6,9
L8164312,CO,CO-CUN,,4.2277817,-73.7880617,Sendero La Herrería,2026-09-25 08:39,380,2169
L7465754,CO,CO-RIS,,5.1806191,-75.9777331,Sendero La Linea,2026-08-29 09:05,271,163
L55897068,CO,CO-CHO,,8.385278,-77.268922,Sendero La Mojana,2025-12-11 06:35,44,3
L27410926,CO,CO-CUN,,5.0355242,-73.7958262,Sendero La Santafereña,2025-07-26 07:21,48,16
L10125649,CO,CO-ANT,,7.088963,-75.135324,Sendero La Serrana,2026-07-05 05:56,51,6
L10146394,CO,CO-ANT,,7.102306,-75.129972,Sendero La Serrana—Mirador del Arrierito,2026-06-07 07:02,60,7
L28938566,CO,CO-VAC,,3.869484,-76.867624,Sendero La Sierpecita,2026-07-18 08:20,233,188
L9097844,CO,CO-BOY,,5.974033,-73.16964,Sendero La Sierra,2025-09-29 13:38,95,18
L61750769,CO,CO-CAU,,1.4491978,-76.4338103,Sendero La Torre Km 54,2026-05-07 10:33,17,2
L12253822,CO,CO-DC,,4.4608061,-74.0835912,Sendero Laguna Los Soches,2026-03-14 17:11,53,6
L19059702,CO,CO-BOY,,5.411104,-73.5443141,Sendero Laguna Verde - Ventaquemada,2026-03-14 09:30,38,9
L22324282,CO,CO-CAQ,,1.748892,-75.725206,Sendero Las Cascadas,2023-01-22 07:30,50,3
L8071713,CO,CO-NSA,,7.6439978,-72.8025572,Sendero Lomita de La Cruz,2025-08-07 06:34,82,14
L6695556,CO,CO-COR,,9.1010628,-75.440433,Sendero Los Algarrobos,2024-04-25 06:39,257,5
L65602749,CO,CO-CAQ,,1.328148,-74.832494,Sendero Los Carbones,2026-05-09 13:40,32,3
L14223863,CO,CO-HUI,,1.6583791,-76.0234499,Sendero Los Chorros,2026-03-15 14:10,223,53
L40826602,CO,CO-BOY,,4.9202479,-73.3061816,Sendero Los Clavellinos-La Esmeralda,2026-08-16 06:19,89,19
L41467625,CO,CO-MET,,3.3232894,-74.0018621,Sendero Los Guacharos,2026-08-19 07:15,128,39
L5620635,CO,CO-CAQ,,-0.137775,-74.5974528,Sendero Los Peñas a El Águila (acceso restringido),2019-09-05 00:00,83,1
L9143344,CO,CO-CUN,,4.815548,-73.6835204,Sendero Los Ríos,2025-05-10 10:56,71,16
L21484253,CO,CO-QUI,,4.7080992,-75.6034675,Sendero Luz De Barbas,2026-07-29 11:55,153,127
L35675046,CO,CO-BOY,,5.0668061,-73.3538265,Sendero Macanal Perdiguiz,2026-06-27 06:28,62,7
L57080119,CO,CO-SAP,,13.3273439,-81.3869581,Sendero Manchineel Hill,2026-01-10 10:50,6,1
L7553734,CO,CO-HUI,,2.739364,-75.0818157,Sendero Mono Aullador,2026-03-12 09:28,96,16
L57764633,CO,CO-ATL,,10.648294,-75.233603,Sendero Morisca,2026-05-19 08:55,33,4
L32026681,CO,CO-TOL,,4.625426,-75.0939775,Sendero Observación de Aves Anzoateguí,2024-05-11 05:53,5,0
L6960255,CO,CO-VAC,,3.6311223,-76.5826692,Sendero Orgánico,2026-08-23 14:26,241,394
L8080160,CO,CO-VAC,,3.3394206,-76.6201617,Sendero Otoño-San Francisco,2026-04-09 10:00,128,13
L14872564,CO,CO-CAQ,,1.6065799,-75.5792561,Sendero Pacto por la vida,2021-05-09 15:47,12,1
L8141119,CO,CO-CUN,,4.9557827,-74.4409058,Sendero Panche,2025-05-10 14:02,99,23
L9170686,CO,CO-AMA,,-2.8910446,-69.7429804,Sendero Panguana--Tarapacá,2026-04-21 15:48,91,16
L14311509,CO,CO-MET,,2.8991866,-72.1388133,Sendero Patio Bonito,2026-09-06 11:33,98,10
L30102825,CO,CO-AMA,,-4.060685,-69.975606,Sendero Pelejo,2024-03-24 14:04,28,11
L38756506,CO,CO-VAC,,3.4369758,-76.6640341,Sendero Peñas Blancas Mirador Buena Vista (PNN Los Farallones de Cali),2026-02-22 07:34,81,5
L65093109,CO,CO-CAU,,1.457983,-76.4276,Sendero Picodehoz,2026-09-23 09:57,165,166
L9572942,CO,CO-DC,,4.5165949,-74.0860324,Sendero Piedra del Diablo,2026-09-19 17:55,19,4
L14140535,CO,CO-CHO,,6.0799481,-77.3958938,Sendero Playa Larga (a PNN Utría),2026-05-09 14:00,247,47
L10359633,CO,CO-AMA,,-3.7643457,-70.3347542,Sendero Puerto Nariño a San Martín,2026-09-15 05:57,346,79
L37321115,CO,CO-HUI,,1.7898009,-75.7770337,Sendero Quebrada El Oso,2025-08-07 15:43,13,3
L17445901,CO,CO-HUI,,1.7899212,-75.7800521,"Sendero Quebrada El Oso, Suaza",2025-08-08 06:23,126,17
L8556744,CO,CO-CAQ,,1.712328,-75.723974,Sendero Quebrada La Tortuga,2026-08-16 07:02,318,404
L5687031,CO,CO-CHO,,6.1158388,-77.4279865,Sendero Rio Tundo,2026-01-18 15:00,227,59
L11436376,CO,CO-CAU,,1.7257349,-76.6708224,Sendero San Andres,2025-10-11 09:03,143,20
L25674382,CO,CO-BOY,,5.6668925,-74.0591917,Sendero San Isidro,2026-05-09 08:49,163,28
L25674084,CO,CO-BOY,,5.6602283,-74.0885617,Sendero San Pedro,2025-07-21 07:39,129,16
L3488439,CO,CO-AMA,,-1.7119444,-73.2133333,Sendero San Rafael,2017-02-09 06:00,253,23
L14710181,CO,CO-MET,,2.9136487,-72.0791537,Sendero Sisavita,2026-02-26 16:22,84,6
L7823381,CO,CO-CAL,,4.9929188,-75.433342,Sendero Termalia,2026-09-20 06:32,259,152
L19053289,CO,CO-TOL,,5.1193738,-74.970792,Sendero Torito Dorsiblanco,2026-08-01 07:41,103,22
L21302629,CO,CO-CUN,,5.032767,-73.7805604,Sendero Tres Viejas,2026-08-23 08:31,34,16
L14518393,CO,CO-CUN,,4.5056154,-74.3509826,"Sendero Vereda Guasimal, Vía al cementerio.",2021-04-21 06:00,51,9
L7019081,CO,CO-PUT,,0.4856551,-76.302666,Sendero Vereda Las Camelias,2025-05-10 11:16,231,59
L7061100,CO,CO-PUT,,0.5221661,-76.2871174,Sendero Vereda Monte Verde,2025-05-10 17:02,152,12
L7061096,CO,CO-PUT,,0.5221735,-76.2871833,"Sendero Vereda Monte Verde (0.522, -76.287)",2025-04-29 06:38,105,11
L5900350,CO,CO-PUT,,0.5214142,-76.5359545,Sendero Vereda Peñazora,2026-08-13 10:58,196,69
L31958483,CO,CO-RIS,,5.2256154,-75.9985735,Sendero Yarumal La Trinidad,2026-05-01 06:49,213,34
L36896206,CO,CO-AMA,,-4.0415055,-70.0224932,"Sendero a Arara, Km 25",2026-04-28 12:13,223,44
L8072013,CO,CO-NSA,,7.6444057,-72.8049604,Sendero a La Despensa,2021-06-03 13:30,36,5
L5657687,CO,CO-CAU,,1.081988,-76.402945,Sendero a La Sevilla,2024-12-20 15:23,45,7
L6300646,CO,CO-HUI,,2.174599,-76.4237309,Sendero a Laguna del Buey,2026-05-09 09:14,113,156
L7746088,CO,CO-CAQ,,-0.0243719,-74.5538972,Sendero a Río Peneya,2018-10-22 19:58,125,6
L4774784,CO,CO-CAQ,,1.7295368,-75.675931,Sendero al Salto del Caraño,2026-05-18 10:37,127,14
L57156928,CO,CO-NSA,,7.7117871,-72.660292,Sendero de Guadua,2026-01-12 05:30,33,0
L4613055,CO,CO-HUI,,2.1474958,-75.5136251,Sendero de Interpretación Ambiental Miraflores,2026-05-09 14:21,372,135
L9971646,CO,CO-HUI,,2.1478039,-75.5225728,Sendero de Interpretación Ambiental Miraflores -- Cabaña Begonias,2026-05-09 09:41,218,91
L5612456,CO,CO-MET,,4.2118054,-73.6571074,Sendero de Las Aves,2026-05-22 07:00,224,46
L5903067,CO,CO-MET,,4.16481,-73.684521,Sendero de Las Aves--Buenavista,2026-07-24 09:13,228,135
L8069380,CO,CO-NSA,,7.6452139,-72.8038875,Sendero de Las Heliconias,2020-02-10 16:00,33,5
L11741794,CO,CO-BOY,,5.5323946,-74.1800362,Sendero de avistamiento Alex Gamboa,2026-02-26 08:12,29,3
L52530276,CO,CO-VAC,,3.4425087,-76.6733837,Sendero de la Avioneta (PNN Los Farallones del Cali),2026-09-06 06:39,202,67
L24205467,CO,CO-CUN,,5.210151,-73.5483669,Sendero de la Nutria,2026-05-27 10:00,27,3
L16487632,CO,CO-HUI,,1.9117332,-76.0778684,"Sendero de la Zamia, RN Pompeya",2024-04-17 11:13,113,16
L9747461,CO,CO-MET,,4.1893945,-73.6709082,Sendero de las Aves,2024-08-19 09:45,51,17
L9953734,CO,CO-VAC,,3.6795184,-76.5877397,Sendero de las aves (Pavas),2026-09-23 14:35,87,9
L18790810,CO,CO-SAN,,7.1241575,-73.1030017,Sendero de los Caminantes - Tanque De Agua,2026-07-25 08:20,31,3
L54574878,CO,CO-NSA,,7.0082528,-72.6826045,Sendero del Chivito - Chitagá,2026-06-08 10:49,27,4
L4951969,CO,CO-NSA,,7.644831,-72.798799,Sendero del Libertador,2024-05-12 07:20,163,44
L10316554,CO,CO-GUA,,3.812102,-67.842968,Sendero del Yapacana Antbird (Ecoparque KENKE),2026-09-01 15:11,352,1040
L65632995,CO,CO-CUN,,4.8908931,-74.1294244,Sendero el Copetón,2026-05-09 05:30,46,1
L2688091,CO,CO-RIS,,5.2875,-75.9094444,Sendero la Linda,2026-09-26 12:04,356,233
L20526234,CO,CO-CHO,,6.050885,-77.395299,Sendero marítimo El Valle - Ensenada de Utría,2026-02-10 15:07,56,25
L18882924,CO,CO-HUI,,2.237498,-75.4921414,"Sendero. Cabaña El Vergel, Miraflores",2026-06-24 14:21,104,23
L35929260,CO,CO-NSA,,7.5420945,-72.7707326,Sendero_capira,2025-07-17 07:52,61,7
L20704259,CO,CO-ANT,,6.1455477,-75.3895482,"Senderos Del Río, El Porvenir",2026-09-27 08:54,190,975
L56035825,CO,CO-VAC,,3.4313941,-76.5544252,Senderos de Cristo Rey Tramo III,2026-09-12 06:10,106,47
L5789719,CO,CO-MET,,3.7560258,-73.8732773,Senderos del Canajagua,2025-03-26 19:17,208,60
L30082950,CO,CO-HUI,,1.6092432,-76.28955,Senderó la cristalina,2026-09-18 09:35,79,35
L5817814,CO,CO-ATL,,10.8328255,-75.0835812,Serrania de Pajuancho,2019-01-10 07:30,91,5
L13806186,CO,CO-SAN,,6.8541476,-73.3724533,Serranía De Los Yariguies Bosque,2026-07-05 12:39,152,22
L9885303,CO,CO-CUN,,4.8138567,-74.1260409,Serranía Majuy,2026-04-19 08:38,43,5
L1119505,CO,CO-ANT,,6.340379,-75.6341314,Serranía de Las Baldías,2026-09-20 11:41,288,441
L5727926,CO,CO-BOY,,5.8300907,-74.3196774,Serranía de Las Quinchas--La Cristalina,2025-10-30 05:43,266,37
L37697092,CO,CO-HUI,,1.7617834,-76.0297519,Serranía de Peñas Blancas -- Finca Los Robles,2026-01-18 06:42,91,11
L465359,CO,CO-BOL,,7.79213,-74.32039,Serranía de San Lucas,2021-12-15 16:30,19,1
L465396,CO,CO-SAN,,5.9408333,-74.1818333,Serranía de las Quinchas,2007-11-30 05:40,130,3
L606360,CO,CO-BOY,,5.8421301,-74.3558121,Serranía de las Quinchas--Vereda La Fiebre,2026-09-12 14:05,132,4
L598231,CO,CO-BOY,,5.8019444,-74.2522222,Serranía de las Quinchas--Vereda La Ye,2026-02-21 05:54,288,36
L465387,CO,CO-CAU,,1.36,-76.36,Serranía de los Churumbelos,2018-04-13 06:00,44,0
L465441,CO,CO-VAC,,4.6667,-76.3333,Serranía de los Paraguas,2018-08-05 12:31,36,2
L38025419,CO,CO-LAG,,10.45319,-72.8921184,Serranía del Perijá--Cerro Pintao--Páramo Seco,2024-09-28 07:00,6,1
L6513835,CO,CO-VAC,,3.4671079,-76.5002452,Servicio Nacional de Aprendizaje,2026-09-26 11:05,59,26
L9191984,CO,CO-CUN,,5.0445779,-73.7963687,Sesquilé--Casco Urbano,2026-05-29 17:39,39,2
L56005808,CO,CO-VAC,,4.1951696,-75.8294821,Sevilla Vereda Cumbarco,2025-12-14 07:57,50,3
L9053216,CO,CO-VAC,,3.3062514,-76.600773,Shangri-La,2026-05-09 08:35,225,42
L18604730,CO,CO-CUN,,4.41986,-74.2342899,Sibaté--Finca La Moravia,2026-09-16 08:22,73,1027
L7171420,CO,CO-CES,,10.0576,-73.1720352,Sierra Codazzi,2024-03-06 04:59,58,6
L12567651,CO,CO-CUN,,4.7648819,-74.4456768,Sierra Morena,2025-05-10 07:29,26,3
L10490858,CO,CO-BOY,,5.5428403,-73.3205387,Sierra de Pirgua,2020-01-13 07:30,25,1
L23965148,CO,CO-CAU,,2.45311,-76.517026,Siete Pétalos Ecolodge,2026-08-17 08:00,184,403
L22868442,CO,CO-CUN,,4.4140623,-74.3460917,Silvania--Tribu Magia,2024-12-24 05:39,39,3
L22318525,CO,CO-CUN,,4.4059325,-74.4000578,Silvania--Vda. Loma Alta,2023-01-21 10:50,38,6
L74639094,CO,CO-ANT,,6.2056551,-74.9789071,Silvery Refugio Natural,2026-08-08 03:00,5,2
L18667299,CO,CO-CUN,,5.5025089,-73.8522354,Simijaca - Casco Urbano,2025-05-31 05:58,28,5
L13237331,CO,CO-CUN,,5.4738492,-73.8496541,Simijaca--Alto de la Cruz,2019-05-16 10:45,15,1
L11602728,CO,CO-TOL,,4.4318211,-75.1839423,Simón Bolivar,2025-01-10 07:15,41,4
L9226839,CO,CO-CUN,,4.69211,-73.5189629,Sinaí
L54589022,CO,CO-COR,,8.7918301,-75.8642448,Sinpic Unicor,2025-10-25 08:31,21,3
L62663541,CO,CO-SAP,,12.49162,-81.722308,Small pond (South coast),2026-09-26 16:27,11,2
L49099953,CO,CO-VAC,,3.518812,-76.631668,"Sn Juan de los pinos, Tocotá",2025-07-09 09:40,63,2
L22320957,CO,CO-CUN,,4.5829914,-74.2615914,Soacha--Paso San Fernando,2026-02-09 16:19,49,3
L44643702,CO,CO-SAN,,6.4614561,-73.2575011,Socorro--Biblioteca Pública Antonio Santos
L31608255,CO,CO-SAN,,6.4701552,-73.2615352,Socorro--Casco Urbano,2026-03-28 08:18,42,12
L44646816,CO,CO-SAN,,6.4476225,-73.262562,Socorro--Villa Olímpica
L28381299,CO,CO-QUI,,4.4796683,-75.7501333,Soledén Comfenalco,2026-09-25 15:23,160,66
L67439596,CO,CO-TOL,,4.551632,-75.33088,"Son de la Loma - Juntas, Cañón del Combeima",2026-08-17 10:35,35,6
L22324278,CO,CO-RIS,,4.8099589,-75.8083419,Sonesta Hotel Pereira,2026-09-14 18:00,119,91
L22053574,CO,CO-CUN,,4.9078155,-73.9405079,Sopo -  Casco Urbano,2026-06-13 06:26,64,12
L9192701,CO,CO-CUN,,4.9072234,-73.9317955,Sopó--Vda. Centro Alto,2019-05-04 06:00,25,1
L27838021,CO,CO-SAP,,12.480808,-81.729323,South Point,2025-11-30 16:34,70,24
L7741111,CO,CO-TOL,,4.3832147,-75.1848062,Spa Ambiental Turístico Los Alpes,2025-05-10 16:59,176,150
L8430945,CO,CO-DC,,4.7993519,-74.0691873,Suba--Camino de Arrayanes,2026-05-09 05:42,37,26
L23951901,CO,CO-CUN,,4.9288867,-74.172372,Subachoque--Casco Urbano,2026-04-26 15:00,13,5
L51474773,CO,CO-RIS,,4.8581419,-75.855681,Subestacion Lago Nuevo,2026-08-29 09:03,56,5
L51475218,CO,CO-RIS,,4.856592,-75.8570239,Subestacion Lago Viejo,2025-08-06 17:32,9,1
L7362565,CO,CO-CAL,,4.9717145,-75.6523919,Subestación Experimental de Naranjal,2026-08-21 16:43,104,13
L10146331,CO,CO-CUN,,4.4693061,-74.3851651,Subia,2026-03-26 05:52,49,4
L35656167,CO,CO-CUN,,4.4533347,-74.4115918,"Subia, Cundinamarca",2019-12-13 07:00,9,0
L18013313,CO,CO-CUN,,4.4965256,-73.9312193,Sue Reserva del Cacique,2026-05-09 06:00,105,57
L15143243,CO,CO-CUN,,5.1034099,-73.7989855,Suesca--Casco Urbano,2026-08-12 21:12,19,2
L33257984,CO,CO-PUT,,1.1782994,-76.9810691,Sumak Kawsay,2026-09-22 13:17,45,5
L31708997,CO,CO-CUN,,4.2497279,-73.9999574,Sumapaz Gutiérrez S.A.S.,2026-09-15 07:03,105,22
L11038097,CO,CO-CAL,,5.4221241,-75.6454966,Supia,2026-03-08 13:57,169,30
L13729153,CO,CO-SAN,,7.4320604,-72.9336501,Suratá - Monsalve - Finca la esperanza,2026-08-29 07:12,90,73
L17497709,CO,CO-CUN,,5.4528783,-73.8141088,"Susa, Casco Urbano",2026-07-14 12:50,18,13
L9644967,CO,CO-CUN,,4.643287,-73.9311281,TIERRALEJA BIRD SANCTUARY RESERVE,2019-06-25 10:00,2,1
L53165848,CO,CO-SAN,,5.9236667,-73.2645607,TINCAVITA ECOLODGE,2025-09-07 08:00,89,15
L26348627,CO,CO-CAL,,5.1501875,-75.5127239,TOMINEJO ECOLODGE,2026-09-06 09:25,205,135
L40565899,CO,CO-ANT,,6.3295084,-74.9635805,"Tabata, La Posada Del Nyctibius",2026-08-19 08:30,225,187
L6054335,CO,CO-MAG,,11.2258067,-73.6988711,Taironaka Turismo Ecologico y Arqueologia,2026-08-17 05:45,295,141
L33180241,CO,CO-CAL,,4.939007,-75.563574,Takuna Oficial,2024-10-13 12:49,192,57
L9859354,CO,CO-VAC,,4.2256604,-76.3447444,Tamauka Trujillo,2020-08-02 13:51,86,9
L11438524,CO,CO-ANT,,5.6251259,-75.7208612,"Tamesis, La Liboriana",2026-04-07 05:55,96,4
L41216676,CO,CO-CAS,,4.971,-72.091,Tanganica finca,2025-04-20 06:03,156,25
L5831836,CO,CO-CUN,,4.6430494,-74.4907486,Tangara Birding Retreat,2026-05-15 13:47,47,1
L59055901,CO,CO-MET,,4.1647433,-73.6794875,Tangara Ecoturismo y cabras,2026-06-26 09:23,7,1
L5119753,CO,CO-CAS,,5.579591,-71.122937,Taparas (AICA CO203),2024-07-19 17:28,168,90
L36550038,CO,CO-VAU,,-0.5651242,-69.6352421,Taraira,2025-10-11 05:30,34,7
L9191817,CO,CO-AMA,,-2.8909999,-69.7416404,Tarapacá--Casco Urbano,2025-08-09 06:20,93,19
L9199661,CO,CO-AMA,,-3.8214273,-70.4910809,Tarapoto Canales Internos,2026-02-22 05:59,173,6
L36408745,CO,CO-ANT,,6.1538176,-75.7858286,Teleférico Palmitas--Estación El Morón,2025-03-21 23:40,18,10
L6351930,CO,CO-ANT,,6.3402111,-75.7159227,Teleférico Palmitas--Estación El Morón,2021-05-23 12:39,85,6
L25282218,CO,CO-NSA,,7.832659,-72.462683,Templo Histórico Villa Del Rosario,2026-05-29 16:10,39,15
L38785608,CO,CO-SAN,,6.0144052,-73.2165716,Templo Sakroakuarius,2026-09-10 07:30,18,4
L11369635,CO,CO-CUN,,4.6595975,-74.4075837,Tena--Casco Urbano,2020-01-12 07:30,6,6
L24297862,CO,CO-CUN,,4.65582,-74.3891,Tena--Casco Urbano,2026-08-31 15:23,41,2
L22607062,CO,CO-CUN,,4.6586225,-74.4098973,Tena--El Galineral
L27423184,CO,CO-CUN,,4.655312,-74.4124376,Tena--Finca La Palmera,2026-09-05 16:54,71,51
L65411552,CO,CO-CUN,,4.649273,-74.4133401,Tena--La Gran Vía,2026-05-07 12:56,12,1
L65916201,CO,CO-CUN,,4.6612483,-74.3881333,Tena--Sector El Cocinadero,2026-07-18 13:50,34,6
L9095011,CO,CO-CUN,,4.598011,-74.346744,Tenasuca,2026-05-09 11:50,114,103
L4417394,CO,CO-TOL,,4.9331965,-75.2892135,Termales Aguas Calientes,2026-06-12 09:18,121,63
L13200476,CO,CO-CAL,,5.5390586,-75.0209665,Termales El Escondite,2023-11-24 10:45,77,9
L37975139,CO,CO-CAL,,5.00861,-75.440197,Termales El Otoño,2026-09-01 15:17,129,128
L13034856,CO,CO-CAL,,4.9716206,-75.3856472,Termales La Gruta,2026-09-09 13:01,106,59
L4773687,CO,CO-HUI,,2.7519124,-75.2373147,Termales Los Ángeles,2026-08-04 08:56,104,32
L4023482,CO,CO-RIS,,4.7934545,-75.4981044,Termales San Vicente,2025-12-16 11:35,120,14
L31454463,CO,CO-RIS,,4.8424142,-75.5531073,Termales Santa Rosa de Cabal,2026-09-27 15:59,174,146
L19757328,CO,CO-CUN,,4.8245892,-73.6755824,Termales Sirona SPA,2025-10-11 08:00,53,5
L2379612,CO,CO-CUN,,4.9232084,-74.1045642,Termales Tabio,2026-06-07 06:20,39,8
L4758478,CO,CO-CAU,,2.3433825,-76.3171291,Termales de San Juan,2025-09-26 15:06,109,84
L4439972,CO,CO-RIS,,4.8385014,-75.5487728,Termales de Santa Rosa de Cabal,2026-09-22 12:50,244,182
L7870827,CO,CO-CUN,,5.242101,-74.007867,Terra Integrity,2026-08-20 11:26,38,20
L16629254,CO,CO-GUV,,2.4428364,-72.6889935,Terrapreta,2021-10-09 06:00,19,1
L26609699,CO,CO-SAN,,7.1213602,-73.0586914,Terraza Casa Loma,2026-09-03 08:56,126,108
L23532514,CO,CO-SAN,,7.1017936,-73.0911646,Terraza Loma Merchán (1100msnm),2026-08-25 06:26,236,192
L3031915,CO,CO-CHO,,8.59667,-77.28474,Terron de Azucar,2026-05-09 08:50,47,11
L30292518,CO,CO-ANT,,5.6027791,-75.8360833,The Birds House,2026-08-18 09:04,206,309
L12587134,CO,CO-ANT,,5.6045417,-75.8136041,The Birds Office Jardín,2026-09-17 05:00,152,73
L57088301,CO,CO-HUI,,1.7434444,-76.0039167,Three Coffee Farmers,2025-12-26 16:35,2,2
L29719849,CO,CO-CUN,,4.3485937,-74.4529295,Tibacuy--Casco Urbano,2026-05-09 06:08,136,76
L17758130,CO,CO-BOY,,5.3124507,-73.3888935,Tibaná--La Roca,2026-09-20 07:20,104,81
L19035819,CO,CO-CUN,,5.0527762,-73.5054016,Tibirita--Casco Urbano,2022-05-14 06:00,6,0
L64734232,CO,CO-CUN,,5.0513515,-73.494295,Tibirita--Casco Urbano,2025-10-10 15:25,1,1
L14136194,CO,CO-BOL,,10.4756017,-75.46978,"Tierra Baja, Cartagena",2025-12-02 12:49,64,3
L14042877,CO,CO-BOL,,10.360922,-75.552481,Tierra Bomba—Punta Arena,2026-08-11 19:26,66,17
L16259849,CO,CO-CES,,10.3688194,-73.0642221,Tierra Grata,2026-06-09 07:55,141,71
L7364784,CO,CO-CAS,,4.9005254,-72.9548407,Tierra Grata,2023-01-11 13:55,103,5
L17120168,CO,CO-CUN,,4.5441853,-74.296736,Tierra Sabia,2026-09-21 08:21,133,57
L9644964,CO,CO-CUN,,4.6409641,-73.934437,Tierraleha Bird Sanctuary Reserve,2019-05-28 15:00,1,1
L19129755,CO,CO-BOY,,5.5796875,-73.6467625,Tinjacá - Casco Urbano,2026-04-05 09:37,15,4
L11166154,CO,CO-CHO,,7.2265998,-76.5263284,Titi Cabeciblanco ProAves Reserve,2026-01-26 08:44,424,880
L32095176,CO,CO-CUN,,5.0533573,-74.4033719,Tobia Chica--Nocaima,2026-07-05 12:39,77,6
L9631501,CO,CO-CUN,,5.1227741,-74.4506784,Tobia--Corregimiento,2025-11-08 14:10,10,1
L10533713,CO,CO-TOL,,4.5198909,-75.4093654,Toche - Casco Urbano,2026-05-12 07:19,129,37
L9224432,CO,CO-BOY,,5.9346941,-73.5214632,Togüí- Rio Pomeca,2023-03-05 13:02,29,3
L10055312,CO,CO-NSA,,7.3033503,-72.4760603,"Toledo, Norte de Santander",2026-05-08 16:01,101,24
L21257724,CO,CO-SAN,,7.090316,-73.3224992,Topocoro (Cajasan) - El Valle De Los Moncoros,2026-04-25 10:26,105,24
L16896379,CO,CO-SAN,,7.1249775,-73.3044837,Topocoro - Quebrada La Molinilla,2025-07-03 08:34,103,23
L4578131,CO,CO-SAN,,7.0944328,-73.3858354,Topocoro - Quebrada Santa Maria,2026-04-24 07:51,197,68
L16992023,CO,CO-SAN,,7.0093921,-73.4002591,Topocoro - Vivero - Vía A Golondrinas,2026-06-13 10:51,45,5
L4591264,CO,CO-CAU,,2.9170682,-76.1985755,Toribio-Sendero Tierra de Loros,2023-06-18 15:20,81,7
L33569312,CO,CO-RIS,,4.7964374,-75.6845629,Torre Fortaleza,2026-09-27 06:15,138,40
L10235702,CO,CO-CUN,,5.1618186,-74.0714504,Torre de los Indios,2019-12-04 06:26,28,2
L5651022,CO,CO-ANT,,5.906939,-74.6469256,Torrelavega Wildlife Rescue,2026-01-28 17:00,268,159
L11844900,CO,CO-NSA,,7.3334422,-72.6990796,Torres de Oriente 2,2026-03-29 12:10,60,33
L50075748,CO,CO-VAC,,3.4316887,-76.5491018,Tramo 2  Proyecto Integral Cristo Rey,2026-08-22 06:07,98,59
L6310214,CO,CO-PUT,,1.0809258,-76.7368305,Trampolin de Las Aves,2026-09-22 10:49,395,466
L6473704,CO,CO-PUT,,1.0684443,-76.7435575,Trampolin de Las Aves--Filo de Hambre,2026-09-05 12:26,369,477
L6472545,CO,CO-PUT,,1.07519,-76.73259,Trampolin de Las Aves--Hacia El Mirador,2026-09-15 06:27,259,162
L5167254,CO,CO-PUT,,1.0717911,-76.7384183,Trampolin de Las Aves--Mirador Abajo,2026-09-22 11:42,241,263
L6217449,CO,CO-PUT,,1.0833564,-76.7302859,Trampolin de Las Aves--Mirador del Río Pepino,2026-09-15 11:02,283,333
L2734177,CO,CO-GUV,,2.5101103,-72.7152014,Tranquilandia,2026-08-16 13:23,188,80
L27044475,CO,CO-VAC,,4.2727046,-75.873876,Trapiche Samaria,2024-05-06 09:35,72,2
L7893655,CO,CO-MET,,3.779395,-73.856664,Travesia Aventura,2026-02-03 13:37,147,83
L27564424,CO,CO-CUN,,5.4865248,-74.6130145,Tribal Küyen,2025-05-10 19:24,83,16
L22868500,CO,CO-CUN,,4.4140431,-74.346076,"Tribu Magia, Silvania, Cundinamarca, CO",2026-03-14 12:30,107,31
L30312331,CO,CO-SAN,,7.0870883,-73.3745094,Trigueros Vía Antigua Abandonada,2026-05-31 09:35,80,9
L6684714,CO,CO-MAG,,10.9716961,-74.4467068,Troncal del Caribe--Cienaga a Barranquilla,2026-09-11 14:30,264,273
L30272823,CO,CO-CUN,,5.0732898,-74.3693519,Tropical BioHostel,2024-04-27 09:00,14,3
L57980608,CO,CO-QUI,,4.6870192,-75.6749294,Tukki Ecolodge,2026-09-21 08:08,95,72
L63708333,CO,CO-CUN,,4.2987126,-74.3626432,Tulpacinga,2026-04-26 06:27,76,11
L8113523,CO,CO-BOY,,5.4978348,-72.5241602,Tunel De Piedra Rionegro,2023-12-06 11:42,18,1
L76011113,CO,CO-TOL,,4.4375,-75.478672,Tunel León de Montaña,2026-08-20 18:14,1,0
L10060569,CO,CO-CAU,,2.4035,-77.2854,Tunía Cauca Colombia,2022-10-08 06:15,44,3
L8844823,CO,CO-PUT,,0.4917492,-76.4904075,Turpial Amazónico - Bosque Madre Vieja Río Putumayo,2026-09-18 15:40,201,142
L56971221,CO,CO-RIS,,5.14144,-75.96171,Turquoise Dacnis tree,2026-09-18 11:00,31,22
L36497080,CO,CO-SAN,,7.1076366,-73.0947506,UDES - Antena,2026-04-11 08:10,100,11
L22092600,CO,CO-SAN,,7.10873,-73.09336,UDES - Caminos,2026-07-28 07:44,69,5
L23865144,CO,CO-CAQ,,1.5854874,-75.6418991,UDLA--Campus Santo Domingo,2026-03-22 17:39,28,4
L18378867,CO,CO-CUN,,4.8842138,-73.4828641,Ubalá--Vda. Sión,2025-09-18 15:34,19,16
L13557403,CO,CO-CUN,,4.4873439,-73.9322162,Ubaque--Cabaña Caracolí,2026-01-10 15:35,59,13
L14764722,CO,CO-CUN,,4.4832356,-73.9342669,Ubaque--Casco Urbano,2026-09-09 11:36,15,5
L31629937,CO,CO-CUN,,4.4908421,-73.9987574,Ubaque--Vereda Belén,2026-05-09 06:46,46,11
L22406317,CO,CO-ANT,,6.1050283,-75.3878958,UdeA Oriente,2026-09-27 06:22,90,50
L74213041,CO,CO-SAN,,7.1089449,-73.0936761,Udes - Camino - Quebrada
L74591377,CO,CO-SAN,,7.1088968,-73.0930915,Udes - Camino a la Antena - Quebrada
L3607803,CO,CO-TOL,,4.5582438,-75.3272653,Ukuku Rural Lodge,2026-09-23 10:47,394,1130
L27528117,CO,CO-VAC,,3.4613642,-76.6333091,"Uma Kiwe Home, Felidia-La Leonera",2025-10-18 07:11,141,6
L22258106,CO,CO-DC,,4.6591003,-74.0466821,"Umbral Cultural Horizontes, Bogotá, CO (4,654, -74,04)",2026-09-19 08:19,71,37
L47882712,CO,CO-SAN,,6.8418114,-72.9784012,Umpalá,2026-01-05 09:49,26,4
L7248245,CO,CO-ANT,,6.2346615,-75.5883139,Unidad Deportiva de Belén,2026-09-16 07:29,93,65
L58101844,CO,CO-DC,,4.6204227,-74.0854411,Unidad Residencial Colseguros,2026-09-20 16:21,18,8
L22904436,CO,CO-VAC,,3.8792792,-76.2990133,Uniminuto Buga,2024-01-30 17:24,38,6
L5368913,CO,CO-CAL,,5.060525,-75.487702,Universidad Católica de Manizales,2026-09-04 05:29,93,44
L17608405,CO,CO-RIS,,4.8047052,-75.7244093,Universidad Católica de Pereira,2026-08-05 14:00,26,2
L20548342,CO,CO-ANT,,8.1006142,-76.7163706,"Universidad De Antioquia - Sede Ciencias Del Mar, Turbo",2026-05-03 09:43,72,9
L8833034,CO,CO-COR,,8.0770281,-75.1821259,Universidad De Antioquia--Hacienda La Candelaria,2026-07-12 15:44,165,24
L22079446,CO,CO-DC,,4.6149496,-74.0631746,Universidad Distrital Sede Macarena,2026-02-07 10:18,48,48
L26326793,CO,CO-ANT,,6.2020407,-75.5782345,Universidad EAFIT,2026-09-23 07:06,79,108
L8088534,CO,CO-VAC,,3.3418098,-76.530633,Universidad Icesi,2026-09-17 07:00,105,34
L21583013,CO,CO-SAN,,7.13957,-73.12009,Universidad Industrial de Santander (UIS) - general,2026-08-19 06:18,30,2
L5802932,CO,CO-SAN,,7.14177,-73.12133,Universidad Industrial de Santander - Lago y bosque,2026-07-15 18:23,134,231
L30721608,CO,CO-SAN,,7.139993,-73.1225853,Universidad Industrial de Santander UIS - Museo y alrededores,2026-08-31 18:07,22,4
L16723383,CO,CO-SAN,,7.1416327,-73.1179736,Universidad Industrial de Santander UIS - zona de canchas,2026-08-19 06:38,53,12
L4220607,CO,CO-VAC,,3.3463955,-76.5330557,Universidad Javeriana Cali,2026-09-03 16:50,164,215
L8693334,CO,CO-CUN,,4.9393409,-74.0143948,Universidad Militar Nueva Granada,2026-09-25 06:05,76,41
L21565357,CO,CO-CES,,10.3884954,-73.1999333,Universidad Nacional - Sede La Paz,2026-09-25 14:31,186,333
L20724151,CO,CO-VAC,,3.5121788,-76.3074088,Universidad Nacional - Sede Palmira,2026-09-24 06:32,116,330
L37346335,CO,CO-CAL,,5.4701849,-74.6654101,"Universidad Nacional Abierta y a Distancia - UNAD, La Dorada",2024-03-26 06:30,15,1
L894908,CO,CO-DC,,4.6381731,-74.0863359,Universidad Nacional de Colombia,2026-09-25 07:37,136,547
L5725532,CO,CO-ANT,,6.2623747,-75.5769014,Universidad Nacional de Colombia Sede Medellín,2026-09-25 06:36,155,255
L2427502,CO,CO-ARA,,7.0133144,-70.7444644,Universidad Nacional de Colombia Sede Orinoquia,2026-09-11 13:50,191,64
L6591531,CO,CO-NAR,,1.6103532,-78.7214291,Universidad Nacional de Colombia Sede Tumaco,2025-04-14 09:26,115,9
L2670764,CO,CO-DC,,4.6408333,-74.0813889,Universidad Nacional de Colombia--Departamento de Biología,2026-09-18 07:36,111,331
L3968633,CO,CO-AMA,,-4.1935742,-69.9397947,Universidad Nacional de Colombia--Sede Amazonia,2026-09-09 17:05,165,94
L12006046,CO,CO-DC,,4.7624815,-74.0502914,Universidad Pedagogica Nacional--Sede Valmaria,2026-09-15 14:54,49,21
L4882970,CO,CO-BOY,,5.5513737,-73.3563298,Universidad Pedagógica y Tecnologica de Colombia,2026-08-14 10:45,91,142
L45524313,CO,CO-DC,,4.6560285,-74.1626553,Universidad Pública de Kennedy--La Magdalena,2026-09-06 08:16,76,81
L5808520,CO,CO-RIS,,4.9113646,-75.624041,Universidad Rural y Agropecuaria de Colombia,2026-05-12 14:36,165,96
L6951963,CO,CO-RIS,,4.7955973,-75.6895613,Universidad Tecnológica de Pereira--Puente del Bloque L,2026-08-06 07:59,198,256
L7319957,CO,CO-ANT,,6.2667336,-75.5687284,Universidad de Antioquia,2026-09-27 11:26,120,259
L7679368,CO,CO-ANT,,6.2728552,-75.5883247,Universidad de Antioquia Ciudadela de Robledo,2026-09-22 07:27,151,79
L28729623,CO,CO-ANT,,5.6925543,-75.8815967,Universidad de Antioquia Seccional Suroeste,2026-09-10 07:49,191,416
L52602215,CO,CO-DC,,4.8025459,-74.0500724,Universidad de Ciencias Aplicadas y Ambientales--Campus Norte,2026-08-20 08:25,44,6
L52373244,CO,CO-DC,,4.7984233,-74.0493933,Universidad de Ciencias Aplicadas y Ambientales--Campus Sur,2025-11-07 13:09,31,6
L4866744,CO,CO-CUN,,4.306592,-74.806306,Universidad de Cundinamarca,2026-09-05 06:44,90,29
L10027528,CO,CO-COR,,8.7888901,-75.8577169,Universidad de Córdoba,2026-09-26 17:00,82,23
L10081722,CO,CO-TOL,,4.4496973,-75.1990273,Universidad de Ibague,2026-05-09 09:46,96,37
L9621613,CO,CO-LAG,,11.5116792,-72.8702765,Universidad de La Guajira/Shikii Ekirajia Pülee Wajiira,2026-09-21 10:21,34,6
L22158219,CO,CO-CUN,,4.8616141,-74.0325737,Universidad de La Sabana,2026-09-15 06:39,60,36
L4598075,CO,CO-MET,,4.074322,-73.582601,Universidad de Los Llanos,2026-09-26 14:23,313,1045
L9653124,CO,CO-CAL,,5.0772493,-75.5198089,Universidad de Manizales,2026-04-14 12:24,24,3
L8476006,CO,CO-CAL,,5.077763,-75.520759,Universidad de Manizales--Área de Reserva,2026-02-17 15:42,136,137
L39453443,CO,CO-VAC,,3.344033,-76.542333,Universidad de San Buenaventura,2026-03-17 17:26,35,6
L4674067,CO,CO-CAQ,,1.60613,-75.606965,Universidad de la Amazonía—Campus Centro,2026-09-11 17:35,100,31
L47174894,CO,CO-CUN,,4.9765563,-74.3285501,Universidad de la Sabana,2026-08-02 06:35,37,2
L36073371,CO,CO-MET,,4.081939,-73.581772,Universidad de los Llanos - Campus Barcelona  Meta ENO 2024,2026-08-06 06:14,71,9
L7307630,CO,CO-CAU,,2.4479133,-76.5990239,Universidad del Cauca--Centro Deportivo Univesitario,2026-09-13 15:19,55,16
L4305157,CO,CO-CAU,,2.4464662,-76.6005796,Universidad del Cauca--Facultad de Ciencias Naturales y Exactas de la Educación,2026-03-13 08:24,86,44
L7307677,CO,CO-CAU,,2.4455819,-76.5975621,Universidad del Cauca--Facultad de Ingeniería Civil,2026-05-17 15:56,88,34
L3491234,CO,CO-MAG,,11.2213419,-74.1863823,Universidad del Magdalena—Tropical dry forest,2026-09-05 07:24,196,182
L58553627,CO,CO-VAC,,3.8479778,-76.9990074,"Universidad del Pacífico, Buenaventura",2026-02-27 06:49,39,2
L3789119,CO,CO-TOL,,4.4263732,-75.2136537,Universidad del Tolima - Jardin Botánico Alejandro Von Humboldt,2026-09-21 07:46,177,199
L27965990,CO,CO-TOL,,4.4283904,-75.2138507,Universidad del Tolima - Terrazas,2026-09-27 09:21,78,43
L4136057,CO,CO-VAC,,3.3757009,-76.5344115,Universidad del Valle,2026-09-21 10:13,200,601
L31610745,CO,CO-SAN,,6.4624583,-73.2624364,Universitario,2025-05-10 06:30,6,3
L9448164,CO,CO-TOL,,4.3851976,-75.4794716,Urapanes del Bosque,2026-08-09 06:06,145,82
L4664605,CO,CO-CAQ,,1.6349278,-75.6044394,"Urbanización Entre Ríos, Parque Álamos",2026-08-30 06:30,82,16
L24395297,CO,CO-MET,,3.2406273,-74.3543081,Uribe - Casco Urbano,2026-06-25 05:30,97,29
L9409237,CO,CO-LAG,,10.560118,-73.0113058,Urumita--Casco Urbano
L29988589,CO,CO-CUN,,5.2539648,-74.5378913,Utica--Novilleros,2024-03-20 06:30,6,1
L5840306,CO,CO-BOY,,5.5066397,-72.6976919,Vado Hondo,2017-05-13 05:30,29,2
L6598796,CO,CO-VAC,,3.7753603,-76.014533,Valle Bonito,2019-05-04 13:30,91,4
L3170721,CO,CO-CUN,,4.5567999,-73.9719383,Valle Escondido,2026-09-25 11:19,182,227
L4078970,CO,CO-VAC,,3.3648587,-76.5156984,Valle de Lili,2026-02-27 18:43,96,19
L465332,CO,CO-LAG,,11.12055,-73.54341,Valle de San Salvador,2025-11-28 06:25,214,22
L3662159,CO,CO-PUT,,1.0725635,-76.9050157,Valle de Sibundoy - El Cedral,2024-05-11 08:16,151,6
L2350379,CO,CO-QUI,,4.637669,-75.4884696,Valle del Cocora,2026-09-26 15:49,406,1539
L36257939,CO,CO-QUI,,4.630616,-75.468773,Valle del Cocora--Entrada al Bosque,2026-08-26 11:08,183,93
L10060561,CO,CO-LAG,,11.1822827,-73.4644768,Valle del Río Ancho,2026-02-08 13:55,222,16
L465335,CO,CO-MAG,,10.9135,-74.0743333,Valle del Río Frío,2025-12-13 08:00,172,12
L4826161,CO,CO-TOL,,4.178153,-75.122311,Valle del San Juan,2024-10-12 06:00,122,5
L6239059,CO,CO-RIS,,5.0868833,-75.969193,Valles de San Rafael,2025-05-10 05:15,127,14
L11428634,CO,CO-CAL,,5.0406795,-75.4556478,Valles de la Alhambra,2026-01-17 09:48,28,2
L32909873,CO,CO-RIS,,4.7400954,-75.6639095,Variante Condina,2026-02-24 10:30,81,3
L28358395,CO,CO-CUN,,4.5242948,-74.3538211,Varsana Eco Yoga Aldea,2025-12-28 11:00,121,35
L28338455,CO,CO-MET,,4.0576907,-73.7485564,Vda Alto La Cumbre - La Cuncia,2026-05-09 10:00,146,60
L9879327,CO,CO-TOL,,5.0582889,-75.2664111,"Vda Angulo, Herveo",2020-12-10 10:40,26,2
L17046936,CO,CO-MET,,4.0666085,-73.497783,Vda Bella Suiza - Condominio Bella Suiza Exclusivo,2026-06-12 09:24,205,1138
L9986251,CO,CO-TOL,,5.043164,-75.185814,"Vda Curubital, Herveo",2025-02-17 09:23,43,4
L10206833,CO,CO-TOL,,5.045264,-75.196779,Vda Damas Bajas Herveo,2026-08-23 17:12,37,5
L10067212,CO,CO-TOL,,4.0182908,-75.6182827,Vda El Coco,2026-01-12 11:07,38,4
L9161461,CO,CO-TOL,,3.0977903,-75.6466346,Vda El Mirador,2019-04-30 12:47,6,0
L65163134,CO,CO-CUN,,4.4734069,-73.8378239,"Vda El Paval, Fómeque",2026-05-12 11:26,24,2
L9959801,CO,CO-TOL,,5.106936,-75.194286,Vda El Placer,2025-12-26 15:40,52,4
L9576890,CO,CO-TOL,,5.078622,-75.217306,"Vda El Plan, Herveo",2025-11-27 08:59,72,8
L11407015,CO,CO-TOL,,4.176469,-74.633056,Vda Guacamayas - San Tomas,2025-04-06 08:10,21,3
L13417974,CO,CO-TOL,,4.8128698,-75.1705868,Vda Guamal - Sendero La Danta,2026-07-03 07:30,31,5
L10216439,CO,CO-NAR,,1.3367468,-78.1169595,Vda Junin Vía Barbacoas,2026-01-30 08:37,97,22
L26599778,CO,CO-TOL,,4.8896315,-75.2574294,Vda La Cabaña - Páramo La Llanera,2026-05-22 06:27,63,46
L13527578,CO,CO-TOL,,4.2201714,-74.5913229,"Vda La Cajita, Melgar",2026-07-05 09:58,78,22
L11393877,CO,CO-MET,,2.0721048,-73.8475338,Vda La Esperanza—Finca el Mirador,2026-06-09 06:50,409,469
L20254089,CO,CO-TOL,,5.1463146,-74.9760333,"Vda La Rica, Falan",2026-09-07 07:28,59,7
L19146422,CO,CO-TOL,,5.1531982,-75.0214612,"Vda La Sierra, Fresno"
L19125530,CO,CO-TOL,,5.1609369,-74.8950441,Vda Las Lomas,2022-05-14 09:30,22,1
L15381126,CO,CO-TOL,,4.608226,-75.1895843,"Vda Palomar, Anzoategui",2026-03-28 12:07,62,10
L9709966,CO,CO-TOL,,4.4970351,-75.1005464,Vda San Cayetano Bajo,2019-07-24 13:30,8,2
L10128543,CO,CO-TOL,,3.9219287,-74.9560643,Vda Santa Ines,2019-10-22 13:48,11,1
L18241664,CO,CO-TOL,,4.735717,-75.3061261,Vda Totarito,2022-11-10 06:00,34,3
L19075396,CO,CO-TOL,,3.3332943,-75.7155965,Vda. Berlin Tolima
L41064254,CO,CO-TOL,,3.8998552,-75.4948618,Vda. Carrasposo--Sector Los Tanques,2025-05-18 08:14,78,5
L8669242,CO,CO-CUN,,4.4962856,-73.8525891,Vda. Coasavistá--Sector Hoyitas,2026-09-22 15:58,169,368
L64665670,CO,CO-SAN,,7.0832734,-72.9884733,Vda. Cristales--Rancho Paraiso,2026-08-29 11:26,84,50
L60820637,CO,CO-SAN,,7.0833567,-72.9889533,Vda. Cristales--Rancho Paraíso,2026-08-17 11:59,39,11
L15178615,CO,CO-CAL,,5.370814,-75.0617604,Vda. El Algarrobo--San Daniel,2026-04-03 16:05,192,89
L25734712,CO,CO-CAL,,4.9985464,-75.5501759,Vda. El Avion--Finca y Trapiche Don Gonzaga,2026-06-09 10:45,130,31
L10474943,CO,CO-RIS,,5.079872,-76.0281686,Vda. El Campamento,2025-11-22 13:16,56,20
L11610956,CO,CO-RIS,,4.8370773,-75.6996492,Vda. El Estanquillo,2025-10-30 14:05,36,6
L33542925,CO,CO-CUN,,4.4745461,-73.8201366,Vda. El Paval,2026-08-15 08:20,84,16
L9212383,CO,CO-RIS,,5.1523113,-75.9320128,Vda. El Vesubio,2019-05-04 10:09,28,2
L50945477,CO,CO-NSA,,7.7778861,-72.7887264,Vda. Juan Esteban,2025-10-07 14:29,46,6
L9680259,CO,CO-CAL,,5.0923889,-75.5870308,Vda. La Cabaña,2026-05-12 10:25,91,2
L3625306,CO,CO-ANT,,6.0521113,-75.6123331,Vda. La Clara,2026-08-08 07:42,189,101
L51466941,CO,CO-TOL,,3.8808583,-74.564625,Vda. La Colonia--Casco Urbano,2026-08-12 18:31,40,4
L29959676,CO,CO-CUN,,4.9555711,-74.2936799,Vda. La Cumbre--San Francisco,2026-07-18 11:24,60,7
L10054184,CO,CO-CAL,,4.9595835,-75.6122309,"Vda. La Pradera, Chinchina",2026-02-28 09:13,77,5
L12017494,CO,CO-RIS,,4.859711,-75.664593,Vda. La Rivera Baja--Finca Las Mejoras,2020-08-01 06:00,85,24
L9212069,CO,CO-RIS,,5.1341248,-75.9324514,Vda. Las Cabañas,2026-07-25 07:48,175,4
L16688372,CO,CO-CAL,,5.4304233,-75.0592437,Vda. Las Encimadas,2026-04-09 09:05,73,3
L37283517,CO,CO-CUN,,5.0619436,-74.2533776,Vda. Las Lajas,2026-09-25 17:41,59,5
L40909495,CO,CO-CUN,,4.9368835,-74.4198648,Vda. Las Mercedes,2026-03-07 07:52,37,3
L12115972,CO,CO-CAL,,5.291994,-75.106795,Vda. San Juan,2026-09-23 08:52,113,25
L45502426,CO,CO-CUN,,4.8020799,-74.4515877,Vda. Santa Bárbara--Finca La Hermosura 3,2025-05-19 12:30,1,1
L65919471,CO,CO-CUN,,4.9313536,-74.3895864,Vda. Santa Teresa--Madre Monte Ecoturismo,2026-08-16 17:30,39,20
L6729274,CO,CO-RIS,,4.7721865,-75.6808233,Vda. Tribuna--Casa La Lolita,2025-12-08 07:45,105,51
L8512562,CO,CO-DC,,4.1474598,-74.1733122,Vda. Ánimas Bajas,2019-01-15 08:00,7,3
L56222236,CO,CO-PUT,,0.4144053,-76.4652693,Vda_Tuayá,2025-09-14 16:30,7,1
L10171931,CO,CO-NSA,,7.6797681,-72.8341298,Vega Larga--Arboledas,2023-07-27 09:42,48,9
L41194319,CO,CO-SAN,,7.0572617,-73.1130143,Vegas Del Verde,2026-09-13 10:20,119,131
L3126096,CO,CO-VAC,,3.3795532,-76.5058708,Vegas de Comfandi,2026-09-27 11:14,82,11
L39279907,CO,CO-TOL,,4.7529144,-74.9331237,Venadillo--Cruce Santa Isabel,2025-01-08 08:45,44,0
L16244508,CO,CO-RIS,,4.905779,-75.8962752,Venecia,2026-03-28 17:03,53,2
L31330119,CO,CO-CUN,,4.0879018,-74.477508,Venecia--El Solar,2025-09-20 05:35,61,5
L59558602,CO,CO-VAC,,3.4808885,-76.1745888,Ventanal al Cielo,2026-09-27 06:16,147,47
L38620097,CO,CO-SAN,,5.8134133,-73.95931,"Ventanas de Tisquizoque, Florian",2026-08-21 18:58,59,8
L11420637,CO,CO-RIS,,4.8643522,-75.6145006,Veracruz,2026-08-26 17:03,23,1
L23443047,CO,CO-VAC,,3.3533722,-76.5318561,Verdanza Condominio Campestre,2026-05-09 06:37,49,52
L4508396,CO,CO-PUT,,1.4104849,-76.6163349,Verdea San Joaquin Putumayo,2026-05-09 11:38,159,45
L27982495,CO,CO-CAU,,1.3649999,-76.5200909,Verdeyaco—Sector La Cristalina,2026-05-09 07:00,181,115
L6046599,CO,CO-MET,,3.811929,-73.8943431,Vereda Aguas Claras,2026-09-19 06:14,337,495
L8014991,CO,CO-CUN,,5.0024399,-74.5891933,Vereda Aguas Claras,2024-02-04 14:45,151,7
L7672962,CO,CO-VAC,,3.891519,-76.182383,Vereda Alaska,2026-06-14 13:50,227,107
L8079042,CO,CO-VAC,,3.7678981,-76.0601176,Vereda Alejandría,2023-05-21 07:09,167,37
L11442836,CO,CO-CUN,,4.7793602,-73.6733663,Vereda Alemania,2026-07-02 14:39,33,3
L5252954,CO,CO-CUN,,4.7013272,-73.3721066,Vereda Algodones,2026-03-09 08:25,274,93
L9196626,CO,CO-VAC,,4.0538211,-76.4912076,Vereda Alta Cristalina,2019-05-04 06:30,71,2
L6134980,CO,CO-VAC,,4.7486111,-76.1922222,Vereda Alto Cielo,2017-07-13 06:00,75,4
L23538778,CO,CO-CAS,,5.2529625,-72.6492808,Vereda Alto Cupiagua,2025-07-03 17:17,165,22
L25713537,CO,CO-CAQ,,1.5994727,-75.2793238,Vereda Alto Guadualito—Finca Santa Elena,2026-07-04 11:21,175,77
L17429825,CO,CO-COR,,7.985,-76.123,Vereda Alto Tay,2021-05-21 07:01,51,1
L9204794,CO,CO-TOL,,3.8430656,-74.7048751,Vereda Alto de Torres,2019-12-14 06:00,32,6
L3710267,CO,CO-PUT,,1.1947624,-76.6295099,Vereda Anamú,2026-05-17 16:20,87,10
L4665391,CO,CO-MET,,3.7924462,-73.9222169,Vereda Angosturas,2025-02-28 11:21,139,21
L7733857,CO,CO-TOL,,4.3931231,-75.1707322,Vereda Aparco,2025-03-23 19:36,93,11
L39301809,CO,CO-QUI,,4.6509869,-75.768593,Vereda Arauca,2026-07-17 15:46,57,2
L4731963,CO,CO-MET,,3.7741613,-73.8695812,Vereda Arrayanes,2025-01-02 16:07,57,7
L5888687,CO,CO-SAN,,7.1643562,-73.0657339,Vereda Babilonia,2015-02-08 08:20,1,1
L5696240,CO,CO-ANT,,7.2051616,-76.4097748,Vereda Bedo,2026-08-11 17:06,310,122
L19121182,CO,CO-SAN,,6.5362413,-73.8805877,Vereda Bellavista,2022-10-28 07:20,99,3
L27400918,CO,CO-HUI,,1.8682073,-76.2079739,Vereda Bellavista,2026-09-20 16:18,28,2
L3655340,CO,CO-PUT,,1.2277827,-76.9289732,Vereda Bellavista,2026-05-09 10:18,144,64
L24062789,CO,CO-TOL,,3.2321945,-75.6369363,Vereda Berlin,2022-05-14 05:30,43,2
L55152866,CO,CO-NAR,,2.3786421,-78.3272182,Vereda Boca de Guaba,2025-11-16 17:30,13,10
L9233637,CO,CO-GUV,,2.5693824,-72.8853059,Vereda Bocas del Raudal,2026-05-13 12:31,147,11
L8045824,CO,CO-CUN,,4.2915583,-74.3778218,Vereda Bochica,2023-05-12 08:04,119,44
L22173385,CO,CO-CUN,,4.445,-74.257,Vereda Bradamonte--Sector Planta Aguasiso,2022-12-30 07:01,19,1
L4664855,CO,CO-MET,,3.7629418,-73.8666415,Vereda Brisas del Tonoa,2026-07-05 16:54,253,368
L10054711,CO,CO-GUV,,2.5832125,-72.6625038,Vereda Buena Vista--Playas del Río Guaviare,2026-09-13 06:37,299,191
L37426934,CO,CO-MET,,2.5844408,-72.660061,Vereda Buena Vista--Playas del Río Guaviare,2026-05-09 09:58,71,14
L5817911,CO,CO-CAL,,5.052659,-75.449888,Vereda Buenavista,2026-08-23 08:46,142,48
L7022540,CO,CO-CUN,,4.7228834,-73.9121747,Vereda Buenos Aires,2026-06-20 11:19,89,89
L5829403,CO,CO-ANT,,6.3359431,-75.4999995,Vereda Cabuyal--Sector Bosques del Norte,2023-11-20 21:50,100,7
L8709180,CO,CO-VAC,,3.8297667,-76.5338167,Vereda Calimita - Restrepo,2026-07-20 08:30,186,74
L4505771,CO,CO-PUT,,1.1243957,-76.6390371,Vereda Caliyaco,2026-07-20 10:51,149,91
L7372054,CO,CO-CAU,,2.6158968,-76.4122939,Vereda Camojó,2025-11-05 07:20,51,5
L3822476,CO,CO-PUT,,1.2037727,-76.7129588,Vereda Campucana,2026-09-25 06:10,480,643
L20801375,CO,CO-SAN,,6.0426343,-73.0418359,"Vereda Canada, Finca Casa de Teja",2023-10-15 06:41,68,9
L10082957,CO,CO-TOL,,4.1740991,-74.5392237,Vereda Canadá,2025-02-04 13:02,12,1
L18288962,CO,CO-CES,,10.3660512,-73.0053864,Vereda Canadá,2026-09-03 10:41,266,433
L9178316,CO,CO-RIS,,4.796583,-75.674833,Vereda Canceles,2025-05-10 18:17,114,24
L6988650,CO,CO-MET,,4.2870245,-73.5576913,Vereda Caney Alto,2026-05-09 14:30,137,22
L5808899,CO,CO-VAC,,3.4216667,-76.6505556,Vereda Carpatos,2026-05-02 16:05,231,46
L14351505,CO,CO-CUN,,4.5224889,-74.3018294,Vereda Carrizal,2021-04-06 10:00,30,2
L27546381,CO,CO-CUN,,4.5978139,-74.2817831,Vereda Cascajal--Corregimiento 2,2026-09-17 07:05,96,85
L40589592,CO,CO-SAN,,7.0666231,-73.0711629,Vereda Casiano,2025-02-15 07:30,47,0
L5985253,CO,CO-TOL,,4.4675831,-75.2583152,Vereda Cay,2026-07-07 08:51,166,27
L4265644,CO,CO-COR,,9.3562553,-75.9323716,Vereda Caño Grande,2026-08-08 07:05,189,55
L8109645,CO,CO-MET,,3.7108374,-73.8392269,Vereda Caño Leche,2025-09-17 09:34,70,4
L18679501,CO,CO-GUV,,2.2288877,-73.0202383,Vereda Caño Pescado--Predio El Paraíso,2023-08-30 10:00,179,13
L4864303,CO,CO-MET,,2.8562915,-73.797698,Vereda Caño Piedra,2025-05-25 12:21,47,8
L5831512,CO,CO-ANT,,6.4411791,-75.5510688,Vereda Cerezales,2026-09-20 06:46,181,331
L40504736,CO,CO-VAC,,3.6480283,-76.1536733,Vereda Cerrito Adentro,2026-09-01 07:28,262,259
L18075065,CO,CO-GUV,,2.5018332,-72.8442472,Vereda Cerro Azul—Predio El Lote,2026-09-11 07:35,184,61
L8552459,CO,CO-PUT,,0.9626557,-76.5650526,Vereda Champagnat,2025-05-10 08:59,124,7
L8140497,CO,CO-CAU,,2.3762821,-76.4324866,Vereda Chapio Alto,2025-10-17 07:01,58,17
L3572945,CO,CO-TOL,,4.4779848,-75.1640582,Vereda Chembe,2026-06-28 09:20,235,38
L5804408,CO,CO-TOL,,3.7480814,-75.1520205,Vereda Chenche Aguafría,2025-11-13 08:42,110,7
L5513965,CO,CO-VAC,,3.5747583,-76.5812945,Vereda Chicoral,2026-08-23 07:43,319,542
L3662565,CO,CO-PUT,,1.1531647,-76.8557516,Vereda Chorlavi Los Salados,2026-06-09 15:11,90,33
L7233977,CO,CO-ANT,,6.2792539,-75.1289964,Vereda Cirpes,2026-05-23 13:00,135,21
L51887466,CO,CO-HUI,,2.2061804,-75.5890971,Vereda Claros,2025-07-25 06:00,1,0
L28260069,CO,CO-NSA,,8.608457,-72.656456,Vereda Club de Leones,2023-12-19 07:00,47,7
L4979474,CO,CO-PUT,,0.495666,-76.4718819,Vereda Cocaya,2026-01-25 13:55,191,29
L20516836,CO,CO-VAC,,3.770442,-76.196,Vereda Cocuyos,2022-09-07 09:01,68,3
L5814802,CO,CO-VAC,,3.697506,-76.0262489,Vereda Combia,2026-05-02 06:14,59,8
L6362516,CO,CO-HUI,,1.8778752,-76.1147028,Vereda Contador,2023-08-09 09:47,73,5
L3810928,CO,CO-TOL,,3.7961111,-74.9408333,Vereda Corinto,2017-05-28 09:00,54,2
L15783707,CO,CO-BOY,,5.401,-72.724,"Vereda Corinto, Pajarito, Boyaca, (5.401, -72.724)",2026-03-23 07:02,39,3
L11017413,CO,CO-SAN,,6.9293084,-73.7744972,Vereda Cretacio,2022-12-11 07:00,99,9
L6375441,CO,CO-HUI,,1.8723099,-76.1278349,Vereda Criollo,2017-10-25 08:00,91,2
L6429977,CO,CO-HUI,,1.8570616,-76.1571997,Vereda Criollo,2024-01-30 10:11,76,3
L35268483,CO,CO-SAN,,7.088292,-73.000208,"Vereda Cristales, Piedecuesta",2026-01-31 11:27,54,10
L3896762,CO,CO-PUT,,0.7564468,-76.5010214,Vereda Cristalina Bello Horizonte,2015-07-13 10:15,3,1
L11373980,CO,CO-BOY,,5.7395255,-73.0992776,Vereda Cruz de Murcia
L7591574,CO,CO-CUN,,5.0288739,-74.5015097,Vereda Cune,2026-03-28 14:58,177,23
L32086138,CO,CO-CAL,,5.415998,-74.9530087,Vereda Delgaditas,2025-04-16 09:49,92,5
L12314318,CO,CO-CUN,,4.6705075,-74.434068,Vereda Doima,2026-06-30 15:28,47,8
L59420753,CO,CO-CUN,,4.679671,-74.433379,Vereda Doima—Finca Las Marias,2026-09-01 05:30,71,3
L3140657,CO,CO-VAC,,3.3733103,-76.6358948,Vereda Dos Quebradas,2023-02-04 08:30,81,6
L9904938,CO,CO-CAL,,5.0175068,-75.5200332,Vereda El Arroyo,2026-03-15 08:09,94,9
L7300552,CO,CO-HUI,,2.2279463,-75.6385088,Vereda El Balseadero,2023-12-13 09:52,65,15
L23259709,CO,CO-NSA,,8.0897433,-72.42622,Vereda El Berlin,2026-01-08 10:00,102,15
L11006600,CO,CO-MET,,2.2233401,-73.8184696,Vereda El Billar,2024-09-02 05:41,161,18
L5946555,CO,CO-QUI,,4.6802836,-75.6543875,Vereda El Biscocho,2026-07-09 06:57,198,92
L3215643,CO,CO-CUN,,4.2526056,-73.8071823,Vereda El Calvario,2025-08-17 09:52,285,59
L5847183,CO,CO-NSA,,7.6206541,-72.600832,Vereda El Caney,2026-06-11 12:00,40,13
L22543012,CO,CO-ANT,,6.0521283,-75.5142806,Vereda El Carmen,2026-08-23 12:51,111,88
L8243148,CO,CO-MET,,4.1729584,-73.6543899,Vereda El Carmen,2026-02-20 06:44,139,11
L14351713,CO,CO-BOY,,5.9392091,-73.1116749,"Vereda El Carmen, Duitama",2026-08-21 08:04,148,72
L41026417,CO,CO-HUI,,2.295219,-75.861738,Vereda El Cauchal,2025-01-17 17:25,9,1
L16469345,CO,CO-VAC,,4.8794485,-76.1037825,Vereda El Cedral,2025-10-11 09:21,157,22
L4665456,CO,CO-MET,,3.8102169,-73.8437891,Vereda El Central,2026-09-18 08:13,203,85
L52645100,CO,CO-SAN,,6.8657463,-73.3900259,Vereda El Centro - San Vicente de Chucurí,2026-08-01 07:33,102,7
L6529433,CO,CO-ANT,,6.7144206,-75.1885736,Vereda El Cerro,2017-11-12 06:00,17,1
L30966023,CO,CO-MET,,3.827627,-73.7373,Vereda El Danubio,2026-02-22 09:13,74,19
L3089892,CO,CO-VAC,,3.4576177,-76.6631889,Vereda El Diamante,2025-07-31 09:02,166,15
L4584570,CO,CO-HUI,,2.8442472,-75.5630851,Vereda El Diamante,2022-10-17 13:14,73,3
L8005843,CO,CO-MET,,4.0436276,-73.7944805,Vereda El Diamante,2024-04-16 09:26,95,11
L37678015,CO,CO-CUN,,4.8971683,-74.320083,Vereda El Dindel--Vía a Facatativá,2026-06-15 17:46,55,16
L4859253,CO,CO-NAR,,1.390013,-78.220948,Vereda El Diviso--El Pailón,2026-06-30 16:56,110,16
L16902960,CO,CO-MET,,1.71123,-74.245678,Vereda El Edén del Tigre,2021-11-14 08:15,27,3
L9993135,CO,CO-TOL,,5.095468,-75.134064,Vereda El Gualí,2025-02-10 15:25,27,6
L6430117,CO,CO-HUI,,1.8446226,-75.9839183,Vereda El Guamal,2026-02-08 14:56,94,5
L8663653,CO,CO-SAN,,6.7775796,-73.0974092,Vereda El Guamito - Camino Real,2026-02-25 13:35,59,3
L5820579,CO,CO-ANT,,5.8884601,-75.5890623,Vereda El Helechal,2025-12-14 07:00,32,2
L7978047,CO,CO-CUN,,4.6702742,-73.8876076,Vereda El Manzano,2026-05-17 06:29,104,19
L6597656,CO,CO-NAR,,1.1326767,-77.1735692,Vereda El Motilon,2026-05-10 14:11,96,27
L32966475,CO,CO-CHO,,5.8599966,-76.2120938,Vereda El Ocho,2026-02-24 16:09,54,8
L6725138,CO,CO-ANT,,6.7961899,-75.2165437,Vereda El Oso,2026-06-12 07:18,78,1
L10400424,CO,CO-SAN,,6.6029675,-73.0723395,"Vereda El Palmar, Curití",2026-04-18 09:03,71,16
L14881960,CO,CO-LAG,,10.4224115,-73.025477,Vereda El Piñal,2026-08-17 11:12,93,13
L30660422,CO,CO-ANT,,6.3783556,-75.7059641,"Vereda El Pomar, San Jerónimo",2024-12-26 16:30,54,2
L26732759,CO,CO-PUT,,1.09647,-76.9208033,Vereda El Porotal,2026-03-03 14:22,122,31
L8146158,CO,CO-CAQ,,1.193925,-74.543008,Vereda El Prado,2019-06-01 15:20,86,8
L5086277,CO,CO-CUN,,4.5553226,-73.9406919,Vereda El Pulpito,2026-04-18 10:08,68,11
L9201560,CO,CO-CUN,,4.98659,-74.22,Vereda El Páramo (Ventorrillo),2025-06-21 11:00,57,40
L28939989,CO,CO-MET,,1.818475,-74.1496067,Vereda El Recreo--Finca El Tapir,2026-03-10 15:43,122,39
L5056873,CO,CO-MET,,3.7474398,-73.9140844,Vereda El Retiro,2024-12-15 07:57,129,8
L19781143,CO,CO-GUV,,2.5214409,-72.7093552,Vereda El Retiro—Predio La Esperanza,2026-09-25 06:51,196,107
L7355010,CO,CO-CUN,,4.6299496,-73.8702518,Vereda El Rosario,2026-07-11 13:10,101,29
L5143071,CO,CO-PUT,,-0.1516,-74.9705,Vereda El Saladito,2018-05-07 16:00,89,2
L10886747,CO,CO-TOL,,5.068341,-75.183529,"Vereda El Salado, Herveo",2024-12-20 10:01,33,3
L36139162,CO,CO-CUN,,4.6773864,-73.9701969,Vereda El Salitre,2025-05-25 08:38,12,2
L7362366,CO,CO-CUN,,4.6740495,-73.995688,Vereda El Salitre,2026-08-15 11:43,73,35
L3855285,CO,CO-PUT,,1.0558294,-76.78231,Vereda El Silencio,2026-02-13 14:07,63,15
L5962426,CO,CO-NAR,,1.464188,-76.9531059,Vereda El Silencio,2017-06-01 07:00,16,1
L6529479,CO,CO-ANT,,6.6876965,-75.2385056,Vereda El Tablón,2025-11-08 11:30,49,3
L7945171,CO,CO-TOL,,3.8487678,-74.9145611,Vereda El Tambo,2026-07-18 18:23,46,2
L17123961,CO,CO-TOL,,5.1997227,-74.7581233,"Vereda El Tambor, Honda",2026-05-10 20:52,231,90
L16920271,CO,CO-ANT,,6.1402122,-75.5454323,Vereda El Vallano,2025-12-23 12:33,104,19
L5649272,CO,CO-ANT,,6.1025948,-75.5754277,Vereda El Vallano,2026-07-06 11:47,103,23
L20801030,CO,CO-BOY,,5.9718036,-73.205018,Vereda El Venado,2025-07-30 08:50,26,3
L6046010,CO,CO-MET,,3.7959498,-73.8511196,Vereda El Vergel,2026-08-17 14:13,232,140
L13998013,CO,CO-CAQ,,1.085329,-75.6510054,Vereda El Vergel—Finca El Edén,2021-03-09 16:30,4,0
L3859585,CO,CO-CAL,,5.0583709,-75.4342747,Vereda El Zancudo,2025-11-16 06:05,126,19
L17480999,CO,CO-CES,,10.3680809,-72.9547843,Vereda El cinco,2026-09-03 06:40,212,386
L14882437,CO,CO-CES,,10.3753578,-72.9801646,Vereda El venado,2026-08-25 10:36,189,49
L14750060,CO,CO-CUN,,5.7258056,-74.4415,Vereda Filandia Finca Mono Bertulfo,2021-05-01 06:00,55,1
L9812070,CO,CO-CUN,,4.5664,-73.8672,Vereda Fonte Choachí,2026-05-09 06:55,63,15
L11992107,CO,CO-NSA,,7.3516199,-72.6512541,Vereda Fontibón,2026-09-09 09:00,133,150
L31757841,CO,CO-BOY,,4.932,-73.476,"Vereda Fonzaque Arriba, Guayatá; Boyacá, CO (4.932, -73.476)",2026-05-09 09:14,44,22
L7492297,CO,CO-TOL,,4.8131031,-74.8030106,Vereda Gamba,2019-07-23 07:00,49,5
L51702214,CO,CO-CAQ,,1.385424,-75.53991,Vereda Germania—Finca Las Gaviotas,2025-08-17 10:08,71,5
L5884041,CO,CO-BOL,,8.2919444,-74.1088889,Vereda Guacima,2025-03-29 11:00,78,2
L72580226,CO,CO-SAN,,5.8167702,-73.9726428,"Vereda Gualilo, Florián, Santander, CO (5.817, -73.973)",2026-07-05 16:02,19,2
L7355705,CO,CO-CUN,,4.8267639,-74.5206,Vereda Gualiva,2020-01-26 10:16,12,2
L8273882,CO,CO-MET,,3.5894652,-73.7414135,Vereda Guayaquil,2023-10-28 07:29,58,5
L3657970,CO,CO-PUT,,1.2079989,-76.9053805,Vereda Hidraulica,2026-05-09 07:42,81,13
L15108435,CO,CO-CES,,10.3932136,-73.0107357,Vereda Hondo del río,2026-05-09 07:03,108,20
L49820016,CO,CO-CAQ,,2.50776,-74.6866651,Vereda Honduras,2026-01-15 13:45,67,5
L48448669,CO,CO-CAQ,,2.5181496,-74.6927733,Vereda Honduras—Finca Agroindustria,2026-01-16 05:20,175,22
L49820131,CO,CO-CAQ,,2.5092855,-74.6876941,Vereda Honduras—Finca Agroindustria (Sendero de ingreso),2026-01-16 09:10,59,8
L6777539,CO,CO-PUT,,0.8868531,-76.5897596,Vereda Islandia,2026-08-02 06:19,152,11
L5899012,CO,CO-ANT,,6.4232034,-74.7645456,Vereda Jacobo,2021-06-07 06:12,36,1
L4974935,CO,CO-PUT,,0.9999626,-76.551919,Vereda Jordania,2026-03-16 10:23,100,5
L34142558,CO,CO-GUV,,2.319672,-72.7092636,Vereda Jordán Alto,2024-06-29 06:30,74,0
L8066393,CO,CO-NSA,,7.6366639,-72.8207256,Vereda Juan Bueno,2018-10-21 07:00,3,1
L8995773,CO,CO-SAN,,7.0715207,-73.0608892,Vereda La Alsacia,2019-04-07 10:03,65,8
L7594310,CO,CO-CAL,,5.3453648,-75.2004017,Vereda La Arabia,2026-01-11 08:08,141,62
L26470074,CO,CO-ANT,,6.2866336,-75.0972605,Vereda La Araña - San Rafael,2026-06-13 10:56,124,20
L26773158,CO,CO-RIS,,5.1300165,-75.8506655,Vereda La Argentina,2026-09-05 17:22,21,4
L45763722,CO,CO-CAQ,,2.1918405,-74.9611166,Vereda La Argentina—Finca La Fortuna,2025-05-24 15:54,56,4
L7341972,CO,CO-HUI,,2.8125195,-75.6462228,Vereda La Armenia,2022-02-17 09:43,53,4
L8241037,CO,CO-CAL,,5.708943,-74.727702,Vereda La Atarraya,2025-10-02 09:57,145,17
L28098753,CO,CO-ARA,,6.781831,-70.815441,Vereda La Bendición,2025-02-10 07:36,73,17
L3817910,CO,CO-PUT,,1.1221779,-76.8383346,Vereda La Cabaña,2026-08-18 13:42,111,56
L11297498,CO,CO-ANT,,6.834,-75.279,Vereda La Candelaria,2026-01-01 08:21,146,131
L11280263,CO,CO-ANT,,6.8338746,-75.2786338,"Vereda La Candelaria (6.834, -75.279)",2025-09-28 08:36,67,1
L4474706,CO,CO-ANT,,5.8123727,-75.8017373,Vereda La Cascada,2026-06-20 11:33,285,318
L7368393,CO,CO-PUT,,0.9325093,-76.7036462,Vereda La Castellana,2025-07-12 11:17,72,4
L6261011,CO,CO-ANT,,6.0503806,-75.3282362,Vereda La Chapa,2026-05-09 19:49,103,16
L5048634,CO,CO-VAC,,3.548972,-76.630028,Vereda La Clorinda,2026-09-27 11:31,188,451
L7145138,CO,CO-NAR,,1.0987139,-77.4579222,Vereda La Cocha,2021-10-17 07:29,57,4
L3486182,CO,CO-CAS,,6.0184083,-71.1950611,Vereda La Colombina,2019-10-19 05:00,9,1
L26420778,CO,CO-VAC,,4.6137217,-76.29753,Vereda La Dorada,2023-06-28 07:00,41,2
L5186136,CO,CO-VID,,4.8571028,-70.7760394,Vereda La Esmeralda,2016-06-22 06:00,25,1
L7540676,CO,CO-BOL,,9.9518851,-75.1429787,Vereda La Espantosa,2023-12-22 11:34,69,4
L4189126,CO,CO-PUT,,1.1868677,-76.7770529,Vereda La Esperanza,2021-04-30 08:29,209,13
L7312127,CO,CO-ANT,,6.0934972,-75.4858589,Vereda La Fe,2025-03-04 11:37,89,29
L30128906,CO,CO-ANT,,6.58511,-74.9897433,Vereda La Felicia,2025-05-10 14:55,98,6
L4663224,CO,CO-CAU,,1.057486,-76.463906,Vereda La Florida--Río Achayaco,2025-10-09 08:15,114,22
L6191111,CO,CO-PUT,,0.9301921,-76.7295885,Vereda La Gaitana,2016-09-09 06:00,84,1
L4463413,CO,CO-CAL,,5.641719,-74.78212,Vereda La Habana,2026-09-09 11:51,149,18
L29797558,CO,CO-ANT,,5.9211338,-75.2746801,Vereda La Honda,2026-03-01 11:35,119,31
L5821306,CO,CO-ANT,,6.2589483,-75.4431367,Vereda La Hondita,2026-04-02 08:25,91,12
L22857941,CO,CO-VAC,,4.5363676,-76.2769934,Vereda La Hondura. El Dovio,2023-06-29 07:30,145,21
L26945592,CO,CO-VAC,,4.095064,-76.378484,Vereda La Judea - Salónica,2026-08-15 15:00,112,21
L34677228,CO,CO-SAN,,7.0934274,-73.0568203,Vereda La Judía— Finca Brasil,2026-04-07 15:16,109,54
L57314058,CO,CO-MET,,3.764576,-73.8694,Vereda La Libertad,2025-12-18 09:02,1,1
L7357298,CO,CO-GUA,,3.8138994,-67.8907228,Vereda La Minga,2024-03-17 16:48,70,12
L11462313,CO,CO-CUN,,4.8141906,-74.1144562,Vereda La Moya,2025-07-09 16:33,30,5
L24327295,CO,CO-VAC,,3.547605,-76.109682,Vereda La Nevera,2026-09-05 07:11,126,23
L8070545,CO,CO-NAR,,0.9219381,-77.8437971,Vereda La Ortiga,2026-07-29 20:07,33,9
L13957121,CO,CO-COR,,8.005,-76.092,"Vereda La Oscurana, Tierralta- Córdoba, CO (8.005, -76.092)",2026-04-01 08:25,359,132
L6467621,CO,CO-PUT,,0.9385913,-76.593818,Vereda La Palestina,2026-05-27 16:11,194,33
L7131729,CO,CO-QUI,,4.341702,-75.622753,Vereda La Palmera,2026-05-09 07:15,264,91
L24325729,CO,CO-TOL,,5.1921474,-74.942416,Vereda La Parroquia,2025-10-31 16:37,95,11
L7556276,CO,CO-BOL,,10.0944186,-75.0939748,Vereda La Pepa,2025-11-04 09:22,269,7
L3972178,CO,CO-CAS,,5.5541667,-71.8963889,Vereda La Plata,2015-08-17 05:30,93,1
L7753661,CO,CO-CAU,,2.3668314,-76.6188262,Vereda La Poblaceña,2022-10-16 08:31,56,2
L6245410,CO,CO-CAS,,5.4002642,-72.4738455,Vereda La Primavera,2026-07-10 05:54,392,348
L38446840,CO,CO-CAQ,,1.6003195,-75.8980585,Vereda La Quisayá,2024-12-01 08:52,26,3
L7362013,CO,CO-LAG,,10.5540035,-73.0068272,Vereda La Rabona,2024-10-14 16:18,102,1
L5118738,CO,CO-PUT,,-0.1809308,-74.7876263,Vereda La Raicita--Antiguos Habitantes de Caucaya,2026-09-12 06:40,188,45
L7082544,CO,CO-QUI,,4.5108965,-75.7557301,Vereda La Revancha,2026-07-03 11:17,189,118
L7076469,CO,CO-PUT,,0.437,-76.283,Vereda La Rosa,2026-05-09 05:00,135,37
L3791030,CO,CO-PUT,,1.1458491,-76.8434215,Vereda La Siberia,2024-07-28 16:33,75,43
L4326467,CO,CO-MAG,,11.0797842,-74.0397835,Vereda La Tagua,2026-08-27 06:18,245,113
L4814904,CO,CO-HUI,,2.25772,-75.480608,Vereda La Umbría,2025-11-22 09:50,94,20
L22877155,CO,CO-HUI,,2.2619956,-75.4628097,Vereda La Umbría -- Sendero Mágico Cerro Páramo de Miraflores,2026-04-15 09:42,204,71
L7413137,CO,CO-CUN,,4.6026744,-74.3788227,Vereda La Unión,2026-06-24 10:15,76,16
L11394936,CO,CO-ANT,,6.0930679,-75.6513012,"Vereda La Valeria, Caldas",2026-09-17 15:01,146,130
L25102723,CO,CO-CAL,,4.9980221,-75.5736126,Vereda La Violeta,2026-07-10 13:10,92,9
L5184756,CO,CO-ARA,,6.0558072,-69.7317266,Vereda La Virgen,2018-06-09 14:30,63,5
L3245829,CO,CO-CUN,,4.3394444,-74.5,Vereda La Vuelta,2025-11-26 17:14,215,38
L11639955,CO,CO-BOY,,5.787424,-73.13905,"Vereda La bolsa, Vía los Tanques acueducto de Peña Negra",2025-05-31 08:10,3,1
L16373093,CO,CO-HUI,,2.543093,-75.3009526,Vereda Laguinilla,2022-10-17 14:33,31,12
L9216210,CO,CO-GUV,,2.4139327,-72.5103554,Vereda Las Acacias,2019-05-04 09:00,31,1
L2709794,CO,CO-ANT,,6.9169691,-75.0277376,Vereda Las Animas,2022-11-07 07:38,176,14
L6434496,CO,CO-CAU,,2.4554541,-76.6632105,Vereda Las Chozas,2025-03-21 07:30,40,2
L9203513,CO,CO-CAL,,4.9663106,-75.6916621,Vereda Las Crucetas,2025-04-13 09:18,67,2
L7867342,CO,CO-CAQ,,1.721583,-75.663961,Vereda Las Doradas,2026-07-12 06:55,181,148
L8753450,CO,CO-CAQ,,1.7253335,-75.657654,Vereda Las Doradas—Sendero a Km 20,2025-04-19 14:34,85,8
L5489321,CO,CO-ANT,,6.341488,-75.259223,Vereda Las Frias,2026-01-25 08:02,172,47
L7448067,CO,CO-TOL,,4.3694729,-75.4569798,Vereda Las Hormas,2025-02-16 15:32,157,8
L7965441,CO,CO-HUI,,2.941891,-75.622248,Vereda Las Juntas,2025-02-10 07:03,79,8
L8005723,CO,CO-PUT,,1.0866537,-76.7208686,Vereda Las Mesas,2026-05-09 16:21,101,30
L6474189,CO,CO-PUT,,1.1047871,-76.655066,Vereda Las Planadas,2026-07-21 06:25,154,60
L4864394,CO,CO-MET,,3.3934656,-74.0451828,Vereda Las Rosas,2026-08-19 05:56,130,54
L5750112,CO,CO-ANT,,8.5769941,-76.825367,Vereda Lechugal,2026-04-02 17:23,196,27
L23615814,CO,CO-MET,,3.7694458,-73.9113097,Vereda Libertad Alta,2026-07-05 08:29,246,162
L10282689,CO,CO-CAQ,,1.487008,-74.491011,Vereda Lobitos,2021-04-27 13:08,291,55
L10002100,CO,CO-VAC,,3.4234462,-76.6197065,Vereda Los  Andes,2019-10-14 06:19,98,29
L4855017,CO,CO-MET,,3.3562476,-74.0314525,Vereda Los Alpes,2026-01-03 16:51,94,26
L22421442,CO,CO-GUV,,2.5020213,-72.7990214,Vereda Los Alpes—Predio La Cristalina,2026-02-21 13:45,161,20
L10924045,CO,CO-CAQ,,2.660127,-74.845453,Vereda Los Andes,2025-04-11 16:16,152,21
L3711330,CO,CO-PUT,,1.1185174,-76.6887546,Vereda Los Andes,2026-03-10 10:05,182,121
L7360887,CO,CO-ANT,,6.2976391,-75.0106573,Vereda Los Centros,2026-09-26 09:39,168,25
L7317444,CO,CO-PUT,,1.1762366,-76.6589391,Vereda Los Guaduales,2026-09-12 15:15,184,114
L8083169,CO,CO-MET,,3.5281578,-73.727154,Vereda Los Maracos,2026-03-17 16:56,175,121
L11403205,CO,CO-HUI,,2.247652,-75.9154337,Vereda Los Milagros,2020-05-09 17:07,96,0
L3660183,CO,CO-PUT,,1.08904,-76.8242598,Vereda Los Monos,2025-02-13 07:32,118,49
L25952411,CO,CO-HUI,,1.8794209,-76.2583792,Vereda Los Pinos,2023-06-14 06:00,16,1
L16923132,CO,CO-QUI,,4.3540079,-75.736233,Vereda Los Sauces,2026-09-21 09:34,116,43
L3235817,CO,CO-CUN,,4.3655556,-74.5172222,Vereda Los Vientos,2026-09-07 10:43,219,42
L3028359,CO,CO-TOL,,4.568957,-74.872137,Vereda Manga de La Ceiba,2024-06-10 07:45,90,3
L34599689,CO,CO-CAQ,,1.6675029,-75.3164867,Vereda Manzanares alto,2024-07-01 06:30,20,1
L7347553,CO,CO-MET,,4.2797385,-73.5790014,Vereda Marayal,2026-09-15 08:00,242,95
L45658961,CO,CO-CUN,,4.8012251,-73.9981214,Vereda Marquez el Mirador,2025-04-19 06:40,17,3
L6061027,CO,CO-MAG,,11.2133,-74.1109,Vereda Masinga,2025-12-12 06:34,138,21
L5695850,CO,CO-ANT,,6.7452449,-76.0256621,Vereda Mediacuesta,2025-12-03 15:07,36,2
L3690153,CO,CO-PUT,,1.1804318,-76.6345739,Vereda Medio Afan,2026-06-09 16:33,202,106
L9432988,CO,CO-MET,,4.3293878,-73.7491778,Vereda Mesalinda,2026-05-01 16:31,61,22
L12421079,CO,CO-TOL,,5.273868,-74.754314,Vereda Mesuno,2020-10-26 14:00,33,3
L3639325,CO,CO-PUT,,1.2000828,-76.8323278,Vereda Minchoy,2026-09-06 06:28,336,141
L3714682,CO,CO-PUT,,1.2319188,-76.6716528,Vereda Monclart,2026-05-30 10:06,188,18
L7459172,CO,CO-CUN,,4.8919309,-73.714689,Vereda Monquentiva,2026-03-15 06:55,84,35
L7941658,CO,CO-ARA,,7.0935144,-70.687705,Vereda Monserrat,2025-10-11 06:47,195,20
L5709261,CO,CO-ANT,,6.34367,-75.49767,Vereda Montañita,2026-03-22 10:51,161,21
L27570959,CO,CO-CAL,,4.9553807,-75.4235645,Vereda Montaño,2023-10-14 07:10,49,1
L4608443,CO,CO-CAL,,4.9880556,-75.4430556,Vereda Montaño,2026-07-13 07:56,187,76
L5245622,CO,CO-MET,,4.3213348,-73.7728071,Vereda Monterredondo,2025-02-15 07:00,218,64
L44413231,CO,CO-BOL,,10.5260001,-75.4412425,Vereda Monzambique,2025-10-25 11:25,126,12
L5801788,CO,CO-HUI,,2.0613799,-76.1820745,Vereda Morelia,2024-07-31 09:55,76,12
L7032439,CO,CO-ANT,,6.6916139,-75.7936424,Vereda Morrito,2026-06-19 13:35,97,5
L9598940,CO,CO-BOY,,5.195989,-73.1479855,Vereda Morro arriba,2020-10-05 12:00,45,5
L10396426,CO,CO-CUN,,4.6616075,-73.8689161,Vereda Mundo Nuevo,2026-07-12 09:48,59,4
L3650088,CO,CO-QUI,,4.4997617,-75.7495737,Vereda Murillo,2026-05-09 05:53,148,22
L7374856,CO,CO-GUV,,2.4639636,-72.7558081,Vereda Nuevo Tolima,2026-08-10 15:03,258,212
L5847385,CO,CO-NSA,,7.6572338,-72.5934505,Vereda Orozco,2025-10-28 14:26,25,9
L10232366,CO,CO-CUN,,5.1562683,-74.1580074,Vereda Pajonales,2023-10-14 12:33,111,23
L13518925,CO,CO-TOL,,5.166512,-74.977409,"Vereda Palenque, Fresno",2026-07-18 05:39,142,6
L13700267,CO,CO-QUI,,4.6233208,-75.5855927,Vereda Palestina-Navarco,2026-07-30 09:22,187,92
L7353391,CO,CO-CAS,,4.987452,-72.797911,Vereda Palmar,2021-08-25 16:38,51,6
L4187564,CO,CO-CUN,,4.8075407,-74.5301181,Vereda Palo Blanco Bajo,2019-09-21 06:20,99,3
L32248759,CO,CO-HUI,,2.419,-75.911,Vereda Panorama--La Esperanza,2026-05-04 19:48,56,2
L5823079,CO,CO-ANT,,6.0358079,-75.4850435,Vereda Pantanillo,2026-07-03 08:14,96,16
L6061119,CO,CO-MAG,,11.1816,-74.0931,Vereda Paso del Mango,2026-05-23 08:47,186,25
L5544822,CO,CO-BOY,,5.2565208,-73.1678724,Vereda Patanoa,2022-10-05 09:28,141,9
L3630578,CO,CO-PUT,,1.2115815,-76.8044329,Vereda Patoyaco,2026-05-09 12:54,210,26
L25195015,CO,CO-CAU,,1.5719846,-76.3086217,Vereda Petrolera,2024-05-11 16:58,69,12
L23924920,CO,CO-VAC,,3.42624,-76.6539625,Vereda Peñas Blancas,2026-06-15 07:27,230,99
L27564082,CO,CO-NAR,,1.5282243,-76.9836096,Vereda Peñas Blancas,2026-06-06 13:57,26,2
L33343118,CO,CO-MET,,3.890852,-73.784231,Vereda Pio XII,2025-06-23 19:32,86,47
L5848237,CO,CO-QUI,,4.4164667,-75.8401682,Vereda Pisamal,2026-08-23 13:32,238,289
L7288766,CO,CO-CAS,,5.2817659,-72.541346,Vereda Plan Brisas,2026-05-09 17:30,19,1
L25379829,CO,CO-TOL,,4.3213753,-75.5349209,Vereda Potosí,2026-09-06 16:56,167,143
L26442764,CO,CO-TOL,,4.302273,-75.549225,Vereda Potosí - Sector Palomar,2026-09-06 09:43,253,237
L6211695,CO,CO-ANT,,6.1789556,-75.7254231,Vereda Pueblito,2026-05-09 16:27,132,23
L4901512,CO,CO-CAL,,5.1527434,-75.5070055,Vereda Pueblo Hondo--Carretera Neira,2026-02-13 09:54,203,75
L3587254,CO,CO-PUT,,1.2015416,-76.6588426,Vereda Pueblo Viejo,2026-07-17 07:35,216,163
L9920547,CO,CO-CUN,,5.0009759,-74.2289463,Vereda Puente Boa,2019-09-15 11:45,11,3
L20646580,CO,CO-VAC,,3.8536537,-76.5733208,"Vereda Puerta Negra, Restrepo, Valle del Cauca",2024-10-26 14:20,83,9
L9198241,CO,CO-GUV,,1.8212484,-72.749245,Vereda Puerto Cubarro--Finca El Mirador,2025-09-25 05:26,318,34
L21659230,CO,CO-NSA,,8.348829,-72.442667,Vereda Puerto León,2026-04-02 11:00,161,22
L4865177,CO,CO-MET,,3.1025924,-73.7825274,Vereda Puerto Lucas,2026-09-17 16:50,125,25
L8362874,CO,CO-BOY,,5.0839823,-73.3226323,"Vereda Quigua Arriba, Garagoa",2026-05-09 05:48,60,6
L11753800,CO,CO-CAU,,2.4449941,-76.4453342,"Vereda Quintana, Popayán",2026-02-28 10:32,125,54
L5899541,CO,CO-ANT,,6.4381286,-74.7836937,Vereda Ranchoelata,2017-05-21 06:00,52,0
L6855627,CO,CO-ANT,,7.6408158,-76.5964222,Vereda Remigios-Chigorodó,2026-07-12 10:26,250,100
L4664954,CO,CO-MET,,3.8001112,-73.9550257,Vereda Rio Azul,2024-09-07 10:59,119,13
L5708944,CO,CO-QUI,,4.1819077,-75.7712575,Vereda Rio Gris,2025-12-27 12:17,313,132
L3708909,CO,CO-PUT,,1.1260261,-76.6654086,Vereda Rumiyaco,2026-02-21 14:58,215,131
L3643030,CO,CO-PUT,,1.1471792,-76.6504419,Vereda Rumiyaco-Los Andes,2026-05-09 08:40,194,59
L4057364,CO,CO-CAL,,4.997564,-75.551333,Vereda Río Claro,2026-08-30 06:57,360,507
L27075516,CO,CO-QUI,,4.1991555,-75.7914136,Vereda Río Gris--Inicio,2025-11-15 10:17,81,7
L5708804,CO,CO-ANT,,8.4745371,-76.7978454,Vereda Río Necoclí,2026-05-09 06:55,260,184
L5840826,CO,CO-BOY,,5.727999,-73.5232,Vereda Saavedra de Roncancio,2026-05-09 16:29,65,16
L31747193,CO,CO-CUN,,4.2424572,-74.0197999,Vereda Salitre--Gutiérrez,2024-05-12 16:01,60,11
L7368730,CO,CO-ANT,,6.3295451,-75.0133181,Vereda San Agustín,2026-09-22 07:51,233,133
L5520824,CO,CO-ANT,,5.6628045,-75.7564068,Vereda San Antonio,2026-09-06 18:33,151,28
L6448270,CO,CO-PUT,,1.1838643,-76.6762877,Vereda San Antonio,2026-05-09 09:38,237,92
L14824275,CO,CO-CUN,,4.9951606,-74.3054917,Vereda San Antonio Bajo,2021-05-08 06:45,25,1
L53398894,CO,CO-PUT,,1.0667283,-76.6257433,Vereda San Carlos--Ecoturayah,2026-04-17 05:54,109,25
L53387465,CO,CO-PUT,,1.0732317,-76.625635,Vereda San Carlos--Finca Kennedy,2026-02-08 12:12,67,11
L9059429,CO,CO-CUN,,4.6163487,-74.4892656,Vereda San Esteban
L3632354,CO,CO-CAL,,5.128821,-75.549443,Vereda San Gabriel,2026-03-06 10:10,164,38
L18469731,CO,CO-SAN,,7.1127528,-73.2703328,Vereda San Gabriel - Lebrija,2026-09-13 06:31,272,469
L19767967,CO,CO-NAR,,1.193012,-77.975651,Vereda San Isidro,2026-01-18 06:51,67,6
L39182457,CO,CO-SAN,,6.8213111,-73.3379808,Vereda San Javier,2025-01-04 14:53,8,0
L3972980,CO,CO-ARA,,6.2166667,-71.55,Vereda San Joaquín,2015-08-29 05:00,107,1
L6494150,CO,CO-PUT,,1.2192187,-76.6168928,Vereda San Joaquín,2019-01-20 06:00,88,4
L7360766,CO,CO-MET,,4.211455,-73.5194671,Vereda San Jorge,2025-05-10 07:18,174,50
L7360614,CO,CO-CUN,,4.7540003,-73.9397478,Vereda San Jose de La Concepcion,2020-05-29 15:42,72,8
L3940602,CO,CO-HUI,,2.265,-75.6641667,Vereda San José de Belen,2023-09-06 09:33,82,7
L21109254,CO,CO-QUI,,4.1034738,-75.82011,Vereda San Juan Alto-Finca Costa Rica,2025-12-27 14:56,214,57
L4507514,CO,CO-PUT,,1.3858588,-76.6320419,Vereda San Juaquin,2025-05-10 17:37,179,45
L4505933,CO,CO-PUT,,1.1358947,-76.6952562,Vereda San Luis de Chontayaco,2026-08-25 08:00,118,21
L3645077,CO,CO-PUT,,1.2329485,-76.7189026,Vereda San Martin,2026-06-21 09:40,309,67
L25611371,CO,CO-HUI,,2.3513089,-75.9108187,"Vereda San Martin, La Plata",2026-01-12 09:14,130,44
L22608902,CO,CO-CUN,,4.227004,-74.394158,Vereda San Miguel Alto--Sector Santo Domingo,2023-02-15 17:45,1,0
L66330623,CO,CO-CUN,,4.2047024,-73.801882,Vereda San Miguel Guayabetal,2026-08-10 17:43,20,5
L27501422,CO,CO-CUN,,4.2211345,-74.3866748,Vereda San Miguel--Sector Porvenir Las Rositas Parte Media,2026-05-16 10:41,121,84
L17393190,CO,CO-VAC,,3.5130617,-76.6228096,Vereda San Pablo Km 18,2026-09-27 13:41,200,81
L4660574,CO,CO-CAQ,,1.7101585,-75.6088811,Vereda San Pacho,2024-06-29 16:18,145,18
L55363797,CO,CO-MET,,3.8756115,-73.8333096,Vereda San Pedro,2026-07-29 07:09,20,2
L6003440,CO,CO-NAR,,1.1644163,-77.4521112,Vereda San Rafael,2026-09-24 14:39,89,16
L5841690,CO,CO-RIS,,4.8491278,-75.5761957,Vereda San Ramon,2026-09-17 15:50,182,30
L62623944,CO,CO-NSA,,7.881034,-72.807899,Vereda Santa Anita—CER La Hoyada,2026-09-25 07:00,151,46
L10434902,CO,CO-CUN,,4.8103822,-74.4477634,Vereda Santa Barbara,2025-04-29 15:35,75,6
L17043676,CO,CO-SAN,,7.1187874,-73.0908133,Vereda Santa Barbara Baja,2026-08-07 09:42,66,14
L32773686,CO,CO-NSA,,7.561055,-72.483173,Vereda Santa Bárbara,2025-04-12 05:30,69,19
L36434728,CO,CO-MET,,3.741509,-73.877312,Vereda Santa Bárbara,2026-05-17 14:32,123,25
L4720356,CO,CO-CAQ,,1.7691399,-75.6398016,Vereda Santa Helena,2026-05-09 05:48,175,79
L8273856,CO,CO-MET,,3.5171593,-73.7249115,Vereda Santa Helena,2026-06-08 15:09,172,90
L7368686,CO,CO-CAU,,1.3241316,-76.5502721,Vereda Santa Marta,2026-09-11 16:55,172,98
L21806045,CO,CO-CUN,,4.2335878,-74.41866,Vereda Santa Rosa--Arbol de caucho,2022-12-14 08:15,7,0
L10228953,CO,CO-CAQ,,1.5936044,-75.6584053,Vereda Santo Domingo,2025-03-03 06:35,50,2
L7746033,CO,CO-PUT,,0.305505,-75.012028,Vereda Senseya,2022-02-04 11:25,29,4
L38074185,CO,CO-HUI,,3.0350205,-75.0894441,"Vereda Sierra de la Cañada, Tello.",2024-11-15 14:30,21,1
L9206734,CO,CO-GUV,,2.4235661,-72.5668821,Vereda Simón Bolivar,2019-05-04 05:30,44,3
L5840135,CO,CO-BOY,,4.8898785,-73.3679652,Vereda Sinai,2018-01-17 14:30,14,2
L46032013,CO,CO-CAQ,,2.0282747,-74.8490179,Vereda Sotará—Parcela 4,2025-05-28 07:42,117,7
L29868999,CO,CO-CUN,,4.4708,-74.3594,Vereda Subia Alta,2024-05-10 16:00,8,0
L10991096,CO,CO-NSA,,7.265232,-72.5768552,Vereda Tane,2026-09-23 15:40,84,53
L10950718,CO,CO-TOL,,5.05783,-75.202153,"Vereda Tesoritos, Herveo",2026-05-14 07:56,71,31
L5233730,CO,CO-MAG,,11.2657486,-74.0687084,Vereda Tinajas,2026-02-11 08:58,134,49
L33772464,CO,CO-NSA,,7.8794203,-73.0553845,Vereda Toledo— Las Golondrinas,2025-02-22 15:44,28,4
L15851581,CO,CO-GUV,,2.3800146,-72.7937014,Vereda Triunfo II--Finca la Esperanza,2023-07-30 14:00,254,34
L10279591,CO,CO-CUN,,4.7122265,-73.4931935,Vereda Tunjita,2026-09-25 16:00,107,49
L14526727,CO,CO-CUN,,4.8811553,-74.0752543,Vereda Tíquiza (cerros occidentales),2026-06-22 12:14,28,7
L4773659,CO,CO-SAN,,6.9279772,-73.3529063,Vereda Venceremos - Q el Ramo,2024-06-03 07:43,119,10
L6951609,CO,CO-HUI,,2.2777754,-75.4597449,Vereda Ventanas,2026-09-07 11:30,267,100
L3630676,CO,CO-PUT,,1.2411434,-76.9123006,Vereda Villa Flor,2025-04-28 17:45,61,3
L3975243,CO,CO-PUT,,0.7578414,-76.5877131,Vereda Villaflor,2024-12-18 13:05,78,3
L7373147,CO,CO-PUT,,1.1437145,-76.6625145,Vereda Villanueva,2025-12-14 17:37,105,18
L4015964,CO,CO-PUT,,1.142674,-76.611743,Vereda Villarica,2024-06-12 08:21,68,3
L18740462,CO,CO-HUI,,2.1801319,-75.4899111,Vereda Villarica -- Cabaña (Polígono En Conservación),2024-03-28 10:46,37,3
L7344959,CO,CO-RIS,,4.7781984,-75.6344157,Vereda Volcanes,2026-06-17 17:36,163,49
L35320677,CO,CO-RIS,,5.2243422,-75.9818568,Vereda Yarumal,2026-05-01 06:05,130,15
L12704140,CO,CO-NSA,,7.5819452,-72.6569023,Vereda Zarcuta (Bochalema),2026-09-23 10:00,167,67
L3690218,CO,CO-PUT,,1.1215638,-76.6089535,Vereda Zarzal,2026-07-10 09:30,233,148
L6473176,CO,CO-CES,,10.3638404,-72.9783203,Vereda de San Antonio,2026-09-05 12:40,294,687
L2705596,CO,CO-MET,,4.1416667,-73.6663889,Vereda del Carmen,2026-09-19 08:05,266,357
L7264413,CO,CO-GUV,,2.7459915,-72.3738581,Vereda el Edén--Predio El Triunfo,2026-04-24 06:15,324,116
L3006096,CO,CO-VAC,,3.4224454,-76.6001034,Vereda el Faro,2026-03-12 07:30,173,42
L8488598,CO,CO-PUT,,1.024221,-76.658141,Vereda el Guineo,2026-05-03 09:05,32,5
L22547637,CO,CO-CAU,,2.4401366,-76.5662001,Vereda el Hogar,2026-06-22 07:51,78,14
L11431465,CO,CO-CAU,,2.4710885,-76.5674368,"Vereda el Paraiso, Popayan",2026-08-29 08:16,73,14
L26578911,CO,CO-HUI,,2.3594233,-75.8952283,Vereda el Tablón,2025-04-20 06:24,132,45
L54369896,CO,CO-SAN,,6.856636,-73.011167,Vereda la Cabrera Alta- Sendero Los Naranjos,2025-10-19 06:42,32,6
L11429628,CO,CO-CHO,,5.9100736,-76.1475841,"Vereda la Clara, El Carmen de Atrato",2025-05-10 07:07,242,57
L4136114,CO,CO-PUT,,1.1955347,-76.8821955,Vereda la Cumbre,2026-04-19 14:31,46,7
L3606590,CO,CO-VAC,,4.19576,-76.41473,Vereda la Debora,2019-12-15 07:58,67,5
L22812106,CO,CO-CUN,,4.5318281,-74.3374169,Vereda la Floresta,2023-02-24 09:04,22,2
L46658390,CO,CO-MET,,3.677322,-73.829423,Vereda la Meseta,2026-09-16 13:00,82,23
L30858750,CO,CO-RIS,,5.2578776,-75.9655696,Vereda la Trinidad alta,2025-10-07 17:01,116,13
L21899901,CO,CO-HUI,,1.932306,-75.715814,Vereda las Mercedes,2026-02-16 17:40,144,39
L66333648,CO,CO-CUN,,4.2058923,-73.8193056,Vereda san Antonio,2026-05-09 06:19,1,1
L5840390,CO,CO-BOY,,5.747492,-73.574462,Verede Hatillo y Socha,2023-05-13 15:45,45,17
L2782779,CO,CO-ANT,,6.4475196,-75.5542767,Veredea Alto de Medina,2024-06-06 03:30,98,47
L6529582,CO,CO-ANT,,6.6736753,-75.1689291,Veredea La Bonita,2023-06-24 06:10,65,3
L6426144,CO,CO-CUN,,4.9784433,-74.558175,Verreda El Hatillo,2025-10-11 09:00,149,51
L50863043,CO,CO-CUN,,5.0990992,-74.6015472,Versalles
L55785294,CO,CO-CUN,,5.1175865,-74.5937281,"Versalles, Cundinamarca",2026-03-23 12:18,23,2
L6446043,CO,CO-VAC,,3.5699011,-76.5760288,Via Dapa-Chicoral (El Filo),2026-08-30 10:21,238,316
L37764593,CO,CO-RIS,,5.3123252,-75.7901252,Via El Tigre - Guatica,2026-07-06 21:21,58,7
L49587003,CO,CO-VAU,,1.2424429,-70.2164025,Via Mitú Monfort -- Barrio Km 2,2025-07-12 09:24,9,1
L49586930,CO,CO-VAU,,1.2461769,-70.2203211,Via Mitú Monfort -- Sendero de Mituseño (abierto),2025-11-28 15:36,67,8
L49587245,CO,CO-VAU,,1.2373141,-70.2136302,Via Mitú Monfort -- Trituradora y Reserva El Chundú,2026-05-09 06:53,65,11
L18871899,CO,CO-NAR,,0.8169195,-77.3600946,Via Monopamba - Paramo La Esperanza,2025-05-03 06:56,46,8
L3988419,CO,CO-ANT,,6.087653,-75.672619,Via Parque Caldas-Angelopolis,2026-09-27 06:52,275,209
L7532916,CO,CO-MAG,,10.9977425,-74.6949291,Via Parque Isla de Salamanca,2026-09-05 11:21,311,222
L1856337,CO,CO-MAG,,11.0061174,-74.6836423,Via Parque Isla de Salamanca--Centro Administrativo Los Cocos,2026-09-24 10:46,362,1935
L1051521,CO,CO-MAG,,10.9921711,-74.5622349,Via Parque Isla de Salamanca--Lagunas Costeras,2026-08-31 17:08,339,345
L4863631,CO,CO-MET,,3.1120627,-73.7656081,Via Puerto Lucas,2026-08-25 07:28,102,34
L21562894,CO,CO-SAP,,12.4883543,-81.7300987,Via Velodia,2026-09-26 16:42,63,33
L22765389,CO,CO-SAN,,7.0901172,-73.8910702,Via a Termo Barranca,2025-12-26 07:41,146,48
L4909316,CO,CO-NAR,,1.8191118,-78.7571132,Viaducto Puente del Morro,2026-09-25 14:45,90,94
L28664606,CO,CO-CUN,,4.8536642,-74.577136,Viani--La Franja,2025-11-28 17:06,133,35
L465367,CO,CO-CAL,,5.3168668,-74.9120387,Victoria (Casco Urbano),2026-07-17 11:36,266,199
L10319814,CO,CO-CAL,,5.3234524,-74.8342519,Victoria--El Llano,2026-01-28 10:00,75,7
L49787014,CO,CO-VAC,,3.7006132,-76.442727,"Vijes, Parque Principal",2026-04-01 01:18,3,1
L5828139,CO,CO-CES,,10.389701,-73.0194953,Villa Adelaida Ecolodge,2026-09-20 07:02,210,191
L13690391,CO,CO-AMA,,-3.7479076,-70.4333445,"Villa Andrea, Río Loretoyacu",2026-08-20 21:02,124,9
L16226796,CO,CO-CUN,,5.0839994,-74.3896173,Villa Aurora,2025-04-05 10:00,44,6
L9146532,CO,CO-VAC,,3.3836581,-76.6256104,Villa Carmelo,2026-09-06 17:26,89,18
L29960094,CO,CO-VAC,,3.3719903,-76.627393,Villa Carmelo - La Candelaria - Cascada La Escondida,2026-09-27 08:01,153,38
L34735287,CO,CO-RIS,,5.3165177,-75.9960365,Villa Claret,2026-07-10 09:27,125,11
L57462584,CO,CO-RIS,,4.7224016,-75.6877488,Villa Cristina Casa-Boutique,2026-08-23 09:21,98,14
L4894164,CO,CO-HUI,,2.775901,-75.2512541,Villa Gabriela Casa Campestre,2024-09-07 06:43,57,5
L29259881,CO,CO-GUV,,2.7602354,-72.2636183,Villa Lilia Centro Turístico,2026-09-16 10:41,266,121
L14823570,CO,CO-QUI,,4.5916665,-75.6332799,Villa Lina,2026-08-29 17:52,221,249
L12874089,CO,CO-TOL,,4.8808563,-75.1757741,Villa Lore Glamping - Murillo,2026-03-28 14:02,14,1
L4330663,CO,CO-MAG,,11.2814735,-73.8782367,Villa Maria Tayrona,2026-09-06 14:50,238,198
L12250128,CO,CO-NSA,,7.5328469,-72.6352355,Villa Marina,2024-05-30 16:32,60,20
L9024305,CO,CO-VAC,,3.5034818,-76.193561,Villa Martica,2024-06-08 07:29,86,37
L40824877,CO,CO-TOL,,4.2305647,-75.2230024,Villa María de Los Ángeles,2025-12-04 14:34,59,8
L32496683,CO,CO-VAC,,3.4985894,-76.1881095,Villa Migelita Ecolodge Glamping,2025-10-30 11:33,90,30
L27145799,CO,CO-CAU,,1.5434592,-76.3169678,Villa Monika,2026-05-09 11:13,88,11
L28719340,CO,CO-CAL,,5.1611122,-75.6112401,Villa Mostro,2026-05-16 10:19,52,2
L10343489,CO,CO-TOL,,4.2824132,-75.0249562,Villa Noé,2025-03-26 11:04,77,6
L22295257,CO,CO-CUN,,4.2754151,-74.4102067,Villa Olimpica de Arbalaéz,2026-09-06 13:09,92,39
L13627685,CO,CO-SAN,,7.1224288,-73.0752703,Villa Penelope,2026-06-15 09:22,113,57
L47572295,CO,CO-TOL,,4.5372686,-75.3143636,Villa Restrepo--Casa Pinares,2025-06-14 07:10,26,1
L9745623,CO,CO-BOY,,5.747829,-73.5737964,Villa Rouse Posada a Cascada de las Golondrinas,2025-12-07 06:51,71,51
L12389670,CO,CO-HUI,,2.751294,-75.247098,"Villa Santa Gloria de las Jotas, Mesitas",2026-08-17 15:32,149,497
L27665292,CO,CO-CUN,,4.5178091,-74.3587428,Villa Sueños,2026-04-17 17:10,128,34
L47075694,CO,CO-TOL,,4.415,-75.403,Villa Tangara,2025-06-04 16:00,29,5
L16697190,CO,CO-TOL,,4.2129333,-74.6170225,Villa Vivi,2021-10-23 06:25,32,2
L8651245,CO,CO-VAC,,3.5439098,-76.580798,Villa de Aurora (Acceso Restringido),2026-08-14 14:44,184,41
L71284818,CO,CO-CUN,,5.0653672,-74.5999532,Villa de Guaduas,2026-07-12 16:00,2,2
L3394429,CO,CO-BOY,,5.6593983,-73.5325134,Villa de Leyva--Alto de los Migueles,2025-12-15 08:35,43,4
L10381427,CO,CO-BOY,,5.6331587,-73.5376624,Villa de Leyva--Casa Realidad y Ensueño,2019-12-19 06:17,37,4
L9154293,CO,CO-BOY,,5.6289266,-73.5179651,Villa de Leyva--El Duruelo,2026-04-26 06:24,46,8
L3153742,CO,CO-BOY,,5.6404151,-73.5146928,Villa de Leyva--Hostal Renacer y alrededores,2026-07-01 06:23,61,10
L8885298,CO,CO-BOY,,5.634337,-73.520244,Villa de Leyva--Instituto Alexander von Humboldt,2026-09-21 08:35,54,13
L20038641,CO,CO-BOY,,5.6433934,-73.5159432,Villa de Leyva--Museo Paleontológico,2026-09-04 07:53,59,34
L7369553,CO,CO-BOY,,5.6348138,-73.520768,Villa de Leyva--Parque Ricaurte,2026-08-29 09:21,94,70
L8536123,CO,CO-BOY,,5.6266213,-73.5516487,Villa de Leyva--Pozos Azules,2026-08-17 12:13,31,9
L7369548,CO,CO-BOY,,5.6340089,-73.540442,Villa de Leyva--Vereda Monquirá,2026-09-15 11:51,71,24
L8321596,CO,CO-BOY,,5.655337,-73.53361,Villa de Leyva--Vereda Salto y Bandera,2026-03-30 06:10,76,14
L11378984,CO,CO-RIS,,4.8027502,-75.7125593,Villa del Prado,2026-09-20 13:36,50,6
L22098257,CO,CO-RIS,,4.7984359,-75.7067354,Villa del Prado,2026-04-26 07:28,37,6
L12220080,CO,CO-NSA,,7.8236297,-72.4534633,Villa del Rosario,2026-01-14 11:37,53,10
L33648729,CO,CO-TOL,,5.2024761,-74.8851709,Villa del sol,2026-07-24 17:53,55,6
L9211682,CO,CO-CUN,,5.33122,-74.21746,Villagómez--Cerro Azul,2025-12-31 15:10,72,5
L9231289,CO,CO-TOL,,5.0298527,-75.1225491,Villahermosa y alrededores,2026-08-23 06:12,139,35
L8898747,CO,CO-TOL,,5.0299336,-75.1173958,Villahermosa--Casco Urbano,2026-07-30 09:42,45,7
L53683186,CO,CO-CAQ,,1.6362669,-74.5586887,Villalobos del Caguán,2025-10-05 05:54,1,0
L10603692,CO,CO-CAL,,5.0201,-75.4573,Villamaría--Camino Gallinazo-La Florida,2026-09-06 11:59,93,10
L16784682,CO,CO-CAL,,4.9936158,-75.4188938,Villamaría--Casa Teja,2026-09-18 07:07,227,64
L11428614,CO,CO-CAL,,5.0359425,-75.5229933,Villamaría--La Floresta,2026-07-27 14:51,114,12
L11411379,CO,CO-BOL,,10.463437,-75.2755173,Villanueva,2025-01-08 13:04,1,0
L11960416,CO,CO-CUN,,5.2167302,-73.5965107,Villapinzón--Casco Urbano,2026-09-10 07:29,24,5
L38159020,CO,CO-MET,,4.1281727,-73.6254574,Villavicencio,2026-09-25 15:30,80,32
L11041368,CO,CO-MET,,4.1667475,-73.61753,"Villavicencio, Aeropuerto Vanguardia",2026-06-14 08:32,155,77
L9188728,CO,CO-CUN,,5.0284034,-74.4557946,"Villeta, Acceso Antiguo",2026-03-22 07:15,234,73
L22345673,CO,CO-CUN,,5.0113034,-74.47016,Villeta--Casco Urbano,2026-06-24 15:18,31,5
L21380662,CO,CO-CUN,,5.0425271,-74.4566877,Villeta--Estación de Tren,2024-05-11 09:59,42,6
L21380494,CO,CO-CUN,,5.0069847,-74.4694205,Villeta--Malecón del Río,2026-06-16 16:43,42,5
L43865003,CO,CO-TOL,,3.9205472,-75.4791813,Vino Llano Grande,2025-10-11 05:48,95,22
L37536665,CO,CO-CUN,,4.4408488,-74.5167315,Viotá--Quebrada La Victoria,2026-08-29 16:13,113,29
L31087349,CO,CO-VAC,,3.43563,-76.5952528,Virgen de Yanaconas,2026-08-02 06:30,99,14
L12825249,CO,CO-BOL,,10.5396744,-75.4180568,Vivarium del Caribe,2026-06-29 17:40,149,80
L21088274,CO,CO-ANT,,6.326497,-75.0930819,Vive El Bosque EcoLodge,2023-06-03 11:05,82,12
L5835145,CO,CO-ANT,,6.050301,-75.519156,Vivero Cantos de Agua,2026-07-19 09:28,161,113
L31301504,CO,CO-HUI,,2.7751306,-75.2510279,Vivero Cortijo,2024-05-04 06:00,18,1
L10305682,CO,CO-QUI,,4.5902214,-75.6411422,Vivero La Selva,2026-05-10 11:40,102,60
L3585146,CO,CO-PUT,,-0.1805016,-74.7781849,Vivero Municipal,2026-05-09 16:21,128,30
L22771521,CO,CO-RIS,,5.0809415,-75.9259987,Voladero El Zarzo,2026-02-05 11:01,109,5
L16067576,CO,CO-NAR,,0.826423,-77.939526,Volcán Chiles (Colombia),2026-05-09 16:30,52,12
L9834999,CO,CO-NAR,,0.929021,-77.866009,Volcán Cumbal,2024-05-11 06:34,20,3
L24018189,CO,CO-TOL,,4.4877923,-75.3813325,Volcán Machín,2026-09-05 11:16,77,25
L7999083,CO,CO-MET,,3.7535883,-73.8743171,Vuelo Carmesi,2026-06-11 05:24,189,205
L14677959,CO,CO-SAN,,7.0695899,-73.0653044,Vía A Montefiore - Abajo,2021-04-30 09:40,38,3
L48596754,CO,CO-BOY,,5.4488024,-72.7167476,Vía Alto de la Virgen,2026-03-08 09:05,16,5
L2998201,CO,CO-VAC,,3.6143679,-76.8763018,Vía Antigua a Buenaventura (histórico - utilice un hotspot más específico),2025-07-19 18:28,487,855
L4685730,CO,CO-CAQ,,1.852136,-75.666135,Vía Antigua al Huila—Corredor de los Hypopyrrhus,2026-08-23 16:00,221,157
L4686621,CO,CO-CAQ,,1.862284,-75.671249,Vía Antigua al Huila—Mirador de Florencia,2025-09-27 14:00,214,81
L6189864,CO,CO-CAQ,,1.845681,-75.67045,Vía Antigua al Huila—Mirador de las Tangaras,2025-11-02 07:47,176,69
L4686678,CO,CO-CAQ,,1.875162,-75.678212,Vía Antigua al Huila—Nacimiento del Hacha,2025-05-10 09:44,93,32
L4593816,CO,CO-CAQ,,1.8403709,-75.6620371,Vía Antigua al Huila—Puente Río Tarqui,2026-08-23 15:35,212,192
L6275330,CO,CO-CAQ,,1.864017,-75.671879,Vía Antigua al Huila—Puente de las bandadas (Km 44+350),2026-04-26 16:10,166,143
L4935974,CO,CO-CAQ,,1.813787,-75.661252,Vía Antigua al Huila—Quebrada La Portada,2026-08-23 07:15,205,159
L51363855,CO,CO-CUN,,5.2962818,-74.5672073,Vía Antigua--El Dindal-Guaduas,2026-08-07 06:06,11,1
L30241961,CO,CO-AMA,,-4.1788671,-69.9474268,"Vía Antiguo Basurero, Km 3",2026-08-12 09:15,143,44
L24368224,CO,CO-VAC,,3.9286376,-76.19294,Vía Buenos Aires - La María,2026-03-23 11:41,217,78
L45264536,CO,CO-TOL,,3.7199329,-75.5074521,Vía Chaparral-Aguayo,2026-05-14 08:00,90,0
L28098863,CO,CO-ARA,,6.737407,-70.737957,Vía Corocoro a Cravo Norte,2024-04-05 06:54,55,18
L28098866,CO,CO-ARA,,6.701919,-70.693635,Vía Corocoro a Cravo Norte—Lagunas,2025-02-10 08:15,95,18
L11476422,CO,CO-TOL,,4.7997222,-75.0301343,Vía Corozo - Puerto Mecato (Santa Isabel),2020-05-17 07:45,70,1
L52383737,CO,CO-SAN,,7.0951638,-73.0111403,Vía Cúcuta - El Polo,2026-08-30 06:59,43,28
L57987852,CO,CO-VAC,,3.5452261,-76.127449,Vía El Socorro - La Nevera,2026-09-07 12:09,19,2
L3866511,CO,CO-QUI,,4.636221,-75.4685832,Vía Finca La Montaña,2026-09-26 10:00,307,409
L10524481,CO,CO-CUN,,4.4727434,-73.8339021,Vía Fómeque - Chingaza,2026-09-12 16:48,105,23
L23559026,CO,CO-CUN,,4.71289,-73.3775219,Vía Hacienda La Leona - Alto de Tacuya,2026-07-03 15:18,108,12
L23559010,CO,CO-CUN,,4.7123712,-73.3634558,Vía Hacienda La Leona - Río Trompetas,2026-09-07 16:15,151,50
L3402094,CO,CO-HUI,,2.1485009,-76.4044887,Vía Isnos-Paletara sector PNN Puracé,2025-11-20 15:30,244,149
L7159531,CO,CO-NAR,,1.3405165,-78.1131333,Vía Junin-Barbacoas,2026-08-02 08:57,155,92
L60217406,CO,CO-DC,,4.597393,-74.028488,Vía Los Verjones,2026-03-14 10:24,11,1
L9207385,CO,CO-CAQ,,1.4578212,-75.7924381,Vía Morelia a Belén de los Andaquíes—Vereda Aguacaliente,2025-04-18 10:23,28,4
L22677365,CO,CO-CAL,,5.452604,-75.79071,Vía Palermo - La Caucana,2024-05-19 08:14,12,0
L65697133,CO,CO-SAN,,6.85668,-73.39078,Vía Panamá - Vía el Edén,2026-08-04 17:37,30,0
L1119416,CO,CO-ANT,,6.133813,-75.6790209,Vía Parque Caldas-Angelópolis,2025-06-14 07:56,158,22
L4106984,CO,CO-PUT,,1.1432318,-76.921978,Vía Porotoyaco,2026-07-13 13:38,55,5
L16601023,CO,CO-HUI,,1.914804,-76.0849696,Vía RN Montebonito-RN Pompeya,2025-08-24 16:27,36,6
L27412365,CO,CO-PUT,,1.084406,-76.8340015,Vía San Francisco - Mocoa - El Silencio,2026-09-22 14:08,90,48
L3630830,CO,CO-PUT,,1.0845776,-76.8180799,Vía San Francisco-Mocoa--El Silencio,2026-08-05 10:48,288,59
L25674446,CO,CO-BOY,,5.6587067,-74.0649858,Vía San Pablo De Borbur - Pauna,2025-10-11 14:57,64,5
L29265991,CO,CO-BOY,,4.7690989,-73.2863397,Vía Santa María - Medina,2026-06-16 14:43,74,11
L23559034,CO,CO-CUN,,4.7116284,-73.3843854,Vía Tominejas - Alto del Quemado,2026-03-28 11:01,70,15
L14058762,CO,CO-CAQ,,1.197621,-75.7085739,Vía Valparaíso-Santiago,2023-05-27 05:55,135,12
L23428655,CO,CO-CAS,,5.2622308,-72.6495108,Vía Vereda Alto Cupiagua,2025-05-10 05:19,43,6
L4894558,CO,CO-PUT,,0.4881239,-76.5071851,Vía Vereda La Playa,2026-08-13 17:59,190,153
L3310063,CO,CO-VAC,,3.606614,-76.879725,Vía a Anchicayá - El Danubio,2026-06-24 07:31,314,216
L2956996,CO,CO-VAC,,3.5278348,-76.7409039,Vía a Anchicayá - El Queremal a Doña Dora,2026-09-27 08:42,396,1022
L886731,CO,CO-VAC,,3.5949727,-76.8060701,Vía a Anchicayá - La Elsa a La Cascada,2026-05-08 15:19,363,180
L4375599,CO,CO-VAC,,3.565273,-76.757763,Vía a Anchicayá - Quebrada Los Caleños,2026-08-21 10:28,306,449
L4859256,CO,CO-NAR,,1.5363139,-78.0903268,Vía a Barbacoas,2026-01-05 11:08,201,49
L16834446,CO,CO-NSA,,7.862059,-72.552906,Vía a Camen de Tonchala,2026-08-20 07:45,85,14
L6492602,CO,CO-LAG,,11.4207018,-73.0487323,Vía a La Plazoleta,2026-08-11 07:07,261,845
L4817239,CO,CO-VAU,,1.271805,-70.215821,Vía a Mituseño Urania -- Bq Rebalse La playa Urania,2026-08-26 15:05,378,269
L49582188,CO,CO-VAU,,1.271037,-70.2088121,Vía a Mituseño Urania -- Potreros Pacoma,2026-06-02 06:23,159,48
L49581910,CO,CO-VAU,,1.2663766,-70.2233277,Vía a Mituseño Urania -- Potreros entrada Barrio Bq Murillo,2026-05-09 05:40,108,10
L17464076,CO,CO-VAU,,1.2720625,-70.2047844,Vía a Mituseño Urania -- Reserva Miyaviva,2026-08-01 05:52,226,86
L9207917,CO,CO-CAQ,,1.4463083,-75.8677538,Vía a la Posada de los Andakíes,2026-05-09 10:45,23,6
L38014502,CO,CO-RIS,,4.8769986,-75.6145701,"Vía al Mirador Alto de Monserrate, Santa Rosa de Cabal",2026-04-02 14:40,77,5
L65718127,CO,CO-VAC,,3.9193165,-76.5951347,Vía la Holanda,2026-05-09 06:39,99,3
L9210185,CO,CO-CUN,,4.098243,-74.4659928,Vía salto la chorrera Venecia,2019-05-04 05:36,34,2
L45412420,CO,CO-CAS,,5.1962566,-72.3121792,WISIRARE LODGE,2026-02-17 16:21,126,18
L12595215,CO,CO-TOL,,5.2069275,-74.7521124,Waka Hotel Rural,2026-09-08 17:29,234,181
L40063168,CO,CO-SAN,,7.0065999,-73.4145475,"White-mantled Barbet Spot, La Palmita",2025-05-10 06:53,20,7
L40630685,CO,CO-AMA,,-3.7757115,-70.3579805,Wochine Reserve - Local Fish Farm,2026-08-18 13:30,265,92
L12389980,CO,CO-CUN,,4.3220536,-74.4948509,Xe Kin Conect Pachamama,2021-02-20 05:39,144,13
L23831714,CO,CO-HUI,,3.0312268,-75.48123,YAYA Reserva Natural,2026-01-25 15:46,151,59
L54055343,CO,CO-CUN,,5.458114,-74.336109,Yacapi--Vda. Piñuelas,2025-10-11 16:32,56,7
L65583188,CO,CO-CUN,,5.460997,-74.361528,Yacopí--Vda. San Jerónimo,2026-05-09 10:10,95,20
L23913684,CO,CO-CUN,,5.451829,-74.352944,Yacopí--Vereda Alonso,2026-05-09 13:45,62,20
L16313979,CO,CO-CUN,,5.4548715,-74.3346927,Yacopí--Vereda La Mina,2025-08-27 11:00,47,4
L61451396,CO,CO-CUN,,5.509875,-74.347315,Yacopí--Vereda Mismis,2026-05-10 06:17,101,17
L16596362,CO,CO-HUI,,2.6622833,-75.5137025,Yaguará--Puerto Embalse Betania 104,2026-06-03 07:37,96,8
L12154526,CO,CO-VAC,,3.4177146,-76.6071855,Yanaconas,2024-04-14 09:10,39,3
L10016030,CO,CO-CAL,,5.1085444,-75.535544,Yarumo Eco Experience,2019-10-10 09:30,33,1
L31574594,CO,CO-CUN,,4.854827,-73.6797537,Yonama
L53324892,CO,CO-VAC,,3.5480268,-76.6106841,Yotoco Lodge,2026-09-21 15:08,165,58
L65879891,CO,CO-NAR,,1.6717163,-76.9864162,Yunguilla,2026-05-09 08:00,24,1
L7159779,CO,CO-PUT,,1.3059376,-76.5908774,Yunguillo,2025-02-15 15:09,87,12
L24317878,CO,CO-CUN,,4.0468185,-74.4475022,ZRC Venecia,2023-05-13 05:14,15,6
L24318022,CO,CO-CUN,,4.054608,-74.4381565,ZRC Venecia--Vrda. Las Mercedes,2023-05-13 07:06,29,5
L11435625,CO,CO-VAC,,3.4424292,-76.6637516,"ZYGIA, Estación Biológica ICESi",2026-06-11 09:56,297,108
L12353908,CO,CO-CAU,,2.267819,-77.357336,Zamarrito de Pinche ProAves Reserve,2006-11-20 07:00,11,0
L22174257,CO,CO-SAN,,6.8160504,-73.2702006,Zapatoca,2026-09-20 16:00,115,23
L20765605,CO,CO-VAC,,3.8464517,-76.8649769,Zaragosa-San Cipriano (Carril de las Brujitas),2026-09-07 06:03,238,221
L30227252,CO,CO-BOY,,5.2985101,-73.1656942,Zetaquira--Hotel Las Heliconias,2026-08-09 07:00,73,6
L17771312,CO,CO-BOY,,5.2728642,-73.1759667,Zetaquira--Ruta Llano Largo
L16788082,CO,CO-CUN,,4.7945803,-74.3865189,Zipacón--Camino a Torres de Manjui,2021-09-25 06:30,16,2
L10284705,CO,CO-CUN,,4.7594346,-74.3799818,Zipacón--Casco Urbano,2026-09-13 10:37,41,3
L35649123,CO,CO-MET,,3.8955595,-73.5450133,Zocay Ecolodge,2026-09-04 15:00,214,164
L465340,CO,CO-COR,,9.3698333,-75.8603333,Zona Deltáica-Estuarina del Río Sinú,2026-06-29 07:30,239,351
L1099371,CO,CO-VAC,,3.4804902,-76.5099907,Zona Verde y Cancha Deportiva,2025-05-23 08:07,34,5
L6379861,CO,CO-MAG,,11.3280117,-73.9643383,Zona de Camping Playa El Cabo,2026-08-09 10:02,139,41
L17808009,CO,CO-LAG,,11.5087847,-72.9205975,Zona de Parantiza,2022-02-18 11:32,31,2
L27603469,CO,CO-ATL,,11.0107703,-74.7976432,Zoológico de Barranquilla,2026-09-16 03:00,39,14
L4789870,CO,CO-VAC,,3.4485135,-76.558709,Zoológico de Cali,2026-09-15 14:32,182,284
L27570000,CO,CO-CUN,,4.6188945,-74.4820978,anapoima,2026-04-19 07:03,72,3
L67552106,CO,CO-TOL,,4.8929394,-75.246479,antes del rio lagunilla,2026-07-29 11:20,27,2
L16920527,CO,CO-BOY,,5.9378585,-72.9957532,cerro pan de azúcar,2021-10-12 00:00,4,1
L41067041,CO,CO-RIS,,4.8865967,-75.7223225,dosquebradas
L37269346,CO,CO-SAN,,7.09926,-73.0674581,florida blanca,2025-09-17 17:07,65,5
L60848551,CO,CO-NSA,,7.5114815,-72.6358992,guayabales,2024-05-19 10:05,16,1
L21313719,CO,CO-DC,,4.500864,-74.1115284,parque Cantarrana,2022-10-22 08:00,3,1
L38639039,CO,CO-DC,,4.6626255,-74.1516249,pondaje La Magdalena,2024-12-15 07:30,9,4
L16091738,CO,CO-COR,,7.8677102,-75.8517885,puerto anchica,2025-08-22 06:18,56,4
L56474985,CO,CO-TOL,,4.423869,-75.2604239,reserva natural Orquídeas del tolima
L10343709,CO,CO-TOL,,4.2861527,-75.034555,rio gualanday,2024-11-15 06:00,29,3
L9218395,CO,CO-BOY,,5.7455525,-72.6763383,"salina de gameza, Mongua",2026-07-12 08:59,31,7
L9185283,CO,CO-BOY,,5.6215236,-73.4574087,santuario de flora y fauna de iguaque,2019-05-04 04:30,12,0
L54021578,CO,CO-SAP,,13.347032,-81.3743591,sendero the peak,2026-09-11 06:21,40,4
L9218304,CO,CO-BOY,,5.7425715,-72.6592472,"sirguaza, sismosa",2019-05-04 09:10,4,0
L31785618,CO,CO-BOY,,5.0259153,-73.4451476,vereda Boqueron,2024-05-12 10:00,1,2
L26709158,CO,CO-TOL,,4.5139955,-75.3001514,vereda el retiro Pastales,2026-07-18 07:08,105,10
L42297599,CO,CO-CAL,,5.1739944,-75.1591873,vereda san vicente
L9834983,CO,CO-NAR,,0.943593,-77.876994,volcán cumbal
L13803582,CO,CO-GUA,,2.812582,-70.4687009,Águila Arpía ProAves Reserve,2024-06-04 16:28,327,1641
L41618843,CO,CO-SAN,,5.9874635,-73.2212893,Ángel entre montañas birding-El Taladro,2026-09-07 15:03,193,121
L38974680,CO,CO-VAC,,3.3276375,-76.6438263,Árbol De Cerezo- Vereda El Pato,2026-09-08 07:45,81,21
L27576596,CO,CO-NSA,,8.220049,-73.2369661,Área Natural Única Los Estoraques,2026-04-06 06:00,68,10
L18198793,CO,CO-RIS,,4.9403866,-75.9340083,Área de Recreación Alto del Rey,2026-03-31 08:36,133,15
L9189740,CO,CO-CUN,,5.1887808,-74.4807193,Útica--Casco Urbano,2026-05-02 14:10,48,5
L22837087,CO,CO-CUN,,5.1801799,-74.4847794,Útica--Las Margaritas,2026-04-08 12:58,170,34
