L10346390,EC,EC-S,,-2.733644,-78.275015,"""Y"" Via a  Patuca",2025-05-13 17:15,14,3
L4911833,EC,EC-S,,-3.2,-78.46,27 de Noviembre - Bomboa,2012-07-04 07:00,42,1
L4967723,EC,EC-A,,-2.7241389,-79.1908056,3 Lagunas a 20 km del poblado Patul,2016-09-12 08:30,5,0
L37696663,EC,EC-Z,,-4.661035,-79.162525,ACMUS- Palanda,2026-09-08 16:50,154,18
L18054729,EC,EC-G,,-2.2090162,-80.1891577,ANPR El Guayacan,2026-03-01 18:03,162,36
L7947285,EC,EC-A,,-2.9096898,-79.5967254,Abdón Calderón - Azuay,2024-10-12 06:53,22,1
L2761395,EC,EC-R,,-1.46999,-79.5705,Abras de Mantequilla IBA,2016-11-02 15:00,41,1
L4813496,EC,EC-R,,-1.5463732,-79.6843529,Abras de Mantequilla: San Juan de Abajo (20m),1996-03-27 11:00,59,6
L18290308,EC,EC-P,,0.1676943,-78.3396568,"Abrazo del Bosque, Reserva del Águila Inca",2025-04-10 12:43,69,7
L12379387,EC,EC-N,,-1.020619,-77.902904,Achiyaku Tambu,2026-04-17 14:45,249,48
L27992474,EC,EC-N,,-0.9980674,-77.8793069,Achiyaku Tambu
L10195951,EC,EC-Y,,-2.5044283,-76.9739056,Achuar Lodge,2023-01-24 10:00,80,14
L12552366,EC,EC-P,,-0.3118851,-78.4715951,Administración Zonal Los Chillos,2026-07-31 08:57,33,20
L7849641,EC,EC-D,,-0.4617426,-76.9862223,Aeropuerto Francisco de Orellana (OCC),2026-09-01 10:49,51,58
L3157728,EC,EC-P,,-0.1103223,-78.3640148,Aeropuerto Internacional Mariscal Sucre (UIO)--Reservorio de agua lluvia,2026-09-26 15:02,152,1486
L26772691,EC,EC-P,,-0.1243636,-78.360967,Aeropuerto Internacional Mariscal Sucre (UIO)--Área general y terminal de pasajeros,2026-09-27 07:46,168,1742
L3882368,EC,EC-N,,-1.056109,-77.5840548,Aeropuerto Jumandy de Tena y alrededores (TNW),2026-09-26 16:38,375,280
L4878075,EC,EC-G,,-2.1492255,-79.8832092,Aeropuerto de Guayaquil y alrededores,2026-09-25 08:25,115,346
L3135609,EC,EC-M,,-0.9539361,-80.6837593,Aeropuerto de Manta,2026-08-11 06:50,69,31
L9083394,EC,EC-O,,-3.4447427,-79.9956183,Aeropuerto de Santa Rosa (ETR),2026-01-02 06:24,19,1
L24321576,EC,EC-S,,-3.1933881,-78.5673308,Agett-Geary Reserve,2026-09-14 14:54,229,287
L36411044,EC,EC-N,,-0.4456587,-77.9399135,Agroecoturismo Chacra Del Valle,2024-11-20 06:41,50,10
L27466225,EC,EC-N,,-1.1721509,-77.9204464,Agroturismo El Picaflor,2023-11-03 08:00,21,1
L2763215,EC,EC-U,,-0.1441667,-76.3486667,"Aguas Negras, Sucumbios",2026-07-03 11:32,263,17
L6877230,EC,EC-I,,0.4256877,-78.2679463,Aguas Termales de Timbuyacu,2017-12-09 09:15,14,1
L24372884,EC,EC-N,,-0.901051,-77.7752461,Aguayacu Birding Amazon,2026-09-17 10:34,260,248
L11846849,EC,EC-N,,-0.8963256,-77.7679069,Aguayacu Birding Lodge,2026-09-01 08:54,183,42
L9353301,EC,EC-N,,-1.0542227,-77.5470289,Ahuano,2026-02-18 13:08,233,43
L28508139,EC,EC-N,,-1.0407634,-77.5666521,"Ahuano, Misicocha",2026-02-10 10:02,35,6
L18127044,EC,EC-I,,0.4419908,-78.2199932,Ajumbuela y alrededores
L2762618,EC,EC-N,,-1.03,-77.7,Al oeste de Misahualli (parroquia: Puerto Misahualli),2026-05-09 12:57,233,20
L17003832,EC,EC-P,,0.0295437,-78.6807394,Alambi Reserve,2026-09-26 09:17,393,4064
L4791098,EC,EC-H,,-2.2019591,-78.8482976,Alausi (pueblo),2026-03-06 06:11,47,26
L21928877,EC,EC-P,,0.0330872,-78.6652329,Aldea Turistica Puma Sacha,2025-10-22 15:30,31,4
L31277793,EC,EC-P,,0.030507,-78.666395,Aldea Turística Puma Sacha--Sendero a la cascada El Rayo,2026-04-19 13:59,14,5
L11897407,EC,EC-G,,-2.15598,-79.972457,"Aledaño, sendero Poliducto 3 bocas - Pascuales",2026-06-03 10:31,168,124
L3933185,EC,EC-U,,0.6247807,-77.5014639,Alegría road near Santa Barbara,2026-02-25 10:02,58,3
L49346720,EC,EC-L,,-4.034373,-79.393078,Algarrobera—Cordilleran Parakeet site,2026-09-10 08:57,46,37
L10936576,EC,EC-SD,,-0.3220821,-79.0003163,Alluriquín,2024-04-27 15:21,69,8
L33596009,EC,EC-SD,,-0.319706,-79.004809,Alluriquín--Dormidero de Garzas,2026-02-20 15:27,10,1
L12470864,EC,EC-SD,,-0.3184302,-78.9541483,Alluriquín--Unión Del Toachi,2022-01-07 10:45,39,4
L6073864,EC,EC-C,,0.7926589,-77.8681755,Alrededores de Tufiño: San Carlos - Santa Barbara,2020-01-11 16:00,51,2
L6607289,EC,EC-D,,-0.8973775,-75.443244,Alta Florencia and Napo River Islands,2026-09-16 16:30,367,30
L40896465,EC,EC-S,,-2.3532182,-78.2281303,Alto Arapicos,2026-05-25 09:31,35,6
L2762652,EC,EC-E,,0.9141353,-78.5440063,Alto Tambo (parroquia: Alto Tambo),2026-01-21 07:44,244,19
L27819172,EC,EC-P,,0.0748977,-78.7461138,Alto Tulipe,2023-11-03 07:10,49,1
L25887980,EC,EC-Y,,-1.6557868,-77.917614,Altos del Pastaza,2026-08-18 06:23,160,41
L2355539,EC,EC-N,,-1.0862425,-77.9446507,Alukus Community and Laguna Azul,2026-08-06 13:40,226,36
L21331017,EC,EC-N,,-1.0404445,-77.6664178,Ama Ecolodge & Reserve,2026-09-22 17:53,375,819
L19584914,EC,EC-A,,-2.5974106,-78.4449709,Amaluza--Campamento Sopladora,2022-06-11 10:39,26,2
L3870446,EC,EC-A,,-2.6011658,-78.4436241,Amaluza--Carretera antes del campamento Sopladora,2024-10-29 11:00,32,5
L19591787,EC,EC-A,,-2.5890955,-78.4665751,Amaluza--Subestación Sopladora,2022-06-11 14:07,12,2
L21094910,EC,EC-N,,-0.7172095,-77.5738586,Amarun Pakcha Cultural Research and forest conservation,2026-09-27 15:02,487,921
L19144234,EC,EC-S,,-3.1311394,-78.5372791,Amazon Bird,2024-10-12 06:17,129,39
L14375235,EC,EC-T,,-1.2506392,-78.6424927,Ambato--Parque El Sueño - Paseo ecológico,2026-09-04 13:30,53,39
L2762471,EC,EC-T,,-1.238,-78.618,Ambato--Parque Montalvo,2022-10-22 11:48,11,2
L17395625,EC,EC-T,,-1.226334,-78.6207852,Ambato--Quinta de Juan León Mera-Jardín Botánico Atocha-La Liria,2026-08-22 08:30,46,24
L738139,EC,EC-I,,0.4481944,-78.0073889,Ambuquí,2026-08-16 06:15,61,28
L34137717,EC,EC-N,,-1.055885,-77.5316377,Anaconda Lodge Ecuador,2026-04-18 12:30,43,7
L55183872,EC,EC-P,,0.094007,-78.740246,Ancapi,2026-07-11 17:39,30,2
L1485621,EC,EC-SE,,-2.3118529,-80.8845671,Anconcito--vicinity,2024-10-23 07:46,97,27
L1889526,EC,EC-SE,,-2.3297692,-80.8412604,Ancón-Atahualpa pozos petroleros,2025-02-18 14:46,97,36
L6769793,EC,EC-H,,-2.2197301,-79.009614,Anejo Guayllanag (Cerro Curiquingue),2023-11-12 08:53,59,10
L7121844,EC,EC-I,,0.376434,-77.9525042,Angapamba,2021-10-09 13:19,26,4
L21774702,EC,EC-A,,-2.9044977,-79.3269491,Angas y alrededores,2026-09-27 16:48,54,36
L31859365,EC,EC-Y,,-1.4151891,-78.1417079,Antenas Abitagua,2026-01-04 16:07,55,21
L894839,EC,EC-Z,,-4.0130037,-79.0147363,Antigua Carretera Loja-Zamora (Old Loja-Zamora Rd),2026-09-14 15:19,472,581
L51529623,EC,EC-Z,,-4.0395855,-78.9939331,Antigua Carretera Loja-Zamora--lower (1000-1200m),2026-07-01 09:02,113,22
L12619872,EC,EC-P,,-0.1922992,-78.4725694,Antigua vía a Cumbayá,2026-05-02 05:45,47,30
L10015571,EC,EC-Y,,-1.5103179,-77.9056311,Antiguo Sendero - Colonia 12 de febrero,2026-03-07 16:48,133,15
L53250661,EC,EC-P,,-0.4558849,-78.320514,Antisana Condor Observatory,2026-09-22 06:36,87,205
L683386,EC,EC-N,,-0.5018859,-78.2438319,Antisana--general area (*Please use this hotspot for longer traveling counts and historical checklists.),2026-09-22 09:04,252,1448
L17777533,EC,EC-N,,-1.071,-77.672,Apayacu Reserve,2026-09-21 21:24,163,10
L19873332,EC,EC-N,,-0.9676223,-77.8108986,Arahuana Jungle Resort & Spa,2026-08-13 08:06,109,18
L28771609,EC,EC-N,,-1.103932,-77.592466,Arajuno Lodge y alrededores,2026-09-18 17:49,281,266
L3214345,EC,EC-P,,0.084594,-79.09956,Arasha Tropical Forest Resort and Spa,2025-03-22 07:15,107,11
L32849673,EC,EC-N,,-0.9208763,-77.830477,Archidona--Inchillaqui,2025-05-12 09:24,5,1
L1083553,EC,EC-N,,-0.8918929,-77.8005245,Archidona--Paraíso de las Orquídeas (Orchids' Paradise Lodge),2026-07-31 06:47,174,52
L58001425,EC,EC-S,,-2.2269428,-78.1214543,Area Municipal de Conservacion Domono y Zonas Cercanas,2026-07-25 10:07,71,31
L9199180,EC,EC-I,,0.2099886,-78.3459463,Area de Protección y Conservación Cerro Blanco,2024-11-07 21:38,155,55
L1477836,EC,EC-P,,-0.102763,-78.543935,Areas between Quito and Yanacocha,2026-09-14 17:11,166,281
L54502971,EC,EC-P,,-0.2795323,-78.2377837,Arroyo de Observación de Aves Pishanga,2026-08-23 16:55,11,6
L6663667,EC,EC-G,,-2.0490712,-79.9314058,Arrozales (Cerro Totoral),2021-01-10 07:06,42,1
L17738758,EC,EC-M,,-0.9315817,-80.457082,Arrozales y humedales de Rocafuerte,2026-09-06 17:01,79,36
L13417020,EC,EC-Y,,-1.5786144,-77.9398636,Asociación Guayusa Runa (Comunidad Guayusa Runa),2022-08-23 22:00,81,8
L12665239,EC,EC-Y,,-1.5267593,-77.980072,Asociación Kichwa Guayusa Runa,2026-02-28 22:00,139,22
L2763256,EC,EC-E,,0.8511667,-79.8315,"Atacames bypass, Esmeraldas",2026-08-03 10:00,131,12
L1822133,EC,EC-E,,0.8610211,-79.8478603,Atacames--vicinity,2022-08-12 10:30,67,36
L1764939,EC,EC-SE,,-2.3118615,-80.7735114,Atahualpa y alrededores,2026-02-12 16:04,126,153
L2735046,EC,EC-P,,-0.0879449,-78.5924578,Atajo/Shortcut from Yanacocha to Quito-Nono road,2026-09-26 07:43,174,456
L25799096,EC,EC-Y,,-1.5820125,-75.6869389,Aves Ceilán,2026-05-09 06:43,127,6
L21333625,EC,EC-D,,-0.6248782,-77.4214883,Avila Viejo community forest reserve,2026-09-16 14:29,430,155
L2166918,EC,EC-E,,0.9710453,-78.5555114,Awa (La Union) Road,2026-08-13 08:14,348,219
L16869163,EC,EC-M,,-1.6836058,-80.808774,Ayampe-- H. Finca Punta Ayampe,2026-04-03 07:29,174,69
L9426017,EC,EC-M,,-1.6765839,-80.8027125,Ayampe--Cabañas Refugio del Colibrí,2026-07-26 10:38,287,218
L17545860,EC,EC-M,,-1.6894761,-80.8045037,Ayampe--Cerro Ayampe,2026-09-11 11:53,219,155
L1785055,EC,EC-M,,-1.6740526,-80.8152078,"Ayampe--Estuario del río Ayampe (river, delta & wetlands)",2026-09-19 15:48,323,767
L16869155,EC,EC-M,,-1.6914538,-80.8100583,Ayampe--Hostería Atamari y alrededores,2025-12-17 09:38,123,35
L6144131,EC,EC-M,,-1.677432,-80.7950259,Ayampe--Reserva Río Ayampe de la Fundación Jocotoco,2026-07-10 08:37,255,99
L10683061,EC,EC-M,,-1.6756159,-80.804636,Ayampe--Ruta del Colibrí,2026-09-14 07:07,394,980
L17165295,EC,EC-M,,-1.6791886,-80.807918,Ayampe--general area (*HISTORICAL DATA ONLY; please use a more specific location for current checklists),2026-03-07 12:30,212,28
L5270875,EC,EC-F,,-2.820954,-78.919593,Ayancay--Via a Zumbahuaico,2018-03-13 00:00,27,3
L18065076,EC,EC-SE,,-1.9794633,-80.7545763,Ayangue,2025-11-20 12:40,89,19
L3965290,EC,EC-F,,-2.7424444,-78.84583,Azogues y alrededores,2026-07-01 09:24,56,26
L18802236,EC,EC-F,,-2.7216112,-78.8285351,Azogues--Virgen de la Nube y alrededores (Cerro Abuga),2025-07-14 09:10,26,4
L28210693,EC,EC-Z,,-3.9609469,-79.0143103,BALNEARIODOS HERMANOS,2026-04-17 13:37,32,6
L16670899,EC,EC-S,,-2.4256026,-78.1387152,BOSQUE DE ARRAYANES DEL GAD PARROQUIAL DE STA. MARIANITA - SUCUA,2021-10-17 09:00,39,1
L6125178,EC,EC-R,,-1.7983725,-79.5347983,Babahoyo--Malecón 9 de octubre,2025-09-29 06:27,30,5
L3999289,EC,EC-R,,-1.8005631,-79.5229499,Babahoyo--Área general,2015-11-06 12:12,11,2
L4212331,EC,EC-N,,-0.4682126,-77.8870583,Baeza antenna road,2026-06-15 14:03,262,108
L858436,EC,EC-N,,-0.4640815,-77.8892469,Baeza--town & vicinity,2026-09-21 08:23,386,690
L1885739,EC,EC-M,,-0.6114635,-80.4122127,Bahia de Caraquez-San Vicente--general area (*Please consider using a more precise location if possible),2022-03-25 09:00,131,10
L37483113,EC,EC-G,,-2.7324136,-80.27946,Bahía Muyuyo,2025-07-21 08:00,30,1
L57949059,EC,EC-S,,-2.2183755,-78.2242774,Bajada Loma del Tigrillo.,2025-01-18 06:30,22,1
L7948881,EC,EC-G,,-2.9075354,-79.8515304,Balao--Camaroneras y estuario,2018-09-21 14:30,38,1
L9977947,EC,EC-P,,-0.006943,-78.72075,Balcón Tumpiki,2026-09-26 07:04,307,1021
L7796023,EC,EC-O,,-3.2418072,-80.0494559,Balneario Jambelí,2022-03-13 11:00,34,3
L28133445,EC,EC-Y,,-1.4987923,-77.8797878,Balneario Piedra Negra,2025-07-05 17:36,113,38
L14641198,EC,EC-N,,-1.1637627,-77.8575969,Balneario Río Anzu,2024-02-10 09:30,62,2
L16718769,EC,EC-P,,0.0756138,-79.050109,Balneario Río Caoní,2025-04-23 18:02,133,15
L7889936,EC,EC-N,,-0.90375,-77.807944,Balneario de Archidona,2026-05-20 06:47,76,27
L6123444,EC,EC-L,,-4.2653876,-80.2462292,Balsa Real,2025-11-15 10:54,48,3
L9462223,EC,EC-O,,-3.7612013,-79.8228173,Balsas y alrededores,2025-08-24 15:45,3,1
L4948468,EC,EC-W,,-0.4757399,-90.3138828,Baltra <-> Santa Cruz Caleta Tortuga Negra,2026-09-19 14:37,57,186
L6046749,EC,EC-W,,-0.4450257,-90.2689973,Baltra--Aeropuerto (GPS) y alrededores,2026-09-27 14:23,57,637
L7667787,EC,EC-W,,-0.4479175,-90.2582182,Baltra--Ensenada Tortuga Negra,2026-08-26 08:15,55,27
L7185148,EC,EC-W,,-0.4832961,-90.2773833,Baltra--Muelle Itabaca,2026-09-20 12:20,60,245
L4948458,EC,EC-W,,-0.4357268,-90.2847815,Baltra--Muelle de Pasajeros Seymour y alrededores,2026-09-13 11:54,64,555
L471635,EC,EC-W,,-0.4627082,-90.2750874,Baltra--Área general,2026-09-24 11:57,77,455
L2763232,EC,EC-G,,-1.373,-79.887,"Balzar, Guayas",2020-10-14 17:30,89,11
L9122730,EC,EC-N,,-1.0072236,-77.8540168,Baneario de Bueno,2026-01-18 18:31,25,2
L12171406,EC,EC-L,,-4.0305196,-79.1777615,Barrio - El Carmen,2024-10-12 06:20,56,7
L2762283,EC,EC-P,,-0.16,-78.48,"Barrio Amazonas, Quito",2026-04-16 09:07,22,11
L21453807,EC,EC-P,,0.05031,-79.0570846,Barrio Lindo y alrededores,2026-03-22 09:53,63,2
L9657409,EC,EC-P,,0.2835834,-79.2727713,Barrio Nueva Aventura,2023-01-15 15:23,150,10
L11741392,EC,EC-T,,-1.4106038,-78.4158997,Baños de Agua Santa--Camino Runtún,2026-07-11 08:27,71,10
L58344420,EC,EC-L,,-4.1232617,-80.407691,Baños del Inca,2026-01-20 11:23,4,0
L20771755,EC,EC-A,,-2.9371383,-79.0677423,Baños--Cerro Uchuloma,2026-07-14 06:29,58,49
L9694718,EC,EC-T,,-1.418336,-78.4263325,Baños--La Casa del Árbol,2026-09-10 08:30,173,87
L16901434,EC,EC-T,,-1.39624,-78.3803014,Baños--Parque de la Familia,2026-08-29 17:30,95,28
L5223665,EC,EC-T,,-1.4132735,-78.4131789,Baños--Ruta de pajareo San Antonio de Puntzán,2026-05-29 07:55,173,113
L471687,EC,EC-T,,-1.397865,-78.4209788,Baños--Área general y alrededores inmediatos,2026-09-12 07:58,241,307
L10702863,EC,EC-O,,-3.7600807,-79.8435793,Bellamaría--Quinta Napoles,2026-07-22 10:54,26,1
L3459370,EC,EC-Y,,-1.32653,-77.97115,Bellandia Lodge,2023-01-04 09:14,201,15
L20705342,EC,EC-Z,,-4.768976,-79.10008,Bellavista (Zamora Chinchipe),2026-06-07 09:46,156,10
L468896,EC,EC-P,,-0.015922,-78.681206,Bellavista Cloud Forest Lodge,2026-09-26 12:30,458,6075
L627342,EC,EC-P,,-0.019841,-78.6840835,Bellavista--camino a la estación científica (research station road),2026-09-25 11:27,372,1494
L13048694,EC,EC-D,,-0.9069302,-75.4314284,Bello Horizonte,2023-09-16 10:51,93,3
L9848101,EC,EC-P,,-0.073176,-78.768926,BioZone Mindo,2026-09-14 10:03,291,148
L43360562,EC,EC-S,,-1.4779217,-78.1259367,Biopark,2026-08-29 15:30,158,23
L12769067,EC,EC-Y,,-1.4645841,-77.9905701,"Bioparque ""Yana Cocha""",2025-11-09 10:03,43,6
L24388294,EC,EC-Z,,-4.0624018,-78.927341,Bird House,2023-04-24 06:50,29,1
L7375022,EC,EC-N,,-1.2329757,-77.903173,Birdtrail CIPCA,2024-06-04 09:15,84,15
L59613810,EC,EC-P,,0.0340665,-78.8695694,Birdwatcher's House Milpe,2026-09-25 14:20,170,59
L16693921,EC,EC-S,,-2.0359821,-77.9846385,Birdwatching Facility Kenku/Bamboo&Birds,2024-06-29 00:45,90,7
L5267592,EC,EC-N,,-0.663423,-77.790672,Blue-browed Tanager - Trail,2026-08-20 13:38,115,26
L30605792,EC,EC-G,,-3.0009611,-79.837826,Boca de Tenguel,2013-12-21 09:00,14,1
L9120434,EC,EC-U,,0.3801225,-76.4113592,Boca del río Cuembí,2026-09-14 11:30,35,2
L1331789,EC,EC-W,,-0.3064822,-91.3824169,Bolivar Channel (Reminder: do not use hotspots with eBird pelagic protocol),2026-08-16 11:51,40,207
L4912346,EC,EC-S,,-3.23,-78.46,Bomboa,2012-07-17 06:30,48,1
L468862,EC,EC-N,,-0.4506944,-77.8601389,Borja Road,2026-09-25 14:56,334,1013
L36135923,EC,EC-C,,0.6561184,-77.5720596,"Bosque ""La Soledad""",2026-07-19 06:36,85,22
L11771342,EC,EC-F,,-2.7233996,-78.8593697,Bosque Aguilán,2016-01-24 11:00,7,1
L22177870,EC,EC-SE,,-2.3362149,-80.3325853,Bosque Bajada de Chanduy (Fundación Proyecto Sacha),2025-10-13 10:04,117,29
L11633555,EC,EC-SD,,-0.2378314,-79.1623038,Bosque Brucelas,2020-06-06 07:36,23,1
L25912851,EC,EC-M,,-1.3018257,-80.6602316,Bosque Cantagallo-Cordillera Jipijapa,2025-01-23 06:25,88,4
L20196779,EC,EC-F,,-2.6794163,-78.8772923,Bosque Cubilán,2026-03-05 13:10,18,4
L7252278,EC,EC-SE,,-1.8023188,-80.6804609,Bosque Dos Mangas,2025-11-23 08:57,111,8
L10435674,EC,EC-SD,,-0.2094986,-78.9482473,Bosque El Dorado,2022-12-10 13:01,228,32
L10194883,EC,EC-S,,-3.298203,-78.577473,Bosque Medicinal y Reserva El Paraíso (Area Ecólogica Runahurco),2026-03-06 15:18,208,56
L56223689,EC,EC-H,,-2.3051395,-78.8778,Bosque Nativo Bacun,2025-11-15 12:00,4,2
L48190849,EC,EC-L,,-3.6606749,-79.2698765,Bosque Nativo Washapamba,2026-07-01 14:40,76,15
L5647911,EC,EC-A,,-2.935947,-78.844033,Bosque Protector Aguarongo,2026-09-24 09:48,55,26
L6237740,EC,EC-P,,0.161682,-78.513805,Bosque Protector Cambugán--Lower entrance (subtropics)
L4448377,EC,EC-P,,0.186596,-78.471538,Bosque Protector Cambugán--Upper entrance (temperate zone and upper subtropical zone),2026-02-28 05:59,119,12
L493381,EC,EC-G,,-2.1811806,-80.0210639,Bosque Protector Cerro Blanco,2026-09-25 09:52,364,1674
L4607332,EC,EC-G,,-2.137338,-80.088197,Bosque Protector Cerro Blanco--Caseta Jaguar,2026-08-29 07:07,190,116
L3194234,EC,EC-G,,-2.1559013,-79.9757481,Bosque Protector Cerro La Prosperina,2026-09-23 10:31,221,384
L2761578,EC,EC-SE,,-2.10609,-80.2887,Bosque Protector Chongón-Colonche IBA,2020-12-12 07:30,97,5
L10787053,EC,EC-H,,-2.05769,-78.91898,Bosque Protector El Corazón,2026-04-27 07:30,98,8
L3870562,EC,EC-T,,-1.4019446,-78.3663663,Bosque Protector Hacienda Guamag,2026-07-28 16:42,53,17
L26474283,EC,EC-X,,-0.8378534,-79.206998,Bosque Protector Jardín de los Sueños,2026-09-15 08:00,117,12
L2761692,EC,EC-L,,-4.30258,-79.8558,Bosque Protector Jatumpamba-Jorupe IBA,2015-07-16 16:00,131,7
L2762008,EC,EC-P,,8.333E-4,-78.355,Bosque Protector Jerusalem,2026-09-16 09:25,128,347
L4002638,EC,EC-H,,-2.160797,-79.00008,Bosque Protector La Bretaña,2018-06-08 10:00,56,2
L6425535,EC,EC-SE,,-1.8142433,-80.6737661,Bosque Protector La Garua,2024-05-26 12:54,118,16
L882218,EC,EC-E,,-0.0138939,-79.3853259,Bosque Protector La Perla,2026-06-20 10:18,265,57
L21509631,EC,EC-I,,0.2825535,-78.7661362,Bosque Protector Los Cedros,2026-08-02 11:14,57,28
L5154872,EC,EC-P,,-0.1014,-78.74411,Bosque Protector Mindo Nambillo--El refugio,2026-08-26 07:02,284,51
L2257439,EC,EC-I,,0.3485,-78.44678,Bosque Protector Neblina,2026-08-23 09:43,210,65
L4536442,EC,EC-U,,-0.4387622,-76.1025095,Bosque Protector Pañacocha,2026-07-20 16:58,165,11
L74823110,EC,EC-I,,0.381074,-78.286869,Bosque Protector Peribuela,2026-08-02 09:13,32,36
L12450053,EC,EC-H,,-2.241989,-79.0760117,Bosque Protector Santa Rosa,2026-05-09 09:37,165,37
L7365669,EC,EC-I,,0.3723739,-78.4224428,Bosque Protector Siempre Verde,2026-08-21 08:53,260,334
L11457989,EC,EC-SD,,-0.2997471,-79.0619425,Bosque Protector Tanti,2023-10-15 12:20,178,31
L7651278,EC,EC-U,,0.023554,-77.32619,Bosque Protector Uturunku Munay/Cordillera Lumbaqui,2025-12-26 07:00,160,17
L39826261,EC,EC-G,,-2.7584163,-80.0951516,Bosque Protector Yansún-Limbo,2017-09-24 18:00,1,0
L25915631,EC,EC-F,,-2.5177328,-79.3245763,Bosque Protector Zhucay,2023-07-07 08:20,1,0
L56828904,EC,EC-X,,-0.8378421,-79.2048492,Bosque Protegido JDLS,2026-07-20 12:58,23,2
L23755950,EC,EC-F,,-2.7983162,-78.825087,Bosque Protegido Pichahuayco,2026-05-09 07:21,58,21
L10958357,EC,EC-SD,,-0.2524856,-79.145826,Bosque Provincial Kasama,2025-10-21 11:42,134,39
L11396208,EC,EC-N,,-0.8938207,-77.7916172,Bosque Reforestado de Ahuano,2025-02-25 11:40,63,8
L10904302,EC,EC-SD,,-0.2642295,-79.1358772,Bosque San Luis,2022-06-25 06:44,98,8
L75448879,EC,EC-S,,-2.1307985,-78.0473274,Bosque Secha Nua Enentai,2026-08-11 07:30,21,1
L882222,EC,EC-M,,-0.0878906,-80.1601982,Bosque Seco Lalo Loor,2023-12-29 10:43,183,21
L6537174,EC,EC-U,,-0.0993919,-77.5921118,Bosque de la Hostería Reventador,2025-10-28 16:00,5,8
L4935263,EC,EC-M,,-0.93,-79.76,Bosque de los Monos,2024-07-08 16:40,45,2
L14047878,EC,EC-SD,,-0.1049676,-79.5365263,Bosque de los monos,2021-04-30 07:30,95,7
L20646868,EC,EC-O,,-3.5718224,-79.5982447,Bosque y cascada de Guayquichuma,2022-08-21 06:00,53,1
L9687638,EC,EC-M,,-1.7332045,-80.3685604,Bosques de Procel,2022-07-14 14:00,13,0
L4788862,EC,EC-G,,-2.2230148,-79.1565156,Bucay--Hostería D'Franco,2026-06-11 09:20,58,7
L4735270,EC,EC-G,,-2.2228997,-79.1565907,Bucay--Hostería de Franco,2024-10-24 15:30,91,14
L1674910,EC,EC-S,,-2.23464,-78.03941,Buena Esperanza--access trail to Reserva Nantar,2024-07-31 10:00,100,6
L3900595,EC,EC-R,,-0.8959661,-79.490515,Buena Fé
L2243503,EC,EC-O,,-3.625778,-79.754277,Buenaventura--Upper road,2026-07-16 11:40,322,431
L5780308,EC,EC-S,,-2.9917086,-78.4304349,Buglas Nature Reserve,2026-09-24 06:30,287,580
L4685701,EC,EC-G,,-2.5079125,-79.5495558,By Pass 2 Sector Churute,2025-06-09 09:45,156,67
L5840328,EC,EC-N,,-1.2382044,-77.8836411,CIPCA,2017-05-13 06:00,35,1
L5829902,EC,EC-N,,-1.238521,-77.884627,CIPCA (UEA),2024-08-12 14:52,69,14
L11856676,EC,EC-Z,,-3.9977677,-78.6461888,CISAM Lagoon,2025-05-15 11:30,94,19
L17805097,EC,EC-S,,-2.4939669,-78.2048035,CONSERVACIÓN ECOLOGICA TUNTIAK NUNKEE,2026-08-16 11:27,8,1
L30487163,EC,EC-N,,-1.0865943,-77.5586486,Cabanas Awanas,2026-08-12 17:00,124,11
L868270,EC,EC-N,,-1.0585283,-77.6048999,Cabañas Aliñahui,2024-06-07 15:53,227,22
L39456005,EC,EC-U,,-0.4062112,-76.6239777,Cabañas Antpitta,2026-08-23 17:30,58,17
L3640852,EC,EC-S,,-1.7798422,-77.9737473,Cabañas Cascada Hola Vida,2023-03-05 06:40,94,7
L10147246,EC,EC-P,,0.0355768,-78.8722658,Cabañas El Jardín del Quinde,2026-06-19 06:03,231,92
L34536503,EC,EC-S,,-2.2253038,-78.0524557,Cabañas Etsa,2024-07-09 11:00,7,1
L7456052,EC,EC-S,,-2.4211258,-77.4470692,Cabañas Gloria,2026-06-21 09:20,131,39
L3005534,EC,EC-N,,-0.914785,-77.839344,Cabañas Hakuna Matata,2026-06-06 05:57,150,23
L5179451,EC,EC-N,,-0.21713,-78.0672,"Cabañas Oyacachi, 2.3 km E Oyacachi",2019-11-18 08:30,89,9
L5191489,EC,EC-G,,-2.1453995,-79.122473,Cabañas Rincón de Daniel,2023-04-04 13:00,73,9
L489454,EC,EC-N,,-0.5902043,-77.8786039,Cabañas San Isidro,2026-09-27 12:58,563,11872
L11429370,EC,EC-N,,-0.5924143,-77.8521895,Cabañas Tamiaju,2026-09-26 07:26,314,2669
L901084,EC,EC-Z,,-4.2488048,-78.6594211,Cabañas Yankuam and Tepui Trail,2026-08-24 18:10,518,659
L5842662,EC,EC-L,,-4.273504,-80.317812,Cabeza de Toro,2025-04-30 18:30,61,3
L831717,EC,EC-M,,-0.3951614,-80.48069,Cabo Pasado,2023-04-05 07:04,98,4
L3166951,EC,EC-E,,0.6530716,-80.0671148,Cabo de San Francisco and surroundings,2004-12-20 08:00,60,1
L14652648,EC,EC-A,,-2.597123,-79.398368,Cacao Loma,2022-11-27 08:51,84,7
L13566378,EC,EC-N,,-0.2321046,-77.7703419,Cacapishco - Gruta de los Tayos,2025-12-04 10:50,174,77
L19540602,EC,EC-N,,-0.6515341,-77.7895516,Cafetería El Caserito Amazónico,2026-09-26 07:49,113,65
L11844661,EC,EC-I,,0.513207,-78.2123458,Cahuasquí y alrededores,2026-07-22 14:18,75,23
L10007216,EC,EC-U,,-0.0112867,-76.1860228,Caiman Lodge,2026-09-18 06:26,302,117
L8459655,EC,EC-N,,-1.2272628,-77.8804375,Cajabamba Santa Clara,2026-09-07 09:05,60,1
L481210,EC,EC-P,,0.0040155,-78.4882358,Calacalí--Sendero de la Virgen (Trail from shrine),2026-08-24 15:14,82,372
L863808,EC,EC-P,,-6.866E-4,-78.5151243,Calacalí--vicinity,2026-08-19 10:00,155,291
L1099684,EC,EC-P,,-0.0311018,-78.5580529,Calacalí-Nono Road,2026-09-13 16:34,137,121
L7920145,EC,EC-M,,0.1987635,-79.9669038,Camaronera Cocosolo,2023-01-02 17:30,53,4
L2761556,EC,EC-E,,1.202,-79.0523333,Camaronera Puro Congo,2022-05-11 08:00,161,46
L5868551,EC,EC-E,,0.6417426,-80.0457215,Camaroneras de Bunche,2024-08-09 10:30,18,2
L6347128,EC,EC-S,,-2.774883,-78.550705,Caminata Padre Alvino del Curto (Sevilla de Oro - Copal) Km 20,2025-10-22 07:30,93,6
L6364169,EC,EC-S,,-2.770308,-78.476746,Caminata Padre Alvino del Curto (Sevilla de Oro - Copal) Km 40,2021-08-25 09:45,29,3
L8552768,EC,EC-A,,-2.77011,-79.00509,Camino Al Cielo,2026-09-14 15:30,113,170
L4002493,EC,EC-L,,-3.68708,-79.284668,Camino Fierro Urcu,2025-11-16 08:41,76,34
L7432285,EC,EC-P,,-0.2611712,-78.457312,Camino La Armenia-Lumbisí,2026-03-29 05:40,67,36
L13566072,EC,EC-N,,-0.2218297,-78.0321311,Camino Viejo - Oyacachi,2026-09-13 11:48,83,20
L21466843,EC,EC-N,,-0.2519698,-77.8715775,Camino Viejo Oyacachi,2026-08-31 12:13,61,3
L35778009,EC,EC-C,,0.8019567,-77.8764717,"Camino a ""Aguas Hediondas""",2024-08-09 06:15,10,3
L5746783,EC,EC-Y,,-1.540378,-77.912979,Camino a Chorreas (Vía a Macas km 12),2025-05-10 05:57,89,10
L4997919,EC,EC-S,,-3.05,-78.12,Camino a Kapisunk,2024-09-08 13:13,41,2
L4910078,EC,EC-S,,-3.08,-78.37,Camino a San Jorge,2012-06-27 07:30,32,1
L27164870,EC,EC-P,,-0.623234,-78.399034,Camino a la Laguna de Santo Domingo,2026-05-26 23:14,30,12
L17962762,EC,EC-B,,-2.1074861,-79.1150401,Camino a la cascada Piedra Blanca,2022-02-27 10:00,3,1
L17977819,EC,EC-G,,-2.1850336,-79.1614495,Camino a la comunidad Shuar Río Limón,2024-08-30 12:18,50,4
L17961494,EC,EC-I,,0.5216903,-78.2239036,Camino al mirador de Pugarán,2022-02-26 09:30,30,1
L28723409,EC,EC-P,,-0.3188526,-78.2110539,Camino antiguo a la Virgen--Bosque de Quishuar (Buddleja),2026-09-23 08:53,109,671
L73870506,EC,EC-E,,0.48178,-79.1545117,Camino del Chocó (Cordillera de las Aves),2026-07-22 09:16,83,13
L19615944,EC,EC-H,,-2.3304328,-78.7837315,Camino del Inca--Inicio desde Achupallas,2024-09-28 08:47,24,3
L3989573,EC,EC-P,,-0.1766393,-78.524909,Camino hacia la Hacienda Rumiloma,2026-06-18 14:27,85,75
L15586349,EC,EC-T,,-1.4139615,-78.3079432,Camino hacia la Reserva Cerro Candelaria (Fundación EcoMinga),2026-05-30 06:00,82,17
L11711153,EC,EC-N,,-0.13808,-77.4469185,Campamento Casa de Máquinas CHCCS,2026-08-15 16:38,126,6
L7917928,EC,EC-N,,-0.8427991,-78.292127,Campamento Chalupas,2018-09-04 06:00,15,0
L19569401,EC,EC-A,,-2.5813301,-78.5015935,Campamento Guarumales,2022-09-18 16:09,33,5
L20943065,EC,EC-A,,-2.5772358,-78.5065408,Campamento Guarumales--Puente Rio Paute,2022-09-18 16:09,10,2
L34553478,EC,EC-S,,-2.572171,-78.510879,Campamento Molino - Zona Alta,2026-05-09 14:30,27,2
L38022236,EC,EC-I,,0.3749058,-78.4816504,Campo Colibri
L30672062,EC,EC-G,,-2.0482206,-79.8989081,"Camposanto Parque de La Paz ""La Aurora""",2026-08-16 13:01,111,123
L8522364,EC,EC-SE,,-2.3090912,-80.6281913,Canal CDG San Rafael-El Azúcar,2026-05-04 08:14,35,2
L1629560,EC,EC-W,,-0.3323346,-90.9091211,Canal Isabela (Reminder: do not use hotspots with eBird pelagic protocol),2026-03-13 20:45,23,41
L2070777,EC,EC-W,,-0.48571,-90.2786064,Canal de Itabaca,2026-09-27 14:57,55,573
L33413308,EC,EC-Y,,-1.5955532,-77.75748,Canelos,1996-09-20 06:00,1,0
L33261754,EC,EC-L,,-3.5789211,-79.2855915,"Canicapa (-3.57646, - 79.28386)"
L1237991,EC,EC-N,,-0.7067351,-77.7439164,Cantera (mina) Pungarayacu,2026-09-05 08:52,282,468
L12944125,EC,EC-P,,0.1175489,-79.2391246,Caoni Riverside Suites,2026-01-26 10:39,161,64
L18031444,EC,EC-N,,-0.2013037,-77.6842732,Captación  CCS,2026-08-17 17:58,43,9
L36792543,EC,EC-Y,,-1.4813541,-78.0454461,Captación De Agua Santa Rosa,2026-07-10 17:45,96,11
L4434889,EC,EC-D,,-0.4996685,-77.1247101,Carachupa Pakcha,2026-07-19 14:42,152,17
L13285025,EC,EC-N,,-1.0428996,-77.3971625,Carpin Nontokabo (Reserva Huaorani),2026-08-16 07:25,117,8
L23851510,EC,EC-F,,-2.597349,-78.901039,Carretera San Pedro--Laguna Inganilla,2026-06-17 12:37,15,11
L23851529,EC,EC-F,,-2.5870525,-78.8889243,Carretera San Pedro--Laguna cerca Escuela de Educación Básica Pablo Mettler,2026-01-24 12:40,15,7
L14267309,EC,EC-O,,-3.6641757,-79.7093448,Carretera hacia Piñas Grande (Urna de San José),2021-04-02 06:00,113,4
L10048928,EC,EC-L,,-4.3765755,-79.9002451,Carretero a la Reserva Jorupe (Road to Jorupe Reserve),2026-06-21 09:38,137,166
L21882863,EC,EC-S,,-2.2600646,-77.6507589,Casa Comunal Samikim - Sendero De Los Manakins,2022-12-21 07:43,51,3
L57594233,EC,EC-P,,0.115939,-79.236887,Casa Cucuya,2026-01-25 07:43,50,14
L68697059,EC,EC-A,,-2.8931851,-79.3252933,Casa Cumanda,2026-06-01 06:30,29,3
L29181904,EC,EC-C,,0.957474,-78.197038,Casa Drácula (Fundación Ecominga),2026-04-20 10:05,66,6
L22204589,EC,EC-N,,-1.0347151,-77.5751193,Casa Etno Ahuano,2026-08-31 06:19,201,27
L4195648,EC,EC-M,,-0.6063986,-80.4345144,Casa Gorda (GSE),2016-01-12 12:00,1,0
L17898146,EC,EC-P,,-0.2402823,-78.4328234,Casa Ilayaku,2026-07-27 09:23,69,113
L6547760,EC,EC-I,,0.180102,-78.2717715,Casa Mojanda,2025-04-27 16:39,87,20
L9642383,EC,EC-M,,-1.116516,-80.1933321,Casa Poza Honda,2026-09-27 16:12,255,755
L75868733,EC,EC-T,,-1.36314,-78.20461,Casa Ranas de Cristal - Fundación EcoMinga,2026-08-19 17:44,12,1
L18762352,EC,EC-P,,-0.210763,-78.443294,"Casa de Espiritualidad ""Maria Auxiliadora""",2026-07-25 08:30,19,5
L19126058,EC,EC-P,,-0.0689958,-78.7713397,Casa de Vista Alta,2026-09-02 06:31,256,187
L12619150,EC,EC-O,,-3.3228287,-79.7241139,Casacay y alrededores,2025-11-07 17:44,30,4
L16781033,EC,EC-P,,0.0631671,-79.0368943,"Cascada ""Los Helechos""",2026-03-09 11:27,90,9
L16600326,EC,EC-O,,-3.6058537,-79.7188568,Cascada Achirales,2025-08-12 13:37,43,2
L9714089,EC,EC-P,,0.0960016,-79.1218615,Cascada Azul,2026-07-30 07:39,142,13
L23132492,EC,EC-P,,0.0630569,-79.1450899,Cascada Caimán-Paraíso Escondido Alto,2026-09-05 10:40,100,3
L6578579,EC,EC-P,,-0.0036746,-78.1812296,Cascada El Tingo,2025-05-13 08:19,41,16
L23305334,EC,EC-G,,-2.1402414,-79.11824,Cascada Gallito de la Peña,2026-05-03 08:36,166,49
L10460290,EC,EC-B,,-2.1032017,-79.1227477,Cascada Isabela (Sector Piedra Blanca),2026-07-28 16:25,87,19
L20386776,EC,EC-T,,-1.4006227,-78.2819813,Cascada Machay (entrada comunitaria),2026-07-20 17:50,140,31
L34263069,EC,EC-S,,-3.2660513,-78.4936169,Cascada Salto del Huaija,2024-08-10 13:55,65,13
L22346535,EC,EC-P,,0.2321325,-79.0140041,Cascada Salto del Tigre y alrededores,2024-11-09 15:56,42,2
L8055453,EC,EC-H,,-1.9979218,-78.9756025,Cascada Santa Maria,2018-10-20 11:00,20,0
L16410259,EC,EC-P,,0.0949354,-78.9414276,Cascada Tatalá,2026-02-04 06:33,233,43
L27478919,EC,EC-Y,,-1.5853596,-77.8953771,Cascada Vida Natural,2025-09-08 21:21,133,55
L27528871,EC,EC-H,,-2.0469697,-79.0274906,Cascada de San Jorge Bajo
L577535,EC,EC-N,,-0.1040782,-77.5881314,Cascada de San Rafael--Entrance road and trail to waterfall,2024-12-05 09:28,352,138
L14833716,EC,EC-N,,-0.2288921,-77.7410345,Cascada palmar del rio,2026-07-15 06:13,78,15
L7350705,EC,EC-S,,-2.958,-78.383,Cascadas Coloradas,2025-06-12 06:32,84,8
L9198024,EC,EC-S,,-2.9484723,-78.3723866,Cascadas Coloradas,2026-06-29 16:14,94,18
L22410477,EC,EC-SD,,-0.5522075,-79.2154373,Cascadas Las Gemelas,2023-01-30 15:00,14,1
L19858606,EC,EC-H,,-2.2792959,-79.0893735,Cascadas Naranjapata (Línea Férrea),2024-08-30 09:18,34,5
L10111625,EC,EC-P,,-0.4140568,-78.4081109,Cascadas Rumibosque,2026-04-28 21:35,86,18
L22744312,EC,EC-N,,-0.8803736,-77.7783108,Cascadas Yanayaku,2026-06-07 10:26,50,5
L10326191,EC,EC-P,,0.0915833,-78.0820279,Cascadas de Cariacu,2024-11-04 07:21,69,18
L6637479,EC,EC-I,,0.2385228,-78.2387066,Cascadas de Peguche,2026-08-14 12:36,121,218
L9213168,EC,EC-T,,-1.4286102,-78.1731326,Cashaurco,2022-04-17 06:55,117,10
L2761928,EC,EC-L,,-4.04978,-79.6371,Catacocha IBA,2020-10-17 06:46,49,8
L2415542,EC,EC-L,,-4.0504398,-79.6475315,Catacocha--Town and vicinity,2025-02-26 13:15,93,24
L2803228,EC,EC-L,,-4.0299544,-79.6435404,Catacocha--road to San Antonio,2026-07-15 10:22,153,194
L1485639,EC,EC-L,,-3.9980347,-79.3194151,Catamayo--Hwy 35 toward Loja,2026-02-20 11:27,195,194
L799895,EC,EC-L,,-3.9918704,-79.3640109,Catamayo--vicinity (including Loja airport),2026-09-10 07:19,222,329
L2763194,EC,EC-B,,-1.571067,-79.10053,"Catarama, Río Chutín",2008-07-09 00:00,58,3
L2763195,EC,EC-R,,-1.5576667,-79.4643333,"Catarama, Río La Virgen",2024-05-30 16:19,15,3
L10168710,EC,EC-D,,-0.728166,-77.495034,Cavernas Milagro de Dios,2026-02-22 17:07,100,12
L11395770,EC,EC-P,,0.0420046,-78.1450549,Cayambe (Zona Urbana),2026-08-09 17:39,42,14
L8115457,EC,EC-I,,0.5381135,-78.4819098,Cayapachupa,2024-07-11 14:01,46,7
L10067130,EC,EC-D,,-0.5267119,-76.436223,Caño de Añangu,2026-09-26 17:35,274,146
L5249459,EC,EC-P,,-0.2784551,-78.4515345,Cañón del río San Pedro,2025-12-14 06:42,65,96
L28641154,EC,EC-N,,-0.9624076,-77.4281295,Ceibo Lodge,2026-08-30 17:20,203,87
L2761532,EC,EC-P,,-0.1638333,-78.4696667,"Cementerio Manuel Rodríguez, San Isidro, Quito",2026-01-15 14:33,27,10
L35659868,EC,EC-C,,0.8195322,-77.7146385,Cementerio de Tulcán,2026-01-05 12:58,8,7
L8240501,EC,EC-L,,-4.0414026,-79.7820436,Centro Binacional Zapotepamba,2022-09-10 12:04,19,2
L10341011,EC,EC-SD,,-0.3222332,-79.2134824,Centro Cultural Mushily,2026-08-31 08:30,161,45
L64910624,EC,EC-A,,-3.0040138,-78.9784093,Centro Ecoturístico Misanita,2019-07-14 09:00,3,0
L62979166,EC,EC-S,,-2.6218628,-78.2225399,Centro Experimental Logroño - ESPOCH,2026-04-17 09:48,79,10
L6563951,EC,EC-U,,-0.4310806,-76.0981107,Centro Poblado Pañacocha,2026-08-18 09:11,180,25
L35329889,EC,EC-N,,-1.0076051,-77.9028513,Centro Turistico PUKA URKU,2025-03-22 12:58,58,5
L46246624,EC,EC-S,,-2.3532556,-78.1595273,Centro Turistico Small Hawaii - Morona,2025-06-15 04:31,46,3
L9918994,EC,EC-F,,-2.4691382,-79.2685108,Centro Turístico Haras del Paraíso,2019-10-19 08:30,72,2
L10168669,EC,EC-N,,-0.713945,-77.585606,Centro de Comunicación Ambiental Wawa Sumaco,2026-09-23 08:27,275,321
L5830411,EC,EC-N,,-1.2344073,-77.8859854,Centro de Investigación - Posgrado y Conservación Amazónica,2024-06-25 08:47,10,4
L13171338,EC,EC-P,,0.0455264,-78.2888316,Centro de Poblado Tocachi,2021-02-15 09:45,12,1
L13342541,EC,EC-N,,-1.0634405,-77.526014,Centro de rescate AmaZOOnico y Escuela Yachana,2026-08-12 09:39,137,34
L31096011,EC,EC-O,,-3.6451208,-79.8802044,Centro de rescate y vida silvestre Amazonas,2010-09-26 11:00,3,0
L2805359,EC,EC-L,,-3.6809351,-79.2384195,Cerro Acacana and road to radio towers,2026-08-27 06:29,229,681
L10197662,EC,EC-P,,-0.3535344,-78.6175632,Cerro Atacazo,2024-10-18 16:00,48,4
L42198430,EC,EC-G,,-2.1673177,-79.9548453,Cerro Azul,2026-08-18 13:30,115,18
L10872239,EC,EC-SD,,-0.2456349,-79.1935373,Cerro Bomboli,2024-12-28 16:47,51,5
L13485879,EC,EC-P,,0.1266628,-78.6268552,Cerro Campana,2026-09-26 07:21,280,189
L17402860,EC,EC-P,,-8.48E-5,-78.4284999,Cerro Catequilla y alrededores,2026-02-06 12:38,22,21
L7398459,EC,EC-N,,-0.9651848,-77.8868973,Cerro Chiuta,2024-08-08 09:10,79,11
L9825639,EC,EC-S,,-2.9111023,-78.3819207,Cerro Chiviaza,2026-05-12 17:51,72,3
L62175478,EC,EC-S,,-3.2392136,-78.5066326,Cerro Chumbique,2026-03-24 09:02,29,1
L14889556,EC,EC-H,,-1.6768983,-78.8027269,Cerro Cunambay,2021-05-08 17:00,5,1
L57478567,EC,EC-A,,-2.8918803,-78.9109932,Cerro Guagualzhumi,2026-01-20 15:04,21,2
L8669650,EC,EC-P,,-0.2656078,-78.4218251,Cerro Ilaló y alrededores,2026-09-03 09:19,84,41
L38241830,EC,EC-A,,-3.296165,-79.2517733,Cerro Kingo,2025-06-15 11:20,26,3
L17978361,EC,EC-I,,0.4750683,-78.250593,Cerro La Viuda,2022-02-26 06:54,33,2
L15963828,EC,EC-F,,-2.5863408,-78.9841479,Cerro Mamá Zhinzhona y alrededores,2023-09-17 13:08,13,3
L17692054,EC,EC-L,,-4.2644389,-79.2372179,Cerro Mandango,2026-08-08 09:12,114,49
L1819234,EC,EC-C,,0.436145,-77.846087,Cerro Mongus--paramo and elfin forest,2026-08-15 06:44,178,53
L15884676,EC,EC-F,,-2.642145,-78.9790583,Cerro Padre Rumi y alrededores,2024-01-20 13:56,30,4
L21175417,EC,EC-Z,,-4.611803,-78.9029979,Cerro Plateado Vìa a El Plateado,2026-02-15 08:04,75,3
L5735881,EC,EC-X,,-0.9680297,-78.5633209,Cerro Putzalahua y alrededores,2026-08-16 10:09,9,2
L24760274,EC,EC-H,,-2.3354927,-78.9708853,Cerro Puñay y alrededores,2025-09-15 09:46,43,5
L55694342,EC,EC-P,,-0.5892823,-78.5308769,Cerro Rumiñahui,2026-09-23 08:20,24,2
L11540752,EC,EC-G,,-1.9365554,-79.7447673,Cerro Santa Ana (Samborondón),2024-08-24 16:10,54,8
L8694700,EC,EC-T,,-1.3674766,-78.5588893,Cerro Teligote,2025-04-17 16:18,20,6
L51529859,EC,EC-Z,,-4.3812963,-79.1088179,Cerro Toledo (provincia Zamora Chinchipe),2026-05-29 10:34,25,8
L2254856,EC,EC-L,,-4.3828265,-79.11754,Cerro Toledo--general area (*please use a more precise location when possible),2026-05-13 08:43,288,585
L49572883,EC,EC-L,,-4.3748287,-79.1114373,Cerro Toledo—upper zone (>3000m),2026-09-16 07:24,83,26
L6680998,EC,EC-G,,-2.0493499,-79.9312663,Cerro Totoral,2022-07-23 12:00,144,17
L57144347,EC,EC-S,,-2.1112401,-77.7551789,Cerro Wisui,2026-02-16 06:00,185,10
L4936074,EC,EC-A,,-3.45,-79.26,Cerro Zapote,2022-04-04 17:42,10,1
L5942646,EC,EC-L,,-3.5663204,-79.4564225,Cerro de Arcos,2026-08-28 06:30,161,770
L2762079,EC,EC-G,,-2.78592,-79.6049,Cerro de Hayas-Naranjal IBA,2023-05-26 07:50,233,78
L17677603,EC,EC-G,,-2.6430647,-80.3374139,Cerro del Muerto (El Morro),2022-01-19 11:33,11,1
L2761565,EC,EC-E,,1.4571667,-78.8848333,Chaguaral (La Barca),2014-01-20 00:00,25,2
L1764932,EC,EC-SE,,-2.4047666,-80.693272,Chanduy,2023-06-04 09:17,120,20
L4887127,EC,EC-A,,-2.6794723,-79.0344,Chanlud,2026-05-14 09:26,60,12
L48182300,EC,EC-P,,-0.1997169,-78.4316003,Chaquinan Ecologico,2026-08-16 06:54,32,18
L30675731,EC,EC-Z,,-4.5160982,-79.1273042,Chestnut-crested Cotinga. Área. R.Tapichalaca,2026-08-07 14:06,148,73
L38136557,EC,EC-N,,-0.7024,-77.5949,Chestnut-headed Crake spot,2026-09-10 08:00,196,76
L2214596,EC,EC-C,,0.837637,-78.227667,Chical road--Upper elevations (1700-2350m),2026-08-14 04:52,359,268
L11011800,EC,EC-C,,0.9118033,-78.2130813,Chical road--lower elevations (1400-1700m),2026-08-14 06:31,177,28
L25898748,EC,EC-A,,-2.8203725,-78.7606859,Chicán y alrededores,2026-02-22 13:58,2,1
L7790567,EC,EC-C,,0.8642337,-78.0512818,Chilma Bajo,2025-12-20 17:08,246,68
L20427601,EC,EC-H,,-1.5220653,-78.8391753,Chimborazo Lodge Ref. Mario Cruz,2026-04-23 06:40,22,24
L26321357,EC,EC-T,,-1.4067363,-78.332606,Chin Chin,2026-07-31 12:07,67,18
L2209135,EC,EC-Z,,-4.0380781,-78.5801067,Chinapintza--vicinity,2024-05-11 06:20,261,48
L12378096,EC,EC-SD,,-0.307721,-78.8146229,Chitoa,2026-09-20 05:56,136,14
L29649720,EC,EC-A,,-3.0206577,-78.8059164,Chobshi--Rio Cuchipamba y Cueva negra,2026-07-25 12:59,9,2
L19282502,EC,EC-P,,-0.0020066,-78.6851956,Choco Birds Reserve,2026-09-26 11:23,242,399
L14950662,EC,EC-P,,0.038,-78.872,Choco Toucan Reserve,2026-09-13 05:47,293,280
L62886707,EC,EC-P,,0.052055,-78.708978,Chocó 701,2026-09-10 09:06,88,9
L3882721,EC,EC-R,,-1.4732778,-79.6630833,Chojampe,2014-09-10 06:00,60,1
L30758430,EC,EC-Y,,-1.2773552,-77.9721165,Chonta Yacu,2015-07-14 15:00,3,0
L7366902,EC,EC-I,,0.2372689,-78.7499845,Chontal (pueblo),2026-09-01 14:25,64,35
L792561,EC,EC-P,,0.2087398,-78.7369537,"Chontal--Cueva de los Tayos (Original access point at Finca Morales, Pichincha province)",2026-07-10 14:05,335,539
L33575561,EC,EC-I,,0.226614,-78.727776,Chontal--Cueva de los tayos (Imbabura province),2026-09-25 14:09,168,421
L26333769,EC,EC-F,,-2.400062,-79.200446,Chontamarca (Vía a San Isidro),2025-08-03 09:41,50,6
L5508322,EC,EC-N,,-0.9150879,-77.3332357,Chontapunta area,2026-04-19 15:06,271,33
L6375448,EC,EC-N,,-0.5922829,-77.8510711,Chontas Birdwatching Spot,2026-09-16 11:07,199,527
L4864309,EC,EC-G,,-2.0318415,-79.9909797,Chorrillos (Humedal Sin Nombre),2025-03-16 17:04,95,9
L1674892,EC,EC-X,,-0.7998976,-78.9221003,Chugchilán,2026-07-26 13:57,95,45
L37537025,EC,EC-P,,-0.1019614,-78.2110047,Chumillos Alto,2026-01-09 14:50,6,2
L71286020,EC,EC-H,,-2.289747,-78.9198624,Chunchi y alrededores,2026-06-24 05:46,5,1
L1898947,EC,EC-S,,-2.7406633,-78.3139207,Chupianza Road,2022-09-30 10:50,31,2
L12428660,EC,EC-SD,,-0.292001,-79.1710981,Cicloruta San Gabriel (Las Antenas),2020-10-25 13:36,49,2
L12606373,EC,EC-N,,-1.0066761,-77.8138716,Ciudad de Tena - Sector Eloy Alfaro,2026-08-11 08:09,55,14
L38593224,EC,EC-M,,-0.7568844,-80.2108077,Ciénaga de Bachillero,2026-08-01 09:26,45,8
L6592847,EC,EC-G,,-2.632217,-80.3282614,Ciénagas El Morro,2026-09-05 09:40,125,81
L29029959,EC,EC-P,,-0.2848986,-78.3764636,Climb Ilalo,2024-01-23 07:00,13,2
L4842899,EC,EC-Z,,-3.847055,-78.8920176,Clínica de Guadalupe,2011-01-29 00:00,112,2
L947578,EC,EC-D,,-0.4710335,-76.9831753,Coca (Puerto Francisco de Orellana),2026-09-26 13:39,413,887
L2817150,EC,EC-D,,-0.4843797,-76.9663739,Coca--Reserva Acuática de Aves (FFAA)-Estación de bombeo,2026-07-17 10:43,102,23
L5936444,EC,EC-N,,-0.1428252,-77.6180863,Coca-Sinclair Dam,2026-05-16 09:10,59,8
L838802,EC,EC-P,,0.0597222,-78.2997222,Cochasqui,2026-09-16 09:35,51,37
L67721893,EC,EC-N,,-0.6487399,-77.7928907,Cocodrilos - Parque Nacional Sumaco Napo Galeras,2026-09-06 11:56,89,14
L7502948,EC,EC-M,,0.3212055,-80.0363636,Cojimíes--Playa Cocosolo,2023-01-01 06:15,32,1
L25274531,EC,EC-M,,0.365389,-80.039836,Cojimíes--Playa de Cojimíes,2026-03-29 14:17,93,29
L11395148,EC,EC-P,,-0.2857601,-78.2920707,Colibrí Garden,2026-06-15 18:22,41,30
L29122444,EC,EC-G,,-1.5458035,-80.0109172,Colimes (pueblo),2026-02-07 22:11,24,6
L14055367,EC,EC-SE,,-2.0221471,-80.6678065,Colonche--Proyecto Rapaz Lana,2026-04-04 06:17,24,5
L1238015,EC,EC-N,,-0.695174,-77.7304092,Comedor Susanita y cascada Hollín,2026-09-17 11:17,424,1533
L23033707,EC,EC-Z,,-3.8885474,-78.5813023,Community the Playon,2023-04-15 08:00,71,2
L7282850,EC,EC-A,,-3.151346,-79.355602,"Complejo Arqueológico ""Carachula""",2026-07-24 13:37,47,14
L20663946,EC,EC-F,,-2.7591743,-78.8893609,Complejo Arqueológico Cojitambo,2026-06-07 16:11,68,50
L21032136,EC,EC-D,,-0.7300024,-77.4955952,Complejo Ecoturístico Dinosaurio,2026-02-02 14:55,221,49
L11356243,EC,EC-G,,-2.7214806,-80.2909363,Comuna Data de Posorja,2023-06-20 10:16,39,12
L8682449,EC,EC-SE,,-1.8138077,-80.6732859,Comuna Dos Mangas,2026-08-27 09:30,151,29
L18313835,EC,EC-SE,,-1.9692922,-80.5589537,Comuna Salanguillo,2024-05-11 10:02,133,53
L16861606,EC,EC-G,,-2.760386,-79.62722,Comuna San Miguel de Naranjal,2024-08-15 12:00,177,14
L9805540,EC,EC-Y,,-1.4700337,-77.6572172,"Comunidad ""Amarun Cocha""",2023-11-12 17:08,176,7
L9805609,EC,EC-Y,,-1.4771524,-77.703906,"Comunidad ""Chuyayaku""",2019-08-16 12:00,61,10
L39323986,EC,EC-C,,0.8161284,-77.6760381,"Comunidad ""El Mirador de los Pastos""",2026-09-06 07:18,5,1
L17977231,EC,EC-H,,-2.1779366,-78.9262022,Comunidad Alpachaca y alrededores,2022-02-23 11:31,4,2
L55974169,EC,EC-M,,-0.7770298,-80.1699711,Comunidad CIÉNAGA GRANDE - TOSAGUA,2025-12-14 10:39,41,2
L8036083,EC,EC-H,,-2.1612249,-78.8481682,Comunidad Conventillo,2018-09-21 16:32,23,1
L24378201,EC,EC-C,,0.8927997,-78.4492892,Comunidad El Baboso y alrededores,2026-09-09 14:30,138,29
L20645898,EC,EC-T,,-1.4065468,-78.3102719,Comunidad El Placer y alrededores,2026-07-22 09:06,133,47
L29525370,EC,EC-Y,,-1.3638496,-77.9886818,Comunidad Gavilan del Anzu,2024-02-24 07:00,18,1
L17962409,EC,EC-I,,0.5226818,-78.2520934,Comunidad Guañibuela y alrededores,2022-02-26 12:20,11,1
L10786902,EC,EC-H,,-2.06042,-78.93081,Comunidad Jalubi,2020-02-11 06:30,63,3
L6259213,EC,EC-D,,-0.75539,-77.49806,Comunidad La Floresta,2026-02-11 16:57,218,35
L5523517,EC,EC-N,,-0.9013138,-77.8195846,Comunidad La Libertad,2025-10-12 09:06,55,7
L33595899,EC,EC-M,,-1.0378175,-80.2552942,Comunidad La Pita y alrededores,2025-12-25 17:40,68,17
L20379098,EC,EC-L,,-3.421961,-79.3562688,Comunidad Las Cochas y alrededores,2026-08-04 15:44,57,36
L12162523,EC,EC-S,,-2.421079,-77.4469871,Comunidad Panki-Taisha,2020-08-22 16:15,8,2
L28939028,EC,EC-Y,,-1.6598877,-77.9663741,Comunidad Puerto Santa Ana,2025-11-04 11:35,132,66
L10309206,EC,EC-S,,-2.2449448,-77.6696289,Comunidad Samikim - Via a Taisha,2026-01-03 07:56,145,30
L4079791,EC,EC-I,,0.2997194,-78.1260002,Comunidad San Clemente,2011-07-29 00:00,1,1
L52409926,EC,EC-N,,-0.8408048,-77.8140257,Comunidad San Francisco y sus Alrededores,2025-08-28 07:46,59,3
L16068542,EC,EC-N,,-0.8741571,-77.8295729,Comunidad Santa Rita y alrededores,2026-06-26 14:55,147,29
L7027252,EC,EC-N,,-0.945468,-77.7522773,Comunidad Santo Domingo (Amiruka),2024-07-18 14:40,103,13
L39401162,EC,EC-S,,-2.3571089,-78.1498338,Comunidad Ser - Morona Santiago,2026-08-29 17:47,85,14
L37269043,EC,EC-Y,,-1.9174631,-77.822733,Comunidad Shuar El Consuelo,2024-10-12 11:02,70,10
L45302965,EC,EC-Y,,-1.6275196,-77.303204,Comunidad Sápara Llanchamacocha,2025-05-17 17:43,12,1
L9197539,EC,EC-I,,0.2701216,-78.8838115,Comunidad Villaflora,2026-08-02 10:34,317,181
L9200453,EC,EC-D,,-0.7295703,-76.7276671,Comunidad Waorani Miwaguno,2025-11-29 06:05,36,3
L10118150,EC,EC-D,,-0.7046463,-76.6900192,Comunidad Waorani Tobeta,2026-09-15 10:14,38,5
L8069890,EC,EC-Y,,-1.6519489,-77.9941498,Comunidad Yacuruna,2021-11-07 08:33,32,1
L62669531,EC,EC-X,,-0.8877888,-79.0195183,Comunidad Yanayaku,2026-04-12 09:00,22,1
L10526247,EC,EC-S,,-3.020394,-78.0602184,Comunidad Yapapas,2024-01-05 08:26,25,3
L1673294,EC,EC-P,,0.032361,-78.560917,Comunidad Yunguilla,2026-04-10 17:40,133,99
L22830997,EC,EC-I,,0.2062185,-78.0933215,Comunidad Zuleta y alrededores,2026-02-21 13:49,12,14
L2761905,EC,EC-P,,0.0035,-78.5935,Comunidad de Alaspungo,2026-08-16 10:05,112,15
L4908021,EC,EC-Z,,-3.77,-78.66,Comunidad de Nankais,2023-11-05 16:00,85,3
L3599492,EC,EC-E,,1.0893289,-78.850379,"Concepcion road-Yalare, Esmeraldas",2023-10-09 08:56,238,56
L10260939,EC,EC-N,,-0.4213826,-77.8119384,Concierto de Aves,2026-09-26 12:47,303,866
L11614052,EC,EC-Z,,-4.0282793,-78.6018811,Conguime Waterfalls,2024-05-11 11:40,49,4
L5577898,EC,EC-S,,-2.5215193,-78.3073497,Conservacion Yampikia,2024-05-03 11:28,45,3
L481261,EC,EC-Z,,-4.0908511,-78.9582663,Copalinga Lodge,2026-09-12 20:05,543,2927
L53716077,EC,EC-C,,0.8100109,-78.3103296,Corazón de Lupita,2025-10-06 09:00,29,2
L15313388,EC,EC-O,,-3.5301525,-79.6385489,"Cordillera Chilla, Tambo Viejo camp",2023-11-10 12:29,95,6
L996443,EC,EC-N,,-0.6232347,-77.8396843,Cordillera Guacamayos--Mirador y alrededores inmediatos,2026-09-27 20:15,443,1353
L468859,EC,EC-N,,-0.6264618,-77.844988,Cordillera Guacamayos--Sendero Jumandy,2026-09-27 06:45,457,2231
L2762016,EC,EC-N,,-0.664143,-77.8411388,"Cordillera Guacamayos--Sendero del oleoducto (lower trail along pipeline, 4km below pass)",2025-12-20 09:43,286,42
L2762362,EC,EC-H,,-1.58,-78.76,Corona Real--comunidad Nitiluisa,2025-03-11 14:30,27,3
L17231632,EC,EC-X,,-0.975105,-78.946586,Corralpungo y alrededores,2017-04-14 07:00,5,1
L859721,EC,EC-N,,-0.5786607,-77.8663731,Cosanga,2026-09-25 11:23,341,1490
L74736952,EC,EC-I,,0.297335,-78.26425,Cotacachi--Café Río Íntag,2026-08-01 15:28,12,3
L74819410,EC,EC-I,,0.296486,-78.265131,Cotacachi--Plaza San Francisco y alrededores,2026-04-03 14:23,1,0
L6834311,EC,EC-I,,0.2790345,-78.2498217,Cotacachi--Rio Ambi Canyon,2026-02-08 06:27,68,29
L74819253,EC,EC-I,,0.295533,-78.261252,Cotacachi--Yellow Guest House,2026-04-03 08:19,18,5
L7064563,EC,EC-I,,0.2999,-78.26424,Cotacachi--ciudad y alrededores,2026-08-30 10:51,99,114
L11326889,EC,EC-P,,-0.4679544,-78.4316432,CotopaxiPungo,2026-07-11 15:50,69,24
L21264575,EC,EC-N,,-0.8432844,-77.7967801,Cotundo y alrededores,2026-09-24 16:15,178,182
L7890502,EC,EC-N,,-0.853222,-77.791389,Cotundo--Zoológico El Arca,2026-08-13 07:04,123,26
L5966385,EC,EC-M,,-0.8628233,-80.5299139,Crucita,2025-08-23 18:02,75,12
L890955,EC,EC-P,,0.0719251,-78.9822858,Cuatro Rios (Four Rivers),2026-05-13 15:06,279,52
L2763250,EC,EC-A,,-2.96268,-79.10513,Cubilán,2021-11-08 08:09,65,7
L12636561,EC,EC-I,,0.398625,-78.526752,Cuellaje y alrededores,2026-09-25 05:25,175,44
L20075062,EC,EC-A,,-2.8975936,-78.9912808,Cuenca--Cementerio Municipal,2026-07-29 13:05,6,3
L8828943,EC,EC-A,,-2.9263461,-79.0428171,Cuenca--Control Sur (La Calera),2026-09-26 11:11,76,78
L31585424,EC,EC-A,,-2.9166688,-79.0035921,Cuenca--Jardín Botánico,2026-09-01 11:06,41,55
L15916179,EC,EC-A,,-2.930344,-79.0012291,Cuenca--Mega parque Ictocruz,2025-04-11 12:20,42,27
L30807234,EC,EC-A,,-2.8974169,-79.0044934,Cuenca--Parque Calderón y Centro histórico,2026-08-12 16:57,26,24
L2246951,EC,EC-A,,-2.9100149,-78.9886797,Cuenca--Parque El Paraiso,2026-09-23 07:59,103,599
L71528679,EC,EC-A,,-2.8870231,-79.0073499,Cuenca--Parque La Libertad,2026-08-17 17:29,17,2
L46882489,EC,EC-A,,-2.9144912,-79.0118077,Cuenca--Parque Lineal Yanuncay,2025-06-05 10:30,10,1
L2246906,EC,EC-A,,-2.907639,-78.9969778,Cuenca--Parque Pumapungo,2026-09-23 11:01,93,243
L20491806,EC,EC-A,,-2.9188372,-79.0264006,Cuenca--Parque Tarqui Guzho y Parque Inclusivo Circo Social,2026-06-22 12:04,34,21
L2245757,EC,EC-A,,-2.9044034,-79.0035593,Cuenca--Parque de la Madre,2026-08-21 11:20,59,157
L64007682,EC,EC-A,,-2.8913732,-79.036465,"Cuenca--UCuenca, Campus Balzay",2026-08-02 21:24,8,1
L40907383,EC,EC-A,,-2.9007091,-79.0103101,Cuenca--Universidad de Cuenca,2026-09-18 08:59,37,55
L4602156,EC,EC-A,,-2.9188643,-79.0017595,Cuenca--Universidad del Azuay,2026-08-25 12:30,27,13
L4998063,EC,EC-S,,-2.97,-78.04,Cueva Tayos - Kiim,2013-12-04 12:30,1,0
L11417520,EC,EC-I,,0.2234839,-78.6895403,Cueva Tayos Intag,2025-03-22 18:40,42,13
L10042316,EC,EC-G,,-2.150596,-79.978015,Cueva de los Monos,2026-09-17 10:10,129,46
L26756771,EC,EC-S,,-2.9256022,-78.4404314,Cueva de los tayos
L29626369,EC,EC-P,,0.0573718,-78.5715923,Culunco Guantopungo - Pelagallo,2026-03-07 10:24,66,9
L4932641,EC,EC-S,,-1.4604012,-78.1361014,Cumandá,2024-09-24 11:40,57,10
L8796277,EC,EC-H,,-2.2158771,-79.1332692,Cumandá--Balneario La Lucía y alrededores,2023-12-16 07:16,56,1
L21996536,EC,EC-Z,,-3.9892679,-78.8621092,Cumbaratza Vicinity,2026-09-11 16:21,182,69
L5746753,EC,EC-A,,-3.0900023,-79.0098953,Cumbe y alrededores,2016-10-22 07:00,8,1
L43536265,EC,EC-S,,-1.7763233,-78.1032033,Cumbres de Arutam,2025-12-23 16:10,137,33
L6591786,EC,EC-N,,-0.6900306,-77.8140593,Curva Cocodrilo,2025-07-10 09:53,165,16
L11692314,EC,EC-Z,,-3.9667327,-78.6214833,Cusunza - Waterfalls,2022-02-01 07:59,91,2
L49673287,EC,EC-Z,,-4.003115,-78.865359,Cutuntza,2026-04-01 17:36,119,11
L810462,EC,EC-U,,-0.009613,-76.1817312,Cuyabeno Lodge,2026-09-18 11:36,392,243
L9894063,EC,EC-U,,-0.0119897,-76.1783738,Cuyabeno--Laguna Grande,2026-09-17 06:39,324,370
L9893481,EC,EC-U,,-0.037355,-76.2366579,Cuyabeno--Río Cuyabeno west of Laguna Grande,2026-09-15 09:11,282,190
L9894325,EC,EC-U,,-0.0058472,-76.1769032,Cuyabeno--Siona Lodge,2026-06-28 11:53,238,79
L15852385,EC,EC-U,,-0.0131128,-76.1206156,Cuyabeno--general area (*HISTORICAL DATA ONLY; please use a more specific location for current checklists),2026-02-19 17:53,127,11
L10378430,EC,EC-S,,-2.448629,-78.223779,Cuyataza,2024-04-24 09:00,80,1
L1820076,EC,EC-N,,-0.4132626,-78.0270681,Cuyuja,2026-09-27 17:26,254,505
L4212287,EC,EC-N,,-0.4445241,-77.965765,Cuyuja Wall Road,2026-06-21 10:50,134,25
L26956801,EC,EC-S,,-2.9655758,-78.4093557,Cuzcungo,2025-05-12 15:04,81,29
L27858761,EC,EC-Z,,-3.9760872,-78.6336136,Cuzunza,2024-10-26 07:00,95,16
L8397852,EC,EC-Y,,-1.4395754,-77.7944479,CÓNDOR MIRADOR,2022-12-17 08:08,147,4
L57245522,EC,EC-P,,0.0143284,-78.7068169,DREAMFOREST Reserve,2026-09-16 16:00,110,9
L1345621,EC,EC-W,,-0.4217728,-90.3720864,Daphne Mayor,2026-09-23 15:08,68,430
L485034,EC,EC-W,,-0.3948623,-90.3514773,Daphne menor,2026-06-28 09:04,37,20
L763986,EC,EC-G,,-2.3215052,-80.099021,Daular,2026-01-27 15:08,137,17
L9677499,EC,EC-G,,-1.875695,-80.0000119,Daule--El Arenal,2022-08-31 14:00,73,9
L18049785,EC,EC-M,,-0.6040392,-80.4144277,Delta del río Chone,2026-05-31 15:36,54,4
L10496631,EC,EC-Y,,-1.512256,-78.071275,Descanso Iwia,2020-01-15 15:10,56,2
L598420,EC,EC-P,,-0.026744,-78.763631,Desvío Mindo (Junction),2026-09-25 10:13,297,213
L9943357,EC,EC-Y,,-1.456103,-78.105422,Dique de Mera,2026-06-13 12:00,111,34
L40285739,EC,EC-N,,-0.3925567,-78.0588686,Dos Reservas,2026-08-24 14:31,92,64
L26421601,EC,EC-L,,-4.0772715,-79.1812852,Dos puentes,2023-08-05 09:00,33,1
L6607492,EC,EC-G,,-2.1745833,-79.8295784,Durán y alrededores,2026-07-23 17:10,83,39
L19927286,EC,EC-M,,-0.8263142,-80.1812344,ESPAM MFL--Campus y alrededores,2026-07-23 15:06,100,37
L13187056,EC,EC-B,,-1.4321223,-79.2787346,Echeandía y alrededores,2025-07-15 10:01,128,4
L35659977,EC,EC-C,,0.82378,-77.7673967,EcoParque Café y Restaurante,2026-08-17 16:58,89,12
L4995474,EC,EC-P,,0.1171,-78.6409,Ecollacta,2026-06-18 12:30,248,208
L18802974,EC,EC-T,,-1.335593,-78.4589075,"Ecorruta Kuri Pishku ""Platuquiral - La Carboneria""",2026-07-25 09:30,95,26
L859860,EC,EC-P,,-0.0333023,-78.7128139,"Ecoruta (Nono-Mindo road), Bellavista<->San Tadeo",2026-09-14 06:05,401,923
L2735076,EC,EC-P,,-0.0689142,-78.5889065,Ecoruta (Nono-Tandayapa Road above 2500 m),2026-09-26 07:12,221,724
L1427308,EC,EC-P,,-0.0940901,-78.5563081,"Ecoruta (Quito-Nono road), temperate zone",2026-09-26 06:19,154,128
L1797702,EC,EC-P,,-0.0170159,-78.6507905,Ecoruta--Alambi Valley (Nono-Tandayapa Road below 2500 m),2026-09-26 11:43,349,1264
L6651361,EC,EC-D,,-0.547425,-76.0521,Eden Amazon Lodge,2024-09-25 16:50,308,105
L14176874,EC,EC-A,,-2.8851716,-79.0959359,El Alto,2026-09-26 09:44,110,174
L24312209,EC,EC-S,,-3.1274683,-78.5482714,El Barranco,2023-05-13 09:17,32,12
L792521,EC,EC-N,,-0.2962946,-77.7492892,El Bombón y alrededores inmediatos (Gonzalo Díaz de Pineda),2026-08-27 14:46,168,68
L30516725,EC,EC-C,,0.6708489,-77.5905545,El Carmelo,2026-05-18 11:10,51,12
L7366904,EC,EC-C,,0.6661513,-77.5994911,El Carmelo,2026-05-18 14:34,61,2
L9535027,EC,EC-C,,0.645856,-77.5634631,El Carmelo-Santa Barbara road (Carchi),2026-08-16 07:02,137,36
L9535040,EC,EC-C,,0.7141794,-77.6719379,El Carmelo-Tulcan road,2024-04-22 09:00,70,10
L9682347,EC,EC-O,,-3.6621129,-79.929659,El Carmen,2019-07-22 11:00,30,1
L28442267,EC,EC-A,,-2.9629889,-79.5262519,El Carmen de Pijili,2023-12-12 06:00,51,1
L858964,EC,EC-N,,-0.3404883,-77.8088236,El Chaco,2026-07-23 15:51,200,133
L25676306,EC,EC-P,,-0.1820631,-78.3813067,El Chaquinian Tumbaco,2026-07-08 13:23,58,16
L7365597,EC,EC-C,,0.9374957,-78.1866168,El Chical,2025-03-27 10:00,203,15
L2209093,EC,EC-Z,,-4.9143805,-79.1046181,El Chorro y alrededores,2025-07-10 12:01,114,15
L5589067,EC,EC-L,,-3.8508823,-79.4274308,El Cisne - Loja,2025-12-27 06:43,33,3
L38534740,EC,EC-Z,,-3.6432652,-78.3921938,El Condor-Tundayme,2024-12-09 11:11,6,2
L37504145,EC,EC-P,,0.025955,-78.864654,El Cortijo Bambusa (casa y alrededores inmediatos),2025-11-29 09:04,69,21
L37504271,EC,EC-P,,0.030149,-78.863595,El Cortijo Bambusa--Sendero La Tola (mirador),2026-09-23 11:47,116,36
L37504211,EC,EC-P,,0.027675,-78.865016,El Cortijo Bambusa--Sendero detrás de la casa principal,2026-08-31 06:42,29,10
L1817640,EC,EC-E,,0.8255064,-78.4981059,El Cristal,2023-12-27 04:53,91,5
L2628295,EC,EC-A,,-3.1333364,-79.1958963,El Cristal - Huahualpungo,2026-09-27 07:32,99,352
L6583588,EC,EC-N,,-0.517782,-77.881226,El Dordado,2026-08-14 15:19,161,129
L8999827,EC,EC-P,,-0.067173,-78.77146,El Edén Treehouse Lodge,2026-09-12 15:55,260,196
L1764876,EC,EC-L,,-4.1475482,-79.888327,El Empalme-Celica Road,2026-09-04 18:04,195,317
L16010816,EC,EC-O,,-3.2418501,-79.8315507,El Guabo y alrededores,2026-05-06 14:43,2,1
L8675818,EC,EC-P,,-0.2206343,-78.3973239,El Jardín Alado,2026-05-23 08:10,18,7
L21015618,EC,EC-N,,-1.0380034,-77.6640229,El Jardín Lodge,2026-08-07 21:41,70,35
L6802390,EC,EC-I,,0.2225448,-78.2451927,El Lechero,2017-12-28 08:50,9,1
L19966434,EC,EC-L,,-3.9695823,-80.1470484,El Limo,2025-11-18 14:19,50,0
L9900172,EC,EC-SD,,-0.290134,-78.979705,El Memé,2023-01-02 16:21,121,4
L7718063,EC,EC-C,,0.7684065,-78.0551665,El Morán,2025-12-20 06:05,84,8
L76217935,EC,EC-N,,-0.4750949,-77.8706972,El Nido del Condor,2026-08-13 15:37,20,1
L4239824,EC,EC-T,,-1.4065591,-78.2973826,"El Otro Lado, Pailón del Diablo",2026-09-07 14:57,81,7
L18116135,EC,EC-Z,,-3.736739,-78.616913,"El Padmi, Los Encuentros",2026-05-17 16:47,63,6
L29614577,EC,EC-A,,-2.858315,-78.6419167,El Pan--Cascadas Las Dudas,2025-11-25 08:24,42,13
L23033810,EC,EC-U,,-0.4872102,-76.4097679,El Pilchi Lodge y comunidad kichwa,2026-08-18 08:24,127,33
L21179243,EC,EC-Z,,-4.5299737,-78.8695784,El Plateado,2022-10-08 15:30,43,1
L20405867,EC,EC-N,,-1.0834662,-77.5772106,El Potrero del río Arajuno,2026-09-26 12:20,220,100
L28985435,EC,EC-N,,-0.475098,-77.871424,El Quetzal Bosque Protegido,2026-09-26 15:45,200,578
L57546032,EC,EC-N,,-0.4749816,-77.8712654,El Quetzel,2026-08-13 15:37,70,46
L2253056,EC,EC-I,,0.37525,-78.47603,El Refugio de Íntag Lodge,2026-08-27 17:23,267,259
L27863391,EC,EC-N,,-0.4164122,-77.8406706,El Renacer de las Aves,2026-09-23 16:31,156,131
L16085032,EC,EC-O,,-3.3837987,-79.9098073,El Retiro y alrededores,2026-07-26 07:56,3,1
L30067998,EC,EC-Z,,-3.9559933,-79.0256556,El Retorno (Río Zamora),2026-07-27 12:28,107,81
L7417425,EC,EC-U,,-0.0455732,-77.5294447,El Reventador y alrededores,2026-08-17 16:54,85,14
L9843577,EC,EC-I,,0.513654,-78.488588,"El Rosario, Cuellaje",2026-09-27 08:26,103,14
L5598734,EC,EC-N,,-0.1979466,-77.7039224,El Salado,2023-10-14 06:33,69,21
L9320261,EC,EC-L,,-4.3570663,-79.422768,El Subo-Quilanga,2025-02-03 15:23,50,3
L1059493,EC,EC-SE,,-1.9001898,-80.6500175,El Suspiro,2024-12-14 08:00,253,51
L28343203,EC,EC-F,,-2.8305414,-78.9283854,El Tablon--Cerro Pachamama,2026-08-14 09:46,44,38
L9681225,EC,EC-X,,-0.917508,-79.057703,El Tingo La Esperanza--Vía a Choasillí,2019-07-20 04:30,95,1
L27747803,EC,EC-Z,,-3.9898617,-79.1449059,El Tiro,2026-08-10 15:00,98,27
L3900573,EC,EC-G,,-2.330389,-79.4045,El Triunfo y alrededores,2025-07-20 10:55,29,4
L17198079,EC,EC-G,,-2.359873,-79.2737462,El Triunfo--Las Pavas,2025-08-12 10:01,63,3
L3224983,EC,EC-P,,-0.0432587,-78.805275,El carmelo,2026-09-13 14:55,174,12
L2762460,EC,EC-C,,0.6212305,-77.9395268,El Ángel--Ciudad y alrededores,2026-09-06 08:06,21,4
L13255682,EC,EC-A,,-2.7631657,-78.6967149,Embalse  de Guachapala,2023-03-03 08:14,14,2
L62805270,EC,EC-A,,-2.56534,-78.5688655,Embalse Arenales--Campamento,2026-05-09 06:58,76,4
L14133198,EC,EC-A,,-2.5619417,-78.5666251,Embalse Arenales--Carretera,2026-05-09 13:40,100,21
L20465255,EC,EC-T,,-1.1938982,-78.826924,Embalse Mula Corral,2025-05-27 15:25,19,6
L37549823,EC,EC-G,,-2.3954515,-79.3134199,Embalse Playa Seca,2024-10-29 13:12,2,0
L4079868,EC,EC-M,,-1.1065463,-80.1550913,Embalse Poza Honda,2026-01-31 10:49,70,8
L2761571,EC,EC-A,,-2.84896,-78.85495,Embalse la Josefina,2024-04-28 17:50,42,6
L2762497,EC,EC-SE,,-2.36701,-80.5389,Engunga IBA,2025-08-14 13:10,138,9
L9945351,EC,EC-SE,,-2.4673925,-80.5667878,Engunga y alrededores,2022-11-13 09:00,85,4
L8254549,EC,EC-H,,-1.53639,-78.78511,"Enshala Loma, up-hill from Tambohuasha - 1",2018-07-30 11:34,10,2
L7179800,EC,EC-N,,-0.9577649,-77.8635004,Entrada Cerro CHIUTA,2026-08-10 11:38,100,5
L13725383,EC,EC-Z,,-3.7593696,-78.6424121,Entrada a Los Encuentros,2026-04-16 07:21,75,9
L37746776,EC,EC-P,,0.0149,-78.5003,Entrada a Moraspungo Hacienda Grande Amarilla,2026-06-08 15:59,58,12
L6017818,EC,EC-A,,-3.4279444,-79.2361111,Entrada a Poetate,2017-06-24 07:00,29,2
L32466431,EC,EC-P,,-0.008611,-78.254444,Equator Seco Area,2023-03-04 14:00,3,2
L4055884,EC,EC-E,,0.9863176,-79.6465874,Esmeraldas River mouth and Puerto Pesquero,2021-12-22 00:00,72,13
L471682,EC,EC-W,,-1.3532527,-89.6574857,Española--Bahía Gardner,2026-09-22 15:57,70,1242
L15653123,EC,EC-W,,-1.3744232,-89.6819369,Española--El Caco,2026-04-02 10:46,39,17
L12497996,EC,EC-W,,-1.3439394,-89.6443254,Española--Isla Gardner,2026-09-22 12:32,37,141
L15572793,EC,EC-W,,-1.3941301,-89.6192869,Española--Punta Cevallos,2026-09-22 12:59,39,100
L471681,EC,EC-W,,-1.3715292,-89.7439885,Española--Punta Suárez,2026-09-22 08:16,77,1974
L1601648,EC,EC-W,,-1.1162368,-89.6547814,Española<-->San Cristóbal pelagic crossing (historical protocol only),2026-09-18 07:48,37,197
L3000298,EC,EC-B,,-2.1212264,-79.1150076,Esperanza Alta (Vía Bucay-Chillanes)--provincia de Bolívar,2026-06-16 05:45,251,137
L27497204,EC,EC-G,,-2.1167315,-79.1162991,Esperanza Alta (Vía Bucay-Chillanes)--provincia de Guayas,2024-01-04 07:08,48,3
L160,EC,EC-U,,1.29E-5,-76.1666036,Estacion Biologica Cuyabeno,2026-04-21 09:54,219,11
L615468,EC,EC-E,,0.3592,-79.7006,Estación Biológica Bilsa (Fundación Jatun Sacha),2026-07-24 06:03,383,91
L5002599,EC,EC-P,,0.114006,-78.5702218,Estación Biológica El Cedral Ecolodge,2025-11-03 09:02,97,6
L471355,EC,EC-N,,-1.0649259,-77.6138592,Estación Biológica Jatun Sacha,2026-07-11 12:56,504,258
L9211774,EC,EC-X,,-0.333219,-78.9349603,Estación Biológica Otongachi,2021-10-20 10:48,90,2
L6740268,EC,EC-Y,,-1.4565615,-78.0797267,Estación Biológica Pindo Mirador,2026-02-07 15:06,264,85
L2762561,EC,EC-R,,-1.33148,-79.5862,Estación Científica Pedro Franco Dávila IBA,2014-04-12 12:30,14,1
L489496,EC,EC-R,,-0.5888075,-79.3635871,Estación Científica Rio Palenque (Research Station),2025-03-19 07:00,419,291
L54731130,EC,EC-Z,,-3.9559944,-79.0760693,Estación Científica San Francisco,2004-01-06 08:30,23,2
L7368791,EC,EC-Z,,-3.9716913,-79.0791163,Estación Científica San Francisco,2026-01-21 09:02,93,11
L38374567,EC,EC-P,,0.0327048,-78.8720619,Estación Forestal Milpe,2026-05-04 06:45,156,18
L685430,EC,EC-D,,-0.6745278,-76.3974008,Estación Yasuní PUCE (Yasuní Biological Research Station),2026-08-03 07:20,533,681
L18470182,EC,EC-D,,-0.6792,-76.3844,Estación Yasuní PUCE--torre,2026-03-18 17:57,164,37
L21569992,EC,EC-Y,,-1.3224476,-77.6857853,Estación científica Oglan,2023-08-12 08:35,89,11
L11752425,EC,EC-G,,-2.613485,-79.4704235,Estación de Servicio PDV San José y alrededores,2025-11-19 14:32,67,31
L74895160,EC,EC-I,,0.396366,-78.141265,Estación del tren Hoja Blanca y alrededores,2026-09-26 16:41,39,20
L2762378,EC,EC-X,,-0.98,-79.21,"Estero Hondo, al sur del Río Chipe (parroquia: La Maná)",2011-12-28 00:00,24,2
L2763186,EC,EC-E,,1.35598,-78.8112,Estero Molina (Palma Real),2007-07-27 00:00,7,1
L21207202,EC,EC-SE,,-2.082873,-80.740049,Estero Pacoa,2026-09-07 10:17,53,12
L2761574,EC,EC-G,,-2.24922,-79.96927,Estero Puerto Hondo,2023-11-27 07:44,56,11
L817198,EC,EC-G,,-2.1945691,-80.0173975,Estero Puerto Hondo y Manglares,2026-08-28 14:40,110,52
L27139877,EC,EC-F,,-2.6056218,-78.9662202,Estero de Chorocopte,2024-02-28 13:26,25,6
L54822074,EC,EC-P,,0.1251473,-79.2116217,Estrada de Silanche,2026-06-01 14:00,69,6
L2761582,EC,EC-M,,0.3146667,-79.9903333,Estuario de Cojimíes,2026-03-21 08:29,117,18
L2761596,EC,EC-E,,0.3866667,-80.0473333,Estuario de Cojimíes-Isla del Amor,2026-04-01 15:52,73,20
L30626576,EC,EC-O,,-3.1671543,-79.9372191,Estuario del río Jubones,2013-12-17 09:00,16,1
L5843466,EC,EC-SE,,-1.9367715,-80.7243684,Estuario del río Valdivia,2025-01-11 13:26,60,9
L13773090,EC,EC-D,,-0.4871165,-76.9917224,FLOR DE ORIENTE,2024-11-24 08:58,57,4
L4047388,EC,EC-G,,-2.1470563,-79.9164444,Facultad Ciencias Naturales (Universidad de Guayaquil),2026-09-22 15:06,102,113
L13238067,EC,EC-N,,-0.3447291,-77.8107784,Facundo - Linares ( Sector Río Quijos),2026-08-21 18:21,80,48
L6709921,EC,EC-D,,-0.3698962,-77.0003843,Farinosa Lodge,2026-02-18 11:01,98,31
L14303790,EC,EC-Z,,-3.919654,-78.6849024,Farm Draucin,2024-05-25 09:50,165,44
L7867232,EC,EC-E,,0.8629901,-79.8678491,Faro de Atacames y bosque circundante,2026-06-29 06:50,34,5
L31199945,EC,EC-L,,-3.711985,-79.3434088,Fierro Urku,2017-08-18 08:00,1,0
L18664308,EC,EC-C,,0.7356894,-77.7259178,"Finca ""El Placer""",2022-04-23 10:50,9,1
L12697204,EC,EC-Y,,-1.6154633,-77.8320411,Finca - Heimatlos Eco Lodge & Farm,2026-08-26 09:00,176,44
L22127044,EC,EC-C,,0.7934216,-78.2047237,Finca AGF Tucán del Chocó,2026-09-15 05:30,216,42
L7848329,EC,EC-O,,-3.5693886,-80.0402085,Finca Agroecológica Happy Fruit,2020-01-27 06:00,64,8
L38513872,EC,EC-P,,0.1211114,-79.0574625,Finca Agroecológica “La Centella”,2025-06-19 06:35,149,12
L31850154,EC,EC-L,,-4.144175,-79.8596769,Finca Agroturística Don Dalecio,2026-07-22 08:29,76,14
L9674546,EC,EC-O,,-3.723156,-79.594867,Finca Ariel,2019-10-21 07:30,44,3
L3011798,EC,EC-P,,-0.02816,-78.82286,Finca Ave Terra,2026-09-27 06:23,218,85
L10808563,EC,EC-P,,0.1575163,-79.224959,Finca Blanca Margarita - Chicao Chocolate,2026-01-24 06:09,160,55
L11373520,EC,EC-E,,0.7161964,-80.0938243,Finca Chagüisa (Parroquia Quingue),2026-08-22 07:00,141,152
L11501095,EC,EC-E,,0.7035311,-80.0874641,Finca Chavalito (Recinto Camito),2026-08-23 09:00,127,26
L10477955,EC,EC-SD,,-0.3203375,-78.8156809,Finca Chitoa al Natural,2024-09-14 10:30,186,53
L57682336,EC,EC-P,,0.0721482,-79.2367921,Finca Cielo Roto,2026-01-26 06:42,46,3
L17046680,EC,EC-T,,-1.4092827,-78.1877197,Finca Don Sebas,2024-05-11 06:51,82,21
L19126849,EC,EC-S,,-3.1015517,-78.5307308,Finca El Barranco,2022-05-14 16:00,50,4
L30773177,EC,EC-G,,-2.200998,-79.625919,Finca El Deseo (Cacao UNOCACE),2026-04-15 10:53,8,2
L21095278,EC,EC-E,,0.705743,-80.0727243,Finca El Esfuerzo,2003-08-25 09:24,57,1
L24516072,EC,EC-SD,,-0.2130285,-78.9507831,Finca El Laurel,2023-05-20 07:09,76,2
L17642672,EC,EC-N,,-0.4085524,-77.8250161,Finca El Madrigal,2026-02-16 15:36,200,284
L69988705,EC,EC-S,,-2.4297899,-78.1843704,Finca El Pedregal,2026-08-31 11:22,73,17
L11397201,EC,EC-SD,,-0.4516,-79.3246,Finca El Pisque,2023-10-29 14:27,99,6
L19858627,EC,EC-H,,-2.2356114,-79.1274722,Finca El Rosario,2023-01-18 15:50,37,2
L28211215,EC,EC-U,,0.0485158,-76.8054628,Finca Familia Jaramillo,2024-09-18 15:04,69,0
L11435758,EC,EC-M,,-1.64214,-80.825356,Finca La Encantada,2026-06-21 07:12,82,35
L11635294,EC,EC-SD,,-0.3670453,-79.2704561,Finca La Floreana,2026-05-09 10:52,136,44
L30472098,EC,EC-M,,-1.0979273,-80.3862393,Finca La Guacharaca,2026-05-09 14:00,51,6
L16648264,EC,EC-B,,-1.428,-79.312,Finca La Leonera,2019-06-28 10:30,39,1
L10719865,EC,EC-P,,-0.31401,-78.9337099,Finca La Mercedes,2021-12-20 10:44,51,5
L25200484,EC,EC-P,,0.179569,-78.733587,Finca La Perla,2026-09-25 15:01,67,4
L29661629,EC,EC-Y,,-1.4188459,-78.1152899,Finca La Ponderosa - Mera,2024-03-03 10:45,100,15
L10004193,EC,EC-SE,,-1.75795,-80.6745283,Finca La Selva,2026-07-18 09:07,126,15
L17464402,EC,EC-P,,0.1203775,-78.7250662,Finca La Victoriana (Cock-of-the-Rock Lek),2026-09-24 07:25,294,791
L18906706,EC,EC-S,,-3.273931,-78.515031,Finca Los Cabreras,2026-03-25 14:24,186,119
L11986840,EC,EC-N,,-0.4379963,-77.9817374,Finca Los Nogales (Refugio del Águila Andina),2026-09-24 15:33,237,418
L3874930,EC,EC-N,,-0.7246944,-77.6995833,Finca Manchangara (acceso restringido),2025-07-23 08:28,211,24
L12420852,EC,EC-A,,-2.5777985,-79.3509442,Finca Manta Real,2026-03-21 14:20,95,22
L6655955,EC,EC-E,,0.3357054,-79.519247,Finca Mi Cumita,2025-10-11 15:29,255,88
L41206462,EC,EC-P,,0.2038866,-78.7525735,Finca Morgenbrise,2025-10-05 14:22,109,13
L12541526,EC,EC-SD,,-0.0589435,-79.2562901,Finca Mundo Verde,2023-01-13 09:16,119,12
L16070723,EC,EC-SD,,-0.2644528,-79.027953,Finca Nápoles,2023-08-15 15:30,89,11
L57680748,EC,EC-P,,0.1824096,-79.1842754,Finca Nápoles,2026-01-25 07:30,20,1
L38039220,EC,EC-I,,0.36654,-78.47618,Finca Orgánica San Antonio,2026-04-17 21:35,94,26
L11426336,EC,EC-S,,-3.112351,-78.5380976,"Finca Palaco, San Juan Bosco",2026-06-22 11:49,100,35
L10248957,EC,EC-T,,-1.4216667,-78.2422222,Finca Palmonte,2026-05-31 12:31,154,36
L8246925,EC,EC-S,,-3.74851,-78.63158,Finca PermaTree.org,2018-12-30 11:19,11,5
L18455730,EC,EC-Z,,-3.934133,-78.6560181,Finca Reina del cisne,2026-09-26 06:30,111,14
L21671925,EC,EC-L,,-4.3213074,-79.26093,Finca Sagrada,2022-11-26 09:00,23,3
L12568931,EC,EC-N,,-0.415,-77.83,Finca San Andrés,2026-04-08 14:00,125,28
L6418302,EC,EC-H,,-2.2171086,-79.0866789,Finca San Carlos,2026-09-13 06:18,228,808
L12333218,EC,EC-SD,,-0.1717646,-79.345858,Finca Sisantu,2025-03-04 16:16,152,66
L65624873,EC,EC-S,,-3.1656405,-78.554136,Finca Sobralias & Tangaras,2026-05-09 13:56,32,9
L25401361,EC,EC-Z,,-3.5989042,-78.6012772,Finca Sole,2025-12-11 08:55,70,7
L20959133,EC,EC-SD,,-0.1368039,-79.1439749,Finca Turística Las Palmas,2023-10-28 15:40,129,8
L5840317,EC,EC-S,,-2.2090563,-78.0871564,Finca Upano,2025-02-02 16:00,144,29
L67107327,EC,EC-Y,,-1.5912966,-77.8994195,Finca Varias Perlas,2026-05-21 06:20,13,1
L11426359,EC,EC-S,,-3.084028,-78.511893,"Finca Victor Fajardo, Pan de Azúcar",2023-10-22 06:33,73,11
L9650648,EC,EC-P,,0.0986462,-79.1900271,Finca Yaussa,2023-10-07 05:53,82,3
L11399076,EC,EC-N,,-0.2233146,-77.7245963,Finca la Jungla,2025-11-10 10:04,227,15
L17134192,EC,EC-P,,0.1030432,-78.9506904,Fincalegre--senderos y camino al Río Pachijal.,2026-07-23 19:30,199,42
L3994219,EC,EC-W,,-1.2228071,-90.4304838,Floreana--Bahía cercana a Punta Cormorant,2026-09-23 07:19,62,158
L490082,EC,EC-W,,-1.2163226,-90.4230809,Floreana--Corona del Diablo,2026-09-08 16:12,49,162
L1601686,EC,EC-W,,-1.3135795,-90.4529743,"Floreana--Galapaguera, senderos y Asilo de la paz",2026-07-30 08:17,61,570
L471930,EC,EC-W,,-1.2379255,-90.3857446,Floreana--Isla Champion,2026-09-23 09:56,66,886
L2762160,EC,EC-W,,-1.3329418,-90.2957388,Floreana--Isla Gardner,2026-06-01 12:01,43,37
L17011221,EC,EC-W,,-1.2313775,-90.362486,Floreana--Islote Enderby,2025-07-12 10:15,18,34
L17029416,EC,EC-W,,-1.2822996,-90.4930119,Floreana--La Lobería,2026-04-07 16:08,46,29
L9013201,EC,EC-W,,-1.2263957,-90.4384302,Floreana--Mirador de la Baronessa,2026-09-23 13:41,59,131
L798189,EC,EC-W,,-1.2360162,-90.4494739,Floreana--Post Office Bay,2026-09-23 15:37,80,724
L1611417,EC,EC-W,,-1.2748689,-90.4866639,Floreana--Puerto Velasco Ibarra y alrededores,2026-08-03 10:00,64,429
L471680,EC,EC-W,,-1.2261265,-90.4283381,Floreana--Punta Cormorant,2026-09-15 17:00,94,1309
L1601710,EC,EC-W,,-1.3477613,-90.0561502,Floreana<-->Española pelagic crossing (historical protocol only),2026-06-01 01:07,23,27
L41799115,EC,EC-N,,-1.0311465,-77.5267028,"Gaia Ecolodge y alrededores, Napo, EC (-1.031, -77.527)",2025-04-01 18:30,36,4
L3550865,EC,EC-W,,-0.4787795,-90.6251585,Galapagos Islands--entire area (*historical checklists only; please use a more precise location whenever possible),2026-09-13 21:19,85,57
L1822985,EC,EC-E,,0.8162694,-80.0471263,Galera,2024-01-01 23:06,195,49
L16207077,EC,EC-H,,-2.0107941,-78.8978157,"Galte Jatun Loma, sector Chaloasí",2021-08-23 06:00,41,3
L16206976,EC,EC-H,,-1.9967157,-78.8892621,"Galte Jatun Loma, sector El Salto",2021-08-24 06:45,32,3
L1122806,EC,EC-W,,0.0,-90.0,Galápagos--inshore waters north (Reminder: do not use hotspots with eBird pelagic protocol),2026-03-22 20:31,31,36
L1122774,EC,EC-W,,-1.0,-90.0,Galápagos--inshore waters south (Reminder: do not use hotspots with eBird pelagic protocol),2026-06-01 07:52,27,16
L1051380,EC,EC-N,,-1.0353836,-77.3976195,Gareno Lodge,2026-08-15 08:31,550,698
L1099238,EC,EC-N,,-0.9978936,-77.426024,Gareno-Chonta Road,2026-09-17 05:48,437,154
L5841735,EC,EC-L,,-4.3073412,-80.2297425,Garza Real,2025-05-10 09:08,66,11
L657621,EC,EC-U,,-0.481865,-75.356555,Garza-cocha,2026-04-06 13:41,180,28
L5584513,EC,EC-Z,,-4.0678507,-78.9405676,Genairo,2025-04-25 17:43,50,5
L1598496,EC,EC-W,,0.3124306,-89.9542877,Genovesa--Bahía Darwin,2026-09-21 18:37,70,1231
L1598500,EC,EC-W,,0.3029085,-89.9511183,Genovesa--Prince Philip's Steps,2026-09-25 08:25,62,1253
L42882615,EC,EC-N,,-0.8101289,-77.7760363,"Geositio "" Churo""",2026-07-08 11:19,75,7
L7365497,EC,EC-I,,0.782831,-78.359857,Getzemaní (Parroquia Lita),2018-05-05 06:00,61,1
L1904426,EC,EC-A,,-3.1583264,-79.1486854,Giron y alrededores,2026-04-17 10:30,93,23
L14831175,EC,EC-P,,0.0010678,-78.7434316,Goura Duti( ave dorada),2026-08-08 13:12,58,6
L7095131,EC,EC-A,,-3.3048361,-79.6037793,Gramalote y alrededores,2026-07-26 08:42,58,6
L7094984,EC,EC-A,,-3.2895407,-79.6122766,Gramalote--Sector Río Vivar,2021-06-26 08:24,111,7
L8066669,EC,EC-N,,-1.0933064,-77.5577721,Grand Selva Lodge & Tours,2026-09-20 15:05,268,91
L27541556,EC,EC-Z,,-4.014151,-78.871289,Granja San luis
L31630545,EC,EC-N,,-0.401653,-77.828288,Green Bamboo Lodge,2026-05-28 14:19,38,9
L4445764,EC,EC-N,,-0.2185238,-77.7410647,Gruta de los Tayos (atractivo turístico),2026-04-02 15:00,163,52
L1899826,EC,EC-P,,-0.2037552,-78.5895579,Guagua Pichincha--road and trail to top of volcano,2026-06-14 11:46,120,49
L16945516,EC,EC-A,,-2.8949025,-78.7753646,Gualaceo y alrededores,2021-11-20 13:00,5,0
L1054022,EC,EC-S,,-3.0298864,-78.6488914,Gualaceo-Limon Road (areas above 2500 m),2023-10-26 11:00,211,29
L2751519,EC,EC-S,,-3.00695,-78.4937739,Gualaceo-Limon Road (areas closer to Limon below 2500 m),2026-05-09 13:54,209,50
L11440107,EC,EC-S,,-3.3545737,-78.5004889,Gualaquiza,2020-05-02 07:00,3,1
L7372900,EC,EC-S,,-3.3823164,-78.5270762,Gualaquiza--Cuevas de la Dolorosa,2025-02-14 08:45,53,2
L4585985,EC,EC-S,,-3.3963022,-78.5797518,Gualaquiza--General Área,2025-04-12 17:19,169,81
L11439501,EC,EC-S,,-3.396659,-78.5769396,Gualaquiza--Parque Lineal,2026-01-09 15:31,46,5
L5767812,EC,EC-S,,-3.293384,-78.59367,Gualaquiza--Reserva Ecológica El Paraíso,2026-01-28 06:45,364,276
L7379652,EC,EC-S,,-3.4082775,-78.5697019,Gualaquiza--Ruta Cascada los Juanes,2020-07-15 16:30,25,1
L9160366,EC,EC-C,,0.8643895,-78.2243568,Gualpi,2025-11-09 07:24,103,5
L21305240,EC,EC-H,,-1.9340545,-78.7097417,Guamote y alrededores,2026-04-29 18:01,28,7
L6873828,EC,EC-H,,-1.5418641,-78.5420242,Guanando  y alrededores,2026-06-21 06:16,28,6
L489428,EC,EC-N,,-0.3781268,-78.0742863,Guango Lodge,2026-09-27 15:48,323,10160
L50100005,EC,EC-P,,-0.260357,-78.452186,Guangopolo--El Cedacero (Casa Somos),2025-07-19 15:58,3,2
L2763089,EC,EC-H,,-1.6071667,-78.6408333,Guano (ciudad),2025-06-13 12:04,17,3
L4820936,EC,EC-H,,-1.6397216,-78.6406946,Guano--Hotel Hacienda Abraspungo,2025-11-13 05:45,23,12
L3877403,EC,EC-B,,-1.5578632,-79.0077603,Guanujo y alrededores,2026-08-08 10:30,4,1
L15990921,EC,EC-B,,-1.5913124,-78.9991411,Guaranda y alrededores,2026-08-09 16:47,15,6
L53976455,EC,EC-Z,,-4.6056923,-78.8766334,Guardiania Cerro Plateado,2025-10-11 06:44,33,3
L31167259,EC,EC-N,,-0.6208327,-77.8247857,Guardianía Guacamayos Antisana,2026-09-15 13:04,117,41
L9917784,EC,EC-D,,-0.703,-76.7089,Guardianía Pindo,2026-05-09 05:58,146,11
L10181707,EC,EC-D,,-0.81994,-75.6064,Guardianía Tiputini,2026-05-09 06:07,59,3
L26474243,EC,EC-X,,-0.8062157,-79.1600057,Guasaganda y alrededores,2026-01-18 16:00,104,11
L2761993,EC,EC-G,,-2.144,-79.8891667,Guayaquil (¡solo para listas HISTÓRICAS!),2026-03-27 07:42,195,61
L25662836,EC,EC-G,,-2.0673842,-79.8134422,Guayaquil Country Club y alrededores,2026-06-20 07:00,68,13
L5118574,EC,EC-G,,-2.1688662,-79.9251481,Guayaquil--Bosque Protector Cerro El Paraíso,2026-07-19 10:11,127,105
L8814149,EC,EC-G,,-2.1582114,-79.9084665,Guayaquil--Bosque Protector Palo Santo,2024-11-03 07:51,72,28
L5415393,EC,EC-G,,-2.0067692,-79.9716483,Guayaquil--Capeira Urbanización,2026-06-06 09:10,146,138
L2668926,EC,EC-G,,-2.18256,-79.8863836,Guayaquil--Cementerio General,2025-10-10 07:10,38,8
L6212434,EC,EC-G,,-2.1813529,-79.8754445,Guayaquil--Cerro Santa Ana,2026-08-25 15:35,85,100
L21881036,EC,EC-G,,-2.16432,-79.9293,Guayaquil--Chawpi Lodge,2026-01-21 11:22,33,2
L23113591,EC,EC-G,,-2.06832,-79.9088479,Guayaquil--Ciudad del Río,2025-05-20 07:23,18,3
L12738087,EC,EC-G,,-2.1159242,-79.8947025,Guayaquil--Ciudadela Guayacanes,2026-06-25 09:24,68,5
L4810686,EC,EC-G,,-2.1466246,-79.961409,"Guayaquil--ESPOL (Lago, Facultades y alrededores)",2026-09-13 10:25,166,298
L13076633,EC,EC-G,,-2.189156,-79.938677,Guayaquil--Embajada de EEUU,2026-06-08 12:44,44,10
L22779584,EC,EC-G,,-2.158145,-79.893993,Guayaquil--Hostal Macaw,2024-03-10 09:37,19,1
L21595202,EC,EC-G,,-2.1631387,-79.8707694,Guayaquil--Islote El Palmar,2026-09-26 14:32,60,5
L5258302,EC,EC-G,,-2.0795749,-79.9094948,Guayaquil--Jardín Botánico,2026-09-22 08:53,119,84
L678882,EC,EC-G,,-2.1950923,-79.8801756,Guayaquil--Malecon 2000,2026-08-26 16:39,163,347
L3237071,EC,EC-G,,-2.1859908,-79.8984183,"Guayaquil--Malecón del Estero Salado y alrededores (Plaza R. B. Moreno, M. Universitario, Puente Zig-Zag, Parque Lineal, Puente El Velero)",2026-09-08 14:32,156,282
L11406767,EC,EC-G,,-2.1790799,-79.9142382,Guayaquil--Mirador Bellavista,2026-07-30 10:32,87,49
L8246453,EC,EC-G,,-2.1586536,-79.8941422,Guayaquil--Parque Antonio Neumane,2025-10-30 12:24,40,7
L2616305,EC,EC-G,,-2.1652288,-79.937135,Guayaquil--Parque El Bosque,2026-05-02 18:19,44,56
L5726502,EC,EC-G,,-2.2103857,-79.8947883,Guayaquil--Parque Forestal,2026-08-07 11:09,84,44
L16801937,EC,EC-G,,-2.1541076,-79.8920562,Guayaquil--Parque Jerusalén,2026-05-29 17:57,41,19
L5415587,EC,EC-G,,-2.1611118,-79.9021375,Guayaquil--Parque Lineal Kennedy Norte,2026-09-27 10:46,169,415
L4133663,EC,EC-G,,-2.1145651,-79.9026264,Guayaquil--Parque Samanes 1,2026-08-10 10:35,77,24
L13169187,EC,EC-G,,-2.16524,-79.916513,Guayaquil--Parque de Urdesa,2025-12-02 15:09,53,11
L483337,EC,EC-G,,-2.1947171,-79.8832548,Guayaquil--Parque de las iguanas,2026-07-30 13:08,91,142
L10320644,EC,EC-G,,-2.1781683,-79.8760216,Guayaquil--Puerto Santa Ana,2026-08-26 09:58,94,131
L12290022,EC,EC-G,,-2.1050277,-79.89649,Guayaquil--Samanes ANR (sector este de la Av. Fco de Orellana),2026-09-15 09:08,103,72
L4611209,EC,EC-G,,-2.1053724,-79.9144917,Guayaquil--Samanes ANR (senderos sector oeste de la Av. Fco. de Orellana),2026-09-14 09:43,204,247
L13169126,EC,EC-G,,-2.160501,-79.926574,Guayaquil--Teatro Febres Cordero,2021-01-03 16:30,13,1
L17324722,EC,EC-G,,-2.1506693,-79.9025452,Guayaquil--UE Ecomundo,2026-05-11 09:53,44,12
L1898642,EC,EC-G,,-2.2027131,-79.8964199,Guayaquil--general area (*Please consider using a more precise personal location or hotspot if possible.),2025-10-16 07:10,143,57
L6522989,EC,EC-G,,-2.1898176,-79.887718,Guayaquill--Parque Centenario,2026-04-30 09:29,54,42
L58867932,EC,EC-P,,0.024873,-78.695379,Guaycapi Birding Lodge,2026-09-26 13:33,188,256
L31243349,EC,EC-P,,0.024873,-78.695379,Guaycapi Lodge,2026-09-27 06:35,281,1310
L2176428,EC,EC-P,,-0.0590515,-78.3456516,Guayllabamba--vicinity,2026-08-05 13:26,68,38
L12052467,EC,EC-L,,-3.9072905,-79.5318762,Guayquichuma - Vicinity,2024-04-02 16:04,45,9
L1902588,EC,EC-Z,,-4.0485387,-78.6827734,Guayzimi,2025-11-08 06:44,136,23
L74241264,EC,EC-H,,-1.5360112,-78.5363486,Guzo Chico Birding Spot,2026-07-26 15:12,20,10
L11822058,EC,EC-O,,-3.6925263,-79.5515977,Güizhagüiña y alrededores,2020-07-03 11:00,1,1
L10374261,EC,EC-S,,-2.2558202,-78.1987305,HIDROELÉCTRICA ABANICO,2022-12-14 16:09,77,4
L34601389,EC,EC-N,,-0.6698438,-77.9192668,Hacienda Aragón,2025-06-01 07:28,25,1
L24990228,EC,EC-G,,-2.3899274,-79.6046913,Hacienda Cacao y Mango,2026-04-05 12:49,78,42
L2762626,EC,EC-M,,-0.09753,-80.1559,Hacienda Camarones IBA,2022-07-02 13:36,228,56
L13316339,EC,EC-P,,-0.4298123,-78.7552421,Hacienda Canchacoto,2022-09-17 08:30,148,18
L18864457,EC,EC-I,,0.4512,-78.22923,Hacienda Chachimbiro,2022-04-15 06:30,18,2
L18590873,EC,EC-I,,0.4534388,-78.230896,"Hacienda Chachimbiro, El Mirador"
L29645302,EC,EC-I,,0.3404718,-78.1591835,Hacienda Chorlaví,2024-02-20 06:00,16,1
L1904470,EC,EC-A,,-2.7858627,-79.1673617,Hacienda Dos Chorreras y alrededores,2026-09-25 15:19,86,252
L9231797,EC,EC-G,,-2.6108327,-80.4408592,Hacienda El Algarrobo,2025-07-19 10:36,11,2
L7705412,EC,EC-G,,-2.3580566,-80.2827605,Hacienda El Castillo (Cerecita),2026-05-08 00:00,115,14
L10813312,EC,EC-P,,-0.5416694,-78.4722519,Hacienda El Porvenir y alrededores,2026-09-08 10:17,74,60
L30655973,EC,EC-P,,-0.022866,-78.17037,Hacienda Guachalá y alrededores inmediatos,2024-04-14 13:15,8,2
L2436405,EC,EC-P,,-0.4608243,-78.309828,Hacienda Hostería Guáytara,2026-06-14 06:28,75,86
L55534637,EC,EC-P,,-0.3422693,-78.4521192,Hacienda La Carriona,2026-08-23 17:46,21,18
L10086332,EC,EC-X,,-0.7720911,-78.6194187,Hacienda La Ciénega,2026-05-12 09:17,108,77
L4784673,EC,EC-G,,-2.1635563,-79.3786133,Hacienda La Danesa,2025-10-02 06:23,59,9
L33980296,EC,EC-L,,-4.4173672,-79.1583542,Hacienda La Ponderosa,2026-07-27 17:53,35,10
L21899667,EC,EC-G,,-1.5168802,-80.0358725,Hacienda Las Habras,2026-01-18 17:48,64,11
L18092679,EC,EC-P,,-0.5549136,-78.4509498,Hacienda Los Mortinos,2026-08-16 12:43,41,15
L17651749,EC,EC-T,,-1.3142101,-78.4677458,Hacienda Manteles,2026-03-09 03:06,85,5
L18149994,EC,EC-SE,,-1.7903942,-80.7578802,Hacienda Olonche,2026-03-22 11:04,49,5
L21124806,EC,EC-G,,-2.1790629,-79.2316227,Hacienda Pachakay,2025-11-22 12:19,102,5
L26367286,EC,EC-I,,0.393844,-78.063718,Hacienda Pimán,2026-09-03 08:08,25,3
L30800254,EC,EC-I,,0.5172087,-78.409853,Hacienda Piñán,2015-06-27 09:00,2,0
L6628365,EC,EC-C,,0.7949477,-78.217427,Hacienda Primavera,2025-12-29 17:26,211,63
L33617982,EC,EC-C,,0.8578178,-78.0657111,Hacienda Puente de Palo,2026-06-21 15:39,127,2
L732135,EC,EC-P,,0.0260418,-78.6970868,Hacienda Puyucunapi,2026-06-25 16:16,188,98
L12554779,EC,EC-G,,-2.423957,-80.371451,Hacienda Rosa Amada,2023-06-20 15:37,101,22
L4600653,EC,EC-P,,-0.1761593,-78.5312283,Hacienda Rumiloma,2026-08-23 06:30,111,129
L10087076,EC,EC-X,,-0.7289674,-78.5888003,Hacienda San Agustín del Callo y alrededores,2026-08-05 15:56,30,8
L12890743,EC,EC-P,,-0.3602993,-78.4172195,Hacienda San Francisco de Jijón,2020-12-07 06:56,27,4
L31590475,EC,EC-P,,-0.330838,-78.461999,Hacienda San Isidro (Municipio de Rumiñahui),2024-10-18 10:14,33,11
L859760,EC,EC-P,,-0.2684774,-78.2712793,Hacienda San Jose--vicinity,2026-07-21 14:00,108,136
L53335107,EC,EC-P,,-0.0546611,-78.5760869,Hacienda San Martin,2025-09-27 14:12,39,6
L17554356,EC,EC-H,,-2.0570515,-78.9824004,Hacienda Sillagoto,2022-01-19 10:31,52,1
L10088990,EC,EC-X,,-0.895459,-78.6586676,Hacienda Tilipulo,2026-09-26 12:07,10,2
L27838904,EC,EC-B,,-2.1075532,-79.113877,Hacienda Turística El Cadeal,2026-04-06 09:54,96,19
L29022451,EC,EC-N,,-0.421052,-77.87922,Hacienda Utopía,2025-01-04 06:16,83,42
L19681846,EC,EC-P,,0.0045684,-78.3964931,Hacienda Verde,2023-10-04 07:00,33,7
L6250755,EC,EC-I,,0.2017859,-78.0850178,Hacienda Zuleta,2026-07-19 16:03,106,91
L17880298,EC,EC-N,,-0.7284254,-78.3334637,Hacienda el Tambo,2024-12-22 00:00,31,6
L15739530,EC,EC-N,,-1.0382121,-77.7089677,Hamadryade Lodge,2026-08-17 06:35,173,29
L33481073,EC,EC-N,,-0.847782,-77.795086,Heladería y cafetería Jardín Cotundo,2026-01-17 10:15,34,4
L1759079,EC,EC-L,,-3.6580581,-79.2696719,Highway E35--roadsides near Reserva Huashapamba,2026-05-21 08:37,130,146
L7778827,EC,EC-O,,-3.5753053,-80.0615116,Hillary Nature Resort & Spa,2026-01-24 14:32,52,7
L5661930,EC,EC-P,,0.0013733,-78.4844398,Hipódromo Calacalí (horse racetrack),2026-09-21 10:03,85,428
L53098950,EC,EC-P,,0.041339,-78.71265,Hongos del Chocó,2026-08-15 14:48,17,6
L38022238,EC,EC-I,,0.3749058,-78.4816504,Hospedaje Campo Colibrí,2024-11-14 16:20,15,3
L7197355,EC,EC-Z,,-4.0007543,-78.8745987,"Hostal "" El Arenal""",2025-04-26 07:02,70,9
L2357115,EC,EC-N,,-0.99449,-77.80471,Hostal Tena Ñaui,2025-08-04 09:35,205,93
L9110642,EC,EC-U,,-0.1012068,-77.5926499,"Hosteria ""El Reventador""",2026-06-25 09:18,26,26
L36482550,EC,EC-S,,-1.720759,-78.0486507,Hosteria Amuntai Lodge,2026-09-19 15:24,201,226
L6662970,EC,EC-SD,,-0.109949,-79.0037155,Hosteria Mulaute,2024-06-26 07:39,94,8
L1019124,EC,EC-P,,-0.5608,-78.59473,Hosteria Papagayo,2024-09-29 13:27,56,19
L21982555,EC,EC-L,,-4.2550169,-79.2239069,Hosteria Paraiso Vilcabamba,2026-08-18 18:05,57,25
L37357855,EC,EC-O,,-3.6071504,-79.8893182,Hostería Bosque Frut,2024-10-12 06:20,18,1
L17366834,EC,EC-N,,-0.4576892,-77.8979886,Hostería Casa del Río (Jardín botánico y birdwatching),2026-08-08 09:56,61,14
L10118754,EC,EC-I,,0.260924,-78.961487,Hostería Ecolodge Latorre,2016-05-04 09:10,3,0
L10140926,EC,EC-I,,0.2609407,-78.9448946,Hostería Ecolodge Latorre,2017-02-03 12:13,1,1
L5561453,EC,EC-P,,-0.0589228,-78.7796545,Hostería El Carmelo de Mindo,2026-09-18 16:00,231,51
L9682376,EC,EC-X,,-0.8370674,-79.1664048,Hostería El Jardín de los Sueños,2019-07-20 06:00,30,2
L21498968,EC,EC-M,,-1.0657804,-80.8867618,Hostería El Mono de Pacoche,2025-01-20 09:22,33,4
L4015580,EC,EC-SE,,-2.1985,-80.86112,Hostería Farallón Dillon,2025-11-23 18:09,22,3
L5905767,EC,EC-O,,-3.67061,-79.686705,Hostería Florecer,2026-01-25 08:17,121,100
L39021005,EC,EC-L,,-4.278411,-79.226006,Hostería Izhcayluma,2026-08-24 07:27,52,19
L4042231,EC,EC-I,,0.23565,-78.28269,Hostería Las Palmeras Inn,2026-07-26 07:01,42,27
L16515485,EC,EC-H,,-2.2752079,-79.0899539,Hostería Luis Antonio,2025-07-21 10:18,87,3
L29729496,EC,EC-L,,-3.9359178,-79.6446455,Hostería Olmedo,2024-03-01 06:00,39,2
L6074230,EC,EC-Y,,-1.569068,-77.918386,Hostería Orkidea Lodge,2024-01-06 12:27,118,12
L8455102,EC,EC-N,,-1.1802146,-77.8759056,Hostería Oro y Luna,2026-07-20 10:06,52,18
L28960962,EC,EC-N,,-0.369688,-78.147502,Hostería Pampa Llacta (parqueadero y sendero de la ladera),2026-09-18 17:05,78,82
L8901321,EC,EC-I,,0.336111,-78.2013488,Hostería Pueblo Viejo,2012-09-18 00:00,4,1
L9840483,EC,EC-M,,-0.1232045,-80.2191693,Hostería Punta Prieta,2024-11-10 06:00,44,5
L4028954,EC,EC-P,,-0.1735065,-78.3605862,Hostería Rincón de Puembo,2026-09-26 06:56,85,339
L38089566,EC,EC-I,,0.726194,-78.2186222,Hostería San Gerónimo,2022-08-10 15:30,7,1
L2684500,EC,EC-P,,-0.1901337,-78.3526148,Hostería San José de Puembo,2026-09-17 17:19,164,2487
L25581198,EC,EC-X,,-0.8911654,-79.1609535,Hostería Ñungañan,2023-06-30 06:16,37,2
L9740643,EC,EC-M,,-0.6390102,-80.4150169,Hotel Casa Ceibo,2024-01-15 06:49,57,18
L4027690,EC,EC-P,,-0.2348457,-78.3498037,Hotel Hacienda La Jimenita,2026-09-27 16:33,154,1140
L25530167,EC,EC-P,,-0.1639086,-78.3442436,Hotel Holiday Inn (Aeropuerto de Quito) y alrededores,2026-09-19 15:41,62,111
L489494,EC,EC-SD,,-0.2991358,-79.0525961,Hotel Tinalandia,2025-07-14 11:50,415,218
L18903432,EC,EC-SD,,-0.2481787,-79.1554642,Hotel Zaracay,2025-10-09 07:17,33,4
L34620677,EC,EC-S,,-1.9456335,-77.9919629,Huamboya--Pueblo y alrededores inmediatos,2026-05-05 13:30,66,8
L34767162,EC,EC-S,,-1.8635368,-78.1332451,Huamboya--Rio Cristal,1998-04-26 05:00,1,0
L35102725,EC,EC-S,,-1.9673612,-77.9743795,Huamboya--Sector La Panelera,2025-08-26 16:35,24,5
L3876519,EC,EC-O,,-3.4845884,-80.2150253,Huaquillas y alrededores,2026-08-04 15:20,36,1
L7539822,EC,EC-L,,-3.6538599,-79.2984581,"Huashapampa, Road West to Páramo",2022-01-05 09:00,27,3
L4166355,EC,EC-N,,-0.8204236,-77.8001601,Huasquila Amazon Lodge,2026-07-20 05:40,274,203
L10094733,EC,EC-Y,,-1.6061967,-77.7521753,Huella Verde Rainforest Lodge,2012-10-20 00:00,23,0
L4808675,EC,EC-R,,-1.5412214,-79.6807626,Humedal Abras de Mantequilla,2003-02-22 10:00,20,1
L9566565,EC,EC-G,,-1.940136,-79.74127,Humedal Cerro Santa Ana,2019-06-30 15:11,15,3
L3881907,EC,EC-R,,-1.47625,-79.7112778,Humedal Estero Lechugal,2014-11-01 06:00,27,1
L37417752,EC,EC-X,,-0.8012962,-78.6211596,Humedal La Avelina (Karencocha),2026-09-26 09:27,77,191
L2034603,EC,EC-M,,-0.7031814,-80.2014102,Humedal La Segua y alrededores,2026-09-24 07:00,294,518
L6103581,EC,EC-O,,-3.4905062,-79.9967701,Humedal La Tembladera,2025-12-29 16:23,187,122
L5835028,EC,EC-L,,-4.4670277,-80.3581353,Humedal Laguna de los Patos,2022-01-28 16:03,26,5
L3881039,EC,EC-R,,-1.3550278,-79.7058889,Humedal Mangas Saibas,2013-10-02 06:00,48,1
L3881247,EC,EC-R,,-1.4649444,-79.5308056,Humedal Pueblo Viejo,2025-10-15 11:54,79,2
L20859294,EC,EC-G,,-2.0339456,-79.8816769,Humedal del redondel Casa Laguna-Vial 1,2025-09-11 06:54,27,5
L17868338,EC,EC-G,,-2.2012592,-79.7515316,Humedales circundantes al Peaje El Boliche,2026-09-03 06:08,82,73
L17962759,EC,EC-I,,0.5628424,-78.2675732,Humedales de Cahuasquí,2022-02-26 13:50,11,1
L11016872,EC,EC-SE,,-2.0487891,-80.7276647,Humedales de Monteverde,2026-07-26 12:53,62,22
L26506141,EC,EC-I,,0.23112,-78.13274,Humedales del Cubilche,2026-09-13 15:15,15,3
L62980961,EC,EC-X,,-0.8937508,-78.6624705,Humedales del Parque de la familia (en construcción),2026-04-17 10:30,18,2
L2763230,EC,EC-E,,0.4885,-80.0433333,Humedales temporales carretera Mompiche-Portete,2025-03-01 08:31,169,6
L65572997,EC,EC-N,,-0.787605,-77.8252617,Huvin Cocha,2026-05-09 06:49,57,4
L28255343,EC,EC-N,,-1.0663141,-77.8717169,INGARU LODGE,2025-10-15 10:10,53,5
L2762895,EC,EC-I,,0.3266442,-78.1197181,Ibarra--Caranqui y alrededores,2024-08-08 09:44,34,8
L2762892,EC,EC-I,,0.3469876,-78.1319906,Ibarra--Ciudad y alrededores,2026-08-27 07:21,75,24
L4966207,EC,EC-I,,0.3528982,-78.1110052,Ibarra-Río Tahuando,2026-04-17 06:10,66,41
L9208366,EC,EC-S,,-3.025855,-78.59085,Iglesia Antigua-Centro de Operaciones Tinajillas,2025-12-20 10:06,52,16
L29665933,EC,EC-G,,-2.1677375,-79.9239707,Iguanazú B&B,2026-05-04 13:12,19,2
L2409238,EC,EC-P,,-0.2355515,-78.4034438,Ilatoa Lodge,2026-09-04 06:23,70,35
L6802460,EC,EC-I,,0.3735915,-78.1484476,Imbaya,2026-02-09 07:16,31,8
L656169,EC,EC-U,,-0.5752276,-75.2581501,Imuya Cocha,2026-05-21 18:53,325,79
L14838611,EC,EC-S,,-1.9425986,-77.9896116,Inca Birdwatching Station,2024-09-12 08:53,116,65
L19180157,EC,EC-F,,-2.5451674,-78.8757098,Ingapirca pueblo y alrededores,2024-08-02 15:25,20,2
L7672783,EC,EC-G,,-2.1023799,-79.6534109,Ingenio Azucarero Valdez,2026-07-23 16:48,15,0
L9153458,EC,EC-G,,-2.1208843,-79.5910301,Ingenio Azucarero Valdez,2023-04-15 09:50,34,2
L32045367,EC,EC-P,,-0.462816,-78.315752,Ingreso a la Reserva Chakana (Jocotoco) y Guáytara,2026-09-19 06:49,63,49
L10061595,EC,EC-I,,0.3188328,-78.7552012,Ingreso a los Cedros,2026-02-09 12:45,130,9
L2258279,EC,EC-I,,0.36457,-78.48199,Intag Cloud Forest Reserve--La Florida,2026-08-26 08:11,249,164
L2862229,EC,EC-D,,-0.602844,-75.490669,Iripari Jungle Camp and Zancudococha,2026-02-16 05:21,379,34
L16141164,EC,EC-W,,-0.9450389,-90.9543357,Isabela--Aeropuerto (JBQ) y alrededores,2026-05-09 09:18,15,4
L490100,EC,EC-W,,-0.5972849,-91.0831833,Isabela--Bahía Elizabeth,2026-09-21 15:28,78,566
L1036297,EC,EC-W,,-0.3964897,-91.2277222,Isabela--Bahía Urbina,2026-09-23 07:57,71,927
L23179622,EC,EC-W,,-0.016045,-91.208954,Isabela--Cabo Marshall,2026-09-16 18:56,27,16
L14458955,EC,EC-W,,0.0360111,-91.3486182,Isabela--Caldera del volcán Wolf,2022-08-31 10:03,37,3
L22266681,EC,EC-W,,-0.2178487,-91.3893948,Isabela--Caleta Black,2026-06-16 10:38,59,82
L1066742,EC,EC-W,,-0.2622977,-91.372261,Isabela--Caleta Tagus,2026-09-27 10:10,69,1049
L11332513,EC,EC-W,,-0.8496418,-91.1521869,Isabela--Campamento de las minas de azufre,2026-08-15 09:59,41,18
L3528728,EC,EC-W,,-0.872864,-91.014862,Isabela--Campo Duro Ecolodge,2026-06-16 08:20,53,44
L4800513,EC,EC-W,,-0.9472272,-90.9739691,Isabela--Centro de crianza de tortugas (Galapaguera),2026-09-12 14:29,57,194
L22419498,EC,EC-W,,-0.869969,-91.283331,Isabela--Cerro Paloma,2023-06-16 10:21,15,4
L7173858,EC,EC-W,,-0.9622938,-90.9574118,Isabela--Concha de Perla,2026-09-02 07:06,65,144
L17029333,EC,EC-W,,-0.836948,-91.0910075,Isabela--El Cura (estación de guardaparques),2026-09-11 09:35,50,266
L22225546,EC,EC-W,,-0.384854,-90.961254,Isabela--Isla Cowley,2026-04-11 11:04,51,5
L7174030,EC,EC-W,,-1.0401464,-91.0936439,Isabela--Islote La Unión,2026-09-16 08:55,39,102
L3064039,EC,EC-W,,-0.8522673,-90.778656,Isabela--Islotes Los Cuatro Hermanos,2026-07-15 08:07,42,19
L3698828,EC,EC-W,,-0.9588155,-90.9866171,Isabela--La Playita,2026-09-12 09:10,75,100
L4075724,EC,EC-W,,-0.2564398,-91.371907,Isabela--Laguna Darwin,2026-09-23 12:26,56,175
L3521948,EC,EC-W,,-1.0501655,-91.1680269,Isabela--Los Túneles,2026-09-16 08:30,72,217
L4633815,EC,EC-W,,-0.9575111,-90.9684706,Isabela--Malecón de Puerto Villamil y playa,2026-09-13 11:03,83,543
L24142843,EC,EC-W,,-0.8325151,-91.1676141,Isabela--Minas de Azufre,2026-07-23 09:20,28,23
L21122870,EC,EC-W,,-0.8088925,-91.0877487,Isabela--Mirador 1 del volcán Sierra Negra,2026-08-13 08:15,33,57
L9921670,EC,EC-W,,-0.9600923,-90.9939944,Isabela--Mirador de El Estero,2026-08-03 10:08,63,62
L21395154,EC,EC-W,,-0.9628033,-90.9590871,Isabela--Muelle de Puerto Villamil,2026-09-27 22:25,54,341
L10293551,EC,EC-W,,-0.9645488,-91.0131086,Isabela--Muro de las Lágrimas y alrededores,2026-09-15 17:19,54,79
L21433810,EC,EC-W,,-0.8533952,-91.4972271,Isabela--Navigation Punta Cristobal<->Punta Moreno,2026-08-07 08:00,58,87
L6277410,EC,EC-W,,0.0236034,-91.5671611,Isabela--Nearshore North Coast (Reminder: do not use hotspots with eBird pelagic protocol),2026-07-22 08:12,27,37
L6312496,EC,EC-W,,-0.0408554,-91.5946484,Isabela--Nearshore waters NW Coast,2026-09-26 06:47,44,88
L7663079,EC,EC-W,,-0.424277,-91.2466478,Isabela--Nearshore waters between Elizabeth Bay and Tagus Cove (Reminder: do not use hotspots with eBird pelagic protocol),2026-08-12 11:03,52,66
L18179197,EC,EC-W,,-0.2434314,-91.3871547,Isabela--Playa Tortuga Negra y campamento de investigación,2026-01-12 16:33,49,69
L5459780,EC,EC-W,,-0.9575249,-90.9782231,Isabela--Playa al oeste de Puerto Villamil,2026-09-17 15:50,80,356
L21122851,EC,EC-W,,-0.9584192,-90.9644281,Isabela--Playa frente a la Armada,2026-09-02 09:31,58,73
L3521726,EC,EC-W,,-0.9555731,-90.9680414,Isabela--Poza de los flamingos de Pto. Villamil,2026-09-26 10:35,77,867
L3202697,EC,EC-W,,-0.9451568,-90.9745135,Isabela--Poza de los flamingos y alrededores,2026-09-06 16:07,70,380
L3646290,EC,EC-W,,-0.9586578,-90.9902872,Isabela--Pozas de El Estero,2026-09-16 16:12,64,80
L1611102,EC,EC-W,,-0.9538268,-90.9635707,Isabela--Puerto Villamil área general,2026-09-02 06:54,91,334
L1067869,EC,EC-W,,-0.6928084,-91.3183594,Isabela--Punta Moreno,2026-09-21 07:25,89,599
L2078212,EC,EC-W,,-0.0517087,-91.561914,Isabela--Punta Vicente Roca,2026-09-05 08:56,64,815
L795935,EC,EC-W,,0.2700304,-91.6252694,Isabela--Roca Redonda,2026-01-14 06:04,27,18
L21555238,EC,EC-W,,-0.9588718,-90.9653753,Isabela--Royal Rock y alrededores,2026-09-02 15:59,53,96
L10934072,EC,EC-W,,-1.0626529,-91.5960322,Isabela--SW Offshore waters (Reminder: do not use hotspots with eBird pelagic protocol),2023-06-20 00:00,30,13
L4633750,EC,EC-W,,-0.7918473,-91.0956781,Isabela--Sendero desde el Mirador 1 hasta Volcán Chico,2026-08-13 12:13,63,199
L5548654,EC,EC-W,,-0.9494564,-90.9729017,Isabela--Sendero hacia la Galapaguera (bosque de Manzanillos),2026-09-12 11:17,55,152
L3202705,EC,EC-W,,-0.9535135,-90.9720594,Isabela--Sendero hacia la Galapaguera (incluyendo todas las pozas),2026-09-16 15:30,89,461
L19277410,EC,EC-W,,-0.822739,-91.0887858,Isabela--Senderos desde El Cura hasta el Mirador 1 del volcán Sierra Negra,2026-09-08 08:39,50,201
L1611107,EC,EC-W,,-0.8409324,-91.0721894,Isabela--Sierra Negra highlands,2026-09-12 17:18,69,289
L2763659,EC,EC-W,,-0.4451667,-91.1021667,Isabela--Tierras altas de Isabela IBA,2026-02-20 00:00,46,16
L3146181,EC,EC-W,,-0.9712232,-90.9612433,Isabela--Tintoreras,2026-09-27 14:30,68,560
L923195,EC,EC-W,,-0.0278557,-91.5700266,Isabela--Volcán Ecuador y alrededores,2026-08-24 07:15,62,71
L1611387,EC,EC-W,,-1.1423243,-90.7808801,"Isabela<-->Floreana pelagic crossing (for ""historical"" checklists only; do not use hotspots for checklists with eBird pelagic protocol)",2026-06-17 16:34,45,71
L16268670,EC,EC-W,,0.1474436,-91.3687653,Isabella--Punta Albermarle,2026-08-24 05:57,39,90
L8379787,EC,EC-D,,-0.5558605,-77.2479949,Ishpingo Pakcha,2026-09-17 06:27,191,29
L21313001,EC,EC-X,,-0.7596395,-78.8711352,Isinliví y alrededores,2026-08-15 08:48,43,24
L19370647,EC,EC-G,,-2.6015859,-79.7658933,"Isla ""Los Ingleses""",2025-03-26 10:56,48,6
L27254191,EC,EC-N,,-1.0596837,-77.526503,Isla Anaconda--Ankurishka Ayllu Canelos,2026-01-14 09:10,81,28
L26474251,EC,EC-N,,-1.0555702,-77.5268825,Isla Anaconda--Chocolate Wasi,2026-01-31 11:49,94,55
L16060871,EC,EC-N,,-1.0550401,-77.5287656,Isla Anaconda--Laguna Caimán,2026-09-23 16:30,183,111
L471642,EC,EC-W,,-0.2848709,-90.5539083,Isla Bartolomé,2026-09-27 10:31,77,1349
L29010507,EC,EC-O,,-3.3919384,-80.2281123,Isla Bellavista,2024-01-28 09:30,24,1
L29010282,EC,EC-O,,-3.3458309,-80.2557702,Isla Costa Rica,2024-01-28 11:00,18,1
L12863064,EC,EC-N,,-1.1085776,-77.6352321,Isla Ecológica Mariana Miller (lodge and reserve),2026-08-15 18:43,107,13
L2438193,EC,EC-W,,-0.5600578,-90.5372572,Isla El Edén,2026-08-25 08:00,49,113
L13077027,EC,EC-M,,-1.4750927,-80.7837017,Isla El Sucre,2025-08-23 11:38,18,9
L1122776,EC,EC-W,,-1.3753,-89.6777,Isla Española--Área general (solo para listas históricas; por favor usa una localidad más específica),2026-08-20 13:01,79,470
L3063967,EC,EC-W,,-0.3797122,-91.5016937,Isla Fernandina,2026-07-19 16:30,77,156
L3202787,EC,EC-W,,-0.4545546,-91.3823891,Isla Fernandina--Mangle Point,2026-09-08 08:29,69,131
L490108,EC,EC-W,,-0.2645507,-91.4459467,Isla Fernandina--Punta Espinoza,2026-09-23 15:41,90,1407
L1122775,EC,EC-W,,-1.2890133,-90.4329239,Isla Floreana--Área general (por favor usar un hotspot más específico),2026-07-21 00:00,89,443
L3063957,EC,EC-W,,0.3282148,-89.9562263,Isla Genovesa--Área general,2026-09-12 15:45,70,481
L1227364,EC,EC-W,,-0.8010603,-91.1287079,Isla Isabela--Área general (por favor usar un hotspot más específico),2026-04-20 13:02,94,227
L1356549,EC,EC-O,,-3.2585949,-80.0370639,Isla Jambeli,2024-05-11 09:54,126,37
L30767691,EC,EC-O,,-3.2137354,-80.0256103,Isla Jambelí--La Punta,2013-12-22 07:00,18,0
L30604719,EC,EC-O,,-3.0630546,-79.8923879,Isla La Puntilla,2013-12-21 06:00,14,0
L17023074,EC,EC-W,,0.2878894,-90.5025799,Isla Marchena--Playa negra,2026-03-26 10:00,29,34
L3063975,EC,EC-W,,0.3309613,-90.4751587,Isla Marchena--Área general,2026-09-10 07:36,49,35
L3063976,EC,EC-W,,0.5846685,-90.7553101,Isla Pinta,2015-02-19 00:00,32,2
L3063970,EC,EC-W,,-0.6109313,-90.6655312,Isla Pinzón,2026-06-23 08:00,42,38
L471676,EC,EC-W,,-0.5840238,-90.1629985,Isla Plaza sur (senderos y alrededores),2026-09-27 06:49,76,1240
L4131112,EC,EC-G,,-2.8297577,-80.1506698,Isla Puná General Area,2023-06-19 11:44,51,8
L6209150,EC,EC-G,,-2.8221842,-80.1351678,Isla Puná--Campo Alegre,2017-08-23 10:00,27,1
L471970,EC,EC-W,,-0.4006544,-90.7077599,Isla Rábida,2026-09-23 15:55,75,1138
L26053115,EC,EC-O,,-3.3401006,-80.2773568,Isla San Gregorio,2023-07-16 08:30,56,1
L29010411,EC,EC-O,,-3.3557622,-80.2844812,Isla San Gregorio,2024-01-28 13:30,17,1
L2761626,EC,EC-E,,1.33651,-78.93752,Isla Santa Rosa,2007-04-02 12:00,85,2
L2762887,EC,EC-G,,-2.22113,-79.8549,Isla Santay,2025-12-15 23:43,234,295
L9210568,EC,EC-G,,-2.2295705,-79.8676658,Isla Santay--Cocodrilera,2025-05-23 07:46,94,24
L3063968,EC,EC-W,,-0.2643576,-90.7154846,Isla Santiago,2026-09-14 17:02,77,254
L8629410,EC,EC-W,,-0.6705804,-90.5855324,Isla Sin Nombre,2026-05-29 10:30,41,15
L9925281,EC,EC-W,,-1.0080287,-90.8741185,Isla Tortuga,2026-09-26 10:52,42,60
L3063971,EC,EC-W,,1.3830272,-91.815834,Isla Wolf,2026-09-19 08:06,38,68
L27129591,EC,EC-G,,-2.6323588,-79.7322567,Isla de las garzas,2026-01-29 09:58,38,2
L6975359,EC,EC-D,,-0.4406504,-76.8173933,Isla de los Monos,2026-08-19 11:16,116,69
L2761622,EC,EC-E,,1.38871,-78.89729,Isla de los Pájaros,2007-02-17 00:00,4,1
L7867216,EC,EC-E,,0.8724902,-79.8793006,Isla de los Pájaros,2026-03-25 10:48,6,4
L30632026,EC,EC-O,,-3.2399875,-80.0016378,Isla del Amor,2013-12-12 16:00,3,0
L10431948,EC,EC-D,,-0.4915072,-76.418429,Isla sobre el río Napo (al frente de Mandi Lodge),2026-07-22 06:06,99,22
L10431872,EC,EC-D,,-0.4777134,-76.4852297,Isla sobre el río Napo (al frente de Sacha Lodge),2026-08-27 15:43,126,11
L7362896,EC,EC-D,,-0.9164531,-75.3915846,Islas fluviales Nuevo Rocafuerte,2026-08-09 06:57,178,18
L1331857,EC,EC-W,,-0.4050307,-90.2779274,Islote Mosquera y alrededores,2026-09-27 16:24,64,256
L21672568,EC,EC-SE,,-1.9350614,-80.7898853,Islote Pelado,2026-02-27 09:00,24,13
L3397303,EC,EC-N,,-1.11754,-77.59108,Itamandi Lodge,2026-09-14 09:42,210,86
L12698860,EC,EC-P,,0.1228075,-79.2711559,Itapoa Project Puerto Quito,2026-04-09 06:24,201,56
L9566824,EC,EC-P,,-0.2684554,-78.3479668,Itulcachi y alrededores,2026-05-17 12:29,52,4
L24702394,EC,EC-SD,,-0.3143946,-78.9899095,JC Rancho,2026-03-20 07:25,93,16
L58775982,EC,EC-X,,-0.939053,-79.2087221,Jacaranda Lodge,2026-02-08 07:20,27,1
L4457066,EC,EC-M,,-0.1952819,-80.2835922,Jama--Lagunas El Matal,2026-07-19 16:17,137,21
L3614375,EC,EC-M,,-0.11602,-80.12455,Jama-Coaque Reserve,2026-02-19 06:57,296,876
L2487418,EC,EC-U,,-0.034843,-76.1643478,Jamu Lodge,2026-07-30 06:00,214,85
L16946857,EC,EC-M,,-0.9434801,-80.6426609,Jaramijó--Playa,2025-08-22 16:30,34,16
L16946884,EC,EC-M,,-0.9314375,-80.655616,Jaramijó--Playa Punta Blanca,2022-06-15 12:24,17,7
L17500345,EC,EC-M,,-0.9464335,-80.6341317,Jaramijó--Playa al norte del muelle pesquero,2022-07-05 10:22,26,10
L19995161,EC,EC-M,,-0.9471461,-80.630364,Jaramijó--Playa de Balsamaragua (boca del río y manglares),2022-07-05 10:02,12,3
L16946874,EC,EC-M,,-0.9276902,-80.6582644,Jaramijó--Punta Jaramijó,2022-06-15 13:05,14,5
L10140675,EC,EC-N,,-1.082061,-77.925392,Jardin Botánico Ruth Garden,2026-05-14 19:58,231,67
L18687443,EC,EC-D,,-0.4339535,-77.0003173,Jardín Botánico El Moretal,2026-09-26 11:23,87,22
L4928698,EC,EC-Y,,-1.5124444,-77.9788333,Jardín Botánico Las Orquídeas,2026-08-26 11:58,183,299
L27862793,EC,EC-P,,-0.352601,-78.430622,Jardín Botánico Wasi Kawsay (Vivero Municipal de Rumiñahui),2024-01-30 15:33,41,13
L25102823,EC,EC-I,,0.4182063,-78.1878948,"Jardín Botánico Yachay, Hacienda San Eloy, Vía a Yachay, Urcuqui",2026-08-02 07:51,50,12
L618326,EC,EC-P,,-0.1865151,-78.4857863,Jardín Botánico de Quito (Parque La Carolina),2026-09-24 07:58,170,3170
L35233891,EC,EC-N,,-0.4139364,-77.8408599,Jardín Casa Master,2025-08-28 18:05,20,1
L3397379,EC,EC-N,,-1.1083377,-77.5997827,Jatun Sacha--Saladero río Arajuno,2026-03-22 07:16,172,58
L19180192,EC,EC-N,,-1.0784938,-77.5688221,Jatun Sacha--Sendero al Ceibo gigante,2026-08-31 08:19,77,10
L1858717,EC,EC-R,,-1.2413579,-79.6661568,"Jauneche, EBPFD",2021-01-14 14:10,164,32
L28996334,EC,EC-L,,-3.8578068,-79.168936,Jimbilla,2025-11-19 10:36,22,3
L11420931,EC,EC-L,,-4.6295232,-79.4614913,Jimbura,2024-09-28 07:21,72,11
L3168555,EC,EC-M,,-1.3510672,-80.5804253,Jipijapa y alrededores,2025-06-16 16:55,138,15
L11935604,EC,EC-L,,-3.956808,-79.172384,Jipiro Alto,2025-01-26 09:55,64,9
L6162953,EC,EC-D,,-0.2939572,-76.8557383,Joya de los Sachas y alrededores,2026-08-08 07:33,46,3
L6182315,EC,EC-D,,-0.3970496,-76.7839622,"Joya de los sachas, San Carlos",2025-10-03 16:51,127,18
L4052576,EC,EC-H,,-2.3739981,-78.9703398,Joyagshí y alrededores,2023-07-20 10:06,6,1
L6341226,EC,EC-M,,-1.4769766,-80.623958,Julcuy,2026-03-15 10:30,5,0
L11426456,EC,EC-S,,-3.1541425,-78.5640693,Jungle Dave's Farm,2026-09-07 09:28,343,1503
L4188181,EC,EC-I,,0.2749146,-78.6644912,Junín Ecotourism Lodge,2026-08-29 17:00,138,18
L4980467,EC,EC-P,,-0.0012016,-78.9419603,Kapari Natural Lodge,2026-09-19 12:52,370,699
L16834822,EC,EC-S,,-2.678154,-77.478094,Kapatinetza,2021-11-02 08:00,193,6
L832801,EC,EC-Y,,-2.5416598,-76.8593645,Kapawi Lodge,2026-08-16 16:41,557,374
L7674444,EC,EC-Y,,-2.4854462,-76.9999981,Kapawi Lodge - Isla Sharamentsa,2000-12-07 00:00,118,2
L7674534,EC,EC-Y,,-2.4629795,-76.9939041,Kapawi Lodge - Sharamentsa Airstrip,2025-04-19 06:11,275,24
L7674652,EC,EC-Y,,-2.5736099,-76.8068361,Kapawi Lodge--Ishpingo airstrip,2026-08-30 05:32,86,7
L7672869,EC,EC-Y,,-2.5138291,-76.8424129,Kapawi Lodge--Kapawi Airstrip & Terra Firme Trail,2025-05-01 12:28,197,3
L7674159,EC,EC-S,,-2.5874847,-76.8228436,Kapawi Lodge--Wachirpas Trail,2012-11-01 14:45,154,4
L5001726,EC,EC-S,,-3.02,-77.92,Kaputna - San Luis,2025-03-17 06:53,111,31
L35381369,EC,EC-Y,,-1.0210113,-77.1656574,Keweiriono,2024-12-11 06:53,28,1
L5964911,EC,EC-A,,-3.2676583,-79.0884733,Km 36 Vía Cuenca-Oña,2026-04-18 12:30,43,21
L32773285,EC,EC-N,,-1.0820677,-77.3879444,Konipare (Comuna Waorani),2026-04-05 11:25,65,2
L1099633,EC,EC-P,,0.0720548,-78.6955833,La Armenia,2026-09-23 15:07,126,53
L945076,EC,EC-P,,0.00859,-78.69729,La Armenia-Bellavista Road (alternate road to Bellavista),2026-09-26 12:34,275,257
L12536172,EC,EC-P,,-0.2527706,-78.3405876,La Balbanera de Palugo,2025-01-11 06:43,18,11
L1896797,EC,EC-Z,,-4.9671435,-79.1173124,"La Balza (pueblo, destacamento militar y cruce fronterizo)",2026-04-05 09:00,118,29
L15769862,EC,EC-P,,-0.0493711,-78.7738265,La Bicok Écolodge,2026-09-14 11:06,140,35
L2913370,EC,EC-U,,0.3604865,-77.5112915,La Bonita road below La Bonita,2021-07-03 18:00,46,5
L3932987,EC,EC-U,,0.471065,-77.5447226,La Bonita--pueblo y zona cercana,2026-05-13 11:59,87,15
L2762919,EC,EC-U,,0.55582,-77.529,La Bonita-Santa Barbara road,2026-04-22 10:39,172,24
L8280123,EC,EC-N,,-0.4697193,-77.8655094,"La Brisa (feeders, trail & moth trap)",2026-09-27 07:50,303,1821
L33303915,EC,EC-Z,,-4.6176294,-78.9319225,La Canela (Panguri),2026-06-04 17:00,39,2
L27340307,EC,EC-F,,-2.5123345,-79.0012888,La Carboneria,2024-02-29 07:27,19,1
L2290460,EC,EC-N,,-1.0602257,-77.5461388,La Casa del Suizo Lodge,2026-09-17 14:17,274,144
L38639403,EC,EC-P,,-0.2942575,-78.4972939,La Casita del Árbol,2025-09-12 07:15,5,1
L5840114,EC,EC-L,,-4.3167987,-80.2200651,La Ceiba,2025-12-14 15:53,76,15
L10925273,EC,EC-L,,-4.3080991,-80.2141472,La Ceiba arrozales/rice fields,2025-12-13 11:01,112,64
L16902565,EC,EC-P,,0.1613337,-79.0720465,La Celica y alrededores,2026-06-25 13:20,222,103
L32802726,EC,EC-X,,-0.6254846,-79.0433436,La Chala,2026-09-18 10:51,67,9
L2761631,EC,EC-M,,0.04636,-80.07595,La Chorrera,2021-07-19 08:47,50,12
L75340760,EC,EC-H,,-1.5352211,-78.8318794,La Chorrera--Chakana Templo de Montaña,2026-08-14 08:49,23,4
L2761635,EC,EC-M,,0.02807,-80.08596,La Chorrera-Coaque,2024-11-09 12:19,41,9
L660947,EC,EC-P,,0.1434894,-78.802469,La Delicia,2026-09-03 15:21,199,161
L2244167,EC,EC-P,,0.195715,-78.872115,La Delicia--Guayabillas road (lower part below Mashpi turnoff),2026-09-25 15:15,388,744
L740072,EC,EC-P,,0.157709,-78.8273152,La Delicia--Guayabillas road (upper part above Mashpi turnoff),2026-09-10 09:43,337,241
L2762906,EC,EC-X,,-0.9,-79.05,La Esperanza (parroquia: Tingo),2019-11-16 13:22,37,5
L11124800,EC,EC-S,,-3.4673433,-78.7094751,La Florida,2024-05-11 08:30,31,3
L11124934,EC,EC-S,,-3.4667352,-78.7024754,La Florida - El Amarillo,2020-11-22 06:00,78,0
L7882422,EC,EC-D,,-0.527487,-76.895555,La Fortuna,2025-09-19 15:29,49,3
L13715385,EC,EC-Z,,-4.0356699,-78.9947224,La Fragancia,2026-05-19 16:06,217,91
L5599021,EC,EC-N,,-0.2923081,-77.7781656,La Gran Finca (Familia Mejía),2025-07-07 15:39,146,62
L4309781,EC,EC-T,,-1.401064,-78.1868088,La Guatemala,2026-05-30 06:30,137,26
L18190731,EC,EC-Z,,-4.9307521,-79.1571326,La Guayuza,2022-01-22 06:00,59,1
L7224580,EC,EC-Z,,-4.0388901,-78.5714185,La Herradura-Paquisha-Zamora Chinchipe,2022-08-23 07:30,64,8
L996313,EC,EC-P,,-0.3479555,-78.8665581,La Hesperia Biological Station,2025-09-13 10:01,266,29
L10934798,EC,EC-SD,,-0.2665286,-78.7903275,La Hojarasca Bird Lodge,2022-06-08 06:00,132,25
L30152050,EC,EC-G,,-2.537144,-79.5372733,La Lagartera del río Cañar,2026-06-25 08:51,49,3
L62959004,EC,EC-S,,-2.8723022,-77.7242646,La Loma (río Mangozisa),2026-04-03 05:00,144,6
L30083368,EC,EC-L,,-4.2300117,-80.305077,La Manga,2024-03-16 15:47,53,2
L26474050,EC,EC-X,,-0.9418262,-79.2325755,La Maná y alrededores,2026-03-22 16:00,140,34
L63037803,EC,EC-A,,-3.3133354,-79.6364544,La Maravilla,2026-05-07 16:12,116,23
L2411631,EC,EC-N,,-0.7081366,-77.8045106,La Merced de Jondachi,2026-03-09 10:42,228,59
L28541788,EC,EC-I,,0.299217,-78.270061,La Mirage Garden Hotel & Spa,2024-01-02 07:21,17,2
L16608783,EC,EC-Z,,-4.0474289,-78.5704878,La Pangui,2025-01-19 07:30,133,15
L29975692,EC,EC-G,,-1.5415742,-79.98877,La Paz (Colimes),2024-03-17 07:00,9,1
L2761976,EC,EC-E,,0.9916667,-79.6253333,"La Piedra, Rio Esmeraldas",2023-01-01 13:17,116,18
L16605766,EC,EC-M,,-1.1520384,-80.6251471,La Pila--Las Lagunas y alrededores,2024-05-15 11:14,12,0
L12167661,EC,EC-M,,-1.1305478,-80.6060323,La Pila--Vía a Las Lagunas y alrededores,2023-12-29 11:40,69,42
L32307303,EC,EC-M,,-1.0427574,-80.2516027,La Pita Mountain Glamping,2026-09-20 15:55,138,114
L42442923,EC,EC-M,,-0.3988999,-79.8922727,"La Pita, Flavio Alfaro, Manabí, EC",2026-08-09 16:28,163,167
L17993752,EC,EC-P,,-0.063556,-78.790028,La Providencia,2026-09-15 16:25,146,53
L1901479,EC,EC-Z,,-3.91628,-78.84892,La Saquea--vicinity (including bridge),2026-02-21 14:56,63,8
L471722,EC,EC-U,,-0.4983038,-76.3734679,La Selva Lodge,2026-08-18 16:33,565,819
L1132352,EC,EC-U,,-0.4989532,-76.370872,La Selva Lodge--Garzacocha,2026-09-16 15:16,412,374
L1132333,EC,EC-U,,-0.486637,-76.3740048,La Selva Lodge--Mandicocha & vicinity,2026-09-17 17:02,444,143
L1132356,EC,EC-U,,-0.4926106,-76.3723698,La Selva Lodge--main trails & tower,2026-09-17 06:17,484,310
L2913360,EC,EC-U,,0.4063191,-77.5518036,La Sofia road,2024-12-06 12:26,199,30
L40791895,EC,EC-M,,-0.4898191,-79.9198021,"La Toquilla, Flavio Alfaro, Manabí, EC (-0.49, -79.92)",2026-03-23 10:49,134,30
L18140170,EC,EC-F,,-2.4188402,-79.3230455,La Troncal (alrededores avícola Bio Aves),2022-03-20 10:00,52,1
L17309867,EC,EC-F,,-2.4245726,-79.340244,La Troncal y alrededores,2021-12-29 09:30,21,1
L3643348,EC,EC-S,,-2.8598919,-77.6335144,La Union road and beyond,2022-08-19 13:27,49,3
L20075210,EC,EC-A,,-3.2345366,-79.2750403,La Unión--Barrio Bellavista,2026-09-27 08:00,84,106
L18060675,EC,EC-A,,-3.2534038,-79.2748143,La Unión--Tienda de Doña Carmita,2026-08-15 12:30,63,28
L11390554,EC,EC-Z,,-3.8313274,-79.1417067,La Victoria de Imbana,2025-01-12 06:27,46,4
L57545533,EC,EC-N,,-0.2877247,-77.7422404,La Vida del Kinde,2026-06-26 08:31,33,7
L28723276,EC,EC-N,,-0.287803,-77.74128,La Vida del Kinde Birding Sanctuary (Rolando Bajaña),2026-09-25 15:42,150,287
L2761639,EC,EC-M,,0.06667,-79.98333,La Villega,2008-08-13 06:30,79,6
L39556694,EC,EC-Z,,-4.0220925,-78.7190418,La Wintza,2025-01-18 06:30,45,4
L18155121,EC,EC-P,,0.0085976,-78.1694419,La casa del venado
L17993526,EC,EC-P,,-0.054532,-78.7744778,La parrilla de Botero,2026-09-08 16:31,85,54
L58233885,EC,EC-S,,-2.2791633,-78.1274933,Laberinto Macabeo,2026-05-22 08:59,29,3
L32339779,EC,EC-Z,,-4.3658629,-78.6608713,Laberinto de Las mil Ilusiones,2008-04-03 07:00,4,0
L5420005,EC,EC-G,,-2.272115,-80.1442766,Lacosta Country Club,2023-11-22 13:48,83,11
L580200,EC,EC-U,,0.0923109,-76.8673092,Lago Agrio Airport,2025-07-25 19:29,130,28
L21108249,EC,EC-U,,0.0851011,-76.8834829,"Lago Agrio, parque central",2025-05-07 08:34,39,13
L15992112,EC,EC-B,,-1.5530877,-78.9989519,Lago Las Cochas,2024-12-29 07:15,2,0
L633169,EC,EC-I,,0.209865,-78.2249093,Lago San Pablo,2026-09-16 09:00,181,466
L22831382,EC,EC-I,,0.2150439,-78.2382443,Lago San Pablo--Muelle turístico y Ecoparque,2026-09-10 11:50,83,73
L1401833,EC,EC-I,,0.2052906,-78.2069799,Lago San Pablo--Parque Acuático Araque,2026-09-03 12:42,101,119
L22831205,EC,EC-I,,0.2115326,-78.238323,Lago San Pablo--Sendero al sur del Muelle Turístico,2026-09-20 13:15,110,140
L5220463,EC,EC-I,,0.1998894,-78.233707,Lago San Pablo--humedal de aguas residuales (water treatment wetland),2026-09-16 08:26,116,185
L29639043,EC,EC-I,,0.198056,-78.220648,Lago San Pablo-Muelle Cachiviro,2026-09-20 06:00,64,8
L20067118,EC,EC-D,,-0.2397997,-76.947746,Lago San Pedro,2026-08-04 09:11,137,9
L2763254,EC,EC-E,,0.8273333,-79.92,"Lago de la Cumbia, 10 km S Atacames",2022-04-10 10:08,45,0
L16207049,EC,EC-L,,-4.2644486,-79.4155132,Laguna -  Los Cristales,2021-08-24 13:00,50,1
L22574571,EC,EC-H,,-1.6711814,-78.4484834,"Laguna Amarilla y alrededores (Refugio Hacienda Releche, camping)",2025-05-03 14:55,49,7
L2761645,EC,EC-N,,-0.31997,-78.15949,Laguna Baños,2026-02-13 10:56,90,57
L5841272,EC,EC-U,,-0.0425147,-76.1990411,Laguna Canangueno,2026-09-16 15:07,157,49
L35747048,EC,EC-O,,-3.5019126,-79.6246678,Laguna Chillacocha,2024-12-26 08:00,19,1
L6073730,EC,EC-C,,0.5824156,-77.7896458,Laguna El Salado,2026-08-31 06:48,88,28
L23811934,EC,EC-F,,-2.8036947,-78.9374334,Laguna Guabizhun,2026-08-30 19:00,60,57
L9841846,EC,EC-D,,-0.9175997,-75.2456155,Laguna Jaku Warmi,2026-09-17 07:43,102,8
L5145676,EC,EC-D,,-0.9936121,-75.4433298,Laguna Jatuncocha,2026-04-07 15:51,362,77
L22588938,EC,EC-N,,-1.0478709,-77.6667845,Laguna Kawana,2026-09-26 12:30,199,185
L3883826,EC,EC-S,,-3.0467778,-78.0351667,Laguna Kushapuk,2026-05-01 16:10,269,36
L13274295,EC,EC-B,,-1.5452122,-78.980304,Laguna Las Cochas,2026-08-08 11:15,19,5
L3242382,EC,EC-G,,-2.1870998,-79.8770106,Laguna Malecón 2000,2026-07-25 11:59,118,124
L10684563,EC,EC-A,,-2.9847676,-78.6784367,Laguna Maylas,2026-09-07 10:39,60,46
L30825699,EC,EC-N,,-1.0605331,-77.6378555,Laguna Negra,2025-12-27 13:59,94,6
L15175228,EC,EC-L,,-4.7103518,-79.4327734,Laguna Negra - Jimbura - Loja,2026-04-03 08:17,54,5
L12343269,EC,EC-N,,-0.7159647,-77.7197915,Laguna Pachakutik,2026-08-11 12:26,264,390
L4136546,EC,EC-N,,-1.0392347,-77.6647312,Laguna Paikawe,2026-09-20 06:13,320,693
L798753,EC,EC-N,,-0.3776523,-78.1613731,Laguna Papallacta,2026-09-27 13:04,232,1631
L4160313,EC,EC-G,,-2.2320244,-80.1071972,Laguna Park,2026-07-20 10:38,108,38
L2706233,EC,EC-U,,-0.3985087,-76.1289454,Laguna Pañacocha,2026-09-11 08:58,422,124
L2761716,EC,EC-M,,0.05595,-80.06197,Laguna Pedernales,2026-02-10 12:50,126,11
L62030955,EC,EC-S,,-2.5660599,-78.130234,Laguna Puint-Comunidad de Kumpas,2026-05-09 08:48,36,5
L36679366,EC,EC-A,,-3.1412779,-79.2188689,Laguna San Martín,2026-08-09 11:38,51,24
L27379369,EC,EC-L,,-3.9476613,-79.4242839,Laguna San Pedro de la Bendita,2023-10-04 14:30,17,1
L21389604,EC,EC-L,,-3.952217,-79.2438553,Laguna Valle Hermoso,2025-03-14 09:25,15,6
L659310,EC,EC-I,,0.3714726,-78.1014633,Laguna Yahuarcocha,2026-09-19 08:32,182,348
L9938298,EC,EC-D,,-0.602994,-75.490295,Laguna Zancudo Cocha,2026-08-09 09:54,192,31
L27089480,EC,EC-L,,-3.924042,-79.239568,Laguna artificial (San Francisco de Salapa),2024-10-12 15:00,18,5
L40306772,EC,EC-M,,-0.2733333,-79.4597222,"Laguna de ""El Carmen""",2025-02-16 10:15,18,0
L14924226,EC,EC-A,,-3.1555995,-79.2642975,Laguna de Busa,2026-08-24 10:59,83,36
L17901682,EC,EC-F,,-2.725492,-78.7985844,Laguna de Chocar,2024-10-22 07:41,28,5
L2761656,EC,EC-N,,-0.24094,-78.14292,Laguna de Chuspicocha,2026-01-10 17:14,39,6
L722765,EC,EC-H,,-1.7384957,-78.7553942,Laguna de Colta,2026-09-25 06:44,123,373
L20737707,EC,EC-E,,0.3952487,-79.6487735,Laguna de Cube,2026-06-24 10:47,84,20
L2761667,EC,EC-I,,0.50914,-78.44299,Laguna de Donoso (Laguna de Piñán),2023-10-02 10:06,62,7
L60808060,EC,EC-F,,-2.8211512,-78.9447618,Laguna de Jacarin,2026-05-25 11:00,26,4
L8334552,EC,EC-H,,-1.618509,-78.633952,Laguna de Langos o Valle Hermoso,2026-03-07 11:46,16,1
L6185383,EC,EC-I,,0.144805,-78.2641983,Laguna de Mojanda (Provincia de Imbabura),2026-08-01 07:04,119,43
L1222548,EC,EC-P,,0.1297327,-78.2683957,Laguna de Mojanda (Provincia de Pichincha),2026-08-02 06:18,81,62
L2761689,EC,EC-T,,-1.08742,-78.38543,Laguna de Pisayambo,2024-09-27 16:31,50,9
L2761696,EC,EC-I,,0.23219,-78.15347,Laguna de Salvefaccha,2024-05-11 09:00,15,3
L2761699,EC,EC-P,,-0.11827,-77.96683,Laguna de San Marcos,2026-06-23 09:00,22,4
L18247279,EC,EC-P,,-0.4508412,-78.3317662,Laguna de Secas,2026-09-10 14:42,87,111
L5588103,EC,EC-D,,-0.4650685,-76.7590928,Laguna de Taracoa,2026-09-08 10:40,465,133
L2761712,EC,EC-X,,-1.1001667,-78.5893333,Laguna de Yambo,2026-09-23 13:12,93,145
L1401458,EC,EC-D,,-0.5450857,-76.0524538,Laguna del Yuturi,2024-07-06 10:26,137,11
L12245374,EC,EC-C,,0.7998999,-77.928434,Lagunas Verdes del volcán Chiles,2025-12-21 15:11,16,4
L12531740,EC,EC-A,,-3.168985,-79.1503782,Lagunas de Girón,2026-09-07 07:16,83,49
L2761720,EC,EC-N,,-0.27485,-78.13942,Lagunas de Mogotes,2026-01-29 10:26,18,12
L4999943,EC,EC-A,,-2.8763079,-78.9426684,Lagunas de Oxigenación de Ucubamba,2026-09-24 15:00,91,167
L22807657,EC,EC-I,,0.2016568,-78.1192943,Lagunas de la comunidad Las Cochas,2026-02-21 14:10,40,27
L2338215,EC,EC-L,,-4.4753593,-80.3945804,Lalamor,2025-02-11 17:16,66,11
L21888151,EC,EC-S,,-2.961359,-78.350098,Las Aguas Risas CC,2026-09-27 06:16,82,2
L27765127,EC,EC-P,,-0.0100422,-78.7395716,Las Cotingas Bird Reserve,2026-09-26 14:21,272,777
L1797824,EC,EC-P,,0.3153628,-79.2222255,Las Golondrinas,2026-02-14 12:05,143,25
L10138318,EC,EC-C,,0.8047671,-78.1568671,Las Juntas,2026-01-02 05:30,145,9
L27512093,EC,EC-S,,-1.9392627,-77.9633191,Las Minas Birdwatching Site,2024-05-11 07:00,50,3
L31014330,EC,EC-P,,-0.0801029,-78.7490161,Las Montañas en Mindo,2026-09-22 09:35,235,111
L7132192,EC,EC-SE,,-1.7381481,-80.7785869,Las Nuñez y alrededores,2026-02-16 09:45,44,11
L32800045,EC,EC-X,,-0.6157937,-78.9993412,Las Palmas,1995-08-09 06:00,1,0
L70930576,EC,EC-N,,-1.0263503,-77.8805063,"Las Palmas, Pano",2026-08-10 06:17,31,2
L55662975,EC,EC-S,,-1.76927,-77.9936183,Las Quebradas,2026-09-19 05:45,127,20
L10488862,EC,EC-M,,-1.6399933,-80.8231133,Las Tunas - Finca Inti Killa,2021-04-16 06:17,74,6
L6361609,EC,EC-M,,-1.6436773,-80.825375,Las Tunas--Azuluna Ecolodge,2023-01-17 07:24,91,15
L21778817,EC,EC-M,,-1.6441159,-80.8276304,Las Tunas--Cabañas Viejamar,2026-07-22 16:32,31,11
L8437752,EC,EC-M,,-1.6442581,-80.8263731,Las Tunas--Jardín Momo,2026-01-04 15:30,48,31
L3900544,EC,EC-X,,-0.889083,-78.545028,Latacunga--Laipo Grande y alrededores,2023-11-01 01:06,6,1
L5728798,EC,EC-X,,-0.9373374,-78.6075202,Latacunga--Parque Náutico Ignacio Flores (La Laguna),2026-08-16 16:04,17,27
L3900562,EC,EC-X,,-0.901444,-78.592139,Latacunga--Yucsilloma y alrededores,2004-03-19 10:45,1,0
L27528476,EC,EC-N,,-0.2768565,-77.747091,Laverde Habitat,2026-09-11 17:31,185,109
L11270281,EC,EC-P,,0.0910796,-79.2780622,Lenguajeo (ASOANE) Nueva Esperanza,2026-04-08 08:23,189,63
L1915547,EC,EC-N,,-1.0561763,-77.5246494,Liana Lodge,2026-08-13 16:36,356,173
L11360235,EC,EC-P,,-0.286944,-78.580856,Libertad de Chillogallo y alrededores,2025-04-25 09:27,22,5
L13044860,EC,EC-U,,-0.4057267,-76.5898241,Limonchocha--Pilchi Lodge,2026-03-15 16:46,221,23
L5536298,EC,EC-U,,-0.3611575,-76.5954915,Limoncocha Birding Lodge,2025-11-21 16:42,295,41
L23033659,EC,EC-U,,-0.4092025,-76.6239212,Limoncocha--Pueblo,2026-08-25 08:12,141,36
L39454604,EC,EC-U,,-0.4127647,-76.6219639,Limoncocha--Sendero del Uniform Crake,2026-08-25 07:30,127,27
L11576918,EC,EC-S,,-2.9656272,-78.429755,Limón Indanza - centro y alrededores,2026-05-14 14:43,87,45
L21413943,EC,EC-L,,-4.2792379,-79.2602607,Linderos,2025-05-01 15:21,65,9
L66796562,EC,EC-Y,,-1.5925141,-77.9049612,LisanWasi,2026-08-30 11:32,67,6
L18948929,EC,EC-I,,0.8673893,-78.4481337,"Lita, Imbabura (comunidad y alrededores)",2026-09-09 17:25,25,1
L659323,EC,EC-C,,0.8702146,-78.4485894,Lita--pueblo y alrededores,2025-12-30 06:31,207,61
L63217723,EC,EC-N,,-0.748241,-77.760262,Llakik Panga Amazon Reserve,2026-09-22 17:26,125,22
L4341435,EC,EC-D,,-0.78833,-75.70472,"Llanchama Community (Napo River), Ecuador",2023-12-20 07:04,124,24
L14636439,EC,EC-N,,-0.828,-77.564,Lluya Pakcha camp - Lower Napo Galeras,2025-07-24 11:15,230,13
L28115551,EC,EC-G,,-2.385,-79.228,"Localidad Vía San Pascual - La Victoria, Guayas, EC (-2.385, -79",2025-04-26 09:17,6,1
L27992378,EC,EC-S,,-2.571641,-78.2699141,Logroño--Panecillo,2025-12-27 07:20,163,44
L3906144,EC,EC-L,,-4.0357786,-79.1964591,Loja--PUEAR (Parque Universitario de Educación Ambiental y Recreacional Francisco Vivar Castro de la Universidad Nacional de Loja),2026-06-04 08:20,183,145
L11439012,EC,EC-L,,-4.0146386,-79.2028427,Loja--Parque Lineal La Tebaida,2026-04-17 15:59,44,24
L4784530,EC,EC-L,,-3.9718809,-79.2032531,Loja--Parque Recreacional Jipiro,2026-09-27 15:12,66,48
L7587698,EC,EC-L,,-3.9876979,-79.1983312,Loja--UTPL campus (Universidad Técnica Particular de Loja),2026-09-26 17:39,39,128
L1760287,EC,EC-L,,-3.9905897,-79.1451194,Loja-Zamora Road--pass and vicinty,2026-05-27 10:50,214,84
L10661211,EC,EC-SE,,-1.9080926,-80.6544113,Loma Alta--Hacienda San José,2024-03-23 10:26,72,4
L4813325,EC,EC-SE,,-1.8467201,-80.5929136,Loma Alta--Monte Culebra Campamento (440m),2006-10-07 00:00,68,1
L25539699,EC,EC-N,,-0.7252766,-77.6387635,Loreto Rd--Rio Guamani bridge area,2026-07-19 16:54,153,74
L1237971,EC,EC-N,,-0.7316749,-77.7799119,Loreto Road and E45 junction--vicinity,2026-09-26 10:00,425,530
L2295267,EC,EC-N,,-0.712868,-77.740489,Loreto Road--km 13 (trail and Cliff Flycatcher spot),2026-09-17 13:44,361,1275
L21240576,EC,EC-D,,-0.6891773,-77.3047449,Loreto--Hostería Ojo de Agua,2026-09-16 06:15,201,223
L21240582,EC,EC-D,,-0.69006,-77.313206,Loreto—estadio de fútbol,2026-09-02 11:43,60,19
L9248993,EC,EC-P,,0.005036,-78.723888,Los 2 Corazones Nature Reserve,2026-07-29 09:36,164,57
L3636240,EC,EC-Z,,-3.8495252,-78.5418177,Los Encuentros-Paquisha Alto road/Zarza Reserve,2026-05-15 14:56,374,202
L6460253,EC,EC-G,,-2.7327566,-80.2225757,Los Farallones,2023-06-27 07:41,45,17
L10224708,EC,EC-Z,,-3.7017161,-78.7144134,Los Guayacanes - Chicaña,2019-11-30 11:00,62,1
L5588411,EC,EC-G,,-2.009716,-79.9428166,Los Lojas y alrededores,2023-11-05 12:30,69,9
L30591368,EC,EC-H,,-2.3166255,-79.009037,Los Naranjos Huigra Resort,2015-03-08 08:00,2,0
L11369230,EC,EC-I,,0.2450327,-78.7516492,Los Yumbos Brilla Sol
L471925,EC,EC-SD,,-0.3106112,-78.9070044,Lower Chiriboga Road,2021-08-03 12:00,309,68
L2243923,EC,EC-D,,-0.744315,-77.485067,Lower Loreto Road below 800m (Vía Loreto-Narupa < 800m),2026-08-22 10:03,351,77
L8264083,EC,EC-H,,-1.47697,-78.75603,Lower part of Herba Buena,2018-08-02 12:05,9,2
L13496359,EC,EC-U,,0.0525623,-77.3322856,Lumbaqui--Bella Esperanza,2026-05-03 09:00,101,14
L2349213,EC,EC-U,,0.0272807,-77.3163993,Lumbaqui--Camino a las antenas (road to antennas),2026-07-03 06:32,332,89
L8207782,EC,EC-P,,-0.2320121,-78.4485239,Lumbisí y alrededores,2026-02-23 09:30,58,59
L31398706,EC,EC-T,,-1.4037336,-78.4183253,Luna Volcán (antes Luna Runtún) - (Jardines),2026-09-15 15:14,56,13
L40635534,EC,EC-N,,-0.866296,-77.7464441,Lusianta Area,2026-09-17 07:14,255,210
L4910644,EC,EC-S,,-3.42,-78.52,M.Molina - Proveeduría,2023-12-26 17:59,86,5
L26673483,EC,EC-N,,-0.4137147,-77.8412495,MASTER GARDEN,2026-07-09 16:52,118,54
L679121,EC,EC-L,,-4.371059,-79.93927,Macara--vicinity,2026-08-16 17:42,207,119
L2732897,EC,EC-S,,-2.2383082,-78.2129359,Macas - Camino 9 de Octubre,2025-08-29 06:56,186,10
L6623614,EC,EC-S,,-2.2561261,-78.1632137,Macas - Sector Hidro Abanico,2025-12-11 13:59,65,6
L1613631,EC,EC-S,,-2.31883,-78.11727,Macas--Casa Upano,2026-09-17 19:14,257,680
L35224758,EC,EC-S,,-2.313832,-78.115639,Macas--Escuela Amazonas,2026-07-15 16:11,42,15
L3246394,EC,EC-S,,-2.3044903,-78.117106,Macas--General area,2026-06-15 14:15,119,71
L38713817,EC,EC-S,,-2.2708734,-78.091525,Macas--Hostería Arrayan y Piedra,2026-08-18 07:16,74,32
L10713399,EC,EC-S,,-2.3005024,-78.1393147,Macas--Mirador El Quilamo,2026-09-06 11:15,214,117
L34530192,EC,EC-S,,-2.3004458,-78.1145194,Macas--Parque Recreacional,2026-08-15 07:53,152,181
L12600264,EC,EC-S,,-2.3324726,-78.1304983,Macas--Piscinas de Oxidación,2026-09-17 19:44,203,271
L10440396,EC,EC-S,,-2.2764461,-78.1261611,Macas--Polideportivo,2026-09-17 17:45,63,17
L12509991,EC,EC-O,,-3.2358978,-79.9522227,Machala--Cdla. Washington Garcia,2021-05-08 09:30,14,2
L20195270,EC,EC-O,,-3.2677459,-79.9526511,Machala--Cementerio general,2022-07-14 07:00,15,0
L16085239,EC,EC-O,,-3.2758119,-79.9656172,Machala--Parque Picapiedra,2021-08-12 14:52,1,2
L16085324,EC,EC-O,,-3.2686761,-79.9623812,Machala--Parque Zoila Ugarte,2021-08-12 12:00,1,0
L17963744,EC,EC-O,,-3.246193,-79.948049,Machala--Puente sobre el río Macho,2023-02-03 07:30,35,11
L16085643,EC,EC-O,,-3.2582101,-79.9582171,Machala--Área general,2025-12-03 10:25,2,3
L2658895,EC,EC-M,,-1.4941601,-80.7928991,Machalilla NP--Los Frailes and vicinity,2026-09-06 12:25,216,139
L13807351,EC,EC-M,,-1.4760262,-80.7643811,Machalilla pueblo y alrededores,2026-07-24 15:34,71,9
L7936941,EC,EC-T,,-1.4029588,-78.2771177,"Machay--Ecorruta ""Kuri Pishku""",2026-09-26 09:35,120,20
L17232319,EC,EC-X,,-0.978756,-79.071179,Macuchi--Bosque Choasillí,2018-11-05 08:00,18,1
L7368271,EC,EC-I,,0.3026616,-78.760705,Magdalena Alto (Ingreso Reserva Los Cedros),2026-08-01 11:29,128,9
L55002870,EC,EC-I,,0.430638,-78.5613441,Magdalena de Cuellaje,2025-11-08 07:15,47,2
L2262710,EC,EC-E,,1.152401,-79.1015296,Majagual,2024-11-12 06:37,234,61
L3248354,EC,EC-L,,-4.2235817,-79.2533077,Malacatos,2026-07-29 12:29,77,60
L49347100,EC,EC-L,,-4.219157,-79.258621,Malacatos—Plaza Central e iglesia,2026-07-19 07:37,6,5
L11431503,EC,EC-P,,0.0452248,-78.3496806,Malchinguí,2025-10-13 00:00,20,4
L6602626,EC,EC-C,,0.9127163,-78.1067956,Maldonado,2025-12-20 06:03,134,5
L4069873,EC,EC-C,,0.916966,-78.1207,Maldonado--Cerro Altamira,2025-12-20 04:45,136,5
L9855292,EC,EC-G,,-2.1947688,-79.9687746,Malecón Puerto Azul,2026-09-27 13:29,74,13
L14203942,EC,EC-SD,,-0.3033756,-79.15386,Malecón de San Gabriel,2024-06-16 09:17,52,4
L20797619,EC,EC-S,,-1.46116,-78.14075,MamaChakra,2026-06-14 08:35,116,62
L28903511,EC,EC-P,,-0.60175,-78.4063371,Manantial,2026-05-16 12:05,19,4
L5145701,EC,EC-D,,-0.6240197,-76.6207337,Mandaripanga,2026-06-30 06:30,469,358
L30792534,EC,EC-P,,0.2123477,-78.8985969,Manduriacu (Represa Hidroeléctrica),2026-08-21 15:23,132,17
L8299836,EC,EC-U,,-0.491097,-76.388061,Mandy Lodge,2025-12-26 07:38,131,2
L34627747,EC,EC-L,,-4.1589213,-80.3953796,Mangahurco,2025-08-07 15:13,35,1
L5277284,EC,EC-L,,-4.1559779,-80.4310369,Mangahurco area,2026-04-21 18:10,97,17
L3892396,EC,EC-G,,-2.452845,-79.6221642,Manglares Churute - trail uphill at headquarter of the reserve,2026-05-09 07:22,165,36
L10648091,EC,EC-G,,-2.4537284,-79.627769,Manglares Churute--Administración,2026-09-15 15:34,208,116
L6536326,EC,EC-G,,-2.4166833,-79.6494667,Manglares Churute--Sendero Aulladores,2026-09-19 15:42,281,360
L2763082,EC,EC-G,,-2.63737,-80.0407,Manglares del golfo de Guayaquil IBA,2025-08-06 12:58,79,8
L2729172,EC,EC-G,,-2.4256286,-79.6079636,Manglares-Churute--Laguna Canclon,2026-09-03 06:53,288,185
L493402,EC,EC-G,,-2.4246967,-79.6610498,Manglares-Churute--Trails and boardwalk near visitor's center,2026-05-31 07:52,314,415
L2761737,EC,EC-G,,-2.51353,-79.73385,Manglares-Churute--general area (*Please use a more specific location when possible.),2026-01-29 10:40,263,99
L27503882,EC,EC-F,,-2.5539043,-79.3649554,Manta Real y alrededores,2024-07-20 13:46,71,8
L39630863,EC,EC-M,,-0.9484741,-80.7187137,Manta--Megaparque Centenario Agustín Intriago y alrededores inmediatos,2026-08-24 18:00,75,56
L5604515,EC,EC-M,,-0.9497444,-80.7129707,Manta--Playa Tarqui,2026-09-23 08:30,90,86
L6467765,EC,EC-P,,0.124139,-78.629372,Maquipucuna Lodge,2026-09-21 06:46,388,1313
L941097,EC,EC-P,,0.1250552,-78.6506939,Maquipucuna--road,2026-02-23 11:31,232,46
L3953605,EC,EC-SE,,-2.2413515,-80.9535313,Mar Bravo--playa y costa,2026-05-18 18:18,114,99
L15791661,EC,EC-G,,-2.2438836,-79.4030144,Marcelino Maridueña,2022-04-09 13:15,14,1
L6312633,EC,EC-W,,0.2912223,-90.1749229,"Marchena<-->Genovesa pelagic crossing (for ""historical"" checklists only; do not use hotspots for checklists with eBird pelagic protocol)",2026-06-15 15:53,20,58
L17023096,EC,EC-W,,0.2494501,-90.8541548,"Marchena<-->Isabela pelagic crossing (for ""historical"" checklists only; do not use hotspots for checklists with eBird pelagic protocol)",2026-07-30 16:16,15,4
L2244138,EC,EC-P,,0.160629,-78.849928,Mashpi--Entrance road before gate,2026-09-23 09:30,354,515
L2244142,EC,EC-P,,0.166125,-78.878878,Mashpi--Lodge and trails,2026-09-27 18:04,434,1521
L1022826,EC,EC-P,,0.1654599,-78.8475144,Mashpi--general area,2026-09-11 13:27,468,529
L27823211,EC,EC-Z,,-3.9878176,-78.648634,Mayaicu,2025-05-04 10:31,116,21
L28122601,EC,EC-Z,,-3.9795762,-78.6047265,Mayaicu-San Antonio,2023-11-26 09:00,23,1
L3638240,EC,EC-Z,,-4.2213416,-78.6505008,Maycu trail and Orquideas,2024-02-01 14:03,268,29
L16788122,EC,EC-SD,,-0.2479912,-78.8049226,Mayu Guajalito Reserva & Lodge,2025-03-12 07:47,205,105
L6028024,EC,EC-Y,,-1.4184011,-78.0495819,Mera (Cavernas del Rio Anzu),2026-08-19 09:28,293,56
L6973335,EC,EC-Y,,-1.4551029,-78.0948973,Mera--Finca de Danilo Cepeda,2024-07-29 06:57,157,23
L13020803,EC,EC-Y,,-1.4581938,-78.1179365,Mera--checkpoint,2026-05-13 10:22,36,14
L5291466,EC,EC-Y,,-1.4359687,-78.1194878,"Merazonia Wildlife Refuge (private, limited access)",2026-08-08 21:34,254,103
L12507530,EC,EC-N,,-0.9803237,-77.8500978,Mi Jardín - Muyuna,2026-07-16 17:00,82,20
L10001907,EC,EC-Z,,-3.8322736,-78.7753141,Mi Paradise,2026-08-06 15:29,245,311
L13151794,EC,EC-P,,-0.2374563,-78.7439625,"Middle Chiriboga Road (subtropical zone, 1850-2500m, provincia de Pichincha)",2025-09-14 07:30,200,43
L1144771,EC,EC-SD,,-0.2463333,-78.809876,"Middle Chiriboga Road (subtropical zone, <1850m, provincia de Santo Domingo)",2023-06-03 06:43,272,80
L8268009,EC,EC-G,,-2.1295593,-79.5949348,Milagro y alrededores,2022-08-01 20:02,86,14
L10044708,EC,EC-G,,-2.1684398,-79.6012249,Milagro--Finca Cumanda,2023-01-02 00:21,38,4
L7889805,EC,EC-G,,-2.148383,-79.603439,Milagro--Universidad Estatal
L493675,EC,EC-P,,0.033327,-78.868451,Milpe Bird Sanctuary (including former Milpe Gardens),2026-09-27 06:06,503,4644
L999722,EC,EC-P,,0.051764,-78.902512,Milpe Road,2026-09-12 11:54,433,537
L1887600,EC,EC-P,,0.07727,-78.9302295,Milpe--end of the road,2026-05-31 15:52,294,57
L5608856,EC,EC-P,,-0.0729554,-78.754549,Mindo Garden Lodge,2026-09-01 13:07,319,111
L20985922,EC,EC-P,,-0.0469331,-78.7852746,Mindo Hermit Trails,2026-09-22 19:20,281,235
L468898,EC,EC-P,,-0.024389,-78.76986,Mindo Lindo,2026-09-22 06:22,332,682
L889462,EC,EC-P,,-0.0207474,-78.7432888,Mindo Loma,2026-08-16 07:15,294,283
L31269806,EC,EC-P,,-0.06752,-78.770834,Mindo Night Walks (Ecuador Reptile Adventures),2026-09-23 08:08,149,36
L24907419,EC,EC-P,,-0.0572061,-78.7792683,Mindo Real Lodge,2026-06-09 20:18,137,30
L11424585,EC,EC-P,,-0.0614289,-78.767654,Mindo-- Hacienda La Yaguira Casa Club,2026-09-26 04:57,192,65
L5807140,EC,EC-P,,-0.054365,-78.7756647,Mindo--Biohostal,2026-09-10 13:30,176,137
L7452172,EC,EC-P,,-0.0549745,-78.7763849,Mindo--Cabañas Armonía y Jardín de Orquídeas,2026-09-08 14:19,158,52
L7750515,EC,EC-P,,-0.0661915,-78.7723428,Mindo--Canopy Adventures Zipline,2026-09-05 12:10,229,73
L3725018,EC,EC-P,,-0.06509,-78.76884,Mindo--Casa Divina Lodge,2026-09-25 15:59,343,862
L2885763,EC,EC-P,,-0.074467,-78.753618,Mindo--Centro de Educacíon Ambiental(CEA),2026-09-14 09:17,242,66
L7209410,EC,EC-P,,-0.0550632,-78.7733253,Mindo--Coffee Shop,2026-09-13 06:29,177,191
L3341639,EC,EC-P,,-0.0547544,-78.7774055,Mindo--El Descanso Lodge,2026-09-24 08:13,266,555
L1212604,EC,EC-P,,-0.0693941,-78.7636149,Mindo--El Monte Sustainable Lodge,2026-09-17 15:27,342,353
L12937466,EC,EC-P,,-0.0514808,-78.7736378,Mindo--El Viejo Roble,2026-08-13 16:38,106,27
L792572,EC,EC-P,,-0.0507247,-78.7723857,Mindo--Hacienda San Vicente/Yellow House Trails,2026-09-24 16:07,458,2123
L6577803,EC,EC-P,,-0.0640297,-78.764087,Mindo--Hostería La Roulotte,2026-09-18 18:15,262,214
L10162685,EC,EC-P,,-0.0579258,-78.7801223,Mindo--Hotel Mindo Real,2026-09-18 16:01,153,72
L8616758,EC,EC-P,,-0.050663,-78.774003,Mindo--La Casa de Cecilia,2026-08-30 17:28,169,141
L11424539,EC,EC-P,,-0.0552485,-78.7656875,Mindo--La Isla,2026-08-28 10:24,229,76
L6572979,EC,EC-P,,-0.0510049,-78.780781,Mindo--La Tatabrera,2025-11-13 21:26,186,30
L1311899,EC,EC-P,,-0.045619,-78.7794828,Mindo--Las Mariposas,2026-01-20 16:00,279,66
L6200962,EC,EC-P,,-0.0628434,-78.7695665,Mindo--Las Terrazas de Dana Lodge,2026-09-21 18:05,315,753
L6307462,EC,EC-P,,-0.068616,-78.761824,Mindo--Mariposario (Butterfly House),2026-09-14 11:14,235,205
L1139514,EC,EC-P,,-0.0387096,-78.7685094,Mindo--Road from highway to town (1300-1700m),2026-08-09 12:20,420,244
L6307469,EC,EC-P,,-0.0365037,-78.794405,Mindo--Ruta Cunuco,2026-08-20 10:06,299,311
L792547,EC,EC-P,,-0.0524382,-78.7894384,Mindo--Ruta El Cinto,2026-09-18 16:24,376,500
L6174383,EC,EC-P,,-0.0746727,-78.7654495,Mindo--Santuario de las cascadas,2026-09-22 09:01,364,667
L6241694,EC,EC-P,,-0.0550319,-78.7731333,Mindo--Sisakuna Lodge,2026-09-10 12:45,185,208
L792571,EC,EC-P,,-0.0627651,-78.7742693,Mindo--Vía a las cascadas (Waterfall trail),2026-09-21 07:49,471,2331
L574561,EC,EC-P,,-0.0492239,-78.7768221,Mindo--general area (*HISTORICAL DATA ONLY; please use a more specific location for current checklists),2026-07-24 11:30,486,987
L2036802,EC,EC-P,,-0.0510456,-78.7783935,Mindo--pueblo y alrededores inmediatos (town and immediate surroundings),2026-09-15 07:21,466,1445
L10797157,EC,EC-P,,-0.0116301,-78.744011,Mindoloma Bird Lodge,2026-08-18 06:49,308,341
L5552822,EC,EC-P,,0.0306416,-78.7116766,Mindozonia Lodge,2025-11-19 10:41,117,18
L5038948,EC,EC-N,,-0.8796871,-77.266571,Minga Lodge,2026-08-18 07:03,227,73
L12242145,EC,EC-C,,0.553496,-78.0462723,Mira,2020-08-16 07:00,4,1
L28579443,EC,EC-C,,0.5484149,-78.0410453,Mira,2023-12-25 13:00,17,2
L21187179,EC,EC-Y,,-1.5063989,-78.0480161,Mirador Bellavista,2024-03-15 09:14,30,3
L20827640,EC,EC-Y,,-1.308,-77.891,Mirador Cañón de los Llanganates,2025-03-13 12:11,67,12
L18196583,EC,EC-S,,-2.9923059,-78.5079575,Mirador Cerro Bosco,2026-09-18 11:55,161,67
L27478881,EC,EC-Y,,-1.6764069,-77.902857,Mirador Del Águila Arpía,2026-01-24 15:15,80,9
L7362031,EC,EC-P,,-0.2471497,-78.5695559,Mirador El Cinto,2023-05-07 09:30,49,11
L28822854,EC,EC-P,,0.131241,-79.262753,Mirador Puerta al Cielo,2026-09-09 07:20,93,4
L21224228,EC,EC-U,,-0.092347,-77.58497,Mirador Selva Mágica,2025-09-17 12:51,88,4
L14580275,EC,EC-I,,0.3593752,-78.4095793,Mirador Siempre Verde,2026-08-02 10:55,73,20
L74647161,EC,EC-I,,0.2917087,-78.2601089,Mirador de Cotacachi (letras),2026-07-31 08:32,36,20
L26293538,EC,EC-P,,-0.2014871,-78.47929,Mirador de Guápulo,2026-07-25 06:56,37,44
L4980320,EC,EC-S,,-2.3,-78.11,Mirador de Macas,2024-07-26 06:17,144,10
L7362779,EC,EC-C,,0.7399596,-78.0089919,Mirador de Morán,2026-07-28 09:02,87,8
L28536814,EC,EC-C,,0.5268564,-78.0933297,"Mirador del Cóndor (Parador turístico ""Bellavista"")",2023-12-30 08:00,33,1
L11112551,EC,EC-I,,0.3141416,-77.913935,Mirador del Oso Andino,2026-08-15 16:52,15,2
L12792433,EC,EC-P,,-0.0022494,-78.3066332,Mirador del río Pisque,2026-08-18 08:22,20,20
L33125749,EC,EC-N,,-0.895,-77.8466667,Mirador la Cruz Wambula,2026-05-08 10:15,106,6
L792537,EC,EC-P,,-0.0022745,-78.4559011,Mitad del Mundo,2026-09-18 14:26,91,521
L27373474,EC,EC-P,,-0.0113563,-78.4497299,"Mitad del Mundo, quebrada del Conjunto Piedra Rosa",2026-06-03 06:18,36,6
L1245483,EC,EC-P,,-0.014124,-78.4534509,Mitad del Mundo--Hosteria Alemana,2026-03-01 15:42,37,15
L13489292,EC,EC-P,,-0.0414413,-78.4468595,Mitad del Mundo--Parque Metropolitano Equinoccial,2026-08-31 14:15,67,87
L23735090,EC,EC-P,,-0.0120585,-78.4521464,Mitad del Mundo--Restaurante Santana,2026-08-26 14:33,21,26
L9220556,EC,EC-O,,-3.7263125,-79.705701,Mochata,2020-11-17 15:30,96,5
L3213729,EC,EC-E,,0.5074029,-80.0230515,Mompiche - area general,2026-03-01 07:15,265,85
L18929810,EC,EC-A,,-2.9028651,-79.0976988,Montaña Pico de Pescado,2026-07-21 07:31,32,2
L34536058,EC,EC-P,,0.010272,-78.706334,Montaña del Tucán Andino,2026-08-29 12:27,171,198
L8998713,EC,EC-SE,,-1.8274505,-80.7526309,Montañita y alrededores,2026-09-07 07:07,86,23
L19859601,EC,EC-SE,,-1.8237014,-80.7490772,Montañita--Hostería EcoAventura,2026-03-22 08:05,27,3
L13157372,EC,EC-SE,,-1.8159976,-80.7387064,Montañita--Sendero Tigrillo,2021-01-02 16:28,51,2
L9701053,EC,EC-M,,-1.0342471,-80.662867,Montecristi Golf & Resort,2026-07-26 16:59,83,29
L17228997,EC,EC-M,,-1.0550993,-80.6638728,Montecristi--Ciudad Alfaro y senderos,2026-02-10 17:14,38,10
L52826545,EC,EC-P,,-0.0922807,-78.9890644,"Monterreal Rainforest, Los Bancos, Pichincha, EC",2026-05-22 09:19,112,6
L45314695,EC,EC-O,,-3.68459,-79.7432471,Moromoro,2025-08-15 13:14,13,2
L6534139,EC,EC-U,,-0.4055252,-76.6194141,Muelle de la Laguna Limoncocha,2026-09-15 11:57,370,348
L1842454,EC,EC-E,,0.6320259,-80.0358114,Muisne--Playa de Bunche,2026-09-13 11:59,100,5
L3897294,EC,EC-X,,-1.0934059,-78.6282384,Mulalillo y alrededores,2004-04-08 11:30,1,0
L7811559,EC,EC-X,,-1.0908033,-78.6255889,Mulalillo--Zona de protección de fauna y flora Muñoz,2026-02-17 16:29,36,10
L10285869,EC,EC-D,,-0.441334,-76.6185216,Museo CICAME (Pompeya),2026-09-07 12:44,44,7
L5508064,EC,EC-P,,-0.2358621,-78.5161757,Museo Interactivo de Ciencias,2025-10-24 11:20,18,7
L4865381,EC,EC-P,,-8.306E-4,-78.4544515,"Museo solar de sitio ""Intiñan""",2026-09-19 16:06,72,441
L14897268,EC,EC-N,,-0.8081471,-77.6054277,Mushullacta--town and vicinity,2024-12-14 06:43,139,10
L58920281,EC,EC-P,,-0.1059543,-78.5760812,N'Cielo Adventure Lodge,2026-07-11 09:30,74,29
L11554390,EC,EC-P,,0.1503396,-78.6844259,"Nanegal, Road Along Rio Alambi",2025-07-28 09:04,129,34
L660953,EC,EC-P,,0.1362488,-78.6778252,Nanegal--vicinity,2026-09-12 06:35,241,277
L11544573,EC,EC-P,,0.1222539,-78.6826872,Nanegal-Road Along Rio Llullupi,2026-04-12 06:16,159,66
L4041489,EC,EC-P,,0.0619154,-78.68155,Nanegalito,2026-09-17 11:14,277,194
L1019518,EC,EC-P,,0.0309059,-78.7183406,Nanegalito--road to Refugio Paz de las Aves,2026-09-22 06:51,318,1009
L7873940,EC,EC-D,,-0.4957892,-76.4204866,Napo Cultural Center,2026-09-14 08:27,444,511
L936849,EC,EC-D,,-0.523497,-76.4394507,Napo Wildlife Center,2026-09-27 15:20,574,1803
L947596,EC,EC-D,,-0.5244804,-76.4165905,Napo Wildlife Center--Añangu Creek,2026-09-27 06:15,526,1375
L947790,EC,EC-D,,-0.4908382,-76.4244175,Napo Wildlife Center--Community trail,2026-09-21 10:05,367,238
L947807,EC,EC-D,,-0.5324859,-76.4458323,Napo Wildlife Center--Sendero Tiputini (trail),2026-09-22 16:03,409,215
L947663,EC,EC-D,,-0.5067592,-76.4445662,Napo Wildlife Center--canopy tower & vicinity,2026-09-22 15:52,467,483
L947590,EC,EC-D,,-0.5226587,-76.3937759,Napo Wildlife Center--river docks,2026-09-24 08:42,391,489
L11022734,EC,EC-N,,-0.7251641,-77.7674961,Narupayaku Hummingbird Garden,2026-09-02 06:32,357,486
L10905484,EC,EC-Z,,-3.9747996,-78.685053,Natentza,2026-07-03 09:01,201,166
L8001840,EC,EC-P,,-0.156892,-78.4272102,Nayon Valleys and Quebradas,2026-08-27 07:20,66,88
L4606445,EC,EC-P,,-0.1582736,-78.439387,Nayón y alrededores,2024-12-29 14:18,65,26
L31587996,EC,EC-Y,,-1.504832,-77.977679,Neblina,2025-02-12 11:12,115,20
L28123716,EC,EC-I,,0.3420552,-78.4473964,Neblina Bird Lodge,2026-07-31 09:37,32,3
L2763239,EC,EC-A,,-2.96168,-79.10413,Nero,2023-01-31 08:17,66,21
L6956458,EC,EC-U,,-0.0691713,-76.1636102,Nicky Amazon Lodge,2026-09-02 14:47,292,267
L32775683,EC,EC-P,,-0.064128,-78.579352,Nono--Villa Doris,2026-09-13 14:07,48,166
L30400134,EC,EC-P,,-0.0423944,-78.6364774,Nono-Mindo Road (ca. Santa Teresita),2026-09-26 10:56,195,219
L1477868,EC,EC-P,,-0.0285421,-78.743838,Nono-Mindo Road near San Tadeo,2026-08-02 20:32,339,236
L7802464,EC,EC-H,,-1.75621,-78.54284,"Northern slope of Rio Uldan, Guamera Guanuña",2026-05-09 10:35,34,3
L6792635,EC,EC-I,,0.2753438,-77.9786825,Nueva América,2026-08-01 13:01,121,44
L5600885,EC,EC-P,,0.1250128,-78.7112132,Nueva Granada - Finca La Unión,2026-08-30 06:00,222,42
L17259595,EC,EC-S,,-3.4564119,-78.6726434,Nueva Tarqui,2025-03-18 10:43,121,5
L10697804,EC,EC-SD,,-0.3154785,-78.9998759,Nuevo Alluriquín,2020-02-07 09:23,12,1
L4210702,EC,EC-Z,,-4.3691684,-78.6563158,"Nuevo Paraiso, Nangaritza",2026-05-17 17:37,224,52
L5623404,EC,EC-Z,,-4.3883733,-78.6746192,Nuevo Paraiso-Selva Alegre road,2023-04-20 00:00,140,6
L1906616,EC,EC-Z,,-4.2600105,-78.6474737,Nuevo Paraíso Rd. (Nangaritza),2026-08-24 06:30,492,545
L8257019,EC,EC-G,,-2.6400271,-79.6842035,Nuevo Porvenir y alrededores,2025-07-06 14:41,102,11
L3655034,EC,EC-D,,-0.9204731,-75.4006398,Nuevo Rocafuerte,2026-08-12 05:44,293,104
L34602028,EC,EC-Z,,-4.3780005,-79.0399815,Numbala,2026-02-21 10:34,37,1
L64169198,EC,EC-F,,-2.4943395,-79.2363404,Ocaña Cañar,2026-09-23 06:28,76,1
L36573175,EC,EC-L,,-4.3724073,-79.7492946,Olinka Velez Ranch - Chorora,2024-09-14 05:30,72,2
L2071064,EC,EC-G,,-2.469019,-80.45772,Olmedo--radio tower and army base road,2020-01-22 12:40,68,5
L13211781,EC,EC-SE,,-1.7946554,-80.7497964,Olon--pueblo y alrededores (town and surroundings),2026-01-24 10:30,173,55
L34020988,EC,EC-SE,,-1.770706,-80.705264,Olonesa Reserva Lodge,2026-03-03 07:27,240,76
L11377129,EC,EC-SE,,-1.8031343,-80.7551989,Olón--Estuario,2026-05-09 06:15,131,54
L11578811,EC,EC-SE,,-1.8033798,-80.7589838,Olón--Playa,2026-09-11 11:19,67,16
L679497,EC,EC-A,,-3.474355,-79.1568375,Ona y alrededores,2022-09-20 09:00,70,27
L7945350,EC,EC-S,,-2.386633,-77.507817,Orillas del rio Wambimi,2020-03-09 11:47,60,7
L8454154,EC,EC-N,,-1.1801743,-77.8759432,Oro y Luna Lodge,2026-05-30 06:25,165,22
L5528674,EC,EC-N,,-0.7680758,-77.8052187,Osayacu,2026-08-23 06:19,78,4
L8811710,EC,EC-I,,0.2338494,-78.2403731,Otavalo--Parque Cóndor (no reportar aves en las jaulas),2026-08-02 10:25,74,39
L577742,EC,EC-I,,0.234403,-78.2586193,Otavalo--general area (*Please use a more precise location when possible),2026-04-29 16:29,207,146
L18208140,EC,EC-Y,,-1.296001,-76.2705085,Otobo's Amazon Safari,2026-05-27 10:31,341,147
L7210239,EC,EC-P,,-0.2127738,-78.4331721,Owi Wild Garden,2026-06-29 07:34,45,224
L11635908,EC,EC-N,,-0.2171,-78.0672,Oyacachi,2026-06-16 10:00,106,25
L999130,EC,EC-M,,-1.5346408,-80.7359505,P.N. Machalilla--Agua Blanca,2026-09-06 08:50,244,318
L7367367,EC,EC-M,,-1.598691,-80.747406,P.N. Machalilla--Río Blanco,2026-08-12 09:51,238,106
L577683,EC,EC-M,,-1.5425173,-80.7033749,P.N. Machalilla--general (*Please consider using a more precise location when possible),2025-04-11 07:03,293,144
L18049918,EC,EC-N,,-0.592568,-77.590581,"P.N. Sumaco, Sector Pacto Sumaco (1500-3720 mnsm)",2025-12-14 15:13,326,51
L17227757,EC,EC-L,,-4.1095267,-80.1051899,PISCINAS-PINDAL,2025-11-09 12:36,41,3
L10082017,EC,EC-N,,-0.5122721,-78.2166991,PN Antisana--Choza de Humboldt y alrededores,2026-09-18 07:09,76,68
L27319989,EC,EC-P,,-0.468242,-78.315171,PN Antisana--Control de ingreso y alrededores,2026-09-23 08:37,92,155
L32153805,EC,EC-P,,-0.441064,-78.344586,PN Antisana--Laguna de Tipopugro y mirador del flujo volcánico Antisanilla,2026-07-18 07:51,60,35
L635406,EC,EC-N,,-0.5445017,-78.2255745,"PN Antisana--Micacocha, control y alrededores",2026-09-26 11:24,197,2345
L10456892,EC,EC-P,,-0.4905358,-78.2849428,PN Antisana--Ovejería (choza vieja) y alrededores,2026-09-23 09:27,93,484
L32153178,EC,EC-P,,-0.434845,-78.346531,PN Antisana--Parche de bosque a lado de la cantera,2026-08-31 16:18,78,213
L32156855,EC,EC-P,,-0.442765,-78.340764,PN Antisana--Parche de bosque entre las lagunas de Tipopugro y Secas,2026-09-03 14:47,62,33
L33044049,EC,EC-P,,-0.492594,-78.269692,PN Antisana--Planicie de caballos,2026-09-19 12:19,120,358
L30537200,EC,EC-P,,-0.48375,-78.30104,PN Antisana--Quebrada Huallanta y alrededores,2026-09-22 09:44,65,236
L16414285,EC,EC-P,,-0.4925788,-78.2905699,PN Antisana--Quebrada S/N,2026-09-23 08:55,77,365
L2761741,EC,EC-N,,-0.5076124,-78.2327279,PN Antisana--pradera de los ibis y alrededores,2026-09-26 11:50,166,2033
L29713873,EC,EC-N,,-0.3251959,-78.1479706,PN Cayambe Coca Sendero Desde El Puesto De Control,2026-09-16 09:20,114,207
L2761663,EC,EC-I,,0.30257,-78.36251,PN Cotacachi-Cayapas--Laguna Cuicocha y alrededores,2026-09-12 08:56,185,354
L7805910,EC,EC-I,,0.3375812,-78.3562294,PN Cotacachi-Cayapas--Toma de agua Chumabi,2018-08-09 08:30,16,1
L10652223,EC,EC-X,,-0.6432314,-78.4958271,PN Cotopaxi--Centro de Interpretación (Mariscal Sucre),2026-09-13 21:23,73,51
L22517257,EC,EC-X,,-0.6787037,-78.5540586,PN Cotopaxi--Control sur (Caspi),2026-08-03 08:19,67,37
L1856443,EC,EC-P,,-0.6131079,-78.4743833,PN Cotopaxi--Laguna Limpiopungo y alrededores,2026-09-20 10:19,152,718
L8817263,EC,EC-P,,-0.6570062,-78.4385222,PN Cotopaxi--Parqueadero 4800 m,2026-09-15 14:55,60,63
L8897365,EC,EC-P,,-0.5878494,-78.4491259,PN Cotopaxi--Tambopaxi Lodge,2026-08-15 07:55,71,119
L471631,EC,EC-X,,-0.6800378,-78.4801483,PN Cotopaxi--área general (favor de usar una localidad más específica cuando sea posible),2026-07-31 00:00,202,326
L1890616,EC,EC-A,,-2.7969269,-79.280601,PN El Cajas--Bosque de Polylepis al oeste del paso de Tres Cruces,2026-09-15 14:24,73,95
L4005347,EC,EC-A,,-2.7629342,-79.2361021,PN El Cajas--Camino a Patul,2026-08-13 11:01,25,4
L11857582,EC,EC-A,,-2.7980686,-79.2511898,PN El Cajas--Camino a la Laguna Luspa,2026-06-11 11:12,70,17
L62811993,EC,EC-A,,-2.8429538,-79.1265561,PN El Cajas--Carretera hasta la laguna de Llaviucu,2026-09-09 06:45,82,76
L4890717,EC,EC-A,,-2.7932826,-79.2021561,PN El Cajas--Laguna Cucheros,2026-08-29 08:55,63,76
L1890559,EC,EC-A,,-2.7797529,-79.2308623,PN El Cajas--Laguna Illincocha,2026-02-26 17:04,93,152
L1890605,EC,EC-A,,-2.7819634,-79.2236117,PN El Cajas--Laguna La Toreadora,2026-09-26 12:43,125,965
L1899719,EC,EC-A,,-2.843227,-79.144529,"PN El Cajas--Laguna Llaviucu, entrada y alrededores",2026-07-10 08:24,168,1009
L11857705,EC,EC-A,,-2.8065628,-79.2614855,PN El Cajas--Laguna Luspa,2026-07-06 15:45,48,15
L13101414,EC,EC-A,,-2.7783054,-79.1972218,PN El Cajas--Laguna Taquiurco,2026-09-11 08:42,52,34
L22395411,EC,EC-A,,-2.7677955,-79.2682711,PN El Cajas--Lagunas Pampeadas,2026-02-13 09:31,32,19
L5647683,EC,EC-A,,-2.896212,-79.291733,PN El Cajas--Lagunas de Napalé,2026-04-15 08:00,41,17
L8169166,EC,EC-A,,-2.7772704,-79.2406942,PN El Cajas--Mirador Tres Cruces y alrededores,2026-09-25 09:20,45,50
L11771433,EC,EC-A,,-2.7756907,-79.2605706,PN El Cajas--Rancho Hnos. Prado,2026-09-07 10:10,91,422
L30773224,EC,EC-A,,-2.781932,-79.219742,PN El Cajas--Sendero Marmolcocha,2026-09-13 10:59,53,48
L11077940,EC,EC-A,,-2.926521,-79.2120955,PN El Cajas--Soldados,2026-01-27 14:30,55,6
L600072,EC,EC-A,,-2.83,-79.2097222,PN El Cajas--Área general (please use more precise location),2026-09-26 12:43,198,3281
L2761706,EC,EC-T,,-1.1092145,-78.3673682,PN Llanganates--Laguna del Tambo y alrededores,2025-10-11 07:59,46,7
L5828041,EC,EC-T,,-1.0993521,-78.3552305,PN Llanganates--Sendero Patojapina y alrededores,2021-10-09 09:25,19,5
L9203892,EC,EC-M,,-1.609508,-80.7238832,PN Machalilla - La Mocora,2026-07-20 09:25,200,30
L6801526,EC,EC-M,,-1.6739609,-80.6622996,PN Machalilla--Casas Viejas,2025-12-17 06:00,136,9
L16872917,EC,EC-M,,-1.5886152,-80.7486445,PN Machalilla--Guayacán de los monos,2025-12-18 07:11,162,30
L3884767,EC,EC-M,,-1.5941837,-80.8660698,PN Machalilla--Isla Salango,2026-07-10 14:00,43,32
L11369966,EC,EC-M,,-1.2736384,-81.0659022,PN Machalilla--Isla de la Plata,2026-09-18 11:32,209,867
L17867372,EC,EC-M,,-1.4884089,-80.7943765,PN Machalilla--Mirador de Los Frailes,2026-04-17 11:18,67,18
L860850,EC,EC-M,,-1.4161995,-80.9557457,PN Machalilla--Pelágico hacia la Isla de la Plata,2026-09-24 09:46,112,257
L16869142,EC,EC-M,,-1.5781339,-80.8401196,PN Machalilla--Playa de Salango y Centro de Rehabilitación de Fauna Marino-Costera,2025-08-27 11:45,55,10
L10448644,EC,EC-M,,-1.569724,-80.8347815,PN Machalilla--Sendero La Playita,2024-12-18 06:09,91,17
L9389005,EC,EC-M,,-1.5263004,-80.7616285,PN Machalilla--Sendero Los Algarrobos,2025-12-17 06:00,131,46
L999162,EC,EC-M,,-1.5440145,-80.7874703,PN Machalilla--Vía al Cerro Las Goteras,2025-12-17 06:12,192,32
L29997657,EC,EC-L,,-4.4479802,-79.1478186,PN Podocarpus (límite cantonal Loja-Palanga),2026-04-06 10:48,58,35
L1485656,EC,EC-Z,,-4.4468702,-79.1474229,PN Podocarpus--Cordillera de Sabanilla,2026-05-02 11:01,139,134
L1488021,EC,EC-Z,,-3.9877186,-79.0936526,PN Podocarpus--San Francisco (Reserva Arcoiris),2025-11-10 06:04,258,37
L792550,EC,EC-L,,-4.116708,-79.173752,PN Podocarpus--Sector Cajanuma,2026-08-07 09:41,328,509
L482424,EC,EC-Z,,-4.1082373,-78.9638814,PN Podocarpus--Sector Río Bombuscaro,2026-09-13 06:20,546,1258
L21194244,EC,EC-A,,-2.8071277,-78.6308241,PN Río Negro Sopladora--Acceso por Sevilla de Oro,2026-08-08 06:00,106,47
L13010575,EC,EC-H,,-2.4901157,-78.6135994,PN Sangay--Camino Guangras,2020-10-30 13:40,1,0
L13010688,EC,EC-F,,-2.5260453,-78.641666,PN Sangay--Camino Guangras,2020-10-30 09:00,32,1
L4607830,EC,EC-S,,-2.1019511,-78.1495714,PN Sangay--Guardianía y Sendero a las Lagunas de Sardinayacu,2024-06-29 07:30,144,8
L12500426,EC,EC-F,,-2.4230326,-78.8601015,PN Sangay--Laguna Culebrillas y alrededores,2026-07-21 12:17,35,13
L2761649,EC,EC-H,,-2.19374,-78.51987,PN Sangay--Laguna de Atillo,2026-01-25 13:48,77,30
L2761681,EC,EC-H,,-2.24207,-78.57665,PN Sangay--Laguna de Magtayán,2019-02-27 10:00,22,2
L8252394,EC,EC-F,,-2.5365816,-78.7222896,PN Sangay--Zona sur,2021-01-16 06:00,26,2
L9743091,EC,EC-D,,-0.5247833,-76.3841996,PN Yasuní--Estación Añangu,2026-09-20 07:02,200,82
L7183636,EC,EC-D,,-0.5103479,-76.3514748,PN Yasuní--Sendero Belisario,2026-06-23 07:01,424,169
L947669,EC,EC-D,,-0.5266068,-76.3844633,PN Yasuní--Sendero Manakin (Manakin Trail),2026-08-20 09:23,462,178
L23034096,EC,EC-D,,-0.5189042,-76.3556765,PN Yasuní--Torre Mirador Yasuní,2026-09-02 06:20,287,55
L889657,EC,EC-D,,-0.524607,-76.373374,PN Yasuní--saladero del río/parrot lick #1,2026-09-20 07:35,418,607
L889665,EC,EC-D,,-0.5293962,-76.3814163,PN Yasuní--saladero/parrot lick #2,2026-09-20 07:56,439,469
L1927030,EC,EC-D,,-0.5273578,-76.3776612,"PN Yasuní--saladeros/parrot clay licks (general area, SOUTH BANK of Río Napo)",2026-09-27 07:59,510,664
L38930270,EC,EC-M,,-1.597516,-80.7264662,"PNMachalilla, Bola de Oro",2026-09-04 08:43,123,6
L38926445,EC,EC-M,,-1.551042,-80.7825049,"PNMachalilla, Sendero a Las Goteras",2025-12-17 06:00,94,9
L7956711,EC,EC-O,,-3.436026,-79.9744922,PTAR Santa Rosa,2018-09-22 06:15,64,3
L35256533,EC,EC-S,,-1.889838,-78.100827,Pablo Sexto--Bosque Rosado,2024-07-28 10:44,1,0
L35208938,EC,EC-S,,-1.935128,-78.021574,Pablo Sexto--La Granja Experimental,2025-10-10 11:59,75,25
L35256500,EC,EC-S,,-1.8922,-78.118866,Pablo Sexto--Mirador Ambusha,2024-07-28 09:49,13,7
L35224514,EC,EC-S,,-1.925496,-78.026701,Pablo Sexto--Parque Arqueológico Las Tolitas,2024-10-12 23:07,14,16
L35224582,EC,EC-S,,-1.92653,-78.024651,Pablo Sexto--Parque Ecológico Los Copales,2024-10-12 08:16,14,10
L35256336,EC,EC-S,,-1.894354,-78.113815,Pablo Sexto--Potrero Ambusha,2024-07-28 09:06,11,7
L35224428,EC,EC-S,,-1.926961,-78.027644,Pablo Sexto--Pueblo y alrededores inmediatos,2025-11-10 07:39,105,26
L35256253,EC,EC-S,,-1.897075,-78.114336,Pablo Sexto--Sendero Ambusha,2024-07-28 07:18,22,7
L14781970,EC,EC-S,,-1.9435208,-78.0016771,Pablo Sexto-Huamboya Road,2021-05-06 14:30,34,2
L12655693,EC,EC-N,,-0.8818074,-77.793172,Pacha Lodge,2026-03-24 13:01,38,3
L792593,EC,EC-P,,-0.0098652,-78.6758973,Pacha Quinde Nature Reserve (MCF),2026-09-24 08:18,328,728
L13274488,EC,EC-B,,-1.5282535,-78.9290461,Pachakutik y alrededores,2021-01-08 11:30,3,1
L2120653,EC,EC-SE,,-2.1008532,-80.7435465,Pacoa--Salt Ponds (humedales) and vicinity,2026-09-04 07:15,186,386
L6823175,EC,EC-M,,-1.0672268,-80.881235,Pacoche Lodge & Reserve,2026-08-20 06:28,163,71
L1208286,EC,EC-M,,-1.070872,-80.8891,Pacoche--Refugio de Vida Silvestre,2026-03-07 08:32,217,115
L1099629,EC,EC-P,,0.1348828,-78.7684107,Pacto Bridge #2,2026-09-10 09:09,161,124
L7361729,EC,EC-P,,0.1241493,-78.7834485,Pacto Loma,2025-11-21 14:39,146,21
L1326524,EC,EC-N,,-0.6665956,-77.5942214,Pacto Sumaco--town and vicinity,2026-09-13 16:00,386,453
L27542633,EC,EC-L,,-4.2802911,-79.474714,Pailas Rotas,2023-10-14 15:00,22,4
L1428531,EC,EC-P,,0.17327,-78.93343,Pais Tropical,2026-05-11 14:30,283,147
L61084271,EC,EC-H,,-1.6274984,-78.7468324,Palacio Real y alrededores,2026-07-15 11:14,15,2
L6035325,EC,EC-Z,,-4.6508771,-79.1317964,Palanda y alrededores,2026-09-08 15:33,273,118
L16997543,EC,EC-H,,-2.009,-78.974,Pallatanga--Ecovita Organic Lodge & Farm,2022-07-08 08:26,40,2
L3909055,EC,EC-A,,-2.707431,-78.624097,Palmas,2025-03-08 13:15,33,6
L30592204,EC,EC-H,,-2.047521,-78.7455722,Palmira,2026-06-28 12:57,16,7
L24376374,EC,EC-I,,0.8173336,-78.3652317,Palo Amarillo y alrededores,2023-05-13 07:00,81,2
L10209123,EC,EC-SD,,-0.3218332,-78.9927252,Palomar,2020-02-14 13:44,25,3
L5352951,EC,EC-S,,-3.04,-78.1,Palomino,2020-01-08 15:03,91,4
L34671135,EC,EC-S,,-1.6839987,-77.9374961,Palora -- Finca Sangay,2024-12-17 15:43,11,3
L38683509,EC,EC-S,,-1.7115516,-78.0078301,Palora -- Tropigold - Ecuador,2025-12-23 08:07,128,65
L38666617,EC,EC-S,,-1.7325061,-77.9396137,Palora--Finca Procel,2026-04-17 16:11,91,31
L38673668,EC,EC-S,,-1.6961878,-77.8968821,Palora—Plantación Pitahaya Finca Procel,2025-10-09 10:18,56,15
L20798825,EC,EC-P,,-0.2904738,-78.4004414,Paluhuayco Quebrada,2022-09-11 09:21,6,0
L4937788,EC,EC-S,,-2.71,-78.23,Panía - Kurints - Nunkantai,2012-11-14 07:00,48,1
L14897105,EC,EC-N,,-0.8314792,-77.5311361,Papagayo camp (Military Antennas) - Upper Napo Galeras,2022-09-30 12:00,65,4
L947316,EC,EC-P,,-0.3105592,-78.2154085,Papallacta--Camino viejo a Pifo (old road west of pass),2026-09-27 07:35,215,1488
L1491931,EC,EC-N,,-0.3326006,-78.2011771,Papallacta--La Virgen y alrededores inmediatos (Pass and immediate vicinity),2026-09-27 13:35,235,2028
L1740862,EC,EC-N,,-0.34252,-78.19639,Papallacta--Sendero Fuente de Vida (Polylepis y Laguna Sucus),2026-08-23 14:56,186,336
L17259965,EC,EC-N,,-0.3689513,-78.1602053,Papallacta--general area (*HISTORICAL DATA ONLY; please use a more specific location for current checklists),2026-09-09 10:32,166,54
L1740868,EC,EC-N,,-0.34385,-78.15091,Papallacta--hot springs and road to Cayambe-Coca,2026-09-11 15:38,227,1524
L1485670,EC,EC-N,,-0.3738951,-78.1464221,Papallacta--pueblo y alrededores inmediatos (town and immediate surroundings),2026-09-27 17:00,242,790
L947285,EC,EC-N,,-0.3204429,-78.1923251,Papallacta--radio antennas (Reserva Ecológica Cayambe-Coca),2026-09-27 14:31,205,2687
L2744915,EC,EC-N,,-0.392628,-78.058605,Papallacta-Baeza Road (above 2500 m),2026-03-17 17:53,209,106
L1238177,EC,EC-N,,-0.4339558,-77.9586411,Papallacta-Baeza road (below 2500 m),2026-09-27 07:06,310,177
L21469981,EC,EC-N,,-0.7203274,-77.7534421,Paqcha Glamping,2026-06-17 13:13,33,4
L11398254,EC,EC-P,,0.0688874,-78.110682,Paquiestancia y alrededores,2022-02-04 16:33,39,3
L2209138,EC,EC-Z,,-3.9329372,-78.6758766,Paquisha--vicinity,2026-03-31 08:30,278,270
L28896023,EC,EC-S,,-2.4199164,-78.1585753,Paraiso del Paiche,2025-10-11 16:28,30,5
L1819261,EC,EC-C,,0.6965847,-77.8504944,Paramo El Angel--road across paramo from Mira to Tulcan,2023-02-08 20:19,82,8
L1099261,EC,EC-N,,-0.9327667,-77.7087021,Parayacu,2025-12-07 15:03,116,5
L7833603,EC,EC-O,,-3.5365121,-80.0238121,Parque Acuático San Antonio,2018-08-05 15:36,15,3
L2382033,EC,EC-M,,-1.043999,-80.5289305,Parque Arqueológico Cultural Cerro Hojas Jaboncillo,2026-07-24 11:30,137,62
L41941326,EC,EC-I,,0.7397542,-78.2412815,Parque Bambú,2009-03-19 00:00,27,1
L8473976,EC,EC-P,,-0.3726394,-78.505392,Parque Cachaco de Amaguaña,2025-08-31 08:44,57,31
L27761573,EC,EC-P,,-0.052743,-78.7747192,Parque Central Mindo,2026-09-27 15:11,171,324
L28099684,EC,EC-L,,-3.6224512,-79.2383953,Parque Central Saraguro,2026-08-09 08:28,29,13
L40358495,EC,EC-N,,-0.9916,-77.8165165,Parque Central Tena,2026-09-07 15:15,34,5
L54815484,EC,EC-P,,-0.077037,-78.475673,Parque Colibrí Herrero,2026-07-19 16:28,14,3
L11059276,EC,EC-L,,-3.965058,-79.245328,Parque Colinar (Carigán Villonaco),2026-09-16 11:46,77,124
L57713530,EC,EC-P,,0.12794,-79.259146,Parque Ecológico de Puerto Quito,2026-01-25 09:19,7,3
L7510210,EC,EC-U,,0.1137528,-76.909393,Parque Ecológico y Recreativo Perla,2026-07-31 09:33,142,28
L471609,EC,EC-P,,-0.2092977,-78.4984732,Parque El Ejido,2026-09-08 07:34,87,267
L5809978,EC,EC-Y,,-1.476087,-77.997343,Parque Etnobotánico Omaere,2026-07-21 14:27,196,82
L5436337,EC,EC-P,,-0.1967772,-78.4730619,Parque Guápulo,2026-09-25 07:05,117,708
L2274758,EC,EC-G,,-2.1440965,-79.869318,Parque Histórico Guayaquil,2026-09-14 13:29,125,132
L57162868,EC,EC-P,,-0.1829095,-78.4845406,Parque La Carolina (excluyendo Jardín Botánico),2026-09-25 06:30,170,3233
L11869003,EC,EC-P,,-0.3001485,-78.4720373,Parque La Moya,2026-08-26 07:46,17,3
L1775936,EC,EC-G,,-2.2333722,-80.1276361,Parque Lago Chongon,2026-08-04 08:41,190,159
L26025292,EC,EC-P,,-0.2933091,-78.5552511,Parque Las Cuadras,2026-05-31 11:41,27,15
L11421579,EC,EC-L,,-4.0173032,-79.2030243,Parque Lineal La Tebaida,2026-02-22 10:37,25,12
L44226054,EC,EC-P,,-0.217696,-78.444516,Parque Lineal San Patricio,2026-07-25 06:35,13,4
L3970239,EC,EC-P,,-0.3304522,-78.4419823,Parque Lineal Santa Clara,2026-02-08 09:47,52,39
L4051369,EC,EC-P,,-0.2075224,-78.4203545,Parque Los Algarrobos (Cumbayá),2026-09-17 10:20,89,326
L54815518,EC,EC-P,,-0.07642,-78.470262,Parque Los Tictirianes,2026-07-25 15:52,42,19
L5900714,EC,EC-P,,-0.2485,-78.558433,Parque Metropolitano Chilibulo Huayrapungo,2026-05-10 08:42,82,40
L25156230,EC,EC-P,,-0.1888151,-78.4658805,"Parque Metropolitano Guangüiltagua, Southern Trail Brushland",2026-09-07 13:39,47,25
L5249554,EC,EC-P,,-0.2690782,-78.4691298,Parque Metropolitano La Armenia,2026-09-13 11:59,67,202
L4891158,EC,EC-P,,-0.32255,-78.5095453,Parque Metropolitano del Sur,2026-01-31 14:43,66,32
L42350667,EC,EC-P,,-0.288688,-78.441526,Parque Municipal El Tingo,2026-05-20 10:25,34,8
L13274585,EC,EC-N,,-0.2916991,-77.8459788,Parque Nacional Cayambe - Coca,2026-06-09 13:54,105,17
L13390001,EC,EC-N,,-0.3084429,-77.864765,Parque Nacional Cayambe Coca,2024-07-30 06:18,96,10
L9110638,EC,EC-N,,-0.1993875,-77.803718,Parque Nacional Cayambe Coca Zona Baja,2026-05-15 00:00,145,39
L44287161,EC,EC-N,,-1.0316462,-78.2235109,"Parque Nacional LLanganates, ( Sector Provincia del Napo)",2026-05-16 12:30,37,7
L60718353,EC,EC-S,,-2.0980999,-78.1287901,Parque Nacional Sangay Sector Quinta Cooperativa,2024-12-15 06:30,13,3
L2763300,EC,EC-S,,-2.04704,-78.293,Parque Nacional Sangay--general (*Please use more specific locations when possible.),2020-01-09 10:15,47,3
L2214397,EC,EC-Z,,-4.779197,-79.39901,"Parque Nacional Yacuri-- east slope near treeline, 2800-3200m",2026-05-19 11:25,135,26
L1896305,EC,EC-L,,-4.7358618,-79.4283035,Parque Nacional Yacuri--paramo zone above 3200 m,2026-05-19 10:24,146,40
L6830887,EC,EC-I,,0.8030593,-78.3155546,Parque Parambas,2026-09-20 18:29,19,2
L39720688,EC,EC-S,,-2.31254,-78.11732,Parque de Bolsillo - Barrio Amazonas,2026-09-25 06:44,140,784
L10975678,EC,EC-P,,-0.2813234,-78.4623703,Parque de La Herradura (Lotización La Armenia),2026-02-17 17:46,44,40
L44225984,EC,EC-P,,-0.218772,-78.44181,Parque del Hospital Metropolitano San Patricio,2026-07-08 07:32,14,6
L19060545,EC,EC-U,,0.0789689,-76.8874633,Parque turístico nueva Loja,2026-08-08 11:40,149,75
L2762477,EC,EC-X,,-0.93,-78.61,"Parque urbano 1, Latacunga",2023-07-30 16:54,49,14
L27477394,EC,EC-Z,,-3.583654,-78.4958049,"Parroquia Tundayme, Cantón El Pangui",2026-02-26 15:05,146,29
L6118390,EC,EC-Y,,-1.507813,-77.9413275,Parroquia Veracruz,2026-07-18 17:09,225,627
L16859300,EC,EC-Y,,-1.5148069,-77.9122368,Parroquia Veracruz--Cerro Las Antenas,2026-02-01 17:09,157,25
L17171244,EC,EC-P,,-0.4690221,-78.479497,Pasachoa Via Secret Garden,2026-08-18 11:43,85,24
L31200692,EC,EC-P,,-0.2353098,-78.3995564,"Pasaje Quebradilla, Ilaló",2026-04-12 11:00,47,20
L16085285,EC,EC-O,,-3.3269597,-79.805359,Pasaje--Área general,2026-07-26 08:08,3,1
L8487155,EC,EC-Y,,-1.4742046,-77.9978658,Paseo Turístico Puyo,2026-07-18 15:44,233,236
L26809661,EC,EC-Y,,-1.3331237,-77.8401825,Pastaza Rainforest Foundation,2024-12-16 13:01,153,49
L5813444,EC,EC-M,,0.0330448,-79.9842024,Pata de Pájaro,2024-10-15 18:09,108,4
L2763228,EC,EC-T,,-1.312,-78.5063333,Patate,2026-07-25 13:00,72,21
L3881880,EC,EC-S,,-3.0073611,-78.0308333,Patuca (Entrada a Cueva Kim),2014-08-04 07:00,13,0
L3638611,EC,EC-S,,-3.0215553,-78.1606007,Patuca-Santiago road (foothills),2022-05-08 00:00,84,3
L4280066,EC,EC-A,,-2.78207,-78.75861,Paute  y alrededores,2026-07-30 12:03,27,3
L13231748,EC,EC-A,,-2.7570616,-78.751545,Paute--Cerro Cabeza de Perro. Despegue de Parapente,2022-07-05 06:00,19,2
L792556,EC,EC-N,,-1.0418413,-77.5786686,Payachicta,2026-04-29 16:01,286,47
L21290138,EC,EC-D,,-0.4989146,-77.2876496,Payamino Comunity,2026-08-08 08:23,294,136
L20887668,EC,EC-Y,,-1.5706068,-78.0273432,Paz Yaku,2026-07-21 12:00,182,81
L24709843,EC,EC-SD,,-0.3222596,-78.9953293,Paúl House Birding,2026-09-26 08:51,82,15
L9201554,EC,EC-M,,0.0953291,-80.0437087,Pedernales--Cabeza de Vaca,2021-07-19 10:57,65,5
L2761745,EC,EC-M,,0.22897,-80.03188,Pedernales-Cojimíes,2026-08-09 07:34,110,22
L1797716,EC,EC-P,,0.0876245,-79.0527463,Pedro Vicente Maldonado--pueblo y alrededores inmediatos (town and immediate surroundings),2026-07-04 13:33,325,208
L4946143,EC,EC-W,,-0.401141,-90.6406403,Pelagic Sombrero Chino <-> Rabida,2026-08-09 13:30,45,44
L3877483,EC,EC-H,,-1.5668856,-78.530724,Penipe y alrededores,2026-03-20 12:39,28,7
L3875560,EC,EC-H,,-1.5541445,-78.5425258,Penipe--Providencia,2004-05-21 06:40,14,2
L7624284,EC,EC-P,,0.1091766,-78.4242296,Perucho y alrededores,2026-06-29 06:29,64,27
L17338343,EC,EC-O,,-3.7113299,-79.4954743,Petrograbados de Nudillo,2022-01-05 06:00,37,1
L30793966,EC,EC-I,,0.4107392,-78.4774017,Peñas de Puranquí,2015-07-02 07:00,3,0
L4937067,EC,EC-S,,-2.89,-78.24,Piankas - Ipiacuimi,2012-11-13 07:00,42,1
L14804059,EC,EC-P,,-0.2332657,-78.3359957,Pifo y alrededores,2026-08-17 14:13,49,13
L20490471,EC,EC-X,,-0.9474632,-78.9965272,Pilaló,2022-12-07 10:38,1,0
L7359498,EC,EC-Y,,-1.4584921,-78.0892539,Pindo Mirador--Sendero Alpayaku,2024-04-23 13:44,96,13
L34230709,EC,EC-P,,0.131559,-78.758448,Piripe Wellness Lodge,2026-08-13 18:16,143,123
L12236712,EC,EC-C,,0.8081758,-77.7359668,Piscina El Puetate y alrededores,2020-08-22 08:12,4,1
L60959260,EC,EC-S,,-2.2429633,-78.0489733,Piscinas Suárez,2026-06-19 06:17,69,7
L20472835,EC,EC-H,,-2.2487873,-78.8794327,Pistishí--Mirador Nariz del Diablo,2026-01-24 08:38,29,4
L3926724,EC,EC-O,,-3.6812863,-79.6799326,Piñas,2026-05-07 13:48,198,62
L16618449,EC,EC-O,,-3.680359,-79.6703947,Piñas--Mirador (Antenas-La Piedra),2025-10-05 19:24,51,1
L9603884,EC,EC-O,,-3.6517961,-79.7912361,Platanillos,2026-07-22 11:40,39,6
L8036616,EC,EC-S,,-2.229109,-78.056076,"Playa 1, Río Yuquipa",2021-12-11 06:51,52,3
L2761973,EC,EC-E,,0.876,-79.8426667,Playa Atacames,2026-09-21 07:22,108,32
L25529949,EC,EC-O,,-3.107883,-79.9008838,Playa Bajo Alto,2026-09-03 13:59,68,7
L8077804,EC,EC-SE,,-2.2189547,-80.9055305,Playa El Cautivo,2025-08-16 17:18,25,6
L5868428,EC,EC-E,,0.817885,-80.0048178,Playa Escondida,2025-08-25 12:50,133,20
L5764292,EC,EC-M,,-0.7954175,-80.5200219,Playa La Boca,2026-06-27 14:20,131,78
L13100349,EC,EC-M,,-0.7436976,-80.5078153,Playa Punta Bikini,2025-10-23 10:20,21,8
L25173513,EC,EC-M,,-0.115442,-80.2111987,Playa Punta Blanca,2024-03-26 16:37,31,1
L9141845,EC,EC-G,,-2.7237278,-80.299919,Playa Varadero,2026-06-23 09:19,66,12
L4758542,EC,EC-M,,-0.460005,-80.4587051,Playa de Canoa,2026-08-05 11:39,112,38
L8077815,EC,EC-SE,,-2.1980099,-80.862157,Playa de Capaes,2025-11-23 07:03,55,10
L10203105,EC,EC-F,,-2.4671648,-79.2869317,Playa de Cochancay,2019-11-21 09:37,21,1
L4887804,EC,EC-A,,-3.2991914,-79.045397,Playa de Morasloma,2025-01-11 07:00,32,3
L615475,EC,EC-E,,0.8506871,-78.7814289,Playa de Oro Reserva de Los Tigrillos,2026-08-12 06:30,425,599
L8077800,EC,EC-SE,,-1.9554484,-80.7299884,Playa de Valdivia,2026-02-17 08:35,44,8
L8077813,EC,EC-SE,,-2.2247628,-80.9709418,Playa de la FAE,2026-07-09 17:13,86,23
L8077817,EC,EC-SE,,-1.8965378,-80.7320723,Playa entre Libertador Bolívar y Aquario de Valdivia,2026-07-29 09:25,48,5
L25173489,EC,EC-M,,-0.1417827,-80.2364238,Playa y río Don Juan,2024-12-23 11:27,48,4
L970019,EC,EC-G,,-2.635257,-80.3840847,Playas,2026-07-18 11:00,140,42
L8637394,EC,EC-Z,,-3.8868535,-78.7717024,Playas de Zumbi,2023-07-21 12:23,58,6
L27541889,EC,EC-L,,-4.0938119,-79.3488407,Playita Escondida,2026-02-17 11:00,22,6
L7372909,EC,EC-O,,-3.582849,-79.9145615,Playón
L9030998,EC,EC-U,,0.6283706,-77.6779691,Playón de San Francisco-- Reserva Laguna Negra,2026-05-22 18:59,74,21
L35691171,EC,EC-P,,-0.305609,-78.454489,Plaza Doral--Mirador al río Santa Clara,2024-09-04 10:58,6,2
L5194613,EC,EC-S,,-2.3812621,-78.1617755,Plaza Tiwintza,2026-07-19 11:02,232,160
L5495494,EC,EC-Y,,-1.4998916,-78.0656934,Poblado de Shell,2025-03-27 17:02,70,11
L6297735,EC,EC-L,,-4.3845094,-80.2408934,Poblado de Zapotillo,2025-05-03 06:16,59,6
L9235231,EC,EC-C,,0.7067287,-77.9807297,Polylepis Lodge,2026-09-14 07:18,84,31
L14692266,EC,EC-P,,-0.0560009,-78.4572949,PomasQUINDE,2026-08-11 11:39,45,98
L26220119,EC,EC-N,,-1.0176719,-77.7125547,"Ponce Loma, native bamboo forest",2026-09-18 08:19,190,15
L4679267,EC,EC-A,,-3.1139482,-79.1181493,Portete y alrededores,2025-12-30 11:22,77,11
L10469541,EC,EC-O,,-3.7139846,-79.5762107,Portobelo--Barrio Lourdes,2020-01-10 22:30,3,2
L8819367,EC,EC-O,,-3.7157555,-79.6188037,Portovelo y alrededores,2019-02-01 07:00,35,1
L4079864,EC,EC-M,,-1.0386071,-80.4606874,Portoviejo--Jardín Botánico (área turística),2026-09-17 10:32,118,182
L8359863,EC,EC-M,,-1.0373882,-80.4818236,Portoviejo--PTAR (Planta de Tratamiento de Aguas Residuales de PORTOAGUAS),2025-04-18 15:02,87,49
L12647447,EC,EC-M,,-1.0224973,-80.4642896,Portoviejo--Parque Forestal,2026-08-16 10:24,43,13
L8362434,EC,EC-M,,-1.0454597,-80.4595234,Portoviejo--Parque La Rotonda,2026-06-09 17:16,64,54
L8301442,EC,EC-M,,-1.0606076,-80.449166,Portoviejo--Parque Las Vegas,2026-09-27 09:39,139,428
L17404383,EC,EC-M,,-1.0272238,-80.4421258,Portoviejo--Refugio de La Tomatera y alrededores,2026-08-26 08:38,166,522
L28116346,EC,EC-N,,-0.4387551,-77.8614278,Posada Campo Libre,2026-09-19 06:49,97,210
L10170346,EC,EC-G,,-2.7068439,-80.2445492,Posorja,2024-11-03 09:45,109,29
L13013626,EC,EC-X,,-0.422463,-78.971032,Poza Azul y alrededores,2023-09-21 10:11,26,3
L32398794,EC,EC-A,,-3.0277035,-78.7513532,Principal y alrededores,2026-02-08 09:27,17,4
L29779339,EC,EC-A,,-3.0250542,-78.7115738,Principal--Tres Lagunas,2025-10-11 06:50,58,9
L6122728,EC,EC-L,,-4.0361789,-80.4477167,Progreso,2026-01-19 06:25,72,6
L10094039,EC,EC-H,,-1.5332949,-78.8383779,Proyecto Casa Cóndor,2026-04-25 17:30,27,8
L10353623,EC,EC-I,,0.4461644,-78.2680625,Proyecto Geotérmico Chachimbiro,2019-12-20 07:00,31,1
L62801176,EC,EC-N,,-0.8261347,-77.8066134,Proyecto Turístico Sacha Waysa,2026-08-30 14:14,103,24
L2209119,EC,EC-Z,,-4.9463196,-79.1169777,Pucabamba y alrededores,2025-08-25 13:41,138,40
L17050501,EC,EC-A,,-3.2998942,-79.6414925,Pucará--Cascada La Chonta,2025-08-07 10:05,59,8
L46025913,EC,EC-A,,-3.1435755,-79.5404474,Pucará--Laguna De Ñariguiña,2025-05-27 09:00,25,5
L10059882,EC,EC-I,,0.2237789,-78.9022628,Pueblo Cielo Verde (Represa Manduriaco),2026-07-30 11:50,117,21
L34218201,EC,EC-Y,,-1.7331575,-77.4876308,Pueblo Sarayaku,2024-07-23 08:43,103,11
L3225575,EC,EC-R,,-1.5741894,-79.5374107,Puebloviejo,2026-07-23 15:23,93,24
L7802441,EC,EC-H,,-1.50388,-78.46912,Puela--Chorrera El Batan,2018-08-06 12:00,41,3
L2747892,EC,EC-P,,-0.165593,-78.3613278,Puembo Birding Garden,2026-09-21 16:00,149,1847
L26477745,EC,EC-X,,-0.9392186,-79.1884693,Puembo Lodge,2023-04-09 06:00,8,1
L10576682,EC,EC-P,,-0.1767036,-78.353398,Puembo--El Molino,2026-07-22 16:21,61,54
L27740957,EC,EC-P,,-0.1803802,-78.3562871,Puembo-Jardin de los Vesinos,2026-03-12 10:54,41,47
L3870548,EC,EC-T,,-1.3984089,-78.3797164,Puente Agoyán,2025-05-18 11:43,22,4
L1900319,EC,EC-L,,-4.3926154,-79.9633131,"Puente Internacional (Macara, Ecuador)",2026-07-17 16:46,127,142
L9209442,EC,EC-G,,-2.2178688,-79.8825788,Puente Isla Santay,2025-09-07 12:09,70,11
L30588619,EC,EC-H,,-2.3252232,-79.0083848,Puente Panamá,2015-03-08 08:00,3,1
L58006796,EC,EC-S,,-2.2230585,-78.2944062,Puente Rio Cugusha,2025-09-24 08:25,30,2
L28582767,EC,EC-S,,-2.2502755,-78.2020519,Puente Río Abanico,2025-12-29 07:45,92,9
L11562080,EC,EC-G,,-2.5420587,-79.5479147,Puente Río Cañar (Puerto Inca),2025-12-30 15:47,84,14
L10346374,EC,EC-S,,-2.74471,-78.303083,Puente Río Namangoza,2026-05-01 10:34,11,1
L5211543,EC,EC-P,,0.005556,-78.912222,Puente del Río Blanco,2026-09-24 10:40,185,139
L28914661,EC,EC-N,,-0.296053,-77.758179,Puente sobre el río Quijos (Vía a El Bombón),2026-07-10 09:34,65,16
L31277585,EC,EC-P,,0.036362,-78.677733,Puerta del Sol (restaurante y glamping),2026-09-19 14:11,122,237
L22793763,EC,EC-W,,-0.7428022,-90.3102823,Puerto Ayora--Jardín de Cerámica,2026-07-26 15:37,34,25
L14459191,EC,EC-W,,-0.4638236,-90.8288161,"Puerto Ayora<->Punta Albemarle pelagic crossing (for ""historical"" checklists only; do not use hotspots for checklists with eBird pelagic protocol)",2023-05-03 08:50,13,1
L7947459,EC,EC-G,,-2.8929748,-79.8338471,Puerto Balao,2024-01-27 10:30,90,13
L3247636,EC,EC-O,,-3.2618033,-80.0022481,Puerto Bolívar (Malecón),2025-10-30 08:00,76,22
L2762506,EC,EC-U,,0.0,-76.26,"Puerto Cuyabeno, parroquía de Palma Roja",2026-07-31 10:00,173,32
L2763216,EC,EC-U,,0.0905,-75.8688333,"Puerto El Carmen (Putumayo), Sucumbios",2025-04-14 17:03,283,33
L12143235,EC,EC-G,,-2.6117564,-80.3033573,Puerto El Morro y alrededores,2025-05-10 09:10,66,12
L2950311,EC,EC-G,,-2.5587061,-80.5027485,Puerto Engabao y alrededores,2026-07-08 09:41,176,95
L7400948,EC,EC-O,,-3.4505219,-80.2270391,Puerto Hualtaco,2025-12-29 14:30,49,6
L2856072,EC,EC-O,,-3.4158716,-79.9944633,Puerto Jelí,2026-06-21 13:34,185,217
L38898081,EC,EC-M,,-1.5437617,-80.811166,"Puerto Lopez, Zona de Manzanillos y Estadio",2026-07-02 08:44,59,20
L7589803,EC,EC-M,,-1.5354731,-80.8115047,Puerto López--Estuario Río Buenavista,2026-09-26 07:00,136,53
L21277206,EC,EC-M,,-1.5557517,-80.81176,Puerto López--Hostería Itapoa,2026-09-06 15:30,124,86
L9155763,EC,EC-M,,-1.549613,-80.8105124,Puerto López--Hostería Mandala,2026-02-19 07:29,131,97
L9449905,EC,EC-M,,-1.5477156,-80.8100218,Puerto López--Hostería Oceanic,2026-06-25 08:00,80,31
L11427060,EC,EC-M,,-1.5529912,-80.8112454,Puerto López--Hotel Victor Hugo,2026-06-27 07:12,88,43
L16864940,EC,EC-M,,-1.5545984,-80.811544,Puerto López--Manglar Yubarta y estuario del río Pital,2026-09-05 06:33,122,214
L9419533,EC,EC-M,,-1.5560693,-80.8108592,Puerto López--Nautilus Lodge,2026-08-14 08:53,57,15
L8157607,EC,EC-M,,-1.5615297,-80.8159729,"Puerto López--Playa, muelle y malecón (Waterfront)",2026-09-27 13:31,168,325
L9840819,EC,EC-M,,-1.5830349,-80.7709085,Puerto López--Vía hacia la comunidad El Pital,2026-05-05 10:36,163,46
L600355,EC,EC-M,,-1.5603282,-80.8045627,Puerto López--Zona interior,2026-09-13 07:45,248,309
L2209102,EC,EC-Z,,-4.0431717,-78.5940928,Puerto Minero/La Herradura--Vicinity,2024-05-11 09:00,264,45
L1040013,EC,EC-N,,-1.0343753,-77.6663017,Puerto Misahuallí y alrededores inmediatos,2026-09-16 12:21,419,470
L3640473,EC,EC-S,,-2.9215256,-77.7141094,Puerto Morona-San Jose de Morona road,2026-05-04 06:00,422,116
L655738,EC,EC-N,,-1.044454,-77.795915,Puerto Napo Bridge,2026-07-22 16:50,187,29
L2820912,EC,EC-O,,-3.4254859,-80.0778651,Puerto Pitahaya--town and shrimp ponds nearby,2024-06-03 16:36,98,12
L21767456,EC,EC-P,,0.1112088,-79.2283536,Puerto Quito River House,2026-08-03 13:58,151,63
L18231518,EC,EC-P,,0.101174,-79.241735,Puerto Quito--El Ceibo,2023-10-07 06:14,93,7
L16236366,EC,EC-P,,0.164904,-79.2848057,Puerto Quito--La Cabaña Redonda,2021-08-28 17:27,69,5
L18231499,EC,EC-P,,0.14673,-79.322881,Puerto Quito--La mina,2024-11-09 06:51,116,9
L9636244,EC,EC-P,,0.102935,-79.2552183,Puerto Quito--Macallares,2024-01-26 17:41,140,23
L3176061,EC,EC-P,,0.1216893,-79.2535637,Puerto Quito--pueblo y alrededores inmediatos,2026-07-03 16:40,234,100
L16694765,EC,EC-M,,-1.6389133,-80.8298707,Puerto Rico--Hostal Tranquilidad,2023-11-29 12:58,59,2
L6370363,EC,EC-M,,-1.6270057,-80.8188934,Puerto Rico--Sendero San Jacinto,2026-01-18 07:48,96,10
L7973552,EC,EC-D,,-1.0111,-76.9423,Puesto de control Shiripuno,2026-05-16 09:52,69,5
L3897322,EC,EC-X,,-0.9592512,-78.695004,Pujilí y alrededores,2026-08-03 19:00,17,2
L1330967,EC,EC-P,,0.0338137,-78.4859323,Pululahua Hostal,2026-07-22 04:23,130,88
L1666312,EC,EC-P,,0.02555,-78.48345,Pululahua--Mirador Ventanillas,2026-08-19 09:00,140,287
L26474769,EC,EC-N,,-1.0574039,-77.5640449,Punta Ahuano y alrededores inmediatos,2026-09-09 17:00,226,56
L7384620,EC,EC-N,,-1.0971249,-77.5898133,"Punta Arajuno (embarcadero, puente y alrededores)",2026-09-26 11:59,269,116
L30984129,EC,EC-G,,-3.0321231,-80.2325849,Punta Arena (Isla Puná),2023-08-26 10:10,19,0
L1889515,EC,EC-SE,,-2.1609405,-80.8028941,Punta Blanca--vicinity,2025-12-31 08:51,105,37
L8077897,EC,EC-SE,,-2.2032986,-80.9960387,Punta Brava y alrededores,2026-08-15 11:32,97,47
L2763042,EC,EC-SE,,-2.28,-80.91,Punta Carnero (parroquia: Salinas),2025-03-26 12:10,136,77
L13104374,EC,EC-M,,-0.7343044,-80.5042291,Punta de San Clemente,2026-07-07 15:39,61,8
L10544988,EC,EC-P,,-0.0524962,-78.7822938,Punto Ornitológico Mindo,2026-09-19 10:00,402,2211
L12873929,EC,EC-X,,-0.4372057,-78.9614986,Punto Verde Ecotropical,2026-07-05 08:17,127,73
L10527866,EC,EC-L,,-4.0494763,-79.2289907,Punzara Alto,2024-11-10 07:10,44,1
L20403894,EC,EC-A,,-2.573955,-79.3705808,Putucay--La Gruta,2025-04-12 10:03,147,21
L8911804,EC,EC-A,,-2.860932,-79.053918,Putushi--Granja Integral Learnaya,2026-04-30 07:43,23,6
L2763248,EC,EC-A,,-2.84636,-79.08159,Putushi--Valle del Río Culebrillas,2026-04-29 10:46,74,16
L6780665,EC,EC-O,,-3.8810164,-80.091651,Puyango - Petrigied Forest,2025-11-29 10:28,64,9
L2243478,EC,EC-O,,-3.8790709,-80.0920572,Puyango Petrified Forest,2025-01-10 10:02,144,20
L4928564,EC,EC-Y,,-1.4943333,-77.9862778,Puyo--Aves exóticas (*Favor de no reportar aves en cautiverio),2025-12-11 21:59,86,10
L6730623,EC,EC-Y,,-1.460798,-77.9875928,Puyo--Bioparque Yanacocha,2026-09-13 07:00,210,86
L3887876,EC,EC-Y,,-1.5122391,-77.9823246,Puyo--Bosque Protector Hola Vida,2022-12-03 13:20,113,10
L9784884,EC,EC-Y,,-1.470624,-78.004743,Puyo--Dique Pambay,2021-06-29 12:28,29,3
L9676549,EC,EC-Y,,-1.4669083,-78.0030992,Puyo--Finca Saquifrancia,2023-11-12 08:27,45,2
L3990933,EC,EC-Y,,-1.466086,-77.9936639,Puyo--Las Américas,2025-04-11 07:23,123,68
L3246153,EC,EC-Y,,-1.4794708,-77.997234,Puyo--Malecon,2026-06-08 17:18,175,111
L6150070,EC,EC-Y,,-1.4318779,-77.997914,Puyo--Parroquia Fátima,2026-05-19 06:14,133,28
L10530748,EC,EC-Y,,-1.472863,-77.959723,Puyo--Relleno Sanitario,2022-01-30 08:00,93,12
L10015418,EC,EC-Y,,-1.475873,-77.987621,Puyo--Ruta del Mirlo,2020-01-23 21:00,168,43
L6713337,EC,EC-Y,,-1.4660943,-78.0084604,Puyo--Tanques de agua,2025-06-21 16:29,63,7
L3628226,EC,EC-Y,,-1.489,-78.04044,Puyo--communication towers,2025-06-21 11:33,199,20
L570981,EC,EC-Y,,-1.4922081,-78.002811,Puyo--general area,2026-05-31 08:26,265,133
L10791134,EC,EC-H,,-2.04502,-78.87245,Páramo de Jalubi,2020-02-13 10:32,19,3
L17782274,EC,EC-H,,-1.6513254,-78.487165,Páramo de Tuilcha (sendero a la Laguna Amarilla),2023-12-16 12:06,39,5
L8612148,EC,EC-P,,-0.372673,-78.3738867,Píntag y alrededores,2026-08-23 06:39,45,75
L15926596,EC,EC-L,,-4.0727296,-80.4706992,Quebrada Cazaderos,2026-01-18 11:56,60,5
L8507408,EC,EC-F,,-2.2957507,-79.1628768,Quebrada del señor Vallejo,2019-01-27 08:29,23,1
L9825375,EC,EC-Z,,-4.7778138,-79.1143494,Quebradas South of Bellavista,2025-08-24 15:36,76,9
L7285724,EC,EC-R,,-1.022485,-79.4607472,Quevedo,2026-06-29 10:03,18,3
L8295601,EC,EC-R,,-1.0180107,-79.4713026,Quevedo--Terminal terrestre
L4012376,EC,EC-P,,0.0296469,-78.6944026,Quinde Luna Cloudforest Reserve,2026-09-23 15:16,246,211
L64337199,EC,EC-N,,-0.377057,-78.184451,Quinde Ñan Lodge,2026-09-25 08:36,34,11
L77762881,EC,EC-S,,-3.3989327,-78.5704467,Quinta Bellavista--Gualaquiza,2026-09-27 15:36,72,8
L29434354,EC,EC-I,,0.34974,-78.13774,Quinta Los Sauces,2024-02-21 10:00,2,1
L11389578,EC,EC-I,,0.3193276,-77.9133625,Quinta Yuquín,2020-05-09 07:00,1,0
L8164332,EC,EC-P,,0.1170954,-79.1175121,Quinta de Goulaine,2025-09-29 15:17,106,11
L15343067,EC,EC-P,,0.1088902,-79.0907073,Quintas vacacionales Oasis,2026-09-13 06:27,161,77
L9457956,EC,EC-P,,-0.154892,-78.3499324,Quito Airport Suites Hotel,2026-08-30 12:05,84,190
L3396542,EC,EC-P,,-0.186145,-78.3474393,Quito Airport Suites Hotel (old location),2026-07-29 07:46,65,96
L2785359,EC,EC-P,,-0.1659514,-78.4928486,Quito Tenis,2025-10-11 07:42,49,27
L48220838,EC,EC-P,,0.0964481,-78.8856399,"Quito, Pichincha, EC (0,096, -78,886) San Francisco De Pachijal",2026-05-13 06:55,162,7
L4151194,EC,EC-P,,-0.1968236,-78.5174691,Quito--Barrio Armero,2026-04-11 10:03,42,28
L2763235,EC,EC-P,,-0.204516,-78.4807,Quito--Barrio Floresta,2026-09-23 08:57,42,49
L9808667,EC,EC-P,,-0.1975389,-78.4801912,Quito--Barrio Gonzáles Suárez,2026-08-22 16:21,39,57
L2761961,EC,EC-P,,-0.2005,-78.4751667,Quito--Barrio Guápulo,2026-08-28 08:35,70,74
L1899814,EC,EC-P,,-0.2229661,-78.4769983,Quito--Bosque Auqui de Monjas,2025-12-02 00:00,52,9
L16794968,EC,EC-P,,-0.1544634,-78.5099841,Quito--Bosque de eucaliptos del Pichincha,2009-08-21 00:00,49,4
L8600682,EC,EC-P,,-0.2050306,-78.4905196,Quito--Centro Cultural Carlos Fuentes,2026-08-19 13:09,26,39
L2763210,EC,EC-P,,-0.1968333,-78.4356667,Quito--Cumbaya USFQ,2026-09-07 15:17,63,93
L2303231,EC,EC-P,,-0.2025117,-78.4801966,Quito--Hotel Quito y alrededores,2026-03-24 07:46,79,239
L2102843,EC,EC-P,,-0.1790425,-78.5013485,Quito--Parque Arqueológico y Ecológico Rumipamba,2026-09-27 06:49,102,455
L16793838,EC,EC-P,,-0.1393156,-78.4884724,Quito--Parque Bicentenario,2026-08-09 15:49,57,112
L6822543,EC,EC-P,,-0.2312185,-78.5066651,Quito--Parque El Sena,2026-07-17 10:36,12,4
L892584,EC,EC-P,,-0.2252621,-78.4991169,Quito--Parque Itchimbia,2026-08-22 19:24,89,275
L859474,EC,EC-P,,-0.2142973,-78.5023785,Quito--Parque La Alameda,2026-09-23 09:37,57,66
L10984123,EC,EC-P,,-0.1928039,-78.5023124,Quito--Parque La Isla,2026-09-26 06:15,29,198
L471629,EC,EC-P,,-0.2315277,-78.5202527,Quito--Parque La Panecillo,2026-09-03 08:58,59,168
L615104,EC,EC-P,,-0.1826045,-78.4671021,Quito--Parque Metropolitano Guangüiltagua,2026-09-07 13:39,130,465
L2761969,EC,EC-P,,-0.193,-78.4268333,Quito--Reservorio de Cumbayá,2026-09-27 12:30,124,738
L4123404,EC,EC-P,,-0.2061649,-78.5298228,Quito--Sendero La Chorrera,2026-07-04 07:57,55,15
L3974104,EC,EC-P,,-0.2005273,-78.4110761,Quito--Urbanización La Viña,2026-09-19 14:24,59,36
L1122778,EC,EC-P,,-0.2238,-78.5133,Quito--general area (*For historical checklists only. Please use a more precise hotspot or personal location whenever possible.),2026-09-23 13:10,120,386
L5140560,EC,EC-P,,-9.66E-5,-78.1749827,Quitsato Sundial,2026-03-18 12:31,32,14
L54730392,EC,EC-S,,-2.3038023,-78.137456,Quílamo Glambird - Macas,2026-09-22 15:07,68,12
L5226359,EC,EC-N,,-0.9331958,-77.956109,R. B. Colonso-Chalupas Campamento 2,2016-12-21 06:00,5,1
L2762940,EC,EC-X,,-0.86,-78.91,RE Ilinizas--Laguna de Quilotoa y alrededores,2026-09-12 20:49,108,253
L22145502,EC,EC-G,,-2.4432441,-79.6182311,RE Manglares Churute--Vía al norte de Cerro El Mate,2026-04-24 10:35,132,34
L5838027,EC,EC-G,,-2.4956747,-79.5477082,RE Manglares-Churute--La Lagartera (desde la entrada de la Panamericana hasta el humedal),2026-09-19 13:00,279,711
L2761759,EC,EC-E,,1.35458,-78.88243,REMACAM-Bambudal,2025-09-13 09:42,20,3
L2761762,EC,EC-E,,1.24983,-78.88307,REMACAM-Cuervo,2006-02-19 00:00,1,1
L2761765,EC,EC-E,,1.40661,-78.83081,REMACAM-La Pajarera,2009-10-21 07:00,11,2
L2761773,EC,EC-E,,1.38971,-78.89629,REMACAM-Malvinas,2025-09-13 10:17,30,8
L2761776,EC,EC-E,,1.29425,-78.83724,REMACAM-Muelle de San Lorenzo,2025-10-27 15:23,79,16
L2761779,EC,EC-E,,1.36662,-78.83525,REMACAM-Pampanal de Bolívar,2007-02-17 00:00,16,3
L31630130,EC,EC-Z,,-4.0137616,-78.6370325,ROAD TO CONGUIME,2024-05-11 12:30,27,2
L8022173,EC,EC-B,,-1.4979654,-78.8745533,RPF Chimborazo--Entrada y alrededores,2026-09-09 08:00,43,60
L8022181,EC,EC-H,,-1.4751166,-78.8459206,RPF Chimborazo--Primer Refugio (Hnos. Carrel),2026-09-21 11:09,21,60
L64322450,EC,EC-H,,-1.5143671,-78.8258795,RPF Chimborazo--Sendero Templo Machay,2026-04-25 09:45,13,1
L5624794,EC,EC-H,,-1.4740449,-78.841725,RPF Chimborazo--Sendero entre los refugios,2025-11-12 13:00,49,67
L5841432,EC,EC-U,,-9.356E-4,-76.1815424,RPF Cuyabeno--Sendero Saladero,2026-08-14 19:26,110,12
L5840731,EC,EC-U,,-0.006345,-76.172594,RPF Cuyabeno--Sendero U. Católica,2026-09-17 06:45,122,33
L19810235,EC,EC-G,,-2.6242497,-80.2467319,RVS Manglares El Morro,2024-11-03 09:07,64,48
L44653148,EC,EC-E,,0.977607,-79.6459329,RVS Manglares Estuario Río Esmeraldas,2026-01-17 14:53,33,5
L16974083,EC,EC-M,,-1.058571,-80.9090656,RVS Pacoche--Sendero al faro y alrededores,2026-03-01 10:40,53,16
L15411570,EC,EC-P,,-0.0365023,-78.7655418,Rancho - El Dorado,2026-08-13 20:11,113,23
L6340830,EC,EC-G,,-2.329603,-79.2097106,Rancho Alemán,2026-09-26 10:02,330,1735
L14303728,EC,EC-Z,,-3.9198666,-78.6845805,Rancho Draucin,2026-02-08 11:22,85,25
L21063803,EC,EC-N,,-1.1262185,-77.8244025,Rancho El Paraíso,2025-10-08 11:33,32,3
L13246346,EC,EC-N,,-0.4535162,-77.8016803,Rancho La Julita,2026-08-25 14:54,170,66
L4909959,EC,EC-S,,-3.06,-78.37,Rancho Quemado,2025-08-13 15:18,62,3
L40139132,EC,EC-N,,-0.4340416,-77.8320837,Rancho San Filipe,2026-09-26 15:46,78,6
L2023420,EC,EC-P,,0.10746,-79.1665363,Rancho Suamox,2025-12-29 15:35,282,432
L21493928,EC,EC-P,,-0.0083526,-78.9875012,Rancho Tangare,2026-08-06 06:00,278,109
L13246192,EC,EC-N,,-0.9691927,-77.7651324,Rayo Rumi - Vía Ongota San Pablo,2026-02-12 18:38,242,130
L1741237,EC,EC-P,,-0.05492,-78.86113,Recinto 23 de Junio--Blanca Nieves,2026-02-09 11:15,317,295
L22124899,EC,EC-P,,-0.066605,-78.878986,Recinto 23 de Junio--Finca Reserva Umbrellabird (2015-present),2026-09-24 06:01,322,648
L1741231,EC,EC-P,,-0.03193,-78.87659,Recinto 23 de Junio--pueblo y cabañas,2026-09-24 09:27,340,438
L7243907,EC,EC-U,,0.0074654,-77.3868777,Recinto Amazonas y alrededores,2026-05-02 15:44,76,3
L6517378,EC,EC-H,,-2.1974461,-79.1853489,Recinto Buenos Aires,2026-05-09 15:08,183,58
L6707914,EC,EC-H,,-2.1854916,-79.0814781,Recinto Cascajal,2024-05-05 13:30,115,6
L6728540,EC,EC-H,,-2.2476045,-79.0568218,Recinto Chilicay,2026-05-09 06:09,224,90
L34564089,EC,EC-G,,-2.3446194,-79.3050318,Recinto El Piedrero,2026-03-15 07:22,29,3
L5744772,EC,EC-R,,-1.4954013,-79.7154808,Recinto El Recuerdo,2018-01-20 06:30,47,3
L9881737,EC,EC-X,,-0.8711201,-79.1575305,Recinto Guayacán,2024-03-12 12:00,9,1
L6772341,EC,EC-H,,-2.2079973,-79.0469265,Recinto Guayllanag,2025-12-20 07:02,103,8
L8053931,EC,EC-H,,-2.2351659,-79.0900178,Recinto La Argentina-Vía Kelly,2019-03-13 09:08,47,4
L10196771,EC,EC-SD,,-0.25003,-79.06258,Recinto La Ecuador,2024-06-26 08:18,156,14
L19118715,EC,EC-G,,-1.5927023,-80.0605553,Recinto Las Colembas,2025-07-07 00:00,98,8
L6742735,EC,EC-H,,-2.1606273,-79.0377569,Recinto Sacramento,2017-10-05 06:15,99,4
L22484059,EC,EC-B,,-1.4039691,-79.2118281,Recinto San José de Camarón,2026-01-28 08:58,137,1
L11723076,EC,EC-A,,-2.6167703,-79.4630331,Recinto Tamarindo,2025-08-29 14:15,71,14
L40994373,EC,EC-N,,-0.9833568,-77.8125358,Redondel Jumandy,2026-01-11 06:32,58,13
L16594704,EC,EC-P,,-0.1785275,-78.5967922,Refuge du Guagua Pichincha,2026-06-14 11:27,52,25
L13032901,EC,EC-N,,-0.5689654,-77.5942829,"Refugio 2, Laguna Wawa Sumaco, EC (-0.57, -77.594)",2025-12-14 06:00,282,46
L11687957,EC,EC-P,,0.0056853,-78.7300652,Refugio Nasua,2026-09-01 06:14,172,22
L674753,EC,EC-P,,0.0196552,-78.7069345,Refugio Paz de las Aves (Ángel Paz),2026-09-27 06:05,472,9511
L61334391,EC,EC-N,,-0.0968076,-77.6317007,Refugio Volcan Reventador,2026-06-25 06:22,17,2
L7079742,EC,EC-P,,0.0084517,-78.0096811,Refugio Volcán Cayambe y alrededores,2026-05-31 18:01,72,33
L23379803,EC,EC-Z,,-3.8462573,-78.5422016,Refugio de Vida Silvestre El Zarza,2026-09-12 09:34,272,89
L4787635,EC,EC-O,,-3.1721209,-80.4358542,Refugio de Vida Silvestre Isla Santa Clara,2016-07-07 17:00,11,1
L16900237,EC,EC-SD,,-0.118697,-79.259652,Refugio de Vida Silvestre Isla de los Monos-Zoo Isla del Tapir,2024-06-16 14:07,92,2
L2763346,EC,EC-P,,-0.4221375,-78.5191811,Refugio de Vida Silvestre Pasochoa,2026-06-06 08:17,176,200
L36575532,EC,EC-P,,-0.38286,-78.8079407,Refugio de las Aves,2026-09-19 15:41,92,7
L38617591,EC,EC-C,,0.8047221,-77.9424191,Refugio volcán Chiles y alrededores,2025-12-28 08:33,27,6
L19257227,EC,EC-Z,,-3.9118572,-78.6632969,Relleno Sanitario-Paquisha,2022-05-23 08:30,64,2
L74819613,EC,EC-I,,0.305909,-78.245284,Relleno sanitario de Cotacachi,2026-07-29 08:32,23,3
L1797829,EC,EC-P,,0.2670667,-79.2045861,Remnant forest patch between PVM and Las Golondrinas (La Celica),2026-09-27 09:57,192,4
L19673318,EC,EC-A,,-2.7308355,-79.0125481,Represa Chanlud Road,2024-08-30 10:48,43,3
L2761781,EC,EC-SE,,-2.23293,-80.56096,Represa El Azúcar,2024-06-23 11:13,59,8
L19672942,EC,EC-A,,-2.7340625,-79.0411297,Represa El Labrado Road,2018-05-23 07:58,23,2
L5517094,EC,EC-I,,0.2157436,-78.9020448,Represa Hidroeléctrica Manduriacu,2026-08-01 12:44,269,124
L20098284,EC,EC-M,,-0.8887906,-80.0723802,Represa La Esperanza y alrededores,2026-08-24 11:15,118,71
L6077555,EC,EC-SE,,-1.9989344,-80.52598,Represa San VIcente,2025-08-09 18:11,141,54
L8011074,EC,EC-O,,-3.6386232,-80.0033901,Represa Tahuín y alrededores,2022-11-09 07:04,141,15
L2761784,EC,EC-SE,,-2.26742,-80.88762,Represa Velasco Ibarra,2025-01-29 07:59,110,15
L39089670,EC,EC-S,,-3.0030383,-78.5055933,Reserva  Agua Rica - Morona-Santiago,2026-05-12 11:57,30,10
L12528279,EC,EC-P,,-0.0713615,-78.7970627,Reserva  San Luis,2026-07-13 11:01,230,65
L4414823,EC,EC-Z,,-3.8385306,-78.5923934,"Reserva ""Zarza""",2026-05-15 17:23,309,91
L18219638,EC,EC-N,,-0.1864397,-77.645587,Reserva Alto Coca,2026-07-18 17:11,150,33
L28612290,EC,EC-N,,-1.2446617,-77.8858995,Reserva Ambi Yaku,2026-03-26 14:26,11,2
L62206997,EC,EC-P,,-0.049594,-78.7921697,Reserva Anolis,2026-08-26 11:45,133,27
L5047964,EC,EC-P,,-0.4771434,-78.3072917,"Reserva Antisana--provincia de Pichincha (flujo de lava, mirador del cóndor, y alrededores; favor de ubicar observaciones de Laguna La Mica y alrededores en la provincia Napo)",2026-09-14 11:11,169,1240
L2761703,EC,EC-N,,-0.46306,-78.18381,Reserva Antisanilla--Laguna de Santa Lucía,2025-12-06 12:07,87,59
L1824147,EC,EC-P,,-0.0165439,-78.6879122,Reserva Bellavista--general area,2026-09-25 11:26,414,1041
L2763260,EC,EC-D,,-0.5369657,-77.4245873,Reserva Biologica del Rio Bigal,2026-09-08 06:17,604,1547
L16919729,EC,EC-S,,-3.4292925,-78.4343606,"Reserva Biológica ""El Quimi"""
L10871576,EC,EC-N,,-0.9420421,-77.8957883,Reserva Biológica - Colonso Chalupas,2026-08-13 11:03,213,26
L5565794,EC,EC-M,,-0.6080776,-80.4343052,Reserva Biológica Cerro Seco,2022-12-26 08:09,133,37
L5601550,EC,EC-N,,-0.9299432,-77.9108514,Reserva Biológica Colonso Chalupas,2023-06-02 12:38,20,1
L16620810,EC,EC-S,,-3.526304,-78.4458877,Reserva Biológica El Quimi - Zona de Amortiguamiento,2026-05-09 10:10,125,12
L32753647,EC,EC-C,,0.6339298,-77.6879713,Reserva Biológica Guandera,2017-11-02 06:00,24,1
L1396083,EC,EC-U,,-0.3967063,-76.6124296,Reserva Biológica Limoncocha,2026-09-08 06:57,585,1193
L10959307,EC,EC-N,,-1.0930733,-77.6242876,Reserva Biológica Mariana Miller,2025-06-23 17:17,121,16
L2763207,EC,EC-Z,,-3.58,-79.04,Reserva Biológica San Francisco,2023-08-26 00:45,17,4
L1402288,EC,EC-M,,-0.151748,-80.199599,Reserva Biológica Tito Santos,2002-12-23 07:00,173,4
L30109292,EC,EC-O,,-3.6516813,-79.7813967,Reserva Buenaventura--Carretera de acceso,2026-09-18 10:45,201,96
L11629631,EC,EC-O,,-3.6463341,-79.7491903,Reserva Buenaventura--Estacion científica,2026-08-02 11:33,108,6
L8043367,EC,EC-O,,-3.6534594,-79.7377527,Reserva Buenaventura--Jardín de colibríes,2026-09-04 06:44,259,322
L35034104,EC,EC-O,,-3.6431491,-79.7478251,Reserva Buenaventura--Parte Alta,2026-07-16 06:58,141,26
L30127944,EC,EC-O,,-3.6555144,-79.7652501,Reserva Buenaventura--Sendero Umbrellabird,2026-09-17 15:07,162,82
L2254852,EC,EC-O,,-3.653953,-79.768028,Reserva Buenaventura--Umbrellabird lodge y alrededores,2026-09-18 08:08,354,3022
L485587,EC,EC-O,,-3.6492591,-79.7615323,Reserva Buenaventura--general area (*Please use a more precise hotspot or personal location whenever possible.),2026-05-08 09:22,373,1126
L2254854,EC,EC-O,,-3.648546,-79.751694,Reserva Buenaventura--old road between lodge and shrine,2026-09-18 15:46,319,375
L12995229,EC,EC-L,,-4.0870681,-80.4262132,Reserva Cazaderos--Parte Alta,2025-01-28 21:03,99,9
L10434470,EC,EC-L,,-4.0160097,-80.4158042,Reserva Cazaderos--Parte Baja,2026-01-18 21:09,76,4
L20670885,EC,EC-T,,-1.4210926,-78.3128089,Reserva Cerro Candelaria (Fundación EcoMinga),2024-02-11 15:00,192,35
L17656532,EC,EC-P,,-0.4448989,-78.3124673,Reserva Chakana--Hacienda Antisanilla y alrededores,2026-09-24 11:42,103,672
L4558019,EC,EC-P,,-0.45809,-78.31925,Reserva Chakana--Mirador del Isco y alrededores,2026-09-23 07:54,131,1275
L32045424,EC,EC-P,,-0.454837,-78.29802,Reserva Chakana--Portón de ingreso a la reserva,2026-09-17 07:35,51,55
L38341976,EC,EC-M,,-0.9096896,-80.0645675,Reserva Cocoi - Represa La Esperanza,2025-06-12 06:44,74,14
L38342060,EC,EC-M,,-0.9095754,-80.0643662,Reserva Cocoi - Sendero,2025-06-12 08:24,117,10
L16970787,EC,EC-T,,-1.2429757,-78.8592267,Reserva Comunitaria de Páramo Llangahua,2021-07-25 09:40,11,1
L16455252,EC,EC-I,,0.30293,-78.07307,Reserva Cucho Motilón,2026-06-20 11:00,53,3
L39470524,EC,EC-C,,0.830325,-78.230461,Reserva Drácula (Fundación EcoMinga)--Zona Alta,2026-04-24 07:47,190,42
L39469086,EC,EC-C,,1.001098,-78.225281,Reserva Drácula (Fundación EcoMinga)--Zona Baja,2026-02-10 14:00,135,33
L39469210,EC,EC-C,,0.881001,-78.201823,Reserva Drácula (Fundación EcoMinga)--Zona Media,2026-04-24 12:37,118,32
L2763425,EC,EC-O,,-3.53735,-80.1269,Reserva Ecológica Arenillas IBA,2025-12-11 13:48,196,118
L2763222,EC,EC-P,,-0.0745962,-78.9691297,Reserva Ecológica Ashiringa,2022-04-24 07:56,127,14
L44226107,EC,EC-P,,-0.214189,-78.452179,Reserva Ecológica Bosque de Cumbayá,2025-08-26 08:30,12,11
L25872318,EC,EC-N,,-0.3171013,-78.1428384,Reserva Ecológica Cayambe-Coca--Punto de control a Laguna Loreto,2026-08-29 08:59,108,110
L621682,EC,EC-N,,-0.3250069,-78.1478817,Reserva Ecológica Cayambe-Coca--general area (*please consider using a more precise location when possible),2026-09-19 07:00,206,953
L2763463,EC,EC-SE,,-1.86231,-80.6274,Reserva Ecológica Comunal Loma Alta IBA,2026-01-04 06:35,266,63
L2763477,EC,EC-E,,0.600825,-78.7066,Reserva Ecológica Cotacachi-Cayapas IBA,2025-08-09 00:00,86,3
L1402899,EC,EC-C,,0.7319414,-77.8978379,Reserva Ecológica El Angel--Lagunas del Voladero,2026-07-27 11:15,62,14
L2763488,EC,EC-X,,-0.64002,-78.7454,Reserva Ecológica Los Illinizas y alrededores IBA,2025-11-05 10:00,49,9
L1485651,EC,EC-G,,-2.4867725,-79.6116328,Reserva Ecológica Manglares Churute--general (*Please use a more precise location when possible.),2026-09-15 15:07,327,283
L5760031,EC,EC-Y,,-1.3150095,-77.969563,Reserva Ecológica Tamandua,2026-02-11 06:10,407,260
L26259158,EC,EC-S,,-2.9300708,-77.7167424,Reserva Ecológica “Selva Eterna” & Santuario Morona - Amaru,2024-09-07 06:30,145,8
L820840,EC,EC-N,,-0.951847,-77.731337,Reserva El Para,2024-08-17 15:39,307,22
L9726728,EC,EC-E,,0.37299,-79.6652,Reserva FCAT,2026-07-26 16:50,356,739
L19874376,EC,EC-P,,-0.0725698,-78.6092377,Reserva Flor del Arrayan,2026-07-21 13:01,116,68
L2204299,EC,EC-P,,0.0773815,-78.5181348,Reserva Geobotánica Pululahua (Lower part below 2000m),2026-03-06 10:15,222,88
L1968176,EC,EC-P,,0.022492,-78.50228,"Reserva Geobotánica Pululahua (Upper part, >2000m)",2026-08-02 07:21,183,226
L999719,EC,EC-P,,0.0403737,-78.5029281,Reserva Geobotánica Pululahua--general area,2026-08-08 13:00,217,369
L738176,EC,EC-C,,0.6050736,-77.7010317,Reserva Guandera,2025-03-07 12:15,165,38
L28937111,EC,EC-Y,,-1.6286754,-77.9014778,Reserva Hola Vida,2026-08-18 09:54,113,20
L679384,EC,EC-L,,-3.6649106,-79.263063,Reserva Huashapamba and Acacana area,2026-09-09 14:58,217,232
L27563612,EC,EC-Y,,-1.5564768,-78.0259215,Reserva Hyla Experience,2026-05-18 14:44,52,2
L3514806,EC,EC-P,,0.0482014,-78.720364,Reserva Intillacta,2026-07-30 08:45,165,35
L9686525,EC,EC-X,,-0.7525605,-79.0611121,Reserva Jatun Yana Urpi,2025-05-02 08:00,124,2
L5785526,EC,EC-Y,,-1.5433924,-77.9242229,Reserva Jempe,2025-10-12 06:06,193,27
L32410277,EC,EC-L,,-4.3513197,-79.8958755,Reserva Jorupe (Parte Alta),2026-05-09 15:36,61,7
L523899,EC,EC-L,,-4.3713746,-79.9005445,Reserva Jorupe y Urraca Lodge,2026-09-06 05:55,228,2551
L23209464,EC,EC-I,,0.401217,-78.6157934,Reserva Kinti Toisán-Aves y Conservación,2026-08-22 06:43,116,40
L4305056,EC,EC-L,,-4.234682,-80.2507543,Reserva La Ceiba,2026-04-21 09:00,66,7
L19464891,EC,EC-L,,-4.3339,-79.9728554,Reserva La Tilita,2026-08-30 11:03,111,19
L19687239,EC,EC-M,,-0.303711,-80.324258,Reserva La Victoria,2026-08-30 09:54,136,56
L5554551,EC,EC-L,,-4.2103875,-79.886983,Reserva Laipuna (NCI),2026-06-27 15:53,88,24
L6658103,EC,EC-M,,-0.0771725,-80.1533478,Reserva Lalo Loor,2026-08-02 09:10,226,94
L11428344,EC,EC-SE,,-2.030133,-80.4612338,Reserva Las Balsas,2026-03-11 09:03,250,149
L600023,EC,EC-P,,-0.0125313,-78.7299478,Reserva Las Gralarias,2026-08-30 10:00,385,593
L1019522,EC,EC-P,,-0.0774193,-78.7693334,Reserva Las Tangaras,2026-09-27 06:02,425,2944
L52915005,EC,EC-M,,-1.349827,-80.273251,Reserva Loma Verde,2026-01-18 10:31,66,9
L1481360,EC,EC-I,,0.3219682,-78.7870029,Reserva Los Cedros,2026-08-29 10:44,385,374
L7365292,EC,EC-I,,0.3270801,-78.7909603,Reserva Los Cedros--Sendero del Oso,2026-05-02 00:00,33,4
L39468365,EC,EC-T,,-1.38232,-78.2903,Reserva Machay (Fundación EcoMinga),2025-01-16 06:00,2,1
L31293387,EC,EC-Z,,-4.7928084,-79.0950427,Reserva Manakin,2026-07-12 11:32,173,15
L600104,EC,EC-P,,0.122652,-78.9948535,Reserva Mangaloma,2025-08-25 07:17,369,164
L615878,EC,EC-P,,0.1208978,-78.6383691,Reserva Maquipucuna,2026-09-21 15:10,372,550
L17652804,EC,EC-P,,0.0100053,-78.5553305,Reserva Maraksacha,2026-09-25 13:59,179,1017
L3175551,EC,EC-P,,0.1598,-78.8534,Reserva Mashpi-Amagusa (Sergio y Doris),2026-09-27 16:22,476,6718
L3141792,EC,EC-Z,,-4.2550878,-78.647604,Reserva Maycu,2026-08-04 06:48,516,670
L2763237,EC,EC-A,,-2.8666667,-79.1166667,Reserva Mazan,2026-07-09 09:17,79,32
L31899205,EC,EC-N,,-0.7779744,-77.8053709,Reserva Munay Suyu,2026-06-19 16:44,289,276
L12204428,EC,EC-Y,,-1.3696203,-77.9836394,Reserva Muyu,2023-02-26 08:00,236,54
L1674931,EC,EC-S,,-2.24005,-78.04984,Reserva Nantar,2024-05-17 09:51,102,9
L40181959,EC,EC-N,,-0.6594902,-77.7892242,Reserva Narupa Alto-Refugio Cerulean (Fundación Jocotoco),2026-09-26 08:55,159,87
L1238007,EC,EC-N,,-0.6879594,-77.7362967,Reserva Narupa Bajo (Fundación Jocotoco),2026-09-04 17:19,418,520
L5557301,EC,EC-L,,-4.0434424,-80.4295637,Reserva Natural Cazaderos--general area (*Please use a more precise location when possible.),2021-11-13 17:40,58,7
L7396143,EC,EC-M,,-0.634495,-80.462294,Reserva Natural La Mesita,2018-05-10 07:00,86,4
L5819016,EC,EC-L,,-4.0910409,-79.1815138,Reserva Natural Madrigal del Podocarpus,2026-07-13 11:25,160,19
L2332990,EC,EC-M,,-0.64293,-80.46999,Reserva Natural Punta Gorda,2026-07-25 16:33,102,42
L11463811,EC,EC-T,,-1.3858588,-78.3769369,Reserva Naturetrek Vizcaya - Fundación ECOMINGA,2020-05-09 05:50,62,1
L21046412,EC,EC-P,,-0.0275014,-78.6885399,Reserva Oreothraupis (Mindo Cloudforest Foundation),2026-09-25 06:53,258,522
L484086,EC,EC-P,,0.02575,-78.6323889,Reserva Orquideológica El Pahuma,2026-08-31 09:46,250,164
L26013369,EC,EC-X,,-0.4186724,-78.9976478,Reserva Otonga,2026-02-28 07:36,68,6
L10488676,EC,EC-P,,-0.3205528,-78.9510817,Reserva Otongachi,2026-02-06 06:36,197,66
L4057456,EC,EC-P,,0.016,-78.7673056,Reserva Pachijal,2026-09-27 11:26,290,189
L13418256,EC,EC-E,,0.5703106,-79.1912516,Reserva Pambilar,2026-02-25 09:21,175,8
L12334434,EC,EC-P,,0.1818964,-78.9096665,Reserva Pambiliño,2026-06-04 10:21,155,32
L8165547,EC,EC-E,,0.648084,-79.116665,Reserva Privada Yanaurpi Jatun
L67805633,EC,EC-L,,-3.5598666,-79.3800725,Reserva Ridgely,2026-07-17 16:47,53,13
L58367111,EC,EC-Y,,-1.41173,-78.04828,Reserva Rio Anzu (Fundación EcoMinga),2026-04-11 13:26,23,3
L39890708,EC,EC-P,,-0.078347,-78.734135,Reserva Rio Bravo,2026-09-22 09:07,134,14
L605847,EC,EC-E,,0.5260472,-79.2123734,Reserva Rio Canande,2026-09-08 19:39,458,1775
L1801943,EC,EC-E,,0.57698,-79.22724,Reserva Rio Canande--Botrosa roads,2026-02-11 09:03,336,71
L9900272,EC,EC-P,,-0.2225156,-78.7680319,Reserva Río Guajalito (provincia de Pichincha),2021-08-02 10:56,102,13
L4757436,EC,EC-I,,0.31026,-78.85736,Reserva Río Manduriacu,2026-08-02 06:07,312,102
L21502353,EC,EC-T,,-1.3748595,-78.1560732,Reserva Río Zuñag (Fundación EcoMinga),2022-12-09 08:35,144,30
L13348284,EC,EC-P,,-0.019955,-78.80906,Reserva Sacha Urco,2026-09-18 06:00,288,130
L483255,EC,EC-Z,,-4.4950289,-79.1322792,Reserva Tapichalaca y Casa Simpson,2026-09-15 08:24,355,3428
L30010583,EC,EC-Z,,-4.4906489,-79.131846,Reserva Tapichalaca--Sendero Jocotoco,2026-09-25 08:33,199,260
L9726631,EC,EC-E,,0.5419933,-79.1449315,Reserva Tesoro Escondido,2026-07-18 10:46,321,93
L679198,EC,EC-L,,-4.3670843,-79.7176082,Reserva Utuana,2026-09-06 13:42,311,796
L2781512,EC,EC-P,,-0.0972905,-78.6060405,Reserva Verdecocha,2026-05-18 08:38,141,44
L1396997,EC,EC-P,,-0.1117522,-78.5846968,Reserva Yanacocha,2026-09-23 10:02,253,4718
L31244745,EC,EC-P,,-0.11166,-78.58506,Reserva Yanacocha--Centro de interpretación y comederos de la entrada,2026-09-21 08:13,101,401
L31368770,EC,EC-P,,-0.116519,-78.588331,Reserva Yanacocha--Trocha Inca (main trail),2026-09-21 08:06,123,438
L30676297,EC,EC-P,,-0.1295771,-78.5887717,Reserva Yanacocha--Trocha Inca pasando el túnel,2026-05-31 13:40,69,40
L55085457,EC,EC-P,,0.1603604,-78.8528992,Reserva Yapankam,2026-08-23 08:00,162,44
L600066,EC,EC-A,,-3.2269067,-79.2750747,Reserva Yunguilla,2026-09-14 07:19,213,617
L10223666,EC,EC-P,,-0.088671,-78.5997518,Reserva Zuro Loma,2026-09-26 08:06,221,3669
L27847407,EC,EC-B,,-1.7382053,-78.9729035,Reserva de Vida Silvestre Tatahuazo,2026-05-01 13:05,35,6
L13280034,EC,EC-I,,0.3069213,-78.7005514,Reserva de los Yaltes,2026-07-26 05:57,155,11
L5063083,EC,EC-L,,-4.0495494,-79.1637468,Reserva el Madrigal del Podocarpus,2026-06-05 17:21,60,8
L4815097,EC,EC-P,,0.1824784,-78.9123031,Reserva/Finca Mashpi-Shungo (Mashpi Chocolate Artesanal Farm),2026-09-21 16:54,346,260
L13624836,EC,EC-P,,-0.3799769,-78.4112334,Reservorio Los Chillos,2026-02-10 17:19,24,31
L5206874,EC,EC-P,,-0.2698507,-78.4528112,Reservorio de Guangopolo,2026-09-20 13:33,105,473
L9648441,EC,EC-S,,-2.9369833,-78.4085852,Rest House,2020-10-30 08:20,94,7
L36098689,EC,EC-P,,-0.453048,-78.423747,Restaurante El Cucayo,2024-08-25 12:05,13,2
L8102261,EC,EC-N,,-0.2214726,-77.7359058,Restaurante Gruta a los Tayos y alrededores,2026-05-01 14:50,135,67
L21177523,EC,EC-I,,0.231225,-78.29233,Restaurante Kawsaymi,2026-05-16 10:41,38,12
L5573088,EC,EC-P,,0.0262052,-78.6398068,Restaurante Los Armadillos,2026-09-09 07:40,139,399
L6936686,EC,EC-P,,0.0327658,-78.6809691,Restaurante Mirador Guaycapi,2026-09-23 14:22,300,2311
L27101546,EC,EC-I,,0.1722985,-78.1980094,Restaurante Miralago,2023-09-13 09:20,2,3
L8323058,EC,EC-D,,-0.466548,-77.0058769,Restaurante Ñucanchi Sacha Causay (Witoto Tour),2026-08-27 10:00,39,9
L3222265,EC,EC-N,,-0.5655292,-77.8710508,"Rio Arenillas,Isla Las Palmas",2026-08-14 15:50,203,85
L2762059,EC,EC-N,,-0.521,-77.8985,"Rio Bermejo, Napo",2026-07-29 15:43,267,656
L28884657,EC,EC-N,,-0.4501546,-77.8646084,Rio Bravo Coffee Farm,2026-08-06 14:55,81,33
L946290,EC,EC-P,,-0.2061005,-78.3705211,Rio Chiche Canyon,2026-01-13 14:51,110,159
L13364462,EC,EC-M,,0.2457581,-79.8686421,Rio Cuasa Ecolodge,2014-01-23 00:00,20,0
L8811834,EC,EC-N,,-0.9453821,-77.7429914,Rio Hollin-Playa Selva Lodge,2023-11-25 16:33,50,5
L1487984,EC,EC-Z,,-4.8291594,-79.1209527,Rio Isimanchi north of Zumba,2026-05-20 13:45,118,19
L2357191,EC,EC-N,,-0.15283,-77.63985,Rio Malo--track to waterfall,2026-08-17 17:45,152,26
L2209100,EC,EC-Z,,-4.9392663,-79.0709381,Rio Mayo Bridge--Vicinity,2024-12-20 06:00,194,9
L6037682,EC,EC-Z,,-4.5392922,-79.0686464,"Rio Mayo-Rio Layola, below Taipara",2026-04-15 08:20,184,21
L18445513,EC,EC-M,,-0.4168545,-80.3966832,Rio Muchacho Organic Farm & Ecolodge,2026-03-05 13:15,128,9
L580241,EC,EC-D,,-0.4439977,-76.7322922,Rio Napo - Derna area,2026-09-24 12:06,357,360
L947586,EC,EC-D,,-0.4476883,-76.5403748,Rio Napo--general (Orellana province),2026-09-19 12:39,358,248
L947583,EC,EC-U,,-0.41885,-76.5300751,Rio Napo--general (Sucumbios province),2026-09-26 10:55,305,143
L27465916,EC,EC-Y,,-1.2462856,-77.8757553,Rio Piatua,2023-12-27 12:39,25,1
L14576121,EC,EC-N,,-0.4669159,-77.7870383,Rio Quijos Reserve - Ruinas del Gallo de la Peña,2026-09-22 16:54,273,365
L21402334,EC,EC-Y,,-1.1484266,-76.5254971,Rio Shiripuno,2026-04-19 06:11,210,27
L1818179,EC,EC-D,,-1.0101126,-76.9396872,Rio Shiripuno between Vía Auca and Shiripuno Lodge,2026-03-07 13:51,393,223
L7238619,EC,EC-N,,-0.909074,-77.882099,Rio Shitig,2025-12-10 12:06,99,8
L56024315,EC,EC-P,,-0.2259354,-78.5309355,Rio Silanche,2022-07-30 13:02,11,0
L1396974,EC,EC-P,,0.145185,-79.1414713,Rio Silanche Bird Sanctuary,2026-09-27 07:00,402,3888
L1485773,EC,EC-P,,0.1081576,-79.1360712,Rio Silanche--entrance road,2026-09-19 06:43,337,1332
L1641819,EC,EC-P,,0.1171009,-79.1360923,Rio Silanche--general area,2026-09-23 08:40,380,1082
L7807548,EC,EC-H,,-1.79205,-78.53985,"Rio Timbul, arriba de las termas de Guayllabamba",2018-08-09 15:05,17,1
L7802398,EC,EC-H,,-1.79113,-78.5475,"Rio Timbul, termas de Guayllabamba",2026-03-23 12:45,31,4
L1792428,EC,EC-D,,-0.6467544,-76.2076499,Rio Tiputini--Yasuni Station to Tiputini Biodiv. Center,2026-09-14 15:09,337,220
L17727073,EC,EC-S,,-2.3207576,-78.069947,"Rio Yaupi, Sector Angel Rubí, Morona-Santiago, EC (-2.321, -78.07)",2022-02-12 07:25,27,1
L58344624,EC,EC-L,,-4.1505798,-80.4340055,Rio de Mangahurco,2026-01-17 09:30,11,0
L57754810,EC,EC-H,,-1.703099,-78.613556,Riobamba Polo Club,2026-01-28 08:15,6,1
L62656941,EC,EC-H,,-1.6769302,-78.6355377,Riobamba--Bosque Bellavista,2026-08-31 13:05,13,14
L75617878,EC,EC-H,,-1.6436852,-78.6579633,Riobamba--Bosque de la Brigada,2026-08-14 10:19,4,1
L6163811,EC,EC-H,,-1.6533724,-78.6806274,Riobamba--Campus ESPOCH y alrededores,2026-09-09 08:33,35,37
L63224476,EC,EC-H,,-1.6564688,-78.6653051,Riobamba--Jardín Botánico Euskal Etxea,2026-09-27 15:34,19,188
L59802132,EC,EC-H,,-1.650795,-78.63906,Riobamba--Laguna San Antonio de Padua,2026-03-07 09:30,11,1
L75860142,EC,EC-H,,-1.6653761,-78.6688597,Riobamba--Parque Arqueológico (Lourdes-Macají),2026-08-21 16:54,3,2
L3859516,EC,EC-H,,-1.6662863,-78.658747,Riobamba--Parque Guayaquil,2026-09-19 07:13,25,27
L8523128,EC,EC-H,,-1.6887545,-78.6511814,Riobamba--Parque Lineal Chibunga,2026-08-21 12:21,52,34
L23213551,EC,EC-H,,-1.6577522,-78.6615012,Riobamba--Parque Los Faroles,2026-09-21 13:32,17,41
L20064626,EC,EC-H,,-1.6674776,-78.6801653,Riobamba--Parque Ricpamba,2026-09-25 08:48,43,37
L2762234,EC,EC-H,,-1.66,-78.67,Riobamba--Parque Sesquicentenario y alrededores,2026-09-25 08:23,28,18
L29272129,EC,EC-I,,0.3994957,-78.5224843,Riolindo Coffee Farm,2024-02-07 06:46,49,6
L33412486,EC,EC-O,,-3.6640707,-79.9385595,Rivera de los Vencejos,2024-06-04 10:00,45,2
L53232329,EC,EC-N,,-0.9087589,-77.2536649,Road after Chontapunta,2025-09-25 06:03,5,0
L2851501,EC,EC-Z,,-4.0867631,-78.664856,Road between Guayzimi and Cabañas Yankuam,2026-05-19 12:29,284,97
L7596243,EC,EC-Z,,-3.9226935,-78.66148,Road between Paquisha and the San Vicente trail,2025-02-25 07:00,149,11
L2806241,EC,EC-Z,,-3.9379893,-78.6321115,Road between Paquisha and the Santa Cecilia trail,2026-05-16 12:21,317,87
L1676540,EC,EC-P,,0.1232,-78.62168,Road between Santa Lucia and Maquipucuna,2026-09-25 10:03,274,199
L3202439,EC,EC-P,,-0.1084899,-78.561902,Road from San Jorge Ecolodge to Yanacocha Reserve,2026-09-19 07:04,161,418
L27497467,EC,EC-N,,-0.5908417,-77.8831924,Road south of San Isidro Lodge,2026-09-19 18:53,277,995
L3936541,EC,EC-SE,,-1.7040301,-80.7755184,Road to El Pital,2025-11-25 10:54,193,24
L28972202,EC,EC-Z,,-3.9643619,-78.6548587,Road to Nuevo Quito,2024-01-26 08:45,40,1
L8196302,EC,EC-D,,-0.597049,-77.3243562,Road to San Jorge de Sumaco Bajo,2026-06-23 07:03,204,87
L4139286,EC,EC-S,,-2.1498566,-78.096803,Road to Sardinayacu from Santa Rosa,2025-12-21 08:35,150,12
L29265510,EC,EC-N,,-0.3168196,-77.7869267,Roca de Río,2026-01-12 09:01,91,15
L12633771,EC,EC-M,,-0.9168702,-80.4497578,Rocafuerte--Humedales al norte,2025-04-04 07:19,72,32
L15694745,EC,EC-M,,-0.9382047,-80.4472863,Rocafuerte--Humedales al sur,2026-07-17 16:10,97,70
L7126833,EC,EC-W,,-0.5667308,-90.1421356,Rocas Gordon y alrededores,2026-07-18 00:00,40,16
L33195608,EC,EC-Z,,-4.2089727,-78.90486,"Romerillo Alto (Zona de Amortiguamiento, PNP).",2017-05-21 06:00,30,0
L6025969,EC,EC-Z,,-4.2755873,-78.9362097,Romerillo Alto and trail,2018-08-29 07:50,210,14
L7363954,EC,EC-I,,0.3167424,-78.7898445,Rserva Los Cedros--Sendero Brasilargo,2025-10-19 06:46,109,3
L10652813,EC,EC-F,,-2.5377043,-78.8750673,Ruinas Ingapirca--Cara del Inca y río Silante,2026-08-12 11:06,37,10
L2247318,EC,EC-F,,-2.5402061,-78.8736927,Ruinas Ingapirca--Complejo principal y alrededores,2026-08-13 11:35,92,134
L6544661,EC,EC-Z,,-4.6116985,-79.2006683,Ruinas La Florida,2022-02-06 15:15,99,14
L9695656,EC,EC-X,,-0.7411778,-79.0652514,Ruinas Malqui-Machay--Sendero El Puma,2025-12-05 21:04,77,4
L3965523,EC,EC-S,,-3.388083,-78.763194,Ruinas de Ganashuma,2025-02-18 11:45,68,8
L16108108,EC,EC-O,,-3.5734733,-79.69491,Ruinas de Yacuviña,2023-08-13 11:26,54,5
L39021120,EC,EC-L,,-4.257778,-79.2165991,Rumi Wilco,2026-08-02 07:15,86,12
L2469876,EC,EC-L,,-4.2580267,-79.2170391,Rumi Wilco Eco-Lodge,2026-08-22 07:56,166,142
L8263994,EC,EC-H,,-1.45578,-78.76492,Rumipamba Grande,2024-06-01 16:32,17,2
L4142445,EC,EC-P,,0.0077052,-78.9003783,Ruta Cascada La Sucia (Cascada del Amor),2026-08-20 15:47,199,98
L10961800,EC,EC-Z,,-3.6641633,-78.7890634,Ruta Chicaña - La Unión,2026-02-27 16:15,142,17
L8234893,EC,EC-H,,-2.2127833,-79.05139,Ruta Guayllanag-Suncamal,2025-12-20 11:37,163,20
L12409651,EC,EC-SD,,-0.3715102,-78.9919527,Ruta Las Damas,2026-02-09 06:23,73,13
L15512514,EC,EC-P,,-0.4720936,-78.776453,Ruta Los Olivos,2023-09-16 05:30,115,8
L3249402,EC,EC-S,,-2.2299336,-78.2199258,Ruta Mirador El Tigrillo-Puente río Abanico,2025-12-28 11:24,226,14
L8490462,EC,EC-H,,-2.1698012,-79.0346794,Ruta Recinto Guagal,2019-01-18 11:34,13,1
L5843198,EC,EC-N,,-0.582544,-77.862664,Ruta Rio Chantas,2026-08-15 09:18,131,43
L12681411,EC,EC-Z,,-3.6610657,-78.7324607,Ruta San Vicente - El Plateado,2021-12-25 11:00,72,1
L15596238,EC,EC-P,,-0.3841512,-78.7890062,Ruta Tandapi- Santuario De Baños,2026-09-20 06:03,187,30
L27041715,EC,EC-S,,-2.039544,-77.9041722,Ruta Wakami-Cotinga,2026-09-17 05:52,319,122
L12658979,EC,EC-Z,,-3.8006847,-78.7135095,Ruta Yantzaza - Los Hachos-Los Ceibos,2025-11-13 17:49,162,21
L5481339,EC,EC-P,,-0.20365,-78.5310995,Ruta de Humboldt,2026-04-30 08:21,77,23
L11391264,EC,EC-SD,,-0.3220384,-78.9801533,Ruta de la Chimenea,2020-05-09 15:17,27,2
L10816145,EC,EC-SD,,-0.3227408,-78.994073,Ruta de los Tubos,2023-10-19 11:55,177,59
L12021013,EC,EC-L,,-4.306078,-80.221341,Río Alamor - La Ceiba - Zapotillo,2026-09-05 15:09,95,37
L12378290,EC,EC-SD,,-0.2666991,-79.0841543,Río Alluriquín--Ruta del oleoducto,2026-07-10 06:40,60,4
L2761516,EC,EC-E,,0.878611,-79.840278,Río Atacames,2021-07-18 07:45,67,15
L57863984,EC,EC-U,,-0.1744055,-75.9590315,Río Balatayacu (Aguas Negras),2026-07-08 00:00,95,3
L3913319,EC,EC-A,,-2.826711,-79.366983,Río Blanco,2025-07-17 10:40,30,6
L44921667,EC,EC-S,,-2.34738,-78.15516,Río Blanco,2026-07-06 17:31,10,4
L16087100,EC,EC-M,,-0.4650674,-80.4237989,Río Canoa,2025-11-12 07:06,207,29
L12151861,EC,EC-L,,-4.058595,-79.374463,Río Catamayo—Puente Boquerón,2026-07-29 13:59,93,69
L12246401,EC,EC-M,,-1.60452,-80.840078,Río Chico--Poza estacional,2022-02-14 13:14,25,2
L8523057,EC,EC-M,,-1.6140279,-80.8334362,Río Chico--Reserva La Esmeralda,2026-05-09 15:32,239,224
L4605815,EC,EC-M,,-1.6043679,-80.8293016,Río Chico--Sendero Luna Elegante,2025-12-19 06:46,216,116
L1404797,EC,EC-M,,-0.6516123,-80.3706643,Río Chone--Isla Corazón,2026-07-10 12:49,143,70
L12562489,EC,EC-M,,-0.6302864,-80.4057251,Río Chone--Isla Fragata,2025-04-15 10:23,41,6
L6307465,EC,EC-P,,-0.075652,-78.799528,Río Cinto--Vía a Lloa,2025-07-18 07:09,208,22
L6307464,EC,EC-P,,-0.062226,-78.810495,Río Cinto--Vía a Saloya,2025-12-08 19:16,153,22
L2578065,EC,EC-T,,-1.4427669,-78.2257745,Río Estancias,2025-02-01 11:00,139,39
L2763062,EC,EC-I,,0.85,-78.45,Río Lita (parroquia: Lita),2024-08-17 05:54,164,11
L2763214,EC,EC-S,,-1.674722,-78.09,"Río Llushin, PNS"
L6611681,EC,EC-P,,-0.2334417,-78.5142231,Río Machángara,2025-11-14 08:12,29,6
L947605,EC,EC-D,,-0.4989961,-76.4108691,Río Napo--Isla Anaconda/nearby small river islands,2026-09-17 11:02,401,411
L6606273,EC,EC-T,,-1.413488,-78.209547,Río Negro y alrededores,2026-08-17 14:42,156,31
L8026662,EC,EC-N,,-1.1751445,-77.5317314,Río Nushino,2023-05-13 15:00,53,1
L1482564,EC,EC-I,,0.5256627,-78.1542385,Río Palacara near Salinas,2026-08-02 06:40,70,33
L1898961,EC,EC-S,,-1.9198212,-77.8246429,Río Pastaza Bridge on E45,2026-04-07 08:22,46,9
L30109225,EC,EC-L,,-3.8415003,-79.7800154,Río Pindo,2026-06-27 10:11,71,25
L8522329,EC,EC-M,,-1.6693979,-80.6863546,Río Plátano (Manabí),2018-09-10 07:00,27,1
L15507600,EC,EC-M,,-0.9700298,-80.467912,Río Portoviejo--Humedales y alrededores entre Portoviejo y Rocafuerte,2026-09-27 12:30,73,13
L4820753,EC,EC-L,,-3.8845464,-80.0891751,"Río Puyango, Puyango",2026-07-22 10:00,82,4
L7961580,EC,EC-N,,-0.3920634,-77.8162386,Río Quijos EcoLodge,2026-09-27 18:38,344,2056
L6485308,EC,EC-E,,0.8865956,-78.8399935,Río Santiago (Selva Alegre<-->Playa de Oro),2026-08-13 06:13,185,68
L10332432,EC,EC-L,,-4.1270712,-79.8351988,Río Seco cerca del Empalme,2026-05-08 17:13,93,53
L45938872,EC,EC-D,,-0.6640418,-76.6879305,Río Tiputini - Camino Mandaripanga,2026-09-19 08:16,77,15
L1314251,EC,EC-T,,-1.4033247,-78.2966587,Río Verde--Pailón del Diablo (ambos caminos),2026-09-17 13:15,243,286
L5598838,EC,EC-N,,-0.2061112,-77.6990837,Ríos Salado y Quijos (Tubo Petroecuador),2025-01-04 10:49,50,7
L5598933,EC,EC-N,,-0.2046843,-77.7101719,SOTE - Las Palmas,2024-02-03 10:37,24,4
L57984185,EC,EC-S,,-2.1977818,-78.1537411,SUBIDA AL ALTO UPANO,2026-08-01 04:00,30,2
L9566621,EC,EC-G,,-2.010368,-79.892025,Sabanilla,2022-03-10 16:32,93,21
L24963071,EC,EC-Z,,-3.9301857,-79.0946837,Sabanilla road to Imbana,2024-05-11 06:47,73,8
L1901432,EC,EC-L,,-4.3671308,-79.813292,Sabiango,2026-09-06 07:29,122,198
L23133947,EC,EC-P,,0.1882577,-78.8540283,Sacha Guatusa Reserva Natural,2026-09-27 07:09,339,1275
L4224592,EC,EC-U,,-0.3684657,-76.5667888,Sacha Kawsay,2026-08-22 07:00,268,46
L882540,EC,EC-U,,-0.4710657,-76.4591897,Sacha Lodge,2026-09-26 10:00,594,3208
L1428169,EC,EC-U,,-0.4639236,-76.4621188,Sacha Lodge--Canopy Walk,2026-09-18 05:57,435,558
L1428324,EC,EC-U,,-0.473539,-76.4542074,Sacha Lodge--Kapok Tower,2026-09-17 06:10,417,562
L1037253,EC,EC-D,,-0.4926835,-76.4919662,Sacha Lodge--Shipati River and Providencia trail,2026-07-09 07:12,475,115
L1477895,EC,EC-U,,-0.4798493,-76.4713148,Sacha Lodge--boat launch and boardwalk,2026-09-22 12:45,459,672
L4238656,EC,EC-D,,-0.444038,-76.528766,Sacha Runa Ecolodge,2026-05-21 09:34,169,8
L4072773,EC,EC-N,,-1.0255361,-77.5790977,Sacha Sisa - Amazon Lodge,2025-12-17 15:17,156,7
L16302907,EC,EC-Y,,-1.4082865,-78.0950689,Sacha Yachak,2024-10-18 11:30,236,34
L9192221,EC,EC-Y,,-1.4259723,-77.7023211,Sacha Yacu,2026-04-19 15:11,112,7
L792545,EC,EC-P,,-0.0251484,-78.7579823,Sachatamia Lodge,2026-09-27 14:56,441,4695
L10043766,EC,EC-M,,-1.5911904,-80.8432103,"Salango--Pueblo, playa y alrededores",2024-07-02 17:24,81,16
L14813384,EC,EC-N,,-0.9794439,-78.3814569,Salcedo,2026-05-09 08:58,10,6
L3897348,EC,EC-X,,-1.0430172,-78.5902376,Salcedo y alrededores,2024-11-30 06:27,14,1
L3900557,EC,EC-X,,-1.011917,-78.602278,Salcedo--Salache-San José,2004-03-19 14:45,1,0
L9945309,EC,EC-SE,,-2.200181,-80.9744041,Salinas Yacht club y alrededores,2026-09-19 08:15,43,14
L2729098,EC,EC-SE,,-2.2230805,-80.9588528,Salinas--General area,2026-01-20 18:17,193,67
L1764936,EC,EC-SE,,-2.189545,-81.0111451,Salinas--La Chocolatera,2026-09-01 11:30,201,1085
L1134266,EC,EC-SE,,-2.2180832,-80.9190273,Salinas--La Libertad harbor,2024-09-26 11:44,74,10
L787523,EC,EC-SE,,-2.2460642,-80.9417081,Salinas--Lagunas de Ecuasal,2026-09-05 08:21,213,646
L3900578,EC,EC-SE,,-2.2054433,-80.9655878,Salinas--Playa San Lorenzo,2026-07-20 16:18,72,42
L25277990,EC,EC-SE,,-2.2081333,-80.9497513,Salinas--Puerto de Santa Rosa,2025-06-20 13:08,23,5
L1485647,EC,EC-SE,,-2.2079553,-80.9144577,Salinas--offshore excursions,2021-10-08 09:20,38,5
L9647319,EC,EC-G,,-1.8308861,-79.81812,Salitre y alrededores,2026-04-09 10:20,22,3
L19465803,EC,EC-T,,-1.3951365,-78.4080184,Samari Spa Resort,2026-09-09 08:54,32,10
L38023914,EC,EC-A,,-2.8249702,-79.0285062,Sambopamba,2024-11-12 06:57,8,2
L3165476,EC,EC-E,,0.8430615,-79.9311161,Same,2026-08-25 13:10,171,48
L1822999,EC,EC-E,,0.7136637,-80.08677,Same-Galera Road,2022-05-22 15:01,122,8
L6592338,EC,EC-U,,-0.0309964,-76.1661055,Samona Lodge,2026-08-30 16:17,173,42
L59284493,EC,EC-A,,-3.1476499,-79.2498497,San  Fernando,2026-02-26 08:42,18,1
L3871514,EC,EC-Z,,-4.8187934,-79.2888021,San Andrés Vicinity,2026-05-19 14:31,54,7
L13302708,EC,EC-Z,,-3.8068954,-78.9387307,San Antonio - Yacuambi,2025-08-16 13:30,78,5
L11350817,EC,EC-I,,0.33491,-78.17021,San Antonio de Ibarra y alrededores,2026-08-08 15:05,11,4
L9192930,EC,EC-S,,-3.028218,-78.4318592,"San Antonio, EC (-3,028, -78,432)",2025-12-20 11:10,117,22
L5840491,EC,EC-R,,-1.1159001,-79.4346929,San Carlos,2017-05-01 15:30,1,1
L21494959,EC,EC-M,,-0.7583411,-80.5114319,San Clemente y alrededores,2026-02-15 18:03,64,19
L21632102,EC,EC-W,,-0.8997761,-89.6095526,San Cristóbal-- Playa de Oro (desde la estatua de Charles Darwin hasta el Muelle de pescadores),2026-09-25 11:10,61,490
L12171871,EC,EC-W,,-0.9085838,-89.6160082,San Cristóbal--Aeropuerto (SCY),2026-09-08 09:27,38,64
L14853391,EC,EC-W,,-0.823088,-89.3505192,San Cristóbal--Bahía Rosa Blanca,2026-09-17 12:46,41,29
L14853516,EC,EC-W,,-0.6970138,-89.3623638,San Cristóbal--Bahía Sardina,2026-09-17 09:51,40,35
L12173074,EC,EC-W,,-0.8979764,-89.6135775,San Cristóbal--Bahía Wreck,2026-09-08 08:23,62,217
L2106505,EC,EC-W,,-0.8992541,-89.4479799,San Cristóbal--Carretera entre la laguna El Junco y Puerto Chino,2026-08-16 00:00,34,38
L10789204,EC,EC-W,,-0.9114219,-89.5707561,"San Cristóbal--Cementerio, ciclovía y alrededores",2026-08-14 09:47,26,215
L18219044,EC,EC-W,,-0.9137503,-89.5786184,San Cristóbal--Centro de Gestión de Residuos Solidos y alrededores,2026-07-27 07:23,35,18
L23514412,EC,EC-W,,-0.8936436,-89.6095401,San Cristóbal--Centro de Interpretación Ambiental Gianni Arismendy,2026-09-20 12:49,48,182
L2313890,EC,EC-W,,-0.7643425,-89.4587624,San Cristóbal--Cerro Brujo y alrededores,2026-09-26 16:38,76,755
L12189015,EC,EC-W,,-0.8977899,-89.5174345,San Cristóbal--Cerro San Joaquín y alrededores,2026-09-13 08:23,40,31
L2938617,EC,EC-W,,-0.9230906,-89.4973862,San Cristóbal--Charles Darwin Institute Hike,2026-05-11 17:14,47,24
L6787710,EC,EC-W,,-0.9077074,-89.5558262,San Cristóbal--El Progreso y alrededores,2026-08-01 08:45,49,55
L3667340,EC,EC-W,,-0.9135431,-89.4360495,San Cristóbal--Galapaguera de Cerro Colorado,2026-09-19 15:28,48,496
L18218803,EC,EC-W,,-0.8878709,-89.5396648,San Cristóbal--Hacienda Tranquila,2026-07-27 09:29,27,32
L2486797,EC,EC-W,,-0.8559313,-89.5659484,San Cristóbal--Islote Lobos y alrededores,2026-09-13 15:45,60,418
L21722922,EC,EC-W,,-0.7032811,-89.2474172,San Cristóbal--Islote Pitt,2026-09-21 12:22,36,102
L3354844,EC,EC-W,,-0.9265877,-89.6118093,San Cristóbal--La Lobería playa y acantilado,2026-09-18 17:18,75,409
L2759426,EC,EC-W,,-0.8952771,-89.4799948,San Cristóbal--Laguna El Junco,2026-09-13 12:03,56,420
L8625771,EC,EC-W,,-0.8315482,-89.5374703,San Cristóbal--Playa El Manglecito,2026-09-05 10:30,51,33
L9646314,EC,EC-W,,-0.6950299,-89.3023576,San Cristóbal--Playa La Galapaguera,2026-08-16 08:01,42,22
L3344757,EC,EC-W,,-0.8956282,-89.6093899,San Cristóbal--Playa Mann y alrededores,2026-09-26 07:50,53,290
L1315791,EC,EC-W,,-0.8635099,-89.5709002,San Cristóbal--Playa Ochoa y alrededores,2026-06-26 09:00,51,82
L3397984,EC,EC-W,,-0.9256973,-89.4298616,San Cristóbal--Playa Puerto Chino y alrededores,2026-09-13 10:34,51,161
L3351793,EC,EC-W,,-0.889669,-89.6122915,San Cristóbal--Playa Punta Carola y alrededores,2026-09-20 12:58,57,198
L5585301,EC,EC-W,,-0.9030839,-89.610849,"San Cristóbal--Puerto Baquerizo Moreno: malecón, ciudad y alrededores",2026-09-21 06:35,82,1145
L1629213,EC,EC-W,,-0.7129994,-89.246872,San Cristóbal--Punta Pitt,2026-09-21 15:48,67,634
L15802217,EC,EC-W,,-0.7349219,-89.4378244,San Cristóbal--Punta Pucuna,2026-06-15 15:35,24,11
L14835906,EC,EC-W,,-0.9045254,-89.4681299,San Cristóbal--Reserva Galápagos (Fundación Jocotoco),2026-09-15 14:22,42,33
L1367184,EC,EC-W,,-0.7770017,-89.5197768,San Cristóbal--Roca León Dormido (Kicker Rock) área pelágica y alrededores,2026-09-26 15:10,64,664
L2275272,EC,EC-W,,-0.890327,-89.6095974,San Cristóbal--Senderos Cerro Tijeretas,2026-09-17 17:09,65,588
L11527189,EC,EC-W,,-0.8217423,-89.4203126,San Cristóbal--Área general (solo para listas históricas),2026-09-25 00:00,90,429
L2104311,EC,EC-W,,-0.2606498,-89.7781677,"San Cristóbal<-->Genovesa pelagic crossing (for ""historical"" checklists only; do not use hotspots for checklists with eBird pelagic protocol)",2013-07-24 06:00,8,3
L1611390,EC,EC-W,,-0.7660954,-90.002224,"San Cristóbal<-->Santa Cruz pelagic crossing (for ""historical"" checklists only; do not use hotspots for checklists with eBird pelagic protocol)",2025-12-31 07:00,42,65
L1601644,EC,EC-W,,-0.8567235,-89.7976037,"San Cristóbal<-->Santa Fé pelagic crossing (for ""historical"" checklists only; do not use hotspots for checklists with eBird pelagic protocol)",2026-09-07 08:36,29,92
L14562524,EC,EC-X,,-0.4342192,-78.9691477,San Fco. de Las Pampas--Ruta Las Cruces de Santa Elena,2022-02-13 09:53,59,8
L14341725,EC,EC-N,,-0.4237661,-77.8451286,San Francisco de Borja y alrededores inmediatos,2026-08-29 18:46,187,187
L19970204,EC,EC-M,,-1.497955,-80.4350264,San Francisco de Paján (Turismo Comunitario),2022-12-18 14:01,128,33
L5754368,EC,EC-S,,-3.37645,-78.576753,"San Francisco, Gualaquiza",2025-05-10 07:00,45,1
L2763265,EC,EC-A,,-3.137,-79.202,San Gerardo-Girón,2023-06-03 06:16,76,2
L12242321,EC,EC-C,,0.6022256,-77.986754,San Isidro y alrededores,2020-08-30 07:00,11,2
L895012,EC,EC-P,,-0.1164902,-78.5234332,San Jorge Ecolodge (Quito),2026-09-20 06:23,168,822
L4962492,EC,EC-N,,-0.5932082,-77.8905559,San Jorge de Cosanga Bird Sanctuary,2026-06-16 15:11,182,63
L5261790,EC,EC-M,,-0.128593,-80.1398081,San Jorge de Estero Hondo,2016-07-02 06:00,178,3
L10744652,EC,EC-N,,-0.65112,-77.79866,San Jorge de Guacamayos,2026-09-10 17:32,495,438
L1960641,EC,EC-P,,0.0443573,-78.8836813,San Jorge de Milpe,2026-08-03 14:35,427,1698
L5781818,EC,EC-D,,-0.577498,-77.3414,San Jorge de Sumaco Bajo,2026-09-11 06:00,485,322
L7520546,EC,EC-P,,-0.2828602,-78.2907665,San Jose del Tablon,2025-11-19 14:48,51,10
L16895656,EC,EC-H,,-1.9983125,-78.9105061,San José de Pajón y alrededores,2024-03-31 07:41,34,7
L22509928,EC,EC-B,,-1.9564843,-79.2347503,San José del Tambo y alrededores,2023-02-08 09:00,2,0
L3872034,EC,EC-H,,-1.5640714,-78.8010092,San Juan - Delicia 2010-143,2024-08-10 13:41,27,3
L12583269,EC,EC-N,,-0.3285907,-77.8213808,San Juan - El Chaco,2026-06-27 05:09,150,60
L3871981,EC,EC-H,,-1.5781306,-78.7746077,San Juan--Paso de la Loma Buiche (al sur del Cerro Gopaguay),2014-06-06 07:50,17,1
L3900566,EC,EC-X,,-0.956222,-78.575861,San Lorenzo--Colaguangu Alto,2004-03-19 08:57,1,0
L10515887,EC,EC-M,,-1.0668544,-80.9087269,San Lorenzo--Playa y alrededores,2026-07-04 17:33,73,27
L2761790,EC,EC-E,,1.2499,-78.89998,San Lorenzo-Tambillo,2007-02-17 00:00,4,1
L2761793,EC,EC-E,,1.2479,-78.98283,San Lorenzo-Valdez (Limones),2007-02-17 00:00,19,1
L8591360,EC,EC-I,,0.4972968,-78.1561804,San Luis de Salinas,2026-01-30 15:44,61,10
L4952400,EC,EC-S,,-2.77,-78.28,San Luís del Acho,2014-06-03 06:30,79,4
L4911889,EC,EC-S,,-3.26,-78.47,San Marcos,2024-07-28 11:40,138,24
L16920721,EC,EC-M,,-0.9580011,-80.824799,San Mateo--Playa e Islote La Tiñosa y Punta de Jome,2025-10-25 11:22,61,16
L4822373,EC,EC-SD,,-0.3387989,-79.2676163,San Miguel,1988-03-12 10:20,57,4
L4911743,EC,EC-S,,-3.13,-78.41,San Miguel de Conchay - Río Zamora,2012-07-02 07:00,33,1
L75618155,EC,EC-H,,-1.63733,-78.658647,San Miguel de Langos,2026-08-14 10:42,7,1
L627341,EC,EC-P,,0.0222802,-78.8909025,San Miguel de Los Bancos--Mirador Río Blanco,2026-09-22 12:36,324,1404
L599081,EC,EC-P,,0.0227403,-78.8948137,San Miguel de Los Bancos--pueblo y alrededores inmediatos (town and immediate surroundings),2026-08-28 06:16,290,180
L2859394,EC,EC-SE,,-2.1448884,-80.7813334,San Pablo--Estuario del río San Pablo y alrededores,2026-01-23 11:39,114,54
L29028472,EC,EC-G,,-2.3628038,-79.2398418,San Pascual y alrededores,2024-10-31 06:30,42,1
L10839348,EC,EC-T,,-1.4107001,-78.3233906,San Pedro,2026-08-08 07:00,83,15
L27176348,EC,EC-L,,-4.2332141,-79.2100363,San Pedro,2023-09-20 13:00,1,0
L7320401,EC,EC-L,,-3.9009032,-79.421312,San Pedro - El Cisne,2018-05-02 06:00,33,1
L14824124,EC,EC-C,,0.6313111,-77.7255887,San Pedro de Huaca y alrededores
L14824104,EC,EC-C,,0.6227765,-77.7338134,San Pedro de Huca,2021-05-08 16:50,4,1
L14881400,EC,EC-I,,0.7966613,-78.3119661,San Pedro y alrededores,2021-05-08 07:15,20,1
L36304615,EC,EC-U,,-0.435452,-76.2018002,San Roque,2026-07-13 07:35,165,33
L39936227,EC,EC-Z,,-3.6933313,-78.6053178,San Roque Pachicutza El Pangui,2026-01-27 16:32,21,2
L20261804,EC,EC-Z,,-3.7031921,-78.5907883,San Roque-Pachicutza- El Pangui,2025-01-25 07:52,205,64
L9410437,EC,EC-P,,-0.0292717,-78.7526819,San Tadeo Birdwatching (Feeders),2026-09-27 15:31,363,2140
L5840859,EC,EC-S,,-3.0104814,-78.6436214,San Vicente (Road Gualaceo- Limón),2025-04-15 06:33,89,14
L831799,EC,EC-M,,-0.5963177,-80.4091976,San Vicente--malecón (waterfront),2026-07-18 11:27,58,22
L6418035,EC,EC-H,,-2.2215914,-79.1076904,San Vicente-Salve María,2018-10-06 06:58,104,3
L12923959,EC,EC-P,,-0.3330719,-78.4592343,Sangolquí--Bulevar San Pedro de Taboada,2025-01-05 08:15,53,56
L15703120,EC,EC-P,,-0.3103509,-78.4484654,Sangolquí--Parque Alegría,2026-06-06 18:39,27,18
L3461792,EC,EC-U,,-0.4738887,-76.3164425,Sani Isla community,2026-09-21 10:55,452,533
L2683015,EC,EC-D,,-0.4903447,-76.3376427,Sani Isla--Napo river islands,2026-09-02 10:30,454,499
L485043,EC,EC-U,,-0.439735,-76.280336,Sani Lodge,2026-09-22 05:34,610,5904
L13873191,EC,EC-U,,-0.4539698,-76.2756632,Sani Lodge--Río Napo y entrada,2026-09-22 05:58,406,754
L7749292,EC,EC-D,,-0.493989,-76.296607,Sani Lodge--Santuario de mariposas y huerta,2026-03-20 11:01,74,9
L25562861,EC,EC-U,,-0.4313,-76.2891,Sani Lodge--Sendero Chorongo,2026-08-20 16:09,348,75
L7691394,EC,EC-U,,-0.43217,-76.277623,Sani Lodge--Sendero Pantano,2026-09-12 08:49,201,62
L7749131,EC,EC-U,,-0.434189,-76.281484,Sani Lodge--Sendero Águila,2026-08-20 12:24,223,50
L10667957,EC,EC-U,,-0.4393865,-76.2972506,Sani Lodge--canopy tower,2026-09-12 05:35,458,776
L7374934,EC,EC-I,,0.4599617,-78.2376122,Santa Agua (Chachimbiro),2026-04-19 08:10,16,2
L11615546,EC,EC-Z,,-4.636831,-79.1298223,Santa Ana-La Florida,2026-09-08 13:52,200,124
L4298250,EC,EC-U,,0.6462301,-77.5213337,Santa Barbara (pueblo),2026-03-22 07:14,90,16
L2209137,EC,EC-Z,,-3.9272857,-78.6159668,Santa Cecilia trail above Paquisha,2026-08-25 10:15,392,148
L5783357,EC,EC-W,,-0.6904912,-90.1147556,"Santa Cruz South Plaza<-->Santa Fe pelagic crossing (for ""historical"" checklists only; do not use hotspots for checklists with eBird pelagic protocol)",2026-07-14 11:36,38,96
L2338797,EC,EC-W,,-0.6011676,-90.5371727,Santa Cruz--Bahía Ballena,2026-01-27 10:14,51,19
L3063966,EC,EC-W,,-0.7508254,-90.304141,Santa Cruz--Bahía de la Academia,2026-09-05 14:11,69,142
L22255361,EC,EC-W,,-0.7363564,-90.3128169,Santa Cruz--Barrio El Edén y alrededores,2026-07-21 08:03,32,16
L19301199,EC,EC-W,,-0.694266,-90.3247374,Santa Cruz--Bellavista y alrededores,2026-09-24 15:41,51,57
L12342760,EC,EC-W,,-0.5840624,-90.3548199,Santa Cruz--Botadero del km 27,2026-07-19 07:03,56,36
L471640,EC,EC-W,,-0.4989358,-90.3268432,Santa Cruz--Caleta Tortuga Negra,2026-09-25 15:24,78,647
L26742492,EC,EC-W,,-0.7422509,-90.309434,Santa Cruz--Cementerio de Puerto Ayora,2026-05-26 15:06,34,18
L5537481,EC,EC-W,,-0.6433197,-90.3255075,Santa Cruz--Cerro Crocker,2026-08-17 10:56,47,34
L1629570,EC,EC-W,,-0.5263953,-90.4879997,Santa Cruz--Cerro Dragón y alrededores,2026-09-14 16:00,76,693
L8072747,EC,EC-W,,-0.6775178,-90.2888318,Santa Cruz--El Trapiche Ecológico,2026-08-28 14:00,47,46
L26754597,EC,EC-W,,-0.7463791,-90.3195371,Santa Cruz--Entrada a Tortuga Bay,2026-09-12 06:17,47,152
L878467,EC,EC-W,,-0.7423074,-90.3037655,Santa Cruz--Estación Científica Charles Darwin,2026-09-25 06:30,83,1539
L6601673,EC,EC-W,,-0.6999,-90.3192,Santa Cruz--Finca Lava Java,2026-06-07 11:51,44,27
L2711427,EC,EC-W,,-0.6181776,-90.4263233,Santa Cruz--Galapagos Safari Camp,2026-07-04 16:22,53,23
L22257681,EC,EC-W,,-0.6340272,-90.3636317,Santa Cruz--IBA Tierras altas de Santa Cruz,2026-09-22 06:30,56,91
L12783103,EC,EC-W,,-0.7669482,-90.4099548,Santa Cruz--La Fe,2026-08-04 16:27,58,17
L14846505,EC,EC-W,,-0.7546801,-90.3132347,Santa Cruz--Laguna Salinera,2026-09-26 15:02,50,62
L3146128,EC,EC-W,,-0.7475445,-90.316813,Santa Cruz--Laguna de las Ninfas,2026-06-26 06:20,48,74
L15803098,EC,EC-W,,-0.757638,-90.3148731,Santa Cruz--Las Grietas,2026-09-10 06:30,63,84
L1629572,EC,EC-W,,-0.6256132,-90.385247,Santa Cruz--Los Gemelos (senderos y alrededores),2026-09-26 09:52,62,1511
L10662544,EC,EC-W,,-0.7482818,-90.3137918,Santa Cruz--Malecón San Francisco,2026-08-24 17:42,52,160
L1611431,EC,EC-W,,-0.6661748,-90.3240462,Santa Cruz--Media Luna,2026-08-26 09:45,58,418
L16956183,EC,EC-W,,-0.6929858,-90.3899649,Santa Cruz--Montemar,2026-08-22 12:51,33,17
L4930807,EC,EC-W,,-0.4875685,-90.2804236,Santa Cruz--Muelle Itabaca,2026-09-10 06:38,57,284
L5434893,EC,EC-W,,-0.7476365,-90.3127284,Santa Cruz--Muelle Puerto Ayora,2026-09-24 17:18,70,700
L10077963,EC,EC-W,,-0.7437867,-90.3120797,Santa Cruz--Muelle de los pescadores y Plaza Pelican Bay (incluyendo los manglares),2026-09-23 09:27,67,515
L21158241,EC,EC-W,,-0.7402488,-90.3106291,Santa Cruz--Parque El Edén,2026-07-31 16:28,22,27
L8391252,EC,EC-W,,-0.6456262,-90.2789497,Santa Cruz--Pikaia Lodge,2026-06-10 13:36,38,18
L8629990,EC,EC-W,,-0.511451,-90.3895471,Santa Cruz--Playa Borrero,2026-07-11 16:36,55,36
L25649422,EC,EC-W,,-0.5118705,-90.4445911,Santa Cruz--Playa Bowditch,2026-08-28 15:05,33,9
L3064040,EC,EC-W,,-0.6946537,-90.2207994,Santa Cruz--Playa El Garrapatero,2026-09-17 16:14,66,98
L1797058,EC,EC-W,,-0.6946279,-90.2208424,Santa Cruz--Playa Garrapatero,2026-09-16 08:38,67,98
L14851968,EC,EC-W,,-0.7439595,-90.3031111,Santa Cruz--Playa La Ratonera,2026-09-19 11:11,53,76
L1881907,EC,EC-W,,-0.4934283,-90.3414523,Santa Cruz--Playa Las Bachas,2026-09-17 09:00,83,982
L19301298,EC,EC-W,,-0.763069,-90.3404679,Santa Cruz--Playa Mansa,2026-09-04 16:24,59,70
L3920727,EC,EC-W,,-0.7654582,-90.3420568,Santa Cruz--Playa Península,2026-05-11 14:31,61,39
L2761756,EC,EC-W,,-0.76169,-90.33593,Santa Cruz--Playa Tortuga Bay (Playa Brava),2026-09-27 16:05,77,367
L6625736,EC,EC-W,,-0.7426455,-90.3057053,Santa Cruz--Playa de la Estación,2026-09-15 08:15,62,106
L2759258,EC,EC-W,,-0.7527511,-90.3112017,Santa Cruz--Playa de los Alemanes,2026-09-26 17:52,71,293
L5120131,EC,EC-W,,-0.6731761,-90.4384661,Santa Cruz--Poza El Chato,2026-06-24 10:25,50,77
L471637,EC,EC-W,,-0.7423289,-90.3145695,Santa Cruz--Puerto Ayora área general,2026-08-30 08:54,77,460
L6618168,EC,EC-W,,-0.6676244,-90.4315546,Santa Cruz--Rancho El Chato II,2026-09-21 14:35,67,1023
L3803702,EC,EC-W,,-0.6969092,-90.4019746,Santa Cruz--Rancho El Manzanillo,2026-09-15 11:15,61,497
L22256935,EC,EC-W,,-0.7120934,-90.3582519,Santa Cruz--Rancho Frontier,2026-08-20 09:20,38,29
L1611111,EC,EC-W,,-0.6703374,-90.4306694,Santa Cruz--Rancho Primicias,2026-09-26 11:52,59,895
L6069300,EC,EC-W,,-0.7428653,-90.3097764,Santa Cruz--Red Mangrove Aventura Lodge,2026-08-12 07:43,49,55
L3643386,EC,EC-W,,-0.6432298,-90.2874094,Santa Cruz--Reserva Ecológica Cerro Mesa,2026-08-30 04:00,65,138
L2073885,EC,EC-W,,-0.6490456,-90.3927431,Santa Cruz--Royal Palm Hotel,2026-07-09 13:09,43,102
L22257400,EC,EC-W,,-0.7042269,-90.2281125,Santa Cruz--Sendero a la playa La Escondida,2026-04-02 18:33,21,5
L4062825,EC,EC-W,,-0.7561015,-90.3147886,Santa Cruz--Sendero desde Angermeyer Point hacia Las Grietas,2026-09-19 09:44,67,220
L5261978,EC,EC-W,,-0.7526375,-90.3251481,Santa Cruz--Sendero hacia y desde Tortuga Bay (Bosque de Opuntias),2026-09-27 15:11,69,580
L22098990,EC,EC-W,,-0.6667212,-90.4242967,Santa Cruz--Túnel de lava largo (entrada y salida),2026-09-24 17:00,48,210
L1110478,EC,EC-W,,-0.6300532,-90.4369812,Santa Cruz--highlands/tortoise reserve,2026-04-18 09:06,59,246
L471636,EC,EC-W,,-0.6222477,-90.3478865,Santa Cruz--Área general (por favor usar un hotspot más específico),2026-08-25 13:59,90,602
L2076301,EC,EC-W,,-1.0805787,-90.0126801,"Santa Cruz<-->Española pelagic crossing (for ""historical"" checklists only; do not use hotspots for checklists with eBird pelagic protocol)",2025-03-30 14:22,20,18
L11185664,EC,EC-W,,-0.9962961,-90.371312,"Santa Cruz<-->Floreana pelagic crossing (for ""historical"" checklists only; do not use hotspots for checklists with eBird pelagic protocol)",2026-05-07 08:09,26,86
L2679170,EC,EC-W,,-0.8818927,-90.6255341,"Santa Cruz<-->Isabela pelagic crossing (for ""historical"" checklists only; do not use hotspots for checklists with eBird pelagic protocol)",2026-07-14 00:00,67,161
L3290474,EC,EC-W,,-0.8014609,-90.1707173,"Santa Cruz<-->Santa Fe pelagic crossing (for ""historical"" checklists only; do not use hotspots for checklists with eBird pelagic protocol)",2026-09-10 11:18,38,77
L3146158,EC,EC-W,,-0.3992468,-90.4364891,"Santa Cruz<->Bartolome pelagic crossing (for ""historical"" checklists only; do not use hotspots for checklists with eBird pelagic protocol)",2026-09-27 08:40,56,122
L28033719,EC,EC-W,,-0.7414425,-90.3067475,Santa Cruz—Vía de ingreso a la Estación (desde el cementerio hasta el ingreso a la Estación),2026-08-21 12:59,48,111
L18167802,EC,EC-P,,0.0982415,-78.7269817,Santa Elena Cock of the Rock site,2026-08-10 15:30,162,119
L471931,EC,EC-W,,-0.8159202,-90.062313,Santa Fe,2026-08-20 12:39,78,550
L10106792,EC,EC-W,,-0.8037951,-90.0406435,Santa Fe--Bahía Barrington,2026-09-13 16:00,70,725
L22450495,EC,EC-A,,-3.2682047,-79.2940189,Santa Isabel--Inti Kamari Resort,2026-07-03 07:48,46,30
L660774,EC,EC-P,,0.118575,-78.6115444,Santa Lucia Lodge,2026-09-25 06:14,350,1129
L2242515,EC,EC-P,,0.1306971,-78.6666584,Santa Marianita,2026-07-24 15:26,250,529
L29998058,EC,EC-L,,-4.123617,-79.3202251,Santa Rita,2024-03-21 08:25,21,2
L7911993,EC,EC-P,,-0.4861134,-78.4366016,Santa Rita Reserva Ecológica,2026-05-09 12:15,79,43
L16731816,EC,EC-Z,,-3.660736,-78.589862,"Santa Rita,El Pangui",2026-08-24 07:29,114,20
L3634946,EC,EC-O,,-3.4324412,-79.9812876,Santa Rosa Airport Road,2026-05-21 11:01,128,74
L28040095,EC,EC-Z,,-3.9538019,-78.6653578,Santa Rosa Town,2025-03-29 14:00,118,7
L28897027,EC,EC-I,,0.2858,-78.97324,Santa Rosa de Naranjal y alrededores,2005-01-08 12:30,3,1
L678940,EC,EC-O,,-3.4230741,-79.958549,Santa Rosa--shrimp ponds,2026-08-14 15:20,188,88
L16085184,EC,EC-O,,-3.45386,-79.9644493,Santa Rosa--Área general
L10526492,EC,EC-S,,-3.0486681,-78.0065686,Santiago - Tiwinza,2025-12-29 05:39,69,13
L5280716,EC,EC-S,,-3.04,-78.01,Santiago de Tiwintza,2024-11-25 09:21,164,5
L471643,EC,EC-W,,-0.2916514,-90.5668259,Santiago--Bahía Sullivan,2026-09-25 13:42,66,582
L3459396,EC,EC-W,,-0.1908871,-90.8315277,Santiago--Caleta Bucanero,2026-09-10 14:57,66,344
L4946164,EC,EC-W,,-0.3669237,-90.5865884,Santiago--Costa frente a Sombrero Chino,2026-09-05 21:49,54,114
L5851805,EC,EC-W,,-0.2062507,-90.8538008,Santiago--Navigacíon desde Pto. Egas hasta caleta Bucanero,2026-07-22 07:26,55,37
L1800723,EC,EC-W,,-0.2038377,-90.8295975,Santiago--Playa Espumilla,2026-08-10 11:36,59,102
L471967,EC,EC-W,,-0.2447884,-90.8617401,Santiago--Puerto Egas,2026-09-26 16:05,76,1022
L2882128,EC,EC-W,,-0.3519465,-90.5660534,Santiago--Rocas Bainbridge,2025-10-20 10:18,45,71
L2313902,EC,EC-W,,-0.369799,-90.5836272,Santiago--Sombrero Chino,2026-09-12 15:52,56,470
L3640453,EC,EC-S,,-2.9736845,-77.793889,Santiago-Puerto Morona road,2024-02-14 07:25,102,6
L3120581,EC,EC-SD,,-0.2548991,-79.1726933,Santo Domingo de las Tsáchilas--city (*For historical checklists; please use a more precise location when possible),2025-06-16 10:25,125,18
L6780499,EC,EC-G,,-1.8845306,-79.5598698,Santuario Baquerizo Moreno,2026-07-23 16:13,41,4
L57456855,EC,EC-S,,-2.3305346,-78.129727,Santuario Macas,2026-05-10 15:58,67,15
L29939951,EC,EC-P,,-0.303524,-78.4126561,Santuario de Schoenstatt,2024-12-08 11:50,24,7
L22963310,EC,EC-N,,-0.657705,-77.787705,Sarayacu Tanager Lookout,2026-08-22 16:50,169,222
L28753576,EC,EC-N,,-1.105007,-77.592009,Sayani Lodge y alrededores,2026-09-11 06:17,113,29
L28730705,EC,EC-P,,-0.5266497,-78.4232426,Secret Garden Hostel Cotopaxi,2026-06-12 08:31,31,10
L16121734,EC,EC-L,,-3.96021,-79.4813002,"Sector ""Las Chinchas""",2025-11-12 13:47,52,8
L4704805,EC,EC-N,,-0.8749784,-77.7708006,"Sector ""Poroto""",2026-01-21 06:59,141,9
L13269785,EC,EC-Y,,-1.2961612,-76.1524027,Sector - Bameno,2026-06-02 08:28,276,71
L13303581,EC,EC-L,,-4.0587752,-79.6543556,Sector - Catacocha Bajo,2023-07-01 07:30,89,3
L58003533,EC,EC-S,,-2.1821806,-78.1687744,Sector Alto Upano (Bajada al Rio),2025-12-05 15:45,17,1
L9825500,EC,EC-S,,-2.9150958,-78.3659952,Sector Chiviaza,2025-05-10 10:18,101,11
L11615879,EC,EC-L,,-4.3797908,-79.899002,Sector Corrales,2026-06-25 17:22,152,141
L20544119,EC,EC-Y,,-1.44812,-78.1752396,Sector Habitagua,2025-06-19 15:53,34,2
L22382345,EC,EC-A,,-2.5777433,-79.3483308,Sector La Aurora,2025-10-11 12:38,135,39
L6768339,EC,EC-H,,-2.2608544,-79.0743303,Sector Pumapungo,2019-01-26 07:39,108,6
L6120852,EC,EC-Y,,-1.493869,-77.925437,Sector Veracruz--Vía 10 de agosto,2026-03-14 16:50,136,30
L58005819,EC,EC-S,,-2.1628494,-78.0810964,Sector Wuapua,2025-03-01 09:45,1,0
L24407108,EC,EC-Y,,-1.6889403,-77.5670082,Sector Yatapi PumaUrku,2023-11-12 11:43,67,3
L28927788,EC,EC-N,,-1.041472,-77.714939,Selina Amazon Lodge,2026-09-14 15:55,71,16
L33716060,EC,EC-N,,-1.048535,-77.6112413,Selva Verde,2026-08-08 10:39,82,32
L6606410,EC,EC-Y,,-1.414764,-78.002088,Selva Viva,2020-09-12 17:15,44,6
L10504888,EC,EC-I,,0.4675442,-78.4902464,Sendero Almorzadero (Cuellaje),2019-12-17 13:07,29,0
L28381230,EC,EC-Y,,-1.8551317,-77.8308127,Sendero Bajada al Pastaza,2024-08-28 10:48,66,9
L39890695,EC,EC-N,,-0.4613281,-77.894208,Sendero Cascadas de Baeza,2026-09-26 14:20,130,90
L4607173,EC,EC-L,,-4.0855931,-79.2055893,Sendero Caxarumi,2026-08-15 06:52,74,13
L6443767,EC,EC-SE,,-1.8227622,-80.6979427,Sendero Dos Mangas,2025-11-23 08:48,127,14
L11235254,EC,EC-L,,-3.9413066,-79.2217018,Sendero Ecológico Jipiro Sauces Norte,2023-09-09 12:17,31,4
L5044146,EC,EC-P,,-0.2201123,-78.4888709,Sendero Ecológico La Vicentina,2026-02-27 11:54,59,34
L11060605,EC,EC-L,,-3.958357,-79.215921,Sendero Ecológico Orillas del Zamora,2024-10-17 07:33,50,9
L26869281,EC,EC-S,,-3.0301094,-78.1447288,Sendero Ecológico de Tayunts,2023-08-22 11:43,14,1
L57065996,EC,EC-N,,-0.29441,-77.750385,Sendero El Granjerito,2026-01-10 10:39,8,4
L20060612,EC,EC-SE,,-1.792757,-80.759029,Sendero El Magote,2026-03-22 07:03,92,37
L30623296,EC,EC-M,,-1.4382854,-80.7562923,Sendero El Rocío,2025-08-16 08:09,18,1
L15719430,EC,EC-P,,0.0814599,-79.056323,Sendero Frutti Tour & Birdwatching,2026-09-27 13:56,308,3118
L5492815,EC,EC-P,,-0.6295983,-78.6884487,Sendero Iliniza/Iliniza Trail,2026-09-11 17:44,66,22
L19703304,EC,EC-X,,-0.7303953,-78.873034,Sendero Isinlivi <--> Sigchos,2026-08-17 10:33,42,11
L7910089,EC,EC-L,,-3.9434103,-79.2225387,Sendero Jipiro -Sauces-Loja,2025-12-01 15:42,33,2
L8288666,EC,EC-SE,,-1.8946483,-80.6216367,Sendero La Bramona,2026-01-04 06:28,183,37
L10082428,EC,EC-U,,-0.5042125,-76.3610139,Sendero Mandi Lodge-El Pilchi,2026-08-19 06:20,30,2
L28381017,EC,EC-Y,,-1.85878,-77.8278865,Sendero Mirador,2025-02-09 08:45,176,65
L9110640,EC,EC-U,,-0.1006449,-77.5926828,Sendero Mirador de la Hosteria El Reventador,2026-05-02 08:44,74,3
L23660904,EC,EC-N,,-0.9067191,-77.8029677,Sendero Misión,2024-06-01 10:07,77,12
L17157581,EC,EC-T,,-1.4248627,-78.4445639,Sendero Orquideas via Refugio,2025-10-15 10:05,30,2
L7362968,EC,EC-D,,-0.9785625,-75.4297686,Sendero Pumañambi (guardianía Tambococha MAATE),2026-03-17 10:51,168,9
L12042564,EC,EC-S,,-3.008057,-78.5391826,"Sendero Siete Palmos, Tinajillas",2026-04-30 13:21,64,10
L7954111,EC,EC-L,,-4.2051313,-79.2312934,Sendero a el Carmen - Malacatos,2024-12-12 06:30,46,4
L10168825,EC,EC-N,,-0.763902,-77.53713,Sendero a las Termas.,2025-12-14 17:35,105,17
L38681401,EC,EC-T,,-1.2914762,-78.4842709,Sendero cascada de Mundug,2026-09-12 08:00,49,8
L28904459,EC,EC-P,,-0.206531,-78.423387,Sendero de ingreso al Parque Algarrobos (desde el Scala Shopping hasta la entrada del parque),2026-07-21 11:37,47,46
L17397850,EC,EC-T,,-1.4000494,-78.3784713,Sendero de los Contrabandistas,2026-08-15 17:40,30,7
L13288451,EC,EC-Z,,-3.9760708,-79.079014,Sendero del Canal,2024-04-06 07:58,61,5
L10188105,EC,EC-Y,,-1.4658842,-78.1049381,Sendero del Río Alpayacu,2025-09-27 05:30,155,42
L8827471,EC,EC-U,,-0.0250743,-77.509239,Sendero hacia el Reventador-Río Azuela,2019-03-06 06:00,42,2
L28780845,EC,EC-N,,-1.108352,-77.596577,Sendero largo al saladero del río Arajuno,2026-08-05 06:06,100,17
L7892910,EC,EC-D,,-1.01023,-76.93379,Sendero Ñoneno (Shiripuno),2026-09-11 16:39,105,9
L6301455,EC,EC-P,,-0.4687802,-78.4249063,Senderos a las Cascadas de Cóndor Machay y Vilatuña,2026-09-09 09:30,95,64
L471674,EC,EC-W,,-0.3932731,-90.2856445,Seymour norte (senderos y alrededores),2026-09-26 16:38,79,1772
L1905803,EC,EC-Z,,-4.3182033,-78.6670027,Shaime--vicinity,2025-02-16 18:43,385,114
L31407741,EC,EC-S,,-2.0553955,-77.8741783,Shakaim Biological Research Foundation,2024-08-31 14:00,81,5
L9845087,EC,EC-SE,,-1.679639,-80.74172,Shambala,2019-08-24 06:56,69,2
L5600957,EC,EC-N,,-1.0721812,-77.8964753,Shandia Lodge,2026-08-01 06:12,144,13
L11418816,EC,EC-I,,0.267,-77.953,Shanshipamba Bosque de Musgos,2020-05-09 06:15,14,1
L58438188,EC,EC-P,,0.0396109,-78.8759995,ShantihOMe,2026-09-19 12:23,65,2
L53212083,EC,EC-P,,0.0413517,-78.8756316,ShantihOMe Ecolodge,2026-09-12 05:20,159,24
L51173640,EC,EC-L,,-4.6135695,-79.4719573,Sheartail grove,2026-05-18 15:19,42,3
L35685109,EC,EC-Y,,-1.518852,-78.046225,Shell--La Casa Del Árbol,2026-02-21 10:26,104,9
L1817625,EC,EC-Y,,-1.10426,-76.73166,Shiripuno Lodge,2026-09-25 05:54,529,1250
L7576921,EC,EC-D,,-1.0983188,-76.7164913,Shiripuno Lodge--Misterioso Trail,2026-03-12 08:28,71,6
L9200590,EC,EC-D,,-0.448234,-76.856706,Shuar Cultural Center,2026-06-29 09:00,145,19
L23215130,EC,EC-I,,0.37669,-78.45956,Siempre Verde Bird House,2026-08-01 15:16,4,1
L2763224,EC,EC-N,,-0.669653,-77.9239655,SierrAzul Cosanga,2026-02-07 16:23,192,52
L44650209,EC,EC-P,,-0.402816,-78.575587,Sierra Alisos-Hotel de Campo,2026-05-23 12:30,21,4
L10863571,EC,EC-X,,-1.0019364,-79.2387629,Siete Cascadas del Zapanal,2019-07-04 15:00,7,1
L19703259,EC,EC-X,,-0.6997066,-78.8866893,Sigchos (pueblo),2026-09-17 04:30,15,4
L21312586,EC,EC-X,,-0.7064974,-78.880012,Sigchos--Starlight Inn y alrededores,2026-04-21 10:00,14,4
L4902212,EC,EC-A,,-3.0483459,-78.7880951,Sigsig y alrededores,2021-12-12 09:23,53,10
L4157150,EC,EC-A,,-3.0691575,-78.8008652,Sigsig--Laguna del pailon,2022-02-21 14:05,45,12
L25575022,EC,EC-A,,-3.0296387,-78.8053556,Sigsig--Museo de Chobshi,2026-01-08 06:12,40,14
L7889302,EC,EC-N,,-1.0435,-77.806667,Silverio Andy Yutzpuni Community,2025-06-14 15:36,68,8
L57796606,EC,EC-S,,-2.0976407,-78.053188,Sinaí - General Area,2026-08-03 10:39,92,16
L35978898,EC,EC-N,,-1.0452472,-77.6733909,Sinchi Samay,2026-08-28 05:46,89,18
L9517933,EC,EC-N,,-1.0444175,-77.6617864,Sinchi Warmi Amazon Lodge,2026-08-28 13:04,239,116
L7900610,EC,EC-SE,,-1.8833105,-80.6985535,Sitio Nuevo,2018-09-06 11:30,12,1
L30813505,EC,EC-L,,-3.5835398,-79.4802314,Sitio Sabadel,2024-08-09 06:55,18,3
L6558419,EC,EC-L,,-4.34664,-79.76041,Sozoranga - Utuana Road,2026-06-26 14:59,205,158
L2086788,EC,EC-L,,-4.3202436,-79.8142362,Sozoranga--El Tundo Reserve,2026-08-25 06:42,199,136
L679144,EC,EC-L,,-4.3326322,-79.7904396,Sozoranga--vicinity (Zozoranga),2026-09-06 09:33,230,353
L2761985,EC,EC-E,,0.862,-79.8798333,"Sua, Esmeraldas",2024-12-20 07:00,60,5
L10043421,EC,EC-L,,-4.1177541,-79.1785376,Subida Carretero Cajanuma,2026-05-08 08:10,130,55
L76983159,EC,EC-N,,-1.0221464,-77.5961995,Suchipakari,2026-09-15 06:30,71,3
L8012310,EC,EC-N,,-1.0214173,-77.5961448,Suchipakari Jungle Lodge,2026-07-03 06:17,219,118
L54147124,EC,EC-S,,-2.4775654,-78.1680698,Sucua - Campamento Efrata,2025-10-17 09:45,1,0
L3246401,EC,EC-S,,-2.462395,-78.164227,Sucua--pueblo y alrededores inmediatos,2026-08-16 16:05,151,23
L10378638,EC,EC-S,,-2.4245724,-78.180846,Sucúa--Finca El Piura,2026-09-27 18:13,139,39
L37318807,EC,EC-S,,-2.5062244,-78.0764922,Sucúa--Flor del Bosque,2025-05-10 07:00,78,4
L6216267,EC,EC-S,,-2.470188,-78.156763,Sucúa--Jardín Botánico Sucúa,2026-09-19 13:36,159,34
L41972522,EC,EC-N,,-0.7210335,-77.6397668,Sumaco Napo-Galeras NP--Cascada del Rio Hollin,2026-07-19 17:05,81,24
L468857,EC,EC-N,,-0.6843611,-77.6023611,Sumaco Road,2026-09-20 14:16,573,2745
L6852538,EC,EC-N,,-0.6592081,-77.7782679,Sumaco Ñahui,2025-12-20 14:19,211,36
L14544653,EC,EC-Y,,-1.4010366,-78.0666239,Sumak Kawsay In Situ,2026-08-29 06:12,266,155
L68908773,EC,EC-N,,-1.0035669,-77.4255574,Sumak Sacha,2026-09-16 05:01,155,30
L12450020,EC,EC-H,,-2.2347417,-79.0626909,Suncamal y alrededores,2026-05-09 09:10,106,27
L20993879,EC,EC-S,,-2.1111923,-77.7434384,Sunka Biological Station - Cerro Wisui,2026-01-03 07:19,346,125
L5372274,EC,EC-S,,-3.03,-78.17,Suritiak,2014-06-18 07:00,30,1
L5242233,EC,EC-A,,-3.4067764,-79.18293,Susudel y alrededores,2026-01-26 13:18,47,8
L28715938,EC,EC-P,,-0.0638183,-78.7745217,Suyana Eco Park,2026-09-22 06:45,239,301
L859792,EC,EC-P,,-0.0308132,-78.7644625,Séptimo Paraiso,2026-09-26 06:32,447,2250
L8252285,EC,EC-F,,-2.6406401,-78.6897763,Taday y alrededores,2018-11-29 16:00,22,2
L7456137,EC,EC-S,,-2.4367279,-77.4523044,Taisha--FincaUti,2022-12-09 06:22,156,20
L7197442,EC,EC-S,,-2.381077,-77.5076462,Taisha--General Área,2026-09-20 15:22,57,11
L34766203,EC,EC-S,,-2.4195915,-77.5225932,Taisha--Sector San José,2026-09-20 17:28,17,6
L7456090,EC,EC-S,,-2.381802,-77.5118172,TaishaMirador,2025-11-16 15:16,153,86
L5834291,EC,EC-L,,-4.3454699,-79.9074161,Tajapanga Road,2026-07-22 07:46,154,65
L27332574,EC,EC-Y,,-1.3655228,-77.9510021,Tamandua Ecolodge,2025-08-08 14:00,49,11
L11752625,EC,EC-A,,-2.6234038,-79.4618295,Tamarindo-Sector venta de frutas-parte de atrás. Km 103 vía Molleturo-Naranjal,2026-04-26 12:00,63,25
L3166153,EC,EC-P,,-0.459139,-78.323218,Tambo Cóndor Bird Lodge,2026-09-26 14:34,169,4512
L2763617,EC,EC-L,,-4.39471,-79.8572,Tambo Negro IBA,2026-07-31 18:08,104,18
L31270435,EC,EC-P,,0.006051,-78.676794,Tambo Quinde Reserva Natural,2026-09-13 09:12,173,82
L12518423,EC,EC-S,,-3.4406081,-78.5798749,Tambo Viejo,2025-05-17 17:15,81,11
L6603975,EC,EC-D,,-0.9763312,-75.4230738,Tambococha,2026-09-16 08:07,369,91
L5735397,EC,EC-N,,-0.9729299,-77.8001332,Tamia Yura,2025-12-24 07:18,163,11
L468886,EC,EC-P,,0.0023501,-78.6774277,Tandayapa Bird Lodge,2026-09-24 15:13,457,3261
L39351334,EC,EC-P,,-0.0096828,-78.6891675,Tandayapa Ridge,2026-09-21 08:30,151,32
L1907810,EC,EC-P,,0.0101173,-78.676545,Tandayapa--San Jorge Tandayapa,2026-08-28 13:38,419,1282
L1396928,EC,EC-P,,0.015986,-78.675853,Tandayapa--town and lower valley,2026-09-26 12:00,353,454
L1477858,EC,EC-P,,-0.0072443,-78.6791789,Tandayapa--upper valley (Tandayapa<->Bellavista),2026-09-26 16:09,390,891
L5130044,EC,EC-P,,-0.0020599,-78.6818933,Tandayapa-Bellavista general area (*HISTORICAL DATA ONLY; please use a more specific location for current checklists),2026-09-02 07:41,371,86
L12101697,EC,EC-N,,-0.8855524,-77.7697914,Tangaras House Birding,2026-05-30 09:24,147,25
L10526536,EC,EC-S,,-3.0453853,-78.0068351,Tanques de Agua - Tiwinza,2025-01-04 09:31,29,5
L13594011,EC,EC-N,,-0.3731709,-77.867168,Tanques de Agua-Sardinas,2026-02-16 12:03,196,71
L23190212,EC,EC-G,,-2.3110179,-79.7320547,Taura y alrededores,2026-05-20 10:07,55,12
L11344430,EC,EC-L,,-4.220398,-79.242095,Taxiche,2026-07-19 07:34,13,11
L56524856,EC,EC-P,,-0.19189,-78.519467,Teleférico de Quito (boletería y parte baja),2026-08-09 14:20,28,13
L622763,EC,EC-P,,-0.1881834,-78.5354233,Teleférico de Quito (parte alta),2026-09-24 11:05,139,513
L70696598,EC,EC-S,,-2.174066,-78.0791209,Templo del Sangay,2026-08-02 14:46,35,2
L12568204,EC,EC-N,,-0.3774022,-77.8458672,Templo del búho,2026-02-26 09:30,243,113
L35295137,EC,EC-N,,-0.9901613,-77.8488397,Tena - Puka Amazonian Ancestral Living,2026-08-20 10:38,16,4
L28409694,EC,EC-N,,-1.0035699,-77.8049065,Tena--Hostal Pakay,2026-07-12 07:51,72,21
L574543,EC,EC-N,,-0.9869183,-77.807579,Tena--Hotel Auca & Rio Misahualli,2026-05-09 12:55,189,36
L4828137,EC,EC-N,,-0.9830082,-77.8215829,Tena--La Casa Blanca Lodge,2026-08-23 06:27,93,9
L28864557,EC,EC-N,,-1.0346582,-77.8451201,Tena--PAKASHKA-SACHA,2025-04-30 08:38,99,10
L858967,EC,EC-N,,-0.9943608,-77.8158453,"Tena--Parque Amazonico ""La Isla""",2026-09-12 08:08,304,327
L24720872,EC,EC-Z,,-4.1646604,-78.6990361,Tepuy - Las Orquídeas,2024-01-04 11:28,60,1
L12236312,EC,EC-Z,,-3.9230824,-78.4904992,Tepuy Destacamento Militar,2023-05-13 06:30,133,11
L35984466,EC,EC-N,,-0.3765365,-78.1812429,Termas El Pantanal,2026-02-03 10:12,61,17
L59957423,EC,EC-I,,0.327987,-78.547351,Termas Nangulví,2026-03-23 15:26,33,5
L12529854,EC,EC-X,,-1.0487603,-78.7708193,Termas de Aluchán
L2720162,EC,EC-N,,-0.362359,-78.1492066,Termas de Papallacta (Termas Papallacta Hot Springs Resort),2026-09-27 14:00,225,1118
L10079452,EC,EC-N,,-0.3558277,-78.1510441,Termas de Papallacta--Sendero La Isla (Fundación Terra),2026-09-27 12:23,125,198
L9870592,EC,EC-SE,,-2.0782437,-80.7277593,Terminal GLP Monteverde y alrededores,2026-09-01 14:30,112,68
L11350785,EC,EC-I,,0.30076,-78.26747,Terminal Terrestre de Cotacachi
L2762579,EC,EC-SD,,-0.25,-79.16,"Terminal terrestre, Santo Domingo de los Tsáchilas",2020-10-18 09:50,11,3
L7999933,EC,EC-O,,-3.5723811,-79.911291,"Terra Om, Santa Rosa, El Oro",2018-05-05 06:30,55,4
L7673328,EC,EC-P,,-0.0598146,-78.7717637,Terrabambu Lodge,2026-09-19 08:40,244,179
L6978567,EC,EC-P,,-0.0248038,-78.7244822,The Birdwatcher's House - Santa Rosa Bird Lodge,2026-09-25 08:35,344,1748
L41070923,EC,EC-P,,0.1133498,-78.4900203,The Cloud Forest Retreat,2024-07-11 07:00,4,1
L4614452,EC,EC-M,,-0.9535564,-80.4702884,Tierras Amarillas,2021-03-04 16:56,38,4
L6592363,EC,EC-D,,-1.119131,-76.9408736,Tigüino,2024-04-11 06:56,170,5
L2860327,EC,EC-U,,0.2108446,-76.8500599,"Tilapia de Lago, Lago Agrio",2024-04-18 09:13,61,4
L5584499,EC,EC-Z,,-4.0308346,-78.8984938,Timbara,2026-02-22 14:56,106,13
L10684002,EC,EC-S,,-3.0275818,-78.5900465,Tinajillas Conservation Area,2024-11-18 09:48,79,14
L15097574,EC,EC-D,,-0.7900351,-75.5271312,Tiputini (pueblo),2026-03-20 09:07,114,12
L842012,EC,EC-D,,-0.6323444,-76.1520017,Tiputini Biodiversity Station (área general),2026-09-16 09:41,534,995
L27794042,EC,EC-D,,-0.6355419,-76.1651869,Tiputini Biodiversity Station--Laguna,2026-08-18 16:12,181,64
L27796581,EC,EC-D,,-0.6398575,-76.1618381,Tiputini Biodiversity Station--Río Tiputini,2026-09-17 06:44,230,146
L29961142,EC,EC-D,,-0.6300778,-76.1687171,"Tiputini Biodiversity Station--Sendero Maquisapa, parte oeste",2024-03-17 08:59,22,2
L27796460,EC,EC-D,,-0.6430329,-76.1441273,Tiputini Biodiversity Station--Sendero Parahuaco & Chicochico,2026-03-14 06:31,159,13
L27763131,EC,EC-D,,-0.6379492,-76.1494046,Tiputini Biodiversity Station--estación y alrededores,2026-07-22 16:45,418,344
L27762874,EC,EC-D,,-0.6377336,-76.1457894,Tiputini Biodiversity Station--torre,2026-09-15 07:36,339,304
L27796453,EC,EC-D,,-0.6385728,-76.1545661,Tiputini Biodiversity Station--várzea (Sendero Lago y Danta),2026-09-15 15:15,265,96
L27796546,EC,EC-D,,-0.6289951,-76.1527244,Tiputini Biodiversity Station--área terra firme,2026-01-18 10:41,204,38
L67039473,EC,EC-N,,-1.0301538,-77.8015112,Toglo Birding & Nature Reserve.,2026-05-24 10:29,26,5
L8114079,EC,EC-F,,-2.2854548,-79.1062367,Tomebamba--Bosque del señor Rivera,2024-12-15 07:27,202,30
L56426644,EC,EC-E,,0.892199,-79.804938,Tonsupa (poblado y alrededores),2026-02-26 12:53,32,4
L56426826,EC,EC-E,,0.895435,-79.80876,Tonsupa (solamente playa y mar),2026-08-04 07:00,22,9
L18046523,EC,EC-O,,-3.6012948,-79.8866296,Torata y alrededores,2022-03-06 11:00,30,2
L9208686,EC,EC-S,,-3.012233,-78.61251,Torre Zapote - Sendero del Tapir,2026-03-18 15:02,44,3
L36098681,EC,EC-P,,-0.414288,-78.421813,Torre-Mirador de La Moca,2024-08-25 11:35,1,1
L38593209,EC,EC-M,,-0.7651842,-80.2088785,Tosagua - La Ciénaga - Monte oscuro,2025-12-14 07:31,68,5
L38593262,EC,EC-M,,-0.7674912,-80.2165032,Tosagua - Puente Río Carrisal,2025-12-14 06:22,56,5
L38593283,EC,EC-M,,-0.7558202,-80.2116577,Tosagua - Sector 2,2025-05-02 09:41,58,4
L4470721,EC,EC-P,,0.0226168,-78.6945745,Toucan Barbet Ecolodge,2026-09-23 13:13,111,41
L17691965,EC,EC-P,,0.129552,-78.65604,Town of Marianitas,2026-06-14 13:17,110,13
L7888276,EC,EC-O,,-3.668146,-79.849184,Trayecto las Orquídeas-Fatima (por el río),2026-04-10 10:32,19,2
L13566412,EC,EC-N,,-0.2464777,-77.7884988,Tres Cruces - Antenas,2026-09-05 05:56,200,61
L7932579,EC,EC-A,,-3.4670877,-79.1590508,Troncal de la Sierra vía Cuenca-Loja- Sector Oña,2025-08-08 18:15,43,6
L2248448,EC,EC-P,,0.043386,-78.766708,Tucanopy Lodge and Reserve,2026-03-17 00:00,136,19
L37828477,EC,EC-C,,0.801576,-77.8554654,Tufiño (pueblo y alrededores),2025-12-19 09:34,5,3
L37385712,EC,EC-D,,-0.5558308,-75.4756451,Tukunari Lodge,2026-01-23 21:14,69,9
L6453303,EC,EC-P,,0.1266216,-78.7332684,Tulipe,2026-06-20 06:44,92,33
L2691355,EC,EC-P,,0.086336,-78.736214,Tulipe--museum and archaeological site,2026-09-17 07:28,123,71
L22222105,EC,EC-C,,0.5532128,-78.1213735,Tulquizán y alrededores,2023-12-31 14:07,2,0
L2166698,EC,EC-I,,0.55617,-78.12675,Tulquizán--suspension bridge at km 137  Ibarra-San Lorenzo hwy,2023-05-25 18:44,51,26
L11390968,EC,EC-P,,-0.2124111,-78.404617,Tumbaco y alrededores,2026-01-17 10:36,45,33
L6556080,EC,EC-P,,-0.202274,-78.3739758,Tumbaco--Restaurante Chiche,2024-12-30 14:39,49,19
L34798757,EC,EC-I,,0.46156,-78.19164,Tumbambiro y alrededores,2026-09-23 16:05,19,2
L1481428,EC,EC-E,,1.183095,-78.753382,Tundaloma Lodge,2021-01-10 15:47,276,68
L43536512,EC,EC-S,,-1.6888933,-77.958735,Té Sangay,2025-12-24 07:10,109,35
L35845597,EC,EC-Y,,-1.73803,-77.4871533,"UECIB Sarayacu, Pastaza, EC (-1.738, -77.487)",2025-10-02 19:25,21,9
L23885996,EC,EC-SE,,-2.2323284,-80.8762434,UPSE—Facultad de Ciencias del Mar (Estudio preliminar de avifauna),2026-07-13 15:27,62,118
L24150418,EC,EC-X,,-0.9993353,-78.623203,UTC Salache y alrededores,2026-02-20 13:19,31,9
L4312352,EC,EC-A,,-2.901404,-78.7100746,Uchucay y alrededores,2026-06-27 15:53,106,90
L1909859,EC,EC-P,,0.05295,-78.843108,Un Poco del Choco--Reserve & Field Station,2026-09-26 06:33,413,1589
L8877047,EC,EC-S,,-3.0537494,-78.4745678,Unidad Educativa Indanza,2025-12-18 09:47,27,5
L38044119,EC,EC-G,,-2.1312514,-79.5824581,Universidad Agraria del Ecuador (Milagro),2024-05-09 07:55,58,2
L23377878,EC,EC-P,,-0.1990704,-78.5057676,Universidad Central del Ecuador,2026-06-10 11:04,26,31
L7595134,EC,EC-U,,0.074793,-76.8721121,Universidad Estatal Amazónica,2026-08-14 09:39,86,7
L42691832,EC,EC-C,,0.8049933,-77.7343628,Universidad Politécnica Estatal del Carchi (UPEC) y alrededores,2025-04-10 10:00,13,2
L51058030,EC,EC-N,,-0.9504937,-77.8625965,Universidad Regional Amazónica Ikiam,2026-06-26 07:50,145,36
L16085408,EC,EC-O,,-3.2863454,-79.9119216,Universidad Técnica de Machala,2026-05-09 08:36,33,12
L7920013,EC,EC-M,,-1.0441584,-80.4559278,Universidad Técnica de Manabí,2026-04-28 17:37,20,4
L51331093,EC,EC-P,,-0.3145197,-78.4447177,Universidad de las Fuerzas Armadas ESPE,2018-01-26 00:00,1,0
L2453036,EC,EC-P,,-0.2795151,-78.6926866,"Upper Chiriboga Rd. (upper subtropical and temperate zone, >2500m)",2025-09-14 06:15,202,161
L468856,EC,EC-N,,-0.7194912,-77.7143011,"Upper Loreto Road (800-1400m, general area; please use a more precise location when possible)",2026-08-28 15:57,507,287
L22151245,EC,EC-Z,,-4.2618603,-78.6413977,"Upper Tepui, EC (-4,262, -78,641)",2026-05-18 13:35,227,45
L7890535,EC,EC-N,,-1.265722,-77.888778,Urban Center of Santa Clara,2026-09-24 10:33,116,12
L45658700,EC,EC-G,,-2.1858818,-79.989782,Urbanización Laguna Club,2026-08-21 16:07,31,2
L13012039,EC,EC-P,,0.0790666,-79.0339,Urbanización Las Bromelias,2026-07-29 06:32,222,197
L23113178,EC,EC-G,,-2.040708,-79.8985648,Urbanización Villa Club,2024-05-11 08:27,23,2
L19716109,EC,EC-G,,-2.190138,-79.799975,Urbanización Villa Ventura,2026-08-23 10:38,56,10
L33477926,EC,EC-P,,-0.102836,-78.4990122,"Urbanización el Condado, Pichincha, EC (-0.1, -78.499)",2026-09-03 08:16,51,356
L75765206,EC,EC-H,,-1.4559473,-78.7529727,Urcu Wasi Lodge,2026-08-16 06:09,14,2
L5946466,EC,EC-L,,-3.6166469,-79.1771793,Urdaneta-Yacuambi Road,2024-10-06 10:00,26,3
L5949004,EC,EC-Z,,-3.6855147,-79.0186501,Urdaneta-Yacuambi road (Zamora-Chinchipe),2021-03-20 08:30,83,5
L36482940,EC,EC-T,,-1.3383006,-78.4108615,Urku Allipacha,2026-09-02 06:30,118,56
L7094619,EC,EC-A,,-3.32,-79.589,Uzhcurrumi,2025-06-01 07:00,76,8
L17220648,EC,EC-P,,0.2302318,-78.8007578,"VIA SAHUANGAL- SANTA ROSA EC (0.23, -78.801)",2026-08-01 09:00,100,14
L29643108,EC,EC-N,,-0.4794673,-77.7913602,VIRGIN FOREST,2026-09-20 13:45,246,112
L3900607,EC,EC-R,,-0.9445096,-79.3253231,Valencia --La Unión,2026-01-28 14:08,19,1
L11707837,EC,EC-P,,0.0505972,-78.8807631,Valentura,2026-08-05 19:18,225,32
L679314,EC,EC-Z,,-4.5516029,-79.1319864,Valladolid y alrededores,2026-09-13 08:26,431,900
L3968777,EC,EC-L,,-4.4663588,-80.3751612,Valle Hermosa,2021-07-13 06:28,29,1
L4848736,EC,EC-I,,0.4402527,-77.9747772,Valle del Chota,2024-11-29 11:00,71,10
L26784973,EC,EC-F,,-2.60886,-79.010234,Valle y laguna de Patococha,2023-08-21 10:00,27,1
L3900627,EC,EC-R,,-1.4429955,-79.4615681,Ventanas y alrededores,2025-10-27 20:37,2,0
L16366166,EC,EC-F,,-2.2485608,-79.1224618,Ventura y alrededores,2021-09-10 12:00,28,1
L14884168,EC,EC-D,,-0.3733716,-77.2547275,Verde Sumaco,2026-09-10 06:15,150,5
L41414075,EC,EC-L,,-4.374919,-79.884543,Via Achima,2026-08-11 06:38,105,13
L59238451,EC,EC-A,,-2.8548979,-79.0883035,Via Al Cerro Minas,2026-02-26 10:58,14,3
L11836196,EC,EC-A,,-2.71,-79.414,Via Antigua de Molleturo (2300 msnm),2026-08-30 14:58,11,3
L41354828,EC,EC-N,,-0.3800399,-78.1500649,"Via Antigua, Papallacta",2026-09-27 12:59,126,136
L13440326,EC,EC-S,,-3.2074623,-78.7600039,Via Chiguinda - Sigsig,2022-12-21 08:15,94,5
L19227434,EC,EC-A,,-2.6536667,-79.43489,Via Corona de Oro--MonoLoma (1300 msnm),2025-12-13 09:15,92,25
L16612402,EC,EC-A,,-2.6261267,-79.447765,Via Corona del Oro--Camino Del Ingeniero (550msnm),2026-01-20 10:12,75,19
L7357094,EC,EC-L,,-3.9066432,-79.1909766,Via Huacapamba,2026-01-13 06:34,86,5
L19967535,EC,EC-L,,-4.4133242,-80.355928,"Via Huasimo, Limones , Zapallal",2025-03-11 07:47,104,13
L11520290,EC,EC-S,,-2.6751185,-78.3892117,Via Mendez-Cuenca,2024-02-16 17:47,28,3
L39195584,EC,EC-N,,-0.2591474,-77.9609808,Via Oyacachi - El Chaco (sector Manga-Huaycu) 2600 m de altur,2026-01-10 06:43,68,5
L7893836,EC,EC-S,,-2.424008,-77.445929,Via Panki-Shinkiatam,2022-12-03 14:27,95,12
L2183218,EC,EC-N,,-0.6049664,-77.8915644,Via Sierra Azul,2026-09-27 09:43,324,773
L9196722,EC,EC-S,,-3.2080393,-78.7662016,Via Sigsig Chihuinda,2026-03-27 07:37,103,19
L15943638,EC,EC-H,,-1.7161482,-78.6040846,Via a chambo,2014-07-07 07:30,6,0
L679289,EC,EC-L,,-4.2617154,-79.222734,Vilcabamba--Alrededores inmediatos,2026-08-04 09:10,263,470
L28604379,EC,EC-L,,-4.2784109,-79.2260061,Vilcabamba--Eco Resort Izhcayluma,2024-08-02 17:15,42,15
L20446990,EC,EC-L,,-3.9525142,-79.2695524,Villonaco-Sariri,2024-02-23 11:45,40,6
L3969106,EC,EC-R,,-1.5576001,-79.7515211,Vinces,2026-06-29 16:26,59,8
L37704348,EC,EC-T,,-1.3477217,-78.40434,Vizcaya,2026-05-30 06:00,137,29
L27958955,EC,EC-G,,-2.5242365,-80.3106089,Viñedos Dos Hemisferios,2023-11-15 09:52,45,4
L2763211,EC,EC-X,,-0.7596667,-78.7543333,"Volcan Yanaurcu, Cotopaxi",2022-11-05 13:03,44,2
L59069955,EC,EC-P,,-0.0881796,-78.6007435,Volcano Wildlife,2026-09-25 14:58,66,20
L13372576,EC,EC-P,,-0.1625631,-78.5673523,Volcán Rucu Pichincha,2026-09-06 09:30,60,67
L14889223,EC,EC-H,,-2.2346785,-79.0666352,Vía Alterna Suncamal-Río Blanco (bajada),2025-12-20 06:58,128,14
L21252860,EC,EC-A,,-2.7001884,-79.4138671,Vía Antigua de Molleturo,2025-12-13 06:30,71,25
L7238733,EC,EC-Z,,-3.8947617,-78.6737716,Vía Bellavista,2026-04-16 08:45,175,54
L49571766,EC,EC-L,,-4.380418,-79.14784,Vía Cerro Toledo—lower elevations (<2500m),2026-08-19 11:15,122,40
L49572753,EC,EC-L,,-4.385519,-79.124076,Vía Cerro Toledo—temperate forest (>2500m),2026-09-07 13:56,134,45
L5508134,EC,EC-D,,-0.5094843,-76.9542933,Vía Coca-Pitalala,2026-01-13 07:38,262,110
L6818010,EC,EC-G,,-2.6260999,-79.4491982,Vía Corona de Oro--Sector Monoloma,2026-02-13 11:16,88,29
L2254860,EC,EC-A,,-2.6541954,-79.4382825,Vía Corona de Oro--Área general (please use more precise location),2026-09-19 10:18,285,235
L22916625,EC,EC-A,,-2.6311994,-79.4455416,Vía Corona del Oro--Parte baja (700-900msnm),2026-09-19 10:18,168,69
L12042474,EC,EC-S,,-3.0032159,-78.5613651,"Vía Cuenca - Macas, Tinajillas",2025-01-25 06:47,71,10
L6509107,EC,EC-D,,-0.724668,-77.4818999,Vía Econtado,2016-06-18 15:10,27,1
L8070431,EC,EC-SD,,-0.2291032,-79.1322892,"Vía El Placer, San Antonio del Toachi",2024-12-26 13:45,148,92
L8021195,EC,EC-B,,-1.66898,-79.113,Vía El Torneado-Telimbela,2018-10-06 07:00,24,2
L6497701,EC,EC-G,,-2.6075798,-80.4613996,Vía Engabao--Playas,2026-07-08 11:03,123,31
L21329766,EC,EC-Z,,-4.0202663,-78.9572872,Vía Genairo - Pare Alta,2026-05-14 15:28,190,28
L5163054,EC,EC-S,,-2.9992702,-78.6023712,Vía Gualaceo-Limón (provincia Morona-Santiago),2026-02-14 06:00,121,19
L12419021,EC,EC-A,,-2.95162,-78.708588,Vía Gualaceo-Limón (provincia de Azuay),2026-05-19 10:04,61,6
L16407676,EC,EC-M,,-1.0836119,-80.1617004,Vía Guarumo,2023-01-31 18:30,56,2
L7919976,EC,EC-M,,-1.1888006,-80.581791,Vía Jipijapa-Portoviejo (Bosque de ceibos),2021-10-10 00:00,20,2
L49532133,EC,EC-Z,,-4.93775,-79.100275,Vía La Chonta,2026-05-20 07:22,83,7
L12532263,EC,EC-Z,,-3.904449,-78.798168,Vía La Hueca -Zumbi,2023-08-18 16:07,51,3
L2761796,EC,EC-E,,1.09826,-79.1495,Vía Las Peñas,2026-09-19 06:00,323,224
L28995550,EC,EC-L,,-3.9625401,-79.7459343,Vía Lauro Guerrero,2024-01-28 17:35,1,0
L21713316,EC,EC-D,,-0.5394003,-77.2071311,Vía Loreto-Coca (250-450m) *Please use a more precise location when possible.,2026-02-23 10:43,318,32
L10699130,EC,EC-X,,-1.007351,-79.140914,Vía Los Laureles-La Maná,2019-07-20 06:03,67,1
L27957750,EC,EC-N,,-1.047038,-77.663664,Vía Misahuallí-Ahuano (desde la Y de Misahuallí hasta el puente),2026-09-19 18:03,113,16
L2761949,EC,EC-N,,-0.646,-77.8023333,"Vía Narupa-Guacamayos (1200-2100m, general area; please use a more precise location when possible)",2026-06-17 07:13,386,209
L8003311,EC,EC-S,,-2.94961,-78.4265186,Vía Niño Migrante,2024-08-26 11:41,55,6
L30479578,EC,EC-N,,-0.2491255,-78.1376873,Vía Oyacachi - Papallacta,2026-09-13 10:20,37,5
L4202799,EC,EC-D,,-0.4771833,-77.1335101,Vía Paco Playa,2026-08-22 08:10,170,18
L3886340,EC,EC-N,,-0.7279105,-77.5927019,Vía Papanku (Papango Road),2026-09-15 14:15,282,171
L13381228,EC,EC-Z,,-4.6334376,-79.1451586,Vía Paralela al Río Palanda,2026-03-18 06:43,116,11
L10922133,EC,EC-O,,-3.7200751,-79.7043085,Vía Piñas-Capiro,2020-05-10 06:30,7,3
L6419707,EC,EC-H,,-2.2078051,-79.1090151,Vía Río Blanco-Suncamal (subida),2026-09-12 06:26,210,224
L7920047,EC,EC-M,,-1.4314274,-80.750205,Vía Salaite-Machalilla,2023-01-07 12:54,17,2
L27855499,EC,EC-G,,-2.395,-79.248,Vía San Pascual-La Victoria (Guayas),2026-09-19 08:55,158,30
L28115671,EC,EC-G,,-2.3899564,-79.2341798,Vía San Pascual—parte alta (La Victoria),2026-09-22 10:30,225,87
L14902894,EC,EC-G,,-2.350474,-79.240011,Vía San Pascual—parte baja,2026-09-19 11:37,185,62
L10685965,EC,EC-U,,-0.2662205,-76.6505296,Vía Shushufindi--Dormidero de garzas (egret roost),2026-05-15 18:05,123,118
L51345632,EC,EC-N,,-0.45279,-77.8039433,"Vía Sin Nombre, Napo, EC Rio Borja Road",2026-09-25 10:25,60,14
L7095243,EC,EC-A,,-3.302394,-79.5148051,Vía Tendales-Pucará,2023-04-01 21:00,69,6
L6025596,EC,EC-Z,,-4.0227707,-78.8817072,Vía Timbara,2023-11-03 17:00,178,34
L10044423,EC,EC-L,,-4.3046026,-79.5548339,Vía a Cariamanga,2026-07-19 09:43,106,22
L6997870,EC,EC-SE,,-2.4008029,-80.5125525,Vía a Engunga,2023-03-01 10:44,46,6
L2761945,EC,EC-N,,-0.9185,-77.8201667,Vía a Hakuna Matata (Road to Hakuna Matata),2025-11-03 06:14,207,50
L4865763,EC,EC-SE,,-2.0005608,-80.7365939,Vía a Playa Rosada,2016-08-01 00:00,1,0
L7351659,EC,EC-S,,-2.9894667,-78.4328073,Vía a San Antonio,2026-01-30 20:55,121,24
L15871583,EC,EC-F,,-2.5913552,-78.8933664,Vía a San Pedro y alrededores (desde la Panamericana hasta el puente sobre el río Cañar),2025-06-14 08:49,33,11
L34458431,EC,EC-S,,-2.1071248,-77.8045062,"Vía a Taisha, entre Río Macuma y Río Colorado",2026-02-16 09:28,125,33
L10043434,EC,EC-L,,-4.2650803,-79.2185848,Vía a Yamburara,2026-02-21 09:40,64,96
L29022503,EC,EC-N,,-0.428346,-77.870071,Vía a la Hacienda Utopía,2026-02-08 09:29,99,40
L26856490,EC,EC-X,,-0.9506175,-79.0617456,Vía a la comunidad Choasillí (Ñungañan),2026-05-02 06:00,78,9
L21240633,EC,EC-N,,-0.695454,-77.8171,Vía a la estación de bombeo Sarayacu,2026-07-28 15:25,187,132
L33160213,EC,EC-P,,0.044916,-78.8625713,Vía al Pachijal,2026-07-03 12:31,147,4
L13448833,EC,EC-Z,,-4.551237,-79.0768107,Vía al Porvenir del Carmen,2026-04-25 08:30,163,11
L17402857,EC,EC-P,,-0.0104255,-78.4304359,Vía al cerro Catequilla,2025-08-10 07:43,32,33
L10203188,EC,EC-H,,-2.2342598,-79.0999046,Vía al recinto Naranjapata,2025-12-20 06:51,223,26
L13420137,EC,EC-L,,-3.993957,-79.2704894,Vía antigua Loja-Catamayo (old road),2025-10-16 10:21,113,23
L9202539,EC,EC-E,,0.8459363,-79.9091423,Vía antigua Same--Sua,2025-07-13 06:23,170,9
L9113349,EC,EC-U,,-0.1035376,-77.5890172,Vía de ingreso a la cascada San Rafael (Yaku Ñan),2026-05-02 14:24,20,6
L38089626,EC,EC-I,,0.6997,-78.204,Vía desde las Arepas de choclo colombianas,2022-08-10 16:45,16,1
L15060366,EC,EC-Y,,-1.4987514,-77.8260496,Vía hacia La Comunidad Chunchupamba - Parroquia Veracruz,2026-07-07 12:30,124,11
L32111024,EC,EC-S,,-2.4959423,-78.1545347,WILBOR'S LODGE,2024-05-19 15:44,21,1
L20383446,EC,EC-U,,-0.2054062,-75.9254854,Waita Lodge,2026-08-22 16:48,281,126
L34436341,EC,EC-U,,-0.217111,-75.927878,Waita Lodge--Torre de observación,2026-09-05 17:48,124,42
L35188476,EC,EC-S,,-2.2525633,-78.1351826,Wakan Lodging Facility,2025-12-21 07:44,59,17
L34801048,EC,EC-S,,-3.1713605,-78.24721,Warintsa,2025-01-13 10:11,3,0
L30018892,EC,EC-P,,-0.3806259,-78.3733424,"Warmi Brunch & Tambo Condor Art Gallery, Pintag",2025-11-01 10:47,33,28
L11375580,EC,EC-I,,0.2978526,-78.2806778,Wasipunko Expeditions & Tours,2026-08-01 17:25,1,2
L7510501,EC,EC-Z,,-3.8771855,-78.6185503,Waterfalls - Bellavista,2022-12-23 08:30,86,5
L5843594,EC,EC-N,,-0.7046093,-77.8099394,Wayra Reserve,2026-09-27 08:32,508,2492
L51480233,EC,EC-S,,-2.1243561,-78.0804532,Wekain Lodge,2025-10-10 16:27,51,7
L22278860,EC,EC-P,,-0.2964355,-78.4603568,Wikiri Sapoparque,2026-05-25 12:49,26,18
L858993,EC,EC-N,,-0.6755082,-77.6010758,WildSumaco Lodge,2026-09-27 08:48,679,10587
L45837717,EC,EC-D,,-0.6608058,-76.6939642,Wilder Yasuní - Mandaripanga,2026-09-20 07:31,286,146
L29732330,EC,EC-N,,-0.6707948,-77.5982347,Wildsumaco Biological Station,2026-09-20 17:16,317,421
L56897739,EC,EC-I,,0.3284293,-78.5456479,Willka Eco Farm,2026-01-14 09:49,34,4
L9867679,EC,EC-L,,-4.000982,-79.259212,Wind Central Villonaco,2025-08-10 09:57,42,6
L73381351,EC,EC-N,,-0.9441894,-77.4503509,YACUMA ECOLODGE,2026-05-09 18:23,264,41
L77636128,EC,EC-N,,-0.8429667,-77.2336903,Yachana Lodge,2026-09-27 16:30,400,253
L74820834,EC,EC-I,,0.404189,-78.17458,Yachay Tech y alrededores,2026-08-04 09:35,24,4
L74819922,EC,EC-I,,0.404134,-78.168298,Yachay Tech--Humedal,2026-04-04 10:34,8,2
L21349464,EC,EC-N,,-0.7213879,-77.7082729,Yacu Reserve,2026-09-21 06:37,299,314
L29211103,EC,EC-Z,,-3.5821612,-79.0339674,Yacuambi - Shelter Kundurshillu Road,2024-02-25 11:22,24,2
L8605869,EC,EC-N,,-0.944387,-77.450599,Yacuma Lodge,2026-07-27 18:58,373,145
L3994695,EC,EC-P,,-0.2174676,-78.5187694,"Yaku, Museo del Agua",2026-08-13 18:07,56,49
L3900555,EC,EC-X,,-1.111972,-78.570694,Yambo--Pigalo Grande,2004-03-18 11:20,1,0
L40869260,EC,EC-P,,-0.121469,-78.5721944,Yanacocha Polilepys Forest,2026-09-15 08:05,62,9
L471438,EC,EC-N,,-0.5978643,-77.8918219,Yanayacu Biological Station,2026-09-22 06:04,380,1093
L2851299,EC,EC-L,,-4.3644864,-79.1765356,Yangana,2026-08-21 07:11,133,76
L4912404,EC,EC-S,,-3.04,-78.38,Yanguza,2012-07-23 06:30,35,1
L27405741,EC,EC-Z,,-3.8207506,-78.7593555,Yanzatza -Vecinity,2026-03-05 13:21,114,22
L1817988,EC,EC-D,,-0.465659,-76.84412,Yarina Lodge,2026-07-11 06:15,462,502
L10875205,EC,EC-P,,-0.1611461,-78.3196436,Yaruquí y alrededores,2026-07-30 06:45,46,21
L5495110,EC,EC-D,,-0.4770271,-76.9954959,Yasuniland,2026-09-24 11:12,337,111
L37842952,EC,EC-S,,-2.2044922,-78.1176616,Yellow-bellied Tanager's Patch,2026-08-21 11:14,154,91
L4910603,EC,EC-S,,-2.99,-78.23,Yukianza - La Unión,2025-02-23 13:34,67,4
L4890908,EC,EC-A,,-2.82,-79.03,Yuragcaca,2022-07-29 16:00,5,1
L1817973,EC,EC-D,,-0.548078,-76.041603,Yuturi Lodge,2017-01-24 07:24,472,137
L10196800,EC,EC-U,,-0.3919949,-75.6151174,Zabalo (Territorio Cofán),2026-03-09 10:30,366,133
L44230728,EC,EC-Z,,-3.6433819,-78.5759956,"Zamora Chinchipe, El Pangui, Barrio  8 de Diciembre",2026-07-30 17:50,94,22
L1814297,EC,EC-Z,,-4.015,-78.8846,Zamora--Cumbaratza Airport and vicinity,2026-09-12 15:12,208,94
L1898477,EC,EC-Z,,-4.0978549,-78.9629724,Zamora--Río Bombuscaro Road,2026-07-22 10:53,409,310
L2853784,EC,EC-Z,,-4.0675001,-78.9527321,Zamora--Town and vicinity,2026-08-23 17:24,334,307
L49747889,EC,EC-Z,,-4.06524,-78.956807,Zamora—Parque Lineal,2026-09-11 15:56,45,21
L16422946,EC,EC-U,,-0.6540026,-75.260322,Zancudo (Ecuador),2026-05-22 08:36,108,28
L33360708,EC,EC-L,,-4.4095127,-80.2910652,Zapotillo (3 km al norte) (Sitio el Don),2025-11-18 08:06,18,5
L11962669,EC,EC-L,,-4.364432,-80.272726,Zapotillo - El Carrizo,2025-12-14 11:00,61,4
L2243441,EC,EC-L,,-4.3697115,-80.2605042,Zapotillo--Relleno Sanitario and vicinity,2026-05-19 11:23,181,265
L2243491,EC,EC-O,,-3.6921542,-79.6143665,Zaruma--vicinity,2026-07-25 13:07,135,32
L7758862,EC,EC-P,,-0.1866895,-78.3555838,Zaysant Ecolodge,2026-09-27 06:30,100,895
L12634370,EC,EC-Z,,-4.0441842,-78.9476408,Zona - Genairo,2026-05-14 17:20,134,21
L7360169,EC,EC-Y,,-1.3962098,-78.0976439,Zona de Amortiguamiento - PN Llanaganates,2026-05-24 11:37,68,7
L7323882,EC,EC-S,,-2.2039156,-78.0863222,Zona de Cafetal - Finca Upano,2021-03-13 11:00,117,9
L14806491,EC,EC-N,,-0.7766581,-77.7935457,Zona de Usa Yaku,2026-06-08 12:43,155,23
L22182384,EC,EC-S,,-2.7487446,-78.4197557,Zonal de Amortiguamiento Parque Nacional Río Negro Sopladora,2025-04-27 09:06,93,36
L6579353,EC,EC-P,,-0.0721139,-78.3572012,Zoológico de Guayllabamba,2026-08-13 10:08,72,134
L1896567,EC,EC-Z,,-4.8629674,-79.1329718,Zumba y alrededores,2026-05-19 16:50,194,52
L20490376,EC,EC-X,,-0.9609765,-78.898891,Zumbahua y alrededores,2026-08-18 09:08,19,3
L20084618,EC,EC-Z,,-3.8940228,-78.7799338,Zumbi Area,2025-11-13 11:51,88,37
L1759678,EC,EC-Z,,-3.9397833,-78.6931801,Zumbi-Guayzimi Road,2026-04-09 15:44,260,166
L55830943,EC,EC-S,,-2.18813,-78.3591723,Zúñac y alrededores,2026-08-09 09:00,54,5
L3460274,EC,EC-P,,-0.1592941,-78.5031724,cochapamba sur,2026-09-23 18:24,66,373
L3235516,EC,EC-U,,0.1671979,-76.2148941,marsh 1.5 km N of Tipishca,2026-05-13 10:00,203,10
L28613824,EC,EC-N,,-1.1422074,-77.7842546,rio piatua,2024-07-04 10:41,84,2
L24125951,EC,EC-Z,,-3.8233768,-78.6664575,road to swan queen,2025-02-26 07:37,147,7
L6743566,EC,EC-Y,,-1.4636832,-78.0025005,ÁREA DE LA UEA,2026-07-13 14:30,75,16
L12042304,EC,EC-S,,-3.018384,-78.5902262,Área Ecológica de Conservación Tinajillas,2026-01-04 15:00,158,44
L5605571,EC,EC-X,,-0.6188058,-78.5770404,Área Nacional de Recreación El Boliche,2025-10-05 15:45,68,24
L2761553,EC,EC-G,,-2.2192411,-80.0979602,Área Nacional de Recreación Parque El Lago,2026-09-25 12:13,225,415
L8926383,EC,EC-G,,-1.9178421,-80.1920771,Área de Conservación La Esperanza,2025-06-20 12:00,108,19
L8152069,EC,EC-O,,-3.704302,-79.7756674,Ñalacapa,2018-11-08 13:25,36,5
L8011049,EC,EC-O,,-3.71602,-79.806317,Ñalacapa-Fátima camino de herradura,2018-10-04 07:00,22,2
