L64883080,GR,GR-E,GR-E-24,39.47758,23.091,'Ορος Πήλιο--Δάσος Πουρίου (Mt Pelion--Pouri forest),2026-06-27 14:03,34,4
L20922471,GR,GR-J,GR-J-43,36.4395917,23.1414258,Agios Nikolaos Petrified forest (Απολιθωμένο Δάσος Αγίου Νικολάου Νεάπολης),2026-09-01 16:52,24,3
L71612102,GR,GR-G,GR-G-39,37.7069456,21.3224888,Aldemar Olympian
L28061256,GR,GR-G,GR-G-38,38.7383678,20.9522998,Aκαρνανικά Όρη--Αγία Παρασκευή (Mts Akarnanika--Agia Paraskevi),2026-09-26 13:33,63,20
L55018464,GR,GR-D,GR-D-18,39.5462,20.788,Aρχαιολογικός χώρος Δωδώνης (Archaeological site of Dodoni),2026-05-12 11:06,20,1
L32033401,GR,GR-F,GR-F-32,39.6231478,19.9274334,Corfu Old Town (Παλιά Πόλη Κέρκυρας),2026-09-25 11:35,72,97
L15210651,GR,GR-A,GR-A-02,41.1552734,24.2913234,Drama-Paranesti,2023-09-14 09:30,79,28
L16764143,GR,GR-D,GR-D-19,38.98557,20.97026,"EΠ Υγροτόπων Αμβρακικού* (Amvrakikos Wetlands NP, use more precise loc.)",2026-09-24 20:20,264,663
L31184314,GR,GR-J,GR-J-43,36.760719,22.561484,Gytheio (Γύθειο),2025-10-08 13:18,32,8
L19279640,GR,GR-A,GR-A-03,41.0781502,26.2614899,Hide Λύρας (Lira Hide Wildlife Explorers),2026-01-25 09:05,82,15
L18719765,GR,GR-J,GR-J-44,36.8715974,21.6980421,"KAZ Αγ.Νικoλάου Πύλου (Agios Nikolaos Wildlife Refuge, Pylos)",2022-04-27 11:00,22,2
L34202650,GR,GR-L,GR-L-60,36.3757175,25.4823608,Kamari village (Καμάρι),2026-09-09 18:42,10,6
L71386005,GR,GR-D,GR-D-18,40.0479784,20.7527081,Konitsa village (Κόνιτσα),2026-06-21 09:00,22,2
L9703829,GR,GR-B,GR-B-13,40.1960115,23.7593937,Manolaki Pond,2026-06-29 17:16,24,5
L75612732,GR,GR-A,GR-A-03,41.09038,26.13448,Mount Capsalo,2014-05-17 07:30,13,2
L1782291,GR,GR-K,GR-K-53,39.0624229,26.3921181,NA Δάσος Αγιάσου (SE Agiasos forest),2026-06-10 06:45,139,48
L77413026,GR,GR-C,GR-C-16,40.333344,20.971538,National Reconciliation Park,2026-09-19 09:10,37,1
L53589616,GR,GR-B,GR-B-13,40.244817,23.277053,Nea Moudania,2026-07-11 14:23,32,4
L25895789,GR,GR-E,GR-E-25,39.3451979,24.3216568,Nήσος Πιπέρι (Piperi island),2024-09-04 17:13,15,4
L25919069,GR,GR-E,GR-E-25,39.112364,23.979923,Nησίδες Αδελφοί (Adelfoi islets),2023-07-11 19:00,9,1
L58676334,GR,GR-J,GR-J-43,37.0803156,22.4420396,"River Evrotas, Sparta",2026-09-13 09:24,27,4
L55722203,GR,GR-J,GR-J-44,36.8457514,22.2595047,Stoupa -- Town,2026-09-08 07:57,36,4
L71424040,GR,GR-D,GR-D-19,39.4348504,21.2103055,Theodoriana village & surrounding area (Θεοδώριανα & πέριξ),2026-07-10 11:48,34,5
L6742296,GR,GR-E,GR-E-22,39.5590437,22.7116842,Tαμιευτήρας Καλαμακίου (Kalamaki reservoir),2026-09-15 17:09,143,57
L37141521,GR,GR-M,GR-M-71,35.163002,25.1458269,XYTA Αρχανών Αστερουσίων (Archanes landfill),2026-08-22 08:49,41,8
L18608369,GR,GR-A,GR-A-01,40.9738069,25.4221058,Xilagani (Ξυλαγανή Ροδόπης),2022-04-21 13:14,14,1
L8210845,GR,GR-J,GR-J-42,37.922,23.127,΄Αγιοι Θεόδωροι (Agioi Theodoroi),2026-09-26 07:45,133,370
L31091389,GR,GR-K,GR-K-53,39.1406264,26.2423005,Άγ. Παύλος Λέσβου--Λιμανάκι Σκάλα Βασιλικών (Agios Pavlos--Skala Vasilikon port),2026-09-26 09:37,49,11
L2797000,GR,GR-69,GR-69-99,40.1683801,24.3237305,Άγιο Όρος (Mt Athos),2026-05-27 08:45,36,12
L9478892,GR,GR-H,GR-H-31,38.36905,22.28637,Άγιοι Πάντες Φωκίδας (Agioi Pantes village),2022-06-03 08:04,18,4
L21403406,GR,GR-J,GR-J-41,37.2938739,23.1978782,Άγιος Αιμιλιανός (Agios Emilianos),2024-09-01 16:00,13,3
L30093055,GR,GR-I,GR-I-52,36.2407409,23.0854005,"Άγιος Γιώργης Κυθήρων (Church of St George, Kythira)",2025-08-16 08:30,22,2
L54595625,GR,GR-L,GR-L-58,37.454767,24.9454363,Άγιος Δημήτριος Σύρου (Agios Dimitrios settlement),2026-09-24 08:05,33,30
L7127931,GR,GR-I,GR-I-49,37.7178656,23.9235749,"Άγιος Νικόλαος Αναβύσσου (Agios Nikolaos, Anavissos)",2026-03-04 07:41,33,10
L1120162,GR,GR-M,GR-M-72,35.1916,25.7149,Άγιος Νικόλαος Λασιθίου (Agios Nikolaos town),2026-09-18 19:08,93,30
L5385218,GR,GR-L,GR-L-70,37.5355486,25.1854343,Άγιος Φωκάς Τήνου (Agios Fokas village),2025-08-03 08:29,62,8
L16203647,GR,GR-C,GR-C-14,40.3126014,21.7693926,Άι Λιας Κοζάνης (Kozani--Ai Lias),2025-09-02 17:00,81,28
L18668851,GR,GR-G,GR-G-38,38.6397017,21.4235115,Άλσος Αγίου Χριστοφόρου (Agios Christoforos parkland),2026-03-07 17:00,67,29
L62898105,GR,GR-H,GR-H-31,38.3787127,22.3925903,Άλσος Γαλαξιδίου (Galaxidi grove),2026-09-06 07:50,15,2
L27308036,GR,GR-I,GR-I-51,37.9742951,23.6371601,"Άλσος Δεξαμενής Νίκαιας (Dexameni grove, Nikaia)",2025-12-07 21:37,55,16
L7986836,GR,GR-I,GR-I-45,37.9741857,23.7580024,Άλσος Ιλισίων (Ilisia grove),2026-09-21 19:15,71,94
L17272137,GR,GR-I,GR-I-46,38.061409,23.790219,Άλσος Κάσδαγλη (Kasdaglis grove),2026-04-14 12:49,60,33
L11142783,GR,GR-I,GR-I-46,38.0535076,23.7896149,Άλσος Κατσίμπαλη (Katsimpali grove),2026-04-18 13:24,62,184
L49485598,GR,GR-I,GR-I-46,38.0693145,23.8302921,Άλσος Κεφαλαρίου (Kefalari Grove),2026-04-16 15:37,49,6
L7712686,GR,GR-I,GR-I-46,38.0729857,23.8098943,Άλσος Κηφισιάς (Kifisias Grove),2026-08-11 18:00,43,21
L11593124,GR,GR-I,GR-I-49,38.110052,23.8696604,"Άλσος Κόκκινο Χωράφι Δροσιάς (Kokkino Chorafi park, Drosia)",2015-04-16 16:00,15,1
L43074983,GR,GR-J,GR-J-41,37.384534,23.258135,"Άλσος Μπίστι Ερμιόνης (Bisti Grove, Ermioni)",2026-05-24 15:29,16,2
L46418968,GR,GR-I,GR-I-47,37.9952352,23.6771544,Άλσος Μπαρουτάδικο (Mparoutadiko grove),2026-09-27 07:17,54,42
L7948413,GR,GR-I,GR-I-48,37.949543,23.716534,Άλσος Νέας Σμύρνης (Nea Smyrni grove),2026-09-24 08:23,60,81
L8185393,GR,GR-I,GR-I-45,38.0408038,23.7432099,Άλσος Νέας Φιλαδέλφειας (Nea Filadelfeia grove),2026-05-16 08:50,45,10
L16120822,GR,GR-I,GR-I-45,37.9689667,23.7463796,Άλσος Παγκρατίου (Pangrati Grove),2026-06-20 19:52,27,7
L36398665,GR,GR-I,GR-I-46,37.9933715,23.7944186,Άλσος Παπάγου (Papagou Grove),2024-09-23 07:29,20,1
L50275589,GR,GR-I,GR-I-51,37.94016,23.655492,"Άλσος Προφήτη Ηλία Πειραιά (Prophet Elias grove, Piraeus)",2026-06-20 07:47,20,6
L17658387,GR,GR-K,GR-K-53,39.1091676,26.5632463,"Άλσος Τσαμάκια Μυτιλήνης (Tsamakia park, Mitilini)",2026-08-24 12:20,58,26
L27643830,GR,GR-I,GR-I-46,37.9967873,23.8015245,Άλσος Χολαργού (Cholargos Grove),2025-05-01 18:00,19,4
L7896966,GR,GR-I,GR-I-45,37.9891955,23.7710881,Άλσος Χωροφυλακής (Chorofylaki grove),2026-07-02 19:18,46,39
L1121876,GR,GR-H,GR-H-31,38.528,22.3771,Άμφισσα (Amfissa),2026-08-23 00:00,20,5
L8423077,GR,GR-K,GR-K-53,39.3163677,26.1464911,Άναξος Λέσβου (Anaxos village),2026-04-26 00:00,108,37
L31122868,GR,GR-K,GR-K-53,39.2329896,25.9806784,Άντισσα Λέσβου (Antissa village),2026-05-05 07:06,31,15
L20648731,GR,GR-L,GR-L-66,37.4475393,25.3912281,Άνω Μερά Μυκόνου (Ano Mera town),2026-09-25 00:00,52,11
L4117305,GR,GR-B,GR-B-07,40.6434981,22.9532526,Άνω Πόλη και κάστρο Επταπύργιο (Ano Poli & Eptapyrgio castle),2026-07-17 18:00,69,73
L72982801,GR,GR-L,GR-L-58,37.450031,24.935581,Άνω Σύρος (Ano Syros town),2026-07-02 00:00,3,0
L17451867,GR,GR-B,GR-B-13,40.0948579,23.4406289,Άφυτος (Afytos),2026-08-14 17:20,54,3
L2782014,GR,GR-B,GR-B-10,40.8002962,22.0454407,Έδεσσα (Edessa town),2026-03-23 18:00,60,8
L6334702,GR,GR-A,GR-A-01,40.9365995,25.3670239,Έλη Ίμερου (Imeros Marshes),2026-08-19 09:50,175,42
L31077286,GR,GR-A,GR-A-06,40.9505318,24.9945909,Έλη Αβδήρων (Avdira Marshes),2025-05-25 15:16,51,7
L4907400,GR,GR-D,GR-D-20,39.6111887,20.1947808,Έλη Σαγιάδας (Sagiada marshes),2026-08-23 18:57,145,31
L9786678,GR,GR-A,GR-A-06,40.9733843,25.0152322,Έλη και παραλία Μάνδρας(Mandra marshes and coastal area),2026-05-25 15:45,162,77
L11407543,GR,GR-L,GR-L-67,36.9653806,25.4269412,Έλος Αγιασσού (Agiassos marsh),2026-03-04 11:47,50,11
L23002271,GR,GR-G,GR-G-37,38.2799132,21.7480447,Έλος Αγυιάς (Agyia marsh),2026-07-21 07:26,49,16
L43614459,GR,GR-A,GR-A-06,40.9580225,24.9913577,Έλος Αλμύρα Βελόνης (Almyra Velonis Marsh),2026-05-10 16:45,69,3
L6288976,GR,GR-K,GR-K-53,39.1319042,26.2121357,Έλος Αλυκούδι (Alykoudi marsh),2026-05-18 14:33,114,78
L992365,GR,GR-D,GR-D-21,39.2411581,20.4887639,Έλος Αμμουδιάς & εκβολή ποταμού Αχέροντα (Ammoudia marsh & Acheron river estuary),2026-08-21 08:00,134,62
L42153971,GR,GR-I,GR-I-52,37.9501406,23.5377158,"Έλος Αρχαίου Λιμένα Σαλαμίνας (Ancient Harbor marsh, Salamis)",2026-09-26 08:53,72,58
L19624774,GR,GR-M,GR-M-71,35.041587,24.7604488,Έλος Αφραθιά (Afrathias marsh),2026-09-16 00:00,144,62
L18822401,GR,GR-K,GR-K-53,39.1505584,26.2646367,Έλος Αχλαδερής (Achladeri marsh),2026-09-26 09:14,127,91
L5589357,GR,GR-E,GR-E-26,39.5877912,21.6710827,Έλος Διαλεχτού (Dialechto marsh),2026-04-07 07:57,107,64
L9582237,GR,GR-K,GR-K-55,39.8596324,25.1713024,Έλος Διαπορίου (Diapori marsh),2026-06-14 11:40,73,20
L6745349,GR,GR-L,GR-L-67,36.9375325,25.4711494,Έλος Καλαντού (Kalantos marsh),2026-06-03 19:45,102,35
L2347032,GR,GR-D,GR-D-20,39.3082839,20.4595991,Έλος Καλοδικίου (Kalodiki marsh),2026-08-11 13:40,122,47
L41633604,GR,GR-D,GR-D-18,39.9192677,20.6083878,Έλος Καλπακίου (Kalpaki marsh),2024-04-08 00:00,17,2
L6288986,GR,GR-K,GR-K-53,39.1996609,26.2795701,Έλος Καντρίου (Kandri marsh),2026-08-23 10:13,147,76
L67842265,GR,GR-G,GR-G-38,38.8366923,21.1029942,Έλος Κατούνας (Katouna marsh),2026-05-26 12:32,35,2
L13001853,GR,GR-F,GR-F-33,37.6851162,20.8341829,Έλος Κερίου (Keri marsh),2026-09-24 10:05,69,15
L51053015,GR,GR-A,GR-A-05,40.8585091,24.7199356,Έλος Κεραμωτής (Keramoti Marsh),2026-08-10 14:00,24,3
L55441621,GR,GR-K,GR-K-55,39.883787,25.26988,Έλος Κουκονησίου (Koukonisi marsh),2026-08-30 15:30,49,11
L28894108,GR,GR-E,GR-E-24,39.0175423,22.9581412,Έλος Λειχούρας (Lichoura marsh),2026-08-25 19:43,71,11
L23838116,GR,GR-H,GR-H-27,38.9055104,22.8360551,Έλος Λιασικίου (Liasiki marsh),2026-04-13 12:35,30,6
L2831038,GR,GR-F,GR-F-35,38.281134,20.432564,Έλος Λιβάδι (Livadi marsh),2026-09-27 17:15,196,266
L1240296,GR,GR-M,GR-M-71,35.2945493,25.4849768,Έλος Μαλίων (Malia marsh),2026-07-11 08:19,116,49
L10681013,GR,GR-M,GR-M-74,35.5736641,24.0799453,Έλος Μαχαιρίδας (Macherida marsh),2026-09-26 09:55,107,149
L12440171,GR,GR-I,GR-I-49,38.1024017,23.978705,Έλος Μπρέξιζας (Brexiza marsh),2026-07-24 07:13,55,23
L28893660,GR,GR-E,GR-E-24,39.1086982,22.9316486,Έλος Νηών (Nies marsh),2024-09-22 11:42,27,4
L1801211,GR,GR-K,GR-K-53,39.1162102,26.4570522,"Έλος Ντίπι Λάρσου (Dipi marsh, Larsos)",2026-05-22 12:35,163,102
L4613232,GR,GR-K,GR-K-53,39.0883831,26.1256396,Έλος Νυφίδας (Nifida marsh),2026-09-17 11:25,57,14
L18569247,GR,GR-K,GR-K-53,39.1557867,26.5303715,Έλος Πάμφιλων (Pamfila marsh),2026-03-14 13:52,28,5
L6305057,GR,GR-K,GR-K-53,39.1788528,26.1535613,Έλος Παράκοιλων (Parakila marsh),2026-05-21 16:49,135,136
L5006996,GR,GR-L,GR-L-68,37.0929081,25.1573047,Έλος Παροικιάς (Parikia saltmarsh),2026-07-13 10:51,75,23
L32120443,GR,GR-L,GR-L-67,36.9790585,25.3970043,Έλος Ποταμίδες (Potamides marsh),2026-09-25 07:57,106,63
L74347212,GR,GR-B,GR-B-13,39.967566,23.9246322,Έλος Πόρτο Κουφού (Porto Koufo Marsh),2026-07-25 15:52,5,1
L39094717,GR,GR-J,GR-J-41,37.413543,23.368028,Έλος Σαμπάριζας (Sampariza Marsh),2025-10-14 10:43,34,3
L1780758,GR,GR-K,GR-K-53,39.2074482,26.2054471,Έλος Σκάλας Καλλονής (Skala Kallonis marsh),2026-09-23 21:50,219,582
L17148943,GR,GR-E,GR-E-24,39.1484943,22.8564925,Έλος Σούρπης (Sourpi marsh),2025-10-29 09:46,128,28
L74338640,GR,GR-B,GR-B-13,39.9987549,23.8740906,Έλος Τριστινίκας (Tristinika Marsh),2026-07-25 13:40,11,1
L10849214,GR,GR-B,GR-B-07,40.5130027,22.9419214,Έλος Τσαΐρια (Tsairia marsh),2026-08-19 09:40,152,81
L25491856,GR,GR-L,GR-L-65,37.138581,24.5308101,"Έλος Τσιλιπάκι Σερίφου (Tsilipaki marsh, Serifos)",2025-11-27 15:36,61,9
L39244743,GR,GR-J,GR-J-40,37.0743853,22.969583,Έλος Φωκιανού (Fokiano Marsh),2025-01-01 13:36,12,1
L4291239,GR,GR-K,GR-K-53,39.0185823,26.5571013,Έλος Χαραμίδας (Haramida marsh),2026-06-02 07:58,161,125
L8245581,GR,GR-I,GR-I-50,38.1083924,23.2209747,Έλος Ψάθας (Psatha Marshes),2021-07-24 17:40,47,8
L7435819,GR,GR-K,GR-K-53,39.1549485,25.9675759,Έλος διαδρομής Ερεσού προς Μεσότοπο (Eresos to Mesotopos marsh),2026-08-15 18:00,94,17
L33888236,GR,GR-A,GR-A-05,40.9632797,24.4943857,Έλος δυτικά Νέας Καρβάλης (Marsh west of Nea Karvali),2024-06-25 10:00,11,0
L25088291,GR,GR-A,GR-A-01,41.116603,25.182671,"Ίασμος Ροδόπης (Iasmos, Rodopi)",2024-05-21 16:24,60,5
L77231906,GR,GR-M,GR-M-72,35.1264231,25.7517141,"Ίστρο Λασιθίου (Istro, Lasithi)",2026-09-20 07:10,20,5
L9127313,GR,GR-L,GR-L-62,35.7405631,27.174351,Όλυμπος Καρπάθου (Olympos village),2026-08-30 17:26,52,10
L12838624,GR,GR-H,GR-H-29,38.6666086,24.0710164,Όρη Αλοκτέρι & Ορτάρι (Mts Alokteri & Ortari),2013-08-14 17:00,28,4
L2917393,GR,GR-E,GR-E-26,39.7702174,21.6633502,Όρη Αντιχάσια (Mts Antichasia),2026-05-18 13:05,115,32
L7180275,GR,GR-M,GR-M-71,34.9631641,25.09529,Όρη Αστερούσια (Mts Asterousia),2026-09-18 12:30,92,76
L18979114,GR,GR-M,GR-M-71,34.969325,25.1320241,Όρη Αστερούσια--Παράνυμφοι (Mts Asterousia--Paranymphoi),2026-05-13 09:30,30,6
L26708549,GR,GR-D,GR-D-19,39.1245857,21.2819282,Όρη Βάλτου (Mts Valtou),2025-12-14 00:00,42,18
L31115861,GR,GR-G,GR-G-38,39.019861,21.336704,Όρη Βάλτου--Καλάνα (Mts Valtou--Kalana),2026-05-19 13:00,37,4
L6520775,GR,GR-H,GR-H-31,38.6945861,22.1306122,"Όρη Βαρδούσια* (Mts Vardousia, use more precise loc,)",2026-08-27 08:30,72,21
L54665637,GR,GR-H,GR-H-31,38.7019488,22.1882258,Όρη Βαρδούσια--Ανατολικά (Mts Vardousia--East),2026-06-29 07:29,35,6
L76480599,GR,GR-D,GR-D-21,39.145642,20.678571,Όρη Ζαλόγγου--Καμαρίνα προς Κρυοπηγή (Zalongo Mts--Kamarina to Kriopigi),2026-09-10 00:00,15,3
L74305914,GR,GR-D,GR-D-21,39.125233,20.65681,Όρη Ζαλόγγου--ΝΔ Πρόποδες (Mts Zalongo--SW foothills),2026-09-02 00:00,10,2
L11716076,GR,GR-D,GR-D-20,39.515609,20.5205456,Όρη Παραμυθιάς (Mts Paramithias),2024-07-04 19:40,107,32
L76599909,GR,GR-L,GR-L-69,36.32412,28.20722,Όρμος & λόφος Anthony Quinn (Anthony Quinn bay & hill),2026-09-02 11:11,8,1
L65537644,GR,GR-G,GR-G-38,38.869439,20.796469,Όρμος Αγίου Νικολάου (Agios Nikolaos bay),2026-05-09 00:00,14,1
L4544085,GR,GR-F,GR-F-32,39.6359384,19.8782807,Όρμος Αλυκών Κέρκυρας (Alykes bay),2026-09-26 18:00,39,5
L18536077,GR,GR-H,GR-H-29,38.84993,24.53452,"Όρμος Αχερούνες Σκύρου (Acherounes bay, Skyros)",2026-09-21 14:45,42,6
L11152031,GR,GR-H,GR-H-29,38.8701432,24.5765861,"Όρμος Αχιλλίου Σκύρου (Ahcilli bay, Skyros)",2015-01-23 00:00,4,0
L16337092,GR,GR-F,GR-F-36,38.6842509,20.7046152,Όρμος Βλυχού (Vlicho bay),2026-09-07 14:38,45,11
L32109277,GR,GR-F,GR-F-32,39.6539376,19.8442162,Όρμος Γουβιών (Gouvia bay),2026-09-23 08:56,41,15
L8014943,GR,GR-F,GR-F-32,39.6801852,19.8358552,Όρμος Δασσιάς (Dassia bay),2026-09-24 07:44,51,9
L7870435,GR,GR-K,GR-K-54,37.6314707,26.1791503,Όρμος Εύδηλου (Evdilos bay),2026-02-25 10:40,22,10
L16455612,GR,GR-L,GR-L-69,36.2720054,27.8250394,Όρμος Κάμειρου (Kamiros bay),2026-08-10 15:47,29,6
L8016555,GR,GR-F,GR-F-32,39.7442784,19.9348559,Όρμος Καλάμι (Kalami bay),2026-09-23 13:55,69,19
L74941782,GR,GR-L,GR-L-67,36.793134,25.7434559,"Όρμος Καλοταρίτισσσας Αμοργού (Kalotaritissa bay, Amorgos)",2026-08-09 16:29,12,2
L62805513,GR,GR-L,GR-L-67,36.8285831,25.8662587,"Όρμος Καταπόλων Αμοργού (Katapola bay, Amorgos)",2026-09-09 17:45,58,12
L18788591,GR,GR-L,GR-L-69,36.2474454,28.1650678,Όρμος Κολύμπιων (Kolympia bay),2026-06-07 06:00,96,39
L28941842,GR,GR-L,GR-L-59,37.7691202,24.9522391,Όρμος Κορθίου (Korthi bay),2026-04-28 07:55,41,5
L12065684,GR,GR-M,GR-M-74,35.1995613,24.0788341,"Όρμος Λουτρού Σφακίων (Loutro bay, Sfakia)",2026-06-13 10:00,50,24
L8429123,GR,GR-M,GR-M-71,34.9931517,24.7499466,Όρμος Μάταλων (Matala bay),2026-05-31 14:26,61,27
L7924798,GR,GR-H,GR-H-29,38.04673,24.3209,Όρμος Μαρμαρίου (Marmari bay),2026-09-13 12:04,29,10
L32123929,GR,GR-L,GR-L-67,37.0780838,25.585574,Όρμος Μουτσούνας (Moutsouna bay),2026-09-25 14:14,29,2
L76403960,GR,GR-K,GR-K-55,39.8585919,25.2235541,Όρμος Μούδρου (Moudros bay),2026-08-29 17:50,4,0
L20514232,GR,GR-L,GR-L-68,37.0542131,25.2646447,Όρμος Μώλου (Molos bay),2026-04-14 10:28,11,5
L1783542,GR,GR-K,GR-K-53,39.328179,26.4188533,Όρμος Παλιός (Palios bay),2026-05-19 15:02,37,2
L62477541,GR,GR-I,GR-I-52,37.9603035,23.5331249,"Όρμος Παλουκίων Σαλαμίνας (Paloukia bay, Salamis)",2026-09-24 12:21,20,7
L20479765,GR,GR-L,GR-L-70,37.6517435,25.050618,Όρμος Πανόρμου (Panormos bay),2026-01-03 14:52,15,4
L56153366,GR,GR-A,GR-A-04,40.7591326,24.5772521,Όρμος Πρίνου (Prinos Bay),2026-08-20 07:27,38,6
L11926501,GR,GR-H,GR-H-29,38.3023,24.11994,Όρμος Πόρτο Μπούφαλο (Porto Buffalo bay),2026-08-23 10:20,29,6
L28863988,GR,GR-J,GR-J-42,37.7297796,23.1279376,Όρμος Σελόντα (Selonta Bay),2026-01-25 10:45,23,4
L20835434,GR,GR-L,GR-L-69,36.207464,28.139956,Όρμος Στεγνών (Stegna bay),2026-07-29 12:42,36,12
L10151619,GR,GR-M,GR-M-74,35.3453776,23.629356,Όρος Άγιος Δικαίος (Mt Agios Dikaios),2026-06-25 07:40,49,2
L19344503,GR,GR-M,GR-M-73,35.2123274,24.8164854,"Όρος Ίδη* (Mt Idi, use more precise loc.)",2026-09-24 10:07,90,78
L16188249,GR,GR-M,GR-M-73,35.2122488,24.8976325,Όρος Ίδη--Αστεροσκοπείο Σκίνακα (Mt Idi--Skinakas Observatory),2026-07-04 08:05,21,2
L23317933,GR,GR-M,GR-M-71,35.1607939,24.9072326,Όρος Ίδη--Δάσος Ρούβα (Mt Idi--Rouvas forest),2026-07-15 10:11,51,13
L12422333,GR,GR-M,GR-M-71,35.1663535,24.8381563,Όρος Ίδη--Καμάρες (Mt Idi--Kamares),2026-05-01 09:20,56,28
L8906723,GR,GR-M,GR-M-73,35.2072629,24.8405274,Όρος Ίδη--Οροπέδιο Νίδας (Mt Idi--Nida plateau),2026-08-18 11:17,52,10
L5599881,GR,GR-A,GR-A-01,40.9545576,25.5126143,Όρος Ίσμαρος (Mt Ismaros),2024-04-20 17:19,113,20
L6680976,GR,GR-C,GR-C-16,40.46637,21.358565,Όρος Ίστακος (Mt Istakos),2025-10-21 15:35,86,40
L13006908,GR,GR-H,GR-H-27,39.01705,22.70943,"Όρος Όθρυς* (Mt Orthrys, use more precise loc.)",2026-06-19 13:19,87,43
L66336769,GR,GR-E,GR-E-24,39.04356,22.60404,Όρος Όθρυς--Αλογοράχη (Mt Othrys--Alogorachi ridge),2026-06-19 13:19,42,7
L66462951,GR,GR-E,GR-E-24,39.113807,22.579131,Όρος Όθρυς--Ανάβρα προς Προφ. Ηλία (Mt Othrys--Anavra to Profitis Ilias track),2026-06-19 08:42,40,8
L66454988,GR,GR-H,GR-H-27,39.009462,22.467527,Όρος Όθρυς--Δρυοδάσος Βεργορέματος (Mt Othrys--Vergorema oak forest),2026-05-16 09:28,21,2
L66484426,GR,GR-E,GR-E-24,39.065307,22.673247,Όρος Όθρυς--Ελατοδάσος Κεδρορέματος (Mt Othrys--Kedrorema fir forest),2026-06-19 10:29,37,6
L53091511,GR,GR-E,GR-E-24,39.042225,22.730498,Όρος Όθρυς--Ελατοδάσος Πετροκάναλου & καταφύγιο ΕΟΣ (Mt Othrys--Petrokanalo fir forest & EOS shelter),2025-09-21 09:39,37,9
L70534710,GR,GR-H,GR-H-27,38.96668,22.62798,Όρος Όθρυς--Κοιλάδα Νεράιδας (Mt Othrys--Neraida valley),2026-06-18 14:48,22,2
L66464180,GR,GR-E,GR-E-24,39.06965,22.557701,Όρος Όθρυς--Πάρκο Πηγών Ανάβρας (Mt Othrys--Anavra Springs park),2026-05-16 16:18,11,2
L66453344,GR,GR-H,GR-H-27,38.959387,22.437,Όρος Όθρυς--Φαράγγι & κοιλάδα Δίβρης (Mt Othrys--Divri gorge & valley),2026-05-16 07:33,30,2
L70525537,GR,GR-H,GR-H-27,38.944873,22.734274,Όρος Όθρυς--Φαράγγι Παλαιοκερασιάς (Mt Othrys--Palaiokerasia gorge),2026-06-18 08:24,35,2
L65884532,GR,GR-B,GR-B-12,41.3704094,23.5979469,Όρος Όρβηλος (Mt Orvilos),2026-05-10 10:24,25,3
L16145530,GR,GR-E,GR-E-22,39.7974582,22.6867676,"Όρος Όσσα* (Mt Ossa, use more precise loc.)",2026-08-22 17:48,77,13
L66795393,GR,GR-E,GR-E-22,39.8189538,22.7730139,Όρος Όσσα--Φαράγγι Καλυψούς (Mt Ossa--Kalypso gorge),2026-05-18 12:30,16,1
L3064250,GR,GR-H,GR-H-29,38.0707982,24.4576263,"Όρος Όχη* (Mt Ochi, use more precise loc.)",2026-09-03 08:20,129,87
L10276062,GR,GR-H,GR-H-29,38.0146,24.46578,Όρος Όχη--Αετός (Mt Ochi--Aetos),2026-06-06 09:15,69,10
L65721864,GR,GR-H,GR-H-29,38.0525335,24.5226552,Όρος Όχη--Αντιάς (Mt Ochi--Antias),2026-05-10 10:11,51,3
L10276050,GR,GR-H,GR-H-29,38.0506491,24.4422772,Όρος Όχη--Κορυφή Γιούδα (Mt Ochi--Giouda peak),2026-06-04 12:08,30,3
L7928395,GR,GR-H,GR-H-29,38.0750296,24.3741597,Όρος Όχη--Παραδείσι (Mt Ochi--Paradeisi),2026-06-05 16:22,55,8
L6558057,GR,GR-H,GR-H-29,38.1356705,24.4464469,Όρος Όχη--Φαράγγι Αγίου Δημητρίου (Mt Ochi--Agios Dimitrios gorge),2026-09-03 08:20,64,12
L6587394,GR,GR-H,GR-H-29,38.1101134,24.4824743,Όρος Όχη--Φαράγγι Δημοσάρη (Mt Ochi--Dimosaris gorge),2023-12-13 17:28,23,6
L2984254,GR,GR-F,GR-F-35,38.1368159,20.6661415,Όρος Αίνος (Mt Ainos),2026-09-08 13:04,80,47
L77135397,GR,GR-F,GR-F-35,38.2771331,20.5458661,Όρος Αγία Δυνατή (Mt Agia Dynati)
L7821886,GR,GR-K,GR-K-54,37.618832,26.2614204,Όρος Αθέρας (Mt Atheras),2026-09-18 15:00,31,11
L8507871,GR,GR-I,GR-I-47,38.0012701,23.652096,Όρος Αιγάλεω--Κορυδαλλός (Mt Aigaleo---Koridallos),2023-12-30 08:20,46,15
L26131881,GR,GR-I,GR-I-51,37.991178,23.6217589,Όρος Αιγάλεω--Νεάπολη (Mt Aigaleo--Neapoli),2026-06-08 19:06,80,63
L9215362,GR,GR-G,GR-G-38,38.4912837,21.5004542,"Όρος Αράκυνθος* (Mt Arakynthos, use more precise loc.)",2025-11-27 12:00,71,7
L11598361,GR,GR-J,GR-J-41,37.691931,22.98746,Όρος Αραχναίο (Mount Arachneo),2026-04-19 08:45,66,9
L14669657,GR,GR-J,GR-J-42,37.740382,22.998831,Όρος Αραχναίο--Οροπέδιο (Mt Arachneo--Plateau),2026-04-19 11:00,76,13
L7738928,GR,GR-J,GR-J-41,37.6317723,22.5094007,Όρος Αρτεμίσιο--Αγία Παρασκευή (Mt Artemisio--Agia Paraskevi),2018-07-22 10:00,14,1
L10952092,GR,GR-J,GR-J-41,37.6311663,22.5376834,Όρος Αρτεμίσιο--Καρυά προς Αγία Παρασκευή (Mt Artemisio--Karya to Agia Paraskevi),2024-10-25 09:51,21,2
L11787925,GR,GR-L,GR-L-69,36.2006622,27.8419214,Όρος Αττάβυρος (Mt Attavyros),2026-09-24 11:56,51,9
L15387570,GR,GR-E,GR-E-26,39.4893893,21.383499,Όρος Αυγό (Mt Avgo),2026-07-24 07:00,42,3
L77149490,GR,GR-E,GR-E-26,39.4899682,21.4413585,Όρος Αυγό--Λουπάτα (Mt Avgo--Loupata),2022-02-19 10:00,25,4
L77149138,GR,GR-E,GR-E-26,39.4938452,21.4154063,Όρος Αυγό--Μαρόσα (Mt Avgo--Marosa),2024-04-29 07:00,21,2
L16937228,GR,GR-B,GR-B-08,40.4155755,22.1139796,Όρος Βέρμιο (Mt Vermio),2025-11-24 14:30,95,21
L36412985,GR,GR-C,GR-C-17,40.6477042,21.3854626,Όρος Βέρνο (Mt Verno),2007-07-01 10:12,9,1
L6819978,GR,GR-C,GR-C-17,40.8642966,21.2432315,Όρος Βαρνούντας (Mt Varnous),2026-07-14 09:45,74,13
L7197626,GR,GR-B,GR-B-07,40.8755898,23.3257985,Όρος Βερτίσκος (Mt Vertiskos),2026-08-15 07:06,115,82
L13239917,GR,GR-B,GR-B-07,40.8278814,23.3977441,Όρος Βερτίσκος--Γερμάνι (Mt Vertiskos--Germani),2026-08-09 16:08,102,57
L20653110,GR,GR-B,GR-B-07,40.8301799,23.3361852,Όρος Βερτίσκος--Σοχός (Mt Vertiskos--Sochos),2025-04-18 07:30,79,25
L11755150,GR,GR-C,GR-C-14,40.2391608,21.6091706,Όρος Βούρινος (Mt Vourinos),2026-09-24 18:20,59,8
L23578310,GR,GR-C,GR-C-17,40.9306593,21.7875067,Όρος Βόρας (Mt Voras),2026-07-20 13:05,58,16
L8368624,GR,GR-C,GR-C-17,40.9042285,21.8053552,Όρος Βόρας--Χιονοδρομικό κέντρο (Mt. Voras/Kaimaktsalan--Ski center area),2026-08-30 09:30,115,64
L8919231,GR,GR-M,GR-M-71,35.232742,25.1407491,Όρος Γιούχτας (Mt Giouchtas),2026-09-24 10:54,63,20
L68234545,GR,GR-M,GR-M-71,35.251933,25.1469845,Όρος Γιούχτας--Βόρεια (Mt Giouchtas-North),2026-05-25 09:00,32,1
L6172096,GR,GR-H,GR-H-31,38.6389307,22.264266,"Όρος Γκιώνα* (Mt Ghiona, use more precise loc.)",2026-06-13 13:07,86,33
L36423424,GR,GR-H,GR-H-31,38.6514314,22.2667138,Όρος Γκιώνα--Αλπική ζώνη (Mt Ghiona alpine zone),2026-06-13 13:07,38,11
L54664984,GR,GR-H,GR-H-31,38.6417107,22.2201002,Όρος Γκιώνα--Δυτικές κλιτύες (Mt Ghiona--Western slopes),2026-05-17 08:15,31,5
L36423441,GR,GR-H,GR-H-31,38.6205362,22.2738929,Όρος Γκιώνα--Χαράδρα Ρέκκας προς Καταφύγιο (Mt Ghiona--Rekas ravine to Refuge),2024-07-13 10:00,28,1
L24968603,GR,GR-C,GR-C-16,40.3774997,20.8498348,Όρος Γράμμος (Mt Grammos),2026-08-16 13:57,98,32
L73636457,GR,GR-D,GR-D-18,40.311564,20.855201,Όρος Γράμμος--Αετομηλίτσα (Mt Grammos--Aetomilitsa),2026-09-19 14:10,76,12
L11755005,GR,GR-C,GR-C-16,40.3091817,20.9173679,Όρος Γράμμος--Λίμνες Αρρένες (Mt Grammos--Arrenes lakes),2026-08-16 13:57,79,13
L4975080,GR,GR-C,GR-C-16,40.3918611,20.8359068,Όρος Γράμμος--Οικισμός Γράμος (Mt Grammos--Gramos village),2026-07-25 06:35,64,10
L74863277,GR,GR-D,GR-D-18,40.300533,20.8818,Όρος Γράμμος--Πέτρα Μούκα (Mt Grammos--Petra Mouka),2026-07-30 21:45,1,1
L77411227,GR,GR-D,GR-D-18,40.30023,20.7684,Όρος Γράμμος--Πληκάτι (Mt Grammos--Plikati),2026-09-20 10:05,40,2
L77473636,GR,GR-D,GR-D-18,40.268897,20.741474,Όρος Γράμμος--Χιονάδες (Mt Grammos--Chionades),2026-09-20 16:20,27,1
L12940430,GR,GR-E,GR-E-25,39.146166,23.6692338,"Όρος Δέλφη Σκοπέλου (Mt Delphi, Skopelos)",2026-09-14 15:27,34,4
L16835000,GR,GR-L,GR-L-64,36.8380217,27.2025834,Όρος Δίκαιος (Mt Dikeos),2026-08-24 20:17,76,24
L18990201,GR,GR-M,GR-M-72,35.0949617,25.4722019,"Όρος Δίκτη* (Mt Dikti, use more precise loc.)",2026-09-26 13:47,100,66
L22151954,GR,GR-M,GR-M-72,35.1547365,25.6046739,Όρος Δίκτη--Οροπέδιο Καθαρού (Mt Dikti--Katharo plateau),2025-04-14 10:00,46,4
L42284834,GR,GR-M,GR-M-72,35.1471787,25.476812,Όρος Δίκτη--Οροπέδιο Λιμνάκαρου (Mt Dikti--Limnakaro plateau),2026-08-20 12:36,26,4
L19152239,GR,GR-M,GR-M-71,35.0725406,25.4566654,Όρος Δίκτη--Οροπέδιο Ομαλού (Mt Dikti--Omalos plateau),2026-08-05 09:28,54,7
L26750578,GR,GR-M,GR-M-72,35.1190975,25.6316768,Όρος Δίκτη--Πευκοδάσος Κρούστα (Mt Dikti--Kroustas pine forest),2026-09-22 16:00,57,24
L9221503,GR,GR-M,GR-M-72,35.1657796,25.645764,Όρος Δίκτη--Φαράγγι Κριτσάς (Mt Dikti--Kritsa gorge),2026-09-26 13:47,60,20
L6356320,GR,GR-M,GR-M-72,35.1628756,25.5274029,Όρος Δίκτη--Φαράγγι Χαυγά (Mt Dikti--Havgas gorge),2026-05-13 13:30,36,6
L12202713,GR,GR-H,GR-H-29,38.6671863,23.8215999,Όρος Δίρφυς--Γλυφάδα (Mt Dirfys--Glyfada),2020-08-18 17:20,4,1
L4701718,GR,GR-H,GR-H-29,38.6609841,23.9609671,Όρος Δίρφυς--Μετόχι (Mt Dirfys--Metochi),2023-09-03 12:30,49,12
L11788822,GR,GR-H,GR-H-29,38.6194986,23.8907089,Όρος Δίρφυς--Στρόπωνες (Mt Dirfys--Stropones),2021-11-06 07:39,48,4
L18128530,GR,GR-F,GR-F-36,38.707792,20.628931,Όρος Ελάτη Λευκάδας (Mt Elati),2026-05-09 00:00,36,4
L11649312,GR,GR-H,GR-H-28,38.3204566,22.8535699,Όρος Ελικώνας--Αρβανίτσα (Mt Elikonas--Arvanitsa),2026-05-31 13:38,39,6
L10887747,GR,GR-H,GR-H-28,38.3418982,23.0264743,Όρος Ελικώνας--Ζαγαράς (Mt Elikonas--Zagaras),2021-04-03 00:00,28,3
L11649329,GR,GR-H,GR-H-28,38.3574247,23.0553923,Όρος Ελικώνας--Καταρράκτες Πέτρας (Mt Elikonas--Petra waterfalls),2025-05-04 13:14,15,2
L10887743,GR,GR-H,GR-H-28,38.3218008,23.0648597,Όρος Ελικώνας--Κοιλάδα Μουσών (Mt Elikonas--Muses valley),2024-04-14 08:01,28,3
L11895275,GR,GR-H,GR-H-28,38.3595362,22.9848028,Όρος Ελικώνας--Ξερακιώνας (Mt Elikonas--Xerakionas),2021-06-20 00:00,55,14
L12328235,GR,GR-J,GR-J-42,37.9330572,22.4088554,"Όρος Ζήρεια* (Mt Zireia, use more precise loc.)",2026-04-26 11:15,85,26
L6160377,GR,GR-J,GR-J-42,37.9463211,22.43074,Όρος Ζήρεια--Χιονοδρομικό Κέντρο (Mt Zireia--Ski Center),2025-12-30 09:38,77,22
L7590611,GR,GR-L,GR-L-67,37.0311991,25.5021858,Όρος Ζας (Mt Zas),2026-09-24 12:00,85,90
L36133028,GR,GR-L,GR-L-67,37.0054656,25.4843176,Όρος Ζας--Θέση παρατήρησης Αγ. Τρύφωνος (Mt Zas--Agios Tryphonas raptor point),2026-05-15 12:30,45,12
L71373220,GR,GR-M,GR-M-72,35.09233,25.85635,Όρος Θρυπτή (Mt Thrypti),2026-08-07 16:58,45,8
L3080764,GR,GR-M,GR-M-72,35.08507,25.83394,Όρος Θρυπτή--Φαράγγι Χα (Mt Thrypti--Cha gorge),2026-08-07 16:58,42,7
L21559962,GR,GR-M,GR-M-73,35.21778,24.53775,Όρος Κέδρος--Σπήλι (Mt Kedros--Spili town),2026-06-06 07:06,67,24
L71729962,GR,GR-K,GR-K-56,37.7241394,26.6247723,Όρος Κέρκης (Mt Kerkis),2026-07-25 06:39,33,2
L9282773,GR,GR-H,GR-H-31,38.396605,22.61082,Όρος Κίρφη--Δίστομο προς Δεσφίνας (Mt Kirfi--Distomo to Desfina),2019-05-28 18:00,25,5
L9282875,GR,GR-H,GR-H-31,38.4209431,22.5007504,Όρος Κίρφη--Δεσφίνα προς Κίρρα (Mt Kirfi--Desfina to Kirra),2026-05-02 13:00,39,5
L29921913,GR,GR-H,GR-H-27,38.774095,22.48193,Όρος Καλλίδρομο--Ανοπαία Ατραπός (Mt Kallidromo--Anopaia Track),2025-04-18 17:28,16,2
L35758579,GR,GR-L,GR-L-67,37.1692768,25.556345,Όρος Καλόγερος (Mt Kalogeros),2025-04-18 17:17,16,3
L10276632,GR,GR-H,GR-H-29,38.6975978,23.4531538,Όρος Καντήλι (Mt Kantili),2015-09-12 00:00,58,7
L9314503,GR,GR-B,GR-B-13,40.375425,23.1823736,Όρος Κατσίκα (Mt Katsika),2026-02-12 11:00,43,4
L2929743,GR,GR-I,GR-I-50,38.1812594,23.2324791,Όρος Κιθαιρώνας (Mt Kithaironas),2026-08-27 11:00,57,14
L73229725,GR,GR-H,GR-H-28,38.1885423,23.1851172,Όρος Κιθαιρώνας--Άγιος Βασίλειος (Mt Kithaironas--Ag.Vasileios),2026-07-30 09:25,18,0
L73689529,GR,GR-H,GR-H-28,38.2042036,23.1529316,Όρος Κιθαιρώνας--Καλαμακι (Mt Kithaironas--Kalamaki),2026-08-27 11:00,23,0
L25577068,GR,GR-I,GR-I-50,38.1785655,23.3195799,Όρος Κιθαιρώνας--Λεστόρι (Mt Kithaironas--Lestori),2025-04-05 10:58,22,3
L11822114,GR,GR-H,GR-H-27,38.7559717,22.7792109,Όρος Κνημίς (Mt Knimis),2025-08-17 09:48,46,19
L45941076,GR,GR-E,GR-E-26,39.6699883,21.5644542,Όρος Κορομηλιά (Mt Koromilia),2025-05-14 13:30,18,2
L5791812,GR,GR-H,GR-H-29,38.3474407,24.0888816,Όρος Κοσκινά (Mt Koskina),2026-07-05 13:20,62,45
L10276665,GR,GR-J,GR-J-41,37.5859718,22.5345877,Όρος Κτενιάς (Mt Ktenias),2024-03-24 11:15,25,3
L11871361,GR,GR-E,GR-E-26,39.5620388,21.5165005,"Όρος Κόζιακας* (Mt Koziakas, use more precise loc.)",2026-06-27 22:12,85,31
L68781621,GR,GR-E,GR-E-26,39.501042,21.542281,Όρος Κόζιακας--Ελάτη (Mt Koziakas--Elati village),2026-06-03 19:30,20,3
L41004326,GR,GR-E,GR-E-26,39.4629817,21.5534247,Όρος Κόζιακας--Κοτρώνι (Mt Koziakas--Kotroni),1991-07-16 00:00,3,0
L71656295,GR,GR-E,GR-E-26,39.560559,21.5032265,Όρος Κόζιακας--Χιονοδρομικό Κέντρο Περτουλίου (Mt Koziakas -- Pertouli Ski Center),2023-08-02 14:29,23,0
L35859100,GR,GR-L,GR-L-67,37.1120503,25.5080086,Όρος Κόρωνος--Κεραμωτή (Mt Koronos--Keramoti),2025-04-24 09:29,39,2
L12132664,GR,GR-L,GR-L-67,37.1482332,25.5234748,Όρος Κόρωνος--Κωμιακή (Mt Koronos--Komiaki),2025-04-23 08:48,61,6
L35838017,GR,GR-L,GR-L-67,37.1431294,25.4956698,Όρος Κόρωνος--Σκεπόνι (Mt Koronos--Skeponi),2026-08-18 10:22,43,8
L18688171,GR,GR-H,GR-H-29,38.8074955,24.5904966,"Όρος Κόχυλας Σκύρου--Άγ. Μόδεστος (Mt Kochylas, Skyros--Agios Modestos)",2022-04-27 08:05,36,3
L16203605,GR,GR-B,GR-B-12,41.2570347,23.5965193,Όρος Λαϊλιάς (Mt Lailias),2026-09-22 00:00,129,78
L17832181,GR,GR-C,GR-C-15,39.9399999,21.1149821,Όρος Λύγκος (Mt Ligkos),2022-02-20 10:40,29,3
L13814184,GR,GR-C,GR-C-16,40.6066982,21.1337477,Όρος Μάλι Μάδι (Mt Mali Madi),2025-07-13 11:10,79,8
L18808609,GR,GR-J,GR-J-40,37.572993,22.2142697,Όρος Μαίναλο--Αρκουδόρεμα (Mt Mainalo--Arkoudorema),2026-05-23 10:12,31,7
L19563109,GR,GR-J,GR-J-40,37.5871126,22.0532481,Όρος Μαίναλο--Δημητσάνα προς Ζυγοβίστι (Mt Mainalon--Dimitsana to Zigovisti),2026-05-22 18:18,38,6
L55171126,GR,GR-J,GR-J-40,37.5537993,22.2455557,Όρος Μαίναλο--Δρυοδάσος Ρουπακίου (Mt Mainalo--Roupaki Oak Forest),2025-11-16 10:13,9,1
L64137364,GR,GR-J,GR-J-40,37.6260252,22.2828049,Όρος Μαίναλο--Ελατοδάσος Καρδαρά (Mt Mainalon--Kardaras fir forest),2026-04-27 10:56,21,5
L63899249,GR,GR-J,GR-J-40,37.680149,22.294555,Όρος Μαίναλο--Λεβίδι (Mt Mainalon--Levidi),2026-04-27 08:43,29,8
L9435522,GR,GR-J,GR-J-40,37.6487725,22.2704164,Όρος Μαίναλο--Χιονοδρομικό Κέντρο (Mt Mainalon--Ski Center),2026-04-25 19:16,35,12
L59197050,GR,GR-E,GR-E-22,39.5884761,22.830328,Όρος Μαυροβούνι--Έλαφος προς Σκλήθρο (Mt Mavrovouni--Elafos to Sklithro),2026-05-18 16:00,45,16
L6171305,GR,GR-E,GR-E-24,39.5428146,22.8873652,Όρος Μαυροβούνι--Κανάλια προς Κεραμίδι (Mt Mavrovouni--Kanalia to Keramidi),2025-05-06 08:00,91,38
L32892781,GR,GR-D,GR-D-18,39.8557312,21.1513281,Όρος Μαυροβούνι--Φλέγγα (Mt Mavrovouni--Flegga),2026-06-16 08:20,26,4
L3713283,GR,GR-I,GR-I-49,37.8603533,23.9604521,Όρος Μερέντα (Mt Merenta),2026-06-15 06:20,69,70
L11642048,GR,GR-J,GR-J-42,37.9223048,22.4975272,Όρος Μικρή Ζήρεια (Mt Mikri Zireia),2020-06-07 10:18,18,0
L15179321,GR,GR-D,GR-D-18,40.0629799,20.4905596,Όρος Νεμέρτσκα (Mt Nemertska),2026-07-25 11:30,52,4
L26268535,GR,GR-E,GR-E-26,39.5738295,21.4041815,Όρος Νεράιδα (Mt Neraida),2026-06-03 11:54,50,7
L68828817,GR,GR-E,GR-E-26,39.563688,21.461973,Όρος Νεράιδα--Μπουντούρα (Mt Neraida--Mpountoura),2026-06-03 11:54,11,1
L16853947,GR,GR-J,GR-J-42,37.9370268,22.2697569,Όρος Ντουρντουβάνα (Mt Dourdouvana),2025-11-16 11:09,17,2
L12202728,GR,GR-H,GR-H-29,38.5819559,23.8993865,Όρος Ξηροβούνι (Mt Xirovouni),2026-04-13 11:36,41,6
L9284187,GR,GR-H,GR-H-31,38.4069015,22.3434984,Όρος Ξηροτύρι (Mt Ksyrotyri),2022-06-01 11:22,73,17
L9876323,GR,GR-H,GR-H-29,38.8760211,23.3128224,Όρος Ξηρό (Mt Xiro),2023-09-24 16:01,21,2
L10813289,GR,GR-H,GR-H-27,38.80447,22.22804,"Όρος Οίτη* (Mt Oiti, use more precise loc.)",2026-08-01 11:05,85,35
L9858360,GR,GR-H,GR-H-27,38.8687416,22.2069063,Όρος Οίτη--Μονή Αγάθωνος (Mt OIti--Agathonos monastery),2025-09-28 11:09,26,3
L15754145,GR,GR-H,GR-H-27,38.8204845,22.2734928,Όρος Οίτη--Οροπέδιο Λιβαδιές (Mt Oiti--Livadies plateau),2026-08-01 11:05,49,6
L12198995,GR,GR-H,GR-H-29,38.52443,24.18778,Όρος Οκτωνιά (Mt Oktonia),2020-08-23 12:30,12,1
L30658177,GR,GR-J,GR-J-42,37.81774,22.37478,Όρος Ολίγυρτος (Mt Oligyrtos),2024-04-13 08:30,19,2
L7623199,GR,GR-I,GR-I-49,37.7894173,23.97464,Όρος Πάνειο (Mt Paneio),2025-12-25 08:00,56,23
L22317273,GR,GR-I,GR-I-49,37.7797129,23.9600645,Όρος Πάνειο--Φέριζα (Mt Paneio--Feriza),2025-12-25 08:00,35,9
L11762774,GR,GR-I,GR-I-49,38.1861619,23.7160337,"Όρος Πάρνηθα* (Mt Parnitha, use more precise loc.)",2026-09-21 17:00,148,1064
L7899200,GR,GR-I,GR-I-49,38.208565,23.7900244,Όρος Πάρνηθα--Άγιος Μερκούριος προς Κατσιμίδι (Mt Parnitha--Agios Merkourios to Katsimidi),2026-08-10 13:30,49,13
L12396657,GR,GR-I,GR-I-49,38.221578,23.7827745,Όρος Πάρνηθα--Αγ. Μερκούριος προς Μαλακάσα (Mt Parnitha--Agios Merkourios to Malakasa),2025-08-16 11:30,36,6
L1121870,GR,GR-I,GR-I-49,38.232,23.6735,Όρος Πάρνηθα--Αυλώνας (Mt Parnitha--Avlonas),2025-11-30 11:35,101,96
L12413647,GR,GR-I,GR-I-49,38.1891548,23.7635357,Όρος Πάρνηθα--Κατσιμίδι προς Λάκκα Ντρίζα (Mt Parnitha--Katsimidi to Laka Ntriza),2026-08-16 11:00,26,3
L12432654,GR,GR-I,GR-I-50,38.1586057,23.6558056,Όρος Πάρνηθα--Κλημέντι έως Αγ.Παρασκευή (Mt Parnitha--Klimenti to Agia Paraskevi),2026-06-20 22:00,60,10
L59010753,GR,GR-I,GR-I-49,38.2129718,23.8049219,Όρος Πάρνηθα--Λίμνη Μπελέτσι (Mt Parnitha--Mpeletsi lake),2026-08-10 11:30,20,2
L7695373,GR,GR-I,GR-I-49,38.1787235,23.7382811,Όρος Πάρνηθα--Μπάφι προς Μόλα (Mt Parnitha--Bafi to Mola),2026-07-12 09:01,89,106
L12506545,GR,GR-I,GR-I-49,38.1913412,23.7360991,Όρος Πάρνηθα--Μόλα προς Σαλονίκι (Mt Parnitha--Mola to Saloniki Plateau),2025-11-18 09:00,60,23
L19875550,GR,GR-I,GR-I-49,38.1783898,23.7091945,Όρος Πάρνηθα--Μόλα προς Σκίπιζα (Mt Parnitha--Mola to Skipiza),2024-11-30 07:40,46,6
L9454230,GR,GR-I,GR-I-49,38.1471708,23.7105388,Όρος Πάρνηθα--Ξενία προς Σπήλαιο Πανός (Mt Parnitha--Xenia to Pan's Cave),2026-09-06 08:53,87,62
L2919788,GR,GR-I,GR-I-49,38.1558195,23.720727,Όρος Πάρνηθα--Ξενία ως Μπάφι (Mt Parnitha--Xenia to Bafi),2026-09-17 18:40,112,174
L12884943,GR,GR-I,GR-I-49,38.1945664,23.6990676,Όρος Πάρνηθα--Οροπέδιο Λοιμικού (Mt Parnitha--Loimiko Plateau),2023-05-13 15:00,25,2
L9454048,GR,GR-I,GR-I-49,38.1370111,23.7363977,Όρος Πάρνηθα--Πάρκινγκ τελεφερίκ (Mt Parnitha--Cable Car Parking),2026-08-31 07:30,52,13
L10010177,GR,GR-I,GR-I-49,38.161733,23.7009541,Όρος Πάρνηθα--Παλαιοχώρι προς διάσελο Πανός (Mt Parnitha--Palaiochori to Pan's saddle),2026-09-19 09:30,83,51
L12208513,GR,GR-I,GR-I-49,38.1531043,23.7371492,Όρος Πάρνηθα--Περιοχή Καζίνο (Mt Parnitha--Mont Parnes Casino area),2026-08-30 11:39,54,13
L10121681,GR,GR-I,GR-I-49,38.1694931,23.7173123,Όρος Πάρνηθα--Σκίπιζα (Mt Parnitha--Skipiza),2026-07-27 07:40,73,62
L76779488,GR,GR-I,GR-I-49,38.1394977,23.7316309,Όρος Πάρνηθα--Τελεφερίκ εώς Ξενία (Mt Parnitha--Cable Car to Xenia),2026-09-13 05:30,24,3
L7731038,GR,GR-I,GR-I-50,38.1309987,23.6573249,Όρος Πάρνηθα--Φαράγγι Γκούρας (Mt Parnitha--Goura gorge),2026-06-15 13:00,77,24
L6435315,GR,GR-I,GR-I-50,38.0956315,23.6470138,Όρος Πάρνηθα--Χασιά (Mt Parnitha--Chasia),2026-03-07 19:00,41,6
L12255566,GR,GR-J,GR-J-43,37.186277,22.6163695,"Όρος Πάρνωνας* (Mt Parnonas, use more precise loc.)",2026-09-13 15:51,75,34
L7760513,GR,GR-J,GR-J-43,37.288452,22.5902895,Όρος Πάρνωνας--Άγιος Πέτρος προς Οροπέδιο (Mt Parnonas--Agios Petros to Plateau),2025-04-13 17:00,37,5
L39244776,GR,GR-J,GR-J-40,37.1463626,22.7684166,Όρος Πάρνωνας--Ελώνη (Mt Parnonas--Eloni),2026-09-13 15:51,20,4
L9637552,GR,GR-J,GR-J-40,37.370784,22.537273,Όρος Πάρνωνας--Καστρί (Mt Parnonas--Kastri),2019-07-14 08:00,6,1
L39244730,GR,GR-J,GR-J-40,37.0855417,22.725171,Όρος Πάρνωνας--Κοσμάς (Mt Parnonas--Kosmas),2026-04-10 11:15,24,4
L4787283,GR,GR-J,GR-J-40,37.3482578,22.5930834,Όρος Πάρνωνας--Ξηροκάμπι (Mt Parnonas--Xirokampi),2023-11-18 03:30,38,4
L12142310,GR,GR-I,GR-I-50,38.2082631,23.3689559,Όρος Πάστρα (Mt Pastra),2021-04-28 11:30,23,2
L16843859,GR,GR-E,GR-E-24,39.33691,23.10858,Όρος Πήλιο--Άγ. Λαυρέντιος προς Μηλιές (Mt Pelion--Ag. Lavredios to Milies),2026-03-12 14:15,68,14
L64162180,GR,GR-E,GR-E-24,39.2264055,23.2078616,Όρος Πήλιο--Αργαλαστή (Mt Pelion--Argalasti),2026-07-10 20:00,25,4
L18324110,GR,GR-E,GR-E-24,39.51482,22.99274,Όρος Πήλιο--Δάσος Μονής Φλαμουρίου (Mt Pelion--Flamouri monastery forest),2026-04-10 20:35,67,18
L6827549,GR,GR-E,GR-E-24,39.41385,23.13003,Όρος Πήλιο--Ζαγορά προς Τσαγκαράδα (Mt Pelion--Zagora to Tsagkarada),2026-07-19 13:54,94,55
L71888766,GR,GR-E,GR-E-24,39.474652,23.109777,Όρος Πήλιο--Παραλία Ελίτσα (Mt Pelion--Elitsa beach),2026-07-19 09:26,13,2
L14508577,GR,GR-E,GR-E-24,39.38105,23.02766,Όρος Πήλιο--Πορταριά προς Χάνια (Mt Pelion--Portaria to Chania),2026-02-15 13:28,84,38
L74029136,GR,GR-E,GR-E-24,39.405691,23.089422,Όρος Πήλιο--Ρεματιές Πλακωτούρας (Mt Pelion--Plakotoura streams),2026-07-19 15:59,25,5
L58003172,GR,GR-E,GR-E-24,39.3927955,22.9793155,Όρος Πήλιο--Φαράγγι Κουκουράβας (Mt Pelion--Koukourava gorge),2026-04-24 11:28,38,5
L15288555,GR,GR-B,GR-B-10,41.0919542,22.0879218,Όρος Πίνοβο (Mt Pinovo),2013-04-17 14:00,26,1
L72078732,GR,GR-A,GR-A-05,40.9213992,24.213149,Όρος Παγγαίο--Δασικό Χωριό (Mt Paggaio--Forest Village),2026-09-14 19:19,13,1
L7813964,GR,GR-A,GR-A-05,40.9116387,24.1057341,Όρος Παγγαίο--Κορυφή Μάτι (Mt Pangaio--Mati Peak),2026-07-25 08:50,108,58
L26051752,GR,GR-G,GR-G-38,38.7386582,21.5681283,"Όρος Παναιτωλικό* (Mt Panaitoliko, use more precise loc.)",2024-10-14 11:03,88,47
L37025555,GR,GR-G,GR-G-38,38.6852585,21.5746379,Όρος Παναιτωλικό--Κορυφή Κατελάνου (Mt Panaitoliko--Katelanos summit),2025-08-28 06:50,47,2
L13317813,GR,GR-G,GR-G-38,38.8034638,21.5427307,Όρος Παναιτωλικό--Κορυφή Κούτουπα (Mt Panaitoliko--Koutoupas summit),2024-12-26 12:00,65,17
L34607499,GR,GR-G,GR-G-38,38.6947392,21.6068184,Όρος Παναιτωλικό--Λαμπίρι (Mt Panaitoliko--Lampiri),2024-10-12 18:24,12,2
L13823987,GR,GR-G,GR-G-38,38.782242,21.5343753,Όρος Παναιτωλικό--Πεντάκορφο (Mt Panaitoliko--Pentakorfo village),2024-07-22 17:00,54,9
L13840011,GR,GR-G,GR-G-37,38.2055479,21.8724394,"Όρος Παναχαϊκό* (Mt Panachaiko, use more precise loc.)",2026-08-15 17:30,36,12
L65360337,GR,GR-G,GR-G-37,38.260454,21.8712185,Όρος Παναχαϊκό--Αιολικό Πάρκο (Mt Panachaiko--Wind Farm),2026-05-07 16:57,16,1
L65249566,GR,GR-G,GR-G-37,38.264054,21.8965737,Όρος Παναχαϊκό--Πιτίτσα (Mt Panachaiko--Pititsa),2026-05-07 16:30,11,1
L11997725,GR,GR-F,GR-F-32,39.7438621,19.8710372,Όρος Παντοκράτορας (Mt Pantokrator),2026-09-27 12:23,88,78
L23015971,GR,GR-H,GR-H-27,38.5663675,22.6697625,Όρος Παρνασσος--Χαράδρα Βελίτσας (Mt Parnassos--Velitsa Gorge),2023-03-12 10:08,9,1
L3000683,GR,GR-H,GR-H-27,38.5360032,22.6187825,"Όρος Παρνασσός* (Mt Parnassos, use more precise loc.)",2026-09-06 13:00,157,609
L9478659,GR,GR-H,GR-H-31,38.5841544,22.564312,"Όρος Παρνασσός--Ανατολικό τμήμα, Πολύδροσος προς Φτερόλακκα (Mt Parnassos--East, Polydrosos to Fterolakka)",2026-08-29 17:25,51,10
L45365618,GR,GR-H,GR-H-31,38.6420485,22.4227897,Όρος Παρνασσός--Βάργιανη προς Νεραϊδοσπηλιά (Mt Parnassos--Vargiani to Neraidospilia cave),2026-09-06 13:00,23,1
L5543787,GR,GR-H,GR-H-28,38.5611197,22.5490522,Όρος Παρνασσός--Βαρκό (Mt Parnassos--Varko),2026-08-29 14:48,69,83
L7740139,GR,GR-H,GR-H-31,38.5857005,22.4491849,Όρος Παρνασσός--Γερόλεκκας (Mt Parnassos--Gerolekkas),2025-04-13 16:00,31,4
L7738350,GR,GR-H,GR-H-31,38.5968343,22.4951948,Όρος Παρνασσός--Επτάλοφος (Mt Parnassos--Eptalofos),2025-04-13 08:41,34,7
L12421747,GR,GR-H,GR-H-28,38.5391605,22.5709179,Όρος Παρνασσός--Καταφύγιο Δέφνερ (Mt Parnassos--Defner Refuge),2025-10-18 10:39,54,16
L9294103,GR,GR-H,GR-H-28,38.5510455,22.5812213,Όρος Παρνασσός--Κελάρια (Mt Parnassos--Kelaria),2026-07-25 10:25,84,103
L38103097,GR,GR-H,GR-H-28,38.5161162,22.6914071,Όρος Παρνασσός--Μονή Ιερουσαλήμ (Mt Parnassos--Jerousalem Monastery),2024-11-17 16:08,11,2
L6217733,GR,GR-H,GR-H-28,38.5154672,22.5487733,Όρος Παρνασσός--Οροπέδιο Λιβάδι (Mt Parnassos--Livadi plateau),2026-06-25 16:00,114,97
L9320753,GR,GR-H,GR-H-28,38.5426634,22.5117171,Όρος Παρνασσός--Παλιοβούνα (Mt Parnassos--Paliovouna),2026-05-16 10:45,61,39
L9949361,GR,GR-H,GR-H-27,38.6136747,22.5775383,Όρος Παρνασσός--Περδικόβρυση (Mt Parnassos--Perdikovrysi),2025-01-05 13:00,27,4
L5876479,GR,GR-H,GR-H-27,38.5662538,22.5985551,Όρος Παρνασσός--Φτερόλακκα (Mt Parnassos--Fterolakka),2026-06-06 16:35,54,28
L28775641,GR,GR-H,GR-H-27,38.6171498,22.591105,Όρος Παρνασσός--Χαράδρα Βαρσάμως (Mt Parnassos--Varsamos Gorge),2024-01-14 10:36,16,1
L11589745,GR,GR-I,GR-I-49,38.0732259,23.9081651,Όρος Πεντέλη (Mt Penteli),2026-09-23 17:30,130,392
L12967233,GR,GR-I,GR-I-49,38.0717779,23.9347458,Όρος Πεντέλη--Άγιος Πέτρος (Mt Penteli--Agios Petros),2026-07-12 05:22,41,14
L16751982,GR,GR-I,GR-I-49,38.0959309,23.8686296,Όρος Πεντέλη--Διόνυσος (Mt Penteli--Dionysos),2025-04-20 19:50,17,4
L53581532,GR,GR-I,GR-I-46,38.0753102,23.8382995,Όρος Πεντέλη--Κηφισιά (Mt Penteli--Kifisia),2026-09-23 17:30,84,34
L2284783,GR,GR-I,GR-I-49,38.0680953,23.913846,Όρος Πεντέλη--Κορυφές Πύρεζα & Μαυρηνώρα (Mt Penteli--Pyreza & Mavrinora peaks),2026-07-07 12:22,80,89
L7376955,GR,GR-I,GR-I-46,38.0837029,23.8738489,Όρος Πεντέλη--Κορυφή Πυργάρι & νότιες κλιτύες (Mt Penteli--Pyrgari peak & southern slopes),2026-08-18 13:17,78,127
L5780025,GR,GR-I,GR-I-46,38.0530219,23.8656588,Όρος Πεντέλη--Μονή Πεντέλης (Mt Penteli--Monastery of Penteli),2026-07-26 06:04,60,14
L2967242,GR,GR-I,GR-I-49,38.0215229,23.9475775,Όρος Πεντέλη--Πικέρμι (Mt Penteli--Pikermi),2026-05-13 12:36,73,24
L7500486,GR,GR-I,GR-I-49,38.0132567,23.9333133,Όρος Πεντέλη--Ρέμα Βαλανάρη (Mt Penteli--Valanaris Stream),2025-12-30 09:10,43,8
L14473482,GR,GR-I,GR-I-49,38.0851925,23.9112961,Όρος Πεντέλη--Ραπεντώσα (Mt Penteli--Rapendosa),2026-06-25 08:28,23,4
L7846943,GR,GR-I,GR-I-49,38.1042679,23.9257634,Όρος Πεντέλη--Φαράγγι & Φράγμα Ραπεντώσας (Mt Penteli--Rapendosa Ravine & Dam),2024-09-14 12:46,64,26
L19697546,GR,GR-I,GR-I-47,38.0585647,23.6793888,Όρος Ποικίλο (Mt Poikilo),2026-09-13 05:00,73,34
L11471593,GR,GR-L,GR-L-67,37.0333111,25.4575695,Όρος Προφήτης Ηλίας (Mt Profitis Ilias),2026-06-04 09:00,51,14
L29272034,GR,GR-B,GR-B-07,40.7389202,22.8935313,Όρος Σιβρί (Mt Sivri),2026-05-02 16:04,48,12
L55077103,GR,GR-F,GR-F-36,38.733981,20.712256,Όρος Σκάρος Λευκάδας (Mt Skaros),2025-10-18 00:00,7,1
L13526684,GR,GR-D,GR-D-18,40.0867846,20.9409194,"Όρος Σμόλικας* (Mt Smolikas, use more precise loc.)",2024-11-10 12:00,55,8
L59268214,GR,GR-D,GR-D-18,40.0845734,20.9063462,Όρος Σμόλικας--Καταφύγιο προς κορυφή (Mt Smolikas--Hut to summit),2025-08-22 09:00,27,2
L6827515,GR,GR-C,GR-C-17,40.6869252,21.1056569,Όρος Σφήκα (Mt Sfika),2026-07-26 12:24,69,8
L12685051,GR,GR-J,GR-J-44,36.962429,22.3125072,"Όρος Ταΰγετος* (Mt Taygetos, use more precise loc.)",2025-09-23 07:20,42,9
L35725915,GR,GR-J,GR-J-44,37.0960053,22.2399474,Όρος Ταΰγετος--Αρτεμισία προς Αλαγονία (Mt Taygetos--Artemisia to Alagonia),2024-08-13 07:05,14,1
L11621570,GR,GR-J,GR-J-43,36.9506084,22.3667796,Όρος Ταΰγετος--Καταφύγιο (Mt Taygetos--Lodge),2024-07-21 07:55,30,6
L21169194,GR,GR-J,GR-J-43,37.1802842,22.2859258,Όρος Ταΰγετος--Φαράγγι Μύλων (Mt Taygetos--Miloi Gorge),2025-04-08 10:22,20,2
L9881873,GR,GR-H,GR-H-29,38.8624312,23.1081925,Όρος Τελέθριο--Ήλια προς Μονή Αγ. Γεωργίου (Mt Telethrio--Ilia to Agios Georgios Monastery),2019-09-06 08:30,21,2
L9882066,GR,GR-H,GR-H-29,38.84614,23.16089,Όρος Τελέθριο--Ροβιές προς Ήλια (Mt Telethrio--Rovies to Ilia),2019-09-06 09:15,13,1
L9872446,GR,GR-H,GR-H-29,38.8699092,23.2090859,Όρος Τελέθριο--Σήμια (Mt Telethrio--Simia),2019-09-03 13:00,7,1
L15903621,GR,GR-H,GR-H-29,38.882144,23.129317,Όρος Τελέθριο--Σβάλες (Mt Telethrio--Svales),2021-07-26 11:00,5,0
L11804685,GR,GR-B,GR-B-10,41.1332816,22.2147122,Όρος Τζένα (Mt Tzena),2020-06-30 16:00,15,2
L57214320,GR,GR-E,GR-E-24,39.1099564,23.170275,Όρος Τισαίο (Mt Tiseo),2026-01-11 10:53,10,1
L51450181,GR,GR-E,GR-E-26,39.6437164,21.3918064,Όρος Τριγγιά (Mt Triggia),2026-08-12 18:45,64,9
L51043680,GR,GR-E,GR-E-26,39.616263,21.3503618,Όρος Τριγγιά--Κρανιά (Mt Triggia--Krania village),2026-08-12 18:45,51,8
L36371076,GR,GR-L,GR-L-67,37.1430701,25.5481278,"Όρος Τρούλλος Μέσης (Mt Troullos, Mesi)",2026-08-24 09:00,29,13
L32728133,GR,GR-H,GR-H-30,38.940959,21.767219,Όρος Τυμφρηστός--Άγιος Αθανάσιος (Mt Tymfristos--Agios Athanasios),2024-10-16 09:32,42,5
L34792076,GR,GR-H,GR-H-30,38.96276,21.734154,Όρος Τυμφρηστός--Ζυγός (Mt Tymfristos--Zygos),2024-10-14 18:02,19,2
L32653902,GR,GR-H,GR-H-30,38.923966,21.743885,Όρος Τυμφρηστός--Κορυσχάδες (Mt Tymfristos--Koryschades),2026-08-17 13:23,21,5
L27995881,GR,GR-H,GR-H-30,38.9419624,21.805668,Όρος Τυμφρηστός--Χιονοδρομικό Βελουχίου (Mt Tymfristos--Velouchi ski center),2026-08-16 07:15,64,21
L13477065,GR,GR-D,GR-D-18,39.5259803,20.7570645,Όρος Τόμαρος (Mt Tomaros),2025-06-01 11:03,44,5
L13350892,GR,GR-D,GR-D-18,39.9445322,20.8627807,Όρος Τύμφη--Γκούρα (Mt Tymfi--Goura),2026-08-04 09:00,65,21
L16157536,GR,GR-D,GR-D-18,39.9784741,20.768885,Όρος Τύμφη--Μικρό Πάπιγκο προς Δρακόλιμνη (Mt Tymfi--Mikro Papigo to alpine lake),2026-08-04 10:38,114,44
L7668039,GR,GR-I,GR-I-49,38.0016371,23.8392375,Όρος Υμηττός--Αγ. Ιωάννης Κυνηγός (Mt Hymettus--Agios Ioannis Kinigos),2026-05-02 08:49,21,2
L2918164,GR,GR-I,GR-I-45,37.9632827,23.7954426,Όρος Υμηττός--Αισθητικό Δάσος Καισαριανής (Mt Hymettus--Kaisariani Aesthetic forest),2026-09-25 08:00,116,768
L10847237,GR,GR-I,GR-I-45,37.9506007,23.7846045,Όρος Υμηττός--Βύρωνας (Mt Hymettus--Vyronas),2026-05-10 14:25,62,27
L8910372,GR,GR-I,GR-I-48,37.87191,23.7820157,Όρος Υμηττός--Εξωνή (Mt Hymettus--Exoni),2026-04-16 19:35,55,72
L3070296,GR,GR-I,GR-I-45,37.9349915,23.7763453,Όρος Υμηττός--Καρέας προς Ηλιούπολη (Mt Hymettus--Kareas to Ιlioupoli),2026-09-20 12:00,135,523
L14798621,GR,GR-I,GR-I-46,37.9882899,23.8240594,Όρος Υμηττός--Κορακοβούνι (Mt Hymettus--Korakovouni),2025-12-14 12:30,28,8
L2918167,GR,GR-I,GR-I-49,37.958275,23.8204193,Όρος Υμηττός--Κορυφογραμμή (Mt Hymettus--Ridge),2026-07-11 18:10,120,458
L16721137,GR,GR-I,GR-I-49,37.8534834,23.7927604,Όρος Υμηττός--Κρεμασμένος Λαγός (Mt Hymettus--Kremasmenos Lagos),2026-04-02 20:10,11,5
L11009718,GR,GR-I,GR-I-46,37.9898273,23.8090183,Όρος Υμηττός--Λόφος Κόρακα (Mt Hymettus--Korakas hill),2026-04-05 18:40,47,20
L8090493,GR,GR-I,GR-I-48,37.9013964,23.7961675,Όρος Υμηττός--Μαυροβούνι & Στρώμα (Mt Hymettus--Mavrovouni and Stroma Peaks),2024-09-29 10:30,58,16
L7961619,GR,GR-I,GR-I-45,37.9693469,23.8112831,Όρος Υμηττός--Μονή Αστερίου (Mt Hymettus--Asteriou Monastery),2026-05-18 15:45,67,30
L11285521,GR,GR-I,GR-I-49,37.9080097,23.8127985,Όρος Υμηττός--Ρεματιά Ντούκας (Mt Hymettus--Ntouka Ravine),2021-04-27 09:30,29,4
L3713292,GR,GR-I,GR-I-45,37.92,23.79728,Όρος Υμηττός--Σέσι (Mt Hymettus--Sesi),2026-09-19 12:29,87,39
L12432956,GR,GR-I,GR-I-49,37.9459375,23.8286396,Όρος Υμηττός--Σπήλαιο Παιανίας (Mt Hymettus--Paiania Cave),2024-04-16 11:00,9,2
L7764148,GR,GR-I,GR-I-48,37.9092936,23.7660497,Όρος Υμηττός--Στεφάνια (Mt Hymettus--Stefania),2026-04-17 14:06,91,74
L7184114,GR,GR-A,GR-A-02,41.2775189,24.0630901,Όρος Φαλακρό (Mt Falakro),2026-07-17 18:15,116,78
L12443072,GR,GR-A,GR-A-02,41.290963,24.0158852,Όρος Φαλακρό--Δασικό τμήμα (Mt Falakro--Woodland),2026-07-17 17:35,69,19
L8089753,GR,GR-A,GR-A-02,41.3025816,24.074772,Όρος Φαλακρό--Χιονοδρομικό Κέντρο (Mt Falakro--Ski center area),2026-07-17 18:15,99,46
L11516329,GR,GR-L,GR-L-67,37.0734787,25.5165711,Όρος Φανάρι--Απείρανθος (Mt Fanari--Apiranthos),2026-09-09 11:45,55,23
L43530167,GR,GR-L,GR-L-67,37.0818406,25.5026108,Όρος Φανάρι--Μονή (Mt Fanari--Moni),2026-09-18 12:15,36,2
L40207024,GR,GR-E,GR-E-22,39.4417353,22.5892618,Όρος Χαλκωδόνιο (Mt Chalkodonion),2025-02-14 08:37,22,2
L27091940,GR,GR-G,GR-G-37,37.9839557,22.1974237,Όρος Χελμός--Κορυφές πάνω από Χ/κ (Mt. Chelmos--Summits above Ski Center),2026-09-21 11:11,30,6
L17896796,GR,GR-G,GR-G-37,38.076388,22.2325759,Όρος Χελμός--Λίμνη Τσιβλού (Mt Chelmos--Tsivlou lake),2026-01-04 14:27,37,7
L6160208,GR,GR-G,GR-G-37,38.0889316,22.1747094,Όρος Χελμός--Μονή Μεγάλου Σπηλαίου (Mt Chelmos--Megalo Spilaio monastery),2026-05-04 08:00,39,6
L5611699,GR,GR-J,GR-J-42,37.9838054,22.3418761,Όρος Χελμός--Παναγία του Βράχου (Mt Chelmos--Panagia Vrachou),2022-09-25 14:00,18,1
L6160213,GR,GR-G,GR-G-37,38.0108354,22.2032586,Όρος Χελμός--Χ/κ προς Μεσορρούγι (Mt Chelmos--Ski Center to Mesorrougi),2026-05-30 10:15,78,43
L22122229,GR,GR-G,GR-G-37,38.05209,22.1890458,Όρος Χελμός--Χιονοδρομικό Κέντρο προς Μονή Μεγάλου Σπηλαίου (Mt Chelmos--Ski center to Megalo Spilaio monastery),2024-07-18 10:18,28,4
L12957112,GR,GR-B,GR-B-13,40.4648941,23.5410276,Όρος Χολομώντας (Mt Cholomontas),2026-06-30 11:15,26,4
L55218559,GR,GR-B,GR-B-07,40.6059414,23.1226686,Όρος Χορτιάτης (Mt Chortiatis),2026-04-23 08:06,19,2
L7807898,GR,GR-K,GR-K-54,37.614122,26.280166,Αγ. Κήρυκος Ικαρίας--Πατέλα (Agios Kyrikos--Patela),2026-03-17 00:56,59,62
L76939658,GR,GR-I,GR-I-52,37.7409072,23.5354078,"Αγία Μαρίνα Αίγινας (Agia Marina, Aegina)",2026-09-23 10:47,5,2
L14164070,GR,GR-K,GR-K-53,39.242744,26.2096422,Αγία Τριάδα (Agia Triada),2026-07-15 10:55,49,144
L27375423,GR,GR-M,GR-M-73,35.23718,24.43509,Αγκουσελιανά Ρεθύμνου (Agouseliana village),2023-10-04 08:45,28,1
L13320740,GR,GR-G,GR-G-38,38.6537279,21.4170088,Αγρίνιο--Λόφος Λυκοράχια (Agrinio--Lykorachia hill),2025-03-04 16:30,71,10
L41650348,GR,GR-I,GR-I-52,37.920301,23.478095,"Αγροτικές εκτάσεις Ζορμπολών Σαλαμίνας (Zormpola agricultural fields, Salamis)",2026-06-05 22:32,16,3
L42148492,GR,GR-I,GR-I-52,37.9154505,23.4948912,"Αγροτικές εκτάσεις Κακής Βίγλας Σαλαμίνας (Kaki Vigla agricultural fields, Salamis)",2026-04-19 13:19,21,5
L23346711,GR,GR-L,GR-L-65,36.7257381,24.4465146,Αδάμας Μήλου (Adamas town),2026-09-16 08:35,39,16
L1120171,GR,GR-B,GR-B-07,40.5204,22.9717,Αεροδρόμιο Θεσσαλονίκης (Thessaloniki airport),2026-09-19 07:42,135,115
L55494786,GR,GR-F,GR-F-35,38.123922,20.4947197,Αεροδρόμιο Κεφαλονιάς (Cephalonia airport),2026-08-23 07:25,60,30
L36651672,GR,GR-L,GR-L-66,37.435271,25.3478522,Αεροδρόμιο Μυκόνου (Mykonos airport),2026-09-10 14:42,3,0
L1121077,GR,GR-K,GR-K-53,39.0585,26.5982,Αεροδρόμιο Μυτιλήνης (Mitilini airport),2026-09-20 13:31,81,85
L58849357,GR,GR-L,GR-L-60,36.3997205,25.4772613,Αεροδρόμιο Σαντορίνης (Santorini airport),2026-02-19 14:30,16,1
L1121899,GR,GR-M,GR-M-74,35.529,24.1546,Αεροδρόμιο Χανίων (Chania International Airport),2026-09-22 16:05,52,24
L64211315,GR,GR-A,GR-A-03,40.857061,25.944852,Αερολιμένας Αλεξανδρούπολης (Alexandroupoli airport),2026-04-28 07:58,14,4
L19619311,GR,GR-J,GR-J-42,37.8425657,22.5797332,"Αηδόνια Νεμέας (Aidonia, Nemea)",2024-08-16 07:30,44,4
L22509818,GR,GR-C,GR-C-14,40.160873,21.8270145,Αιανή και γύρω περιοχή (Aiani & surrounding area),2026-05-21 06:28,43,6
L24908514,GR,GR-E,GR-E-22,39.654391,22.4094379,Αισθητικό Άλσος Λάρισας (Larisa Aesthetic Park),2026-04-25 16:38,50,9
L17245042,GR,GR-G,GR-G-38,38.775451,21.0009909,"Ακαρνανικά όρη* (Mts Akarnanika, use more precise loc.)",2023-11-24 13:30,74,7
L10276089,GR,GR-G,GR-G-38,38.7620732,20.9072908,Ακαρνανικά όρη--Άγιος Δημήτριος (Mts Akarnanika--Agios Dimitrios),2026-05-25 16:15,54,16
L931713,GR,GR-J,GR-J-42,37.8907392,22.8668404,Ακροκόρινθος (Acrocorinth),2026-09-26 13:40,84,103
L21876268,GR,GR-J,GR-J-42,37.8988587,22.8762925,Ακροκόρινθος--Ιερό Δήμητρας (Acrocorinth--Sanctuary of Demeter),2026-06-14 10:00,29,5
L24614676,GR,GR-L,GR-L-58,37.3676729,24.8811539,Ακρωτήρι Βιγλοστάσι (Cape Viglostasi),2025-12-18 14:15,30,9
L36370232,GR,GR-E,GR-E-25,39.2724732,23.9418897,"Ακρωτήρι Γέρακας Αλοννήσου (Cape Gerakas, Alonissos)",2026-07-27 13:26,26,4
L8039295,GR,GR-B,GR-B-07,40.5833436,22.9355125,Ακρωτήρι Μικρό Έμβολο (Mikro Emvolo cape),2026-03-10 17:00,104,35
L21158376,GR,GR-L,GR-L-69,36.4577511,28.2207335,Ακρωτήριο & παραλία Eνυδρείου Ρόδου (Rhodes Aquarium cape & beach),2026-07-27 16:00,77,50
L1783544,GR,GR-K,GR-K-53,39.0072878,26.1694121,Ακρωτήριο Αγ. Φωκά (Cape Agios Fokas),2026-05-10 13:50,91,22
L23745007,GR,GR-F,GR-F-32,39.3617391,20.1113361,Ακρωτήριο Ασπρόκαβος (Cape Asprokavos),2026-09-24 17:53,28,7
L61005170,GR,GR-F,GR-F-35,38.1789621,20.3429669,Ακρωτήριο Γερόγομπος (Cape Gerogompos),2026-09-27 15:25,83,29
L20958895,GR,GR-F,GR-F-32,39.7983745,19.6739794,Ακρωτήριο Δράστης (Cape Drastis),2026-07-23 07:25,31,12
L55221013,GR,GR-F,GR-F-32,39.7514494,19.6336236,Ακρωτήριο Κεφάλι Κέρκυρας (Cape Kefali),2025-09-06 00:00,8,1
L13008044,GR,GR-J,GR-J-43,36.4576096,23.1231472,Ακρωτήριο Μαλέα (Cape Maleas),2026-04-15 16:19,30,0
L62450672,GR,GR-F,GR-F-35,38.0626063,20.7869927,Ακρωτήριο Μούντα (Cape Mounda),2026-09-25 09:38,51,19
L9115299,GR,GR-K,GR-K-55,40.029879,25.4409714,Ακρωτήριο Πλάκας (Cape Plaka),2026-06-17 21:16,74,3
L53646730,GR,GR-B,GR-B-13,39.958418,23.362485,Ακρωτήριο Ποσείδι (Cape Possidi),2026-07-29 19:16,15,1
L16876209,GR,GR-L,GR-L-69,35.8822444,27.7593569,Ακρωτήριο Πρασονήσι (Cape Prasonisi),2026-04-04 08:12,71,23
L4019377,GR,GR-I,GR-I-49,37.6501213,24.0258121,Ακρωτήριο Σουνίου (Cape Sounio),2026-09-24 14:18,127,234
L36185183,GR,GR-L,GR-L-67,37.2014374,25.5359913,Ακρωτήριο Σταυροί (Cape Stavroi),2024-08-30 11:40,12,2
L7205235,GR,GR-J,GR-J-43,36.4018271,22.4860418,Ακρωτήριο Ταίναρο (Cape Tainaro),2026-09-16 13:49,163,136
L4434180,GR,GR-L,GR-L-69,36.0917835,28.087533,Ακρόπολη & γκρεμοί Λίνδου (Lindos Acropolis & cliffs),2026-09-20 14:30,118,141
L3001052,GR,GR-I,GR-I-45,37.9715746,23.7257418,Ακρόπολη Αθηνών (Acropolis of Athens),2026-09-24 10:54,104,1129
L21303586,GR,GR-M,GR-M-74,35.45671,23.65324,Ακρόπολη Πολυρρήνιας (Polirrinia Acropolis),2026-04-22 09:55,31,6
L20507173,GR,GR-E,GR-E-22,39.6968366,22.8798242,Ακτoγραμμή Αγιόκαμπου (Agiokampos coastline),2024-07-30 16:00,23,2
L52447665,GR,GR-L,GR-L-61,36.5145599,26.3394213,Ακτή Αγ. Ιωάννη Αστυπάλαιας (Agios Ioannis coast--Astypalaia),2025-09-05 07:09,21,1
L72161895,GR,GR-I,GR-I-52,37.7649177,23.4356631,Ακτή Κυψέλης προς λιμάνι Αίγινας (Coastline from Kipseli to Aigina Port),2026-08-27 17:18,25,1
L15957749,GR,GR-L,GR-L-65,36.6683343,24.3199893,Ακτή Συκιάς (Sykia coast),2026-09-25 12:00,11,1
L970815,GR,GR-M,GR-M-74,35.1825952,24.2330503,Ακτογραμμή & κάμπος Φραγκοκάστελλου (Fragkokastello coastline & fields),2026-07-28 11:45,117,64
L41991069,GR,GR-I,GR-I-52,37.9782,23.42291,"Ακτογραμμή & πευκοδάσος Στενού Σαλαμίνας (Steno coastline & pine forest, Salamis)",2026-09-27 08:51,88,74
L29310015,GR,GR-I,GR-I-52,37.9848921,23.4321759,"Ακτογραμμή & πευκοδάσος Φανερωμένης Σαλαμίνας (Faneromeni coastline & pine forest, Salamis)",2026-09-27 11:15,101,37
L7807914,GR,GR-K,GR-K-54,37.605388,26.282522,Ακτογραμμή Αγ. Κήρυκου (Agios Kyrikos coastline),2026-02-24 15:35,28,18
L16014906,GR,GR-H,GR-H-29,38.38472,23.8973,Ακτογραμμή Αμάρυνθου (Amarynthos coastline),2026-08-18 22:00,19,1
L7725395,GR,GR-J,GR-J-41,37.5422705,22.8239292,Ακτογραμμή Αργολικού--Ναύπλιο έως Ακρωτήριο Χονδρού (Argolicos Coastline--from Nafplion to Cape Khondros),2026-06-18 14:00,61,11
L18379994,GR,GR-I,GR-I-48,37.8667055,23.7375848,Ακτογραμμή Γλυφάδας (Glyfada coastline),2026-09-07 10:56,41,19
L11813750,GR,GR-H,GR-H-29,38.39063,23.8025,Ακτογραμμή Ερέτριας (Eretria coastline),2026-07-17 19:00,40,8
L23485007,GR,GR-M,GR-M-72,35.00626,25.60605,Ακτογραμμή Νέου Μύρτου Λασιθίου (Neos Myrtos coastline),2015-10-16 00:00,31,2
L3989354,GR,GR-M,GR-M-74,35.50371,23.5779262,Ακτογραμμή Φαλάσαρνων (Phalasarna coastline),2026-09-26 14:00,99,61
L7288980,GR,GR-K,GR-K-53,39.3779662,26.2514019,Ακτογραμμή διαδρομής Ευθαλούς προς Σκάλα Συκαμινέας (Efthalou to Skala Sikamineas coastline),2026-05-31 13:33,156,67
L61718338,GR,GR-L,GR-L-69,35.9760216,27.7397101,Ακτογραμμή νοτιοδυτικής Ρόδου (SW Rhodes coastline),2026-04-04 08:50,27,7
L5520213,GR,GR-H,GR-H-29,38.182946,24.1270924,Ακτοπλοϊκή διαδρομή Αγ. Μαρίνα-Νέα Στύρα (Agia Marina-Nea Styra ferry route),2026-07-16 10:00,34,81
L16015108,GR,GR-H,GR-H-27,38.9396136,23.0060431,Ακτοπλοϊκή διαδρομή Αγιόκαμπος-Γλύφα (Agiokampos-Glyfa ferry route),2025-10-16 11:55,11,2
L6050480,GR,GR-F,GR-F-32,39.2272667,20.1973772,Ακτοπλοϊκή διαδρομή Ηγουμενίτσας-Παξών (Igoumenitsa-Paxoi ferry route),2026-05-30 10:03,7,4
L16752003,GR,GR-H,GR-H-29,38.7334709,24.3047239,Ακτοπλοϊκή διαδρομή Κύμης-Σκύρου (Kymi-Skyros ferry route),2026-09-22 08:57,16,20
L75470705,GR,GR-L,GR-L-61,36.9110721,27.03676,Ακτοπλοϊκή διαδρομή Μαστιχαρίου-Καλύμνου (Mastichari-Kalymnos ferry route),2026-08-04 09:30,3,1
L9945151,GR,GR-G,GR-G-37,38.3184668,21.7723519,Ακτοπλοϊκή διαδρομή Ρίου-Αντιρρίου (Rio-Antirrio ferry route),2026-09-13 18:05,34,20
L62154437,GR,GR-H,GR-H-29,38.0466202,24.1388653,Ακτοπλοϊκή διαδρομή Ραφήνα-Μαρμάρι (Rafina-Marmari ferry route),2026-04-07 08:36,5,1
L65833495,GR,GR-A,GR-A-03,40.6527871,25.6825786,Ακτοπλοϊκή σύνδεση Αλεξανδρούπολης-Σαμοθράκης (Alexandroupoli-Samothraki ferry route),2026-05-10 15:00,7,1
L3000971,GR,GR-A,GR-A-03,40.8493111,25.8737755,Αλεξανδρούπολη (Alexandroupolis),2026-08-05 18:10,193,147
L1120163,GR,GR-M,GR-M-72,35.25721,25.73032,Αλυκές & λιμανάκι Ελούντας (Elounda saltpans & port),2026-05-19 10:10,115,36
L7131951,GR,GR-I,GR-I-49,37.7298316,23.9368148,Αλυκές Αναβύσσου (Anavyssos saltpans),2026-09-14 16:18,116,99
L5846445,GR,GR-B,GR-B-07,40.4389288,22.8658533,Αλυκές Επανομής (Epanomi saltpans),2026-05-09 11:38,54,8
L26445778,GR,GR-F,GR-F-33,37.8420333,20.7638095,Αλυκές Ζακύνθου (Alykes saltpans),2026-09-22 15:01,59,11
L6697961,GR,GR-F,GR-F-33,37.8420378,20.7638061,Αλυκές Ζακύνθου (Zakynthos saltpans),2026-08-18 19:53,59,28
L3443314,GR,GR-B,GR-B-11,40.3538615,22.6358585,Αλυκές Κίτρους (Kitros saltpans),2026-09-06 06:00,247,412
L1801174,GR,GR-K,GR-K-53,39.2151632,26.2516456,Αλυκές Καλλονής (Kalloni saltpans),2026-09-27 12:00,274,2304
L5867464,GR,GR-H,GR-H-29,38.43031,23.62292,Αλυκές Κοπανά (Kopana saltpans),2026-09-20 19:00,130,114
L3064378,GR,GR-F,GR-F-32,39.4496485,20.0684166,Αλυκές Λευκίμμης (Lefkimmi saltpans),2026-09-23 10:18,144,76
L76401150,GR,GR-A,GR-A-01,40.9722543,25.2204741,"Αλυκές Μέσης Ροδόπης (Mesis Saltpans, Rodopi)",2026-08-29 11:12,47,1
L4744330,GR,GR-L,GR-L-65,36.7010962,24.4702005,Αλυκές Μήλου (Milos saltpans),2026-08-20 13:24,105,44
L6288917,GR,GR-K,GR-K-53,39.1131133,26.1766082,Αλυκές Πολιχνίτου (Polichnitos saltpans),2026-09-26 10:08,201,275
L7467372,GR,GR-A,GR-A-06,41.0029618,25.0577545,Αλυκές Πόρτο Λάγος--Λεύκιππος προς Νέα Κεσσάνη (Porto Lagos salt pans--Lefkippos to Nea Kessani),2026-09-23 10:12,210,127
L26009135,GR,GR-A,GR-A-04,40.6042355,24.7430027,"Αλυκή Θάσου (Alyki, Thassos)",2023-10-10 18:32,15,3
L13008952,GR,GR-M,GR-M-73,35.22673,24.65185,Αμάρι Ρεθύμνου (Amari village),2025-04-16 10:19,48,5
L55707615,GR,GR-I,GR-I-46,38.0037462,23.8343548,"Αμερικανικό Κολλέγιο Αθηνών* (American College of Greece, restricted access)",2026-05-18 19:13,62,40
L17706391,GR,GR-J,GR-J-44,36.8015624,21.7839349,Αμμοθίνες Μαυροβουνίου (Mavrovouni beach sand dunes),2026-03-29 13:15,52,12
L55147008,GR,GR-I,GR-I-52,37.950909,23.5274728,"Αμπελάκια Σαλαμίνας (Ampelakia village, Salamis)",2026-04-19 13:33,11,3
L23634082,GR,GR-G,GR-G-38,38.8649826,21.1627998,Αμφιλοχία (Amfilochia town),2026-08-21 20:00,70,29
L7180359,GR,GR-J,GR-J-43,37.037505,22.369619,"Αναβρυτή Λακωνίας (Anavryti, Lakonia)",2026-07-12 09:21,41,6
L55241381,GR,GR-H,GR-H-29,38.5463117,24.0307133,Αναρριχητικό πεδίο Δραγονέρας (Dragonera climbing area),2025-11-24 20:00,34,3
L31644414,GR,GR-E,GR-E-23,39.1751,22.00193,Ανατολικά όρη Άγραφα--Θραψίμι (Eastern Mts Agrafa--Thrapsimi),2024-05-12 13:10,33,1
L59617456,GR,GR-A,GR-A-03,41.5017615,26.5391459,Ανατολικές παρυφές Ορεστιάδας (Easτern outskirts of Orestiada),2026-09-12 18:33,42,3
L14273483,GR,GR-I,GR-I-49,37.8171497,23.8194277,Ανατολική Ακτογραμμή Βάρκιζας (East Coast of Varkiza),2026-08-13 12:50,18,4
L18128441,GR,GR-G,GR-G-38,38.8308784,20.7261468,Ανατολική λ/θ Λευκάδας (Lefkada lagoon--East),2026-09-13 08:56,79,15
L27786684,GR,GR-E,GR-E-26,39.6729351,21.128231,Ανατολικό Όρος Λάκμος--Δρακόλιμνη Βερλίγκα (Eastern Mt Lakmos--Verliga alpine lake),2026-08-23 08:20,76,14
L13253386,GR,GR-D,GR-D-18,39.709123,20.896653,Ανατολικό όρος Μιτσικέλι (Mt Mitsikeli--East),2026-06-08 08:00,103,102
L2929749,GR,GR-I,GR-I-50,38.0871,23.37244,Ανατολικό όρος Πατέρας (Mt Pateras--East),2026-05-24 11:57,62,23
L13069189,GR,GR-E,GR-E-22,39.5474271,22.3465666,Ανατολικός Θεσσαλικός κάμπος--Ελευθέρες προς Αγ. Ανάργυρους (Eastern Thessaly plain--Eleftheres to Agioi Anargiroi),2024-11-23 15:30,25,6
L41097858,GR,GR-E,GR-E-22,39.5295744,22.5957723,Ανατολικός Θεσσαλικός κάμπος--Κιλελέρ προς Χάλκη (Eastern Thessaly plain--Kileler to Chalki),2025-09-08 14:33,44,3
L19270605,GR,GR-E,GR-E-22,39.53529,22.47439,Ανατολικός Θεσσαλικός κάμπος--Νίκαια προς Ν. Καρυές (Eastern Thessaly plain--Nikaia to Nees Karies),2026-05-16 15:30,77,16
L3995722,GR,GR-E,GR-E-24,39.4579017,22.7170304,Ανατολικός Θεσσαλικός κάμπος--Ριζόμυλος προς Σωτήριο (Eastern Thessaly plain--Rizomilos to Sotirio),2026-09-06 11:30,78,16
L14920746,GR,GR-E,GR-E-22,39.3123156,22.3535275,Ανατολικός Θεσσαλικός κάμπος--Φάρσαλα (Eastern Thessaly plain--Farsala),2025-03-21 15:57,32,1
L8090440,GR,GR-F,GR-F-36,38.8150483,20.6867737,Απόλπαινα Λευκάδας (Apolpaina village),2021-04-08 08:30,31,4
L969245,GR,GR-H,GR-H-28,38.4867853,22.5831699,Αράχωβα (Arachova town),2026-09-22 08:50,83,28
L18267690,GR,GR-J,GR-J-41,37.5582352,22.8066228,"Αρβανιτιά Ναυπλίου (Arvanitia, Nafplion)",2026-05-15 09:00,61,20
L9241594,GR,GR-F,GR-F-35,38.1726504,20.488131,Αργοστόλι (Argostoli town),2026-09-15 13:26,118,51
L10324186,GR,GR-M,GR-M-73,35.2857675,24.3352425,Αργυρούπολη Ρεθύμνου (Argyroupoli town),2026-09-05 09:12,33,9
L30992193,GR,GR-J,GR-J-43,36.6656754,22.38454,Αρεόπολη (Areopoli),2026-07-08 16:12,14,6
L9291524,GR,GR-J,GR-J-43,36.6603233,22.4003233,Αρεόπολη--Μονή Αγίου Μηνά (Areopoli--Agios Minas Chappell),2019-05-18 18:33,60,6
L3768415,GR,GR-I,GR-I-45,37.9751125,23.7213993,Αρχαία Αγορά (Ancient Agora),2026-09-27 16:16,84,410
L29273199,GR,GR-L,GR-L-60,36.3635912,25.4778099,Αρχαία Θήρα (Ancient Thira),2026-06-09 09:54,22,10
L9019726,GR,GR-J,GR-J-42,37.9068102,22.8785482,Αρχαία Κόρινθος (Ancient Corinth),2026-09-26 16:03,65,76
L9334834,GR,GR-J,GR-J-44,37.1761159,21.9201922,Αρχαία Μεσσήνη (Ancient Messini),2026-07-25 13:47,43,20
L2598075,GR,GR-G,GR-G-39,37.6413353,21.6283465,Αρχαία Ολυμπία (Ancient Olympia),2026-09-06 11:45,130,250
L36822065,GR,GR-M,GR-M-72,35.1790031,25.6529912,Αρχαία Πόλη Λατούς (Lato ancient town),2026-09-15 14:20,33,11
L53389976,GR,GR-L,GR-L-68,37.0819087,25.2026882,Αρχαία λατομεία Μαραθίου Πάρου (Marathi ancient quarries),2026-05-21 19:00,23,2
L3001059,GR,GR-J,GR-J-41,37.730922,22.7561183,Αρχαίες Μυκήνες (Archaelogical site of Mycenae),2026-09-27 11:06,103,235
L47829814,GR,GR-I,GR-I-52,37.7047718,23.4743238,Αρχαίος Ελαιώνας Αίγινας (Ancient Olive Grove of Aegina),2026-05-07 18:29,22,2
L2694519,GR,GR-H,GR-H-31,38.4810744,22.4968243,Αρχαιολογικός Χώρος Δελφών (Delphi archaeological site),2026-09-27 17:59,155,596
L26248845,GR,GR-I,GR-I-45,37.978906,23.718528,Αρχαιολογικός Χώρος Κεραμεικού (Kerameikos Archaeological Site),2026-09-24 10:02,38,37
L13883340,GR,GR-J,GR-J-42,37.934099,22.888427,Αρχαιολογικός Χώρος Λέχαιου (Lecheon Archaeological Site),2026-09-17 16:15,155,69
L24067740,GR,GR-A,GR-A-05,41.0126805,24.2886368,Αρχαιολογικός Χώρος Φιλίππων (Philippoi Archeological Site),2026-09-17 11:29,85,38
L17488752,GR,GR-M,GR-M-72,35.2632596,26.2639989,Αρχαιολογικός χώρος Ίτανου (Itanos archaeological site),2026-09-25 18:22,34,3
L18288413,GR,GR-M,GR-M-74,35.4646319,24.1426585,Αρχαιολογικός χώρος Απτέρας (Aptera archeological site),2026-09-14 11:42,64,25
L7315940,GR,GR-B,GR-B-11,40.1760042,22.4928331,Αρχαιολογικός χώρος Δίου (Dion archaeological site),2026-09-16 09:00,96,37
L9858160,GR,GR-M,GR-M-73,35.331197,24.6736622,Αρχαιολογικός χώρος Ελεύθερνων (Eleftherna archaeological site),2026-08-06 00:00,26,3
L1884549,GR,GR-K,GR-K-56,37.6722,26.885986,Αρχαιολογικός χώρος Ηραίου Σάμου (Heraion of Samos archaeological site),2026-07-24 10:34,91,20
L1240292,GR,GR-M,GR-M-71,35.2979469,25.1630366,Αρχαιολογικός χώρος Κνωσσού (Knossos archaeological site),2026-09-17 08:26,100,204
L2781875,GR,GR-B,GR-B-10,40.7566199,22.5219727,Αρχαιολογικός χώρος Πέλλας (Pella Archaeological site),2026-02-05 11:00,66,13
L964268,GR,GR-M,GR-M-71,35.0512365,24.8137593,Αρχαιολογικός χώρος Φαιστού (Phaistos archaeological site),2026-09-15 11:35,75,38
L55018031,GR,GR-B,GR-B-13,40.592,23.795,Αρχαιολογικός χώρος αρχαίων Σταγείρων (Stagira archaeological site),2025-05-25 11:30,9,1
L12551508,GR,GR-69,GR-69-99,40.140995,24.2962583,Ασκητήριο Αγίας Άννης Άθως (Mt Athos--Agia Anna Hermitage),2023-01-12 21:17,29,3
L15210571,GR,GR-B,GR-B-07,40.7567074,23.3867324,Ασκός και γύρω χωράφια (Askos & surrounding fields),2025-08-05 18:29,51,11
L29520264,GR,GR-G,GR-G-38,38.5352939,21.0828208,Αστακός (Astakos town),2024-09-24 15:40,45,2
L7433569,GR,GR-I,GR-I-49,38.3170147,23.7562152,Ασωπός--Κατάντη Ωρωπού (Asopos River--Downstream Oropos),2026-08-02 18:53,48,13
L9012701,GR,GR-I,GR-I-45,38.0043896,23.7587858,Αττικό Άλσος (Attic grove),2026-05-14 08:55,54,36
L51185909,GR,GR-I,GR-I-49,37.9810172,23.9100693,Αττικό Ζωολογικό Πάρκο (Attica Zoological Park),2026-09-24 10:32,75,23
L9134683,GR,GR-L,GR-L-62,35.7741181,27.1810841,Αυλώνα Καρπάθου (Avlona village),2024-09-30 15:09,40,4
L27062393,GR,GR-I,GR-I-52,37.7659839,23.5366266,"Βάγια Αίγινας (Vagia village, Aegina)",2026-07-28 09:00,31,8
L35223495,GR,GR-J,GR-J-43,36.4524515,22.4678492,"Βάθεια Λακωνίας (Vathia, Lakonia)",2026-09-07 10:30,27,10
L21312806,GR,GR-B,GR-B-08,40.5244774,22.2029466,Βέροια (Veroia city),2026-09-16 09:37,26,5
L35935565,GR,GR-M,GR-M-71,35.012553,24.999816,Βαγιονιά Ηρακλείου (Vagionia village),2026-04-26 13:05,3,0
L62840750,GR,GR-I,GR-I-46,38.0506325,23.8350758,Βαθύρεμα (Vathyrema Stream),2026-07-22 07:12,23,3
L66475955,GR,GR-B,GR-B-07,40.7346552,22.6288166,Βαρδαρόβαση τάφρος (Vardarovasi ditch),2026-07-21 06:15,32,1
L7331650,GR,GR-I,GR-I-49,37.97424,23.9100833,"Βαρικό Σπάτων (Variko, Spata)",2026-09-23 00:00,102,79
L66103801,GR,GR-D,GR-D-18,40.01135,20.58327,Βασιλικό προς Κεφαλόβρυσο (Vasiliko to Kefalovryso village),2025-08-19 19:30,1,0
L3000989,GR,GR-B,GR-B-08,40.4875896,22.3165762,Βεργίνα (Vergina town),2026-09-16 10:40,92,37
L13351459,GR,GR-C,GR-C-17,40.8252579,21.6062493,Βιομηχανική περιοχή Μελίτη (Meliti industrial area),2026-08-21 09:30,52,5
L7269837,GR,GR-I,GR-I-47,38.0113292,23.6405075,Βοτανικός Κήπος Διομήδη (Diomedes Botanical Garden),2026-09-01 08:00,59,31
L34092362,GR,GR-F,GR-F-35,38.1598607,20.4962075,Βοτανικός Κήπος Κεφαλονιάς (Botanical Garden of Cephalonia),2025-08-23 07:15,18,2
L9595312,GR,GR-M,GR-M-74,35.4197795,23.9424813,Βοτανικός Κήπος Κρήτης (Botanical Garden of Crete),2026-08-19 09:30,52,52
L53708126,GR,GR-B,GR-B-13,40.187042,23.792625,"Βουρβουρού Χαλκιδικής (Vourvourou, Chalkidiki)",2026-09-20 18:30,21,2
L12437993,GR,GR-I,GR-I-49,37.911359,23.9824491,Βραυρώνα--Βλάχτι (Vravrona--Vlachti),2025-09-13 14:24,44,10
L53638100,GR,GR-I,GR-I-49,37.9190933,23.996898,Βραυρώνα--Κορυφές Πυργάρι και Λαπούτσι (Vravrona--Pyrgari and Lapoutsi peaks),2026-08-12 15:00,26,2
L9819074,GR,GR-I,GR-I-49,37.92374,23.9833617,Βραυρώνα--Λιβάδι (Vravrona--Livadi),2026-06-12 07:00,91,55
L2919798,GR,GR-I,GR-I-49,37.925175,23.9977884,Βραυρώνα--Υγρότοπος & εκβολές Ερασίνου (Vravrona--Wetland & Erasinos estuary),2026-09-27 07:01,208,1196
L52691258,GR,GR-L,GR-L-67,37.0456495,25.3526484,Βραχονησίδες Ασπρονήσια (Aspronisia rocky islets),2026-07-01 10:01,5,4
L72880019,GR,GR-D,GR-D-18,39.6476728,20.5180149,"Βροσίνα Ιωαννίνων (Vrosina village, Ioannina)",2026-07-03 05:45,1,1
L76480142,GR,GR-D,GR-D-21,39.264476,20.658302,"Βόκαμπος Πρέβεζας (Vokampos, Preveza)",2026-08-25 00:00,10,1
L43338862,GR,GR-A,GR-A-01,41.1312508,25.2094971,Βόρεια Πλημμυρική ζώνη Κομψάτου (Kompsatos River Floodplain--North),2026-08-28 15:00,65,6
L17579602,GR,GR-E,GR-E-23,39.3169656,21.5632416,Βόρεια όρη Άγραφα (Northern Mts Agrafa),2026-05-10 15:20,50,6
L65750647,GR,GR-E,GR-E-23,39.2789699,21.6828039,Βόρεια όρη Άγραφα--Ορειβατικό καταφύγιο προς κορυφή Τέμπλα (N Mts Agrafa--Mountain refuge to Tebla peak),2026-05-10 15:20,18,1
L17658231,GR,GR-K,GR-K-53,39.0963916,26.36668,Βόρειο Δάσος Αγιάσου (Northern Agiasos forest),2026-06-09 11:10,66,15
L36571251,GR,GR-D,GR-D-20,39.5862391,20.1546348,Βόρειο Δέλτα Καλαμά (Kalamas Delta--North),2026-04-09 06:30,84,5
L28222136,GR,GR-D,GR-D-18,39.5637295,21.128101,Βόρειο τμήμα  οροσειράς Τζουμέρκων (Tzoumerka Mts--North),2025-09-09 07:00,103,28
L49236636,GR,GR-D,GR-D-18,39.5841319,21.1243252,Βόρειο τμήμα οροσειράς Τζουμέρκων--Καλαρρύτες (North Tzoumerka Mts--Kalarrytes),2025-09-10 07:15,45,4
L49249259,GR,GR-D,GR-D-18,39.6148618,21.1736641,Βόρειο τμήμα οροσειράς Τζουμέρκων--Πέρασμα Μπάρος (North Tzoumerka Mts--Mparos Saddle),2026-08-15 08:00,38,7
L49175139,GR,GR-D,GR-D-18,39.5153232,21.1052463,Βόρειο τμήμα οροσειράς Τζουμέρκων--Πράμαντα (North Tzoumerka Mts--Pramanta),2026-09-27 11:02,57,11
L8391561,GR,GR-M,GR-M-73,35.3596397,24.7619573,Γέφυρα Γεροπόταμου (Geropotamos bridge),2026-04-29 11:35,12,0
L22504628,GR,GR-C,GR-C-15,39.9649841,21.7295516,Γέφυρα Παλιουριάς (Paliouria bridge),2025-05-22 09:19,58,18
L59918964,GR,GR-J,GR-J-44,36.931848,21.716934,Γήπεδο γκολφ «Navarino Bay» (Navarino Bay golf course),2026-09-10 09:30,62,10
L60953681,GR,GR-J,GR-J-44,36.996839,21.653833,Γήπεδο γκολφ «Navarino Dunes» (Navarino Dunes golf course),2026-09-10 07:28,43,6
L61042211,GR,GR-J,GR-J-44,36.9224753,21.725269,Γήπεδο γκολφ «Navarino Hills» (Navarino Hills golf course),2026-09-10 11:57,30,6
L3074773,GR,GR-F,GR-F-32,39.6170319,19.8005326,Γήπεδο γκολφ Κέρκυρας (Corfu golf course),2025-06-02 07:02,71,16
L66296113,GR,GR-F,GR-F-32,39.194642,20.183669,"Γαίος Παξών (Gaios, Paxoi)",2026-05-30 14:16,19,5
L1801127,GR,GR-H,GR-H-31,38.3765085,22.3828809,Γαλαξίδι (Galaxidi town),2026-09-05 19:54,70,31
L28924142,GR,GR-B,GR-B-07,40.79246,22.845159,Γαλλικός ποταμός--Γέφυρα Νέας Φιλαδέλφειας (Gallikos river--Nea Filadelfeia bridge),2026-02-19 08:30,28,2
L60480995,GR,GR-F,GR-F-32,39.5629833,19.9045997,Γαστούρι & ανάκτορο Αχιλλείου (Gastouri village & Achilleion palace),2026-09-16 09:55,45,9
L2932848,GR,GR-I,GR-I-50,38.0202382,23.1423569,Γεράνεια--Αέρας προς Μακρυπλάγι (Mt Geraneia--Aeras to Makryplagi),2025-05-24 08:18,55,10
L7782247,GR,GR-J,GR-J-42,38.0071157,23.0754361,Γεράνεια--Καταφύγιο Άγριας Ζωής Πράθι (Mt Geraneia--Prathi Wildilfe Refuge),2026-06-14 09:05,71,28
L22023217,GR,GR-I,GR-I-50,37.9834217,23.1765733,Γεράνεια--Κινέτα (Mt Geraneia--Slopes over Kineta),2026-05-31 06:43,27,4
L7880943,GR,GR-I,GR-I-50,38.0286767,23.1787251,Γεράνεια--Μάζι (Mt Geraneia--Mazi),2021-02-18 13:30,32,3
L7880807,GR,GR-I,GR-I-50,38.0176776,23.1949721,Γεράνεια--Χάνι προς Αέρα (Mt Geraneia--Chani To Aeras),2025-05-24 07:25,29,3
L30250841,GR,GR-J,GR-J-43,36.476,22.419,Γερολιμένας και πέριξ (Gerolimenas and surroundings),2026-07-11 00:00,85,34
L26174928,GR,GR-H,GR-H-31,38.6899227,22.2151312,Γεφυράκι Μόρνου (Mornos bridge),2023-07-24 07:30,3,1
L47661807,GR,GR-B,GR-B-12,41.0197755,23.6006761,Γεφυράκι Νέου Σκοπού (Neos Skopos' Bridge),2026-06-14 12:20,35,5
L16682372,GR,GR-E,GR-E-24,39.3879422,22.9405046,Γεωπονική Σχολή Βόλου (Volos Agricultural School),2026-01-21 13:40,43,14
L7284207,GR,GR-I,GR-I-45,37.9827013,23.7054062,Γεωπονικό Πανεπιστήμιο Αθηνών (Agricultural University of Athens),2026-04-02 12:29,50,64
L21295925,GR,GR-B,GR-B-08,40.6710015,22.0572956,Γιαννακοχώρι (Giannakochori village),2022-10-20 13:00,4,1
L13771643,GR,GR-I,GR-I-52,37.8992432,23.4586413,"Γκίνανι Σαλαμίνας (Gkinani plateau, Salamis)",2025-09-28 13:15,48,9
L67967724,GR,GR-L,GR-L-60,36.600208,24.915857,"Γκρεμοί Gundari resort Φολεγάνδρου (Gundari resort cliffs, Folegandros)",2025-12-19 09:45,10,2
L3782458,GR,GR-L,GR-L-60,36.389894,25.4341727,Γκρεμοί Σαντορίνης (Santorini cliffs),2026-09-07 09:09,76,80
L5380455,GR,GR-L,GR-L-70,37.5759263,25.2204734,Γκρεμοί Τσικνιά Τήνου (Tsiknia cliffs),2023-07-06 07:35,41,7
L5381058,GR,GR-L,GR-L-70,37.5316269,25.1627402,Γκρεμός μνημείου πεσόντων Τήνου (Tinos Monument cliff),2026-06-04 19:09,57,12
L22617544,GR,GR-D,GR-D-20,39.6819178,20.038079,Γλώσσα Σαγιάδας (Sagiada--Glossa),2023-02-15 09:30,40,3
L4644972,GR,GR-E,GR-E-25,39.1744885,23.6149514,"Γλώσσα Σκοπέλου (Glossa village, Skopelos)",2026-07-18 12:46,21,6
L1121869,GR,GR-I,GR-I-49,38.2028,23.9672,Γραμματικό (Grammatiko),2025-11-08 12:05,79,62
L3198903,GR,GR-I,GR-I-49,38.2255724,24.0080667,Γραμματικό--Σέσι (Grammatiko--Sesi),2023-05-21 13:45,41,6
L74961575,GR,GR-M,GR-M-74,35.2873531,24.2335737,"Δάσος Ασφέντου Καλλικράτη (Asfendou woodland, Kallikratis)",2026-07-20 13:21,6,1
L1780896,GR,GR-K,GR-K-53,39.1501034,26.2836399,Δάσος Αχλαδερής (Achladeri forest),2026-08-27 06:00,158,482
L7824050,GR,GR-K,GR-K-54,37.5833239,26.0832269,Δάσος Καρών (Kares woodland),2026-07-08 00:31,45,28
L52004296,GR,GR-D,GR-D-18,39.8124403,21.2239057,Δάσος Κατάρα (Katara forest),2026-08-02 15:00,39,3
L10953484,GR,GR-I,GR-I-49,37.8493051,24.0112859,Δάσος Κουβαρά (Kouvaras Forest),2020-08-19 00:00,21,3
L25849409,GR,GR-E,GR-E-24,39.1951293,22.7379703,"Δάσος Κουρί Αλμυρού (Kouri woodland, Almyros)",2025-04-20 13:03,25,2
L25145823,GR,GR-D,GR-D-18,39.8857646,20.5121394,Δάσος Κρυονερίου (Kryoneri woodland),2026-08-08 07:20,55,13
L55076569,GR,GR-D,GR-D-21,39.141171,20.617566,Δάσος Λεκατσά (Lekatsa forest),2026-08-29 00:00,13,2
L9099242,GR,GR-K,GR-K-53,39.1109635,26.2672689,Δάσος Μικρής Λίμνης (Miki Limni forest),2026-09-22 14:08,112,114
L15548251,GR,GR-A,GR-A-06,41.1227889,24.8401717,Δάσος Παλαιάς Μορσίνης (Palea Morsini's Woodland),2024-10-09 11:49,4,2
L60323750,GR,GR-K,GR-K-54,37.589023,26.155039,Δάσος Ράντη (Rantis forest),2026-09-10 08:48,44,22
L52166234,GR,GR-E,GR-E-22,40.130358,22.1618918,Δάσος Σάλτσι--Λιβάδι Ολύμπου (Saltsi woodland--Livadi village),2025-08-29 09:00,13,1
L13093472,GR,GR-B,GR-B-07,40.6263145,22.9840636,Δάσος Σέιχ Σου--Κρυονέρι (Seih Sou forest--Kryoneri),2026-05-03 22:00,60,18
L13229955,GR,GR-B,GR-B-07,40.6451529,22.9811943,Δάσος Σέιχ Σου--Λόφος Καρά Τεπέ (Seih Sou forest--Cara Tepe hill),2026-06-08 06:50,84,24
L21097851,GR,GR-B,GR-B-07,40.5939305,23.0534148,Δάσος Σέιχ Σου--Πλατανάκια (Seih Sou forest--Platanakia),2025-10-10 13:36,53,8
L11151369,GR,GR-J,GR-J-40,37.3280965,22.3753604,Δάσος Σκιρίτιδας (Skyritida Forest),2025-05-18 11:16,51,6
L23486443,GR,GR-M,GR-M-71,35.052155,25.4882202,"Δάσος Σύμης Βιάννου (Symi forest, Viannos)",2026-08-05 08:42,35,7
L4447645,GR,GR-I,GR-I-49,38.155207,23.795297,Δάσος Τατοΐου (Tatoi forest),2025-08-28 10:00,61,19
L42188102,GR,GR-G,GR-G-39,37.7808967,21.7486427,Δάσος Φολόης (Foloi forest),2025-10-11 11:00,50,22
L992361,GR,GR-D,GR-D-20,39.5395284,20.2114105,"Δέλτα Καλαμά (Kalamas Delta, use more precise loc.)",2026-01-08 13:00,136,21
L3914407,GR,GR-D,GR-D-20,39.5257581,20.1942288,Δέλτα Καλαμά--Όρμος Βάλτου (Kalamas Delta--Valtos bay),2026-06-21 16:19,78,14
L3914402,GR,GR-D,GR-D-20,39.5148997,20.2175747,Δέλτα Καλαμά--Λ/θ Δρέπανο (Kalamas Delta--Drepano lagoon),2026-06-01 16:37,96,19
L19620338,GR,GR-H,GR-H-31,38.3744749,21.8538569,Δέλτα Μόρνου (Mornos Delta),2025-09-25 16:18,55,9
L3000778,GR,GR-A,GR-A-05,40.8611264,24.778533,Δέλτα Νέστου (Nestos Delta),2025-11-26 06:54,228,59
L6586391,GR,GR-E,GR-E-22,39.9301009,22.7112547,Δέλτα Πηνειού--Κουλούρα (Pineios Delta--Kouloura),2025-10-15 13:54,72,16
L35688864,GR,GR-B,GR-B-11,39.9694886,22.6653492,Δέλτα Πηνειού--Νέοι Πόροι (Pineios Delta--Neoi Poroi),2026-07-25 07:09,79,9
L4019340,GR,GR-H,GR-H-27,38.8625345,22.5597382,Δέλτα Σπερχειού (Sperchios Delta),2026-08-28 15:17,210,342
L9088452,GR,GR-H,GR-H-27,38.8222936,22.5962858,Δέλτα Σπερχειού--Αγία Τριάδα (Spercheios Delta--Agia Triada),2026-09-10 17:45,131,80
L22509623,GR,GR-C,GR-C-14,40.115407,21.8480297,Δέλτα λίμνης Πολυφύτου (Lake Polyphitos--Delta),2026-05-21 14:51,82,13
L29356485,GR,GR-J,GR-J-41,37.642528,23.036889,Δέντρα Αρνάς (Arnas Old Oaks),2026-06-16 09:54,23,3
L68007464,GR,GR-D,GR-D-21,38.954726,20.760209,Δίαυλος Πρέβεζας-Ακτίου (Preveza-Actium channel),2026-05-21 00:00,2,0
L65590589,GR,GR-B,GR-B-12,41.2356614,23.6656503,Δασική διαδρομή προς Κάτω Βροντού (Forest route to Kato Vrontou),2026-05-09 15:40,30,5
L10946618,GR,GR-A,GR-A-03,40.98078,25.9179062,Δασικό Σύμπλεγμα Νοτίου Έβρου--Άβαντας έως Αισύμη (South Evros Forest Complex--Avas to Aisymi),2023-04-08 16:30,77,8
L10952067,GR,GR-A,GR-A-03,40.9329796,26.0775484,Δασικό Σύμπλεγμα Νοτίου Έβρου--Λουτρός έως Νίψα (South Evros Forest Complex--Loutros to Nipsa),2025-06-07 14:03,79,12
L10276761,GR,GR-A,GR-A-03,40.9924034,26.0639289,Δασικό Σύμπλεγμα Νοτίου Έβρου--Νίψα έως Κοίλα (South Evros Forest Complex--Nipsa to Koila),2023-05-12 10:23,49,4
L24817533,GR,GR-H,GR-H-31,38.478192,22.49535,Δελφοί (Delphi town),2026-09-26 16:44,79,90
L14441362,GR,GR-E,GR-E-24,39.3671531,22.9728093,"Δενδρώνες Ιωλκού Βόλου (Iolcos groves, Volos)",2021-06-02 18:46,28,3
L72780663,GR,GR-K,GR-K-57,38.3710997,26.1352435,Δημοτικοί κήποι Χίου (Chios Municipal gardens),2026-07-29 08:25,5,1
L65968867,GR,GR-A,GR-A-03,40.8447623,25.8628809,Δημοτικό Άλσος Αλεξανδρούπολης (Alexandroupolis Municipal Grove),2026-05-12 16:00,29,1
L15239689,GR,GR-E,GR-E-24,39.3810044,22.9330531,Δημοτικό Πάρκο Βόλου (Volos Municipal Park),2026-01-17 15:31,28,9
L17762910,GR,GR-C,GR-C-14,40.2959311,21.7811539,Δημοτικό Πάρκο Κοζάνης (Kozani municipal park),2026-08-29 06:58,63,55
L13320243,GR,GR-G,GR-G-38,38.6324126,21.409328,Δημοτικό πάρκο Αγρινίου (Agrinio municipal park),2026-04-10 21:42,64,63
L46441005,GR,GR-B,GR-B-07,40.5825632,22.940422,Δημοτικό πάρκο Κόδρα (Kodra municipal park),2026-06-26 14:38,46,7
L36394465,GR,GR-E,GR-E-25,39.2434124,23.9333325,Διάσελο Αλοννήσου (Alonissos island--Diaselo),2025-05-01 07:01,23,3
L24398848,GR,GR-I,GR-I-50,38.1946045,23.3434874,Διάσελο Κιάφα Σούρι (Kiafa Souri Col),2023-05-06 08:07,11,1
L47832959,GR,GR-M,GR-M-74,35.3894459,23.9810913,Διαδρομή Θέρισο-Ζούρβα (Theriso-Zourva Route),2026-04-22 10:09,41,5
L16428344,GR,GR-K,GR-K-53,39.2110488,26.2318653,Διαδρομή Λοτζάρια (Lotzaria track),2026-09-26 17:02,181,293
L65301587,GR,GR-M,GR-M-71,35.276112,25.4234614,Διαδρομή Σταλίδας προς Μοχό (Stalida to Mochos route),2026-04-27 10:00,2,1
L1782166,GR,GR-K,GR-K-53,39.1418036,26.0304169,Διαδρομή από Άγρα προς Μεσότοπο (Agra to Mesotopos track),2026-06-02 07:45,125,49
L18921375,GR,GR-K,GR-K-53,39.1039126,26.0804412,Διαδρομή από Αποθήκες προς Μάκαρα (Apothikes to Makara track),2026-05-23 08:05,125,80
L43819003,GR,GR-J,GR-J-43,36.4954756,22.36489,Διαδρομή από Κηπούλα προς Δρύ (Kipoula to Dry track),2026-04-25 15:27,47,2
L4613239,GR,GR-K,GR-K-53,39.1663609,25.9024506,Διαδρομή από Μελάδια προς Ερεσό (Meladia to Eresos track),2026-05-21 12:02,184,277
L18959131,GR,GR-K,GR-K-53,39.2054756,25.9599255,Διαδρομή από Μονή Υψηλού προς Ερεσό (Road from Ipsilou Monastery to Eresos),2026-09-18 15:29,84,22
L14164038,GR,GR-K,GR-K-53,39.2305895,25.901942,Διαδρομή από Μονή Υψηλού προς Σίγρι (Road from Ipsilou Monastery to Sigri),2026-07-31 07:45,94,33
L67460926,GR,GR-I,GR-I-50,38.1544786,23.365679,Διαδρομή από Οινόη προς Βίλια (Oinoi to Vilia dirt track),2026-05-24 07:35,26,1
L25533832,GR,GR-I,GR-I-49,37.6773756,24.0557046,Διαδρομή από Σούνιο προς Ποσειδωνία (Sounio to Poseidonia Route),2026-07-14 15:16,25,4
L41940988,GR,GR-L,GR-L-60,36.4374335,25.4226422,Διαδρομή από Φηρά προς Οία (Fira to Oia trail),2026-09-27 08:30,42,35
L14163994,GR,GR-K,GR-K-53,39.2271022,25.9615986,Διασταύρωση Άντισσας (Antissa triangle),2026-05-21 13:26,84,30
L2809188,GR,GR-I,GR-I-49,37.9353977,23.9440155,Διεθνής Αερολιμένας Αθηνών (Athens International Airport),2026-09-15 13:44,80,170
L23457215,GR,GR-L,GR-L-69,36.4066768,28.0907001,Διεθνής Αερολιμένας Ρόδου (Rhodes International Airport),2026-09-01 18:48,80,29
L4019432,GR,GR-A,GR-A-03,40.8692618,26.1181927,"Δορίσκος Έβρου (Doriskos, Evros)",2026-05-08 10:10,109,20
L25653820,GR,GR-C,GR-C-15,39.8762639,21.1221647,Δρακόλιμνες Φλέγγας (Flegga alpine lakes),2024-10-10 14:22,30,3
L57247239,GR,GR-L,GR-L-61,37.1410219,26.8283137,"Δρυμώνας Λέρου (Drimonas settlement, Leros)",2026-01-17 06:40,29,3
L25536095,GR,GR-K,GR-K-55,39.9266727,25.3150637,Δρυοδάσος Κοντοπουλίου (Kontopouli oak forest),2026-05-28 10:05,21,4
L16787258,GR,GR-J,GR-J-42,38.0000212,22.6063948,Δρυοδάσος Μογγοστού (Moggostos Oak Forest),2024-11-10 16:30,41,5
L37124780,GR,GR-L,GR-L-68,37.0048653,25.2267083,Δρυός Πάρου (Drios village),2025-10-07 14:53,21,4
L7207462,GR,GR-K,GR-K-53,39.2209584,25.913229,Δρόμος Απολιθωμένου Δάσους (Petrified Forest Park road),2026-09-24 11:21,129,212
L6529445,GR,GR-L,GR-L-69,36.4368552,28.2050586,Δυτική ακτογραμμή πόλης της Ρόδου (Rhodes city western coastline),2026-07-08 20:30,83,34
L7781533,GR,GR-F,GR-F-36,38.8418508,20.6976972,Δυτική λ/θ Λευκάδας (Lefkada lagoon--West),2026-09-15 10:45,131,78
L15288206,GR,GR-D,GR-D-18,39.6750561,21.0697435,Δυτικό όρος Λάκμος (Mt Lakmos--West),2023-07-21 07:00,14,1
L13356382,GR,GR-D,GR-D-18,39.7780345,20.7889666,Δυτικό όρος Μιτσικέλι (Mt Mitsikeli--West),2026-06-26 08:30,96,56
L8115679,GR,GR-I,GR-I-50,38.1250638,23.2947918,Δυτικό όρος Πατέρας (Mt Pateras--West),2025-05-31 12:01,32,5
L32015429,GR,GR-E,GR-E-23,39.462016,21.7306696,Δυτικός Θεσσαλικός Κάμπος--Λαζαρίνα (Western Thessaly plain--Lazarina),2026-05-21 18:30,19,2
L22699694,GR,GR-E,GR-E-23,39.4092841,22.0264784,Δυτικός Θεσσαλικός κάμπος--Γοργοβίτες (Western Thessaly plain--Gorgovites),2025-09-27 13:22,45,6
L56483974,GR,GR-E,GR-E-26,39.5764681,21.7897841,Δυτικός Θεσσαλικός κάμπος--Λογγάκι (Western Thessaly plain--Loggaki),2026-04-12 10:00,22,2
L19758504,GR,GR-E,GR-E-23,39.3838898,21.8700108,Δυτικός Θεσσαλικός κάμπος--Παλαιοκκλήσι (Western Thessaly plain--Paleokklisi),2026-05-09 18:45,39,11
L31645056,GR,GR-E,GR-E-23,39.2246639,22.0427483,Δυτικός Θεσσαλικός κάμπος--Περιοχή Κέδρου & ποταμού Σοφαδίτη (Western Thessaly plain--Kedros & Sofatidis river area),2024-05-12 12:30,17,0
L7913348,GR,GR-I,GR-I-49,37.7206172,24.0221853,ΕΔ Σουνίου--Χάος (Sounio NP--Chaos),2026-09-16 15:15,30,6
L26520017,GR,GR-B,GR-B-12,41.3195765,23.1475496,"ΕΟ Λίμνης Κερκίνης--Όρος Μπέλλες, Ανατολική κορυφογραμμή (Lake Kerkini NP--Mt Belles Eastern Ridge)",2023-11-17 10:26,34,3
L56221716,GR,GR-B,GR-B-07,40.5957943,22.8566785,ΕΠ Αξιού--Αντλιοστάσιο Παλιομάνας (Axios NP--Paliomana pumping station),2026-05-28 08:49,121,15
L3447335,GR,GR-B,GR-B-08,40.4959175,22.6340675,ΕΠ Αξιού--Δέλτα Αλιάκμονα (Axios NP--Aliakmon Delta),2026-09-20 07:33,202,69
L5009302,GR,GR-B,GR-B-07,40.5606343,22.7445173,ΕΠ Αξιού--Δέλτα Αξιού (Axios NP--Axios Delta),2026-09-11 11:09,257,552
L5003300,GR,GR-B,GR-B-07,40.5292297,22.6815414,ΕΠ Αξιού--Δέλτα Λουδία (Axios NP--Loudias Delta),2026-09-20 12:14,189,108
L2812518,GR,GR-B,GR-B-07,40.6266697,22.8386021,ΕΠ Αξιού--Εκβολές Γαλλικού (Axios NP--Gallikos river estuary),2026-09-27 10:12,259,852
L5037097,GR,GR-B,GR-B-07,40.6310209,22.8651667,ΕΠ Αξιού--Λιμνοθάλασσα Καλοχωρίου (Axios NP--Kalochori lagoon),2026-09-11 18:14,236,755
L5009333,GR,GR-B,GR-B-11,40.4718448,22.5875401,ΕΠ Αξιού--Λιμνοθάλασσα Νέας Αγαθούπολης (Axios NP--Nea Agathoupoli lagoon),2026-09-05 09:10,203,144
L7026810,GR,GR-B,GR-B-08,40.5391086,22.6059295,ΕΠ Αξιού--Παραποτάμιο δάσος Αλιάκμονα (Axios NP--Aliakmon riverine forest),2026-07-28 19:32,206,132
L69285252,GR,GR-D,GR-D-18,39.9095468,20.9590168,ΕΠ Βόρειας Πίνδου--Kokkinorachi forest (Northern Pindos NP--Δάσος Κοκκινόραχης),2026-06-06 10:00,28,1
L56756244,GR,GR-D,GR-D-18,39.9025886,21.0722329,ΕΠ Βόρειας Πίνδου--Βοβούσα προς Βάλια Κάλντα (Northern Pindos NP--Vovousa to Valia Kalda),2011-08-04 13:00,7,0
L13253514,GR,GR-D,GR-D-18,40.00071,20.885929,ΕΠ Βόρειας Πίνδου--Βρυσοχώρι (Northern Pindos ΝP--Vrisochori),2026-08-15 12:00,44,10
L13395483,GR,GR-D,GR-D-18,39.8100336,20.999955,ΕΠ Βόρειας Πίνδου--Γρεβενίτι προς Λίμνη Ζορίκα (Northern Pindos ΝP--Greveniti to Zorika lake),2025-03-03 14:00,58,11
L16199915,GR,GR-D,GR-D-18,39.9328212,20.9168019,ΕΠ Βόρειας Πίνδου--Γυφτόκαμπος (Northern Pindos NP--Gyftokampos),2026-08-15 07:30,50,8
L63911296,GR,GR-D,GR-D-18,39.9761397,20.9217098,ΕΠ Βόρειας Πίνδου--Ηλιοχώρι (Northern Pindos ΝP--Iliochori),2026-04-25 14:30,9,0
L49486294,GR,GR-D,GR-D-18,39.863964,20.7891463,ΕΠ Βόρειας Πίνδου--Κήποι προς Τσεπέλοβο (Northern Pindos NP--Kipoi to Tsepelovo),2026-09-20 12:20,54,13
L66110232,GR,GR-D,GR-D-18,39.9811364,20.666198,ΕΠ Βόρειας Πίνδου--Κλειδωνιά (Northern Pindos NP--Kleidonia),2026-08-17 12:00,19,1
L70065619,GR,GR-C,GR-C-15,39.9587683,21.105095,ΕΠ Βόρειας Πίνδου--Πέρασμα Στάνης Ντίζα (Northern Pindos NP--Stani Ntiza Pass),2026-06-14 12:04,11,1
L5536372,GR,GR-A,GR-A-03,40.8321903,25.9725809,ΕΠ Δέλτα Έβρου--Άνθεια (Evros Delta NP--Antheia),2026-09-12 07:47,247,221
L3000873,GR,GR-A,GR-A-03,40.8042811,26.0176563,ΕΠ Δέλτα Έβρου--Λθ Δράνα και Παλούκια (Evros Delta NP--Drana and Paloukia Lagoons),2026-09-07 11:59,275,353
L9160871,GR,GR-A,GR-A-03,40.8658198,26.1840639,ΕΠ Δέλτα Έβρου--Φέρες (Evros Delta NP--Feres),2026-08-22 18:38,166,19
L3107442,GR,GR-A,GR-A-03,41.1422572,26.2243545,ΕΠ Δαδιάς-- Γέφυρα Διαβολορέματος (Dadia Forest NP--Diavolorema Bridge),2026-08-25 16:12,125,90
L3000851,GR,GR-A,GR-A-03,41.0937559,26.192379,ΕΠ Δαδιάς--Δασικό Σύμπλεγμα (Dadia Forest NP--Woodland),2026-06-29 13:03,180,97
L12845819,GR,GR-A,GR-A-03,41.0283516,26.1808093,ΕΠ Δαδιάς--Λευκίμμη (Dadia Forest NP--Lefkimi),2026-05-23 09:53,121,56
L3000835,GR,GR-A,GR-A-03,41.122327,26.2285048,ΕΠ Δαδιάς--Οικοτουριστικό Κέντρο (Dadia Forest NP--Ecotourism Centre),2026-09-18 15:02,165,129
L3973255,GR,GR-A,GR-A-03,41.1077803,26.2444603,ΕΠ Δαδιάς--Παρατηρητήριο Ταΐστρας (Dadia Forest NP--Feeding Station Observatory),2026-09-19 10:30,140,108
L5685035,GR,GR-G,GR-G-37,38.0831448,21.3755975,ΕΠ Κοτυχίου & Στροφυλιάς--Έλος Λάμιας (Kotychi & Strofylia NP--Lamia Marsh),2026-05-04 10:12,113,40
L10400011,GR,GR-G,GR-G-39,37.9692201,21.252995,ΕΠ Κοτυχίου & Στροφυλιάς--Αλυκές Λεχαινών (Kotychi & Strofylia NP--Lechena salt pans),2026-05-03 16:15,111,20
L7678500,GR,GR-G,GR-G-37,38.1323962,21.3767338,ΕΠ Κοτυχίου & Στροφυλιάς--Δάσος Στροφυλιάς (Kotychi & Strofylia NP--Strofylia forest),2026-06-10 08:46,140,46
L11151637,GR,GR-G,GR-G-39,38.0088063,21.3220738,ΕΠ Κοτυχίου & Στροφυλιάς--Ιχθυοκαλλιέργειες Λεβέντη (Kotychi & Strofylia ΝP--Leventis fish farms),2025-10-26 17:16,57,4
L7747520,GR,GR-G,GR-G-37,38.1977766,21.393059,ΕΠ Κοτυχίου & Στροφυλιάς--Λ/θ Καλογριάς (Kotychi & Strofylia NP--Kalogria lagoon),2026-09-11 12:29,135,45
L4019460,GR,GR-G,GR-G-39,38.0046171,21.2945938,ΕΠ Κοτυχίου & Στροφυλιάς--Λ/θ Κοτύχι (Kotychi & Strofylia NP--Kotychi lagoon),2026-09-25 11:46,168,63
L2995732,GR,GR-G,GR-G-37,38.1467899,21.3957453,ΕΠ Κοτυχίου & Στροφυλιάς--Λ/θ Πρόκοπος (Kotychi & Strofylia NP--Prokopos lagoon),2026-09-09 13:12,207,165
L5549602,GR,GR-G,GR-G-37,38.1647953,21.3923979,ΕΠ Κοτυχίου & Στροφυλιάς--Μαύρα Βουνά (Kotychi & Strofylia NP--Mts Mavra Vouna),2026-07-16 08:30,116,30
L11607154,GR,GR-G,GR-G-38,38.3575851,21.3835445,"ΕΠ Λ/θ Μεσολογγίου* (Messolonghi Lagoons NP, use more precise loc.)",2026-09-27 09:51,284,1787
L7852160,GR,GR-G,GR-G-38,38.4200416,21.3663377,ΕΠ Λ/θ Μεσολογγίου--Έλος Φοινικιάς (Messolonghi Lagoons NP--Finikia marsh),2026-08-02 19:20,131,40
L17225846,GR,GR-G,GR-G-38,38.3876206,21.3266945,ΕΠ Λ/θ Μεσολογγίου--Αγία Τριάδα (Messolonghi Lagoons NP--Agia Triada),2026-05-22 10:52,143,22
L6613692,GR,GR-G,GR-G-38,38.3960297,21.3836002,ΕΠ Λ/θ Μεσολογγίου--Αλυκές (Messolonghi Lagoons NP--Saltpans),2026-09-03 09:39,154,77
L7706682,GR,GR-G,GR-G-38,38.4094401,21.1986995,ΕΠ Λ/θ Μεσολογγίου--Αρχαίες Οινιάδες (Messolonghi Lagoons NP--Ancient Oiniades),2026-05-07 08:50,37,7
L14601895,GR,GR-G,GR-G-38,38.4493876,21.1163878,ΕΠ Λ/θ Μεσολογγίου--Βαλτί (Messolonghi Lagoons NP--Valti),2025-04-23 09:30,92,5
L6620183,GR,GR-G,GR-G-38,38.4491376,21.3470766,ΕΠ Λ/θ Μεσολογγίου--Βόρεια Λ/θ Αιτωλικού (Messolonghi Lagoons NP--Northern Aitoliko lagoon ),2026-07-21 15:15,95,49
L4632600,GR,GR-G,GR-G-38,38.3500706,21.4636374,ΕΠ Λ/θ Μεσολογγίου--Βόρεια Λ/θ Κλείσοβα (Messolonghi Lagoons NP--Northern Kleisova lagoon),2026-09-14 18:40,211,268
L4740558,GR,GR-G,GR-G-38,38.4725409,21.2065744,ΕΠ Λ/θ Μεσολογγίου--Δάσος Λεσινίου (Messolonghi Lagoons NP--Lesini ash forest),2026-05-05 15:33,93,42
L5754090,GR,GR-G,GR-G-38,38.3717674,21.1045218,ΕΠ Λ/θ Μεσολογγίου--Διόνι (Messolonghi Lagoons NP--Dioni),2026-05-06 15:26,160,64
L13319886,GR,GR-G,GR-G-38,38.3473115,21.1248792,ΕΠ Λ/θ Μεσολογγίου--Εκβολή Αχελώου (Messolonghi Lagoons NP--Acheloos river estuary),2025-11-30 13:14,122,18
L14504098,GR,GR-G,GR-G-38,38.3019904,21.5092415,ΕΠ Λ/θ Μεσολογγίου--Εκβολή Ευήνου (Messolonghi Lagoons NP--Evinos river mouth),2026-05-22 13:55,168,35
L4633596,GR,GR-G,GR-G-38,38.3301437,21.2347269,ΕΠ Λ/θ Μεσολογγίου--Λούρος (Messolonghi Lagoons NP--Louros),2026-09-15 12:56,222,242
L5392007,GR,GR-G,GR-G-38,38.4195928,21.3447454,ΕΠ Λ/θ Μεσολογγίου--Νότια Λ/θ Αιτωλικού (Messolonghi Lagoons NP--Southern Aitoliko lagoon),2026-05-22 10:18,105,22
L6533465,GR,GR-G,GR-G-38,38.3160704,21.4596891,ΕΠ Λ/θ Μεσολογγίου--Νότια Λ/θ Κλείσοβα (Messolonghi Lagoons NP--Southern Kleisova lagoon),2026-05-26 16:48,170,166
L10222409,GR,GR-G,GR-G-38,38.3271979,21.1756476,ΕΠ Λ/θ Μεσολογγίου--Παλαιοπόταμος (Messolonghi Lagoons NP--Palaiopotamos),2026-09-14 11:00,138,34
L7852141,GR,GR-G,GR-G-38,38.3816643,21.4200209,ΕΠ Λ/θ Μεσολογγίου--Πλώσταινα (Messolonghi Lagoons NP--Plostaina),2026-08-27 16:35,120,110
L6533409,GR,GR-G,GR-G-38,38.3269465,21.4190332,ΕΠ Λ/θ Μεσολογγίου--Τουρλίδα (Messolonghi Lagoons NP--Tourlida),2026-09-27 09:51,160,157
L3089019,GR,GR-G,GR-G-38,38.5068034,21.3767338,ΕΠ Λ/θ Μεσολογγίου--Φαράγγι Κλεισούρας (Messolonghi Lagoons NP--Kleisoura gorge),2026-08-28 12:55,95,200
L2158242,GR,GR-B,GR-B-12,41.2055226,23.1554031,ΕΠ Λίμνης Κερκίνης (Lake Kerkini NP),2026-09-27 14:20,316,4387
L4975282,GR,GR-B,GR-B-12,41.1864046,23.1015717,ΕΠ Λίμνης Κερκίνης--Έλος Κορυφούδι και εκβολές Κερκινίτη (Lake Kerkini NP--Korifoudi marsh & Kerkinitis river mouth),2026-09-18 14:31,204,253
L25745173,GR,GR-B,GR-B-12,41.159726,23.06317,ΕΠ Λίμνης Κερκίνης--Όρη Κρούσσια (Lake Kerkini NP--Mts Kroussia),2026-09-17 14:20,50,2
L15809476,GR,GR-B,GR-B-12,41.326926,23.018878,ΕΠ Λίμνης Κερκίνης--Όρος Μπέλλες (Lake Kerkini NP--Mt Belles),2026-03-05 11:07,110,68
L9465011,GR,GR-B,GR-B-12,41.284855,23.2067572,"ΕΠ Λίμνης Κερκίνης--Όρος Μπέλλες, Βυρώνεια προς εκκλησία Προφήτη Ηλία (Lake Kerkini NP--Mt Belles, Vyroneia to Profitis Ilias church)",2026-05-17 14:20,75,17
L20530851,GR,GR-B,GR-B-12,41.3259366,23.2778057,"ΕΠ Λίμνης Κερκίνης--Όρος Μπέλλες, περιοχή άνω από Νέο Πετρίτσι (Lake Kerkini NP--Mt Belles above Neo Petritsi)",2026-05-18 14:21,47,7
L20530941,GR,GR-B,GR-B-12,41.3101183,23.0478229,"ΕΠ Λίμνης Κερκίνης--Όρος Μπέλλες, περιοχή πάνω από Άνω Πορόια (Lake Kerkini NP--Mt Belles above Ano Poroia)",2026-09-18 12:20,107,87
L26512549,GR,GR-B,GR-B-12,41.2884847,23.0899257,"ΕΠ Λίμνης Κερκίνης--Όρος Μπέλλες, περιοχή πάνω από Νεοχώρι (Lake Kerkini NP--Mt Belles above Neochori)",2025-05-15 10:04,68,13
L2812323,GR,GR-B,GR-B-12,41.2277326,23.1876755,"ΕΠ Λίμνης Κερκίνης--Ανατολικό ανάχωμα, Λιμνοχώρι προς Μεγαλοχώρι (Lake Kerkini NP--East Embankment, Limnochori to Megalochori)",2026-09-27 11:56,266,633
L6669505,GR,GR-B,GR-B-12,41.1682685,23.2185477,"ΕΠ Λίμνης Κερκίνης--Ανατολικό ανάχωμα, Χρυσοχώραφα προς Λιθότοπο (Lake Kerkini NP--East Embankment, Chrisochorafa to Lithotopos)",2026-08-17 15:30,212,80
L9378962,GR,GR-B,GR-B-12,41.2517214,23.2490118,ΕΠ Λίμνης Κερκίνης--Γέφυρα Στρυμόνα (Lake Kerkini NP--Strymonas river bridge),2026-08-18 11:37,187,187
L57714160,GR,GR-B,GR-B-12,41.264628,23.213944,ΕΠ Λίμνης Κερκίνης--Διαδρομή Βυρώνεια προς Θρακικό-Ομαλό (Lake Kerkini NP--Vyroneia to Thrakiko-Omalo track),2026-06-12 11:17,76,19
L6669388,GR,GR-B,GR-B-12,41.2294916,23.107971,"ΕΠ Λίμνης Κερκίνης--Δυτικό ανάχωμα, Λιβαδεία προς Κερκινίτη (Lake Kerkini NP--West Embankment, Livadia to Kerkinitis river)",2026-08-24 19:37,218,187
L3640815,GR,GR-B,GR-B-12,41.2483217,23.1920958,ΕΠ Λίμνης Κερκίνης--Εκβολές Στρυμόνα (Lake Kerkini NP--Strymonas river mouth),2026-09-21 00:00,249,447
L19515028,GR,GR-B,GR-B-12,41.1868123,23.2203182,ΕΠ Λίμνης Κερκίνης--Κανάλι Χρυσοχώραφων (Lake Kerkini NP--Chrisochorafa stream),2026-06-03 06:10,145,101
L9380827,GR,GR-B,GR-B-12,41.2177566,23.0847211,ΕΠ Λίμνης Κερκίνης--Κερκίνη (Lake Kerkini NP--Kerkini village),2026-09-05 11:42,201,69
L9378926,GR,GR-B,GR-B-12,41.2829914,23.256243,ΕΠ Λίμνης Κερκίνης--Λατομείο Αετοβούνι (Lake Kerkini NP--Aetovouni quarry),2026-09-21 00:00,153,309
L6669379,GR,GR-B,GR-B-12,41.2561942,23.1402004,ΕΠ Λίμνης Κερκίνης--Λιμάνι Μανδρακίου (Lake Kerkini NP--Mandraki harbour),2026-09-27 14:20,239,524
L56110957,GR,GR-B,GR-B-12,41.2494007,23.1011251,ΕΠ Λίμνης Κερκίνης--Λιμανάκι Λιβαδιάς (Lake Kerkini NP--Livadia harbour),2026-08-25 18:43,132,38
L25654132,GR,GR-B,GR-B-12,41.2057428,23.2044761,ΕΠ Λίμνης Κερκίνης--Λιμνοχώρι (Lake Kerkini NP--Limnochori village),2026-09-18 00:00,148,35
L4975267,GR,GR-B,GR-B-12,41.1623724,23.1852722,"ΕΠ Λίμνης Κερκίνης--Νότια όχθη, Λιθότοπος προς Κορυφούδι (Lake Kerkini NP--Southern Shore, Lithotopos to Korifoudi)",2026-09-16 11:05,199,189
L19539238,GR,GR-B,GR-B-12,41.2076858,23.0967379,ΕΠ Λίμνης Κερκίνης--Παρατηρητήριο Κερκίνης (Lake Kerkini NP--Kerkini observation tower),2026-09-16 15:56,184,161
L65587438,GR,GR-B,GR-B-12,41.291163,22.951619,ΕΠ Λίμνης Κερκίνης--Πλατανάκια (Lake Kerkini NP--Platanakia village),2026-06-15 23:06,71,39
L4975413,GR,GR-B,GR-B-12,41.2571575,23.2499622,ΕΠ Λίμνης Κερκίνης--Σιδηροδρομικές γραμμές Βυρώνειας (Lake Kerkini NP--Vyroneia tracks),2026-09-06 17:34,198,211
L5145173,GR,GR-B,GR-B-12,41.2782257,23.169415,ΕΠ Λίμνης Κερκίνης--Ταμιευτήρας Ακριτοχωρίου (Lake Kerkini NP--Akritochori reservoir),2026-09-06 10:04,179,124
L18742154,GR,GR-B,GR-B-12,41.289632,22.927006,ΕΠ Λίμνης Κερκίνης--Ταμιευτήρας Καλοχωρίου (Lake Kerkini NP--Kalochori Reservoir),2026-04-29 16:30,48,14
L6200350,GR,GR-B,GR-B-12,41.1373122,23.223145,ΕΠ Λίμνης Κερκίνης--Φράγμα Λιθοτόπου και γύρω περιοχή (Lake Kerkini NP--Lithotopos dam & surrounding area),2026-09-27 10:39,217,314
L4975210,GR,GR-B,GR-B-12,41.1837409,23.2393202,ΕΠ Λίμνης Κερκίνης--Χρυσοχώραφα (Lake Kerkini NP--Chrisochorafa),2026-09-19 15:29,133,24
L2783718,GR,GR-B,GR-B-07,40.6765958,23.4732514,ΕΠ Λιμνών Κορώνειας και Βόλβης--Λίμνη Βόλβη (Lake Volvi & Koroneia NP--Lake Volvi),2026-08-26 18:23,219,144
L3086254,GR,GR-B,GR-B-07,40.6452847,23.4878254,"ΕΠ Λιμνών Κορώνειας και Βόλβης--Λίμνη Βόλβη, Απολλωνία (Lake Volvi & Koroneia NP--Lake Volvi, Apollonia)",2026-06-30 10:12,168,28
L16454054,GR,GR-B,GR-B-07,40.650171,23.579293,"ΕΠ Λιμνών Κορώνειας και Βόλβης--Λίμνη Βόλβη, εκβολές ρεματιάς Μοδίου (Lake Volvi & Koroneia NP--Lake Volvi, Modi river mouth)",2026-09-20 13:21,133,20
L1033469,GR,GR-B,GR-B-07,40.6855989,23.1527424,ΕΠ Λιμνών Κορώνειας και Βόλβης--Λίμνη Κορώνεια (Lake Volvi & Koroneia NP--Lake Koroneia),2026-06-13 18:47,239,153
L9531443,GR,GR-B,GR-B-07,40.65919,23.139215,"ΕΠ Λιμνών Κορώνειας και Βόλβης--Λίμνη Κορώνεια, Άγιος Βασίλειος προς Βασιλούδι (Lake Volvi & Koroneia NP--Lake Koroneia, Agios Vasileios to Vasiloudi)",2024-11-06 10:00,89,9
L21544695,GR,GR-B,GR-B-07,40.7050234,23.1520067,"ΕΠ Λιμνών Κορώνειας και Βόλβης--Λίμνη Κορώνεια, Βόρεια όχθη (Lake Volvi & Koroneia NP--Lake Koroneia, North Shore)",2026-07-07 18:42,166,65
L1120033,GR,GR-B,GR-B-07,40.6875095,23.1033097,"ΕΠ Λιμνών Κορώνειας και Βόλβης--Λίμνη Κορώνεια, Δυτική όχθη (Lake Volvi & Koroneia NP--Lake Koroneia, West Shore)",2026-05-04 13:03,194,83
L9531533,GR,GR-B,GR-B-07,40.6611367,23.20978,"ΕΠ Λιμνών Κορώνειας και Βόλβης--Λίμνη Κορώνεια, γεωργικές εκτάσεις Βασιλούδι (Lake Volvi & Koroneia NP--Lake Koroneia, Vasiloudi farmland)",2023-04-13 14:28,44,4
L9533269,GR,GR-B,GR-B-07,40.7282888,23.1518499,"ΕΠ Λιμνών Κορώνειας και Βόλβης--Λίμνη Κορώνεια, γεωργικές εκτάσεις Δρακόντιο (Lake Volvi & Koroneia NP--Lake Koroneia, Drakontio farmland)",2026-05-06 18:09,90,10
L9531616,GR,GR-B,GR-B-07,40.667975,23.12076,"ΕΠ Λιμνών Κορώνειας και Βόλβης--Λίμνη Κορώνεια, όχθη Αγίου Βασιλείου (Lake Volvi & Koroneia NP--Lake Koroneia, Agios Vasileios lake bank)",2026-05-03 13:27,196,88
L7896696,GR,GR-B,GR-B-07,40.6585178,23.625123,ΕΠ Λιμνών Κορώνειας και Βόλβης--Φαράγγι Ρεντίνας (Lake Volvi & Koroneia NP--Rentina gorge),2025-05-26 13:15,88,10
L52165695,GR,GR-E,GR-E-22,40.1244334,22.2877618,ΕΠ Ολύμπου--Δάσος Κοκκινοπηλού (Mt Olympus NP--Kokkinopilos woodland),2025-08-28 17:00,21,1
L50542214,GR,GR-B,GR-B-11,40.079989,22.372839,ΕΠ Ολύμπου--Καταφύγιο Σπήλιος Αγαπητός  (Mt Olympus NP--Spilios Agapitos refuge),2026-09-16 18:34,27,7
L50007559,GR,GR-E,GR-E-22,40.0704243,22.3321194,ΕΠ Ολύμπου--Καταφύγιο Χρηστάκη (Mt Olympus NP--Christakis shelter),2026-07-20 10:10,14,3
L50542141,GR,GR-B,GR-B-11,40.0868387,22.3596393,ΕΠ Ολύμπου--Κορυφή Μύτικας (Mt Olympus NP--Mytikas peak),2026-09-10 09:20,23,4
L1121898,GR,GR-E,GR-E-22,40.0825663,22.3507034,ΕΠ Ολύμπου--Κορυφή Σκολιό (Mt Olympus NP--Skolio peak),2026-09-17 10:41,23,7
L3000731,GR,GR-B,GR-B-11,40.1020987,22.5017989,ΕΠ Ολύμπου--Λιτόχωρο (Mt Olympus NP--Litochoro),2026-09-27 12:33,119,49
L54467683,GR,GR-B,GR-B-11,40.0891974,22.4177634,ΕΠ Ολύμπου--Πριόνια προς Άγιο Διονύσιο (Olympus NP--Prionia to St. Dionysios),2026-07-16 09:16,31,8
L54467419,GR,GR-B,GR-B-11,40.1124824,22.4679607,ΕΠ Ολύμπου--Σταυρός (Mt Olympus NP--Stavros),2026-05-13 09:02,53,21
L2927786,GR,GR-A,GR-A-02,41.4914779,24.3025303,ΕΠ Οροσειράς Ροδόπης--Δάσος Ελατιάς (Rodopi Mountain Range NP--Elatia Forest),2026-09-18 16:56,134,324
L6970051,GR,GR-A,GR-A-06,41.3394426,24.7288513,ΕΠ Οροσειράς Ροδόπης--Δάσος Χαϊδούς (Rodopi Mountain Range NP--Chaidou Forest),2026-05-27 09:16,109,51
L47507386,GR,GR-A,GR-A-02,41.492115,24.197834,ΕΠ Οροσειράς Ροδόπης--Μ.Παναγιά/Σημύδα (Rodopi Mt. Range NP-M.Panagia/Simida),2025-08-22 08:00,27,1
L17367003,GR,GR-A,GR-A-02,41.2661372,24.4973803,ΕΠ Οροσειράς Ροδόπης--Παρανέστι (Rodopi Mountain Range NP--Paranesti),2025-10-27 15:23,67,10
L3970881,GR,GR-A,GR-A-02,41.5063276,24.5054233,ΕΠ Οροσειράς Ροδόπης--Παρθένο Δάσος Φρακτού (Rodopi Mountain Range NP--Fraktos Forest),2026-07-15 11:14,92,30
L5071282,GR,GR-C,GR-C-17,40.8114295,21.0725927,ΕΠ Πρεσπών (Prespa Lakes NP),2026-09-23 07:24,246,299
L6233292,GR,GR-C,GR-C-17,40.7826861,21.0842228,ΕΠ Πρεσπών--Άγιος Αχίλλειος (Prespa Lakes NP--Agios Achillios),2026-09-27 11:25,146,68
L6820008,GR,GR-C,GR-C-17,40.8389119,21.1593746,ΕΠ Πρεσπών--Άγιος Γερμανός (Prespa Lakes NP--Agios Germanos),2026-09-25 07:55,116,34
L3914473,GR,GR-C,GR-C-17,40.8063573,21.037299,ΕΠ Πρεσπών--Όρος Ντέβας (Prespa Lakes NP--Mt. Devas),2026-09-16 16:25,73,15
L6819806,GR,GR-C,GR-C-17,40.7254392,21.0271337,ΕΠ Πρεσπών--Βροντερό (Prespa Lakes NP--Vrontero),2025-11-01 16:45,95,6
L3914468,GR,GR-C,GR-C-17,40.8175107,21.0881554,ΕΠ Πρεσπών--Διάδρομος λιμνών (Prespa Lakes NP--Causeway),2026-08-23 15:08,187,45
L3914572,GR,GR-C,GR-C-17,40.792431,21.0655586,ΕΠ Πρεσπών--Κέντρο ενημέρωσης Πύλης (Prespa Lakes NP--Pili information center),2026-09-27 15:03,143,23
L6819867,GR,GR-C,GR-C-17,40.7422585,21.1095291,ΕΠ Πρεσπών--Μικρολίμνη (Prespa Lakes NP--Mikrolimni),2026-08-23 17:04,135,32
L3914656,GR,GR-C,GR-C-17,40.8343307,21.1094157,ΕΠ Πρεσπών--Παρόχθιο δάσος Παλιορέματος (Prespa National Park--Paliorema riparian forest),2026-08-30 19:50,136,27
L3914581,GR,GR-C,GR-C-17,40.7753525,21.0003145,ΕΠ Πρεσπών--Πύλη προς Βροντερό (Prespa Lakes NP--Pili to Vrontero),2022-05-09 14:00,29,2
L3914661,GR,GR-C,GR-C-17,40.8085462,21.1141621,ΕΠ Πρεσπών--Χωράφια Πλατέος (Prespa Lakes NP--Plati fields),2023-05-16 08:33,94,9
L2515585,GR,GR-C,GR-C-17,40.8360218,21.0311794,ΕΠ Πρεσπών--Ψαράδες (Prespa Lakes NP--Psarades),2026-04-20 18:06,124,48
L10275950,GR,GR-I,GR-I-49,38.1683793,24.0362176,ΕΠ Σχοινιά--Αγία Τριάδα (Schinias NP--Agia Triada),2026-07-05 19:08,126,69
L10155234,GR,GR-I,GR-I-49,38.1425902,24.0154835,ΕΠ Σχοινιά--Κωπηλατοδρόμιο (Schinias NP--Rowing center),2026-08-30 10:54,164,325
L11039309,GR,GR-I,GR-I-49,38.1705233,24.0510643,ΕΠ Σχοινιά--Λόφος Δρακονέρα (Schinias NP--Drakonera Hill),2026-05-09 11:21,44,15
L11566881,GR,GR-I,GR-I-49,38.1558546,24.0072419,ΕΠ Σχοινιά--Μακαρία πηγή (Schinias NP--Makaria spring),2026-04-12 13:07,69,17
L10155196,GR,GR-I,GR-I-49,38.1512101,24.0301914,ΕΠ Σχοινιά--Μεγάλο Έλος (Schinias NP--Marsh),2026-08-30 08:29,199,286
L11566803,GR,GR-I,GR-I-49,38.1438889,24.0392386,ΕΠ Σχοινιά--Παράκτιο Πευκοδάσος (Schinias NP--Coastal pine forest),2026-05-29 20:10,90,36
L46237466,GR,GR-D,GR-D-19,39.062081,20.96152,ΕΠ Υγροτόπων Αμβρακικού--Έλος Ψαθοτοπίου (Amvrakikos Wetlands NP--Psathotopi marsh),2026-04-28 12:00,50,3
L28765128,GR,GR-D,GR-D-19,39.0113579,21.0639591,ΕΠ Υγροτόπων Αμβρακικού--Εκβολή Αράχθου (Amvrakikos Wetlands NP--Arachthos estuary),2026-07-28 14:30,124,8
L31221107,GR,GR-D,GR-D-19,39.0393212,21.0449271,ΕΠ Υγροτόπων Αμβρακικού--Κομμένο (Amvrakikos Wetlands NP--Kommeno),2024-09-14 16:45,88,8
L969226,GR,GR-D,GR-D-19,39.0095804,20.9200287,ΕΠ Υγροτόπων Αμβρακικού--Κορωνησία (Amvrakikos Wetlands NP--Koronisia),2026-09-20 00:00,121,64
L12471710,GR,GR-D,GR-D-19,39.0408805,21.0749237,ΕΠ Υγροτόπων Αμβρακικού--Κόπραινα (Amvrakikos Wetlands NP--Koprena),2026-05-19 16:30,110,12
L29454529,GR,GR-D,GR-D-19,39.0548802,20.8368035,ΕΠ Υγροτόπων Αμβρακικού--Λ/Θ Τσουκαλιό (Amvrakikos Wetlands NP--Tsoukalio lagoon),2026-09-20 00:00,193,99
L6989733,GR,GR-D,GR-D-19,39.0466189,20.9061455,ΕΠ Υγροτόπων Αμβρακικού--Λ/θ Λογαρού (Amvrakikos Wetlands NP--Logarou lagoon),2026-03-11 10:00,121,26
L40491024,GR,GR-D,GR-D-21,39.0126117,20.7472851,ΕΠ Υγροτόπων Αμβρακικού--Λ/θ Μάζωμα (Amvrakikos Wetlands NP--Mazoma Lagoon),2025-05-08 07:14,43,3
L968614,GR,GR-D,GR-D-19,39.0919968,20.8141582,ΕΠ Υγροτόπων Αμβρακικού--Λ/θ Ροδιάς (Amvrakikos Wetlands NP--Rodia lagoon),2026-09-20 08:35,219,124
L2460458,GR,GR-D,GR-D-21,39.0480835,20.7705116,ΕΠ Υγροτόπων Αμβρακικού--Λ/θ Τσοπέλι (Amvrakikos Wetlands NP--Tsopeli lagoon),2026-04-02 00:00,128,30
L14485489,GR,GR-G,GR-G-38,38.9069511,21.1541074,ΕΠ Υγροτόπων Αμβρακικού--Μπούκκα & εκβολή Ξηρορέματος (Amvrakikos Wetlands NP--Mpoukka & Xirorema estuary),2025-12-28 12:44,87,12
L27585842,GR,GR-D,GR-D-19,39.0706848,21.0261223,ΕΠ Υγροτόπων Αμβρακικού--Νεοχώρι (Amvrakikos Wetlands NP--Neochori),2026-06-01 16:30,21,5
L58349663,GR,GR-D,GR-D-21,38.99951,20.930713,ΕΠ Υγροτόπων Αμβρακικού--Νησίδα Αγίου Αντωνίου (Amvrakikos Wetlands NP--Agios Antonios islet),2026-03-11 00:00,4,3
L60260537,GR,GR-D,GR-D-21,38.986059,20.91639,ΕΠ Υγροτόπων Αμβρακικού--Νησίδα Βούβαλος (Amvrakikos Wetlands NP--Vouvalos islet),2026-03-11 00:00,1,1
L58965408,GR,GR-D,GR-D-21,38.962432,20.838722,ΕΠ Υγροτόπων Αμβρακικού--Νησίδα Γάιδαρος (Amvrakikos Wetlands NP--Gaidaros islet),2026-02-18 00:00,10,1
L27336946,GR,GR-G,GR-G-38,38.9568392,21.1421156,ΕΠ Υγροτόπων Αμβρακικού--Παραλία Αράπης (Amvrakikos Wetlands NP--Arapis beach),2026-08-22 16:25,81,9
L40381974,GR,GR-D,GR-D-19,39.0130317,21.0023403,ΕΠ Υγροτόπων Αμβρακικού--Παραλία Πλατανάκι (Amvrakikos Wetlands NP--Platanaki beach),2026-08-18 11:00,141,23
L13266225,GR,GR-D,GR-D-21,39.154959,20.785484,ΕΠ Υγροτόπων Αμβρακικού--Ποταμός Λούρος (Amvrakikos Wetlands NP--Louros river),2026-09-24 20:20,175,93
L55076760,GR,GR-D,GR-D-19,39.108644,20.856344,ΕΠ Υγροτόπων Αμβρακικού--Πρώην έλος Βίγλας (Amvrakikos Wetlands NP--Former Vigla marsh),2026-09-20 00:00,102,10
L58964971,GR,GR-D,GR-D-21,38.963985,20.814678,ΕΠ Υγροτόπων Αμβρακικού--Πωγωνίτσα (Amvrakikos Wetlands NP--Pogonitsa),2026-04-22 21:51,2,1
L57189299,GR,GR-D,GR-D-21,39.105922,20.75249,ΕΠ Υγροτόπων Αμβρακικού--Ρέμα Τριανταφυλλιάς (Amvrakikos Wetlands NP--Triantafyllia stream),2026-02-04 00:00,12,1
L58348272,GR,GR-D,GR-D-19,39.031559,20.869283,ΕΠ Υγροτόπων Αμβρακικού--Σαλαώρα (Amvrakikos Wetlands NP--Salaora),2026-09-12 18:11,36,2
L17497467,GR,GR-M,GR-M-72,35.085748,26.1055296,Εγκαταλελειμμένος οικισμός Βόιλας (Voila abandoned settlement),2026-08-13 17:02,18,3
L16110167,GR,GR-D,GR-D-18,39.9288182,21.0593917,"Εθνικό Πάρκο Βόρειας Πίνδου* (Northern Pindos Νational Park, use more precise loc.)",2026-09-20 12:20,111,66
L12302005,GR,GR-A,GR-A-03,40.8057961,26.0742655,Εθνικό Πάρκο Δέλτα Έβρου (Evros Delta National Park),2026-09-12 07:47,310,841
L10654986,GR,GR-A,GR-A-03,41.1123187,26.2266941,Εθνικό Πάρκο Δαδιάς (Dadia Forest National Park),2026-09-26 16:15,164,158
L3000755,GR,GR-B,GR-B-11,40.0693142,22.4086189,Εθνικό Πάρκο Ολύμπου (Mt Olympus National Park),2026-09-17 10:41,153,182
L2917744,GR,GR-I,GR-I-49,38.1523774,24.0241814,Εθνικό Πάρκο Σχοινιά (Schinias National Park),2026-09-26 07:29,251,1982
L2917909,GR,GR-I,GR-I-49,37.6794729,24.0224648,Εθνικός Δρυμός Σουνίου (Sounio National Park),2026-05-17 11:30,112,54
L2694540,GR,GR-I,GR-I-45,37.9733267,23.7378556,Εθνικός Κήπος (Athens National Garden),2026-09-25 19:09,105,1513
L5057317,GR,GR-I,GR-I-49,38.3325273,23.7456823,Εκβολές Ασωπού (Asopos river estuary),2026-08-19 10:38,137,92
L10861610,GR,GR-B,GR-B-07,40.6438364,22.8964456,Εκβολές Δενδροπόταμου (Dendropotamos river estuary),2026-07-04 20:16,136,89
L11151771,GR,GR-J,GR-J-43,36.8074571,22.753504,Εκβολές Ευρώτα--Λίμνη Βιβάρι (Evrotas Delta--Vivari lagoon),2026-09-26 11:53,120,23
L42536270,GR,GR-J,GR-J-43,36.8048866,22.6959515,Εκβολές ποταμού Ευρώτα (Evrotas River Estuary),2026-08-22 07:15,85,7
L10009407,GR,GR-B,GR-B-12,40.7851727,23.857781,Εκβολές ποταμού Στρυμόνα (Strymonas river estuary),2026-09-23 17:29,211,75
L52484730,GR,GR-H,GR-H-29,38.4457588,23.621039,Εκβολή & έλος Νέας Λαμψάκου (Nea Lampsakos marsh & estuary),2025-09-06 09:20,9,2
L9683635,GR,GR-M,GR-M-71,35.33255,25.19421,Εκβολή & ακτογραμμή Καρτερού (Karteros estuary & coastline),2026-04-24 12:30,49,7
L968646,GR,GR-M,GR-M-72,35.09543,26.26343,Εκβολή & παραλία Κάτω Ζάκρου (Kato Zakros estuary & beach),2026-04-28 08:40,89,19
L36308067,GR,GR-L,GR-L-69,36.0756972,28.0173659,Εκβολή & παραλία Λάρδου (Lardos estuary & beach),2026-04-15 08:11,70,34
L15863307,GR,GR-H,GR-H-29,38.404888,23.6433645,Εκβολή & υγρότοπος Λήλαντα (Lilas estuary & wetland),2023-06-27 12:00,29,3
L10937002,GR,GR-M,GR-M-74,35.3611742,24.2639173,Εκβολή Αλμυρού & ακτογραμμή Γεωργιούπολης (Almyros estuary & Georgioupolis coastline),2026-09-15 12:43,77,21
L12598394,GR,GR-M,GR-M-71,35.3373659,25.0590752,Εκβολή Αλμυρού Ηρακλείου (Almyros estuary),2026-09-22 10:28,127,117
L11401926,GR,GR-L,GR-L-67,37.1356846,25.4358293,Εκβολή Αμίτη (Amitis estuary),2026-06-01 15:43,103,48
L16788449,GR,GR-M,GR-M-71,34.98387,25.33172,Εκβολή Αναποδάρη (Anapodaris estuary),2025-05-08 11:01,43,3
L55442804,GR,GR-K,GR-K-55,39.914168,25.252209,Εκβολή Ανεμόεσσας (Anemoessa estuary),2026-07-01 10:00,56,16
L11744095,GR,GR-M,GR-M-71,35.3343433,25.3290395,Εκβολή Αποσελέμη (Aposelemis estuary),2026-09-23 16:45,151,142
L48750923,GR,GR-H,GR-H-29,38.8347698,23.4707941,Εκβολή Βούδωρου (Voudhoros estuary),2026-07-20 18:40,31,17
L9868640,GR,GR-H,GR-H-29,38.82371,23.20844,Εκβολή Γερανιά & ακτογραμμή Ροβιών (Geranias estuary & Rovies coastline),2026-08-04 10:20,41,12
L48932821,GR,GR-M,GR-M-73,35.4127643,24.6464539,Εκβολή Γεροποτάμου (Geropotamos estuary),2026-08-17 19:12,36,5
L10057768,GR,GR-M,GR-M-71,35.3382657,25.1107791,Εκβολή Γιόφυρου (Giofyros estuary),2026-04-03 09:30,68,28
L18990394,GR,GR-M,GR-M-74,35.4511,24.17346,Εκβολή Καλύβων (Kalyves estuary),2026-08-23 14:04,28,10
L6818500,GR,GR-M,GR-M-74,35.52,23.891,Εκβολή Κερίτη (Keritis estuary),2026-09-11 12:49,116,76
L10177003,GR,GR-M,GR-M-74,35.511932,24.001645,Εκβολή Κλαδισσού (Kladissos estuary),2026-09-21 15:18,123,186
L7184514,GR,GR-A,GR-A-01,40.9420121,25.3373325,Εκβολή Λίσσου (Lissos River Estuary),2026-03-05 10:11,180,43
L5006941,GR,GR-L,GR-L-68,37.1244123,25.2129023,Εκβολή Λιβαδιών (Livadia estuary),2026-09-18 14:16,48,22
L5403011,GR,GR-I,GR-I-49,38.0182704,24.0131012,Εκβολή Μεγάλου Ρέματος Ραφήνας (Rafina stream estuary),2026-07-28 09:49,143,486
L19546162,GR,GR-K,GR-K-54,37.630077,26.100015,Εκβολή Μεσσακτής (Messakti estuary),2026-03-29 07:21,27,8
L5474894,GR,GR-M,GR-M-74,35.4927748,24.0602292,Εκβολή Μορώνη (Moronis estuary),2026-09-26 10:20,141,135
L10451622,GR,GR-M,GR-M-71,35.3378705,25.1001509,Εκβολή Ξεροπόταμου Ηρακλείου (Xeropotamos estuary),2025-11-06 09:22,69,23
L18704289,GR,GR-H,GR-H-29,38.96165,24.5093,"Εκβολή Παλαμαρίου Σκύρου (Palamari estuary, Skyros)",2024-04-27 09:42,70,7
L26961013,GR,GR-L,GR-L-68,37.0719938,25.1278716,Εκβολή Παρασπόρου (Parasporos estuary),2026-09-21 11:28,26,8
L11152056,GR,GR-G,GR-G-39,37.805091,21.23702,Εκβολή Πηνειού Ηλείας (Pineios river mouth--Ileia),2026-04-01 09:00,16,3
L41329827,GR,GR-E,GR-E-25,39.1422222,23.4398582,"Εκβολή Πλατανιά Σκιάθου (Platanias estuary, Skiathos)",2026-09-20 09:18,41,13
L51707946,GR,GR-J,GR-J-44,37.2913481,21.6929424,Εκβολή Ποταμού Σέλλα (Sellas River estuary),2026-08-24 07:07,38,4
L61764712,GR,GR-L,GR-L-69,36.049705,27.759958,Εκβολή Σιανίτη (Sianitis estuary),2026-04-04 09:15,42,3
L10177016,GR,GR-M,GR-M-74,35.534244,23.825456,Εκβολή Ταυρωνίτη (Tavronitis estuary),2026-09-18 10:15,119,102
L10151656,GR,GR-M,GR-M-74,35.49933,23.68613,Εκβολή Τυφλού (Tyflos estuary),2026-08-23 16:00,46,9
L50075101,GR,GR-K,GR-K-54,37.6222765,26.0599295,Εκβολή Χάλαρη (Chalaris estuary),2026-03-28 14:32,22,3
L16270458,GR,GR-B,GR-B-13,40.2362097,23.5409044,Εκβολή Χαβριά (Chavrias estuary),2026-07-27 16:56,55,4
L55077647,GR,GR-D,GR-D-21,39.0916444,20.65705,Εκβολή ποταμού Αρέθωνα (Arethon river mouth),2026-08-11 00:00,3,0
L57426209,GR,GR-B,GR-B-11,40.2101883,22.5902037,Εκβολή ποταμού Μαυρονέρι (Mavroneri River estuary),2026-06-02 11:14,83,8
L6072455,GR,GR-F,GR-F-32,39.477289,19.932632,Εκβολή ποταμού Μεσογγή (Mesoggi river estuary),2026-09-20 15:49,58,9
L40728420,GR,GR-G,GR-G-37,38.226371,22.1476271,Εκβολή ποταμού Σελινούντα (Selinountas river estuary),2026-09-18 17:15,69,17
L47830068,GR,GR-I,GR-I-52,37.716836,23.4620641,"Εκβολή ρέματος Μαραθώνα Αίγινας (Marathonas stream mouth, Aegina)",2025-04-06 14:30,16,1
L31056833,GR,GR-K,GR-K-53,39.1727299,25.8700446,Εκκλησάκι Τσιχλιώντα--Μελάδια (Tsichliontas chapel--Meladia valley),2026-05-21 12:42,105,50
L67423156,GR,GR-J,GR-J-44,37.030717,21.65442,Ελαιώνες & λατομείο Λεύκης (Lefki olive groves & quarry),2026-05-23 21:55,23,4
L43434765,GR,GR-L,GR-L-67,37.05954,25.483746,Ελαιώνες Χαλκείου (Chalki olive groves),2026-09-18 08:10,34,3
L12025996,GR,GR-J,GR-J-43,36.491227,22.963785,Ελαφόνησος (Elafonisos Island),2026-05-18 14:00,43,4
L11234523,GR,GR-M,GR-M-71,35.3326959,25.1293055,Ενετικά Τείχη Ηρακλείου (Heraklion Venetian Walls),2026-09-26 10:40,45,25
L1459666,GR,GR-M,GR-M-74,35.51712,24.02042,Ενετικό λιμάνι & Παλιά πόλη Χανίων (Chania Venetian port & Old Town),2026-09-25 08:51,118,214
L4019402,GR,GR-J,GR-J-41,37.5981161,23.0762672,Επίδαυρος (Epidavros),2026-09-25 13:17,133,229
L55500403,GR,GR-H,GR-H-29,38.6753815,24.0218107,Εποχικός υγρότοπος Θαψάς (Thapsa seasonal wetland),2025-11-23 15:00,20,1
L72982924,GR,GR-L,GR-L-58,37.443107,24.94126,Ερμούπολη Σύρου (Ermoupoli town),2026-09-27 12:35,26,11
L24411988,GR,GR-J,GR-J-41,37.7140078,23.1278991,Εσωτερικό Έλος Λάκκας Αγνούντος (Lakka Agnountos inland marsh),2023-09-24 16:31,7,0
L41479732,GR,GR-I,GR-I-46,38.0147618,23.8121648,Ευρύτερη περιοχή σταθμού μετρό Αγίας Παρασκευής (Surrounding area of Agia Paraskevi metro station),2026-09-17 08:35,57,42
L20141296,GR,GR-B,GR-B-09,41.1047423,22.5574431,Εύζωνοι (Evzonoi village),2026-08-31 20:05,25,3
L6539066,GR,GR-B,GR-B-12,41.0923544,23.2792568,Ζευγολατιό και γύρω χωράφια (Zevgolatio & surrounding fields),2026-06-01 18:16,68,22
L6529564,GR,GR-I,GR-I-49,37.6751932,23.9953852,Ζώνη Ειδικής Προστασίας Σουνίου (Sounio Special Protection Area),2026-09-20 07:00,135,165
L3927974,GR,GR-D,GR-D-20,39.5046491,20.266627,Ηγουμενίτσα & πέριξ (Igoumenitsa town & surroundings),2026-08-21 00:00,92,15
L39909121,GR,GR-E,GR-E-24,39.31168,22.660851,Ημιορεινές καλλιέργειες Περίβλεπτου (Mt Perivlepto farmland),2025-12-11 15:17,31,4
L8243183,GR,GR-M,GR-M-74,35.404572,23.984427,Θέρισο Χανίων (Theriso village),2026-09-09 12:59,38,9
L36185203,GR,GR-L,GR-L-67,37.1856238,25.519797,Θέση θέασης & πηγή Αγιάς (Agia viewpoint & spring),2025-04-18 18:58,20,2
L52848079,GR,GR-L,GR-L-67,37.0583081,25.5104635,Θέση θέασης Ροτόντας (Rotonta viewpoint),2026-09-09 13:00,25,7
L17658170,GR,GR-K,GR-K-53,39.370944,26.1807053,Θέση παρατήρησης Μόλυβου (Molivos watchpoint),2026-06-26 07:00,83,53
L7398742,GR,GR-K,GR-K-53,39.2583763,26.206719,Θέση παρατήρησης αρπακτικών Καλλονής (Kalloni raptor-watch point),2026-09-20 09:49,106,113
L35223012,GR,GR-J,GR-J-44,36.785037,22.3311775,Θαλάμες (Thalames),2024-07-21 10:00,7,1
L59113114,GR,GR-D,GR-D-20,39.4545756,20.1474681,Θαλάσσια διαδρομή Ηγουμενίτσας-Κέρκυρας (Igoumenitsa to Corfu ferry route),2026-08-22 10:36,11,4
L41990996,GR,GR-I,GR-I-52,38.0008413,23.4887474,"Θαμνότοπος & πευκόδασος Μπατσίου Σαλαμίνας (Mpatsi scrubland & pine forest, Salamis)",2026-09-19 13:21,59,8
L43431122,GR,GR-L,GR-L-67,37.064123,25.461067,Θαμνότοπος Τσικαλαριού (Tsikalario scrubland),2026-08-07 07:48,22,3
L30324135,GR,GR-K,GR-K-53,39.0180469,26.5785741,Θαμνότοπος Χαραμίδας (Haramida scrubland),2026-06-10 06:44,89,94
L21589246,GR,GR-A,GR-A-04,40.6615346,24.6888263,"Θεολόγος Θάσου (Theologos, Thassos)",2025-07-28 06:26,20,3
L17658243,GR,GR-K,GR-K-53,39.073536,26.2002844,Θερμοπηγές Πολιχνίτου (Polichnitos hot springs),2026-04-15 18:18,32,10
L12153282,GR,GR-M,GR-M-73,35.2570911,24.6458475,Θρόνος & Καλόγερος Ρεθύμνου (Thronos & Kalogeros villages),2024-10-03 20:49,27,1
L11539098,GR,GR-I,GR-I-49,37.6995501,23.9679573,Θυμάρι (Thymari),2026-04-11 07:54,55,8
L7670628,GR,GR-G,GR-G-38,38.3700291,21.4317406,Ιερά Πόλη Μεσολογγίου (Messolonghi town),2026-05-05 19:28,80,29
L6375870,GR,GR-K,GR-K-54,37.8767097,26.2133531,Ικάριο Πέλαγος (Icarian Sea),2006-07-16 00:00,3,0
L25106990,GR,GR-A,GR-A-03,40.8445109,25.9363829,Ιλύπεδα και παραλιακό μέτωπο Απαλού (Apalos mudflats and seafront),2026-09-21 16:51,171,79
L37940140,GR,GR-B,GR-B-07,40.5109415,23.0806899,Ινστιτούτο Δασικών Ερευνών (Forest Research Institute),2026-08-21 10:13,70,37
L8916000,GR,GR-J,GR-J-42,37.9258874,22.9966919,Ισθμός Κορίνθου (Corinth Canal),2026-09-10 14:30,83,130
L10426420,GR,GR-H,GR-H-29,38.39048,23.97153,Ιχθυοκαλλιέργειες Αλιβερίου (Aliveri aquafarms),2023-05-02 10:15,7,2
L13284370,GR,GR-D,GR-D-18,39.641372,20.835289,Ιωάννινα--Νεοχωρόπουλο (Ioannina town--Neochoropoulo),2026-08-05 11:00,61,21
L74860009,GR,GR-D,GR-D-21,39.180304,20.71156,"ΚΑΖ Ζαλόγγου-Αβάσου, Zalogo-Avasou Wildlife Refuge",2026-06-16 00:00,1,0
L19902553,GR,GR-B,GR-B-13,39.9737946,23.6192697,ΚΕΛ Πευκοχωρίου (Pefkochori sewage reatment plant),2023-07-31 06:38,48,12
L40099742,GR,GR-A,GR-A-03,41.011261,26.288957,Κάμπος & έλη Τυχερού (Tychero fields & marshland),2025-11-02 07:32,57,10
L18430295,GR,GR-L,GR-L-69,35.9285784,27.8360645,Κάμπος & θαμνότοπος Πλημμυρίου (Plimmiri fields & scrubland),2026-04-04 07:28,74,25
L11474616,GR,GR-L,GR-L-67,37.0925718,25.4009575,Κάμπος & λόφοι Αγκιδίων (Agkidia fields & hills),2026-09-27 10:37,77,21
L60794174,GR,GR-I,GR-I-49,37.9833873,23.9457254,Κάμπος & ρέμα Πετρέζας (Petreza fields & stream),2026-09-25 07:33,69,18
L30549836,GR,GR-D,GR-D-18,39.8175974,20.5896283,Κάμπος Άνω Καλαμά (Upper Kalamas plain),2024-11-28 19:45,24,2
L37853275,GR,GR-D,GR-D-19,39.2001532,20.9194885,Κάμπος Άρτας (Arta plain),2026-08-10 20:15,63,10
L22799744,GR,GR-G,GR-G-38,38.6263394,21.3376341,Κάμπος Αγρινίου (Agrinio plain),2026-09-27 14:00,92,54
L24402946,GR,GR-M,GR-M-74,35.550102,24.1377069,Κάμπος Ακρωτήρι Χανίων (Akrotiri plain),2026-09-17 16:54,72,28
L69579206,GR,GR-C,GR-C-17,40.6695487,21.677636,Κάμπος Αμύνταιου (Amyntaio plain),2026-05-23 17:30,31,1
L27469462,GR,GR-M,GR-M-74,35.434781,24.158468,Κάμπος Αρμένων (Armenoi fields),2026-07-17 22:07,36,5
L11501290,GR,GR-I,GR-I-49,38.2552289,23.7092656,Κάμπος Αυλώνα (Avlona Plain),2025-08-16 13:30,36,6
L65675938,GR,GR-B,GR-B-12,41.3431922,23.5421527,Κάμπος Αχλαδοχωρίου (Achladochori farmland),2026-09-22 00:00,66,5
L40155233,GR,GR-D,GR-D-21,39.2215911,20.5003224,Κάμπος Βαλανιδορράχης (Valanidorrachi fields),2026-08-30 20:45,60,3
L15152477,GR,GR-E,GR-E-22,40.005513,22.1257338,"Κάμπος Γεράνειας Ελασσόνας (Geraneia plain, Elassona)",2021-05-29 10:05,4,0
L18726938,GR,GR-D,GR-D-18,39.6668047,20.5309439,Κάμπος Γκριμπόβου (Gkrimpovo plain),2025-09-07 10:58,108,27
L14807855,GR,GR-J,GR-J-44,37.3021195,21.8552684,Κάμπος Δώριου (Dorio Fields),2026-08-23 18:15,87,17
L62954237,GR,GR-G,GR-G-39,37.6004116,21.4955583,Κάμπος Επιτάλιου & εκβολή ποταμού Αλφειού (Epitalio fields & Alpheus river estuary),2026-08-26 07:15,120,12
L3055395,GR,GR-I,GR-I-50,38.2306292,23.3422565,Κάμπος Ερυθρών (Erythres plain),2026-07-05 14:52,122,180
L48116978,GR,GR-J,GR-J-41,37.420473,23.318024,Κάμπος Θερμησίας (Thermisia Plain),2026-04-14 12:00,38,7
L14215583,GR,GR-A,GR-A-02,41.3126731,23.8226602,Κάμπος Κάτω Νευροκοπίου (Kato Nevrokopi Farmland),2026-08-11 06:20,126,59
L7127666,GR,GR-H,GR-H-29,38.0140172,24.3978453,Κάμπος Καρύστου & ποταμός Ρυγιάς (Karistos plain and Rygias river),2026-08-16 07:00,199,201
L24175772,GR,GR-D,GR-D-18,39.6162235,20.8973776,Κάμπος Κατσικά--Ιωάννινα (Katsikas fields--Ioannina),2024-03-07 13:00,24,2
L23453361,GR,GR-L,GR-L-69,35.9388384,27.7771134,Κάμπος Κατταβιάς (Kattavia plain),2026-05-14 12:05,85,28
L6928459,GR,GR-I,GR-I-49,37.9223039,23.8358688,Κάμπος Κορωπίου (Koropi Plain),2026-09-24 15:30,65,13
L16569939,GR,GR-D,GR-D-18,39.5962036,20.9217603,Κάμπος Κουτσελιού--Ιωάννινα (Koutselio fields--Ioannina),2023-09-08 11:50,41,3
L13399797,GR,GR-D,GR-D-18,39.7318069,20.8026787,Κάμπος Κρανούλας Ιωαννίνων (Kranoula plain--Ioannina ),2026-08-02 11:30,58,7
L3058354,GR,GR-H,GR-H-28,38.43308,23.0715,Κάμπος Κωπαΐδας (Kopaida plain),2026-08-17 09:42,173,339
L68971005,GR,GR-H,GR-H-28,38.501172,23.202888,Κάμπος Κωπαΐδας--Κάστρο προς Άγιο Ιωάννη (Kopaida plain--Kastro to Agios Ioannis),2026-06-17 09:32,43,1
L40341040,GR,GR-A,GR-A-03,41.6016838,26.2522025,Κάμπος Κόμαρων (Komara plain),2026-02-28 15:17,31,1
L14434867,GR,GR-D,GR-D-18,40.0347291,20.680827,Κάμπος Κόνιτσας (Konitsa plain),2025-04-20 19:32,38,5
L42690901,GR,GR-I,GR-I-50,37.9923222,23.375177,Κάμπος Λάκκας Καλογήρου (Lakka Kalogirou plain),2026-05-19 18:06,50,3
L13275063,GR,GR-D,GR-D-18,39.7648904,20.7349951,Κάμπος Λαψίστας (Lapsista plain),2026-04-27 09:00,176,186
L48604777,GR,GR-A,GR-A-06,40.9657488,24.8812202,Κάμπος Μαγγάνων (Mangana Plain),2025-06-21 13:30,13,0
L65678854,GR,GR-L,GR-L-64,36.8706047,27.1521716,Κάμπος Μαρμαρίου (Marmari fields),2026-05-12 10:35,26,3
L11413861,GR,GR-I,GR-I-50,38.0150144,23.3520684,Κάμπος Μεγάρων (Megara plain),2026-03-24 15:35,40,6
L21008283,GR,GR-J,GR-J-44,37.0444594,22.0462754,Κάμπος Μεσσήνης (Messini Fields),2026-09-17 06:55,207,152
L32151609,GR,GR-L,GR-L-67,37.008803,25.4228349,Κάμπος Μπαούζη (Mpaouzi plain),2025-10-09 13:00,65,12
L52713897,GR,GR-E,GR-E-24,39.2527155,22.7827281,Κάμπος Νέας Αγχίαλου (Nea Aghialos plain),2026-01-02 11:25,25,2
L10874547,GR,GR-I,GR-I-50,38.1702553,23.423524,Κάμπος Οινόης (Oinoi plain),2026-05-24 08:56,47,6
L20521992,GR,GR-L,GR-L-68,37.0212355,25.1078724,Κάμπος Πάρου (Kampos village),2026-06-14 09:00,58,25
L30081943,GR,GR-I,GR-I-52,36.2664077,22.9976547,"Κάμπος Παλαιόπολης Κυθήρων (Paleopoli plain, Kythira)",2024-03-27 08:34,47,5
L13436952,GR,GR-D,GR-D-18,39.8598148,20.5956478,Κάμπος Παρακάλαμου (Parakalamos plain),2023-09-19 10:44,49,5
L5736093,GR,GR-I,GR-I-49,38.2004246,24.0367227,Κάμπος Ραμνούντα (Ramnountas fields),2026-08-04 10:00,102,133
L64766100,GR,GR-A,GR-A-01,41.0421328,25.6572417,Κάμπος Σαπών (Sapes Plain),2026-05-01 09:44,1,0
L32936655,GR,GR-G,GR-G-37,38.010649,22.060746,Κάμπος Σκεπαστού (Skepastos plain),2026-09-17 19:30,66,19
L5565355,GR,GR-I,GR-I-49,37.9689729,23.9534247,Κάμπος Σπάτων (Spata fields),2026-09-26 08:00,240,2048
L19208086,GR,GR-E,GR-E-22,39.76013,22.54728,Κάμπος Συκουρίου-Κυψελοχωρίου (Sykourio-Kypselochori plain),2026-02-09 15:45,77,40
L57959085,GR,GR-H,GR-H-28,38.35074,23.53124,Κάμπος Σχηματαρίου (Schimatari plain),2026-08-20 18:54,8,0
L24614651,GR,GR-L,GR-L-58,37.491421,24.9141962,Κάμπος Σύρου (Kampos valley),2026-07-04 00:00,54,17
L18702826,GR,GR-H,GR-H-29,38.95261,24.50124,"Κάμπος Τραχύου Σκύρου (Trachi fields, Skyros)",2024-04-27 08:46,46,4
L55760859,GR,GR-M,GR-M-71,35.0714283,24.82278,Κάμπος Φανερωμένης (Faneromeni fields)
L57203771,GR,GR-D,GR-D-21,39.210796,20.82723,Κάμπος αποξηραμένης λίμνης Μαυρής (Plain of dried lake Mavri),2026-08-26 00:00,18,1
L51182601,GR,GR-A,GR-A-03,41.610819,26.4779907,Κάμπος μεταξύ Νέας Βύσσας και Ριζίων (Fields around Nea Vissa to Rizia),2025-08-10 07:40,12,2
L9858245,GR,GR-H,GR-H-27,38.8496136,22.4409129,Κάμπος υγρολίβαδων Σπερχειού (Sperchios floodplain),2026-09-06 13:24,78,9
L29623306,GR,GR-J,GR-J-44,36.8145356,21.7047485,Κάστρο & Παραλία Μεθώνης (Methoni Castle & adjacent Coastline),2026-09-22 08:36,97,31
L4777882,GR,GR-J,GR-J-41,37.6382959,22.7143836,Κάστρο Άργους (Argos Castle),2026-05-15 08:11,57,24
L16813438,GR,GR-L,GR-L-64,36.8030015,27.1277312,Κάστρο Αντιμάχειας (Antimachia castle),2026-09-13 07:03,54,23
L20917501,GR,GR-L,GR-L-69,36.0732039,27.9327693,Κάστρο Ασκληπιείου (Asklipeiou castle),2022-09-17 00:00,2,0
L25960075,GR,GR-A,GR-A-04,40.6700561,24.6549348,"Κάστρο Θάσου (Kastro, Thassos)",2026-07-12 12:44,15,3
L6669520,GR,GR-B,GR-B-12,41.2387601,23.3968382,Κάστρο Ισσάρι Σιδηροκάστρου (Issari Castle--Sidirokastro),2026-09-21 00:00,129,96
L18290403,GR,GR-H,GR-H-29,38.4653595,23.5862359,"Κάστρο Καράμπαμπα Χαλκίδας (Karababa Castle, Chalkis)",2025-05-18 14:05,20,7
L54238423,GR,GR-J,GR-J-44,36.7950422,21.9633077,Κάστρο Κορώνης (Koroni Castle),2026-09-09 07:47,64,13
L24597529,GR,GR-J,GR-J-42,37.884345,22.857209,"Κάστρο Πεντεσκούφι Κορίνθου (Penteskoufi Castle, Corinth)",2025-05-16 16:30,11,1
L37611434,GR,GR-B,GR-B-11,40.0041807,22.595657,Κάστρο Πλαταμώνα (Platamonas Castle),2026-09-17 09:30,21,6
L74457700,GR,GR-L,GR-L-65,36.9760762,24.7442725,Κάστρο Σίφνου (Sifnos Castle),2026-09-26 11:07,19,2
L45614929,GR,GR-E,GR-E-25,39.2103102,23.4605742,Κάστρο Σκιάθου (Skiathos Castle),2026-09-07 10:00,29,6
L40773950,GR,GR-L,GR-L-69,36.170067,28.0988914,Κάστρο Φερακλού (Feraklos castle),2026-05-23 00:00,29,2
L60262282,GR,GR-K,GR-K-54,37.59202,26.172731,Κάστρο του Κοσκινά (Koskinas castle),2026-08-27 10:00,28,7
L13183957,GR,GR-I,GR-I-45,37.9666377,23.7726321,Κέντρο Άθλησης Καισαριανής (Kaisariani playground),2026-06-20 19:45,39,23
L13284391,GR,GR-B,GR-B-07,40.6333686,22.9443515,Κέντρο Θεσσαλονίκης (Thessaloniki city center),2026-09-25 12:37,67,106
L3989201,GR,GR-M,GR-M-71,35.3387241,25.1321483,Κέντρο πόλης Ηρακλείου (Heraklion city center),2026-09-16 10:45,86,57
L8299389,GR,GR-M,GR-M-73,35.364734,24.4814441,Κέντρο πόλης Ρεθύμνου (Rethymno city center),2026-09-07 16:25,66,30
L10145372,GR,GR-A,GR-A-01,41.2391927,25.8635216,"Κέχρος Ροδόπης (Kechros, Rodopi)",2025-12-03 09:15,91,14
L23463483,GR,GR-A,GR-A-03,40.9736019,25.8212833,"Κίρκη Έβρου (Kirki, Evros)",2026-05-05 17:09,87,5
L1121873,GR,GR-H,GR-H-31,38.4296,22.4436,Κίρρα Φωκίδας (Kirra town),2026-05-04 11:30,57,17
L7395862,GR,GR-K,GR-K-53,39.3462954,26.1705763,Καβάκι Λέσβου (Kavaki),2026-08-26 18:15,139,212
L7852279,GR,GR-I,GR-I-49,37.8190941,23.7685491,"Καβούρι Βουλιαγμένης (Kavouri, Vouliagmeni)",2026-08-16 07:38,50,25
L9221505,GR,GR-M,GR-M-72,35.1225299,25.8583904,Καβούσι Λασιθίου (Kavousi village),2025-06-28 19:43,29,4
L48264152,GR,GR-G,GR-G-37,38.0299967,22.1180385,Καλάβρυτα (Kalavryta town),2026-08-23 03:23,49,18
L53207436,GR,GR-M,GR-M-72,35.0767595,25.6564761,Καλαμαύκα Λασιθίου (Kalamafka village),2025-09-23 14:45,17,2
L12857292,GR,GR-A,GR-A-01,41.0495207,25.3583846,"Καλαμόκαστρο Ροδόπης (Kalamokastro, Rodopi)",2026-04-08 12:05,17,10
L45895931,GR,GR-B,GR-B-13,40.0750033,23.450003,Καλλιθέα (Kallithea village),2026-08-15 12:12,43,7
L3001042,GR,GR-I,GR-I-45,37.9687271,23.7405843,Καλλιμάρμαρο (Panathenaic Stadium),2026-08-22 10:37,52,51
L9135029,GR,GR-K,GR-K-55,39.9206646,25.3398524,Καλλιόπη Λήμνου (Kalliopi village),2026-09-22 12:00,13,1
L24098509,GR,GR-M,GR-M-74,35.51174,23.60754,"Καλυβιανή Κισσάμου (Kaliviani village, Kissamos)",2026-05-06 10:00,35,4
L45947678,GR,GR-B,GR-B-11,40.1848505,22.564352,Καλύβια Βαρυκού (Kalyvia Varikou),2025-11-08 10:30,28,1
L15558743,GR,GR-M,GR-M-74,35.2834718,23.7763033,Καμάρια Χανίων (Kamaria settlement),2024-09-04 16:30,20,1
L16707611,GR,GR-H,GR-H-27,38.7756,22.77611,Καμμένα Βούρλα Φδιώτιδας (Kamena Vourla town),2026-04-22 11:26,63,15
L26517438,GR,GR-I,GR-I-52,37.5061973,23.4586091,"Κανάλι Πόρου (Kanali, Poros)",2025-10-09 07:41,46,8
L13216996,GR,GR-I,GR-I-49,38.2219501,23.8776463,Καπανδρίτι (Kapandriti),2025-04-27 15:24,21,3
L11142810,GR,GR-I,GR-I-45,37.9460765,23.7698687,Καρέας (Kareas urban area),2026-08-23 10:36,39,13
L68828554,GR,GR-I,GR-I-52,36.3446949,22.9520203,"Καραβάς Κυθήρων (Karavas, Kythira)",2026-06-23 23:00,14,2
L26521928,GR,GR-L,GR-L-64,36.7839646,27.1447628,Καρδάμαινα Κω (Kardamena town),2025-09-14 09:00,31,10
L19540402,GR,GR-K,GR-K-57,38.5288452,26.0945094,Καρδάμυλα Χίου (Kardamyla village),2022-08-05 18:29,30,2
L19212304,GR,GR-J,GR-J-44,36.8919264,22.2281637,Καρδαμύλη (Kardamyli),2026-07-26 13:39,119,68
L9950681,GR,GR-J,GR-J-44,36.8999138,22.2200857,Καρδαμύλη--Βόρεια (Kardamyli--North),2026-09-23 07:20,48,31
L11901036,GR,GR-69,GR-69-99,40.2579662,24.2463933,"Καρυές Άθω (Karyes, Athos)",2024-10-14 13:56,16,2
L3025380,GR,GR-F,GR-F-32,39.7885659,19.9200497,Κασσιόπη Κέρκυρας (Kassiopi village),2026-09-26 10:08,54,33
L2587983,GR,GR-C,GR-C-16,40.5192538,21.2681751,Καστοριά (Kastoria Town),2026-08-31 08:14,169,100
L25533288,GR,GR-K,GR-K-55,39.9597438,25.1514894,Κατάλακκο Λήμνου & πέριξ (Katallako village & surrounding area),2023-06-28 10:00,17,1
L8062130,GR,GR-J,GR-J-44,36.983589,21.8536735,Καταρράκτες Πολυλίμνιου (Polylimnio Waterfalls),2025-08-24 12:50,54,6
L9332719,GR,GR-B,GR-B-12,41.2657271,23.4140217,Καταρράκτες Σιδηροκάστρου (Sidirokastro waterfalls),2026-09-18 00:00,92,52
L42828551,GR,GR-L,GR-L-67,36.9830834,25.3894472,Κεδρόδασος Αλυκού (Alyko juniper forest),2026-09-24 07:41,22,9
L23482030,GR,GR-M,GR-M-74,35.414224,24.243334,Κεφαλάς Χανίων (Kefalas village),2026-07-26 06:45,24,5
L77165207,GR,GR-F,GR-F-35,38.3925017,20.56291,"Κοθρέας Κεφαλονιάς (Kothreas, Cephalonia)",2026-09-14 09:00,1,0
L5721228,GR,GR-A,GR-A-01,41.1128487,25.8392858,Κοιλάδα  Λίσσου (Lissos River Valey),2025-02-18 09:12,106,12
L65589158,GR,GR-B,GR-B-12,41.1534755,23.5644097,Κοιλάδα Αγίων Αναργύρων προς Ορεινή (Agioi Anargyroi valley to Oreini village),2026-05-09 15:04,28,4
L18940620,GR,GR-M,GR-M-74,35.2131264,24.0983932,"Κοιλάδα Ανώπολης Σφακίων (Anopoli valley, Sfakia)",2025-08-15 22:03,20,4
L26702914,GR,GR-D,GR-D-19,39.204381,21.350823,Κοιλάδα Αχελώου (Acheloos valley),2024-05-30 18:42,47,17
L6087620,GR,GR-H,GR-H-29,38.209067,24.189701,Κοιλάδα Δήλησου (Dilisso valley),2026-09-12 17:45,126,345
L32149041,GR,GR-L,GR-L-67,37.1192926,25.4307799,Κοιλάδα Εγγαρών (Eggares valley),2026-05-10 14:43,61,7
L60403758,GR,GR-K,GR-K-54,37.561557,26.076288,Κοιλάδα Εριφής (Erifi valley),2026-09-19 14:31,43,14
L61047810,GR,GR-F,GR-F-36,38.760187,20.671449,Κοιλάδα Καρυάς (Karya valley),2026-05-09 00:00,36,3
L5743096,GR,GR-A,GR-A-01,41.2199858,25.1516962,Κοιλάδα Κομψάτου (Kompsatos River Valley),2026-05-16 09:35,105,16
L65674240,GR,GR-B,GR-B-12,41.29739,23.48388,Κοιλάδα Κρουσοβίτη (Krousovitis river valley),2026-06-12 17:29,39,3
L26346446,GR,GR-J,GR-J-40,37.6722381,22.0212634,"Κοιλάδα Λέου Λαγκαδιών (Leou Valley, Lagkadia)",2023-08-01 19:25,1,0
L1783537,GR,GR-K,GR-K-53,39.2859512,26.2983513,Κοιλάδα Νάπης--Αγ. Παντελεήμονας (Napi valley--Agios Panteleimonas),2026-09-22 13:36,165,104
L7395636,GR,GR-K,GR-K-53,39.2957826,26.3194656,Κοιλάδα Νάπης--Πλατάνια (Napi valley--Platania),2026-05-22 10:28,114,75
L60403643,GR,GR-K,GR-K-54,37.546064,26.037252,Κοιλάδα Πεζίου & κορυφή Μέλισσα (Pezi valley & Melissa peak),2026-09-16 08:34,58,14
L1781330,GR,GR-K,GR-K-53,39.2179395,26.1472549,Κοιλάδα Ποταμιάς (Potamia valley),2026-09-20 09:00,172,218
L11700398,GR,GR-J,GR-J-42,38.03168,22.570519,Κοιλάδα Σίθα (Sithas Valley),2021-05-29 05:45,5,4
L5385244,GR,GR-L,GR-L-70,37.580858,25.1929057,Κοιλάδα Φαταλάδου (Fatalados valley),2025-10-04 07:37,46,7
L5631801,GR,GR-M,GR-M-73,35.394123,24.7838529,Κοιλάδα Χάρακα (Charakas valley),2026-07-23 12:34,50,8
L7395554,GR,GR-K,GR-K-53,39.1733241,25.8846903,Κοιλάδα ποταμού Τσιχλιώντα--Μελάδια (Tsichliontas river valley--Meladia),2026-09-26 11:30,183,193
L26210049,GR,GR-K,GR-K-56,37.7934744,26.8227269,Κοιλάδα των Αηδονιών (Nightingales valley),2026-05-08 10:00,26,3
L4935979,GR,GR-L,GR-L-69,36.33938,28.05968,Κοιλάδα των Πεταλούδων (Butterfly Valley),2026-09-16 11:06,79,40
L58354180,GR,GR-I,GR-I-48,37.9310967,23.7159097,"Κοιμητήρια Ν. Σμύρνης, Π. Φαλήρου & Καλλιθέας (Nea Smyrni, Palaio Faliro & Kallithea cemeteries)",2026-06-07 08:12,42,14
L22629017,GR,GR-I,GR-I-45,38.0496,23.7363,Κοιμητήριο Κόκκινου Μύλου (Kokkinos Mylos cemetery),2024-03-02 17:36,8,1
L7869448,GR,GR-K,GR-K-54,37.5934956,26.0711906,Κοιμητήριο Προφ. Ηλία Ικαρίας (Profitis Ilias cemetery),2026-04-16 11:10,28,7
L55932898,GR,GR-I,GR-I-51,37.9802235,23.6040616,Κοιμητήριο Σχιστού (Schisto cemetery),2026-06-16 07:00,35,3
L39447527,GR,GR-I,GR-I-49,37.9878496,24.0333002,Κοκκινονήσια Αρτέμιδας (Kokkinonisia islets),2026-04-12 16:16,48,40
L67042292,GR,GR-K,GR-K-53,39.0731778,26.3537121,Κορυφή όρους Ολύμπου Λέσβου (Mt Olympos peak),2026-05-23 11:58,23,4
L57648222,GR,GR-J,GR-J-42,37.759199,23.119485,"Κορφός Κορινθίας (Korfos, Corinth)",2026-06-15 09:00,26,3
L21791450,GR,GR-H,GR-H-30,38.7982098,21.8494279,Κρίκελλο Ευρυτανίας (Krikello village),2024-07-08 11:41,20,0
L36781565,GR,GR-M,GR-M-72,35.137818,25.6628368,Κρούστας Λασιθίου (Kroustas village),2026-09-10 18:00,42,11
L1819310,GR,GR-I,GR-I-46,38.0612465,23.8167823,Κτήμα Συγγρού (Syggros estate),2026-09-09 09:01,94,241
L8936435,GR,GR-J,GR-J-43,36.9607376,22.9879488,"Κυπαρίσσι Λακωνίας (Kyparissi, Lakonia)",2026-08-29 13:27,47,8
L18048424,GR,GR-J,GR-J-44,37.2496457,21.6866441,Κυπαρισσία (Kyparissia),2026-09-15 04:40,70,23
L9114382,GR,GR-L,GR-L-62,35.5866878,27.1769787,Κυρά Παναγιά Καρπάθου (Kyra Panagia abandoned village),2026-08-31 19:52,43,8
L52421884,GR,GR-B,GR-B-12,40.9581118,23.7033838,Κωπηλατοδρόμιο Πεθελινού (Pethelinos Rowing Track),2026-08-17 07:02,84,8
L13473430,GR,GR-I,GR-I-50,38.0456073,23.5739359,Κόλπος Ασπροπύργου (Aspropyrgos bay),2026-02-11 17:10,104,70
L16945993,GR,GR-D,GR-D-18,40.0555061,20.7662761,Κόνιτσα προς Πηγή (Konitsa to Pigi),2026-06-20 10:00,38,6
L41631248,GR,GR-J,GR-J-42,37.9378163,22.9314273,Κόρινθος (Corinthos city),2025-03-25 11:29,14,0
L31760705,GR,GR-F,GR-F-35,38.1670647,20.5057562,Λ/Θ Κούταβου (Koutavos lagoon),2026-09-22 11:40,93,99
L11516781,GR,GR-L,GR-L-67,37.0767018,25.3460014,Λ/θ & παραλία Αγ. Προκοπίου (Agios Prokopios lagoons & beach),2026-09-26 16:31,75,58
L1120185,GR,GR-E,GR-E-25,39.1708664,23.5038639,"Λ/θ Αγ. Γεωργίου Σκιάθου (Agios Georgios lagoon, Skiathos)",2026-09-24 14:39,121,125
L10284619,GR,GR-E,GR-E-25,39.2198695,23.9446391,"Λ/θ Αγ. Δημητρίου Αλοννήσου (Agios Dimitrios lagoon, Alonissos)",2026-09-08 14:36,62,13
L969214,GR,GR-M,GR-M-72,35.04953,26.23805,"Λ/θ Αλατσολίμνη Ξερόκαμπου (Alatsolimni lagoon, Xerokampos)",2026-09-25 16:30,86,14
L8076188,GR,GR-F,GR-F-36,38.8046725,20.7227741,Λ/θ Αλεξάνδρου (Alexandros lagoon),2026-09-13 14:38,59,26
L2998338,GR,GR-G,GR-G-37,38.2630858,22.1079898,Λ/θ Αλυκή Αιγίου (Alyki lagoon--Aigio),2026-09-27 10:40,235,154
L55440076,GR,GR-K,GR-K-55,39.944013,25.373128,"Λ/θ Αλυκή Λήμνου (Alyki lagoon, Lemnos)",2026-09-21 17:13,119,38
L3091845,GR,GR-L,GR-L-67,37.0821095,25.363421,"Λ/θ Αλυκή Νάξου (Alyki lagoon, Naxos)",2026-09-26 06:53,206,363
L19526089,GR,GR-L,GR-L-68,37.0001607,25.1302739,Λ/θ Αλυκή Πάρου (Alyki lagoon--Paros),2026-04-13 07:53,51,18
L9120388,GR,GR-K,GR-K-55,39.918116,25.376602,Λ/θ Ασπρόλιμνη (Asprolimni lagoon),2026-09-22 11:16,65,18
L4744314,GR,GR-L,GR-L-65,36.68782,24.443061,Λ/θ Αχιβαδόλιμνη (Achivadolimni lagoon),2026-09-18 18:30,107,47
L29699879,GR,GR-J,GR-J-43,36.5205862,22.9876985,Λ/θ Βιγκλάφιας (Viglafia Lagoon),2026-07-11 15:20,72,17
L7844418,GR,GR-H,GR-H-27,38.7868893,22.8244451,"Λ/θ Βρωμολίμνη Ασπρονερίου (Vromolimni lagoon, Asproneri)",2026-04-10 07:54,30,4
L56382558,GR,GR-H,GR-H-29,38.4521139,23.5675579,"Λ/θ Γλύφα Χαλκίδας (Glyfa lagoon, Chalkis)",2025-12-26 14:42,11,0
L21755708,GR,GR-F,GR-F-32,39.4445898,19.906685,Λ/θ Κορισσίων (Korission lagoon),2026-09-23 13:48,108,25
L3064408,GR,GR-F,GR-F-32,39.436193,19.9305725,Λ/θ Κορισσίων--Παραλία Ισσός (Korission lagoon--Issos beach),2026-09-27 15:05,135,56
L3064418,GR,GR-F,GR-F-32,39.4568724,19.8732376,Λ/θ Κορισσίων--Χαλικούνας (Korission lagoon--Chalikounas),2026-09-27 19:26,144,73
L68814235,GR,GR-L,GR-L-68,37.14361,25.26636,Λ/θ Λαγγερίου (Laggeri lagoon),2017-09-04 18:22,23,1
L6288982,GR,GR-K,GR-K-53,39.1876808,26.2991687,Λ/θ Μέσων (Mesa lagoon),2026-08-27 08:15,212,634
L15900527,GR,GR-H,GR-H-29,39.00381,23.1312,"Λ/θ Μεγάλο Λιβάρι Ιστιαίας (Megalo Livari lagoon, Istiaia)",2026-07-31 06:11,61,7
L36423246,GR,GR-H,GR-H-29,38.9891202,23.107313,"Λ/θ Μικρό Λιβάρι Ιστιαίας (Mikro Livari lagoon, Istiaia)",2026-07-31 08:00,81,6
L10837487,GR,GR-L,GR-L-65,36.7020831,24.4015753,Λ/θ Ριβάρι (Rivari lagoon),2026-09-18 16:31,58,11
L23676834,GR,GR-L,GR-L-68,37.1313629,25.275964,Λ/θ Σάντα Μαρία (Santa Maria lagoon),2026-04-15 08:00,49,14
L41303302,GR,GR-E,GR-E-25,39.1515917,23.4005681,"Λ/θ Στροφυλιά Σκιάθου (Strofylia lagoon, Skiathos)",2026-09-26 14:27,61,27
L964150,GR,GR-L,GR-L-64,36.8857994,27.1731377,Λ/θ Τιγκάκι (Tigaki lagoon),2026-09-27 11:34,197,280
L9115206,GR,GR-K,GR-K-55,39.9008654,25.3355885,Λ/θ Χορταρόλιμνη (Chortarolimni lagoon),2026-09-22 10:39,107,23
L27325379,GR,GR-K,GR-K-56,37.7076925,27.0114326,Λ/θ Ψιλής Άμμου (Psili Ammos lagoon),2026-08-19 08:37,159,59
L25032836,GR,GR-B,GR-B-13,40.321077,23.918613,"ΛΘ Αλυκή Αμμουλιανής (Alyki lagoon, Ammouliani island)",2026-07-01 15:00,25,3
L35223878,GR,GR-J,GR-J-43,36.4826955,22.4789811,"Λάγια Λακωνίας (Lagia, Lakonia)",2026-04-18 10:00,13,2
L28062524,GR,GR-E,GR-E-24,39.1623226,22.7113736,Λίμνες Ζερέλια (Lakes Zerelia),2025-04-19 11:53,49,2
L31090644,GR,GR-B,GR-B-12,41.2836678,23.5191931,Λίμνες Καπνόφυτου (Kapnofyto Ponds),2026-07-15 14:20,29,3
L3000983,GR,GR-C,GR-C-16,40.5243247,21.2946052,Λίμνη  Ορεστιάδα (Lake Orestiada),2026-01-06 12:30,161,91
L12255727,GR,GR-B,GR-B-10,40.8076359,21.9168981,Λίμνη Άγρα (Lake Agra),2026-04-18 14:49,110,27
L20926122,GR,GR-B,GR-B-10,40.8031531,21.976968,Λίμνη Άγρα--Κέντρο Πληροφόρησης (Lake Agras--Information center),2026-03-09 13:10,75,16
L20926149,GR,GR-B,GR-B-10,40.7980291,21.9361306,Λίμνη Άγρα--Νότια όχθη (Lake Agras --South shore),2026-05-05 10:00,85,22
L1458542,GR,GR-M,GR-M-74,35.3620798,24.2518403,"Λίμνη Αλμυρού Γεωργιούπολης (Lake Almyros, Georgioupoli)",2026-09-13 11:30,129,142
L8561292,GR,GR-G,GR-G-38,38.7568269,21.1823499,Λίμνη Αμβρακία (Lake Amvrakia),2026-08-07 17:30,133,37
L6716889,GR,GR-B,GR-B-10,40.7451761,21.7869186,Λίμνη Βεγορίτιδα (Lake Vegoritida),2026-07-21 14:06,112,19
L5215477,GR,GR-B,GR-B-10,40.7899647,21.8295336,Λίμνη Βεγορίτιδα--Βόρεια όχθη (Lake Vegoritida--North shore),2026-04-18 18:30,87,13
L10943861,GR,GR-C,GR-C-17,40.6931787,21.747214,Λίμνη Βεγορίτιδα--Νότια όχθη (Lake Vegoritida--Southern shore),2026-09-12 09:42,148,38
L1258957,GR,GR-A,GR-A-06,41.0249814,25.1350021,Λίμνη Βιστωνίδα (Lake Vistonis),2026-09-21 16:37,250,290
L2278328,GR,GR-I,GR-I-49,37.8078174,23.7852234,Λίμνη Βουλιαγμένης (Lake Vouliagmeni),2026-09-12 15:48,57,40
L40490056,GR,GR-G,GR-G-38,38.8649687,20.8401715,Λίμνη Βουλκαριά (Lake Voulkaria),2026-09-19 17:55,103,16
L6626628,GR,GR-B,GR-B-09,41.2088129,22.7677702,Λίμνη Δοϊράνη--Ανατολική όχθη (Lake Doirani--Eastern shore),2026-07-12 15:13,193,158
L2934736,GR,GR-H,GR-H-29,38.35591,24.13392,Λίμνη Δύστου (Lake Dystos),2026-09-22 10:50,211,348
L10813768,GR,GR-C,GR-C-17,40.625921,21.5476314,Λίμνη Ζάζαρη (Lake Zazari),2026-07-07 16:00,133,35
L13355855,GR,GR-D,GR-D-18,39.9027423,20.5097786,Λίμνη Ζαραβίνα (Lake Zaravina),2025-09-27 14:32,36,6
L18808684,GR,GR-M,GR-M-71,35.140094,24.910907,Λίμνη Ζαρού (Zaros lake),2026-05-27 20:08,54,20
L40975166,GR,GR-J,GR-J-42,38.0283452,22.8789456,Λίμνη Ηραίου (Lake Hraion),2025-03-08 09:00,18,1
L3149445,GR,GR-A,GR-A-01,40.9818074,25.3179932,Λίμνη Ισμαρίδα (Lake Ismarida),2026-09-23 18:19,272,573
L2917728,GR,GR-E,GR-E-24,39.4923271,22.8220383,"Λίμνη Κάρλα* (Lake Karla, use more precise loc.)",2026-09-15 09:45,257,604
L6197005,GR,GR-E,GR-E-24,39.4656608,22.8458204,Λίμνη Κάρλα--Άγ. Αθανάσιος προς Κανάλια (Lake Karla--Agios Athanasios to Kanalia),2026-05-11 09:50,164,53
L6215858,GR,GR-E,GR-E-24,39.5187825,22.8076315,Λίμνη Κάρλα--Βόρειες όχθες (Lake Karla--Northern shores),2026-05-11 08:49,121,26
L39573973,GR,GR-E,GR-E-22,39.525376,22.741747,Λίμνη Κάρλα--Εποχικά υγρολίβαδα (Lake Karla--Seasonal flooded fields),2026-01-17 10:36,41,4
L6196999,GR,GR-E,GR-E-24,39.4634604,22.7956858,"Λίμνη Κάρλα--ΝΔ ανάχωμα, Λατομεία προς Αντλιοστάσιο  (Lake Karla--SW embankment, Quarries to Pumping station)",2026-07-05 07:05,180,64
L6196998,GR,GR-E,GR-E-24,39.5103954,22.7782809,Λίμνη Κάρλα--Τεχνητός υγρότοπος (Lake Karla--Artificial wetland),2026-05-11 07:18,152,37
L5868272,GR,GR-G,GR-G-39,37.5043537,21.6071205,Λίμνη Καϊάφα (Lake Kaiafa),2026-08-10 18:24,126,43
L8278274,GR,GR-B,GR-B-07,40.786756,23.3876212,Λίμνη Κλαδέρι & γύρω περιοχή (Kladeri pond & surounding area),2026-08-11 06:45,82,12
L981808,GR,GR-M,GR-M-74,35.3317922,24.2763519,Λίμνη Κουρνά (Lake Kourna),2026-09-11 07:13,114,126
L28256987,GR,GR-H,GR-H-30,39.0229376,21.4096778,Λίμνη Κρεμαστών--Βόρεια όχθη (Lake Kremaston--North),2026-04-22 16:17,43,6
L28257105,GR,GR-G,GR-G-38,38.8788486,21.5499153,Λίμνη Κρεμαστών--Νότια (Lake Kremaston--South),2026-08-12 06:49,32,6
L25813729,GR,GR-M,GR-M-71,35.1963684,25.2867123,Λίμνη Λιβάδες (Livades lake),2026-08-10 12:40,72,9
L13319904,GR,GR-G,GR-G-38,38.5636936,21.3697023,Λίμνη Λυσιμαχεία (Lake Lysimacheia),2026-09-26 12:30,179,92
L2920871,GR,GR-I,GR-I-49,38.1683044,23.891573,Λίμνη Μαραθώνα (Lake Marathon),2026-07-05 10:50,126,85
L4942266,GR,GR-B,GR-B-13,40.0015624,23.5071185,Λίμνη Μαυρόμπαρα (Mavrompara pond),2025-08-29 19:32,45,8
L1242894,GR,GR-K,GR-K-53,39.2261185,26.1895797,Λίμνη Μετόχι (Metochi lake),2026-09-26 12:51,224,715
L53661992,GR,GR-B,GR-B-13,40.1179028,23.3943925,Λίμνη Νέας Φώκαιας (Nea Fokaia Lake),2025-10-08 16:30,25,2
L28335318,GR,GR-E,GR-E-22,39.7172227,22.5314999,Λίμνη Νεσσωνίδα (Lake Nessonis),2026-09-13 09:11,104,45
L30550020,GR,GR-D,GR-D-18,39.7986459,20.5787539,Λίμνη Ντουβρίτσι (Lake Douvritsi),2024-06-04 06:45,48,2
L3355331,GR,GR-G,GR-G-38,38.6523621,21.223295,Λίμνη Οζερού (Lake Ozeros),2025-07-05 11:40,68,6
L35017274,GR,GR-C,GR-C-16,40.509763,21.290781,Λίμνη Ορεστιάδα--Ιερά Μονή Παναγίας Μαυριωτίσσης (Lake Orestiada--Panagia Mavriotissa),2026-08-12 19:45,98,13
L8020691,GR,GR-C,GR-C-16,40.5257151,21.3195967,Λίμνη Ορεστιάδα--Πολυκάρπη (Lake Orestiada--Polikarpi village),2026-05-14 17:49,160,65
L4894702,GR,GR-D,GR-D-18,39.6624272,20.8875418,"Λίμνη Παμβώτιδα* (Lake Pamvotida, use more precise loc.)",2026-09-25 10:30,219,454
L59167565,GR,GR-D,GR-D-18,39.6784379,20.8964912,Λίμνη Παμβώτιδα--Αμφιθέα προς Λογγάδες (Lake Pamvotida--Amfithea to Loggades),2026-09-21 15:35,60,13
L59166587,GR,GR-D,GR-D-18,39.673548,20.854983,Λίμνη Παμβώτιδα--Κάστρο Ιωαννίνων προς Πέραμα (Lake Pamvotida--Ioannina Castle to Perama),2026-09-21 17:15,69,16
L59167024,GR,GR-D,GR-D-18,39.6333194,20.8974582,Λίμνη Παμβώτιδα--Κατσικάς προς Ανατολή (Lake Pamvotida--Katsikas to Anatoli),2026-08-01 18:30,103,15
L8191486,GR,GR-H,GR-H-29,38.45958,23.3524,Λίμνη Παραλίμνη (Lake Paralimni),2026-05-16 06:29,134,47
L33426003,GR,GR-H,GR-H-29,38.4787562,23.3950098,Λίμνη Παραλίμνη--Ανατολική όχθη & ελαιώνες (Lake Paralimni--East shore & olive orchards),2026-05-16 06:29,47,6
L11882239,GR,GR-C,GR-C-17,40.7301168,21.6965218,Λίμνη Πετρών (Lake Petron),2026-09-12 10:43,165,93
L10949358,GR,GR-C,GR-C-17,40.7089477,21.6897894,Λίμνη Πετρών--Νότια όχθη (Lake Petron--Southern shore),2026-09-12 11:47,99,28
L17367152,GR,GR-B,GR-B-09,40.8336581,22.8126234,Λίμνη Πικρολίμνη & γύρω χωράφια (Lake Pikrolimni & surrounding fields),2025-12-31 10:53,83,26
L14208121,GR,GR-E,GR-E-23,39.3006664,21.7496465,"Λίμνη Πλαστήρα* (Lake Plastira, use more precise loc.)",2026-05-20 09:00,76,21
L6659115,GR,GR-C,GR-C-14,40.1732006,21.8978333,Λίμνη Πολυφύτου (Lake Polyfyto),2026-01-21 10:00,70,8
L21510994,GR,GR-C,GR-C-14,40.134886,21.8530467,Λίμνη Πολυφύτου--Γέφυρα Ρυμνίου (Lake Polyfyto--Rymnio bridge),2026-08-29 13:19,120,31
L13321038,GR,GR-G,GR-G-38,38.6805856,21.3341963,Λίμνη Στράτου & πέριξ (Lake Stratos & surrounding area),2025-05-01 14:00,95,20
L4777880,GR,GR-J,GR-J-42,37.8509335,22.4689722,Λίμνη Στυμφαλία (Lake Stymfalia),2026-06-29 12:23,155,45
L5662885,GR,GR-J,GR-J-40,37.4395095,22.372992,Λίμνη Τάκα (Lake Taka),2026-09-13 11:30,176,74
L13882175,GR,GR-G,GR-G-38,38.5639469,21.5414751,"Λίμνη Τριχωνίδα* (Lake Trichonida, use more precise loc.)",2026-08-12 19:00,156,84
L16782808,GR,GR-G,GR-G-38,38.6005823,21.5713858,Λίμνη Τριχωνίδα--Βόρεια όχθη (Lake Trichonida--North shore),2026-08-12 19:00,91,31
L63471096,GR,GR-G,GR-G-38,38.5387298,21.463143,Λίμνη Τριχωνίδα--Νότια όχθη (Lake Trichonida--South shore),2026-04-20 15:30,11,1
L8457656,GR,GR-H,GR-H-28,38.3973428,23.2917662,Λίμνη Υλίκη (Lake Yliki),2026-04-04 12:05,85,22
L6822104,GR,GR-C,GR-C-17,40.6003548,21.5588579,Λίμνη Χειμαδίτιδα (Lake Chimaditida),2026-09-13 15:45,196,137
L964141,GR,GR-L,GR-L-64,36.8845637,27.3405075,Λίμνη Ψαλίδι (Lake Psalidi),2026-08-02 08:22,168,185
L21072611,GR,GR-B,GR-B-07,40.7279672,22.9305607,Λίμνη Ωραιοκάστρου (Lake Oraiokastro),2025-10-28 14:51,40,5
L16377840,GR,GR-A,GR-A-04,40.7002873,24.6449629,"Λίμνη και Καταρράκτης Μαριών Θάσου (Maries lake and waterfalls, Thassos)",2026-06-20 10:07,38,3
L10795147,GR,GR-L,GR-L-69,36.169829,27.9861329,Λίμνη φράγματος Γαδουρά (Gadouras dam-lake),2026-09-05 08:03,123,53
L9823381,GR,GR-G,GR-G-39,37.92054,21.3241578,Λίμνιο Εβηθός Ανδραβίδας (Evithos pond--Andravida),2021-05-06 19:00,14,0
L18316875,GR,GR-I,GR-I-49,37.8032343,23.770843,"Λαιμός Βουλιαγμένης (Laimos, Vouliagmeni)",2026-03-23 10:20,47,12
L58169076,GR,GR-F,GR-F-35,38.1980421,20.491565,Λατομεία Δαυγάτας (Davgata quarries),2026-03-30 17:25,34,13
L32121244,GR,GR-L,GR-L-67,37.0885997,25.4721524,Λατομεία Κυνιδάρου (Kynidaros quarries),2025-04-24 07:44,31,1
L17520570,GR,GR-E,GR-E-24,39.3085724,22.8991039,Λατομείο Κριθαριάς (Kritharia quarry),2022-01-23 11:55,24,3
L15706787,GR,GR-D,GR-D-18,39.6741338,20.9346888,Λατομείο Μάζιας (Mazia quarry),2026-09-13 08:54,21,8
L60833749,GR,GR-D,GR-D-21,39.1691316,20.842374,Λατομείο Νέας Κερασούντας (Nea Kerasounta quarry),2026-03-11 18:00,6,2
L6669322,GR,GR-B,GR-B-12,41.2571621,23.41223,Λατομείο Σιδηροκάστρου (Sidirokastro quarry),2026-09-20 00:00,118,113
L23772128,GR,GR-G,GR-G-38,38.4536028,21.2299967,Λεσίνι (Lesini village),2026-05-05 14:24,16,4
L19368688,GR,GR-M,GR-M-74,35.2891592,23.9600474,Λευκά Όρη--Άνω Φαράγγι Σαμαριάς (Mts Lefka Ori--Upper Samaria Gorge),2026-09-11 08:21,82,42
L19119092,GR,GR-M,GR-M-74,35.3633929,23.8190509,Λευκά Όρη--Διάσελο Πέτρας Σελί (Mts Lefka Ori--Petras Seli mountain pass),2026-09-20 13:31,7,3
L981803,GR,GR-M,GR-M-74,35.2604082,23.966589,Λευκά Όρη--Κάτω Φαράγγι Σαμαριάς (Mts Lefka Ori-- Lower Samaria Gorge),2026-09-11 13:01,83,33
L19099807,GR,GR-M,GR-M-74,35.2677257,24.1426947,Λευκά Όρη--Καλοί Λάκκοι (Mts Lefka Ori--Kaloi Lakkoi),2025-09-26 09:39,43,3
L19390439,GR,GR-M,GR-M-74,35.4007722,23.9444467,Λευκά Όρη--Λάκκοι (Mts Lefka Ori--Lakkoi),2026-06-16 10:35,19,3
L9405412,GR,GR-M,GR-M-74,35.3757467,23.9008133,Λευκά Όρη--Λάκκοι προς Ομαλό (Mts Lefka Ori--Lakkoi to Omalos),2026-06-10 06:54,44,11
L23581157,GR,GR-M,GR-M-74,35.243345,24.126366,Λευκά Όρη--Μουρίο (Mts Lefka Ori--Mourio),2023-04-14 12:31,14,1
L931644,GR,GR-M,GR-M-74,35.3074208,23.9186096,Λευκά Όρη--Ξυλόσκαλο (Mts Lefka Ori--Xyloskalo),2026-09-20 14:30,94,64
L968781,GR,GR-M,GR-M-74,35.3414546,23.9083099,Λευκά Όρη--Οροπέδιο Ομαλού (Mts Lefka Ori--Omalos plateau),2026-09-20 14:16,117,101
L19099972,GR,GR-M,GR-M-74,35.3863435,24.0404062,Λευκά Όρη--Ψυχρό Πηγάδι (Mts Leka Ori--Psychro Pigadi),2026-07-20 17:05,16,1
L9142384,GR,GR-L,GR-L-62,35.5977369,27.0920976,Λευκός Καρπάθου (Lefkos village),2026-07-03 13:42,31,4
L4117291,GR,GR-B,GR-B-07,40.626359,22.9483546,Λευκός Πύργος (White Tower),2026-09-20 09:20,99,158
L9081188,GR,GR-J,GR-J-40,37.1674693,22.8589036,Λεωνίδιο (Leonidio),2025-06-04 10:26,83,25
L3000534,GR,GR-F,GR-F-35,38.201452,20.437181,Ληξούρι (Lixouri town),2026-09-18 18:51,33,8
L7184921,GR,GR-A,GR-A-01,40.944346,25.2756203,Λθ Έλος (Elos Lagoon),2026-04-21 15:38,175,113
L3117554,GR,GR-A,GR-A-05,40.8977343,24.6107054,Λθ Αγιάσματος (Agiasma Lagoons),2026-07-26 18:31,168,52
L10227088,GR,GR-A,GR-A-01,40.9486422,25.2137988,"Λθ Αλυκής Ροδόπης (Alyki lagoon, Rodopi)",2026-09-21 13:48,161,47
L9214842,GR,GR-A,GR-A-05,40.9546832,24.551872,Λθ Βάσοβας (Vasova Lagoon),2026-04-26 16:25,79,14
L21395122,GR,GR-A,GR-A-05,40.9350562,24.5685356,Λθ Ερατεινού (Eratoino Lagoon),2026-08-18 12:51,117,24
L1121890,GR,GR-A,GR-A-01,40.9497,25.1862,Λθ Καρατζά (Karatza Lagoon),2026-08-18 17:18,167,102
L13345208,GR,GR-A,GR-A-06,41.0002586,25.0440132,Λθ Λάφρης (Lafri Lagoon),2026-07-23 11:44,114,16
L3000909,GR,GR-A,GR-A-01,40.9607304,25.1446674,Λθ Ξηρολίμνης (Xyrolimni Lagoon),2026-05-19 18:16,192,156
L7112333,GR,GR-A,GR-A-01,40.9145828,25.3767228,Λθ Προφήτη Ηλία (Profitis Ilias Lagoon),2026-04-09 09:10,190,95
L7181972,GR,GR-A,GR-A-01,40.9380571,25.255965,Λθ Πτελέα (Ptelea Lagoon),2026-08-18 17:48,220,183
L4994732,GR,GR-A,GR-A-01,40.993828,25.1477051,Λθ Πόρτο Λάγος (Porto Lagos Lagoon),2026-09-07 07:50,275,318
L32123859,GR,GR-F,GR-F-32,39.67106,19.736474,Λιαπάδες Κέρκυρας (Liapades village),2025-09-13 19:48,29,4
L6731576,GR,GR-F,GR-F-32,39.6374636,19.7830939,Λιβάδι Ρόπα (Livadi Ropa valley),2026-07-27 18:52,107,27
L971779,GR,GR-H,GR-H-31,38.52875,22.20431,Λιδωρίκι Φωκίδας (Lidoriki town),2026-06-03 20:52,65,8
L11525641,GR,GR-L,GR-L-67,37.105599,25.3746264,Λιμάνι & Κάστρο Νάξου (Naxos port & Venetian castle),2026-09-25 18:40,89,124
L66067990,GR,GR-L,GR-L-64,36.8930056,27.2914141,Λιμάνι & πόλη Κω (Kos harbour & town),2026-09-27 10:35,23,12
L28003766,GR,GR-I,GR-I-52,37.50017,23.45544,Λιμάνι & πόλη Πόρου (Poros port & town),2026-04-01 13:18,19,6
L75297111,GR,GR-K,GR-K-54,37.613385,26.294609,Λιμάνι Άγιου Κύρηκου (Agios Kyrikos port),2026-08-09 15:01,6,0
L9230024,GR,GR-I,GR-I-52,37.7454032,23.4281788,Λιμάνι Αίγινας (Aegina port),2026-09-23 17:06,52,49
L29209456,GR,GR-H,GR-H-29,38.4095489,24.1960308,Λιμάνι Αγίων Αποστόλων (Agioi Apostoloi port),2024-02-11 15:30,3,0
L21645929,GR,GR-G,GR-G-37,38.1571958,21.5408932,Λιμάνι Αλυκών (Alykes port),2026-02-07 09:08,16,4
L60554224,GR,GR-I,GR-I-49,37.97326,24.011641,Λιμάνι Αρτέμιδας (Artemis harbour),2026-06-20 12:43,23,8
L6810429,GR,GR-B,GR-B-07,40.6316072,22.9188967,Λιμάνι Θεσσαλονίκης (Thessaloniki port),2026-02-12 07:22,49,39
L35259447,GR,GR-H,GR-H-29,38.0127031,24.420108,Λιμάνι Καρύστου (Karystos port),2025-12-13 11:00,34,7
L4064638,GR,GR-A,GR-A-05,40.8580971,24.7030163,Λιμάνι Κεραμωτής (Keramoti harbor),2026-05-21 15:24,183,76
L26812555,GR,GR-M,GR-M-74,35.51411,23.6352,Λιμάνι Κισσάμου (Kissamos port),2026-09-20 09:42,32,10
L1459679,GR,GR-M,GR-M-74,35.5455879,23.7787898,Λιμάνι Κολυμβαρίου (Kolymvari port),2026-07-11 07:00,69,24
L21671497,GR,GR-J,GR-J-44,37.2565785,21.6646761,Λιμάνι Κυπαρισσίας (Kyparissia Port),2026-01-04 21:57,49,22
L11813770,GR,GR-H,GR-H-29,38.6306577,24.1253918,Λιμάνι Κύμης (Kymi port),2026-08-31 12:04,39,8
L18535879,GR,GR-H,GR-H-29,38.84189,24.53685,"Λιμάνι Λιναριάς Σκύρου (Linaria port, Skyros)",2026-09-21 08:39,31,6
L36693897,GR,GR-L,GR-L-66,37.4660364,25.3228426,Λιμάνι Μυκόνου (Mykonos harbour),2026-07-28 09:59,25,21
L12988686,GR,GR-H,GR-H-27,38.8345407,22.6474993,Λιμάνι Μώλου (Molos port),2026-02-01 14:20,53,11
L12421897,GR,GR-H,GR-H-29,38.5137409,23.6334503,Λιμάνι Νέας Αρτάκης (Nea Artaki port),2020-10-02 09:00,5,1
L7712709,GR,GR-G,GR-G-37,38.2284414,21.720947,Λιμάνι Πάτρας (Port of Patra),2026-05-06 13:06,68,31
L3617471,GR,GR-I,GR-I-51,37.9433006,23.6386621,Λιμάνι Πειραιά (Pireas port),2026-09-23 07:37,63,208
L25677571,GR,GR-A,GR-A-06,41.0051504,25.1204947,Λιμάνι Πόρτο Λάγος (Porto Lagos Harbour),2026-06-08 10:15,96,27
L20231645,GR,GR-I,GR-I-49,38.0246614,24.0117171,Λιμάνι Ραφήνας (Rafina Port),2026-04-19 09:40,8,2
L21402850,GR,GR-L,GR-L-69,36.4430701,28.2350122,Λιμάνι Ρόδου (Rhodes harbour),2026-09-18 08:55,65,85
L1120186,GR,GR-E,GR-E-25,39.162,23.4907,Λιμάνι Σκιάθου (Skiathos port),2026-09-07 11:26,98,47
L19151819,GR,GR-M,GR-M-74,35.4899663,24.0709101,Λιμάνι Σούδας (Souda harbour),2026-09-19 18:43,60,36
L7099498,GR,GR-H,GR-H-27,38.9103203,22.6165956,Λιμάνι Στυλίδας (Stylida port),2026-09-27 14:00,85,55
L6250032,GR,GR-M,GR-M-71,35.3417,25.14232,Λιμένας Ηρακλείου (Heraklion harbour),2026-09-25 12:34,89,87
L4064881,GR,GR-A,GR-A-04,40.7791354,24.708724,"Λιμένας Θάσου (Limenas, Thassos)",2026-07-12 14:00,74,27
L20079671,GR,GR-B,GR-B-11,40.1490194,22.547504,Λιμένας Λιτοχώρου και παραλία Γρίτσας (Litochoro harbour & Gritsa beach),2026-06-15 17:35,66,29
L36601040,GR,GR-J,GR-J-43,36.6804507,22.3782413,Λιμένι (Limeni),2026-07-06 16:03,17,2
L7901184,GR,GR-M,GR-M-74,35.2293195,23.9593749,Λιμανάκι & ακτογραμμη Αγίας Ρουμέλης (Agia Roumeli port & coastline),2026-09-15 19:25,60,27
L4096097,GR,GR-M,GR-M-73,35.0966112,24.6891475,Λιμανάκι & παραλία Αγίας Γαλήνης (Agia Galini port & beach),2026-03-12 10:00,97,39
L75470235,GR,GR-L,GR-L-64,36.8473088,27.0784745,Λιμανάκι & παραλία Μαστιχαρίου (Mastichari port & beach),2026-09-06 09:17,14,2
L61772792,GR,GR-K,GR-K-53,39.3741969,26.3034368,Λιμανάκι Σκάλας Συκαμινέας (Skala Sikamineas port),2026-05-22 13:08,31,7
L25949351,GR,GR-A,GR-A-04,40.6232681,24.5785214,"Λιμενάρια Θάσου (Limenaria, Thasos)",2024-10-04 18:21,21,3
L5388666,GR,GR-E,GR-E-26,39.5778928,21.6918485,"Λιμνίο Γκιτζή Κεφαλόβρυσου (Gitzi pond, Kefalovriso)",2026-04-14 13:07,61,12
L60161821,GR,GR-M,GR-M-72,35.07208,26.13791,"Λιμνίο Ζίρου Λασιθίου (Ziros pond, Lasithi)",2026-03-13 10:40,15,1
L3074822,GR,GR-F,GR-F-32,39.6594132,19.7992415,Λιμνίο Καβουρόλιμνη (Kavourolimni pond),2024-08-11 16:15,44,12
L43683208,GR,GR-K,GR-K-53,39.3403818,26.3195096,Λιμνίο Κλειούς (Klio pond),2026-05-31 15:23,57,9
L37381930,GR,GR-E,GR-E-23,39.3335572,22.1498673,Λιμνίο Σοφάδων (Sofades pond),2026-05-08 18:55,63,9
L35859316,GR,GR-L,GR-L-67,37.1283574,25.4380362,Λιμνοδεξαμενή Εγγαρών (Eggares reservoir),2026-08-29 13:36,46,17
L14380222,GR,GR-F,GR-F-36,38.7607563,20.6762199,Λιμνοδεξαμενή Καρυάς (Karya reservoir),2023-07-12 10:16,29,2
L25920900,GR,GR-D,GR-D-20,39.4812084,20.4594414,Λιμνοδεξαμενή Χότκοβα (Chotkova reservoir),2024-03-16 16:35,23,2
L2803175,GR,GR-B,GR-B-07,40.4901735,22.8234529,Λιμνοθάλασσα & αλυκές Αγγελοχωρίου (Angelochori lagoon & saltpans),2026-09-01 13:20,201,130
L50365896,GR,GR-I,GR-I-52,37.6844801,23.3264758,"Λιμνοθάλασσα Αλυκή Αγκιστρίου (Alyki lagoon, Agkistri)",2026-08-17 16:30,13,4
L42623200,GR,GR-I,GR-I-52,37.483821,23.4750322,"Λιμνοθάλασσα Αλυκή Γαλατά (Alyki lagoon, Galatas)",2025-04-14 10:15,18,1
L8016497,GR,GR-F,GR-F-32,39.8138586,19.8562318,Λιμνοθάλασσα Αντινιώτη (Antinioti lagoon),2026-09-26 13:53,108,89
L1807623,GR,GR-J,GR-J-44,36.9589455,21.6726351,Λιμνοθάλασσα Γιάλοβας και πέριξ (Gialova Lagoon and surrounding areas),2026-09-27 09:51,243,476
L13006924,GR,GR-L,GR-L-67,36.9933369,25.3929479,Λιμνοθάλασσα Γλυφάδας (Glyfada lagoon),2026-09-25 06:55,106,94
L10513600,GR,GR-J,GR-J-41,37.535748,22.908995,"Λιμνοθάλασσα Δρέπανο Αργολίδας (Drepano Lagoon, Argos)",2026-08-24 19:00,61,18
L4234476,GR,GR-B,GR-B-07,40.3884786,22.9045523,Λιμνοθάλασσα Επανομής (Epanomi lagoon),2026-09-17 13:48,165,62
L13366230,GR,GR-J,GR-J-41,37.404098,23.306784,Λιμνοθάλασσα Θερμησίας (Thermisia Lagoon),2026-05-25 14:06,86,31
L10193593,GR,GR-M,GR-M-71,35.0749739,24.7455427,Λιμνοθάλασσα Καταλυκή (Katalyki lagoon),2026-08-10 18:12,114,63
L76599609,GR,GR-G,GR-G-38,38.919064,20.861457,Λιμνοθάλασσα Λιμένι (Limeni lagoon),2026-09-15 14:59,38,3
L11332507,GR,GR-L,GR-L-67,37.0207921,25.3756177,Λιμνοθάλασσα Μικρής Βίγλας (Mikri Vigla lagoon),2026-09-22 13:35,80,33
L55443550,GR,GR-K,GR-K-55,39.88458,25.19691,Λιμνοθάλασσα Πεδινού (Pedino lagoon),2026-08-31 13:20,70,13
L11207781,GR,GR-B,GR-B-13,39.958916,23.9287747,Λιμνοθάλασσα Πόρτο Κουφού (Porto Koufo lagoon),2026-07-27 10:07,91,18
L28396056,GR,GR-F,GR-F-32,39.7793346,19.9430731,Λιμνοθάλασσα Σαβούρα (Savoura lagoon),2026-09-20 16:30,79,39
L65534889,GR,GR-G,GR-G-38,38.905276,20.769968,Λιμνοθάλασσα Σαλτίνη (Saltini lagoon),2026-09-19 19:05,26,1
L3064432,GR,GR-F,GR-F-32,39.6048285,19.9022913,Λιμνοθάλασσα Χαλικιοπούλου (Chalikiopoulou lagoon),2026-07-26 14:59,103,63
L52160482,GR,GR-M,GR-M-72,35.19679,26.27716,"Λιμνοθάλασσα Χιώνας Σητείας (Chiona lagoon, Siteia)",2026-05-16 17:12,43,5
L6639316,GR,GR-I,GR-I-52,37.5299698,23.337847,Λιμνοθάλασσα Ψήφτα (Psifta lagoon),2026-09-13 17:13,121,46
L3070301,GR,GR-I,GR-I-49,38.3352606,23.7707233,Λιμνοθάλασσα Ωρωπού (Oropos lagoon),2026-09-27 07:30,211,873
L13366204,GR,GR-J,GR-J-41,37.410545,23.399962,Λιμνοθάλασσες Μετόχι και Σωληνάρι (Metochi and Solinari Lagoons),2026-08-17 16:26,85,29
L7184004,GR,GR-A,GR-A-01,40.8717593,25.5275333,"Λιονταρότοπος Μαρώνειας (Liontarotopos, Maroneia)",2026-08-19 13:08,149,151
L64171745,GR,GR-B,GR-B-12,40.7634366,23.7707075,Λογκάρι (Logkari),2026-07-30 19:52,34,12
L16543935,GR,GR-K,GR-K-53,39.0565725,26.5446896,Λουτρά Λέσβου (Loutra village),2026-05-14 08:38,51,98
L42917745,GR,GR-B,GR-B-10,40.9708515,21.9152027,Λουτρά Πόζαρ Λουτρακίου (Pozar Thermal Baths--Loutraki),2026-08-29 13:53,27,7
L6549816,GR,GR-H,GR-H-27,38.8975955,22.2744078,Λουτρά Υπάτης (Loutra Ypatis village),2026-09-03 17:35,62,21
L3000930,GR,GR-A,GR-A-03,40.8811925,26.046474,"Λουτρός Έβρου (Loutros, Evros)",2026-09-01 18:07,141,65
L49831304,GR,GR-I,GR-I-50,38.0512883,23.4829599,"Λούτσα Μάνδρας (Loutsa, Mandra)",2024-03-09 07:15,11,1
L36645295,GR,GR-F,GR-F-33,37.7577712,20.9203984,Λόφοι & οικισμός Αργασσίου (Argassi hills & village),2026-09-01 08:27,64,20
L30751452,GR,GR-A,GR-A-03,40.8844842,26.0048399,Λόφοι Άνθειας (Antheia Hills),2026-07-02 21:35,105,17
L75464165,GR,GR-D,GR-D-21,39.108887,20.709225,Λόφοι Αρχάγγελου (Archangelos hills),2026-08-29 00:00,11,2
L66076822,GR,GR-E,GR-E-22,39.6888629,22.641576,Λόφοι Δήμητρας (Dimitra hills),2026-05-13 12:31,29,2
L9538598,GR,GR-B,GR-B-07,40.6330173,23.0635046,Λόφοι Εξοχής (Exochi hills),2026-07-28 06:14,100,38
L5871910,GR,GR-H,GR-H-31,38.4512361,22.3846436,Λόφοι Ιτέας (Itea hills),2026-06-09 11:44,76,27
L23969868,GR,GR-B,GR-B-07,40.7166,22.998719,Λόφοι Λαγυνά (Lagyna hills),2026-06-05 17:29,65,13
L13374049,GR,GR-D,GR-D-18,39.6300145,20.8009824,Λόφοι Μαρμάρων (Marmara hills),2026-09-10 09:00,70,28
L37176132,GR,GR-M,GR-M-74,35.5098343,23.9152854,Λόφοι Πλατανιά (Platanias hills),2026-06-17 20:20,32,4
L29251979,GR,GR-B,GR-B-13,39.9629055,23.9345883,Λόφοι Πόρτο Κουφό (Porto Koufo hills),2026-05-09 15:40,29,2
L7631088,GR,GR-I,GR-I-49,38.0017438,23.9592934,Λόφος Έτος (Etos hill),2024-10-13 15:11,54,7
L16888789,GR,GR-L,GR-L-69,36.4413403,28.2136477,Λόφος Αγ. Στεφάνου (Monte Smith hill),2026-09-18 10:43,82,39
L13001702,GR,GR-I,GR-I-49,37.8116874,23.8530914,"Λόφος Αγίας Μαρίνας Κορωπίου (Agia Marina hill, Koropi)",2014-03-23 12:00,11,1
L11865814,GR,GR-H,GR-H-28,38.3871363,23.0140021,"Λόφος Βίγλα Υψηλάντη (Vigla hill, Ypsilantis)",2022-10-02 09:30,59,12
L38259857,GR,GR-E,GR-E-22,39.6959083,22.5323839,Λόφος Γεντίκι (Gentiki hill),2026-01-06 11:00,30,8
L10221848,GR,GR-E,GR-E-24,39.3526381,22.9769209,"Λόφος Γορίτσας Βόλου (Goritsa hill, Volos)",2026-06-01 18:34,68,27
L51069566,GR,GR-I,GR-I-52,37.9710591,23.4872994,"Λόφος Ελευθερώτριας Σαλαμίνας (Eleftherotrias hill, Salamis)"
L30202298,GR,GR-E,GR-E-24,39.3746097,22.9784605,"Λόφος Επισκοπής Βόλου (Episkopi hill, Volos)",2026-04-26 20:58,28,1
L5849870,GR,GR-E,GR-E-26,39.6782929,21.6846227,Λόφος Θεόπετρας (Theopetra hill),2026-07-19 09:07,64,18
L19100136,GR,GR-M,GR-M-74,35.5037304,24.043563,Λόφος Κάρμυλου (Karmilos hill),2026-05-23 15:45,33,3
L24325229,GR,GR-F,GR-F-35,38.1130287,20.5472659,Λόφος Κοριάννα Κεφαλονιάς (Korianna hill),2024-05-05 09:42,12,1
L24133616,GR,GR-L,GR-L-69,36.3815718,28.2264251,Λόφος Κοσκινού (Koskinou hill),2026-09-10 07:01,57,12
L43348745,GR,GR-L,GR-L-68,37.1275847,25.2088725,Λόφος Κουκουναριών (Koukounaries hill),2026-04-12 17:37,29,5
L65505295,GR,GR-L,GR-L-66,37.4739,25.4021,Λόφος Κουρβούζια (Kourvouzia hill),2026-05-06 11:50,11,1
L11055179,GR,GR-I,GR-I-45,38.0186601,23.7485724,Λόφος Λεβεντάκη (Leventaki hill),2025-12-09 09:23,44,25
L2284736,GR,GR-I,GR-I-45,37.9828327,23.7469375,Λόφος Λυκαβηττού (Lykavitos hill),2026-09-22 18:23,98,528
L68650099,GR,GR-H,GR-H-27,38.5415275,23.2049942,Λόφος Μαρτίνου (Martino hill),2026-06-01 07:46,22,1
L9772206,GR,GR-I,GR-I-49,37.8259722,23.8257621,Λόφος Μπαράκου (Barakos Hill),2024-03-29 11:45,22,1
L12675827,GR,GR-I,GR-I-49,38.0126505,24.00612,Λόφος Οχυρού (Ochyro hill),2023-12-25 12:10,29,8
L7781663,GR,GR-I,GR-I-48,37.9096573,23.7299819,Λόφος Πανί (Pani hill),2026-04-11 16:10,69,30
L12367118,GR,GR-I,GR-I-49,37.9053858,24.0317774,Λόφος Περατής (Perati Hill),2021-01-10 13:38,15,2
L56484873,GR,GR-E,GR-E-26,39.5654117,21.7655359,Λόφος Προφήτη Ηλία (Prophitis Ilias hill),2026-05-02 14:24,33,4
L50900801,GR,GR-I,GR-I-52,37.966593,23.496393,"Λόφος Προφήτη Ηλία Σαλαμίνας (Prophet Ilias hill, Salamis)",2025-08-02 22:53,1,1
L54780743,GR,GR-C,GR-C-17,40.6932653,21.7247259,Λόφος Σαμαρόπετρας (Samaropetra Hill),2026-04-19 09:10,32,4
L10653716,GR,GR-I,GR-I-48,37.9604854,23.7157116,Λόφος Σικελίας (Sikelias Hill),2026-08-31 14:53,49,54
L10276038,GR,GR-I,GR-I-45,37.9879094,23.7397479,Λόφος Στρέφη (Strefi hill),2026-09-26 10:53,43,31
L27643819,GR,GR-I,GR-I-46,38.0010777,23.8087145,Λόφος Τσακού (Tsakos hill),2026-05-07 19:59,45,16
L10346863,GR,GR-L,GR-L-69,36.3998761,28.1432992,Λόφος Φιλερήμου (Filerimos hill),2026-09-17 09:22,63,27
L1801094,GR,GR-I,GR-I-45,37.969919,23.7183635,Λόφος Φιλοπάππου (Filopappou hill),2026-09-21 14:00,116,518
L18689311,GR,GR-I,GR-I-50,38.0745959,23.5010075,"Μάνδρα Αττικής (Mandra, Attica)",2024-06-02 10:00,34,8
L7209838,GR,GR-I,GR-I-49,38.001758,24.002377,"Μάνδρα Διάκου Ραφήνας (Mandra Diakou, Rafina)",2026-09-26 17:06,84,229
L29220336,GR,GR-D,GR-D-18,39.6585915,20.7728559,"Μάρμαρα Ιωαννίνων (Marmara village, Ioannina)",2026-07-24 16:30,60,8
L23183813,GR,GR-A,GR-A-01,41.0515851,25.4141594,"Μέγα Δουκάτο Ροδόπης (Mega Doukato, Rodopi)",2026-05-22 08:01,23,18
L43817879,GR,GR-J,GR-J-43,36.534134,22.370331,Μέζαπος & Χερσόνησος Τηγάνι (Mezapos & Tigani peninsula),2026-05-15 12:30,35,1
L22939800,GR,GR-I,GR-I-52,37.6151227,23.3639108,Μέθανα (Methana),2026-05-08 18:10,45,11
L3000933,GR,GR-A,GR-A-01,40.9802221,25.2102942,"Μέση Ροδόπης (Mesi, Rodopi)",2026-02-22 11:16,85,8
L15569223,GR,GR-D,GR-D-18,39.7739174,21.1851609,Μέτσοβο (Metsovo town),2026-08-28 11:00,91,50
L7885350,GR,GR-K,GR-K-54,37.5587356,26.1223068,Μαγγανίτης Ικαρίας (Magganitis village),2026-08-03 21:15,16,3
L24078396,GR,GR-A,GR-A-03,41.6618084,26.4694545,"Μαράσια Έβρου (Marasia, Evros)",2025-05-20 14:58,23,1
L12363132,GR,GR-I,GR-I-48,37.9158143,23.7056637,Μαρίνα Αλίμου (Alimos Marina),2026-05-09 12:55,43,18
L62011467,GR,GR-L,GR-L-69,36.4294292,28.2357003,Μαρίνα Ρόδου & ακτογραμμή Ζέφυρου (Rhodes marina & Zefyros coastline),2026-09-04 17:16,42,23
L9121683,GR,GR-I,GR-I-52,37.9641259,23.501086,Μαρίνα Σαλαμίνας (Salamis marina),2026-05-02 17:17,26,9
L1121867,GR,GR-I,GR-I-49,38.1563,23.961,Μαραθώνας (Marathon),2026-04-11 13:56,29,14
L8585474,GR,GR-I,GR-I-49,38.2347952,23.9537849,Μαυροβούνι--Αγία Παρασκευή (Mt Mavrovouni--Agia Paraskevi),2019-04-13 10:00,16,1
L19605067,GR,GR-J,GR-J-41,37.473176,23.163998,Μεγάλη Δολίνη Διδύμων (Great Doline of Didima),2026-08-26 11:55,48,5
L20141686,GR,GR-B,GR-B-09,41.0918205,22.7262492,Μεγάλη Στέρνα (Megali Sterna village),2024-07-13 14:00,29,4
L4975010,GR,GR-C,GR-C-16,40.4132221,20.8603093,Μεικτό δάσος Γράμμου (Grammos mixed forest),2026-07-26 06:44,58,5
L7284529,GR,GR-G,GR-G-38,38.3747192,21.4316869,Μεσολόγγι--Κήπος των Ηρώων (Messolonghi--Heroes Garden),2025-04-10 08:30,27,9
L8062105,GR,GR-J,GR-J-44,36.867026,21.732084,"Μεσοχώρι Πύλου (Mesochori, Pylos)",2026-03-14 17:20,26,5
L31037593,GR,GR-J,GR-J-44,37.0499656,22.0079623,Μεσσήνη (Messini town),2026-04-21 22:00,31,5
L15450914,GR,GR-J,GR-J-44,37.0572278,21.9938665,Μεσσήνη--Μαυρομάτι (Messini--Mavromati),2026-06-28 18:00,76,28
L931642,GR,GR-E,GR-E-26,39.7158136,21.6299785,"Μετέωρα* (Meteora, use more precise loc.)",2026-09-25 12:43,171,498
L66181235,GR,GR-E,GR-E-26,39.7184441,21.6241837,Μετέωρα--Βράχος Άγιο Πνεύμα (Meteora--Holy Spirit Rock),2026-09-24 08:50,39,7
L5201704,GR,GR-I,GR-I-47,38.0446307,23.7205488,Μητροπολιτικό πάρκο 'Αντώνης Τρίτσης' (Antonis Tritsis Metropolitan park),2026-09-15 10:44,170,800
L14071888,GR,GR-A,GR-A-01,41.037258,25.4072336,"Μικρό Δουκάτο Ροδόπης (Mikro Doukato, Rodopi)",2025-06-19 19:40,18,5
L17285663,GR,GR-I,GR-I-48,37.901306,23.718504,"Μικρό Λιμανάκι Αλίμου (Mikro Limanaki, Alimos)",2026-09-24 08:00,161,337
L21285237,GR,GR-B,GR-B-12,40.8036206,23.8426844,Μνημείο Λέων Αμφίπολης (Amphipoli Lion Monument),2026-07-25 18:20,54,7
L7180215,GR,GR-M,GR-M-73,35.3068591,24.6327055,Μονή & φαράγγι Αρκαδίου (Arkadi Monastery & gorge),2026-09-07 13:31,107,119
L21861919,GR,GR-H,GR-H-28,38.3958832,22.7445084,Μονή Όσιου Λουκά (Hosios Loukas monastery),2026-08-26 00:00,55,13
L16449194,GR,GR-69,GR-69-99,40.170207,24.273347,Μονή Αγίου Διονυσίου Άθω (Mt Athos--Monastery of Agios Dionisios),2024-04-20 15:00,28,2
L23544218,GR,GR-M,GR-M-74,35.583222,24.13998,Μονή Γουβερνέτο (Gouverneto monastery),2026-09-10 18:15,73,55
L52678550,GR,GR-L,GR-L-64,36.6006203,27.1515797,"Μονή Ευαγγελίστριας Νισύρου (Evangelistria monastery, Nysiros)",2025-09-13 10:00,10,1
L11029937,GR,GR-K,GR-K-53,39.247878,26.173027,Μονή Λειμώνος Λέσβου (Limonas monastery),2026-05-22 18:58,130,32
L32251156,GR,GR-F,GR-F-32,39.6695018,19.7011675,Μονή Παλαιοκαστρίτσας (Palaiokastritsa Monastery),2026-09-24 13:31,39,20
L52606085,GR,GR-D,GR-D-18,40.0191191,20.7852101,Μονή Παναγίας Στομίου (Panagia Stomiou Monastery),2025-09-07 10:00,16,1
L40762187,GR,GR-L,GR-L-69,36.2358254,28.1494849,Μονή Παναγίας Τσαμπίκας (Tsampika monastery),2026-07-20 20:19,24,3
L20039910,GR,GR-K,GR-K-53,39.2444162,26.0016757,Μονή Περιβολής (Perivolis Monastery),2026-09-18 13:21,84,52
L968644,GR,GR-M,GR-M-73,35.1583719,24.4555664,Μονή Πρέβελης (Preveli Monastery),2026-09-14 18:54,96,33
L1801200,GR,GR-K,GR-K-53,39.2316094,25.9354454,Μονή Υψηλού (Ipsilou Monastery),2026-09-21 14:21,187,595
L36343417,GR,GR-L,GR-L-67,37.050368,25.521205,Μονή Φωτοδότη (Fotodotis monastery),2026-09-09 13:45,32,4
L970816,GR,GR-M,GR-M-74,35.3114832,23.5358047,Μονή Χρυσοσκαλίτισσας (Chrysoskalitissa Monastery),2026-09-22 18:53,51,9
L9780004,GR,GR-L,GR-L-60,36.3696994,25.4605473,Μοναστήρι Προφ. Ηλία (Profitis Ilias Monastery),2026-09-16 10:30,50,21
L4019464,GR,GR-J,GR-J-43,36.6878394,23.0562043,Μονεμβασιά (Monemvasia),2026-09-19 09:52,86,109
L52419134,GR,GR-L,GR-L-66,37.4854827,25.3440618,Μονοπάτι Προφ. Ηλία (Profitis Ilias trail),2026-06-07 11:02,13,1
L4019357,GR,GR-J,GR-J-43,37.0691493,22.3759747,Μυστράς (Mystras),2026-09-22 12:41,92,60
L9142880,GR,GR-A,GR-A-06,41.2416636,24.9007593,"Μύκη Ξάνθης (Myki, Xanthi)",2022-08-26 11:29,62,15
L9586585,GR,GR-K,GR-K-55,39.879682,25.0632105,Μύρινα Λήμνου (Myrina town),2026-07-26 00:25,46,22
L26820794,GR,GR-K,GR-K-55,39.8223401,25.3202585,ΝΑ Χερσόνησος Λήμνου (Lemnos SE peninsula),2026-08-30 17:30,37,11
L27000644,GR,GR-L,GR-L-68,37.1237858,25.2387156,Νάουσα Πάρου (Naousa town),2026-09-18 18:10,51,40
L4633610,GR,GR-G,GR-G-38,38.6101807,21.4421421,Νέα Αβόρανη (Nea Avorani),2026-01-06 21:00,66,13
L51188095,GR,GR-A,GR-A-03,41.578912,26.5312218,Νέα Βύσσα και πέριξ (Nea Vyssa and surroundings),2025-10-11 10:06,9,1
L3163387,GR,GR-J,GR-J-41,37.5866225,22.7335024,Νέα Κίος--Εσωτερικά Έλη (Nea Kios--Marshes),2026-04-19 18:35,158,81
L5884571,GR,GR-J,GR-J-41,37.5904312,22.7682638,Νέα Κίος--Παραλιακός Υγρότοπος (Nea Kios--Saltflats),2026-09-23 14:39,206,324
L19383605,GR,GR-M,GR-M-74,35.3961169,23.8488398,Νέα Ρούματα Χανίων (Nea Roumata vilage),2025-10-26 07:15,13,1
L4842058,GR,GR-E,GR-E-25,39.1388979,23.6456836,"Νέο Κλήμα Σκοπέλου (Neo Klima village, Skopelos)",2025-09-25 12:57,38,11
L20411826,GR,GR-B,GR-B-13,40.0926267,23.7865739,Νέος Μαρμαράς (Neos Marmaras village),2026-09-26 14:00,42,6
L36115665,GR,GR-K,GR-K-55,39.51859,25.01052,Νήσος Άγιος Ευστράτιος (Agios Efstratios island),2024-08-29 09:00,41,3
L25800769,GR,GR-L,GR-L-67,36.9409355,25.608454,Νήσος Άνω Κουφονήσι (Ano Koufonisi island),2026-07-12 10:56,25,5
L19991433,GR,GR-L,GR-L-60,36.7253587,25.329073,"Νήσος Ίος* (Ios island, use more precise loc.)",2026-07-16 10:00,38,10
L17387451,GR,GR-I,GR-I-52,37.3382345,23.4657091,"Νήσος Ύδρα* (Hydra island, use more precise loc.)",2026-09-21 15:27,83,87
L50367135,GR,GR-I,GR-I-52,37.69497,23.34849,"Νήσος Αγκίστρι* (Agkistri island, use more precise loc.)",2026-08-19 10:58,18,6
L25032845,GR,GR-B,GR-B-13,40.333907,23.920457,Νήσος Αμμουλιανή (Ammouliani island),2023-08-23 08:18,19,2
L2503121,GR,GR-L,GR-L-67,36.85982,25.93335,"Νήσος Αμοργός* (Amorgos island, use more precise loc.)",2026-09-09 17:45,90,72
L60753358,GR,GR-L,GR-L-60,36.370721,25.776956,Νήσος Ανάφη (Anafi island)
L44299709,GR,GR-L,GR-L-65,36.785976,24.244055,Νήσος Αντίμηλος (Antimilos island),2025-05-06 08:10,17,1
L15787270,GR,GR-L,GR-L-68,37.000037,25.0496742,Νήσος Αντίπαρος (Antiparos island),2026-09-03 04:20,45,9
L10155863,GR,GR-M,GR-M-74,34.8450875,24.0836714,Νήσος Γαύδος (Gavdos island),2026-09-10 10:18,135,83
L31685313,GR,GR-E,GR-E-25,39.390134,24.171848,Νήσος Γιούρα (Gioura island),2024-09-05 13:54,11,4
L17732945,GR,GR-L,GR-L-64,36.6650416,27.1209956,Νήσος Γυαλί (Yali island),2024-04-28 10:20,10,3
L10404295,GR,GR-L,GR-L-66,37.3938283,25.2705471,Νήσος Δήλος (Dilos island),2026-09-27 10:40,75,109
L25540214,GR,GR-L,GR-L-68,36.9609821,24.9964445,Νήσος Δεσποτικό (Despotiko island),2026-07-03 13:12,10,2
L30375970,GR,GR-B,GR-B-13,40.2144783,23.7811164,Νήσος Διάπορος (Diaporos island),2026-09-19 12:00,37,11
L32894941,GR,GR-L,GR-L-67,37.1066045,25.8120638,Νήσος Δονούσα (Donousa island),2026-08-06 12:00,37,27
L55221082,GR,GR-F,GR-F-32,39.8875815,19.5841509,Νήσος Ερεικούσα (Ereikousa island),2025-09-06 00:00,2,1
L4909604,GR,GR-F,GR-F-33,37.7942107,20.7624006,"Νήσος Ζάκυνθος* (Zakynthos island, use more prec. location)",2026-09-19 11:00,109,18
L11500152,GR,GR-L,GR-L-67,36.8374319,25.4537394,Νήσος Ηρακλειά (Iraklia island),2025-09-23 13:30,39,13
L25238129,GR,GR-F,GR-F-34,38.4061684,20.677427,"Νήσος Ιθάκη* (Ithaca island, use more precise loc.)",2026-09-18 07:57,65,89
L16336199,GR,GR-F,GR-F-36,38.6266124,20.9231932,Νήσος Κάλαμος (Kalamos island),2023-09-06 07:00,17,6
L4071914,GR,GR-L,GR-L-61,36.9797166,26.9795181,"Νήσος Κάλυμνος* (Kalymnos island, use more precise loc.)",2026-08-04 11:00,90,91
L8237582,GR,GR-L,GR-L-63,37.6222403,24.3329886,"Νήσος Κέα* (Kea Island, use more precise loc.)",2026-08-08 17:00,78,35
L56260069,GR,GR-L,GR-L-67,36.8906382,25.6507685,Νήσος Κέρος (Keros island),2025-12-20 09:15,2,2
L24328833,GR,GR-L,GR-L-65,36.8041807,24.5596054,Νήσος Κίμωλος (Kimolos island),2026-09-15 13:40,44,11
L21405933,GR,GR-L,GR-L-69,36.1417388,29.5825888,Νήσος Καστελλόριζο (Kastellorizo island),2026-02-08 06:59,106,92
L3000570,GR,GR-F,GR-F-35,38.1921434,20.5951309,"Νήσος Κεφαλονιά* (Cephalonia island, use more precise loc.)",2026-07-09 09:02,114,23
L12180077,GR,GR-E,GR-E-25,39.3186562,24.0774624,Νήσος Κυρά Παναγιά (Kyra Panagia island),2024-09-05 11:57,28,6
L12275709,GR,GR-I,GR-I-52,36.2398041,22.9743402,"Νήσος Κύθηρα* (Kythira island, use more precise loc.)",2026-09-03 19:40,94,23
L9688077,GR,GR-L,GR-L-63,37.3889524,24.4223886,"Νήσος Κύθνος* (Kythnos Island, use more precise loc.)",2026-08-18 11:00,58,44
L2785077,GR,GR-L,GR-L-61,37.149645,26.838398,"Νήσος Λέρος* (Leros island, use more precise loc.)",2026-09-15 09:19,66,25
L2785118,GR,GR-L,GR-L-61,37.2997291,26.7602921,Νήσος Λειψοί (Lipsi island),2025-05-23 06:45,92,31
L16336326,GR,GR-F,GR-F-36,38.6535569,20.7715646,Νήσος Μεγανήσι (Meganisi island),2026-09-14 21:09,48,15
L72121705,GR,GR-I,GR-I-52,37.6926048,23.4368637,"Νήσος Μονή Αίγινας (Moni island, Aigina)",2026-08-20 14:05,13,1
L17525161,GR,GR-L,GR-L-64,36.5865691,27.167151,Νήσος Νίσυρος (Nisiros island),2026-09-12 06:47,61,32
L55234549,GR,GR-K,GR-K-57,38.5203934,26.2254047,Νήσος Οινούσσες (Oinousses island),2025-11-18 15:30,23,1
L2785128,GR,GR-L,GR-L-61,37.3279901,26.5411663,Νήσος Πάτμος (Patmos island),2026-09-16 15:17,78,74
L24399760,GR,GR-E,GR-E-24,39.1594006,23.0788868,Νήσος Παλαιό Τρίκερι (Palaio Trikeri island),2023-05-16 09:00,17,2
L27334897,GR,GR-F,GR-F-32,39.2044403,20.1636829,Νήσος Παξοί (Paxoi island),2026-09-26 16:04,124,113
L12803043,GR,GR-E,GR-E-25,39.199907,23.9820856,Νήσος Περιστέρα (Peristera islet),2024-09-09 10:38,11,3
L32014694,GR,GR-L,GR-L-65,36.7675803,24.6337254,Νήσος Πολύαιγος (Polyaigos island),2026-06-24 12:29,26,10
L34341154,GR,GR-J,GR-J-44,37.051957,21.551112,Νήσος Πρώτη (Proti Islet),2025-10-26 08:08,9,4
L42562573,GR,GR-I,GR-I-52,37.5196606,23.4750033,"Νήσος Πόρος* (Poros island, use more precise loc.)",2026-04-01 13:18,61,19
L20542801,GR,GR-L,GR-L-65,37.1598885,24.48165,"Νήσος Σέριφος* (Serifos Island, use more precise loc.)",2025-11-27 15:36,84,16
L56260013,GR,GR-L,GR-L-60,36.683273,25.1179138,Νήσος Σίκινος (Sikinos island),2025-12-19 13:22,1,2
L16746712,GR,GR-L,GR-L-65,36.9522459,24.7154442,"Νήσος Σίφνος* (Sifnos island, use more precise loc.)",2026-09-11 12:05,73,47
L7458073,GR,GR-A,GR-A-03,40.4577889,25.5881453,"Νήσος Σαμοθράκη (Samothraki Island*, use more precise loc.)",2026-07-13 14:00,97,14
L29700865,GR,GR-L,GR-L-62,35.8606912,27.2186669,Νήσος Σαρία (Saria island),1964-03-14 00:00,1,0
L12803152,GR,GR-E,GR-E-25,39.076768,24.1115077,Νήσος Σκάντζουρα (Skantzoura island),2024-09-06 11:06,19,7
L5083320,GR,GR-H,GR-H-29,38.8434513,24.5750427,"Νήσος Σκύρος* (Skiros Island, use more precise loc.)",2026-09-21 15:40,133,59
L17387463,GR,GR-I,GR-I-52,37.2585344,23.1375503,"Νήσος Σπέτσες* (Spetses island, use more precise loc.)",2026-09-20 13:44,50,19
L28895204,GR,GR-L,GR-L-69,36.5989019,27.8301363,Νήσος Σύμη (Symi island),2026-07-09 12:00,68,25
L20151339,GR,GR-L,GR-L-58,37.4278897,24.91704,"Νήσος Σύρος* (Syros island, use more presice loc.)",2026-09-25 18:00,76,32
L18081957,GR,GR-L,GR-L-61,37.0071346,26.9107121,Νήσος Τέλενδος (Telendos island),2026-09-13 13:15,19,5
L7744549,GR,GR-L,GR-L-69,36.4220194,27.3739673,Νήσος Τήλος (Tilos island),2026-09-17 11:08,73,37
L35137892,GR,GR-L,GR-L-60,36.6208214,24.9113708,"Νήσος Φολέγανδρος* (Folegandros island, use more precise loc.)",2026-09-15 11:49,69,70
L23695032,GR,GR-K,GR-K-54,37.5770356,26.4830523,Νήσος Φούρνοι (Fournoi island),2025-03-25 08:30,50,5
L5912328,GR,GR-L,GR-L-69,36.2285888,27.5686564,Νήσος Χάλκη (Halki island),2026-09-15 13:18,58,1
L6536425,GR,GR-K,GR-K-57,38.5658311,25.5845232,Νήσος Ψαρά (Psara island),2026-07-24 14:50,85,26
L6448836,GR,GR-I,GR-I-52,37.7496481,23.4242121,"Ναός Απόλλωνα Αίγινας (Temple of Apollo, Aegina)",2026-07-02 11:33,41,26
L6448828,GR,GR-I,GR-I-52,37.7539179,23.5338413,"Ναός Αφαίας Αίγινας (Temple of Aphaia, Aegina)",2026-06-01 11:16,36,23
L37631165,GR,GR-J,GR-J-43,36.510567,23.062068,"Νεάπολη Βοιών (Neapoli, Voies)",2025-10-25 12:45,40,15
L77359906,GR,GR-C,GR-C-16,40.41644,21.05731,Νεστόριο (Nestorio village),2026-09-18 17:10,29,1
L25247718,GR,GR-M,GR-M-74,35.5360316,23.9301139,Νησίδα Άγ. Θεόδωοροι Χανίων (Agioi Theodoroi islet),2026-07-05 08:05,21,11
L26522076,GR,GR-I,GR-I-52,37.4787206,23.9237945,Νησίδα Άγιος Γεώργιος (Agios Georgios islet),2023-08-08 16:00,6,3
L36566016,GR,GR-F,GR-F-33,37.8201717,20.6205034,Νησίδα Αγίου Ιωάννη Ζακύνθου (Agios Ioannis islet),2026-09-02 15:59,7,1
L24006793,GR,GR-H,GR-H-29,38.82205,24.49552,"Νησίδα Βάλαξα Σκύρου (Valaxa islet, Skyros)",2023-05-03 12:10,2,0
L9726339,GR,GR-K,GR-K-57,38.1255349,26.0157617,Νησίδα Βενέτικο Χίου (Venetiko islet),2026-08-01 16:44,4,2
L36370367,GR,GR-E,GR-E-25,39.3417857,24.1384806,Νησίδα Γραμμέζα (Grammeza islet),2024-09-05 13:26,5,1
L15900065,GR,GR-M,GR-M-71,35.44795,25.22154,Νησίδα Δία Ηρακλείου (Dia islet),2026-07-16 10:30,17,11
L11537703,GR,GR-M,GR-M-72,35.3466356,26.1786976,Νησίδα Δραγονάδα (Dragonada islet),2023-04-23 11:05,24,0
L56259866,GR,GR-L,GR-L-60,36.6295612,25.0167274,Νησίδα Καρδιώτισσα (Kardiotissa islet),2025-12-19 12:48,2,2
L23868640,GR,GR-M,GR-M-72,34.9381,26.13959,Νησίδα Κουφονήσι Λασιθίου (Koufonisi islet),2023-04-26 09:33,2,1
L60102751,GR,GR-I,GR-I-52,37.701916,23.261052,Νησίδα Κυρά (Kyra islet),2026-04-03 11:27,9,3
L24142233,GR,GR-H,GR-H-29,39.003545,24.483833,"Νησίδα Μέσα Πόδια Σκύρου (Mesa Podia islet, Skyros)",2023-05-08 11:06,5,0
L49832635,GR,GR-H,GR-H-29,37.9365186,24.5203939,Νησίδα Μανδηλού (Mandilou islet),2026-05-28 08:55,9,2
L50123619,GR,GR-I,GR-I-52,37.7236959,23.3827725,Νησίδα Μετώπη (Metopi islet),2026-07-05 14:11,6,2
L6241154,GR,GR-L,GR-L-60,36.4020107,25.3954983,Νησίδα Νέα Καμένη (Nea Kameni islet),2026-08-24 10:29,31,27
L6241158,GR,GR-L,GR-L-60,36.3980027,25.3795378,Νησίδα Παλαιά Καμένη (Palea Kameni islet),2026-07-22 18:54,18,10
L11563833,GR,GR-M,GR-M-72,35.37727,26.17409,Νησίδα Παξιμάδα (Paximada islet),2026-06-07 12:55,38,0
L31685205,GR,GR-E,GR-E-25,39.353591,24.121014,Νησίδα Παππούς (Pappous islet),2024-07-23 14:52,9,3
L56123233,GR,GR-L,GR-L-61,36.55513,26.22756,Νησίδα Ποντικούσα (Pontikousa islet),2025-12-20 11:13,2,2
L1236714,GR,GR-M,GR-M-72,35.2967735,25.7379627,Νησίδα Σπιναλόγκα (Spinalonga islet),2026-09-18 14:44,39,17
L68229344,GR,GR-L,GR-L-66,37.4511584,25.4841727,Νησίδα Τραγονήσι (Tragonisi islet),2026-05-14 08:56,4,0
L56259966,GR,GR-L,GR-L-60,36.2501174,25.2025088,Νησίδα Χριστιανά (Christiana islet),2025-12-18 16:28,3,2
L25984849,GR,GR-M,GR-M-72,34.8719293,25.7057754,Νησίδα Χρυσή (Chrysi islet),2026-09-19 21:00,67,12
L29820642,GR,GR-I,GR-I-49,38.1855208,24.0977897,Νησίδες Βερδούγια (Verdougia Islets),2024-03-12 18:25,2,0
L60102656,GR,GR-I,GR-I-52,37.814624,23.255166,Νησίδες Διαπόρια (Diaporia islets),2026-03-12 13:33,14,2
L49211987,GR,GR-I,GR-I-52,37.8162238,23.4593,Νησίδες Λαγούσες (Lagouses islets),2026-09-06 07:40,22,39
L11822362,GR,GR-H,GR-H-29,38.8162086,22.8196729,Νησίδες Λιχαδονήσια (Lichadonisia islets),2026-08-12 10:25,47,19
L56259773,GR,GR-L,GR-L-67,37.0832594,25.6970546,Νησίδες Μάκαρες (Makares islets),2026-05-15 10:00,19,8
L62154567,GR,GR-H,GR-H-29,38.0339327,24.2711347,Νησίδες Πεταλιοί (Petalioi islets complex),2026-04-07 09:18,7,2
L21303795,GR,GR-C,GR-C-17,40.6445303,21.4939588,Νυμφαίο (Nymfaio village),2026-07-07 12:40,38,8
L19135569,GR,GR-A,GR-A-01,41.0949363,25.2115031,Νότεια Πλημμυρική ζώνη Κομψάτου (Kompsatos River Floodplains--South),2026-05-21 08:52,93,20
L75804316,GR,GR-H,GR-H-30,38.9749851,21.6273149,Νότια Άγραφα--Φραγκίστα προς Κερασοχώρι (South Agrafa Mts--Fragista to Kerasochori),2026-08-20 09:25,26,4
L11958402,GR,GR-E,GR-E-25,39.152546,23.85839,Νότια Αλόννησος (Southern Alonissos island),2026-09-09 18:00,131,62
L3914431,GR,GR-D,GR-D-20,39.5358872,20.1556557,Νότιο Δέλτα Καλαμά (Kalamas Delta--South),2026-08-14 00:00,131,28
L57933725,GR,GR-D,GR-D-18,39.591899,21.1055395,Νότιο όρος Λάκμος (Mt. Lakmos--South),2026-06-07 22:52,25,1
L44134699,GR,GR-E,GR-E-25,39.1773864,23.5091864,"Ξαμένος Σκιάθου (Xamenos, Skiathos)",2026-08-02 13:35,25,5
L54835785,GR,GR-B,GR-B-08,40.4652259,22.0622915,Ξηρολίβαδο--Δάσος Πηγαδίτσας (Xirolivado--Pigaditsa black pine forest),2026-09-06 21:30,54,9
L7878890,GR,GR-K,GR-K-54,37.5915351,26.2525528,Ξυλοσύρτης Ικαρίας (Xilosirtis village),2023-07-05 16:20,10,3
L26283735,GR,GR-J,GR-J-42,38.0773076,22.6324388,Ξυλόκαστρο (Xylokastro Town),2026-05-14 00:00,30,5
L9780038,GR,GR-L,GR-L-60,36.4606571,25.3731984,Οία Σαντορίνης (Oia village),2026-09-15 08:03,71,121
L46588741,GR,GR-I,GR-I-52,37.9001011,23.4778891,"Οικισμός & ελαιώνες Περανίου Σαλαμίνας (Perani village & olive groves, Salamis)",2026-04-18 18:36,17,4
L60175053,GR,GR-D,GR-D-20,39.4472194,20.2794194,Οικισμός & κάμπος Πλαταριάς (Plataria village & fields),2026-07-20 08:50,16,25
L9121640,GR,GR-I,GR-I-52,37.8904491,23.4783021,"Οικισμός & πευκοδάσος Μαρουδίου Σαλαμίνας  (Maroudi village & pine forest, Salamis)",2026-08-03 00:00,84,79
L45473807,GR,GR-K,GR-K-53,39.2326264,26.2070072,Οικισμός Καλλονής (Kalloni village),2026-09-22 14:05,53,23
L55976195,GR,GR-I,GR-I-52,37.920968,23.4521344,"Οκισμός & πευκοδάσος Αιαντείου Σαλαμίνας  (Aianteio village & pine forest, Salamis)",2025-12-14 10:16,23,2
L2783684,GR,GR-B,GR-B-11,40.2391778,22.5858307,"Ολυμπιακή Ακτή Κατερίνης (Olympic beach, Katerini)",2026-09-25 07:32,89,36
L4377741,GR,GR-I,GR-I-49,38.1172717,23.7701654,Ολυμπιακό Χωριό (Olimpiako Chorio),2025-10-05 10:30,79,149
L4488590,GR,GR-I,GR-I-52,35.864365,23.3070767,Ορνιθολογικός Σταθμός Αντικυθήρων (Antikythira Bird Observatory),2026-09-27 18:17,229,2197
L18689261,GR,GR-H,GR-H-29,38.7995902,24.6464067,"Οροπέδιο Άρη Σκύρου (Aris plateau, Skyros)",2023-06-25 12:35,49,4
L12940324,GR,GR-H,GR-H-29,38.6429194,24.041137,Οροπέδιο Βρωμόνερα (Vromonera plateau),2026-04-19 15:00,42,4
L2279088,GR,GR-H,GR-H-27,39.0595881,22.2551215,Οροπέδιο Δομοκού & λεκάνη Ξυνιάδας (Domokos plateau & Xyniada basin),2026-08-09 12:51,143,370
L60323503,GR,GR-K,GR-K-54,37.5804149,26.1139076,Οροπέδιο Ζιζόκαμπου (Zizokampos plateau),2026-09-19 08:34,33,6
L1240310,GR,GR-M,GR-M-72,35.1819463,25.4659653,Οροπέδιο Λασιθίου (Lasithi Plateau),2026-08-26 12:55,137,88
L23486099,GR,GR-J,GR-J-40,37.618563,22.458898,Οροπέδιο Νεστάνης (Nestani Plateau),2026-07-28 11:58,32,8
L7559885,GR,GR-H,GR-H-28,38.193562,23.5519765,Οροπέδιο Σκούρτων (Skourta Plateau),2026-06-03 07:51,78,22
L5611701,GR,GR-J,GR-J-42,37.9093934,22.3148468,Οροπέδιο Φενεού (Feneos Plateau),2025-05-02 09:35,43,5
L72167150,GR,GR-I,GR-I-52,37.6886159,23.4553631,"Οχυρά Πέρδικας (Perdika Bunkers, Aigina)",2025-01-04 15:30,10,2
L16041579,GR,GR-M,GR-M-73,35.4179328,24.6909161,Πάνορμος Ρεθύμνου (Panormos village),2026-08-09 20:30,57,9
L3934932,GR,GR-D,GR-D-21,39.2860301,20.4012953,Πάργα (Parga town),2026-05-09 10:49,94,52
L25531806,GR,GR-I,GR-I-51,37.9423776,23.6157,Πάρκο & ακτή Δραπετσώνας (Drapetsona park & coast),2026-07-15 19:45,75,45
L12343669,GR,GR-B,GR-B-07,40.4959328,22.9234098,Πάρκο Άνω Περαίας (Ano Peraia park),2026-09-19 10:30,57,18
L12308252,GR,GR-J,GR-J-40,37.5125786,22.3771593,"Πάρκο Άρεως Τρίπολης (Areos Park, Tripoli)",2025-01-03 12:45,25,7
L21242881,GR,GR-E,GR-E-24,39.3568155,22.9537439,Πάρκο Αγ. Κωνσταντίνου--Παραλιακή Βόλου (Agios Konstantinos park--Volos seafront),2026-09-14 12:27,61,58
L12180258,GR,GR-A,GR-A-02,41.149531,24.141294,"Πάρκο Αγίας Βαρβάρας Δράμας (Agia Varvara Park, Drama)",2026-07-19 09:30,44,15
L30475858,GR,GR-I,GR-I-45,38.0218195,23.74695,"Πάρκο Αγίου Ανδρέα Λαμπρινής (Agios Andreas park, Lamprini)",2024-04-23 19:00,17,3
L18877296,GR,GR-B,GR-B-08,40.6116809,22.0453025,"Πάρκο Αγίου Νικολάου Νάουσας (Agios Nikolaos Park, Naousa)",2026-04-18 09:27,49,12
L30502334,GR,GR-I,GR-I-45,37.9931581,23.7067631,Πάρκο Ακαδημίας Πλάτωνος (Plato's Academy park),2026-09-12 08:40,41,12
L16720772,GR,GR-E,GR-E-22,39.6446292,22.4124295,Πάρκο Αλκαζάρ (Alkazar park),2026-09-17 19:27,107,148
L23552709,GR,GR-A,GR-A-03,40.8604665,25.8751631,"Πάρκο Αλτιναλμάζη Αλεξανδρούπολης (Altinalmazi Park, Alexandroupolis)",2024-07-21 17:20,62,10
L19979078,GR,GR-I,GR-I-51,37.9669706,23.6297035,Πάρκο Ανδρέα Παπανδρέου (Andreas Papandreou park),2026-09-27 09:30,87,607
L15068355,GR,GR-K,GR-K-53,39.2065094,25.9004363,Πάρκο Απολιθωμένου Δάσους (Petrified Forest Park),2026-09-24 08:49,108,102
L22834550,GR,GR-I,GR-I-48,37.9323667,23.7224172,Πάρκο Ασυρμάτου (Asyrmatos park),2026-04-17 12:19,55,49
L57269635,GR,GR-I,GR-I-46,38.030587,23.825207,"Πάρκο Αττικής Οδού Βριλησσίων (Attiki Odos park, Vrilissia)",2026-01-19 09:34,19,2
L9019699,GR,GR-M,GR-M-71,35.3362034,25.138135,Πάρκο Γεωργιάδη (Georgiadis park),2026-09-25 10:30,29,22
L27582274,GR,GR-G,GR-G-37,38.248797,21.745766,Πάρκο Δασυλλίου (Dasyllio park),2026-07-20 20:17,22,4
L48564239,GR,GR-M,GR-M-74,35.5295065,24.0577144,Πάρκο Διάσωσης Χλωρίδας & Πανίδας Χανίων (Flora & Fauna Preservation park),2026-06-12 19:00,19,3
L64656572,GR,GR-I,GR-I-45,38.0204749,23.7364233,Πάρκο Δρακόπουλου (Drakopoulos park),2026-05-25 18:00,22,3
L57010466,GR,GR-M,GR-M-74,35.511435,24.0257263,Πάρκο Ειρήνης & Φιλίας Χανίων (Peace & Friendship park),2026-06-21 14:22,14,3
L29397006,GR,GR-I,GR-I-45,37.9802476,23.7532221,Πάρκο Ελευθερίας (Eleftherias Park),2026-09-17 16:36,32,17
L26316127,GR,GR-I,GR-I-45,37.976944,23.748265,Πάρκο Ευαγγελισμού (Evangelismos park),2026-07-09 07:16,22,5
L10426589,GR,GR-H,GR-H-29,38.4560987,23.6093717,"Πάρκο Λαού Χαλκίδας (People's park, Chalkis)",2025-09-06 09:27,27,4
L71473442,GR,GR-I,GR-I-46,38.0376306,23.8364965,"Πάρκο Μ. Θεοδωράκης Βριλησσίων (M. Theodorakis park, Vrilissia)",2026-06-30 19:01,20,2
L57521017,GR,GR-I,GR-I-49,38.005343,23.8567003,"Πάρκο Μαβίλη Γέρακα (Mavili park, Gerakas)",2026-05-06 12:35,43,28
L19714423,GR,GR-E,GR-E-22,39.6148657,22.3923079,Πάρκο Μεζούρλο (Mezourlo park),2025-09-13 16:00,74,36
L32359360,GR,GR-F,GR-F-32,39.6051187,19.9244734,Πάρκο Μον Ρεπό (Mon Repos park),2026-07-13 13:28,36,23
L14414587,GR,GR-I,GR-I-48,37.9487091,23.710438,Πάρκο Ν.Σμύρνης - Nea Smyrni Park,2026-09-23 09:45,28,3
L53309650,GR,GR-A,GR-A-03,41.5035903,26.536288,Πάρκο Ορεστιάδας (Orestiada Park),2026-04-28 22:30,60,24
L14786293,GR,GR-I,GR-I-48,37.9341082,23.7087465,Πάρκο Παμφυλίας (Pamfilias Park),2026-06-09 17:11,36,18
L14280975,GR,GR-E,GR-E-23,39.364943,21.927976,Πάρκο Παυσίλυπο (Pafsilipo park),2026-04-03 18:45,43,36
L13267221,GR,GR-D,GR-D-18,39.640268,20.853871,Πάρκο Πυρσινέλλα (Pirsinella park),2024-11-08 07:15,73,35
L57778265,GR,GR-I,GR-I-46,38.0434079,23.8317538,"Πάρκο Ρεματιάς Βριλησσίων (Rematia park, Vrilissia)",2026-09-21 08:24,52,122
L8705582,GR,GR-I,GR-I-45,37.9756903,23.7473224,Πάρκο Ριζάρη (Rizari park),2026-09-20 08:32,35,29
L10276028,GR,GR-L,GR-L-69,36.4253153,28.2186345,Πάρκο Ροδίνι (Rodini park),2026-06-30 06:44,72,45
L44951528,GR,GR-I,GR-I-51,37.9417057,23.6644408,Πάρκο ΣΕΦ (Peace & Friendship Stadium park),2026-09-25 18:05,121,257
L7586363,GR,GR-I,GR-I-45,37.9651573,23.7615802,Πάρκο Σκοπευτηρίου Καισαριανής (Kaisariani Shooting Range park),2026-06-10 08:02,56,36
L5197067,GR,GR-I,GR-I-48,37.9421499,23.6932397,Πάρκο Σταύρος Νιάρχος (Stavros Niarchos park),2026-09-23 20:55,116,331
L21563824,GR,GR-H,GR-H-29,38.4510177,23.589524,Πάρκο Υψηλής Γέφυρας Ευρίπου (Evripos High Bridge park),2026-06-25 00:00,8,1
L65032664,GR,GR-I,GR-I-46,38.04505,23.83992,"Πάρκο πρώην Ναυτικής Βάσης Βριλησσίων (Former Naval Base park, Vrilissia)",2026-05-18 20:16,20,4
L18492104,GR,GR-B,GR-B-07,40.6224872,22.9553962,"Πάρκο “Πεδίον του Άρεως” Θεσσαλονίκης (Pedion Areos park, Thessaloniki)",2026-05-24 09:00,43,19
L32449331,GR,GR-A,GR-A-03,40.9156181,25.6358732,"Πέραμα Έβρου (Perama, Evros)",2026-06-20 15:50,98,13
L21913770,GR,GR-I,GR-I-49,37.7174872,23.9460586,Παλαιά Φώκαια (Palaia Fokea),2026-04-24 17:44,20,9
L23725020,GR,GR-F,GR-F-32,39.673912,19.717228,Παλαιοκαστρίτσα Κέρκυρας (Paleokastritsa settlement),2026-07-07 13:58,58,20
L47829899,GR,GR-I,GR-I-52,37.7407856,23.481673,"Παλαιοχώρα Αίγινας (Paleochora, Aegina)",2026-09-23 10:45,34,6
L4703739,GR,GR-H,GR-H-27,38.9827221,21.8993568,"Παλαιόκαστρο Ευρυτανίας (Palaiokastro village, Evrytania)",2023-11-18 14:30,34,13
L21261179,GR,GR-B,GR-B-11,39.992339,22.5706743,Παλαιός Παντελεήμονας (Palaios Panteleimonas village),2026-07-27 10:06,52,13
L7916014,GR,GR-M,GR-M-74,35.2265075,23.6787375,Παλαιόχωρα Χανίων (Palaiochora town),2026-09-13 12:07,83,20
L4017385,GR,GR-J,GR-J-41,37.5627284,22.8028107,Παλαμήδι και λιμάνι Ναυπλίου (Nafplio Castle and Harbour),2026-09-27 18:52,141,216
L11596820,GR,GR-M,GR-M-73,35.3719924,24.4711018,Παλιά Πόλη & Κάστρο Ρεθύμνου (Rethymno Old Town & Castle),2026-09-07 13:58,79,51
L6302503,GR,GR-A,GR-A-05,40.9343268,24.4154781,"Παλιά Πόλη και Λιμάνι Καβάλας (Kavala, Old Town and Port)",2026-09-16 19:23,104,36
L7395575,GR,GR-K,GR-K-53,39.1954753,25.8587072,"Παλιό τυροκομείο «Σανατόριο» Σιγρίου (Sigri old cheese factory ""Sanatorium"")",2026-05-17 11:35,144,183
L31053835,GR,GR-K,GR-K-53,39.2122867,26.1794563,Παλιός ταμιευτήρας Ποταμιάς (Potamia old reservoir),2026-09-25 15:45,109,97
L26175058,GR,GR-H,GR-H-27,38.8039653,22.4114656,"Παναγία Προυσιώτισα Βαρδατών (Panagia Prousiotisa, Vardates)",2023-07-24 18:00,5,0
L29221688,GR,GR-D,GR-D-18,39.6155828,20.8407385,Πανεπιστήμιο Ιωαννίνων (University of Ioannina),2026-08-19 09:00,29,8
L23197143,GR,GR-G,GR-G-37,38.2868776,21.7874108,Πανεπιστήμιο Πατρών (University of Patras),2025-05-23 11:50,46,11
L28137531,GR,GR-B,GR-B-07,40.6307213,22.9590805,Πανεπιστημιούπολη ΑΠΘ (Aristotle University of Thessaloniki campus),2026-04-06 17:26,64,72
L4435383,GR,GR-I,GR-I-45,37.9676134,23.7768388,Πανεπιστημιούπολη Αθηνών (Athens University Campus),2026-09-21 17:20,84,250
L13543249,GR,GR-B,GR-B-07,40.597767,23.0192167,"Πανόραμα Θεσσαλονίκης (Panorama, Thessaloniki)",2026-01-06 12:31,39,6
L56382679,GR,GR-J,GR-J-42,37.8860289,22.9935283,Παράκτιοι δενδρώνες Κεχριών (Kechries coastal groves),2026-01-04 13:12,29,2
L22191734,GR,GR-I,GR-I-49,37.6622217,23.9962083,Παράκτιος υγρότοπος Λεγρενών (Legrena wetland),2026-04-08 09:28,51,24
L13366186,GR,GR-J,GR-J-41,37.3639,23.232228,Παράλιος Υγρότοπος Ερμιόνης (Ermioni Saltflats),2026-08-25 17:37,68,16
L13366080,GR,GR-J,GR-J-41,37.413913,23.143739,Παράλιος Υγρότοπος Κρανιδίου (Kranidi Saltflats),2026-08-26 10:44,45,11
L57995490,GR,GR-G,GR-G-38,38.7989306,20.8624433,Παραθαλάσσιο έλος Παλαίρου (Palairos seafront marsh),2026-06-28 08:06,21,1
L8103512,GR,GR-L,GR-L-70,37.6278366,25.1433682,Παραλία & εκβολή Κολυμπήθρας (Kolybithra beach & estuary),2025-12-28 09:30,59,8
L17488886,GR,GR-M,GR-M-72,35.20489,26.27164,Παραλία & εκβολή Κουρεμένου (Kouremenos beach & estuary),2025-01-25 14:30,16,2
L6998562,GR,GR-K,GR-K-53,39.0878223,26.0741744,Παραλία & εκβολή Μάκαρα (Makara beach & estuary),2026-09-24 09:10,166,117
L23672163,GR,GR-L,GR-L-59,37.8360348,24.9403981,Παραλία & εκβολή Παραπορτίου (Paraporti beach & estuary),2026-09-05 16:25,58,22
L9688682,GR,GR-K,GR-K-53,39.1069967,25.9632037,Παραλία & εκβολή Χρούσου (Chrousos beach & estuary),2026-05-23 11:26,89,8
L15558691,GR,GR-M,GR-M-71,34.9986458,25.3855443,Παραλία & θαμνότοπος Κερατόκαμπου (Keratokampos beach & scrubland),2026-08-06 07:38,46,11
L3989342,GR,GR-M,GR-M-74,35.2718485,23.541137,Παραλία & νησίδα Ελαφονήσι (Elafonissi beach & islet),2026-09-22 11:08,120,73
L55705392,GR,GR-F,GR-F-32,39.5876472,19.914262,Παραλία & νησίδα Ποντικονήσι (Pontikonisi beach & islet),2026-05-31 17:06,31,1
L14206355,GR,GR-K,GR-K-53,39.1087936,25.9930684,Παραλία & οικισμός Ταβαρίου (Tavari beach & village),2026-05-23 13:42,75,18
L28970956,GR,GR-I,GR-I-52,37.9055807,23.4296269,"Παραλία & πευκοδάσος Κανακίων Σαλαμίνας (Kanakia beach & pine forest, Salamis)",2026-06-20 21:39,48,11
L18568541,GR,GR-H,GR-H-29,38.85735,24.5114,"Παραλία & πευκοδάσος Πεύκου Σκύρου (Pefkos beach & woodland, Skyros)",2026-08-14 14:28,13,1
L969220,GR,GR-M,GR-M-74,35.50105,23.69993,Παραλία & χωράφια Δραπανιά (Drapanias beach & fields),2026-09-15 15:06,38,1
L8428987,GR,GR-M,GR-M-73,35.1042529,24.5640605,Παραλία Άγιος Παύλος (Agios Pavlos beach),2026-09-18 00:00,46,5
L1121882,GR,GR-B,GR-B-07,40.7209,23.7088,Παραλία Ασπροβάλτας (Asprovalta beach),2024-10-22 16:23,108,30
L16888799,GR,GR-L,GR-L-69,36.2958704,28.1833318,Παραλία Αφάντου (Afantou beach),2026-09-27 11:00,129,71
L18323212,GR,GR-I,GR-I-49,37.8216703,23.8141937,Παραλία Βάρκιζας (Varkiza beach),2026-08-21 18:30,50,14
L9124101,GR,GR-K,GR-K-53,39.0192097,26.1997085,Παραλία Βατερά (Vatera beach),2026-05-10 13:18,127,40
L16452982,GR,GR-L,GR-L-69,36.0170864,27.9267964,Παραλία Γεννάδι (Gennadi beach),2026-05-07 14:01,73,28
L34518249,GR,GR-B,GR-B-13,40.2712655,23.4465933,Παραλία Γερακινής (Gerakini beach),2026-07-28 12:41,67,25
L26336695,GR,GR-B,GR-B-13,39.9743668,23.6700196,Παραλία Γλαρόκαβου (Glarokavos beach),2025-12-13 14:35,35,6
L41490509,GR,GR-L,GR-L-61,37.1518341,26.8293858,"Παραλία Γούρνα Λέρου (Gourna beach, Leros)",2026-06-24 12:33,17,1
L48138683,GR,GR-L,GR-L-64,36.8585548,27.3516774,Παραλία Δήμητρα (Dimitra beach),2025-06-28 12:15,29,12
L72060976,GR,GR-J,GR-J-44,37.3714078,21.6853547,Παραλία Ελαίας (Elaia beach)
L18941189,GR,GR-M,GR-M-73,35.35113,24.33399,Παραλία Επισκοπής (Episkopi beach),2026-05-08 11:48,23,6
L2797188,GR,GR-B,GR-B-13,40.4006208,23.8806725,Παραλία Ιερισσού (Ierissos beach),2026-09-11 19:32,38,4
L31059137,GR,GR-L,GR-L-69,36.1306905,28.0708251,Παραλία Κάλαθος (Kalathos beach),2026-07-20 08:49,97,34
L29149270,GR,GR-K,GR-K-53,39.2779291,25.9951157,Παραλία Κάμπος (Kampos beach),2026-05-19 11:52,68,5
L19321278,GR,GR-M,GR-M-74,35.55507,24.08722,Παραλία Καλαθά (Kalathas beach),2026-09-19 15:45,13,4
L6810446,GR,GR-J,GR-J-44,37.024484,22.0878839,Παραλία Καλαμάτας (Kalamata Beach),2026-04-24 07:30,49,13
L20349455,GR,GR-B,GR-B-13,39.9900955,23.9904455,Παραλία Καλαμίτσι (Kalamitsi beach),2026-07-11 05:42,8,0
L49491338,GR,GR-L,GR-L-69,36.3789511,28.2382616,Παραλία Καλλιθέας (Kallithea beach),2026-09-02 13:47,16,2
L23752309,GR,GR-F,GR-F-32,39.3729394,20.0705554,Παραλία Κανούλι (Kanouli beach),2021-08-30 00:00,2,0
L1123184,GR,GR-B,GR-B-11,40.2677,22.5962,"Παραλία Κατερίνης (Paralia beach, Katerini)",2026-09-03 09:31,93,36
L7923992,GR,GR-H,GR-H-29,37.9957683,24.38662,"Παραλία Κατσούλι Καρύστου (Katsouli Beach, Karystos)",2024-09-08 09:43,23,3
L76345935,GR,GR-L,GR-L-69,36.0465344,27.9538756,Παραλία Κιοταρίου (Kiotari beach),2026-09-05 12:26,26,8
L61254510,GR,GR-J,GR-J-44,36.8006159,21.7403577,Παραλία Λάμπες & παράκτιοι θαμνότοποι (Lampes beach & coastal scrubland),2026-03-29 11:20,20,5
L12300661,GR,GR-F,GR-F-33,37.7320428,20.8828414,Παραλία Λαγανά (Laganas beach),2026-04-08 17:26,73,14
L7844378,GR,GR-H,GR-H-29,38.47241,23.61968,"Παραλία Λιανή Άμμος Χαλκίδας (Liani Ammos beach, Chalkis)",2026-09-03 18:30,53,75
L73035943,GR,GR-K,GR-K-54,37.630769,26.090694,Παραλία Λιβάδι (Livadi beach),2026-07-10 18:54,7,2
L49417639,GR,GR-K,GR-K-56,37.7945804,26.9848662,Παραλία Λιβαδάκι (Livadaki beach),2026-04-27 14:30,28,5
L38998085,GR,GR-I,GR-I-50,38.025173,23.464376,Παραλία Λουτρόπυργου (Loutropirgos beach),2025-12-31 11:05,19,3
L18515680,GR,GR-L,GR-L-69,36.1518746,28.0805171,Παραλία Μάσσαρη & εκβολή Γαδουρά (Massari beach & Gadouras estuary),2026-09-20 18:59,132,100
L23399526,GR,GR-L,GR-L-65,36.7508395,24.4463557,Παραλία Μανδράκια (Mandrakia beach),2026-06-12 08:40,13,4
L10358849,GR,GR-I,GR-I-49,38.0107567,24.0188582,Παραλία Μαρίκες (Marikes beach),2026-08-21 17:15,27,11
L23267096,GR,GR-I,GR-I-49,37.7340537,23.9016218,Παραλία Μαύρο Λιθάρι (Mavro Lithari beach),2026-05-19 09:43,33,23
L1120178,GR,GR-E,GR-E-25,39.1598784,23.4748535,"Παραλία Μεγάλη Άμμος Σκιάθου (Megali Ammos beach, Skiathos)",2026-07-13 11:00,25,8
L69819957,GR,GR-E,GR-E-24,39.259869,23.296301,Παραλία Μελανή (Melani beach),2026-06-11 13:03,8,1
L36630684,GR,GR-L,GR-L-66,37.47112,25.42858,Παραλία Μερχιάς (Merchias beach),2026-09-21 15:40,84,47
L16436341,GR,GR-B,GR-B-13,40.2320915,23.6042634,Παραλία Μεταμόρφωσης (Metamorfosi beach),2026-09-24 09:30,68,10
L42012801,GR,GR-L,GR-L-60,36.4139124,25.4812624,Παραλία Μονόλιθος (Monolithos beach),2026-08-10 15:39,8,2
L19100202,GR,GR-M,GR-M-74,35.5826739,23.5927058,Παραλία Μπάλος (Balos beach),2026-09-19 18:46,68,28
L35192307,GR,GR-H,GR-H-29,37.9646592,24.4769725,"Παραλία Μπούρος Καρύστου (Mpouros beach, Karystos)",2025-01-26 12:15,51,4
L36630898,GR,GR-L,GR-L-66,37.48324,25.40529,Παραλία Μυρσίνη (Myrsini beach),2026-09-22 07:25,68,55
L23463852,GR,GR-L,GR-L-65,36.7419277,24.4764018,Παραλία Μύτικας (Mitikas beach),2023-04-02 17:27,24,1
L18747491,GR,GR-H,GR-H-29,38.9160813,24.5744331,"Παραλία Μώλος Σκύρου (Molos beach, Skyros)",2026-07-13 19:45,26,6
L20894650,GR,GR-K,GR-K-54,37.6316266,26.315831,Παραλία Νεάλια (Nealia beach),2026-03-27 11:56,13,3
L19421991,GR,GR-M,GR-M-74,35.5090017,23.719736,Παραλία Νωπήγεια (Nopigia beach),2025-04-29 11:00,4,0
L24959418,GR,GR-B,GR-B-13,40.32587,23.979657,Παραλία Ουρανούπολης (Ouranopolis beach),2025-10-23 00:00,50,7
L9944044,GR,GR-K,GR-K-53,39.3306129,26.1782742,Παραλία Πέτρα (Petra beach),2026-07-17 13:26,102,44
L13244231,GR,GR-M,GR-M-73,35.35194,24.36042,Παραλία Πέτρες (Petres beach),2026-03-27 16:16,54,16
L23386733,GR,GR-L,GR-L-65,36.6754634,24.5183341,Παραλία Παλαιοχώρι (Paleochori beach),2026-09-17 11:25,25,7
L30077285,GR,GR-I,GR-I-52,36.2275831,23.0690547,"Παραλία Παλαιόπολη Κυθήρων (Paleopoli beach, Kythira)",2025-05-20 15:16,46,6
L25597622,GR,GR-B,GR-B-13,39.9591,23.6747,Παραλία Παλιούρι (Paliouri beach),2026-09-16 09:07,48,13
L18563318,GR,GR-M,GR-M-72,34.99918,25.78656,"Παραλία Περιστεράς Ιεράπετρας (Peristeras beach, Ierapetra)",2026-05-24 09:07,88,26
L4097969,GR,GR-M,GR-M-73,35.1836,24.40024,Παραλία Πλακιάς (Plakias beach),2026-08-13 06:27,89,30
L4942239,GR,GR-B,GR-B-13,40.018928,23.5263312,Παραλία Πολύχρονο (Polychrono beach),2025-12-13 10:03,44,22
L2797012,GR,GR-B,GR-B-13,40.3333944,23.7066078,Παραλία Πυργαδίκια (Pirgadikia beach),2026-08-18 11:30,43,8
L10009426,GR,GR-A,GR-A-06,41.0048451,25.1090266,Παραλία Πόρτο Λάγος (Porto Lagos beach),2026-09-23 08:10,229,208
L16972430,GR,GR-J,GR-J-44,36.9881866,21.6508331,Παραλία Ρωμανού και πέριξ (Romanos Beach and surroundings),2026-09-14 00:55,94,32
L23368891,GR,GR-L,GR-L-65,36.7431235,24.4582577,Παραλία Σαρακήνικο (Sarakiniko beach),2026-08-03 14:51,24,19
L21845687,GR,GR-F,GR-F-35,38.0741233,20.8002881,Παραλία Σκάλα Κεφαλονιάς (Skala beach),2026-06-08 21:51,55,31
L9394524,GR,GR-B,GR-B-13,40.0026586,23.3850376,Παραλία Σκάλα Φούρκας (Skala Fourkas beach),2024-03-30 08:14,35,10
L35686792,GR,GR-L,GR-L-63,37.3354918,24.4156965,Παραλία Σκύλου & ευρύτερη περιοχή (Skylos Beach & surrounding area),2026-08-18 11:00,47,26
L29826823,GR,GR-B,GR-B-13,40.5139501,23.8271612,Παραλία Στρατωνίου (Stratoni beach),2024-03-13 15:35,8,1
L30190822,GR,GR-B,GR-B-13,39.9824041,23.9042015,Παραλία Τορώνης (Toroni beach),2026-06-04 12:19,27,4
L52657084,GR,GR-F,GR-F-33,37.8160224,20.8748088,Παραλία Τσιλιβή (Tsilivi beach),2025-10-31 09:16,41,16
L27000038,GR,GR-L,GR-L-68,36.9863985,25.1558384,Παραλία Φάραγκα (Faragkas beach),2025-10-07 11:30,17,5
L16769270,GR,GR-L,GR-L-69,36.3549511,28.2108307,Παραλία Φαληράκι (Faliraki beach),2026-09-25 08:00,67,17
L36673667,GR,GR-L,GR-L-66,37.44611,25.45101,Παραλία Φραγκιά (Fragkias beach),2026-08-30 17:30,48,18
L23399562,GR,GR-L,GR-L-65,36.7576486,24.4279393,Παραλία Φυροπόταμος (Fyropotamos beach),2026-07-02 00:00,15,3
L18424522,GR,GR-M,GR-M-71,35.4016356,24.9540972,Παραλία Φόδελε (Fodele Beach),2026-06-14 16:38,30,13
L11516162,GR,GR-L,GR-L-67,37.0952402,25.3743255,"Παραλία, έλος & εκβολή Αγ. Γεωργίου (Agios Georgios beach, marsh & estuary)",2026-09-19 08:40,78,22
L45582264,GR,GR-A,GR-A-01,40.9958084,25.313639,Παραλίμνιο Δάσος Ισμαρίδας (Ismarida Riparian Forest),2025-05-21 10:12,44,2
L17235265,GR,GR-D,GR-D-19,39.1595623,21.0028851,Παραλίμνιο πάρκο Άρτας (Arta lakeside park),2026-07-08 13:11,80,16
L18713584,GR,GR-B,GR-B-07,40.610971,22.950681,Παραλιακή και κήποι Θεσσαλονίκης (Thessaloniki seafront & gardens),2026-09-27 18:37,70,61
L22618343,GR,GR-D,GR-D-21,39.0039356,20.7113804,Παραλιακό δάσος Μονολιθίου (Monolithi beach forest),2026-03-18 00:00,42,7
L5272175,GR,GR-A,GR-A-06,40.8955879,24.7938746,Παραποτάμιο Δάσος Κοτζά Ορμάν (Kotza Orman Riverine Forest),2026-09-18 07:31,217,120
L19131374,GR,GR-E,GR-E-26,39.8179784,21.5803753,Παραποτάμιο δάσος Αγ. Θεοδοσίου (Agios Theodosios riparian woodland),2025-07-07 08:46,73,16
L9478972,GR,GR-G,GR-G-38,38.4659662,21.2434975,Παραποτάμιο δάσος Αχελώου--Λεσίνι (Acheloos riparian forest--Lesini),2026-05-05 14:06,42,5
L7856326,GR,GR-E,GR-E-22,39.6985423,22.429119,Παραποτάμιο δάσος Δασοχωρίου (Dasochori riparian woodland),2026-05-09 12:26,104,23
L14903383,GR,GR-G,GR-G-38,38.6386145,21.4546066,Παραποτάμιο δάσος Καμαρούλας (Kamaroula riparian woodland),2023-04-12 13:00,36,3
L9885722,GR,GR-H,GR-H-29,38.7405307,23.4938007,"Παραποτάμιο δάσος Κηρέα, Προκόπι (Kireas riparian woodland, Prokopi)",2026-07-19 06:41,51,34
L7684805,GR,GR-E,GR-E-26,39.7733842,21.5227103,Παραποτάμιο δάσος Μουργκανίου (Mourgani riparian woodland),2025-05-05 16:36,63,17
L32080559,GR,GR-E,GR-E-23,39.47304,21.81317,Παραποτάμιο δάσος Παλαιοχωρίου (Paleochori riparian woodland),2024-05-18 16:30,51,1
L53178380,GR,GR-E,GR-E-23,39.2905108,22.0671508,Παραποτάμιο δάσος Σοφαδίτη (Sofaditis riparian woodland),2026-05-13 17:25,35,5
L9186437,GR,GR-H,GR-H-27,38.8984283,22.3152199,Παραποτάμιο δάσος Σπερχειού (Sperchios riparian woodland),2026-08-20 16:45,102,30
L21087421,GR,GR-K,GR-K-53,39.36392,26.280725,Παρατηρητήριο Λεπέτυμνου (Lepetimnos watchpoint),2026-09-19 09:20,87,22
L2505915,GR,GR-L,GR-L-68,37.0850788,25.1498874,Παροικιά (Parikia town),2026-09-24 15:15,78,63
L15603303,GR,GR-C,GR-C-14,40.1260081,21.8591048,Παρόχθιο δάσος Ρυμνίου (Rimnio riparian forest),2026-05-21 09:55,91,13
L76032902,GR,GR-E,GR-E-25,39.144362,23.8640505,"Πατητήρι Αλοννήσου (Patitiri village, Alonissos)",2026-08-22 12:00,3,1
L59988876,GR,GR-I,GR-I-52,37.712089,23.4977157,"Παχιά Ράχη προς Σφεντούρι Αίγινας (Pacheia Rachi to Sfentouri, Aegina)",2026-09-08 10:50,29,10
L11749375,GR,GR-I,GR-I-45,37.991766,23.7357903,Πεδίον του Άρεως Αθηνών (Pedion Areos park),2026-09-13 18:56,55,135
L4523266,GR,GR-J,GR-J-40,37.792265,22.199647,Πεδιάδα Δάρα (Daras Plain),2026-09-20 12:46,50,5
L13433743,GR,GR-B,GR-B-07,40.7691402,23.517689,Πεδιάδα πρώην λίμνης Λάντζας (Lantza plain),2026-03-20 14:29,136,184
L44033130,GR,GR-A,GR-A-06,41.0823865,25.0978496,Πεζογέφυρα εκβολής ποταμού Κόσυνθου (River Kosynthos pedestrian bridge),2025-05-03 16:15,19,0
L47235862,GR,GR-B,GR-B-12,40.9611399,23.7120776,Πεθελινός (Pethelinos Village),2026-08-17 06:52,22,6
L9387270,GR,GR-F,GR-F-32,39.5919032,19.8250618,Πελέκας Κέρκυρας (Pelekas village),2026-08-31 12:11,55,18
L36653168,GR,GR-L,GR-L-67,37.2936411,25.4255794,Πελαγική περιοχή Μυκόνου-Νάξου (Pelagic area between Mykonos & Naxos),2026-08-08 18:00,4,5
L19857051,GR,GR-F,GR-F-32,39.7643866,19.8756097,Περίθεια Κέρκυρας (Perithia old village),2026-09-21 15:18,51,16
L6232992,GR,GR-L,GR-L-60,36.3556769,25.4739475,Περίσσα Σαντορίνης (Perissa village),2026-08-27 06:46,58,40
L12351150,GR,GR-A,GR-A-02,41.1710982,24.1697105,"Περιαστικό Δάσος Κορύλοβου Δράμας (Korylovos suburban forest, Drama)",2026-07-25 19:40,59,8
L29065496,GR,GR-D,GR-D-18,39.6783746,20.8291642,Περιαστικό δάσος Ιωαννίνων (Ioannina suburban forest),2026-09-20 09:21,55,33
L15307795,GR,GR-I,GR-I-51,37.972335,23.593159,Περιβαλλοντικό Πάρκο Σχιστού (Schistos park),2026-05-01 13:30,84,40
L6580139,GR,GR-K,GR-K-53,39.1615955,26.1353374,"Περιοχή Αγ. Ιωάννη Παράκοιλων Λέσβου (Agios Ioannis area, Parakila)",2026-06-05 09:30,107,62
L7398748,GR,GR-K,GR-K-53,39.2146494,26.2095541,Περιοχή Παπιανών & Κεραμίου Λέσβου (Papiana & Kerami area),2026-08-29 09:00,152,166
L6593218,GR,GR-I,GR-I-49,37.9152983,23.9583117,Περιοχή Πύργου Βραώνας & κάμπου Μαρκόπουλου (Markopoulo fields & Vraona tower),2026-07-25 21:20,154,308
L17645851,GR,GR-K,GR-K-53,39.2575952,26.0754776,Περιοχή Σκαλοχωρίου Λέσβου (Skalochori village area),2026-09-15 09:11,89,25
L12071119,GR,GR-I,GR-I-52,37.8778952,23.4562999,"Περιστέρια προς Κολώνες Σαλαμίνας (Peristeria to Kolones, Salamis)",2026-08-15 16:00,59,21
L23705032,GR,GR-F,GR-F-32,39.7855356,19.6737549,Περουλάδες Κέρκυρας (Peroulades village),2025-09-05 15:28,22,1
L76186701,GR,GR-L,GR-L-69,36.3317121,28.0142684,Πευκοδάσος Άγιου Σίλα (Agios Silas pine forest),2026-08-24 13:00,34,1
L67842921,GR,GR-I,GR-I-50,38.085627,23.215867,Πευκοδάσος Άνω Αλεποχωρίου (Ano Alepochori pine forest),2026-05-24 17:23,24,1
L75675087,GR,GR-D,GR-D-21,39.202295,20.515519,Πευκοδάσος Λούτσας (Loutsa pine forest),2026-08-13 00:00,4,0
L56825601,GR,GR-I,GR-I-52,37.887976,23.433081,"Πευκοδάσος Σατερλίου Σαλαμίνας (Saterli pine forest, Salamis)",2026-01-04 10:49,23,2
L15269655,GR,GR-L,GR-L-67,37.0434688,25.4387172,Πευκώνας Σαγκρίου (Sagkri pine grove),2026-05-31 09:32,26,9
L10063021,GR,GR-L,GR-L-69,36.0729838,28.0541232,Πεύκοι Ρόδου (Pefkoi settlement),2026-07-26 21:30,61,26
L8906725,GR,GR-M,GR-M-71,35.3337728,25.0461769,Πηγές Αλμυρού Ηρακλείου (Almyros springs),2026-07-13 18:41,107,18
L3000991,GR,GR-H,GR-H-27,38.79716,22.53758,Πηγές Θερμοπυλών (Thermopylae springs),2026-07-04 13:11,60,13
L11881529,GR,GR-H,GR-H-28,38.4314794,22.8750462,"Πηγές Κρύας Λιβαδειάς (Kria Springs, Livadeia)",2026-06-01 12:10,42,4
L37818489,GR,GR-J,GR-J-44,37.16905,22.024708,Πηγές ποταμού Παμίσου (Pamisos springs),2026-09-10 17:47,52,7
L35823655,GR,GR-B,GR-B-11,40.245559,22.270357,Πιέρια όρη--Άνω Μηλιά (Mts Pieria--Ano Milia),2025-02-09 11:34,25,3
L36503758,GR,GR-B,GR-B-08,40.3429283,22.2374382,Πιέρια όρη--Δάσος Ριζωμάτων (Mts Pieria--Rizomata forest),2024-09-11 17:15,19,1
L45944367,GR,GR-B,GR-B-11,40.0970714,22.5681823,Πλάκα (Plaka village),2026-05-24 08:00,44,4
L27408297,GR,GR-M,GR-M-74,35.453588,24.2083044,Πλάκα Χανίων (Plaka village),2026-07-11 07:18,41,11
L45950303,GR,GR-B,GR-B-11,39.985498,22.6325809,Πλαταμώνας (Platamon village),2026-09-17 16:33,24,4
L31992879,GR,GR-H,GR-H-29,38.5458558,24.0683363,Πλατανόδασος Μονοδρύου (Monodrio platanus woodland),2024-05-16 11:06,10,0
L9120769,GR,GR-I,GR-I-48,37.9555966,23.7032457,"Πλατεία Δαβάκη Καλλιθέας (Davaki Sq, Kallithea)",2025-09-22 17:48,26,7
L45595402,GR,GR-I,GR-I-51,37.94355,23.6445764,Πλατεία Θεμιστοκλέους (Themistokleous square),2026-09-25 10:40,60,115
L31419341,GR,GR-I,GR-I-51,37.9403035,23.6446966,Πλατεία Τερψιθέας (Terpsitheas Square),2026-09-09 12:08,26,8
L23382172,GR,GR-L,GR-L-65,36.7631153,24.5263462,Πολλώνια Μήλου (Pollonia village),2026-09-05 18:50,32,9
L10140843,GR,GR-I,GR-I-45,37.9783861,23.7798283,Πολυτεχνειούπολη Αθηνών (Athens Polytechnic Campus),2024-05-23 16:04,31,5
L17255281,GR,GR-D,GR-D-18,39.636485,20.56571,"Πολύδωρο Ιωαννίνων (Polydoro village, Ioannina)",2025-05-09 12:00,102,43
L24707792,GR,GR-A,GR-A-02,41.3822184,24.0826321,"Ποταμοί Νέστου (Potamoi, Nestos)",2025-08-18 19:22,75,9
L54391795,GR,GR-A,GR-A-03,41.6517817,26.4723117,Ποταμός Άρδας--Καστανιές (Ardas River--Kastanies),2026-08-13 17:14,31,4
L5093000,GR,GR-E,GR-E-26,39.5407241,21.7625569,Ποταμός Αγιαμονιώτης (Agiamoniotis river),2026-08-05 20:04,57,23
L15897428,GR,GR-G,GR-G-39,37.6415115,21.673665,Ποταμός Αλφειός (Alfeios river),2025-02-19 09:31,41,6
L23601751,GR,GR-D,GR-D-19,39.151375,20.974971,Ποταμός Αραχθός--Γεφύρι της Άρτας (Arachthos river--Bridge of Arta),2026-08-18 13:24,21,2
L20092061,GR,GR-I,GR-I-49,38.2908014,23.7118798,Ποταμός Ασωπός--Ανάντη Ωρωπού (Asopos river--Upstream Oropos),2026-06-04 15:10,30,7
L7560160,GR,GR-H,GR-H-28,38.2639416,23.4622941,Ποταμός Ασωπός--Δαφνούλα (Asopos river--Dafnoula),2026-06-15 15:04,37,4
L12398138,GR,GR-D,GR-D-21,39.2320871,20.5354712,Ποταμός Αχέροντας (Acheron river),2024-04-11 15:29,64,6
L26399547,GR,GR-E,GR-E-26,39.6085538,21.2815264,Ποταμός Αχελώος--Κοιλάδα Ασπροποτάμου (Acheloos river--Aspropotamos valley),2026-08-13 08:30,3,0
L6288969,GR,GR-K,GR-K-53,39.160317,26.2881049,Ποταμός Βουβάρης (Vouvaris river),2026-09-27 14:10,155,215
L20039912,GR,GR-K,GR-K-53,39.2877664,26.0070759,Ποταμός Βούλγαρης (Voulgaris river),2026-05-19 14:15,67,6
L19190529,GR,GR-M,GR-M-73,35.40421,24.68801,Ποταμός Γεροπόταμος--Ρούμελη Ρεθύμνου (Geropotamos river--Roumeli),2026-08-10 08:25,41,4
L9312162,GR,GR-H,GR-H-27,38.8320796,22.3909649,Ποταμός Γοργοπόταμος (Gorgopotamos river),2026-08-20 19:50,36,14
L11685275,GR,GR-D,GR-D-20,39.5355632,20.3515708,Ποταμός Καλαμάς (Kalamas river),2020-03-23 08:10,26,3
L12591518,GR,GR-H,GR-H-30,38.8683299,21.7545135,Ποταμός Καρπενησιώτης (Karpenisiotis river),2026-08-19 10:20,50,6
L8495624,GR,GR-I,GR-I-49,38.1052819,23.8055146,Ποταμός Κηφισός--Αδάμες (Kifisos river--Adames),2026-06-05 17:00,40,8
L15931897,GR,GR-I,GR-I-51,37.9675065,23.6775129,Ποταμός Κηφισός--Εγκιβωτισμένη κοίτη (Kifisos river--Channelized riverbed),2026-09-24 09:45,26,17
L24971657,GR,GR-I,GR-I-46,38.0796177,23.7682224,Ποταμός Κηφισός--Κηφισιά (Kifisos river--Kifisia),2026-04-23 14:19,41,5
L21447863,GR,GR-I,GR-I-45,38.0534033,23.74191,Ποταμός Κηφισός--Κόκκινος Μύλος (Kifisos river--Kokkinos Mylos),2026-06-02 13:06,42,36
L15806640,GR,GR-J,GR-J-44,37.0153922,21.9986937,"Ποταμός Κουλτούκι και Παραλία Μπούκα Μεσσήνης (Koultouki River Estuary and Bouka Beach, Messini)",2026-09-12 18:22,166,66
L12248914,GR,GR-A,GR-A-06,41.1697238,24.8738946,Ποταμός Κόσυνθος (Kosynthos River),2022-06-13 15:09,24,0
L7796945,GR,GR-E,GR-E-26,39.555257,21.7685849,Ποταμός Ληθαίος--Κέντρο Τρικάλων (Litheos river--Trikala city centre),2026-05-06 16:15,68,35
L11017780,GR,GR-H,GR-H-28,38.5223886,22.9980816,"Ποταμός Μαυροπόταμος Ορχομενού (Mavropotamos river, Orchomenos)",2026-05-27 09:26,38,3
L4899897,GR,GR-M,GR-M-72,35.011053,25.5886602,Ποταμός Μύρτος (Myrtos river),2026-07-26 11:45,30,7
L43179453,GR,GR-G,GR-G-39,37.892171,21.374441,Ποταμός Πηνειός--Αρχαία Ήλιδα (Pineios river--Ancient Elis),2025-04-22 09:46,22,2
L21346403,GR,GR-E,GR-E-26,39.5095,21.86547,Ποταμός Πηνειός--Γλίνος (Pineios river--Glinos),2024-05-19 17:06,21,5
L6766058,GR,GR-E,GR-E-26,39.656865,21.6415332,Ποταμός Πηνειός--Σαρακήνα (Pineios river--Sarakina),2026-08-22 12:17,59,7
L11292251,GR,GR-E,GR-E-26,39.4748961,21.6460858,Ποταμός Πορταϊκός (Portaikos river),2026-09-26 18:43,76,31
L1780895,GR,GR-K,GR-K-53,39.2437538,26.2296867,Ποταμός Τσικνιάς--Άνω ρους (Tsiknias river--Upper area),2026-09-22 13:51,157,59
L1783551,GR,GR-K,GR-K-53,39.2101439,26.2227774,Ποταμός Τσικνιάς--κάτω ρους (Tsiknias river--lower area),2026-09-26 06:36,242,1442
L66973015,GR,GR-I,GR-I-49,38.1859017,23.8628205,Ποταμός Χάραδρος και παρακείμενες εκτάσεις (Charadros River and surroundings),2026-05-20 12:48,17,1
L18004742,GR,GR-D,GR-D-21,38.9590139,20.7523982,Πρέβεζα (Preveza town),2026-05-21 15:19,41,9
L5487009,GR,GR-M,GR-M-73,35.3273456,24.5353889,Πρασιανό Φαράγγι (Prassiano gorge),2026-05-27 08:45,85,19
L13284312,GR,GR-D,GR-D-18,39.660031,20.837039,Προάστια Ιωαννίνων--Πεντέλη (Ioannina suburbs--Penteli),2026-03-25 12:00,74,40
L13253679,GR,GR-D,GR-D-18,39.656818,20.836203,Προάστια Ιωαννίνων--Τσιφλικόπουλο (Ioannina suburbs--Tsiflikopoulo),2026-09-06 10:00,45,40
L14824817,GR,GR-H,GR-H-27,38.8960889,22.5858191,Προβλήτα Αγίας Μαρίνας (Agia Marina port),2026-02-11 15:19,43,11
L8049336,GR,GR-I,GR-I-48,37.8942947,23.7194356,Προπονητικό Κέντρο Αγίου Κοσμά (Agios Kosmas Training Center),2021-05-04 19:40,54,9
L54056846,GR,GR-I,GR-I-46,38.0577949,23.8224492,Πρώην Kτήμα Καρέλλα (Karella estate),2026-09-20 06:57,34,17
L4377713,GR,GR-I,GR-I-48,37.9415915,23.6775327,Πρώην εκβολές Κηφισού & Ιλισσού (Former Ilisos & Kifisos river deltas),2026-09-27 10:15,181,868
L6445234,GR,GR-I,GR-I-45,37.9639663,23.7366134,Πρώτο Νεκροταφείο Αθηνών (First Athens Cemetery),2026-09-14 08:32,55,30
L14581199,GR,GR-C,GR-C-14,40.5149568,21.694133,Πτολεμαΐδα και γύρω περιοχή (Ptolemaida & surroundings),2026-06-15 17:30,83,9
L8014988,GR,GR-F,GR-F-32,39.6211,19.9153688,Πόλη Κέρκυρας (Corfu town),2026-09-23 18:57,85,130
L59595443,GR,GR-E,GR-E-23,39.3645547,21.9169248,Πόλη Καρδίτσας (Karditsa town),2026-06-15 10:21,40,11
L8444316,GR,GR-K,GR-K-53,39.1055536,26.5544067,Πόλη Μυτιλήνης (Mitilini town),2026-09-02 08:50,73,52
L53643193,GR,GR-E,GR-E-25,39.1644927,23.4857852,Πόλη Σκιάθου (Skiathos town),2026-09-18 15:00,16,2
L76939786,GR,GR-I,GR-I-52,37.71106,23.51818,"Πόρτες Αίγινας (Portes, Aegina)",2026-09-09 08:15,14,2
L30385666,GR,GR-J,GR-J-43,36.4277826,22.4812421,Πόρτο Κάγιο (Porto Kagio),2026-08-08 15:42,88,19
L2967238,GR,GR-I,GR-I-49,37.8731935,24.0152335,Πόρτο Ράφτη (Porto Rafti),2026-07-20 18:37,60,22
L4064758,GR,GR-A,GR-A-04,40.6066093,24.6084738,"Πότος Θάσου (Potos, Thasos)",2023-07-20 17:14,94,46
L4019374,GR,GR-J,GR-J-44,36.9138035,21.6963673,Πύλος (Pilos),2026-05-09 10:10,95,31
L5724093,GR,GR-K,GR-K-53,39.2394662,25.8671165,Ρέμα & κάμπος Φανερωμένης (Faneromeni stream & fields),2026-09-25 09:30,211,565
L14289786,GR,GR-E,GR-E-24,39.3517184,22.9641617,"Ρέμα Άναυρος Βόλου (Anavros stream, Volos)",2026-09-11 17:13,75,48
L46754813,GR,GR-L,GR-L-69,36.347783,27.9396907,Ρέμα Αργυρός (Argyros stream),2025-07-01 19:00,20,3
L5752674,GR,GR-I,GR-I-49,38.2104039,23.9042035,Ρέμα Βαρνάβα (Varnavas stream),2024-05-20 14:15,55,24
L14966048,GR,GR-B,GR-B-13,40.262595,23.363465,Ρέμα Βατόνια (Vatonia stream),2026-04-12 18:22,35,4
L19266832,GR,GR-E,GR-E-24,39.3209184,23.0166386,Ρέμα Βρύχωνας (Vrychonas stream),2025-05-20 15:07,20,3
L18213291,GR,GR-E,GR-E-23,39.3475516,21.9177099,Ρέμα Γαβριά (Gavria stream),2026-03-08 15:00,29,3
L9801361,GR,GR-F,GR-F-36,38.7244684,20.6865551,Ρέμα Δημοσάρι Λευκάδας (Dimosari stream),2026-05-14 10:52,23,5
L7604464,GR,GR-I,GR-I-48,37.9543498,23.6902249,Ρέμα Ιλισού--Καλλιθέα (Ilisos stream--Kallithea),2026-07-16 19:40,60,61
L42295770,GR,GR-G,GR-G-37,38.2161057,22.1514965,Ρέμα Κερυνίτη (Kerynitis stream),2026-09-19 05:53,53,19
L42007332,GR,GR-I,GR-I-46,38.0774035,23.822875,Ρέμα Κοκκιναρά (Kokkinara stream),2026-09-14 07:44,88,102
L12534295,GR,GR-E,GR-E-24,39.3691226,22.9344196,"Ρέμα Κραυσίδωνας Βόλου (Krafsidonas stream, Volos)",2026-09-07 18:10,85,74
L9925865,GR,GR-L,GR-L-69,36.408628,28.1116391,Ρέμα Κρεμαστής (Kremasti stream),2026-09-23 07:38,123,75
L45940313,GR,GR-E,GR-E-26,39.7355304,21.4912822,Ρέμα Μαλακασιώτικο (Malakasiotiko stream),2025-05-14 09:45,2,1
L20652812,GR,GR-B,GR-B-13,40.2021016,23.6817548,Ρέμα Νικήτης (Nikiti stream),2026-09-22 17:30,63,11
L67585341,GR,GR-J,GR-J-44,36.937916,21.735782,"Ρέμα Ξεριάς Γιάλοβας (Xerias stream, Gialova)",2026-05-24 16:42,30,2
L22884482,GR,GR-I,GR-I-50,37.9628223,23.1934781,Ρέμα Πίκας (Pika stream),2026-06-06 10:09,22,5
L16888783,GR,GR-L,GR-L-69,36.3981502,28.0585538,Ρέμα Παραδεισίου (Paradisi stream),2026-08-24 11:00,94,36
L13840536,GR,GR-L,GR-L-67,37.0784841,25.4280674,"Ρέμα Περίτσης Ποταμιάς (Peritsis stream, Potamia)",2026-07-16 13:05,49,14
L6210106,GR,GR-I,GR-I-48,37.920097,23.7033677,Ρέμα Πικροδάφνης (Pikrodafni stream),2026-09-24 07:34,153,743
L11787906,GR,GR-L,GR-L-69,36.3669417,27.9976511,Ρέμα Πλατύς (Platys stream),2022-09-02 16:56,12,1
L11858951,GR,GR-I,GR-I-45,38.0269322,23.7336565,Ρέμα Ποδονίφτη (Podoniftis stream),2026-09-08 11:14,44,35
L23672272,GR,GR-L,GR-L-59,37.8450899,24.903956,Ρέμα Πυθάρα (Pithara stream),2026-09-03 12:08,34,6
L24166415,GR,GR-C,GR-C-15,39.9507733,21.6852392,Ρέμα Σιούτσας (Sioutsa stream),2025-05-22 17:23,88,16
L57461089,GR,GR-B,GR-B-07,40.5448551,23.0542352,Ρέμα Τριαδίου (Triadi stream),2026-09-09 08:00,71,28
L12595586,GR,GR-B,GR-B-07,40.6169444,22.9656583,Ρέμα Υφανέτ (Yfanet stream),2026-07-28 23:42,61,60
L16846306,GR,GR-K,GR-K-53,39.1379983,25.9249017,Ρέμα Ψαροπόταμος (Psaropotamos stream),2026-09-24 12:59,112,46
L42456734,GR,GR-J,GR-J-43,36.8049118,22.68001,Ρέμα Ωμέγα (Omega Stream),2025-10-06 16:06,43,5
L10354745,GR,GR-B,GR-B-07,40.6046732,22.985476,Ρέμα και πάρκο Ελαιόρεμα (Elaiorema stream & park),2025-04-13 15:51,85,27
L24079060,GR,GR-A,GR-A-03,41.631535,26.42835,"Ρίζια Έβρου (Rizia, Evros)",2026-08-30 09:50,76,9
L58086222,GR,GR-L,GR-L-67,37.090605,25.4401094,Ρεματιά Μελάνων (Melanes stream),2026-08-18 09:04,25,4
L8308287,GR,GR-I,GR-I-46,38.0274805,23.8105172,Ρεματιά Χαλανδρίου (Chalandri stream),2026-09-14 22:10,65,79
L11858638,GR,GR-I,GR-I-45,38.0259551,23.7394187,Ριζούπολη (Rizoupoli),2024-06-14 07:23,33,15
L13009433,GR,GR-M,GR-M-73,35.1983335,24.3122387,Ροδάκινο Ρεθύμνου (Rodakino village),2026-09-15 19:33,15,1
L74165734,GR,GR-B,GR-B-12,40.924012,23.976876,"Ροδολίβος Σερρών (Rodolivos, Serres)",2026-07-31 19:03,17,9
L21285243,GR,GR-B,GR-B-12,41.0878182,23.5476096,Σέρρες (Serres city),2026-08-17 19:12,39,8
L9942529,GR,GR-K,GR-K-53,39.2114583,25.8530706,Σίγρι Λέσβου (Sigri village),2026-09-25 12:30,154,92
L9227721,GR,GR-F,GR-F-35,38.1074399,20.5142656,Σβορωνάτα Κεφαλονιάς (Svoronata village),2026-09-20 07:13,52,20
L47107625,GR,GR-I,GR-I-52,37.9282522,23.5319891,"Σελήνια Σαλαμίνας (Selinia village, Salamis)",2026-09-19 16:15,46,10
L11577846,GR,GR-M,GR-M-72,35.2012452,26.1072463,Σητεία (Sitia town),2026-08-05 12:44,104,7
L13240071,GR,GR-B,GR-B-13,40.1589333,24.0367306,Σιγγιτικός κόλπος (Singitic gulf),2024-04-07 14:25,16,5
L6035282,GR,GR-F,GR-F-32,39.7973923,19.6981859,Σιδάρι Κέρκυρας (Sidari village),2026-09-18 11:29,82,30
L18876960,GR,GR-K,GR-K-53,39.1283298,26.2271303,Σκάλα Βασιλικών προς Σκαμιούδι Λέσβου (Skala Vasilikon to Skamioudi),2026-09-26 09:49,113,43
L9091749,GR,GR-K,GR-K-53,39.1352511,25.9315065,Σκάλα Ερεσού Λέσβου (Skala Eresou village),2026-06-18 15:44,122,78
L1801168,GR,GR-K,GR-K-53,39.2063884,26.2103126,Σκάλα Καλλονής (Skala Kallonis village),2026-09-24 08:00,217,305
L6061468,GR,GR-A,GR-A-04,40.7670866,24.5944834,"Σκάλα Ραχονίου Θάσου (Skala Rachoniou, Thassos)",2025-06-16 07:34,65,16
L8423135,GR,GR-K,GR-K-53,39.2923173,26.1348815,Σκούταρος Λέσβου (Skoutaros village),2023-09-12 10:31,34,2
L72120141,GR,GR-I,GR-I-52,37.7622298,23.5013905,"Σουβάλα προς Μεσαγρό Αίγινας (Souvala to Mesagros, Aegina)",2026-09-20 09:00,34,9
L41276397,GR,GR-A,GR-A-02,41.2199437,23.8946468,Σπήλαιο Πηγών Αγγίτη (Aggitis River Cave),2026-08-18 08:55,46,9
L19559146,GR,GR-J,GR-J-41,37.4224513,23.1319092,Σπήλαιο Φράγχθι (Franchthi Cave),2025-11-27 13:07,22,6
L16567007,GR,GR-H,GR-H-27,38.755933,22.895549,"Στάση λεωφορείων Μακεδονία Αγίου Κωνσταντίνου (Macedonia bus station, Agios Konstantinos)",2026-04-23 10:12,38,19
L52114746,GR,GR-B,GR-B-07,40.665982,23.700784,Σταυρός (Stavros Village),2026-06-14 15:00,48,10
L23509637,GR,GR-M,GR-M-74,35.59049,24.09338,Σταυρός Χανίων (Stavros town),2026-09-19 14:39,31,6
L22504567,GR,GR-C,GR-C-14,39.9895806,21.789535,Στενά Ζαβόρδας (Zavorda straits),2025-05-23 13:08,34,9
L42415791,GR,GR-L,GR-L-63,37.491149,24.364701,Στενό Κύθνου (Kythnos Strait),2026-09-23 10:01,4,1
L11796264,GR,GR-L,GR-L-65,37.06716,24.59236,Στενό Σίφνου (Sifnos Strait),2026-06-15 08:22,7,2
L4905139,GR,GR-L,GR-L-65,37.2438413,24.4646144,Στενό Σερίφου (Serifos Strait),2026-07-02 11:58,3,2
L28900958,GR,GR-F,GR-F-33,37.2466304,21.0119603,Στροφάδες νήσοι (Strofades islets),2026-09-14 17:24,72,8
L26174966,GR,GR-H,GR-H-31,38.7111077,22.258834,Στρώμη Φωκίδας (Stromi village),2025-08-09 11:00,13,3
L3001048,GR,GR-I,GR-I-45,37.9693615,23.7330915,Στύλοι Ολυμπίου Διός (Temple of Olympian Zeus),2026-09-24 15:35,60,172
L16332006,GR,GR-I,GR-I-48,37.9180459,23.704739,Συμμαχικό Νεκροταφείο (Allies War Cemetery),2026-01-03 15:32,26,8
L4785522,GR,GR-A,GR-A-04,40.7175014,24.5768237,"Σωτήρας Θάσου (Sotiras, Thasos)",2026-08-20 07:59,65,5
L22618046,GR,GR-D,GR-D-20,39.4099095,20.2377892,Σύβοτα (Syvota),2026-06-25 21:06,17,5
L5611711,GR,GR-J,GR-J-42,37.9306084,22.2848137,ΤΛ Δόξα (Doxa Reservoir),2026-07-22 07:30,69,29
L54363364,GR,GR-A,GR-A-03,41.5013127,26.5556254,Τάφρος ανατολικά Ορεστιάδας (Ditch east of Orestiada),2026-06-14 07:17,68,10
L26223389,GR,GR-K,GR-K-56,37.6911218,26.9263618,Ταμιευτήρας & υγρότοπος Γλυφάδας (Glyfada reservoir & wetland),2026-04-28 10:27,43,4
L16465350,GR,GR-L,GR-L-69,36.1015211,27.7955628,Ταμιευτήρας Απολακκιάς (Apolakkia reservoir),2026-06-08 16:20,91,16
L5375819,GR,GR-L,GR-L-70,37.5481245,25.1728213,Ταμιευτήρας Βακέτας (Vaketa reservoir),2026-05-11 13:00,83,24
L10364724,GR,GR-E,GR-E-25,39.2336441,23.9375956,"Ταμιευτήρας Καστανορέματος Αλοννήσου (Kastanorema reservoir, Alonissos)",2025-05-01 11:33,49,9
L20238948,GR,GR-K,GR-K-56,37.718228,26.711473,Ταμιευτήρας Μαραθοκάμπου (Marathokampos reservoir),2026-07-20 17:16,30,8
L14208656,GR,GR-E,GR-E-23,39.3288755,21.8216329,Ταμιευτήρας Μητρόπολης (Mitropoli reservoir),2026-05-10 19:00,65,21
L1801132,GR,GR-K,GR-K-53,39.3454577,26.1928859,Ταμιευτήρας Μόλυβου (Molivos reservoir),2026-09-25 12:41,194,327
L38259600,GR,GR-E,GR-E-22,39.6743012,22.5066201,Ταμιευτήρας Ομορφοχωρίου & ρέμα Ασμάκι (Omorfochori reservoir & Asmaki stream),2025-10-28 16:37,48,4
L10101645,GR,GR-G,GR-G-39,37.909274,21.4687107,Ταμιευτήρας Πηνειού Ηλείας (Pinios reservoir--Ileia),2025-11-05 13:56,71,7
L12221638,GR,GR-E,GR-E-22,39.6420936,22.5516873,Ταμιευτήρας Πλατύκαμπου (Platycampos reservoir),2025-01-02 12:49,49,5
L6663889,GR,GR-K,GR-K-53,39.2164615,26.1723948,Ταμιευτήρας Ποταμιάς (Potamia reservoir),2026-09-26 14:31,174,237
L56617893,GR,GR-E,GR-E-23,39.467787,22.2042746,Ταμιευτήρας Συκεώνας (Sykeonas reservoir),2025-12-31 14:37,27,1
L12737169,GR,GR-B,GR-B-09,41.0313289,22.6484239,Ταμιευτήρας και έλη Αρτζάν (Artzan reservoir & marshes),2026-05-16 11:18,190,125
L29134338,GR,GR-B,GR-B-07,40.5057066,23.1541093,Ταμιευτήρας φράγματος Βασιλικών (Vasilika dam reservoir),2024-04-10 09:20,52,2
L13159744,GR,GR-B,GR-B-07,40.5581502,23.0351114,Ταμιευτήρας φράγματος Θέρμης (Thermis dam reservoir),2026-08-09 17:00,94,30
L17887558,GR,GR-E,GR-E-22,39.6863638,22.5911872,Ταμιευτήρες Ελευθερίου & Δήμητρας (Eleptherio & Dimitra reservoirs),2026-08-18 10:12,137,51
L6171267,GR,GR-E,GR-E-22,39.6062833,22.6682711,Ταμιευτήρες Καστρίου (Kastri reservoirs),2026-05-13 09:26,107,15
L17090942,GR,GR-E,GR-E-22,39.6362078,22.619786,Ταμιευτήρες Ναμάτων & Γλαύκης (Namata & Glafki reservoirs),2026-05-13 10:31,143,56
L21103607,GR,GR-A,GR-A-01,41.0132595,25.3588628,Ταμιευτηρας Ν Σιδηροχωριου (Sidiroxori Reservoir),2026-08-19 18:20,92,20
L41545468,GR,GR-A,GR-A-05,40.9594091,24.2653592,Τενάγη Φιλίππων (Philippoi Fens),2009-05-02 00:00,20,1
L40389105,GR,GR-A,GR-A-01,41.0716604,25.7581282,Τεχνητή Λίμνη Κιζαριου (Kizari Reservoir),2026-06-17 12:34,74,3
L73575463,GR,GR-A,GR-A-02,41.3516291,24.4639837,Τεχνητή Λίμνη Πλατανοβρυσης (Platanovrisi Reservoir),2026-07-15 09:10,11,1
L55076050,GR,GR-A,GR-A-03,41.022433,26.286202,Τεχνητή Λίμνη Τυχερού (Tichero Reservoir),2026-09-18 19:19,56,13
L931730,GR,GR-M,GR-M-74,35.4769749,23.9326215,Τεχνητή λίμνη Αγιάς (Agia artificial lake),2026-09-22 18:20,181,483
L13247695,GR,GR-D,GR-D-18,39.8307589,21.079947,Τεχνητή λίμνη Αώου (Aoos artificial lake),2026-08-27 11:00,117,47
L18547964,GR,GR-B,GR-B-10,40.862777,22.520454,Τεχνητή λίμνη Δυτικού (Dytiko reservoir),2025-06-21 12:54,15,1
L5236184,GR,GR-I,GR-I-45,38.0269912,23.766507,Τουρκοβούνια--Άλσος Βεΐκου (Tourkovounia--Veikou grove),2026-09-08 12:19,83,62
L8133145,GR,GR-I,GR-I-45,38.012203,23.7632722,Τουρκοβούνια--Λατομεία (Tourkovounia--Old quarries),2026-09-19 07:38,81,87
L29253751,GR,GR-A,GR-A-03,40.987964,26.2130463,"Τριφύλλι Έβρου (Trifilli, Evros)",2024-02-20 16:00,20,1
L7913181,GR,GR-I,GR-I-48,37.9306093,23.6854252,Τροκαντερό (Trokantero),2026-09-23 11:00,72,53
L23368888,GR,GR-L,GR-L-65,36.7374969,24.427546,Τρυπητή Μήλου (Trypiti village),2026-09-27 12:00,26,8
L22223616,GR,GR-I,GR-I-49,37.932045,23.91468,"Τσαλμέζα Σπάτων (Tsalmeza, Spata)",2026-09-19 11:09,44,8
L22505232,GR,GR-C,GR-C-14,40.1006832,21.8063937,ΥΗΕ Φράγματος Ιλαρίωνα (Ilarion Dam--Hydroelectric Plant),2025-05-23 11:41,60,16
L57110830,GR,GR-F,GR-F-35,38.1661929,20.5118487,Υγρολίβαδα Αρχαίας Κράνης (Ancient Krani flooded fields),2026-09-23 17:25,52,30
L34121550,GR,GR-D,GR-D-18,39.9631011,20.3466547,Υγρολίβαδα Ξηροβάλτου (Xirovalto floodplain),2026-04-24 13:30,59,3
L10016956,GR,GR-H,GR-H-28,38.4080692,23.3362293,Υγρολίβαδα Υλίκης και Όρος Κοκκινόβραχος (Yliki floodplain and Mt Kokkinovrachos),2023-02-17 13:05,96,14
L13074771,GR,GR-C,GR-C-17,40.8183333,21.4458333,Υγρολίβαδα κάμπου Φλώρινας (NE of Florina),2026-09-24 07:05,191,1175
L4019429,GR,GR-H,GR-H-27,38.6387296,23.0986691,Υγρότοποι Αταλάντης (Atalanti bay wetlands),2026-06-18 08:18,143,113
L7128035,GR,GR-A,GR-A-03,40.4696912,25.4547617,"Υγρότοπος Αγίου Ανδρέα Σαμοθράκης (Agios Andreas Wetland, Samothraki)",2023-08-26 09:32,37,6
L47830380,GR,GR-I,GR-I-52,37.7273464,23.4367968,"Υγρότοπος Αγίου Βασιλείου Αίγινας (Agios Vasilios wetland, Aegina)",2026-07-25 18:30,16,3
L9260673,GR,GR-B,GR-B-13,40.2300875,23.3333818,Υγρότοπος Αγίου Μάμα (Agios Mamas wetland),2026-08-25 17:54,162,72
L27305049,GR,GR-H,GR-H-27,38.8878762,22.8025421,"Υγρότοπος Αλμυροποτάμου Αχλαδίου (Almyropotamos wetland, Achladi)",2025-04-29 07:05,56,13
L4090207,GR,GR-M,GR-M-72,35.1762091,25.7089507,Υγρότοπος Αλμυρού Λασιθίου (Almyros wetland),2026-09-24 07:00,112,170
L22505284,GR,GR-C,GR-C-14,40.1106456,21.8309155,Υγρότοπος Αναβρυκών (Anavrikon wetland),2025-05-23 11:17,95,22
L10976973,GR,GR-B,GR-B-07,40.5372031,22.9791881,Υγρότοπος Ανθεμούντα & ρέματος Θέρμης (Anthemountas & Thermis stream wetland),2026-09-25 17:35,193,147
L3008224,GR,GR-I,GR-I-49,37.9896352,24.0173364,Υγρότοπος Αρτέμιδας (Artemis lagoon),2026-09-26 10:40,194,1133
L23403550,GR,GR-B,GR-B-13,40.448335,23.8331433,Υγρότοπος Βάλτου (Valtos wetland),2026-05-28 09:47,60,6
L5201806,GR,GR-I,GR-I-50,37.9782023,23.3893025,"Υγρότοπος Βουρκάρι Μεγάρων (Vourkari wetland, Megara)",2026-09-25 11:15,232,995
L52305727,GR,GR-E,GR-E-25,39.13689,23.4468197,"Υγρότοπος Βρωμόλιμνου Σκιάθου (Vromolimnos wetland, Skiathos)",2026-02-23 16:30,22,3
L1242890,GR,GR-K,GR-K-53,39.2080055,26.1952858,"Υγρότοπος Εννιά Καμάρων (Ennia Kamares ""Christou"" wetland)",2026-09-27 17:00,203,676
L18514200,GR,GR-H,GR-H-29,38.84509,24.56077,"Υγρότοπος Καλαμίτσας Σκύρου (Kalamitsa wetland, Skyros)",2026-09-21 15:40,90,10
L10567963,GR,GR-J,GR-J-42,37.8426881,23.0159112,Υγρότοπος Κοκκώσι (Kokkosi Springs),2024-01-20 10:20,23,3
L7830983,GR,GR-H,GR-H-29,38.5409861,23.6297316,Υγρότοπος Κολοβρέχτη (Kolovrextis wetland),2026-07-14 17:11,106,21
L43858460,GR,GR-L,GR-L-65,36.715883,24.529442,Υγρότοπος Κόμιας (Komia wetland),2026-04-07 12:02,50,8
L10959701,GR,GR-B,GR-B-07,40.785984,23.4569872,Υγρότοπος Μαυρούδας (Mavrouda wetland),2026-08-09 16:39,164,169
L4777946,GR,GR-J,GR-J-40,37.3849237,22.7467525,Υγρότοπος Μουστού (Moustos Wetland),2026-09-24 10:54,141,112
L68003330,GR,GR-D,GR-D-18,39.552315,20.87465,Υγρότοπος Μπιζανίου (Bizani wetland),2026-05-26 00:00,2,0
L10208494,GR,GR-E,GR-E-24,39.3528341,22.929037,"Υγρότοπος Ξηριά Βόλου (Xirias wetland, Volos)",2026-09-07 07:00,163,157
L20208768,GR,GR-K,GR-K-56,37.68311,26.896725,Υγρότοπος Ποτοκακίου (Potokaki wetland),2026-08-20 00:00,124,146
L4975158,GR,GR-B,GR-B-13,40.1088649,23.3205258,Υγρότοπος Σάνης και έλη Νέας Φώκαιας (Sani wetland & Nea Fokea marshes),2026-09-10 11:13,211,150
L6770581,GR,GR-H,GR-H-27,38.8420798,22.694664,Υγρότοπος Σκάρφειας (Skarfia wetland),2026-09-03 11:52,189,249
L6960544,GR,GR-H,GR-H-29,38.410404,23.631839,Υγρότοπος Φάρου Αυλίδας (Avlida Lighthouse wetland),2026-06-21 15:00,98,109
L74354449,GR,GR-D,GR-D-21,39.053999,20.72306,Υψώματα Κούκου (Koukos Hills),2026-09-09 00:00,28,6
L1121894,GR,GR-A,GR-A-03,40.9129129,26.1542606,"Φέρες Έβρου (Feres, Evros)",2026-09-02 16:30,86,27
L26323791,GR,GR-E,GR-E-26,39.4225458,21.5120394,Φαράγγι & καταρράκτης Παλαιοκαρυάς (Paleokarya gorge & waterfall),2023-07-31 11:35,4,0
L21266554,GR,GR-E,GR-E-22,39.8754553,22.575348,Φαράγγι & κοιλάδα Τεμπών (Tempe gorge & valley),2026-06-24 09:24,60,15
L931645,GR,GR-A,GR-A-03,40.9424348,25.9100103,Φαράγγι Άβαντα (Avas Gorge),2026-05-10 09:26,139,54
L2758270,GR,GR-M,GR-M-74,35.2433935,24.1672611,Φαράγγι Ίμπρου (Impros gorge),2026-07-07 00:00,84,61
L11532757,GR,GR-M,GR-M-71,35.284433,25.1656397,Φαράγγι Αγίας Ειρήνης (Agia Irini gorge),2026-09-21 10:32,40,14
L19383640,GR,GR-M,GR-M-74,35.3283772,23.8401777,Φαράγγι Αγίας Ειρήνης (Agia Irini gorge),2026-05-30 09:31,51,20
L8429098,GR,GR-M,GR-M-71,34.9296567,24.7787693,Φαράγγι Αγιοφάραγγο (Agiofarango gorge),2026-09-22 18:01,71,17
L25347116,GR,GR-M,GR-M-74,35.242075,23.7193893,Φαράγγι Ανύδρων (Anidri gorge),2025-05-20 14:02,34,3
L5959857,GR,GR-M,GR-M-74,35.2222217,24.062465,Φαράγγι Αράδαινας (Aradaina gorge),2026-09-20 00:00,71,27
L5441808,GR,GR-D,GR-D-18,39.9331044,20.7206011,"Φαράγγι Βίκου* (Vikos Gorge, use more precise loc.)",2026-09-23 10:48,131,92
L70230880,GR,GR-D,GR-D-18,39.951845,20.707025,Φαράγγι Βίκου--Βίκος (Vikos Gorge--Vikos village),2026-09-01 08:13,21,1
L7231146,GR,GR-K,GR-K-53,39.2341728,26.0184145,Φαράγγι Βατούσσας (Vatousa gorge),2026-06-12 17:20,104,121
L22819987,GR,GR-G,GR-G-37,38.14069,22.1675878,Φαράγγι Βουραϊκού (Vouraikos gorge),2026-05-31 13:00,34,6
L19188401,GR,GR-M,GR-M-73,35.3420148,24.4619179,Φαράγγι Γαλλιανό (Galliano gorge ),2025-06-19 10:30,26,4
L37174229,GR,GR-D,GR-D-20,39.7576783,20.3441381,Φαράγγι Γκόζιακα (Gkoziakas gorge),2024-10-08 11:00,17,1
L18990312,GR,GR-M,GR-M-74,35.429923,23.7304057,Φαράγγι Δελιανών (Deliana gorge),2026-04-23 10:12,33,6
L20765960,GR,GR-I,GR-I-52,37.4957795,23.3509074,"Φαράγγι Διαβολογέφυρου Τροιζήνας (Devil's Bridge gorge, Trizina)",2026-05-18 10:39,10,2
L45944829,GR,GR-B,GR-B-11,40.1044853,22.4898273,Φαράγγι Ενιπέα (Enipeas gorge),2026-04-09 17:14,48,7
L7467324,GR,GR-A,GR-A-01,41.1420148,25.211091,Φαράγγι Ιάσμου (Iasmos Gorge),2026-05-21 09:35,99,27
L4385603,GR,GR-M,GR-M-74,35.2150739,24.2341366,Φαράγγι Καλλικράτη (Kallikratis gorge),2026-07-27 17:30,37,5
L61118621,GR,GR-K,GR-K-54,37.6456607,26.3199022,Φαράγγι Καταφυγίου (Katafigio gorge),2026-06-28 10:08,23,5
L19597076,GR,GR-J,GR-J-41,37.421462,23.21668,Φαράγγι Καταφύκι (Katafyki Gorge),2023-04-17 11:01,18,5
L5058209,GR,GR-M,GR-M-73,35.2219337,24.4003884,Φαράγγι Κοτσυφού (Kotsifou gorge),2026-09-19 10:13,51,11
L931637,GR,GR-M,GR-M-73,35.2081087,24.4715309,Φαράγγι Κουρταλιώτικο (Kourtaliotiko gorge),2026-09-17 16:19,75,99
L19368414,GR,GR-M,GR-M-74,35.4621564,24.010911,Φαράγγι Κυκλάμινου (Kyklamino Gorge ),2025-04-12 09:31,32,5
L21511833,GR,GR-M,GR-M-74,35.2457,23.8024,Φαράγγι Λισσού (Lissos gorge),2026-06-25 10:30,49,12
L11750538,GR,GR-H,GR-H-29,38.5389904,24.012829,Φαράγγι Μανικιάτη (Manikiatis gorge),2026-05-16 11:38,63,8
L36591781,GR,GR-H,GR-H-29,38.8562186,23.3797291,Φαράγγι Μπολοβίναινας (Bolovinena gorge),2024-09-15 10:04,7,1
L27719364,GR,GR-M,GR-M-73,35.3371312,24.5060778,"Φαράγγι Μύλων Ρεθύμνου (Mili Gorge, Rethymno)",2026-08-22 16:02,30,4
L9973775,GR,GR-J,GR-J-41,37.6786111,23.1269444,Φαράγγι Νέας Επιδαύρου (Nea Epidavros Gorge),2025-05-08 07:47,67,9
L1121887,GR,GR-A,GR-A-05,41.1694,24.691,Φαράγγι Νέστου--Άνω ρους (Nestos Gorge--Upper),2026-04-25 10:42,97,15
L7655671,GR,GR-A,GR-A-06,41.0960414,24.758141,Φαράγγι Νέστου--Κάτω ρους (Nestos Gorge--Lower),2026-06-30 15:00,140,108
L75611346,GR,GR-A,GR-A-06,41.1169953,24.7494078,Φαράγγι Νέστου--Παρατηρητήριο (Nestos Gorge--Viewpoint),2014-05-16 17:00,7,2
L16752053,GR,GR-I,GR-I-49,38.1595026,23.9095052,"Φαράγγι Οινόης Μαραθώνα (Oinoi Ravine, Marathon)",2023-05-27 05:44,15,1
L6305211,GR,GR-M,GR-M-72,35.0452722,25.9320064,Φαράγγι Ορεινού (Oreino gorge),2026-04-29 13:03,36,7
L30077369,GR,GR-I,GR-I-52,36.2978156,22.9960983,"Φαράγγι Παλαιόχωρας Κυθήρων (Palaiochora gorge, Kythira)",2026-09-05 12:32,24,5
L66104684,GR,GR-D,GR-D-18,40.06959,20.78282,Φαράγγι Πεκλαρίου (Peklari gorge),2025-08-17 17:11,2,0
L67782659,GR,GR-M,GR-M-73,35.2333512,24.7112989,Φαράγγι Πλατανίων (Platania gorge),2025-10-02 12:00,1,0
L36114350,GR,GR-C,GR-C-15,39.99611,21.285634,Φαράγγι Πορτίτσας (Portitsa gorge),2025-10-19 10:39,30,3
L30539303,GR,GR-M,GR-M-71,35.2171545,25.4533636,Φαράγγι Ρόζας (Roza gorge),2026-08-20 12:03,32,7
L9683474,GR,GR-M,GR-M-72,35.2857628,25.5405974,Φαράγγι Σελιναρίου (Selinari gorge),2026-09-24 10:15,30,20
L54494159,GR,GR-G,GR-G-37,38.1796335,22.0429832,Φαράγγι Σελινούντα (Selinountas gorge),2025-10-26 06:50,28,2
L21960410,GR,GR-M,GR-M-74,35.208845,24.2733049,Φαράγγι Σκαλωτής (Skaloti gorge),2026-08-14 17:21,10,2
L4959760,GR,GR-C,GR-C-16,40.4255651,21.0688943,Φαράγγι Στενών (Stena gorge),2016-09-25 13:20,27,8
L5611721,GR,GR-J,GR-J-42,37.9974404,22.595665,Φαράγγι Στυλίων (Stylia Gorge),2018-07-22 16:45,18,2
L3989332,GR,GR-M,GR-M-74,35.4156351,23.6849356,Φαράγγι Τοπολιανό (Topolia gorge),2026-09-19 12:37,49,29
L19574943,GR,GR-J,GR-J-40,37.694945,21.978723,Φαράγγι Τουθόα (Touthoa Gorge),2022-09-12 11:05,40,10
L69745945,GR,GR-M,GR-M-71,34.95729,24.98637,Φαράγγι Τρυπητής (Tripiti gorge),2026-05-14 10:00,16,1
L4019363,GR,GR-L,GR-L-60,36.4171289,25.4312854,Φηρά Σαντορίνης (Fira town),2026-09-14 11:22,92,211
L10991271,GR,GR-J,GR-J-44,37.1815761,21.579849,Φιλιατρινό Ρέμα (Filiatrino Stream),2026-04-11 18:47,71,10
L7011636,GR,GR-I,GR-I-46,38.02513,23.78257,Φιλοθέη--Ρέμα Ποδονίφτη (Filothei--Podoniftis stream),2026-09-13 09:25,60,71
L24134289,GR,GR-C,GR-C-17,40.7832564,21.4141436,Φλώρινα και γύρω περιοχή (Florina city & surroundings),2026-07-07 09:20,57,12
L8388102,GR,GR-M,GR-M-72,35.2534849,26.26462,Φοινικόδασος Βάι (Vai palm forest),2026-05-16 16:30,58,11
L18337754,GR,GR-M,GR-M-73,35.1539901,24.4731419,Φοινικόδασος Πρέβελης (Preveli palm forest),2026-09-17 13:10,89,59
L41028769,GR,GR-E,GR-E-22,39.6382666,22.400686,Φράγμα & παραποτάμια διαδρομή Πηνειού Λάρισας (Pineios dam & riverside trail),2026-04-05 08:28,45,18
L5520220,GR,GR-B,GR-B-08,40.4912179,22.260232,Φράγμα & τεχνητή λίμνη Αλιάκμονα (Aliakmonas dam & artificial lake),2026-05-29 13:29,117,44
L36630379,GR,GR-L,GR-L-66,37.4738553,25.4109612,Φράγμα Άνω Μεράς (Ano Mera dam),2026-08-28 08:15,58,16
L21446139,GR,GR-K,GR-K-57,38.320002,26.0770307,Φράγμα Ζυφιά (Zifias dam),2026-05-21 13:43,42,10
L23866373,GR,GR-L,GR-L-61,36.5507404,26.3270226,Φράγμα Λιβαδιού Αστυπάλαιας (Livadi dam--Astypalaia),2026-08-21 08:13,48,12
L9902716,GR,GR-L,GR-L-66,37.465643,25.3594658,Φράγμα Μαραθίου (Marathi dam),2026-09-21 17:30,95,71
L60403570,GR,GR-K,GR-K-54,37.570857,26.057767,Φράγμα Πεζίου (Pezi dam),2026-07-05 08:36,23,12
L7207476,GR,GR-K,GR-K-53,39.1681172,25.9591377,Φράγμα Πυθαρίου Ερεσού (Pithariou dam--Eresos),2026-09-26 09:10,119,73
L57247135,GR,GR-L,GR-L-61,37.1322906,26.8376883,"Φράγμα Συκαμιάς Λέρου (Sykamia dam, Leros)",2026-09-15 09:19,11,3
L11516622,GR,GR-L,GR-L-67,37.139467,25.4716182,Φράγμα Φανερωμένης (Faneromeni dam),2026-08-27 08:30,54,20
L74896306,GR,GR-H,GR-H-29,38.8957784,24.546026,"Φράγμα Φερεκάμπου Σκύρου (Ferekampos Dam, Skyros)",2026-08-16 14:15,6,1
L24014487,GR,GR-D,GR-D-20,39.5791321,20.2531184,Φράγμα ποταμού Καλαμά (Kalamas river dam),2026-05-21 13:44,22,3
L9292302,GR,GR-J,GR-J-43,36.5869408,22.4130498,Φραγκούλιας (Frangoulias village),2025-10-18 12:30,18,4
L14134667,GR,GR-E,GR-E-26,39.4826987,21.616894,Φραγμολίμνη Αγ. Βησσαρίωνος (Agios Vissarion dam-lake),2025-11-10 14:13,22,4
L62273252,GR,GR-K,GR-K-55,39.8868641,25.1506206,Φραγμολίμνη Αγίου Δημητρίου (Agios Dimitrios dam-lake),2026-07-21 14:53,48,11
L27326451,GR,GR-M,GR-M-71,35.1225091,25.1880966,Φραγμολίμνη Αμουργελλών (Amourgelles dam-lake),2026-08-22 07:16,65,20
L8387996,GR,GR-M,GR-M-71,35.2370995,25.4128011,Φραγμολίμνη Αποσελέμη (Aposelemis dam-lake),2026-09-24 14:24,124,108
L19422027,GR,GR-M,GR-M-71,35.1197588,25.1603557,Φραγμολίμνη Αρμανωγείων (Armanogia dam-lake),2026-08-22 07:54,82,26
L28032854,GR,GR-E,GR-E-22,39.5180523,22.2569952,Φραγμολίμνη Βούναινων (Vounena dam-lake),2026-03-19 15:30,12,1
L36989870,GR,GR-M,GR-M-71,35.1338756,25.1118737,Φραγμολίμνη Δαμανίων (Damania dam-lake),2026-07-27 20:15,66,13
L34659095,GR,GR-M,GR-M-71,35.0972622,25.2736189,Φραγμολίμνη Ινίου (Ini dam-lake),2026-08-08 09:00,46,6
L19469556,GR,GR-M,GR-M-71,35.07766,25.33894,Φραγμολίμνη Καραβάδου (Karavados dam-lake),2026-01-18 16:24,8,3
L27416170,GR,GR-E,GR-E-26,39.8199063,21.9324011,Φραγμολίμνη Λογγά (Loggas dam-lake),2024-10-11 12:45,22,3
L931735,GR,GR-M,GR-M-72,35.0422949,25.6983519,Φραγμολίμνη Μπραμιανών (Bramiana dam-lake),2026-06-16 07:38,147,72
L34656032,GR,GR-M,GR-M-71,35.1282264,25.2152043,Φραγμολίμνη Παρτήρων (Partiron dam-lake),2026-08-22 06:17,71,25
L70192212,GR,GR-C,GR-C-14,40.5632354,21.6714439,Φραγμολίμνη Περδίκκα  (Perdikkas Reservoir),2026-06-15 07:20,33,1
L42754271,GR,GR-M,GR-M-71,35.0702691,25.1399504,Φραγμολίμνη Πλακιώτισσας (Plakiotissa dam),2026-05-17 06:41,122,16
L19475860,GR,GR-M,GR-M-73,35.2805591,24.5730586,Φραγμολίμνη Ποταμών (Potamoi dam-lake),2026-08-22 08:06,81,29
L25491718,GR,GR-L,GR-L-65,37.1600296,24.5173549,"Φραγμολίμνη Στενού Σερίφου (Steno Reservoir, Serifos)",2025-11-12 12:30,39,5
L31031567,GR,GR-M,GR-M-71,35.0993007,24.854722,Φραγμολίμνη Φανερωμένης (Faneromeni  dam-lake),2026-05-25 09:51,82,13
L49831730,GR,GR-M,GR-M-73,35.3304652,24.4109885,Φραντζεσκιανά Μετόχια Ρεθύμνου (Frantzeskiana Metochia village),1984-07-14 00:00,25,2
L9291104,GR,GR-J,GR-J-43,36.678885,22.4107167,ΧΥΤΑ Αερόπολης (Areopoli landfill site),2025-09-25 18:00,59,5
L67833739,GR,GR-B,GR-B-10,40.8533951,22.434711,ΧΥΤΑ Γιαννιτσών (Giannitsa landfill),2026-05-13 15:15,16,1
L42278777,GR,GR-E,GR-E-22,39.795798,22.4229329,ΧΥΤΑ Λάρισας (Larisa landfill),2026-02-09 15:57,40,7
L931710,GR,GR-D,GR-D-18,40.0348108,20.7393122,Χαράδρα Αώου (Aoos gorge),2026-08-27 09:21,76,18
L9087669,GR,GR-I,GR-I-48,37.9614636,23.7079948,Χαροκόπειο Πανεπιστήμιο (Charokopio University),2026-09-20 09:16,54,117
L20531798,GR,GR-A,GR-A-05,40.871851,24.7007198,Χαϊδευτο (Chaidefto),2026-06-27 17:20,100,35
L5841062,GR,GR-B,GR-B-12,41.1156909,23.2332251,Χείμαρρος και γύρω περιοχή (Chimarros & surrounding area),2026-09-17 10:26,160,308
L72808591,GR,GR-K,GR-K-54,37.643234,26.234997,Χείμμαρος & παραλία Μηλεωπού (Mileopo stream & beach),2026-08-05 16:25,13,5
L3000616,GR,GR-F,GR-F-35,38.3776259,20.5370665,Χερσόνησος Άσσου (Assos peninsula),2026-09-23 08:36,55,25
L20613494,GR,GR-L,GR-L-60,36.3555186,25.397362,Χερσόνησος Ακρωτήρι Σαντορίνης (Akrotiri peninsula),2026-09-15 15:20,49,20
L1459669,GR,GR-M,GR-M-74,35.5618363,23.6034393,Χερσόνησος Γραμβούσας (Gramvousa peninsula),2026-09-19 19:00,95,37
L26947643,GR,GR-M,GR-M-72,35.2664503,25.7461691,Χερσόνησος Κολοκύθα (Kolokytha Peninsula),2026-08-16 06:29,68,19
L11113539,GR,GR-I,GR-I-52,37.94447,23.55993,"Χερσόνησος Κυνόσουρας Σαλαμίνας (Kynosoura peninsula, Salamis)",2026-09-26 09:30,90,52
L3000582,GR,GR-F,GR-F-35,38.2353936,20.3919411,Χερσόνησος Παλικής (Paliki peninsula),2026-07-14 00:00,82,8
L23706488,GR,GR-F,GR-F-32,39.717822,19.657083,Χερσόνησος Πόρτο Τιμόνι (Porto Timoni peninsula),2026-07-05 11:00,37,6
L18953271,GR,GR-M,GR-M-74,35.5848788,23.75187,Χερσόνησος Ροδοπού (Rodopos peninsula),2026-05-14 10:22,86,18
L62016650,GR,GR-D,GR-D-18,39.7488066,21.2304942,Χιονοδρομικό Kέντρο Ανηλίου (Anilio Ski Center),2023-06-27 11:30,13,1
L22799092,GR,GR-B,GR-B-08,40.3163156,22.2070972,Χιονοδρομικό Κέντρο Ελατοχωρίου (Elatochori ski center),2024-03-23 12:42,29,1
L36114118,GR,GR-C,GR-C-15,40.059014,21.083866,Χιονοδρομικό κέντρο Βασιλίτσας (Vasilitsa ski center),2025-09-12 11:30,55,4
L19232979,GR,GR-M,GR-M-74,35.55237,24.16381,Χορδάκι Χανίων (Chordaki village),2025-09-16 08:30,7,1
L20287314,GR,GR-K,GR-K-54,37.627674,26.514088,"Χρυσομηλιά Φούρνων (Xrysomilia village, Fournoi)",2022-07-25 09:07,7,0
L18822540,GR,GR-K,GR-K-53,39.2578789,26.1513788,Χωματόδρομος κεραίας Φίλιας (Filia mast track),2026-09-27 08:15,121,177
L20985422,GR,GR-M,GR-M-71,35.4161629,25.0111209,Χωράφια & γκρεμοί Αγίας Πελαγίας (Agia Pelagia fields & cliffs),2026-09-26 08:30,75,29
L31124707,GR,GR-M,GR-M-74,35.5356451,23.807773,Χωράφια & παραλία Καμισιανών (Kamisiana fields & beach),2026-09-26 11:45,88,38
L18954243,GR,GR-M,GR-M-74,35.5657936,24.0867975,Χωράφια Τερσανά (Tersanas fields),2026-05-23 16:35,40,4
L30102416,GR,GR-I,GR-I-52,36.1486517,22.9890058,"Χώρα Κυθήρων (Chora, Kythira)",2026-09-03 19:04,22,5
L20648711,GR,GR-L,GR-L-66,37.4467185,25.3288623,Χώρα Μυκόνου (Mykonos town),2026-09-26 11:15,59,110
L4842117,GR,GR-E,GR-E-25,39.1211951,23.7280982,Χώρα Σκοπέλου (Skopelos town),2026-08-20 08:00,54,17
L57320142,GR,GR-H,GR-H-29,38.90612,24.56557,Χώρα Σκύρου (Skyros town),2011-04-30 15:30,1,1
L22182594,GR,GR-M,GR-M-74,35.20188,24.13654,Χώρα Σφακίων (Chora Sfakion village),2026-06-20 19:00,52,22
L16346764,GR,GR-C,GR-C-15,40.1703666,21.5059348,Χώρος στάθμευσης Ταξιάρχη (Taxiarchis parking space),2025-09-08 16:47,26,6
