L54464212,KR,KR-41,,37.6635416,126.8668342, 고양--서삼릉(Goyang--Seosamneung Royal Tombs),2026-02-07 09:10,38,4
L22316484,KR,KR-26,,35.0055036,128.8258177,가덕도 외양포 일본국 포진지(Gadeokdo Oeyangpo Japanese Army Fortifications),2026-09-23 07:31,69,13
L34658465,KR,KR-51,,37.8667567,127.9824829,가리산자연휴양림(Garisan Recreational Forest),2025-01-30 09:52,6,1
L23114136,KR,KR-48,,35.8114707,128.1043088,가야산국립공원(Gayasan NP),2026-02-16 06:52,32,4
L77635528,KR,KR-41,,37.7675505,127.3318176,가평--경기도잣향기푸른숲(Gapyeong--Jathyanggi Pureunsup Forest),2026-09-24 14:20,16,1
L20753498,KR,KR-41,,37.7436863,127.352568,가평--아침고요수목원(Gapyeong--Garden of Morning Calm),2026-08-17 16:00,35,12
L31499085,KR,KR-41,,37.861641,127.469984,가평--용추계곡(Gapyeong--Yongchu Valley),2024-05-11 11:14,22,3
L34145261,KR,KR-51,,37.7676743,128.8806153,강릉 교동 산책로(Gangneung--Gyo-dong Hiking Trails),2024-06-23 10:55,6,1
L34145280,KR,KR-51,,37.7589594,128.8795424,강릉 솔올미술관(Gangneung--Sorol Art Museum),2024-06-23 12:14,10,2
L34145320,KR,KR-51,,37.7648347,128.8956493,강릉 화부산(Gangneung--Hwabusan (mountain)),2024-06-23 15:41,10,1
L29175858,KR,KR-51,,37.769387,128.953875,강릉--강릉항(Gangneung--Gangneung Harbor),2026-04-12 15:39,26,11
L25677669,KR,KR-51,,37.790978,128.9226309,강릉--강문해변(Gangneung--Gangmun Beach),2025-09-14 08:48,34,8
L4528060,KR,KR-51,,37.7991326,128.905474,강릉--경포도립공원(Gangneung--Gyeongpo Provincial Park),2026-09-17 18:12,159,183
L19576127,KR,KR-51,,37.7904904,128.8961827,강릉--경포도립공원-가시연습지(Gangneung--Gyeongpo Provincial Park-Gashiyeon Wetland),2026-09-17 18:12,98,44
L25675227,KR,KR-51,,37.7822022,128.8845866,강릉--경포생태저류지(Gangneung--Gyeongpo Eco Park),2026-07-04 19:10,68,14
L38324313,KR,KR-51,,37.7969751,128.9136279,강릉--경포천(Gangneung--Gyeongpocheon(stream)),2026-08-26 10:15,41,7
L55073672,KR,KR-51,,37.805398,128.908243,강릉--경포해변(Gangneung--Gyeongpo Beach),2026-08-29 07:10,20,4
L8406717,KR,KR-51,,37.7695635,128.9458735,강릉--남대천 하구(Gangneung--Namdaecheon Estuary),2026-09-18 11:04,147,123
L19576010,KR,KR-51,,37.7664691,128.9176846,강릉--남대천(Gangneung--Namdaecheon(stream)),2026-08-22 15:49,77,19
L13834697,KR,KR-51,,37.8326501,128.8722301,강릉--사천 하구(Gangneung--Sacheon Estuary),2025-11-07 14:16,67,11
L38324156,KR,KR-51,,37.8353832,128.8769878,강릉--사천진항(Gangneung--Sacheonjin Harbor),2026-07-09 18:12,25,5
L23320757,KR,KR-51,,37.7867526,128.8853165,강릉--선교장(Gangneung--Seongyojang House),2025-04-01 15:12,26,4
L38324224,KR,KR-51,,37.9058936,128.8303828,강릉--아들바위공원(Gangneung--Adeul Rock Park),2026-01-24 11:56,6,1
L13834623,KR,KR-51,,37.8613098,128.8469387,강릉--연곡천 하구(Gangneung--Yeongokcheon Estuary),2026-02-27 11:17,93,30
L38324260,KR,KR-51,,37.8911965,128.8313913,강릉--주문진항(Gangneung--Jumunjin Harbor),2026-01-24 11:35,13,2
L34658118,KR,KR-41,,37.9693051,127.4088764,강씨봉자연휴양림(Gangssibong Recreational Forest)
L38436630,KR,KR-46,,34.5341318,126.7815341,강진--가우도(Gangjin--Gau-do(island))
L28391891,KR,KR-46,,34.618779,126.7726807,강진--강진만 생태공원(Gangjin--Gangjin Bay Eco Park),2026-09-25 11:55,114,25
L38436573,KR,KR-46,,34.5929741,126.7708373,강진--덕남항(Gangjin--Deoknam Harbor),2025-10-18 10:00,28,3
L38436582,KR,KR-46,,34.599357,126.7828114,강진--송노리 해안(Gangjin--Songno-ri Coast),2026-01-17 13:50,55,3
L38436607,KR,KR-46,,34.5467038,126.7973328,강진--탐진강-장계리(Gangjin--Tamjingang(river)-Janggye-ri),2025-11-16 09:33,32,2
L17074874,KR,KR-28,,37.7872839,126.2722649,강화--교동도(Ganghwa--Gyodong-do(island)),2026-09-26 15:11,200,465
L51635072,KR,KR-28,,37.7511978,126.4849949,강화도--강화고려궁지(Ganghwa-do--Goryeogung Palace Site),2025-08-07 13:15,4,1
L51634944,KR,KR-28,,37.7739543,126.4357924,강화도--강화역사박물관(Ganghwa-do--Ganghwa History Museum),2026-07-04 15:09,20,3
L13802582,KR,KR-28,,37.6924588,126.4128135,강화도--건평리 들판(Ganghwa-do--Geonpyeong-ri Farmfields),2026-06-08 14:28,81,10
L5843589,KR,KR-28,,37.589479,126.4618635,강화도--남단 갯벌(Ganghwa-do--Southern Tidal Flats),2026-09-26 07:05,197,186
L5856268,KR,KR-28,,37.5996122,126.425128,강화도--남단 농경지(Ganghwa-do--Southern Rice Fields),2026-09-24 11:09,190,141
L8884140,KR,KR-28,,37.6492748,126.5256095,강화도--덕진진(Ganghwa-do—Deokjinjin Fort),2026-08-16 14:03,64,21
L28160659,KR,KR-28,,37.6292121,126.4673431,강화도--덕포리 길정천 인근 농경지(Ganghwa-do--Deokpo-ri Giljeongcheon & Farmland),2026-09-28 08:22,123,111
L13802641,KR,KR-28,,37.7496726,126.3748564,강화도--망월리 들판(Ganghwa-do--Mangwol-ri Farmfields),2026-09-26 15:10,87,39
L26396320,KR,KR-28,,37.5979611,126.4955216,강화도--선두5리 선착장(Ganghwado--Seondu-5-ri Tidal Flats),2026-09-18 08:37,109,90
L36961052,KR,KR-28,,37.60039,126.495713,강화도--스푼빌카페(Ganghwa-do--Spoonbill Cafe),2026-09-20 15:30,59,12
L13844529,KR,KR-28,,37.6067872,126.386669,강화도--여차리 갯벌(Ganghwa-do--Yeocha-ri Tidal Flats),2026-09-25 14:45,123,35
L53172435,KR,KR-28,,37.5953001,126.4012962,강화도--여차리 물꽝(Ganghwa-do--Yeocha-ri Reservoir),2026-09-28 11:54,121,46
L24491420,KR,KR-28,,37.7018285,126.5095211,강화도--연리(Ganghwa-do--Yeon-ri),2026-09-26 10:49,90,33
L16662574,KR,KR-28,,37.7706277,126.5121951,강화도--연미정(Ganghwa-do--Yeonmijeong Pavilion),2025-09-13 16:23,52,12
L23672910,KR,KR-28,,37.7942959,126.3713716,강화도--인화리(Ganghwa-do--Inhwa-ri),2025-07-28 19:05,43,7
L25624917,KR,KR-28,,37.6175288,126.3773632,강화도--장화리 일몰조망지(Ganghwa-do--Janghwari Sunset Watching Site),2026-09-24 17:22,72,12
L4964066,KR,KR-28,,37.6328243,126.4849091,강화도--전등사(Ganghwa-do--Jeondeungsa(temple)),2026-09-18 09:47,106,124
L15067252,KR,KR-28,,37.745056,126.4482817,강화도--청련사(Ganghwa-do--Cheongryeonsa(temple)),2026-07-04 14:35,65,40
L37019048,KR,KR-28,,37.6188305,126.5247716,강화도--초지리 들판(Ganghwa-do--Choji-ri Farmfields),2026-09-28 06:34,102,111
L39216007,KR,KR-28,,37.623418,126.5392184,강화도--황산도(Ganghwa-do--Hwangsan-do),2026-08-19 17:38,68,12
L27007451,KR,KR-28,,37.5931981,126.4253546,강화도--흥왕저수지(Ganghwa-do--Heungwang Reservoir),2026-09-17 09:12,76,31
L34657485,KR,KR-51,,38.0809668,128.1277084,갯골자연휴양림(Gaetgol Recreational Forest),2026-04-24 15:17,21,1
L14028816,KR,KR-48,,34.7556255,128.6257901,거제--가라산(Geoje--Garasan (mountain)),2025-06-06 12:24,34,3
L14028427,KR,KR-48,,34.7413393,128.6544376,거제--갈곶리(Geoje--Galgot-ri),2024-09-16 15:55,19,2
L4538213,KR,KR-48,,34.7841022,128.629657,거제--거제자연휴양림(Geoje--Geoje Natural Recreation Forest),2026-06-14 12:42,55,8
L60031670,KR,KR-48,,34.72292,128.5907543,거제--근포마을땅굴(Geoje--Geunpo Village Cave),2026-03-11 15:30,2,0
L28492494,KR,KR-48,,34.7865417,128.7141127,거제--내도(Geoje--Nae-do (Island))
L32949826,KR,KR-48,,34.777587,128.6103063,거제--노자산-남서쪽 사면(Geoje--Nojasan (mountain)-Southwest),2024-08-16 17:36,24,4
L38366723,KR,KR-48,,34.7350007,128.6276967,거제--다대항(Geoje--Dadae Harbor)
L57708388,KR,KR-48,,34.8308196,128.5935545,거제--산촌습지(Geoje--Sanchon Wetland),2026-06-14 14:26,18,2
L60942105,KR,KR-48,,34.9010919,128.6401071,거제--연초천(Geoje--Yeonchocheon(stream)),2026-03-29 11:50,16,0
L59306494,KR,KR-48,,34.8884984,128.4844137,거제--오량천 하구(Geoje--Oryangcheon Estuary),2026-02-28 13:20,5,1
L28492479,KR,KR-48,,34.8215192,128.7501097,거제--지심도(Geoje--Jisim-do (Island)),2026-01-21 10:41,30,4
L11228667,KR,KR-48,,34.7692752,128.6378447,거제--학동리(Geoje-do--Hakdong-ri),2025-05-31 09:16,46,6
L8442647,KR,KR-51,,38.4675524,128.4510341,거진 <-> 대진 해안(Goseong--Geojin-Daejin Coast General Area),2025-02-19 14:02,71,22
L28492229,KR,KR-51,,38.4193815,128.4642166,거진--반암해변(Geojin--Banam Beach),2026-08-11 10:38,48,10
L53821034,KR,KR-48,,35.6537395,127.9419279,거창--거창창포원(Geochang--Geochang Iris Garden Park)
L66156888,KR,KR-48,,35.7676744,127.8263815,거창--수승대 출렁다리(Geochang--Suseungdae Chulleong Bridge),2026-05-09 11:00,6,2
L10680795,KR,KR-47,,36.558575,129.434064,경북 대진항(Gyeongsangbuk--Daejin Harbor),2020-01-31 15:00,22,1
L28731578,KR,KR-27,,35.8903373,128.6114868,경북대학교 대구캠퍼스(Kyungpook National University Daegu Campus),2026-04-02 11:07,12,1
L29216722,KR,KR-47,,35.8918263,128.7852322,경산--금호강(Gyeongsan--Geumhogang(river)),2025-06-02 07:45,38,2
L8123678,KR,KR-47,,35.833343,129.219136,경주--계림(Gyeongju--Gyerim Forest),2026-09-02 11:11,36,13
L8123668,KR,KR-47,,35.834016,129.222897,경주--관광특구(Gyeongju--General Tourist Area),2026-09-28 10:08,110,190
L6533255,KR,KR-47,,35.8293995,129.2278406,경주--국립경주박물관(Gyeongju--Gyeongju National Museum),2026-06-17 09:56,45,21
L41689496,KR,KR-47,,35.8309666,129.2225563,경주--남천-인왕동(Gyeongju--Namcheon(stream)-Inwang-dong),2026-07-01 15:27,31,2
L28108017,KR,KR-47,,35.8292266,129.21881,경주--남천와 월정교(Gyeongju--Namcheon Stream & Woljeong Bridge),2026-09-23 11:30,61,37
L6533252,KR,KR-47,,35.8383846,129.2119351,경주--대릉원경주시 사적공원(Gyeongju--Daereungwon Tomb Complex),2026-09-28 10:08,45,51
L57999952,KR,KR-47,,35.8498742,129.2628622,경주--동공원(Gyeongju--East Palace Garden)
L8123679,KR,KR-47,,35.832551,129.228684,경주--동궁과월지(Gyeongju--Donggung Palace and Wolji Pond),2026-09-24 09:39,47,15
L40650787,KR,KR-47,,35.8439373,129.2756522,경주--보문호(Gyeongju--Bomun Lake),2026-08-09 07:43,71,14
L29549001,KR,KR-47,,36.0115005,129.2638989,경주--안계저수지(Gyeongju--Angye Reservoir),2024-02-28 12:58,16,1
L11196051,KR,KR-47,,36.0016147,129.2538128,경주--양동마을(Gyeongju--Yangdong Folk Village),2026-06-13 18:51,24,7
L8123803,KR,KR-47,,35.8228538,129.208097,경주--오릉(Gyeongju--Five Royal Tombs),2026-07-31 13:03,43,9
L74786934,KR,KR-47,,36.0116,129.1632,경주--옥산서원(Gyeongju--Oksanseowon Confucian Academy),2026-08-01 15:58,17,2
L8123921,KR,KR-47,,35.831768,129.220493,경주--월성(Gyeongju--Wolseong Fortess),2026-06-07 14:39,44,18
L57579381,KR,KR-47,,35.6525483,129.4505834,경주--지경항(Gyeongju--JIgyeong Harbour),2026-01-24 12:42,9,1
L8128488,KR,KR-47,,35.8001432,129.3087253,경주--하동저수지(Gyeongju--Hadong Reservoir),2026-03-28 09:11,47,3
L8128155,KR,KR-47,,35.8390786,129.2010636,경주--형산강(Gyeongju--Hyeongsangang(River)),2026-05-10 11:04,96,31
L57997736,KR,KR-47,,35.8585179,129.2144108,경주--황성공원(Gyeongju--Hwangseong Park),2026-09-23 07:18,18,2
L57999810,KR,KR-47,,35.7483636,129.4773548,경주국립공원--감은사(Gyeongju NP--Gameunsa(temple))
L57999616,KR,KR-47,,35.8864884,129.135146,경주국립공원--구미산(Gyeongju NP--Gumisan(mountain))
L7942678,KR,KR-47,,35.7918018,129.2267597,경주국립공원--남산(Gyeongju NP--Namsan(mountain)),2025-12-10 00:00,47,9
L57999257,KR,KR-47,,35.7945464,129.0888619,경주국립공원--단석산(Gyeongju NP--Danseoksan(mountain))
L57999400,KR,KR-47,,35.8592699,129.231259,경주국립공원--백률사(Gyeongju NP--Baengnyulsa(temple))
L12805988,KR,KR-47,,35.7401518,129.4839067,경주국립공원--봉길대왕암해변(Gyeongju NP--Bonggil Daewangam Beach),2019-02-04 13:00,9,1
L6308140,KR,KR-47,,35.7895238,129.3326794,경주국립공원--불국사(Gyeongju NP--Bulguksa(Temple)),2026-09-16 14:16,63,55
L54776565,KR,KR-47,,35.794558,129.350078,경주국립공원--석굴암(Gyeongju NP--Seokguram Grotto),2026-07-26 11:29,23,6
L57999433,KR,KR-47,,35.8341932,129.1750789,경주국립공원--선도산(Gyeongju NP--Seondosan(mountain))
L57999708,KR,KR-47,,35.8509186,129.1857862,경주국립공원--송화산(Gyeongju NP--Songhwasan(mountain))
L57999868,KR,KR-47,,35.8782493,129.3348466,경주국립공원--암곡탐방로(Gyeongju NP--Amgok Trail)
L57999570,KR,KR-47,,35.8943353,129.1461694,경주국립공원--용담정(Gyeongju NP--Yongdamjeong)
L57999314,KR,KR-47,,35.8017691,129.3453133,경주국립공원--토함산(Gyeongju NP--Tohamsan(mountain))
L13834784,KR,KR-51,,37.820223,128.8877701,경포도립공원--순포습지(Gyeongpo Provincial Park--Sunpo Wetland),2026-06-23 17:03,78,27
L5563761,KR,KR-44,,36.3533094,127.2200489,계룡산국립공원 동학사(Gyeryongsan NP--Donghaksa (temple)),2026-01-06 16:43,63,24
L2834293,KR,KR-44,,36.3425077,127.2055435,계룡산국립공원(Gyeryongsan NP),2026-06-19 11:00,79,44
L32345022,KR,KR-44,,36.3654573,127.1873474,계룡산국립공원--갑사(Gyeryongsan NP--Gapsa(temple)),2025-07-13 05:00,30,5
L34691442,KR,KR-47,,36.4157052,128.9467692,계명산자연휴양림(Gyemyeongsan Recreational Forest)
L21785855,KR,KR-47,,35.8345602,128.441005,고령 주을저수지(Goryeong--Jueul Reservoir)
L34691339,KR,KR-45,,35.9609177,127.2334385,고산자연휴양림(Gosan Recreational Forest)
L56121955,KR,KR-51,,38.3737896,128.5089177,고성--가진해변(Goseong--Gajin Beach),2026-01-31 13:21,16,3
L8448042,KR,KR-51,,38.4377319,128.4516993,고성--거진 자산천 하구(Goseong--Geojin Jasancheon (stream) Estuary),2026-09-18 13:14,57,18
L8448022,KR,KR-51,,38.4463807,128.457831,고성--거진항(Goseong--Geojin Harbor),2026-02-24 15:14,76,44
L13047786,KR,KR-51,,38.4496027,128.4662233,고성--거진헤드랜드(Goseong--Geojin Headland),2025-12-28 11:30,92,75
L39190394,KR,KR-51,,38.402162,128.378279,고성--건봉사(Goseong--Geonbongsa (temple)),2025-01-05 08:01,6,1
L39188609,KR,KR-51,,38.35878,128.508268,고성--공현진2리해변(Goseong--Gonghyeonjin 2-ri Beach),2026-02-11 17:18,49,8
L55981363,KR,KR-51,,38.3538932,128.5130857,고성--공현진항(Goseong--Gonghyeonjin harbor),2026-01-25 15:00,5,1
L38323828,KR,KR-51,,38.3829104,128.4892415,고성--남천(Goseong--Namcheon(stream)),2025-12-13 08:19,56,2
L5298217,KR,KR-51,,38.4907323,128.4303474,고성--대진 초도해변(Goseong--Daejin Chodo Beach),2026-02-02 10:24,80,75
L8448034,KR,KR-51,,38.5054041,128.423015,고성--대진1리해변(Goseong--Daejin-1-ri Beach),2026-02-12 10:40,56,17
L8443258,KR,KR-51,,38.5035267,128.4282317,고성--대진등대(Goseong--Daejin-ri Lighthouse),2026-01-09 08:34,55,26
L9359464,KR,KR-51,,38.499751,128.4279763,고성--대진항(Goseong--Daejin Harbor),2026-09-18 09:23,126,190
L59109015,KR,KR-48,,34.9858898,128.3211762,고성--독수리 생태학습장(Goseong--Vulture Eco Study Center),2026-02-24 11:00,8,2
L40343566,KR,KR-48,,35.0100404,128.3592367,고성--마동호습지(Goseong--Madongho Wetland)
L56413440,KR,KR-51,,38.543725,128.405738,고성--명파해변(Goseong--Myeongpa Beach),2026-04-02 12:00,37,7
L8448046,KR,KR-51,,38.296567,128.5430415,고성--문암천(Goseong--Munamcheon (stream)),2026-09-18 14:49,65,47
L29583143,KR,KR-51,,38.2958333,128.55,고성--문암항(Goseong--Munam Harbor),2026-09-18 13:59,78,127
L57550794,KR,KR-51,,38.4504043,128.4678715,고성--백섬해상전망대(Goseong--Baekseom Island Marine Observatory),2026-01-23 16:17,24,6
L69124369,KR,KR-51,,38.253005,128.566273,고성--봉포해변(Goseong--Bongpo beach),2026-06-06 11:40,2,1
L38323809,KR,KR-51,,38.3994086,128.4740066,고성--북천(Goseong--Bukcheon(stream)),2026-09-05 14:15,47,14
L38192154,KR,KR-51,,38.3353718,128.5151749,고성--송지호철새도래지(Goseong--Songji Lake Migratory Bird Habitat),2026-08-11 16:55,85,21
L40343620,KR,KR-48,,34.9639002,128.3184109,고성--수남유수지생태공원(Goseong--Sunam Reservoir Eco Park),2026-01-25 11:00,31,3
L10680679,KR,KR-51,,38.2723072,128.5571299,고성--아야진항(Goseong--Ayajin Harbour),2026-09-18 15:59,112,182
L38323913,KR,KR-51,,38.2784577,128.5533892,고성--아야진해변(Goseong--Ayajin Beach),2026-02-01 12:46,69,29
L37894873,KR,KR-51,,38.464068,128.427366,고성--죽정습지(Goseong--Jukjeong Marsh),2026-08-26 09:10,79,20
L17551329,KR,KR-51,,38.2647447,128.5583724,고성--청간정(Goseong--Cheongganjeong Pavilion),2026-09-18 16:16,119,350
L57551075,KR,KR-51,,38.4867485,128.4385285,고성--초도항(Goseong--Chodo Harbor),2026-01-25 08:47,15,3
L8448028,KR,KR-51,,38.4752841,128.4362785,고성--화진포 호수(Goseong--Hwajinpo Lake),2026-05-23 11:53,184,103
L35037496,KR,KR-48,,34.9707618,128.2678699,고성갈모봉자연휴양림(Goseong Galmobong Recreational Forest)
L25107938,KR,KR-41,,37.6333078,126.8427705,고양 화정동 숲(Goyang--Gwajeong-dong Forest),2026-05-02 14:03,37,7
L23740335,KR,KR-41,,37.6844987,126.7436971,고양--고양생태공원(Goyang--Goyang Eco Park),2026-09-23 15:04,88,63
L56451826,KR,KR-41,,37.6029528,126.8120742,고양--고양한강평화공원(Goyang--Goyang Hangang Peace Park),2026-03-11 10:33,29,2
L17860200,KR,KR-41,,37.681928,126.8868336,고양--공릉천-대자동(Goyang--Gongneungcheon(stream)-Daeja-dong),2026-09-27 14:05,119,300
L10373960,KR,KR-41,,37.7097582,126.8448326,고양--공릉천-중류(Goyang--Gongneungcheon(stream)-midstream),2026-06-07 18:20,104,61
L54940884,KR,KR-41,,37.6602782,126.8725111,고양--농협대학교(Goyang--Agricultural Cooperative University),2026-03-29 08:00,37,7
L22403347,KR,KR-41,,37.5890097,126.8386226,고양--대덕생태공원(Goyang--Daedeok Eco Park),2026-04-15 12:32,87,30
L64922482,KR,KR-41,,37.6267164,126.8590441,고양--도내로(Goyang--Donae Ro),2026-05-02 13:08,6,2
L23150837,KR,KR-41,,37.6328121,126.9026826,고양--서오릉 세계문화유산(Goyang--Seooreung Royal Tomb UNESCO World Heritage),2026-08-12 07:04,78,45
L64922912,KR,KR-41,,37.614898,126.8472804,고양--성사천(Goyang--Seongsacheon(stream)),2026-05-02 12:00,9,2
L57524945,KR,KR-41,,37.681808,126.7549646,고양--성저공원(Goyang--Seongjeo Park),2026-09-26 14:59,17,2
L1094699,KR,KR-41,,37.6562645,126.764775,고양--일산호수공원(Goyang--Ilsan Lake Park),2026-09-03 09:04,112,127
L67142747,KR,KR-41,,37.6730228,126.7533991,고양--장촌공원(Goyang--Jangchon Park),2026-04-13 00:00,1,0
L10278935,KR,KR-41,,37.6354993,126.764667,고양--장항습지(Goyang--Janghang Wetland),2026-02-12 14:01,64,10
L21939734,KR,KR-41,,37.6623911,126.7787829,고양--정발산공원(Goyang--Jeongbalsan Park),2026-06-05 06:30,63,87
L64923463,KR,KR-41,,37.6258202,126.8281459,고양--지도공원(Goyang--Jido Park),2026-05-05 13:51,18,2
L55334703,KR,KR-41,,37.5973001,126.8370046,고양--창릉천-강매동(Goyang--Changneungcheon(stream)-Gangmae-dong),2026-08-19 08:40,54,7
L39504846,KR,KR-41,,37.6433842,126.8786602,고양--창릉천-삼송동(Goyang- -Changneungcheon(stream)-Samsong-dong),2026-07-11 06:38,69,29
L39502759,KR,KR-41,,37.6457933,126.9211049,고양--창릉천-은덕교(Goyang--Changneungcheon(stream)-Eundeoggyo(bridge)),2026-06-24 12:28,37,8
L22249027,KR,KR-41,,37.6592386,126.7544398,고양--한류수변공원 & 한류천(Goyang--Hanryu Waterside Park & Hanryucheon(stream)),2026-09-04 17:05,56,11
L21742419,KR,KR-45,,35.5113211,126.5165015,고창--고전리(Gochang--Gojeon-ri),2026-09-19 13:04,75,16
L23193001,KR,KR-45,,35.4429246,126.4345354,고창--구시포해수욕장(Gochang--Gushipo Beach),2026-08-13 15:58,140,164
L5410494,KR,KR-45,,35.547673,126.719785,고창--동림저수지(Gochang--Dongrim Reservoir),2026-09-26 16:16,96,21
L38368693,KR,KR-45,,35.5195267,126.4864844,고창--동호항(Gochang--Dongho Harbor),2026-07-16 15:19,60,7
L23193228,KR,KR-45,,35.5272862,126.5420386,고창--람사르고창갯벌센터(Gochang--Ramsar Gochang Tidal Flat Center),2026-09-19 11:13,134,41
L42408472,KR,KR-45,,35.4694956,126.4535809,고창--명사십리해변(Gochang--Myeongsashim-ri Beach),2026-07-16 14:53,57,12
L38368745,KR,KR-45,,35.5739596,126.6345638,고창--상포마을 갯벌(Gochang--Sangpo Village Tidal Flats),2026-04-14 11:23,68,6
L23193167,KR,KR-45,,35.5305362,126.5131458,고창--서해안 바람공원(Gochang--West Coast Baram Park),2026-09-19 11:43,113,22
L23193095,KR,KR-45,,35.4652255,126.6426485,고창--운곡람사르습지 (Gochang--Ungok Ramsar Wetland),2026-07-01 16:31,98,24
L38368708,KR,KR-45,,35.5115081,126.4982003,고창--해리천 습지(Gochang--Haericheon(stream) Wetland),2026-09-19 15:53,121,84
L38368770,KR,KR-45,,35.5462605,126.6757358,고창--후포마을 하천(Gochang--Hupo Village Stream),2025-12-17 15:38,15,2
L28319546,KR,KR-46,,34.6241112,127.2246498,고흥--고흥호(Goheung--Goheung Lake),2026-08-09 06:02,122,39
L35310454,KR,KR-46,,34.542855,127.28771,고흥--금탑사(Goheung--Geumtapsa(temple)),2024-07-30 14:16,12,1
L35310481,KR,KR-46,,34.531818,127.214607,고흥--오마리저수리(Goheung--Oma-ri Reservoir),2024-07-30 13:33,4,1
L35279360,KR,KR-46,,34.584413,127.38609,고흥--해창만(Goheung--Haechangman),2026-03-01 14:03,21,1
L56171004,KR,KR-46,,35.2734489,127.3243521,곡성--섬진강 침실습지(Gokseong--Seomjingang Chimshil Wetland)
L24761289,KR,KR-46,,35.3179791,127.2177529,곡성--제월섬(Gokseong--Jewol Seom (island)),2023-05-28 11:30,3,1
L34690570,KR,KR-51,,37.7060288,128.0114079,공작산자연휴양림(Gongjaksan Recreational Forest)
L28474492,KR,KR-44,,36.4630559,127.1266866,공주--공산성(Gongju--Gongsanseong (Fortress)),2026-07-14 10:54,48,8
L7453583,KR,KR-44,,36.4660997,127.1284791,공주--금강(Gongju--Geumgang (river)),2025-12-18 14:00,50,6
L38627836,KR,KR-44,,36.4797346,127.1321845,공주--정안천(Gongju--Jeongancheon(stream)),2025-09-15 16:40,41,4
L38861350,KR,KR-44,,36.4819013,127.1425612,공주--중산천 일대(Gongju--Jongsancheon(stream)),2025-05-07 09:40,45,6
L11208947,KR,KR-41,,37.4448508,126.9665587,과천--관악산(Gwacheon--Gwanaksan(mountain)),2026-04-01 13:19,65,35
L6183722,KR,KR-41,,37.4263272,127.0235711,과천--서울대공원(Gwacheon--Seoul Grand Park),2026-09-25 13:07,58,23
L30022044,KR,KR-41,,37.4146691,127.0392711,과천--청계산(Gwacheon--Cheonggyesan(mountain)),2026-06-26 12:04,47,26
L57902558,KR,KR-41,,37.465406,126.85727,광명--도덕산(Gwangmyeong--Dodeoksan(mountain)),2026-04-29 13:32,36,9
L56016628,KR,KR-41,,37.47806,126.874361,광명--안양천 징검여울(Gwangmyeong--Anyangcheon Jinggeom-yeoul),2026-09-04 18:31,40,21
L36328710,KR,KR-41,,37.4586149,126.8700282,광명--안터생태공원(Gwangmyeong--Anteo Eco Park),2026-05-04 14:43,22,8
L57806040,KR,KR-46,,34.9472714,127.7012701,광양-- 마동생태공원(Gwangyang--Madong Eco Park)
L57805951,KR,KR-46,,34.9598976,127.7604875,광양-- 배알도수변공원(Gwangyang--Baealdo Seaside Park)
L8573819,KR,KR-46,,35.0017492,127.6123738,광양--동천내하천공원(Gwangyang--Dongcheon Naehacheon Park),2026-07-09 16:44,35,3
L57805861,KR,KR-46,,35.0473783,127.7149999,광양--비평제(Gwangyang--Bipyeongje Reservoir)
L57805889,KR,KR-46,,35.0500464,127.6930511,광양--황죽교(Gwangyang--Hwangjuk Bridge)
L38651974,KR,KR-29,,35.1556878,126.8572104,광주--5·18기념공원(Gwangju--5·18 Memorial Park),2026-06-21 07:12,28,11
L2028017,KR,KR-29,,35.179609,126.942671,광주--각화제(Gwangju--Gakhwa Reservoir),2025-03-11 14:15,69,61
L11904757,KR,KR-41,,37.4590022,127.3037982,광주--경안천습지생태공원(Gwangju--Gyeongancheon Wetlands Eco Park),2026-09-26 07:09,179,541
L28954793,KR,KR-41,,37.4732358,127.3008538,광주--광동청정습지공원(Gwangju--Gwangdong Cheongjeong Pavilion Wetlands),2026-09-12 12:37,53,19
L17029112,KR,KR-29,,35.146725,126.910242,광주--광주공원(Gwangju--Gwangju Park),2025-11-03 16:41,25,6
L16709384,KR,KR-29,,35.1405154,126.8108494,광주--광주공항(Gwangju--Gwangju Airport),2026-05-10 14:18,17,15
L68836994,KR,KR-29,,35.089818,126.8825943,광주--광주시립수목원(Gwangju--Gwangju Arboretum)
L2102151,KR,KR-29,,35.1855046,127.0007556,광주--광주호호수생태원(Gwangju--Gwangju Lake Eco Park),2026-09-13 14:10,107,52
L17028421,KR,KR-29,,35.1375637,126.9206599,광주--남광주천-남광교(Gwangju--Gwangjucheon(stream)-Namgwang Bridge),2026-09-28 10:11,59,77
L24665185,KR,KR-29,,35.1419325,126.9118363,광주--사직공원(Gwangju--Sajik Park),2026-06-18 08:31,32,10
L52235348,KR,KR-29,,35.1591728,126.7360413,광주--송산공원(Gwangju--Songsan Park),2004-11-17 10:00,1,1
L12806061,KR,KR-29,,35.0654207,126.759147,광주--승촌보공원(Gwangju--Seungchonbo Park),2019-03-02 10:00,9,1
L23602941,KR,KR-29,,35.138922,126.9111311,광주--양림산(Gwangju--Yangnimsan (mountain)),2026-05-09 21:25,11,2
L60870903,KR,KR-29,,35.2030548,126.8727486,광주--양산호수공원(Gwangju--Yangsan Lake Park)
L2088052,KR,KR-29,,35.1789999,126.8511486,광주--영산강-동림동(Gwangju--Yeongsangang(river)-Dongnim-dong),2025-01-23 08:00,81,17
L17645484,KR,KR-29,,35.1526301,126.8246094,광주--영산강-우산동(Gwangju--Yeongsangang(river)-Usan-dong),2026-08-27 10:53,45,10
L57964182,KR,KR-29,,35.1416929,126.7838973,광주--장록습지(Gwangju--Jangrok Wetland),2026-06-07 07:37,31,3
L33576486,KR,KR-29,,35.1755096,126.9071102,광주--전남대학교 광주캠퍼스(Gwangju--Chonnam National University),2026-09-28 12:05,91,215
L27727978,KR,KR-41,,37.400845,127.221953,광주--중대물빛공원(Gwangju--Jungdae Mulbit Park ),2024-12-15 15:23,25,4
L60870817,KR,KR-29,,35.1823455,126.886005,광주--중외공원(Gwangju--Jungoe Park)
L29158876,KR,KR-41,,37.508463,127.317295,광주--팔당물안개공원(Gwangju--Paldang Mulangae Park),2026-09-27 11:00,41,5
L22851431,KR,KR-41,,37.5060236,127.29455,광주--팔당호(Gwangju--Paldang Lake),2026-02-27 16:16,68,27
L34464286,KR,KR-29,,35.1273592,126.8711323,광주--풍암저수지(Gwangju--Pungam Reservoir),2026-08-26 10:23,17,3
L30500144,KR,KR-41,,37.3407885,127.2896206,광주--화담숲(Gwangju--Hwadam Botanical Garden),2026-05-26 15:02,9,2
L27371735,KR,KR-41,,37.3963828,127.2537731,광주시--경안천(Gwangju--Gyeongancheon (stream)),2026-03-23 23:46,60,24
L30437038,KR,KR-41,,37.3809931,127.3003141,광주시--곤지암천 신일교-쌍용교(Gwangju--Gonjiamcheon(stream)--Shinil to Ssangyong Bridge),2026-02-07 11:47,51,17
L34657444,KR,KR-51,,38.1439738,128.0716181,광치자연휴양림(Gwangchi Recreational Forest),2025-06-07 13:47,12,2
L58746089,KR,KR-43,,36.8069252,128.0286669,괴산--수옥폭포(Goesan--Suok Waterfall)
L58745797,KR,KR-43,,36.669455,127.8103852,괴산--화양계곡(Goesan--Hwayang Valley)
L38085757,KR,KR-28,,37.7949822,126.2928332,교동도--고구저수지(Gyodong-do--Gogu Reservoir),2026-08-23 14:50,59,18
L38539506,KR,KR-28,,37.776182,126.230143,교동도--난정저수지(Gyodong-do--Nanjeong Reservoir),2026-09-26 14:17,71,14
L29594592,KR,KR-50,,33.43868,126.66245,교래자연휴양림(Gyorae Recreational Forest),2026-06-03 10:07,44,21
L11182233,KR,KR-41,,37.6212238,127.131468,구리--동구릉(Guri--Donggureung Royal Tombs (UNESCO World Heritage)),2026-07-17 09:12,93,155
L67041468,KR,KR-41,,37.5821753,127.1385236,구리--장자호수공원(Guri--Jangja Lake Park)
L28843244,KR,KR-47,,36.13853,128.352,구미--지산샛강생태공원(Gumi--Jisan Saetgang Eco Park),2026-02-15 16:40,35,14
L28807758,KR,KR-47,,36.2248843,128.3505725,구미--해평습지(Gumi--Haepyung Wetland),2026-08-17 07:53,128,64
L34691360,KR,KR-47,,37.0631224,129.2905855,구수곡자연휴양림(Gusugok Recreational Forest),2024-07-19 16:26,8,1
L35037900,KR,KR-48,,35.1283927,127.7422754,구재봉자연휴양림(Gujaebong Recreational Forest)
L16294821,KR,KR-50,,33.497293,126.911321,구좌--종달항(Gujwa--Jongdal Harbor),2026-09-23 08:37,101,76
L35038394,KR,KR-41,,37.7737169,126.9422364,국림아세안자연휴양림(Asean National Recreational Forest),2026-06-26 08:50,5,2
L34690715,KR,KR-51,,37.4245027,128.573513,국립가리왕산자연휴양림(Gariwangsan National Recreational Forest)
L34691412,KR,KR-47,,36.7453494,129.2332935,국립검마산자연휴양림(Geommasan National Recreational Forest)
L35037604,KR,KR-48,,34.7526144,128.0165577,국립남해편백자연휴양림(Namhae Byeonbaek National Recreational Forest)
L35037180,KR,KR-26,,35.3015895,129.1854429,국립달음산자연휴양림(Daleumsan National Recreational Forest)
L34690533,KR,KR-51,,37.712887,128.7881756,국립대관령자연휴양림(Daegwallyeong National Recreational Forest)
L34690866,KR,KR-47,,36.6708973,127.9619694,국립대야산자연휴양림(Daeyasan National Recreational Forest)
L34691041,KR,KR-45,,35.9065712,127.8143406,국립덕유산자연휴양림(Deokyusan National Recreational Forest)
L35038196,KR,KR-28,,37.3890326,126.4091849,국립무의도자연휴양림(Muuido National Recreational Forest),2026-05-25 18:27,26,2
L34657588,KR,KR-51,,37.9489354,128.5118866,국립미천골자연휴양림(Micheongol National Recreational Forest)
L34691157,KR,KR-46,,35.4440296,126.7514133,국립방장산자연휴양림(Bangjangsan National Recreational Forest),2025-10-14 17:11,7,0
L34690678,KR,KR-51,,37.2663004,127.9405975,국립백운산자연휴양림(Baekunsan National Recreational Forest)
L34691145,KR,KR-45,,35.5819426,126.5253782,국립변산자연휴양림(Byeonsan National Recreational Forest),2025-04-24 12:10,7,1
L34657719,KR,KR-51,,38.1437375,127.4731636,국립복주산자연휴양림(Bokjusan National Recreational Forest),2024-10-08 13:51,2,0
L35038680,KR,KR-41,,37.5957359,127.5757742,국립산음자연휴양림(Saneum National Recreational Forest),2020-03-26 14:26,17,2
L34658550,KR,KR-51,,37.8623523,128.4648943,국립삼봉자연휴양림(Sambong National Recreational Forest),2026-03-16 10:14,24,4
L34690909,KR,KR-43,,36.4899034,127.7843642,국립속리산말티재자연휴양림(Songnisan Matijae National Recreational Forest)
L3994017,KR,KR-45,,35.8221821,126.4631788,국립신시도자연휴양림(Sinsi-do National Recreational Forest),2025-10-06 10:09,119,38
L34657275,KR,KR-51,,38.2373374,128.3434439,국립영대자연휴양림(Yeongdae National Recreational Forest),2025-07-11 16:40,7,1
L34691265,KR,KR-44,,36.4540472,126.6728354,국립오서산자연휴양림(Oseosan National Recreational Forest)
L35037446,KR,KR-48,,35.1855415,128.7756014,국립용지봉자연휴양림(Yongjibong National Recreational Forest),2025-08-08 11:35,6,1
L34691210,KR,KR-44,,36.7518485,126.6081619,국립용현자연휴양림(Yonghyeon National Recreational Forest),2026-03-08 10:30,2,1
L34657779,KR,KR-51,,38.0136115,127.759409,국립용화산자연휴양림(Yonghwasan National Recreational Forest)
L35037221,KR,KR-47,,35.6520657,129.0252399,국립운문산자연휴양림(Unmunsan National Recreational Forest),2026-08-10 05:29,39,7
L35038550,KR,KR-41,,37.8804765,127.3061371,국립운악산자연휴양림(Unaksan National Recreational Forest),2025-03-01 14:06,14,2
L34691063,KR,KR-45,,35.893535,127.4280167,국립운장산자연휴양림(Unjangsan National Recreational Forest)
L32988572,KR,KR-41,,37.590255,127.4911362,국립유명산자연휴양림(Yumyeongsan National Recreational Forest),2026-08-28 10:37,60,57
L35038607,KR,KR-41,,37.5876427,127.4544525,국립중미산자연휴양림(Jungmisan National Recreational Forest),2021-04-06 10:21,18,1
L35037821,KR,KR-48,,35.3478957,127.6431084,국립지리산자연휴양림(Jirisan National Recreational Forest)
L34418184,KR,KR-46,,34.357325,126.1860466,국립진도자연휴양림(National Jindo Recreational Forest)
L34418368,KR,KR-46,,34.5453075,126.9020462,국립천관산자연휴양림(National Cheongwansan Recreational Forest)
L34691383,KR,KR-47,,37.0387016,128.9971304,국립청옥산자연휴양림(Cheongoksan National Recreational Forest)
L34690627,KR,KR-51,,37.5225928,128.2915592,국립청태산자연휴양림(Cheongtaesan National Recreational Forest),2026-05-11 12:16,5,1
L34691430,KR,KR-47,,36.6246726,129.3666744,국립칠보산자연휴양림(Chilbosan National Recreational Forest),2025-07-12 20:58,39,1
L34690817,KR,KR-43,,36.8417132,128.3505249,국립황정산자연휴양림(Hwangjeongsan National Recreational Forest)
L34691294,KR,KR-45,,35.5022209,127.114563,국립회문산자연휴양림(Hoemunsan National Recreational Forest)
L34691191,KR,KR-44,,36.1126046,126.6641235,국립희리산해송자연휴양림(Huirlsan Haesong National Recreational Forest),2025-03-31 06:34,15,3
L34658047,KR,KR-41,,38.0296871,127.390852,국망봉자연휴양림(Gukmangbong Recreational Forest),2024-10-16 11:54,8,1
L996671,KR,KR-45,,36.0304988,126.7866898,군산 금강대교(Gunsan--Geum River-Above Barrage/Geum River Bridge),2024-01-23 12:00,102,17
L21242152,KR,KR-45,,35.966943,126.557171,군산 오식도공원(Gunsan--Osikdo Park),2022-10-13 08:27,55,2
L62377322,KR,KR-45,,36.0392217,126.5507334,군산--개야도(Gunsan--Gaeya-do(island)),2026-04-16 08:51,64,4
L41276714,KR,KR-45,,35.9259217,126.6156507,군산--군산공항(Gunasan--Gunsan Airport),2026-09-24 15:12,21,4
L10859019,KR,KR-45,,35.9779573,126.6305685,군산--군산항연안여객터미널(Gunsan--Gunsan Domestic Ferry Terminal),2026-09-27 12:59,49,14
L14581930,KR,KR-45,,35.986017,126.737362,군산--금강-경암동(Gunsan--Geumgang(river)-Gyeongam-dong),2026-09-16 11:03,114,42
L13992554,KR,KR-45,,35.9937063,126.7098685,군산--금강-동백대교(Gunsan--Geumgang(river)-Dongbaek Bridge),2026-02-12 10:07,55,4
L1584021,KR,KR-45,,36.009959,126.7546417,군산--금강갑문-남동(Gunsan--Geum River Barrage-Southeast),2026-09-28 07:12,142,137
L11443411,KR,KR-45,,36.0226896,126.7677212,군산--금강습지생태공원(Gunsan--Geumgang Wetland Eco Park),2026-08-24 08:08,74,21
L1093500,KR,KR-45,,36.0356698,126.8228245,군산--나포십자뜰철새관찰소(Gunsan--Napo Shipjaddeul Migratory Bird Observatory),2026-03-20 18:18,69,32
L5768982,KR,KR-45,,35.919362,126.5891504,군산--새만금-수라갯벌(Gunsan--Saemangeum-Sura Mudflat),2026-09-27 12:30,141,98
L7565623,KR,KR-45,,35.8840868,126.6549718,군산--새만금-옥봉리(Gunsan--Saemangeum-Okbong-ri),2026-09-11 09:54,115,15
L12841825,KR,KR-45,,35.8860697,126.6290498,군산--새만금-하제항(Gunsan--Saemangeum-Haje Harbor),2026-04-19 17:45,129,14
L11255666,KR,KR-45,,35.8442242,126.4920938,군산--야미도(Gunsan--Yami-do(island)),2026-05-08 14:56,94,18
L995795,KR,KR-45,,36.1197918,125.9807185,군산--어청도(Gunsan--Eocheong-do(island)),2026-06-22 05:44,312,1073
L62377253,KR,KR-45,,36.0812141,126.4373806,군산--연도(Gunsan--Yeon-do(island))
L1080127,KR,KR-45,,36.0147843,126.7828975,군산--오성산(Gunsan--Oseongsan(mountain)),2026-09-28 09:57,47,10
L1094720,KR,KR-45,,35.9277027,126.6572571,군산--옥구저수지(Gunsan--Okgu Reservoir),2026-09-27 10:34,126,28
L10859029,KR,KR-45,,35.9776032,126.6889556,군산--월명호수(Gunsan--Wolmyeong Lake & Park),2026-06-03 05:29,38,6
L8419070,KR,KR-45,,35.9513886,126.6948058,군산--은파호수공원(Gunsan--Eunpa Lake Park),2026-09-19 10:43,52,14
L12279706,KR,KR-45,,35.8141081,126.3969482,군산--장자도와 대장도(Gunsan--Jangja-do & Daejang-do(islands)),2026-09-26 14:50,53,13
L1080132,KR,KR-45,,35.9622377,126.5800095,군산국가산업단지(Gunsan National Industrial Complex (all habitats)),2025-05-11 07:42,61,9
L34690955,KR,KR-36,,36.4336787,127.226572,금강자연휴양림(Geumgang Recreational Forest)
L34691452,KR,KR-47,,36.3362679,128.8807654,금봉자연휴양림(Geumbong Recreational Forest)
L17879431,KR,KR-44,,36.1915373,127.4482264,금산 중부대학교(Geumsan--Jungbu University),2024-01-14 12:53,18,7
L29414810,KR,KR-47,,36.1018032,128.3056902,금오산도립공원(Geumosan Provincial Park),2026-06-05 07:54,38,2
L34691050,KR,KR-48,,35.7289558,127.7895355,금원산자연휴양림(Geumwonsan Recreational Forest),2024-09-03 18:12,4,1
L75474659,KR,KR-26,,35.2804807,129.0602748,금정산국립공원(Geumjeongsan NP),2026-08-13 11:23,55,28
L4221751,KR,KR-26,,35.2776724,129.0547895,금정산국립공원--금정산성(Geumjeongsan NP--Geumjeongsan Fortress),2026-02-21 13:51,23,3
L5564260,KR,KR-26,,35.2841806,129.0691316,금정산국립공원--범어사(Geumjeongsan NP--Beomeosa(temple)),2026-08-13 11:23,48,24
L34420866,KR,KR-46,,34.6870398,126.5991497,기찬자연휴양림(Gichan Recreational Forest)
L38594536,KR,KR-45,,35.9035878,126.8585038,김제--만경강-동지산리(Gimje--Mangyeonggang(river)--Dongjisan-ri)
L28998908,KR,KR-45,,35.8478848,126.6861339,김제--심포리(Gimje--Shimpo-ri),2026-09-28 11:31,178,97
L72263520,KR,KR-47,,36.1167841,128.0040489,김천--직지사(Gimcheon--Jikjisa (Temple)),2026-06-24 08:28,14,1
L10575228,KR,KR-41,,37.6131206,126.7101259,김포 장릉(Gimpo--Jangneung),2026-06-07 09:00,56,11
L34536213,KR,KR-41,,37.5976895,126.7788735,김포--굴포천(Gimpo--Gulpocheon(stream)),2026-09-14 15:47,32,5
L21168306,KR,KR-41,,37.5394473,126.7731455,김포--대장동 농경지(Gimpo--Daejang-dong Farmland),2026-01-24 12:56,86,34
L21015083,KR,KR-41,,37.6579613,126.690731,김포--한강야생조류생태공원(Gimpo--Hangang Wild Bird Eco Park),2026-09-25 12:14,127,109
L13223583,KR,KR-41,,37.7354006,126.6678945,김포--후평리철새도래지(Gimpo--Hupyeong-ri Migratory Bird Habitat),2026-06-06 11:54,122,121
L2108864,KR,KR-48,,35.2311604,128.8748109,김해--봉황대공원(Gimhae--Bongwangdae Park),2025-10-03 12:02,26,9
L14668486,KR,KR-48,,35.1750533,128.8061344,김해--율하천(Gimhae--Yulhacheon(stream)),2026-09-26 11:56,12,3
L13122388,KR,KR-48,,35.3111888,128.7884361,김해--화포천습지생태공원(Gimhae--Hwapocheon Wetland Eco Park),2026-07-18 14:30,99,44
L41276654,KR,KR-26,,35.1728787,128.9471769,김해국제공항(Gimhae International Airport),2026-01-03 09:45,6,2
L34691110,KR,KR-44,,36.0669662,127.3686862,나미자연휴양림(Nami Recreational Forest)
L23673943,KR,KR-46,,35.0165149,126.7900247,나주--빛가람호수공원(Naju--Bitgaram Lake Park),2026-07-19 13:54,54,18
L17644853,KR,KR-46,,34.9393665,126.5794176,나주--우습제 생태공원(Naju--Woo Wetland),2026-09-24 17:00,63,12
L73771483,KR,KR-46,,35.007174,126.82346,나주--전남광주통합특별시 산림연구원(Naju--Jeonnam-Gwangju Integrated Metropolitan City Forest Research Institute,2026-07-18 10:53,9,1
L17543117,KR,KR-46,,35.040317,126.8544637,나주--지석천(Naju--Jiseokcheon(stream)),2026-01-08 16:54,49,7
L73685693,KR,KR-46,,35.034267,126.707275,나주--한수제(Naju--Hansuje Reservoir),2026-07-17 14:02,4,1
L34421287,KR,KR-46,,34.9133408,127.3534513,낙안민속자연휴양림(Nagan Folk Recreational Forest)
L13843729,KR,KR-41,,37.7483393,127.1762982,남양주--광릉(Namyangju--Gwangneung Royal Tombs),2026-03-30 07:45,63,26
L9958328,KR,KR-41,,37.5149125,127.2981251,남양주--다산생태공원(Namyangju--Dasan Eco Park),2026-09-23 11:34,97,51
L11182254,KR,KR-41,,37.6227143,127.143789,남양주--다산수변공원(Namyangju--Dasansubyeon Park),2026-09-25 13:41,51,9
L40143989,KR,KR-41,,37.5834407,127.208492,남양주--덕소강변공원(Namyangju--Deokso Riverside Park),2025-09-05 18:06,45,6
L8448068,KR,KR-41,,37.560001,127.3154279,남양주--물의정원(Namyangju--Water Garden),2026-06-12 16:42,74,56
L70866977,KR,KR-41,,37.5642,127.2862,남양주--세정사 계곡(Namyangju--Sejeongsa(temple) Valley),2026-06-21 09:16,28,2
L27730603,KR,KR-41,,37.7375983,127.13027,남양주--용암리(Namyangju--Yongam-ri),2025-09-28 09:01,52,15
L67169503,KR,KR-41,,37.705784,127.1221609,남양주--용암천(Namyangju--Yongamcheon (stream)),2026-07-24 18:35,20,4
L61668316,KR,KR-41,,37.710468,127.1205068,남양주--청학근린공원(Namyangju--Cheonghak Neighborhood Park),2026-05-22 16:20,28,4
L63715783,KR,KR-41,,37.70138,127.10275,남양주--청학동계곡(Namyangju--Cheonghak-dong Valley),2026-04-24 14:10,20,1
L1843098,KR,KR-41,,37.5398103,127.2556575,남양주--한강-팔당리(Namyangju--Hangang(river)-Paldang-ri),2026-03-30 12:18,131,445
L8299346,KR,KR-41,,37.559,127.234,남양주--한강시민공원-팔당지구(Namyangju--Hangang Citizen Park-Paldang area),2025-12-15 12:24,57,25
L35038067,KR,KR-45,,35.4609496,127.4174166,남원자연휴양림(Namwon Recreational Forest)
L5004487,KR,KR-41,,37.4778473,127.1839571,남한산성도립공원(Namhansanseong Provincial Park),2026-09-24 13:41,101,165
L10108725,KR,KR-48,,34.837134,127.9005721,남해--경남도립남해대학(Namhae--Gyeongnam Provincial Namhae College),2019-11-02 14:10,16,1
L10108709,KR,KR-48,,34.8063643,127.8342282,남해--남해스포츠파크(Namhae--Namhae Sports Ground),2019-11-03 17:25,9,1
L14029959,KR,KR-48,,34.7202498,127.9861164,남해--상주은모래비치(Namhae--Sangju Silver Beach),2023-11-02 14:05,21,2
L10151536,KR,KR-48,,34.8632384,127.9014,남해--이어리(Namhae--Ieo-ri),2024-08-26 15:53,17,1
L1079256,KR,KR-45,,35.4796134,126.8880558,내장산국립공원(Naejangsan NP),2026-06-11 11:07,60,17
L28362395,KR,KR-44,,36.1651808,127.0092487,논산--강경포구 논산천(Nonsan--Ganggyeong Nonsancheon(stream)),2026-07-05 18:32,68,10
L40834135,KR,KR-44,,36.110167,127.107611,논산--육군훈련소(Nonsan--Korea Army Training Center*restricted access*),2026-05-07 06:20,48,60
L38341048,KR,KR-44,,36.1915649,127.1721668,논산--탑저호수변생태공원(Nonsan--Tapjeong Lakeside Eco Park),2026-03-21 20:48,30,4
L13547614,KR,KR-45,,35.8469086,126.8257617,능제저수지(Neung-je Reservoir),2024-01-12 08:00,49,10
L28492309,KR,KR-46,,34.2365842,126.0529751,다도해해상국립공원 관매도(Dadohaehaesang NP--Gwanmae-do (Island)),2024-03-13 13:37,49,2
L28492290,KR,KR-46,,34.1523991,126.5396955,다도해해상국립공원 보길도(Dadohaehaesang NP--Bogil-do (Island))
L28492346,KR,KR-46,,34.2980152,126.7068243,다도해해상국립공원 완도 구계등(Dadohaehaesang NP--Wando-Gugyedeung Beach),2025-02-13 11:14,38,2
L36645794,KR,KR-46,,34.6120658,125.8397376,다도해해상국립공원 우이도(Dadohaehaesang NP--Ui-do(island)),2024-05-28 15:48,25,1
L28492280,KR,KR-46,,34.1871119,126.8862194,다도해해상국립공원 청산도(Dadohaehaesang NP--Cheongsan-do (Island)),2024-09-15 08:35,36,4
L35306812,KR,KR-46,,34.453467,127.21705,다도해해상국립공원--거금생태숲(Dadohaehaesang NP--Geogeum Eco Forest),2024-07-30 09:29,15,1
L4394795,KR,KR-46,,34.0342747,127.3097849,다도해해상국립공원--거문도(Dadohaehaesang NP--Geomun-do (island)),2026-05-04 05:00,99,4
L28492645,KR,KR-46,,34.5916151,127.7949518,다도해해상국립공원--금오산(Dadohaehaesang NP--Geumosan(mountain)),2025-05-19 08:09,29,1
L34420989,KR,KR-46,,34.6182347,127.4341106,다도해해상국립공원--팔영산(Dadohaehaesang NP--Palyeongsan(mountain)),2025-02-22 07:00,1,0
L1761656,KR,KR-46,,34.6853275,125.1924239,다도해해상국립공원--홍도(Dadohaehaesang NP--Hong-do (island)),2026-06-10 06:49,199,508
L1761628,KR,KR-46,,34.6695647,125.4175705,다도해해상국립공원--흑산도(Dadohaehaesang NP--Heuksan-do (island)),2026-05-10 07:09,291,660
L10045719,KR,KR-46,,34.645426,125.410847,다도해해상국립공원--흑산도-사리(Dadohaehaesang NP--Heuksan-do Sa-ri),2026-05-07 13:59,112,21
L10045713,KR,KR-46,,34.659958,125.42027,다도해해상국립공원--흑산도-소사리(Dadohaehaesang NP--Heuksan-do-Sosa-ri),2026-05-06 13:59,80,4
L62913810,KR,KR-46,,34.644794,125.397607,다도해해상국립공원--흑산도-심리 암동마을(Dadohaehaesang NP--Heuksan-do-Sim-ri Amdong Village),2026-05-05 07:41,37,4
L62685853,KR,KR-46,,34.6530861,125.3964364,다도해해상국립공원--흑산도-심리(Dadohaehaesang NP--Heuksan-do-Sim-ri),2026-05-04 12:15,64,16
L31342419,KR,KR-46,,34.6864944,125.4497747,다도해해상국립공원--흑산도-예리(Dadohaehaesang NP--Heuksan-do-Ye-ri),2026-05-06 16:15,168,118
L10045708,KR,KR-46,,34.684605,125.428164,다도해해상국립공원--흑산도-진리(Dadohaehaesang NP--Heuksan-do-Jin-ri),2026-05-07 10:14,258,326
L11879497,KR,KR-43,,37.063921,128.492405,단양 온달 & 남한강(Danyang--Ondal & Namhangang (River)),2020-07-12 17:15,15,2
L12807830,KR,KR-43,,36.9446063,128.321894,단양 적성산성(Danyang -- Jeokseong Fortress),2004-09-27 13:30,19,1
L11443596,KR,KR-43,,36.9883293,128.3830481,단양--고수동굴 솔티천(Danyang--Gosu Cave Tourist Area & Solticheon (stream)),2025-05-04 11:30,28,3
L24843766,KR,KR-43,,37.0288627,128.480139,단양--구인사(Danyang--Guinsa (temple)),2019-09-14 10:00,17,1
L13240677,KR,KR-43,,36.9836022,128.257038,단양--금수산(Danyang--Geumsusan(mountain)),2005-06-05 11:00,31,2
L13239969,KR,KR-43,,36.991489,128.3650722,단양--단양생태체육공원(Danyang--Danyang Eco Sports Park),2026-09-07 09:16,32,4
L26619114,KR,KR-43,,36.9868044,128.4137532,단양--대대5길(Danyang--Daedae-5-Gil),2023-08-01 09:00,15,1
L11227447,KR,KR-43,,36.9833315,128.3602901,단양--대성산산림욕장(Danyang--Daeseongsan Forest Park),2026-09-23 10:06,55,27
L72213121,KR,KR-43,,37.00773,128.332984,단양--매포생태공원(Danyang--Maepo Eco Park),2026-07-03 06:12,16,1
L11239008,KR,KR-43,,37.037643,128.4660802,단양--보발재(Danyang--Bobaljae),2016-11-15 11:00,33,9
L11224676,KR,KR-43,,36.975588,128.3648557,단양--소금정공원(Danyang--Sogeumjeong Park),2026-07-03 07:30,81,51
L26591751,KR,KR-43,,36.9759954,128.3356118,단양--수양개생태공원(Danyang--Suyanggae Eco park),2026-07-03 08:58,9,2
L35038142,KR,KR-46,,35.3266454,126.9853663,담양 주녹원(Damyang--Junokwon)
L57806192,KR,KR-46,,35.3154811,126.9494961,담양--고가제(Damyang--Gogaje Reservoir)
L55406525,KR,KR-46,,35.2002917,126.9861751,담양--광주호(Damyang--Gwangju Lake),2025-11-23 09:15,8,2
L57965124,KR,KR-46,,35.1841257,127.0122189,담양--소쇄원(Damyang--Soswaewon Garden),2026-01-31 12:00,14,1
L21025449,KR,KR-44,,36.9466764,126.6444468,당진--당산저수지생태공원(Dangjin--Dangsan Reservoir Eco Park),2025-11-30 11:35,62,12
L38340055,KR,KR-44,,37.020075,126.5090171,당진--대호-농경지(Dangjin--Daeho Fields),2025-03-06 08:01,50,5
L38340038,KR,KR-44,,37.0281293,126.4843601,당진--대호방조제(Dangjin--Dae Lake&Seawall),2025-05-13 17:06,10,2
L38340959,KR,KR-44,,36.9100432,126.8151556,당진--맷돌포선착장(Dangjin--Maedolpo Quay),2026-07-26 07:00,33,7
L13735127,KR,KR-44,,36.8377941,126.8273392,당진--삽교호-서쪽(Dangjin--Sapgyo Lake-west side),2026-05-16 11:42,103,39
L38340982,KR,KR-44,,36.890047,126.826086,당진--삽교호함상공원(Dangjin--Sapgyo Lake Marine Park),2026-09-12 16:56,42,13
L38340086,KR,KR-44,,36.985916,126.6123286,당진--석문-농경지(Dangjin--Seokmun Fields)
L38340104,KR,KR-44,,36.993885,126.6557589,당진--석문호방조제(Dangjin--Seokmun Lake&Seawall)
L36591637,KR,KR-44,,36.8195919,126.7865181,당진--솔뫼성지(Dangjin--Solmoe Catholic Shrine),2026-09-20 09:42,33,4
L11470464,KR,KR-44,,36.8264378,126.7817861,당진--송산리 농경지(Dangjin--Songsan-ri Farmland),2026-02-16 08:00,51,5
L29198719,KR,KR-27,,35.8854756,128.601622,대구 신천 중류 일대(Daegu--Shincheon (stream) Midstream Area),2026-09-20 15:34,43,10
L29085481,KR,KR-27,,35.799424,128.548535,대구 월광수변공원(Daegu--Moonlight Waterside Park),2024-02-04 10:53,7,1
L11984573,KR,KR-27,,35.9624043,128.6425974,대구 팔공산 응봉(Daegu--Palgongsan Eungbong (mountain)),2021-04-19 10:00,22,3
L11731548,KR,KR-27,,35.9372586,128.6250544,대구 화담산(Daegu—Hwadamsan(mountain)),2020-06-20 12:18,19,1
L29216935,KR,KR-27,,35.8702734,128.7377685,대구--가남저수지(Daegu--Ganam Reservoir),2026-01-08 14:00,19,2
L10652789,KR,KR-27,,35.926014,128.6324066,대구--금호강-봉무동(Daegu--Geumhogang (river)-Bongmu-dong),2024-02-27 07:43,56,7
L12456237,KR,KR-27,,35.736399,128.42005,대구--달성보(Daegu--Dalseongbo),2020-10-09 15:00,7,1
L28457534,KR,KR-27,,35.8240906,128.4872192,대구--달성습지(Daegu--Dalseong Wetland Park),2026-09-08 16:16,118,36
L1859197,KR,KR-27,,35.800127,128.5211239,대구--대구수목원(Daegu--Daegu Arboretum),2026-09-27 08:06,52,18
L12220831,KR,KR-27,,35.9400425,128.6387481,대구--동화천-지묘동(Daegu--Donghwacheon (stream)-Jimyo-dong),2021-10-09 11:46,41,19
L19229758,KR,KR-27,,35.8454909,128.5592022,대구--두류공원(Daegu--Duryu Park),2026-05-22 14:00,35,5
L72265227,KR,KR-27,,35.9152372,128.6454113,대구--불로동고분공원(Daegu--Bullo-dong Ancient Tombs Park),2026-06-23 13:53,9,1
L19229744,KR,KR-27,,35.8288339,128.6188242,대구--수성유원지(Daegu--Suseong Recreation Area),2026-05-31 14:48,32,12
L29198831,KR,KR-27,,35.8198581,128.6109111,대구--신천-상류 일대(Daegu--Shincheon (stream)-Upstream Area),2025-06-07 07:08,56,35
L12684432,KR,KR-27,,35.863049,128.7452353,대구--안심습지(Daegu--Ansim Wetlands),2026-09-26 11:03,87,13
L44234311,KR,KR-27,,35.8015266,128.4525598,대구--옥포 연밭(Daegu--Okpo Lotus Field),2025-08-17 08:01,38,5
L57408355,KR,KR-27,,35.8382,128.5893,대구--캠프 워커(Daegu--Camp Walker),2026-04-14 11:28,7,1
L57407677,KR,KR-27,,35.8512,128.6011,대구--캠프 헨리(Daegu--Camp Henry),2026-01-19 09:54,13,1
L40491919,KR,KR-27,,35.8720861,128.6685359,대구--팔현습지(Daegu--Palhyeon Wetland),2026-07-15 16:31,68,18
L37020624,KR,KR-27,,35.899832,128.637661,대구국제공항(Daegu International Airport),2024-10-03 10:15,4,1
L10858923,KR,KR-45,,36.1188103,127.3283243,대둔산도립공원(Daedunsan Provincial Park),2026-03-22 09:17,37,7
L34691087,KR,KR-44,,36.1227795,127.344439,대둔산자연휴양림(Daedunsan Recreational Forest),2025-03-16 08:35,2,0
L35037698,KR,KR-48,,35.5865147,127.717824,대봉산자연휴양림(Daebongsan Recreational Forest)
L35037140,KR,KR-48,,35.4173139,129.2092609,대운산자연휴양림(Daeunsan Recreational Forest)
L28457553,KR,KR-30,,36.3325342,127.3611975,대전 월평공원(Daejeon--Wolpyeong Park),2026-04-28 13:00,46,3
L49825462,KR,KR-30,,36.366197,127.3685593,대전--갑천 갑천대교-대덕대교(Daejeon--Gapcheon(stream)-Gapcheon to Daedeok Bridge),2025-09-04 09:00,21,12
L49769402,KR,KR-30,,36.3727314,127.3879766,대전--갑천 대덕대교-둔산대교(Daejeon--Gapcheon(stream)-Daedeok to Dunsan Bridge),2025-12-06 09:57,19,6
L1583926,KR,KR-30,,36.322289,127.3518665,대전--갑천-도안동(Daejeon--Gapcheon(stream)-Doan-dong),2026-06-03 08:00,161,163
L13412599,KR,KR-30,,36.3957821,127.411954,대전--갑천-문지동(Daejeon--Gapcheon(stream)-Munji-dong),2026-03-14 15:09,77,44
L40862473,KR,KR-30,,36.447225,127.392809,대전--갑천-불무교(Daejeon--Gapcheon(stream)-Bulmugyo(bridge)),2026-02-01 08:51,63,24
L59683658,KR,KR-30,,36.333606,127.3504686,대전--갑천생태호수공원(Daejeon--Gapcheon Eco Lake Park)
L39217992,KR,KR-30,,36.3772406,127.4408054,대전--계족산(Daejeon--Gyejoksan(mountain)),2025-07-25 13:45,38,8
L13973660,KR,KR-30,,36.4731444,127.4734222,대전--금강로하스대청공원(Daejeon--Geumgang Lohas Daecheong Park),2026-01-04 13:05,43,5
L59682393,KR,KR-30,,36.4494758,127.4427992,대전--금강로하스에코공원(Daejeon--Geumgang Lohas Eco Park)
L39768740,KR,KR-30,,36.3275352,127.4312074,대전--대전천-목척교(Daejeon--Daejeoncheon(stream)-Mokcheon Bridge),2025-01-29 14:40,9,1
L59683487,KR,KR-30,,36.2899702,127.4110718,대전--대전치유의숲(Daejeon--Daejeon Healing Forest)
L59682154,KR,KR-30,,36.4752007,127.4822477,대전--대청댐(Daejeon--Daecheong Dam)
L59682792,KR,KR-30,,36.372734,127.4747215,대전--대청호반자연수변공원(Daejeon--Daecheongho Bay Nature Waterside Park)
L39216452,KR,KR-30,,36.3010844,127.4285316,대전--보문산(Daejeon--Bomunsan(mountain)),2026-05-02 10:46,17,1
L59683415,KR,KR-30,,36.2989655,127.4096713,대전--사정공원(Daejeon--Sajeong Park)
L15160153,KR,KR-30,,36.327743,127.4833311,대전--세천공원(Daejeon--Secheon Park),2023-01-20 12:35,18,2
L56901759,KR,KR-30,,36.3428855,127.2866538,대전--수통골(Daejeon--Sutong-gol Valley),2026-01-06 10:00,14,2
L43114019,KR,KR-30,,36.338999,127.3537946,대전--월평습지길(Daejeon--Wolpyeong Wetland Trail),2026-06-03 06:00,66,11
L39767467,KR,KR-30,,36.3125662,127.3866892,대전--유등천(Daejeon--Yudeungcheon(Stream)),2025-10-07 17:06,40,3
L23562767,KR,KR-30,,36.3605846,127.3581505,대전--유림공원(Daejeon--Yurim Park),2026-08-16 10:00,52,31
L59682679,KR,KR-30,,36.4066933,127.4422494,대전--장동산림욕장(Daejeon--Jangdong Forest Park),2026-07-12 12:30,12,0
L59682562,KR,KR-30,,36.4172897,127.4048923,대전--청벽산공원(Daejeon--Cheongbyeoksan Park),2026-09-27 13:30,1,1
L39216539,KR,KR-30,,36.372144,127.3603821,대전--카이스트본원(Daejeon--KAIST Main Campus),2026-08-28 11:32,44,18
L58140545,KR,KR-30,,36.354666,127.4210107,대전--한남대학교(Daejeon--Hannam University)
L9862638,KR,KR-30,,36.370004,127.388002,대전--한밭수목원(Daejeon--Hanbat Arboretum),2026-07-02 15:51,56,41
L40653418,KR,KR-50,,33.2330687,126.2370791,대정--동일리 해안(Daejeong--Dongil-ri Coast),2026-05-03 16:45,30,3
L29414721,KR,KR-44,,36.6714756,126.6270438,덕산도립공원(Deoksan Provincial Park),2026-03-08 09:00,15,2
L35037762,KR,KR-48,,35.2296442,127.8566122,덕원자연휴양림(Deogwon Recreational Forest)
L1094275,KR,KR-45,,35.8501003,127.7442169,덕유산국립공원(Deogyusan NP),2026-01-26 11:00,54,12
L34690783,KR,KR-51,,37.2608015,128.6079097,동강전망자연휴양림(Donggang View Recreational Forest),2024-07-31 11:30,3,0
L13802702,KR,KR-28,,37.5962462,126.5196475,동검도--갯벌(Donggeom-do(island)--Tidal Flat),2026-09-16 14:45,117,86
L9319752,KR,KR-41,,37.9219156,127.0654943,동두천--캠프 케이시(Dongducheon--Camp Casey),2026-08-08 18:00,33,1
L34658294,KR,KR-41,,37.8907333,127.1375951,동두천자연휴양림(Dongducheon Recreational Forest)
L57297146,KR,KR-51,,37.58377,129.106406,동해--대진해변(Donghae--Daejin Beach),2026-01-19 13:40,15,2
L34645442,KR,KR-51,,37.463449,129.020042,동해--무릉계곡(Donghae--Mureung Valley),2026-07-01 06:48,25,5
L38324658,KR,KR-51,,37.561539,129.1209452,동해--어달항(Donghae--Eodal Harbor),2025-02-26 17:36,40,9
L38324714,KR,KR-51,,37.4832685,129.1172855,동해--전천(Donghae--Jeoncheon(stream)),2026-01-17 17:11,10,1
L29414668,KR,KR-46,,34.4806134,126.6138458,두륜산도립공원(Duryunsan Provincial Park),2026-07-26 05:40,30,3
L34690708,KR,KR-51,,37.5599558,128.576088,두타산자연휴양림(Dutasan Recreational Forest)
L34690617,KR,KR-51,,37.5156831,128.2742214,둔내자연휴양림(Dunnae Recreational Forest)
L29414706,KR,KR-45,,35.7608223,127.4130383,마이산도립공원(Maisan Provincial Park),2025-06-18 09:58,25,4
L34691275,KR,KR-44,,36.3386014,126.7130041,만수산자연휴양림(Mansusan Recreational Forest)
L34690998,KR,KR-30,,36.2008931,127.4525213,만인산자연휴양림(Maninsan Recreational Forest),2026-03-30 10:35,19,2
L4884609,KR,KR-46,,34.2076841,125.469056,만재도(Manjae-do (island)),2026-07-27 13:14,9,2
L34690795,KR,KR-51,,37.1806636,128.5920525,망경대산자연휴양림(Manggyeondaesan Recreational Forest),2025-08-11 06:02,7,1
L29414702,KR,KR-45,,35.7236363,127.058858,모악산도립공원(Moaksan Provincial Park),2026-05-09 09:30,33,3
L12806081,KR,KR-46,,34.7921984,126.4257914,목포 갓바위(Mokpo--Gatbawi Park),2025-01-27 17:00,27,3
L58074731,KR,KR-46,,34.7670164,126.3660117,목포--국립호남권생물자원관(Mokpo--National Honam Area Institute of Biological Resources),2026-09-18 17:23,69,9
L24098766,KR,KR-46,,34.7915429,126.412183,목포--목포남항(Mokpo--South Port Park & Estuary),2026-09-25 15:26,126,66
L58074845,KR,KR-46,,34.8022429,126.4506246,목포--목포오감수변생태공원(Mokpo--Mokpo Ogam Waterside Eco Park),2026-04-09 18:59,59,17
L4872643,KR,KR-46,,34.7803368,126.3839917,목포--목포항(Mokpo--Mokpo Harbor),2025-10-14 11:28,37,13
L58074797,KR,KR-46,,34.8195021,126.4077704,목포--양을산산림욕장(Mokpo--Yangeulsan Forest Park)),2026-09-25 07:14,47,11
L58074754,KR,KR-46,,34.7907517,126.3732484,목포--유달산(Mokpo--Yudalsan(mountain))
L11457816,KR,KR-45,,35.8013533,126.4235549,무녀도(Munyeo-do (island)),2025-10-30 13:53,79,16
L17037386,KR,KR-29,,35.1419981,126.9800271,무등산국립공원(Mudeungsan NP),2026-08-02 11:27,55,13
L52235313,KR,KR-29,,35.1455338,126.9585174,무등산국립공원--평두메습지(Mudeungsan NP--Pyeongdume Wetland),2026-08-02 11:27,17,1
L34421122,KR,KR-46,,35.0931736,127.0275521,무등산편백자연휴양림(Mudeungsan Cypress Recreational Forest),2026-06-21 14:58,3,1
L35038258,KR,KR-41,,37.2086276,127.1294546,무봉산자연휴양림(Mubongsan Recreational Forest)
L17379829,KR,KR-46,,34.9748989,126.3980928,무안--무안저수지(Muan--Muan Reservoir),2026-04-11 09:34,101,10
L41276773,KR,KR-46,,34.9935819,126.3878345,무안국제공항(Muan International Airport)
L38671736,KR,KR-28,,37.1744855,126.1027773,문갑도(Mungap-do(island))
L58745644,KR,KR-47,,36.7060852,128.2260275,문경--돌리네습지(Mungyeong--Dolline Wetland),2026-07-26 06:29,32,3
L58074924,KR,KR-47,,36.5888972,128.1858743,문경--모전공원(Mungyeong--Mojeon Park)
L13805230,KR,KR-47,,36.7708088,128.0743713,문경새재도립공원(Mungyeongsaejae Provincial Park),2026-02-01 12:27,33,8
L34421361,KR,KR-43,,37.0272934,127.7531433,문성자연휴양림(Munseong Recreational Forest)
L34691033,KR,KR-43,,36.0537483,127.826829,민주지산자연휴양림(Minjujisan Recreational Forest)
L34690692,KR,KR-43,,37.1494084,128.0503185,박달재자연휴양림(Bakdaljae Recreational Forest)
L34657528,KR,KR-51,,37.929508,128.3890629,방태산자연휴양림(Bangtaesan Recreational Forest),2026-05-04 16:00,10,0
L38671755,KR,KR-28,,37.0816902,125.949822,백아도(Baeka-do(island))
L34421174,KR,KR-46,,35.1521966,127.1681643,백아산자연휴양림(Baekasan Recreational Forest)
L35037966,KR,KR-46,,35.0526242,127.597146,백운산자연휴양림(Baekunsan Recreational Forest)
L58111112,KR,KR-46,,34.6626168,127.070725,버성--회천생태공원(Boseong--Heocheon Eco Park)
L23193048,KR,KR-45,,35.6293075,126.5537923,변산반도국립공원(Byeonsanbando NP),2025-07-27 12:49,50,10
L28492454,KR,KR-45,,35.6627357,126.5087271,변산반도국립공원--고사포해수욕장(Byeonsanbando NP--Gosapo Beach),2025-07-27 12:49,1,0
L28492430,KR,KR-45,,35.6264308,126.4677429,변산반도국립공원--채석강(Byeonsanbando NP--Chaeseokgang Cliffs),2025-06-17 06:23,29,2
L62377002,KR,KR-44,,36.3883687,126.3659633,보령--고대도(Boryeong--Godae-do(island))
L62376888,KR,KR-44,,36.2731369,126.2663201,보령--녹도(Boryeong--Nok-do(island))
L51225344,KR,KR-44,,36.3389965,126.3556578,보령--삽시도(Boryeong--Sapsi-do(Island)),2026-08-10 06:49,55,45
L28842724,KR,KR-44,,36.2095783,126.5376754,보령--소황사구(Boryeong--Sohwang Sand Dune),2026-05-17 15:15,26,4
L1761639,KR,KR-44,,36.227251,126.07898,보령--외연도(Boryeong--Oeyeon-do(island)),2026-05-24 10:00,250,532
L61772649,KR,KR-44,,36.392332,126.337411,보령--장고도(Boryeong--Janggo-do(island)),2026-04-05 13:42,44,3
L62376938,KR,KR-44,,36.2983996,126.2630094,보령--호도(Boryeong--Ho-do(island))
L62377109,KR,KR-44,,36.3827274,126.4441122,보령--효자도(Boryeong--Hyoja-do(island))
L35423300,KR,KR-44,,36.3210644,126.510079,보령해저터널(Boryeong Toll Road Rest Stop),2024-08-10 14:03,3,2
L34691321,KR,KR-45,,35.9540917,127.3209429,보물산자연휴양림(Bomulsan Recreational Forest)
L58111055,KR,KR-46,,34.742568,127.2115606,보성--갈대군락지생태공원(Boseong--Reed Habitat Eco Park)
L42412903,KR,KR-46,,34.6722873,127.0922513,보성--율포솔밭해수욕장(Boseong--Yulpo Beach),2026-07-06 13:39,31,5
L41947757,KR,KR-43,,36.481385,127.806328,보은--사회복무연수센터(Boeun--Public Service Training Center),2026-02-11 12:12,28,11
L58000547,KR,KR-43,,36.4884715,127.7423286,보은--삼년산성(Boeun--Samnyeongsanseong)
L34690775,KR,KR-51,,37.2015692,128.4899139,봉래산산림욕장(Bongnaesan Recreational Forest)
L34691234,KR,KR-44,,36.5997496,126.7820978,봉수산자연휴양림(Bongsusan Recreational Forest),2025-05-20 09:07,2,0
L28474574,KR,KR-47,,37.0075588,128.8286105,봉화--국립백두대간수목원(Bonghwa--Baekdudaegan National Arboretum),2026-05-30 05:33,46,3
L14995975,KR,KR-47,,36.9268442,128.9458326,봉화--샘골(Bonghwa--Saemgol Valley),2026-06-28 08:23,17,5
L35038718,KR,KR-43,,37.0537386,127.8260994,봉황자연휴양림(Bonghwang Recreational Forest)
L4528112,KR,KR-26,,35.0493921,128.9555883,부산 낙동강 하구 - 하구섬(Nakdong Estuary--Outer Banks),2026-09-26 14:48,120,41
L22316593,KR,KR-26,,35.047361,128.9714185,부산 다대포만 동쪽(Busan--Dadaepo Bay East),2023-01-23 12:30,12,2
L28696829,KR,KR-26,,35.2267483,128.943301,부산 수안치등(Busan--Suan Sand Island),2025-01-16 08:43,56,2
L23544389,KR,KR-26,,35.0980204,129.0087194,부산--감천문화마을(Busan--Gamcheon Culture Village),2026-05-28 11:10,26,17
L32836243,KR,KR-26,,35.1613889,129.0272222,부산--개금테마공원(Busan--Gaegeum Theme Park),2024-05-19 11:31,10,1
L3872637,KR,KR-26,,35.1508363,129.1173363,부산--광안리해수욕장(Busan--Gwangalli Beach),2026-05-08 15:08,26,14
L32837376,KR,KR-26,,35.1255556,129.0258333,부산--구봉산(Busan--Gubongsan(mountain)),2026-08-24 00:00,31,7
L52533750,KR,KR-26,,35.2233432,129.0745353,부산--금강공원(Busan--Geumgang Park),2026-03-04 16:00,45,32
L30437453,KR,KR-26,,35.0662039,128.8735968,부산--낙동강 하구-진우도(Busan--Nakdong Estuary-Jinu-do(island)),2026-01-17 08:54,34,4
L38366220,KR,KR-26,,35.0723049,128.9529778,부산--낙동강-보덕1교(Busan--Nakdonggang(river)-Bodeok1 Bridge),2026-01-16 15:55,55,12
L28904668,KR,KR-26,,35.1214778,128.8975701,부산--녹산수문공원(Busan--Noksan Watergate Park),2026-02-20 11:48,95,28
L965178,KR,KR-26,,35.0461334,128.9636135,부산--다대포해수욕장(Busan--Dadaepo Beach),2026-09-26 13:46,74,29
L28846180,KR,KR-26,,35.200606,128.9767898,부산--대저생태공원(Busan--Daejeo Eco Park),2026-09-27 11:02,102,18
L5638944,KR,KR-26,,35.1539861,129.1522264,부산--동백공원(Busan--Dongbaek Park),2026-09-23 10:10,87,76
L21254350,KR,KR-26,,35.1484337,128.8941193,부산--둔치도(Busan--Dunchi-do(island)),2026-07-23 09:23,109,56
L20855987,KR,KR-26,,35.1390832,128.9519547,부산--맥도생태공원(Busan--Maekdo Eco Park),2026-09-23 13:43,172,108
L15246958,KR,KR-26,,35.0838603,128.9122112,부산--명지오션시티 산책로(Busan--Myeongji Ocean City Eco Trail),2026-09-24 09:46,165,223
L4531340,KR,KR-26,,35.04103,128.9690423,부산--몰운대유원지(Busan--Morundae Park),2026-01-16 11:00,65,15
L967095,KR,KR-26,,35.1687567,128.9735377,부산--삼락생태공원(Busan--Samnak Eco Park),2026-09-12 15:00,114,39
L67643675,KR,KR-26,,35.1505148,128.9668593,부산--삼락생태공원-남쪽(Busan--Samnak Ecopark-South),2026-05-24 07:32,22,1
L28904761,KR,KR-26,,35.1196601,128.8952866,부산--수능엄사(Busan--Suneungeomsa(temple)),2026-07-23 10:24,45,5
L28881777,KR,KR-26,,35.2261288,128.9698175,부산--신안치등(Busan--Shinan Sandbar),2026-01-17 09:33,67,5
L28905329,KR,KR-26,,35.0808602,128.870625,부산--신호공원(Busan--Shinho Park),2026-01-18 10:00,88,17
L57262324,KR,KR-26,,35.0798818,128.8838364,부산--신호동 인공철새서식지 둘레길(Busan--Shinho Migratory Bird Habitat Trail),2026-05-03 12:17,32,2
L28904798,KR,KR-26,,35.1257957,128.9320047,부산--에코델타시티 습지생태공원(Busan--Ecodelta City Wetland Eco Park),2026-02-21 07:47,76,18
L58669780,KR,KR-26,,35.1007,129.124157,부산--오륙도해맞이공원(Busan--Orukdo Sunrise Park),2026-08-25 07:30,11,2
L53201114,KR,KR-26,,35.1966927,129.2282061,부산--오시리아 해안산책로(Busan--Osiria Coastal Trail),2026-07-12 07:55,34,9
L9087827,KR,KR-26,,35.1006778,129.032778,부산--용두산공원(Busan--Yongdusan Park),2026-09-21 16:30,55,32
L57263738,KR,KR-26,,35.2463576,129.2043877,부산--용소웰빙공원(Busan--Yongso Wellness Park),2026-03-07 13:31,15,4
L17395845,KR,KR-26,,35.0973415,128.9259169,부산--울림공원(Busan--Ullim Park),2022-11-28 12:25,30,16
L55495032,KR,KR-26,,35.2330832,129.1029582,부산--윤산(Busan--Yunsan(Mountain)),2026-06-17 14:25,42,29
L43814789,KR,KR-26,,35.1123963,128.9464045,부산--을숙도공원(Busan--Eulsukdo Park),2026-08-13 12:25,116,40
L1094282,KR,KR-26,,35.1008807,128.9418554,부산--을숙도철새공원(Busan--Eulsuk-do Migratory Bird Park),2026-09-27 14:08,237,440
L2130039,KR,KR-26,,35.1173285,129.127121,부산--이기대공원(Busan--Igidae Park),2026-09-20 15:50,179,194
L5201009,KR,KR-26,,35.1285083,129.097445,부산--재한유엔기념공원(Busan--UN Cemetery),2026-01-26 09:00,33,20
L28904730,KR,KR-26,,35.1692777,128.8855351,부산--조만강(Busan--Jomangang (river)),2026-05-01 15:21,32,6
L21254368,KR,KR-26,,35.2084694,128.9115753,부산--중사도(Busan--Jungsa-do(island)),2026-08-29 00:00,60,6
L2820684,KR,KR-26,,35.0542782,129.0916729,부산--태종대(Busan--Taejongdae Park),2026-09-16 10:01,123,65
L23546026,KR,KR-26,,35.1887797,129.2232379,부산--해동용궁사(Busan--Haedong Yonggungsa(temple)),2026-08-12 09:07,47,34
L23546306,KR,KR-26,,35.1597884,129.1883357,부산--해운대 블루라인파크(Busan--Haeundae Blue Line Park),2026-09-16 09:00,52,37
L61669979,KR,KR-26,,35.230061,129.132941,부산--해운대수목원(Busan--Haeundae Arboretum),2026-09-27 14:29,32,11
L10910289,KR,KR-26,,35.1587617,129.1616918,부산--해운대해수욕장(Busan--Haeundae Beach),2026-08-23 10:00,53,54
L28846444,KR,KR-26,,35.2211516,129.0013941,부산--화명생태공원(Busan--Hwamyeong Eco Park),2026-08-25 20:26,51,11
L57446385,KR,KR-26,,35.2539381,129.0438871,부산--화명수목원(Busan--Hwamyeong Arboretum),2026-02-21 07:42,34,2
L45311932,KR,KR-26,,35.1597388,129.0827214,부산--황령산(Busan--Hwangnyeongsan(mountain)),2026-09-24 12:35,45,81
L4221771,KR,KR-26,,35.2642806,129.1139603,부산--회동수원지(Busan--Hoedong Reservoir),2026-09-27 16:49,30,5
L58000895,KR,KR-45,,35.7684563,126.6346164,부안--계화조류지(Buan--Gyehwa Reservoir)
L5951001,KR,KR-45,,35.7919879,126.6472793,부안--동진강-계화리(Buan--Dongjingang(river)-Gyehwa-ri),2025-09-08 09:09,108,8
L28300050,KR,KR-45,,35.7401032,126.6145134,부안--새만금환경생태단지(Buan--Saemangeum Environment Eco Complex),2026-01-10 11:00,141,36
L23193075,KR,KR-45,,35.5790591,126.6659301,부안--줄포만갯벌생태공원(Buan--Julpo Bay Tidal Flat Eco Park),2026-09-13 08:45,29,4
L58000851,KR,KR-45,,35.7418243,126.6650219,부안--청호저수지(Buan--Cheongho Reservoir))
L28474461,KR,KR-44,,36.2696068,126.9122279,부여--궁남지와 서동공원(Buyeo--Gungnamji&Seodong Park),2026-05-16 16:34,31,5
L56076841,KR,KR-44,,36.2720656,126.8493459,부여--반산저수지(Buyeo--Bansan Reservoir)
L7480394,KR,KR-44,,36.288494,126.9125175,부여--부소산성(Buyeo--Buso Fortress),2026-06-30 00:00,39,5
L59160710,KR,KR-41,,37.5242943,126.8178516,부천--고강선사유적공원(Bucheon--Gogang Prehistoric Relics Park),2026-04-01 17:02,6,1
L49837905,KR,KR-41,,37.5124914,126.7929116,부천--도당공원(Bucheon--Dodang Park),2026-05-26 10:00,19,2
L41224144,KR,KR-41,,37.5049087,126.8161833,부천--부천자연생태공원(Bucheon--Bucheon Eco Park),2026-05-25 21:05,26,4
L15672669,KR,KR-41,,37.500275,126.7654398,부천--부천중앙공원(Bucheon--Bucheon Central Park),2026-04-04 16:19,56,27
L58737988,KR,KR-41,,37.5040916,126.7451262,부천--상동호수공원(Bucheon--Sangdong Lake Park),2026-09-20 13:00,15,2
L54642894,KR,KR-41,,37.500373,126.798404,부천--원미산 진달래동산(Bucheon--Wonmisan Azalea Garden),2026-09-18 10:39,32,8
L58738011,KR,KR-41,,37.4898466,126.7453516,부천--원천공원(Bucheon--Woncheon Park),2026-03-08 08:54,29,17
L59160762,KR,KR-41,,37.5193948,126.8115162,부천--은데미공원(Bucheon--Eundemi Park)
L22061880,KR,KR-11,,37.621183,127.0069313,북한산국립공원 솔샘길(Bukhansan NP--Solsaem Trail),2026-06-22 09:13,46,3
L6505827,KR,KR-41,,37.6563731,126.9790792,북한산국립공원(Bukhansan NP),2026-09-21 17:40,119,172
L6295541,KR,KR-11,,37.6159991,126.9629002,북한산국립공원--구기길(Bukhansan NP--Gugi Trail),2025-09-27 18:00,75,54
L13902530,KR,KR-11,,37.6863806,127.035677,북한산국립공원--도봉산길(Bukhansan NP--Dobongsan Trail),2025-05-24 10:18,29,14
L47002560,KR,KR-41,,37.6320766,126.9719982,북한산국립공원--문수봉(Bukhansan NP--Munsubong),2025-09-27 13:00,14,0
L6307514,KR,KR-41,,37.6574492,126.9484943,북한산국립공원--북한산성길(Bukhansan NP--Bukhansanseong Trail),2026-08-25 18:45,48,24
L24018059,KR,KR-11,,37.6190288,126.9969535,북한산국립공원--정릉길(Bukhansan NP--Jeongneung Trail),2026-09-21 17:40,52,19
L11027548,KR,KR-41,,37.7198449,127.0271471,북한산국립공원-회룡사(Bukhansan NP--Hoeryongsa(temple)),2026-01-08 12:05,18,4
L10841026,KR,KR-41,,37.3553708,127.1326197,분당--불곡산(Bundang--Bulgoksan(mountain)),2026-06-17 05:22,44,29
L31256510,KR,KR-41,,37.3541851,127.1164759,분당--탄천-정자동(Bundang--Tancheon(stream)-Jeongja-dong),2026-09-18 13:05,51,33
L29414692,KR,KR-46,,35.1953243,126.5534654,불갑산도립공원(Bulgapsan Provincial Park),2026-06-07 10:46,11,0
L16936682,KR,KR-50,,33.402123,126.675394,붉은오름자연휴양림(Bulgeun Oruem Recreational Forest),2026-04-27 09:59,37,8
L35037373,KR,KR-27,,35.6897532,128.5133243,비슬산자연휴양림(Biseulsan Recreational Forest),2026-04-25 12:35,17,1
L28492529,KR,KR-48,,34.7097196,128.4580211,비진도(Bijin-do (Island))
L56607360,KR,KR-48,,34.8466763,128.1949222,사량도(Saryangdo(island)),2026-06-13 07:07,16,1
L55874602,KR,KR-48,,35.033599,127.981051,사천--광포만 일대(Sacheon--Gwangpo Bay Area),2026-03-03 12:20,72,27
L37102030,KR,KR-48,,35.0816865,128.0788768,사천--와룡스포츠센터(Sacheon--Waryong Sports Park),2026-09-25 10:59,89,29
L41276844,KR,KR-48,,35.0923133,128.0865955,사천공항(Sacheon Airport)
L35037571,KR,KR-48,,34.9479706,128.0605888,사천케이블카자연휴양림(Sacheon Cable Car Recreational Forest),2025-05-05 11:24,1,0
L34421056,KR,KR-46,,34.9962713,127.1185219,사평자연휴양림(Sapyeong Recreational Forest)
L24663216,KR,KR-43,,36.6780267,127.5453347,산당산성자연휴앙림(Sandang Fortress Recreational Forest),2021-06-10 00:00,1,0
L35038096,KR,KR-46,,35.30046,127.4630785,산수유자연휴양림(Sansuyu Recreational Forest)
L38520317,KR,KR-48,,35.4829076,127.8089778,산청--경호강(Sancheong--Gyeonghogang(river)),2026-01-12 13:00,70,37
L35037723,KR,KR-48,,35.4351486,127.8247905,산청한방자연휴양림(Sancheong Hanbang Recreational Forest),2026-05-10 10:25,1,0
L35457886,KR,KR-51,,37.1487727,129.3623614,삼척 고포해변(Samcheok--Gopo Beach),2025-02-05 16:02,4,1
L965158,KR,KR-51,,37.2656515,129.3266773,삼척 신남해안(Samcheok--Sinnam Coast),2024-01-19 10:00,35,2
L28376822,KR,KR-51,,37.4341667,129.1755556,삼척 오십천변 장미공원(Samcheok--Oshibcheon Rose Park),2023-12-21 14:30,25,1
L12806766,KR,KR-51,,37.3256831,129.0192837,삼척 환선굴(Samcheok--Hwanseongul (cave)),2019-07-07 15:20,9,3
L17892944,KR,KR-51,,37.3883675,129.2358443,삼척--맹방해변(Samcheok--Maengbang Beach),2026-03-01 15:04,91,60
L13030208,KR,KR-51,,37.4670511,129.1696349,삼척--삼척해변(Samcheok--Samcheok Beach),2026-09-25 08:55,59,10
L965143,KR,KR-51,,37.4409622,129.158814,삼척--오십천(Samcheok--Oshipcheon (Stream)),2025-05-02 18:02,47,8
L29196426,KR,KR-51,,37.289355,129.315114,삼척--장호항(Samcheok--Jangho Harbor),2026-06-30 12:11,20,2
L37560085,KR,KR-51,,37.3106705,129.2946995,삼척--초곡항(Samcheok--Chogok Harbor),2026-08-05 17:16,10,1
L34690730,KR,KR-51,,37.3813432,129.0595722,삼척활기자연휴양림(Samcheok Hwalgi Recreational Forest)
L34691169,KR,KR-45,,35.6716263,127.013433,상두산자연휴양림(Sangdusan Recreational Forest)
L28843667,KR,KR-47,,36.5123654,128.1622083,상주--공검지 국가습지(Sangju--Gonggeomji National Wetland),2026-05-30 07:59,67,11
L58745453,KR,KR-47,,36.4027016,128.1534791,상주--남산근린공원(Sangju--Namsan Neighborhood Park),2026-09-12 11:00,19,2
L28843694,KR,KR-47,,36.4919117,128.1240103,상주--오태저수지(Sangju--Otae Reservoir),2025-05-04 14:03,57,9
L67267823,KR,KR-47,,36.4468991,128.1837252,상주--중덕지(Sangju--Jungdeokji),2026-06-27 05:15,24,4
L5768998,KR,KR-45,,35.9307607,126.5505695,새만금 수라갯벌 서북쪽(Saemangeum--Sura Tidal Flat Northwest),2026-09-15 13:52,79,15
L35038317,KR,KR-43,,36.9252288,127.3893929,생거진천자연휴양림(Saenggeo Jincheon Recreational Forest)
L15474856,KR,KR-50,,33.1698524,126.2712835,서귀포--가파도(Seogwipo--Gapa-do(island)),2026-04-03 10:32,109,17
L72883432,KR,KR-50,,33.31449,126.83852,서귀포--갯늪/민속해안로 해안(Seogwipo--Salt Swamp/Minsok Coastal Road),2026-07-09 08:00,13,1
L5294519,KR,KR-50,,33.2495202,126.5547089,서귀포--걸매생태공원(Seogwipo--Geolmae Eco Park),2026-05-04 09:12,61,46
L40654586,KR,KR-50,,33.2835902,126.1669627,서귀포--고산리 해안(Seogwipo--Gosan-ri Coast),2026-04-29 14:38,43,9
L16775858,KR,KR-50,,33.2682535,126.2389816,서귀포--고시흘못(Seogwipo--Goshiheul Pond),2026-02-14 13:04,29,5
L15792285,KR,KR-50,,33.253127,126.369787,서귀포--군산오름(Seogwipo--Gunsan Oreum),2023-03-26 13:49,21,3
L26667756,KR,KR-50,,33.30031,126.581978,서귀포--돈내코계곡(Seogwipo--Donnaeko Valley),2026-09-20 13:20,15,3
L18282829,KR,KR-50,,33.1179163,126.2678575,서귀포--마라도(Seogwipo--Mara-do(island)),2026-09-27 11:20,269,531
L15921203,KR,KR-50,,33.3321201,126.6729731,서귀포--머체왓숲길(Seogwipo--Meochewat Forest Trail),2026-07-09 08:03,42,20
L18611612,KR,KR-50,,33.2104927,126.2594307,서귀포--모슬포-운진항과 하모해수욕장(Seogwipo--Moseulpo-Unjin Harbor&Hamo Beach),2026-09-25 09:20,140,131
L44673012,KR,KR-50,,33.212127,126.260807,서귀포--모슬포-하모리생태공원(Seogwipo--Moseulpo-Hamo-ri Eco Park),2026-09-25 16:50,39,10
L17395701,KR,KR-50,,33.2171651,126.249092,서귀포--모슬포항(Seogwipo--Moseulpo Harbour),2026-05-07 17:46,36,21
L69162346,KR,KR-50,,33.282,126.25383,서귀포--무릉곶자왈(Seogwipo--Mureung Gotjawal),2026-06-27 16:07,11,2
L24686032,KR,KR-50,,33.369253,126.693445,서귀포--물영아리오름(Seogwipo--Mulyeongari Oreum),2026-05-02 13:01,29,6
L55116601,KR,KR-50,,33.261367,126.604105,서귀포--베케(Seogwipo--VEKE),2025-11-15 10:04,15,2
L12422339,KR,KR-50,,33.2231799,126.2974548,서귀포--사계해변(Seogwipo--Sagye Beach),2026-07-18 17:23,66,23
L14502678,KR,KR-50,,33.2339951,126.3068278,서귀포--산방로 습지(Seogwipo--Sanbang-ro Wetland),2026-05-24 11:01,46,17
L60459372,KR,KR-50,,33.2367313,126.3127327,서귀포--산방사(Seogwipo--Sanbangsa (temple)),2026-07-21 13:54,10,2
L18852997,KR,KR-50,,33.243724,126.547986,서귀포--삼매봉공원(Seogwipo--Sammaebong Park),2022-05-05 12:14,13,1
L17941273,KR,KR-50,,33.2362511,126.5621082,서귀포--새섬공원(Seogwipo--Saeseom Park),2026-09-21 10:46,76,38
L17800589,KR,KR-50,,33.28383,126.33713,서귀포--서광곶자왈 생태탐방로(Seogwipo--Seogwang Gotjawal Eco Trail),2026-04-25 10:56,20,5
L46531291,KR,KR-50,,33.245968,126.554062,서귀포--서귀포칠십리공원(Seogwipo--Seogwipo Chilshimni Park),2026-02-17 17:03,20,5
L58153255,KR,KR-50,,33.2383652,126.5653718,서귀포--서귀포항(Seogwipo--Seogwipo Harbour),2026-06-12 08:17,18,3
L21792521,KR,KR-50,,33.2406136,126.2289164,서귀포--서림수원지(Seogwipo--Seorim Reservoir),2026-02-20 15:26,66,24
L14172188,KR,KR-50,,33.2055733,126.2814615,서귀포--섯알오름(Seogwipo--Seotal Oreum),2026-09-25 06:40,96,54
L13604961,KR,KR-50,,33.4516179,126.9245904,서귀포--성산-광치기해변(Seogwipo--Seongsan-Gwangchigi Beach),2026-07-26 09:00,84,56
L21512450,KR,KR-50,,33.4287585,126.9306844,서귀포--성산-섭지코지(Seogwipo--Seongsan-Seopjikoji),2026-09-12 12:27,78,49
L17742867,KR,KR-50,,33.432154,126.916089,서귀포--성산-신양항(Seogwipo--Seongsan-Shinyang Harbor),2026-05-23 08:20,87,42
L1804171,KR,KR-50,,33.4606433,126.9222649,서귀포--성산-오조리철새도래지(Seogwipo--Seongsan-Ojo-ri Migratory Bird Habitat),2026-09-23 06:37,176,225
L8092920,KR,KR-50,,33.4585131,126.942215,서귀포--성산일출봉 해양도립공원(Seogwipo--Seongsan Ilchulbong Marine Provincial Park),2026-09-27 17:10,70,49
L20625646,KR,KR-50,,33.4731457,126.9318631,서귀포--성산항(Seogwipo--Seongsan Harbor),2026-09-20 08:45,44,19
L59812764,KR,KR-50,,33.387156,126.801468,서귀포--성읍민속마을(Seogwipo--Seongeup Folk Village),2026-09-20 13:20,18,7
L21755298,KR,KR-50,,33.408647,126.788041,서귀포--성읍저수지(Seogwipo--Seongeup Reservoir),2026-09-20 12:28,77,44
L34272126,KR,KR-50,,33.2001382,126.2890836,서귀포--송악산(Seogwipo--Songaksan(mountain)),2026-09-22 13:03,60,17
L16549729,KR,KR-50,,33.2071802,126.290783,서귀포--송악산항(Seogwipo--Songaksan Harbor),2026-09-20 07:10,37,29
L14187119,KR,KR-50,,33.252733,126.623239,서귀포--쇠소깍(Seogwipo--Soesokkak),2026-04-28 10:03,23,5
L64229255,KR,KR-50,,33.477721,126.900155,서귀포--시흥리 밭(Seogwipo--Siheung-ri Field),2026-05-08 09:15,16,2
L17103770,KR,KR-50,,33.278667,126.170126,서귀포--신도항(Seogwipo--Shindo Harbour),2026-06-27 14:13,63,28
L69162224,KR,KR-50,,33.2742514,126.259346,서귀포--신평곶자왈(Seogwipo--Shinpyeong Gotjawal)
L15975213,KR,KR-50,,33.302704,126.312383,서귀포--신화월드 습지공원(Seogwipo--Shinhwa World Wetland Park),2022-12-25 12:30,22,4
L58778162,KR,KR-50,,33.2461779,126.3408743,서귀포--안덕계곡-서쪽(Seogwipo--Andeok Valley-east side),2026-05-28 06:50,39,4
L15791462,KR,KR-50,,33.2569935,126.3518813,서귀포--안덕계곡상록수림(Seogwipo--Andeok Valley Evergreen Forest),2026-09-08 15:31,32,13
L18282827,KR,KR-50,,33.2038245,126.2715034,서귀포--알뜨르비행장(Seogwipo--Altteureu Airfield),2026-09-25 17:02,161,217
L11922808,KR,KR-50,,33.246243,126.449529,서귀포--약천사(Seogwipo--Yakcheonsa(temple)),2026-07-20 13:31,14,4
L30047481,KR,KR-50,,33.2682334,126.5002722,서귀포--엉또폭포(Seogwipo--Eongtto Waterfall),2024-06-08 17:03,19,4
L59579438,KR,KR-50,,33.2525909,126.414324,서귀포--여미지식물원(Seogwipo--Yeomiji Botanical Garden),2026-06-30 08:25,6,1
L15841448,KR,KR-50,,33.28659,126.283766,서귀포--영어교육도시(Seogwipo--Jeju Global Education City),2026-03-27 07:54,54,258
L10091316,KR,KR-50,,33.305773,126.289985,서귀포--오설록 녹차밭(Seogwipo--Osulloc Green Tea Fields),2026-07-21 11:12,28,16
L32656360,KR,KR-50,,33.239853,126.545641,서귀포--외둘개탐방로(Seogwipo--Oedulgae Trail),2026-07-10 16:37,32,15
L14026279,KR,KR-50,,33.2712211,126.6605693,서귀포--위미항(Seogwipo--Wimi Harbor),2026-08-07 09:15,49,13
L26779109,KR,KR-50,,33.2426277,126.5681257,서귀포--자구리공원(Seogwipo--Jaguri Park),2026-04-20 09:35,20,5
L69162999,KR,KR-50,,33.311403,126.2843764,서귀포--저지곶자왈-남쪽(Seogwipo--Jeoji Gotjawal-South),2026-07-17 11:03,9,3
L69162886,KR,KR-50,,33.3323264,126.2865758,서귀포--저지곶자왈-북쪽(Seogwipo--Jeoji Gotjawal-North)
L8132770,KR,KR-50,,33.2448991,126.5718489,서귀포--정방폭포(Seogwipo--Jeongbang Falls),2026-09-21 12:22,52,40
L19473668,KR,KR-50,,33.440127,126.823701,서귀포--제주자연생태공원(Seogwipo--Jeju Nature Park),2026-09-05 17:15,20,5
L21532545,KR,KR-50,,33.308741,126.830123,서귀포--제주해양수산자원연구소(Seogwipo--Jeju Marine Fishery Resources Research Institute),2026-07-14 18:35,63,13
L14556803,KR,KR-50,,33.247335,126.421159,서귀포--중문-베릿내오름(Seogwipo--Jungmun-Beritnae Oreum&Valley),2026-05-04 13:40,66,26
L18471525,KR,KR-50,,33.247146,126.396609,서귀포--중문-예래생태공원(Seogwipo--Jungmun-Yerae Eco Park),2026-06-25 16:12,86,23
L30208379,KR,KR-50,,33.2378014,126.4261948,서귀포--중문-주상절리(Seogwipo--Jungmun-Jusangjeolli Columnar Joints),2026-07-21 16:30,37,12
L22118330,KR,KR-50,,33.2520092,126.4169344,서귀포--중문-천제연폭포(Seogwipo--Jungmun-Cheonjeyeon Waterfalls),2026-09-27 11:28,61,33
L15916399,KR,KR-50,,33.2486205,126.4126377,서귀포--중문관광단지(Seogwipo--Jungmun Tourist Complex),2026-06-29 18:28,27,13
L58734402,KR,KR-50,,33.264269,126.371173,서귀포--창고천생태공원(Seogwipo--Changkocheon Eco Park),2026-02-17 12:10,8,1
L38683299,KR,KR-50,,33.3371219,126.8498379,서귀포--천미천하구(Seogwipo--Cheonmicheon(stream) Estuary),2026-01-30 08:20,41,2
L4432475,KR,KR-50,,33.2439278,126.5610007,서귀포--천지연폭포(Seogwipo--Cheonjiyeon Falls),2026-09-21 09:51,101,119
L59579587,KR,KR-50,,33.289873,126.3695044,서귀포--카멜리야힐(Seogwipo--Camellia Hill Botanical Garden)
L23043561,KR,KR-50,,33.3274404,126.8400158,서귀포--표선해변(Seogwipo--Pyoseon Beach),2026-09-16 18:26,94,67
L17679237,KR,KR-50,,33.251214,126.544378,서귀포--하논(Seogwipo--Hanon Rice Fields),2026-09-10 11:56,96,54
L37291220,KR,KR-50,,33.208871,126.263937,서귀포--하모리 올레숲길(Seogwipo--Hamo-ri Olle Forest Trail),2026-09-22 07:02,122,16
L16225378,KR,KR-50,,33.264658,126.333131,서귀포--화순곶자왈(Seogwipo--Hwasun Gotjawal),2026-02-19 13:00,31,15
L53689477,KR,KR-50,,33.292344,126.528083,서귀포시--서귀포치유의숲(Seogwipo--Seogwipo Healing Forest),2026-09-21 14:05,19,4
L5564571,KR,KR-50,,33.3124547,126.4614558,서귀포자연휴양림(Seogwipo Natural Recreation Forest),2026-07-21 12:57,45,21
L28474274,KR,KR-44,,36.7468109,126.590395,서산 개심사(Seosan--Gaeshimsa (temple)),2025-11-03 15:31,32,16
L3147902,KR,KR-44,,36.703436,126.4124143,서산 부석사(Seosan--Buseoksa (temple)),2026-04-24 15:36,78,26
L13734589,KR,KR-44,,36.6085911,126.4178587,서산--간월도-선착장과 마을(Seosan--Ganwoldo Quay&Village),2025-11-27 09:00,111,42
L3148526,KR,KR-44,,36.6926787,126.4520197,서산--간월호 북(Seosan--Ganwol Lake/Seosan Lake A-North),2026-09-28 09:29,152,97
L5058755,KR,KR-44,,36.6177574,126.4735365,서산--간월호 와룡천(Seosan Lake A--Wangryongcheon (stream) & Bridge),2026-05-04 17:21,119,48
L38340281,KR,KR-44,,36.6320737,126.4356512,서산--간월호-간월도리(Seosan--Ganwol Lake-Ganwoldo-ri),2026-09-06 10:59,131,53
L54685933,KR,KR-44,,36.687998,126.458908,서산--간월호-동편 야생조류관찰소(Seosan--Ganwol Lake-East Bird Hide),2026-03-20 10:02,87,18
L54685904,KR,KR-44,,36.683321,126.449526,서산--간월호-서편 야생조류관찰소(Seosan--Ganwol Lake-West Bird Hide),2026-01-11 13:49,47,4
L961701,KR,KR-44,,36.6430797,126.4526367,서산--간월호-전체*보다 구체적인 위치를 사용해 주시기 바랍니다*(Seosan--Ganwol Lake/Seosan Lake A-General Area*please consider using more specific locations*),2026-09-28 10:06,268,1077
L54693680,KR,KR-44,,36.661557,126.432886,서산--강당리(Seosan--Gangdang-ri),2025-11-01 09:37,11,3
L5069250,KR,KR-44,,36.6099928,126.4892558,서산--궁리 농경지(Seosan--Gung-ri Farmland),2026-09-22 09:40,92,32
L3148541,KR,KR-44,,36.7120458,126.462121,서산--둔당천(Seosan--Dundangcheon(stream)),2026-03-23 16:28,111,39
L52541922,KR,KR-44,,36.6612627,126.3654357,서산--마룡리 농경지(Seosan--Maryong-ri Rice Paddy),2026-09-13 07:49,89,20
L10824161,KR,KR-44,,36.688562,126.363667,서산--부남호-봉락리(Seosan--Bunam Lake-Bongnak-ri),2026-09-15 12:26,113,31
L3148511,KR,KR-44,,36.6419778,126.4833641,서산--사기리 농경지(Seosan--Sagi-ri Farmland),2026-09-28 10:06,174,151
L30524152,KR,KR-44,,36.6313368,126.3783503,서산--서산버드랜드(Seosan--Seosan Birdland),2026-09-15 10:53,119,111
L60331258,KR,KR-44,,36.6783837,126.4771088,서산--신정리 농경지(Seosan--Sinjeong-ri Farmland),2026-09-15 07:38,54,5
L12618134,KR,KR-44,,36.7321711,126.4512246,서산--양대동 농경지(Seosan--Yangdae-dong Farmland),2026-03-23 16:28,65,12
L28474406,KR,KR-44,,36.7757647,126.4497713,서산--중앙호수공원(Seosan--Jungang Lake Park),2026-06-14 13:53,32,8
L13559262,KR,KR-44,,36.8645951,126.3756375,서산--중왕저수지(Seosan--Jungwang Reservoir),2019-01-14 00:00,30,1
L54691883,KR,KR-44,,36.689922,126.441681,서산--지산리(Seosan--Jisan-ri),2026-09-28 09:34,33,5
L8299006,KR,KR-44,,36.6291754,126.3891155,서산--창리 농경지(Seosan--Chang-ri Farmland),2026-08-15 15:21,125,61
L15915964,KR,KR-11,,37.5418104,127.0754985,서울 건국대학교(Seoul--Konkuk University),2025-10-25 15:53,23,10
L37600095,KR,KR-11,,37.5318455,126.9140511,서울 국회의사당(Seoul--National Assembly),2026-05-06 11:52,17,14
L9103673,KR,KR-11,,37.6087487,127.086787,서울 봉화산(Seoul--Bonghwasan (mountain)),2026-04-18 10:48,28,11
L34916041,KR,KR-11,,37.6412514,127.0812201,서울 충숙공원(Seoul--Chungsuk Park),2024-07-21 10:12,12,2
L59161053,KR,KR-11,,37.5072357,126.8689201,서울--갈산공원(Seoul--Galsan Park),2026-03-04 16:47,4,1
L6484503,KR,KR-11,,37.586476,126.819306,서울--강서습지생태공원(Seoul--Gangseo Wetland Eco Park),2026-09-27 14:02,168,811
L59160994,KR,KR-11,,37.4867367,126.8463735,서울--개웅산(Seoul--Gaeungsan(mountain)),2026-05-31 13:02,16,1
L69130861,KR,KR-11,,37.5725,126.7925,서울--개화동 농경지(Seoul--Gaehwa-dong Farmland),2026-06-21 17:38,14,2
L4528273,KR,KR-11,,37.5796336,126.9770408,서울--경복궁(Seoul--Gyeongbok Palace),2026-09-26 16:56,95,280
L23204660,KR,KR-11,,37.5560884,126.9296064,서울--경의선숲길공원/경의선공원(Seoul--Gyeongui Line Forest Park/Book Street),2026-09-22 11:24,22,25
L31389193,KR,KR-11,,37.5097222,126.855,서울--계남근린공원(Seoul--Gyenam Neighbourhood Park),2026-06-25 22:45,30,20
L56204436,KR,KR-11,,37.570082,127.155536,서울--고덕수변생태공원(Seoul--Godeok Riverside Park),2026-04-04 17:20,53,20
L51813391,KR,KR-11,,37.5575994,127.1718541,서울--고덕천(Seoul--Godeokcheon(stream)),2026-08-20 17:52,17,8
L29917417,KR,KR-11,,37.5886111,127.0333333,서울--고려대학교(Seoul--Korea University),2026-09-06 18:15,40,38
L14994882,KR,KR-11,,37.4509416,126.9661153,서울--관악산(Seoul--Gwanaksan(mountain)),2026-07-22 08:36,40,10
L37759590,KR,KR-11,,37.4562598,126.9458199,서울--관악산자연공원(Seoul--Gwanaksan Nature Park),2026-09-24 07:28,55,56
L57806545,KR,KR-11,,37.5487875,127.1200739,서울--광나루한강공원(Seoul--Gwangnaru  Hangang Park),2026-02-08 09:48,29,3
L25135047,KR,KR-11,,37.4921918,126.8634117,서울--구로개봉유수지 생태공원(Seoul--Gurogaebong Detention Basin Eco Park),2025-12-30 14:45,31,4
L6234946,KR,KR-11,,37.501598,126.9735918,서울--국립서울현충원(Seoul--Seoul National Cemetery),2026-09-23 10:57,83,31
L58998284,KR,KR-11,,37.522505,126.978704,서울--국립중앙박물관(Seoul--National Museum of Korea),2026-06-26 12:01,20,6
L59563986,KR,KR-11,,37.6108998,126.9972754,서울--국민대학교(Seoul--Kookmin University),2026-09-08 13:47,34,28
L19786920,KR,KR-11,,37.5682399,126.923524,서울--궁동공원(Seoul--Gungdong Park),2026-07-03 10:54,42,25
L44944350,KR,KR-11,,37.5410214,127.1562016,서울--길동생태공원(Seoul--Gildong Eco Park),2026-05-31 10:00,41,9
L34147538,KR,KR-11,,37.5592291,126.8021169,서울--김포국제공항(Seoul--Gimpo International Airport),2026-08-30 08:52,10,8
L23294259,KR,KR-11,,37.5806581,127.0074785,서울--낙산공원(Seoul--Naksan Park),2026-09-20 14:05,30,27
L59465153,KR,KR-11,,37.5721307,126.867964,서울--난지습지원(Seoul--Nanji Wetland),2026-09-22 12:06,65,34
L40007023,KR,KR-11,,37.5722189,126.8860602,서울--난지천공원(Seoul--Nanjicheon Park),2026-09-26 07:14,104,264
L16040561,KR,KR-11,,37.5551471,126.9852393,서울--남산 둘레길(Seoul--Namsan Circle Road/Dule-gil),2026-07-31 05:54,57,59
L49715059,KR,KR-11,,37.557963,126.993695,서울--남산골공원(Seoul--Namsangol Park),2026-09-27 13:42,16,11
L7751762,KR,KR-11,,37.545427,126.999663,서울--남산공원(Seoul--Namsan Park),2026-09-22 08:06,100,484
L6484469,KR,KR-11,,37.542418,126.996302,서울--남산야외식물원(Seoul--Namsan Botanic Garden),2026-09-27 15:25,109,504
L921058,KR,KR-11,,37.5514674,126.9877696,서울--남산야외식물원(Seoul--Namsan Mountain Park),2026-09-22 08:06,133,808
L45637632,KR,KR-11,,37.5179275,126.9579334,서울--노들섬(Seoul--Nodeulseom(Island)),2026-04-17 14:13,13,2
L6818932,KR,KR-11,,37.5735773,126.8752845,서울--노을공원(Seoul--Noeul Park),2026-09-26 08:48,93,83
L36705105,KR,KR-11,,37.4934209,127.0047054,서울--대검찰청(Seoul--Supreme Prosecutors' Office),2026-09-20 15:17,26,41
L37718622,KR,KR-11,,37.4922621,127.0053045,서울--대법원(Seoul--Supreme Court of Korea),2026-06-24 15:29,7,6
L35192641,KR,KR-11,,37.56577,126.975145,서울--덕수궁(Seoul--Deoksugung Palace),2026-09-24 17:15,25,30
L24261988,KR,KR-11,,37.4901746,127.0436816,서울--도곡공원(Seoul--Dogok Park),2025-10-21 12:20,29,26
L42114455,KR,KR-11,,37.5054292,126.9800815,서울--동작대교 남단(Seoul--Dongjakdae Bridge South End),2026-07-07 14:55,24,9
L31472664,KR,KR-11,,37.5292927,127.0699761,서울--뚝섬한강공원(Seoul--Ttukseom Hangang Park),2026-09-22 06:50,44,70
L8290295,KR,KR-11,,37.5319353,126.9336002,서울--마포대교와 밤섬(Seoul--Mapo Bridge&Bamseom),2026-06-05 17:05,70,113
L960350,KR,KR-11,,37.5534578,126.8974543,서울--망원한강공원(Seoul--Mangwon Hangang Park),2026-06-10 15:51,62,33
L59160927,KR,KR-11,,37.5027127,126.8368471,서울--매봉산(Seoul--Maebongsan(mountain))
L15047859,KR,KR-11,,37.5443228,127.0074506,서울--매봉산공원(Seoul--Maebongsan Park),2026-09-19 13:27,32,12
L23279258,KR,KR-11,,37.5539301,127.1617109,서울--명일공원(Seoul--Myeongil Park),2026-08-28 15:06,68,185
L74145279,KR,KR-11,,37.4997514,126.9967325,서울--반포천-반포천1교(Seoul--Banpocheon(stream)-Banpocheon-1 Bridge),2026-09-03 15:34,15,4
L49823489,KR,KR-11,,37.5107128,126.995956,서울--반포한강공원(Seoul--Banpo Hangang Park),2026-09-18 13:35,56,23
L56382790,KR,KR-11,,37.511548,127.139609,서울--방이동생태경관보전지역(Seoul--Bangi-dong Ecological Landscape Conservation Area),2026-09-19 03:46,59,22
L52151889,KR,KR-11,,37.5582679,127.15802,서울--방죽공원(Seoul--Bangjuk Park),2026-09-28 08:32,45,337
L17903633,KR,KR-11,,37.584544,126.821118,서울--방화대교-남단(Seoul--Banghwa Bridge-south side),2026-07-28 00:00,76,55
L11514600,KR,KR-11,,37.581785,127.0644443,서울--배봉산근린공원(Seoul--Baebongsan Neighborhood Park),2026-09-17 12:11,70,170
L58434838,KR,KR-11,,37.591569,126.927829,서울--백련산(Seoul--Baengnyeonsan(Mountain)),2026-09-05 09:38,46,94
L1895681,KR,KR-11,,37.4919101,126.9191274,서울--보라매공원(Seoul--Boramae Park),2026-09-23 12:31,120,550
L19247464,KR,KR-11,,37.5148661,127.0573568,서울--봉은사(Seoul--Bongeunsa (temple)),2026-08-09 06:07,37,34
L10701542,KR,KR-11,,37.5421954,126.8546677,서울--봉제산공원(Seoul--Bongjesan Park),2026-05-24 10:10,37,7
L10198725,KR,KR-11,,37.6219835,127.0393858,서울--북서울꿈의숲(Seoul--Dream Forest),2026-09-10 07:39,114,452
L56256711,KR,KR-11,,37.5930496,126.9736719,서울--북악산(Seoul--Bugaksan(mountain)),2026-04-19 07:05,26,5
L8266753,KR,KR-11,,37.5903972,126.9859028,서울--삼청공원(Seoul--Samcheong Park),2026-07-12 10:00,48,25
L55924488,KR,KR-11,,37.4924766,126.9396006,서울--상도근린공원/국사봉(Seoul--Sangdo Park/Guksabong(mountain)),2026-09-24 09:34,47,83
L52720664,KR,KR-11,,37.5618582,127.1589345,서울--샘터공원(Seoul--Saemteo Park),2026-05-22 11:05,11,4
L75578586,KR,KR-11,,37.5744074,126.9558644,서울--서대문형무소역사관(Seoul--Seodaemun Prison History Museum),2026-08-14 14:22,5,1
L28253068,KR,KR-11,,37.4914257,127.0001185,서울--서리풀공원(Seoul--Seoripul Park),2026-09-11 09:17,66,89
L59160620,KR,KR-11,,37.5277343,126.8300181,서울--서서울호수공원(Seoul--Seoseoul Lake Park),2026-08-17 19:35,28,15
L36703450,KR,KR-11,,37.4958161,127.0107902,서울--서울고등법원(Seoul--Seoul High Court of Korea),2026-09-20 14:49,28,78
L4893809,KR,KR-11,,37.460846,126.9519648,서울--서울대학교-관악캠퍼스(Seoul--Seoul National University-Gwanak Campus),2026-09-23 06:44,106,604
L6316595,KR,KR-11,,37.5430121,127.033453,서울--서울숲공원(Seoul--Seoul Forest Park),2026-09-19 07:27,124,506
L17551316,KR,KR-11,,37.5699106,126.8336653,서울--서울식물원 습지원(Seoul--Seoul Botanical Garden Wetland Park),2026-09-23 09:57,100,179
L49715386,KR,KR-11,,37.51386,127.0733,서울--서울종합운동장(Seoul--Seoul Sports Complex),2026-07-03 18:47,7,3
L38524283,KR,KR-11,,37.4952313,127.0081792,서울--서울중앙지방검찰청(Seoul--Seoul Central District Prosecutor's Office),2026-06-02 08:52,15,6
L989206,KR,KR-11,,37.5084736,127.0488434,서울--선릉과 정릉(Seoul--Seolleung & Jeongneung Royal Tombs),2026-09-26 15:10,86,442
L3948131,KR,KR-11,,37.5438628,126.8992299,서울--선유도공원(Seoul--Seonyudo Park),2026-08-15 13:35,72,55
L23263803,KR,KR-11,,37.5115905,127.1049486,서울--송파나루공원/석촌호수(Seoul--Songpa Naru Park/Seokchon Lake Park),2026-09-26 12:54,29,33
L33359026,KR,KR-11,,37.6757977,127.0809016,서울--수락산자연공원(Seoul--Suraksan Nature Park),2026-06-07 10:48,36,3
L68898016,KR,KR-11,,37.592642,126.910106,서울--신사근린공원(Seoul--Sinsa Neighborhood Park),2026-09-28 09:40,37,19
L34512705,KR,KR-11,,37.5101003,127.0760143,서울--아시아공원(Seoul--Asia Park),2026-09-27 13:00,47,76
L24979962,KR,KR-11,,37.5715203,127.1032424,서울--아차산(Seoul--Achasan Mountain),2026-09-07 10:50,48,18
L76745915,KR,KR-11,,37.5582208,127.102257,서울--아차산-고구려정(Seoul--Achasan Mountain-Goguryeojeong Pavilion),2026-09-09 10:37,15,5
L76746099,KR,KR-11,,37.5518672,127.1007657,서울--아차산-아차산 생태공원(Seoul--Achasan Mountain-Achasan Ecological Park),2026-09-13 12:07,36,30
L76745704,KR,KR-11,,37.5549882,127.1049289,서울--아차산-아차산성(Seoul--Achasan Mountain-Achasanseong Fortress),2026-09-17 15:01,29,9
L53365430,KR,KR-11,,37.5641884,126.972266,서울--아펜젤러 기념공원(Seoul--Appenzeller Memorial Park),2026-09-01 10:41,9,2
L10196325,KR,KR-11,,37.5762269,126.9447301,서울--안산(Seoul--Ansan(mountain)),2026-09-22 08:22,78,141
L6308157,KR,KR-11,,37.5238,126.8798,서울--안양천(Seoul--Anyang Stream-Lower),2026-09-19 11:25,88,117
L10075356,KR,KR-11,,37.4951,126.8709,서울--안양천-구일역 인근(Seoul--Anyangcheon(stream)-Guil Station),2026-09-24 16:56,75,66
L54385457,KR,KR-11,,37.5600717,127.1297632,서울--암사동선사유적지(Seoul--Amsa-dong Prehistoric Museum Site),2025-10-24 09:53,12,1
L4877202,KR,KR-11,,37.4679258,127.0307074,서울--양재문화예술공원(Seoul--Yangjae Culture and Arts Park),2026-08-19 09:45,45,48
L4875331,KR,KR-11,,37.4709667,127.0356173,서울--양재시민의숲(Seoul--Yangjae Citizen's Forest),2026-08-19 08:28,77,115
L12754003,KR,KR-11,,37.4879821,127.0574934,서울--양재천(Seoul--Yangjaecheon(stream)),2026-06-28 05:57,46,24
L10487940,KR,KR-11,,37.5486637,127.0807172,서울--어린이대공원(Seoul--Children's Grand Park),2026-09-21 15:03,123,752
L6276121,KR,KR-11,,37.5261674,126.9227085,서울--여의도공원(Seoul--Yeouido Park),2026-09-26 16:53,83,244
L7751846,KR,KR-11,,37.518489,126.920348,서울--여의도샛강생태공원(Seoul--Yeouido Saetgang Eco Park),2026-09-26 15:11,114,558
L5563510,KR,KR-11,,37.5332115,126.9243193,서울--여의도한강공원(Seoul--Yeouido Hangang Park),2026-06-21 07:26,65,42
L8142282,KR,KR-11,,37.526557,126.933494,서울--여의도한강공원(Seoul--Yeouido Hangang Park),2026-09-19 11:20,82,84
L23559511,KR,KR-11,,37.5666072,126.9380473,서울--연세대학교(Seoul--Yonsei University),2026-09-15 15:43,67,132
L6755681,KR,KR-11,,37.5203294,127.1204413,서울--올림픽공원(Seoul--Olympic Park),2026-09-28 11:19,156,1467
L21273321,KR,KR-11,,37.520512,126.9836933,서울--용산가족공원(Seoul--Yongsan Family Park),2026-09-26 07:10,113,234
L69816838,KR,KR-11,,37.5379,126.9827,서울--용산기지-메인포스트(Seoul--USAG Yongsan-Main Post),2026-09-23 10:49,15,1
L69816713,KR,KR-11,,37.5286,126.9857,서울--용산기지-사우스포스트(Seoul--USAG Yongsan-South Post),2026-09-24 16:15,22,2
L20765988,KR,KR-11,,37.5433333,126.8780979,서울--용왕산근린공원(Seoul--Yongwangsan Neighborhood Park),2026-08-23 09:11,54,15
L40695559,KR,KR-11,,37.4732,127.0128,서울--우면산(Seoul--Umyeonsan(mountain)),2026-04-25 14:09,22,6
L4879565,KR,KR-11,,37.4677733,127.018893,서울--우면산자연생태공원(Seoul--Umyeonsan Natural Eco Park),2026-06-23 13:12,16,8
L60343720,KR,KR-11,,37.6327922,127.0394209,서울--우이천-산창교(Seoul--Uicheon(stream)-Sanchang Bridge),2026-09-21 18:14,16,2
L59161100,KR,KR-11,,37.5543,126.8450627,서울--우장산공원(Seoul--Ujangsan Park),2026-03-09 12:52,18,6
L36729533,KR,KR-11,,37.575816,126.9869216,서울--운현궁(Seoul--Unhyeongung Palace),2024-09-21 13:34,4,0
L66695421,KR,KR-11,,37.5532876,127.1505582,서울--원터근린공원(Seoul--Wonteo Neighborhood Park),2026-09-20 15:33,27,29
L25995694,KR,KR-11,,37.5638743,126.8935007,서울--월드컵공원(Seoul--World Cup Park),2026-09-11 15:22,112,193
L59096965,KR,KR-11,,37.5524824,127.0167924,서울--응봉근린공원(Seoul--Eungbong Neighborhood Park),2026-09-19 14:04,8,1
L23295759,KR,KR-11,,37.5480296,127.0297662,서울--응봉산공원(Seoul--Eungbongsan Park),2026-03-24 10:05,47,25
L9255478,KR,KR-11,,37.604568,127.05655,서울--의릉(Seoul--Uireung Royal Tomb),2026-07-25 03:15,55,33
L4528303,KR,KR-11,,37.522763,126.9547677,서울--이촌한강공원(Seoul--Ichon Hangang Park),2026-03-26 13:19,58,21
L62320290,KR,KR-11,,37.5149178,126.9800458,서울--이촌한강공원(Seoul--Ichon Hangang Park),2026-09-20 17:12,5,1
L40145070,KR,KR-11,,37.5616047,126.945961,서울--이화여자대학교(Seoul--Ewha Womans University),2026-09-22 12:58,52,59
L965126,KR,KR-11,,37.580909,126.9596815,서울--인왕산(Seoul--Inwangsan(mountain)),2026-09-22 11:30,73,70
L52247307,KR,KR-11,,37.5313168,127.1517718,서울--일자산(Seoul--Iljasan(mountain)),2026-02-23 17:20,7,2
L13032523,KR,KR-11,,37.5193156,127.0915526,서울--잠실한강공원(Seoul--Jamsil Hangang Park),2026-06-28 08:01,63,30
L77673775,KR,KR-11,,37.5233461,127.0136564,서울--잠원한강공원(Seoul--Jamwon Hangang Park)
L65018764,KR,KR-11,,37.480871,126.936524,서울--장군봉체육공원(Seoul--Janggunbong Sports Park),2026-07-23 06:14,25,8
L37740129,KR,KR-11,,37.5360178,126.9772496,서울--전쟁기념관(Seoul--War Memorial of Korea),2026-04-11 11:56,11,6
L14937746,KR,KR-11,,37.6015968,127.0061203,서울--정릉(Seoul--Jeongneung Royal Tomb),2026-05-08 15:47,64,39
L37815239,KR,KR-11,,37.5738133,126.9820716,서울--조계사(Seoul--Jogyesa(temple)),2026-09-26 08:30,11,13
L8145437,KR,KR-11,,37.5735381,126.9943929,서울--종묘(Seoul--Jongmyo Shrine),2026-09-25 15:27,52,78
L4200019,KR,KR-11,,37.553383,127.046123,서울--중랑천 살곶이다리(Seoul--Jungnangcheon-Salgoji Bridge/Hanyang area),2026-09-13 14:13,102,302
L6582771,KR,KR-11,,37.550332,127.035578,서울--중랑천(Seoul--Jungnangcheon General Area),2026-09-19 09:06,109,367
L8186897,KR,KR-11,,37.5523254,127.0426374,서울--중랑천(Seoul--Jungnangcheon(stream)),2026-06-25 11:23,93,209
L41721150,KR,KR-11,,37.6307474,127.0643443,서울--중랑천-경춘철교(Seoul--Jungnangcheon(stream)-Gyeongchun Railway Bridge),2026-03-17 16:14,54,41
L28301308,KR,KR-11,,37.67873,127.05056,서울--중랑천-노원교(Seoul--Jungnangcheon-Nowongyo(bridge)),2026-05-14 15:00,77,78
L34868229,KR,KR-11,,37.6462631,127.0557301,서울--중랑천-녹천교(Seoul--Jungnangcheon(stream)-Nokcheon Bridge),2026-06-13 08:34,51,19
L41721101,KR,KR-11,,37.6327667,127.0630887,서울--중랑천-월계1교(Seoul--Jungnangcheon-Wolgye 1 Bridge),2026-03-14 15:21,43,12
L16879694,KR,KR-11,,37.6070466,127.0717627,서울--중화동 중랑천(Seoul--Jungnangcheon (stream)-Junghwa-dong),2026-05-18 11:45,55,30
L965129,KR,KR-11,,37.5780521,126.9951725,서울--창경궁(Seoul--Changgyeonggung),2026-09-26 14:04,129,1164
L3616896,KR,KR-11,,37.5790469,126.9910794,서울--창덕궁(Seoul--Changdeokgung),2026-09-22 11:53,94,185
L32596155,KR,KR-11,,37.478646,126.829018,서울--천왕근린공원-항골지구(Seoul--Cheonwang Neighbothood Park-Hanggol Dist.),2026-06-28 12:52,34,8
L46860663,KR,KR-11,,37.5691145,126.9787185,서울--청계광장(Seoul--Cheonggye Plaza),2026-09-24 14:08,18,17
L8273003,KR,KR-11,,37.568312,126.985881,서울--청계천 장통교(Seoul--Cheonggyecheon(Stream)-Jangtong Bridge),2026-09-26 10:12,52,120
L52999748,KR,KR-11,,37.5213088,127.0526079,서울--청담근린공원(Seoul--Cheongdam Park),2026-06-27 09:05,19,4
L21212269,KR,KR-11,,37.4741258,126.9463653,서울--청룡산(Seoul--Cheongnyongsan(mountain)),2026-09-15 07:52,83,198
L46860736,KR,KR-11,,37.5857101,126.9749453,서울--청와대(Seoul--Blue House),2026-08-18 12:52,15,7
L17028162,KR,KR-11,,37.6407838,127.0472318,서울--초안산근린공원(Seoul--Choansan Park),2026-05-30 06:39,47,23
L6755726,KR,KR-11,,37.497565,127.0885183,서울--탄천(Seoul--Tancheon (stream)),2026-09-19 08:06,113,90
L13121884,KR,KR-11,,37.5199615,127.0670463,서울--탄천-청담교(Seoul--Tancheon(stream)-Cheongdam Bridge),2026-08-23 18:15,58,24
L59161234,KR,KR-11,,37.6346935,127.0968604,서울--태릉(Seoul--Taereung Royal Tomb),2026-05-31 09:17,33,8
L40007098,KR,KR-11,,37.5623116,126.8950993,서울--평화의공원(Seoul--Peace Park),2026-09-25 09:29,98,269
L16063226,KR,KR-11,,37.48399,126.82559,서울--푸른수목원(Seoul--Pureun Arboretum),2026-09-27 07:21,110,636
L40007151,KR,KR-11,,37.5677555,126.8856807,서울--하늘공원(Seoul--Haneul Park),2026-09-28 09:14,106,161
L42994142,KR,KR-11,,37.515653,127.025451,서울--학동공원(Seoul--Hakdong Park),2026-08-01 07:21,9,4
L8443601,KR,KR-11,,37.5403,127.019184,서울--한강-옥수역(Seoul--Hangang(river)-Oksu station),2026-07-25 11:11,76,104
L58782886,KR,KR-11,,37.5975041,127.058773,서울--한국외국어대학교 서울캠퍼스(Seoul--Hankuk University of Foreign Studies),2019-12-01 14:49,1,0
L77619180,KR,KR-11,,37.49538,127.06211,서울--한티근린공원(Seoul--Hanti Park)
L33581316,KR,KR-11,,37.4649379,127.0817649,서울--헌릉과 인릉(Seoul--Heolleung and Illeung Royal Tombs),2026-09-27 15:01,50,18
L37985065,KR,KR-11,,37.5780731,126.9849181,서울--헌법재판소(Seoul--Constitutional Court of Korea),2026-08-23 12:06,12,13
L3860793,KR,KR-11,,37.4971075,126.9772553,서울--현충근린공원(Seoul--Hyeonchung Park),2026-05-28 16:49,60,7
L3967475,KR,KR-11,,37.59268,127.04282,서울--홍릉시험림(Seoul--Hongneung Forest),2026-06-06 11:26,62,76
L57945588,KR,KR-11,,37.5619527,126.8993396,서울--홍제천-연남교~홍제천교(Seoul--Hongjecheon(stream)-Yeonnam Bridge ~ Hongjecheon Bridge),2026-09-24 09:50,40,51
L57946052,KR,KR-11,,37.5812081,126.9375765,서울--홍제천-옥천3교~연남교(Seoul--Hongjecheon(stream)-Okcheon3 Bridge~Yeonnam Bridge),2026-09-21 13:06,38,127
L35602702,KR,KR-11,,37.5450422,126.9611205,서울--효창공원(Seoul--Hyochang Park),2026-09-21 10:54,76,165
L13556449,KR,KR-41,,37.6635926,127.0952082,서울/남양주--불암산(Seoul/Namyangju--Buramsan(mountain)),2026-07-26 11:53,41,50
L13499615,KR,KR-11,,37.5842468,127.0571665,서울시립대학교(Seoul--University of Seoul),2026-07-13 16:28,58,22
L31421049,KR,KR-44,,36.0369444,126.7197222,서천--국립생태원(Seocheon--National Institue of Ecology),2026-09-22 07:16,96,35
L38340398,KR,KR-44,,36.0494929,126.8136419,서천--금강-완포리(Seocheon--Geumgang(river)-Wanpo-ri),2026-02-21 14:03,28,4
L38340364,KR,KR-44,,36.0054961,126.7069056,서천--금강-원수리(Seocheon--Geumgang(river)-Wonsu-ri),2026-05-09 15:41,78,18
L980365,KR,KR-44,,36.0159905,126.7384529,서천--금강갑문 북서(Seocheon--Geum River Barrage-Northwest),2026-09-26 08:57,173,139
L980367,KR,KR-44,,36.0292147,126.6657114,서천--금강하구-송림갯벌(Seocheon--Geum Estuary-Songrim Tidal Flat),2026-09-04 17:58,164,175
L980374,KR,KR-44,,36.052985,126.6458416,서천--금강하구-월포갯벌(Seocheon--Geum Estuary-Wolpo Tidal Flat),2026-09-16 01:54,117,82
L995697,KR,KR-44,,36.0968284,126.6291046,서천--금강하구-장구만(Seocheon--Geum Estuary-Janggu Bay),2026-02-15 18:34,121,49
L39616024,KR,KR-44,,36.0227938,126.7426586,서천--금강하구철새도래지(Seocheon--Geumgang Estuary Migratory Bird Habitat),2026-02-28 12:33,35,9
L32912424,KR,KR-44,,36.1212182,126.7766311,서천--봉선저수지(Seocheon--Bongseon Reservoir),2026-02-22 18:14,56,9
L1675623,KR,KR-44,,35.9941759,126.6010949,서천--유부도(Seocheon--Yubu-do(island)),2026-09-28 10:30,227,412
L39616179,KR,KR-44,,36.0157844,126.6663364,서천--장항송림산림욕장(Seocheon--Janghang Songrim Forest Park),2026-09-26 11:54,89,19
L28842683,KR,KR-44,,36.1663128,126.5240103,서천--춘장대해수욕장(Seocheon--Chunjangdae Beach),2024-01-10 13:15,7,1
L43309241,KR,KR-44,,36.088319,126.6458739,서천--한성리(Seocheon--Hanseong-ri),2026-04-22 15:04,39,8
L13843550,KR,KR-28,,37.6885779,126.3215089,석모도--보문사(Seongmo-do--Bomunsa (temple)),2007-09-24 08:00,19,1
L23904269,KR,KR-28,,37.6906126,126.3258648,석모도--석모도수목원(Seongmo-do--Seongmodo Arboretum),2026-05-09 09:00,43,6
L34691179,KR,KR-45,,35.7652315,127.0409203,선암자연휴양림(Seonam Recreational Forest)
L29414697,KR,KR-45,,35.4997008,126.580309,선운산도립공원(Seonunsan Provincial Park),2026-09-05 06:22,82,46
L35038633,KR,KR-41,,37.5567579,127.5093842,설매재자연휴양림(Seolmejae Recreational Forest)
L1865512,KR,KR-51,,38.1195675,128.465538,설악산국립공원(Seoraksan NP),2026-09-11 16:15,114,141
L30369089,KR,KR-51,,38.164231,128.464693,설악산국립공원--금강굴(Seoraksan NP--Geumganggul Grotto),2026-04-24 12:25,36,3
L69054693,KR,KR-51,,38.226171,128.47119,설악산국립공원--금강산 성인대(Seoraksan NP--Sinseondae),2026-06-05 16:25,13,1
L43901943,KR,KR-51,,38.1823979,128.3019716,설악산국립공원--남교리탐방로(Seoraksan NP--Namgyo-ri Trail)
L4528413,KR,KR-51,,38.0848007,128.4489298,설악산국립공원--남설악탐방로(Seoraksan NP--Namseorak Trail),2026-08-04 06:20,57,7
L23116790,KR,KR-51,,38.1651072,128.3740475,설악산국립공원--백담사탐방로(Seoraksan NP--Baekdamsa Trail),2026-08-03 12:04,24,5
L6505824,KR,KR-51,,38.1738165,128.4850056,설악산국립공원--비선대탐방로(Seoraksan NP--Biseondae Trail),2026-09-11 16:15,70,54
L43901533,KR,KR-51,,38.0782432,128.445408,설악산국립공원--약수터탐방로(Seoraksan NP--Mineral Spring Trail),2025-08-20 14:35,6,1
L43901299,KR,KR-51,,38.0857254,128.4332657,설악산국립공원--용소폭포탐방로(Seoraksan NP--Yongso Waterfall Trail)
L5564807,KR,KR-51,,38.1785269,128.4828222,설악산국립공원--울산바위 등산로(Seoraksan NP--Ulsan Rock Trail),2026-05-19 06:52,53,24
L30177522,KR,KR-51,,38.1943511,128.4742032,설악산국립공원--울산바위(Seoraksan NP--Ulsanbawi Rock),2025-08-17 06:50,10,2
L43901779,KR,KR-51,,38.1195971,128.341679,설악산국립공원--장수대탐방로(Seoraksan NP--Jangsudae Trail)
L30176161,KR,KR-51,,38.1618685,128.4994988,설악산국립공원--토왕성폭포 전망대(Seoraksan NP--Towangseong Falls Observatory),2026-05-26 17:43,29,6
L43900443,KR,KR-51,,38.0978043,128.405816,설악산국립공원--한계령탐방로(Seoraksan NP--Hangyeryeong Trail),2026-08-15 05:13,20,3
L43901202,KR,KR-51,,38.0886514,128.4209999,설악산국립공원--흘림골탐방로(Seoraksan NP--Heullimgol Trail)
L16204731,KR,KR-41,,37.3750382,127.1250622,성남--분당중앙공원(Seongnam--Bundang Central Park),2026-08-23 08:18,59,37
L57201008,KR,KR-41,,37.449328,127.107399,성남--서울공항(Seongnam--Seoul Air Base),2026-07-25 17:30,7,2
L29146408,KR,KR-41,,37.408761,127.117277,성남--송현공원(Seongnam--Songhyeon Park),2026-09-19 16:29,69,65
L48430740,KR,KR-41,,37.340446,127.112242,성남--오리공원(Seongnam--Ori Park),2026-06-23 14:02,1,0
L58932707,KR,KR-41,,37.389926,127.0773721,성남--운중천(Seongnam--Unjungcheon(stream)),2026-03-15 16:00,12,2
L11229092,KR,KR-41,,37.3766118,127.1491031,성남--율동공원(Seongnam--Yuldong Park),2026-09-21 17:48,74,72
L10891102,KR,KR-41,,37.3983547,127.1246963,성남--탄천-이매동(Seongnam--Tancheon (stream)-Imae-dong),2026-09-19 13:46,88,113
L28642921,KR,KR-41,,37.4467285,127.1182289,성남--탄천민물고기습지생태공원(Seongnam--Tancheon Freshwater Fish Wetland Park),2026-08-17 11:03,100,41
L69295938,KR,KR-41,,37.393798,127.055298,성남--한국학중앙연구원(Seongnam--Academy of Korean Studies),2026-09-23 17:12,17,5
L9935717,KR,KR-41,,37.3982622,127.1046841,성남--화랑공원(Seongnam--Hwarang Park),2026-09-16 17:39,87,66
L34690880,KR,KR-43,,36.8078759,127.8461838,성불산자연휴양림(Seongbulsan Recreational Forest)
L34690919,KR,KR-47,,36.5353295,128.0418777,성주봉자연휴양림(Seongjubong Recreational Forest)
L34691271,KR,KR-44,,36.3326207,126.663866,성주산자연휴양림(Seongjusan Recreational Forest)
L34691298,KR,KR-45,,35.5141685,127.2401333,세심자연휴양림(Sesim Recreational Forest)
L3599026,KR,KR-36,,36.6088574,127.23979,세종--고복저수지(Sejong--Gobok Reservoir),2025-05-15 13:40,37,17
L14891609,KR,KR-36,,36.6770316,127.2297121,세종--고산사(Sejong--Gosansa(Temple)),2025-05-06 09:29,52,74
L38341139,KR,KR-36,,36.4977895,127.2853348,세종--국립세종수목원(Sejong--Sejong National Arboretum),2026-09-19 06:51,84,33
L13158765,KR,KR-36,,36.4964051,127.3766596,세종--금강-등곡리(Sejong--Geumgang(river)-Deunggok-ri),2024-02-26 11:06,51,6
L11834277,KR,KR-36,,36.4862493,127.2860037,세종--금강-세종동(Sejong--Geumgang(river)-Sejong-dong),2026-09-25 11:45,87,20
L52622829,KR,KR-36,,36.4526287,127.2820284,세종--금강과 용수천(Sejong--Geumgang(river) & Yongsucheon(stream)),2025-09-09 11:00,21,1
L3600575,KR,KR-36,,36.6113722,127.1920681,세종--비암사(Sejong--Biamsa(temple)),2023-09-30 14:24,48,44
L10981924,KR,KR-36,,36.4985685,127.2741688,세종--세종호수공원(Sejong--Sejong Lake Park),2026-08-27 17:52,45,7
L3614483,KR,KR-36,,36.6849652,127.2438669,세종--운주산성(Sejong--Unjusanseong (Fortress)),2023-10-21 15:36,23,6
L67658490,KR,KR-36,,36.4730299,127.2594237,세종--한솔정(Sejong--Hansoljeong),2026-05-25 11:00,9,1
L38341127,KR,KR-36,,36.4672295,127.2625391,세종-세종공원(Sejong--Sejong Park),2024-12-08 15:29,3,0
L11300197,KR,KR-43,,37.0673472,128.5824245,소백산국립공원 배틀재(Sobaeksan NP--Baeteuljae),2016-09-13 09:30,16,2
L13932234,KR,KR-43,,36.9575738,128.4847641,소백산국립공원(Sobaeksan NP),2026-06-14 07:35,60,21
L13028382,KR,KR-43,,37.0391271,128.5132631,소백산국립공원--남천계곡(Sobaeksan NP--Namcheon Valley),2005-01-06 12:15,12,1
L11426009,KR,KR-43,,36.9599602,128.4290454,소백산국립공원--다리안계곡(Sobaeksan NP--Darian Valley),2026-06-14 07:35,38,8
L13378340,KR,KR-47,,37.0273279,128.6540305,소백산국립공원--마구령(Sobaeksan NP--Maguryeong Pass),2006-10-03 11:00,19,2
L11426971,KR,KR-43,,36.9869913,128.466568,소백산국립공원--새밭계곡(Sobaeksan NP--Saebat Valley),2007-09-11 13:30,8,1
L76149647,KR,KR-47,,36.972224,128.6087787,소백산국립공원--소백산생태탐방원(Sobaeksan NP--Sobaeksan Eco Park),2026-08-22 15:05,16,2
L11424754,KR,KR-43,,36.9035912,128.4370913,소백산국립공원--죽령길(Sobaeksan NP--Jungnyeong Trail),2025-03-01 09:47,32,5
L56607143,KR,KR-46,,34.1602439,126.6535542,소안도(Soando(island))
L13983292,KR,KR-43,,36.5415533,127.8331697,속리산국립공원 법주사(Songnisan NP--Beopjusa (temple)),2026-06-17 08:41,89,28
L12793026,KR,KR-47,,36.5707931,127.8855617,속리산국립공원 오송폭포(Songnisan NP--Osong Waterfall)
L28902206,KR,KR-43,,36.5627171,127.8610415,속리산국립공원(Songnisan NP),2026-06-17 08:41,91,32
L57742629,KR,KR-51,,38.2084739,128.5959537,속초--속초항(Sokcho--Sokcho Port),2026-09-18 17:51,33,22
L26612240,KR,KR-51,,38.1901983,128.6046481,속초--속초해변(Sokcho--Sokcho Beach),2026-05-09 02:32,42,14
L55742471,KR,KR-51,,38.1615023,128.5670188,속초--쌍천-도천교(Sokcho--Ssangcheon(stream)--Docheon Bridge),2025-12-06 09:00,15,1
L10045704,KR,KR-51,,38.217625,128.580466,속초--영랑호(Sokcho--Yeongnang Lake),2026-06-07 07:12,112,83
L30211454,KR,KR-51,,38.2127156,128.568511,속초--영랑호습지생태공원(Sokcho--Yeongnang Lake Wetland Eco Park),2026-06-07 07:12,52,6
L5564854,KR,KR-51,,38.1926985,128.5833916,속초--청초호(Sokcho--Cheongcho Lake),2026-09-18 17:23,128,144
L34657323,KR,KR-51,,38.0535657,128.6201191,송이밸리자연휴양림(Songi Valley Recreational Forest),2025-12-30 10:45,4,2
L34962758,KR,KR-47,,36.0233491,128.4482861,송정자연휴양림(Songjeong Recreational Forest)
L10927879,KR,KR-41,,37.6951459,127.0827073,수락산(Suraksan (mountain)),2026-04-11 15:38,17,5
L35038737,KR,KR-43,,37.039558,127.6516056,수레의산자연휴양림(Sureuisan Recreational Forest)
L29414738,KR,KR-41,,37.3571626,126.9021218,수리산도립공원(Surisan Provincial Park),2025-03-20 10:52,15,1
L18294078,KR,KR-41,,37.3245171,127.0276344,수원 하광교 소류지(Suwon--Hagwanggyo Reservoir),2026-04-08 06:58,28,6
L45747639,KR,KR-41,,37.3005142,127.0358133,수원--경기대학교수원캠퍼스(Suwon--Gyeongi University Suwon Campus),2026-06-01 06:15,56,27
L33059361,KR,KR-41,,37.2665651,126.983124,수원--경기상상캠퍼스(Suwon--Gyeongi Sangsang Campus),2026-09-12 09:45,64,43
L38319608,KR,KR-41,,37.3065744,127.02798,수원--광교저수지(Suwon--Gwanggyo Reservoir),2026-09-23 18:08,63,20
L11840243,KR,KR-41,,37.2857712,127.0684439,수원--광교호수공원(Suwon--Gwanggyo Lake Park),2026-08-20 11:26,87,97
L28391871,KR,KR-41,,37.2793082,126.9894737,수원--서호공원(Suwon--Seoho Park),2026-08-23 10:00,87,100
L56341499,KR,KR-41,,37.2898249,127.0675613,"수원--수원지방검찰청, 수원고등검찰청(Suwon--Suwon District Prosecutors' Office, Suwon High Prosecutors' Office)",2025-12-26 13:02,4,1
L23263762,KR,KR-41,,37.2875102,127.0175479,수원--수원화성 화홍문(Suwon--Suwon Hwaseong Fortress-Hwahongmun Gate(Buksumun)),2026-09-25 14:29,40,28
L28391844,KR,KR-41,,37.2872129,126.9755048,수원--일월저수지와 수목원 (Suwon--Ilwol Reservoir & Arboretum),2026-09-09 09:56,83,125
L59681980,KR,KR-45,,35.4067565,127.0642822,순창--강천공원(Sunchang--Gangcheon Park),2026-09-10 07:51,18,1
L35238032,KR,KR-46,,34.861336,127.522322,순천--가야농장와 갯벌(Suncheon--Gaya Farm & Coast),2026-01-26 14:39,33,5
L54943128,KR,KR-46,,34.9692189,127.478461,순천--국립순천대학교(Suncheon--Suncheon National University),2025-06-25 13:41,1,1
L43743011,KR,KR-46,,34.907302,127.340566,순천--낙안읍성(Suncheon--Naganeupseong Walled Village),2026-09-24 14:39,15,5
L10112474,KR,KR-46,,34.9510287,127.4164149,순천--상사호 휴게소(Suncheon--Sangsa Lake Service Area),2023-06-26 09:00,9,2
L41451916,KR,KR-46,,35.0036992,127.2674038,순천--송광사(Suncheon--Songgwangsa(temple)),2026-05-24 13:31,25,5
L4528154,KR,KR-46,,34.8782122,127.4985051,순천--순천만 농지(Suncheon--Suncheon Bay General Farmland & Coast),2026-09-25 05:54,162,81
L6149366,KR,KR-46,,34.8481373,127.4910164,순천--순천만 서쪽(Suncheon--Suncheon Bay West Side),2025-03-05 17:17,113,23
L10808027,KR,KR-46,,34.929003,127.5096364,순천--순천만국가정원(Suncheon--Suncheon Bay National Garden),2026-09-27 11:40,99,46
L41453370,KR,KR-46,,34.9278465,127.4978733,순천--순천만국가정원서문(Suncheon--Suncheon Bay National Garden West Gate),2026-04-29 13:15,75,12
L7363798,KR,KR-46,,34.8825162,127.5138581,순천--순천만습지 갈대밭(Suncheon--Suncheon Bay Nature Reserve & Reed Field),2026-09-26 15:00,196,184
L41453359,KR,KR-46,,34.9335118,127.4978828,순천--오천그린광장(Suncheon--Ocheon Green Plaza),2026-03-06 15:17,13,1
L35237971,KR,KR-46,,34.845552,127.5251,순천--와온항과 해변(Suncheon--Waun Port & Beach),2025-11-23 13:32,37,5
L35279411,KR,KR-46,,34.835922,127.449075,순천시 거차항(Suncheon--Geocha Harbor),2026-02-08 10:30,13,1
L35279422,KR,KR-46,,34.840283,127.484998,순천시 화포항(Suncheon--Hwapo Harbor),2026-09-25 10:44,35,4
L35037943,KR,KR-46,,35.0432787,127.4757385,순천자연휴양림(Suncheon Recreational Forest)
L13822040,KR,KR-41,,37.3908568,126.7805529,시흥--갯골생태공원(Siheung--Gaetgol Eco Park),2026-05-10 09:37,146,165
L55091474,KR,KR-41,,37.3985737,126.7578419,시흥--보통천(Siheung--Botongcheon(stream)),2026-09-20 07:12,101,84
L38704100,KR,KR-41,,37.40078,126.776974,시흥--소래염전(Siheung--Sorae Saltern),2025-12-30 10:31,63,11
L30211493,KR,KR-41,,37.4027778,126.8061111,시흥--연꽃테마파크(Siheung--Lotus Theme Park),2026-07-14 06:59,93,71
L22090218,KR,KR-41,,37.3452556,126.6878986,시흥--오이도항(Siheung--Oido Harbor),2026-08-06 11:33,60,33
L38671663,KR,KR-41,,37.3858603,126.7386234,시흥--월곶포구(Siheung--Wolgot Harbor),2026-03-18 12:50,44,18
L8379640,KR,KR-41,,37.3999433,126.7697941,시흥--포동빗물펌프장 습지(Shiheung--Po-dong Pumpstation Wetland),2026-09-13 12:39,111,50
L39508018,KR,KR-41,,37.4076628,126.8052207,시흥--호조벌(Siheung--Hojobeol Fields),2026-01-18 16:49,52,17
L35037298,KR,KR-31,,35.526027,129.023459,신불산폭포자연휴양림(Shinbulsan Waterfall Recreational Forest),2026-02-05 09:29,17,2
L4884603,KR,KR-46,,34.051876,125.1265058,신안--가거도(Sinan--Gageo-do(island)),2026-05-15 10:00,184,57
L62377812,KR,KR-46,,34.4411238,125.2882672,신안--상태도(Sinan--Sangtae-do(island))
L34418281,KR,KR-46,,34.8770665,125.9936693,신안--신안자연휴양림(Sinan--Sinan Recreational Forest),2024-11-23 09:01,3,2
L62377649,KR,KR-46,,35.088914,126.0262588,신안--재원도(Sinan--Jaewon-do(island))
L4884595,KR,KR-46,,34.3894983,125.3002702,신안--하태도(Sinan--Hatae-do(island)),2026-07-27 15:56,25,4
L12806009,KR,KR-30,,36.4542594,127.4186058,신탄진 금강(Shintanjin--Geumgang (river)),2024-02-27 08:47,38,4
L4155031,KR,KR-45,,35.686268,126.859785,신태인--동진강(Sintaein--Dongjingang(river)),2025-10-14 17:43,65,10
L34691199,KR,KR-44,,36.4975625,126.3601971,아면도자연휴양림(Anmyeongdo Recreational Forest),2026-03-14 12:08,6,1
L66563374,KR,KR-44,,36.88518,126.88948,아산--걸매리 농경지(Asan--Geolmae-ri Agricultural Fields),2026-09-11 13:41,42,13
L40625944,KR,KR-44,,36.7974077,127.003033,아산--곡교천-석정리(Asan--Gokgyocheon(stream)-Seokjeong-ri),2025-12-19 10:09,74,7
L39282315,KR,KR-44,,36.8343732,126.8581871,아산--곡교천-신문리(Asan--Gokgyocheon(stream)-Shinmun-ri),2026-09-14 13:10,148,76
L39282476,KR,KR-44,,36.7982303,126.9902805,아산--곡교천-실옥동(Asan--Gokgyocheon(stream)-Silok-dong),2026-03-07 01:04,84,18
L39326969,KR,KR-44,,36.8045286,127.0590603,아산--명암천-가락바위소류지(Asan--Myeongamcheon(stream)-Garakbawi Reservoir),2026-09-12 15:10,67,30
L40804334,KR,KR-44,,36.7928667,127.0516319,아산--명암천~곡교천 한내교(Asan--Myeongamcheon(stream)~Gokgyocheon(stream)-Hannaegyo(bridge)),2026-03-22 14:58,64,5
L39267180,KR,KR-44,,36.8126037,127.0270433,아산--방화산(Asan--Banghwasan(mountain)),2025-04-07 10:11,32,2
L55367225,KR,KR-44,,36.8097129,127.0252978,아산--백암리(Asan--Baegam-ri),2026-07-20 12:49,43,2
L40624792,KR,KR-44,,36.6998885,126.9717076,아산--봉수산-봉국사(Asan--Bongsusan(mountain)-Bongguksa(temple)),2026-05-24 10:34,29,3
L40625528,KR,KR-44,,36.7866103,126.8490489,아산--삽교천-돈포리~선장포(Asan--Sapgyocheon(stream)-Donpo-ri~Seongjangpo),2026-09-05 12:58,81,14
L19092902,KR,KR-44,,36.8425183,126.8460249,아산--삽교호 곡교천(Asan--Sapgyo Lake--Gokgyocheon),2025-12-30 10:00,154,58
L40624639,KR,KR-44,,36.864544,126.8576769,아산--삽교호-문방리(Asan--Sapgyo Lake-Munbang-ri),2025-12-19 14:25,48,7
L7405390,KR,KR-44,,36.7635042,126.9710112,아산--신정호공원(Asan--Shinjeong Lake Park),2025-10-06 09:54,77,18
L31497503,KR,KR-44,,36.8870599,126.8986983,아산--아산만 걸매리 갯벌 (Asan--Geolmae-ri Tidal Flats),2026-09-27 15:19,166,201
L38340915,KR,KR-44,,36.8964686,126.9247337,아산--아산호-백석포리(Asan--Asan Lake-Baekseokpo-ri),2026-02-28 11:12,7,1
L39267090,KR,KR-44,,36.8081852,127.0332813,아산--현충사(Asan--Hyeonchungsa Memorial Park),2026-05-26 09:14,82,39
L10543739,KR,KR-47,,36.53018,128.853704,안동 백운정유원지(Andong--Baekeunjeong Recreation Area),2023-11-22 12:20,36,2
L5563874,KR,KR-47,,36.5101622,128.9507121,안동 지례예술촌(Andong--Jirye Artist Town),2007-05-09 00:00,22,2
L58000334,KR,KR-47,,36.5525045,128.6317228,안동--검암습지생태공원(Andong--Geomam Wetland Eco Park)
L12021445,KR,KR-47,,36.587958,128.770508,안동--낙강물길공원(Andong--Nakgang Eco Park),2026-09-12 15:55,45,7
L6308112,KR,KR-47,,36.5567624,128.7248469,안동--낙동강(Andong--Nakdonggang (river)-city area),2026-09-11 16:54,33,2
L21863044,KR,KR-47,,36.5763351,128.8316703,안동--안동호-쇠제비갈매기 서식지(Andong--Andong Lake-Little Tern Breeding Site),2024-06-09 12:00,2,1
L11544972,KR,KR-47,,36.539306,128.5181923,안동--하회마을(Andong--Hahoe Folk Village),2026-09-18 13:55,60,24
L54995568,KR,KR-47,,36.5656016,128.5131761,안동--호민저수지(Andong--Homin Reservoir),2025-10-08 09:54,32,3
L34690935,KR,KR-47,,36.7035908,128.8286018,안동호반자연휴양림(Andong Lake Recreational Forest),2026-05-01 17:00,9,1
L5006412,KR,KR-41,,37.2818983,126.6241693,안산--대송습지/시화호-동쪽(Ansan--Daesong Wetland/Sihwa Lake-East),2026-09-13 15:03,191,146
L4979103,KR,KR-41,,37.2850148,126.5985206,안산--대송습지/시화호-서쪽(Ansan--Daesong Wetland/Sihwa Lake-West),2026-09-17 16:00,161,57
L52184611,KR,KR-41,,37.2201055,126.5799275,안산--람사르습지고래뿌리갯벌(Ansan--Gorae Ppuri Tidal Flat Ramsar Wetland),2026-06-14 14:17,8,1
L52184543,KR,KR-41,,37.2372925,126.5647239,안산--람사르습지상동갯벌(Ansan--Sangdong Tidal Flat Ramsar Wetland),2026-05-10 08:55,21,2
L68458841,KR,KR-41,,37.2247756,126.6462708,안산--바다향기수목원(Ansan--Badahyangi Provincial Arboretum),2026-06-26 15:14,7,1
L4002915,KR,KR-41,,37.3024444,126.7383242,안산--반달섬과 갯벌(Ansan--Bandalseom & Tidal Flats),2026-09-07 18:54,67,26
L68320229,KR,KR-41,,37.2132331,126.6083872,안산--베르아델 승마클럽(Ansan--Bereuadel Horseriding Club),2026-05-31 07:00,21,2
L52114016,KR,KR-41,,37.2547669,126.5798542,안산--북동저수지(Ansan--Bukdong Reservoir),2025-08-28 12:06,8,1
L33534424,KR,KR-41,,37.333783,126.8363281,안산--서울예술대학교(Ansan--Seoul Institute of the Arts),2024-06-19 02:23,8,2
L8133406,KR,KR-41,,37.292588,126.5796712,안산--시화호 하구(Ansan--Sihwa Lake Estuary),2026-09-13 13:51,138,57
L4373373,KR,KR-41,,37.2713891,126.8418789,안산--안산갈대습지공원(Ansan--Ansan Reed Wetland Park),2026-09-13 10:15,129,134
L42771331,KR,KR-41,,37.3035692,126.8349758,안산--안산천(Ansan--Ansancheon(stream)),2026-04-18 14:10,52,12
L12983172,KR,KR-41,,37.2999366,126.8248477,안산--안산호수공원(Ansan--Ansan Lake Park),2026-09-27 15:30,72,25
L56304582,KR,KR-41,,37.3291565,126.8141049,안산--화랑유원지(Ansan--Hwarang Recreation Area),2026-07-19 14:51,43,6
L22945474,KR,KR-41,,36.9736021,127.1838081,안성--안성천-웅교리(Anseong--Anseongcheon(stream)-Unggyo-ri),2026-05-02 12:30,118,4
L36304733,KR,KR-41,,37.4168589,126.8949442,안양--안양천 생태이야기관 조류관찰대(Anyang--Anyangcheon Ecology Story Center),2026-08-19 06:00,64,16
L24435285,KR,KR-46,,34.8573865,126.2842561,압해도--대천리(Aphea-do--Daecheon-ri),2026-09-27 13:12,121,98
L38325058,KR,KR-51,,38.2533807,128.1126022,양구--국립DMZ자생식물원(Yanggu--National DMZ Native Botanic Garden)
L4538231,KR,KR-48,,35.4879319,129.0651163,양산--통도사(Yangsan--Tongdosa (temple)),2026-08-22 09:00,58,12
L27302690,KR,KR-51,,38.1197975,128.6324959,양양 낙산해수욕장(Yangyang--Naksan Beach),2026-04-15 16:54,59,4
L8448053,KR,KR-51,,38.1067893,128.6451017,양양--남대천 하구(Yangyang--Namdaecheon Estuary),2026-08-30 13:06,75,12
L38324027,KR,KR-51,,37.9435966,128.7871242,양양--남해항(Yangyang--Namhae Harbor),2025-01-16 13:42,10,2
L38324078,KR,KR-51,,37.9505354,128.7711797,양양--매호(Yangyang--Mae Lake),2025-06-02 18:56,11,2
L56076812,KR,KR-51,,38.0588373,128.6629486,양양--양양국제공항(Yangyang--Yangyang International Airport)
L38324060,KR,KR-51,,37.9319207,128.7918863,양양--원포해변(Yangyang--Wonpo Beach),2025-12-20 10:04,6,1
L57734758,KR,KR-51,,37.9725686,128.7613909,양양--죽도해수욕장(Yangyang--Jukdo Beach),2025-08-19 13:00,3,1
L8576672,KR,KR-51,,38.0937882,128.6411652,양양남대천(Yangyang--Namedaecheon (river)),2026-01-18 10:37,106,32
L61674209,KR,KR-41,,37.8199903,127.0786817,양주--독바위 앞 저류지(Yangju--Reservoir south of Dokbawi Park),2026-04-03 17:29,8,0
L61673964,KR,KR-41,,37.825317,127.0761849,양주--독바위공원(Yangju--Dokbawi Park),2026-09-25 15:14,14,2
L70084722,KR,KR-41,,37.9219585,126.9965813,양주--봉암저수지(Yangju--Bongam Reservoir),2026-06-10 17:02,18,1
L60171983,KR,KR-41,,37.828784,127.0808062,양주--옥정생태숲공원(Yangju--Okjeong Eco Forest Park),2026-03-14 11:00,10,1
L58994015,KR,KR-41,,37.8339206,127.0776826,양주--옥정생태숲공원-서부- 보호수 인근 공원(Yangju--Okjeong Eco Forest Park-West),2026-04-25 14:56,16,4
L35707618,KR,KR-41,,37.8756597,126.9602149,양주--효촌저수지(Yangju--Hyochon Reservoir),2025-08-03 07:38,47,8
L34691132,KR,KR-44,,36.1583898,127.2481585,양촌자연휴양림(Yangchon Recreational Forest)
L9958331,KR,KR-41,,37.5336758,127.3170175,양평--두물머리(Yangpyeong--Dumulmeori),2026-09-19 16:27,59,23
L60181994,KR,KR-41,,37.5945253,127.3496487,양평--문호리 강변(Yangpyeong--Munho-ri Riverside),2026-07-26 10:20,72,24
L35038666,KR,KR-41,,37.5164319,127.5192118,양평--백운봉자연휴양림(Yangpyeong--Baekunbong Recreational Forest),2026-06-12 20:34,6,0
L33423248,KR,KR-41,,37.492129,127.396894,양평--수풀로운심리(Yangpyeong--Supullo Eco Park),2024-06-16 10:25,16,1
L40718361,KR,KR-41,,37.5433289,127.3279191,양평--용담수변생태공원(Yangpyeong--Yongdam Waterside Eco Park),2026-03-11 11:38,28,5
L9958326,KR,KR-41,,37.5666058,127.4566185,양평--한화리조트(Yangpyeong--Hanhwa Resort),2026-03-28 13:36,15,1
L11425489,KR,KR-41,,37.4597868,127.5134488,양평--흑천(Yangpyeong--Heugcheon (stream)),2026-06-18 17:49,42,2
L965902,KR,KR-46,,34.1118046,125.2825928,여객선 노선--가거도<->만재도(Ferry Route--Gageo-do<->Manjae-do),2026-07-27 11:59,8,1
L35101675,KR,KR-51,,37.7661069,129.0128944,여객선 노선--강릉 앞바다(Gangneung Waters ferry),2025-07-24 08:18,2,0
L35103168,KR,KR-51,,37.7165273,129.4930306,여객선 노선--강릉<->울릉도(Ferry Route--Gangneung<->Ulleungdo),2024-08-03 15:01,4,1
L6148362,KR,KR-45,,35.94669,126.3166,여객선 노선--군산<->어청도(Ferry Route--Gunsan<->Eocheong-do),2026-05-24 11:10,62,83
L4884611,KR,KR-46,,34.3089389,125.3808065,여객선 노선--만재도<->태도리(Ferry Route--Manjae-do<->Taedo-ri),2016-08-27 14:08,2,1
L10045722,KR,KR-46,,34.759765,126.195217,여객선 노선--목포<->안좌도(Ferry Route--Mokpo<->Anjwa-do)
L35190450,KR,KR-51,,37.5437634,129.2353368,여객선 노선--묵호 앞바다(Mukho Waters ferry),2024-08-02 08:40,5,8
L56605687,KR,KR-28,,37.9002883,124.7329695,여객선 노선--백령도 <-> 대청도(경로)(Baengnyeongdo <-> Daecheongdo (Route) ferry),2026-05-25 07:00,3,1
L10045725,KR,KR-46,,34.641104,125.700123,여객선 노선--비금도<->흑산도(Ferry Route--Bigeum-do<->Heuksan-do),2026-05-01 09:02,12,16
L16580980,KR,KR-50,,33.485585,126.940884,여객선 노선--서귀포-성산 <-> 우도(Seogwipo-Seongsan <-> Udo(island) ferry),2026-04-11 15:25,12,9
L56605733,KR,KR-28,,37.7978473,124.7363598,여객선 노선--소청도 <-> 대청도(경로)(Socheongdo <-> Daecheongdo (Route) ferry)
L56606105,KR,KR-28,,37.5472253,124.8499588,여객선 노선--소청도 남앞바다(Socheongdo South Waters ferry),2026-05-25 07:48,10,5
L56605799,KR,KR-28,,37.713791,124.7395641,여객선 노선--소청도 앞바다(Socheongdo Waters ferry)
L4884568,KR,KR-46,,34.7754592,126.1068873,여객선 노선--신안군 바다(Ferry Route--Sinan-gun Sea),2025-10-14 12:47,21,7
L36559817,KR,KR-46,,34.257159,126.806548,여객선 노선--완도 <-> 청산도(Wando <-> Cheongsan-do (island) ferry),2024-09-15 13:00,4,3
L56605264,KR,KR-51,,37.4958998,130.0256531,여객선 노선--울릉도 (경로) (Ulleungdo (Route) ferry),2020-06-01 09:00,1,1
L56605332,KR,KR-47,,37.3064756,130.7719829,여객선 노선--울릉도 남앞바다(Ulleungdo South Waters ferry)
L56605214,KR,KR-47,,37.4306963,130.7023597,여객선 노선--울릉도 서앞바다(Ulleungdo West Waters ferry)
L35148545,KR,KR-47,,37.368675,131.3996668,여객선 노선--울릉도<->독도(Ferry Route--Ulleungdo<->Dokdo),2025-06-02 09:14,5,8
L56605984,KR,KR-28,,37.5020499,125.7626934,여객선 노선--인천 <-> 대연평도(경로)(Incheon <-> Yeonpyeongdo (Route) ferry)
L56606306,KR,KR-28,,37.3411684,125.429014,여객선 노선--인천 <-> 소청도(경로)(Incheon <-> Socheongdo (Route) ferry),2026-05-22 10:24,15,5
L47000710,KR,KR-28,,37.349712,126.508864,여객선 노선--인천 앞바다(Incheon Waters ferry),2026-05-03 09:08,2,3
L4885636,KR,KR-50,,33.7461801,126.4338788,여객선 노선--제주 <-> 추자도(경로) (Jeju <-> Chujado (Route) ferry),2026-08-23 17:32,35,50
L56391206,KR,KR-50,,33.5634049,126.5354833,여객선 노선--제주 북앞바다(Jeju North Waters ferry),2026-08-23 18:00,18,22
L16203575,KR,KR-50,,33.1852017,126.2629393,여객선 노선--제주-모슬포 <-> 가파도(Jeju-Moseulpo <-> Gapado (Island) ferry),2026-07-06 14:34,16,11
L15964690,KR,KR-50,,33.1524744,126.2509717,여객선 노선--제주-모슬포 <-> 마라도(Jeju-Moseulpo <-> Marado (Island) ferry),2026-09-25 15:51,49,154
L14765630,KR,KR-50,,33.1697488,126.3051886,여객선 노선--제주-송악산 <-> 마라도(Jeju-Songaksan <-> Marado (Island) ferry),2026-06-28 15:30,42,126
L56604722,KR,KR-50,,33.4973209,126.9263593,여객선 노선--제주-종달 <-> 우도(Jeju-Jongdal <-> Udo(island) ferry),2026-02-18 11:32,11,3
L26758706,KR,KR-50,,33.4120892,126.2432368,여객선 노선--제주-한림 <-> 비양도(Jeju-Hallim <-> Biyangdo (island) ferry),2026-04-18 12:56,11,5
L4885632,KR,KR-50,,34.1186251,126.2506303,여객선 노선--진도 <-> 추자도(경로) (Jindo <-> Chujado (Route) ferry),2025-10-01 12:12,3,3
L51630906,KR,KR-46,,34.309773,126.127127,여객선 노선--진도 남앞바다(Jindo South Waters ferry),2025-08-17 10:15,1,1
L4885626,KR,KR-46,,34.5547085,126.1954412,여객선 노선--진도의 북서쪽 바다(Ferry Route--Sea northwest of Jindo),2025-08-17 09:15,6,4
L36021051,KR,KR-50,,33.894527,126.360717,여객선 노선--추자도 남앞바다(Chujado South Waters ferry),2026-08-23 16:43,22,27
L14754231,KR,KR-50,,33.9303403,126.3744355,여객선 노선--추자도 동앞바다(Ferry Route--Chujado East Waters ferry),2026-04-09 14:57,13,6
L4884598,KR,KR-46,,34.2647346,125.2401456,여객선 노선--태도리<->가거도(Ferry Route--Taedo-ri<->Gageo-do),2016-08-27 11:26,4,1
L56605458,KR,KR-47,,36.6304597,130.0466155,여객선 노선--포항 <-> 울릉도(경로)-남(Pohang <-> Ulleungdo (Route) ferry-South)
L56605510,KR,KR-47,,36.9854274,130.4238756,여객선 노선--포항 <-> 울릉도(경로)-북(Pohang <-> Ulleungdo(Route) ferry-North)
L56605388,KR,KR-47,,36.1822527,129.5901185,여객선 노선--포항 앞바다(Pohang Waters ferry)
L10045728,KR,KR-46,,34.389404,125.229835,여객선 노선--흑산도<->가거도(Ferry Route--Heuksan-do<->Gageo-do),2021-09-19 09:30,2,0
L4884588,KR,KR-46,,34.5546378,125.3696641,여객선 노선--흑산도<->태도리(Ferry Route--Heuksan-do<->Taedo-ri),2016-08-27 14:53,3,2
L10045726,KR,KR-46,,34.684414,125.307932,여객선 노선--흑산도<->홍도(Ferry Route--Heuksan-do-Hong-do),2023-09-30 15:16,1,1
L56607086,KR,KR-46,,33.9828983,126.9226547,여서도(Yeoseodo(island))
L5811001,KR,KR-46,,34.7301859,127.7383804,여수--돌산공원(Yeosu--Dolsan Park),2026-06-24 08:09,20,1
L35037623,KR,KR-46,,34.6172281,127.7553964,여수--봉황산자연휴양림(Yeosu--Bonghwangsan Recreational Forest),2025-05-23 08:44,35,1
L41276808,KR,KR-46,,34.8401541,127.6140118,여수공항(Yeosu Airport),2025-05-21 06:50,37,1
L8052872,KR,KR-41,,37.2943829,127.6702461,여주 연양지구공원(Yeoju--Yeonyang District Park),2025-08-27 06:24,69,6
L11444052,KR,KR-41,,37.3701332,127.5597223,여주--남한강-양촌리(Yeoju--Namhangang(river)-Yangchon-ri),2026-05-24 16:55,71,7
L56813513,KR,KR-41,,37.3735,127.5641,여주--양촌지구미로공원(Yeoju--Yangchon Miro Park)
L56607245,KR,KR-46,,34.4331336,127.8024195,연도(Yeondo(island))
L29414757,KR,KR-41,,37.8981581,127.4151776,연인산도립공원(Yeoninsan Provincial Park)
L34657646,KR,KR-41,,38.2116811,127.1495819,연천--고대산자연휴양림(Yeoncheon--Godaesan Recreational Forest),2026-07-24 13:49,22,10
L33829735,KR,KR-41,,38.1033333,127.0188889,연천--군남홍수조절지 두루미테마파크(Yeoncheon--Gunnam Flood Control Area Crane Park),2026-07-17 14:11,102,94
L50991793,KR,KR-41,,38.0169815,126.8814591,연천--사미천 민간인출입통제구역(Yeoncheon--Samicheon(stream) CCZ),2026-06-21 17:19,80,14
L49111335,KR,KR-41,,38.0236355,126.9729746,연천--숭의전(Yeoncheon--Sunguijeon),2026-08-07 16:50,55,38
L21638864,KR,KR-41,,38.1324984,127.0090013,연천--임진강 민간인출입통제구역(Yeoncheon--Imjingang(river) CCZ),2026-05-29 09:05,137,83
L5501167,KR,KR-41,,38.0049326,127.007972,연천--임진강-동이리(Yeoncheon--Imjingang(river)-Dongi-ri),2026-01-04 15:14,55,10
L38720781,KR,KR-41,,38.062162,127.0164088,연천--임진강-진상리(Yeoncheon--Imjingang (river)-Jinsang-ri),2026-06-24 09:49,84,34
L8379749,KR,KR-41,,38.0123118,127.0564365,연천--전곡리 유적과 한탄강(Yeoncheon--Jeongokri Ruins&Hantangang(river)),2026-06-19 09:41,56,19
L30132440,KR,KR-41,,38.0092725,127.0737803,연천--전곡습지공원(Yeoncheon--proposed Jeongok Wetlands Park),2026-06-03 13:50,47,4
L21652738,KR,KR-41,,38.130382,126.973443,연천--태풍전망대 민간인출입통제구역(Yeoncheon--Taepung Observatory CCZ),2026-03-01 08:05,57,16
L21663846,KR,KR-41,,37.9856779,126.859796,연천--호로고루(Yeoncheon--Horogoru Ruins),2026-06-07 13:57,80,10
L29414814,KR,KR-48,,35.07744,128.25987,연화산도립공원(Yeonhwasan Provincial Park)
L38594356,KR,KR-46,,35.2844502,126.3364899,영광--백수갯벌(Yeonggwang--Baeksu Tidal Flats),2026-07-24 15:27,13,4
L38594367,KR,KR-46,,35.3602909,126.4378989,영광--법성포(Yeonggwang--Beopseongpo),2026-04-25 05:14,10,1
L62377496,KR,KR-46,,35.2804562,126.1472406,영광--송이도(Yeonggwang--Songi-do(island))
L5851540,KR,KR-46,,35.34728,126.02685,영광--안마도(Yeonggwang--Anma-do (island)),2026-04-27 08:30,109,28
L11225417,KR,KR-47,,36.3593865,129.3930058,영덕--강구항(Yeongdeok--Ganggu Harbor),2026-05-21 07:41,23,7
L34916295,KR,KR-47,,36.592682,129.409838,영덕--고래불해수욕장(Yeongdeok--Goraebul Beach),2025-07-15 10:08,27,2
L11225456,KR,KR-47,,36.4158856,129.363748,영덕--오십천(Yeongdeok--Oshipcheon(stream)),2026-07-17 00:01,56,5
L38366629,KR,KR-47,,36.5086729,129.4484414,영뎡--축산항(Yeongdeok--Chuksan Harbor),2025-02-05 11:43,7,0
L59161352,KR,KR-43,,36.2134685,127.8813122,영동--노근리평화공원(Yeongdong--Nogeun-ri Peace Park)
L59161423,KR,KR-43,,36.2287102,127.9135834,영동--황간남성공원(Yeongdong--Hwanggan Namseong Park)
L49746429,KR,KR-51,,37.1851423,128.4784925,영월--금강정(Yeongwol--Geumgangjeong),2026-08-24 07:46,65,25
L50651966,KR,KR-51,,37.1931311,128.4572415,영월--노루조각공원(Yeongwol--Noru Sculpture Park),2026-06-22 15:36,17,6
L49746723,KR,KR-51,,37.17841,128.46944,영월--동강둔치공원(Yeongwol--Donggang Riverside Park),2026-09-25 06:27,61,36
L50644971,KR,KR-51,,37.227773,128.505062,영월--동강생태공원(Yeongwol--Donggang Eco Park),2026-05-07 11:34,49,10
L51195966,KR,KR-51,,37.170877,128.4683778,영월--동서강합수머리(Yeongwol--Donggang(river) Seogang(river) confluence point),2026-09-05 11:35,42,9
L72345037,KR,KR-51,,37.155361,128.609831,영월--망경산사(Yeongwol--Manggyeongsansa(temple)),2026-09-20 09:08,22,6
L49745947,KR,KR-51,,37.1968761,128.4507307,영월--물무리골 생태습지(Yeongwol--Mulmuli Eco Marsh),2026-09-21 09:21,56,34
L37935690,KR,KR-51,,37.1170895,128.7644287,영월--밭멍(Yeongwol--Batmeong Farm Garden),2024-11-25 08:20,14,3
L13735390,KR,KR-51,,37.3716718,128.261148,영월--법흥사(Yeongwol--Beopheungsa (temple)),2026-05-31 18:01,49,10
L54781224,KR,KR-51,,37.2075082,128.4149194,영월--북쌍교(Yeongwol--Bukssanggyo (Bridge)),2026-09-17 09:44,9,2
L37935601,KR,KR-51,,37.1164406,128.6458039,영월--외룡교(Yeongwol--Oelyong Bridge),2024-11-22 07:00,11,2
L51686471,KR,KR-51,,37.193287,128.4541,영월--장릉 환경의숲(Yeongwol--Jangneung Environmental Forest),2025-08-18 07:22,7,1
L50748351,KR,KR-51,,37.1764407,128.4459901,영월--청령포(Yeongwol--Cheongnyeongpo),2026-09-21 08:01,48,12
L75624088,KR,KR-51,,37.18986,128.444945,영월--청령포원(Yeongwol--Cheongnyeongpo Garden),2026-08-15 10:33,10,1
L56339843,KR,KR-51,,37.1331043,128.4736576,영월--큰골출발지점(Yeongwol--Keungol Trail),2026-09-23 15:48,52,39
L68708826,KR,KR-51,,37.3042864,128.3524237,영월--파눈리-모란교(Yeongwol--Panun-ri-Moran Bridge),2026-06-02 09:06,6,0
L61668559,KR,KR-51,,37.288739,128.326075,영월--판운리 섶다리 (Yeongwol--Panun-ri Seopdari Bridge),2026-04-03 15:26,11,1
L65485439,KR,KR-51,,37.2161138,128.3345309,영월--평창강-후탄리(Yeongwol--Pyeongchanggang(river)-Hutan-ri),2026-05-09 14:16,7,1
L56339725,KR,KR-51,,37.2227664,128.3333957,영월--한반도습지(Yeongwol--Hanbando Wetland),2026-05-09 13:35,13,2
L34691245,KR,KR-44,,36.840305,126.9513559,영인산자연휴양림(Yonginsan Recreational Forest)
L21676407,KR,KR-28,,37.504333,126.5506683,영종도 석화산(Yeongjongdo--Seoghwasan (mountain)),2025-09-30 08:59,8,1
L25826585,KR,KR-28,,37.4354538,126.4130263,영종도--마시안해변(Yeongjong-do--Masian Beach),2026-09-20 11:04,54,16
L1123045,KR,KR-28,,37.50559,126.51119,영종도--섬 전체*보다 구체적인 위치를 사용해 주시기 바랍니다*(Yeongjong-do (island)--General Area*please consider using more specific locations*),2026-09-26 09:59,239,784
L7337020,KR,KR-28,,37.47708,126.53684,영종도--송산만과 갯벌(Yeongjong-do--Songsan Basin&Tidal Flats),2026-09-21 06:19,154,248
L25436261,KR,KR-28,,37.462522,126.500861,영종도--영종해안남로밭(Yeongjongdo--Yeongjong South Sea Road Field),2026-07-12 18:25,59,31
L29999229,KR,KR-28,,37.5304,126.5034,영종도--예단포항(Yeongjong-do--Yedan Harbor),2026-06-21 11:51,92,19
L77833451,KR,KR-28,,37.4559192,126.3683295,영종도--왕산해변(Yeongjong-do--Wangsan Beach)
L58143698,KR,KR-47,,36.8307733,128.6141262,영주--서천-서천교(Yeongju--Seocheon(stream)-Seocheon Bridge)
L58143634,KR,KR-47,,36.8331952,128.6269212,영주--철탄산공원(Yeongju--Cheoltansan Park)
L6308130,KR,KR-47,,35.9686896,128.9392376,영천 금호강(Yeongcheon--Geumhogang (river)),2017-09-28 13:18,1,0
L58205201,KR,KR-47,,36.0277872,128.9741064,영천--곰들덤공원(Yeongcheon--Gomdeuldeum Park),2026-02-08 09:22,29,2
L58205276,KR,KR-47,,36.1050523,128.9160074,영천--오리장림(Yeongcheon--Orijang Forest),2026-02-08 11:14,24,2
L34962819,KR,KR-47,,36.0336744,128.9998555,영천--운주산승마자연휴양림(Yeongcheon--Unjusan Equestrian Natural Recreation Forest),2025-05-18 09:47,12,1
L70904945,KR,KR-44,,36.669794,126.861421,예산--국립공주대학교 예산캠퍼스(Yesan--Kongju National University Yesan Campus),2026-06-21 09:06,36,3
L70905987,KR,KR-44,,36.543567,126.811578,예산--살목지(산묵저수지)(Yesan--Salmok(Sanmuk) Reservoir),2026-06-21 10:57,20,2
L38341011,KR,KR-44,,36.6413166,126.8091092,예산--예당저수지(Yesan--Yedang Reservoir),2026-06-21 14:10,81,28
L54996930,KR,KR-47,,36.6466296,128.4495215,예천--한천체육공원(Yechon--Hancheon Sports Park),2025-10-04 10:05,25,4
L10901014,KR,KR-51,,37.7908423,128.6169876,오대산국립공원(Odaesan NP),2026-08-12 10:54,67,67
L68446577,KR,KR-51,,37.728192,128.465326,오대산국립공원--계방산(Odaesan NP--Gyebangsan(mountain),2026-07-29 07:28,5,1
L10680849,KR,KR-51,,37.786248,128.564534,오대산국립공원--상원사(Odaesan NP--Sangwonsa (temple)),2026-07-13 14:10,52,28
L10680854,KR,KR-51,,37.731801,128.591555,오대산국립공원--월정사(Odaesan NP--Woljeongsa (temple)),2026-07-13 11:58,44,14
L35037655,KR,KR-48,,35.6715217,128.0536366,오도산자연휴양림(Odosan Recreational Forest)
L57835665,KR,KR-41,,37.1671752,127.0598225,오산--물향기수목원(Osan--Mulhyanggi Arboretum),2026-09-24 14:24,27,5
L17678790,KR,KR-41,,37.1364918,127.0610918,오산--오산천(Osan--Osancheon(stream)),2025-12-28 08:39,78,14
L34690685,KR,KR-43,,37.1760133,128.0890846,옥전자연휴양림(Okjeon Recreational Forest)
L59683145,KR,KR-43,,36.3157013,127.6113158,옥천--옥천선사공원(Okcheon--Okcheon Prehistoric Park)
L59683023,KR,KR-43,,36.3773191,127.6375615,옥천--장계관광지(Okcheon--Janggye Tourist Area)
L13412647,KR,KR-43,,36.3694141,127.5906444,옥천--청풍정(Okcheon--Cheongpungjeong Pavilion)),2024-02-27 08:39,31,1
L59683272,KR,KR-43,,36.3827848,127.6682854,옥천--화인산림욕장(Okcheon--Hwain Forest Park)
L34690895,KR,KR-43,,36.6014034,127.6954651,옥화자연휴양림(Okhwa Recreational Forest),2026-04-29 19:50,1,1
L34690968,KR,KR-44,,36.2029709,127.2520208,온빛자연휴양림(Onbit Recreational Forest)
L58111285,KR,KR-46,,34.3603009,126.6641665,완도--완도수목원(Wando--Wando Arboretum)
L36559836,KR,KR-46,,34.316609,126.761444,완도--완도항(Wando--Wando Harbor),2024-09-14 10:30,4,1
L76377434,KR,KR-46,,34.3142458,126.6846371,완도--완도호(Wando--Wando Lake)
L34418314,KR,KR-46,,34.3530027,126.7024899,완도자연휴양림(Wando Recreational Forest),2025-01-16 15:54,7,1
L59681648,KR,KR-45,,35.7309241,127.1240795,완주--구이새누공원(Wanju--Gui Saenu Park)
L59475777,KR,KR-45,,35.9758182,127.3019314,완주--대아수목원(Wanju--Daea Arboretum)
L59681799,KR,KR-45,,35.733293,127.1951151,완주--상관편백숲(Wanju--Sanggwan Cypress Forest)
L38594485,KR,KR-45,,35.9028999,127.1252854,완주--소양천-상운리(Wanju--Soyangcheon(stream)-Sangun-ri),2024-12-25 15:22,28,1
L62324884,KR,KR-45,,35.8982506,127.1029208,완주--신천습지-하리(Wanju--Sincheon Wetland-Ha-ri),2026-04-02 09:13,20,2
L56607291,KR,KR-48,,34.6371229,128.2532119,욕지도(Yokjido(island)),2026-04-15 12:03,5,1
L34691307,KR,KR-45,,35.46254,127.2032475,용궐산자연휴양림(Yonggwolsan Recreational Forest)
L34691220,KR,KR-44,,36.6444226,126.6573429,용봉산자연휴양림(Yongbongsan Recreational Forest),2025-11-30 15:15,1,0
L28909103,KR,KR-41,,37.248361,127.2146823,용인--경안천(Yongin--Gyeongancheon(stream)),2025-12-02 16:14,64,13
L43299629,KR,KR-41,,37.349689,127.078064,용인--낙생저수지(Yongin--Naksaeng Reservoir),2026-05-25 07:59,33,9
L42994061,KR,KR-41,,37.120323,127.338383,용인--대장금파크(Yongin--Dae Jang Geum Park),2025-04-20 13:22,7,1
L77619425,KR,KR-41,,37.2756733,127.1496758,용인--동백호수공원 (Yongin--Dongbaek Lake Park),2026-09-24 12:17,9,1
L27552388,KR,KR-41,,37.272553,127.172875,용인--석성산(Yongin--Seogseongsan(mountain)),2026-09-27 07:52,107,95
L15047173,KR,KR-41,,37.3231954,127.0851869,용인--수지생태공원(Yongin--Suji Eco Park),2026-09-17 08:35,18,3
L21755683,KR,KR-41,,37.31965,127.09386,용인--신정공원(Yongin--Shinjeong Park),2026-06-19 15:17,20,4
L30890453,KR,KR-41,,37.261,127.123,용인--한국민속촌(Yongin--Korean Folk Village),2026-05-23 15:41,26,7
L6307160,KR,KR-41,,37.3384098,127.2683852,용인--한국외국어대학교(Yongin--Hankuk University of Foreign Studies),2005-05-12 16:00,18,1
L24017782,KR,KR-41,,37.3288774,127.097826,용인시 수지체육공원(Yongin--Suji Athletic Park)
L35038273,KR,KR-41,,37.3148507,127.2675991,용인자연휴양림(Yongin Recreational Forest),2025-07-25 08:34,13,1
L35037679,KR,KR-48,,35.7029971,127.7543449,용추자연휴양림(Yongchu Recreational Forest)
L35037260,KR,KR-48,,35.62018,128.9538717,운문산군립공원(Unmunsan County Park)
L38671761,KR,KR-28,,37.0256745,125.9944326,울도(Ul-do(island)),2025-04-05 11:59,3,1
L1357185,KR,KR-47,,37.2395408,131.8690574,울릉--독도(Ulleung--Dokdo(island)),2026-09-02 09:59,14,16
L1357145,KR,KR-47,,37.5024495,130.8609439,울릉도(Ulleung-do (island)),2026-09-03 10:19,123,94
L23904174,KR,KR-47,,37.5220983,130.8705421,울릉도--나리분지(Ulleung-do--Nari Basin),2026-09-01 12:07,67,20
L38366571,KR,KR-47,,37.4663513,130.8377186,울릉도--남양리(Ulleung-do(island)--Namyang-ri),2026-04-27 17:04,9,2
L76523951,KR,KR-47,,37.4811829,130.9100738,울릉도--도동항(Ulleung-do(island)--Dodong Port),2026-09-02 18:00,11,5
L35108087,KR,KR-47,,37.4982271,130.8838078,울릉도--봉래폭포(Ulleung-do--Bongnae Falls),2026-04-27 14:47,17,13
L76511270,KR,KR-47,,37.4621067,130.8778287,울릉도--사동항(Ulleung-do(island)--Sadong Porr),2026-09-03 10:19,7,2
L35106072,KR,KR-47,,37.4936827,130.9095292,울릉도--저동항(Ulleung-do--Jeodong Port),2026-09-03 09:22,23,23
L76517575,KR,KR-47,,37.5411876,130.8726929,울릉도--천부항(Ulleung-do(island)--Cheonbu Harbor),2026-09-01 10:44,3,1
L38366275,KR,KR-47,,37.5115269,130.7979943,울릉도--태하항(Ulleung-do(island)--Taeha Harbor),2026-09-02 17:07,32,3
L38366245,KR,KR-47,,37.5277917,130.8241547,울릉도--현포항(Ulleung-do(island)--Hyeonpo Harbor),2026-09-02 15:17,38,4
L32838464,KR,KR-31,,35.5557965,129.1361547,울산 역세권 제1근린공원(Ulsan--Ulsan Station Je-1-Geunrin Park),2026-06-26 15:37,22,2
L29414836,KR,KR-31,,35.6203086,129.0039968,울산--가지산(Ulsan--Gajisan (Mountain)),2025-11-16 06:48,35,2
L35037278,KR,KR-31,,35.5520955,129.040153,울산--간월산(Ulsan--Ganwolsan (Mountain)),2026-05-10 12:42,38,9
L20921897,KR,KR-31,,35.3596586,129.3611085,울산--간절곶(Ulsan--Ganjeolgot),2026-09-13 15:56,54,16
L35864949,KR,KR-31,,35.3837948,129.4527522,울산--고래바다여행선 항로(Ulsan--Whale Watching Cruise Route),2026-09-26 13:33,38,83
L32838963,KR,KR-31,,35.5441344,129.1511321,울산--구수리(Ulsan--Gusu-ri),2025-06-19 15:50,16,1
L48416185,KR,KR-31,,35.444589,129.2556953,울산--금정사(Ulsan--Geumjeongsa (temple)),2025-08-16 12:17,40,3
L57578758,KR,KR-31,,35.667341,129.375336,울산--기박산성 의병 역사공원(Ulsan--Gibaksan Fortress Righteous Army History Park),2026-01-24 11:37,10,1
L58886096,KR,KR-31,,35.408239,129.3084828,울산--남창 합수부 물수리 데크(Ulsan--Osprey Deck at Namchang Confluence),2026-05-24 06:41,70,11
L66747391,KR,KR-31,,35.412388,129.303247,울산--남창(Ulsan--Namchang),2026-09-27 07:36,153,130
L58886132,KR,KR-31,,35.397876,129.328296,울산--남창들녘 아랫들(Ulsan--Namchang Lower Rice Field),2026-06-03 04:55,46,8
L46635276,KR,KR-31,,35.4172313,129.2925921,울산--남창들녘 윗들(Ulsan--Namchang Upper Rice Field),2026-09-23 16:11,147,103
L57356174,KR,KR-31,,35.581165,129.0267333,울산--능동산 등산로(Ulsan--Neungdongsan(Mountain) Hiking Trail),2026-02-05 09:12,30,13
L61669935,KR,KR-31,,35.566727,129.268738,울산--다전생태공원(Ulsan--Dajeon Eco Park)
L56818946,KR,KR-31,,35.5841063,129.457951,울산--당사항(Ulsan--Dangsa Harbour),2026-02-20 12:56,14,2
L58948312,KR,KR-31,,35.543103,129.183214,울산--대암체육공원(Ulsan--Daeam Sports Park)
L20189428,KR,KR-31,,35.4888995,129.437115,울산--대왕암공원(Ulsan--Daewangam Park),2026-09-27 06:20,245,288
L20648886,KR,KR-31,,35.488763,129.428168,울산--동뫼산공원(Ulsan--Dongmoesan Park),2026-09-24 09:13,82,86
L66975358,KR,KR-31,,35.629062,129.3473,울산--동천(Ulsan--Dongcheon(Stream)),2026-06-14 17:26,71,20
L21024522,KR,KR-31,,35.5544754,129.3501731,울산--동천-동천교~내황교(Ulsan--Dongcheon(Stream)-Dongcheon Bridge~Naehwang Bridge),2026-06-14 17:26,64,11
L57764618,KR,KR-31,,35.571223,129.352284,울산--동천-삼일교~동천교(Ulsan--Dongcheon(Stream)-Samil Bridge~Dongcheon Bridge),2026-06-13 12:00,9,1
L55255437,KR,KR-31,,35.6576175,129.3350321,울산--동천-상류구역~제전보(Ulsan--Dongcheon(Stream)-Upper Reach Area~Jejeon Weir),2026-02-12 10:38,14,2
L57764371,KR,KR-31,,35.5905887,129.3487576,울산--동천-시례잠수교~삼일교(Ulsan--Dongcheon(Stream)-Sirrye Submersible Bridge~Samil Bridge),2026-02-12 11:50,11,1
L55272853,KR,KR-31,,35.6044575,129.3496853,울산--동천-제전보~시례잠수교(Ulsan--Dongcheon(Stream)-Jejeon Weir~Sirye Submersible Bridge),2026-02-12 11:03,38,5
L56821474,KR,KR-31,,35.5247876,129.2535627,울산--두현저수지(Ulsan--Duhyeon Reservoir),2026-06-07 04:49,23,2
L43610761,KR,KR-31,,35.4887035,129.4095415,울산--망개산공원(Ulsan--Manggaesan Park),2026-05-09 08:04,34,4
L3868136,KR,KR-31,,35.5197225,129.4259834,울산--명덕호수공원(Ulsan--Myeongdeok Lake Park),2026-08-17 18:04,41,13
L54894550,KR,KR-31,,35.5479405,129.2648578,울산--무거천(Ulsan--Mugeocheon(stream)),2026-09-22 12:29,22,5
L11847978,KR,KR-31,,35.5341819,129.2154408,울산--문수산(Ulsan--Munsusan(mountain)),2026-01-30 08:14,35,4
L43808010,KR,KR-31,,35.5353228,129.2617076,울산--문수축구경기장(Ulsan--Munsu Football Stadium Trail),2026-03-21 14:30,75,17
L58948400,KR,KR-31,,35.604461,129.177132,울산--반구대 암각화(Ulsan--Bangudae Petroglyphs),2026-06-10 06:54,45,2
L46711878,KR,KR-31,,35.5892008,129.1155092,울산--불고기팜자연생태공원(Ulsan--Bulgogi Farm Natural Ecological Park),2026-07-17 07:46,37,3
L58948520,KR,KR-31,,35.586778,129.1864,울산--사연호(Ulsan--Sayeon Lake)
L66978001,KR,KR-31,,35.410218,129.3184492,울산--삼평저수지(Ulsan--Sampyeong Reservoir),2026-05-31 08:37,29,4
L55164031,KR,KR-31,,35.6211982,129.0327501,울산--석남사(Ulsan--Seongnamsa(temple)),2026-01-09 09:24,30,3
L54687997,KR,KR-31,,35.583363,129.2347643,울산--선바위공원(Ulsan--Seonbawi Park),2026-08-11 13:35,57,12
L51047947,KR,KR-31,,35.5168582,129.3262482,울산--선암호수공원(Ulsan--Seonam Lake Park),2026-08-15 17:04,34,7
L45308644,KR,KR-31,,35.373742,129.3501413,울산--솔개공원(Ulsan--Solgae Park),2026-09-25 09:56,87,103
L42669955,KR,KR-31,,35.3939653,129.3190405,울산--술마마을(Ulsan--Sulma Villlage),2026-01-22 14:53,14,2
L57579593,KR,KR-31,,35.6456759,129.4446401,울산--신명항(Ulsan--Sinmyeong Harbour),2026-01-24 13:18,7,1
L57579776,KR,KR-31,,35.6426449,129.4412886,울산--신명해수욕장(Ulsan--Sinmyeomg Beach),2026-01-24 13:31,15,1
L65671110,KR,KR-31,,35.5431683,129.0482917,울산--신불산 억새평원(Ulsan--Sinbulsan Silver Grass Plain),2026-05-10 10:34,12,4
L57311462,KR,KR-31,,35.5211196,129.4094181,울산--염포산(Ulsan--Yeomposan(mountain)),2026-01-16 07:57,21,1
L57089551,KR,KR-31,,35.5170328,129.0549803,울산--영축산(Ulsan--Yeongchuksan(Mountain)),2026-07-02 15:27,24,3
L58946957,KR,KR-31,,35.54813,129.424909,울산--옥류천(Ulsan--Ongnyucheon(stream)),2026-07-24 20:07,35,8
L46493212,KR,KR-31,,35.4833705,129.3317022,울산--외항강 하구(Ulsan--Oehanggang (River)-River Mouth),2025-11-23 11:29,30,2
L58031284,KR,KR-31,,35.3715712,129.3349194,울산--용골산(Ulsan--Yonggolsan(Mountain)),2026-06-03 06:13,44,6
L58947515,KR,KR-31,,35.589744,129.459883,울산--우가산유포봉수대(Ulsan--Yupo Beacon Mound in Ugasan Mountain)
L11545128,KR,KR-31,,35.5298128,129.2898615,울산--울산대공원(Ulsan--Ulsan Grand Park),2026-09-13 07:39,81,65
L57547919,KR,KR-31,,35.5441098,129.3273807,울산--울산문화공원(Ulsan--Ulsan Cultural Park),2026-06-21 15:06,22,3
L57449212,KR,KR-31,,35.3920937,129.2414957,울산--울산수목원(Ulsan--Ulsan Arboretum),2026-06-14 09:49,35,2
L58868124,KR,KR-31,,35.553712,129.427273,울산--울산테마식물수목원(Ulsan--Ulsan Theme Botanical Garden),2026-02-20 10:56,20,2
L62561313,KR,KR-31,,35.627268,129.1608739,울산--자드락숲(Ulsan--Jadeurak Forest),2026-05-10 11:05,14,2
L58947586,KR,KR-31,,35.611371,129.444098,울산--정자들(Ulsan--Jeongja Fields),2023-05-28 06:45,20,3
L57580583,KR,KR-31,,35.6178283,129.4509882,울산--정자항(Ulsan--Jeongja Harbour),2026-08-16 13:30,12,2
L57580917,KR,KR-31,,35.6084181,129.4578399,울산--제전항(Ulsan--Jejeon Harbour),2026-01-24 15:05,21,3
L58946118,KR,KR-31,,35.55341,129.458018,울산--주전마을 어촌체험장(Ulsan--Jujeon Fishing Village Experience Site),2026-02-20 11:52,5,1
L58947158,KR,KR-31,,35.544481,129.447901,울산--주전봉수대(Ulsan--Jujeon Beacon Mound)
L58869237,KR,KR-31,,35.561214,129.45674,울산--주전항(Ulsan--Jujeon Harbor),2026-02-20 12:04,3,1
L58869638,KR,KR-31,,35.565995,129.455941,울산--주전해수욕장(Ulsan--Jujeon Beach),2026-02-20 12:16,32,5
L58031158,KR,KR-31,,35.3813931,129.3429137,울산--진하 해수욕장(Ulsan--Jinha Beach),2026-02-04 09:43,17,1
L58886145,KR,KR-31,,35.390992,129.336096,울산--진하들(Ulsan--Jinha Field)
L58381205,KR,KR-31,,35.640957,129.302549,울산--천마산 편백산림욕장(Ulsan--Cheonmasan(mountain) Cypress Forest Park),2026-06-05 08:16,24,3
L56762761,KR,KR-31,,35.5579371,128.9723039,울산--천황산(Ulsan--Cheonhwangsan(mountain)),2026-06-07 08:51,26,2
L6488564,KR,KR-31,,35.5524726,129.2778185,울산--태화강 삼호철새공원(Ulsan--Taehwa River Migratory Birds Park),2026-09-20 13:38,79,35
L66975455,KR,KR-31,,35.546381,129.354777,울산--태화강(Ulsan--Taehwagang(River)),2026-09-26 15:11,129,130
L54687703,KR,KR-31,,35.5619363,129.2585498,울산--태화강-구영교~삼호교(Ulsan--Taehwagang(River)-Guyoung Bridge~Samho Bridge),2026-09-26 15:11,61,14
L57764336,KR,KR-31,,35.5508,129.303413,울산--태화강-국가정원교~태화교(Ulsan--Taehwagang(River)-National Garden Bridge~Taehwa Bridge)
L57764364,KR,KR-31,,35.542285,129.366537,울산--태화강-명촌교 남단(Ulsan--Taehwagang(River)-Downstream of Myeongchon Bridge)
L57764354,KR,KR-31,,35.549823,129.332685,울산--태화강-번영교~학성교(Ulsan--Taehwagang(River)-Beonyeong Bridge~Hakseong Bridge)
L54295784,KR,KR-31,,35.5749439,129.2075182,울산--태화강-사연교~망성교(Ulsan--Taehwagang(River)-Sayeon Bridge~Mangseong Bridge),2026-09-02 14:39,34,3
L54687450,KR,KR-31,,35.5520037,129.2824416,울산--태화강-삼호교~국가정원교(Ulsan--Taehwagang(River)-Samho Bridge~National Garden Bridge),2026-09-20 14:15,28,6
L57764344,KR,KR-31,,35.5509444,129.3162458,울산--태화강-태화교~번영교(Ulsan--Taehwagang(River)-Taehwa Bridge~Beonyeong Bridge),2026-08-03 19:35,10,1
L20763688,KR,KR-31,,35.5481659,129.3496578,울산--태화강-학성교~명촌교(Ulsan--Taehwagang(River)-Hakseong Bridge~Myeongchon Bridge),2026-09-24 10:44,80,26
L6505777,KR,KR-31,,35.5474167,129.2963147,울산--태화강국가정원(Ulsan--Taehwa River National Garden),2026-05-31 18:20,72,32
L57580849,KR,KR-31,,35.6127852,129.4578683,울산--판지항(Ulsan--Panji Harbour),2026-01-24 14:52,5,1
L48093411,KR,KR-31,,35.4696709,129.2645437,울산--회야댐(Ulsan--Hoeya Dam),2026-01-18 10:04,70,13
L35073692,KR,KR-47,,36.76072,129.472475,울진--구산항(Uljin--Gusan Harbor),2024-10-27 16:01,11,1
L24437148,KR,KR-47,,36.9784376,129.4074343,울진--남대천 하구(Uljin--Namdaecheon Estuary),2026-09-26 15:10,58,7
L27633373,KR,KR-47,,36.964025,129.4121,울진--망양정(Uljin--Mangyangjeong Pavilion),2026-02-15 14:49,15,4
L27604886,KR,KR-47,,37.101943,129.375296,울진--부구천(Uljin--Bugucheon(Stream)),2026-06-04 19:27,51,6
L27123344,KR,KR-47,,36.9404254,129.2734623,울진--불영사(Uljin--Bulyeongsa(Temple)),2024-10-07 14:11,11,2
L26928957,KR,KR-47,,37.113472,129.376183,울진--석호항(Uljin--Seokho Harbor),2026-02-17 17:17,21,3
L27634350,KR,KR-47,,36.973091,129.405777,울진--수산리 논밭(Uljin--Susan-ri Fields),2026-09-26 15:54,48,9
L38366654,KR,KR-47,,36.9942862,129.4080589,울진--연호공원(Uljin--Yeonho Park),2026-02-02 13:50,14,2
L25998513,KR,KR-47,,36.973244,129.4107485,울진--염전해변(Uljin--Yeomjeon Beach),2024-11-12 13:37,29,2
L24432676,KR,KR-47,,36.969986,129.408149,울진--왕피천생태공원(Uljin--Wangpicheon Ecological Park),2026-09-26 16:50,44,9
L28249934,KR,KR-47,,37.0565093,129.4239754,울진--죽변항(Uljin--Jukbyeonhang(harbor)),2026-02-15 17:15,56,12
L24438576,KR,KR-47,,36.735801,129.475233,울진--평해사구습지(Uljin--Pyeonghae Dune & Wetland Ecological Park),2026-09-27 14:08,65,6
L10483148,KR,KR-47,,36.683529,129.4654181,울진--후포항(Uljin--Hupo Harbor),2025-11-13 13:02,52,11
L35667892,KR,KR-44,,36.369329,126.4014934,원산도(Wonsan-do(Island)),2026-05-04 11:30,89,30
L57806469,KR,KR-51,,37.341574,127.9371778,원주--단계공원(Wonju--Dangye Park)
L69003800,KR,KR-51,,37.4189642,127.822988,원주--뮤지엄 산(Wonju--Museum SAN),2026-06-05 09:33,5,1
L38324552,KR,KR-51,,37.4219884,127.8982547,원주--섬강-무장리(Wonju--Seomgang(river)-Mujang-ri),2026-05-02 09:32,31,3
L38324517,KR,KR-51,,37.3060693,127.8096034,원주--섬강-취병리(Wonju--Seomgang(river)-Chwibyeong-ri)
L38324858,KR,KR-51,,37.3756024,127.9461916,원주--우산시민체육공원(Wonju--Usan Citizen's Sports Park)
L41276938,KR,KR-51,,37.4592406,127.9771507,원주공항(Wonju Airport)
L35037522,KR,KR-48,,35.1987108,128.1914377,월아산자연휴양림(Wolasan Recreational Forest),2025-05-14 09:50,18,1
L11832817,KR,KR-43,,36.8728542,128.1011923,월악산국립공원(Woraksan NP),2026-09-05 09:01,22,3
L15916688,KR,KR-46,,34.7586428,126.6810788,월출산국립공원(Wolchulsan NP),2026-05-08 13:37,25,1
L26529105,KR,KR-45,,35.6004721,126.281103,위도(Wi-do (island)),2025-05-27 09:57,87,16
L34419124,KR,KR-46,,34.7693892,126.8327808,유치자연휴양림(Yuchi Recreational Forest)
L12025920,KR,KR-47,,36.359045,128.306376,의성--낙단보(Uiseong--Nakdanbo),2026-01-03 10:57,15,1
L59206269,KR,KR-41,,37.34805,127.002533,의왕--백운산(Uiwang--Baegunsan(mountain)),2026-02-26 12:29,12,4
L7555539,KR,KR-41,,37.3083504,126.9475319,의왕--왕송저수지(Uiwang--Wangsong Reservoir),2026-09-26 10:58,174,552
L35038218,KR,KR-41,,37.3728856,127.0195913,의왕바라산자연휴양림(Uiwang Barasan Recreational Forest),2026-07-19 13:05,2,1
L21939235,KR,KR-41,,37.7480234,127.084048,의정부--부용천-곤제역 인근(Uijeongbu--Buyong Stream-Gonjae Station),2026-04-24 11:47,52,28
L12443015,KR,KR-41,,37.2207293,127.4311361,이천 주미리 복하천(Icheon--Bokhacheon (stream) Jumi-ri),2024-02-22 13:06,21,3
L64472513,KR,KR-41,,37.278268,127.428584,이천--설봉공원(Icheon--Seolbong Park),2026-05-02 05:37,37,4
L61596625,KR,KR-28,,37.1832963,126.2396049,이천--소이작도(Incheon--Soijak-do(island))
L64494886,KR,KR-41,,37.294729,127.386139,이천--이천도자예술마울(Icheon--Ye’s Park),2026-05-01 15:52,6,1
L14655342,KR,KR-41,,37.239299,127.354715,이천--자연나라숲속여가마을(Icheon--Jayeon Nara),2026-09-13 08:30,55,38
L59681281,KR,KR-45,,35.9589292,126.9443973,익산--배산공원(Iksan--Baesan Park)
L59681238,KR,KR-45,,35.9457226,126.9904301,익산--신흥공원(Iksan--Shinheung Park),2026-05-24 06:06,20,2
L59681333,KR,KR-45,,35.9684841,126.9593318,익산--원광대학교(Iksan--Wonkwang University),2026-09-16 06:41,42,5
L19676489,KR,KR-45,,35.9266515,126.9741654,익산--유천생태습지공원(Iksan--Yucheon Ecological Wetlands Park),2026-05-11 06:18,58,15
L38325247,KR,KR-51,,38.2153638,128.1278282,인제--대암산와 용늪(Inje--Daeamsan(mountain) & Mountain Wetland)
L23116774,KR,KR-51,,38.1239742,128.3049358,인제군--설악산국립공원 생태탐방원(Inje--Seoraksan NP Nature Center),2023-03-19 10:08,11,1
L36310685,KR,KR-28,,37.3847012,126.6887455,인천--11공구 북측수로(Incheon--11Area N Site),2026-09-12 15:32,88,78
L38189931,KR,KR-28,,37.5727135,126.738427,인천--경인아라뱃길 귤현프라자(Incheon--Gyeongin Ara Waterway Gyulhyeon Plaza),2026-07-05 18:44,43,2
L37630696,KR,KR-28,,37.557249,126.605017,인천--경인아라뱃길(Incheon--Gyeongin Ara Waterway),2026-07-12 05:30,46,6
L6188018,KR,KR-28,,37.5532996,126.7147586,인천--계양산(Incheon--Gyeyangsan(mountain)),2026-09-19 09:15,97,26
L4970480,KR,KR-28,,37.3811045,126.7050084,인천--고잔갯벌(Incheon--Gojan Tidal Flat),2026-09-26 14:21,155,418
L5631602,KR,KR-28,,37.5423103,126.6333747,인천--공촌천-청라동(Incheon--Gongchoncheon (stream)-Cheongna-dong),2026-03-22 16:48,38,3
L4865555,KR,KR-28,,37.4419673,126.6869759,인천--관교공원(Incheon--Gwangyo Park),2016-08-19 13:00,13,1
L31553172,KR,KR-28,,37.19,125.9777778,인천--굴업도(Incheon--Gureop-do(island)),2026-05-14 05:42,145,46
L13207661,KR,KR-28,,37.5664718,126.7677159,인천--굴포천 북쪽(Incheon--Gulpocheon(stream) north),2026-04-19 18:30,76,39
L3885826,KR,KR-28,,37.3931668,126.6778243,인천--남동유수지(Incheon--Namdong Reservoir),2026-09-13 18:03,192,703
L11406915,KR,KR-28,,37.4253121,126.7085839,인천--남촌지(Incheon--Namchon Reservoir),2018-03-22 16:00,10,1
L11440883,KR,KR-28,,37.6606784,125.7001191,인천--대연평도(Incheon--Yeonpyeong-do(island)),2026-07-11 14:28,144,25
L12069342,KR,KR-28,,37.177552,126.2607193,인천--대이작도(Incheon--Daeijak-do (island)),2026-05-18 10:13,32,6
L28881107,KR,KR-28,,37.82203,124.6997,인천--대청도(Incheon--Daecheong-do(island)),2026-05-09 13:43,134,14
L23562351,KR,KR-28,,37.23357,126.12147,인천--덕적도(Incheon--Deokjeok-do(island)),2026-05-23 10:14,154,100
L64769933,KR,KR-28,,37.2479,126.1172,인천--덕적도-북1리(Incheon--Deokjeok-do(island)-Buk-1-ri),2026-05-03 12:50,17,4
L64625154,KR,KR-28,,37.2613,126.1054,인천--덕적도-북2리(Incheon--Deokjeok-do(island)-Buk-2-ri),2026-05-23 10:14,62,10
L64597834,KR,KR-28,,37.2243,126.1171,인천--덕적도-서포1리(Incheon--Deokjeok-do(island)-Seopo-1-ri),2026-05-03 11:39,84,43
L64625020,KR,KR-28,,37.2338,126.1023,인천--덕적도-서포2리(Incheon--Deokjeok-do(island)-Seopo-2-ri),2026-05-02 15:21,52,9
L64769771,KR,KR-28,,37.2332,126.138,인천--덕적도-진2리(Incheon--Deokjeok-do(island)-Jin-2-ri),2026-05-16 17:46,40,6
L64769831,KR,KR-28,,37.2283,126.1558,인천--덕적도-진3리(Incheon--Deokjeok-do(island)-Jin-3-ri),2026-05-03 15:34,18,3
L37463712,KR,KR-28,,37.3965243,126.6733071,인천--동막교(Incheon--Dongmak Bridge),2026-09-12 06:40,91,61
L6305494,KR,KR-28,,37.3864618,126.4215231,인천--무의도(Incheon--Muui-do(island)),2026-05-25 18:27,79,21
L8706174,KR,KR-28,,37.96472,124.69572,인천--백령도(Incheon--Baengnyeong-do(island)),2026-09-17 18:26,365,946
L65146898,KR,KR-28,,37.979165,124.694142,인천--백령도-관창동(Incheon--Baengnyeongdo-Gwanchang-dong),2026-05-06 10:53,15,2
L64924200,KR,KR-28,,37.96031,124.740888,인천--백령도-끝섬(Incheon--Baengnyeongdo-Kkeutseom),2026-09-17 16:55,56,12
L65036733,KR,KR-28,,37.9741778,124.6193185,인천--백령도-두무진(Incheon--Baengnyeongdo-Dumujin),2026-05-26 10:19,79,31
L64925007,KR,KR-28,,37.94531,124.6974,인천--백령도-백령호(Incheon--Baengnyeongdo-Baengnyeong Lake),2026-05-21 13:59,93,16
L64924523,KR,KR-28,,37.948938,124.675468,인천--백령도-북포리 논밭(Incheon--Baengnyeongdo-Bukpo-ri Rice Fields),2026-05-25 16:31,75,14
L64924117,KR,KR-28,,37.94166,124.70671,인천--백령도-사곶해변(Incheon--Baengnyeongdo-Sagot Beach),2026-06-26 16:59,67,28
L65036679,KR,KR-28,,37.979718,124.7139506,인천--백령도-심청각(Incheon--Baengnyeongdo-Simcheonggak),2026-05-26 15:21,104,28
L64953468,KR,KR-28,,37.952305,124.633827,인천--백령도-연화리(Incheon--Baengnyeongdo-Yeonhwa-ri),2026-05-25 18:27,40,7
L64923974,KR,KR-28,,37.92542,124.64554,인천--백령도-중화동 댐(Incheon--Baengnyeongdo-Junghwa-dong Dam),2026-05-27 05:22,102,23
L65032680,KR,KR-28,,37.952841,124.703206,"인천--백령도-진촌리 농지남서쪽(Incheon--Baengnyeongdo-Jinchon-ri Fields/""Harrier Fields"")",2026-05-25 18:55,84,19
L64924265,KR,KR-28,,37.9766716,124.72693,"인천--백령도-진촌리 농지북동쪽((Incheon--Baengnyeongdo-Jinchon-ri Fields/""Northeastern Fields"")",2026-06-01 06:17,149,47
L65146677,KR,KR-28,,37.928178,124.697542,인천--백령도-콩돌해변(Incheon--Baengnyeongdo-Kongdol Beach),2026-05-26 13:07,30,5
L64923724,KR,KR-28,,37.9391017,124.6909063,인천--백령도-화동 습지(Incheon--Baengnyeongdo-Hwadong Wetland),2026-09-17 18:26,120,39
L49694598,KR,KR-28,,37.4965672,126.5168729,인천--백운산(Incheon--Baekunsan(mountain)),2026-07-17 13:44,30,3
L5084976,KR,KR-28,,37.4053465,126.6621494,인천--봉재산(Incheon--Bongjaesan(mountain)),2026-07-06 16:12,22,5
L16615088,KR,KR-28,,37.7068944,126.3103367,인천--석모도(Incheon--Seongmo-do(island)),2026-05-09 09:00,103,59
L4941571,KR,KR-28,,37.4130504,126.7482162,인천--소래습지생태공원(Incheon--Sorae Wetland Eco Park),2026-09-25 12:33,204,665
L38671683,KR,KR-28,,37.3986801,126.7405976,인천--소래포구(Incheon--Sorae Harbor),2026-06-24 19:20,81,48
L6735832,KR,KR-28,,37.218926,126.169607,인천--소야도(Incheon--Soya-do (island)),2026-05-02 18:00,70,2
L1761254,KR,KR-28,,37.7726462,124.7516639,인천--소청도(Incheon--Socheong-do(island)),2026-05-30 15:21,236,283
L39896273,KR,KR-28,,37.3491036,126.6530562,인천--송도 10공구 내측(Incheon--Songdo 10Area Inside),2026-01-04 16:17,7,5
L33778334,KR,KR-28,,37.3464187,126.6590578,인천--송도 10공구 외측(Incheon--Songdo 10Area Outside),2026-05-05 07:31,23,20
L10582245,KR,KR-28,,37.382033,126.65014,인천--송도 미추홀공원(Incheon--Songdo Michuhol Park),2026-09-24 09:09,141,368
L4998908,KR,KR-28,,37.366738,126.6383958,인천--송도 솔찬공원(Incheon--Songdo Solchan Park),2026-09-05 17:10,84,16
L39894446,KR,KR-28,,37.4110096,126.6391761,인천--송도 아암도 갯벌(Incheon--Songdo Aamdo Tidal Flat),2026-09-13 17:21,51,37
L4943089,KR,KR-28,,37.3884188,126.6539526,인천--송도 해돋이공원(Incheon--Songdo Haedoji Park),2026-05-30 16:17,84,51
L74793187,KR,KR-28,,37.4064373,126.6338038,인천--송도달빛축제공원(Incheon--Songdo Moonlight Festival Park),2026-07-31 10:08,5,1
L62371636,KR,KR-28,,37.3939638,126.621076,인천--송도랜드마크씨티 8호근린공원(Incheon--Songdo Landmark City 8 Lake Park),2026-06-20 15:50,26,5
L64474993,KR,KR-28,,37.4045483,126.6189176,인천--송도랜드마크씨티공원(Incheon--Songdo Landmark City Park),2026-06-28 07:36,23,5
L5744177,KR,KR-28,,37.392432,126.6397476,인천--송도센트럴파크(Incheon--Songdo Central Park),2026-09-18 09:31,93,131
L49035539,KR,KR-28,,37.4802181,126.5522921,인천--송산공원(Incheon--Songsan Park),2026-06-13 07:56,63,15
L29643419,KR,KR-28,,37.46034,126.6637807,인천--수봉공원(Incheon--Subong Park),2026-09-18 13:02,55,29
L29106334,KR,KR-28,,37.400324,126.677664,인천--승기천(Incheon--Seunggicheon(stream)),2026-04-11 12:43,109,74
L15916640,KR,KR-28,,37.1661177,126.3068114,인천--승봉도(Incheon--Seungbong-do(island)),2025-05-04 11:12,82,11
L6547404,KR,KR-28,,37.5264979,126.4539242,인천--신도(Incheon--Shin-do(island)),2026-09-17 16:25,98,17
L13171762,KR,KR-28,,37.5267868,126.645052,인천--심곡천-심곡1교(Incheon--Shimgokcheon(stream)-Shimgok 1 Bridge),2026-08-29 17:34,56,37
L49034342,KR,KR-28,,37.4924305,126.5746364,인천--영종도-구읍공원(Incheon--Yeongjong-do-Gueup Park),2025-07-03 08:48,7,1
L49034843,KR,KR-28,,37.5008416,126.4956291,인천--영종도-백련산(Incheon--Yeongjong-do-Baengnyeonsan (mountain)),2026-06-18 15:16,15,2
L77833354,KR,KR-28,,37.470306,126.3891554,인천--영종도-북서부 저수지(Incheon--Yeongjong-do-Northwest Reservoir),2026-09-28 10:24,18,1
L22019669,KR,KR-28,,37.4902274,126.5786001,인천--영종진공원(Incheon--Yeongjongjin Park),2026-01-15 08:35,98,54
L56294843,KR,KR-28,,37.425813,126.4391743,인천--영종해안남석호(Incheon--Yeongjong South Coastal Lagoon),2026-09-08 06:09,35,2
L7800165,KR,KR-28,,37.437793,126.6314997,인천--용현유수지(Incheon--Yonghyeon Wetland),2026-09-26 10:43,186,303
L59461318,KR,KR-28,,37.5136579,126.6925643,인천--원적산공원(Incheon--Wonjeoksan Park),2026-06-07 07:00,29,7
L28391781,KR,KR-28,,37.4722341,126.6029031,인천--월미공원(Incheon--Wolmisan Park),2026-09-12 16:10,66,46
L51699892,KR,KR-28,,37.4927939,126.5027629,인천--은골공원(Incheon--Eungol Park),2026-07-05 17:25,16,4
L28492471,KR,KR-28,,37.420871,126.6976694,인천--은행나무공원(Incheon--Gingko Tree Park)
L920974,KR,KR-28,,37.4493,126.4507,인천--인천국제공항(Incheon--Incheon International Airport),2026-09-23 09:28,96,270
L7368282,KR,KR-28,,37.4577972,126.7571557,인천--인천대공원(Incheon--Incheon Grand Park),2026-09-20 13:55,100,119
L47000653,KR,KR-28,,37.424352,126.605277,인천--인천항 국제여객터미널(Incheon--Incheon International Ferry Terminal),2025-06-06 16:30,1,0
L42171650,KR,KR-28,,37.456983,126.5992761,인천--인천항(Incheon--Incheon Port),2026-07-11 17:32,20,8
L53519245,KR,KR-28,,37.4500253,126.6534805,인천--인하대학교-용현캠퍼스(Incheon--Inha University-Yonghyeon Campus),2026-03-27 11:41,22,106
L32797515,KR,KR-28,,37.5331661,126.3559324,인천--장봉도(Incheon--Jangbong-do(island)),2026-05-03 08:08,66,29
L29614381,KR,KR-28,,37.464787,126.6568165,인천--주인공원(Incheon--Juin Park),2025-01-28 10:36,7,1
L5988891,KR,KR-28,,37.4545991,126.7009476,인천--중앙공원(Incheon Central Park),2025-10-30 08:11,55,13
L44166505,KR,KR-28,,37.4443112,126.4749202,인천--하늘정원(Incheon--Haneul Garden),2026-09-26 09:59,31,6
L68526179,KR,KR-28,,37.3841883,126.7161824,인천--해오름공원(Incheon--Haeoreum Park),2026-05-27 13:00,16,1
L13199709,KR,KR-41,,37.6868169,126.7499006,일산--대화동 농경지(Ilsan--Daehwa Farmland),2026-05-17 07:46,60,13
L34690547,KR,KR-51,,37.7185224,128.9985037,임해자연휴양림(Imhae Recreational Forest)
L35037104,KR,KR-31,,35.5785919,129.2805862,입화산자연휴양림(Ibhwasan Recreational Forest)
L35037534,KR,KR-48,,35.3789908,128.2128096,자굴산자연휴양림(Jagulsan Recreational Forest)
L38671790,KR,KR-28,,37.2556516,126.3156754,자월도(Jawol-do(island)),2026-03-25 09:29,25,2
L34962832,KR,KR-27,,36.1318612,128.8402534,장곡자연휴양림(Janggok Recreational Forest)
L34691013,KR,KR-43,,36.2451471,127.5552982,장령산자연휴양림(Jangnyeongsan Recreational Forest)
L34690980,KR,KR-30,,36.2187258,127.340126,장태산자연휴양림(Jangtaesan Recreational Forest),2026-02-18 09:40,17,3
L23564301,KR,KR-45,,35.8228357,127.1328406,전주 전주천과 화산(Jeonju--Jeonjucheon(stream) & Hwasan(mountain)),2026-08-24 18:23,33,5
L58000745,KR,KR-45,,35.8153766,127.1498689,전주--경기전(Jeonju--Gyeonggijeon),2026-09-15 13:11,29,5
L11964191,KR,KR-45,,35.8408202,127.0664626,전주--기지제수변공원(Jeonju--Gijije Park),2025-07-27 05:52,58,8
L11363932,KR,KR-45,,35.8478878,127.1229155,전주--덕진공원(Jeonju--Deokjin Park),2026-05-24 11:18,42,10
L4157085,KR,KR-45,,35.8927699,127.0265781,전주--만경강 도덕동(Jeonju--Mangyeonggang (River)-Dodeok-dong),2026-02-15 16:04,71,8
L59681471,KR,KR-45,,35.8805488,127.125721,전주--백석공원(Jeonju--Baekseok Park)
L59681552,KR,KR-45,,35.8766978,127.1307635,전주--세병공원(Jeonju--Sebyeong Park)
L58000707,KR,KR-45,,35.8175391,127.1520388,전주--전주한옥마을(Jeonju--Jeonju Hanok Village),2026-09-16 09:53,29,7
L4767079,KR,KR-50,,33.438818,126.6286671,절물자연휴양림(Jeolmul Natural Recreation Forest),2026-04-04 16:34,30,18
L26905726,KR,KR-45,,35.510255,126.907793,정읍--내장산단풍 생태공원(Jeongeup--Naejangsan Maple Eco Park),2026-05-06 17:56,53,5
L34420930,KR,KR-46,,34.6993368,126.9879198,제암산자연휴양림(Jeamsan Recreational Forest)
L18085355,KR,KR-50,,33.454845,126.716159,제주--거문오름 유네스코 세계자연유산(Jeju--Geomun Oreum UNESCO World Natural Heritage),2026-05-31 11:50,36,7
L21180770,KR,KR-50,,33.449557,126.304171,제주--곽지해수육장(Jeju--Gwakji Beach),2022-10-10 10:40,7,1
L68457661,KR,KR-50,,33.438745,126.669123,제주--교래곶자왈생태탐방로(Jeju--Gyorae Gotjawal Eco Trail),2026-09-08 09:43,16,3
L20468729,KR,KR-50,,33.360859,126.188754,제주--금등해변(Jeju--Geumdeung Beach),2026-07-19 18:01,82,22
L21180755,KR,KR-50,,33.4338483,126.3306559,제주--금산공원/납읍난 대림지대(Jeju--Geumsan Park/Nabeup Warm Temperate Forest Zone),2026-04-29 16:58,13,4
L20544046,KR,KR-50,,33.5601666,126.7620086,제주--김녕해수욕장(Jeju--Gimnyeong Seongsegi Beach),2026-07-19 10:32,33,15
L21323508,KR,KR-50,,33.44317,126.62222,제주--노루생태관찰원(Jeju--Roe Deer Eco Observatory),2022-10-23 14:17,10,1
L40804293,KR,KR-50,,33.4861069,126.4695973,제주--노형1근린공원(Jeju--Nohyeong 1 Neighborhood Park),2026-04-22 13:29,20,18
L25249770,KR,KR-50,,33.467342,126.778067,제주--당오름(송당리)(Jeju--Dang Oreum (Songdang-ri)),2026-05-03 17:04,23,3
L22559663,KR,KR-50,,33.5372439,126.6288253,제주--대섬과 용천수탐방길(Jeju--Daeseom & Yongcheonsu Trail),2026-09-26 15:54,99,39
L15806337,KR,KR-50,,33.509091,126.471907,제주--도두 무지개 해안도로(Jeju--Dodu-dong Rainbow Coastal Road),2026-06-05 06:30,19,9
L19204358,KR,KR-50,,33.5168658,126.7170994,제주--동백동산/선흘곶자왈(Jeju--Dongbaekdongsan/Seonheul Gotjawal),2026-09-23 12:27,86,150
L34318626,KR,KR-50,,33.5538998,126.716393,제주--동복 해안(Jeju--Dongbok Coast),2026-07-30 16:57,40,4
L16519830,KR,KR-50,,33.353573,126.192995,제주--두모저수지과 농업 지역(Jeju--Dumo Reservoir & Agricultural Area),2025-10-09 15:13,66,12
L16028708,KR,KR-50,,33.477266,126.506413,제주--민오름(Jeju--Min Oreum),2026-04-27 09:01,33,14
L20441102,KR,KR-50,,33.452978,126.517777,제주--방선문가는숲길-남 입구(Jeju--Bangseonmun Trail-South entrance),2026-02-14 13:42,17,2
L56638157,KR,KR-50,,33.487857,126.518581,제주--방선문가는숲길-북 입구(Jeju--Bangseonmun Trail-North entrance),2026-07-16 10:14,29,9
L15540425,KR,KR-50,,33.4757871,126.5165852,제주--방선문가는숲길-한라도서관 입구(Jeju--Bangseonmun Trail-Halla Library entrance),2026-02-14 15:14,18,8
L17715185,KR,KR-50,,33.4083315,126.2275701,제주--비양도(Jeju--Biyang-do(island)),2026-04-18 08:54,71,9
L5232392,KR,KR-50,,33.4896925,126.8095636,제주--비자림숲(Jeju--Bijarim Forest),2026-09-21 14:58,39,26
L965197,KR,KR-50,,33.5187676,126.5484023,제주--사라봉공원(Jeju--Sarabong Park),2026-09-16 13:50,146,179
L19573682,KR,KR-50,,33.405604,126.6373139,제주--사려니숲길(Jeju--Saryeoni Forest Trail),2025-10-11 14:18,28,8
L21456142,KR,KR-50,,33.434716,126.688408,제주--산굼부리(Jeju--Sangumburi),2026-07-13 11:28,12,1
L965185,KR,KR-50,,33.5149968,126.5289465,제주--산지천-북성교(Jeju--Sanjicheon(stream)-Bukseong Bridge),2026-09-19 16:11,80,149
L16366079,KR,KR-50,,33.49162,126.49126,제주--삼무공원(Jeju--Sammu Park),2025-09-20 10:30,29,67
L17414301,KR,KR-50,,33.5042317,126.5289723,제주--삼성혈(Jeju--Samseonghyeol),2026-08-27 15:08,50,35
L55465454,KR,KR-50,,33.389098,126.300775,제주--상대저수지(Jeju--Sangdae Reservoir),2026-01-27 12:21,19,2
L65218827,KR,KR-50,,33.9613987,126.2925098,제주--상추자도(Jeju--Sangchuja-do(island)),2026-08-23 10:48,87,11
L16432946,KR,KR-50,,33.366317,126.35773,제주--새별오름(Jeju--Saebyeol Oreum),2025-10-09 13:12,38,12
L43804073,KR,KR-50,,33.5456869,126.6777706,제주--서우봉(Jeju--Seoubong),2026-01-12 22:43,30,5
L23176987,KR,KR-50,,33.52473,126.861383,제주--세화해수욕장(Jeju--Sehwa Beach),2026-09-20 15:59,58,41
L32712473,KR,KR-50,,33.490699,126.794352,제주--송당곶자왈(Jeju--Songdang Gotjawal),2026-04-08 16:24,45,24
L32288273,KR,KR-50,,33.488104,126.788297,제주--송당저수지(Jeju--Songdang Reservoir),2026-04-07 16:23,48,12
L40654749,KR,KR-50,,33.2950949,126.1633873,제주--수월봉(Jeju--Suwolbong),2026-05-11 10:30,58,8
L23902912,KR,KR-50,,33.5057119,126.5326558,제주--신산공원(Jeju--Shinsan Park),2026-09-19 14:25,105,617
L38216625,KR,KR-50,,33.3449845,126.1728597,제주--신창풍차해안(Jeju--Shinchang Windmill Coastal Walk),2026-04-20 16:45,37,9
L17858176,KR,KR-50,,33.4714126,126.4267643,제주--애월-광령저수지(Jeju--Aewol-Gwangryeong Reservoir),2026-09-06 16:34,91,70
L26589959,KR,KR-50,,33.446602,126.298959,제주--애월-금성포구(Jeju--Aewol-Geumseong Port),2026-09-17 11:03,38,15
L15770768,KR,KR-50,,33.47153,126.387963,제주--애월-수산저수지(Jeju--Aewol-Susan Reservoir),2026-05-10 18:02,84,26
L59161738,KR,KR-50,,33.4605912,126.3103477,제주--애월한담해안산책로(Jeju--Aewol Handam Coastal Trail),2026-09-10 10:43,4,1
L15355482,KR,KR-50,,33.4899102,126.4356512,제주--외도생태공원(Jeju--Oedo Eco Park),2026-08-27 17:05,108,58
L21310963,KR,KR-50,,33.3360606,126.1688579,제주--용당리 습지와 해안(Jeju--Yongdang-ri Wetland&Coast),2026-04-09 16:00,68,21
L11655951,KR,KR-50,,33.5154645,126.512994,제주--용두암과 용담계곡(Jeju--Yongduam Rock&Valley),2026-07-31 15:38,42,42
L5286349,KR,KR-50,,33.3177126,126.1875664,제주--용수저수지(Jeju--Yongsu Reservoir),2026-09-21 14:37,165,140
L16346824,KR,KR-50,,33.506856,126.955603,제주--우도(Jeju--Udo(island)),2026-07-20 16:44,89,28
L16817915,KR,KR-50,,33.3190169,126.2956643,제주--저지곶자왈(Jeju--Jeoji Gotjawal),2026-07-17 11:03,22,5
L19815891,KR,KR-50,,33.339294,126.266069,제주--저지문화 예술인마을(Jeju--Jeoji Artist's Village),2026-06-30 10:30,31,33
L23602639,KR,KR-50,,33.506657,126.493506,제주--제주국제공항(Jeju--Jeju International Airport),2026-05-10 15:02,18,12
L58483787,KR,KR-50,,33.4360613,126.7317796,제주--제주동화마을(Jeju--Jeju Donghwa Village),2026-03-07 11:39,4,1
L28469371,KR,KR-50,,33.51402,126.522338,제주--제주목관아(Jeju--Jeju Mokgwana),2026-09-27 10:30,13,6
L4872662,KR,KR-50,,33.5242092,126.5393492,제주--제주항(Jeju--Jeju Harbor),2026-08-23 07:36,46,50
L965194,KR,KR-50,,33.4821403,126.9040203,제주--종달해안(Jeju--Jongdal Coast),2026-09-23 07:51,181,350
L57629505,KR,KR-50,,33.301063,126.262074,제주--청수곶자왈(Jeju--Cheongsu Gotjawal),2026-01-25 13:31,11,1
L57629532,KR,KR-50,,33.306039,126.261497,제주--청수곶자왈습지(Jeju--Cheongsu Gotjawal Wetland),2026-01-25 14:32,8,1
L17926831,KR,KR-50,,33.9513587,126.3067939,제주--추자도(Jeju--Chuja-do(island)),2026-08-23 13:10,174,63
L14837240,KR,KR-50,,33.518615,126.523745,제주--탑동광장(Jeju--Tapdong Plaza),2026-09-18 15:26,66,146
L5779054,KR,KR-50,,33.5059176,126.8936991,제주--하도리철새보호구역(Jeju--Hado-ri Migratory Bird Habitat),2026-09-23 09:23,225,369
L22049319,KR,KR-50,,33.519551,126.904455,제주--하도방파제(Jeju--Hado Breakwater),2026-02-04 11:48,42,13
L65201262,KR,KR-50,,33.9474648,126.3238449,제주--하추자도(Jeju--Hachuja-do(island)),2026-08-23 13:10,127,23
L16040769,KR,KR-50,,33.431531,126.5974735,제주--한라생태숲(Jeju--Halla Eco Forest),2026-09-13 16:46,77,47
L5288200,KR,KR-50,,33.4699292,126.49324,제주--한라수목원(Jeju--Halla Arboretum),2026-09-25 10:08,85,226
L57629559,KR,KR-50,,33.390797,126.236084,제주--한림-금능해수욕장(Jeju--Hallim-Geumneung Beach),2026-07-12 15:51,30,3
L16097956,KR,KR-50,,33.4072842,126.257575,제주--한림-옹포천하구(Jeju--Hallim-Ongpocheon(stream) Estuary),2026-09-21 09:51,125,98
L55465466,KR,KR-50,,33.392167,126.279945,제주--한림-지향저수지(Jeju--Hallim-Jihyang Reservoir),2026-02-16 10:21,25,4
L5371650,KR,KR-50,,33.38951,126.239444,제주--한림-한림공원(Jeju--Hallim-Hallim Park),2026-09-27 16:07,39,22
L59161849,KR,KR-50,,33.4205845,126.2606499,제주--한림항(Jeju--Hallim Harbour),2026-05-16 07:20,33,3
L10065188,KR,KR-50,,33.5441925,126.668324,제주--함덕해변(Jeju--Hamdeok Beach),2026-05-21 07:20,61,16
L40652685,KR,KR-50,,33.5483502,126.8275419,제주--행원리~한동리 해안(Jeju--Haengwon-ri to Handong-ri Coastal Road),2026-04-07 17:43,32,7
L17073354,KR,KR-50,,33.5597061,126.8124591,제주--행원해변과 오저여(Jeju--Haengwon Beach & Ojeoyeo Viewpoint),2026-09-20 16:13,66,27
L15419103,KR,KR-50,,33.2832866,126.2734542,제주곶자왈도립공원(Jeju Gotjawal Provincial Park),2026-09-23 10:59,54,45
L16040152,KR,KR-50,,33.456383,126.5625433,제주시--제주대학교(Jeju City--Jeju National University),2026-09-21 11:28,18,7
L53929353,KR,KR-50,,33.426526,126.604004,제주시--제주마방목지(Jeju City--Jeju Horse Pastureland),2026-08-29 12:32,13,2
L57806322,KR,KR-43,,37.1218987,128.2051545,제천--강저1호공원(Jecheon--Gangjeo No.1 Park)
L69319029,KR,KR-43,,37.143385,128.2194936,제천--마산(Jecheon--Masan (Mountain))
L57806337,KR,KR-43,,37.1241576,128.1995729,제천--생태습지공원(Jecheon--Eco Wetland Park)
L69318171,KR,KR-43,,37.1571839,128.2085696,제천--솔방죽습지생태공원(Jecheon--Solbangjuk Wetland Eco Park),2026-09-13 17:31,24,5
L23279792,KR,KR-43,,37.1730567,128.2107804,제천--의림지저수지(Jecheon--Uirimji Reservoir),2026-06-17 07:22,38,2
L69318799,KR,KR-43,,37.1500897,128.217423,제천--제천시민공원(Jecheon--Jecheon Citizen's Park)
L22369361,KR,KR-46,,34.9967673,127.3061869,조계산도립공원(Jogyesan Provincial Park),2025-05-06 12:37,22,2
L34690832,KR,KR-43,,36.8127206,128.0445385,조령산자연휴양림(Joryeongsan Recreational Forest),2026-09-05 06:55,28,11
L47160008,KR,KR-50,,33.4487164,126.6612625,조천--돌문화공원(Jocheon--Jeju Stone Park),2026-09-20 13:41,25,4
L4557170,KR,KR-36,,36.6091197,127.2863182,조치원--고려대학교 세종캠퍼스(Jochiwon--Korea University Sejong Campus),2026-05-08 12:30,26,6
L34690889,KR,KR-43,,36.7053111,127.6509619,좌구산휴양림(Jwagusan Recreational Forest)
L23114104,KR,KR-47,,36.405064,129.1887993,주왕산국립공원(Juwangsan NP),2024-10-08 09:38,17,2
L34418335,KR,KR-46,,34.5139122,126.6854954,주작산자연휴양림(Jujaksan Recreational Forest),2026-05-25 10:34,1,0
L34690639,KR,KR-51,,37.4591384,128.2035613,주천강자연휴양림(Jucheongang Recreational Forest)
L35037799,KR,KR-48,,35.2882617,127.7498388,중산자연휴양림(Jungsan Recreational Forest)
L4538059,KR,KR-48,,35.23251,127.6505756,지리산국립공원 쌍계사(Jirisan NP--Ssanggyesa (temple)),2026-05-09 14:03,17,1
L15916383,KR,KR-48,,35.3306426,127.7045488,지리산국립공원(Jirisan NP),2026-09-04 14:30,108,95
L12996583,KR,KR-46,,35.2960694,127.525937,지리산국립공원--노고단(Jirisan NP--Nogodan),2026-09-04 14:30,52,20
L14043457,KR,KR-48,,35.3048868,127.7488247,지리산국립공원--중산리(Jirisan NP--Jungsanri),2024-01-11 09:16,32,5
L38594391,KR,KR-46,,35.2737011,127.4763286,지리산국립공원--천은사(Jirisan NP--Cheoneunsa(temple))
L15007123,KR,KR-46,,35.257201,127.497538,지리산국립공원--화엄사(Jirisan NP--Hwaeomsa(temple)),2026-08-03 17:33,79,49
L38594293,KR,KR-46,,34.5460399,126.2492812,진도--군내호(Jindo--Gunnae Lake)
L16204584,KR,KR-46,,34.4008371,126.3273454,진도--쏠비치(Jindo--Sol Beach Hotel & Resort),2025-11-24 07:04,37,6
L42250255,KR,KR-48,,35.1538808,128.1016695,진주--경상국립대학교(Jinju--Gyeongsang National University),2026-06-06 09:02,72,89
L75092341,KR,KR-48,,35.1606557,128.2949368,진주--경상남도수목원(Jinju--Gyeongsangnam-do Arboretum)
L21254675,KR,KR-48,,35.2068708,128.128706,진주--남강(Jinju--Namgang(river)),2026-01-14 13:19,1,1
L42285429,KR,KR-48,,35.1667002,128.1158007,진주--남강-상평교(Jinju--Namgang(river)-Sangpyeong Bridge),2025-09-04 08:41,58,11
L14029546,KR,KR-48,,35.175958,128.076285,진주--망진산(Jinju--Mangjinsan(mountain)),2025-11-08 13:47,50,5
L13857257,KR,KR-48,,35.1666343,128.1047273,진주--석류공원(Jinju--Seokryu Park),2026-07-05 16:05,74,21
L21254203,KR,KR-48,,35.1669619,128.0345211,진주--진양호(Jinju--Jinyang Lake),2026-08-14 13:35,36,6
L14276168,KR,KR-48,,35.1890313,128.077991,진주--진주성공원(Jinju--Jinju Fortress Park),2024-12-14 12:59,35,6
L14276539,KR,KR-43,,36.8630122,127.4387438,진천--백곡천(Jincheon--Baekgokcheon (stream)),2023-09-29 09:00,60,13
L14356521,KR,KR-43,,36.8405477,127.4183091,진천--잣고개산림욕장(Jincheon--Jatgogae Nature Recreation Forest),1999-05-29 09:00,28,1
L12617443,KR,KR-43,,36.814272,127.5138747,진천--초평저수지(Jincheon--Chopyeong Reservoir),2023-03-18 18:31,16,1
L34657911,KR,KR-51,,37.9776272,127.5807524,집다리골자연휴양림(Jibdarigot Recreational Forest)
L31921150,KR,KR-50,,33.311604,126.148941,차귀도(Chagwi-do (island)),2024-05-18 09:50,13,1
L38366075,KR,KR-48,,35.56248,128.4066638,창녕--목포늪(Changnyeong--Mokpo Wetland),2026-06-16 06:29,49,6
L38366159,KR,KR-48,,35.561554,128.4341296,창녕--사지포(Changnyeong--Sajipo Wetland),2025-03-09 07:50,23,1
L1094681,KR,KR-48,,35.5509433,128.413353,창녕--우포늪(Changnyeong--Upo Wetland Ramsar Site),2026-08-15 14:24,189,349
L38366104,KR,KR-48,,35.5457453,128.3997115,창녕--쪽지벌(Changnyeong--Jjokjibeol Wetland),2025-03-07 10:13,16,1
L13963720,KR,KR-48,,35.3005197,128.6849855,창원--동판저수지(Changwon--Dongpan Reservoir),2026-07-27 11:00,115,67
L38366173,KR,KR-48,,35.3382147,128.6722041,창원--산남저수지(Changwon--Sannam Reservoir),2026-08-23 07:11,21,2
L38919582,KR,KR-48,,35.23143,128.683144,창원--용지호수공원(Changwon--Yongji Lake Park),2024-12-28 14:07,7,1
L1094685,KR,KR-48,,35.3147663,128.6751366,창원--주남저수지(Changwon--Junam Reservoir),2026-07-04 06:00,206,313
L23544485,KR,KR-48,,35.1629206,128.6598318,창원--진해내수면 환경생태공원(Changwon--Jinhae NFRDI Environment Eco Park),2026-05-31 13:05,37,8
L29414678,KR,KR-46,,34.5449701,126.9296585,천관산도립공원(Cheongwansan Provincial Park)
L35038446,KR,KR-41,,37.8641819,127.118597,천보산자연휴양림(Cheonbosan Recreational Forest)
L35357834,KR,KR-44,,36.8334425,127.1960922,천안--각원사(Cheonan--Gakwonsa(temple)),2026-04-22 11:55,18,3
L34145228,KR,KR-44,,36.7812078,127.2264755,천안--독립기념관(Cheonan--Independence Hall of Korea),2025-10-11 13:10,22,5
L34563633,KR,KR-44,,36.8116735,127.123551,천안--봉서산(Cheonan--Bongseosan (mountain)),2025-02-15 22:25,28,1
L61522647,KR,KR-44,,36.847191,127.1354413,천안--성성호수공원(Cheonan--Seongseong Lake Park),2026-03-29 14:44,13,1
L45190237,KR,KR-44,,36.8130964,127.1425362,천안--성정천(Cheonan--Seongjeongcheon(stream),2025-05-17 05:00,1,1
L35783082,KR,KR-44,,36.7945816,127.1499934,천안--천안천-다가동(Cheonan--Cheonancheon(stream)-Daga-dong),2024-08-15 16:25,1,1
L36438743,KR,KR-44,,36.8044842,127.1431996,천안--천안천-와촌동(Cheonan--Cheonancheon(stream)-Wachon-dong),2024-09-08 23:30,1,1
L7755776,KR,KR-44,,36.83337,127.1703576,천안--천호지(Cheonan--Cheonho(lake)),2026-07-03 13:50,43,7
L34976762,KR,KR-44,,36.8201114,127.1751814,천안--태조산공원 옆서쪽(Cheonan--Taejosan Park(west hill))
L77204293,KR,KR-44,,36.772797,127.162497,천안--토성산(Cheonan--Toseongsan (mountain)),2026-09-27 07:36,29,7
L12610156,KR,KR-51,,38.1873101,127.2811398,철원 장흥리(Cheorwon--Jangheung-ri),2024-01-27 08:00,57,12
L22531422,KR,KR-51,,38.1697165,127.3036051,철원--군탄리(Cheorwon--Guntan-ri),2025-05-30 14:09,44,3
L13556646,KR,KR-51,,38.2747415,127.5277779,철원--근남면(Cheorwon--Geunnam-myeon),2023-11-03 11:22,5,2
L23723461,KR,KR-51,,38.2634,127.11477,철원--대마리 서측(Cheorwon--Daema-ri),2026-02-14 10:59,88,16
L38323744,KR,KR-51,,38.1664507,127.3152468,철원--문혜리 농경지(Cheorwon--Munhye-ri Fields)
L12610377,KR,KR-51,,38.2893184,127.2268453,철원--민간인출입통제구역(Cheorwon--CCZ),2026-03-07 14:16,128,69
L12610213,KR,KR-51,,38.2707617,127.1657218,철원--백마고지 전적기념관(Cheorwon--White Horse Hill Memorial Park),2026-03-05 13:14,85,67
L1094705,KR,KR-51,,38.2273929,127.2766113,철원--비무장지대(DMZ--Cheorwon Basin General Area),2025-12-12 15:01,152,120
L29160257,KR,KR-51,,38.2554641,127.1909995,철원--소이산(Cheorwon--Soisan (mountain)),2024-02-09 15:15,12,1
L17171358,KR,KR-51,,38.2741694,127.2920303,철원--토교저수지(Cheorwon--Togyo Reservoir),2026-02-26 08:03,93,96
L22643925,KR,KR-51,,38.2343912,127.2288825,철원--학저수지(Cheorwon--Hak Reservoir),2026-09-24 13:47,165,149
L22388287,KR,KR-51,,38.2753635,127.3139137,철원--한탄강두루미탐조대-철새도래지관찰소(Cheorwon--Hantangang Crane Observatory-Migratory Bird Habitat),2026-03-01 09:24,99,170
L29247493,KR,KR-47,,35.6592094,128.6988483,청도--청도천 유등교(Cheongdo--Cheongdocheon (stream) Yudeunggyo Bridge),2026-01-19 16:55,21,2
L29414762,KR,KR-47,,36.7914498,128.9161181,청량산도립공원(Cheongnyangsan Provincial Park),2025-05-08 11:05,22,2
L34691461,KR,KR-47,,36.3179088,129.0537143,청송자연휴양림(Cheongsong Recreational Forest)
L12733913,KR,KR-43,,36.636967,127.434618,청주--가경천-복대동(Cheongju--Gagyeongcheon(stream)-Bokdae-dong),2021-06-01 07:45,33,67
L12685063,KR,KR-43,,36.6114791,127.4590015,청주--구룡공원(Cheongju--Guryong Park),2019-04-18 11:00,24,7
L13932273,KR,KR-43,,36.6430202,127.4232245,청주--대농교(Cheongju--Daenong Bridge),2021-06-07 13:56,35,59
L6642527,KR,KR-43,,36.6132886,127.4666297,청주--두꺼비생태공원(Cheongju--Eco Toad Park),2026-04-10 13:35,35,12
L12793746,KR,KR-43,,36.6409723,127.5121577,청주--명암저수지(Cheongju--Myeongam Reservoir),2021-01-30 17:25,7,2
L12793034,KR,KR-43,,36.6117177,127.4972374,청주--무심천-월평교(Cheongju--Mushimcheon(stream)-Wolpyeong Bridge),2018-01-28 16:30,16,1
L13844985,KR,KR-43,,36.6697095,127.4629375,청주--무심천-정하동(Cheongju--Mushimcheon (stream)-Jeongha-dong),2025-02-21 18:03,82,21
L12793001,KR,KR-43,,36.6254005,127.4891585,청주--무심천-청남교(Cheongju--Mushimcheon(stream)-Cheongnam Bridge),2019-10-30 10:40,7,2
L14289924,KR,KR-43,,36.672704,127.446212,청주--문암생태공원(Cheongju--Munam Eco Park),2021-04-21 10:22,26,3
L55750899,KR,KR-43,,36.6263774,127.6676989,청주--미동산수목원(Cheongju--Midongsan Arboretum),2026-05-24 14:50,12,1
L13526356,KR,KR-43,,36.6808237,127.4463505,청주--미호천(Cheongju--Mihocheon(river)),2026-08-18 17:44,129,65
L13855215,KR,KR-43,,36.6720895,127.5076836,청주--백화산(Cheongju--Baekhwasan(mountain)),2022-05-07 00:00,34,11
L12135547,KR,KR-43,,36.6349529,127.4120092,청주--부모산(Cheongju--Bumosan(mountain)),2024-04-21 06:49,83,54
L58140349,KR,KR-43,,36.6370069,127.4913793,청주--상당공원(Cheongju--Sangdang Park)
L11047346,KR,KR-43,,36.6617406,127.539897,청주--상당산성(Cheongju--Sangdang Fortress),2025-02-28 16:12,49,7
L13932305,KR,KR-43,,36.6449614,127.4333257,청주--솔밭공원(Cheongju--Solbat Park),2021-05-31 13:52,31,19
L58140174,KR,KR-43,,36.6220203,127.5007511,청주--영운공원(Cheongju--Yeongun Park)
L12684735,KR,KR-43,,36.6299269,127.3234451,청주--오송호수공원(Cheongju--Osong Lake Park),2026-02-12 19:29,38,4
L58140048,KR,KR-43,,36.7143069,127.4258395,청주--오창호수공원(Cheongju--Ochang Lake Park),2026-01-04 03:05,1,0
L13857733,KR,KR-43,,36.6524884,127.5026096,청주--우암산(Cheongju--Uamsan(mountain)),2024-03-16 10:51,34,5
L58140110,KR,KR-43,,36.6467813,127.4708033,청주--운천공원(Cheongju--Uncheon Park),2026-05-01 15:31,7,1
L15212547,KR,KR-43,,36.6649718,127.502924,청주--율봉그린공원(Cheongju--Yullbong Neighborhood Park),2021-06-02 23:33,1,1
L58140217,KR,KR-43,,36.6326609,127.4876029,청주--중알공원(Cheongju--Jungang Park)
L13284111,KR,KR-43,,36.72225,127.495476,청주--청주국제공항(Cheongju--Cheongju International Airport),2025-07-06 05:30,21,6
L12854014,KR,KR-43,,36.6277537,127.4563712,청주--충북대학교(Cheongju--Chungbuk National University),2026-05-28 08:23,22,3
L34145203,KR,KR-43,,36.6235876,127.4046171,청주--푸르미환경공원(Cheongju--Pureumi Environmental Park),2024-06-20 13:39,14,1
L21266452,KR,KR-43,,36.6111897,127.3572762,청주--한국교원대학교(Cheongju--Korea National University of Education),2024-03-23 16:08,36,7
L35038576,KR,KR-41,,37.7118388,127.4072295,청평자연휴양림(Cheongpyeong Recreational Forest),2025-03-29 09:53,6,2
L35038505,KR,KR-41,,37.7544977,127.3128319,축령산자연휴양림(Chungnyungsan Recreational Forest),2026-03-17 08:41,14,2
L17657254,KR,KR-51,,37.8669024,127.7450294,춘천--강원대학교 춘천캠퍼스(Chuncheon--Kangwon National University Chuncheon Campus),2026-05-15 19:48,70,40
L55532719,KR,KR-51,,37.923319,127.725408,춘천--강원도립화목원(Chuncheon--Gangwon Provincial Arboretum),2026-01-13 15:57,14,1
L18580076,KR,KR-51,,37.86503,127.731344,춘천--공지천(Chuncheon--Gongjicheon (stream)),2026-09-10 08:36,58,17
L5896309,KR,KR-51,,37.7916339,127.5253916,춘천--남이섬(Chuncheon--Namiseom(island)),2026-09-21 10:46,126,308
L11224529,KR,KR-51,,37.8162233,127.6325805,춘천--북한강-강촌리(Chuncheon--Bukhangang(river)-Gangchon-ri),2026-02-12 16:35,64,12
L32837684,KR,KR-51,,37.9011463,127.7148118,춘천--상중도(Chuncheon--Sangjung-do(island)),2026-08-30 16:17,119,53
L31259951,KR,KR-51,,37.8955661,127.7332599,춘천--소양제1교(Chuncheon--Soyang 1 Bridge),2024-05-03 09:40,22,1
L55532636,KR,KR-51,,37.917673,127.736035,춘천--우두온수지(Chuncheon--Udu Reservoir),2026-08-23 14:33,18,1
L11224480,KR,KR-51,,37.8356606,127.6758658,춘천--의암댐(Chuncheon--Uiam Dam),2025-05-07 13:22,42,5
L54327538,KR,KR-51,,37.878483,127.690307,춘천--하중도수변생태공원(Chuncheon--Hajungdo Eco Park),2026-07-30 11:01,81,18
L34658388,KR,KR-51,,37.7444874,127.7441311,춘천숲자연휴양림(Chuncheon Recreational Forest),2025-12-21 13:06,4,0
L34690900,KR,KR-43,,36.574181,127.7848577,충북알프스자연휴양림(Chungbuk Alps Recreational Forest)
L11227597,KR,KR-43,,36.9828965,127.8924065,충주 달천(Chungju--Dalcheon (River)),2026-02-11 09:23,38,5
L3147892,KR,KR-43,,36.8225463,128.0950123,충주 미륵대원지(Chungju--Mireukdaewon Stone Temple),2014-10-09 14:00,7,0
L29737494,KR,KR-43,,37.017045,127.8663308,충주 중앙탑사척공원(Chungju--Jungangtap Historic Park),2026-08-09 07:18,36,9
L13982374,KR,KR-43,,37.0204098,127.9499406,충주--남한강-용탄동(Chungju--Namhangang(river)-Yongtan-dong),2021-03-06 10:00,1,0
L17451480,KR,KR-43,,37.1042847,127.8184231,충주--비내섬(Chungju--Binaeseom(island)),2026-08-27 15:44,44,9
L38348572,KR,KR-43,,37.0479119,127.8684079,충주--조정지댐(Chungju--Jojeongji Dam),2026-02-11 10:02,21,4
L11881699,KR,KR-43,,36.98811,127.8995876,충주--탄금대(Chungju--Tangeumdae Park),2026-02-11 09:39,24,3
L46655580,KR,KR-43,,36.9630483,127.9223246,충주--호암지생태공원(Chungju--Hoamji Eco Park),2026-08-28 06:49,29,3
L11096509,KR,KR-51,,37.3356474,128.0642207,치악산국립공원(Chiaksan NP),2026-01-17 14:05,23,7
L34690667,KR,KR-51,,37.2559171,128.0312347,치악산자연휴양림(Chiaksan Recreational Forest),2024-11-16 09:35,1,0
L29414713,KR,KR-44,,36.4112443,126.8869391,칠갑산도립공원(Chilgapsan Provincial Park),2021-07-17 00:00,1,0
L74860756,KR,KR-47,,35.9997,128.4157,칠곡--캠프 캐럴(Chilgok--Camp Carroll),2026-08-02 15:31,5,1
L34962779,KR,KR-47,,36.0336397,128.4865236,칠곡황학산휴양림(Chilgok Hwanghaksan Recreational Forest)
L34419017,KR,KR-46,,34.5854536,126.8571138,칠량자연휴양림(Chillyang Recreational Forest)
L10680648,KR,KR-51,,37.216679,128.96598,태백--매봉산 바람의언덕(Taebaek--Mebongsan Wind Farm),2026-02-28 09:00,53,112
L54890874,KR,KR-51,,37.161538,128.917629,태백--함백산(Taebaek--Hambaeksan (mountain)),2025-11-30 14:53,15,7
L34690753,KR,KR-51,,37.130145,129.0686703,태백고원자연휴양림(Taebaek Highland Recreational Forest)
L23114158,KR,KR-51,,37.0974942,128.9156799,태백산국립공원(Taebaeksan NP),2026-09-24 16:07,16,2
L38687302,KR,KR-51,,37.231036,128.936432,태백산국립공원--검룡소(Taebaeksan NP--Geomnyongso(Spring)),2026-09-23 14:00,22,5
L14388856,KR,KR-44,,36.6764579,126.0684912,태안--가의도(Taean--Gaeuido(island)),2026-05-16 14:31,160,118
L13560249,KR,KR-44,,36.4958135,126.3340453,태안--꽃지해안공원(Taean--Flower Beach Park),2026-09-25 10:05,21,3
L38340866,KR,KR-44,,36.8359619,126.196053,태안--두웅습지(Taean--Duwung Wetland),2026-03-28 17:20,11,2
L24276095,KR,KR-44,,36.6826112,126.1280114,태안--마도(Taean--Ma-do(island)),2026-05-24 19:00,92,31
L12618414,KR,KR-44,,36.6589924,126.3519533,태안--부남호-전체*보다 구체적인 위치를 사용해 주시기 바랍니다*(Taean--Bunam Lake/Seosan Lake B-general area*please consider using more specific locations*),2026-09-15 12:26,186,137
L41558931,KR,KR-44,,36.7940801,126.1668107,태안--송현저수지(Taean--Songhyeon Reservoir),2025-03-23 18:13,6,1
L10658772,KR,KR-44,,36.7526733,126.233675,태안--수룡저수지(Taean--Suryong Reservoir),2020-02-01 14:14,28,2
L38340850,KR,KR-44,,36.8492805,126.1988422,태안--신두리 해안사구(Taean--Shinduri Coastal Dune),2026-03-29 16:00,26,5
L3147898,KR,KR-44,,36.6039011,126.3034952,태안--신온리 양식어장(Taean--Shinon-ri Aquaculture Farms),2023-04-01 04:08,22,2
L18741445,KR,KR-44,,36.680182,126.1385394,태안--신진도(Taean--Shinjin-do(island)),2026-05-24 18:20,143,97
L13734383,KR,KR-44,,36.6640712,126.3375232,태안--양잠리 농경지(Taean--Yangjam-ri Farmland),2024-11-13 11:43,63,5
L38340207,KR,KR-44,,36.6252353,126.3671532,태안--창리선착장(Taean--Changni Quay),2025-02-20 12:40,10,1
L14388992,KR,KR-44,,36.7984895,126.1493223,태안--천리포수목원(Taehaean--Cheollipo Arboretum),2026-09-17 11:59,92,43
L28492387,KR,KR-44,,36.5626,126.3218307,태안해안국립공원 기지포해수욕장(Taeanhaean NP--Gijipo Beach),2026-09-25 11:44,13,2
L21447061,KR,KR-44,,36.8962507,126.2036204,태안해안국립공원 학암포(Taeanhaean NP--Hagampo Beach),2022-11-06 08:00,26,0
L34691254,KR,KR-44,,36.7284973,127.0917749,태학산자연휴양림(Taehaksan Recreational Forest),2026-04-14 17:51,64,3
L34962845,KR,KR-47,,35.7558463,129.3650436,토함산자연휴양림(Tohamsan Recreational Forest)
L34691392,KR,KR-47,,36.9142496,129.1952705,통고산자연휴양림(Tonggosan Recreational Forest)
L59461378,KR,KR-48,,34.8412108,128.4297895,통영--남망산공원(Tongyeong--Nammangsan Park)
L6505767,KR,KR-48,,34.6395637,128.572526,통영--매물도(Tongyeong--Maemul-do (island)),2026-05-02 22:53,11,3
L12788133,KR,KR-41,,37.8505297,126.782111,파주 문산천(Paju--Munsancheon (stream)),2026-05-18 17:38,30,4
L48220175,KR,KR-41,,37.9255812,126.7890072,파주--DMZ해마루촌(Paju--DMZ Haemaru Village),2026-07-29 12:53,98,11
L41501245,KR,KR-41,,37.9378347,126.9470215,파주--감악산(Paju--Gamaksan(mountain)),2026-09-20 10:30,42,19
L49353964,KR,KR-41,,37.751501,126.836902,파주--공릉저수지(Paju--Gongneung Reservoir),2026-01-17 10:02,40,4
L38671549,KR,KR-41,,37.7636731,126.7376445,파주--공릉천-맥금동(Paju--Gongneungcheon (stream)-Maekgeum-dong),2026-07-24 16:10,57,21
L6582586,KR,KR-41,,37.755967,126.692555,파주--공릉천과 인근 농경지-남쪽(Paju--Gongneungcheon (stream) & Fields-South),2026-09-27 16:30,212,632
L9449397,KR,KR-41,,37.761976,126.699014,파주--공릉천과 인근 농경지-북쪽(Paju--Gongneungcheon (stream) & Fields-North),2026-09-25 11:27,185,284
L5235279,KR,KR-41,,37.8991314,126.7098457,파주--도라산평화공원(Paju--Dorasan Peace Park),2026-09-26 12:13,29,5
L26612388,KR,KR-41,,37.9089919,126.7048502,파주--도라전망대(Paju--Dora Observatory),2026-09-20 15:28,52,45
L38653473,KR,KR-41,,37.8971654,126.7879236,파주--독수리 식당 탐조대(Paju--Vulture Feeding Area View Point),2026-09-19 12:45,53,23
L8461073,KR,KR-41,,37.8979951,126.7551128,파주--마정리 농경지(Paju--Majeong-ri Farmland),2026-06-26 13:25,62,13
L5947208,KR,KR-41,,37.721306,126.690098,파주--산남습지(Paju--Sannam Wetland),2026-09-27 06:51,193,1077
L9449314,KR,KR-41,,37.742944,126.829372,파주--삼릉(Paju--Samneung Royal Tombs),2026-08-12 15:18,112,295
L41500995,KR,KR-41,,37.7075974,126.6983105,파주--심학산(Paju--Shimhaksan(mountain)),2026-09-19 08:54,44,22
L10309343,KR,KR-41,,37.7734958,126.6776709,파주--오두산 통일전망대(Paju--Odusan Unification Tower),2026-08-25 12:53,73,32
L39394635,KR,KR-41,,37.7191335,126.7574,파주--운정호수공원(Paju--Unjeong Lake Park),2026-08-10 17:53,61,31
L11780836,KR,KR-41,,37.9037902,126.8018745,파주--일월봉과 임진강(Paju--Ilwolbong(mountain)&River),2026-02-13 14:00,80,8
L5239628,KR,KR-41,,37.889503,126.7401481,파주--임진각(Paju--Imjingak),2026-09-20 11:08,142,92
L18937430,KR,KR-41,,37.7726472,126.7092116,파주--장릉(Paju--Jangneung),2026-06-24 17:00,95,45
L23082963,KR,KR-41,,37.8930422,126.7907838,파주--장산전망대(Paju--Jangsan Observatory),2026-05-09 13:23,88,35
L74594747,KR,KR-41,,37.9325,126.7261,파주--캠프 보니파스(Paju--Camp Bonifas),2026-07-29 10:00,3,0
L965139,KR,KR-41,,37.9551479,126.6765177,파주--판문점(DMZ--Panmunjeom),2026-09-24 12:06,62,19
L21254892,KR,KR-27,,36.01648,128.69471,팔공산국립공원(Palgongsan NP),2026-07-23 16:38,84,32
L28841288,KR,KR-27,,35.99292,128.70398,팔공산국립공원--동화사(Palgongsan NP--Donghwasa(temple)),2026-07-23 16:38,65,12
L34962752,KR,KR-47,,36.0516665,128.5635567,팔공산금화자연휴양림(Palgongsan Geumhwa Recreational Forest)
L3967493,KR,KR-51,,37.46102,128.49078,평창--주왕산(Pyeongchang--Juwangsan(mountain)),2015-10-21 10:00,16,2
L23116242,KR,KR-51,,37.3772198,128.4111102,평창--평창바위공원(Pyeongchang--Pyeongchang Rock Park),2024-06-01 09:14,32,8
L34690608,KR,KR-51,,37.609574,128.3025885,평창자연휴양림(Pyeongchang Recreational Forest),2026-01-17 09:45,9,1
L40654841,KR,KR-41,,36.9858908,126.9630664,평택--길음리 농경지(Pyeongtaek--Gireum-ri Fields),2025-10-04 09:00,55,5
L16358101,KR,KR-41,,37.02593,126.8809348,평택--남양만-홍원리(Pyeongtaek--Namyang Bay-Hongwon-ri),2026-09-13 12:39,99,29
L22933577,KR,KR-41,,36.9650578,127.0447558,평택--농성공원(Pyeongtaek--Nongseong Park),2026-02-11 12:15,61,59
L22933476,KR,KR-41,,36.9312066,126.9524931,평택--마안산(Pyeongtaek--Maansan(mountain)),2026-06-21 11:43,43,3
L71964897,KR,KR-41,,36.9965,126.8128,평택--서해수호관(Pyeongtaek--West Sea Protection Hall),2026-06-30 12:30,8,0
L5509561,KR,KR-41,,37.081348,127.032712,평택--오산공군기지(Pyeongtaek--Osan Air Base),2026-09-14 18:49,83,28
L22206468,KR,KR-41,,36.9826093,127.0798425,평택--원평나루 갈대밭(Pyeongtaek--Gunmungyo Eco Park),2025-11-26 07:01,55,13
L10574168,KR,KR-41,,36.9628714,126.9258034,평택--인광리(Pyeongtaek--Ingwang-ri Stream & Fields),2026-05-01 16:57,38,7
L43527861,KR,KR-41,,36.9664,127.0018,평택--캠프험프리스(Pyeongtaek--USAG Humphreys),2026-09-28 10:11,111,59
L16357966,KR,KR-41,,36.9222959,126.8895693,평택--평택호(Pyeongtaek--Pyeongtaek Lake),2026-09-14 15:38,97,14
L25601207,KR,KR-41,,37.7942028,127.1643877,포천 고모저수지(Pocheon--Gomo Reservoir),2023-07-01 12:04,8,1
L1843103,KR,KR-41,,37.7546228,127.1668346,포천--국립수목원/광릉숲(Pocheon--Korea National Arboretum/Gwangneung Forest),2026-09-27 15:19,144,709
L38323641,KR,KR-41,,38.1748799,127.2745604,포천--냉정저수지(Pocheon--Naengjeong Reservoir),2026-02-26 12:54,46,8
L11229016,KR,KR-47,,36.0426451,129.578272,포항--구룡포 강사리(Pohang--Guryeongpo Gangsa-ri),2026-08-02 08:19,62,26
L20752318,KR,KR-47,,36.084977,129.547215,포항--구룡포-북서쪽(Pohang--Guryongpo-NW cape),2026-08-28 15:39,106,69
L28640045,KR,KR-47,,35.987127,129.555665,포항--구룡포항(Pohang--Guryongpo Harbor),2026-04-25 13:00,19,11
L10483058,KR,KR-47,,35.9968096,129.5670552,포항--구룡포해수욕장(Pohang--Guryongpo Beach),2026-02-01 10:53,81,26
L56023148,KR,KR-47,,36.060113,129.532782,포항--대동배 1리(Pohang--Daedongbae 1-ri),2026-02-01 14:00,24,6
L56022864,KR,KR-47,,36.067437,129.5397474,포항--대동배 2리(Pohang--Daedongbae 2-ri),2026-03-22 11:25,26,7
L57885117,KR,KR-47,,36.006184,129.575972,포항--삼정 3리(Pohabg--Samjeong 3-ri),2026-02-01 11:16,13,1
L57884641,KR,KR-47,,36.001603,129.570278,포항--삼정항(Pohang--Samjeong Harbour),2026-02-01 11:03,12,1
L57885225,KR,KR-47,,36.0125438,129.5783186,포항--석병 1리(Pohang--Seokbyeong 1-ri),2026-09-05 12:05,26,4
L57885722,KR,KR-47,,36.023695,129.578265,포항--석병항(Pohang--Seokbyeong Hatbour),2026-02-01 11:49,6,1
L11225304,KR,KR-47,,36.037751,129.3788673,포항--송도해수욕장(Pohang--Songdo Beach),2026-08-31 17:22,50,18
L24953177,KR,KR-47,,35.8807179,129.5188297,포항--양포항(Pohang--Yangpo Harbor),2024-07-23 15:10,5,0
L38348602,KR,KR-47,,36.0571601,129.3786793,포항--영일대해수욕장(Pohang--Yeongildae Beach),2026-08-15 15:09,35,2
L38348724,KR,KR-47,,36.2023827,129.3712204,포항--월포해수욕장(Pohang--Wolpo Beach),2024-12-26 13:38,22,1
L20751223,KR,KR-47,,35.991487,129.451744,포항--임곡리 해안(Pohang--Imgok-ri Beach),2026-09-08 14:44,116,106
L38349074,KR,KR-47,,36.0112183,129.4724911,포항--입암리해안(Pohang--Ibam-ri Coast),2024-01-05 12:25,19,1
L38348902,KR,KR-47,,36.0890423,129.4192398,포항--죽천방파제(Pohang--Jukcheon Port),2024-12-26 11:42,17,1
L39019971,KR,KR-47,,36.0646426,129.3675218,포항--창포두호초어린이공원(Pohang--Changpo Duhocho Children's Park),2024-12-24 12:40,1,0
L35415539,KR,KR-47,,36.002216,129.419998,포항--청림해변(Pohang--Cheongrim Beach),2026-09-25 06:36,115,139
L38348658,KR,KR-47,,36.1300149,129.4026564,포항--칠포해수욕장(Pohang--Chilpo Beach),2025-07-05 18:00,22,3
L74787135,KR,KR-47,,35.9594,129.4256,포항--캠프 무적(Pohang--Camp Mujuk),2026-08-01 18:16,8,1
L21254732,KR,KR-47,,36.0017339,129.3205646,포항--형산강(Pohang--Hyeongsancheon (river)),2026-08-01 17:49,60,8
L64114467,KR,KR-47,,36.00273,129.35355,포항--형산강-연이대교~섬악큰다리(Pohang--Hyeongsancheon(river)-Yeoni Bridge~Seomak Bridge),2026-04-26 06:30,11,0
L38348944,KR,KR-47,,36.0779881,129.5696533,포항--호미곶(Pohang--Homigot),2026-09-05 10:30,41,14
L38348629,KR,KR-47,,36.0659184,129.3941717,포항--환호공원(Pohang--Hwanho Park),2026-03-21 16:18,10,4
L38348998,KR,KR-47,,36.0242848,129.5010191,포항--흥환간이해수욕장(Pohang--Heunghwangani Beach),2026-02-15 13:54,11,4
L44521801,KR,KR-50,,33.322514,126.8418574,표선--제주민속촌(Pyoseon--Jeju Folk Village),2026-07-10 17:00,24,6
L23224743,KR,KR-41,,37.5616595,127.207227,하남--미사리 경정공원(Hanam--Misari Gyeongjeong Park),2026-07-17 08:00,84,73
L28791324,KR,KR-41,,37.5458703,127.2375584,하남--팔당대교(Hanam--Paldang Bridge),2026-02-27 17:09,80,28
L57206445,KR,KR-41,,37.581503,127.1952098,하남--하남나무고아원(Hanam--Hanam Tree Nursery),2026-09-04 09:51,44,8
L6719385,KR,KR-41,,37.5448,127.2336,하남--한강 철새 관찰 포인트(Hanam--Hangang Migratory Bird Observation Point),2026-09-19 07:42,147,467
L56607419,KR,KR-48,,34.8218328,128.2346186,하도(Hado(island))
L57805984,KR,KR-48,,34.9656067,127.7715073,하동-- 고포수변공원(Hadong--Gopo Seaside Park)
L38366689,KR,KR-48,,34.941493,127.7914237,하동--갈사만해안(Hadong--Galsa Bay Coastal Road),2026-02-07 14:06,73,16
L57805814,KR,KR-48,,35.0624041,127.744757,하동--송림공원(Hadong--Songnim Park)
L57805794,KR,KR-48,,35.0678663,127.7450198,하동--하동공원(Hadong--Hadong Park)
L14365066,KR,KR-48,,35.1911837,127.6250601,하동--화개천(Hadong--Hwagaecheon (stream)),2026-05-09 12:16,31,3
L56607182,KR,KR-46,,34.2974155,126.0564301,하조도(Hajodo(island))
L34657379,KR,KR-51,,38.0351124,128.3198404,하추자연휴양림(Hachu Recreational Forest)
L34691482,KR,KR-47,,36.6752343,128.5919666,학가산자연휴양림(Hakkasan Recreational Forest)
L40654713,KR,KR-50,,33.2963824,126.1737438,한경--고산리 농경지(Hangyeong--Gosan-ri Fields),2026-05-02 08:50,44,5
L965188,KR,KR-50,,33.3623629,126.53615,한라산국립공원(Hallasan NP),2026-09-24 15:46,129,376
L15419364,KR,KR-50,,33.357624,126.46321,한라산국립공원--1100고지 습지(Hallasan NP--1100 Altitude Wetland),2026-08-26 08:29,32,47
L18636679,KR,KR-50,,33.426078,126.557981,한라산국립공원--관음사(Hallasan NP--Gwaneumsa(temple)),2026-06-27 11:02,28,10
L55325649,KR,KR-50,,33.4015092,126.5420383,한라산국립공원--관음사탐방로(Hallasan NP--Gwaneumsa Trail),2026-09-24 06:43,20,5
L19694050,KR,KR-50,,33.3314231,126.5576173,한라산국립공원--돈내코(Hallasan NP--Donnaeko Trail),2026-09-12 14:37,38,6
L34411100,KR,KR-50,,33.308557,126.472557,한라산국립공원--법정사(Hallasan NP--Beopjeongsa(temple)),2026-06-23 09:45,15,3
L55325668,KR,KR-50,,33.3709066,126.5704742,한라산국립공원--사라오름(Hallasan NP--Sara Oreum),2026-09-24 15:30,11,1
L21447263,KR,KR-50,,33.411007,126.494287,한라산국립공원--석굴암탐방로(Hallasan NP--Seokgulam Trail),2026-06-06 11:51,29,4
L31790986,KR,KR-50,,33.320016,126.593886,한라산국립공원--선덕사(Hallasan NP--Seondeoksa(temple)),2026-09-21 15:30,70,93
L55325661,KR,KR-50,,33.380065,126.5934142,한라산국립공원--성판악탐방로(Hallasan NP--Seongpanak Trail),2026-09-24 15:46,23,6
L17433911,KR,KR-50,,33.3843767,126.4962872,한라산국립공원--어리목(Hallasan NP--Eorimok Trail),2026-09-11 14:29,41,22
L17433916,KR,KR-50,,33.396378,126.489423,한라산국립공원--어승생악(Hallasan NP--Eoseungsaengak),2026-09-12 13:51,35,20
L4890452,KR,KR-50,,33.3536159,126.4974672,한라산국립공원--영실(Hallasan NP--Yeongsil Trail),2026-08-14 08:55,56,32
L34411070,KR,KR-50,,33.340334,126.480327,한라산국립공원--영실매표소(Hallasan NP--Yeongsil Ticket Office),2026-07-18 07:29,23,6
L67481606,KR,KR-50,,33.354234,126.529846,한라산국립공원--윗세오름 남동쪽 산책로(Hallasan NP--Witse Oreum Southeast Trail),2026-07-18 12:05,19,2
L60642579,KR,KR-50,,33.359924,126.515853,한라산국립공원--윗세오름 남서쪽 산책로(Hallasan NP--Witse Oreum Southwest Trail),2026-07-18 10:14,9,2
L60642558,KR,KR-50,,33.369905,126.507251,한라산국립공원--윗세오름 북서쪽 산책로(Hallasan NP--Witse Oreum Northwest Trail),2026-07-18 13:31,19,3
L28553269,KR,KR-50,,33.34779,126.482099,한라산국립공원--존자암(Hallasan NP--Jonja-am(Temple)),2026-07-21 13:58,10,2
L28492589,KR,KR-48,,34.7395282,128.3843297,한려해상국립공원 만지도(Hallyeohaesang NP--Manji-do (Island))
L6505758,KR,KR-48,,34.8098702,128.4178618,한려해상국립공원 미륵산(Hallyeohaesang NP--Mireuksan (mountain)),2026-04-18 11:05,18,2
L10108717,KR,KR-48,,34.7476584,127.9791568,한려해상국립공원--남해 금산(Hallyeohaesang NP--Namhae--Geumsan (mountain)),2024-04-30 11:24,28,3
L28492605,KR,KR-48,,34.7276957,127.9397053,한려해상국립공원--노도(Hallyeohaesang NP--No-do (Island)),2025-01-20 11:32,25,10
L28492513,KR,KR-48,,34.6267244,128.5503906,한려해상국립공원--소매물도(Hallyeohaesang NP--Somaemul-do(Island)),2026-05-05 16:31,57,9
L5810849,KR,KR-46,,34.7442926,127.7659321,한려해상국립공원--오동도(Hallyeohaesang NP--Odong-do (island)),2026-05-05 10:21,50,12
L28492566,KR,KR-48,,34.7780951,128.4858548,한려해상국립공원--한산도(Hallyeohaesang NP--Hansan-do (Island)),2025-05-03 16:10,1,0
L34421034,KR,KR-46,,34.9864095,127.0393324,한천자연휴양림(Hancheon Recreational Forest)
L57805550,KR,KR-48,,35.3050918,128.3023524,함안--뜬늪생태공원(Haman--Ddeunneup Eco Park)
L57805491,KR,KR-48,,35.3212737,128.3083835,함안--섬들(Haman--Seomdeul Field)
L57805589,KR,KR-48,,35.3383827,128.3974957,함안--악양생태공원(Haman--Akyang Eco Park)
L40291693,KR,KR-46,,35.086704,126.44083,함평--돌머리해변(Hampyeong--Dolmeori Beach),2026-08-15 12:27,60,19
L40291740,KR,KR-46,,35.05547,126.52284,함평--함평엑스포공원(Hampyeong--Hampyeong Expo Park),2026-03-06 08:58,29,5
L23673926,KR,KR-48,,35.5510968,128.1654829,합천--정양늪 생태공원(Hapcheon--Jeongyang Swamp Eco Park),2024-01-02 14:02,62,29
L64371437,KR,KR-48,,35.570424,128.3435297,핲천--청덕수변생태공원(Hapcheon--Cheongdeok Waterside Eco Park)
L16768116,KR,KR-46,,34.5233015,126.4712312,해남--고천암철새도래지(Haenam--Gocheonam Lake Migratory Bird Habitat),2025-12-28 12:23,80,13
L38369430,KR,KR-46,,34.6052119,126.4692906,해남--금호호-금지천(Haenam--Geumho Lake-Geumjicheon(stream)),2026-01-31 16:23,16,3
L38369451,KR,KR-46,,34.6321764,126.4119257,해남--금호호-중류하천Haenam--Geumho Lake-Middle Stream)
L38369691,KR,KR-46,,34.6688266,126.3368726,해남--금호호-화원 주변농경지(Haenam--Geumho Lake-Hwawon Fields),2025-02-12 16:38,23,2
L38369477,KR,KR-46,,34.7083511,126.3742518,해남--금호호2방조제(Haenam--Geumho Lake 2 Seawall),2025-03-09 10:00,29,3
L76377185,KR,KR-46,,34.5673204,126.5876057,해남--남해습지(Haenam--Namhae Wetland)
L38436557,KR,KR-46,,34.4610083,126.7292351,해남--사내호(Haenam--Sanae Lake),2025-10-19 13:58,20,1
L76377279,KR,KR-46,,34.5607772,126.6082692,해남--상미저수지(Haenam--Sangmi Reservoir)
L38369348,KR,KR-46,,34.6685089,126.446069,해남--영암호 중류 하천(Haenam--Yeongam Lake Middle Stream),2026-09-20 12:00,109,26
L38369383,KR,KR-46,,34.6429527,126.4993314,해남--영암호-금송리(Haenam--Yeongam Lake-Geumsong-ri),2026-09-28 10:17,89,10
L38369398,KR,KR-46,,34.6632844,126.5175919,해남--영암호-소랑섬/뜬섬(Haenam--Yeongam Lake-Sorang Island/Ddeun Island),2026-09-11 10:16,54,6
L28582773,KR,KR-46,,34.6977101,126.4760775,해남--영암호-전체(Haenam--Yeongam Lake-General Area),2026-02-14 15:56,86,9
L38369295,KR,KR-46,,34.7195249,126.3869853,해남--영암호방조제(Haenam--Yeongam Lake Seawall)
L40650065,KR,KR-46,,34.5906472,126.4354277,해남--우항리 공룡화석지(Haenam--Uhang-ri Dinosaur Tracksite),2021-10-28 14:00,9,1
L76377221,KR,KR-46,,34.5758076,126.5921545,해남--해남공원(Haenam--Haenam Park)
L39542128,KR,KR-47,,36.0129041,129.6373208,해상 탐조--구룡포 앞바다(Guryongpo Waters pelagic),2026-09-13 09:09,48,90
L35752243,KR,KR-51,,38.5153479,128.4974088,해상 탐조--대진 앞바다(Daejin Waters pelagic),2026-09-18 09:55,90,224
L13850378,KR,KR-51,,38.2824359,128.5806189,해상 탐조--아야진 앞바다(Ayajin Waters pelagic),2024-12-30 15:20,24,7
L50085226,KR,KR-31,,35.4085771,129.5496863,해상 탐조--울산 앞바다(Ulsan Waters pelagic),2026-09-27 14:11,37,43
L13428364,KR,KR-44,,36.588586,126.4579153,홍성--궁리항(Hongseong--Gung-ri Harbor),2026-09-20 11:06,83,40
L14562421,KR,KR-44,,36.5813081,126.4643742,홍성--궁리해안(Hongseong--Gungri Coast),2026-07-26 10:26,77,35
L38340304,KR,KR-44,,36.5380145,126.4696402,홍성--남담항(Hongseong--Namdam Harbor),2026-05-04 16:37,49,8
L40654464,KR,KR-44,,36.5138282,126.5658505,홍성--덕실리(Hongseong--Deoksil-ri),2026-01-18 12:36,68,7
L40624902,KR,KR-44,,36.5575155,126.4705541,홍성--어사리해변(Hongseong--Eosa-ri Beach),2026-05-02 16:16,78,21
L55599480,KR,KR-44,,36.5926391,126.675755,홍성--역제방죽공원(Hongseong--Yeokjebangjuk Reservoir Park),2026-09-26 15:37,42,5
L38204029,KR,KR-44,,36.5129333,126.697907,홍성--홍동저수지 남단(Hongseong--Hongdong Reservoir-south side),2026-04-16 18:48,19,3
L55744595,KR,KR-44,,36.5888522,126.7059635,홍성--홍양저수지(Hongseong--Hongyang Reservoir),2026-02-22 14:49,44,5
L28474367,KR,KR-44,,36.6572049,126.6670632,홍성--홍예공원(Hongseong--Hongye Park),2026-04-21 12:45,8,2
L63380369,KR,KR-41,,37.0347535,126.7473471,화성--고온항(Hwaseong--Go-on Port)),2026-09-13 15:37,24,7
L30780326,KR,KR-41,,37.2417766,126.7609566,화성--고정리 논(Hwaseong--Gojeong-ri Fields),2024-05-11 09:30,21,2
L8039360,KR,KR-41,,37.05382,126.755036,화성--매향리갯벌(Hwaseong--Maehyang-ri Tidal Flat),2026-09-26 15:17,216,680
L8438446,KR,KR-41,,37.0735134,126.7325158,화성--매향항(Hwaseong--Maehyang Port),2026-09-23 13:10,121,77
L8676626,KR,KR-41,,37.0650953,126.7471315,화성--방조제14번 저류지(Hwaseong--Hwaseong Seawall Section 14 Retention Pond),2026-09-26 17:56,186,373
L25138677,KR,KR-41,,37.15,126.69,화성--백미갯벌(Hwaseong--Baengmi Tidal Flat),2026-09-27 11:06,76,30
L23626876,KR,KR-41,,37.2629036,126.8478306,화성--비봉습지공원(Hwaseong--Bibong Wetland Park),2026-04-12 12:33,58,10
L10906935,KR,KR-41,,37.1956607,126.6567446,화성--탄도방조제(Hwaseong--Tando Embankment),2026-03-11 12:01,72,7
L38670706,KR,KR-41,,37.2026793,126.6600192,화성--탄도인공습지공원(Hwaseong--Tan-do Wetland Park),2026-07-25 13:48,60,4
L37738373,KR,KR-41,,37.25061,126.686013,화성--한펄저수지(Hwaseong--Hanpeol Reservoir),2026-09-20 11:17,75,11
L38670674,KR,KR-41,,37.273028,126.6616714,화성--형도습지(Hwaseong--Hyeong-do Wetlands),2026-08-15 10:42,101,17
L8585376,KR,KR-41,,37.1112874,126.710614,화성--화성호(Hwaseong--Hwaseong Lake),2026-09-14 18:50,159,149
L11651766,KR,KR-41,,37.1128108,126.7501748,화성--화성호간척지(Hwaseong--Hwaseong Lake Reclamation Area),2026-08-29 16:30,221,287
L19063999,KR,KR-41,,37.0923255,126.7265649,화성호--전체*보다 구체적인 위치를 사용해 주시기 바랍니다*(Hwaseong Lake--General Area*please consider using more specific locations*),2026-09-26 17:56,264,1757
L65923220,KR,KR-46,,35.0582606,126.9851927,화순--남산공원(Hwasun--Namsan Park)
L65923393,KR,KR-46,,35.0762611,126.987452,화순--동구리호수공원(Hwasun--Donggu-ri Lake Park),2026-09-24 11:57,90,371
L57315385,KR,KR-46,,35.13208,127.106795,화순--물염정(Hwasun--Mulyeomjeong),2026-01-17 14:54,10,2
L43985944,KR,KR-46,,34.925329,126.879942,화순--운주사(Hwasun--Unjusa(temple)),2025-05-03 15:03,14,1
L39860365,KR,KR-46,,35.0518426,126.9863319,화순--화순천(Hwasun--Hwasuncheon(stream)),2026-08-12 06:58,56,10
L35037406,KR,KR-48,,35.546439,128.5675907,화왕산자연휴양림(Hwawangsan Recreational Forest),2025-06-03 13:22,27,2
L35037344,KR,KR-27,,35.772979,128.53549,화원자연휴양림(Hwawon Recreational Forest),2025-06-04 07:32,27,1
L38324450,KR,KR-51,,38.0954865,127.6929117,화천--붕어섬(Hwacheon--Bungeoseom(island))
L25134432,KR,KR-51,,37.46,128.13,횡성--소사리(Heongseong--Sosa-ri),2025-07-24 11:00,56,51
L34690584,KR,KR-51,,37.5387926,128.1127739,횡성자연휴양림(Hoengseong Recreational Forest)
L34420840,KR,KR-46,,34.6715468,126.6161013,흑석산자연휴양림(Heukseoksan Recreational Forest)
L34691418,KR,KR-47,,36.7017672,129.1123796,흥림산자연휴양림(Heungrimasan Recreational Forest)
L35038054,KR,KR-45,,35.4509518,127.5901508,흥부골자연휴양림(Heungbugol Recreational Forest)
