L74159254,PE,PE-JUN,,-11.3854801,-74.5444005,ACC Teoría,2026-07-21 08:48,35,1
L4116618,PE,PE-PIU,,-5.0506761,-80.0699472,ACP  Palo Blanco,2021-05-15 09:19,83,3
L492973,PE,PE-CUS,,-13.1150667,-72.3490667,ACP Abra Málaga (Valqui B2),2026-09-27 07:10,517,3884
L512692,PE,PE-CUS,,-13.1471046,-72.3006821,ACP Abra Málaga Thastayoc Royal Cinclodes,2026-09-22 05:48,329,756
L1860502,PE,PE-CUS,,-13.142868,-72.301578,ACP Abra Málaga Thastayoc Royal Cinclodes--Trocha Entrada,2026-09-27 07:10,213,436
L1502263,PE,PE-CUS,,-13.0688456,-72.3985931,ACP Abra Málaga--Cloud Forest (2700-3000m),2026-08-10 08:32,313,235
L602281,PE,PE-CUS,,-13.1140461,-72.35394,ACP Abra Málaga--Cloud Forest (Valqui B2.3),2026-09-22 10:44,273,290
L5294423,PE,PE-CUS,,-13.1270548,-72.3274277,ACP Abra Málaga--Lagunillas,2026-09-20 10:17,244,534
L1678806,PE,PE-CUS,,-13.1383435,-72.302031,ACP Abra Málaga--Paso,2026-09-25 06:41,353,560
L14198799,PE,PE-CUS,,-13.1218922,-72.3251874,ACP Abra Málaga--Quebrada,2026-09-05 12:08,133,219
L6473617,PE,PE-CUS,,-13.1252054,-72.3405987,ACP Abra Málaga--San Luis,2026-09-25 08:02,215,117
L892338,PE,PE-CUS,,-13.0809748,-72.3774991,ACP Abra Málaga--Upper Temperate Forest (3400-3200m),2026-09-25 13:45,302,406
L7199350,PE,PE-AMA,,-5.6871246,-77.7864647,ACP Abra Patricia,2026-09-27 07:55,633,6004
L976334,PE,PE-AMA,,-5.6689214,-77.7660671,ACP Abra Patricia--Garcia Trail,2026-08-13 06:48,335,200
L1849237,PE,PE-AMA,,-5.6959991,-77.8114894,ACP Abra Patricia--Owlet Lodge,2026-09-27 07:55,588,4301
L3324097,PE,PE-AMA,,-5.6970155,-77.7949619,ACP Abra Patricia--Puente Sin Nombre,2026-09-23 09:56,317,384
L1836547,PE,PE-AMA,,-5.6756787,-77.7746118,ACP Abra Patricia--Royal Sunangel Cliffs,2026-09-23 15:20,265,458
L3325698,PE,PE-AMA,,-5.667464,-77.7707148,ACP Abra Patricia--Trocha Royal Sunangel,2026-09-19 09:49,274,362
L871906,PE,PE-AMA,,-5.9063358,-78.4276199,ACP Berlín,2026-08-09 16:44,181,41
L3835742,PE,PE-TUM,,-3.6538224,-80.610584,ACP Bosque Seco de Amotape,2025-04-17 09:00,103,111
L6281482,PE,PE-PAS,,-10.5943391,-75.4402366,ACP Bosque de Churumazú,2026-09-23 16:36,230,1621
L19143337,PE,PE-LOR,,-4.4901866,-73.567418,ACP Buen Retiro--Bosque De Terra Firme,2026-07-23 11:34,364,113
L3966184,PE,PE-LAM,,-6.6745457,-79.3787636,ACP Chaparrí (area general - please use more precise locations),2026-09-27 06:59,285,2458
L27910690,PE,PE-LAM,,-6.579635,-79.430452,ACP Chaparrí--Camino al Ecolodge,2026-09-26 08:25,126,152
L21995246,PE,PE-LAM,,-6.526917,-79.460521,ACP Chaparrí--Quebrada Pavas,2026-07-31 06:39,59,5
L767939,PE,PE-LAM,,-6.6303697,-79.4481468,ACP Chaparrí--Reservorio de Tinajones,2026-09-16 08:43,211,619
L4050600,PE,PE-PIU,,-5.022401,-80.032249,ACP Chililique Alto,2015-10-23 06:00,74,1
L2502246,PE,PE-CUS,,-13.1888546,-72.2332513,ACP Choquechaca,2026-08-01 12:18,135,34
L9677269,PE,PE-CUS,,-13.1240726,-72.2212752,ACP Choquechaca--Sendero Royal Cinclodes,2026-08-01 12:18,109,19
L8288725,PE,PE-PAS,,-10.6182443,-75.4966831,ACP El Palmeral,2026-09-19 06:37,189,645
L15138841,PE,PE-SAM,,-6.4203042,-76.2919807,ACP El Refugio Jungla Yacu,2026-09-21 14:36,179,92
L1261269,PE,PE-CAJ,,-5.6843168,-78.7648487,ACP Gotas de Agua,2026-05-03 06:34,159,107
L2611515,PE,PE-CUS,,-13.1429262,-72.0410829,ACP Hatum Queuña-Quishuarani Ccollana,2022-04-29 06:09,65,7
L1613924,PE,PE-AMA,,-5.8014135,-77.7941929,ACP Hierba Buena-Allpayacu,2022-07-12 05:55,213,41
L903622,PE,PE-AMA,,-5.788806,-77.817444,ACP Hierba Buena-Allpayacu--Camino Entrada,2022-07-12 05:55,50,5
L904044,PE,PE-AMA,,-5.7932361,-77.7947639,ACP Hierba Buena-Allpayacu--Quebrada Coquette,2022-01-30 23:13,24,6
L9790835,PE,PE-AMA,,-6.37179,-77.9966217,ACP Huiquilla,2026-05-19 10:53,98,18
L7311586,PE,PE-JUN,,-11.9505364,-75.2417994,ACP Ilish Pichacoto,2025-11-08 09:14,56,27
L4610891,PE,PE-MDD,,-12.8128056,-69.3007493,ACP Inotawa,2025-07-15 09:00,207,18
L7197640,PE,PE-LOR,,-4.5143506,-73.5941774,ACP Kakiri Uka,2023-05-05 16:43,68,4
L604133,PE,PE-LAM,,-6.5396675,-79.4754088,ACP La Huerta del Chaparrí,2026-09-27 06:59,202,1185
L21479712,PE,PE-CUS,,-13.2013691,-72.3646403,ACP La Veronica,2026-08-29 06:20,70,29
L3632172,PE,PE-CUS,,-13.1403441,-72.0524812,ACP Lares Ayllu,2025-09-10 10:47,77,6
L4061326,PE,PE-ARE,,-15.7810209,-74.3808746,ACP Lomas de Atiquipa,2025-07-04 12:08,47,23
L1086714,PE,PE-LAL,,-7.9857127,-79.1066694,ACP Lomas de Cerro Campana,2026-09-27 12:32,71,185
L2502178,PE,PE-CUS,,-13.2419598,-72.160713,ACP Mantanay,2026-08-16 13:00,163,129
L5072212,PE,PE-CUS,,-13.2404468,-72.1652412,ACP Mantanay--Yanahuara,2026-08-16 13:00,142,89
L55438771,PE,PE-PIU,,-5.87541,-79.6256289,ACP Palo Blanco--Quebrada Piedra Blanca,2025-11-28 14:44,50,2
L3759018,PE,PE-AMA,,-5.63956,-77.94653,ACP Pampa del Burro--Bosque Arena Blanca,2026-02-01 18:03,94,14
L2611500,PE,PE-CUS,,-13.1695547,-71.9784737,ACP Pampacorral,2026-06-23 10:44,14,2
L2664786,PE,PE-CUS,,-13.1681594,-72.0018539,ACP Pampacorral--Bofedal,2010-10-20 12:30,10,2
L3848675,PE,PE-CUS,,-13.1569983,-71.6335483,ACP Pillco Grande--Carretera a Tres Cruces,2026-05-09 07:56,110,52
L4850822,PE,PE-CUS,,-13.120608,-71.6118586,ACP Pillco Grande--Mirador de Tres Cruces,2026-06-20 06:04,114,45
L5839941,PE,PE-SAM,,-7.2234712,-76.7512232,ACP Pucunucho,2023-08-11 07:08,71,2
L2341215,PE,PE-AMA,,-6.2612363,-77.9224849,ACP San Antonio,2025-10-23 10:05,130,42
L17290779,PE,PE-CUS,,-13.0785482,-72.3900479,ACP San Luis,2026-09-12 07:04,215,243
L54039021,PE,PE-LIM,,-12.2039926,-76.8188732,ACP Santuario de Amancay,2026-09-16 08:49,37,74
L9192231,PE,PE-SAM,,-6.0628949,-77.1487245,ACP Shimbillo,2026-09-21 08:00,281,246
L14720133,PE,PE-LOR,,-3.0379911,-72.6152646,ACR Ampiyacu,2016-03-15 00:00,79,1
L16321125,PE,PE-CUS,,-13.916,-71.093,ACR Ausangate,2026-06-23 07:54,74,59
L24568242,PE,PE-SAM,,-8.4720517,-76.937426,ACR Boshumi--La Playa,2026-07-10 11:20,70,41
L27530293,PE,PE-SAM,,-8.4807083,-76.9864117,ACR Boshumi--Mirador Mulatambo,2026-05-09 09:10,43,38
L24140484,PE,PE-SAM,,-8.4647961,-76.9497627,ACR Boshumi--Sector Alto Marcos,2026-08-24 12:33,110,76
L24569489,PE,PE-SAM,,-8.4381031,-76.8086725,ACR Boshumi--Sector Chamión,2026-08-29 06:02,170,111
L27589585,PE,PE-SAM,,-8.4491917,-76.8911267,ACR Boshumi--Sector Laurel,2026-08-20 10:04,46,37
L24161151,PE,PE-SAM,,-8.4705691,-76.9453272,ACR Boshumi--Sector Purpurito,2026-08-24 10:47,77,37
L21192739,PE,PE-HUC,,-9.5146064,-76.0342602,ACR Bosque Montano de Carpish,2024-10-17 17:12,58,3
L76471899,PE,PE-LAM,,-6.0254558,-79.5470402,ACR Bosque Moyán-Palacios--Sector El Palacio,2026-08-30 11:39,9,1
L76470719,PE,PE-LAM,,-6.0073351,-79.5885332,ACR Bosque Moyán-Palacios--Sector El Sauce,2026-08-30 09:10,38,2
L64911941,PE,PE-HUV,,-12.08983,-74.5406755,ACR Bosque Nublado Amaru-Huachocolpa-Chihuana,2026-09-17 16:26,172,88
L14049206,PE,PE-HUV,,-12.08625,-74.57117,ACR Bosque Nublado Amaru-Huachocolpa-Chihuana--Camino a Chihuana,2026-09-16 10:17,151,65
L14049129,PE,PE-HUV,,-12.0916304,-74.5064137,ACR Bosque Nublado Amaru-Huachocolpa-Chihuana--Interior de Amaru,2026-09-14 07:49,46,7
L26233487,PE,PE-PIU,,-5.4294337,-79.8126318,ACR Bosque Seco Salitral-Huarmaca--Cerro Pasmarán,2026-05-09 05:49,55,10
L3844509,PE,PE-AYA,,-13.5649005,-73.9849377,ACR Bosque de Puya Raymondi-Titankayocc,2024-07-22 09:31,86,19
L12694760,PE,PE-CAJ,,-5.2469634,-79.0240128,"ACR Bosques El Chaupe, Cunía y Chinchiquilla",2026-07-08 08:45,373,107
L12708660,PE,PE-CAJ,,-5.262017,-79.0175433,"ACR Bosques El Chaupe, Cunía y Chinchiquilla--Cerro Chinchiquilla",2026-03-25 07:47,217,19
L14634497,PE,PE-CAJ,,-5.3283885,-78.9933036,"ACR Bosques El Chaupe, Cunía y Chinchiquilla--Laurel de la Copia",2023-11-13 10:32,73,3
L14045942,PE,PE-CAJ,,-5.2338708,-79.0354151,"ACR Bosques El Chaupe, Cunía y Chinchiquilla--Ruta Alto Progreso",2024-04-10 06:55,134,14
L19905533,PE,PE-CAJ,,-5.2066115,-79.1206241,"ACR Bosques El Chaupe, Cunía y Chinchiquilla--Ruta Cerro El Tigre",2026-07-08 08:45,112,10
L13808019,PE,PE-CAJ,,-5.2492188,-79.0835236,"ACR Bosques El Chaupe, Cunía y Chinchiquilla--Ruta El Chaupe",2025-10-04 10:50,238,22
L29706394,PE,PE-CAJ,,-5.1819964,-79.1578761,"ACR Bosques El Chaupe, Cunía y Chinchiquilla--Ruta El Sauce",2025-05-30 07:30,39,5
L27560625,PE,PE-CAJ,,-5.10526,-79.20434,"ACR Bosques El Chaupe, Cunía y Chinchiquilla--Ruta Rio Blanco",2026-05-09 06:25,119,12
L15972949,PE,PE-CAJ,,-5.2404482,-79.050698,"ACR Bosques El Chaupe, Cunía y Chinchiquilla--Ruta Tunal",2024-10-22 17:24,121,2
L19092066,PE,PE-AMA,,-6.295911,-78.297815,ACR Bosques Tropicales Estacionalmente Secos del Marañon,2024-08-09 19:05,45,2
L23861221,PE,PE-SAM,,-8.0515908,-76.7292047,ACR Bosques de Shunte y Mishollo,2026-08-23 09:00,281,193
L24162398,PE,PE-SAM,,-8.050209,-76.77956,ACR Bosques de Shunte y Mishollo--Llacuabamba,2026-08-20 14:07,90,27
L24235904,PE,PE-SAM,,-8.4371915,-76.8071188,ACR Bosques de Shunte y Mishollo--Puesto de Vigilancia y Control Chamion,2026-08-23 09:00,172,126
L30515040,PE,PE-CAJ,,-5.0557815,-79.2368214,"ACR Bosques el Chaupe, Cunía y Chinchiquilla--Ruta Laguna Pando",2025-12-03 05:59,70,7
L19094157,PE,PE-CUS,,-13.1836312,-72.7180163,ACR Choquequirao,2025-08-23 14:59,153,12
L26390200,PE,PE-CUS,,-12.9139841,-72.8231554,ACR Chuyapi Urusayhua,2026-07-24 12:04,186,45
L11973128,PE,PE-HUC,,-9.6720879,-75.5159635,ACR Codo del Pozuzo--Sector Rio Codo,2026-05-09 07:54,54,5
L519724,PE,PE-LOR,,-4.5643784,-72.964325,ACR Comunal de Tamshiyacu-Tahuayo,2023-04-18 08:00,307,71
L1849111,PE,PE-SAM,,-6.4253365,-76.2252045,ACR Cordillera Escalera,2026-09-21 12:51,640,2455
L4070110,PE,PE-SAM,,-6.4556082,-76.3081154,ACR Cordillera Escalera--Ahuashiyacu,2026-08-03 13:25,170,44
L7351884,PE,PE-SAM,,-6.4403476,-76.3411188,ACR Cordillera Escalera--Alto Shicayo,2026-09-08 19:45,244,77
L24341681,PE,PE-SAM,,-6.4509848,-76.2334486,ACR Cordillera Escalera--Antena,2023-05-13 15:10,2,2
L62810843,PE,PE-SAM,,-6.432,-76.282,ACR Cordillera Escalera--Cascada El Salto de la Bruja,2026-04-14 08:00,15,1
L5514743,PE,PE-SAM,,-6.4616267,-76.2891161,ACR Cordillera Escalera--Centro de Investigación y Turístico La Biodiversidad,2026-07-01 11:26,226,80
L3215723,PE,PE-SAM,,-6.4603188,-76.3022938,ACR Cordillera Escalera--El Mono y La Gata,2026-09-16 11:50,362,909
L5532222,PE,PE-SAM,,-6.46323,-76.30751,ACR Cordillera Escalera--Mirador Alto Ahuashiyacu,2026-09-21 12:51,342,248
L1849064,PE,PE-SAM,,-6.4576506,-76.3088578,ACR Cordillera Escalera--Paraiso Verde,2026-05-26 09:30,141,33
L3215805,PE,PE-SAM,,-6.43495,-76.2669666,ACR Cordillera Escalera--Torre de Metal,2026-09-09 07:20,262,162
L2273747,PE,PE-SAM,,-6.434889,-76.3056493,ACR Cordillera Escalera--Túnel Tarapoto,2026-09-10 12:00,450,282
L2665114,PE,PE-SAM,,-6.4513924,-76.2917018,ACR Cordillera Escalera--Túnel Yurimaguas,2026-09-10 12:50,472,577
L5840233,PE,PE-JUN,,-11.9132457,-75.0329304,ACR Huaytapallana,2026-09-18 08:14,105,135
L7375509,PE,PE-JUN,,-11.9485864,-75.031144,ACR Huaytapallana--Laguna Carhuacocha,2026-04-09 13:31,41,6
L7374584,PE,PE-JUN,,-11.9560784,-75.0418353,ACR Huaytapallana--Virgen de las Nieves,2026-09-18 08:14,75,95
L2441190,PE,PE-CAL,,-11.8757588,-77.148056,ACR Humedales de Ventanilla,2026-09-24 16:22,161,975
L18258665,PE,PE-CAL,,-11.8738249,-77.1539781,ACR Humedales de Ventanilla--Albufera de Ventanilla,2026-08-07 15:45,104,168
L3636873,PE,PE-CAL,,-11.8720316,-77.1377564,ACR Humedales de Ventanilla--Laguna de Ventanilla,2026-09-24 16:22,109,180
L16612997,PE,PE-CAL,,-11.873486,-77.143225,ACR Humedales de Ventanilla--Sector Apurimac,2026-09-24 14:40,85,140
L7357898,PE,PE-UCA,,-8.8987879,-74.197197,ACR Imiria,2024-05-11 06:14,116,1
L1756560,PE,PE-ICA,,-14.0878955,-75.7638055,ACR Laguna de Huacachina,2026-09-23 13:48,97,323
L5088604,PE,PE-LOR,,-3.0687153,-73.0568075,ACR Maijuna-Kichwa,2025-07-30 08:26,71,5
L44463317,PE,PE-JUN,,-11.5256056,-74.8308501,ACR Pucuta Menkori,2025-05-09 06:00,2,0
L53925268,PE,PE-CUS,,-13.05896,-71.444674,ACR Q'eros-Kosñipata,2026-05-09 16:20,201,29
L30164285,PE,PE-CUS,,-14.9755772,-71.6099509,ACR Tres Cañones,2026-08-10 13:39,68,40
L65928460,PE,PE-CUS,,-14.950731,-71.55476,ACR Tres Cañones--Cañon Calera,2026-05-09 17:05,4,4
L7210363,PE,PE-CUS,,-14.9692516,-71.6073525,ACR Tres Cañones--Maria Fortaleza,2026-08-10 13:39,59,12
L7210317,PE,PE-CUS,,-14.9241579,-71.5652257,ACR Tres Cañones--Maukallaqta,2026-05-22 09:01,42,14
L30274034,PE,PE-CUS,,-15.071537,-71.608781,ACR Tres Cañones--Rodal de Puyas,2026-05-09 13:34,19,6
L4614203,PE,PE-TAC,,-17.2831196,-69.9066925,ACR Vilacota Maure (Tacna),2024-05-11 08:00,34,3
L6681111,PE,PE-TAC,,-17.1108333,-70.1391667,ACR Vilacota Maure--Géiseres de Calientes de Candarave,2023-07-22 12:42,13,2
L2763679,PE,PE-TAC,,-17.1380236,-70.0364686,ACR Vilacota Maure--Lago Vilacota,2025-12-07 13:09,23,1
L10811799,PE,PE-TAC,,-17.1462719,-70.0086509,ACR Vilacota Maure--Laguna Ancocota,2025-12-06 11:35,19,6
L17862836,PE,PE-TAC,,-17.5312965,-69.773022,ACR Vilacota Maure--Laguna Paucararini,2025-12-14 10:28,8,3
L19086229,PE,PE-AMA,,-6.1772329,-77.3594743,ACR Vista Alegre Omia,2024-05-11 17:30,173,13
L31287303,PE,PE-JUN,,-11.0976827,-75.431571,ANP La Niebla Forest,2024-05-03 16:50,23,3
L3077064,PE,PE-AMA,,-5.7003734,-77.9449081,APC Pampa del Burro,2025-10-08 12:50,50,19
L11412952,PE,PE-CUS,,-13.196983,-71.61984,Abra Acjanaco--Post Park Rangers,2026-09-20 07:12,214,198
L19606473,PE,PE-HUV,,-13.1852648,-74.5536996,Abra Anccoripaccasa,2023-01-08 08:34,44,4
L17614703,PE,PE-HUV,,-12.1237922,-74.6074104,Abra Anchaccasa,2026-07-16 10:25,6,2
L8916927,PE,PE-CUS,,-14.0427334,-71.6277656,Abra Apacheta,2024-10-12 08:39,23,3
L19797920,PE,PE-CUS,,-12.4599315,-72.6630408,Abra Artillería,2025-11-23 06:46,125,17
L983325,PE,PE-AMA,,-6.7165736,-77.8683472,Abra Barro Negro,2026-09-27 10:44,313,824
L4635060,PE,PE-AMA,,-6.7888216,-77.9445243,Abra Barro Negro--Achupas,2026-09-26 11:01,189,100
L961877,PE,PE-AMA,,-6.71209,-77.85261,Abra Barro Negro--Las Palmas,2026-09-25 10:46,181,339
L5090063,PE,PE-AMA,,-6.8151157,-77.9444629,Abra Barro Negro--Saullamur,2026-08-05 11:08,81,23
L983319,PE,PE-AMA,,-6.8399046,-77.9855168,Abra Barro Negro--al Oeste,2026-09-26 13:59,170,61
L18888209,PE,PE-CUS,,-12.6507031,-72.22586,Abra Bellavista,2025-08-08 20:21,159,61
L26176131,PE,PE-CUS,,-13.1903071,-72.9961711,Abra Chucuito,2026-09-02 08:00,42,23
L13969516,PE,PE-CUS,,-12.8000114,-73.502474,Abra Cielo Punku,2026-08-22 06:34,96,41
L17735204,PE,PE-CAJ,,-6.7792724,-78.6432209,Abra Coimolache,2025-08-10 07:21,19,9
L30852423,PE,PE-CAJ,,-6.5104725,-79.0656548,Abra Colmena,2026-09-12 10:48,51,7
L2341268,PE,PE-CAJ,,-7.2525864,-78.4723592,Abra Gavilan,2026-09-25 07:42,137,229
L5371360,PE,PE-CUS,,-14.4837163,-70.9888726,Abra La Raya,2026-08-29 16:41,77,41
L2394873,PE,PE-CUS,,-14.4767979,-71.0250556,Abra La Raya (Cusco),2026-06-09 09:18,53,11
L5259283,PE,PE-CUS,,-14.4833778,-70.9891509,Abra La Raya (Puno),2026-08-26 15:48,37,15
L8078793,PE,PE-SAM,,-6.473728,-77.276862,Abra Lajas,2018-10-26 06:43,29,2
L2293372,PE,PE-PUN,,-14.2072994,-69.2207995,Abra Maruncunca,2026-08-23 05:14,230,52
L3105552,PE,PE-CUS,,-13.3790673,-71.7480236,Abra Muruhijsa,2026-09-24 15:47,77,52
L605014,PE,PE-ARE,,-15.7520606,-71.5821566,Abra Patapampa,2026-08-27 08:29,78,31
L13513842,PE,PE-CUS,,-13.6362588,-71.0904582,Abra Pirhuayani,2026-07-12 13:52,93,32
L5166537,PE,PE-CUS,,-13.1112457,-72.227785,Abra Yanamayo,2026-08-01 12:45,21,14
L8610865,PE,PE-CUS,,-13.4885838,-71.935712,Abra de Corao,2026-07-04 11:43,44,12
L10356506,PE,PE-CUS,,-13.4986955,-71.8260732,Abra de Huaccoto,2024-08-30 07:51,58,8
L53078884,PE,PE-ARE,,-15.4382128,-74.6174164,Acarí  (pueblo),2025-09-20 06:30,14,1
L6844517,PE,PE-ICA,,-14.8265549,-74.910391,Acueductos de Cantalloc,2026-09-22 09:17,93,87
L9132028,PE,PE-CUS,,-13.538223,-71.9436526,Aeropuerto Alejandro Velasco Astete,2026-09-27 17:08,43,121
L2251718,PE,PE-HUC,,-9.874794,-76.196465,Aeropuerto Alférez FAP David Figueroa Fernandini,2026-07-22 09:43,54,44
L57658710,PE,PE-TUM,,-3.5490557,-80.3836532,Aeropuerto Capitán FAP Pedro Canga Rodríguez,2026-07-12 20:39,10,0
L987772,PE,PE-SAM,,-6.504532,-76.3723612,Aeropuerto Comandante FAP Guillermo del Castillo Paredes,2026-07-28 07:19,140,170
L10058061,PE,PE-ARE,,-16.3444248,-71.5679134,Aeropuerto Internacional Alfredo Rodríguez Ballón,2026-08-04 06:02,13,11
L2064908,PE,PE-CAL,,-12.0230855,-77.1119642,Aeropuerto Internacional Jorge Chavez,2026-09-27 10:35,55,393
L31274172,PE,PE-MDD,,-12.6036949,-69.2214739,Aeropuerto Internacional Padre Aldamiz,2026-09-05 09:54,72,38
L3971237,PE,PE-LOR,,-3.783839,-73.3055878,Aeropuerto Internacional de Iquitos,2026-09-11 13:24,121,160
L21885671,PE,PE-JUN,,-11.3319566,-74.5321298,Aeropuerto Mazamari,2025-08-06 11:16,12,3
L74169648,PE,PE-AMA,,-6.2059127,-77.8539685,Aeropuerto de Chachapoyas,2026-08-30 00:00,1,0
L6447700,PE,PE-CAJ,,-5.5962623,-78.7753415,Aeropuerto de Jaen,2025-11-16 13:15,71,13
L6108923,PE,PE-TUM,,-3.715921,-80.6935287,Agua Termales Herbideros de Tumbes,2026-09-23 11:52,98,9
L2351255,PE,PE-MDD,,-12.0019634,-71.231339,Aguaje Tented Camp,2026-08-22 15:09,177,21
L8110479,PE,PE-HUC,,-9.3239979,-76.0271609,Aguas Sulfurosas de Jacintillo Tingo Maria,2026-02-11 06:28,198,26
L53573151,PE,PE-MDD,,-12.668661,-71.269195,Aguas Termales Shintuya,2026-09-22 22:13,245,39
L845745,PE,PE-TAC,,-17.8570237,-70.122039,Aguas Termales de Calientes de Tacna,2024-09-08 10:08,44,11
L4604169,PE,PE-CAJ,,-6.7713884,-78.1942414,Aguas Termales de Llanguat,2026-09-09 08:01,82,15
L9761698,PE,PE-AYA,,-13.7505748,-74.1320333,Aguas Turquesas Millpu,2025-11-07 12:11,37,3
L595295,PE,PE-SAM,,-5.6842499,-77.6581478,Aguas Verdes--puente (Valqui F4.6),2026-08-10 12:19,463,355
L3662717,PE,PE-LIM,,-12.0424264,-77.032485,Alameda Chabuca Granda,2026-08-23 15:44,38,56
L54824784,PE,PE-LIM,,-12.022564,-77.087008,Alameda Elvira García,2025-11-05 13:15,9,1
L41168715,PE,PE-LIM,,-12.0318111,-77.0843639,Alameda de 27 de Noviembre,2025-12-25 12:53,25,46
L10380912,PE,PE-PAS,,-10.6131775,-75.3825633,Alameda de Llamaquizú,2025-05-10 14:35,20,4
L51877383,PE,PE-ANC,,-9.0096439,-77.5344229,Albergue Casa de Piedra Vaqueria,2026-08-19 07:20,38,8
L6554102,PE,PE-PAS,,-10.069884,-75.551237,Albergue Familiar Frau Maria Egg,2026-08-23 10:22,102,29
L6064547,PE,PE-MDD,,-12.5441277,-71.190556,Albergue Pankotsi Lodge,2026-06-29 06:20,193,12
L846825,PE,PE-LIM,,-10.9223315,-77.6683617,Albufera de Medio Mundo,2026-09-19 18:01,132,297
L13394102,PE,PE-LIM,,-10.8961879,-77.6878452,Albufera de Medio Mundo--Sector Norte,2026-08-23 16:41,106,120
L4611056,PE,PE-LIM,,-12.2802647,-75.7863522,Alis (pueblo),2026-09-03 11:20,54,20
L1579846,PE,PE-HUC,,-9.2699054,-76.0081869,Alojamiento Ecológico Rural Villa Jennifer,2026-06-20 06:45,227,64
L32857570,PE,PE-MDD,,-12.0901911,-69.5459137,Alta Sanctuary,2026-09-22 08:35,152,13
L7137385,PE,PE-SAM,,-6.0289714,-76.9629367,Altavista Casahotel,2026-09-20 06:40,171,77
L3633702,PE,PE-CAJ,,-6.8868052,-78.0916357,Alto Limón,2026-09-27 07:04,117,90
L60342377,PE,PE-LOR,,-3.8834149,-73.3575855,Amaca Eco Station,2026-06-29 08:01,4,1
L4871954,PE,PE-AMA,,-6.4295157,-77.8726387,Amazilia Bioreserva,2025-08-07 08:30,153,125
L17359356,PE,PE-AMA,,-6.4149309,-77.8695484,Amazilia Lodge,2026-07-30 08:41,114,308
L18917640,PE,PE-AMA,,-6.4157261,-77.8589584,Amazilia--Parte Alta,2026-07-26 11:31,95,105
L578096,PE,PE-LOR,,-3.0472684,-73.0865479,Amazon Center for Environmental Education and Research Camp,2012-07-16 06:00,293,18
L1340381,PE,PE-LOR,,-3.2490769,-72.9089702,Amazon Conservatory of Tropical Studies Field Station,2026-08-20 10:09,523,1043
L9215771,PE,PE-LOR,,-4.3149406,-73.3021235,Amazon Discovery Lodge,2026-09-12 20:50,360,146
L3770247,PE,PE-MDD,,-12.6013543,-69.0850461,Amazon Eco Lodge Yakari,2026-09-11 22:27,349,76
L27541257,PE,PE-LOR,,-3.6592653,-73.2947563,Amazon Garden Ecolodge Boutique,2025-05-10 13:53,222,107
L4820570,PE,PE-LOR,,-3.45032,-72.85983,Amazon Library,2017-07-11 13:27,25,19
L7277394,PE,PE-MDD,,-12.6060316,-69.1239332,Amazon Lodge Tambopata,2026-09-08 07:10,229,38
L2372910,PE,PE-MDD,,-12.2870047,-70.7993317,Amazon Manú Lodge,2025-12-09 12:53,506,93
L14136200,PE,PE-LOR,,-4.4906175,-73.9331276,Amazon Natural Park--Canopy Walkway,2026-09-15 09:59,276,90
L20710460,PE,PE-LOR,,-3.6844279,-73.2678115,Amazon Oasis Lodge,2025-08-10 09:20,55,4
L5421381,PE,PE-LOR,,-3.628334,-73.129423,Amazon Paradise Lodge,2026-05-12 07:10,176,13
L37019287,PE,PE-MDD,,-12.6921327,-69.1523373,Amazon Rainforest Lodge,2026-05-01 07:03,91,14
L2326626,PE,PE-LOR,,-4.3338589,-73.3006096,Amazon Refuge Wildlife Conservation Center & Lodge,2026-09-09 08:47,264,43
L7087753,PE,PE-LOR,,-4.3889713,-73.2577479,Amazon Research Center Peru Lodge,2026-09-02 07:23,479,640
L2301383,PE,PE-MDD,,-12.0469872,-69.676755,Amazon Research and Conservation Center,2026-08-18 20:53,475,193
L4381700,PE,PE-MDD,,-12.6488545,-69.2094335,Amazon Shelter,2026-05-09 16:22,98,18
L25382116,PE,PE-MDD,,-12.1838094,-69.0808477,Amazon Victory Reserva Ecológica,2026-08-26 17:45,261,88
L1004838,PE,PE-MDD,,-12.87021,-71.37564,Amazonía Lodge,2026-09-22 22:36,634,1788
L3063113,PE,PE-MDD,,-12.8663638,-71.3809204,Amazonía Lodge--Canopy Tower,2026-07-28 17:11,347,46
L2426540,PE,PE-MDD,,-12.8703178,-71.3862537,Amazonía Lodge--Corrimiento de Tierras,2024-05-11 06:22,334,24
L7927352,PE,PE-MDD,,-12.8712181,-71.3759142,Amazonía Lodge--Grid Trails,2026-06-13 16:27,321,41
L7293160,PE,PE-MDD,,-12.8709473,-71.3749408,Amazonía Lodge--Jeep Trail,2026-07-01 16:18,348,56
L6844572,PE,PE-MDD,,-12.8568873,-71.3714147,Amazonía Lodge--Lago de Herradura,2026-09-22 22:36,201,23
L6107729,PE,PE-MDD,,-12.86954,-71.377429,Amazonía Lodge--Short Tower,2025-10-04 07:31,241,17
L7293215,PE,PE-MDD,,-12.8710989,-71.3789999,Amazonía Lodge--Tower Trail,2026-09-15 16:10,335,50
L10271003,PE,PE-PAS,,-10.590091,-75.3518069,Ameerega La Colina,2019-08-17 08:21,56,1
L65646487,PE,PE-ARE,,-15.0561,-72.6873,Andenería de Puyca,2026-05-02 08:48,17,3
L40939158,PE,PE-LOR,,-4.474217,-73.989328,Antares Amazon Lodge,2026-07-01 12:00,140,15
L2456777,PE,PE-JUN,,-11.4337163,-74.7702026,Apaya-Mariposa,2026-08-28 09:32,386,140
L6347967,PE,PE-CUS,,-13.2567261,-72.2619903,Apu Lodge,2026-09-23 14:31,55,59
L5269505,PE,PE-CUS,,-13.594018,-71.9069244,Apu Wanakaure,2026-09-21 20:12,60,7
L6260927,PE,PE-LOR,,-4.27588,-73.30776,AquAmazon Lodge,2026-09-11 07:38,228,31
L36075586,PE,PE-PUN,,-16.1704944,-69.5413113,Aramu Muru,2026-07-21 12:34,38,16
L37734310,PE,PE-CUS,,-13.3302246,-72.05217,Aranwa Sacred Valley Hotel & Wellness,2026-08-03 16:54,60,24
L16599669,PE,PE-CAJ,,-7.165126,-78.5053376,Arbol de Garcitas,2025-06-19 10:13,14,2
L19085798,PE,PE-LIM,,-10.893451,-77.5130153,Arboreto de Caral,2026-09-04 09:17,88,133
L34665034,PE,PE-LOR,,-3.8411819,-73.3747358,Arboretum El Huayo,2026-05-09 08:55,22,4
L16168636,PE,PE-UCA,,-8.50095,-74.58585,Area de Concesión para Conservación Quinillal (acceso restringido),2026-07-28 07:37,216,24
L8053805,PE,PE-AMA,,-6.3438121,-77.4577777,Area de Conservacion Laguna Huamanpata,2022-05-25 06:17,117,6
L3638989,PE,PE-LOR,,-3.6076954,-73.1297851,Area de Conservación Ambiental Garzal de Santa María de Fátima,2026-07-14 09:04,245,22
L2297453,PE,PE-CAJ,,-5.668839,-78.943362,Area de Conservación Municipal Bosque de Huamantanga,2024-05-11 16:53,137,11
L10203175,PE,PE-PAS,,-10.119695,-75.5973509,Area de Conservación Municipal Delfín Chumalle,2022-01-23 08:43,72,2
L2240948,PE,PE-SAM,,-5.9230008,-77.1053982,Area de Conservación Municipal de Tingana,2026-05-16 07:54,197,16
L992664,PE,PE-AYA,,-13.22399,-74.03677,Arriba de Huaychao,2015-11-20 08:00,10,2
L10905097,PE,PE-LOR,,-5.0223761,-73.8485213,Arroyo Cocona,2026-07-25 14:03,129,12
L10919847,PE,PE-LOR,,-5.1387753,-74.1491263,Arroyo Zapote,2026-02-11 07:40,268,178
L16541188,PE,PE-MDD,,-12.4607823,-69.0653725,Arrozal Bello Horizonte,2026-08-19 06:25,314,284
L59658795,PE,PE-SAM,,-6.032463,-77.117818,Arrozales de Calzada,2026-02-28 09:10,11,1
L2333266,PE,PE-SAM,,-6.0215175,-77.1414471,Arrozales de Rioja,2026-08-09 17:00,271,120
L2240938,PE,PE-SAM,,-6.415906,-76.317833,Asociacion para La Conservacion de Aves y La Biodiversidad Koepcke's Hermit,2026-09-23 06:10,559,1652
L43498687,PE,PE-LIM,,-11.8522468,-77.0820531,Asociación Las Viñas Primera Etapa
L24381671,PE,PE-HUC,,-9.256392,-75.9892487,Asociación de Vivienda Heliconias,2026-08-16 08:09,55,4
L9214280,PE,PE-SAM,,-6.847511,-76.463127,Association El Bosque del Futuro Ojos de Agua,2025-06-16 15:51,145,16
L2443948,PE,PE-CUS,,-12.8895996,-71.3597218,Atalaya (pueblo),2026-09-21 08:11,421,471
L28621163,PE,PE-PAS,,-10.3240441,-74.9869682,Atractivo Turistico Fundo Santa Clara,2026-01-17 11:09,21,1
L27892625,PE,PE-PAS,,-10.3015071,-74.9349923,Atractivo Turistico Puerto Boca Yanizu,2024-06-13 08:24,23,3
L28029350,PE,PE-CUS,,-13.7581437,-71.2187862,Ausangate 7 Lagunas,2026-09-06 10:00,90,65
L10848925,PE,PE-LOR,,-3.5958087,-73.1226729,Avatar Amazon Lodge,2026-07-14 09:27,343,231
L3459776,PE,PE-LOR,,-3.0270408,-73.3230972,Aventurama Camp,2023-03-20 08:00,221,6
L11399299,PE,PE-LIM,,-12.1102429,-77.0368838,Aves Ovalo Gutierrez,2026-06-21 08:27,35,14
L7223250,PE,PE-AYA,,-13.0430892,-74.1314989,Ayacucho Pampas de Quinua,2026-05-09 15:57,48,10
L35489826,PE,PE-UCA,,-8.5239976,-74.3970081,Ayahuasca Spirt Center,2024-07-22 12:15,37,2
L3742740,PE,PE-LIM,,-12.5909208,-76.6207981,Azpitia,2026-09-13 13:12,59,34
L27751214,PE,PE-LAM,,-6.1905084,-79.3025278,"B.M. Tungula, Incahuasi",2026-09-09 12:34,91,146
L57373899,PE,PE-PAS,,-10.459352,-75.0175087,BP San Matías San Carlos--Arroz con Huevo,2026-01-31 13:40,98,6
L76818072,PE,PE-PAS,,-10.2884434,-74.9803846,BP San Matías San Carlos--Sector Pelmaz,2026-09-05 18:25,102,9
L76817919,PE,PE-PAS,,-10.2210612,-75.0201638,BP San Matías San Carlos--Sector Quirishari,2026-09-06 18:10,89,9
L493593,PE,PE-AMA,,-5.63735,-78.5705833,Bagua Chica (Valqui F7.1),2026-09-18 12:17,193,99
L490523,PE,PE-AMA,,-5.818833,-78.286833,Bagua Grande,2026-09-23 08:07,162,77
L7209162,PE,PE-ANC,,-9.1116628,-78.5829735,Bahia de Chimbote,2026-01-21 09:45,98,17
L854943,PE,PE-TUM,,-3.4961157,-80.4065323,Bahia de Tumbes,2025-10-06 11:02,105,26
L570382,PE,PE-ICA,,-13.8194111,-76.2722397,Bahía Paracas,2026-09-10 10:30,138,151
L25990652,PE,PE-LIM,,-11.11928,-77.612741,Bahía de Huacho,2026-09-25 11:02,64,39
L20120546,PE,PE-ANC,,-10.0959738,-78.1725296,Bahía de Puerto Huarmey,2024-10-12 06:08,39,10
L5075091,PE,PE-CUS,,-13.489758,-71.9888069,Balcon del Diablo,2026-09-20 06:36,104,149
L13599986,PE,PE-HUC,,-9.350936,-74.9618358,Balneario Pintuyacu,2025-08-13 14:53,67,5
L52093464,PE,PE-HUC,,-9.2527596,-74.8746639,Balneario Turistico El Sira,2026-08-27 10:11,34,2
L32714014,PE,PE-HUC,,-9.3656885,-74.9166346,Balneario de la Viuda,2026-01-29 12:28,43,4
L14123684,PE,PE-LAL,,-8.0606806,-79.1283185,Balsares de Huanchaco,2026-02-26 15:47,66,34
L8486801,PE,PE-CUS,,-13.0066169,-71.4322591,Bambu Lodge,2026-09-27 11:15,429,639
L31065216,PE,PE-CUS,,-13.1530283,-72.5225651,Banos Termales,2026-09-23 15:50,90,43
L17036648,PE,PE-LAM,,-5.9276752,-79.7706729,Barbara D'Achille White-Winged Guan Center,2026-01-31 12:57,51,5
L5518943,PE,PE-LIM,,-12.0453329,-77.0270348,Basilica de San Francisico,2026-08-02 11:40,29,42
L7323553,PE,PE-CUS,,-13.1106361,-72.0566748,Baños Termales Lares,2026-07-15 07:35,106,21
L14465844,PE,PE-ANC,,-9.4681443,-77.535334,Baños Termales Monterrey,2026-02-10 08:40,51,21
L7176716,PE,PE-CUS,,-13.0300843,-71.8319473,Baños Termales de Chimur,2025-10-27 12:48,45,10
L10282464,PE,PE-AYA,,-14.1615151,-73.5673697,Baños Termales de Larcay,2019-08-30 06:10,15,0
L6983691,PE,PE-TAC,,-17.4343535,-70.0383447,Baños Termales de Putina,2022-10-15 21:46,7,2
L39477133,PE,PE-HUV,,-12.4538793,-75.0208033,Baños termales medicinales San Lorenzo,2025-07-27 08:08,9,1
L5188495,PE,PE-CUS,,-13.1661609,-72.5430156,Belmond Sanctuary Lodge,2026-09-24 06:43,194,271
L41145573,PE,PE-ANC,,-9.5216445,-77.5362377,Bike Park Huaraz,2026-05-28 00:00,3,0
L599455,PE,PE-MDD,,-12.44664,-70.70655,Blanquillo Macaw Clay Lick,2026-09-12 10:30,483,520
L3164561,PE,PE-MDD,,-12.264224,-70.9095544,Boca Manu (pueblo),2026-08-25 14:00,393,118
L28235150,PE,PE-TAC,,-17.579618,-69.686638,Bofedal Alto Perú,2026-05-01 11:33,14,3
L28234616,PE,PE-TAC,,-17.569862,-69.745099,Bofedal Ancochaullane,2025-12-14 09:59,16,3
L27715790,PE,PE-TAC,,-16.8708566,-70.4126687,Bofedal Catapajta,2024-03-10 10:16,13,4
L28273777,PE,PE-TAC,,-17.364119,-69.945806,Bofedal Jarumas,2025-11-30 09:09,12,8
L28235942,PE,PE-TAC,,-17.315405,-69.734224,Bofedal Kallapuma,2023-11-25 14:30,18,1
L28274292,PE,PE-TAC,,-17.209209,-69.92111,Bofedal Kovire,2025-12-06 10:44,10,7
L28273545,PE,PE-TAC,,-17.327731,-69.961109,Bofedal Mamaraya,2024-08-10 09:45,21,3
L28274088,PE,PE-TAC,,-17.303257,-69.793369,Bofedal Mamuta,2025-11-30 11:49,9,2
L28274499,PE,PE-TAC,,-17.140262,-70.054859,Bofedal Vilacota,2023-11-26 12:50,11,1
L19100838,PE,PE-ARE,,-15.960881,-71.037631,Bofedal de Cancori,2022-05-14 06:20,8,2
L7467758,PE,PE-ARE,,-15.7551668,-71.5508223,Bofedal de Chucura,2026-08-03 15:17,75,96
L24386681,PE,PE-ARE,,-15.929619,-71.192286,Bofedal de Huallata,2026-01-31 11:35,28,7
L26797319,PE,PE-LIM,,-12.37813,-75.744714,Bofedal de Shucto,2026-04-01 10:35,40,4
L39380837,PE,PE-TAC,,-17.15668,-69.989462,Bofedal de Tacjata,2024-03-15 10:40,1,0
L4758603,PE,PE-ARE,,-15.9338475,-71.6007757,Bofedales El Rayo,2015-06-09 00:00,6,1
L8683543,PE,PE-MOQ,,-16.604,-70.2988,Bofedales de Aruntaya,2025-12-06 05:29,36,4
L23955582,PE,PE-MOQ,,-17.060911,-70.521332,Bofedales de Asana,2025-12-07 14:33,15,2
L16788507,PE,PE-HUV,,-12.6298958,-75.5323863,Bofedales de Bethania,2021-10-29 12:20,7,2
L39478157,PE,PE-JUN,,-11.5695407,-75.6305887,Bofedales de Huaricolca,2026-03-12 13:33,10,2
L8694798,PE,PE-MOQ,,-16.7799,-70.1411,Bofedales de Pasto Grande,2025-10-11 10:21,25,2
L10802043,PE,PE-MOQ,,-16.9379,-70.5241,Bofedales de Titijones,2025-12-07 15:39,3,5
L55219191,PE,PE-SAM,,-5.8321351,-77.4279076,Bosque C. Alto Naranjillo,2026-05-14 06:31,84,14
L8705095,PE,PE-CAJ,,-7.3962561,-78.7776692,Bosque Cachil,2025-07-31 09:49,79,5
L10043845,PE,PE-JUN,,-11.4992199,-75.2878735,Bosque Camino Paltay,2023-09-01 13:28,148,2
L9505919,PE,PE-HUC,,-9.6407757,-76.0873029,Bosque Challana,2019-05-23 21:00,32,2
L12758307,PE,PE-PAS,,-10.4652273,-75.0245582,Bosque De Protección San Matías-San Carlos--Vertiente Occidental,2026-05-12 16:53,192,25
L14186848,PE,PE-JUN,,-11.9881298,-75.1982107,Bosque Dorado,2025-01-07 08:29,32,24
L5149399,PE,PE-LAL,,-7.4382482,-79.4968843,Bosque El Algarrobal,2026-07-06 16:40,68,21
L879541,PE,PE-LAL,,-7.3724355,-79.420917,Bosque El Cañoncillo,2026-09-26 12:37,116,85
L39910649,PE,PE-SAM,,-6.01836,-76.96189,Bosque El Vergel,2026-06-23 08:45,174,18
L11546850,PE,PE-SAM,,-6.4102711,-76.3040351,Bosque Guardián,2026-08-10 06:30,215,123
L18522505,PE,PE-JUN,,-11.160634,-75.3919895,Bosque La Chincana,2022-12-16 10:20,18,4
L13700251,PE,PE-PIU,,-4.7558583,-80.7436208,Bosque La Noria Alta,2026-07-20 09:41,60,9
L12877464,PE,PE-LOR,,-3.7820734,-73.215151,Bosque Moena Caño,2026-08-20 07:35,279,107
L31289201,PE,PE-HUC,,-9.56951,-76.00126,Bosque Montano Yunga,2023-12-19 07:00,78,3
L9219684,PE,PE-HUC,,-9.9040398,-76.0597687,Bosque Monte Potrero,2026-09-13 07:47,145,108
L7371285,PE,PE-PIU,,-4.6556746,-79.8449421,Bosque Montero,2018-05-05 06:00,25,1
L4813595,PE,PE-TAC,,-18.1102871,-70.3506732,Bosque Municipal de Tacna,2024-08-11 11:25,21,2
L4253655,PE,PE-PIU,,-5.1961335,-80.2766168,Bosque Nacho Tavara,2016-02-12 07:15,36,4
L66352229,PE,PE-AYA,,-13.1386819,-73.5556234,Bosque Nublado de Mayunmarca,2026-07-01 00:00,178,4
L20244997,PE,PE-HUV,,-12.0598187,-74.8930762,Bosque Nublado de San Isidro de Acobamba,2025-08-22 11:12,57,17
L22808831,PE,PE-HUV,,-12.1264583,-74.5558483,Bosque Nublado de Yananyac,2026-08-17 11:56,23,6
L12829613,PE,PE-PIU,,-4.521447,-81.2764007,Bosque Piedritas,2026-08-15 15:00,135,45
L51998295,PE,PE-LIM,,-12.6002292,-76.1238113,Bosque Polylepis Tauripampa,2026-07-13 06:00,30,2
L20908659,PE,PE-HUV,,-12.8099186,-75.0556096,Bosque Polylepis de Callqui,2026-09-02 08:18,43,24
L20936427,PE,PE-AYA,,-13.2035249,-74.5286297,Bosque Polylepis de Challhuapampa,2023-01-08 08:37,33,3
L16070156,PE,PE-HUV,,-12.9646592,-74.8790761,Bosque Polylepis de Chunomayo,2022-12-12 10:45,30,3
L5389344,PE,PE-PUN,,-15.3048828,-70.34356,Bosque Polypepis de Lampa,2025-11-28 15:15,57,14
L6223579,PE,PE-LOR,,-5.2504524,-75.6936014,Bosque Privado Shiringal (acceso restringido),2018-07-26 22:56,84,1
L4611149,PE,PE-TAC,,-17.4398741,-69.963963,Bosque Queñoa-Caparaja,2025-11-30 06:59,40,6
L11411617,PE,PE-LAL,,-8.09162,-77.377251,Bosque Quinuapampa,2024-02-09 08:23,20,19
L4837709,PE,PE-HUC,,-9.3102874,-75.9940302,Bosque Reservado de La Universidad Nacional Agraria de La Selva,2026-08-30 06:38,134,21
L4684459,PE,PE-MDD,,-11.268,-69.38498,Bosque Rodal Semillero Tahuamanu--Campamento Buen,2014-11-12 06:10,36,2
L4684073,PE,PE-MDD,,-11.14321,-69.52581,Bosque Rodal Semillero Tahuamanu--Campamento Minas,2014-11-10 05:30,60,2
L4708765,PE,PE-TUM,,-3.9196162,-80.8309007,Bosque Seco Las Cherelas,2018-08-17 07:50,43,3
L7370720,PE,PE-PIU,,-5.1628834,-80.4784309,Bosque Seco de Piura,2025-08-06 12:04,25,2
L2264647,PE,PE-PAS,,-10.6765409,-75.3147669,Bosque Shollet,2026-09-27 05:48,380,437
L25652341,PE,PE-CAJ,,-6.8561228,-78.0337713,Bosque Tropical Estacionalmente Seco Marañón,2026-08-27 09:36,36,20
L602837,PE,PE-HUC,,-9.7373144,-76.1698347,Bosque Unchog,2026-09-26 12:34,327,906
L61991995,PE,PE-LIM,,-10.582114,-76.805125,Bosque Yawi,2026-04-04 14:22,19,3
L4759035,PE,PE-MDD,,-12.172919,-69.3912641,Bosque de Arbio,2026-09-26 06:01,273,35
L24347626,PE,PE-SAM,,-5.669339,-77.5789745,Bosque de Arena--Juan Velasco,2026-05-09 06:00,131,11
L65616759,PE,PE-LIM,,-12.36141,-75.75747,Bosque de Chachse,2026-05-09 05:30,14,2
L2815474,PE,PE-APU,,-13.548296,-73.1036067,Bosque de Chinchay,2024-10-06 08:00,77,6
L9740035,PE,PE-AYA,,-13.1054615,-73.4883081,Bosque de Chinchibamba,2019-07-30 07:05,40,1
L24354018,PE,PE-AYA,,-13.3325919,-74.4766447,Bosque de Escallonia de Totorabamba,2024-05-11 08:30,28,7
L65176091,PE,PE-HUC,,-9.2277953,-74.9634075,Bosque de La Universidad Nacional Agraria de la Selva,2026-05-09 12:09,54,3
L7350459,PE,PE-LIM,,-12.272729,-75.804952,Bosque de Lloclla,2023-11-16 08:16,67,33
L20865105,PE,PE-JUN,,-11.3452,-75.6508,Bosque de Muruhuay,2025-11-14 12:18,9,8
L3902225,PE,PE-PIU,,-4.5999955,-79.7112823,Bosque de Neblina de Cuyas,2026-05-09 06:17,139,20
L1525832,PE,PE-AYA,,-13.0495978,-74.1020509,Bosque de Osjowillka,2024-05-11 08:30,60,20
L1525776,PE,PE-AYA,,-13.0505176,-74.1084936,Bosque de Osjowillka--Entrada,2024-07-10 12:58,24,4
L11418035,PE,PE-AMA,,-6.195972,-77.555861,Bosque de Palmeras de Ocol,2026-06-04 06:00,120,4
L19100448,PE,PE-ARE,,-15.911001,-71.043813,Bosque de Piedra de Imata,2023-04-17 12:40,9,3
L10541337,PE,PE-CAJ,,-6.8466751,-78.2990229,Bosque de Piedras de Huangashanga,2020-01-22 16:00,8,0
L10067162,PE,PE-AYA,,-13.3192426,-74.4617757,Bosque de Piedras de Huaraca,2024-05-11 07:08,61,10
L10355603,PE,PE-APU,,-14.2808707,-73.453134,Bosque de Piedras de Pampachiri,2020-01-19 08:00,7,1
L6776394,PE,PE-CAJ,,-6.4048583,-79.0592372,Bosque de Proteccion Pagaibamba--Sector San Luis,2026-02-22 06:50,24,2
L6120646,PE,PE-CAJ,,-6.4123407,-79.0587759,Bosque de Proteccion Paigabamba,2025-08-25 13:55,126,26
L24776500,PE,PE-CAJ,,-6.3989578,-79.0581282,Bosque de Proteccion Paigabamba--Chota,2017-06-08 05:00,4,1
L31762058,PE,PE-SAM,,-5.8861763,-77.6077867,Bosque de Protección Alto Mayo,2026-09-25 15:42,681,4167
L4070147,PE,PE-SAM,,-5.6675586,-77.7476215,Bosque de Protección Alto Mayo--Altomayo,2026-09-20 07:44,384,364
L31735009,PE,PE-SAM,,-5.6731335,-77.7628291,Bosque de Protección Alto Mayo--Fundo Alto Nieva,2026-09-25 15:42,456,1925
L1234162,PE,PE-SAM,,-5.674825,-77.7039306,Bosque de Protección Alto Mayo--Llanteria/Afluente (km 389-391),2026-09-21 08:38,576,1144
L1849274,PE,PE-SAM,,-5.6703545,-77.7566814,Bosque de Protección Alto Mayo--Mirador,2026-08-31 07:56,342,365
L4303495,PE,PE-SAM,,-5.6617151,-77.7421734,Bosque de Protección Alto Mayo--Puesto de Control y Centro de Interpretación Venceremos,2026-09-22 10:49,366,219
L29313885,PE,PE-SAM,,-5.6667011,-77.5532054,Bosque de Protección Alto Mayo--Ruta Las Flores Alto Valle,2024-01-23 06:00,23,1
L8681640,PE,PE-SAM,,-5.6752907,-77.7553865,Bosque de Protección Alto Mayo--Sendero Royal,2026-07-28 17:24,255,143
L6927220,PE,PE-CAJ,,-6.3928529,-79.0653098,Bosque de Protección Pagaibamba--Sendero Canal Atahualpa,2026-04-29 18:55,115,22
L720532,PE,PE-LAL,,-8.596672,-78.717379,Bosque de Protección Puquio Santa Rosa,2026-02-09 15:17,84,14
L973660,PE,PE-PAS,,-10.3684519,-75.0304413,Bosque de Protección San Matias-San Carlos--La Cumbre,2025-05-09 20:02,46,7
L7364912,PE,PE-JUN,,-11.3680842,-75.1078337,Bosque de Protección de Pui Pui,2019-03-09 06:00,69,4
L9201527,PE,PE-JUN,,-11.1630707,-74.9202874,Bosque de Protección de Pui Pui,2025-05-10 17:14,115,18
L1470936,PE,PE-LIM,,-13.0511406,-76.2236627,Bosque de Protección de la Bocatoma del Canal de Nuevo Imperial,2026-08-27 09:35,81,174
L8069529,PE,PE-SAM,,-6.104338,-77.29446,Bosque de Protecion Alto Mayo--Sendero a Cascada Nuevo Zelandia,2026-09-20 05:56,337,79
L22977731,PE,PE-HUV,,-12.8263279,-75.0622408,Bosque de Puya de Raimondi Huancavelica,2024-11-23 09:46,15,6
L6075784,PE,PE-MOQ,,-16.775,-70.6836111,Bosque de Queñoales de Cuchumbaya,2019-10-10 06:00,45,3
L5839202,PE,PE-MOQ,,-16.9811111,-70.7002778,Bosque de Queñoales de Pampa Cuellar,2024-08-31 08:45,71,13
L6681166,PE,PE-TAC,,-17.2008333,-70.1763889,Bosque de Queñoales de Yucamani,2024-12-24 08:40,35,5
L5776184,PE,PE-ARE,,-15.4624905,-72.9900098,Bosque de Queñua,2017-04-26 08:00,22,1
L5848191,PE,PE-ARE,,-16.392972,-71.318402,Bosque de Queñua del Simbral,2026-07-28 06:15,94,116
L3632399,PE,PE-LIM,,-11.663155,-76.442769,Bosque de Queñuales Japani,2026-09-26 09:24,74,125
L10064295,PE,PE-LIM,,-10.5966,-76.7692,Bosque de Queñuales Oyon-Quichas,2026-07-03 07:30,89,156
L1304882,PE,PE-SAM,,-7.1023236,-76.3079453,Bosque de Quinilla--Piedemonte Inferior,2026-08-12 09:30,122,2
L9577481,PE,PE-LIM,,-12.372423,-75.751667,Bosque de Quinual,2024-10-08 07:08,68,23
L9506057,PE,PE-HUC,,-9.6129571,-76.2478593,Bosque de Ramos,2019-06-01 06:00,46,1
L11916116,PE,PE-CUS,,-13.5206542,-71.8989623,Bosque de Santa Maria,2025-05-23 16:49,68,31
L2912286,PE,PE-CAJ,,-5.62845,-78.78585,Bosque de Yanahuanca,2026-09-22 05:43,213,564
L3040449,PE,PE-CAJ,,-5.63763,-78.79551,Bosque de Yanahuanca--Parte Alta,2026-08-17 16:55,103,8
L55235395,PE,PE-SAM,,-5.7496933,-77.3824167,Bosque de las Nuwas,2026-05-13 07:03,81,14
L7369211,PE,PE-PIU,,-5.0226324,-79.8197293,Bosque de Ñoma,2026-08-20 10:00,51,7
L9880654,PE,PE-HUC,,-9.6674571,-75.4464719,Bosque del Sr. Antonio Schaus,2023-03-07 15:35,157,22
L3077028,PE,PE-AMA,,-5.6659195,-77.902442,Bosque del Toro,2026-08-10 20:11,180,24
L76717898,PE,PE-HUV,,-12.1301254,-74.7862513,Bosque enano de Salcahuasi,2026-09-04 11:30,35,9
L13157108,PE,PE-AYA,,-12.9582268,-73.6090083,Bosques Cajadela,2025-01-04 13:01,198,16
L4471244,PE,PE-CAJ,,-6.95667,-78.92847,Bosques Calquis,2018-05-05 06:00,66,2
L32022004,PE,PE-CAJ,,-5.9367173,-79.0816189,Bosques Montanos Húmedos de Colasay,2024-10-10 06:00,51,14
L7165528,PE,PE-AYA,,-13.0451611,-73.688736,Bosques Nublados de Chiquintirca,2024-07-21 09:51,148,7
L7415951,PE,PE-PIU,,-4.4566779,-81.2830782,Bosques de Lobitos,2026-06-16 10:00,71,11
L9212841,PE,PE-APU,,-13.4374399,-72.9051835,Bosques de Montaña Kiuñalla,2025-11-13 05:42,111,20
L10226794,PE,PE-APU,,-13.4819252,-73.0294765,Bosques de Montaña Tacmara,2025-10-24 11:06,85,26
L14604677,PE,PE-APU,,-13.5280788,-72.9969865,Bosques de Montaña de Ccoya,2021-04-24 17:20,1,0
L5102183,PE,PE-CAJ,,-6.5150945,-78.3472383,Bosques de Neblina de Cortegana,2016-11-23 06:00,37,2
L8964234,PE,PE-CAJ,,-6.8853486,-78.9907857,Bosques de Valdivia,2024-12-03 10:26,21,3
L6194512,PE,PE-LOR,,-3.7502447,-73.2429099,Boulevard Joaquin Abensur,2026-09-27 06:38,270,789
L55099429,PE,PE-SAM,,-7.175893,-76.7216035,Boulevard Turistico Punta Verde,2025-10-16 08:00,18,2
L4181160,PE,PE-CAJ,,-6.8742128,-78.1050408,Brasilmayo,2026-09-27 09:31,100,58
L10270322,PE,PE-LOR,,-3.4641953,-72.9254631,Brenna's Light Lodge,2023-07-30 16:43,277,98
L34460823,PE,PE-UCA,,-8.3361523,-74.6505849,Bufeo's Club,2026-02-19 06:59,35,3
L21882297,PE,PE-JUN,,-11.2338715,-74.6440283,Bungalows H&E,2026-08-03 17:05,44,1
L33309432,PE,PE-SAM,,-6.480784,-76.3561825,CAS SFS/Yacumaman - Tarapoto,2026-09-07 17:10,117,80
L13302690,PE,PE-PAS,,-10.5663297,-75.3974411,Cabañas Hassinger Ranch,2026-08-18 08:44,152,40
L3636386,PE,PE-CUS,,-12.8837677,-72.120738,Cabecera del Valle de Yanatile,2026-01-27 10:43,121,42
L27179929,PE,PE-MDD,,-12.5914234,-69.1775823,Cacao Center,2026-07-19 15:03,82,43
L782926,PE,PE-APU,,-13.5110445,-72.8136921,Cachora (pueblo),2025-12-05 10:58,59,15
L19065075,PE,PE-ARE,,-16.8608982,-72.2878075,Caleta Honoratos de Islay,2024-04-05 06:30,21,4
L28794114,PE,PE-PIU,,-5.2107991,-81.1942906,Caleta La Islilla,2026-04-02 17:23,18,7
L6509158,PE,PE-ARE,,-16.5139011,-72.9765008,Caleta del Inca,2025-10-27 12:18,19,10
L961859,PE,PE-AMA,,-6.7559196,-77.8010559,Camino Atuen,2026-09-27 06:45,292,455
L4961345,PE,PE-MDD,,-12.599889,-69.123621,Camino Bajo Madre De Dios,2026-07-27 07:25,264,84
L8169486,PE,PE-CAJ,,-7.5850755,-78.0120164,Camino Cascada Cochecorral,2026-08-20 08:00,114,12
L2508578,PE,PE-PAS,,-10.36389,-75.59836,Camino Cueva Blanca-Santa Barbara,2025-10-11 17:33,179,46
L5061220,PE,PE-CUS,,-13.3765936,-72.0386839,Camino Inca--Chinchero a Urquillos,2026-06-04 11:23,125,77
L2427400,PE,PE-CAJ,,-5.39651,-78.86221,Camino La Coipa,2026-09-23 16:18,158,152
L3634240,PE,PE-LIM,,-11.94062,-76.483972,Camino Lucumani-Llancha
L4018814,PE,PE-AMA,,-6.838669,-78.0230087,Camino Mendan,2026-09-11 07:43,56,29
L1004909,PE,PE-MDD,,-12.585602,-69.221284,Camino Pastora,2026-09-02 16:19,372,239
L3838678,PE,PE-CAJ,,-7.2454925,-78.3511019,Camino San Nicolas a Jesús,2026-09-25 09:30,88,29
L2511281,PE,PE-PAS,,-10.35262,-75.57261,Camino Sector Oso Playa,2026-05-14 11:00,38,1
L4335656,PE,PE-CAJ,,-5.6295929,-78.7180603,Camino Seminario,2026-08-14 07:22,74,12
L21648419,PE,PE-MDD,,-12.8318883,-69.445659,Camino Verde Baltimori,2026-08-08 15:15,104,10
L2410758,PE,PE-ANC,,-9.8194,-77.681,Camino a Aija,2019-10-29 15:58,30,5
L2375125,PE,PE-JUN,,-11.4121368,-75.6621337,Camino a Bosque de Piedra,2026-01-30 07:18,38,5
L43670995,PE,PE-AMA,,-6.065413,-77.90172,Camino a Cocachimba,2026-09-20 07:54,141,85
L31838097,PE,PE-PAS,,-10.6066018,-75.518026,Camona Ecolodge,2026-06-14 09:57,88,17
L983228,PE,PE-CAJ,,-6.8523892,-78.0247521,Campamento Balsas,2026-03-17 08:55,57,36
L7070670,PE,PE-SAM,,-6.6867722,-77.6966429,Campamento Laurel,2019-05-27 07:40,120,15
L54599878,PE,PE-LIM,,-11.779051,-76.5733484,Campamento Portachuelo,2026-05-31 05:50,33,10
L6347823,PE,PE-CUS,,-13.4219727,-72.8534317,Camping Playa Rosalinda,2026-08-15 10:32,43,8
L26506477,PE,PE-HUC,,-10.3112882,-76.8030596,Campo Base Huayhuash,2026-08-15 08:00,29,4
L21566351,PE,PE-ARE,,-16.1786317,-71.531944,Campo Base de Chachani,2026-07-23 23:44,18,3
L21801367,PE,PE-LIM,,-12.006392,-76.9398952,Campo Fe Huachipa,2025-09-21 12:20,19,5
L10000986,PE,PE-LIM,,-11.91834,-77.078768,Campo Fe Puente Piedra,2025-08-17 12:00,18,6
L4172385,PE,PE-ICA,,-14.075538,-75.7320052,Campo Ferial La Vendimia,2025-10-11 06:26,36,25
L2520734,PE,PE-ANC,,-9.14974,-77.7371979,Campo Santo Yungay,2026-08-23 10:37,59,49
L4597043,PE,PE-LIM,,-12.0680904,-77.0411378,Campo de Marte,2026-03-11 07:11,37,162
L4512632,PE,PE-PIU,,-4.8781033,-80.6878758,Campos Agrícolas Mambré (humedal y arrozales),2026-09-24 18:08,106,83
L4606107,PE,PE-LIM,,-12.7708717,-76.5143251,Campos de Cultivo de Asia,2026-06-07 10:30,62,60
L41540501,PE,PE-CAL,,-12.0574915,-77.119009,Camposanto Baquíjano y Carrillo,2026-09-20 17:56,10,2
L3637123,PE,PE-MDD,,-12.5367862,-69.0493861,Canopy Inkaterra,2026-09-10 17:09,425,619
L48601337,PE,PE-HUC,,-9.2758169,-76.0010474,Cantera la Muyuna,2025-10-29 17:35,57,11
L16764560,PE,PE-SAM,,-6.4048981,-76.4073157,Canto Del Río Amazon Lodge,2025-05-13 06:30,51,5
L43774239,PE,PE-SAM,,-6.405033,-76.407414,Canto del Rio Amazon Lodge
L4375643,PE,PE-MDD,,-12.5987319,-69.0776807,Caoba Lodge,2025-07-23 08:15,116,13
L4294056,PE,PE-CAJ,,-7.1618206,-78.494029,Capac Ñan--Cajamarca,2025-10-15 16:51,27,13
L40596366,PE,PE-LIM,,-12.0926325,-76.773455,Capilla Santa Cruz,2025-02-22 18:00,8,2
L28968569,PE,PE-HUV,,-12.788339,-74.9619618,Capilla del Señor de Oropesa,2024-07-29 06:10,20,7
L8111047,PE,PE-APU,,-13.5191425,-72.7072402,Capitan Rumi,2026-08-24 17:00,22,7
L2735976,PE,PE-MDD,,-12.5433973,-69.1921198,Carachamayo--Aguajal y Bosque,2025-06-24 03:59,282,53
L19108294,PE,PE-JUN,,-12.1811883,-75.2414989,Carhuapaccha,2026-09-19 07:48,86,68
L3876473,PE,PE-ANC,,-9.281748,-77.6461101,Carhuaz (pueblo),2025-12-08 17:02,13,8
L8332064,PE,PE-PAS,,-10.5777235,-75.3971529,Carolina Egg Gasthaus,2025-05-08 16:46,43,14
L27836884,PE,PE-JUN,,-11.2410916,-76.1544811,Carratera 101--Conacancha a Atocsayo,2018-05-01 08:00,8,1
L27795608,PE,PE-LIM,,-11.8105368,-76.6306117,Carratera 116--Barba Blanca a Huinco,2026-09-12 17:17,73,87
L27818448,PE,PE-JUN,,-11.4694035,-76.3048339,Carratera 116--Sangar,2019-07-03 00:00,12,1
L36460110,PE,PE-PAS,,-10.6469428,-75.5051734,Carretera 106--Cumbre Tingo,2026-08-08 10:32,16,1
L512697,PE,PE-CUS,,-13.1910434,-72.2918791,Carretera 28B--Peñas,2026-09-27 06:07,237,411
L976329,PE,PE-SAM,,-6.0298,-77.16854,Carretera 5N--Manzana a Yuracyacu,2026-08-15 06:47,201,55
L976327,PE,PE-SAM,,-6.31142,-76.71999,Carretera 5N--Tarapoto a Moyobamba,2026-06-26 11:44,213,42
L1233036,PE,PE-AMA,,-5.6834627,-77.7792549,Carretera 5N--puente a frontera de Dept. San Martin,2026-09-23 14:04,274,205
L494728,PE,PE-PAS,,-10.553145,-75.3159142,Carretera Antenna,2020-09-17 05:44,231,43
L38134747,PE,PE-JUN,,-11.0911959,-75.4292216,Carretera Aprodes,2024-11-16 14:50,19,3
L4597224,PE,PE-MDD,,-12.536943,-69.170014,Carretera Cachuela,2026-08-16 11:39,380,170
L4445933,PE,PE-MDD,,-12.5448923,-69.1647002,Carretera Cachuela Oviedo,2026-07-25 06:14,252,83
L603365,PE,PE-APU,,-13.5166667,-72.8833333,Carretera Huanipaca,2026-09-05 07:32,127,132
L1004851,PE,PE-MDD,,-12.6629,-69.21865,Carretera Infierno,2026-07-18 09:49,300,43
L1354395,PE,PE-LOR,,-3.8685606,-73.3426641,Carretera Iquitos-Nauta--Iquitos a RN Allpahuayo-Mishana,2026-07-11 12:16,424,70
L2019734,PE,PE-PUN,,-15.4099955,-70.3262329,Carretera Juliaca-Lampa--Polylepis,2026-05-10 21:49,40,4
L846536,PE,PE-PAS,,-10.71796,-75.1804733,Carretera La Cumbre,2026-01-12 12:04,153,13
L4096323,PE,PE-CAJ,,-6.5056747,-78.8087726,Carretera Lajas a Cochabamba,2026-01-08 09:44,63,7
L3857671,PE,PE-AMA,,-6.3789784,-77.5301528,Carretera Longar--Oquish,2026-09-19 09:19,22,5
L7780924,PE,PE-MDD,,-12.5190896,-69.0448032,Carretera Madama--Cocha a Km 11.5,2026-05-10 12:37,226,91
L22488247,PE,PE-MDD,,-11.1165442,-69.7455287,Carretera Madera Acre,2022-12-28 11:13,5,1
L4251001,PE,PE-LOR,,-4.7709228,-76.5229028,Carretera Marañón Pastaza,2026-06-13 07:24,336,95
L62336235,PE,PE-CAJ,,-6.749507,-78.1973213,Carretera Miguel Iglesias--Bosque Seco,2026-04-08 09:00,29,1
L4883961,PE,PE-PAS,,-10.7774514,-75.2568841,Carretera Oconal-Cedro Pampa,2026-08-08 16:32,152,23
L38586789,PE,PE-CAJ,,-7.275884,-79.0674737,Carretera Pampa Larga,2025-09-13 15:50,35,2
L13621517,PE,PE-HUC,,-9.4193849,-74.9517503,Carretera Paujil,2026-02-07 06:58,101,10
L4591033,PE,PE-PAS,,-10.7918902,-75.3115368,Carretera Puente Paucartambo-Villa Rica,2026-07-31 10:19,156,21
L52947364,PE,PE-LIM,,-11.680171,-76.527447,Carretera Santa Eulalia--Picnic,2026-06-09 10:45,36,13
L2305198,PE,PE-JUN,,-11.3381508,-74.7361093,Carretera Satipo,2026-08-28 16:55,458,97
L494593,PE,PE-JUN,,-11.2625,-74.6316667,Carretera Satipo Antena,2026-08-01 07:23,160,81
L8113800,PE,PE-JUN,,-11.509354,-74.820606,Carretera Satipo--Calabaza,2026-07-28 15:15,359,322
L10112197,PE,PE-JUN,,-11.5169157,-74.9353765,Carretera Satipo--Toldopampa,2026-08-04 10:15,243,100
L4769527,PE,PE-PUN,,-14.5270502,-69.2823386,Carretera Sina,2026-03-29 15:27,81,16
L3483345,PE,PE-CUS,,-13.3684938,-71.7013693,Carretera Tocra,2026-06-09 14:05,148,27
L51869350,PE,PE-HUC,,-9.4160669,-74.9341995,Carretera Trece Tiros,2025-08-22 10:21,18,1
L976323,PE,PE-SAM,,-6.73061,-76.37697,Carretera Upaquihua,2026-09-22 10:09,313,269
L6269107,PE,PE-CAJ,,-6.8883283,-78.0719644,Carretera Utco,2022-05-29 15:30,60,5
L3636322,PE,PE-PIU,,-4.2615074,-81.2330818,Carretera Vina del Mar--El Alto a Cabo Blanco,2026-04-06 08:55,54,3
L7796499,PE,PE-LAM,,-6.571126,-80.0745281,Carretera a La Noria,2026-03-18 06:38,41,7
L29427015,PE,PE-CUS,,-13.0683817,-71.5538731,Carretera a Manu--El Boque del Tio Victor,2026-09-27 09:40,370,760
L1004823,PE,PE-CUS,,-13.2172,-71.63297,Carretera a Manú--Cañón Spinetail a Paso Acjanaco,2026-09-26 12:25,265,248
L7239905,PE,PE-CUS,,-13.0275234,-71.4748463,Carretera a Manú--Chonta Chaca,2026-09-15 16:01,435,412
L3835160,PE,PE-CUS,,-13.0657106,-71.5617844,Carretera a Manú--Cock-of-the-Rock Lek,2026-09-27 15:36,502,1089
L599446,PE,PE-MDD,,-12.9086333,-71.4032667,Carretera a Manú--Encima de Pilcopata (760m),2026-09-13 09:02,344,128
L621801,PE,PE-CUS,,-13.177975,-71.60329,Carretera a Manú--Esperanza,2026-09-27 08:06,328,791
L2585907,PE,PE-CUS,,-13.43773,-71.65145,Carretera a Manú--Huacarpay a Paucartambo,2026-09-13 14:07,233,250
L21112849,PE,PE-CUS,,-13.024738,-71.483557,Carretera a Manú--Manu Endemic Station,2026-09-27 06:58,409,649
L33313033,PE,PE-CUS,,-13.1135929,-71.5713106,Carretera a Manú--Manu Magic Birds,2026-09-15 09:45,265,699
L1004830,PE,PE-CUS,,-13.07473,-71.55676,Carretera a Manú--Mirador (1700-1800m),2026-09-23 10:36,532,579
L1004908,PE,PE-CUS,,-13.19925,-71.6178,Carretera a Manú--Paso Acjanaco (Valqui A1.1),2026-09-26 16:22,307,994
L1004822,PE,PE-CUS,,-13.18687,-71.60091,Carretera a Manú--Paso Acjanaco a Wayquecha,2026-09-20 08:04,384,794
L1004836,PE,PE-CUS,,-12.97113,-71.42432,Carretera a Manú--Patria (600-900m),2026-09-15 16:11,559,401
L1004907,PE,PE-CUS,,-13.28086,-71.60707,Carretera a Manú--Paucartambo a Cañón Spinetail,2026-09-13 15:30,192,136
L1004837,PE,PE-CUS,,-12.90159,-71.38521,Carretera a Manú--Pilcopata a Atalaya (500-600m),2026-09-10 10:19,508,435
L599441,PE,PE-CUS,,-13.1620833,-71.5945,Carretera a Manú--Pillahuata (Valqui A1.2),2026-09-25 14:01,335,520
L599435,PE,PE-CUS,,-13.10135,-71.569083,Carretera a Manú--Rocotal,2026-09-24 16:44,430,636
L1004829,PE,PE-CUS,,-13.09397,-71.56322,Carretera a Manú--Rocotal Inferior (1800-2000m),2026-09-25 08:13,330,460
L1004828,PE,PE-CUS,,-13.11568,-71.57091,Carretera a Manú--Rocotal Medio (2000-2200m),2026-09-25 17:10,452,534
L1004827,PE,PE-CUS,,-13.14424,-71.58633,Carretera a Manú--Rocotal Superior (2200-2400m),2026-09-22 13:43,377,471
L6439661,PE,PE-CUS,,-13.1572177,-71.5881586,Carretera a Manú--Sector Buenos Aires,2026-09-23 13:40,226,189
L1004833,PE,PE-CUS,,-13.03499,-71.52388,Carretera a Manú--Tanager Corner a Thousand-meter Bridge (1100-1300m),2026-09-27 16:35,503,622
L1004835,PE,PE-CUS,,-13.02416,-71.49326,Carretera a Manú--Thousand-meter Bridge a Chontachacra (900-1100m),2026-09-24 13:10,455,286
L599443,PE,PE-CUS,,-13.1577714,-71.5976,Carretera a Manú--Túneles Pillahuata (2200-2500m),2026-09-22 12:28,323,694
L1004825,PE,PE-CUS,,-13.17066,-71.60379,Carretera a Manú--Túneles Pillahuata (2600-2800m),2026-09-26 14:03,348,853
L492945,PE,PE-AMA,,-5.8343333,-77.9985,Carretera a San Lorenzo/Rio Chido,2026-08-31 18:39,334,204
L2344431,PE,PE-AMA,,-6.2294932,-77.9166377,Casa Andina Classic Chachapoyas,2026-09-24 13:29,95,20
L4057102,PE,PE-PUN,,-15.8241116,-69.9971446,Casa Andina Private Collection Puno Hotel,2026-09-01 13:11,80,40
L4057068,PE,PE-CUS,,-13.2521698,-72.261951,Casa Andina Valle Sagrado,2026-07-17 06:03,118,40
L5067094,PE,PE-AMA,,-6.2262861,-77.9152349,Casa Hacienda Achamaqui,2026-08-17 16:07,130,143
L9166797,PE,PE-LIM,,-12.2548616,-76.8742347,Casa Hacienda Buenavista,2023-11-18 11:18,27,27
L37551008,PE,PE-ICA,,-13.5201196,-76.0725278,Casa Hacienda San José,2026-07-06 11:25,35,6
L12716017,PE,PE-PIU,,-4.9009046,-80.8199223,Casa Hacienda Sojo,2021-05-08 17:05,52,5
L20614068,PE,PE-AMA,,-6.7241942,-77.7984005,Casa Mallqui,2026-08-18 06:26,56,41
L4861357,PE,PE-MDD,,-11.9869771,-71.2389779,Casa Matsiguenka,2026-09-04 06:45,405,245
L20711690,PE,PE-LOR,,-3.7466743,-73.2421052,Casa Morey Hotel,2026-06-01 10:58,42,5
L27596139,PE,PE-ANC,,-9.0489878,-77.8183105,Casa Pura Vida,2026-07-08 11:45,26,10
L50839854,PE,PE-CAJ,,-7.1035747,-78.4229321,Casa Qinti Eco Lodge,2026-08-21 11:09,32,14
L43779673,PE,PE-AMA,,-6.0531103,-77.8956782,Casa Ura,2026-02-12 18:12,58,17
L38172431,PE,PE-LAL,,-7.3359067,-79.5626961,Casa de Campo Aramburú,2024-11-17 14:00,21,1
L27773390,PE,PE-CUS,,-13.2778478,-72.1801651,Casa de las Flores Valle,2026-08-21 07:00,55,22
L45609144,PE,PE-SAM,,-6.4778392,-76.371764,CasaBosque,2026-07-23 07:47,70,6
L957533,PE,PE-LIM,,-11.65018,-76.23769,Casapalca (pueblo),2025-11-17 09:55,34,18
L3332448,PE,PE-MDD,,-12.8507578,-69.4577497,Cascada El Gato,2026-09-05 14:41,314,92
L10697175,PE,PE-CAJ,,-7.078195,-78.1528724,Cascada La Novia,2020-02-06 08:00,6,0
L15314773,PE,PE-JUN,,-12.1061727,-75.1288908,Cascada Miraflores,2023-01-14 08:30,31,7
L34834587,PE,PE-UCA,,-9.0704136,-75.7028003,Cascada Muralla del Amor,2024-07-16 13:43,6,1
L16624423,PE,PE-UCA,,-9.0728784,-75.6817065,Cascada Velo de La Novia,2024-12-22 12:50,24,14
L8698153,PE,PE-AYA,,-13.1476081,-73.5631117,Cascada Waqamullo,2019-02-21 13:30,13,1
L74159056,PE,PE-JUN,,-11.074666,-74.6939626,Cascada Yavironi,2026-08-29 09:52,26,3
L22946378,PE,PE-JUN,,-11.4179939,-76.2963282,Cascada de Carispaccha,2026-09-07 10:31,7,3
L44910307,PE,PE-SAM,,-7.42744,-76.664705,Cascada de Macana,2025-05-10 11:30,40,1
L23845236,PE,PE-LIM,,-11.3698043,-76.4616915,Cascada de Pomora,2024-04-15 12:36,16,4
L17913447,PE,PE-SAM,,-6.423533,-76.283793,Cascadas Lágrimas de la Novia,2026-05-09 11:18,43,18
L48777288,PE,PE-JUN,,-11.7043709,-75.3715727,Cascadas de Quero,2026-06-19 15:38,14,2
L23592147,PE,PE-ANC,,-9.5205973,-77.4384642,Caseria Janku,2025-08-29 15:40,16,2
L35073715,PE,PE-UCA,,-8.3398809,-74.587073,Caserio 11 de Agosto,2026-05-15 15:56,61,8
L31668071,PE,PE-UCA,,-8.4412525,-75.2567648,Caserio Bello Horizonte,2025-02-01 07:38,62,6
L35989755,PE,PE-LAM,,-6.5739024,-80.0096168,Caserio Cartagena,2026-08-02 07:00,84,49
L4937751,PE,PE-CAJ,,-7.2591077,-78.4807384,Caserio El Marco,2026-08-19 16:30,71,72
L44856036,PE,PE-HUC,,-9.3783663,-76.0315691,Caserio Juan Santos Atahualpa,2025-10-11 10:24,50,12
L46972681,PE,PE-CAJ,,-7.084952,-78.0463597,Caserio La Quinua,2025-04-10 10:00,1,0
L31765175,PE,PE-SAM,,-6.130667,-77.21506,Caserio Perla de Cascayuga,2024-05-11 06:30,30,0
L36548611,PE,PE-LAM,,-6.5338088,-80.0245356,Caserío Angolo 1,2024-09-12 14:30,22,1
L36010567,PE,PE-LAM,,-6.512935,-80.0100679,Caserío Annape,2024-10-13 15:09,49,4
L7723416,PE,PE-LAM,,-6.498538,-80.009653,Caserío El Romero,2022-11-17 07:17,54,10
L7370528,PE,PE-SAM,,-7.3082402,-77.0368195,Caserío Gran Pajatén,2024-09-22 08:58,47,7
L14876281,PE,PE-UCA,,-9.3121587,-74.499198,Caserío Hatum Rumi,2026-06-09 11:28,54,19
L37001514,PE,PE-LAM,,-6.5506405,-79.9429568,Caserío Huaca de Barro,2024-10-02 11:04,32,2
L10521747,PE,PE-HUC,,-9.6039113,-75.4665233,Caserío Independencia,2026-07-31 17:52,29,1
L31740530,PE,PE-TUM,,-3.691881,-80.21423,Caserío Isla Noblecilla,2025-10-11 07:31,111,15
L32185013,PE,PE-CAJ,,-5.9104008,-78.9981789,Caserío La Fila,2025-12-28 06:17,71,25
L36847583,PE,PE-JUN,,-11.057317,-75.4094182,Caserío Promisora,2026-06-27 17:38,39,12
L5729838,PE,PE-PIU,,-5.0606206,-79.865875,Caserío Santiago,2017-04-17 17:10,11,1
L24212804,PE,PE-SAM,,-8.3955059,-76.7388743,Caserío Shunte,2024-07-25 17:48,31,5
L8701242,PE,PE-CUS,,-13.1588871,-72.2742946,Caserío Waqracancha,2026-09-25 16:15,129,322
L36626608,PE,PE-LAM,,-6.5583112,-80.0174321,Caserío dos Palos,2026-05-31 15:24,71,13
L17048676,PE,PE-HUC,,-9.5872874,-75.2660638,Caserío los Angeles,2021-12-05 09:02,19,1
L5729717,PE,PE-PIU,,-5.0356393,-79.8296018,Caserío Ñoma,2023-07-15 00:00,8,1
L8928300,PE,PE-UCA,,-8.3344907,-74.6501663,Cashibo Ecolodge,2026-02-19 07:29,166,85
L37679022,PE,PE-TUM,,-3.9266488,-80.6380813,Casitas Cañaveral,2024-10-20 13:35,1,1
L50569710,PE,PE-LIM,,-11.5741809,-77.2715349,Castillo de Chancay,2025-12-26 16:20,37,8
L8537172,PE,PE-CUS,,-13.3805524,-72.0370107,Catara de Poq Poq,2026-07-14 08:06,63,25
L28229654,PE,PE-JUN,,-11.300217,-74.4575214,Catarata Arco Iris,2023-12-09 00:00,4,0
L9390992,PE,PE-JUN,,-10.8562524,-75.113529,Catarata Bayoz,2025-05-30 16:21,23,6
L21885748,PE,PE-JUN,,-10.9298151,-75.1303482,Catarata Boca Tigre,2026-07-29 08:29,33,4
L33116542,PE,PE-UCA,,-9.0665957,-75.6792927,Catarata Ducha del Diablo y Boquerón,2024-07-02 17:05,33,6
L8661769,PE,PE-CAJ,,-6.7954469,-78.3363142,Catarata El Cornelio,2024-03-09 07:21,49,3
L9213836,PE,PE-JUN,,-11.4181772,-74.7694298,Catarata Gallito de Las Rocas,2026-04-04 07:35,122,18
L2333041,PE,PE-AMA,,-6.0229469,-77.8874069,Catarata Gocta,2026-09-12 08:30,291,179
L26342393,PE,PE-HUC,,-9.4460231,-75.9870731,Catarata Honolulo,2024-08-31 16:35,44,0
L9455871,PE,PE-LIM,,-11.8944803,-76.4392662,Catarata Huanano,2026-09-12 15:00,55,31
L9263464,PE,PE-CUS,,-12.8072867,-72.6860803,Catarata Huayllayoc,2024-08-23 12:02,34,5
L30452355,PE,PE-PAS,,-10.5043644,-74.7766972,Catarata Janiriani,2024-04-27 14:14,39,2
L7773350,PE,PE-HUC,,-9.7081837,-75.5074596,Catarata La Huanca,2022-07-11 09:16,157,32
L11067877,PE,PE-CAJ,,-7.0234039,-78.0920791,Catarata La Novia,2020-02-06 07:30,21,1
L75380010,PE,PE-LIM,,-11.9127051,-76.4265633,Catarata Palacala,2026-08-09 12:00,7,2
L55654802,PE,PE-CUS,,-13.5903889,-71.8922567,Catarata Paqchayoq Suncco y Pumahuanca,2025-11-16 11:11,7,1
L30040263,PE,PE-CUS,,-13.3105344,-72.2624874,Catarata Perolniyoc,2026-07-12 12:09,66,13
L37523940,PE,PE-PAS,,-10.6828118,-75.3556696,Catarata Rio Tigre,2026-08-19 11:10,10,4
L28241038,PE,PE-JUN,,-11.3300641,-74.6862248,Catarata San Andrés,2026-08-28 16:49,46,1
L18546212,PE,PE-JUN,,-10.810911,-75.2293477,Catarata Sanchirio,2025-11-23 16:30,14,2
L14836829,PE,PE-HUC,,-9.3516283,-75.9666183,Catarata Santa Carmen,2026-06-14 07:15,68,14
L34833581,PE,PE-UCA,,-9.1623507,-75.7606885,Catarata Santa Rosa,2024-07-16 09:55,10,1
L39167813,PE,PE-CUS,,-13.3516424,-71.929037,Catarata Sirenachayoc,2026-03-28 15:00,43,10
L31771376,PE,PE-SAM,,-8.4853184,-76.5958214,Catarata Velo de Plata,2019-05-04 06:00,26,1
L61471651,PE,PE-HUC,,-9.3635808,-76.0634136,Catarata de Las Golondrinas,2026-08-08 17:52,50,2
L72557668,PE,PE-HUC,,-9.3635808,-76.0634029,Catarata de Las Golondrinas,2026-07-05 06:00,35,1
L5041246,PE,PE-CUS,,-12.883182,-72.6480818,Catarata de Mandor,2026-04-22 07:41,164,36
L5305887,PE,PE-CUS,,-12.9688141,-72.5286752,Catarata del Oso,2025-06-20 14:40,108,10
L40694971,PE,PE-JUN,,-11.0428019,-75.3005961,Cataratas Las Reinas,2026-09-17 12:48,264,43
L32080583,PE,PE-UCA,,-8.4371881,-75.3475668,Cataratas Regalía,2025-12-31 10:00,21,2
L24132404,PE,PE-CUS,,-12.6613936,-72.6716459,Cataratas Tobogan,2023-11-08 17:52,36,3
L4608835,PE,PE-AYA,,-14.640986,-74.4497066,Cataratas Verde Cocha,2017-09-10 06:55,38,6
L2363486,PE,PE-LIM,,-11.8592042,-76.3718301,Cataratas de Antakallo,2026-05-02 12:36,21,4
L28391193,PE,PE-PUN,,-17.283265,-69.712226,Cataratas de Conchachiri,2010-04-17 10:40,9,0
L9745239,PE,PE-AMA,,-5.916888,-77.908763,Cataratas de Cuispes,2026-07-11 08:20,133,16
L5041165,PE,PE-CUS,,-12.6763589,-72.6272263,Cataratas de Illapani,2026-02-27 09:37,71,14
L7722042,PE,PE-CUS,,-13.1539268,-72.5238097,Cataratas de Mandor,2026-09-20 05:24,143,63
L4573529,PE,PE-PUN,,-15.8046031,-70.0987735,Cataratas de Totorani,2026-08-27 15:31,12,3
L23163015,PE,PE-CUS,,-12.7581422,-73.3878885,Catarta Tinajas del Amor-Kepashiato,2023-03-18 15:25,2,12
L6983676,PE,PE-TAC,,-18.0145469,-70.2519129,Catedral de Tacna,2026-06-04 10:36,28,27
L73869197,PE,PE-AMA,,-6.1389334,-77.9904842,Caverna de Quiocta,2026-08-12 14:37,4,0
L33526750,PE,PE-UCA,,-8.3329123,-74.5620911,Caño Pacacocha,2026-07-02 06:33,107,15
L4598897,PE,PE-UCA,,-8.2495464,-74.6375513,Caño de Alejandria,2025-05-10 05:18,159,22
L22432310,PE,PE-AYA,,-15.268982,-73.332895,Cañon Pausa,2013-12-15 17:00,2,2
L6327831,PE,PE-CUS,,-13.968303,-71.2967741,Cañon de Ananiso,2026-05-28 13:47,48,8
L5778950,PE,PE-ARE,,-15.2504849,-72.9140925,Cañon de Cotahuasi,2020-11-21 21:20,43,10
L962441,PE,PE-CAJ,,-6.85337,-78.03017,Cañón Balsas,2026-09-26 15:46,141,87
L983793,PE,PE-AMA,,-6.7502778,-77.7986111,Cañón Condor,2026-09-14 16:57,210,144
L976326,PE,PE-SAM,,-6.14702,-76.84137,Cañón Quiscarrumi,2026-09-22 15:27,185,905
L5499396,PE,PE-PUN,,-15.0196553,-70.5788755,Cañón Tinajani,2026-09-04 08:35,54,10
L4470950,PE,PE-CAJ,,-7.08619,-78.40025,Cañón de Sangal,2026-09-26 08:51,142,244
L23163055,PE,PE-CUS,,-12.6898762,-73.349635,Cañón de Shirimpiari-Kepashiato,2023-03-18 17:26,13,14
L24481356,PE,PE-JUN,,-11.8516422,-75.7468459,Cañón de Shujto,2026-08-10 11:30,32,4
L28300500,PE,PE-JUN,,-11.2632845,-75.7834902,Cañón de Ushto,2025-11-29 21:11,2,0
L18053181,PE,PE-CAJ,,-6.6683444,-78.5498302,Cañón del Ahuque,2025-08-10 09:24,29,6
L1289028,PE,PE-ARE,,-15.6273571,-72.0854187,Cañón del Colca (Área General. Por favor usa una localidad más precisa),2026-09-27 18:09,152,824
L54796763,PE,PE-ARE,,-15.6095215,-71.9291425,Cañón del Colca--Hotel La Granja del Colca,2026-09-15 08:42,38,10
L2231326,PE,PE-ARE,,-15.61108,-71.90596,Cañón del Colca--Mirador Cruz del Cóndor,2026-09-27 18:09,126,569
L4302656,PE,PE-ARE,,-15.6117535,-71.9695312,Cañón del Colca--Mirador de San Miguel,2026-09-22 10:00,60,16
L4033714,PE,PE-ARE,,-15.6111335,-71.9503212,Cañón del Colca--Mirador de Tapay,2026-09-19 08:00,63,27
L3634375,PE,PE-ARE,,-15.6086561,-71.8941293,Cañón del Colca--Mirador del Cura,2026-09-18 08:15,92,102
L37350061,PE,PE-ARE,,-15.581861,-72.0074182,Cañón del Colca--Puente Llahuar,2026-08-21 08:56,42,6
L14049410,PE,PE-HUV,,-12.095804,-74.7067951,Cañón del Mantaro,2025-08-24 13:21,29,21
L971802,PE,PE-LOR,,-3.5174047,-73.0766344,Ceiba Tops Lodge,2026-09-02 21:07,412,552
L2702700,PE,PE-LOR,,-3.5327393,-73.0559921,Ceiba Tops Lodge--Islas del Río Amazonas,2026-09-07 17:22,320,156
L33816403,PE,PE-UCA,,-8.4099314,-74.6593984,Cementerio Descanso Eterno,2025-10-10 16:43,37,7
L18674602,PE,PE-CUS,,-12.873144,-72.7025755,Cementerio General Quillabamba,2026-09-13 15:48,22,2
L6223531,PE,PE-UCA,,-8.3927593,-74.5707858,Cementerio General de Pucallpa,2024-10-08 08:28,21,4
L5912899,PE,PE-CUS,,-13.498171,-72.0327888,Cementerio Jardines de La Luz,2025-12-29 08:40,40,13
L24317347,PE,PE-ARE,,-16.3812666,-71.5657174,Cementerio Parque de la Esperanza,2026-07-14 08:32,1,1
L4015876,PE,PE-LIM,,-11.6526672,-76.4686981,Central Hidroeléctrica de Huanza,2026-09-26 13:16,54,33
L10905039,PE,PE-CUS,,-13.4833691,-71.9621229,Centro Arquelogico Puka Pukara,2026-09-07 13:00,78,100
L6289832,PE,PE-HUC,,-9.9289055,-76.2805223,Centro Arqueologico Kotosh,2026-09-25 15:06,47,13
L9132151,PE,PE-CUS,,-13.3894526,-72.0462584,Centro Arqueológico de Chinchero,2026-09-21 11:22,84,151
L12216623,PE,PE-MDD,,-12.4995573,-69.1662129,Centro Cachuela,2026-05-09 06:31,187,27
L12358544,PE,PE-MDD,,-12.709,-69.227,Centro Ecológico Chonta,2026-05-23 05:58,101,9
L4839103,PE,PE-PIU,,-5.3019036,-79.5343637,Centro Poblado Cascapampa,2024-04-27 15:46,45,8
L5614725,PE,PE-PIU,,-5.380441,-80.6415523,Centro Poblado Chato Grande,2024-03-02 17:06,26,2
L4998488,PE,PE-HUV,,-13.5033999,-75.1293612,Centro Poblado Chaupi,2021-10-28 16:15,59,4
L4916175,PE,PE-MDD,,-12.750059,-69.551568,Centro Poblado Florida  Baja,2026-09-05 11:38,94,15
L4865350,PE,PE-CAJ,,-7.185926,-78.4602833,Centro Poblado Fundo La Victoria,2026-03-16 13:25,37,3
L4895202,PE,PE-PIU,,-5.0216064,-79.3240356,Centro Poblado Huachumo,2016-07-06 08:40,20,1
L4847742,PE,PE-PIU,,-5.00114,-79.9024,Centro Poblado San Martin de Huala,2015-09-26 07:00,17,1
L4877841,PE,PE-CAJ,,-6.8506831,-78.0903345,Centro Poblado del Limón--San Isidro,2024-04-23 08:00,61,5
L17229385,PE,PE-SAM,,-6.496955,-76.3355184,Centro Recreacional Laguna Venecia,2026-05-10 06:40,43,10
L10645858,PE,PE-SAM,,-6.458882,-76.3520457,Centro Urku,2026-08-17 15:43,97,23
L5629454,PE,PE-MDD,,-12.6051293,-69.1357344,"Centro de Educacion, Ciencia y Conservacion Tambopata/Hacienda Herrera",2026-09-08 08:54,351,343
L7770460,PE,PE-MDD,,-12.1227301,-69.4696607,Centro de Hoja Nueva,2024-08-01 08:45,126,15
L11854742,PE,PE-LOR,,-4.4480902,-73.5935969,Centro de Interpretación Ecológico del IESTP,2026-07-11 12:50,312,179
L11448365,PE,PE-CUS,,-12.8160808,-72.6130839,Centro de Interpretación del Café,2022-04-14 11:14,16,2
L4698353,PE,PE-LOR,,-4.8990503,-73.6505735,Centro de Investigación Jenaro Herrera,2026-08-04 07:55,394,56
L58125303,PE,PE-HUC,,-9.1246395,-76.0402822,Centro de Investigación y Producción Tulumayo Anexo La Divisoria,2026-06-20 10:16,19,1
L847571,PE,PE-LIM,,-12.1119003,-76.9700861,Centro de Ornitología y Biodiversidad,2026-05-08 08:56,27,25
L27842221,PE,PE-CUS,,-12.8996645,-71.3897181,Centro de Rescate Dos Loritos,2026-09-26 06:24,88,26
L36816262,PE,PE-CAJ,,-5.9022639,-78.9907666,Cerro Altamisa,2025-03-01 09:18,48,8
L7467717,PE,PE-ARE,,-15.6239668,-71.9844067,Cerro Antesana,2026-06-11 09:00,52,20
L4116803,PE,PE-PIU,,-4.711806,-79.5789313,Cerro Aypate,2024-07-07 18:26,91,5
L604823,PE,PE-LIM,,-13.0272934,-76.4831257,Cerro Azul,2026-07-24 07:41,69,45
L25610981,PE,PE-MOQ,,-17.1108513,-70.860014,Cerro Baúl,2023-06-30 09:00,3,0
L16561709,PE,PE-LAL,,-8.0899604,-78.1431448,Cerro Botica,2026-08-22 07:30,43,8
L9261896,PE,PE-JUN,,-11.0790708,-76.1520669,Cerro Calvario,2026-08-01 06:08,87,66
L9216197,PE,PE-LAL,,-7.842676,-77.707693,Cerro Chinchango
L17427674,PE,PE-PIU,,-5.12634,-79.39079,Cerro Chinguela,2026-05-09 09:23,171,171
L6479131,PE,PE-PIU,,-5.1131717,-79.6946096,Cerro Choco,2017-11-08 16:10,62,3
L29905970,PE,PE-HUC,,-9.2664744,-76.0395648,Cerro Cotomono,2024-07-07 13:30,16,0
L2711466,PE,PE-PIU,,-4.5631314,-79.9910098,Cerro El Poto,2016-03-26 07:50,71,3
L912617,PE,PE-AMA,,-5.6927222,-78.7234722,Cerro Gavilan,2023-12-03 11:18,61,10
L3655151,PE,PE-CAJ,,-5.37858,-78.76007,Cerro Huayurco,2019-10-20 16:00,22,2
L7369558,PE,PE-CAJ,,-6.3668153,-78.8195121,Cerro Ilucán,2026-09-12 07:22,36,8
L3876376,PE,PE-ANC,,-9.7080954,-77.4185514,Cerro Ishcay Huarica,2019-07-04 09:08,51,2
L12594558,PE,PE-TUM,,-3.5984667,-80.4533581,Cerro Malpaso,2024-03-27 16:48,79,2
L904022,PE,PE-AMA,,-5.817694,-77.810139,Cerro Metal,2025-10-26 10:21,177,12
L41025813,PE,PE-SAM,,-5.947065,-77.319475,Cerro Mirador de Nueva Cajamarca,2026-05-15 06:50,127,13
L4970632,PE,PE-CAJ,,-6.9453146,-78.8174152,Cerro Negro,2018-05-05 13:30,64,3
L13742428,PE,PE-CUS,,-12.6386993,-72.5717381,Cerro Pabellón,2026-04-10 06:30,55,4
L6479079,PE,PE-PIU,,-5.1225541,-79.7050059,Cerro Palo Colorado,2017-10-28 09:10,3,1
L5540058,PE,PE-PIU,,-4.488149,-80.01879,Cerro Pindo,2019-08-02 09:20,132,15
L9810892,PE,PE-PAS,,-10.5398192,-76.3725698,Cerro Quntuyuc,2019-08-11 09:10,35,4
L3077984,PE,PE-LAM,,-6.8728303,-79.7710848,Cerro Reque,2026-09-12 11:02,50,41
L7741090,PE,PE-CAJ,,-7.1606698,-78.5191364,Cerro Santa Apolonia,2026-09-06 16:23,49,48
L2584095,PE,PE-AMA,,-6.2338,-78.11011,Cerro Shucahuala,2024-11-05 07:12,151,11
L13097461,PE,PE-LIM,,-12.1030941,-76.939343,Cerro Torres de Oropesa,2024-04-29 12:30,20,14
L846516,PE,PE-LOR,,-7.1986601,-74.9452972,Cerros de Contamana,2023-05-13 12:25,69,14
L2308887,PE,PE-PUN,,-13.1873595,-70.2459183,Cerrro Chocolatillo
L6773484,PE,PE-ARE,,-15.7188995,-71.3204527,Chalhuanca (pueblo),2023-12-03 10:20,43,1
L9392407,PE,PE-JUN,,-11.0501335,-75.3212357,Chanchamayo Inn Hotel,2026-06-19 11:42,46,5
L3876462,PE,PE-ANC,,-9.5884631,-77.177732,Chavin de Huanta (pueblo),2026-04-21 12:05,37,13
L4610395,PE,PE-ARE,,-16.3980893,-71.3916385,Chiguata,2026-09-20 09:22,126,340
L39232144,PE,PE-ARE,,-16.4042582,-71.4014158,"Chiguata--Tilumpaya, transecto a Plaza Chiguata",2026-09-20 07:09,42,6
L38205154,PE,PE-ARE,,-16.4044413,-71.4016395,"Chiguata--Tilumpaya, transecto a río",2026-05-08 08:46,63,23
L4051791,PE,PE-CAJ,,-7.2216153,-78.8395268,Chilete (pueblo),2026-08-07 08:38,60,36
L7931263,PE,PE-SAM,,-6.3871903,-76.4302324,Chirapa Manta Lodge,2026-07-07 06:01,59,5
L1177418,PE,PE-ARE,,-15.636685,-71.6022371,Chivay (pueblo),2026-09-27 15:20,89,109
L57824437,PE,PE-ARE,,-15.6333,-71.60405,Chivay--Puente Inca (río Colca),2026-08-27 19:04,49,47
L4175218,PE,PE-AMA,,-6.3965991,-77.9816122,Choctamal Marvelous Spatuletail Lodge,2022-05-26 08:23,89,13
L4181172,PE,PE-CAJ,,-6.8630177,-78.0757511,Choloque,2026-09-26 08:59,118,101
L28184507,PE,PE-SAM,,-8.3827092,-76.3711478,Cholón Park,2026-01-30 05:53,72,15
L5646154,PE,PE-CAJ,,-7.2867279,-78.5736394,Choropampa (pueblo),2026-09-11 15:27,78,2
L2574687,PE,PE-CAJ,,-6.8595048,-78.0415803,Choropata,2026-07-30 08:26,111,69
L31785327,PE,PE-CAJ,,-6.8619228,-79.0199804,Chorro Blanco,2024-12-19 18:07,20,5
L5493122,PE,PE-LOR,,-4.1065251,-73.2117534,Chullachaqui Eco Lodge,2023-09-11 10:18,90,3
L4619893,PE,PE-MDD,,-12.8734287,-69.4992073,Chuncho Lodge,2026-09-27 16:04,516,560
L25843053,PE,PE-MDD,,-12.873626,-69.496604,Chuncho Lodge--Tower,2026-08-28 16:13,298,149
L23149155,PE,PE-CUS,,-12.650366,-72.6671049,Chunchu Wasi,2026-05-07 07:11,271,215
L12869848,PE,PE-PUN,,-14.2036048,-69.0698792,Chuquini Puno,2025-10-11 15:11,48,4
L41145105,PE,PE-ANC,,-9.5047094,-77.4664359,Churup Mountain Lodge,2026-04-26 21:29,8,0
L1795758,PE,PE-LIM,,-12.1004088,-76.7900391,Cieneguilla (pueblo),2025-11-23 15:03,66,36
L10067855,PE,PE-LIM,,-12.1958037,-76.834854,Circuito El Prado,2026-08-22 13:31,60,47
L38240148,PE,PE-JUN,,-11.1758142,-75.453694,Circuito Turístico Agua Flor,2025-05-31 14:19,21,3
L38240058,PE,PE-JUN,,-11.1783069,-75.4538493,Circuito Turístico Agua Flor--Entrada,2026-07-26 16:31,25,11
L38240210,PE,PE-JUN,,-11.1748829,-75.4533672,Circuito Turístico Agua Flor--Tercera Catarata,2025-05-31 10:51,16,2
L2354587,PE,PE-LIM,,-12.09371,-77.0817089,Circuito de Playas,2026-09-12 20:19,63,70
L6525291,PE,PE-LAL,,-7.3829089,-79.5655257,Ciénaga Pacasmayo,2026-09-27 06:30,81,26
L35906046,PE,PE-ICA,,-13.7195108,-76.2209516,Ciénaga San Andrés (histórico),2026-06-28 09:50,59,12
L56745935,PE,PE-ICA,,-14.0826997,-75.7504045,Club Centro Social Ica,2026-01-02 16:25,11,1
L52741665,PE,PE-LIM,,-11.9175352,-76.6226999,Club Centromin,2025-09-08 06:05,28,1
L51789673,PE,PE-LIM,,-11.9624283,-76.7337402,Club Koricancha,2026-01-24 12:21,23,9
L60691689,PE,PE-LIM,,-12.6982594,-76.6517334,Club Playa Aventura,2026-05-25 16:54,20,6
L10866258,PE,PE-LIM,,-12.0101115,-77.0010837,Club Zonal Huiracocha,2026-09-20 10:20,23,24
L723845,PE,PE-LIM,,-11.9528193,-76.7321473,Club de Campo El Bosque,2024-12-12 14:29,62,25
L73950486,PE,PE-LIM,,-11.9505364,-76.705513,Club de Regatas Lima -- Filial La Cantuta (Acceso restringido),2026-07-15 08:00,10,1
L1867525,PE,PE-AMA,,-6.0578503,-77.8931576,Cocachimba (pueblo),2026-09-22 17:20,242,205
L758591,PE,PE-MDD,,-12.4047243,-70.7154751,Cocha Blanco,2026-09-04 05:48,481,419
L19066127,PE,PE-LOR,,-2.2852573,-71.6326306,Cocha Bobona,2022-04-25 15:00,29,3
L9226895,PE,PE-MDD,,-12.1695538,-71.0080452,Cocha Brashco,2026-08-23 09:51,168,23
L14876233,PE,PE-UCA,,-8.8514821,-74.5527086,Cocha Callejón de la Muerte,2026-07-04 11:43,54,11
L758592,PE,PE-MDD,,-12.4305417,-70.6769371,Cocha Camungo,2026-09-13 09:30,494,415
L14201309,PE,PE-MDD,,-12.4445641,-70.6787314,Cocha Camungo--Canopy Platform,2026-09-13 09:30,337,107
L7365351,PE,PE-LOR,,-4.64032,-73.84692,Cocha Huaylla,2026-05-04 09:01,145,30
L602399,PE,PE-MDD,,-12.1247222,-71.0866667,Cocha Juarez (Valqui A4.1),2026-07-05 08:43,323,41
L9403218,PE,PE-MDD,,-12.8299733,-71.3772404,Cocha Machuhuasi,2026-09-25 10:20,490,786
L2352158,PE,PE-MDD,,-12.0425104,-71.1920071,Cocha Otorongo,2026-08-23 05:46,320,106
L611716,PE,PE-MDD,,-11.9977657,-71.2225628,Cocha Salvador,2026-09-22 15:00,493,299
L46701722,PE,PE-ICA,,-14.569272,-75.308908,Cocha de Moquillaza,2025-07-27 16:30,38,2
L11227539,PE,PE-CUS,,-13.4669581,-71.8977125,Cochahuasi Animal Sanctuary,2026-09-07 09:28,59,26
L8895711,PE,PE-CUS,,-13.0031776,-72.5758688,Cochapata Lodge,2025-12-23 12:05,74,3
L599445,PE,PE-CUS,,-13.0558486,-71.5452057,Cock-of-the-Rock Lodge & Manu Paradise Lodge,2026-09-27 05:25,780,4260
L2316533,PE,PE-ARE,,-15.6504298,-71.668539,Colca Lodge Spa & Hot Springs,2026-09-17 17:00,97,96
L21695198,PE,PE-CUS,,-13.3184274,-72.668767,Colcapampa (pueblo),2026-08-27 16:47,144,36
L27542484,PE,PE-CAJ,,-7.1701393,-78.4971534,Colegio Antonio Guillermo Urrelo,2024-10-31 16:10,12,2
L3844080,PE,PE-CAJ,,-6.5538545,-78.6755419,Colegio Experimental Agropecuario Chota,2026-05-09 17:17,49,13
L5830969,PE,PE-LIM,,-12.0549807,-76.9507152,Colegio Nuestra Señora de La Merced,2026-05-16 12:00,10,2
L32284251,PE,PE-LIM,,-12.1306547,-76.9734987,"Colegio de la Inmaculada, Jesuitas",2026-08-28 16:45,23,8
L24312274,PE,PE-MDD,,-12.9644632,-69.5120072,Collpa 08 Gallinas,2026-08-20 09:09,291,305
L2319971,PE,PE-MDD,,-12.9994354,-69.5126224,Collpa Chuncho Macaw Clay Lick,2026-09-27 05:19,453,488
L7675006,PE,PE-MDD,,-12.5172572,-69.1712858,Collpa La Cachuela,2026-09-21 06:22,280,220
L2378068,PE,PE-MDD,,-12.8244667,-69.2893124,Collpa La Torre,2026-08-09 06:35,160,36
L1532813,PE,PE-MDD,,-12.79576,-71.39124,Collpa Mascoitania,2026-09-24 05:44,223,180
L2291967,PE,PE-MDD,,-12.6347325,-69.5094681,Collpa de Loros,2020-01-11 06:30,34,3
L17348366,PE,PE-MDD,,-12.793184,-71.3934785,Collpa de Manu,2026-07-29 06:19,168,57
L18596105,PE,PE-MDD,,-12.9137589,-69.5175764,Collpas Tambopata Inn,2026-08-26 05:37,437,514
L6577285,PE,PE-MDD,,-12.929826,-69.5112866,Collpas Tambopata Inn--Torre de observación,2026-08-15 09:43,331,79
L8177340,PE,PE-CUS,,-13.3221303,-72.6651808,Colpa Lodge,2026-08-26 14:53,140,34
L6534567,PE,PE-UCA,,-10.6689162,-73.5123324,Colpa Pucani,2007-06-30 00:00,13,2
L41431898,PE,PE-LOR,,-7.191926,-74.95524,Colpa de Guacamayos,2026-02-13 06:06,6,2
L73268328,PE,PE-ANC,,-9.5543643,-78.2274795,Complejo Arqueoastronómico de Chankillo,2014-06-06 09:35,10,0
L8516379,PE,PE-CUS,,-13.7044902,-71.9676375,Complejo Arqueologico Mauk'a Llaqta,2026-02-15 12:29,31,4
L5221667,PE,PE-LAL,,-7.9137552,-79.3059254,Complejo Arqueológico El Brujo,2026-09-27 12:00,60,24
L55632203,PE,PE-PUN,,-15.0453523,-70.3727531,Complejo Arqueológico Pukara,2026-08-21 08:36,32,8
L30303419,PE,PE-LIM,,-11.3259605,-76.8038041,Complejo Arqueológico Rupac,2026-05-16 11:01,10,1
L7869621,PE,PE-HUC,,-9.9016,-76.59486,Complejo Arqueológico de Garu,2026-09-19 10:11,22,2
L17036698,PE,PE-ARE,,-16.4734152,-71.5500069,Complejo Arqueológico de Pillo,2026-09-22 08:57,34,16
L34088972,PE,PE-ANC,,-9.4804338,-78.2578552,Complejo Arqueológico de Sechín,2026-05-07 16:05,23,11
L6239813,PE,PE-LOR,,-3.7603189,-73.2785672,Complejo Centenario Padres Agustinos,2026-09-13 07:29,166,47
L24411095,PE,PE-JUN,,-11.9463378,-75.2773762,Complejo Deportivo Alahuato,2026-05-31 07:05,16,4
L11635606,PE,PE-LIM,,-12.1104082,-77.0527718,Complejo Deportivo Manuel Bonilla,2026-05-09 16:53,32,21
L22609217,PE,PE-CUS,,-12.9097952,-72.7856768,Complejo Ecológico Tres Cruces,2025-09-21 15:00,55,16
L40329518,PE,PE-HUV,,-12.7811466,-74.9565625,Complejo Ecoturistico Seccsachaca,2025-02-09 06:21,4,3
L12425325,PE,PE-LOR,,-3.9375272,-73.3597491,Complejo Educativo El Milagro Fé y Alegría,2026-07-26 07:05,270,50
L10576470,PE,PE-ICA,,-13.8199082,-76.2503387,Complejo Pesquero La Puntilla,2026-07-28 16:51,61,17
L1587052,PE,PE-SAM,,-6.0132866,-77.2582684,Complejo Turístico Yacumama,2026-09-21 10:19,339,294
L4607356,PE,PE-LOR,,-3.5640048,-73.1177782,Comunidad Campesina de San Rafael,2026-08-20 17:46,291,189
L3836025,PE,PE-CAJ,,-7.2087933,-78.3278203,Comunidad Chilacat,2023-08-21 07:14,45,16
L7394292,PE,PE-AMA,,-3.33787,-77.87649,Comunidad Cucuasa,2018-05-03 17:20,71,1
L6327787,PE,PE-CUS,,-13.9231956,-71.268167,Comunidad Hanchipacha,2026-07-04 06:43,39,11
L53947443,PE,PE-JUN,,-11.1916786,-74.900785,Comunidad La Nueva Florida,2025-10-11 11:45,46,15
L8782484,PE,PE-HUC,,-9.4355022,-75.3501025,Comunidad Nativa De Santa Marta,2022-02-16 11:32,112,6
L27867528,PE,PE-MDD,,-12.3372974,-70.9583093,Comunidad Nativa Diamante,2026-07-12 15:20,101,30
L55993689,PE,PE-MDD,,-11.718304,-70.374233,Comunidad Nativa Monte Salvado,2026-04-01 05:54,156,95
L55993543,PE,PE-MDD,,-11.902723,-70.134448,Comunidad Nativa Puerto Nuevo,2026-03-29 06:04,113,15
L54518883,PE,PE-LOR,,-2.4085809,-71.1766714,Comunidad Nativa Remanso,2025-11-05 05:15,50,0
L4677114,PE,PE-UCA,,-10.597393,-72.9435545,Comunidad Nativa San Juan de Inuya,2016-02-02 07:00,64,2
L40180118,PE,PE-PAS,,-10.4144813,-74.8968111,Comunidad Nativa Santa Isidora,2025-02-08 15:35,8,1
L49963991,PE,PE-HUC,,-9.2130431,-74.8761738,Comunidad Nativa Santa Teresa,2026-05-12 10:23,106,8
L55045136,PE,PE-CAJ,,-4.9779565,-78.7453651,Comunidad Nativa Supayacu,2025-11-10 15:00,12,1
L35897646,PE,PE-AMA,,-5.239824,-78.329527,Comunidad Nativa Wawas--Camino a Catarata,2024-08-17 14:00,9,1
L53572222,PE,PE-MDD,,-12.614901,-71.376456,Comunidad Palotoa Teparo,2026-04-18 07:12,43,6
L3633673,PE,PE-CAJ,,-6.8941333,-78.1169343,Comunidad Santa Rosa,2026-08-30 15:46,130,132
L5393844,PE,PE-CUS,,-13.6468,-71.7531788,Comunidad Yanamanchi,2024-11-30 16:36,75,64
L6206146,PE,PE-LOR,,-4.8179772,-76.757692,Comunidad de Laurel,2023-09-27 05:45,148,1
L5150075,PE,PE-CUS,,-13.0959268,-73.0559814,Comunidad de Pampaconas,2023-05-13 05:26,127,15
L55003567,PE,PE-HUC,,-9.545212,-75.4941667,Concesión Ecoturismo Ever Ballesteros Vásquez,2026-09-21 15:22,199,44
L67874461,PE,PE-HUC,,-9.5303725,-75.4854078,Concesión Ecoturismo Ever Ballesteros Vásquez--Sendero La Lupuna,2026-09-08 11:36,92,13
L53930181,PE,PE-HUC,,-9.6085636,-75.5483392,Concesión Ecoturismo Ever Ballesteros Vásquez--Sendero Pato,2026-09-09 11:23,13,3
L18756860,PE,PE-MDD,,-11.5729269,-69.7610435,Concesión Otorongo,2022-04-27 08:30,39,2
L6420947,PE,PE-CUS,,-13.0530294,-71.4683712,Concesión Para Ecoturismo Gallito de Las Rocas,2019-07-11 09:03,183,7
L4152906,PE,PE-SAM,,-7.0601548,-76.3969713,"Concesión de Conservación ""El Quinillal""",2025-08-30 07:05,100,7
L31629441,PE,PE-UCA,,-8.4720639,-74.4818991,Concesión de Conservación Asoconprebiocha,2025-10-25 09:03,149,60
L15426450,PE,PE-CUS,,-13.347166,-70.843951,Concesión de Conservación de la Naturaleza Soqtapata,2026-09-13 10:51,337,245
L3036049,PE,PE-SAM,,-7.325477,-77.474019,Concesión para Conservación Alto Huayabamba--Nuevo Bolívar,2024-06-22 00:00,85,2
L54051398,PE,PE-SAM,,-7.300917,-77.49339,Concesión para Conservación Alto Huayabamba--Perejil,2025-10-11 09:00,15,1
L8075769,PE,PE-SAM,,-6.150924,-75.8131796,Concesión para Conservación Areas Inundables del Bajo Huallaga,2026-08-18 10:16,326,64
L13451825,PE,PE-SAM,,-8.4452996,-76.7278335,Concesión para Conservación Bosque de Sinaí,2023-03-24 06:00,110,16
L23691227,PE,PE-AMA,,-5.4783709,-78.3491348,Concesión para Conservación Cerro El Adobe,2026-05-09 09:36,175,100
L22736491,PE,PE-SAM,,-6.61604,-76.21111,Concesión para Conservación Cordillera Vaquero,2026-08-21 06:44,175,12
L21369646,PE,PE-SAM,,-7.1438701,-77.1182205,Concesión para Conservación El Breo,2026-01-29 13:51,239,51
L38531798,PE,PE-SAM,,-7.093155,-77.1597495,Concesión para Conservación El Breo--La Torre,2025-09-23 06:08,111,16
L14645932,PE,PE-SAM,,-7.065836,-77.166046,Concesión para Conservación El Breo--Puesto de Control Martín Sagrado,2026-01-29 13:51,168,16
L13899355,PE,PE-SAM,,-7.1501451,-77.1058153,Concesión para Conservación El Breo--Puesto de Control Pillco,2026-01-28 12:33,157,17
L8785200,PE,PE-SAM,,-6.0294066,-76.8996411,Concesión para Conservación Juningue,2021-06-30 06:50,182,9
L12188008,PE,PE-SAM,,-7.2516172,-76.8742352,Concesión para Conservación Las Tres Quebradas,2011-06-06 06:30,82,1
L38519085,PE,PE-SAM,,-7.3086348,-77.0876372,Concesión para Conservación Monte Cristo--Puesto de Control Topayaco,2025-10-11 16:26,154,31
L37690650,PE,PE-SAM,,-6.910908,-76.2006824,Concesión para Conservación Ojecillo--Pucushcayacu,2024-10-23 19:20,26,5
L12187744,PE,PE-SAM,,-7.2617252,-77.0760278,Concesión para Conservación Pumasapa,2018-03-03 07:00,56,1
L22366469,PE,PE-SAM,,-6.7140662,-76.1150275,Concesión para Conservación Sacha Runa,2026-03-20 08:06,150,3
L21887440,PE,PE-SAM,,-6.650904,-76.1510318,Concesión para Conservación Yakukawsanapa,2026-03-12 07:00,159,7
L2512750,PE,PE-JUN,,-11.080571,-75.4376411,Concesión para la Conservación del Bosque Puyu Sacha--Estación de APRODES,2026-05-09 05:00,252,47
L5436845,PE,PE-APU,,-13.629,-72.574,Condor Lodge,2016-02-10 06:30,21,1
L3637537,PE,PE-TUM,,-3.8960248,-80.8552337,Consecion de Conservacion Carlos Berninzon--Quebrada Plateritos,2026-02-23 10:31,55,5
L9327261,PE,PE-SAM,,-6.6750155,-77.1811764,Consecion para Conservacion Jardines Angel del Sol,2019-05-20 07:00,70,4
L3036543,PE,PE-SAM,,-6.844759,-76.246935,Conservación Comunitaria El Sangapillal,2014-08-06 10:00,1,0
L17167143,PE,PE-SAM,,-6.0349108,-76.9762043,Contry Club Eco Caa Jardín,2026-03-24 12:50,24,6
L3141036,PE,PE-LIM,,-10.2993475,-77.0048904,Cordillera Huayhuash--Paso Tapush,2026-06-04 15:04,18,2
L4681791,PE,PE-AMA,,-5.75486,-78.6913615,Corral Quemado (pueblo),2026-08-05 15:00,106,72
L24359796,PE,PE-SAM,,-6.05951,-77.180385,Corredor Turistico Sector Quillosisa,2026-08-16 06:45,124,17
L4521503,PE,PE-MDD,,-12.6089021,-69.0966082,Corto Maltes Amazonia,2026-09-06 06:33,180,58
L9453854,PE,PE-CUS,,-13.2514915,-72.1719928,Cotinga Camp,2026-09-03 13:20,86,72
L492789,PE,PE-PIU,,-4.3026925,-80.765665,Coto de Caza El Angolo,2026-05-09 07:30,186,174
L16250552,PE,PE-PIU,,-4.3562793,-80.7549425,Coto de Caza El Angolo--Quebrada El Espino,2022-12-02 07:00,93,3
L31071219,PE,PE-PIU,,-4.3643329,-80.7401988,Coto de Caza El Angolo--Sauce Grande,2026-05-09 07:30,97,96
L28430881,PE,PE-LAM,,-5.8771401,-79.7893244,Crax Peru,2026-01-31 10:46,45,15
L26505760,PE,PE-CUS,,-13.5096856,-71.9777732,Cristo Blanco,2026-09-24 06:24,67,96
L27712342,PE,PE-CAJ,,-6.8892631,-78.0878931,Cruce a Utco,2026-09-27 07:03,79,68
L493411,PE,PE-CAJ,,-7.0032778,-78.1988889,Cruz Conga (Valqui F1.6),2026-09-27 12:26,186,394
L27768770,PE,PE-LIM,,-12.2060875,-77.0324304,Cruz de Mirador de Chorrillos,2026-09-07 09:14,42,5
L26477241,PE,PE-LAM,,-6.0843031,-79.7382918,Cruz de Motupe,2024-08-04 05:00,32,8
L20578792,PE,PE-LIM,,-11.6932901,-76.5502273,Cruz del Condor,2026-05-29 07:58,52,30
L47619733,PE,PE-APU,,-13.5389268,-72.7108594,Cuenca Lucmos,2026-08-01 18:43,28,4
L18643478,PE,PE-CUS,,-13.589115,-71.874941,Cuenca de Kayra,2026-07-10 09:07,56,44
L21890999,PE,PE-SAM,,-6.0929,-77.23689,Cueva de Cascayunga,2023-09-17 06:21,129,3
L9221005,PE,PE-CAL,,-11.8971342,-77.1437402,Cuevas de Ventanilla,2025-10-11 13:09,18,7
L1345651,PE,PE-LOR,,-3.6356724,-73.1259552,Cumaceba Lodge,2026-07-14 10:04,326,63
L4383598,PE,PE-CAJ,,-7.1899317,-78.5780168,Cumbe Mayo,2026-09-06 10:08,87,79
L47738768,PE,PE-LOR,,-4.274309,-73.285154,Curassow Amazon Lodge,2026-07-18 05:35,204,133
L15494084,PE,PE-CAJ,,-6.8873963,-78.1361394,Curva Santa Rosa,2026-05-23 06:18,58,23
L54500560,PE,PE-CUS,,-13.5176086,-71.9105906,Cusco Bird Habitat,2026-09-22 15:35,18,1
L27810433,PE,PE-LIM,,-11.6000291,-76.3930035,"Desvío laguna Carpa, Huasca y Cashpe",2026-05-27 12:02,66,44
L6111024,PE,PE-LIM,,-11.62433,-76.67057,Distrito Arahuay,2015-05-15 06:30,26,1
L3635976,PE,PE-AMA,,-6.851,-78.0176,Distrito Balsas,2026-09-26 15:14,115,67
L3844144,PE,PE-CAJ,,-6.4291746,-78.7310743,Distrito Chiguirip,2013-03-26 07:00,4,0
L3838926,PE,PE-CAJ,,-6.6448716,-78.7519956,Distrito Chugur,2024-11-08 20:46,47,0
L985352,PE,PE-ANC,,-9.9164771,-78.2294583,Distrito Culebras,2025-12-07 12:40,14,2
L991963,PE,PE-AMA,,-6.7112375,-77.8019142,Distrito Leimebamba,2026-09-24 15:52,205,48
L490717,PE,PE-JUN,,-11.4216298,-76.3484573,Distrito Marcapomacocha,2024-04-19 16:20,134,95
L858141,PE,PE-ICA,,-13.9378325,-75.6739998,Distrito San José de Los Molinos,2020-01-16 07:00,70,13
L2343766,PE,PE-LAL,,-7.8489219,-78.7426701,Distrito Sinsicap,2026-09-24 10:14,138,143
L6225105,PE,PE-MDD,,-12.4207766,-71.089375,Dorado Lodge,2026-09-08 17:06,405,164
L2277213,PE,PE-MDD,,-12.5300153,-68.9374924,Eco Amazonia Lodge,2026-09-06 16:00,456,104
L15740337,PE,PE-PAS,,-10.5370833,-75.4451796,Eco Camping Bambu,2025-08-07 16:52,49,8
L1319872,PE,PE-MDD,,-12.8814459,-71.3678098,Eco Manú Lodge,2026-09-17 18:06,348,78
L8880699,PE,PE-CUS,,-13.0041164,-72.5347938,Eco-Hacienda El Triunfo,2026-07-26 06:03,130,38
L8963663,PE,PE-UCA,,-8.3150431,-74.6584545,Ecoaldea La Pequeña Maria,2022-08-02 10:05,48,3
L20603927,PE,PE-SAM,,-6.3869877,-76.4394581,Ecoaldeas Perú,2026-05-09 07:01,171,68
L4445053,PE,PE-MDD,,-12.5040402,-69.1719604,Ecoaventuras Amazonicas,2024-09-28 17:20,205,26
L31167331,PE,PE-LAM,,-6.4679819,-79.8384322,Ecolodge Huaca de Piedra,2026-09-19 14:25,60,26
L7180123,PE,PE-UCA,,-8.3477601,-74.6566907,Ecolodge UNI RAO,2023-08-14 05:21,103,49
L46451059,PE,PE-MDD,,-12.5369485,-68.9542508,Ecolucerna Lodge,2026-07-24 05:45,94,25
L23474657,PE,PE-CUS,,-12.9270238,-72.7243182,Ecoterra Inka Lodge,2026-09-27 16:04,237,245
L16742572,PE,PE-LIM,,-12.0546801,-76.7392285,El Cañaveral,2025-02-02 10:22,41,5
L843273,PE,PE-MDD,,-12.6545022,-69.1772014,"El Centro de Educación, Ciencia y Conservación Tambopata",2026-06-26 12:24,325,28
L983840,PE,PE-AMA,,-6.4069622,-77.8775418,El Chillo Lodge,2026-09-13 20:04,121,142
L847095,PE,PE-ARE,,-17.015342,-72.111007,El Faro de Matarani (Punta Islay),2026-09-11 08:56,53,66
L5058066,PE,PE-ANC,,-10.3854534,-77.9924101,El Gramadal,2023-07-15 14:11,17,10
L6689854,PE,PE-LAL,,-7.4502343,-79.5765781,El Milagro (pueblo),2026-01-12 17:00,58,10
L2460558,PE,PE-LAL,,-7.7592999,-77.7715302,El Molino,2026-09-26 05:57,138,137
L40113291,PE,PE-LIM,,-11.903173,-77.0664517,El Parque de La Asociación Panamericana,2026-06-06 09:15,31,36
L52414021,PE,PE-MDD,,-12.6396264,-69.2646039,El Rancho,2026-07-01 12:49,74,26
L37500799,PE,PE-JUN,,-11.1320211,-75.3540713,El Rancho Hotel,2026-07-01 10:36,74,48
L2430909,PE,PE-LIM,,-12.1705163,-77.036633,El Salto del Fraile,2026-08-11 15:53,62,141
L11065852,PE,PE-SAM,,-6.419943,-76.526446,El Tuity Hospedaje,2026-03-21 13:00,106,9
L2702996,PE,PE-PIU,,-4.413506,-79.8984897,El Tutumo,2018-01-23 12:21,75,4
L8000078,PE,PE-LIM,,-12.1017817,-76.9683267,Embajada de Los Estados Unidos,2026-09-12 09:28,28,27
L4636477,PE,PE-LOR,,-3.7768193,-73.3148633,Embarcadero Rumococha,2023-10-22 08:06,105,13
L17742345,PE,PE-LIM,,-13.0158786,-76.1707037,Embarcadero de Canotaje Paullo,2026-03-31 08:15,10,1
L5795257,PE,PE-MDD,,-12.8035443,-69.2983299,Enashawa Lodge,2017-05-13 03:00,137,1
L4342331,PE,PE-CAJ,,-6.8775958,-78.0887896,Endemic Point,2026-09-27 08:00,132,218
L846859,PE,PE-LIM,,-12.6574647,-76.6644001,Ensenada San Antonio,2026-06-30 13:46,66,30
L1532805,PE,PE-MDD,,-12.82953,-71.39072,Erika Lodge,2026-08-03 09:44,292,101
L2070343,PE,PE-CAJ,,-6.8566202,-78.1423348,Escuela Académico Profesional de Ingeniería Ambiental de la Universidad Nacional de Cajamarca,2026-08-30 14:31,47,69
L31787115,PE,PE-UCA,,-8.8251703,-75.0558185,Estacion Experimental Alexander Von Humboldt,2026-06-19 09:38,109,11
L27811460,PE,PE-LIM,,-11.5705163,-76.3500881,Estacion Milloc,2026-09-26 13:58,62,83
L5847039,PE,PE-MDD,,-12.8203798,-69.5299816,Estacion Venado,2026-08-12 10:33,272,77
L2668525,PE,PE-LOR,,-3.6172222,-72.2355556,Estación Biológica Madre Selva,2026-02-15 06:15,438,91
L1774408,PE,PE-LOR,,-4.3630782,-73.1587555,Estación Biológica Quebrada Blanco,2026-09-20 10:49,359,122
L7351869,PE,PE-LIM,,-11.759363,-76.5957597,Estación Biológica Río Santa Eulalia,2025-06-30 09:46,49,19
L21162545,PE,PE-MDD,,-12.6555332,-68.737857,Estación Biológica San Antonio,2025-12-18 10:22,182,25
L9857264,PE,PE-LOR,,-3.527928,-73.178821,Estación Biológica Santa Cruz,2026-09-18 13:47,295,69
L5833536,PE,PE-MDD,,-11.8883688,-71.4079548,Estación Biológica de Cocha Cashu,2026-09-12 07:27,615,2084
L23040035,PE,PE-SAM,,-8.4457552,-76.8368465,Estación Pesquera-Shunte,2026-03-19 09:38,128,37
L24237629,PE,PE-TUM,,-3.646807,-80.6111357,Estación de Anillamiento Cientifico Amotape Zorritos,2026-05-10 11:49,65,42
L5677935,PE,PE-UCA,,-9.0632527,-75.6726654,Estación de Conservación de Viridis,2024-06-08 15:15,18,2
L49554761,PE,PE-HUC,,-9.1268164,-76.0185594,Estación del Instituto de Investigaciones de la Amazonía Peruana Huánuco,2026-08-27 14:55,153,111
L13179854,PE,PE-MDD,,-12.397,-69.525,Estancia Amazonica,2021-01-03 07:07,118,2
L11692219,PE,PE-MDD,,-12.4772506,-69.0890318,Estancia Bello Horizonte,2026-09-08 05:49,422,226
L29820044,PE,PE-MDD,,-12.8585025,-71.3623059,Estanque de Peces Salvación,2026-08-28 09:43,102,21
L19834622,PE,PE-TUM,,-3.5692,-80.5204,Estero La Chepa/Palo Santo,2025-03-27 07:55,62,6
L8335846,PE,PE-ANC,,-9.4509955,-78.3810851,Estuario Puerto Casma,2024-07-22 12:37,27,6
L511483,PE,PE-PIU,,-5.7849193,-80.8648682,Estuario de Virilla,2026-02-16 15:18,118,32
L21153497,PE,PE-PAS,,-10.5809402,-75.4016644,Ex Campo Aterrizaje,2026-08-07 17:50,38,21
L592623,PE,PE-LOR,,-3.2578834,-72.9174507,ExplorNapo Lodge,2026-09-23 06:09,630,2535
L3404502,PE,PE-LOR,,-3.2529136,-72.9148221,ExplorNapo Lodge--Amazon Canopy Walkway,2026-09-22 16:01,541,662
L1340377,PE,PE-LOR,,-3.2794517,-72.9442924,ExplorNapo Lodge--Senda Shimigaycocha,2026-07-21 10:32,328,69
L1340383,PE,PE-LOR,,-3.2520496,-72.9125885,ExplorNapo--Senda a Amazon Conservatory of Tropical Studies Field Station,2026-09-27 08:22,426,228
L578098,PE,PE-LOR,,-3.4426683,-72.8496659,Explorama Lodge,2026-08-18 14:33,553,1176
L3460320,PE,PE-LOR,,-3.4497802,-72.8841123,Explorama Lodge--Bushmaster Trail,2026-02-24 06:31,237,24
L887345,PE,PE-LOR,,-3.4479288,-72.8525519,Explorama Lodge--Canal Yamamono,2026-07-03 06:17,351,164
L768519,PE,PE-MDD,,-12.8369198,-69.2934027,Explorer's Inn,2026-07-27 15:38,590,919
L3614478,PE,PE-MDD,,-12.8318033,-69.2842054,Explorer's Inn--Canopy Tower,2026-05-15 14:54,345,87
L8481711,PE,PE-LOR,,-3.8473017,-73.3679252,Facultad de Ciencias Biológicas UNAP,2026-08-12 07:21,207,51
L8594753,PE,PE-LAM,,-6.948441,-79.8646617,Faro Nuevo Media Luna,2026-04-02 09:00,34,54
L49716379,PE,PE-PUN,,-15.835314,-70.015583,Faro Titicaca Puno,2026-08-28 07:53,43,18
L2262718,PE,PE-MDD,,-12.611948,-69.195132,Fauna Forever,2026-07-15 13:08,212,20
L4799059,PE,PE-MDD,,-12.5978733,-69.2185956,Fauna Forever,2026-08-28 13:13,53,31
L7107622,PE,PE-LOR,,-3.7977774,-73.2896984,Felipe Caño,2023-08-06 06:29,131,14
L29953630,PE,PE-MDD,,-12.8831095,-69.5050922,Filadelfia Lodge,2026-09-22 08:39,52,7
L4305464,PE,PE-CAJ,,-5.74875,-78.86208,Finca Agroecoturística Santa Fé,2024-02-24 08:51,121,3
L30898214,PE,PE-SAM,,-6.3852763,-76.5927393,Finca Agroturística Dos Ríos,2026-05-09 06:30,135,11
L10461002,PE,PE-PAS,,-10.7186432,-75.2716672,Finca Aroma de Montaña,2026-07-30 06:19,144,40
L18510152,PE,PE-JUN,,-10.8030404,-75.243988,Finca Cafetalera Rainforest,2022-04-17 08:00,53,22
L31737842,PE,PE-LOR,,-4.2668928,-73.5978577,Finca Don Dorin,2024-05-11 05:45,77,1
L6812658,PE,PE-JUN,,-11.228961,-74.6174777,Finca Forestbambú,2023-05-13 09:00,65,6
L30320369,PE,PE-SAM,,-6.03729,-76.9607,Finca La Floresta,2026-08-01 07:00,134,11
L24105276,PE,PE-PAS,,-10.746269,-75.2735802,Finca La Torre,2025-11-15 14:18,136,73
L6463016,PE,PE-MDD,,-12.226011,-69.114654,Finca Las Piedras,2026-09-15 16:30,468,480
L2264668,PE,PE-PAS,,-10.762822,-75.2599525,Finca Los Angelitos,2024-10-01 06:19,100,7
L9827376,PE,PE-CUS,,-12.509329,-73.8342076,Finca Nueva Esperanza,2023-04-19 06:10,60,12
L53487915,PE,PE-SAM,,-8.4773395,-76.5815772,Finca Oso Pecho Blanco,2026-07-19 11:30,65,9
L55150973,PE,PE-SAM,,-6.11805,-76.84646,Finca Pachakusi,2026-04-02 07:00,97,12
L10495618,PE,PE-HUC,,-9.1942992,-75.7929596,Finca Pariso,2022-10-06 11:57,80,9
L27821177,PE,PE-SAM,,-6.1150492,-77.0873333,Finca Quintay,2026-04-04 07:02,65,13
L20637939,PE,PE-PAS,,-10.571281,-75.386641,Finca San Alberto,2026-05-27 14:07,112,26
L6020960,PE,PE-SAM,,-6.0769527,-76.9762874,Finca San Camilo,2026-09-27 10:25,246,98
L28251306,PE,PE-HUC,,-8.4844087,-76.4128598,Finca Sarita Colonia,2025-11-05 09:28,94,14
L73860875,PE,PE-JUN,,-11.383385,-74.5641597,Finca Tiori,2026-07-18 06:39,108,263
L2455165,PE,PE-SAM,,-7.398705,-76.29711,Flor de Café/Plataforma,2026-09-24 06:46,638,1585
L1137425,PE,PE-AMA,,-6.418044,-77.9236221,Fortaleza de Kuelap,2026-09-22 10:20,218,216
L39788278,PE,PE-LIM,,-10.6533987,-77.8410886,Fortaleza de Paramonga,2026-05-08 13:57,18,3
L16384288,PE,PE-CAL,,-12.0623466,-77.1478213,Fortaleza del Real Felipe,2026-09-19 15:39,29,17
L43162781,PE,PE-JUN,,-11.1194725,-75.3498242,Fuerte de San Ramón,2026-06-05 10:56,31,9
L50900512,PE,PE-LIM,,-12.034946,-76.712018,Fundo Achanqara,2025-08-02 15:45,5,2
L59662731,PE,PE-SAM,,-6.30365,-76.91384,Fundo Agropecuario Vela Urco,2026-09-04 07:38,77,5
L12292223,PE,PE-HUC,,-9.2547731,-76.0376849,Fundo Andahuaylas,2020-09-13 17:00,40,3
L5615066,PE,PE-LIM,,-11.8949423,-76.4901423,Fundo Arampampa,2021-05-08 11:00,9,0
L7253230,PE,PE-AMA,,-5.9046312,-77.965044,Fundo Arawishka,2026-08-31 11:48,100,34
L37132990,PE,PE-JUN,,-11.0976778,-75.3070233,Fundo Bambú Escondido,2026-06-06 06:30,57,6
L38579164,PE,PE-SAM,,-5.963816,-77.347071,Fundo Cascada Escondida,2026-09-20 06:00,167,17
L8610714,PE,PE-CUS,,-14.0297102,-71.760532,Fundo Chorillo,2024-04-10 14:50,60,21
L7547322,PE,PE-AMA,,-5.8528351,-77.9151571,Fundo Ecológico Don Diego,2026-08-11 06:50,174,14
L4900873,PE,PE-LAL,,-8.2611409,-77.3061025,Fundo El Recreo (acceso restringido),2016-09-01 15:00,9,0
L9172821,PE,PE-SAM,,-6.6715743,-76.1959328,Fundo Fluir,2026-03-21 09:10,170,20
L34833314,PE,PE-HUC,,-8.805199,-74.7103515,Fundo Impicciatori,2026-07-03 13:07,47,6
L33482614,PE,PE-UCA,,-8.3666458,-74.5907735,Fundo Kuviriaqui,2025-05-18 07:46,29,2
L39855920,PE,PE-PIU,,-5.17239,-80.1203818,Fundo La Escondida,2026-07-25 13:16,55,2
L9810937,PE,PE-PAS,,-10.5971681,-75.5206801,Fundo La Gorda,2025-08-09 11:46,100,5
L43087788,PE,PE-LAL,,-7.634797,-77.6135713,Fundo La Pradera,2025-04-03 15:30,33,2
L9940574,PE,PE-HUC,,-9.6781277,-75.4050074,Fundo Las Gemelas,2022-07-21 11:48,66,5
L24355660,PE,PE-SAM,,-6.067036,-77.188031,Fundo Las Quillosisas de Saranda,2025-12-08 15:21,46,1
L24387851,PE,PE-SAM,,-6.0670361,-77.1880306,Fundo Las Quillosisas de Sarandajo,2023-05-13 06:00,64,1
L41181099,PE,PE-SAM,,-6.07437,-76.968441,Fundo Los Algarrobos,2025-12-31 14:59,35,2
L37329941,PE,PE-JUN,,-10.9793691,-75.4412274,Fundo Mayorca,2025-05-10 10:08,47,39
L7485933,PE,PE-HUC,,-8.9760303,-76.0489699,Fundo Mi Zapata,2021-08-08 17:14,12,2
L43164252,PE,PE-JUN,,-11.1314507,-75.3854698,Fundo Niland,2025-08-07 10:55,4,0
L8819762,PE,PE-SAM,,-5.9388497,-77.15553,Fundo Paco Loló,2021-09-04 06:00,71,3
L38077911,PE,PE-SAM,,-5.990669,-77.28806,Fundo Perlawasi,2026-09-13 08:20,146,36
L37282902,PE,PE-UCA,,-8.5373592,-74.7720317,Fundo Pishcota,2025-07-08 07:30,86,11
L4619868,PE,PE-MDD,,-12.6340569,-69.1822386,Fundo Refugio Kerenda Homet,2026-08-15 06:00,291,64
L13902550,PE,PE-PAS,,-10.331049,-74.910027,Fundo Río Santo,2024-08-29 06:24,54,2
L7934203,PE,PE-HUC,,-9.2540751,-76.0163477,Fundo San Cristobal,2024-04-12 16:30,77,5
L40592104,PE,PE-HUC,,-9.3695224,-74.9619486,Fundo Simon Velita,2026-03-05 09:42,44,6
L41908184,PE,PE-JUN,,-11.1818226,-75.3968954,Fundo Turístico D' Fortuna,2026-07-27 14:55,53,3
L10107422,PE,PE-JUN,,-10.7710292,-75.2433788,Fundo Villa Jardin,2026-01-20 07:48,80,9
L39487611,PE,PE-SAM,,-6.045541,-77.05032,Fundo Yolanda,2026-08-09 18:30,78,9
L41765294,PE,PE-MDD,,-12.5388834,-69.3458197,Fundo de La Familia Ballon Rengifo,2026-09-23 17:16,130,18
L12529721,PE,PE-PAS,,-10.3808555,-74.9066315,Fundó Rio Santo,2020-10-17 07:30,39,2
L23162984,PE,PE-CUS,,-12.8022388,-73.4578976,Garganta del Diablo-Kepashiato,2023-03-18 12:18,9,13
L18420048,PE,PE-AMA,,-6.0544141,-77.89494,Gocta Natura Reserve,2026-09-19 14:28,202,153
L10831000,PE,PE-AMA,,-6.055269,-77.896685,GoctaLab Nature Lodge,2026-08-07 17:39,117,53
L827288,PE,PE-LIM,,-12.1650164,-76.9628763,Gran Parque Mariscal Ramón Castilla,2023-03-30 10:21,22,12
L27488971,PE,PE-CUS,,-13.2726527,-72.642901,Granadillayoc,2026-08-28 07:27,116,24
L41134324,PE,PE-APU,,-13.6066153,-72.8341562,Granja Agroecológica Bello Paraíso,2026-05-09 11:22,41,31
L2328906,PE,PE-CAJ,,-7.0399393,-78.6306953,Granja Porcón,2026-08-17 11:46,54,25
L855246,PE,PE-TUM,,-3.814773,-80.8155155,Granja de Camarón Cardalito,2024-01-29 17:00,72,7
L24551912,PE,PE-MDD,,-12.6023128,-69.0971375,Green Diamond Amazon Lodge,2025-10-31 16:34,211,8
L39158139,PE,PE-MDD,,-12.6371814,-69.1740568,Green House Tambopata,2026-08-23 20:20,120,46
L16938252,PE,PE-MDD,,-11.582321,-69.2436521,Grifa Camp,2026-08-01 13:57,288,197
L6357305,PE,PE-CUS,,-14.3395978,-71.4545591,Grutas de Q'arañahui,2023-07-31 12:11,13,4
L13178433,PE,PE-JUN,,-11.0428674,-75.3701903,Hacienda Armorique,2026-09-24 06:00,509,851
L5840062,PE,PE-ARE,,-15.5778067,-71.6094285,Hacienda Ccachully,2023-10-04 06:04,39,4
L23675912,PE,PE-SAM,,-6.5289657,-76.4470446,Hacienda Doña Shemi,2026-05-15 18:25,103,21
L493406,PE,PE-CAJ,,-6.8724722,-78.0893333,Hacienda Limon,2026-09-09 15:21,173,192
L41510345,PE,PE-CUS,,-13.5057576,-71.9858658,Hacienda Llaullipata,2026-07-26 08:51,37,9
L27909408,PE,PE-LAM,,-6.6574465,-79.7530174,Hacienda Mamape,2024-05-11 12:30,16,2
L10000447,PE,PE-AMA,,-6.240457,-77.880793,Hacienda Puca Cruz,2026-04-27 07:26,133,352
L5828715,PE,PE-LOR,,-3.4505483,-72.8654802,Heliconia Lodge,2026-08-18 12:00,556,98
L21050987,PE,PE-CUS,,-12.9338809,-71.380856,Hinkiori Petroglifos,2025-12-11 06:46,62,5
L54501810,PE,PE-LIM,,-12.0937145,-76.9766281,Hipódromo de Monterrico,2026-07-22 16:21,2,1
L29837872,PE,PE-MDD,,-12.0532355,-69.5358482,Hoja Nueva,2026-06-09 09:46,239,69
L20666163,PE,PE-SAM,,-7.2007976,-77.0162769,Hospedaje Charito,2022-11-10 13:50,44,3
L1849156,PE,PE-SAM,,-6.0760523,-76.9704026,Hospedaje Ecológico Rumipata,2026-06-17 12:22,182,40
L11907634,PE,PE-HUC,,-9.1899982,-75.8219388,Hospedaje Ecológico Rural Mountain Garden--Finca Paraíso,2026-09-17 06:15,216,104
L14881017,PE,PE-HUC,,-9.3811635,-74.9628818,Hospedaje Las Lomas,2021-05-11 08:00,3,1
L43880141,PE,PE-PAS,,-10.5801216,-75.3960263,Hospedaje Loecle-Sinty,2008-11-03 13:00,1,1
L17742281,PE,PE-LIM,,-13.0153314,-76.1718679,Hospedaje Patitas Huasi,2024-06-29 11:15,18,6
L40015218,PE,PE-LIM,,-12.0953044,-76.7775617,Hospedaje Shasa Warmi,2025-02-23 16:59,30,14
L67929565,PE,PE-LIM,,-12.0497502,-77.0427203,Hospital Nacional Arzobispo Loayza,2026-08-03 15:50,25,3
L35035076,PE,PE-UCA,,-9.0547038,-75.5196045,Hostal Los Nogales,2024-07-23 06:48,20,2
L2064921,PE,PE-CUS,,-13.2584405,-72.2643998,Hostal Sauce,2026-09-19 16:41,28,15
L55116067,PE,PE-UCA,,-8.3608214,-74.5947218,Hostel Aya-Ni,2025-11-14 00:00,5,1
L16000711,PE,PE-CUS,,-12.9113383,-71.4043518,Hostel Paititi,2026-07-07 07:21,93,20
L8098474,PE,PE-LIM,,-12.128736,-77.026994,Hostel The Place,2026-09-09 16:21,26,23
L5555671,PE,PE-CUS,,-13.2890466,-72.1370579,Hosteria Rumichaca,2026-08-01 12:57,54,8
L23694761,PE,PE-CUS,,-13.1539059,-72.5255692,Hotel Aguas Calientes,2026-08-03 17:43,67,14
L11372745,PE,PE-JUN,,-11.0998357,-75.3345092,Hotel Casablanca,2025-05-10 16:37,51,13
L51108715,PE,PE-ANC,,-9.3645421,-77.5966387,Hotel Cuesta Serena,2026-01-20 06:02,26,8
L6268014,PE,PE-UCA,,-8.3925212,-74.5676637,Hotel Ecológico Manish,2026-06-20 09:04,90,48
L1167471,PE,PE-MOQ,,-17.1826233,-70.9308618,Hotel El Mirador,2023-01-22 15:38,21,8
L11294803,PE,PE-CUS,,-13.2209373,-72.298665,Hotel El Molino,2026-08-18 07:55,100,199
L8160028,PE,PE-JUN,,-11.0708182,-75.3425083,Hotel Fundo San Jose,2026-07-30 17:14,119,32
L6468910,PE,PE-LIM,,-12.1290998,-77.0265613,Hotel Hilton Miraflores,2026-06-02 07:30,37,19
L5389385,PE,PE-PUN,,-15.8574693,-69.9808341,Hotel Jose Antoio,2026-09-02 16:47,54,19
L3639553,PE,PE-ARE,,-15.6217073,-71.9813768,Hotel Kuntur Wassi,2025-05-27 11:43,56,4
L4837795,PE,PE-HUC,,-9.3132677,-76.0014841,Hotel Madera Verde,2016-08-02 09:00,67,3
L20541491,PE,PE-CAL,,-12.0518802,-77.0972764,Hotel Manhattan Inn Airport,2025-10-04 09:20,24,12
L18774730,PE,PE-ICA,,-14.0880228,-75.7625146,Hotel Mossone,2026-09-10 16:39,31,9
L18340536,PE,PE-JUN,,-11.3472308,-75.6532088,Hotel Normandie,2025-11-14 15:45,28,18
L1860468,PE,PE-CUS,,-13.2624027,-72.2675794,Hotel Pakaritampu,2026-09-21 06:35,177,687
L3279028,PE,PE-ICA,,-13.8351943,-76.2547544,Hotel Paracas,2026-09-20 06:00,111,98
L5244905,PE,PE-ARE,,-16.2225471,-73.6772346,Hotel Puerto Inca,2025-09-18 08:49,18,2
L976325,PE,PE-SAM,,-6.02997,-76.96219,Hotel Puerto Mirador,2026-07-05 12:00,131,74
L7959130,PE,PE-LAM,,-6.1562985,-79.7155871,Hotel Quinta Falla,2026-06-22 16:45,46,12
L976322,PE,PE-SAM,,-6.48359,-76.35314,Hotel Rio Shilcayo,2026-09-21 17:25,140,85
L2503280,PE,PE-LIM,,-12.1290824,-77.0286065,Hotel Señorial,2026-09-25 05:54,37,57
L31463680,PE,PE-UCA,,-8.3846832,-74.53166,Hotel Sol de Oriente,2025-10-12 07:05,36,7
L2192500,PE,PE-PUN,,-15.9020656,-69.7361308,Hotel Titilaka,2026-07-02 06:30,78,36
L9494053,PE,PE-CAJ,,-5.6892491,-78.7957907,Hotel Urqu,2026-06-29 07:13,82,47
L76413394,PE,PE-ICA,,-13.8552056,-76.2511253,Hotel la Hacienda Bahía Paracas,2026-09-17 12:46,34,5
L66805351,PE,PE-CUS,,-13.2624694,-72.2700152,Hotel-Restaurante El Albergue,2026-09-21 08:16,38,13
L7362509,PE,PE-LAL,,-8.1525556,-78.9095444,Hoyada Santo Domingo,2019-05-04 13:00,9,4
L2702852,PE,PE-PIU,,-5.4006273,-79.6578044,Huabal (pueblo),2026-05-28 09:28,138,54
L9144012,PE,PE-LIM,,-12.0632222,-76.9331574,Huaca La Puruchuca,2026-05-09 18:45,30,21
L27141569,PE,PE-LIM,,-12.0715445,-76.9450634,Huaca Melgarejo,2026-08-16 15:14,24,10
L3142542,PE,PE-LIM,,-12.1114863,-77.0337939,Huaca Pucllana,2026-09-25 12:43,54,206
L3876361,PE,PE-LAL,,-8.1353941,-78.9909053,Huaca de La Luna,2026-09-11 10:01,74,105
L4687265,PE,PE-ANC,,-9.1735761,-77.7960992,Huanayo (pueblo),2016-06-09 08:00,25,1
L3169458,PE,PE-PAS,,-10.7265619,-75.6763172,Huancarani,2007-07-10 16:00,7,0
L887199,PE,PE-LIM,,-12.2041586,-75.7994199,Huancaya (pueblo),2026-05-03 08:00,82,46
L3102594,PE,PE-ICA,,-14.2060312,-75.4541659,Huarangal,2025-05-10 09:57,37,14
L1312086,PE,PE-ANC,,-9.5377011,-77.5174391,Huaraz--Camino de Koky,2026-07-19 15:34,84,84
L5728948,PE,PE-CUS,,-13.9939415,-71.7147106,Huayqui (pueblo),2021-01-10 13:45,41,3
L3876714,PE,PE-AMA,,-5.8579,-77.9847,Huembo Interpretation Center,2026-09-09 08:12,200,214
L20357663,PE,PE-AMA,,-5.8563892,-77.9842052,Huembo Lodge,2026-08-15 06:44,242,239
L11335413,PE,PE-SAM,,-6.0329835,-76.9564222,Huerta Los Colibries,2025-04-03 14:00,88,8
L24316040,PE,PE-LIM,,-12.082601,-76.512832,Huerto Ecológico los Laureles,2025-05-01 13:06,59,52
L8696583,PE,PE-CUS,,-13.1678147,-71.9090264,Humedal Amparaes,2025-08-08 10:59,46,5
L4666174,PE,PE-LAM,,-6.801943,-79.9503301,Humedal Baldera,2025-09-26 17:00,105,39
L9195983,PE,PE-LAL,,-8.4316153,-78.9107055,Humedal Cerro Negro,2026-08-23 07:29,104,46
L602259,PE,PE-CUS,,-13.4107436,-72.0563221,Humedal Chinchero,2026-06-15 14:57,110,75
L9220640,PE,PE-CAL,,-12.0732215,-77.1602069,Humedal Costero Poza de La Arenilla,2026-09-23 11:45,120,987
L10676130,PE,PE-CAL,,-12.0751046,-77.1631252,Humedal Costero Poza de La Arenilla--Zona Sur,2026-09-06 07:31,85,138
L15859549,PE,PE-LAL,,-7.867934,-79.348448,Humedal El Cerco,2025-07-28 13:53,67,7
L4603728,PE,PE-LIM,,-11.2093209,-77.5848913,Humedal El Paraiso,2026-09-27 16:44,147,439
L872547,PE,PE-LIM,,-11.1864936,-77.5910711,Humedal El Paraiso--Laguna Norte,2026-05-09 10:28,92,43
L553988,PE,PE-LIM,,-11.2115757,-77.5966072,Humedal El Paraiso--Laguna Sur,2026-09-27 16:44,136,325
L19392004,PE,PE-HUC,,-9.8693026,-76.1876965,Humedal El Totoral-Huachog,2026-07-17 07:01,41,11
L26783933,PE,PE-TUM,,-3.4955792,-80.3458357,Humedal Guamito,2026-01-10 15:45,118,38
L6357313,PE,PE-CUS,,-14.2871745,-71.4447087,Humedal Haquira,2023-07-14 09:12,35,10
L19091017,PE,PE-LIM,,-11.1000839,-77.6244935,Humedal Hualmay,2026-07-02 08:10,58,12
L3634326,PE,PE-JUN,,-11.8919607,-75.3655457,Humedal Huampon,2024-08-05 12:01,14,3
L492963,PE,PE-CUS,,-13.6180268,-71.730423,Humedal Lucre-Huacarpay,2026-09-27 07:06,173,4645
L21316108,PE,PE-CUS,,-13.6155222,-71.7371777,Humedal Lucre-Huacarpay--Laguna Muyna,2026-09-27 06:44,101,480
L21317678,PE,PE-CUS,,-13.6236153,-71.7386772,Humedal Lucre-Huacarpay--Laguna Pumaorqo,2026-09-27 07:06,99,233
L21383827,PE,PE-CUS,,-13.6179968,-71.723442,Humedal Lucre-Huacarpay--Laguna Waton,2026-09-26 15:47,101,286
L21317790,PE,PE-CUS,,-13.628576,-71.725333,Humedal Lucre-Huacarpay--Sendero Laguna Waskar,2026-09-26 15:08,104,261
L8012169,PE,PE-ICA,,-13.7116696,-76.2199222,Humedal Malecón Miranda,2026-06-28 09:22,79,43
L11361957,PE,PE-CUS,,-13.5046482,-71.9662207,Humedal Muyucocha,2026-09-23 15:20,69,188
L6862109,PE,PE-LAM,,-6.75499,-79.96866,"Humedal San José ""La Bocana""",2026-09-23 10:54,146,468
L9605956,PE,PE-LAM,,-6.7562128,-79.9726972,Humedal San José--Desembocadura,2026-07-27 15:45,110,89
L8082661,PE,PE-CAL,,-12.0125316,-77.1332885,Humedal Sarita Colonia,2026-05-21 12:30,40,2
L70827248,PE,PE-LAL,,-7.98248,-79.229838,Humedal Tres Palos,2026-06-19 11:00,17,1
L4851451,PE,PE-PIU,,-5.2397167,-80.6064167,Humedal de Castilla,2026-05-09 08:20,151,147
L7942431,PE,PE-HUC,,-9.286605,-76.0112701,Humedal de Castillo Grande,2024-08-17 13:53,83,7
L18657924,PE,PE-LIM,,-12.5387479,-76.74767,Humedal de Chilca,2026-09-27 08:28,147,1407
L4918088,PE,PE-CUS,,-13.4875841,-71.9631515,Humedal de Huayllarcocha,2026-09-23 11:45,133,671
L2728917,PE,PE-SAM,,-6.04045,-77.008651,Humedal de Indañe,2026-09-20 07:02,209,476
L6472398,PE,PE-ICA,,-13.7027078,-76.2197596,Humedal de Pisco,2026-07-12 11:57,138,189
L8011964,PE,PE-ICA,,-13.6962723,-76.2186841,Humedal de Pisco--Muelle Antiguo,2026-05-28 14:30,98,39
L27286876,PE,PE-ICA,,-13.7097519,-76.2194674,Humedal de Pisco--Muelle de Pisco,2026-07-12 11:57,97,70
L27287203,PE,PE-ICA,,-13.7026972,-76.2180698,Humedal de Pisco--Parque de los Aviones,2026-06-28 07:39,80,19
L7425446,PE,PE-JUN,,-12.1028623,-75.2711856,Humedal de Pucushuclo,2026-05-16 09:34,46,57
L5528774,PE,PE-CUS,,-13.9716399,-71.8193892,Humedal de Pukutura,2025-04-17 05:50,75,29
L10154636,PE,PE-ICA,,-13.6643361,-76.1667044,Humedal de San Clemente,2026-05-25 17:12,62,6
L846828,PE,PE-LIM,,-11.5938956,-77.2685409,Humedal de Santa Rosa,2026-09-24 10:10,121,308
L45165039,PE,PE-LAL,,-8.245815,-78.969602,Humedal de Uripe,2026-08-15 16:58,52,10
L7355996,PE,PE-ANC,,-9.1180717,-78.5549712,Humedal de Villa María,2026-08-23 11:15,77,26
L13016446,PE,PE-CUS,,-13.4808139,-72.1772646,Humedal del Yungaqui,2026-08-28 09:14,128,361
L859065,PE,PE-TUM,,-3.714405,-80.73035,Humedales de Bocapan,2026-02-01 07:21,93,37
L978772,PE,PE-ICA,,-13.6524404,-76.2023735,Humedales de Caucato,2018-12-13 07:50,124,10
L20156581,PE,PE-ARE,,-15.65158,-74.64655,Humedales de Chaviña (Área General. Por favor usa una localidad más precisa),2026-08-24 15:51,116,198
L44625899,PE,PE-ARE,,-15.656165,-74.65192,Humedales de Chaviña--Espejo de Agua 2,2026-05-09 13:56,33,20
L44625728,PE,PE-ARE,,-15.65283,-74.65372,Humedales de Chaviña--Espejo de Agua 3,2026-05-09 15:12,17,11
L44622745,PE,PE-ARE,,-15.6519167,-74.6593483,Humedales de Chaviña--Espejo de Agua 5,2025-05-10 14:51,6,6
L44596883,PE,PE-ARE,,-15.65709,-74.64762,Humedales de Chaviña--Laguna Boca de Río,2026-05-09 13:21,27,18
L44874219,PE,PE-ARE,,-15.6526423,-74.6578825,Humedales de Chaviña--Laguna Vieja,2026-05-09 15:57,22,4
L44597665,PE,PE-ARE,,-15.63871,-74.6364,Humedales de Chaviña--Monte Ribereño (Río Acarí),2026-08-23 15:50,23,12
L29108674,PE,PE-ARE,,-15.64207,-74.64255,Humedales de Chaviña--Zona Agrícola,2026-05-09 09:46,23,17
L65826416,PE,PE-ARE,,-15.658035,-74.6498933,Humedales de Chaviña--playa,2026-05-09 13:29,12,8
L7106594,PE,PE-TUM,,-3.6021703,-80.4698539,Humedales de Corrales,2026-06-01 08:30,71,17
L602190,PE,PE-LAM,,-6.9133137,-79.8812485,Humedales de Eten,2026-09-23 07:45,188,793
L17740342,PE,PE-LAM,,-6.9196053,-79.8731353,Humedales de Eten--Acceso de la Antigua Capilla del Divino Niño,2026-09-23 07:45,135,303
L71567145,PE,PE-LAM,,-6.9027395,-79.8904324,Humedales de Eten--Sector Noroeste,2026-09-17 11:18,65,15
L12020705,PE,PE-CUS,,-13.308,-72.092,Humedales de Huachacc,2026-08-15 14:15,90,31
L46408605,PE,PE-LAL,,-8.022267,-79.174002,Humedales de Huanchaco,2025-09-19 11:00,29,7
L27545380,PE,PE-SAM,,-6.028504,-77.023398,Humedales de Indoche,2026-07-26 15:34,162,38
L39209019,PE,PE-SAM,,-6.072,-77.081,Humedales de Indoche Norte,2026-01-18 10:20,58,5
L845124,PE,PE-TAC,,-17.8927456,-70.9921074,Humedales de Ite,2026-09-21 12:40,149,340
L20347156,PE,PE-TAC,,-17.882036,-71.022028,Humedales de Ite--Arena Blanca,2026-07-28 11:06,53,22
L58917375,PE,PE-TAC,,-17.8975646,-70.9685898,Humedales de Ite--Mirador,2026-09-21 12:40,36,6
L859120,PE,PE-PIU,,-4.0876906,-81.0425377,Humedales de Mancora (Dept. Piura),2026-08-13 09:28,136,52
L854911,PE,PE-TUM,,-4.0842233,-81.0409713,Humedales de Mancora (Dept. Tumbes),2026-09-11 15:55,114,40
L1888892,PE,PE-ARE,,-17.1961708,-71.7437804,Humedales de Punta Bombon,2021-08-04 10:29,52,17
L3632961,PE,PE-ARE,,-17.2003262,-71.7439413,Humedales de Punta Bombon--Playa,2017-05-13 10:00,18,3
L29048908,PE,PE-SAM,,-6.0452548,-76.9368783,Humedales de Rumiyacu,2026-03-13 07:30,71,10
L6831300,PE,PE-ARE,,-16.6466358,-72.7257371,Humedales la Calderona,2026-09-02 14:35,45,7
L623163,PE,PE-LIM,,-12.2850339,-76.8870664,Humedales y Playa de San Pedro,2026-06-21 06:40,148,216
L55030619,PE,PE-LOR,,-3.8857339,-73.3748866,Hummingbird Healing Center,2017-06-17 00:00,3,1
L1893088,PE,PE-MDD,,-12.271547,-70.8938473,Hummingbird Lodge,2026-07-30 06:12,269,52
L9693316,PE,PE-MDD,,-12.9324222,-69.515267,IBAA House Tambopata,2026-07-13 06:35,184,25
L3026884,PE,PE-ICA,,-14.0479775,-75.7531223,Ica--Hotel Las Dunas,2026-07-04 14:20,50,22
L43417060,PE,PE-SAM,,-6.0308425,-77.0422005,Idolo de Roca,2026-08-14 09:35,155,48
L25726707,PE,PE-PAS,,-10.47009,-75.486125,Immersion Travel Oxapampa Ecological Conservation Center,2023-11-12 16:59,49,15
L7784205,PE,PE-MDD,,-12.448342,-68.730622,Inkaterra Estación Amaru Mayo,2020-03-26 11:30,114,24
L7799210,PE,PE-MDD,,-12.4831717,-68.8082638,Inkaterra Estación Posada Caimán,2026-09-19 07:12,180,43
L7839660,PE,PE-MDD,,-12.5102241,-68.9795284,Inkaterra Gamitana Farm,2026-06-27 15:23,316,140
L6480096,PE,PE-MDD,,-12.531019,-69.044971,Inkaterra Guides Field Station,2026-09-25 11:38,458,2178
L7778009,PE,PE-MDD,,-12.5333439,-69.0456341,Inkaterra Guides Field Station--Ajosquiro Trail,2026-09-05 17:00,174,89
L6801409,PE,PE-MDD,,-12.5286067,-69.0445377,Inkaterra Guides Field Station--Biohuerto,2026-09-11 17:12,290,511
L7775654,PE,PE-MDD,,-12.5357561,-69.0473789,Inkaterra Guides Field Station--Canopy Trail,2026-05-26 09:50,283,202
L7637318,PE,PE-MDD,,-12.5253988,-69.043285,Inkaterra Guides Field Station--Carachamayoc Farm,2026-09-12 06:28,271,145
L7627312,PE,PE-MDD,,-12.5275739,-69.0463081,Inkaterra Guides Field Station--Carachamayoc Trail,2026-09-12 05:39,276,117
L7833521,PE,PE-MDD,,-12.5327584,-69.0442332,Inkaterra Guides Field Station--Main Trail,2026-05-26 10:53,320,302
L7627062,PE,PE-MDD,,-12.530376,-69.0430553,Inkaterra Guides Field Station--Palmetum Trail,2026-09-05 15:29,258,174
L7659486,PE,PE-MDD,,-12.5309244,-69.0495787,Inkaterra Guides Field Station--Puente Aguajal,2026-09-25 11:38,209,116
L7781112,PE,PE-MDD,,-12.5343149,-69.0483101,Inkaterra Guides Field Station--Sendero Renaco,2026-09-25 10:09,177,103
L2231376,PE,PE-MDD,,-12.6077573,-69.0811086,Inkaterra Hacienda Concepcion,2026-09-22 15:33,428,424
L7991926,PE,PE-MDD,,-12.6067008,-69.080162,Inkaterra Hacienda Concepción--Cocha Concepción,2026-08-20 14:47,201,70
L7914639,PE,PE-MDD,,-12.6137226,-69.0850363,Inkaterra Hacienda Concepción--Sendero Lindero,2025-09-10 08:12,207,74
L8018549,PE,PE-MDD,,-12.6071973,-69.0780104,Inkaterra Hacienda Concepción--Sendero Shimbillo,2026-07-10 10:38,246,76
L3228172,PE,PE-CUS,,-13.322238,-72.0558715,Inkaterra Hacienda Urubamba,2026-09-27 06:38,170,291
L1811275,PE,PE-CUS,,-13.1576666,-72.5224949,Inkaterra Machu Picchu Pueblo Hotel,2026-09-22 13:34,321,2460
L8604917,PE,PE-CUS,,-13.1620892,-72.5236823,Inkaterra Machu Picchu Pueblo Hotel--Helipuerto de Machupicchu,2026-09-26 14:12,154,282
L1787394,PE,PE-MDD,,-12.5332531,-69.0517215,Inkaterra Reserva Amazónica,2025-06-11 11:20,391,115
L7741986,PE,PE-MDD,,-12.541598,-69.052889,Inkaterra Reserva Amazónica Lodge,2026-08-21 06:00,424,566
L7781220,PE,PE-MDD,,-12.521865,-69.041898,Inkaterra Reserva Amazónica--Carretera Madama,2024-09-07 15:58,212,13
L28924905,PE,PE-MDD,,-12.5386082,-69.051531,Inkaterra Reserva Amazónica--Sendero A,2026-05-09 11:19,238,173
L8452251,PE,PE-MDD,,-12.5323612,-69.0494906,Inkaterra Reserva Amazónica--Sendero D,2026-05-09 10:40,195,101
L6319149,PE,PE-LIM,,-12.1313232,-77.0257097,Instituto Le Cordon Bleu,2026-05-04 13:34,24,14
L5293343,PE,PE-CUS,,-12.9985799,-72.5427807,Instituto Peruano Alemán Ecolodge,2026-08-06 11:07,153,45
L37960890,PE,PE-JUN,,-11.8606784,-75.3977805,Instituto Regional de Desarrollo San Juan de Yanamuclo,2026-08-12 05:34,44,51
L32508225,PE,PE-JUN,,-11.1704867,-74.6578503,Instituto Regional de Desarrollo Selva Santa Teresa,2025-10-08 08:33,88,58
L37262301,PE,PE-UCA,,-8.6420553,-74.9510631,"Instituto Veterinario de Investigaciones Tropicales y de Altura, Pucallapa",2026-02-09 05:42,81,16
L1004849,PE,PE-MDD,,-12.67555,-69.36454,Interoceanica Sur--Laberinto a Puerto Maldonado,2026-07-24 13:07,248,58
L8590731,PE,PE-CUS,,-12.9976073,-72.5421278,Ipal Ecolodge,2026-09-19 17:42,326,676
L6058867,PE,PE-LOR,,-3.6898199,-73.2783821,Irapay Amazon Lodge,2026-08-15 17:54,56,7
L7358415,PE,PE-LOR,,-3.456401,-72.6681232,Isla 7 de Junio,2025-08-12 16:38,20,2
L2538484,PE,PE-PUN,,-15.66138,-69.71168,Isla Amantani,2026-08-06 14:20,75,81
L5824493,PE,PE-PUN,,-16.3133848,-68.8571978,Isla Anapia,2023-09-08 09:00,48,5
L24716795,PE,PE-ICA,,-13.7367171,-76.3125801,Isla Blanca,2026-09-07 10:21,73,87
L5966878,PE,PE-LOR,,-3.8397825,-70.3522682,Isla Cacao,2026-09-13 09:31,304,175
L8223355,PE,PE-LOR,,-3.9517035,-71.1965053,Isla Capironal,2018-12-01 11:34,26,1
L11474162,PE,PE-LIM,,-12.770593,-76.6226799,Isla Checos,2024-01-16 06:28,10,2
L8218807,PE,PE-ICA,,-13.6280034,-76.3924134,Isla Chincha Norte,2026-08-24 12:08,37,45
L8924046,PE,PE-LOR,,-4.035847,-70.1513515,Isla Corea,2024-11-15 10:54,82,12
L2702737,PE,PE-PIU,,-5.2105791,-81.2050903,Isla Foca,2026-05-16 12:32,74,53
L7914628,PE,PE-MDD,,-12.5095865,-68.9918486,Isla Gamitana,2026-08-07 16:00,154,38
L7107746,PE,PE-LAL,,-8.5343945,-78.9624923,Isla Guanape Norte,2026-07-30 10:40,48,51
L10162007,PE,PE-LOR,,-3.7345622,-73.230792,Isla Iquitos,2026-07-22 07:58,177,100
L28217956,PE,PE-LOR,,-4.3640027,-70.0395125,Isla Islandia,2025-06-14 12:40,42,2
L887290,PE,PE-LOR,,-3.3083579,-72.9669971,Isla Llachapa,2025-04-13 07:41,98,23
L7112684,PE,PE-PIU,,-6.4284443,-80.8579159,Isla Lobos de Tierra,2018-03-24 07:15,16,3
L1587113,PE,PE-CAL,,-12.1295061,-77.2330499,Isla Palomino,2026-09-12 11:03,68,106
L4388639,PE,PE-LIM,,-11.7742673,-77.2644854,Isla Pescadores,2026-05-31 11:02,45,68
L2565173,PE,PE-LIM,,-12.475892,-76.8004203,Isla Pucusana,2026-09-27 16:13,114,1482
L1321538,PE,PE-CAL,,-12.089413,-77.2229004,Isla San Lorenzo,2025-09-28 10:30,46,26
L9985736,PE,PE-LOR,,-4.2012041,-69.9883375,Isla Santa Rosa,2026-07-28 15:38,169,28
L2368834,PE,PE-PUN,,-15.4537712,-69.478054,Isla Suasi,2024-05-11 08:20,62,20
L887300,PE,PE-LOR,,-3.3185175,-72.9877903,Isla Tamanco,2026-07-01 06:06,272,43
L612160,PE,PE-PUN,,-15.7763955,-69.6821594,Isla Taquile,2026-09-15 10:41,120,198
L974854,PE,PE-LOR,,-3.4708595,-72.8496552,Isla Yanamono,2026-04-13 09:43,402,169
L8225058,PE,PE-LOR,,-3.463,-72.811,Isla Yanamono--Cocha Bondi,2025-10-30 17:00,201,43
L7888334,PE,PE-LOR,,-3.274634,-72.904034,Isla Yarina,2026-06-28 06:49,269,103
L16125557,PE,PE-SAM,,-6.851197,-76.338007,Isla de Los Cocos,2025-03-23 14:00,52,2
L4521850,PE,PE-MDD,,-12.5587803,-69.0538502,Isla de Los Monos,2026-09-11 16:33,244,141
L8218458,PE,PE-LOR,,-3.5507355,-73.0595028,Isla de Los Monos,2026-09-17 10:36,226,75
L3623863,PE,PE-CAL,,-12.1163522,-77.1826351,Isla el Frontón,2026-09-12 14:21,35,22
L8537489,PE,PE-LOR,,-3.8153251,-70.377253,Islas Jovenes,2026-08-29 17:30,164,103
L853885,PE,PE-LOR,,-3.6673389,-73.2067108,Islas del Rio Amazonas de Iquitos,2026-09-21 08:31,346,81
L28928556,PE,PE-LIM,,-11.440971,-77.8436665,Islote Pelado,2024-03-01 10:56,1,0
L2429704,PE,PE-MDD,,-12.556658,-69.2259264,Jacamar Club Bird Refuge,2023-09-21 14:07,102,52
L7320073,PE,PE-LOR,,-3.6133536,-73.1057847,Jacamar Lodge Expedition,2026-05-17 12:54,106,14
L51937280,PE,PE-MDD,,-11.9784132,-71.2375724,Jaguar Ecolodge,2026-09-22 19:00,228,63
L6658100,PE,PE-LAM,,-6.4166637,-79.5452428,Jagüeyes de Mayascón,2026-07-23 13:01,67,29
L32281545,PE,PE-JUN,,-10.9437315,-75.2908886,Jardin Botanico El Perezoso,2022-02-24 08:30,24,2
L28701852,PE,PE-JUN,,-11.1495217,-75.3722566,Jardin Etnobotánico Semila Bendita,2025-10-04 08:26,90,60
L16391054,PE,PE-AMA,,-5.841695,-77.988086,Jardin de Colibris,2026-06-25 06:30,111,37
L17928987,PE,PE-CUS,,-12.902086,-71.372213,Jardin de Picaflores y Orquideas Inkamazonia,2026-09-26 10:07,425,1031
L21520473,PE,PE-SAM,,-7.1975977,-77.01522,Jardín Botanico de Santa Rosa,2022-11-28 04:45,6,1
L9239538,PE,PE-SAM,,-6.0181807,-76.9870484,Jardín Botánico Amazonía,2026-04-09 08:40,130,36
L16600374,PE,PE-LAM,,-6.7712827,-79.8474419,Jardín Botánico Federico Villarreal,2026-09-20 17:35,57,153
L33563716,PE,PE-LIM,,-12.0788764,-76.9445355,Jardín Botánico Octavio Velarde Nuñez,2026-05-22 14:37,26,25
L19552394,PE,PE-UCA,,-8.4225679,-74.7006325,Jardín Botánico Turístico Biokuka,2025-05-10 16:38,68,18
L75558987,PE,PE-HUC,,-9.304645,-76.0042088,Jardín Botánico UNAS - NWMC,2026-09-25 16:19,6,2
L1913710,PE,PE-LAL,,-8.1249799,-79.0368891,Jardín Botánico de Trujillo,2026-07-26 07:23,53,75
L20438410,PE,PE-CUS,,-13.0525285,-71.5388324,Jardín La Union,2026-09-26 14:43,225,78
L6223549,PE,PE-LOR,,-5.2470924,-75.6953421,Jardín Privado Media Luna (acceso restringido),2026-07-24 00:00,98,1
L11113747,PE,PE-CUS,,-12.8988068,-71.396582,Jardín de Colibries y Mirador Pico de Hoz,2026-09-26 07:00,498,1481
L21525780,PE,PE-CAJ,,-7.1285941,-78.5139012,Jardín de las Hortensias,2026-02-11 06:13,27,7
L2375114,PE,PE-JUN,,-11.7750655,-75.4993343,Jauja (pueblo),2025-05-10 15:00,17,8
L8160359,PE,PE-SAM,,-6.0525324,-76.8045594,Jesús del Monte (AICA PE060),2026-09-03 08:59,321,57
L35532245,PE,PE-AMA,,-5.4727283,-78.373715,Jungle Birds,2026-05-28 14:57,134,64
L21535818,PE,PE-SAM,,-6.025053,-76.965242,Kantu Garden Lodge,2026-05-27 15:04,148,24
L27174082,PE,PE-MDD,,-12.6116103,-69.1966152,Kapievi Ecovillage,2026-09-07 15:16,114,24
L10836357,PE,PE-MDD,,-12.526438,-69.0161797,Kawsay Biological Station,2026-09-17 12:59,422,252
L29988058,PE,PE-MDD,,-13.1430235,-70.30421,Kotsimba Lodge--Comunidad Nativa Kotsimba,2025-08-07 15:05,209,47
L64741042,PE,PE-CAJ,,-7.1288284,-78.8461304,Kuntur Wasi,2026-06-06 13:35,2,1
L14042596,PE,PE-CUS,,-13.2592294,-70.7812749,Kuporo Lodge,2026-09-01 17:22,246,86
L3694825,PE,PE-ICA,,-13.8639971,-76.2693644,La Aguada - RN de Paracas,2026-09-10 10:35,143,405
L56329168,PE,PE-LAL,,-7.2020403,-79.6670007,La Bocana de Guadalupe,2025-12-25 10:34,41,1
L1331656,PE,PE-MDD,,-12.5555479,-69.1679263,La Cachuela Eco Hostel,2026-06-05 05:42,151,15
L1586862,PE,PE-SAM,,-6.0754284,-76.9686992,La Casa De Seizo Hospedaje Rumipata,2025-09-01 20:52,274,105
L18851376,PE,PE-LIM,,-12.5214913,-76.4992547,La Casa de Don José,2024-09-14 16:20,25,5
L24162374,PE,PE-SAM,,-8.1361163,-76.6324715,La Cocha de Cañuto,2026-08-08 17:18,89,25
L3861282,PE,PE-CAJ,,-6.8512707,-78.0526042,La Curva 666,2026-09-14 08:54,82,60
L7163064,PE,PE-ARE,,-17.1504786,-71.810149,La Curva--Monte ribereño,2026-02-16 09:51,77,24
L2864978,PE,PE-CAJ,,-7.0715924,-78.3384848,La Encañada,2026-07-28 10:28,120,183
L17742290,PE,PE-LIM,,-13.0143203,-76.1667089,La Fortaleza Del Inca,2025-05-26 10:27,10,3
L2504372,PE,PE-CAJ,,-6.4901859,-78.6231986,La Palma (pueblo),2025-12-06 15:34,82,11
L602819,PE,PE-PAS,,-10.6150897,-76.1795425,La Quinua (pueblo) (Valqui D5.4),2025-11-27 11:36,114,96
L9212683,PE,PE-LAL,,-8.161,-77.0,"La Victoria, Ongón, Pataz;la Libertad"
L17111756,PE,PE-APU,,-13.9200971,-72.7119932,Lago Chinacocha,2026-05-09 06:59,14,2
L9119731,PE,PE-HUV,,-13.15959,-75.0668,Lago Choclococha,2025-11-20 13:09,57,21
L4376909,PE,PE-LOR,,-4.6872982,-73.5294342,Lago Clavero,2026-09-16 15:37,280,157
L59476097,PE,PE-MDD,,-12.8663638,-69.3977165,Lago Condenado,2026-09-11 07:02,67,5
L76462133,PE,PE-LOR,,-5.9625905,-75.9682453,Lago Cuipari,2026-08-29 08:30,31,1
L6330578,PE,PE-MDD,,-12.6765414,-68.7236345,Lago Guacamayo,2026-05-09 14:30,252,26
L2922282,PE,PE-CAJ,,-7.1731131,-78.2777596,Lago Huanico,2026-08-25 13:56,96,39
L41130174,PE,PE-ANC,,-8.9359135,-77.6763017,Lago Ichiccocha,2026-04-18 10:43,36,3
L4715848,PE,PE-PIU,,-5.7127401,-80.6278038,Lago La Niña,2023-08-30 10:30,42,4
L2240925,PE,PE-SAM,,-6.739895,-76.231857,Lago Lindo Lodge,2025-04-19 14:53,100,23
L2240922,PE,PE-SAM,,-6.73113,-76.240365,Lago Lindo Lodge--Calle Entrada,2022-09-07 08:33,192,25
L4377400,PE,PE-LOR,,-4.4615127,-73.456521,Lago Piranha,2026-07-15 06:32,274,67
L892479,PE,PE-CUS,,-13.4153522,-72.0327187,Lago Piuray,2026-09-27 14:36,263,1240
L27282864,PE,PE-CUS,,-13.4237677,-72.0331478,Lago Piuray--Piuray Outdoor Centre At Lake Piuray,2026-09-24 10:16,107,97
L3833967,PE,PE-MDD,,-12.8968199,-69.3568182,Lago Sachavacayoc,2026-08-20 07:12,207,21
L653704,PE,PE-MDD,,-12.6066684,-69.0392017,Lago Sandoval,2026-09-19 05:43,490,832
L29559709,PE,PE-MDD,,-12.0425195,-69.6730184,Lago Soledad,2026-09-23 17:47,502,349
L1185712,PE,PE-PUN,,-15.7763955,-69.5956421,Lago Titicaca,2026-09-27 10:45,201,903
L29129679,PE,PE-PUN,,-15.8383591,-69.9826623,Lago Titicaca--Bahia Islas de Los Enamirados,2026-09-15 14:45,69,27
L605024,PE,PE-PUN,,-15.8556013,-69.9595857,Lago Titicaca--Chimu,2026-06-24 00:00,52,12
L2305092,PE,PE-PUN,,-15.8884039,-69.8848062,Lago Titicaca--Humedales Chucuito,2026-06-27 17:08,82,38
L4023672,PE,PE-PUN,,-15.827104,-69.9924374,Lago Titicaca--Isla Esteves,2026-09-23 12:13,120,156
L612156,PE,PE-PUN,,-15.818522,-69.9690056,Lago Titicaca--Islas Uros,2026-09-26 08:49,134,265
L5251704,PE,PE-PUN,,-15.8510188,-69.9642527,Lago Titicaca--Luquina Chico,2026-04-25 08:29,54,13
L14867398,PE,PE-PUN,,-15.7823444,-70.0224347,Lago Titicaca--Millojachi,2026-05-30 08:00,33,5
L14866321,PE,PE-PUN,,-15.7072083,-70.0244441,Lago Titicaca--Moro,2021-05-08 08:15,49,6
L4268603,PE,PE-PUN,,-15.9190735,-69.7790623,Lago Titicaca--Pantano Torasaya,2025-12-29 11:00,59,5
L605019,PE,PE-PUN,,-15.8375239,-70.0155821,Lago Titicaca--Puno (Valqui 6.1),2026-08-21 07:16,131,151
L5079134,PE,PE-PUN,,-15.8243376,-69.9809146,Lago Titicaca--Ruta Puno-Islas Uros,2026-09-27 10:45,109,159
L14866984,PE,PE-PUN,,-15.7163426,-70.0248771,Lago Titicaca--Yanico,2026-09-20 06:34,72,17
L62668526,PE,PE-CUS,,-13.37538,-71.85071,Lago Totoraqocha,2026-05-06 09:30,39,2
L2305109,PE,PE-PUN,,-15.7397519,-70.1786041,Lago Umayo,2025-06-15 09:03,92,13
L605023,PE,PE-PUN,,-15.7915928,-70.1751709,Lago Umayo Vecindad (Valqui 6.2),2026-08-01 15:33,51,9
L1829166,PE,PE-MDD,,-12.4154735,-68.8099457,Lago Valencia,2026-09-19 07:19,348,159
L1829171,PE,PE-MDD,,-12.4361616,-68.763299,Lago Valencia--Canal,2026-01-19 07:43,232,82
L2579407,PE,PE-MDD,,-12.5335919,-69.1460207,Lago Yacumama,2026-09-03 16:00,233,111
L846518,PE,PE-UCA,,-8.3444344,-74.570775,Lago Yarinacocha,2026-07-31 06:20,308,146
L21360375,PE,PE-PUN,,-14.9084596,-70.2467537,Lago de Azángaro,2024-05-11 09:00,26,3
L8460069,PE,PE-AYA,,-14.6843238,-74.1173476,Lago de Puquio,2024-08-11 15:05,41,8
L2271731,PE,PE-LOR,,-4.421379,-76.7020798,Lagua Rimachuma,2016-03-09 17:30,96,17
L35498351,PE,PE-ANC,,-9.0103805,-77.6119191,Laguna 69,2026-08-09 11:29,63,11
L6357372,PE,PE-CUS,,-14.0646198,-71.4943242,Laguna Acopia,2026-05-08 11:15,76,20
L9933169,PE,PE-CAJ,,-6.9451447,-78.3327933,Laguna Alforjacocha,2026-02-25 11:43,14,1
L11775674,PE,PE-SAM,,-6.523639,-76.4558701,Laguna Andiviela,2026-04-11 09:31,154,29
L39477532,PE,PE-AYA,,-14.6338699,-73.9053718,Laguna Apinacocha,2025-01-22 12:28,14,3
L10811948,PE,PE-TAC,,-17.3570972,-70.2905041,Laguna Aricota,2025-01-29 12:02,26,5
L6294503,PE,PE-CUS,,-14.7692642,-71.0076749,Laguna Arricroyococha,2017-09-20 09:00,26,1
L10801336,PE,PE-PUN,,-16.3919096,-70.3540737,Laguna Asirruni,2024-03-08 10:07,38,4
L5054377,PE,PE-CUS,,-13.4359563,-72.1304262,Laguna Ayacan,2026-09-27 07:42,138,674
L2763681,PE,PE-TAC,,-17.6153,-69.6428,Laguna Blanca (Peru),2026-05-01 09:24,57,19
L9244946,PE,PE-TAC,,-17.6039,-69.6843,Laguna Blanca--Bofedal Alto Perú,2024-05-16 08:45,39,2
L20138152,PE,PE-HUC,,-9.73198,-76.1834322,Laguna Bomboncocha,2026-09-21 06:11,88,42
L3130674,PE,PE-SAM,,-5.9418315,-77.0945621,Laguna Burrococha,2024-11-30 06:47,124,9
L12483895,PE,PE-CUS,,-13.2922577,-71.9822151,Laguna Can Can,2026-08-30 08:00,83,15
L9362002,PE,PE-JUN,,-12.009335,-75.802022,Laguna Caullao,2026-05-09 07:00,23,24
L14878520,PE,PE-LAL,,-7.391143,-79.42286,Laguna Cañoncillo,2022-05-14 05:40,52,3
L10807679,PE,PE-PUN,,-16.9081376,-70.0828239,Laguna Ccano,2026-04-02 14:25,30,8
L12363066,PE,PE-HUV,,-13.3739741,-75.1008618,Laguna Ccaraccocha,2020-09-23 11:00,24,1
L7925611,PE,PE-APU,,-13.6600277,-73.0301146,Laguna Ccochacajas,2023-04-14 05:56,18,2
L11631637,PE,PE-PUN,,-15.1869788,-70.6466842,Laguna Ccochapata - Vilavila,2025-10-11 14:34,22,5
L7461403,PE,PE-AYA,,-13.5105273,-74.4301575,Laguna Ccorihuaylla,2018-05-24 10:20,10,1
L27801681,PE,PE-LIM,,-11.6639401,-76.5078289,Laguna Central Hidroelectrica Carhuac,2026-09-26 14:08,57,38
L3763564,PE,PE-SAM,,-6.5321688,-76.3915926,Laguna Cerca Ricuricocha,2026-09-22 06:38,202,116
L14876392,PE,PE-AYA,,-12.8881429,-74.1679669,Laguna Chacacocha,2023-11-29 05:59,78,4
L8644343,PE,PE-PUN,,-15.4113752,-70.2149595,Laguna Chacas,2026-05-10 14:54,61,11
L26354932,PE,PE-ARE,,-15.5189472,-72.2677859,Laguna Chachas,2023-06-23 11:00,6,1
L9810735,PE,PE-PAS,,-10.44607,-76.6798512,Laguna Chacracocha,2026-01-05 11:20,29,2
L20335514,PE,PE-PUN,,-14.7854705,-70.3680384,Laguna Chanapampa,2026-07-12 14:46,27,3
L4316424,PE,PE-ARE,,-15.2042366,-72.8918007,Laguna Chaquicocha,2026-07-29 17:52,65,33
L23845458,PE,PE-LIM,,-11.3705968,-76.4392733,Laguna Chuchun,2025-08-01 12:49,6,5
L60652644,PE,PE-PAS,,-10.9965792,-76.4273308,Laguna Chunchucocha,2026-08-28 08:37,22,2
L2763700,PE,PE-PUN,,-15.4928,-70.1866,Laguna Cochelas,2019-09-06 08:50,16,2
L3613620,PE,PE-MDD,,-12.8169903,-69.2619324,Laguna Cocococha,2026-07-28 09:56,361,65
L7375744,PE,PE-LAL,,-8.1279337,-78.9536789,Laguna Conache,2026-06-06 10:02,65,11
L1311083,PE,PE-ANC,,-10.1260642,-77.2852135,Laguna Conococha,2026-09-19 11:10,132,188
L25884106,PE,PE-ANC,,-9.867901,-76.988894,Laguna Contaycocha,2026-09-07 12:29,40,31
L16869002,PE,PE-UCA,,-9.1387906,-74.3064973,Laguna Cumancay,2018-10-18 05:50,44,1
L46740774,PE,PE-ANC,,-8.876251,-77.871154,Laguna Curcuy,2026-08-06 07:24,90,61
L9466978,PE,PE-JUN,,-12.179663,-75.632666,Laguna Cushuropata,2024-10-07 10:03,40,23
L2264680,PE,PE-PAS,,-10.7560847,-75.2702522,Laguna El Oconal,2026-09-14 11:22,354,445
L61991502,PE,PE-PIU,,-4.9526032,-79.8482037,Laguna El Pato,2026-04-04 11:30,5,0
L7061341,PE,PE-CAJ,,-6.8586846,-78.1737971,Laguna El Suro,2026-09-05 05:30,40,7
L22100042,PE,PE-JUN,,-11.2461347,-75.8455324,Laguna Gallineria Pampa,2025-10-17 02:50,29,12
L10282499,PE,PE-AYA,,-14.1956059,-73.5557166,Laguna Grande,2020-01-18 11:15,34,3
L10060535,PE,PE-LIM,,-10.5680808,-76.7550367,Laguna Guengue Chico,2026-04-28 08:42,94,138
L54843462,PE,PE-LIM,,-10.5633681,-76.7430573,Laguna Guengue Grande,2026-05-30 07:03,53,5
L5178963,PE,PE-CUS,,-13.6039977,-71.7278749,Laguna Huacarpay--Choquepujio,2026-09-19 16:34,116,177
L27837712,PE,PE-JUN,,-11.2768895,-76.0255205,Laguna Huacra,2018-05-03 09:00,9,1
L28239178,PE,PE-APU,,-14.650489,-72.5640586,Laguna Huacullo,2023-12-07 14:00,25,1
L1768975,PE,PE-CUS,,-13.5348847,-71.208831,Laguna Huallahualla,2025-11-24 11:51,38,6
L16788400,PE,PE-HUV,,-12.7099377,-75.5256398,Laguna Huarmicocha,2021-10-29 09:15,14,1
L4193597,PE,PE-CUS,,-13.5735621,-71.8089943,Laguna Huasao,2026-08-30 11:11,112,151
L9789537,PE,PE-PAS,,-10.5332733,-76.6929915,Laguna Huascacocha,2026-01-05 09:28,30,2
L8877123,PE,PE-AYA,,-13.4722769,-74.6982033,Laguna Huatay,2019-03-14 13:40,17,1
L892475,PE,PE-CUS,,-13.4015678,-72.128377,Laguna Huaypo,2026-09-27 08:35,175,632
L37331889,PE,PE-SAM,,-8.2339394,-76.4760135,Laguna Huayranga,2026-05-09 06:16,83,14
L16788441,PE,PE-JUN,,-12.5745866,-75.5300047,Laguna Huichicocha,2021-10-29 11:30,6,1
L2761406,PE,PE-PUN,,-15.2167,-69.775,Laguna Huini (Huancane),2025-10-18 13:37,93,7
L8571886,PE,PE-CUS,,-13.3789706,-72.584777,Laguna Humantay,2026-09-27 09:44,150,175
L15073939,PE,PE-CUS,,-13.3877254,-72.5752305,Laguna Humantay--Caminata Puesto de Control,2026-09-17 11:22,126,108
L14858183,PE,PE-AYA,,-13.0436266,-73.7697967,Laguna Husjucocha,2021-05-08 07:00,16,1
L3633722,PE,PE-JUN,,-12.169845,-75.630945,Laguna Incacocha,2026-08-31 07:37,55,32
L34587303,PE,PE-ANC,,-10.2367433,-76.9576636,Laguna Jahuacocha,2025-08-30 08:28,42,7
L7366754,PE,PE-UCA,,-8.7069353,-74.2231889,Laguna Juanacha,2024-10-12 08:00,201,23
L5838994,PE,PE-MOQ,,-16.3862938,-70.4034349,Laguna Jucumarini,2025-02-01 07:27,59,11
L848540,PE,PE-PUN,,-15.450702,-70.139122,Laguna Koriauata,2026-09-06 14:00,77,21
L10232895,PE,PE-HUC,,-8.4571129,-76.3425047,Laguna La Bella,2024-05-02 12:01,25,4
L12406082,PE,PE-ICA,,-13.7588719,-76.0552918,Laguna La Palma,2020-09-27 06:00,20,2
L24237871,PE,PE-LAL,,-8.0303177,-77.3856141,Laguna La Vuelta/La Negra,2023-10-14 08:33,8,4
L10801302,PE,PE-MOQ,,-16.3944002,-70.37867,Laguna Lacacota,2025-02-01 06:49,41,6
L605009,PE,PE-PUN,,-15.7073984,-70.7838821,Laguna Lagunillas (Valqui B6.3),2026-07-16 16:12,94,52
L30910182,PE,PE-PUN,,-15.6905586,-70.8129787,Laguna Lagunillas--Puente Canuma,2026-09-25 17:04,63,35
L21871319,PE,PE-JUN,,-11.2249199,-74.6064377,Laguna Las Garzas,2025-04-13 14:25,46,3
L8573078,PE,PE-HUC,,-10.3141295,-76.7075129,Laguna Lauricocha,2023-11-20 11:29,40,2
L8314673,PE,PE-ARE,,-15.619136,-71.8020684,Laguna Lequempa,2026-01-07 11:09,31,3
L9810879,PE,PE-PAS,,-10.5137216,-76.6948698,Laguna León Cocha,2023-10-03 12:17,28,2
L4544771,PE,PE-CUS,,-13.4075918,-72.1717858,Laguna Loocray,2025-04-28 13:41,44,7
L2761417,PE,PE-PUN,,-16.859579,-70.0488561,Laguna Loriscota,2026-04-16 11:28,50,18
L5054609,PE,PE-PIU,,-5.3671942,-80.8087778,Laguna Létira,2024-05-03 09:20,83,12
L21673384,PE,PE-HUC,,-8.8542184,-76.9155544,Laguna Mamancocha,2026-05-29 06:30,26,5
L16788653,PE,PE-HUV,,-12.7263275,-75.5367761,Laguna Manerpuquina,2021-10-29 13:15,12,1
L22946423,PE,PE-JUN,,-11.4031962,-76.3470326,Laguna Marcapomacocha,2026-04-19 07:30,97,17
L69330307,PE,PE-ANC,,-9.85073,-77.42516,Laguna Mashaconga,2026-06-16 13:15,23,5
L5971193,PE,PE-CAJ,,-7.1276999,-78.5607809,Laguna Mataracocha,2026-09-07 06:54,54,9
L5749696,PE,PE-PUN,,-14.9879581,-70.9960842,Laguna Matarcocha,2024-08-09 14:27,28,1
L14842299,PE,PE-LIM,,-12.5445028,-76.7229534,Laguna Milagrosa,2026-09-06 09:11,46,42
L2667884,PE,PE-LIM,,-11.5774786,-76.3564396,Laguna Milloc,2026-09-27 06:39,98,301
L6357346,PE,PE-CUS,,-14.136842,-71.4763212,Laguna Misk'iqocha/Pampamarca,2026-01-15 09:46,54,13
L1747497,PE,PE-LOR,,-3.7394831,-73.2682085,Laguna Moronacocha,2026-08-19 13:26,201,115
L7372495,PE,PE-ICA,,-13.760391,-75.985571,Laguna Morón,2026-09-18 14:05,77,26
L17791848,PE,PE-ARE,,-15.7570329,-72.0143884,Laguna Mucurca,2007-12-02 09:00,29,2
L10807635,PE,PE-PUN,,-16.8441154,-70.0873437,Laguna Nelson,2025-10-11 10:43,26,9
L10807570,PE,PE-MOQ,,-16.8419261,-70.1071223,Laguna Nueva,2025-10-11 10:37,12,2
L57320337,PE,PE-SAM,,-5.6313129,-77.6115993,Laguna Onercocha,2026-04-22 10:01,34,2
L4213461,PE,PE-CUS,,-13.2853503,-71.8793929,Laguna Pachar,2026-03-04 11:00,42,9
L10356543,PE,PE-CUS,,-13.5089665,-71.818966,Laguna Pachatusan,2026-08-05 06:35,29,7
L5136423,PE,PE-CUS,,-13.4327,-72.06197,Laguna Paclacocha,2026-09-25 07:00,114,198
L2531343,PE,PE-APU,,-13.6116203,-73.3346844,Laguna Pacucha,2026-05-09 11:05,80,59
L9362577,PE,PE-LIM,,-12.109323,-75.834122,Laguna Papacocha,2026-04-03 10:30,54,22
L10609281,PE,PE-CUS,,-15.2360825,-71.1515792,Laguna Parina,2026-06-06 11:11,16,8
L3471194,PE,PE-AYA,,-15.297763,-73.696804,Laguna Parinacochas,2022-12-15 08:33,58,12
L24136858,PE,PE-AYA,,-15.30985,-73.7377453,Laguna Parinacochas--Mirador,2023-04-23 11:30,20,1
L10802125,PE,PE-MOQ,,-16.9044625,-70.5136864,Laguna Parinacota,2024-10-17 10:55,12,4
L10807512,PE,PE-MOQ,,-16.7701885,-70.1873863,Laguna Pasto Grande,2025-01-31 13:04,22,9
L43511990,PE,PE-LAL,,-7.8015298,-77.5532006,Laguna Pataz,2024-04-19 08:50,17,1
L6800156,PE,PE-ANC,,-9.8900267,-77.3074634,Laguna Patococha,2026-06-05 15:30,63,24
L30988166,PE,PE-LIM,,-10.6614296,-76.7053327,Laguna Paton,2025-01-31 10:30,15,4
L4582007,PE,PE-CUS,,-12.9520617,-71.4354118,Laguna Patria,2026-08-01 13:12,223,63
L1030481,PE,PE-SAM,,-6.1850227,-75.7787132,Laguna Pelejo,2026-06-23 14:26,139,31
L5148084,PE,PE-PUN,,-14.6923721,-70.746417,Laguna Pichani,2026-05-30 12:30,69,35
L19112686,PE,PE-APU,,-14.7709415,-73.4542104,Laguna Pisquicocha,2022-05-14 06:00,35,1
L7356837,PE,PE-LIM,,-12.064955,-76.032562,Laguna Piticocha,2026-05-11 10:30,53,20
L14894808,PE,PE-LAL,,-7.9063383,-77.5488379,Laguna Piás,2021-05-08 10:40,49,5
L6357379,PE,PE-CUS,,-14.0193921,-71.5234852,Laguna Pomacanchi,2026-07-17 09:33,100,47
L4813308,PE,PE-JUN,,-11.7806531,-75.2463269,Laguna Pomacocha,2026-08-27 12:20,101,151
L688762,PE,PE-AMA,,-5.82584,-77.9487276,Laguna Pomacochas,2026-09-21 12:59,297,697
L9611856,PE,PE-AMA,,-5.8268886,-77.9604958,Laguna Pomacochas--Muelle Florida Pomacochas,2026-09-21 12:59,241,481
L73201066,PE,PE-AMA,,-5.8101739,-77.9477191,Laguna Pomacochas--Puerto Canoas,2026-09-21 08:40,103,82
L6357362,PE,PE-CUS,,-14.1061192,-71.4779305,Laguna Pos'qococha/Asnaqcocha,2026-07-17 17:25,53,20
L31667503,PE,PE-UCA,,-8.4723295,-74.5131419,Laguna Pucallpillo,2026-07-25 06:09,74,18
L9126227,PE,PE-HUV,,-13.1029545,-75.0712494,Laguna Pultoc Grande,2025-07-21 11:05,26,7
L24954916,PE,PE-AYA,,-13.5994449,-74.0120086,Laguna Pumacocha,2025-11-22 10:55,35,9
L855237,PE,PE-TUM,,-3.8945,-80.85306,Laguna Punta Mero,2010-02-14 13:12,16,6
L3639574,PE,PE-ARE,,-15.610187,-71.8648875,Laguna Puqro,2026-05-07 09:36,77,33
L27755459,PE,PE-CUS,,-13.0330031,-72.9514988,Laguna Q'ochapata,2026-09-05 06:05,97,47
L9202842,PE,PE-AYA,,-12.8788057,-74.1742942,Laguna Qarqarqocha,2019-05-04 07:30,5,1
L5056731,PE,PE-CUS,,-13.4319074,-71.9477677,Laguna Qoricocha,2026-09-09 10:32,107,42
L6983726,PE,PE-CAJ,,-7.578924,-77.9749274,Laguna Quengococha,2024-02-18 09:51,13,2
L21360619,PE,PE-PUN,,-14.9437845,-70.2744569,Laguna Quequerana,2024-12-03 06:06,6,1
L6800346,PE,PE-ANC,,-9.7180432,-77.3251677,Laguna Querococha,2026-09-15 11:00,86,103
L40885834,PE,PE-CUS,,-14.4259017,-71.7773647,Laguna Quesococha,2016-09-23 10:41,4,1
L5056771,PE,PE-CUS,,-13.4408817,-71.9785273,Laguna Queullacocha,2025-10-11 11:00,73,33
L5604678,PE,PE-PIU,,-5.5248768,-80.6360579,Laguna Ramón,2017-03-21 15:05,15,2
L3761729,PE,PE-SAM,,-6.5365018,-76.4035606,Laguna Ricuricocha,2026-09-24 07:00,337,869
L6509215,PE,PE-ARE,,-16.6055147,-72.7926904,Laguna Rolf Laumer,2026-05-09 11:34,74,39
L10953619,PE,PE-HUV,,-13.0621491,-74.781455,Laguna Rupasccocha,2021-03-09 07:08,18,2
L848603,PE,PE-PUN,,-15.7188252,-70.8334494,Laguna Sacacane,2026-08-27 12:39,68,36
L54052675,PE,PE-SAM,,-6.727646,-76.2483992,Laguna Salada,2025-07-02 07:30,43,2
L10348547,PE,PE-LOR,,-4.2434604,-70.2696465,Laguna San Antonio,2026-04-22 09:33,185,16
L58406584,PE,PE-LAL,,-7.719835,-79.1433513,Laguna San Bartolo,2026-09-27 16:00,43,3
L2344292,PE,PE-CAJ,,-7.2362286,-78.3461666,Laguna San Nicolas,2026-02-24 13:30,136,103
L35939478,PE,PE-UCA,,-8.5803082,-74.3873618,Laguna Santa Maria,2024-08-18 10:22,21,1
L4603108,PE,PE-CUS,,-14.7586568,-71.4473426,Laguna Santo Domingo,2026-07-31 11:00,55,16
L9852576,PE,PE-LOR,,-4.5040026,-73.5781056,Laguna Sapi Sapi,2026-07-22 15:48,111,27
L51914409,PE,PE-SAM,,-6.704186,-76.2165126,Laguna Sauce,2026-08-05 08:05,83,7
L2462151,PE,PE-LAL,,-7.7939967,-77.9900551,Laguna Sausacocha,2026-09-23 07:52,85,49
L9221117,PE,PE-CUS,,-13.8745704,-71.0195048,Laguna Sibinaccocha,2026-09-06 08:26,44,23
L15395202,PE,PE-CUS,,-13.6586914,-71.1603644,Laguna Singrenacocha,2025-09-17 09:39,50,8
L983220,PE,PE-CAJ,,-7.1928738,-78.372345,Laguna Suyuscocha,2026-09-07 09:47,91,51
L42715460,PE,PE-LOR,,-4.3382243,-73.2638978,Laguna Tabano,2026-06-25 08:03,125,12
L16185905,PE,PE-APU,,-13.9195423,-72.7221951,Laguna Taccata,2024-07-13 09:02,37,8
L10282490,PE,PE-AYA,,-14.1847741,-73.5694409,Laguna Tocsaccocha,2019-08-30 07:55,13,0
L33486817,PE,PE-LIM,,-10.5498024,-76.868565,Laguna Tocto,2026-01-04 15:32,40,14
L10282385,PE,PE-AYA,,-12.9641771,-74.0979373,Laguna Toctococha,2026-08-22 17:28,15,3
L10801898,PE,PE-MOQ,,-16.7760733,-70.547138,Laguna Toro Bravo,2025-10-08 11:43,23,13
L16970843,PE,PE-SAM,,-6.5701127,-76.3643511,Laguna Totorillaico,2025-05-29 10:10,121,11
L2224739,PE,PE-MDD,,-12.7905868,-69.338665,Laguna Tres Chimbadas,2026-09-16 07:33,403,275
L6347901,PE,PE-CUS,,-13.4296208,-72.0711493,Laguna Uchuychaparcocha,2025-09-08 13:20,44,3
L6289410,PE,PE-PUN,,-15.7166778,-70.1537347,Laguna Umayo--Sillustani,2026-09-15 15:33,94,67
L23251950,PE,PE-AYA,,-13.4626168,-74.1607178,Laguna Valenzuela,2024-05-11 16:20,19,6
L1908394,PE,PE-LOR,,-3.6990999,-73.2604951,Laguna Viejacocha,2026-07-13 16:00,164,44
L10807698,PE,PE-MOQ,,-16.879942,-70.2279401,Laguna Vizcachas,2025-01-31 11:36,19,8
L8517100,PE,PE-CUS,,-13.4444541,-71.986995,Laguna Wamba,2026-05-30 12:09,46,39
L53928892,PE,PE-ANC,,-9.5966877,-77.5319767,Laguna Wilcacocha,2026-07-31 10:52,32,7
L7675795,PE,PE-ANC,,-9.6561771,-77.5108194,Laguna Wilcacocha,2026-08-28 12:12,74,31
L5142080,PE,PE-CUS,,-13.2843061,-72.050271,Laguna Yanacocha,2026-05-07 10:18,130,63
L2277618,PE,PE-JUN,,-12.2137821,-75.6356548,Laguna Yanahuyac/Laguna Yuracocha,2026-08-31 08:34,37,13
L14137913,PE,PE-LOR,,-5.4081191,-74.5062964,Laguna Yanayacu,2022-07-15 07:44,74,2
L25639644,PE,PE-JUN,,-11.3461697,-76.4019793,Laguna Yantac,2023-07-01 10:05,12,2
L5167832,PE,PE-AYA,,-14.6152291,-73.9575577,Laguna Yaurihuiri,2025-09-06 07:49,82,18
L10801814,PE,PE-MOQ,,-16.7583362,-70.5646603,Laguna de Camaña,2025-08-04 17:54,20,10
L16731630,PE,PE-APU,,-13.5959728,-72.6306297,Laguna de Ccocha,2021-10-24 08:00,23,1
L9219042,PE,PE-ARE,,-15.7252064,-71.3667576,Laguna de Chingani,2023-11-17 11:06,18,3
L8581665,PE,PE-AYA,,-13.4555404,-74.1883041,Laguna de Condorccocha,2026-01-16 08:39,41,7
L11068182,PE,PE-MDD,,-12.7326682,-69.6023824,Laguna de Laberinto Tambopata,2018-07-14 09:00,19,0
L6239596,PE,PE-LOR,,-5.1990825,-75.7305193,Laguna de Lagunas,2023-09-26 06:00,85,2
L5663617,PE,PE-HUC,,-9.1446129,-75.9951684,Laguna de Los Milagros,2025-10-10 14:44,148,27
L9211756,PE,PE-PUN,,-14.7267056,-70.496286,Laguna de Orurillo,2022-07-06 08:00,29,2
L10739293,PE,PE-LAM,,-6.719931,-79.9206413,Laguna de Oxidación de Las Dunas,2026-09-16 13:12,38,5
L2375122,PE,PE-JUN,,-11.7325543,-75.5070162,Laguna de Paca,2026-08-30 15:04,91,62
L3639606,PE,PE-MOQ,,-16.3461111,-70.9552778,Laguna de Piscococha,2015-05-09 10:00,6,1
L4220612,PE,PE-ARE,,-16.5951096,-72.8010106,Laguna de Pucchun,2026-07-24 17:37,112,176
L2711877,PE,PE-PIU,,-4.6802237,-81.3215733,Laguna de Punta Balcones,2026-02-26 08:15,39,21
L20895371,PE,PE-AYA,,-14.6912515,-74.1397606,Laguna de Puquio,2026-04-11 10:14,37,6
L1743167,PE,PE-CUS,,-13.4551584,-71.7431366,Laguna de Rumichaca,2026-09-19 09:59,156,319
L1888896,PE,PE-ARE,,-16.7242649,-71.9522095,Laguna de San Camilo,2025-05-28 08:26,52,18
L34690772,PE,PE-ANC,,-9.4950577,-78.354741,Laguna de San Diego,2024-09-08 11:13,20,3
L4721703,PE,PE-LOR,,-3.7580233,-73.3468626,Laguna de San Pedro Lodge,2023-10-14 06:18,245,35
L2763678,PE,PE-TAC,,-16.9270863,-70.3948294,Laguna de Suches,2025-03-31 13:06,47,13
L3876401,PE,PE-ANC,,-9.6660458,-77.3645639,Laguna de Torrococha,2008-09-13 06:15,6,1
L7307699,PE,PE-JUN,,-11.7658831,-75.5408335,Laguna de Tragadero,2026-07-28 09:00,68,37
L15933248,PE,PE-UCA,,-8.2083081,-74.8630865,Laguna de Uchunya,2025-06-06 05:55,59,4
L23845811,PE,PE-LIM,,-11.3585199,-76.4399632,Laguna de los 7 Colores,2026-08-03 08:55,21,15
L1316071,PE,PE-SAM,,-6.8483733,-77.700119,Laguna de los Condores/Laguna de las Momias,2025-10-07 08:44,169,30
L70861835,PE,PE-SAM,,-7.7264075,-76.6471696,Laguna de los Encantos,2026-06-20 08:41,61,8
L2645630,PE,PE-PIU,,-4.7823367,-80.6036686,Laguna de los Patos,2026-07-21 17:28,151,195
L19010359,PE,PE-JUN,,-12.0707133,-75.3390455,Laguna de Ñahuimpuquio,2025-11-08 14:28,34,3
L55221878,PE,PE-LAL,,-7.3952124,-79.5373728,Laguna del Muerto,2025-11-17 16:36,12,0
L28215702,PE,PE-JUN,,-10.9251484,-74.8869431,Laguna el Caiman,2023-12-08 00:00,7,0
L5130011,PE,PE-PIU,,-5.5395311,-80.6878424,Laguna Ñapique,2026-05-09 13:27,137,53
L6447747,PE,PE-CAJ,,-5.2375462,-79.2786527,Lagunas Arrebiatadas,2017-11-04 17:00,7,0
L10802192,PE,PE-MOQ,,-16.8970634,-70.5073813,Lagunas Parinacota,2025-12-06 10:58,20,4
L31473589,PE,PE-HUC,,-10.027324,-76.13791,Lagunas Pishgacocha,2026-08-09 11:20,24,6
L8886763,PE,PE-LOR,,-4.58351,-73.7698649,Lagunas Santa Fe,2026-05-05 16:39,174,15
L5129566,PE,PE-CAJ,,-6.9014187,-78.6183572,Lagunas de Alto Perú,2024-11-09 11:41,81,13
L46409750,PE,PE-LAL,,-8.059759,-79.114314,Lagunas de Oxidación Huanchaco,2016-09-29 10:00,5,1
L27363382,PE,PE-PIU,,-5.0386621,-79.4674144,Lagunas las Huaringas,2023-09-08 08:00,37,2
L3855975,PE,PE-TUM,,-3.921902,-80.901536,Las Cherelas Adventure & Fishing Club,2023-05-10 09:30,56,5
L4617028,PE,PE-MDD,,-12.0700524,-69.4935411,Las Piedras Amazon Center,2024-01-11 13:15,305,64
L3714356,PE,PE-MDD,,-12.0698933,-69.5164633,Las Piedras Amazon Research & Conservation Center,2026-03-18 09:40,272,25
L30115407,PE,PE-MDD,,-12.056885,-69.5287371,Las Piedras Biodiversity Station,2026-09-17 07:02,355,47
L8331432,PE,PE-LAM,,-6.4047168,-79.8292565,Las Pirkas Centro de Recreación,2026-06-22 13:46,28,9
L10340665,PE,PE-LAL,,-7.2230561,-79.424082,Las Tres Cruces,2025-11-17 10:24,24,4
L4031752,PE,PE-LOR,,-4.5303788,-73.4552309,Libertad Jungle Lodge,2026-02-14 13:36,225,24
L35659499,PE,PE-LIM,,-12.1006417,-77.0486624,Lima Golf Club,2026-02-07 11:08,29,7
L760620,PE,PE-CAL,,-12.1494309,-77.8436279,Lima--Pelágico,2026-04-14 00:00,51,90
L20612883,PE,PE-PIU,,-5.87529,-79.53777,Limon de Porculla / Abra de Porculla (Porcuya),2026-09-21 10:24,261,567
L7370235,PE,PE-UCA,,-8.402126,-74.62875,Lodge del Abuelo,2022-05-14 07:40,61,5
L7362350,PE,PE-LAL,,-8.1863333,-78.9180556,Loma Ochiputur,2019-10-29 09:00,38,4
L6356940,PE,PE-CAJ,,-7.2997225,-78.2164614,Loma de Las Perdices,2026-03-03 07:00,87,35
L15877901,PE,PE-LIM,,-12.0051269,-77.0272531,Lomas El Mirador,2025-09-06 07:42,24,17
L3571000,PE,PE-LIM,,-12.7820046,-76.4583635,Lomas de Asia,2026-09-24 07:14,79,357
L33235404,PE,PE-LIM,,-12.73452,-76.55497,Lomas de Asia--Camino a Mina Promesa,2026-06-25 09:00,60,24
L37308703,PE,PE-ARE,,-17.0441613,-71.8453382,Lomas de Challascapa,2024-10-12 05:00,20,4
L3742754,PE,PE-LIM,,-12.2071535,-76.8856716,Lomas de Lúcumo,2026-09-06 10:18,54,87
L7887949,PE,PE-LIM,,-12.6259,-76.5739,Lomas de Mala,2023-09-25 09:44,31,13
L9680012,PE,PE-LIM,,-12.0038363,-76.9706943,Lomas de Mangomarca,2021-11-07 10:48,13,3
L3032249,PE,PE-LIM,,-12.1374244,-76.9224889,Lomas de Paraiso,2026-09-18 11:30,51,174
L10916901,PE,PE-LIM,,-12.7177134,-76.4648717,Lomas de Piedra Hueca,2022-12-10 10:10,8,4
L4892338,PE,PE-LIM,,-11.8031283,-77.0446944,Lomas de Primavera,2026-08-20 10:35,27,11
L8693209,PE,PE-LIM,,-11.5557443,-77.128662,Lomas de San Juan de Aucallama,2024-09-15 09:30,38,29
L4610557,PE,PE-TAC,,-17.7673645,-71.0951686,Lomas de Tacahuay,2025-05-10 11:30,34,15
L4218168,PE,PE-ARE,,-16.9525452,-72.069068,Lomas de Yuta,2025-12-11 10:21,36,13
L4218327,PE,PE-ARE,,-16.935529,-72.0610482,Lomas de Yuta--Entrada,2026-01-09 07:10,21,12
L4218319,PE,PE-ARE,,-16.9458949,-72.0800382,Lomas de Yuta-Matarani,2023-09-03 10:31,16,2
L492606,PE,PE-MDD,,-12.5692243,-70.1002836,Los Amigos Biological Station (CICRA),2026-09-12 07:59,621,2892
L22218733,PE,PE-CUS,,-12.903479,-72.8079635,Los Encantos de Tunquimayo,2025-09-24 18:10,28,11
L958325,PE,PE-LAM,,-6.29334,-79.674,Los Faiques Lodge,2026-09-10 20:54,83,65
L40172626,PE,PE-LIM,,-11.8531585,-77.0847928,Loza Deportiva Las Viñas Segunda Da Etapa
L4372280,PE,PE-CAJ,,-7.1108489,-78.4279823,Luchupucro Bajo,2026-08-19 13:30,59,34
L8181122,PE,PE-CUS,,-13.208281,-72.611082,Lucma Lodge,2026-09-05 15:46,162,53
L5389499,PE,PE-ARE,,-15.6422956,-71.7669439,Maca (pueblo),2026-08-05 09:00,61,18
L602264,PE,PE-CUS,,-13.154796,-72.5245714,Machu Picchu Pueblo/Aguas Calientes (Valqui B3.3),2026-09-25 16:14,325,1127
L61476275,PE,PE-CUS,,-13.965648,-71.399692,Machu Pitumarca (Pitumarka),2026-07-22 08:04,26,3
L8875945,PE,PE-CUS,,-12.8916211,-72.6548742,Madera Verde Ecolodge,2026-04-25 06:19,84,44
L8955030,PE,PE-CUS,,-12.8325156,-72.7952078,Madre Selva,2026-05-14 09:25,73,4
L40875487,PE,PE-ANC,,-8.2235563,-77.7834541,Magistral,2012-10-22 10:30,9,0
L29219878,PE,PE-MDD,,-12.6394701,-69.1703058,Majacho's House,2026-05-09 06:28,217,32
L4870833,PE,PE-MDD,,-12.6127044,-69.0379277,Makola Sandoval Lodge,2025-12-21 13:16,60,5
L4619554,PE,PE-LIM,,-12.10641,-77.05896,Malecon Godofredo Garcia,2026-09-06 11:11,64,244
L13588279,PE,PE-HUC,,-9.3815448,-74.9677477,Malecon Leguia,2026-05-09 06:00,55,9
L18690425,PE,PE-LIM,,-12.1106324,-76.8037512,Malecon Lurin,2026-09-19 08:58,49,23
L4055881,PE,PE-LIM,,-12.137138,-77.0257258,Malecon Paul Harris,2026-07-17 09:55,51,83
L1747478,PE,PE-LOR,,-3.7524443,-73.2438755,Malecon Tarapaca,2026-09-20 05:47,264,398
L8699318,PE,PE-CUS,,-13.1549864,-72.5261165,Malecon de Machupicchu,2026-09-26 07:33,158,345
L55483981,PE,PE-HUC,,-9.9346198,-76.2388761,Malecón Alomida Robles,2026-09-01 12:00,20,7
L2329569,PE,PE-LIM,,-11.7730658,-77.1762782,Malecón Ancon,2026-08-24 12:41,81,103
L7358827,PE,PE-MOQ,,-17.64407,-71.3456252,Malecón Bahía de Ilo,2026-09-01 17:03,48,53
L23139657,PE,PE-ARE,,-16.3895725,-71.5382677,Malecón Bolognesi,2026-09-13 07:00,25,42
L15032114,PE,PE-HUC,,-9.9299614,-76.2344173,Malecón Leoncio Prado,2026-08-25 13:32,59,21
L4573470,PE,PE-PUN,,-15.8330494,-70.0161266,Malecón Puno (Espejo de Agua),2026-09-27 08:21,127,273
L17567743,PE,PE-LIM,,-12.1028569,-77.0623361,Malecón Salaverry,2026-08-23 12:53,38,25
L33116512,PE,PE-UCA,,-9.0358228,-75.5062881,Malecón de Aguaytia,2026-07-27 08:32,19,2
L4144821,PE,PE-ICA,,-13.8415664,-76.2560177,Malecón de Paracas,2026-09-21 10:53,91,106
L7333335,PE,PE-MOQ,,-17.1861111,-70.945,Malecón del Río Moquegua,2024-07-02 11:29,30,7
L23956479,PE,PE-MDD,,-12.3470479,-70.704972,Manakin Trail--Tapir Lick to Manú Wildlife Center,2026-06-15 06:14,192,44
L10421923,PE,PE-PAS,,-10.6792575,-75.3858827,Manantiales El Cisne,2026-08-19 11:59,43,7
L58845561,PE,PE-PIU,,-5.4953105,-80.9036852,Manglares de San Pedro,2008-05-01 00:00,40,1
L511494,PE,PE-PIU,,-5.5242389,-80.8908749,Manglares de San Pedro de Vice,2026-05-09 09:25,147,208
L6104769,PE,PE-TUM,,-3.5017699,-80.3952456,Manglares de Tumbes,2026-05-05 15:00,153,90
L6465661,PE,PE-PIU,,-5.5450887,-80.8796632,Manglares de Vice,2025-01-20 06:58,82,9
L2688747,PE,PE-ARE,,-16.4637027,-71.5562725,Mansión del Fundador,2026-02-27 11:41,20,6
L2170333,PE,PE-CUS,,-12.8949217,-71.4038157,Manu Biolodge (anteriormente Estación Biológica Villa Carmen),2026-09-27 18:10,763,5471
L17349619,PE,PE-MDD,,-12.858052,-71.381718,Manu Biosphere Reserve Ecolodge,2026-09-23 11:25,386,73
L3601096,PE,PE-MDD,,-12.3379287,-70.722304,Manu Birding Lodge,2026-09-02 15:46,588,726
L23858040,PE,PE-CUS,,-12.9115965,-71.4042856,Manu Gallito De Las Rocas Lodge,2026-09-11 09:43,103,47
L6135051,PE,PE-CUS,,-12.906342,-71.400855,Manu Green Lodge (Ex-Mirador Lodge),2026-09-25 07:00,318,101
L11436259,PE,PE-MDD,,-12.7924572,-71.4001968,Manu Learning Centre,2026-09-17 05:24,271,119
L37750569,PE,PE-CUS,,-12.9714226,-71.4323978,Manu San Fernando Adventures,2024-11-03 06:00,24,3
L8231282,PE,PE-MDD,,-12.0054839,-71.2306136,Manu Tented Camp,2026-07-04 11:54,196,25
L1394593,PE,PE-MDD,,-12.1405997,-71.0944712,Manú Cloud Forest Lodge,2025-09-27 06:46,196,16
L1004831,PE,PE-CUS,,-13.0708669,-71.5692115,Manú Cloud Forest Lodge (1500-1700m),2026-09-24 09:00,486,629
L1319314,PE,PE-CUS,,-13.0541939,-71.550956,Manú Eco Lodge Tambo Paititi,2026-09-26 08:12,250,60
L1599931,PE,PE-MDD,,-12.78927,-71.39136,Manú Learning Centre--Lodge,2026-08-29 08:51,481,240
L599450,PE,PE-MDD,,-12.35545,-70.7064,Manú Wildlife Center,2026-09-14 04:40,605,1650
L7297444,PE,PE-MDD,,-12.4050966,-70.7060367,Manú Wildlife Center--Antthrush Trail,2024-10-07 08:26,194,54
L2352111,PE,PE-MDD,,-12.3551778,-70.7057655,Manú Wildlife Center--Canopy Tower,2026-05-03 14:36,418,114
L10215242,PE,PE-MDD,,-12.3553465,-70.7058789,Manú Wildlife Center--Cocha Blanco,2026-06-11 16:33,304,30
L7997770,PE,PE-MDD,,-12.3549088,-70.7017163,Manú Wildlife Center--Creek Trail,2023-11-06 14:39,230,24
L7997756,PE,PE-MDD,,-12.3546589,-70.7077133,Manú Wildlife Center--Grid Trails,2026-09-11 16:07,429,210
L3837650,PE,PE-MDD,,-12.3550311,-70.7029063,Manú Wildlife Center--Grounds,2025-07-19 05:25,535,311
L612095,PE,PE-MDD,,-12.284992,-70.8867073,Manú--Pista de Aterrizaje,2024-12-03 14:05,438,66
L1799759,PE,PE-LIM,,-11.7860719,-76.5757599,Marcahuasi Stone Forest,2026-07-29 09:00,78,49
L3876465,PE,PE-ANC,,-9.3224049,-77.6036239,Marcara (pueblo),2025-10-31 13:43,7,1
L4453092,PE,PE-CAL,,-12.0599802,-77.1504754,Marina de Callao,2026-09-11 10:59,84,82
L4636094,PE,PE-LOR,,-3.7044867,-73.2837439,Mariposario Pilpintuwasi,2025-08-14 16:50,55,5
L10309160,PE,PE-ARE,,-17.1441341,-72.3456451,Matarani--Pelágico,2025-12-12 08:47,39,7
L30264624,PE,PE-HUV,,-12.399245,-75.0464578,Matorrales de Huantaro,2026-03-02 06:46,33,9
L70692885,PE,PE-JUN,,-11.5759451,-75.3264013,Matorrales y Queñuales De Curimarca,2026-06-19 11:52,21,1
L5833878,PE,PE-CUS,,-13.807659,-71.8957758,Micruenca de Toroy,2021-11-24 10:59,58,4
L40883860,PE,PE-ANC,,-10.1011404,-78.140386,Mikaeve Hotel y Restaurante,2025-03-02 12:59,4,1
L1932326,PE,PE-TUM,,-3.7590877,-80.3473949,Mirador ACR Angostura Faical--Camino a El Caucho Biological Station,2026-06-08 17:00,179,61
L18824829,PE,PE-CUS,,-12.8531698,-72.6967685,Mirador Alameda Bolognesi,2026-05-06 09:33,62,67
L6568536,PE,PE-CUS,,-12.8951995,-71.3621664,Mirador Atalaya,2026-09-17 17:15,362,163
L23950291,PE,PE-AMA,,-6.7333896,-77.8945179,Mirador Calla Calla,2026-09-26 08:55,227,401
L6347842,PE,PE-APU,,-13.4426695,-72.8099406,Mirador Capuliyoc,2025-07-29 07:33,56,24
L56722329,PE,PE-JUN,,-12.0627439,-75.1960109,Mirador Cerrito de la Libertad,2026-07-29 09:44,9,2
L21794436,PE,PE-CAJ,,-7.0885696,-78.340057,Mirador Encañada,2026-09-13 07:36,61,95
L28421520,PE,PE-SAM,,-7.3448069,-76.8083933,Mirador Huicungo,2023-12-22 06:45,29,1
L62482314,PE,PE-CUS,,-12.8719072,-72.6985931,Mirador La Cruz,2026-05-11 07:47,38,3
L23051718,PE,PE-LIM,,-12.0840523,-76.920624,Mirador La Laguna de La Molina,2026-08-16 11:00,51,83
L62335756,PE,PE-CAJ,,-6.7881621,-78.1768123,Mirador Lito Point,2026-08-30 06:22,41,3
L26091039,PE,PE-LIM,,-12.1678209,-77.0377857,Mirador Miguel Grau,2026-09-06 12:05,56,112
L9285213,PE,PE-CUS,,-12.8476968,-72.6962621,Mirador Morro San Juan,2025-06-24 03:02,49,18
L61991258,PE,PE-PIU,,-5.0051044,-79.8022842,Mirador Nueva Alianza,2026-04-04 10:00,1,0
L39478380,PE,PE-JUN,,-11.0860771,-75.4136773,Mirador Pichita,2024-12-01 10:00,10,2
L3026815,PE,PE-LIM,,-12.4826383,-76.8011311,Mirador Pucusana,2026-06-26 09:57,102,312
L7351710,PE,PE-LIM,,-12.356339,-75.85324,Mirador Punta Esperanza
L24352641,PE,PE-SAM,,-6.03735,-76.96213,Mirador Punta de Doñe Pierre,2026-03-24 13:56,33,3
L8623910,PE,PE-SAM,,-6.0278302,-76.9648389,Mirador Punta de San Juan,2025-12-07 06:22,132,19
L7137136,PE,PE-SAM,,-6.0259946,-76.9670552,Mirador Punta de Tahuishco,2026-09-13 05:36,241,236
L24357884,PE,PE-PUN,,-14.1039864,-69.0472065,Mirador Putina Punco,2025-10-11 06:40,25,5
L7102191,PE,PE-HUC,,-9.6861293,-75.4629582,Mirador Río Codo,2022-08-04 07:16,108,10
L8610880,PE,PE-CUS,,-13.4324611,-71.8643129,Mirador Taray,2026-09-25 09:51,58,39
L12728138,PE,PE-SAM,,-6.4512359,-76.3580709,Mirador Taytamaki,2025-12-10 06:05,240,106
L21877874,PE,PE-LIM,,-11.5974227,-76.1922079,Mirador Ticlio,2026-09-14 16:40,36,27
L26854499,PE,PE-JUN,,-11.5317918,-74.9465847,Mirador Turistico El Waly,2026-05-22 15:01,46,37
L25605906,PE,PE-PAS,,-10.4052011,-74.9805722,Mirador Turistico Puerto Bermúdez,2025-07-26 14:13,61,6
L37213153,PE,PE-JUN,,-11.1329553,-75.36106,Mirador Valle de San Ramón,2025-04-12 09:10,35,7
L28775665,PE,PE-CUS,,-12.9283868,-72.9994271,Mirador Yuncay Cuenca del Rio San Miguel,2026-08-31 14:47,129,34
L53641205,PE,PE-APU,,-13.5405007,-72.8023889,Mirador a Cordillera y Via Láctea
L35510573,PE,PE-ARE,,-15.6570898,-71.7071199,Mirador de Achoma,2026-09-13 07:32,39,23
L5389468,PE,PE-ARE,,-15.6534533,-71.6085219,Mirador de Chivay,2026-07-28 16:08,49,13
L9710689,PE,PE-CUS,,-12.9020725,-71.3984303,Mirador de Colibrí Pelayoc,2026-09-25 06:41,221,45
L5065776,PE,PE-CUS,,-13.5748892,-72.4810781,Mirador de Condor,2026-09-24 14:56,151,241
L22280631,PE,PE-CUS,,-12.823566,-72.6129962,Mirador de Condor Sencca,2025-05-10 18:27,13,4
L27548042,PE,PE-AYA,,-14.3471988,-73.9079475,Mirador de Condores de Mayobamba,2025-07-29 07:10,35,6
L7812323,PE,PE-HUC,,-9.3189095,-76.0104901,Mirador de Jacintillo,2024-08-10 06:15,96,4
L59660464,PE,PE-AMA,,-6.3089868,-77.8956597,Mirador de Levanto,2026-03-01 07:24,7,2
L6467315,PE,PE-AYA,,-14.3295902,-73.9792299,Mirador de Mayobamba,2020-12-07 06:40,31,7
L23744890,PE,PE-PIU,,-4.8885066,-80.6882373,Mirador de Plaza de Armas de Sullana,2026-07-17 18:47,8,2
L22189526,PE,PE-LIM,,-11.701118,-76.551245,Mirador de Punkayán,2026-05-26 16:03,23,6
L4305449,PE,PE-ARE,,-15.612597,-71.9783556,Mirador de San Cejana,2026-06-12 07:15,62,25
L51723563,PE,PE-CUS,,-13.5134146,-71.979686,Mirador de San Cristobal,2026-09-23 08:20,27,28
L6802324,PE,PE-SAM,,-6.025976,-76.9670606,Mirador de Tahuishco,2026-08-13 16:41,207,101
L17335254,PE,PE-TUM,,-3.5717248,-80.460288,Mirador de Tumbes,2026-06-21 12:23,64,34
L37772875,PE,PE-SAM,,-5.964,-77.301,Mirador del Tioyacu,2024-11-01 06:45,33,2
L30299311,PE,PE-TAC,,-17.2657238,-70.2510023,Mirador y Capilla de Candarave,2024-03-29 18:50,6,1
L2462199,PE,PE-LAM,,-7.0131412,-79.6773362,Mocupe,2026-09-13 17:47,152,206
L897839,PE,PE-PUN,,-15.360177,-69.5035028,Moho (pueblo),2008-09-03 00:00,71,3
L39666061,PE,PE-MDD,,-12.6062446,-69.1172913,Moises Lodge,2026-08-04 11:27,39,2
L2992025,PE,PE-ARE,,-17.0229485,-72.0215607,Mollendo--vista al mar,2026-01-09 10:08,95,19
L4471514,PE,PE-ARE,,-16.3945924,-71.53616,Monasterio de Santa Catalina,2026-09-27 16:37,33,122
L5086529,PE,PE-CUS,,-13.5409478,-72.0467922,Montaña Apu Mama Simona,2025-02-18 07:20,61,15
L6327801,PE,PE-CUS,,-13.869226,-71.3030156,Montaña Colorada (Vinicunca),2026-09-22 09:00,99,209
L4269781,PE,PE-PUN,,-15.9236957,-69.7236156,Montaña Hilarata,2025-12-26 10:14,51,1
L6247670,PE,PE-MDD,,-12.8360714,-69.4402456,Monte Amazonico,2026-02-23 10:07,141,14
L4713652,PE,PE-MDD,,-12.5748371,-69.0519691,Monte Amazonico Lodge,2026-09-04 16:51,196,42
L9883438,PE,PE-MDD,,-12.876321,-69.5010567,Monte Amazonico Lodge,2025-10-24 15:00,106,9
L52802292,PE,PE-PAS,,-10.6663131,-75.3369165,Montecatini Ecolodge,2026-08-08 10:08,135,36
L1314909,PE,PE-CUS,,-13.056144,-72.4300396,Monterosa/Pacha Conservancy,2026-08-01 14:44,238,302
L53738928,PE,PE-ANC,,-9.594192,-77.1775543,Monumento Arqueológico Chavín de Huántar,2026-05-02 15:06,11,6
L51335059,PE,PE-ANC,,-9.4833643,-77.5113806,Monumento Arqueológico de Wilkawain,2026-01-19 15:08,5,1
L976328,PE,PE-SAM,,-6.0227,-77.04165,Morro de Calzada,2026-08-10 15:10,455,522
L65777412,PE,PE-SAM,,-6.026171,-77.043315,Morro de Calzada--Mirador Silla del Curaca,2026-09-20 07:21,129,29
L7375771,PE,PE-PIU,,-4.2172757,-81.1812186,Muelle El Ñuro,2025-10-24 12:09,38,16
L3819482,PE,PE-LAL,,-7.3981958,-79.5731807,Muelle Pacasmayo,2026-09-27 06:15,73,112
L34533279,PE,PE-ANC,,-9.94888,-78.2287315,Muelle de Culebras,2024-08-06 12:00,10,2
L9213446,PE,PE-LAL,,-8.2287798,-78.9868387,Muelle de Salaverry,2026-03-30 17:00,55,37
L65998706,PE,PE-ICA,,-13.7332465,-76.2244534,Muelle de San Andrés
L6243220,PE,PE-CAL,,-12.0676183,-77.1666116,Muelle de la Fuerza Armada de Perú,2026-06-02 16:20,70,34
L13595852,PE,PE-CAL,,-12.0561086,-77.1502876,Muelle del Callao,2025-12-01 16:30,39,34
L35732956,PE,PE-ARE,,-16.3929224,-71.5354586,Mundo Alpaca,2026-07-28 10:37,20,10
L4136470,PE,PE-CAJ,,-7.2563597,-78.4866285,Municipalidad Choten,2026-05-23 11:00,60,13
L25676498,PE,PE-LAM,,-6.7995768,-79.60075,Museo Huaca Rajada,2026-02-15 17:36,52,10
L5584462,PE,PE-LIM,,-12.0725022,-77.070846,Museo Larco,2026-09-10 13:52,42,168
L983797,PE,PE-AMA,,-6.7234781,-77.7981377,Museo Leimebamba y Kentikafe,2026-09-27 18:45,249,413
L8418553,PE,PE-LAM,,-6.7049491,-79.8979402,Museo Tumbas Reales de Sipán,2026-05-13 08:55,57,34
L72182932,PE,PE-PAS,,-10.602141,-75.4135609,Museo Vintage Años Dorados,2026-06-29 11:30,1,0
L69799721,PE,PE-PUN,,-15.0375399,-70.3673244,Museo arqueológico de Pucara,2026-08-19 07:58,12,2
L9662954,PE,PE-LIM,,-12.1367395,-77.0231616,Museo de Arte Contemporáneo,2026-09-05 17:54,36,51
L22818052,PE,PE-LIM,,-12.077191,-77.037139,Museo de Historia Natural UNMSM,2026-09-11 16:51,29,33
L40236050,PE,PE-LIM,,-12.0480242,-76.9344261,Museo de Sitio Arturo Jiménez Borja,2025-02-12 09:00,5,1
L5277968,PE,PE-LAL,,-8.0997468,-79.0665239,Museo de Sitio Chan Chan,2026-06-16 14:32,55,43
L8843271,PE,PE-ICA,,-13.8682949,-76.2726705,Museo de Sitio Julio C. Tello de Paracas,2026-09-16 16:30,62,46
L1908430,PE,PE-LOR,,-4.2984897,-73.2825,Muyuna Amazon Lodge,2026-09-17 08:16,575,1228
L1908919,PE,PE-LOR,,-4.2710938,-73.3004379,Muyuna Lodge--Lago Punga,2026-09-04 15:17,347,81
L1908859,PE,PE-LOR,,-4.3097805,-73.3315086,Muyuna Lodge--Tipashiro Lake Camp Trail,2026-06-20 09:16,243,13
L41445167,PE,PE-SAM,,-5.722131,-77.574567,Naciente Rio Aguas Claras,2026-07-13 11:30,39,5
L56158068,PE,PE-LOR,,-4.155865,-70.082741,Natamü Refugio Ecológico,2026-07-06 07:58,20,1
L44711348,PE,PE-UCA,,-9.0575504,-75.6301123,Nativa Club Campestre,2025-05-10 04:00,65,2
L2490571,PE,PE-ICA,,-14.828178,-74.9434304,Nazca (pueblo),2026-09-21 22:37,96,75
L4313504,PE,PE-ARE,,-15.4330387,-72.634542,Nevado Coropuna--Puna,2016-02-10 08:15,14,1
L51362561,PE,PE-ANC,,-9.9072936,-77.1835993,Nevado Pastoruri,2026-06-19 08:27,12,3
L3162541,PE,PE-AMA,,-4.8501,-78.3167,Nuevo Salem,2019-08-03 05:00,252,21
L23949520,PE,PE-CAJ,,-6.8504436,-78.0463426,Oasis del Condor,2026-09-23 12:56,69,109
L37989529,PE,PE-CUS,,-13.2892969,-71.5972312,Observatorio de Aves Ecolodge WillkaWayra,2026-09-03 11:03,63,54
L44897904,PE,PE-UCA,,-8.5575,-74.8014,Ojaraska Ecolodge,2025-10-11 05:30,58,4
L815614,PE,PE-CUS,,-13.2594201,-72.2666073,Ollantaytambo (pueblo),2026-09-26 06:58,265,573
L24815442,PE,PE-MDD,,-11.592338,-69.48438,Otorongo Base Camp Lodge,2026-05-13 05:40,313,32
L6243514,PE,PE-LOR,,-3.47403,-72.51546,Otorongo Lodge,2026-07-23 15:21,480,261
L7107621,PE,PE-LOR,,-3.416667,-72.58333,Otorongo T3,2023-10-08 16:24,61,10
L2708751,PE,PE-LIM,,-10.6286616,-76.6934967,Oyón,2024-01-27 10:36,85,15
L25097756,PE,PE-ARE,,-16.34216,-71.53361,PER Las Rocas de Chilina,2026-09-13 08:00,59,113
L25112601,PE,PE-ARE,,-16.3380736,-71.5239834,PER Las Rocas de Chilina--Quebrada,2025-06-22 00:00,33,43
L3840578,PE,PE-UCA,,-10.3749023,-71.6651917,PN Alto Purús,2009-08-30 06:50,36,7
L21179005,PE,PE-MDD,,-13.1223694,-70.1926399,PN Bahuaja-Sonene--Puesto de Vigilancia y Control Pamahuaca,2026-05-09 16:30,117,19
L2297191,PE,PE-MDD,,-13.152127,-70.188793,PN Bahuaja-Sonene--Rio Panahuaca,2025-10-11 16:30,76,12
L2293855,PE,PE-MDD,,-13.194839,-70.132043,PN Bahuaja-Sonene--Río Chocolatillo,2013-06-16 06:00,257,10
L4320430,PE,PE-TUM,,-3.84556,-80.17639,PN Cerros de Amotape--Estación Policial Campo Verde,2026-06-19 10:00,172,77
L2736539,PE,PE-LOR,,-0.6474929,-75.2554035,PN Güeppí-Sekime--Lagarto Cocha,2026-05-22 08:49,227,47
L3876432,PE,PE-ANC,,-9.6245643,-77.3007596,PN Huascarán--Quebrada Uquian,2008-09-14 09:30,7,1
L19631554,PE,PE-PAS,,-10.5423046,-75.3589525,PN Yanachaga-Chemillén--Sector San Alberto,2026-09-26 06:26,255,213
L2520337,PE,PE-PUN,,-13.4975077,-69.3738556,PNac Bahuaja Sonene,2026-07-04 08:11,441,517
L18584353,PE,PE-PUN,,-13.1465927,-70.3044212,PNac Bahuaja Sonene--Kotsimba Lodge,2026-07-04 08:11,362,496
L3516604,PE,PE-PUN,,-13.4884604,-69.3682337,PNac Bahuaja Sonene--Macaw Clay Lick,2015-09-30 05:00,78,5
L21180618,PE,PE-PUN,,-13.9636386,-69.3070149,PNac Bahuaja Sonene--Puesto de Vigilancia y Control Cuchini,2025-05-10 12:00,32,6
L1000739,PE,PE-PIU,,-4.2658897,-80.7165527,PNac Cerros De Amotape (Dept. Piura),2022-05-14 06:12,60,2
L1006900,PE,PE-TUM,,-4.1437219,-80.5874634,PNac Cerros de Amotape (Dept. Tumbes),2023-10-14 07:47,179,9
L10934540,PE,PE-TUM,,-3.8238369,-80.2602493,PNac Cerros de Amotape--Estacion Biologica El Caucho,2026-06-19 18:30,235,220
L7516837,PE,PE-TUM,,-3.8434135,-80.1641035,PNac Cerros de Amotape--Estación Policial Cabo Cotrina,2026-06-18 16:59,161,38
L35519896,PE,PE-TUM,,-3.8390278,-80.2051944,PNac Cerros de Amotape--Pozo del Pato,2026-08-08 11:58,68,6
L7363232,PE,PE-TUM,,-3.817572,-80.268567,PNac Cerros de Amotape--Puesto Policial El Caucho,2026-06-03 22:13,117,14
L24456232,PE,PE-TUM,,-3.7488757,-80.4282053,PNac Cerros de Amotapes--Mirador Ceibal,2026-05-09 16:21,37,4
L7375063,PE,PE-TUM,,-3.7769661,-80.3447664,PNac Cerros de Amotapes--Quebrada Alambique,2026-06-07 17:30,106,10
L2441415,PE,PE-TUM,,-3.755971,-80.3878427,PNac Cerros de Amotapes--Quebrada La Angostura,2026-01-14 11:00,164,102
L790209,PE,PE-LOR,,-7.2676638,-75.8798218,PNac Cordillera Azul (Dept. Loreto),2021-05-08 10:30,192,14
L37719254,PE,PE-SAM,,-6.9371173,-76.0556506,PNac Cordillera Azul--Bosque Caserío El Porvenir,2026-06-16 09:05,93,9
L24371622,PE,PE-LOR,,-7.217809,-76.0648862,PNac Cordillera Azul--Puesto de Vigilancia y Control Nuevo Loreto,2023-05-13 08:30,42,3
L16919469,PE,PE-SAM,,-6.9673683,-76.0847851,PNac Cordillera Azul--Punto de Vista Chambirillo,2025-10-11 06:00,137,10
L54041670,PE,PE-SAM,,-6.5777697,-76.089109,PNac Cordillera Azul--Robashca,2025-10-11 13:30,57,15
L11173212,PE,PE-ANC,,-9.2270796,-77.4519528,PNac Huascarán,2026-09-27 09:10,212,1073
L688976,PE,PE-ANC,,-9.0452462,-77.5654721,PNac Huascarán--Abra Portachuelo,2026-08-05 10:09,113,56
L2520746,PE,PE-ANC,,-9.029552,-77.5462675,PNac Huascarán--Campamento Ceguela Pampa,2016-05-06 07:35,48,7
L1831142,PE,PE-ANC,,-9.2866051,-77.5033808,PNac Huascarán--Laguna 69,2026-04-27 14:45,60,4
L3012032,PE,PE-ANC,,-9.4861133,-77.4281169,PNac Huascarán--Laguna Churup,2026-09-26 10:05,74,10
L7643220,PE,PE-ANC,,-9.1616964,-77.5458705,PNac Huascarán--Laguna Huallcacocha,2025-05-08 08:30,48,4
L2411963,PE,PE-ANC,,-9.4338301,-77.4430132,PNac Huascarán--Laguna Llaca,2026-06-28 09:43,71,56
L688959,PE,PE-ANC,,-9.0744842,-77.6448441,PNac Huascarán--Laguna Llanganuco,2026-09-18 09:16,161,135
L7161597,PE,PE-ANC,,-8.9932799,-77.6699495,PNac Huascarán--Laguna Parón,2026-07-30 07:00,83,20
L47442464,PE,PE-ANC,,-9.0884568,-77.6973817,PNac Huascarán--Laguna Queushu,2025-11-07 09:00,21,3
L35035969,PE,PE-ANC,,-9.2814449,-77.4529588,PNac Huascarán--Laguna Rocotuyoc,2025-12-13 15:40,17,3
L852110,PE,PE-ANC,,-9.2186935,-77.3015213,PNac Huascarán--Quebrada Arma,2009-05-22 06:00,35,1
L852067,PE,PE-ANC,,-8.8341877,-77.7591705,PNac Huascarán--Quebrada Cedros Alpamayo,2010-10-03 07:30,2,0
L14235355,PE,PE-ANC,,-9.4804178,-77.4478539,PNac Huascarán--Quebrada Cojup,2026-09-27 09:10,57,19
L2913208,PE,PE-ANC,,-9.043944,-77.6077964,PNac Huascarán--Quebrada Demanda,2026-08-09 14:25,106,37
L2956621,PE,PE-ANC,,-9.461273,-77.4600077,PNac Huascarán--Quebrada Llaca,2026-08-28 13:36,96,103
L3120927,PE,PE-ANC,,-9.0504408,-77.6045036,PNac Huascarán--Quebrada Llanganuco (3800-4200m),2026-03-02 14:13,111,62
L3121043,PE,PE-ANC,,-9.0470503,-77.5945473,PNac Huascarán--Quebrada Llanganuco (4200-4500m),2026-09-18 09:45,85,20
L3994508,PE,PE-ANC,,-9.0528695,-77.596921,PNac Huascarán--Quebrada Llanganuco (4305m),2025-08-29 14:34,73,21
L4758722,PE,PE-ANC,,-9.0260256,-77.721118,PNac Huascarán--Quebrada Paron,2025-08-26 07:31,85,9
L26157125,PE,PE-ANC,,-9.1605,-77.475,PNac Huascarán--Quebrada Potaca Polylepis,2026-06-12 13:32,63,6
L951586,PE,PE-ANC,,-9.4877563,-77.4013853,PNac Huascarán--Quebrada Quilcayhuanca,2026-08-22 17:44,80,57
L4751910,PE,PE-ANC,,-9.5438748,-77.3890257,PNac Huascarán--Quebrada Rajucolta,2026-06-10 10:43,51,3
L4782968,PE,PE-ANC,,-9.1660772,-77.5814742,PNac Huascarán--Quebrada Ulta,2026-05-18 13:15,107,21
L1909574,PE,PE-ANC,,-9.4968102,-77.4402881,PNac Huascarán--Senda Laguna Churup,2026-09-26 08:18,94,26
L688983,PE,PE-ANC,,-9.0800823,-77.6529551,PNac Huascarán--Senda de Maria Josefa,2025-11-07 14:00,108,115
L1909562,PE,PE-ANC,,-9.0782812,-77.6486206,PNac Huascarán--Sendera Chinancocha,2026-05-04 13:42,99,32
L3457566,PE,PE-ANC,,-9.3803855,-77.4721621,PNac Huascarán--Trancapampa,2025-06-02 17:26,44,4
L2411810,PE,PE-ANC,,-9.3413497,-77.4652863,PNac Huascarán--Valle Akillpo,2022-12-28 08:30,59,5
L6231261,PE,PE-ANC,,-9.051116,-77.6155543,PNac Huascarán--Yuraccorral,2026-09-18 13:50,123,140
L3011351,PE,PE-ANC,,-8.9047449,-77.7617455,PNac Huascarán--subida Nevado Santa Cruz,2026-07-27 12:30,34,3
L5571629,PE,PE-AMA,,-3.3127408,-78.0733109,PNac Ichigkat Muja-Cordillera del Cóndor,2020-03-15 00:00,126,12
L2967160,PE,PE-MDD,,-12.0685758,-71.7213478,PNac Manu (localización más precisa preferido/more precise location preferred),2026-09-23 06:30,736,660
L65883291,PE,PE-CUS,,-12.5964703,-72.1573877,PNac Manu--Puesto de Vigilancia y Control Lacco
L4091585,PE,PE-MDD,,-12.2329956,-70.9393094,PNac Manú--Limonal Ranger Station,2026-09-02 07:30,362,192
L4862382,PE,PE-MDD,,-11.9449523,-71.2828803,PNac Manú--Park Ranger Post Pakitza,2026-07-18 07:53,413,79
L11429949,PE,PE-CUS,,-12.933431,-71.792912,PNac Manú--Qurqurpampa Ranger Station,2026-05-09 05:00,174,33
L815603,PE,PE-MDD,,-12.1737296,-71.0238647,PNac Manú--Rio Manú,2026-09-23 06:30,410,220
L11409940,PE,PE-MDD,,-12.233623,-70.9350273,PNac Manú--Torre Limonal,2026-07-30 07:06,127,37
L29391320,PE,PE-CUS,,-13.174059,-71.613242,PNac Manú--Trocha Erickson,2026-09-09 13:26,97,18
L10090625,PE,PE-JUN,,-11.4254954,-73.7277772,PNac Otishi,2019-09-29 06:00,120,2
L3524751,PE,PE-SAM,,-7.6702996,-77.2651291,PNac Rio Abiseo,2026-01-27 10:38,301,33
L9216751,PE,PE-SAM,,-7.9712506,-77.317462,PNac Rio Abiseo--Alto Ventanas,2023-10-03 16:11,39,2
L19061757,PE,PE-SAM,,-8.0069401,-77.3937203,PNac Rio Abiseo--Laguna La Negra,2022-05-14 09:30,9,1
L27528997,PE,PE-SAM,,-7.972777,-77.3492878,PNac Rio Abiseo--Puerta del Monte,2023-10-03 14:10,77,3
L65830124,PE,PE-SAM,,-7.65964,-77.46592,PNac Rio Abiseo--Puerta del Monte,2026-05-09 06:20,15,1
L9006871,PE,PE-SAM,,-7.3153413,-77.0320326,PNac Rio Abiseo--Puesto de Control Gran Pajatén,2018-02-28 07:00,65,1
L13839156,PE,PE-SAM,,-7.449,-76.895,PNac Rio Abiseo--Puesto de Control el Churo,2026-01-27 10:38,182,25
L65873127,PE,PE-SAM,,-7.976308,-77.351418,PNac Rio Abiseo--Sector Alpamachay,2026-05-09 06:15,9,1
L65884070,PE,PE-LAL,,-8.024597,-77.404739,PNac Rio Abiseo--Sector Los Pasajes,2026-05-09 06:15,13,1
L65880972,PE,PE-SAM,,-7.972199,-77.320949,PNac Rio Abiseo--Sector Puerta del Monte,2026-05-09 11:20,10,1
L64469291,PE,PE-UCA,,-7.8876979,-74.1820049,PNac Sierra del Divisor (area general),2026-05-09 21:14,300,58
L14875177,PE,PE-LOR,,-7.8974133,-74.6268034,PNac Sierra del Divisor--Puesto de Control Anguillal,2025-10-11 05:30,195,12
L7374384,PE,PE-UCA,,-7.8850611,-74.3270972,PNac Sierra del Divisor--Puesto de Vigilancia Callería,2026-05-09 21:14,241,42
L6341116,PE,PE-UCA,,-7.5429758,-74.4578218,PNac Sierra del Divisor--Puesto de Vigilancia Tacshitea,2019-05-04 07:00,43,4
L1328774,PE,PE-HUC,,-9.3729216,-75.9968948,PNac Tingo María,2026-09-17 16:13,530,482
L55805173,PE,PE-HUC,,-9.368168,-75.9845714,PNac Tingo María--Catarata La Quinceañera,2026-06-24 15:11,42,5
L51973263,PE,PE-HUC,,-9.37006,-75.973715,PNac Tingo María--Cueva de Las Pavas,2026-07-28 07:24,32,4
L2249030,PE,PE-HUC,,-9.329452,-76.0269992,PNac Tingo María--Cueva de las Lechuzas,2026-09-06 09:04,368,197
L2249037,PE,PE-HUC,,-9.409851,-75.969385,PNac Tingo María--Entrada Sur,2025-01-05 10:38,114,12
L7855462,PE,PE-HUC,,-9.3448841,-76.007904,PNac Tingo María--Garganta de La Bella Durmiente,2025-05-23 11:14,95,5
L14977657,PE,PE-HUC,,-9.4194486,-75.9703302,PNac Tingo María--Puesto de Control 3 de Mayo,2026-09-17 16:13,326,144
L16657151,PE,PE-HUC,,-9.418362,-75.993269,PNac Tingo María--Sector 3 de Mayo,2026-06-28 06:25,234,60
L1575725,PE,PE-PAS,,-10.2697894,-75.4328156,PNac Yanachaga-Chemillén,2026-09-18 06:36,711,1352
L11972628,PE,PE-PAS,,-10.4923538,-75.3892088,PNac Yanachaga-Chemillén--Acuzazú,2026-04-07 09:58,61,6
L10042094,PE,PE-PAS,,-10.1779945,-75.5533442,PNac Yanachaga-Chemillén--Camino Alto Yulitunqui,2026-06-05 22:05,232,31
L7777645,PE,PE-PAS,,-10.5448998,-75.3694977,PNac Yanachaga-Chemillén--Camino a San Alberto,2026-09-03 14:26,316,268
L2508444,PE,PE-PAS,,-10.182753,-75.5737542,PNac Yanachaga-Chemillén--Estación Huampal,2026-09-18 06:36,332,423
L12644792,PE,PE-PAS,,-10.3697217,-75.2433986,PNac Yanachaga-Chemillén--Pampa Pescado,2026-05-14 09:06,211,44
L14863784,PE,PE-PAS,,-10.2182356,-75.3557451,PNac Yanachaga-Chemillén--Puesto de Vigilancia y Control Comuñiz,2024-12-13 05:11,32,6
L1486320,PE,PE-PAS,,-10.5151733,-75.3679285,PNac Yanachaga-Chemillén--Quebrada San Alberto,2026-05-16 09:00,251,115
L8794061,PE,PE-PAS,,-10.4290744,-75.4479234,PNac Yanachaga-Chemillén--San Daniel,2026-08-08 13:30,143,28
L12068045,PE,PE-PAS,,-10.355591,-75.66302,PNac Yanachaga-Chemillén--Santa Bárbara,2026-09-11 09:05,163,139
L2510127,PE,PE-PAS,,-10.19532,-75.58659,PNac Yanachaga-Chemillén--Sector Pan de Azúcar,2026-06-24 13:25,159,45
L8269591,PE,PE-PAS,,-10.3419439,-75.2527473,PNac Yanachaga-Chemillén--Sector Paujil,2026-08-15 13:00,330,209
L2510066,PE,PE-PAS,,-10.1764,-75.58053,PNac Yanachaga-Chemillén--Trocha Schuler,2025-06-22 07:05,151,17
L7353486,PE,PE-CAJ,,-6.1450297,-78.7275982,PNac de Cutervo,2026-05-09 06:45,149,88
L11422071,PE,PE-LAL,,-7.779096,-77.534513,PNac del Río Abiseo--Bosque Chigualén,2023-09-29 07:30,39,4
L4594004,PE,PE-LAL,,-7.7794138,-77.5327934,PNac del Río Abiseo--Puesto de Control Chigualén,2026-05-09 06:20,62,11
L36700222,PE,PE-LAL,,-8.0811478,-77.3787168,PNac del Río Abiseo--Puesto de Vigilancia y Control Quinuapampa,2023-01-10 00:00,7,1
L5647067,PE,PE-UCA,,-8.3953816,-74.5572473,PNat de Pucallpa,2026-06-30 14:51,128,45
L9193301,PE,PE-TUM,,-3.8200213,-80.2648672,PNc Cerros de Amotape--Camino Campoverde,2026-06-01 13:00,150,24
L8457066,PE,PE-LOR,,-4.5744753,-73.7243099,Pacaya Samiria Amazon Lodge,2026-08-31 07:16,278,57
L23727073,PE,PE-CUS,,-13.5687802,-71.882472,Pachacutec Bosque Andino,2026-09-24 10:42,112,511
L3744962,PE,PE-LOR,,-3.6992191,-73.2788086,Padre Cocha (pueblo),2026-06-03 15:13,144,19
L5599821,PE,PE-MDD,,-12.8557137,-71.3836462,Paititi Lodge,2026-09-25 21:48,336,93
L72641507,PE,PE-CUS,,-14.463865,-71.135439,Pallay Punchu,2026-08-01 10:18,18,4
L11360809,PE,PE-CUS,,-14.2244427,-71.227006,Pampa Anza,2025-09-08 10:19,49,7
L835214,PE,PE-JUN,,-11.5607621,-76.2760162,Pampa Curicocha,2026-09-27 10:33,85,302
L2218338,PE,PE-CAJ,,-6.8574063,-78.139894,Pampa Grande,2026-09-08 15:26,57,24
L983045,PE,PE-JUN,,-10.9930515,-75.4213089,Pampa Hermosa Lodge,2022-11-17 08:20,146,11
L20415979,PE,PE-LIM,,-13.2594532,-76.3133176,Pampa Melchorita,2025-12-14 12:30,28,2
L4835960,PE,PE-PIU,,-4.52478,-80.00055,Pampa RC7,2024-03-30 15:19,71,5
L4607250,PE,PE-PIU,,-4.362549,-80.016296,Pampa Redonda,2016-05-14 06:00,65,1
L4191293,PE,PE-CAJ,,-7.2421483,-78.3257329,Pampa de Huayan,2023-12-10 13:50,12,1
L3633698,PE,PE-CAJ,,-7.1485016,-78.3050108,Pampa de La Culebra,2017-05-11 16:50,12,0
L19100974,PE,PE-ARE,,-15.973642,-71.031661,Pampa el Confital,2022-05-14 06:50,2,2
L7720660,PE,PE-MDD,,-12.1826984,-69.100678,Pampas Hermosa,2026-05-09 08:23,192,25
L903390,PE,PE-AMA,,-5.7911667,-77.8301111,Pampas de Copal,2022-07-12 09:13,57,5
L3715213,PE,PE-MDD,,-12.9567389,-68.9189959,Pampas del Heath,2024-09-12 10:21,379,18
L554451,PE,PE-PIU,,-4.3930102,-79.964633,Panamericana Norte--Puente Internacional,2026-07-17 16:02,113,98
L836806,PE,PE-LIM,,-10.6553572,-77.8399158,Panamericana Norte--Rio Fortaleza,2025-05-19 13:00,34,6
L602229,PE,PE-ICA,,-13.912032,-76.0127521,Panamericana Sur--Km 263 (Valqui C5.5),2026-03-26 10:00,59,14
L846786,PE,PE-ARE,,-16.5856706,-72.7315199,Panamericana Sur--Puente Camaná,2026-03-19 14:22,39,9
L17696657,PE,PE-ICA,,-14.5191818,-75.2112509,Panamericana Sur--Puente Río Grande,2026-05-25 15:40,46,15
L2240921,PE,PE-SAM,,-6.6324521,-76.3238937,Pantano Juan Guerrera,2026-06-14 06:52,222,96
L2278048,PE,PE-JUN,,-12.1772521,-75.6365347,Pantano Kushuropata,2024-07-08 09:13,38,12
L2351137,PE,PE-LIM,,-11.6033256,-76.2033734,Pantano Ticlio,2026-09-07 14:47,77,184
L2277603,PE,PE-JUN,,-12.1756198,-75.6373704,Pantano Ushurupata
L846820,PE,PE-CAL,,-12.0243573,-77.1428418,Pantano del Callao,2021-05-21 09:13,77,11
L8481272,PE,PE-SAM,,-5.9611603,-77.0276603,Pantanos de Burrococha y Gobernador,2026-05-28 16:01,93,10
L7820118,PE,PE-MDD,,-12.5111426,-68.9760877,Panthera Sanctuary--Cocha,2026-09-24 06:56,269,120
L23568060,PE,PE-MDD,,-12.654839,-71.232823,Pantiacolla Lodge,2026-09-15 05:55,619,868
L31945094,PE,PE-LIM,,-12.1067373,-77.0284584,Paque Clorinda Mattos de Turner,2026-05-24 13:20,25,12
L3026865,PE,PE-ICA,,-13.8567193,-76.2520936,Paracas--Hilton Resort,2026-08-21 17:26,129,233
L63664461,PE,PE-SAM,,-6.1417473,-77.1301631,Paraiso Ita,2026-04-08 08:00,25,1
L22149690,PE,PE-CUS,,-12.9050189,-71.4042234,Paraiso Pilcopata Inn,2026-09-15 07:28,250,86
L2460346,PE,PE-JUN,,-12.0015226,-74.9218225,Pariahuanca (pueblo),2025-08-02 12:02,105,33
L41129236,PE,PE-CAL,,-11.8869142,-77.1243207,Parque 1er Sector,2026-07-01 13:30,13,3
L37932511,PE,PE-LIM,,-12.0784392,-77.0599899,Parque 3 de Octubre,2026-05-09 15:45,22,10
L36318383,PE,PE-LIM,,-11.9987951,-77.054023,Parque 7 de Junio,2026-03-07 12:00,28,81
L27863737,PE,PE-CAL,,-12.0734284,-77.1125641,Parque 9 de Diciembre,2026-05-04 07:07,15,5
L22145622,PE,PE-ANC,,-9.5285932,-77.5256473,Parque Alameda Grau,2026-08-29 06:55,19,25
L41449554,PE,PE-LIM,,-12.0949993,-77.0488951,Parque Alfonso Ugarte,2026-08-21 17:28,23,9
L11635652,PE,PE-LIM,,-12.1191078,-77.0445689,Parque Almirante Miguel Grau,2026-08-17 14:03,52,102
L14863088,PE,PE-LIM,,-12.0134518,-77.0551497,Parque Andrés Avelino Cáceres,2025-02-26 21:25,24,6
L17195121,PE,PE-LIM,,-12.0751383,-77.0433745,Parque Andrés Avelino Cáceres,2025-12-24 16:52,27,14
L1485452,PE,PE-LIM,,-12.1241691,-77.0384181,Parque Antonio Raimondi,2026-09-27 14:30,75,484
L8835191,PE,PE-LIM,,-12.0542305,-77.0754693,Parque Arias Schereiber,2025-07-14 15:03,26,15
L22409803,PE,PE-LIM,,-12.1365618,-77.0263637,Parque Armendariz y Bicentenario Miraflores,2026-09-24 09:52,45,86
L782919,PE,PE-CUS,,-13.3933333,-72.8738889,Parque Arqueológico Choquequirao,2026-08-17 06:50,193,79
L2064911,PE,PE-CUS,,-13.4132483,-71.843462,Parque Arqueológico Pisac,2026-09-27 18:59,175,370
L4218065,PE,PE-CUS,,-13.567487,-71.7831123,Parque Arqueológico Tipón,2026-09-18 10:58,90,93
L2394884,PE,PE-CUS,,-14.1745052,-71.3693762,Parque Arqueológico de Raqchi,2026-09-18 10:35,127,152
L1985240,PE,PE-CUS,,-13.5086681,-71.9815636,Parque Arqueológico de Sacsayhuaman,2026-09-27 09:58,267,959
L41068987,PE,PE-ANC,,-9.474694,-78.2949601,Parque Augusto B. Leguía,2025-03-07 17:02,5,2
L17591073,PE,PE-LIM,,-12.0874527,-76.9839305,Parque Avenida Boulevard de Surco,2026-07-11 13:54,29,30
L42064238,PE,PE-LIM,,-12.0716602,-77.0561904,Parque Bahía,2026-07-22 07:39,14,5
L30722098,PE,PE-LIM,,-12.1495253,-77.0211875,Parque Barranco,2026-09-24 10:59,32,45
L4656540,PE,PE-LIM,,-12.1289512,-77.0350546,Parque Beato Marcelino Champagnat,2026-09-27 12:55,52,147
L5469800,PE,PE-LIM,,-12.1047539,-77.0591958,Parque Benemérita Guardia Civil,2026-08-25 10:20,51,269
L20577641,PE,PE-LIM,,-12.0337246,-76.9487327,Parque Benjamin Doig Lossio,2022-08-16 09:08,5,0
L18198717,PE,PE-LIM,,-12.0946756,-76.9916268,Parque Bernardo Trefogli,2024-10-22 10:23,21,9
L19287655,PE,PE-LIM,,-12.109047,-77.0550692,Parque Bicentenario,2026-06-08 11:49,42,69
L35685572,PE,PE-LIM,,-12.1124995,-77.0437199,Parque Blume,2026-05-27 14:41,20,3
L17067647,PE,PE-LIM,,-12.0515853,-77.0848045,Parque Bosque,2025-11-30 12:20,25,11
L41069180,PE,PE-ANC,,-9.4753247,-78.3020628,Parque Boulevard San Martín,2025-03-06 16:43,6,1
L38347844,PE,PE-LIM,,-12.1321132,-76.9926036,Parque Brazil,2024-12-24 09:57,23,6
L61019491,PE,PE-CAL,,-12.0685642,-77.1112676,Parque C.P.V,2026-04-13 17:10,6,0
L16416109,PE,PE-LIM,,-12.0820205,-77.0854233,Parque Capitán José Soto Merino,2026-05-09 15:52,30,22
L8215000,PE,PE-LIM,,-12.1046591,-76.9717819,Parque Cayalti,2026-09-26 17:44,30,26
L17490209,PE,PE-HUC,,-9.9304641,-76.2367008,Parque Central Dirección Regional De Salud Huánuco,2026-09-25 17:19,16,8
L14052845,PE,PE-LIM,,-12.0964225,-76.7754543,Parque Central Tercera Etapa,2026-07-02 09:32,40,23
L880290,PE,PE-LIM,,-12.1207327,-77.0294809,Parque Central de Miraflores,2026-09-27 11:00,70,506
L12497764,PE,PE-LIM,,-12.0689875,-77.036165,Parque Cervantes,2026-09-19 17:14,34,39
L49962429,PE,PE-LIM,,-12.0582987,-77.0773808,Parque Chichizola,2025-07-14 14:39,8,1
L16424864,PE,PE-LIM,,-12.089964,-77.0277239,Parque Clemente Revilla,2026-05-31 08:34,21,5
L16424969,PE,PE-LIM,,-12.0934863,-77.0284762,Parque Combate de Abtao,2026-09-26 10:58,31,62
L11308992,PE,PE-LIM,,-12.1019475,-77.0620748,Parque Confraternidad Americana,2026-08-02 16:48,26,29
L11857275,PE,PE-LIM,,-12.0720147,-76.9498249,Parque Costa Azul,2026-04-12 10:12,48,312
L43163565,PE,PE-LIM,,-12.0325026,-77.0824055,Parque Daniel Alcides Carrión,2025-05-11 15:11,14,2
L65172531,PE,PE-LIM,,-12.076606,-77.0688098,Parque Daniel Hernandez,2026-08-22 14:31,16,7
L41855315,PE,PE-LIM,,-12.0801137,-77.0420452,Parque Defensores de la Democracia,2025-09-08 16:31,18,6
L4453266,PE,PE-LIM,,-12.13482,-77.028349,Parque Domodossola,2026-09-22 09:37,55,196
L28707099,PE,PE-LIM,,-12.1279074,-76.9835095,Parque Dr. Ernesto Giusti Acuña,2025-09-04 15:49,14,2
L8022975,PE,PE-LIM,,-12.1195494,-76.9306269,Parque Ecologico La Molina,2026-09-19 10:52,65,422
L21547266,PE,PE-ARE,,-16.3943616,-71.5402433,Parque Ecologico Quinta Salas,2026-08-23 12:10,23,12
L7367961,PE,PE-PIU,,-5.2095821,-80.668788,Parque Ecológico Kurt Beer,2026-07-25 09:53,52,23
L2623926,PE,PE-PIU,,-5.2041299,-80.6641102,Parque Ecológico Kurt Beer--Humedal de Santa Julia,2026-09-22 07:56,151,209
L7353585,PE,PE-LIM,,-12.1370961,-76.9865227,Parque Ecológico Loma Amarilla,2026-09-27 16:57,50,386
L42495005,PE,PE-LIM,,-12.0899805,-77.0546615,Parque Edificio Los Álamos,2026-03-01 13:30,9,3
L30940390,PE,PE-LIM,,-12.0991514,-76.9730268,Parque El Derby,2026-04-01 11:48,12,1
L44670129,PE,PE-LIM,,-12.1233446,-77.0402259,Parque El Faro,2026-09-05 17:32,43,65
L4900745,PE,PE-LAL,,-8.102951,-79.0299261,Parque El Niño,2026-06-16 18:27,22,4
L826850,PE,PE-LIM,,-12.1027738,-77.0352745,Parque El Olivar,2026-09-27 07:29,75,1597
L41100936,PE,PE-ANC,,-9.4729991,-78.2948167,Parque El Palmo,2025-03-07 08:02,19,98
L27724418,PE,PE-LIM,,-12.131979,-77.000674,Parque El Retiro,2026-06-27 16:06,23,8
L16546426,PE,PE-LIM,,-12.0510653,-77.0762736,Parque El Sol,2025-08-05 12:17,26,12
L37757537,PE,PE-LIM,,-12.0413144,-76.9292415,Parque Electrolima,2025-02-01 08:30,18,2
L9207909,PE,PE-CAL,,-11.9951651,-77.12033,Parque Elmer Faucett,2024-07-27 08:28,21,9
L16424837,PE,PE-LIM,,-12.0897215,-77.025518,Parque Elías Aguirre,2026-05-09 10:14,21,14
L55405416,PE,PE-LIM,,-12.1080819,-77.0428061,Parque Ernesto Alayza Grundy,2026-09-20 15:30,21,6
L74707069,PE,PE-LIM,,-12.12091,-77.04549,Parque Ernesto Aramburú Menchaca,2026-09-11 17:00,12,2
L61251481,PE,PE-LIM,,-12.14862,-77.0227495,Parque Federico Villarreal,2026-09-11 15:59,26,17
L17067793,PE,PE-LIM,,-12.0562355,-77.0769632,Parque Felipe Sassone,2025-07-14 14:48,15,2
L12369284,PE,PE-LIM,,-12.1210647,-76.9974747,Parque Filomeno Ormeño,2026-08-04 11:56,14,5
L12530359,PE,PE-LIM,,-12.0697155,-77.0603995,Parque Florida,2025-12-31 15:30,19,7
L17061506,PE,PE-LIM,,-12.088134,-77.0624479,Parque Francisco Graña,2026-09-01 09:07,24,19
L6532798,PE,PE-LIM,,-12.0711514,-77.0543464,Parque Francisco Ruiz Olivier,2026-02-18 10:06,23,22
L10904457,PE,PE-LIM,,-12.1255112,-77.0077075,Parque Francisco de Zela,2026-05-09 17:57,30,16
L16425019,PE,PE-LIM,,-12.093569,-77.0161519,Parque Fray Melchor,2026-08-14 15:45,26,10
L38335827,PE,PE-LIM,,-12.1327641,-76.9916095,Parque Fundadores,2026-07-05 05:00,17,2
L492954,PE,PE-CAL,,-12.0724759,-77.1609092,Parque Gonzalo Fernández,2026-09-18 08:00,107,250
L12263798,PE,PE-LIM,,-12.0921311,-77.0647201,Parque Gonzáles Prada,2026-09-01 10:43,31,59
L11635518,PE,PE-LIM,,-12.098603,-77.0709252,Parque Grau,2026-09-01 12:10,45,94
L6659536,PE,PE-LIM,,-12.1043107,-77.0242077,Parque Guacamayos,2022-03-18 11:01,27,9
L21014486,PE,PE-LIM,,-12.1149712,-77.0417842,Parque Guillermo Correa Elías,2026-07-16 08:16,39,20
L16542948,PE,PE-LIM,,-12.0731342,-77.039138,Parque Habich,2026-06-15 12:21,29,46
L30435890,PE,PE-LIM,,-12.0879015,-77.0223156,Parque Hipólito Unanue,2026-05-13 12:00,24,3
L3936096,PE,PE-LIM,,-12.0266869,-77.0388673,Parque Huascar,2024-10-04 14:30,13,8
L18449985,PE,PE-LIM,,-12.093647,-76.9512677,Parque Héroes Combatientes de 1941,2026-05-24 17:11,31,18
L21460972,PE,PE-LIM,,-12.0602697,-76.9358707,Parque I,2026-05-31 11:38,35,88
L4940602,PE,PE-CUS,,-13.5174837,-71.9664691,Parque Infantil Cruzpata,2025-12-06 06:07,21,15
L17108488,PE,PE-LIM,,-12.0826358,-76.990515,Parque Inmaculada Concepcion,2026-03-09 10:40,22,7
L11222347,PE,PE-LIM,,-12.0547019,-76.9440901,Parque Instituo Geofisico del Peru,2025-09-16 16:52,43,164
L9596434,PE,PE-LIM,,-12.0745022,-77.0580492,Parque Isla San Lorenzo,2023-08-14 15:23,21,6
L17588556,PE,PE-LIM,,-12.0918356,-76.9868345,Parque Islas Malvinas,2026-08-26 15:27,41,175
L19064570,PE,PE-LIM,,-12.1207566,-77.043542,Parque Itzhak Rabin,2026-05-14 08:08,39,65
L18566774,PE,PE-JUN,,-11.4058906,-75.832485,Parque Jacayhuanca (Cumbre),2025-08-21 13:13,17,4
L28808050,PE,PE-LIM,,-12.0837843,-76.9884109,Parque Javier Prado 3ra Etapa,2026-03-14 08:09,24,5
L13151738,PE,PE-LIM,,-12.083379,-76.8991506,Parque Jerusalem,2026-09-06 15:11,28,11
L9984358,PE,PE-LIM,,-12.0701258,-77.062794,Parque Jose de San Martin,2026-03-18 11:46,26,20
L14835499,PE,PE-LIM,,-11.9717128,-77.0012344,Parque José Carlos Mariátegui,2026-08-22 17:33,15,2
L27765039,PE,PE-CAL,,-12.0677694,-77.1581054,Parque José Gálvez,2026-08-05 11:04,39,10
L41855434,PE,PE-LIM,,-12.0732211,-77.0419659,Parque José Gálvez Barrenechea,2026-09-25 14:28,17,24
L16604331,PE,PE-LIM,,-12.1016324,-77.022683,Parque José Luis Bustamante,2026-08-12 17:33,30,18
L44667194,PE,PE-LIM,,-12.1269518,-77.0352233,Parque Juan C. Carossio,2026-09-07 11:57,37,35
L13731162,PE,PE-LIM,,-12.0833,-76.99498,Parque Juan Pablo,2026-07-02 12:13,26,5
L69704965,PE,PE-LIM,,-11.9889561,-77.0873404,Parque Juan Pablo II,2024-03-10 16:20,19,1
L8867406,PE,PE-LIM,,-12.075882,-77.08472,Parque Juan Pablo II,2026-09-05 13:20,33,42
L8756520,PE,PE-LIM,,-12.031719,-77.0862113,Parque Juan Pablo Vizcardo y Guzmán,2026-09-11 06:07,40,1169
L35349873,PE,PE-LIM,,-12.0345079,-77.08677,Parque Julio C. Tello,2026-02-14 15:30,25,29
L42720346,PE,PE-ANC,,-9.4755798,-78.3013429,Parque Julio C. Tello,2024-04-06 17:28,4,1
L12530196,PE,PE-LIM,,-12.0707323,-77.0609097,Parque Justa Dorregaray,2023-02-25 08:46,18,4
L65600646,PE,PE-LIM,,-12.0873525,-76.9239306,Parque Kasba,2026-05-09 11:00,3,1
L16253087,PE,PE-LIM,,-12.12175,-77.0304198,Parque Kennedy,2026-09-26 07:51,58,574
L36727258,PE,PE-UCA,,-8.3797424,-74.5388134,Parque Kennedy,2026-07-31 09:58,11,3
L879938,PE,PE-LIM,,-12.1248656,-76.9885933,Parque La Alborada,2025-08-30 13:11,26,7
L8517025,PE,PE-CUS,,-12.8571282,-72.6924888,Parque La Convención,2026-03-25 07:04,69,127
L8135070,PE,PE-LIM,,-12.067798,-76.911263,Parque La Laguna,2021-09-04 11:14,29,19
L28414385,PE,PE-LIM,,-11.9992702,-77.0641011,Parque La Luna,2023-12-19 11:30,9,1
L8835183,PE,PE-LIM,,-12.052132,-77.0737012,Parque La Luna,2023-01-05 15:46,22,11
L4120848,PE,PE-LIM,,-12.0442731,-77.0255971,Parque La Muralla,2026-07-25 13:10,47,96
L57038510,PE,PE-LIM,,-12.0712142,-77.0410202,Parque La Paloma,2026-01-05 08:41,8,1
L44565876,PE,PE-CAL,,-12.0712169,-77.159965,Parque La Punta,2026-09-26 10:26,41,19
L16416145,PE,PE-LIM,,-12.0839197,-77.0862646,Parque La Sagrada Familia,2026-07-11 06:48,33,23
L51016352,PE,PE-CAL,,-12.0445488,-77.1009625,Parque La Sagrada Familia,2026-08-15 07:50,17,8
L29489441,PE,PE-LAM,,-6.7774643,-79.8698231,Parque La Trinidad,2024-02-24 07:30,19,2
L49962514,PE,PE-LIM,,-12.0015219,-77.0631489,Parque Las Estrellas,2025-07-14 10:51,13,1
L37757588,PE,PE-LIM,,-12.0376523,-76.9256143,Parque Las Flores,2024-10-26 11:00,10,0
L28575326,PE,PE-LIM,,-12.1217056,-77.0213176,Parque Las Tradiciones,2026-06-27 10:38,23,15
L10268306,PE,PE-LIM,,-12.1247397,-77.0194441,Parque Leoncio Prado,2026-07-03 08:46,30,28
L16588949,PE,PE-CAL,,-12.0701848,-77.1182218,Parque Leoncio Prado,2026-01-28 17:00,33,7
L17061518,PE,PE-LIM,,-12.0894882,-77.0615427,Parque Leoncio Prado,2026-09-01 09:42,19,14
L21083658,PE,PE-LAM,,-6.7848104,-79.8407398,Parque Los Abogados,2026-05-08 14:42,29,30
L13338689,PE,PE-LIM,,-12.0686811,-76.973268,Parque Los Anillos,2026-09-19 11:31,35,29
L24132048,PE,PE-LIM,,-11.9859434,-77.0716935,Parque Los Duraznos,2026-06-02 19:37,7,1
L56933175,PE,PE-LIM,,-12.0486008,-76.9760246,Parque Los Ficus,2026-07-04 08:02,9,2
L39551269,PE,PE-LIM,,-12.0000408,-77.0524314,Parque Los Gladiolos,2025-02-24 09:24,18,21
L40287637,PE,PE-APU,,-13.6268436,-72.8776769,Parque Los Ingenieros,2026-03-10 18:10,10,11
L22562535,PE,PE-LIM,,-12.1406053,-77.0049132,Parque Los Rosales,2023-05-04 13:10,17,5
L22573944,PE,PE-LIM,,-12.1393085,-77.004364,Parque Los Vicus,2026-02-18 18:08,33,164
L51016301,PE,PE-CAL,,-12.0422623,-77.0976306,Parque Luna,2026-06-28 11:56,33,2
L6431583,PE,PE-LIM,,-12.1053992,-77.0448339,Parque Madre Hermasia Payet,2025-05-10 13:46,25,44
L17498538,PE,PE-LIM,,-12.0961281,-77.0747405,Parque Malecón Castagnola,2026-08-27 12:06,34,16
L7355456,PE,PE-LIM,,-11.9034459,-77.03933,Parque Manhatan,2026-05-08 21:55,14,2
L41855353,PE,PE-LIM,,-12.0290217,-77.0856849,Parque Manuel Gonzales Prada,2026-09-02 14:00,12,5
L7217441,PE,PE-LIM,,-12.0663488,-77.0958388,Parque Mariscal Caceres,2026-09-27 17:24,32,18
L11353993,PE,PE-LIM,,-12.0949405,-76.9839651,Parque Mariscal Castilla,2026-09-18 12:54,29,22
L11635630,PE,PE-LIM,,-12.1154007,-77.0488201,Parque María Reiche,2026-09-05 13:40,47,87
L21167000,PE,PE-LIM,,-12.1364668,-76.9776177,Parque Mayor FAP Miguel Alegre Rodríguez,2026-05-09 09:28,18,4
L20565393,PE,PE-LIM,,-12.0924826,-77.0800674,Parque Media Luna,2026-08-28 17:19,34,31
L13307316,PE,PE-LIM,,-12.1323451,-77.0245454,Parque Melitón Porras,2026-08-30 07:05,33,25
L6819475,PE,PE-LIM,,-12.1937308,-76.8083811,Parque Metropolitano Paul Paulet,2025-07-28 09:28,46,16
L40668160,PE,PE-LIM,,-11.9989305,-77.0514214,Parque Micaela Bastidias
L45086338,PE,PE-LIM,,-12.072267,-77.0415272,Parque Miguel Aljovín,2026-01-05 08:33,8,2
L23377989,PE,PE-LIM,,-12.1626307,-76.95224,Parque Miguel Grau,2026-09-20 16:14,15,5
L54024479,PE,PE-LIM,,-12.1686373,-76.9725806,Parque Miguel Iglesias,2026-05-07 18:14,20,6
L39995604,PE,PE-ANC,,-9.4730996,-78.3032753,Parque Ministerio de Vivienda,2024-04-05 07:57,5,1
L22140855,PE,PE-CUS,,-13.1544701,-72.5273985,Parque Mirador Rio Vilcanota,2026-09-19 17:16,155,199
L28707194,PE,PE-LIM,,-12.1284171,-76.9802932,Parque Mochica,2025-02-14 19:21,13,2
L18458563,PE,PE-LIM,,-12.0931366,-76.9531578,Parque Naciones Unidas,2024-12-01 14:44,29,15
L50439247,PE,PE-LIM,,-12.0521504,-77.0720851,Parque Norma,2025-07-24 15:00,17,1
L16425029,PE,PE-LIM,,-12.0922213,-77.0157395,Parque Norte,2026-06-20 10:01,23,12
L43773591,PE,PE-LIM,,-12.0342084,-76.9393924,Parque N° 5   Asociación Fortaleza,2025-04-29 10:00,8,2
L12506275,PE,PE-LIM,,-12.0385019,-76.9582804,Parque N°2 San Carlos,2024-10-12 05:40,23,24
L17425562,PE,PE-LIM,,-12.0283291,-77.0082378,Parque Ollantay,2022-01-13 17:07,9,1
L6532651,PE,PE-LIM,,-12.0709638,-77.0535316,Parque Orquideas,2026-09-18 06:46,12,7
L27764977,PE,PE-CAL,,-12.0736585,-77.1619772,Parque Ostolaza,2026-07-09 15:23,54,34
L12716693,PE,PE-LIM,,-12.1272338,-77.0195521,Parque Pablo Areguedas,2026-05-09 16:56,28,24
L40171042,PE,PE-LIM,,-12.0857295,-76.9951871,Parque Pallardelli,2026-04-01 12:22,20,4
L40372256,PE,PE-LIM,,-12.1420646,-76.998084,Parque Pampa de Junín,2026-05-12 08:19,6,1
L35573801,PE,PE-ANC,,-9.5592458,-77.8905236,Parque Pariacoto,2024-08-03 14:37,5,1
L9190321,PE,PE-LIM,,-12.1303943,-77.0017972,Parque Paseo La Castellana,2026-02-18 09:07,18,5
L15694309,PE,PE-LIM,,-12.0825424,-77.0310956,Parque Pedro Ruiz Gallo,2026-09-17 07:11,27,79
L38335575,PE,PE-LIM,,-12.1354791,-76.9927481,Parque Peru,2025-09-02 14:46,25,6
L28822417,PE,PE-LIM,,-12.063118,-76.955961,Parque Peru-Bolivia,2026-05-09 15:50,29,17
L14835651,PE,PE-LIM,,-11.9715095,-77.0032318,Parque Perímetro,2021-05-08 17:00,9,1
L40596307,PE,PE-LIM,,-12.0934859,-76.7756988,Parque Piramidal,2026-05-01 11:11,16,5
L74591993,PE,PE-LIM,,-12.0780577,-76.9856922,Parque Piura,2026-09-23 16:03,22,4
L16542968,PE,PE-LIM,,-12.0727355,-77.0398116,Parque Polonia,2026-06-16 11:47,26,30
L52617866,PE,PE-LIM,,-12.0823168,-77.0428276,Parque Próceres de la Independencia,2026-06-18 08:51,13,3
L13338410,PE,PE-CAJ,,-5.4497874,-78.8340156,Parque Puerto Tamborapa,2026-08-15 05:25,103,31
L11731195,PE,PE-CUS,,-13.5297252,-71.9619167,Parque Quillabamba,2026-07-18 13:44,23,18
L21838741,PE,PE-CUS,,-13.5296102,-71.945872,Parque Rafael Baez,2026-05-09 09:04,22,19
L39654810,PE,PE-LIM,,-12.0729061,-77.0715581,Parque Rafael Larco Hoyle,2026-09-08 16:06,30,26
L12345169,PE,PE-LIM,,-12.1218403,-77.015941,Parque Ramón Castilla,2026-09-27 13:06,36,83
L12584238,PE,PE-LIM,,-12.0681636,-76.956646,Parque Ramón Castilla,2026-07-09 16:19,25,9
L39471255,PE,PE-ANC,,-9.4745771,-78.3041544,Parque Ramón Castilla,2023-12-27 14:02,6,1
L13917224,PE,PE-CAJ,,-6.8476485,-78.14704,Parque Recreacional Pachacutec,2026-08-30 12:56,33,4
L4956811,PE,PE-LIM,,-12.1265315,-77.0225877,Parque Reducto No. 2,2026-09-06 09:02,34,34
L9984365,PE,PE-LIM,,-12.0868804,-77.0523709,Parque Residencial San Felipe,2026-08-24 12:00,35,47
L7371935,PE,PE-LIM,,-12.06585,-76.96299,Parque Residencila Monterrico,2025-01-19 13:12,18,10
L17824039,PE,PE-LIM,,-12.0736875,-77.0604488,Parque Rodríguez de Mendoza,2026-05-09 15:18,23,11
L22060648,PE,PE-LIM,,-12.0783878,-77.0994866,Parque Rosa Merino,2026-05-09 15:16,30,5
L39886362,PE,PE-LIM,,-12.0006896,-77.0531917,Parque Rosas y Castillas,2025-02-24 09:05,18,18
L17195410,PE,PE-LIM,,-12.0751672,-77.0447204,Parque Rotary Club de Jesús María,2026-03-26 15:00,17,5
L17613522,PE,PE-LIM,,-12.1171135,-76.942354,Parque Río Danubio,2025-05-10 17:00,40,196
L3960510,PE,PE-LIM,,-12.1315578,-77.0304599,Parque Salazar,2026-09-06 16:02,67,231
L24998829,PE,PE-LIM,,-12.1002506,-76.9954132,Parque San Borja Sur,2026-04-18 17:39,24,12
L14835753,PE,PE-LIM,,-11.9700085,-77.0042814,Parque San Francisco de Asis,2026-05-09 16:56,9,2
L41294739,PE,PE-LIM,,-12.0883256,-77.0337,Parque San Juan Bosco,2026-03-11 11:31,18,6
L28707154,PE,PE-LIM,,-12.1203394,-76.987676,Parque San Juan de la Cruz,2025-05-10 07:20,13,2
L16425014,PE,PE-LIM,,-12.093197,-77.0189214,Parque San Martín de Porres,2026-05-11 15:15,26,8
L28198323,PE,PE-PIU,,-4.1064582,-81.0554177,Parque San Pedro,2026-09-23 15:24,50,29
L13944434,PE,PE-LAL,,-7.2339294,-79.4282402,Parque San Sebastian,2021-03-06 15:00,9,0
L43094382,PE,PE-LIM,,-12.0726287,-77.0450519,Parque Santa Cruz,2025-05-10 12:21,13,4
L28181401,PE,PE-LIM,,-12.0860149,-77.0752501,Parque Santa Eulalia,2026-05-11 14:12,24,6
L19060308,PE,PE-LIM,,-12.0240866,-77.0838707,Parque Santa Fe,2026-05-09 09:14,19,2
L40254529,PE,PE-LIM,,-12.024642,-76.9300129,Parque Santa Rosita,2026-03-05 12:29,33,5
L72619859,PE,PE-ANC,,-9.532685,-77.525256,Parque Santiago Antunez de Mayolo,2026-08-29 07:50,10,6
L40113048,PE,PE-LIM,,-12.1061052,-77.0083377,Parque Santo Tomás,2026-09-26 08:30,13,3
L58836519,PE,PE-LIM,,-12.08737,-77.026993,Parque Santos Dumont,2026-02-20 06:57,22,2
L11363790,PE,PE-LIM,,-12.1882812,-77.0067034,Parque Sarita Colonia,2026-06-26 16:05,19,16
L4471483,PE,PE-ARE,,-16.3905918,-71.5329277,Parque Selva Alegre,2026-09-14 08:13,46,163
L44646940,PE,PE-ARE,,-16.3896454,-71.531093,Parque Selva Alegre--Sector Juan Pablo Vizcardo y Guzmán,2026-08-03 18:29,19,39
L21420994,PE,PE-CUS,,-12.8532159,-72.6990683,Parque Señor de Torrechayo,2026-07-08 05:40,47,17
L40596154,PE,PE-LIM,,-12.0946465,-76.7754983,Parque Simón Bolivar,2025-10-12 12:49,16,6
L22607984,PE,PE-SAM,,-6.4850229,-76.3582035,Parque Suchiche,2026-09-22 07:06,71,35
L3838765,PE,PE-LIM,,-12.120267,-77.0459953,Parque Tres Picos,2026-08-18 07:45,67,102
L18965777,PE,PE-LIM,,-12.0486485,-76.9998479,Parque Triangular,2022-05-21 10:00,3,4
L15674306,PE,PE-JUN,,-12.060271,-75.2037783,Parque Tupac Amaru,2026-06-20 09:34,14,19
L40471656,PE,PE-LIM,,-12.0482982,-76.9978878,Parque Túpac Amaru,2025-02-21 12:42,11,1
L54345190,PE,PE-LIM,,-12.0792747,-76.9690327,Parque Urb. Camacho,2026-02-12 10:36,27,3
L7353241,PE,PE-CAJ,,-7.1629339,-78.5008536,Parque Villa Universitaria,2026-01-11 08:47,20,18
L54024108,PE,PE-LIM,,-12.1689319,-76.9709464,Parque Villalobos,2025-10-11 12:30,14,2
L21045965,PE,PE-LIM,,-12.0673833,-76.93535,Parque Virgen de Fátima,2026-08-05 16:59,34,56
L36457867,PE,PE-APU,,-13.5206327,-73.6621796,Parque Vista Alegre,2018-05-25 10:00,14,1
L6247395,PE,PE-LIM,,-12.0700156,-77.0372352,Parque Washington,2025-11-12 10:30,29,30
L14637368,PE,PE-LIM,,-12.0578144,-76.9916163,Parque Zonal Cahuide,2024-03-03 12:40,25,11
L1649865,PE,PE-LIM,,-12.2339651,-76.928458,Parque Zonal Huascar,2025-10-11 13:27,52,55
L10062627,PE,PE-LIM,,-12.1890326,-76.9693565,Parque Zonal Huayna Capac,2026-09-06 16:30,39,48
L4101055,PE,PE-LIM,,-11.9226988,-77.0485729,Parque Zonal Sinchi Roca,2026-09-24 21:29,31,54
L12288037,PE,PE-LIM,,-12.014945,-76.8979205,Parque Zoológico Huachipa,2025-12-07 15:13,36,15
L57038531,PE,PE-LIM,,-12.0718109,-77.0412799,Parque a la Dignidad del Pensionista,2026-01-05 08:37,7,1
L21871190,PE,PE-JUN,,-11.2082658,-74.6598136,Parque de Armas de Río Negro,2026-07-29 10:47,40,8
L10012617,PE,PE-LIM,,-12.1318201,-76.9817054,Parque de La Amistad,2026-06-14 15:33,27,37
L8012186,PE,PE-ICA,,-13.710547,-76.2079794,Parque de La Bandera,2026-01-16 08:48,24,5
L37757377,PE,PE-LIM,,-12.0401459,-76.9254295,Parque de La Capilla Divino Niño,2026-06-21 21:21,12,1
L5283367,PE,PE-LIM,,-12.1488304,-77.0230973,Parque de La Cruz,2026-09-23 10:54,55,117
L4120926,PE,PE-LIM,,-12.0608091,-77.0368624,Parque de La Exposición,2026-09-11 17:06,50,214
L17431151,PE,PE-ICA,,-14.091036,-75.736507,Parque de Las Brujas de Cachiche,2026-03-06 11:07,14,8
L4613290,PE,PE-LIM,,-12.0681534,-77.0866013,Parque de Las Leyendas,2026-09-02 16:25,68,403
L29325153,PE,PE-LIM,,-12.067314,-77.0873737,Parque de Las Leyendas--Jardín Botánico,2026-09-02 11:57,42,43
L3624686,PE,PE-LIM,,-12.1383513,-77.0243942,Parque de Los Héroes,2026-09-13 08:21,53,392
L28767484,PE,PE-LIM,,-12.058868,-77.0371521,Parque de Los Museos,2026-09-27 10:03,31,17
L17090136,PE,PE-LAM,,-6.7716579,-79.8435171,Parque de la Beneficencia,2025-10-05 12:43,28,18
L49963189,PE,PE-LIM,,-12.0700702,-77.0638735,Parque de la Cruz,2025-12-17 15:21,19,3
L16599930,PE,PE-LIM,,-12.0991256,-77.0099358,Parque de la Familia,2026-09-22 18:28,31,16
L13086241,PE,PE-LIM,,-12.1017414,-76.9893651,Parque de la Felicidad,2026-03-28 16:47,32,35
L46906811,PE,PE-LIM,,-12.1028117,-76.9893413,Parque de la Felicidad--Pérgola,2025-06-14 15:50,15,4
L10495448,PE,PE-LIM,,-12.070759,-77.0338252,Parque de la Reserva,2026-09-05 12:11,46,266
L16599783,PE,PE-LIM,,-12.0715386,-77.03399,Parque de la Reserva--Circuito Mágico del Agua,2026-09-05 12:11,38,77
L16481609,PE,PE-LIM,,-12.0712821,-77.0359003,Parque de la Reserva--Fuente Arcoiris,2024-10-12 09:08,24,11
L37261808,PE,PE-LAM,,-6.767328,-79.867435,Parque de la Virgen,2024-10-12 10:00,9,1
L51756989,PE,PE-LIM,,-12.0706645,-76.9508449,Parque de las Aguas,2026-02-15 11:38,19,2
L68844153,PE,PE-LIM,,-12.0131203,-76.823787,Parque de las Tórtolas,2026-07-23 11:43,9,6
L11635720,PE,PE-LIM,,-12.1216768,-77.0427418,Parque de los Niños,2026-09-19 14:30,52,82
L12524901,PE,PE-LIM,,-12.2218386,-76.9300243,Parque del 10,2020-10-17 13:20,2,2
L2728963,PE,PE-LIM,,-12.1268434,-77.0364627,Parque del Amor,2026-09-27 13:00,70,363
L52617409,PE,PE-LIM,,-12.0859384,-77.0459442,Parque del Bombero,2025-09-08 16:10,14,1
L11635679,PE,PE-LIM,,-12.1205377,-77.0441109,Parque del Libro,2026-09-05 12:45,45,57
L28997683,PE,PE-JUN,,-11.1240288,-75.3578033,Parque del Paso,2026-02-26 06:53,30,2
L65894586,PE,PE-LIM,,-11.8488167,-77.0650612,Parque del Recuerdo,2026-05-09 09:46,11,1
L59606505,PE,PE-LIM,,-11.8711689,-77.0672026,Parque del Recuerdo Puente Piedra,2026-06-21 14:15,20,3
L16416067,PE,PE-LIM,,-12.0802994,-77.0850945,Parque del Trabajo,2026-06-17 13:33,35,31
L24411332,PE,PE-LIM,,-12.0797338,-76.9458741,Parque la Molina Inocua,2026-07-02 16:11,34,153
L14903038,PE,PE-ARE,,-16.4070183,-71.5282622,Parque las Condes,2026-08-21 12:40,13,7
L29691845,PE,PE-LIM,,-12.0617953,-76.947805,Parque las Palomas,2025-02-16 17:56,7,1
L55108343,PE,PE-LAM,,-6.7727141,-79.8506155,Parque los Nogales,2026-08-30 15:04,19,5
L17067675,PE,PE-LIM,,-12.0525783,-77.0825277,Parques Unidad Vecinal 3,2026-08-09 11:50,28,11
L8002495,PE,PE-PIU,,-4.895536,-80.6964151,Paseo Turicarami,2025-12-31 16:15,79,45
L16956688,PE,PE-LAM,,-6.7796293,-79.8402129,Paseo de Las Musas,2026-09-13 13:18,46,120
L7978589,PE,PE-TAC,,-18.3069523,-70.3141345,Paso Fronterizo Santa Rosa,2026-09-12 12:11,16,18
L4041914,PE,PE-LIM,,-12.1872708,-77.0396519,Paso La Araña,2026-05-01 07:50,46,40
L8221770,PE,PE-LIM,,-11.5776774,-76.2663719,Paso Marcopomacocha,2026-09-26 15:07,89,476
L21694969,PE,PE-CUS,,-13.3511495,-72.5597626,Paso Salkantay,2026-09-26 09:00,117,52
L2498143,PE,PE-ARE,,-16.0438941,-71.402531,Patahuasi--Restaurante Chinitos,2026-09-24 10:47,66,104
L1004905,PE,PE-CUS,,-13.3172622,-71.5950036,Paucartambo (pueblo),2026-09-22 12:59,216,480
L983856,PE,PE-AMA,,-5.9454362,-77.9794979,Pedro Ruiz (pueblo),2026-09-19 08:00,195,107
L891250,PE,PE-ICA,,-13.7448544,-76.5362091,Pelágico Paracas--RN Isla Ballestas y Corriente Humbolt,2026-01-28 09:00,72,23
L4606177,PE,PE-PUN,,-15.8312328,-69.8126221,Península de Chucuito,2026-06-19 10:26,61,20
L3759607,PE,PE-AMA,,-5.60597,-77.96232,Perla de Imaza Chamizal,2025-10-08 08:32,88,14
L2348420,PE,PE-CUS,,-12.9089761,-71.4039874,Pilcopata (pueblo),2026-09-24 16:58,360,274
L8413446,PE,PE-CUS,,-13.4912669,-72.5330418,Pincopata EcoCamp,2026-09-13 19:03,148,158
L844529,PE,PE-MDD,,-12.5599567,-69.1897058,Piscifactoría La Cachuela,2026-07-20 06:23,286,131
L23844440,PE,PE-LIM,,-11.4124894,-76.5707674,Piscigranja Huaros,2026-07-10 08:13,33,9
L28350100,PE,PE-JUN,,-11.2738893,-74.6540276,Piscigranja Selva Central,2026-05-12 16:55,58,11
L41144968,PE,PE-ANC,,-9.5060598,-77.4420825,Pitec,2026-05-29 00:00,5,0
L11467426,PE,PE-PAS,,-10.591149,-75.4098934,Planta Lechera Floralp,2026-08-19 16:29,42,5
L21999502,PE,PE-CAJ,,-5.6801204,-78.7784562,Planta de Tratamiento de Aguas Residuales Jaén,2025-10-18 10:00,77,9
L7562952,PE,PE-PUN,,-15.954067,-69.789598,Planta de Tratamiento de Aguas Residuales de Acora,2025-11-15 07:29,25,5
L24714906,PE,PE-AYA,,-12.6052558,-73.8047866,Planta de Tratamiento de Aguas Residuales de Ayna San Francisco,2025-05-10 15:04,78,11
L10340582,PE,PE-LAL,,-7.2341079,-79.4460093,Planta de Tratamiento de Aguas Residuales de Chepén,2026-02-18 15:58,70,10
L10351345,PE,PE-LAL,,-7.2337173,-79.4827389,Planta de Tratamiento de Aguas Residuales de Guadalupe,2025-12-21 13:54,48,7
L1428445,PE,PE-PAS,,-10.8732241,-76.1098909,Planta de Tratamiento de Aguas Residuales de Ninacaca,2023-05-19 13:29,20,5
L6563649,PE,PE-LAL,,-7.3786636,-79.5588738,Planta de Tratamiento de Aguas Residuales de Pacasmayo,2026-04-09 15:15,47,22
L4602255,PE,PE-CAJ,,-7.1598102,-78.4940448,Planta de Tratamineto de Aguas Residuales de Cajamarca,2026-05-09 10:45,91,100
L39821313,PE,PE-LAL,,-8.1802309,-79.0158176,Playa Acapulco,2026-04-25 08:55,17,3
L856517,PE,PE-TUM,,-3.49505,-80.47259,Playa Afuera,2010-02-16 08:15,3,3
L74096910,PE,PE-LIM,,-12.16095,-77.027,Playa Agua Dulce,2026-09-09 12:33,38,3
L16613890,PE,PE-LIM,,-12.2941398,-76.8664033,Playa Arica,2026-07-09 08:13,94,112
L2098583,PE,PE-LIM,,-12.7828416,-76.5967655,Playa Asia,2026-02-16 09:05,48,11
L853344,PE,PE-LIM,,-10.7792392,-77.7532795,Playa Atarraya,2026-01-03 06:15,70,11
L5817568,PE,PE-ARE,,-17.0173463,-72.0431566,Playa Ballenitas,2017-07-26 11:51,12,1
L5838597,PE,PE-LIM,,-12.1489373,-77.0248285,Playa Barranco,2026-09-26 13:41,69,113
L11636855,PE,PE-LIM,,-12.1427496,-77.0270273,Playa Barranquito,2026-09-26 06:29,64,49
L5886448,PE,PE-TAC,,-18.1613889,-70.6791667,Playa Boca del Río,2026-03-14 10:04,56,29
L855343,PE,PE-TUM,,-3.71048,-80.72971,Playa Bocapan,2025-08-16 09:05,85,8
L9299117,PE,PE-MOQ,,-17.7409,-71.2587,Playa Bolivia Mar,2026-07-17 07:23,16,10
L28795030,PE,PE-LIM,,-12.7422212,-76.6350004,Playa Bolsillo,2024-02-16 19:20,16,3
L17951763,PE,PE-LIM,,-12.7152581,-76.6333513,Playa Bujama,2025-02-24 18:45,43,12
L2294387,PE,PE-PIU,,-4.2507867,-81.2339509,Playa Cabo Blanco,2026-07-06 17:10,50,7
L12583891,PE,PE-LIM,,-12.1717984,-77.0351896,Playa Caplina,2025-10-21 06:19,37,23
L26349202,PE,PE-ARE,,-17.20903,-71.67967,Playa Cardones,2024-07-19 12:49,3,0
L10012594,PE,PE-LIM,,-11.6376948,-77.2191609,Playa Chacraymar,2026-09-15 12:03,63,11
L6266964,PE,PE-LIM,,-10.7625691,-77.7635157,Playa Chorrillos,2026-09-04 12:28,36,13
L24377181,PE,PE-LIM,,-11.215525,-77.636679,Playa Cocoy,2023-05-13 13:32,10,1
L38535167,PE,PE-PIU,,-5.0094171,-81.0663474,Playa Colán,2026-07-28 17:41,55,11
L36844477,PE,PE-ANC,,-9.7189784,-78.296657,Playa Conchuelas,2024-09-24 13:50,20,3
L8218937,PE,PE-ICA,,-13.8308119,-76.2475355,Playa El Chaco,2026-09-23 10:02,111,312
L6369045,PE,PE-ARE,,-16.6541189,-72.6902676,Playa El Chorro,2025-04-18 13:24,80,30
L21420708,PE,PE-CUS,,-12.8515329,-72.697652,Playa El Codo,2026-05-14 16:57,61,29
L7033517,PE,PE-LAL,,-7.4143782,-79.589105,Playa El Faro,2026-09-26 18:08,60,25
L6072596,PE,PE-MOQ,,-17.7622222,-71.2180556,Playa El Palo,2026-04-16 10:46,29,13
L12485675,PE,PE-LIM,,-11.2093567,-77.5992959,Playa El Paraíso,2026-02-27 14:07,103,81
L12479822,PE,PE-LIM,,-11.2133133,-77.6089754,Playa El Paraíso--Zona Rocosa,2026-08-18 14:26,92,81
L3637681,PE,PE-LIM,,-12.3692421,-76.7976093,Playa El Reves,2026-05-08 06:16,63,38
L8558351,PE,PE-LAM,,-6.91792,-79.88123,Playa Eten,2026-09-17 13:45,149,141
L27279141,PE,PE-ICA,,-13.7414952,-76.2273952,Playa FAP,2025-10-28 11:45,39,30
L2628870,PE,PE-LIM,,-12.7399036,-76.6316986,Playa Farallones,2026-03-08 00:00,50,13
L5606834,PE,PE-LAL,,-8.4314087,-78.9240861,Playa Guañape,2026-04-05 09:58,31,5
L19834715,PE,PE-TUM,,-3.5838331,-80.5430842,Playa Hermosa,2022-06-04 08:47,35,2
L5226548,PE,PE-LAL,,-8.077815,-79.1199946,Playa Huanchaco,2026-09-20 11:15,91,146
L6075715,PE,PE-TAC,,-17.8852778,-71.0197222,Playa Ite,2025-10-11 07:50,58,16
L7370019,PE,PE-MOQ,,-17.4252778,-71.38,Playa Jaboncillo,2018-05-05 08:00,6,1
L1089313,PE,PE-CAL,,-12.0710491,-77.1595144,Playa La Arenilla,2026-09-27 15:16,86,139
L11439030,PE,PE-JUN,,-11.107691,-75.3848025,Playa La Auvernia,2026-07-25 16:16,35,7
L7306549,PE,PE-ARE,,-16.5905194,-72.8191638,Playa La Bomba,2025-10-11 05:10,73,39
L12522502,PE,PE-PIU,,-4.6653997,-81.3117716,Playa La Caleta,2026-02-26 07:00,19,2
L604792,PE,PE-LIM,,-12.6427922,-76.6687131,Playa La Ensenada,2026-05-25 14:39,41,11
L26090999,PE,PE-LIM,,-12.1381024,-77.0288578,Playa La Estrella,2026-09-25 15:14,41,17
L6948202,PE,PE-ANC,,-9.713777,-78.293574,Playa La Gramita,2024-01-12 17:40,33,23
L26091195,PE,PE-LIM,,-12.173839,-77.0338011,Playa La Herradura,2026-08-20 13:43,29,24
L19079561,PE,PE-LIM,,-10.804345,-77.754836,Playa La Isla,2022-11-06 12:24,14,3
L8363271,PE,PE-ARE,,-17.1225758,-71.8934409,Playa La Motobomba,2026-01-09 11:07,56,20
L34769595,PE,PE-ANC,,-9.9892512,-78.2002822,Playa La Olla,2026-09-24 10:03,36,3
L74627995,PE,PE-LIM,,-12.12509,-77.03984,Playa La Pampilla,2026-08-23 08:00,19,4
L9207464,PE,PE-CAL,,-12.0628196,-77.1534608,Playa La Rivera,2026-01-27 17:52,47,10
L12841670,PE,PE-LIM,,-12.4357488,-76.7746711,Playa La Tiza,2026-06-08 06:20,26,3
L13140961,PE,PE-LIM,,-12.2210579,-76.9977665,Playa Las Brisas de Villa,2026-08-27 14:31,93,39
L40003760,PE,PE-LIM,,-12.1563463,-77.02636,Playa Las Sombrillas,2026-07-12 15:12,38,16
L6075705,PE,PE-TAC,,-18.1802778,-70.6430556,Playa Llostay,2025-09-07 09:30,30,11
L22577775,PE,PE-ICA,,-13.769578,-76.2369276,Playa Lobería,2026-07-24 08:59,48,15
L48951252,PE,PE-LIM,,-12.118068,-77.048002,Playa Los Delfines,2026-08-06 16:33,26,8
L6091461,PE,PE-TAC,,-18.3039198,-70.4383358,Playa Los Palos,2024-02-22 08:34,38,11
L74103125,PE,PE-LIM,,-12.145565,-77.025726,Playa Los Pavos,2026-08-30 17:47,29,5
L19945439,PE,PE-LIM,,-12.12948,-77.03638,Playa Makaha,2026-09-06 16:25,62,139
L3876481,PE,PE-PIU,,-4.1053051,-81.0564584,Playa Mancora,2026-09-17 13:03,80,32
L5900925,PE,PE-PIU,,-5.63962,-80.851523,Playa Matacaballo,2026-05-09 15:32,34,11
L6250413,PE,PE-TAC,,-17.94588,-70.909292,Playa Meca,2023-06-03 16:09,18,3
L5833016,PE,PE-MOQ,,-17.6006793,-71.3508596,Playa Media Luna,2026-08-26 10:29,45,17
L21684323,PE,PE-LIM,,-12.4790945,-76.792655,Playa Naplo,2026-06-13 09:32,43,20
L801375,PE,PE-ICA,,-13.8344338,-76.2518334,Playa Paracas,2026-08-25 11:38,143,324
L27279367,PE,PE-ICA,,-13.7490382,-76.2295335,Playa PetroPeru,2026-06-23 10:45,44,43
L6552749,PE,PE-LAM,,-6.8366876,-79.9376392,Playa Pimentel,2026-08-16 13:03,89,80
L13191047,PE,PE-MOQ,,-17.3885,-71.3949,Playa Platanales,2022-01-01 15:52,10,2
L855230,PE,PE-PIU,,-4.11775,-81.0864,Playa Pocitas,2026-09-27 06:41,90,32
L5886409,PE,PE-TAC,,-18.0825,-70.7580556,Playa Pozo Redondo,2026-05-09 14:52,19,4
L6072508,PE,PE-MOQ,,-17.6925846,-71.3547957,Playa Pozo de Lisas,2026-08-29 10:48,31,33
L6678545,PE,PE-LAL,,-7.519264,-79.5406758,Playa Puemape,2025-12-08 10:23,43,14
L2223087,PE,PE-LAM,,-6.935484,-79.8660672,Playa Puerto Eten,2026-09-07 12:05,152,163
L20199081,PE,PE-LAL,,-8.3989068,-78.8984276,Playa Puerto Morín,2026-08-23 08:30,58,26
L27448613,PE,PE-LIM,,-12.5884078,-76.7064571,Playa Puerto Viejo,2026-07-23 09:16,75,42
L4849671,PE,PE-PIU,,-4.6792143,-81.3252908,Playa Punta Balcones,2026-07-06 14:30,46,15
L6602613,PE,PE-TUM,,-3.9008761,-80.8750015,Playa Punta Mero,2020-01-19 13:59,6,2
L855248,PE,PE-TUM,,-3.75184,-80.78876,Playa Punta Pico,2026-05-05 08:24,47,12
L38856292,PE,PE-CAL,,-12.122824,-77.0437911,Playa Punta Roquitas,2026-08-16 17:00,32,8
L18128526,PE,PE-LIM,,-12.548499,-76.7356098,Playa Punta Yaya,2026-08-15 10:30,61,73
L10690955,PE,PE-LIM,,-12.13306,-77.03138,Playa Redondo II,2026-08-22 16:16,60,59
L6239848,PE,PE-LIM,,-12.8056916,-76.5647936,Playa Rosario,2024-11-01 17:19,41,7
L46410549,PE,PE-LAL,,-8.218444,-78.98249,Playa Salaverry,2025-08-25 14:49,11,2
L36368870,PE,PE-UCA,,-8.2838758,-74.6214202,Playa San Francisco,2026-09-13 07:13,45,4
L35328599,PE,PE-LAM,,-6.7589724,-79.9803103,Playa San Jose,2026-09-13 11:22,86,40
L39059768,PE,PE-ICA,,-13.7788597,-76.238637,Playa Santa Elena,2026-06-29 06:59,43,4
L3326274,PE,PE-LAM,,-6.9029638,-79.9012041,Playa Santa Rosa,2026-09-27 08:39,172,277
L6075698,PE,PE-TAC,,-18.3361111,-70.3936111,Playa Santa Rosa,2026-01-03 12:14,30,10
L17566649,PE,PE-ARE,,-17.0724741,-71.9419906,Playa Sombrero Grande,2026-01-09 10:40,36,23
L23637437,PE,PE-TAC,,-17.82332,-71.136353,Playa Tacahuay,2025-10-12 09:18,19,2
L856154,PE,PE-TAC,,-18.19147,-70.62159,Playa Tacna,2016-06-30 09:55,15,9
L50596450,PE,PE-LIM,,-11.0103362,-77.6595436,Playa Tambo de Mora,2013-12-08 08:45,17,1
L3635581,PE,PE-ANC,,-10.3283877,-78.0543637,Playa Tamborero,2016-09-03 16:00,17,2
L19679684,PE,PE-ARE,,-15.7209678,-74.4674765,Playa Tanaka,2023-02-15 08:57,24,9
L38082339,PE,PE-ANC,,-9.3640704,-78.4089234,Playa Tortugas,2026-08-23 13:40,26,27
L39471552,PE,PE-ANC,,-9.3613973,-78.4107432,Playa Tortugas--Caleta de Pescadores,2025-11-17 13:00,11,2
L38082456,PE,PE-ANC,,-9.3692126,-78.4135178,Playa Tortugas--Zona Rocosa,2025-11-17 14:00,14,10
L12797874,PE,PE-LIM,,-12.6858107,-76.6560745,Playa Totoritas,2026-02-21 07:57,54,9
L4900756,PE,PE-ANC,,-10.0170319,-78.1935382,Playa Tuquillo,2026-06-28 15:15,32,13
L6250397,PE,PE-TAC,,-18.110433,-70.729213,Playa Vila Vila,2026-05-09 15:17,26,11
L59549286,PE,PE-LIM,,-12.212103,-77.0188808,Playa Villa,2026-06-22 18:47,30,4
L5838618,PE,PE-LIM,,-12.12754,-77.03777,Playa Waikiki,2026-09-12 08:07,56,61
L5817930,PE,PE-PIU,,-5.1313593,-81.1703584,Playa Yacila,2025-02-28 11:51,42,9
L5810632,PE,PE-ICA,,-13.9151749,-76.2820737,Playa Yumache,2026-08-14 16:15,40,41
L8301444,PE,PE-ARE,,-17.1776902,-71.827761,Playa de Catas,2026-03-11 10:50,90,23
L24756873,PE,PE-PIU,,-4.453036,-81.2890536,Playa de Lobitos,2025-01-17 11:46,43,7
L5804728,PE,PE-PIU,,-4.1611747,-81.1194313,Playa de Organos,2026-09-22 00:00,88,38
L35232743,PE,PE-LIM,,-12.4807861,-76.7990255,Playa de Pucusana,2026-08-22 12:02,82,71
L24311907,PE,PE-PIU,,-5.1090355,-80.6355572,Playa de Río-EcoFundo,2025-05-27 08:20,38,2
L1315261,PE,PE-CAL,,-11.8760444,-77.1551371,Playa de Ventanilla,2026-07-04 09:29,104,138
L3216534,PE,PE-SAM,,-6.03256,-76.9706333,Plaza Bolognesi,2026-05-02 09:20,61,18
L21839423,PE,PE-CUS,,-13.5310239,-71.9633224,Plaza Capulies,2026-08-29 15:29,38,84
L9876401,PE,PE-HUC,,-9.669546,-75.4629522,Plaza Central Codo del Pozuzo,2026-05-09 06:56,43,27
L39606218,PE,PE-CUS,,-12.9096399,-71.4042862,Plaza Central de Pillcopata,2026-08-26 14:23,70,23
L21872207,PE,PE-PAS,,-10.6027758,-75.4388237,Plaza Chontabamba,2026-08-23 16:26,25,6
L17195703,PE,PE-LIM,,-12.0743553,-77.0481645,Plaza Diez Canseco,2025-12-24 17:07,19,7
L24562734,PE,PE-CUS,,-12.8659593,-72.694413,Plaza Grau,2026-09-26 15:09,34,41
L9207053,PE,PE-CAL,,-12.0591796,-77.1485889,Plaza Grau,2026-09-11 09:59,44,76
L52684223,PE,PE-AMA,,-6.2293951,-77.872349,Plaza Mayor de Chachapoyas,2026-08-09 12:20,21,3
L23163186,PE,PE-CUS,,-12.6385906,-73.2035672,"Plaza Mayor de Kepashiato, Kumpirushiato, La Convencion.",2023-07-26 06:41,60,17
L5254535,PE,PE-LIM,,-12.045973,-77.0305763,Plaza Mayor de Lima,2026-09-27 08:32,46,107
L7754747,PE,PE-PAS,,-10.5743065,-75.404706,Plaza Mayor de Oxapampa,2026-08-19 09:28,78,109
L8113781,PE,PE-JUN,,-11.253935,-74.637024,Plaza Mayor de Satipo,2026-05-15 14:31,43,24
L11980900,PE,PE-LOR,,-3.7792667,-73.2831465,Plaza Modelo,2023-10-14 15:28,46,29
L5296391,PE,PE-LIM,,-11.936387,-76.6966724,Plaza Principal de Chosica,2026-07-24 08:38,43,67
L14615440,PE,PE-HUC,,-9.379333,-74.9660273,Plaza Puerto Inca,2025-08-20 15:56,43,15
L6363529,PE,PE-CUS,,-13.5185262,-71.9813409,Plaza San Francisco,2026-09-20 09:43,74,618
L10905388,PE,PE-LIM,,-12.0517123,-77.0346093,Plaza San Martin,2026-07-03 12:01,31,47
L9207510,PE,PE-CAL,,-12.0646988,-77.1543628,Plaza Santa Rosa,2026-09-11 09:47,26,8
L27480064,PE,PE-LOR,,-3.7478691,-73.2522532,Plaza Sargento Lores,2026-09-26 13:10,51,25
L21332677,PE,PE-LIM,,-12.0918099,-77.0735422,Plaza Tupac Amaru,2026-08-27 10:40,32,49
L8610849,PE,PE-CUS,,-13.5227495,-71.966526,Plaza Tupac Amaru,2026-05-09 08:52,46,54
L28215734,PE,PE-JUN,,-10.92587,-74.8731083,Plaza de Armas Pichanaki,2025-10-12 09:44,20,2
L24321844,PE,PE-HUC,,-9.8016404,-76.0704517,Plaza de Armas de Acomayo,2025-05-24 05:59,58,1
L24317830,PE,PE-HUC,,-10.1293214,-76.2044924,Plaza de Armas de Ambo,2026-05-01 08:03,19,7
L4471363,PE,PE-ARE,,-16.398766,-71.5368868,Plaza de Armas de Arequipa,2026-09-24 08:39,36,208
L33831721,PE,PE-ANC,,-9.5163329,-78.0515585,Plaza de Armas de Cachipampa,2024-06-22 10:51,6,1
L7353212,PE,PE-CAJ,,-7.1570604,-78.5173157,Plaza de Armas de Cajamarca,2026-09-11 16:12,47,41
L8537297,PE,PE-CUS,,-13.3219703,-71.9561759,Plaza de Armas de Calca,2026-08-02 10:10,43,27
L59880133,PE,PE-SAM,,-6.0299023,-77.066828,Plaza de Armas de Calzada,2026-08-17 14:41,47,8
L32415016,PE,PE-ANC,,-9.4761115,-78.3054345,Plaza de Armas de Casma,2024-10-20 11:13,14,19
L1985238,PE,PE-CUS,,-13.5168362,-71.9787526,Plaza de Armas de Cusco,2026-09-24 16:45,126,505
L18845632,PE,PE-LAL,,-7.815716,-78.0487814,Plaza de Armas de Huamachuco,2026-04-29 11:32,11,5
L39480003,PE,PE-ANC,,-10.0688464,-78.152105,Plaza de Armas de Huarmey,2025-03-19 07:30,10,2
L8918672,PE,PE-CUS,,-13.0069393,-72.5540569,Plaza de Armas de Huyro,2026-08-02 14:33,154,30
L40170932,PE,PE-LIM,,-11.9967971,-77.0548108,Plaza de Armas de Independencia,2025-02-12 06:55,12,4
L17531521,PE,PE-LOR,,-3.7493712,-73.24433,Plaza de Armas de Iquitos,2026-09-13 06:06,101,48
L13713140,PE,PE-MDD,,-10.944954,-69.5774118,Plaza de Armas de Iñapari,2026-07-11 12:04,47,12
L32114723,PE,PE-JUN,,-11.1612872,-75.9980965,Plaza de Armas de Junin,2025-10-24 06:54,19,6
L8696741,PE,PE-CUS,,-12.64807,-73.0484371,Plaza de Armas de Kiteni,2025-10-04 05:44,64,11
L17970473,PE,PE-CAJ,,-7.1935261,-78.4266227,Plaza de Armas de Llacanora,2022-02-27 12:30,7,1
L2456112,PE,PE-MDD,,-12.5942358,-69.1764718,Plaza de Armas de Maldonado,2026-09-06 07:45,149,197
L8353224,PE,PE-MDD,,-13.1007922,-70.3678961,Plaza de Armas de Mazuko,2026-04-27 10:18,41,15
L54037180,PE,PE-SAM,,-6.0346875,-76.974679,Plaza de Armas de Moyobamba,2026-05-07 14:56,18,4
L17333402,PE,PE-LIM,,-12.2298815,-76.859284,Plaza de Armas de Pachacamac,2026-05-20 08:09,23,10
L34079797,PE,PE-UCA,,-8.3831755,-74.5322317,Plaza de Armas de Pucallpa,2026-07-23 15:29,16,6
L4971653,PE,PE-CUS,,-12.8634822,-72.6929893,Plaza de Armas de Quillabamba,2026-08-07 07:37,91,297
L12695197,PE,PE-CAJ,,-5.1463897,-79.0049259,Plaza de Armas de San Ignacio,2025-08-02 12:26,50,8
L28357600,PE,PE-JUN,,-11.1211929,-75.3520257,Plaza de Armas de San Ramon,2026-07-28 14:10,26,11
L14832292,PE,PE-LIM,,-12.0494845,-76.9648312,Plaza de Armas de Santa Anita,2021-05-08 12:20,2,2
L26686825,PE,PE-LIM,,-11.9012156,-76.6641178,Plaza de Armas de Santa Eulalia,2026-09-25 07:30,37,34
L6983684,PE,PE-TAC,,-17.4748399,-70.0321193,Plaza de Armas de Tarata,2025-11-02 16:36,7,6
L20199159,PE,PE-LAL,,-8.4143137,-78.7521753,Plaza de Armas de Virú,2026-02-23 08:10,8,1
L44655945,PE,PE-UCA,,-8.3547116,-74.5758437,Plaza de Armas de Yarinacocha,2026-06-16 20:58,16,3
L8697771,PE,PE-CUS,,-12.7552619,-73.1346583,Plaza de Armas de Yuveni,2024-10-05 14:00,12,2
L76713223,PE,PE-HUC,,-9.6278499,-74.9744953,Plaza de Armas de Yuyapichis,2026-09-04 07:12,11,1
L28368229,PE,PE-LIM,,-12.0966748,-77.0780504,Plaza de La Familia,2026-05-05 11:07,37,20
L6977720,PE,PE-TAC,,-17.9963348,-70.2199437,Plaza de Pocollay,2025-09-24 08:48,13,7
L24296251,PE,PE-ARE,,-16.4251501,-71.6726405,Plaza de Uchumayo,2026-07-10 11:57,19,24
L14856676,PE,PE-TAC,,-18.0247975,-70.2631441,Plaza de la Bandera,2025-10-11 13:06,10,9
L17972203,PE,PE-CUS,,-12.8691831,-72.6986149,Plaza de la Villa Santa Ana,2026-05-11 07:02,47,88
L8446909,PE,PE-CUS,,-13.5153068,-71.9772045,Plazoleta de Las Nazarenas,2026-08-22 09:43,53,70
L17335204,PE,PE-TUM,,-3.5679664,-80.4570848,Plazuela Bolognesi,2026-05-31 16:34,34,57
L16601099,PE,PE-LAM,,-6.7711167,-79.8430645,Plazuela Elías Aguirre,2026-05-19 00:00,37,145
L7756969,PE,PE-LOR,,-3.7467478,-73.2415766,Plazuela Ramon Castilla,2026-08-19 06:30,169,90
L51612668,PE,PE-ICA,,-13.8364068,-76.2479803,Plazuela de San Martin,2025-12-23 09:35,15,2
L45085363,PE,PE-LIM,,-12.0720008,-77.06166,Plazuela de Santa Rosa,2025-01-09 13:29,10,3
L54981705,PE,PE-SAM,,-6.3007129,-76.278446,Pongo de Caynarachi,2026-09-17 08:21,152,16
L16435011,PE,PE-CUS,,-12.2546539,-72.8266341,Pongo de Mainique Ecolodge,2025-06-16 09:05,52,26
L49936660,PE,PE-LIM,,-12.0690766,-77.0782113,Pontificia Universidad Católica del Perú,2026-09-21 17:52,35,102
L481700,PE,PE-MDD,,-12.8024426,-69.2998994,Posada Amazonas,2026-09-19 09:26,525,644
L4704597,PE,PE-CUS,,-13.0549706,-71.5425771,Posada San Pedro de Pantiacolla,2026-09-15 15:23,402,155
L40682841,PE,PE-LIM,,-12.0918821,-76.7719068,Posada del Leñador,2025-02-22 09:46,6,1
L26343436,PE,PE-MDD,,-12.804814,-69.293196,Posadas Amazonas--Canopy Tower,2026-09-19 09:09,208,109
L26377659,PE,PE-MDD,,-12.80571,-69.297846,Posadas Amazonas--Chahuijani Trail,2026-08-29 15:57,129,39
L4921362,PE,PE-MDD,,-12.596575,-69.1305739,Pozas Minería,2026-09-11 15:38,229,47
L72175607,PE,PE-PAS,,-10.0261256,-75.6021861,Pozas de Agua y Sal,2026-08-30 11:44,10,3
L6831257,PE,PE-ARE,,-16.6506492,-72.712208,Pozas de Oxidacion La Deheza,2025-05-23 11:21,52,14
L44839729,PE,PE-LIM,,-11.2136308,-77.5716955,Prados de Paraíso,2026-02-13 14:53,62,57
L4555856,PE,PE-CUS,,-14.8621681,-71.3108423,Presa Ccamaccmayo,2016-05-18 15:00,19,2
L59954872,PE,PE-LIM,,-10.8507656,-76.883115,Presa Checras,2026-03-10 10:54,10,2
L20653372,PE,PE-PAS,,-10.9221454,-76.2801921,Presa Upamayo,2026-04-03 12:08,55,10
L7833687,PE,PE-ARE,,-16.5828438,-71.3228093,Presa Yanaorco,2026-08-01 11:30,61,21
L42705386,PE,PE-UCA,,-8.5649696,-74.6953498,Programa de Conservación y Manejo Agua Blanca,2025-04-14 06:16,103,8
L49098311,PE,PE-LIM,,-11.9032378,-77.0656908,Prolongación Vía Río Chillón Norte,2026-08-16 09:30,38,24
L6075762,PE,PE-MOQ,,-16.745,-70.1036111,Proyecto Especial Pasto Grande,2019-07-19 00:00,34,1
L1268926,PE,PE-PAS,,-10.0983321,-75.5423355,Prusia (pueblo),2026-08-22 15:36,72,22
L2305068,PE,PE-PUN,,-15.0553411,-70.3245245,Pucara (pueblo y vecindad) (Valqui 6.4),2025-12-08 14:21,77,28
L1312006,PE,PE-ANC,,-9.0779422,-77.7998328,Pueblo Libre (Canastero Site),2026-09-06 06:38,109,149
L4919183,PE,PE-ARE,,-16.4015629,-71.4234187,Puente Agua Salada,2026-08-20 16:40,65,34
L27846079,PE,PE-HUV,,-12.8446072,-74.3316078,Puente Allccomachay,2026-04-30 07:16,19,4
L10206963,PE,PE-JUN,,-11.449456,-74.638124,Puente Arpayo,2019-10-22 08:54,2,0
L6593180,PE,PE-SAM,,-6.4124843,-76.6002202,Puente Bolivar,2026-03-24 16:30,100,5
L4929181,PE,PE-ARE,,-16.3976261,-71.5417859,Puente Bolognesi,2026-09-25 07:30,36,309
L2264632,PE,PE-JUN,,-11.5092947,-74.8599815,Puente Carrizales,2026-08-29 06:25,295,209
L47069942,PE,PE-SAM,,-5.85442,-77.23417,Puente Caño Hondo,2026-06-10 08:30,115,15
L40855558,PE,PE-LIM,,-11.6074158,-77.2398327,Puente Chancay,2026-09-24 07:10,36,8
L6720393,PE,PE-ARE,,-16.4082899,-71.4234307,Puente Chiguata,2025-10-11 10:34,42,11
L6776579,PE,PE-CAJ,,-7.2161293,-78.7871057,Puente Chilete,2025-09-12 12:10,77,12
L28191036,PE,PE-APU,,-14.3829184,-73.1539005,Puente Chiwiria,2026-05-02 07:17,36,7
L33347436,PE,PE-SAM,,-6.5884089,-76.3061857,Puente Colombia,2026-06-18 10:24,143,37
L7176742,PE,PE-CUS,,-13.0134902,-71.8113855,Puente Colonial Chimur,2025-04-20 06:01,38,4
L1768969,PE,PE-APU,,-13.6632474,-72.937519,Puente Colonial de Pachachaca,2026-08-15 15:29,81,106
L14734744,PE,PE-HUC,,-9.3017058,-76.006727,Puente Corpac,2025-01-04 12:20,38,4
L7355929,PE,PE-MOQ,,-16.99813,-70.6988,Puente Cuellar,2026-03-16 16:01,34,8
L6347866,PE,PE-CUS,,-13.5627242,-72.5753009,Puente Cunyac,2026-08-01 14:17,51,36
L8610676,PE,PE-CUS,,-13.8144625,-71.8336426,Puente Cusibamba,2025-04-16 14:15,26,10
L4514184,PE,PE-CUS,,-12.8625983,-72.6964635,Puente Dos de Mayo,2026-03-21 07:05,56,66
L55119406,PE,PE-PAS,,-10.0680547,-75.5494039,Puente Emperador Guillermo I,2026-08-22 09:35,34,3
L35689689,PE,PE-LIM,,-11.9026462,-76.5058122,Puente Esperanza,2025-09-07 08:34,11,4
L10094002,PE,PE-ARE,,-16.3927783,-71.5387296,Puente Grau,2026-09-17 12:20,31,111
L4457881,PE,PE-CUS,,-13.5803461,-71.7132139,Puente Huambutio,2026-09-08 10:32,130,350
L28018230,PE,PE-ARE,,-16.4070855,-71.5454876,Puente Héroes del Cenepa,2026-09-25 10:53,25,28
L5166391,PE,PE-CUS,,-13.0461442,-72.2925496,Puente Jukichaca,2026-08-01 14:55,85,20
L23156671,PE,PE-CUS,,-12.6174078,-73.1043352,Puente Kumpiru,2023-05-13 12:35,37,22
L24749012,PE,PE-PIU,,-5.1149545,-79.8943774,Puente La Gallega,2023-05-27 12:10,7,0
L24379025,PE,PE-JUN,,-11.0543454,-75.4095554,Puente La Promisora,2023-05-13 17:12,8,1
L10567135,PE,PE-ARE,,-16.4046865,-71.3709571,Puente La Rinconada,2026-08-20 11:52,81,40
L5558696,PE,PE-CAJ,,-6.7881548,-78.2151662,Puente Llanguat,2023-05-01 12:49,61,3
L9449842,PE,PE-CUS,,-12.970768,-72.071359,Puente Manto,2026-01-27 07:56,84,7
L6776583,PE,PE-CUS,,-14.9129406,-71.2338827,Puente Pallpata Antiguo,2022-02-19 00:00,18,1
L37718370,PE,PE-JUN,,-11.365858,-74.7318833,Puente Pamay,2026-08-02 06:43,30,14
L40596129,PE,PE-LIM,,-12.0945994,-76.7764834,Puente Panquilma,2026-08-21 08:21,28,8
L11338273,PE,PE-CUS,,-12.8631795,-72.6899142,Puente Pavayoc,2026-07-29 08:50,76,180
L2417915,PE,PE-HUC,,-9.3579707,-75.9780637,Puente Perez (pueblo),2026-09-05 10:45,135,43
L21338240,PE,PE-CUS,,-13.4234077,-71.8512082,Puente Pisac,2026-08-31 07:30,66,53
L6548588,PE,PE-LAM,,-6.560363,-79.7748667,Puente Pitipo,2026-09-26 14:24,55,27
L21872233,PE,PE-JUN,,-11.1339607,-74.3153107,Puente Puerto Ocopa,2025-07-08 09:40,34,4
L16322757,PE,PE-LIM,,-11.0189231,-77.6505374,Puente Puquio,2021-09-07 15:00,1,1
L6357286,PE,PE-CUS,,-14.3813308,-71.4840299,Puente Q'eswachaka,2026-05-08 07:32,43,16
L11659740,PE,PE-CUS,,-13.1570716,-72.5238442,Puente Quebrada Alcamayo,2026-08-25 13:35,132,139
L4706294,PE,PE-CUS,,-13.0273875,-71.4983153,Puente Quita Calzones,2026-09-25 15:14,402,471
L54935993,PE,PE-LAL,,-7.6824153,-78.0256734,Puente Rio Negro,2026-08-25 09:13,22,4
L4956873,PE,PE-CAJ,,-6.7625987,-78.188792,Puente Río La Llanga,2025-06-28 06:45,30,1
L9385826,PE,PE-JUN,,-11.0523659,-75.3221772,Puente San Carlos,2025-05-04 16:09,41,6
L44664651,PE,PE-JUN,,-10.9824932,-75.4385326,Puente San Damián,2025-05-10 11:25,7,8
L16775667,PE,PE-CUS,,-13.4914577,-71.7805581,Puente San Salvador,2026-08-21 10:03,88,82
L7434187,PE,PE-CAJ,,-7.0873927,-78.4012632,Puente Sangal,2026-09-24 13:24,121,218
L19062201,PE,PE-SAM,,-5.6719434,-77.6339584,Puente Serranoyaco,2026-03-22 09:24,73,8
L30205498,PE,PE-SAM,,-5.6759846,-77.6744138,Puente Serranoyacu,2026-08-16 10:09,106,26
L8916964,PE,PE-CUS,,-14.0683972,-71.6547938,Puente Tambomayo,2019-03-23 07:35,15,2
L4929176,PE,PE-ARE,,-16.455389,-71.5968812,Puente Tiabaya,2025-12-11 07:19,29,9
L75555006,PE,PE-LAM,,-6.729397,-79.6136159,Puente Tulipe,2026-07-31 08:30,1,1
L815073,PE,PE-LIM,,-12.1491744,-77.0225769,Puente de Los Suspiros,2026-09-20 12:15,61,191
L21853214,PE,PE-CUS,,-12.908,-71.40184,Puente de Pilcopata,2026-09-17 08:21,186,62
L4626512,PE,PE-LIM,,-11.5846215,-77.2733983,Puerto  de Chancay,2025-12-08 12:35,84,56
L16680902,PE,PE-PIU,,-5.7988561,-81.0521973,Puerto Bayovar,2023-08-05 10:12,17,2
L4636063,PE,PE-LOR,,-3.7031839,-73.2498446,Puerto Bellavista-Nanay,2026-08-11 14:45,187,107
L973603,PE,PE-PAS,,-10.2953784,-74.9362421,Puerto Bermudez (pueblo),2026-09-07 13:34,94,24
L43101038,PE,PE-ANC,,-9.4558358,-78.3860719,Puerto Casma,2024-04-21 14:42,5,1
L17988653,PE,PE-MDD,,-12.2692543,-70.9098082,Puerto Diamante,2026-08-28 05:57,136,8
L3026848,PE,PE-LIM,,-12.9464667,-76.5053806,Puerto Fiel,2025-01-18 11:42,27,6
L8838142,PE,PE-MDD,,-12.883206,-69.512598,Puerto Filadelfia,2026-09-03 12:54,156,112
L7959282,PE,PE-LOR,,-5.896634,-76.1024598,Puerto Garcilazo,2026-09-05 15:55,68,22
L9695979,PE,PE-ARE,,-15.8387438,-74.3128103,Puerto Inka,2026-07-18 08:56,13,5
L2489786,PE,PE-ARE,,-15.6547757,-74.8704529,Puerto Lomas--Pelágico (>Km 3),2024-07-07 08:57,45,23
L2490085,PE,PE-ARE,,-15.5850099,-74.8584366,Puerto Lomas--Pelágico (Km 1-3),2026-08-24 06:40,35,49
L602498,PE,PE-MDD,,-12.603921,-69.2015076,Puerto Maldonado (ciudad y vecindad),2026-08-30 11:41,529,326
L2523392,PE,PE-MDD,,-12.6069197,-69.2823601,Puerto Maldonado--Camino Chorrillos,2026-05-09 09:10,220,32
L815612,PE,PE-MDD,,-12.6482107,-69.2119789,Puerto Maldonado--Km 15,2026-05-09 16:15,227,38
L2918771,PE,PE-SAM,,-6.51168,-76.34008,Puerto Palmeras Resort,2023-10-10 17:45,111,10
L7793125,PE,PE-MDD,,-12.5031289,-68.6588232,Puerto Pardo (pueblo),2024-07-04 15:31,98,8
L1954627,PE,PE-TUM,,-3.5009261,-80.3899133,Puerto Pizzaro (pueblo),2026-05-05 14:00,144,65
L3644336,PE,PE-LIM,,-12.4796547,-76.7986393,Puerto Pucusana,2026-09-27 16:10,138,633
L716243,PE,PE-AMA,,-5.8240453,-77.9685645,Puerto Pumas Hotel,2026-07-27 10:31,104,50
L19097857,PE,PE-LOR,,-5.882879,-76.1337386,Puerto Shanti Vela,2026-01-28 00:00,51,3
L53570265,PE,PE-CUS,,-12.8875026,-71.3586524,Puerto de Atalaya,2026-07-24 11:31,91,14
L44656118,PE,PE-UCA,,-8.3347131,-74.6505369,Puerto de Cashibococha,2026-02-19 09:43,24,2
L2490559,PE,PE-ARE,,-15.5697971,-74.8526001,Puerto de Lomas--Puerto,2026-08-24 06:28,49,80
L35939680,PE,PE-UCA,,-8.5695729,-74.3726543,Puerto de Santa Rosa de Masisea,2025-11-14 09:11,13,1
L35939403,PE,PE-UCA,,-8.5152439,-74.4049239,Puerto del Nuevo San Juan,2024-08-18 09:05,12,1
L36386514,PE,PE-UCA,,-8.508649,-74.4060204,Puerto del Nuevo San Juan--Playa,2024-09-06 09:35,11,1
L8378095,PE,PE-MDD,,-12.8076388,-69.3024187,Puesto de Control La Torre,2026-08-18 14:09,93,19
L41483701,PE,PE-SAM,,-6.3979095,-76.3407569,Puesto de Control TapirWasi (ARCNP),2026-05-14 17:19,242,65
L11997674,PE,PE-HUC,,-9.6829434,-75.429553,Puesto de Control la Union,2020-07-31 02:10,2,1
L18912674,PE,PE-HUC,,-9.3260153,-76.0294751,Puesto de Vigilancia y Control Cueva de las Lechuzas,2026-05-09 07:07,104,34
L7368758,PE,PE-AMA,,-3.013217,-77.83852,Puesto de Vigilancia y Control Cóndor,2018-07-12 06:09,60,3
L31687724,PE,PE-MDD,,-12.5164635,-68.8152651,Puesto de Vigilancia y Control Huisene,2026-05-09 05:00,184,16
L34949131,PE,PE-MDD,,-12.664726,-69.159301,Puesto de Vigilancia y Control Jorge Chávez,2026-09-26 07:09,174,38
L21892127,PE,PE-CUS,,-11.5870958,-73.1228402,Puesto de Vigilancia y Control Kirigueti,2026-07-28 10:46,62,17
L7868439,PE,PE-MDD,,-12.9338454,-69.5173763,Puesto de Vigilancia y Control Malinowski,2026-08-22 05:49,336,255
L31786116,PE,PE-CAJ,,-5.14055,-79.14951,Puesto de Vigilancia y Control Miraflores,2025-11-13 11:12,57,5
L31787154,PE,PE-SAM,,-7.69152,-76.4916,Puesto de Vigilancia y Control Piquiyacu,2025-10-11 06:45,52,3
L50645559,PE,PE-SAM,,-5.5726769,-77.6611519,Puesto de Vigilancia y Control Puente Jordania,2026-08-06 15:05,79,5
L44869444,PE,PE-PUN,,-13.4654901,-70.4150829,Puesto de Vigilancia y Control San Gaban,2026-09-14 14:07,35,6
L19308551,PE,PE-SAM,,-5.8867942,-77.4292704,Puesto de Vigilancia y Control Sol de Oro,2026-08-30 21:23,100,41
L15508630,PE,PE-UCA,,-7.9008924,-74.5019814,Puesto de Vigilancia y Control Tacshitea/Quebrada Blanco,2021-05-08 17:10,130,15
L65645795,PE,PE-TUM,,-4.0303103,-80.4632768,Puesto de Vigilancia y Control Teniente Astete,2026-05-09 07:00,39,2
L53738611,PE,PE-HUC,,-9.1349743,-75.9979471,Pukka Shungo--Cueva del Dios Hero,2025-05-10 06:00,32,1
L2603616,PE,PE-SAM,,-6.60723,-76.21348,Pumarinri Amazon Lodge,2026-09-16 06:36,462,635
L9078260,PE,PE-CUS,,-13.969163,-71.7857915,Puna Pampa,2021-12-02 11:40,59,20
L5086575,PE,PE-CUS,,-13.5237628,-71.8572915,Punko Punkuyoc,2025-01-05 14:22,72,29
L570205,PE,PE-PUN,,-15.8396883,-70.0531197,Puno (pueblo y vecindad),2026-05-29 14:00,118,51
L878191,PE,PE-PIU,,-4.67612,-81.32335,Punta Balcones--Gramadal,2010-02-14 13:34,7,2
L878194,PE,PE-PIU,,-4.66932,-81.32252,Punta Balcones--Playa del Rio,2026-01-25 10:00,49,11
L8273286,PE,PE-ARE,,-17.0217547,-72.0331174,Punta Catarindo,2026-07-29 15:05,20,5
L6266952,PE,PE-LIM,,-10.7706691,-77.764602,Punta Cristo Redentor,2026-09-23 09:09,35,7
L2728117,PE,PE-ANC,,-9.8913,-78.2348,Punta Patillos,2026-07-15 10:54,21,22
L6073810,PE,PE-TAC,,-17.8676081,-71.0966143,Punta Picata,2025-05-10 13:14,30,10
L1010008,PE,PE-TUM,,-3.8532932,-81.2438965,Punta Sal--Pelágico,2009-11-03 07:00,25,2
L24381470,PE,PE-LIM,,-11.291002,-77.652413,Punta Salinas,2026-03-23 09:20,21,6
L5946328,PE,PE-TAC,,-18.0041643,-70.8873564,Punta San Pablo,2024-07-23 00:00,25,17
L13191062,PE,PE-MOQ,,-17.4978,-71.3632,Punta Tablones,2026-01-03 13:01,17,2
L28647815,PE,PE-MOQ,,-17.804049,-71.16366,Punta Tancona,2024-07-19 13:35,2,0
L9214987,PE,PE-LAL,,-8.2844444,-78.9561111,Punta Uripe,2025-05-10 08:00,52,24
L29623507,PE,PE-PIU,,-4.1795465,-81.143841,Punta Veleros,2026-09-05 11:30,63,8
L13191030,PE,PE-MOQ,,-17.3088,-71.4706,Punta Yerba Buena,2024-07-19 11:48,29,4
L8566013,PE,PE-MOQ,,-17.3089,-71.4622,Punta Yerba Buena--Quebrada,2023-09-30 09:38,20,3
L49594173,PE,PE-SAM,,-6.026831,-76.979798,Punta de Fachin,2026-07-31 16:55,57,6
L16831267,PE,PE-CUS,,-13.4332109,-72.2514268,Q'ente Q'entiyoc,2026-08-06 07:43,109,87
L31787928,PE,PE-LOR,,-7.21592,-74.94872,Quebrada Aguas Frías,2026-02-15 15:34,89,6
L11151364,PE,PE-PUN,,-14.0567,-69.0167,Quebrada Arco Punco,2003-12-06 10:10,14,1
L14153593,PE,PE-JUN,,-11.994193,-75.340019,Quebrada Ayhuayo-Suytuhulo,2021-03-25 10:54,19,6
L2479675,PE,PE-APU,,-13.7046986,-72.7050304,Quebrada Balcon,2025-06-05 08:17,50,5
L40879481,PE,PE-TAC,,-18.020422,-70.83454,Quebrada Burros,2024-11-05 12:27,1,0
L21216867,PE,PE-TUM,,-3.7188,-80.4331,Quebrada Cabuyal,2025-12-20 09:59,74,23
L2577663,PE,PE-ARE,,-16.4182051,-71.3273191,Quebrada Cacayaco--Bosque de Polylepis,2025-05-20 07:59,82,27
L4680372,PE,PE-UCA,,-10.65923,-72.98346,Quebrada Cachuela,2016-02-11 06:00,34,1
L3876388,PE,PE-ANC,,-9.6856985,-77.3836505,Quebrada Cajan Vado,2013-06-08 10:00,5,0
L8224943,PE,PE-LOR,,-3.481,-72.673,Quebrada Canada,2018-12-01 15:35,30,1
L2688411,PE,PE-PIU,,-5.1427823,-79.9182147,Quebrada Caracucho,2025-12-28 10:45,101,32
L2606935,PE,PE-LIM,,-11.70689,-76.26614,Quebrada Caruya,2026-04-19 09:49,62,22
L54470165,PE,PE-CAJ,,-6.477239,-79.3790113,Quebrada Casupe,2026-09-25 11:48,118,95
L854934,PE,PE-TUM,,-3.6513384,-80.6050158,Quebrada Charan,2022-10-14 07:31,65,12
L64382834,PE,PE-TAC,,-17.2229069,-70.6325486,Quebrada Cimarrona,2026-03-22 09:00,5,0
L40373154,PE,PE-CAJ,,-5.9268097,-78.9970325,Quebrada Colapón,2025-02-28 10:12,39,3
L11411406,PE,PE-SAM,,-7.210308,-76.744606,Quebrada Congrejo,2026-03-04 07:25,58,2
L31259815,PE,PE-JUN,,-12.1394027,-75.2795042,Quebrada Copón,2026-03-15 08:03,41,8
L53911575,PE,PE-ARE,,-16.3987723,-71.4213649,Quebrada El Infernillo de Agua Salada,2025-10-11 11:50,16,6
L493316,PE,PE-PIU,,-5.7022778,-79.7324167,Quebrada El Limón / Frejolillo,2026-08-22 10:24,217,235
L856532,PE,PE-TUM,,-4.11067,-81.00098,Quebrada Fernandez,2026-09-06 07:30,131,45
L9804495,PE,PE-LAM,,-5.7811841,-79.8083392,Quebrada Frejolillo,2026-08-22 07:16,143,34
L7738015,PE,PE-MDD,,-12.510322,-68.980385,Quebrada Gamitana,2026-06-25 09:37,197,54
L65885357,PE,PE-LAL,,-8.037761,-77.422276,Quebrada Honda,2026-05-09 10:40,11,1
L21579788,PE,PE-LIM,,-11.766198,-76.543354,Quebrada Horno,2025-05-15 12:14,26,2
L21104113,PE,PE-LIM,,-11.7591417,-76.7493222,Quebrada Huaycoloro,2024-12-27 09:12,20,1
L7961197,PE,PE-AMA,,-5.756413,-78.562697,Quebrada Jahuanga,2026-06-15 13:53,76,41
L4062472,PE,PE-ARE,,-15.719446,-71.589522,Quebrada Japo,2026-08-06 11:15,63,35
L16735376,PE,PE-CAJ,,-6.7999671,-78.6707769,Quebrada La Trucha de Oro,2026-01-01 17:50,20,7
L5297772,PE,PE-HUC,,-9.622043,-75.970434,Quebrada Lamonio,2014-09-25 09:11,44,2
L24410214,PE,PE-LAL,,-8.039993,-77.437793,Quebrada Llacuabamba,2023-10-14 10:22,32,1
L3120888,PE,PE-ANC,,-9.0876268,-77.6622677,Quebrada Llanganuco - PN Huacarán,2025-12-09 10:23,124,78
L13020217,PE,PE-LOR,,-6.559088,-75.173554,Quebrada Majambo,2020-12-15 17:00,26,2
L5297647,PE,PE-HUC,,-9.614789,-75.956483,Quebrada Mallgotingo,2014-09-23 09:20,47,2
L4995166,PE,PE-CAJ,,-5.3987261,-79.2571306,Quebrada Manchara,2021-11-08 15:00,49,5
L54631870,PE,PE-LOR,,-2.3933111,-71.3514248,Quebrada Mutum,2025-11-05 09:13,40,0
L7801665,PE,PE-JUN,,-12.0647637,-75.1771616,Quebrada Ocopilla,2026-06-21 08:12,70,37
L3634576,PE,PE-PIU,,-4.52055,-81.1396,Quebrada Pariñas,2022-07-08 06:20,81,16
L16481269,PE,PE-APU,,-14.7639691,-73.4277635,Quebrada Patahuasi,2021-09-25 07:40,28,6
L6368864,PE,PE-ARE,,-16.3711212,-73.2652473,Quebrada Pescadores,2026-03-19 12:12,29,3
L5588802,PE,PE-CUS,,-13.4629819,-71.9695151,Quebrada Quesermayo,2024-07-10 15:00,79,17
L4708822,PE,PE-PIU,,-5.3366649,-79.9247164,Quebrada Rio Seco,2019-11-25 11:44,68,5
L49812209,PE,PE-LOR,,-6.3278564,-74.9199748,Quebrada Romayna,2025-06-08 07:00,25,3
L21104275,PE,PE-LIM,,-11.9279056,-76.7938028,Quebrada Río Seco,2022-01-06 08:37,27,1
L13754541,PE,PE-PIU,,-4.8824858,-80.7683693,Quebrada Samán--Desembocadura,2021-03-01 16:23,40,4
L9950869,PE,PE-ANC,,-8.9431747,-77.695163,Quebrada Santa Cruz,2026-08-21 07:30,72,6
L23949940,PE,PE-AMA,,-6.8461372,-77.9904375,Quebrada Seca Hornopampa,2026-09-26 14:02,76,64
L19011041,PE,PE-JUN,,-11.9605921,-75.3193196,Quebrada Shutoc,2025-05-10 07:30,31,6
L4758569,PE,PE-ARE,,-15.5071981,-72.209487,Quebrada Sirani,2015-09-25 00:00,16,1
L32714163,PE,PE-HUC,,-9.3355643,-75.0198948,Quebrada Sungarillo,2026-06-10 14:30,19,4
L14876349,PE,PE-UCA,,-9.2737121,-74.437168,Quebrada Tabacoa,2026-06-13 09:54,28,5
L13378713,PE,PE-APU,,-13.4606725,-72.8736082,Quebrada Tambobamba,2021-01-23 13:13,15,2
L7360842,PE,PE-ARE,,-16.4009722,-71.3939167,Quebrada Tintay,2026-09-20 09:22,60,40
L11154037,PE,PE-PUN,,-14.106,-69.0422,Quebrada Tunkimayo,2003-07-09 08:10,18,1
L29181411,PE,PE-LIM,,-11.7366988,-76.2940279,Quebrada Turumanya,2026-08-03 12:15,20,4
L13064736,PE,PE-CUS,,-12.9458523,-72.6804501,Quebrada Uchumayo,2025-08-24 09:44,36,3
L2273658,PE,PE-SAM,,-6.7692842,-76.3362694,Quebrada Upaquihua,2026-09-22 09:20,321,189
L3876410,PE,PE-ANC,,-9.6420884,-77.3402095,Quebrada Uquian--Laguna Collotacocha,2008-09-13 12:00,16,2
L5275705,PE,PE-CUS,,-13.3855151,-72.0294383,Quebrada Urquillos,2024-04-16 11:00,76,9
L10207178,PE,PE-JUN,,-11.464875,-74.63633,Quebrada Violín,2019-10-29 08:50,93,3
L9047830,PE,PE-LOR,,-3.883641,-70.2858399,Quebrada Yanayacu,2026-01-26 14:45,212,45
L5838377,PE,PE-UCA,,-8.3947713,-74.5323765,Quebrada Yumantay,2024-05-11 06:42,46,7
L11425794,PE,PE-CUS,,-12.7040552,-72.5359458,Quebrada de Accopampa,2024-03-17 08:03,35,4
L26367119,PE,PE-CAJ,,-6.1348817,-79.2058747,Quebrada del Caserío Gramalote,2023-07-18 12:21,2,3
L12353245,PE,PE-PIU,,-4.110029,-81.055424,Quebrada del Faro,2026-07-15 07:33,60,13
L47279534,PE,PE-CAJ,,-7.2452867,-79.2259133,Quebrada del Gallito Ciego,2026-02-10 09:15,39,7
L6340229,PE,PE-ARE,,-16.5610117,-72.6236844,Quebrada del Toro,2026-07-10 10:06,18,10
L11745653,PE,PE-CUS,,-13.5328387,-71.9978688,Quebradra Saqramayo,2026-06-28 16:56,107,28
L23953932,PE,PE-ARE,,-16.5547758,-71.4525104,Quequeña--Matorral,2023-04-30 11:08,12,7
L3633118,PE,PE-LOR,,-3.9318012,-73.6013603,RN Allpahuayo Mishana,2026-09-22 11:46,595,1495
L2294668,PE,PE-LOR,,-3.967219,-73.4189904,RN Allpahuayo Mishana--Allpahuayo Research Center,2026-09-21 11:46,492,483
L7352359,PE,PE-LOR,,-3.9527971,-73.4141073,RN Allpahuayo Mishana--Campo Abierto,2026-09-22 06:00,440,257
L12530389,PE,PE-LOR,,-3.956884,-73.412096,RN Allpahuayo Mishana--Instituto Nacional de Innovación Agraria,2026-09-22 11:46,388,233
L2415242,PE,PE-LOR,,-3.979192,-73.4219703,RN Allpahuayo Mishana--PVC Irapay,2026-09-21 06:09,379,219
L11474892,PE,PE-LOR,,-3.87357,-73.406198,RN Allpahuayo Mishana--Puesto de Vigilancia y Control Varillal,2026-09-19 09:52,307,84
L7385526,PE,PE-LAL,,-8.6148672,-78.3349872,RN Calipuy,2024-05-11 06:00,96,12
L14856204,PE,PE-LAL,,-8.6433676,-78.3770919,RN Calipuy--Desierto de Sechura,2024-05-11 06:00,25,3
L14855907,PE,PE-LAL,,-8.5440165,-78.2498807,RN Calipuy--Matorral Altoandino,2024-05-11 06:00,61,4
L14855843,PE,PE-LAL,,-8.5807632,-78.2784231,RN Calipuy--Matorral Desértico Costero,2021-05-08 04:30,52,2
L5854037,PE,PE-LOR,,-4.1046016,-70.0799135,RN Irapay,2024-07-04 16:44,106,10
L28879586,PE,PE-LIM,,-12.7909446,-76.6193974,RN Isla de Asia,2024-01-02 11:00,17,1
L801399,PE,PE-ICA,,-13.7360501,-76.3951492,RN Islas Ballestas,2026-09-26 07:43,160,1037
L3141748,PE,PE-CAL,,-12.1161111,-77.2091667,RN Islas Cavinzas,2026-09-05 10:37,54,79
L24012068,PE,PE-LOR,,-4.2517669,-70.0369161,RN Lago Piraña,2026-05-13 08:30,166,22
L490198,PE,PE-LIM,,-11.3733485,-77.3608303,RN Lomas de Lachay,2026-09-25 11:49,134,2364
L31805997,PE,PE-LIM,,-11.36179,-77.37081,RN Lomas de Lachay--Bosque de Eucaliptos,2026-09-24 08:29,37,45
L3810568,PE,PE-LIM,,-11.3946479,-77.3823452,RN Lomas de Lachay--Camino de Acceso,2026-09-25 11:49,88,685
L31805800,PE,PE-LIM,,-11.37885,-77.3755,RN Lomas de Lachay--Caseta,2026-09-19 09:42,51,80
L12000111,PE,PE-LIM,,-11.356769,-77.355441,RN Lomas de Lachay--Circuito de la Perdiz,2026-09-24 08:33,56,93
L24315657,PE,PE-LIM,,-11.354189,-77.375235,RN Lomas de Lachay--Naranjito,2026-05-09 09:14,33,11
L1280622,PE,PE-LIM,,-11.3602216,-77.3616028,RN Lomas de Lachay--Puquial,2026-09-25 09:36,64,142
L1280623,PE,PE-LIM,,-11.3477672,-77.3430634,RN Lomas de Lachay--Quebrada Guayabito,2026-07-16 08:01,67,162
L12000154,PE,PE-LIM,,-11.361186,-77.366854,RN Lomas de Lachay--Quebrada Hierbabuena,2026-08-30 08:53,58,197
L31805164,PE,PE-LIM,,-11.36423,-77.36792,RN Lomas de Lachay--Quebrada Lechuzas,2026-09-13 09:28,36,12
L21343921,PE,PE-LOR,,-4.142197,-70.0638914,RN Marasha,2026-09-12 10:40,341,255
L11551524,PE,PE-LOR,,-4.1469009,-70.0393428,RN Marasha--Entrada,2026-09-12 10:40,174,47
L926454,PE,PE-LOR,,-5.4136796,-74.7399902,RN Pacaya-Samiria,2026-09-18 09:12,563,1013
L19081288,PE,PE-LOR,,-4.734258,-74.3198854,RN Pacaya-Samiria--Area Turística Shiringal,2026-08-06 08:45,172,24
L1357816,PE,PE-LOR,,-5.1789235,-74.3008804,RN Pacaya-Samiria--Atun Poza,2026-04-10 16:30,179,28
L19113420,PE,PE-LOR,,-5.280822,-74.4253375,RN Pacaya-Samiria--Cocha Yanayacu,2026-09-18 05:42,217,73
L4377405,PE,PE-LOR,,-4.678267,-74.321195,RN Pacaya-Samiria--Desembocadura de Río Samiria,2026-09-10 16:15,368,228
L3088134,PE,PE-LOR,,-5.2301913,-75.5374024,RN Pacaya-Samiria--Lagunas,2026-07-23 08:51,327,50
L14846348,PE,PE-LOR,,-4.6239654,-73.6539141,RN Pacaya-Samiria--Nauta Caño,2026-09-07 06:00,399,383
L24311555,PE,PE-LOR,,-5.343013,-74.5016069,RN Pacaya-Samiria--Puesto de Vigilancia y Control Yarina,2026-09-18 09:12,93,10
L7366519,PE,PE-LOR,,-5.4801507,-74.4193264,RN Pacaya-Samiria--Rio Pacaya,2026-04-10 07:30,199,20
L19113731,PE,PE-LOR,,-4.749431,-73.860812,RN Pacaya-Samiria--Río Pucate,2026-07-29 06:35,227,47
L19102090,PE,PE-LOR,,-5.232077,-75.5910589,RN Pacaya-Samiria--Sector Tibilo,2026-08-23 11:04,224,55
L18233641,PE,PE-LOR,,-5.2384731,-75.5959408,RN Pacaya-Samiria--Wonder Amazon Lodge,2026-09-15 09:05,302,28
L1318421,PE,PE-AYA,,-14.7507358,-74.3832779,RN Pampa Galeras,2026-07-14 10:00,129,89
L7797972,PE,PE-AYA,,-14.6391459,-74.3400548,RN Pampa Galeras--Dormidero Comunal de Cóndores,2026-05-18 08:18,31,12
L5656806,PE,PE-LOR,,-2.563079,-75.2219725,RN Pucacuro—Coconilla,2017-05-13 07:05,61,2
L866008,PE,PE-MOQ,,-17.7032305,-71.378088,RN Punta Coles,2026-09-23 07:28,63,136
L846788,PE,PE-ARE,,-16.5172225,-72.9305291,RN Punta La Chira,2025-01-19 05:53,17,6
L2419068,PE,PE-ARE,,-16.1635038,-71.2271118,RN Salinas y Aguada Blanca (Área General. Por favor usa una localidad más precisa),2026-09-27 19:06,176,993
L9218598,PE,PE-ARE,,-15.85467,-71.435427,RN Salinas y Aguada Blanca--Bofedal de Callicalli,2026-08-27 14:00,82,59
L9219412,PE,PE-ARE,,-16.319873,-71.1490706,RN Salinas y Aguada Blanca--Bofedal de Salinas,2025-11-22 10:25,34,16
L9217784,PE,PE-ARE,,-16.1805236,-71.0627049,RN Salinas y Aguada Blanca--Bofedal de San Juan de Tarucani,2025-02-04 19:37,50,7
L5848383,PE,PE-ARE,,-16.0295651,-71.4390653,RN Salinas y Aguada Blanca--Bofedal de Tambo Cañahuas,2026-04-20 10:53,28,5
L9218451,PE,PE-ARE,,-16.252075,-71.045189,RN Salinas y Aguada Blanca--Bofedal de Tambo de Ají,2023-07-12 08:00,30,5
L5848324,PE,PE-ARE,,-15.8459396,-71.4442849,RN Salinas y Aguada Blanca--Bofedal de Toccra,2026-09-13 14:33,99,168
L5848413,PE,PE-ARE,,-16.04949,-71.397407,RN Salinas y Aguada Blanca--Bofedal de Umaluso,2026-06-10 10:00,52,9
L33774184,PE,PE-ARE,,-15.9205743,-71.378443,RN Salinas y Aguada Blanca--Bofedal de Viscachani,2026-09-27 19:06,50,55
L852640,PE,PE-ARE,,-16.3788415,-71.3199806,RN Salinas y Aguada Blanca--Bosque de Polylepis El Simbral,2026-08-24 14:49,87,48
L1177969,PE,PE-ARE,,-15.82436,-71.48538,RN Salinas y Aguada Blanca--Centro de Visitantes,2026-09-22 16:30,85,61
L7467790,PE,PE-ARE,,-15.8492011,-71.3716292,RN Salinas y Aguada Blanca--Laguna Jancoccota,2026-08-19 12:39,48,36
L676972,PE,PE-ARE,,-16.3675801,-71.1749268,RN Salinas y Aguada Blanca--Laguna de Salinas,2026-09-26 08:07,144,170
L1408637,PE,PE-ARE,,-15.7577457,-71.041503,RN Salinas y Aguada Blanca--Laguna del Indo,2026-09-14 14:00,49,27
L9219484,PE,PE-ARE,,-16.325148,-71.151049,RN Salinas y Aguada Blanca--Pajonal de Salinas Huito,2026-09-01 10:42,36,16
L5848398,PE,PE-ARE,,-16.033221,-71.428692,RN Salinas y Aguada Blanca--Pampa Chilche,2020-03-13 11:04,27,3
L55514485,PE,PE-ARE,,-16.2766738,-71.0872497,RN Salinas y Aguada Blanca--Qocha Atiñani,2025-11-27 10:02,10,0
L3613705,PE,PE-ARE,,-16.2685882,-71.5088242,RN Salinas y Aguada Blanca--Tambo Cabrerias,2026-05-05 00:00,92,50
L1973139,PE,PE-ICA,,-14.9793463,-75.2968597,RN San Fernando,2026-07-13 10:22,111,166
L14842435,PE,PE-ICA,,-15.1473057,-75.3510806,RN San Fernando--Bahía San Fernando,2026-07-13 10:22,33,15
L4611256,PE,PE-ICA,,-15.1415,-75.362,RN San Fernando--Dormidero de Cóndores,2024-05-11 06:30,25,25
L8706862,PE,PE-ICA,,-15.131772,-75.2989984,RN San Fernando--Lomas San Fernando,2025-07-22 10:17,27,9
L17698881,PE,PE-ICA,,-15.1577534,-75.3491984,RN San Fernando--Mirador Gallinazo,2025-08-27 13:38,24,25
L14849699,PE,PE-ICA,,-14.9463195,-75.4205548,RN San Fernando--Monte Grande,2025-10-11 08:30,49,60
L1763992,PE,PE-MDD,,-12.9158244,-69.1273533,RN Tambopata,2026-09-20 08:16,524,372
L3838576,PE,PE-MDD,,-13.143697,-69.6116495,RN Tambopata--Collpa Colorado,2026-09-20 08:16,436,305
L3971768,PE,PE-MDD,,-13.1558735,-69.6187134,RN Tambopata--Estanque de Peces,2026-07-08 07:43,218,23
L1755733,PE,PE-MDD,,-12.9996068,-69.7669601,RN Tambopata--Rio Malinowski,2025-09-29 13:45,114,7
L7355147,PE,PE-JUN,,-11.0477747,-76.085515,RN de Junín (Dept. Junín),2026-08-05 12:54,158,106
L9262230,PE,PE-JUN,,-11.1222618,-76.0987703,RN de Junín--Auquivilca,2026-09-22 10:26,79,30
L1428463,PE,PE-JUN,,-11.0934097,-76.0015509,RN de Junín--Camino de Acceso Sudeste,2026-03-29 06:25,67,19
L4894318,PE,PE-JUN,,-11.1069165,-76.1170578,RN de Junín--Huarmipuquio,2026-09-15 06:23,75,39
L846513,PE,PE-JUN,,-11.0166885,-76.0913086,RN de Junín--Lago Junín/Chinchaycocha,2026-09-23 06:53,163,267
L4806629,PE,PE-JUN,,-11.054962,-76.1568626,RN de Junín--Mirador de Conoc,2026-09-22 14:37,118,356
L9232397,PE,PE-JUN,,-11.0832291,-76.1407849,RN de Junín--Pampas de Ondores,2026-09-15 11:13,120,80
L4894293,PE,PE-JUN,,-11.1646766,-76.0180038,RN de Junín--Puente Chacachimpa,2026-09-15 11:49,83,49
L4689342,PE,PE-JUN,,-11.0947003,-76.1305332,RN de Junín--Quebrada Acomarca,2026-04-28 10:44,72,21
L9268225,PE,PE-JUN,,-11.0572771,-76.011595,RN de Junín--San Francisco de Uco,2026-02-26 14:09,65,28
L9268604,PE,PE-JUN,,-10.964813,-76.2295044,RN de Junín--San Pedro de Pari,2026-09-15 07:31,110,191
L9283984,PE,PE-JUN,,-10.9924966,-76.0508062,RN de Junín--Sector Cazapato,2023-10-14 07:49,66,25
L846868,PE,PE-ICA,,-13.8714967,-76.2827969,RN de Paracas,2026-09-25 11:33,200,1480
L846877,PE,PE-ICA,,-14.1485607,-76.2530136,RN de Paracas--Laguna Grande,2026-08-25 09:17,51,24
L10130109,PE,PE-ICA,,-13.9981656,-76.2492547,RN de Paracas--Laguna Supay,2026-08-10 11:53,69,19
L801383,PE,PE-ICA,,-13.8978267,-76.3122368,RN de Paracas--Lagunillas,2026-09-08 13:24,93,247
L16896316,PE,PE-ICA,,-13.8702795,-76.2548761,RN de Paracas--Mirador Aguada,2025-06-11 14:18,59,8
L46880927,PE,PE-ICA,,-13.864108,-76.270791,RN de Paracas--Mirador de Aves,2026-09-19 10:22,66,48
L34762927,PE,PE-ICA,,-13.9366311,-76.2838167,RN de Paracas--Mirador de la Catedral,2026-08-14 15:46,57,37
L9269731,PE,PE-ICA,,-13.8262509,-76.3046934,RN de Paracas--Playa Atenas,2026-08-30 13:30,56,46
L9668168,PE,PE-ICA,,-13.7942184,-76.3086534,RN de Paracas--Playa Candelabro,2026-09-25 11:33,78,84
L2708728,PE,PE-ICA,,-13.911987,-76.3186241,RN de Paracas--Playa La Mina,2026-09-23 14:34,93,41
L3708208,PE,PE-ICA,,-14.0603909,-76.2597084,RN de Paracas--Playa Mendieta,2026-09-23 11:51,31,19
L6470009,PE,PE-ICA,,-13.892426,-76.307138,RN de Paracas--Playa Roja,2026-09-24 12:46,80,144
L1901285,PE,PE-ICA,,-13.8399967,-76.3084602,RN de Paracas--Playa Zequion,2025-05-10 08:20,70,37
L14870424,PE,PE-ICA,,-13.8926454,-76.3955534,RN de Paracas--Playa los Choros,2026-08-30 10:16,27,2
L1470927,PE,PE-ICA,,-13.9984613,-76.2364483,RN de Paracas--Salinas de Otuma,2026-09-23 11:18,32,7
L28114096,PE,PE-ICA,,-13.8025162,-76.2915622,RN de Paracas--Terminal Portuario General San Martin,2026-06-05 09:31,40,41
L21539821,PE,PE-TUM,,-3.960658,-80.2997052,RN de Tumbes,2026-09-22 11:13,68,17
L21104253,PE,PE-LIM,,-11.9520367,-76.8748089,Radio Observatorio Jicamarca,2022-01-06 07:43,5,1
L3837062,PE,PE-CUS,,-12.9769585,-71.426754,Rainforest Lodge,2026-09-23 16:12,149,41
L23038401,PE,PE-PAS,,-10.5980566,-75.4025173,Rancho Anibal Ruffner,2026-06-06 07:43,116,34
L12108483,PE,PE-MDD,,-12.5013193,-69.1007696,Rancho Ganadero,2026-08-20 08:40,186,28
L8710652,PE,PE-AMA,,-6.7238012,-77.8031286,Rangra Wasi Ecolodge,2026-09-25 11:25,119,98
L17360153,PE,PE-ANC,,-10.15756,-77.47081,Raquia,2025-12-08 07:45,112,58
L17431141,PE,PE-ICA,,-14.071257,-75.739324,Real Hotel Ica,2026-08-08 19:07,13,3
L9274265,PE,PE-SAM,,-6.0572859,-76.9770465,Recreo Ecoturistico Milan,2026-09-10 13:07,87,51
L67879112,PE,PE-HUC,,-9.6837905,-75.4917773,Recreo Turistico Pluma Ranch,2026-09-10 13:28,22,3
L11905438,PE,PE-SAM,,-6.0366474,-77.033287,Recro Turístico La Julianita,2025-12-12 10:37,125,15
L3876385,PE,PE-ANC,,-9.7220777,-77.4560702,Recuay (pueblo),2025-12-08 11:33,29,6
L2429729,PE,PE-MDD,,-12.8750659,-69.4091749,Refugio Amazonas Lodge,2026-09-05 13:50,514,864
L26471048,PE,PE-MDD,,-12.877577,-69.406524,Refugio Amazonas--Castaña Trail,2026-09-21 16:36,146,49
L9894432,PE,PE-CUS,,-12.8211121,-72.5820351,Refugio Ecolológico Montecristo,2019-08-31 14:00,25,2
L19112574,PE,PE-CUS,,-13.0995092,-71.703404,Refugio Quellhuacocha,2024-05-11 09:31,99,27
L34050831,PE,PE-LIM,,-12.9328562,-75.7812667,Refugio Viñak
L64179601,PE,PE-LIM,,-13.0169973,-76.1694363,Refugio de Santiago Ecolodge,2026-04-25 00:00,14,1
L13324578,PE,PE-CAJ,,-6.8462055,-79.0835532,Refugio de Vida Silvestre Bosques Nublados de Udima--Chorro Blanco,2025-09-03 08:45,56,9
L11401191,PE,PE-CAJ,,-6.8499498,-79.1303408,Refugio de Vida Silvestre Bosques Nublados de Udima--Zona La Montañita,2023-05-13 08:00,25,3
L1810924,PE,PE-LAM,,-6.35326,-79.4817066,Refugio de Vida Silvestre Laquipampa,2026-09-03 07:36,208,385
L4382003,PE,PE-LAM,,-6.3717066,-79.4834715,Refugio de Vida Silvestre Laquipampa--Cabeza de Puma,2019-06-04 16:00,83,18
L19111843,PE,PE-LAM,,-6.3665455,-79.504666,Refugio de Vida Silvestre Laquipampa--El Cementerio,2022-05-14 12:40,37,6
L14867563,PE,PE-LAM,,-6.3490752,-79.4952157,Refugio de Vida Silvestre Laquipampa--El Muñeco,2023-05-13 08:37,42,8
L14866833,PE,PE-LAM,,-6.3335119,-79.4508039,Refugio de Vida Silvestre Laquipampa--El Reloj,2026-06-13 18:52,71,20
L14867080,PE,PE-LAM,,-6.3422443,-79.4486845,Refugio de Vida Silvestre Laquipampa--Lajas,2026-09-03 07:36,93,42
L19111666,PE,PE-LAM,,-6.3541909,-79.4856239,Refugio de Vida Silvestre Laquipampa--Piedra Lisa,2023-11-06 17:55,34,5
L10205633,PE,PE-LAM,,-6.3650435,-79.4787721,Refugio de Vida Silvestre Laquipampa--Puesto de Control Negrahuasi,2024-01-14 10:09,60,19
L11429201,PE,PE-LAM,,-6.291832,-79.4404471,Refugio de Vida Silvestre Laquipampa--Puesto de Control los Cerezos,2024-04-10 11:32,15,2
L11415666,PE,PE-LAM,,-6.3589874,-79.4860548,Refugio de Vida Silvestre Laquipampa--Ruta el Muñeco,2024-01-14 09:47,68,13
L11413493,PE,PE-LAM,,-6.3700396,-79.4779472,Refugio de Vida Silvestre Laquipampa--Sector Quebrada el Reloj,2026-08-08 06:35,54,3
L8425471,PE,PE-LAM,,-6.2985575,-79.4600041,Refugio de Vida Silvestre Laquipampa--Sendero Shambo,2026-07-05 10:35,124,155
L19111377,PE,PE-LAM,,-6.3495004,-79.4947769,Refugio de Vida Silvestre Laquipampa--Tramo el Pozo,2026-02-12 06:29,57,10
L492947,PE,PE-LIM,,-12.2140549,-76.9893005,Refugio de Vida Silvestre Los Pantanos de Villa,2026-09-27 14:30,198,10509
L24387723,PE,PE-LIM,,-12.2119372,-76.9902818,Refugio de Vida Silvestre Los Pantanos de Villa--Entrada,2026-09-23 11:54,108,580
L855862,PE,PE-LIM,,-12.2243504,-76.9878852,Refugio de Vida Silvestre Los Pantanos de Villa--Laguna Costera y Playa Marvilla,2026-09-27 14:30,182,4215
L1280581,PE,PE-LIM,,-12.2110124,-76.987896,Refugio de Vida Silvestre Los Pantanos de Villa--Laguna Génesis,2026-09-27 10:24,124,1419
L855840,PE,PE-LIM,,-12.2080343,-76.9918656,Refugio de Vida Silvestre Los Pantanos de Villa--Laguna Mayor,2026-09-12 16:11,129,1134
L1280595,PE,PE-LIM,,-12.2085587,-76.9979167,Refugio de Vida Silvestre Los Pantanos de Villa--Laguna Sangradero,2026-05-09 21:59,112,161
L5827112,PE,PE-LIM,,-12.2186683,-76.984401,Refugio de Vida Silvestre Los Pantanos de Villa--Laguna Sur,2026-09-24 08:51,138,345
L28661464,PE,PE-LIM,,-12.2103422,-76.9962591,Refugio de Vida Silvestre Los Pantanos de Villa--Laguna con Torre de Radio,2026-08-22 06:18,84,42
L4553423,PE,PE-LIM,,-12.2008016,-76.9952989,Refugio de Vida Silvestre Los Pantanos de Villa--Lagunilla Norte,2026-09-12 07:30,109,228
L855871,PE,PE-LIM,,-12.22003,-76.9808,Refugio de Vida Silvestre Los Pantanos de Villa--Pampas Mojadas,2026-03-07 14:30,110,75
L5848227,PE,PE-LIM,,-12.2178312,-76.9795895,Refugio de Vida Silvestre Los Pantanos de Villa--Panamericana Sur,2026-08-25 13:18,106,38
L20364615,PE,PE-AMA,,-6.0616198,-77.8949095,Refugio del Colibrí Espátula,2026-09-27 09:34,171,749
L20190351,PE,PE-ARE,,-17.0824484,-71.920087,Refugios Ecológicos Residencias Verdes Mejía (acceso restringido),2025-12-28 17:22,79,3
L492610,PE,PE-MDD,,-11.3958817,-69.5350027,Región Oceanía,2025-07-24 05:41,498,47
L4820432,PE,PE-CUS,,-13.5071555,-72.4996725,Reposo del Angel,2026-08-29 07:46,64,20
L16604447,PE,PE-AYA,,-13.440885,-74.3307945,Represa Cuchoquesera,2021-10-09 15:30,15,2
L2221744,PE,PE-LAM,,-6.3908775,-79.7564507,Represa La Viña,2026-06-22 14:22,120,80
L39478286,PE,PE-APU,,-13.5915671,-73.619083,Represa Llatanaco - Ranracancha,2025-01-03 15:20,6,1
L20937038,PE,PE-AYA,,-14.6505617,-74.091214,Represa Pachaya,2023-11-27 15:08,21,4
L2922306,PE,PE-CAJ,,-7.2303363,-79.1640472,Represa de Gallito Ciego,2026-09-11 12:02,90,80
L3241798,PE,PE-PIU,,-4.6742148,-80.5070875,Represa de Poechos,2024-06-29 13:21,96,22
L14875001,PE,PE-PIU,,-4.6987575,-80.1895154,Represa de San Lorenzo,2024-01-29 08:13,46,3
L4596582,PE,PE-LIM,,-12.0883387,-77.0410466,Reserva Ambiental Parque Mariscal Ramón Castilla,2026-08-20 17:22,43,249
L3637689,PE,PE-SAM,,-5.6815437,-77.6363254,Reserva Arena Blanca,2026-09-23 08:35,553,1595
L14851662,PE,PE-UCA,,-10.1587,-71.262183,Reserva Communal Purús--Puesto de Vigilancia y Control Santo Tomas,2026-08-16 07:07,106,4
L11421855,PE,PE-LOR,,-0.644109,-75.218499,Reserva Comunal Airo Pai,2026-05-21 15:55,93,9
L19266800,PE,PE-PAS,,-9.4548138,-74.6799113,Reserva Comunal El Sira,2021-05-17 07:00,1,0
L5453145,PE,PE-UCA,,-9.9450955,-74.2161334,Reserva Comunal El Sira,2017-02-14 06:00,20,0
L65872894,PE,PE-LOR,,-0.29992,-74.94006,Reserva Comunal Huimeki--Quebrada Aguas Negras,2026-05-09 12:00,37,6
L5842686,PE,PE-AMA,,-4.345491,-77.981039,Reserva Comunal Tuntanain,2025-05-10 14:00,81,10
L6311294,PE,PE-UCA,,-8.9218521,-75.6427896,Reserva Comunal para Conservación Yamino,2026-07-30 10:36,178,28
L4575582,PE,PE-CUS,,-12.9146236,-71.4681924,Reserva Ecologica Guadalupe,2026-07-23 00:00,433,537
L9060485,PE,PE-CUS,,-12.9148491,-71.4683551,Reserva Ecologica Guadalupe--Lodge,2026-07-22 17:20,353,228
L5259221,PE,PE-PUN,,-14.8872089,-70.5902481,Reserva Ecologica La Moya,2026-05-10 13:07,55,33
L1326622,PE,PE-MDD,,-12.5243345,-68.9778328,Reserva Ecologica Taricaya,2026-09-17 10:05,384,148
L3837111,PE,PE-MDD,,-12.5237312,-71.1786175,Reserva Ecológica Bonanza,2026-09-23 19:45,420,104
L75759689,PE,PE-SAM,,-5.946,-77.208,Reserva Ecológica Lloros - Yuracyacu,2026-08-16 07:20,56,2
L65634560,PE,PE-SAM,,-5.7125414,-77.4672168,Reserva Ecológica Pumpushak,2026-09-10 10:43,68,3
L6204438,PE,PE-SAM,,-5.979372,-77.1997436,Reserva Ecológica Santa Elena,2026-09-17 09:21,313,187
L4796565,PE,PE-SAM,,-5.91531,-77.11507,Reserva Ecológica Tingana,2026-06-26 07:10,340,168
L2668478,PE,PE-LOR,,-3.3341667,-72.3016667,Reserva Forestal Sabalillo,2014-11-23 00:00,153,7
L4544573,PE,PE-AMA,,-5.8576587,-77.9847295,Reserva Huembo,2026-09-17 06:17,393,1081
L12140173,PE,PE-SAM,,-6.0309117,-77.0390083,Reserva Ikam Expeditions,2026-09-17 08:13,354,722
L13088305,PE,PE-CUS,,-12.9952864,-71.4560854,Reserva Manakin,2025-08-13 09:11,189,7
L65871855,PE,PE-PUN,,-15.7083127,-69.9916747,Reserva Nacional Titcaca--Allan Mocco,2026-05-09 11:35,18,2
L40021428,PE,PE-PUN,,-15.6404045,-69.8924637,Reserva Nacional Titcaca--Canal Lipsomayo,2025-02-05 10:55,2,2
L65869599,PE,PE-PUN,,-15.6476646,-69.9059402,Reserva Nacional Titcaca--Faon,2026-05-09 09:00,11,2
L8273146,PE,PE-PUN,,-15.6892101,-69.9596742,Reserva Nacional Titcaca--Puesto de Vigilancia y Control Carata Mocco,2025-07-07 10:53,37,11
L65870382,PE,PE-PUN,,-15.6728385,-69.9035809,Reserva Nacional Titcaca--Yasin,2026-05-09 09:50,12,2
L64584266,PE,PE-PAS,,-10.0773463,-75.4827592,Reserva Natural Randolf -Seso,2026-09-19 10:53,145,21
L3634313,PE,PE-LIM,,-12.2528738,-75.8114898,Reserva Paisajistica Nor Yauyos-Cochas--Laguna Piquecocha,2026-05-09 07:45,67,29
L2759317,PE,PE-LIM,,-12.3108212,-75.8399105,Reserva Paisajistica Nor Yauyos-Cochas--Piños,2014-03-07 08:00,2,1
L28556649,PE,PE-SAM,,-6.0598531,-76.9944611,Reserva Privada La Chakra
L5058853,PE,PE-CUS,,-13.5209202,-71.8953225,Reserva Privada Santa Maria,2026-04-26 07:47,80,113
L6226187,PE,PE-AMA,,-5.8558647,-77.9838753,Reserva Privada Santos Montenegro (acceso restringido),2026-07-27 08:24,161,134
L16173584,PE,PE-MDD,,-12.3275502,-70.8937454,Reserva Privada Tambo Blanquillo,2022-10-25 12:00,184,11
L1755368,PE,PE-MDD,,-12.8769485,-69.4097114,Reserva Refugio Amazonas,2026-09-06 16:04,388,187
L3637825,PE,PE-SAM,,-6.0377123,-77.1248817,Reserva Tangumi,2026-09-22 11:03,178,40
L30241477,PE,PE-LOR,,-4.1190669,-70.0530338,Reserva Turistica Irapay,2025-09-28 09:01,31,7
L1908388,PE,PE-LOR,,-3.828593,-73.3223361,Reserva de Quistococha,2026-06-06 11:24,295,98
L61983822,PE,PE-LAM,,-6.6905004,-79.8424992,Reservorio El Capote,2026-06-01 10:20,73,3
L32415634,PE,PE-LIM,,-10.832585,-77.662146,Reservorio El Molino,2026-05-09 10:47,73,62
L3937979,PE,PE-LIM,,-11.9051014,-76.6658512,Restaurant Hotel Turístico El Tinajón,2026-09-25 21:45,46,40
L37333651,PE,PE-SAM,,-8.1168334,-76.6018564,Restaurante El Bambu,2025-10-11 08:13,18,5
L20782811,PE,PE-PAS,,-10.5041574,-75.0549282,Restaurante La Cumbre,2026-01-29 11:44,93,7
L8916833,PE,PE-CUS,,-13.8511038,-71.5322114,Restaurante La Montana de Colores,2026-05-30 15:11,42,6
L2252950,PE,PE-LIM,,-12.131235,-77.036104,Restaurante La Rosa Náutica,2026-09-27 15:29,68,314
L16933520,PE,PE-HUC,,-9.3696767,-75.0351777,Restaurante Las Brisas,2022-11-17 09:04,16,3
L7828514,PE,PE-CUS,,-13.2873296,-72.1540802,Restaurante Tunupa,2026-09-01 15:28,66,52
L17688002,PE,PE-JUN,,-10.9596465,-75.2923536,Restaurante Turístico Mishaja,2026-05-13 13:06,38,13
L45992154,PE,PE-AMA,,-6.1022183,-77.8914165,Restaurante la Cabana,2026-09-21 15:14,39,34
L40654824,PE,PE-LIM,,-12.0933941,-76.7722938,Restaurante y Hospedaje II Imperio,2025-02-22 09:54,7,2
L9221308,PE,PE-TAC,,-17.4599093,-70.0406474,Reten de Ticalaco,2025-06-01 12:19,14,3
L34340678,PE,PE-UCA,,-8.2879733,-74.8730556,Rio Aguayita--Nueva Requena,2024-08-10 17:17,33,3
L1004839,PE,PE-MDD,,-12.5749,-71.2,Rio Alto Madre de Dios--Amazonia Lodge a Boca Manú,2026-09-22 22:08,449,210
L7791550,PE,PE-MDD,,-12.5112498,-70.5670077,Rio Alto Madre de Dios--Manu Wildlife Center a Boca Colorado,2026-08-24 10:00,392,101
L887718,PE,PE-LOR,,-3.4497494,-72.7161026,Rio Amazonas y Rio Napo--Explorama a ExplorNapo,2026-08-16 13:00,469,107
L9981853,PE,PE-LOR,,-4.4056322,-73.427047,Rio Amazonas--Cabecera,2026-08-25 09:00,154,93
L4636462,PE,PE-LOR,,-3.7066099,-73.2325927,Rio Amazonas--Iquitos,2026-08-30 08:51,347,182
L11171797,PE,PE-LOR,,-3.5036659,-72.870225,Rio Amazonas--Lagnuas Casares,2017-05-31 00:00,98,20
L4377411,PE,PE-LOR,,-4.528846,-73.593771,Rio Amazonas--Rio Gasparin,2026-06-24 06:19,183,25
L11301081,PE,PE-LOR,,-3.4389178,-72.6940693,Rio Amazonas--Rio Manco Capa,2013-12-25 12:00,58,4
L11180913,PE,PE-LOR,,-3.4866152,-72.8045858,Rio Amazonas--Rio Maniti,2026-05-24 08:40,99,9
L4377407,PE,PE-LOR,,-4.579507,-73.726936,Rio Amazonas--Rio Nauta,2026-06-23 05:54,294,94
L4377414,PE,PE-LOR,,-4.1644598,-73.1825441,Rio Amazonas--Rio Tahuayo,2026-09-21 09:39,363,251
L4376904,PE,PE-LOR,,-4.353076,-73.408572,Rio Amazonas--Rio Yarapa,2026-06-18 08:36,266,118
L845131,PE,PE-ARE,,-16.629037,-72.7621078,Rio Camaná--Desembocadura,2026-06-23 07:01,138,173
L5147917,PE,PE-ARE,,-16.5978652,-72.7407789,Rio Camaná--El Cardo,2026-06-13 15:53,29,3
L9026709,PE,PE-LOR,,-1.724469,-73.515346,Rio Campuya--Desembocadura,2019-02-22 08:15,43,0
L881400,PE,PE-LOR,,-4.0750912,-70.142993,Rio Cayarú,2023-05-25 12:55,149,10
L846860,PE,PE-LIM,,-13.129134,-76.3997841,Rio Cañete--Desembocadura,2026-09-17 09:31,123,56
L7490018,PE,PE-CAJ,,-6.8582236,-78.1427514,Rio Chico--Distrito de Celendìn,2026-08-05 13:05,21,6
L4782750,PE,PE-ARE,,-16.4508616,-71.6037261,Rio Chili--Distrito de Socabaya,2026-09-20 07:16,29,4
L6099537,PE,PE-ARE,,-16.3253597,-71.5277499,Rio Chili--Santuario de Chapi,2026-09-07 15:25,58,47
L877864,PE,PE-PIU,,-4.9020305,-81.1451912,Rio Chira--Desembocadura,2021-01-28 10:27,97,11
L6451346,PE,PE-PIU,,-4.893804,-81.1465168,Rio Chira--Estuario,2024-05-25 11:11,116,14
L877363,PE,PE-PIU,,-4.88928,-81.14792,Rio Chira--Manglares,2024-05-25 09:37,35,8
L493415,PE,PE-CAJ,,-7.0997833,-78.41945,Rio Chonta (Valqui F1.1),2026-09-24 13:53,190,277
L5091973,PE,PE-CAJ,,-7.1207587,-78.4583366,Rio Chonta--Otuzco,2026-08-19 10:28,84,26
L44652887,PE,PE-JUN,,-12.0628909,-75.2445726,Rio Cunas--Huamancaca Chico,2025-05-10 12:10,1,0
L7368601,PE,PE-ICA,,-14.9946645,-75.4539192,Rio Grande--Desembocadura,2026-05-09 05:50,65,31
L24386382,PE,PE-MDD,,-12.6715106,-68.7293172,Rio Heath--Collpa,2025-05-10 14:00,58,7
L7791643,PE,PE-MDD,,-12.5639473,-68.6950938,Rio Heath--Rio Madre de Dios a Heath River Wildlife Center,2025-12-18 08:25,101,7
L57385774,PE,PE-CUS,,-13.5404226,-71.8695557,Rio Huaccoto--San Jeronimo,2026-07-23 16:00,5,2
L2271355,PE,PE-LOR,,-5.3918046,-75.8084106,Rio Huallaga (Dept. Loreto),2026-08-22 15:36,48,24
L976324,PE,PE-SAM,,-6.76351,-76.3001,Rio Huallaga--Mirador,2026-08-11 17:58,141,86
L58719806,PE,PE-LOR,,-5.7635758,-76.1270974,Rio Huallaga--Oromina,2026-07-22 00:00,2,0
L982966,PE,PE-SAM,,-6.7238889,-76.2908333,Rio Huallaga--Puerto Lopez,2026-07-28 08:10,141,47
L11336004,PE,PE-SAM,,-6.5839275,-76.2808448,Rio Huallaga--Rio Mayo,2026-09-15 07:00,193,74
L9160541,PE,PE-ICA,,-14.3452737,-75.6882528,Rio Ica--Ocucaje,2026-07-10 14:43,32,6
L5833232,PE,PE-MOQ,,-17.6217116,-71.3419157,Rio Ilo/Osmore--Desembocadura,2026-07-28 10:58,65,49
L3850601,PE,PE-ICA,,-13.9246848,-75.6789458,Rio Inca--Carretera 1S,2026-09-11 13:07,56,7
L874518,PE,PE-LOR,,-4.316052,-70.209363,Rio Javarí--Pobre Alegre (Peru),2026-03-14 14:36,272,26
L8571988,PE,PE-LOR,,-4.2799932,-70.2753712,Rio Javarí--enfrente de RN Palmiri,2026-04-15 05:51,210,22
L859237,PE,PE-LAL,,-7.3366738,-79.5890164,Rio Jequetepeque--Desembocadura,2026-09-26 16:38,105,48
L1004840,PE,PE-MDD,,-12.27625,-70.80802,Rio Madre de Dios--Boca Manú a Manú Wildlife Center,2026-06-11 15:34,501,207
L4916396,PE,PE-MDD,,-12.7169716,-69.5908044,Rio Madre de Dios--Laberinto,2026-09-05 14:00,203,56
L1004848,PE,PE-MDD,,-12.5357861,-70.4947384,Rio Madre de Dios--Manú Wildlife Center a Laberinto,2026-07-08 10:33,458,100
L1004843,PE,PE-MDD,,-12.39647,-70.7017,Rio Madre de Dios--Manú Wildlife Center a Tambo Blanquillo Lodge,2026-09-13 11:26,358,289
L7791165,PE,PE-MDD,,-12.1633469,-71.0665364,Rio Manu--Manu Tented Camp a Limonal Ranger Station,2026-09-11 05:58,176,25
L7789211,PE,PE-MDD,,-12.0808458,-71.1329199,Rio Manu--Romero Rainforest Lodge a Manu Tented Camp,2026-09-04 08:27,249,35
L2271505,PE,PE-LOR,,-4.8241545,-76.7628479,Rio Maranon (Dept. Loreto),2026-06-24 20:45,39,20
L9677100,PE,PE-LOR,,-4.5616786,-73.6460981,Rio Marañon--Fundo Casual,2026-06-23 15:11,319,177
L2237785,PE,PE-AMA,,-6.8500777,-78.023808,Rio Marañón--Balsas (Dept. Amazonas),2026-09-05 11:51,129,83
L2237773,PE,PE-CAJ,,-6.8483733,-78.0318761,Rio Marañón--Balsas (Dept. Cajamarca),2026-08-18 14:30,155,110
L5044227,PE,PE-AMA,,-6.8447142,-78.0299945,Rio Marañón--Puente Chacanto,2026-09-11 06:25,109,73
L8728533,PE,PE-LOR,,-4.56406,-73.671069,Rio Marañón--Quebrada Lucerna,2026-03-31 09:16,197,94
L4377402,PE,PE-LOR,,-4.5584577,-73.5920048,Rio Marañón--Rio Lupunillo,2026-07-24 15:32,228,50
L2215125,PE,PE-LOR,,-3.6691548,-73.2943439,Rio Momon--Vecindad Iquitos,2026-08-22 14:44,221,45
L10269101,PE,PE-MOQ,,-17.1889485,-70.9628957,Rio Moquegua--Monte Ribereño,2023-08-04 07:22,40,8
L2273560,PE,PE-LOR,,-3.8931647,-77.2812653,Rio Morona,2014-02-25 14:30,28,10
L1313704,PE,PE-LOR,,-3.2773328,-72.9248428,Rio Napo--Vecindad ExplorNapo,2026-09-20 10:42,410,300
L21891949,PE,PE-CUS,,-12.1052318,-73.0416641,Rio Parotori--Playa Camana,2022-10-25 09:00,6,1
L2271509,PE,PE-LOR,,-4.8242913,-76.4360046,Rio Pastaza,2025-12-29 15:50,96,12
L846823,PE,PE-LIM,,-10.7352479,-77.7926445,Rio Patilvilca--Desembocadura,2025-01-25 13:31,70,14
L845132,PE,PE-ARE,,-16.4505324,-73.1111598,Rio Pedregal--Desembocadura,2025-10-26 14:25,56,15
L878190,PE,PE-PIU,,-5.5901119,-80.8655548,Rio Piura--Desembocadura,2019-01-19 09:40,43,7
L878185,PE,PE-PIU,,-5.5834179,-80.8620726,Rio Piura--Manglares de Chulliyache,2026-07-28 12:28,100,35
L980180,PE,PE-PIU,,-5.5508547,-80.8184767,Rio Piura--Puente Independencia,2026-01-16 11:47,92,41
L31454938,PE,PE-PIU,,-4.9374008,-80.343021,Rio Piura--Tambo Grande,2025-07-18 08:52,75,6
L845127,PE,PE-ARE,,-16.7238375,-72.4212742,Rio Quilca--Desembocadura,2025-05-10 15:01,84,40
L4759818,PE,PE-ANC,,-9.523306,-77.5285971,Rio Quilcay--Puente Centenario,2026-03-02 13:24,18,12
L4449998,PE,PE-LIM,,-12.0255116,-76.9663739,Rio Rimac--Autopista Ramiro Priale,2026-09-25 06:25,26,7
L7432827,PE,PE-ANC,,-9.0533145,-77.8193405,Rio Santa--Caraz,2024-07-07 09:00,37,12
L11151238,PE,PE-LOR,,-3.2628548,-72.9175811,Rio Sucusari--ExplorNapo Lodge a Rio Napo,2026-09-23 06:09,407,142
L29544896,PE,PE-LOR,,-4.3299954,-73.2102912,Rio Tahuayo--Arroyo Blanco,2026-08-07 16:24,218,46
L29529946,PE,PE-LOR,,-4.3408123,-73.2486119,Rio Tahuayo--Arroyo Palmichal,2026-05-08 15:57,109,14
L786237,PE,PE-LOR,,-4.3351997,-73.2410431,Rio Tahuayo--Superior,2026-09-23 21:40,352,140
L10090674,PE,PE-JUN,,-11.2681618,-73.7028287,Rio Tambo--Comunidad Nativa Cheni,2025-12-16 10:25,12,2
L2812215,PE,PE-MDD,,-12.7986532,-69.2999929,Rio Tambopata--Bird Blind,2026-08-28 12:14,143,37
L29955291,PE,PE-MDD,,-12.9879319,-69.5082969,Rio Tambopata--Bird Hide,2026-09-02 06:45,163,67
L890609,PE,PE-MDD,,-12.8338169,-69.2969511,Rio Tambopata--a través de Explorer's Inn,2026-05-11 13:24,378,48
L31630559,PE,PE-UCA,,-8.4070606,-74.5249368,Rio Ucayali--Caño de Chanajao,2026-05-30 16:57,112,17
L4377397,PE,PE-LOR,,-5.0411004,-74.073236,Rio Ucayali--Lago El Dorado,2026-09-17 15:10,317,302
L36367345,PE,PE-UCA,,-8.4030295,-74.4478709,Rio Ucayali--Playas del Sector Manantay-Masisea,2024-09-04 08:10,35,1
L4061151,PE,PE-UCA,,-8.3870019,-74.5281172,Rio Ucayali--Pucallpa,2026-08-19 10:14,133,65
L4377395,PE,PE-LOR,,-4.9009695,-73.7851667,Rio Ucayali--Rio Yanallpa,2026-09-17 06:47,397,440
L10681049,PE,PE-LOR,,-4.531681,-73.44512,Rio Ucayali--Rio Yarapa,2026-09-19 09:43,375,382
L10890119,PE,PE-CUS,,-13.4236972,-71.8496236,Rio Urubamba--Pisac,2026-09-22 15:32,105,69
L26203842,PE,PE-CUS,,-12.1846378,-72.845057,Rio Urubamba--Saringabeni,2026-05-25 03:40,66,9
L6099618,PE,PE-CUS,,-13.2793149,-72.2255051,Rio Vilcanota--Pachar,2026-09-27 10:48,103,105
L17404042,PE,PE-JUN,,-11.7655403,-75.4849535,Rio Yacus--Avenida Clodoaldo Espinoza Bravo,2022-01-01 11:30,5,1
L8877844,PE,PE-LOR,,-4.6501001,-73.790516,Rio Yanayacu--Desembocadura,2026-09-06 06:00,330,182
L4415928,PE,PE-LOR,,-4.4688064,-73.4074637,Rio Yarapa,2026-09-14 07:04,388,193
L846869,PE,PE-ARE,,-15.7000446,-74.5358849,Rio Yauca--Desembocadura,2024-11-09 08:08,26,4
L7362234,PE,PE-PIU,,-4.8930641,-80.6974339,Rivera del Río Chira,2025-12-20 10:24,114,27
L1776377,PE,PE-MDD,,-12.2234948,-70.9803915,Romero Rainforest Lodge,2026-08-23 15:41,369,49
L56294580,PE,PE-TUM,,-3.9689391,-80.9669457,Royal Decameron Punta Sal,2026-07-04 18:09,44,9
L9202821,PE,PE-LAL,,-8.1055427,-79.0746546,Ruinas de Chan Chan,2026-08-02 11:47,68,52
L71907953,PE,PE-CUS,,-13.473143,-72.539209,Ruinas de Choquechurco,2026-06-29 11:00,8,1
L18777817,PE,PE-AYA,,-13.1802997,-73.6018463,Rumichaca (pueblo),2026-05-25 05:55,94,23
L492964,PE,PE-APU,,-13.67755,-72.7950333,Runtacocha--Polylepis,2026-02-28 08:04,93,30
L2479635,PE,PE-APU,,-13.7010296,-72.7621078,Runtacocha--Puna,2013-12-21 07:30,35,5
L27791190,PE,PE-LIM,,-11.8422573,-76.6296796,Rustica Hoteles Santa Eulalia,2026-09-09 14:43,52,23
L31786643,PE,PE-SAM,,-6.843548,-76.053258,Ruta Chimbadillo,2026-05-09 08:00,37,7
L24753979,PE,PE-CAJ,,-6.8757729,-78.1135296,Ruta Gelij--Bosque Seco,2026-09-23 14:18,98,41
L13317042,PE,PE-CAJ,,-6.8696481,-78.0830425,Ruta Jelig--Puente Chacanto,2026-09-26 16:56,113,62
L37125541,PE,PE-CAJ,,-5.8986307,-78.990519,Ruta Las Collpas--Altamisa,2022-02-17 09:25,3,1
L31724627,PE,PE-JUN,,-10.9831826,-75.4314366,Ruta Ninabamba--Zona de Amortiguamiento del Santuario Nacional Pampa Hermosa,2026-09-23 07:46,82,31
L4215992,PE,PE-CAJ,,-6.8056593,-78.171711,Ruta Pallac,2026-09-05 05:00,122,53
L4294165,PE,PE-CAJ,,-6.7740394,-78.1969452,Ruta Pallac--Llanguat,2026-08-30 05:39,117,17
L20665110,PE,PE-CUS,,-12.909434,-71.397525,Ruta Queros,2026-08-28 06:12,227,80
L6472955,PE,PE-HUC,,-9.7231944,-75.4132247,Ruta San Cristobal,2017-10-15 08:00,14,1
L38211154,PE,PE-LIM,,-12.1189128,-75.6435826,Ruta Singua,2024-11-22 10:15,1,1
L24326825,PE,PE-SAM,,-5.6502922,-77.6968872,Ruta Venceremos,2026-05-09 06:00,135,8
L31704441,PE,PE-CAJ,,-6.857106,-78.3021323,Ruta Victoria y Santa Rosa,2024-05-11 08:00,45,1
L31287923,PE,PE-JUN,,-11.1600535,-75.33762,Ruta a Catarata La Encantada,2024-05-04 16:30,46,3
L52832999,PE,PE-AMA,,-6.0491774,-77.8890535,Ruta a Gocta,2026-09-12 07:25,143,51
L27653533,PE,PE-LIM,,-12.1218733,-75.6817489,Ruta de Singua,2023-10-22 16:04,1,1
L21088447,PE,PE-ARE,,-16.36021,-71.6068986,Ruta del Sillar,2026-07-16 15:24,23,8
L17770842,PE,PE-ARE,,-15.65681,-74.64051,Río Acarí--Desembocadura,2026-05-09 11:57,54,36
L44598111,PE,PE-ARE,,-15.62844,-74.6364217,Río Acarí--Puente Chaviña,2026-05-09 07:11,28,12
L4890252,PE,PE-CAJ,,-7.2466145,-78.36979,Río Cajamarquino--Camino San Nicolas a Jesús,2026-07-25 08:03,65,43
L13512580,PE,PE-LAM,,-6.91046,-79.88884,Río Chancay--Desembocadura,2026-08-01 11:57,133,109
L36449283,PE,PE-LAM,,-6.8998683,-79.8707097,Río Chancay--Puente Ciudad Eten,2026-09-17 08:55,96,27
L14406792,PE,PE-JUN,,-12.1159017,-75.2297509,Río Chanchas--Desembocadura,2022-04-25 16:00,36,7
L12674513,PE,PE-LIM,,-11.9233496,-77.0767629,Río Chillón--Puente Bethania,2026-08-16 09:58,42,10
L4841795,PE,PE-CAJ,,-7.1638273,-78.4664094,Río Chonta--Baños del Inca,2026-09-06 06:57,78,37
L21879673,PE,PE-PAS,,-10.5970628,-75.4148058,Río Chontabamba--Oxapampa a Chontabamba,2026-05-13 13:06,28,1
L7622638,PE,PE-PAS,,-10.5813515,-75.4077315,Río Chorobamba--Oxapampa,2026-06-28 11:00,111,46
L8537268,PE,PE-CUS,,-13.3256263,-71.959091,Río Cochoq--Desembocadura,2026-05-16 16:46,69,23
L3460302,PE,PE-MDD,,-12.6926417,-68.7384276,Río Heath--Colpa de Guacamayos,2025-12-18 08:24,347,31
L7811597,PE,PE-MDD,,-12.7009867,-68.7325615,Río Heath--Colpa de Guacamayos a Río Moa,2025-10-11 13:40,63,7
L7811584,PE,PE-MDD,,-12.6870444,-68.7200855,Río Heath--Inkanatura a Colpa de Guacamayos,2018-08-05 05:30,4,2
L21180828,PE,PE-MDD,,-12.7110828,-68.7368075,Río Heath--PNac Bahuaja Sonene,2024-06-20 16:06,104,4
L21163994,PE,PE-MDD,,-12.6602545,-68.7371979,Río Heath--San Antonio,2022-10-08 06:40,66,2
L21775666,PE,PE-LOR,,-5.7127548,-76.0163724,Río Huallaga--Providencia,2026-09-12 17:30,56,7
L21062494,PE,PE-SAM,,-7.2141792,-76.9971707,Río Huayabamba--Los Llanos,2022-11-27 17:00,6,0
L20666156,PE,PE-SAM,,-7.3065558,-76.9266196,Río Huayabamba--Mojarras,2024-09-16 13:17,57,4
L21137186,PE,PE-SAM,,-7.1912701,-77.0460275,Río Huayabamba--Río Jelache,2024-09-22 11:28,48,4
L21281366,PE,PE-SAM,,-7.2067903,-77.0056006,Río Huayabamba--Sanambo,2022-11-26 14:17,20,1
L10953427,PE,PE-HUV,,-12.7843394,-74.9748448,Río Ichu--Huancavelica,2026-09-01 07:51,48,64
L21180683,PE,PE-PUN,,-13.970082,-69.3057743,Río Inambari--Cuchini,2022-10-08 05:00,33,1
L3645275,PE,PE-ANC,,-9.9630473,-77.6368149,Río Kewac--Carretera Cochapeti-Malvas,2014-05-12 11:00,1,1
L2737506,PE,PE-LOR,,-0.4566144,-75.3420067,Río Lagartococha--Varadero Aguas Negras,2026-05-09 07:29,69,6
L2985958,PE,PE-LIM,,-12.2710201,-76.9018614,Río Lurín--Desembocadura,2026-09-20 15:00,129,476
L41344388,PE,PE-LIM,,-12.265841,-76.898017,Río Lurín--Tramo final,2026-09-23 16:08,87,121
L7842940,PE,PE-MDD,,-12.5625641,-69.1663623,Río Madre de Dios--Sector Puerto Capitanía a Collpa Cachuela,2026-05-09 16:00,132,20
L26809079,PE,PE-ARE,,-16.2231628,-72.4589665,Río Majes--Corire,2026-08-08 12:40,32,6
L7887788,PE,PE-LIM,,-12.6768148,-76.6587718,Río Mala--Desembocadura,2026-05-10 08:13,97,44
L4377403,PE,PE-LOR,,-4.6452282,-73.7861109,Río Marañón--Canal Pocate,2026-03-09 17:03,202,29
L10769631,PE,PE-APU,,-13.6399897,-72.8765549,Río Mariño--Abancay,2026-02-08 06:39,60,61
L846864,PE,PE-ICA,,-13.526767,-76.1860657,Río Matagente--Desembocadura,2026-01-06 11:08,93,23
L35332366,PE,PE-HUC,,-8.7811368,-74.7103074,Río Pachitea--Honoria,2025-08-10 10:08,29,7
L846867,PE,PE-ICA,,-13.6802316,-76.2177801,Río Pisco--Desembocadura,2026-04-25 14:00,162,115
L58123299,PE,PE-TUM,,-4.1033765,-81.02926,Río Piura--Máncora,2026-07-22 06:29,40,1
L5924251,PE,PE-PIU,,-5.2242462,-80.6456011,Río Piura--Sector Galilea,2026-07-24 07:21,41,4
L19065974,PE,PE-LOR,,-1.8239723,-73.3270474,Río Putumayo--Puerto Arturo,2022-04-16 08:00,30,3
L11934605,PE,PE-LIM,,-11.9771747,-76.7848206,Río Rimac--Puente Móron,2026-07-31 07:51,59,35
L846258,PE,PE-TAC,,-18.1633983,-70.672583,Río Sama--Desembocadura,2026-05-09 15:34,112,59
L44941259,PE,PE-TAC,,-17.8426814,-70.5204402,Río Sama--Vía Panamericana,2025-09-02 10:13,16,2
L36727353,PE,PE-UCA,,-8.8297715,-75.2120508,Río San Alejandro--Puerto San Alejandro,2024-11-01 08:31,25,3
L31802771,PE,PE-HUC,,-8.801811,-74.7103852,Río Shanay-timpishka,2026-03-13 11:24,26,5
L8152703,PE,PE-ARE,,-16.564222,-71.4427041,Río Sogay--Quebrada San Alberto,2026-04-26 08:58,46,13
L3794162,PE,PE-ARE,,-17.1685461,-71.8410562,Río Tambo--Desembocadura,2026-09-08 06:55,117,207
L11153954,PE,PE-PUN,,-14.1147,-69.0467,Río Tambopata--Putina Punco,2025-10-11 05:00,59,3
L17108568,PE,PE-UCA,,-8.2224637,-74.5412473,Río Ucayali--Caserío Tacshitea a Pucallpa,2026-07-23 13:51,27,7
L31667106,PE,PE-UCA,,-8.437855,-74.4941827,Río Ucayali--Caño Pucallpillo,2026-05-24 13:47,100,17
L8457347,PE,PE-LOR,,-4.4507159,-73.4462606,Río Ucayali--Desembocadura,2026-09-19 10:49,216,112
L36387719,PE,PE-UCA,,-8.4968799,-74.3239352,Río Ucayali--Playa de la Comunidad Nativa Santa Elisa,2024-09-06 12:04,20,3
L36387800,PE,PE-UCA,,-8.5414483,-74.3340904,Río Ucayali--Playas cerca a Santa Rosa de Masisea,2024-09-06 13:58,12,2
L13018822,PE,PE-LOR,,-7.832,-74.842,Río Ucayali--Pucallpa a Contamana
L36387571,PE,PE-UCA,,-8.5009928,-74.3763369,Río Ucayali--Río Abujao,2024-09-06 10:04,17,1
L39364787,PE,PE-TAC,,-17.577505,-69.611845,Río Uchusuma--Cauce,2025-01-30 10:58,2,4
L853890,PE,PE-LAM,,-7.0848842,-79.7174835,Río Zaña--Desembocadura,2025-01-12 11:08,138,59
L6830189,PE,PE-LOR,,-4.1767653,-73.4682798,SFS Center for Amazon Studies,2026-06-13 10:07,136,16
L2419119,PE,PE-ARE,,-17.13705,-71.8709,SN Lagunas de Mejía (Área General),2026-09-21 10:13,184,1251
L846131,PE,PE-ARE,,-17.1624722,-71.8495556,SN Lagunas de Mejía--Laguna Boquerón,2026-05-17 12:11,104,202
L29767777,PE,PE-ARE,,-17.1422264,-71.8694409,SN Lagunas de Mejía--Laguna Iberia (Centro),2026-08-29 11:33,36,18
L26359809,PE,PE-ARE,,-17.13584,-71.87527,SN Lagunas de Mejía--Laguna Iberia (Norte),2026-07-29 12:49,69,58
L845984,PE,PE-ARE,,-17.14848,-71.86238,SN Lagunas de Mejía--Laguna Iberia (Sur),2026-07-24 10:32,128,123
L4175943,PE,PE-ARE,,-17.13222,-71.87913,SN Lagunas de Mejía--Laguna Mejía,2026-08-29 16:40,125,234
L8234313,PE,PE-ARE,,-17.1639525,-71.8437649,SN Lagunas de Mejía--Monte Ribereño,2026-05-09 07:06,97,92
L846172,PE,PE-ARE,,-17.1335278,-71.8845556,SN Lagunas de Mejía--Playa,2026-09-08 07:26,78,83
L29766264,PE,PE-ARE,,-17.1289909,-71.879069,SN Lagunas de Mejía--Puesto de Control,2026-09-21 10:13,58,11
L75995325,PE,PE-ARE,,-17.1268858,-71.8842044,SN Lagunas de Mejía--Salicornial,2023-10-14 10:54,5,1
L44829262,PE,PE-ARE,,-17.140643,-71.8675772,SN Lagunas de Mejía--Sector Cochas,2025-05-10 05:03,35,4
L3342013,PE,PE-MDD,,-12.8561551,-69.3614101,Sachavacayoc Amazon Field Centre,2026-09-17 05:56,361,189
L16775774,PE,PE-CUS,,-13.4792093,-71.7955471,Sacred Garden,2026-09-26 14:35,146,1565
L8556863,PE,PE-LAL,,-8.2162602,-79.0008183,Salaverry--Pelágico,2023-12-17 07:59,26,3
L9132201,PE,PE-CUS,,-13.2986318,-72.157023,Salineras de Maras,2026-09-16 11:11,78,101
L2521257,PE,PE-MDD,,-12.8360379,-71.3627243,Salvación (pueblo),2026-08-06 12:04,281,157
L6223521,PE,PE-LOR,,-5.2282297,-75.6763601,San Antonio de Las Laguna (pueblo),2026-09-22 00:00,106,15
L19066171,PE,PE-LOR,,-2.4499927,-72.6679685,San Antonio del Estrecho (pueblo),2025-11-08 07:42,43,5
L653897,PE,PE-AYA,,-12.626025,-73.7884283,San Francisco (pueblo),2026-01-20 16:34,110,6
L16517944,PE,PE-LIM,,-11.8959043,-76.4651264,San Jerónimo de Surco,2026-05-24 11:58,2,1
L20711574,PE,PE-LOR,,-4.2849382,-73.4296829,San Joaquin de Omaguas (pueblo),2026-06-25 11:44,202,67
L2305024,PE,PE-PUN,,-14.165083,-69.2996622,San Jose (Valqui 7.2),2024-01-23 12:30,74,7
L4321153,PE,PE-CAJ,,-7.2910117,-78.4965849,San Juan (pueblo),2025-08-01 08:00,51,9
L2271455,PE,PE-LOR,,-4.8285805,-76.5519297,San Lorenzo (pueblo),2026-05-29 10:32,327,92
L976503,PE,PE-CAJ,,-7.3346818,-78.170557,San Marcos (pueblo),2026-08-20 09:45,140,97
L1348543,PE,PE-LIM,,-11.7594786,-76.3007247,San Mateo (pueblo),2026-04-19 14:18,59,21
L2504752,PE,PE-LIM,,-11.7675452,-76.2997055,San Mateo-- Jiron Ayacucho,2026-06-29 08:06,90,35
L4639262,PE,PE-LOR,,-3.7539979,-73.339052,San Pedro Lodge,2025-03-26 07:43,96,6
L957489,PE,PE-LIM,,-11.7590752,-76.5960789,San Pedro de Casta (pueblo),2026-08-10 13:39,74,56
L602223,PE,PE-LIM,,-12.2853065,-76.8808866,San Pedro--Campos (Valqui C4.2),2026-08-27 10:26,97,41
L2305015,PE,PE-PUN,,-14.3192223,-69.4642511,Sandia (Valqui 7.1),2026-08-23 07:01,87,23
L3618106,PE,PE-MDD,,-12.6061403,-69.0324447,Sandoval Lake Lodge,2026-08-30 05:11,492,311
L3638985,PE,PE-LOR,,-3.6037122,-73.1325316,Santa María de Fátimam (pueblo),2026-09-12 16:06,205,33
L4584455,PE,PE-LIM,,-11.6659408,-76.7886333,Santa Rosa de Quives Country Club,2025-03-18 08:10,29,7
L3132183,PE,PE-SAM,,-7.7380381,-76.6631126,Santa Rosa de la Cumbre,2025-10-11 16:32,78,9
L3807192,PE,PE-LIM,,-12.2600618,-76.9022155,Santuario Arqueológico de Pachacamac,2026-09-12 07:41,61,69
L5824781,PE,PE-PUN,,-16.2893298,-68.8733339,Santuario De Vicuñas Yuspiki,2016-08-07 00:00,18,1
L760816,PE,PE-LAM,,-6.4840989,-79.7708273,Santuario Historico Bosque de Pómac,2026-09-27 15:50,215,1577
L511240,PE,PE-LAM,,-6.4667865,-79.7799683,Santuario Historico Bosque de Pómac--Batan Grande,2022-04-20 08:00,120,38
L4602380,PE,PE-LAM,,-6.4871424,-79.753114,Santuario Historico Bosque de Pómac--Centro de Intepretación,2026-05-23 08:44,100,167
L7321317,PE,PE-LAM,,-6.4906656,-79.7830153,Santuario Historico Bosque de Pómac--Corredor de La Cortarrama,2026-08-16 08:20,86,39
L31167611,PE,PE-LAM,,-6.4765088,-79.7963619,Santuario Historico Bosque de Pómac--Huaca La Merced,2026-06-22 11:34,66,29
L15636389,PE,PE-LAM,,-6.4726411,-79.7911356,Santuario Historico Bosque de Pómac--Huaca Las Ventanas,2026-09-14 09:13,67,32
L6084354,PE,PE-LAM,,-6.4920301,-79.7913945,Santuario Historico Bosque de Pómac--Mirador Salinas,2026-09-27 15:50,108,198
L4841216,PE,PE-LAM,,-6.4784277,-79.7559142,Santuario Historico Bosque de Pómac--Palería,2026-08-16 07:31,78,27
L11416923,PE,PE-LAM,,-6.492002,-79.7784421,Santuario Historico Bosque de Pómac--Ruta Ecuestre,2026-08-03 11:00,82,66
L11417577,PE,PE-LAM,,-6.4845159,-79.7950528,Santuario Historico Bosque de Pómac--Ruta Mirador Las Tizas,2026-03-07 15:23,94,12
L11417749,PE,PE-LAM,,-6.4772146,-79.792907,Santuario Historico Bosque de Pómac--Ruta Río Viejo,2026-08-20 15:09,93,67
L14871716,PE,PE-LAM,,-6.4898441,-79.7932569,Santuario Historico Bosque de Pómac--Ruta de Las Golondrinas,2026-09-14 08:37,77,35
L4611456,PE,PE-LAM,,-6.4875232,-79.7641271,Santuario Historico Bosque de Pómac--Ruta de la Cortarrama,2026-09-26 15:41,126,282
L4090039,PE,PE-CUS,,-13.1743675,-72.5425422,Santuario Historico Machu Picchu,2026-09-27 08:20,458,6430
L14873681,PE,PE-CUS,,-13.1976388,-72.5679635,Santuario Historico Machu Picchu--Ahobamba,2026-06-10 06:56,56,7
L14863790,PE,PE-CUS,,-13.1569456,-72.5192661,Santuario Historico Machu Picchu--Alkamayo,2026-09-18 15:08,115,36
L1004820,PE,PE-CUS,,-13.157235,-72.531781,Santuario Historico Machu Picchu--Avenida Hermanos Ayar,2026-09-24 16:42,275,669
L14889603,PE,PE-CUS,,-13.2600957,-72.4587983,Santuario Historico Machu Picchu--Ayapata,2026-06-29 07:43,113,39
L24092567,PE,PE-CUS,,-13.1517433,-72.5565434,Santuario Historico Machu Picchu--Camino Hidroeléctrica a Aguas Calientes,2026-09-15 10:26,165,79
L1858531,PE,PE-CUS,,-13.1643447,-72.53986,Santuario Historico Machu Picchu--Carretera Hiram Bingham,2026-09-25 09:28,280,405
L14864084,PE,PE-CUS,,-13.19336,-72.53501,Santuario Historico Machu Picchu--Catarata Winay Wayna,2026-08-26 08:30,79,10
L1014805,PE,PE-CUS,,-13.1488222,-72.5391841,Santuario Historico Machu Picchu--Catarata y Jardín Mandor,2026-09-23 09:11,242,224
L14863912,PE,PE-CUS,,-13.1787085,-72.5339253,Santuario Historico Machu Picchu--Cedrobamba,2026-08-28 21:33,47,17
L2311231,PE,PE-CUS,,-13.1748739,-72.5602502,Santuario Historico Machu Picchu--Central Hidroeléctrica Machu Picchu,2026-09-05 08:01,198,114
L756988,PE,PE-CUS,,-13.1572804,-72.5361371,Santuario Historico Machu Picchu--Cerro Putukusi,2026-09-09 05:45,152,47
L2456077,PE,PE-CUS,,-13.186349,-72.5100607,Santuario Historico Machu Picchu--Chachabamba,2026-09-24 08:58,184,192
L33530159,PE,PE-CUS,,-13.415577,-72.5696323,Santuario Historico Machu Picchu--Challacancha a Soraypampa,2026-09-25 09:00,75,33
L4091058,PE,PE-CUS,,-13.2229792,-72.5190581,Santuario Historico Machu Picchu--Chaquicocha,2026-08-05 17:04,147,51
L54218132,PE,PE-CUS,,-13.2490115,-72.4964905,Santuario Historico Machu Picchu--Chaupiwayqo,2026-01-31 11:01,23,3
L2583113,PE,PE-CUS,,-13.1501553,-72.536062,Santuario Historico Machu Picchu--Ferrocarril (Aguas Calientes a Mandor),2026-09-14 08:24,246,299
L1756390,PE,PE-CUS,,-13.1483105,-72.5534416,Santuario Historico Machu Picchu--Ferrocarril (Hidroeléctrica a Aguas Calientes),2026-07-17 12:30,218,112
L1004818,PE,PE-CUS,,-13.2008914,-72.4643183,Santuario Historico Machu Picchu--Ferrocarril (Ollantaytambo a Aguas Calientes),2026-09-19 16:51,229,304
L10816128,PE,PE-CUS,,-13.1556469,-72.546411,Santuario Historico Machu Picchu--Huayna Picchu,2026-09-22 10:10,128,67
L11420072,PE,PE-CUS,,-13.1869146,-72.5409981,Santuario Historico Machu Picchu--Intipata,2026-07-13 08:41,152,61
L4090591,PE,PE-CUS,,-13.230922,-72.4244379,Santuario Historico Machu Picchu--Llaqtapata,2026-09-03 13:41,122,44
L4091004,PE,PE-CUS,,-13.2507649,-72.4713966,Santuario Historico Machu Picchu--Llulluchapampa,2026-07-03 10:40,194,75
L32327771,PE,PE-CUS,,-13.1821756,-72.5695496,Santuario Historico Machu Picchu--Lucmabamba a Aguas Calientes,2026-08-18 15:14,126,24
L1004819,PE,PE-CUS,,-13.163607,-72.546165,Santuario Historico Machu Picchu--Machu Picchu Ruinas (Valqui B3.2),2026-09-25 06:53,346,1595
L7795765,PE,PE-CUS,,-13.1619463,-72.534754,Santuario Historico Machu Picchu--Mariposario de Machupicchu,2026-09-27 08:20,202,273
L2311267,PE,PE-CUS,,-13.34039,-72.66026,Santuario Historico Machu Picchu--Millpo,2024-12-12 00:00,68,8
L3067629,PE,PE-CUS,,-13.1761055,-72.541523,Santuario Historico Machu Picchu--Montaña Machupicchu,2026-07-04 06:13,165,48
L4564704,PE,PE-CUS,,-13.1606705,-72.5391237,Santuario Historico Machu Picchu--Museo Manuel Chavez Ballon,2026-09-07 12:46,141,52
L11419651,PE,PE-CUS,,-13.2063692,-72.3683243,Santuario Historico Machu Picchu--Olmiron,2026-09-07 09:36,63,7
L4091043,PE,PE-CUS,,-13.2339847,-72.4981879,Santuario Historico Machu Picchu--Pakaymayu,2026-08-12 16:06,197,91
L14863636,PE,PE-CUS,,-13.1666829,-72.5251809,Santuario Historico Machu Picchu--Parahuachayoq,2026-09-20 07:26,131,69
L9538573,PE,PE-CUS,,-13.2266608,-72.5051737,Santuario Historico Machu Picchu--Paso Runkuraqay,2026-07-04 11:47,156,38
L24224926,PE,PE-CUS,,-13.2065444,-72.5302362,Santuario Historico Machu Picchu--Phuyupatamarca,2026-09-10 09:09,160,75
L7363337,PE,PE-CUS,,-13.2103095,-72.3841628,Santuario Historico Machu Picchu--Piscacucho,2026-09-08 08:58,174,160
L9768045,PE,PE-CUS,,-13.1611891,-72.5365605,Santuario Historico Machu Picchu--Puente,2026-08-02 15:02,189,98
L8699371,PE,PE-CUS,,-13.1702133,-72.5441828,Santuario Historico Machu Picchu--Puente Inka,2026-08-15 12:46,144,41
L4090937,PE,PE-CUS,,-13.2254702,-72.4366204,Santuario Historico Machu Picchu--Puente Qoriwayrachina,2026-08-25 17:23,104,52
L9324566,PE,PE-CUS,,-13.1749334,-72.5679494,Santuario Historico Machu Picchu--Puente Rio Ahobamba,2026-07-27 17:26,89,30
L11449097,PE,PE-CUS,,-13.1594848,-72.5399557,Santuario Historico Machu Picchu--Puente Ruinas,2026-08-29 10:29,127,48
L9321375,PE,PE-CUS,,-13.1686445,-72.5521949,Santuario Historico Machu Picchu--Puente San Miguel,2026-09-05 09:09,151,52
L6074400,PE,PE-CUS,,-13.160308,-72.5368948,Santuario Historico Machu Picchu--Sendero a Putukusi,2026-09-23 14:30,160,35
L32328741,PE,PE-CUS,,-13.3325892,-72.5970438,Santuario Historico Machu Picchu--Soraypampa a Collpapampa,2026-07-02 08:30,142,15
L11420152,PE,PE-CUS,,-13.179176,-72.5423666,Santuario Historico Machu Picchu--Tambo,2026-04-18 10:38,39,6
L45293658,PE,PE-CUS,,-13.243263,-72.4283738,Santuario Historico Machu Picchu--Tarayoc,2026-05-29 09:20,65,10
L4090971,PE,PE-CUS,,-13.2642676,-72.4470395,Santuario Historico Machu Picchu--Wayllabamba,2026-07-09 07:37,177,169
L35906966,PE,PE-CUS,,-13.1599336,-72.537771,Santuario Historico Machu Picchu--Wayna Pichu Camping,2026-09-11 07:05,88,24
L10304921,PE,PE-CUS,,-13.3293909,-72.6027751,Santuario Historico Machu Picchu--Wayraqmachai,2026-09-26 12:00,62,15
L17995681,PE,PE-CUS,,-13.1822022,-72.5406847,Santuario Historico Machu Picchu--Winay Wana a Puerta del Sol,2026-07-10 13:48,178,35
L2456082,PE,PE-CUS,,-13.1929072,-72.536636,Santuario Historico Machu Picchu--Winay Wayna,2026-09-03 12:00,259,310
L14863470,PE,PE-CUS,,-13.1719194,-72.5415896,Santuario Historico Machupicchu--Torrepata,2026-07-23 14:48,98,19
L59187959,PE,PE-JUN,,-11.2210127,-75.9822764,Santuario Historico de Chacamarca,2026-08-13 14:27,40,3
L21684277,PE,PE-CUS,,-13.1711748,-72.5027275,Santuario Histórico de Machupicchu - Cedrobamba,2026-07-26 16:45,91,33
L11418949,PE,PE-AYA,,-13.0393033,-74.1292191,Santuario Histórico de la Pampa de Ayacucho,2026-09-07 11:55,94,53
L34833386,PE,PE-HUC,,-8.8133799,-74.721471,Santuario Huishtin,2025-03-22 12:00,30,4
L36368770,PE,PE-HUC,,-8.8129867,-74.7270974,Santuario Mayantuyaca,2026-05-17 13:15,27,3
L6319348,PE,PE-AMA,,-5.603764,-78.248217,Santuario Nacional Cordillera de Colán--Bosque Quemado,2017-09-12 06:00,36,3
L6319289,PE,PE-AMA,,-5.631086,-78.256222,Santuario Nacional Cordillera de Colán--Puesto Lechucita Bigotona,2017-09-13 06:00,134,3
L9192962,PE,PE-AMA,,-5.46791,-78.37772,Santuario Nacional Cordillera de Colán--Puesto de Vigilancia y Control Nueva Esperanza,2026-05-09 06:27,156,114
L859256,PE,PE-TUM,,-3.4301467,-80.284996,Santuario Nacional Los Manglares de Tumbes,2026-08-01 12:02,191,232
L854872,PE,PE-TUM,,-3.4348161,-80.2527237,Santuario Nacional Manglares de Tumbes--Isla Matapalo,2026-06-15 10:18,122,40
L40018191,PE,PE-TUM,,-3.4199044,-80.3073205,Santuario Nacional Manglares de Tumbes--Laguna Palmal,2026-05-26 12:18,75,23
L5846226,PE,PE-TUM,,-3.416781,-80.2680016,Santuario Nacional Manglares de Tumbes--Las Torderas,2026-06-15 11:32,29,5
L855145,PE,PE-TUM,,-3.4042505,-80.3089428,Santuario Nacional Manglares de Tumbes--Quebrada La Embedia,2026-02-25 11:28,60,22
L57295187,PE,PE-CUS,,-12.2498804,-72.8227312,Santuario Nacional Megantoni--Captación de Agua Yoyato,2026-09-17 13:28,41,6
L11421731,PE,PE-CUS,,-12.3945646,-72.6293411,Santuario Nacional Megantoni--Huillcapampa,2026-05-09 11:41,195,54
L57547063,PE,PE-CUS,,-12.2482495,-72.8225642,"Santuario Nacional Megantoni--La ""L""",2026-05-23 14:32,21,5
L24711618,PE,PE-CUS,,-12.2398434,-72.8136867,Santuario Nacional Megantoni--Mirador Kapashi,2024-08-28 08:10,19,1
L55737314,PE,PE-CUS,,-12.2366274,-72.8191333,Santuario Nacional Megantoni--Mirador Pequeño,2026-05-16 10:09,40,4
L25847262,PE,PE-CUS,,-12.2302652,-72.81734,Santuario Nacional Megantoni--Mirador Tasorinchi,2025-12-12 06:20,59,6
L24159882,PE,PE-CUS,,-12.2441885,-72.8096676,Santuario Nacional Megantoni--Mirador Tornillo,2025-11-26 08:41,52,5
L14784982,PE,PE-CUS,,-12.2078884,-72.8124585,Santuario Nacional Megantoni--Puesto de Vigilancia y Control Oseroato,2026-09-27 07:37,342,176
L14788242,PE,PE-CUS,,-12.2501465,-72.8242618,Santuario Nacional Megantoni--Puesto de Vigilancia y Control Yoyato,2026-09-18 09:08,231,163
L57444781,PE,PE-CUS,,-12.2455432,-72.8186793,Santuario Nacional Megantoni--Trocha Kapashi,2026-01-20 14:40,12,2
L7373622,PE,PE-JUN,,-11.0195898,-75.4710102,Santuario Nacional Pampa Hermosa,2026-09-23 07:46,233,178
L11440118,PE,PE-JUN,,-10.989548,-75.4255313,Santuario Nacional Pampa Hermosa--El Abuelo,2026-06-28 13:03,130,35
L31628082,PE,PE-JUN,,-10.9996779,-75.4776687,Santuario Nacional Pampa Hermosa--Ruta Pampa Los Cedros,2026-01-18 12:43,45,44
L11440046,PE,PE-JUN,,-11.0400281,-75.5570693,Santuario Nacional Pampa Hermosa--San Pedro de Churco,2026-01-21 08:47,68,58
L7372551,PE,PE-CAJ,,-5.1827347,-79.3106461,Santuario Nacional Tabaconas Namballe,2025-10-11 11:00,136,16
L27560273,PE,PE-CAJ,,-5.289708,-79.30994,Santuario Nacional Tabaconas Namballe--Ruta Chaparrosa,2023-10-14 10:12,15,1
L6447743,PE,PE-CAJ,,-5.279234,-79.3097556,Santuario Nacional Tabaconas Namballe--Tabaconas Estación Biológica,2024-11-19 13:25,99,8
L492956,PE,PE-APU,,-13.5711944,-72.8913611,Santuario Nacional de Ampay,2026-09-22 10:15,179,435
L33097329,PE,PE-APU,,-13.5736917,-72.8889551,Santuario Nacional de Ampay--Laguna Uspaycocha,2026-09-09 11:52,71,18
L11400474,PE,PE-APU,,-13.6033932,-72.8759622,Santuario Nacional de Ampay--Puesto de Vigilancia y Control Sahuanay,2026-09-12 07:46,105,98
L22067855,PE,PE-APU,,-13.552213,-72.8671866,Santuario Nacional de Ampay--Quebrada Arapato,2026-05-09 09:20,74,26
L7357492,PE,PE-LAL,,-8.3422928,-78.2839823,Santuario Nacional de Calipuy,2025-06-09 10:19,61,29
L11421621,PE,PE-LAL,,-8.3503668,-78.2844628,Santuario Nacional de Calipuy--Bosque de Shulgomos,2020-05-09 12:20,9,2
L11421596,PE,PE-LAL,,-8.3600382,-78.2779947,Santuario Nacional de Calipuy--Chalacpampa,2023-05-13 05:30,43,4
L11421640,PE,PE-LAL,,-8.3588094,-78.2907481,Santuario Nacional de Calipuy--Rio Cashiranga,2023-11-29 08:25,30,4
L3636948,PE,PE-PAS,,-10.9948672,-76.3183737,Santuario Nacional de Huayllay,2026-09-10 19:24,82,83
L24374873,PE,PE-PAS,,-10.9841632,-76.2816921,Santuario Nacional de Huayllay--Diezmo Viejo,2026-05-09 16:07,31,9
L44778326,PE,PE-PAS,,-10.9654353,-76.309462,Santuario Nacional de Huayllay--Laclacucy,2026-05-09 17:29,32,7
L44778848,PE,PE-PAS,,-10.9786422,-76.2734373,Santuario Nacional de Huayllay--Laclacuy a Diezmo,2026-05-09 15:03,41,7
L20647240,PE,PE-PAS,,-10.9286783,-76.3940388,Santuario Nacional de Huayllay--Laguna Japurin,2026-08-18 12:20,45,8
L44779738,PE,PE-PAS,,-10.96193,-76.3225032,Santuario Nacional de Huayllay--Miskiyacu,2026-08-22 12:05,31,8
L44779115,PE,PE-PAS,,-10.9198391,-76.3272621,Santuario Nacional de Huayllay--Rumichaca a Casa Blanca,2026-09-10 18:02,37,12
L44779386,PE,PE-PAS,,-10.9224785,-76.3617656,Santuario Nacional de Huayllay--Vichareoc a Cuchimachay,2026-09-10 19:24,33,10
L44778959,PE,PE-PAS,,-10.944826,-76.3101388,Santuario Nacional de Huayllay--Yanachalhua,2026-05-09 10:13,16,5
L7118454,PE,PE-CUS,,-13.4871759,-71.8060184,Santuario Señor de Huanca,2026-08-07 07:16,78,15
L32930849,PE,PE-SAM,,-6.0830661,-76.9621149,Santuario de Aves Paucarpata,2026-09-04 10:56,145,28
L25811723,PE,PE-CUS,,-12.9558431,-71.4597528,Santuario de Aves Ukumari,2025-10-29 05:00,204,62
L36894513,PE,PE-CUS,,-13.256801,-72.1735239,Santuario de Colibríes,2026-09-27 11:32,91,153
L11989150,PE,PE-CUS,,-13.2569681,-72.1739531,Santuario de Colibríes--Ensifera Camp,2026-09-25 14:24,196,1440
L7958956,PE,PE-CUS,,-13.0408024,-71.5064598,Sapan Sachayoc-Tunki Wasi,2026-08-27 09:38,340,201
L20364953,PE,PE-AMA,,-6.1625716,-78.0214262,Sarcófagos de Karajía,2026-09-21 12:30,71,18
L22496246,PE,PE-LOR,,-4.2035981,-73.4783465,School for Field Studies Center for Amazon Studies,2026-06-29 12:01,69,10
L6771781,PE,PE-MDD,,-12.8615733,-69.4894481,Secret Forest Lodge,2026-09-18 16:32,476,1388
L5164319,PE,PE-AMA,,-5.98821,-78.3401,Sector Bello Horizonte,2026-06-14 12:51,129,4
L5166254,PE,PE-CUS,,-12.9749512,-72.3474383,Sector Ichu,2021-04-24 15:35,109,7
L5294453,PE,PE-CUS,,-13.0637027,-72.4099955,Sector Lucumayo,2026-09-03 14:06,149,39
L6110565,PE,PE-AMA,,-6.23382,-78.11011,Sector Shucahuala,2024-11-05 09:07,72,6
L27223169,PE,PE-LIM,,-12.2730795,-75.7793093,Sementera Ananhuichan
L1004847,PE,PE-MDD,,-12.38438,-70.72968,Senda Cocha Nueva,2026-05-02 10:38,341,39
L846540,PE,PE-HUC,,-9.6951729,-76.0867619,Senda Paty,2026-09-20 14:30,378,361
L8488734,PE,PE-LOR,,-4.242409,-70.2981402,Senda Santa Rita,2026-04-15 16:09,179,23
L2664950,PE,PE-SAM,,-6.579271,-76.3009608,Senda Tyrant-Manakin,2026-08-04 16:12,273,144
L5634642,PE,PE-ARE,,-15.7862243,-71.3839352,Sendero Achacota-Callalli,2024-08-14 15:00,34,4
L7374735,PE,PE-LIM,,-11.8552972,-76.3795978,Sendero Antankallo,2026-08-07 12:38,54,84
L41333370,PE,PE-JUN,,-11.5452614,-74.8111417,Sendero Astillería,2026-08-28 13:51,110,59
L4758686,PE,PE-ARE,,-17.1614169,-71.8397498,Sendero Casarosada,2019-05-04 10:40,33,7
L10652720,PE,PE-CUS,,-13.1574371,-72.5218141,Sendero Cascadas Alcamayo,2026-07-14 06:23,119,65
L43162509,PE,PE-JUN,,-11.1847122,-75.3213505,Sendero Catarata Shimayacu,2025-10-11 07:39,36,8
L58575440,PE,PE-CAJ,,-6.17979,-78.75469,Sendero Catarata de Santa Rosa,2026-05-09 05:05,14,3
L2460579,PE,PE-LAM,,-5.8714345,-79.7717668,Sendero El Tocto,2018-09-16 15:00,114,37
L16752255,PE,PE-PAS,,-10.7391009,-75.2625284,Sendero Entaz,2026-06-25 09:49,84,5
L12812468,PE,PE-CUS,,-13.108181,-72.9338045,Sendero Huancacalle,2026-09-02 11:22,119,31
L7659550,PE,PE-MDD,,-12.6089048,-69.0599127,Sendero Lago Sandoval,2026-09-24 14:30,396,303
L8436292,PE,PE-SAM,,-6.0809591,-76.9631223,Sendero Manakin,2026-09-21 07:05,217,63
L41887847,PE,PE-CUS,,-13.1655203,-72.1406992,Sendero Quishuarani-Huacahuasi-Mantany,2026-09-22 22:38,51,5
L34833728,PE,PE-UCA,,-9.0746998,-75.6999102,Sendero Toboganes,2024-07-22 10:20,24,2
L7291828,PE,PE-HUC,,-9.7234601,-76.0975072,Sendero Tunel de Carpish,2026-09-10 06:39,327,185
L11079882,PE,PE-CUS,,-12.9262231,-72.6177644,Sendero Yuracmayo,2025-02-06 06:27,54,6
L11455481,PE,PE-CUS,,-12.8580108,-72.6098338,Sendero al Cañon de Torontoypata,2021-07-12 15:23,17,2
L2659145,PE,PE-SAM,,-5.6838741,-77.6290512,Sendero de Bosque de Arena Blanca,2026-09-22 09:41,227,70
L8159846,PE,PE-AMA,,-6.2805556,-78.0811111,Senderos a Congon y Gran Vilaya,2025-03-05 11:21,92,5
L37267795,PE,PE-UCA,,-8.3865756,-74.5650176,"Servicio Nacional de Adiestramiento en Trabajo Industrial, Pucallapa",2025-05-06 16:42,33,10
L40715210,PE,PE-LIM,,-12.0891846,-76.7709326,Shanar Club,2025-02-22 17:41,6,1
L34833178,PE,PE-HUC,,-8.8111577,-74.717913,Shanay Timpishka Ecolodge,2026-05-16 10:04,33,1
L3062946,PE,PE-ANC,,-9.713607,-77.4454633,Shecllapata,2026-02-20 12:00,38,7
L20704402,PE,PE-SAM,,-6.4583965,-76.3490689,Shimiyacu Amazon Lodge,2026-06-20 08:44,82,11
L2341281,PE,PE-LAL,,-7.8513338,-78.7540126,Sinsicap (pueblo),2026-09-24 06:26,128,63
L6347937,PE,PE-CUS,,-13.2568079,-72.2658581,Sitio Arqueologico de Ollantaytambo,2026-09-21 13:47,137,233
L863282,PE,PE-LAL,,-8.5954488,-78.7306023,Sitio Arqueológico Chao,2025-10-20 07:20,71,6
L29391371,PE,PE-CUS,,-13.3918505,-71.622277,Sitio Arqueológico Chullpas de Ninamarca,2026-09-22 08:23,69,88
L19072018,PE,PE-LIM,,-10.8153639,-77.7408992,Sitio Arqueológico El Áspero,2026-08-03 14:10,26,7
L5217880,PE,PE-LAM,,-6.801339,-79.601832,Sitio Arqueológico Huaca Rajad,2026-09-06 12:40,93,54
L4314100,PE,PE-ARE,,-15.0553712,-72.6945215,Sitio Arqueológico Maukallacta,2026-05-09 17:15,19,3
L2026362,PE,PE-CUS,,-13.3300784,-72.1971703,Sitio Arqueológico Moray,2026-09-21 11:03,124,260
L13255176,PE,PE-CUS,,-13.2576155,-72.2624445,Sitio Arqueológico Pinkuylluna,2026-09-20 06:55,65,41
L2398723,PE,PE-CUS,,-13.5090019,-71.9705772,Sitio Arqueológico Quenqo,2026-09-25 08:46,126,157
L6347882,PE,PE-CUS,,-13.5202317,-71.9752389,Sitio Arqueológico Qurikancha,2026-09-12 12:11,66,171
L960625,PE,PE-CUS,,-13.4804186,-71.9663823,Sitio Arqueológico Tambomachay,2026-09-22 19:43,207,1039
L4033756,PE,PE-ARE,,-15.6397334,-71.6702235,Sitio Arqueológico Uyo Uyo,2026-08-20 10:54,65,36
L22263046,PE,PE-ANC,,-9.5244064,-77.5137806,Sitio Arqueológico Waullac,2025-03-02 10:45,27,6
L8880664,PE,PE-CUS,,-13.0027187,-72.523916,Sitio Arqueológico de Capillayoq,2025-12-23 11:41,104,13
L8916422,PE,PE-CUS,,-13.0611315,-72.6090008,Sitio Arqueológico de Inkacárcel,2025-09-20 15:15,72,17
L8166287,PE,PE-CUS,,-13.4455565,-72.3109818,Sitio Arqueológico de Killarumiyoc,2026-09-19 10:58,86,38
L20434624,PE,PE-AMA,,-6.4855105,-77.8247414,Sitio Arqueológico de Ollape,2025-08-16 18:13,59,18
L5907734,PE,PE-CUS,,-13.5150211,-71.9654864,Sitio Arqueológico de Teteccacca,2026-05-03 05:45,49,12
L5217898,PE,PE-LAM,,-6.5150979,-79.8442984,Sitio Arqueológico de Tucume,2026-09-15 13:35,95,80
L6775691,PE,PE-SAM,,-6.3797222,-76.4346972,Situlli Eco Lodge,2019-06-15 06:25,109,4
L37932464,PE,PE-LIM,,-12.0780687,-77.0608876,Skate Plaza Pueblo Libre,2025-11-28 17:01,29,34
L8487012,PE,PE-MDD,,-12.8403052,-71.3878883,Soga de Oro Lodge,2026-09-24 09:24,211,69
L868168,PE,PE-CUS,,-13.3165897,-72.0877659,Sonesta Hotel Posadas del Inca Yucay,2026-09-18 08:37,170,154
L9442435,PE,PE-PUN,,-15.8244029,-70.0047455,Sonesta Posadas del Inca,2026-05-28 09:31,60,23
L3483388,PE,PE-CUS,,-13.3978857,-72.5731516,Soraypampa,2026-09-27 11:12,194,226
L2410762,PE,PE-ANC,,-9.8231816,-77.651968,Succha (pueblo y vecindad),2013-11-04 11:07,17,2
L2500288,PE,PE-AMA,,-5.19892,-78.18717,Sugka (comunidad),2013-12-05 15:30,27,1
L15028075,PE,PE-SAM,,-6.4699896,-76.3648266,Sumaj Casa Hotel,2025-09-10 08:30,32,6
L6559127,PE,PE-SAM,,-6.72952,-76.226151,Sumaj Lagoon Lodge,2026-08-13 09:30,182,28
L63613135,PE,PE-CUS,,-13.24134,-71.61546,Sword-billed Hummingbird Garden,2026-09-26 14:51,80,142
L519726,PE,PE-LOR,,-4.3118346,-73.2315159,Tahuayo Lodge,2026-09-27 10:01,536,1055
L27529111,PE,PE-CAJ,,-7.0896391,-78.1295407,Tallambo Alto,2023-10-14 10:00,26,1
L2487668,PE,PE-MDD,,-12.4266374,-70.7046695,Tambo Blanquillo Nature Reserve--Lodge,2026-08-13 16:38,478,404
L32746739,PE,PE-ICA,,-13.705199,-75.829525,Tambo Colorado,2024-06-01 12:00,20,3
L26283039,PE,PE-CUS,,-13.3101168,-72.1176052,"Tambo del Inka, a Luxury Collection Resort & Spa",2026-09-26 07:08,114,90
L5840833,PE,PE-MDD,,-12.8251221,-69.4026598,Tambopata Ecolodge,2026-09-13 05:40,477,141
L15135390,PE,PE-MDD,,-12.598346,-69.178612,Tambopata Hostel,2026-08-28 06:14,122,95
L59856698,PE,PE-MDD,,-12.9358049,-69.5195961,Tambopata Lodge Inn,2026-08-31 15:20,64,5
L3815795,PE,PE-MDD,,-13.1341956,-69.6108663,Tambopata Research Center,2026-09-20 13:55,600,2206
L2312008,PE,PE-MDD,,-13.0773464,-69.5846128,Tambopata Research Center--Torre de Senda B,2026-09-19 09:17,369,71
L4182117,PE,PE-CAJ,,-7.1149885,-78.511498,Tamborapa Pueblo,2025-07-28 10:06,6,1
L3016770,PE,PE-LOR,,-5.6450275,-73.9759254,Tapiche Reserve,2026-03-10 10:48,328,161
L2603369,PE,PE-SAM,,-6.5195074,-76.3852641,Tarapoto--Via de Evitamiento,2026-06-15 16:13,201,62
L20637532,PE,PE-PUN,,-15.890597,-69.886599,Taypikala Hotel Lago,2026-06-27 06:57,40,5
L20719092,PE,PE-CUS,,-13.3018006,-72.1377057,Taypikala Valle Sagrado Deluxe,2026-05-19 14:52,70,19
L32933307,PE,PE-CUS,,-13.5058619,-71.9645691,Templo de la Luna,2026-09-04 17:26,58,53
L2311249,PE,PE-CUS,,-13.1092452,-72.6008266,Termales de Santa Teresa,2026-07-21 14:00,130,34
L2385185,PE,PE-LIM,,-12.165987,-77.0294917,Terminal Pesquero de Chorrillos,2026-09-13 13:46,83,188
L7868656,PE,PE-MDD,,-12.8642141,-69.485929,The Neotropical Station,2026-08-24 09:41,314,117
L3169449,PE,PE-JUN,,-11.5984316,-76.1355972,Ticlio--Carretera La Oraya,2026-08-24 15:39,79,34
L9810439,PE,PE-CUS,,-13.2624765,-72.2661743,Tierra de Niños Ollantaytambo,2026-09-22 12:26,62,20
L12551234,PE,PE-CUS,,-13.026784,-71.462399,Tikari Amazon Lodge,2026-07-06 12:06,322,106
L29393616,PE,PE-MDD,,-12.6077311,-69.0335798,Tokon Home Stay,2026-06-22 18:00,166,17
L3742785,PE,PE-PAS,,-10.0349924,-75.5338597,Toropampa Lodge,2022-05-17 08:05,95,12
L15684922,PE,PE-JUN,,-12.0600074,-75.1812856,Torre Torre,2021-07-07 08:46,5,1
L32864483,PE,PE-LIM,,-12.0979097,-76.9887989,Tour del Caminante,2026-04-26 09:24,22,8
L8655289,PE,PE-HUC,,-9.5112683,-75.0313917,Trayecto Codo del Pozuzo,2026-05-08 15:39,51,2
L7894900,PE,PE-LOR,,-4.5439848,-73.4481505,Treehouse Lodge,2026-09-24 06:06,524,514
L11673107,PE,PE-MDD,,-12.7915911,-69.3443459,Tres Chimbadas Lake Lodge,2025-11-16 14:33,306,81
L27799809,PE,PE-CUS,,-12.8514125,-72.7381447,Tres Ángeles Casa de Campo,2025-11-26 06:13,59,16
L1836581,PE,PE-AMA,,-5.8101508,-78.0210135,Trocha Cresta de San Lorenzo,2026-09-01 07:39,354,602
L24386784,PE,PE-MDD,,-12.7078146,-68.7441626,Trocha Guacamayo,2023-05-13 13:30,8,2
L30265289,PE,PE-HUV,,-12.5269401,-74.94656,Trocha Parco Chico,2026-09-03 16:10,21,5
L12940126,PE,PE-SAM,,-6.758526,-76.270703,Trocha Pilluana,2026-07-12 11:19,44,2
L76718073,PE,PE-HUV,,-12.0772404,-74.8492805,Trocha Quimllo,2026-09-04 15:35,30,4
L51728719,PE,PE-HUV,,-13.4998519,-74.8881125,Trocha San Felipe,2025-08-18 12:48,16,1
L9897178,PE,PE-HUC,,-9.6313686,-75.2967522,Trocha San Juan,2025-11-18 12:21,82,9
L6324364,PE,PE-ARE,,-16.4880278,-71.3335,Tuctumpaya (pueblo),2025-11-15 09:25,46,9
L4218380,PE,PE-ARE,,-16.468559,-71.3168398,Tuctumpaya--Bosque de Polylepis,2025-11-18 08:37,43,8
L3876512,PE,PE-TUM,,-3.5677881,-80.4539537,Tumbes (pueblo),2025-01-25 13:18,62,19
L855236,PE,PE-TUM,,-3.93344,-80.92345,Tumbes Playa Rocosa,2024-07-18 09:33,16,5
L602831,PE,PE-HUC,,-9.719796,-76.0989894,Tunel de Carpish,2026-09-20 06:24,324,414
L10062145,PE,PE-CUS,,-13.0503698,-72.4458638,Tunkiwasi Lodge,2026-09-21 06:32,278,387
L10816086,PE,PE-CUS,,-12.9028805,-72.8127927,Tunquimayo Lodge,2026-09-19 14:34,201,107
L28300561,PE,PE-JUN,,-11.2114726,-75.4897806,Túnel Yanango,2026-07-26 15:56,78,6
L10324441,PE,PE-LOR,,-4.3338517,-73.1999946,Uakari Floating Jungle Lodge,2023-08-24 13:00,124,13
L869514,PE,PE-PAS,,-10.6384127,-75.4350579,Ulcumano Ecolodge,2026-09-18 08:40,292,584
L27530855,PE,PE-LIM,,-12.2216241,-76.976738,Universidad Cientifica del Sur,2026-09-23 10:25,43,109
L37883017,PE,PE-LIM,,-12.1050449,-76.9613467,Universidad Escuela de Administración de Negocios para Graduados,2026-02-09 13:20,16,1
L4869212,PE,PE-LIM,,-12.0814973,-76.9478423,Universidad Nacional Agraria La Molina,2026-09-24 17:40,86,2257
L40879569,PE,PE-LIM,,-12.0838762,-76.9550007,Universidad Nacional Agraria La Molina--Campos de Maíces,2026-05-25 14:59,32,14
L36683113,PE,PE-LIM,,-12.0789229,-76.9459462,Universidad Nacional Agraria La Molina--Centro de Idiomas,2026-09-14 15:20,34,163
L27142080,PE,PE-LIM,,-12.0823973,-76.9466692,Universidad Nacional Agraria La Molina--Facultad de Economía,2026-09-17 13:04,35,54
L27141497,PE,PE-LIM,,-12.0826351,-76.9457429,Universidad Nacional Agraria La Molina--Facultad de Zootecnia,2026-07-05 14:34,43,70
L31742886,PE,PE-JUN,,-11.0956139,-75.3529233,Universidad Nacional Agraria La Molina--Instituto Regional de Desarrollo de Selva Genova,2026-07-05 08:47,54,9
L69259480,PE,PE-LIM,,-12.08733,-76.94425,Universidad Nacional Agraria La Molina--Puerta 5,2026-07-25 08:36,24,10
L821822,PE,PE-LIM,,-12.0963641,-76.9440901,Universidad Nacional Agraria La Molina--Vivero Forestal,2026-09-12 07:46,70,482
L29440191,PE,PE-HUC,,-9.3170195,-75.9966102,Universidad Nacional Agraria de La Selva--Facultad de Agronomía,2026-08-24 15:00,70,24
L4820474,PE,PE-HUC,,-9.3132413,-75.996353,Universidad Nacional Agraria de la Selva,2026-05-14 07:54,71,9
L37368072,PE,PE-TAC,,-18.0243875,-70.249223,Universidad Nacional Jorge Basadre Grohmann,2026-09-17 12:24,25,23
L6064386,PE,PE-LIM,,-11.1236968,-77.6091224,Universidad Nacional José Faustino Sánchez Carrion,2026-04-30 11:35,22,5
L4607136,PE,PE-LIM,,-12.056948,-77.0857644,Universidad Nacional Mayor de San Marcos,2026-07-10 15:12,40,19
L9196332,PE,PE-LIM,,-12.0605098,-77.0824016,Universidad Nacional Mayor de San Marcos--Jardines Venezuela,2026-06-11 08:43,27,9
L8539659,PE,PE-LIM,,-12.0597027,-77.08012,Universidad Nacional Mayor de San Marcos--Plazuela Puerta 02,2026-09-22 11:09,26,11
L7479628,PE,PE-LAM,,-6.7070606,-79.9066973,Universidad Nacional Pedro Ruiz Gallo,2026-09-22 15:30,75,471
L5040855,PE,PE-CUS,,-12.8565605,-72.6917106,Universidad Nacional San Antonio Abad del Cusco,2026-07-23 15:50,106,343
L3619269,PE,PE-ICA,,-14.0849871,-75.733868,Universidad Nacional San Luis Gonzaga de Ica,2026-09-24 12:26,37,32
L4074307,PE,PE-CAJ,,-7.1668596,-78.4958436,Universidad Nacional de Cajamarca,2026-06-19 10:35,32,16
L4929183,PE,PE-ARE,,-16.4141551,-71.5338653,Universidad Nacional de San Agustín--Área de Biomédicas,2025-08-16 13:46,21,24
L20067339,PE,PE-CUS,,-13.5218969,-71.9586242,Universidad Nacional de San Antonio Abad del Cusco,2026-06-02 09:17,24,49
L22467661,PE,PE-AYA,,-13.144973,-74.2211722,"Universidad Nacional de San Cristóbal de Huamanga, Ciudad Universitaria",2026-09-08 17:17,15,2
L1913723,PE,PE-LAL,,-8.1131902,-79.0363312,Universidad Nacional de Trujillo,2026-07-27 08:53,68,130
L37346209,PE,PE-UCA,,-8.4091507,-74.5735962,Universidad Nacional de Ucayali,2026-08-18 17:57,99,20
L1779097,PE,PE-SAM,,-6.4721784,-76.3960322,Universidad Peruana Unión,2026-03-24 17:20,50,13
L5250621,PE,PE-LIM,,-11.988289,-76.8397468,Universidad Peruana Unión,2026-09-06 06:39,73,59
L9208024,PE,PE-CAJ,,-7.150507,-78.5056948,Universidad Privada del Norte,2022-04-10 06:36,4,1
L7260936,PE,PE-PIU,,-5.1722087,-80.6422544,Universidad de Piura--Estación de Anillamiento,2025-11-18 13:06,80,21
L2601769,PE,PE-PIU,,-4.9039096,-80.703599,Urbanización Jardin Sullana,2026-07-17 18:10,37,17
L2311290,PE,PE-CAJ,,-5.616336,-78.7911987,Uña de Gato (pueblo),2026-09-21 07:59,100,18
L2264603,PE,PE-JUN,,-11.7067031,-74.8035049,Valle Andamarca,2026-08-10 15:48,247,120
L18530080,PE,PE-JUN,,-11.4552275,-75.8251631,Valle Ayabamba--Cultivos,2026-08-24 14:07,27,9
L23969682,PE,PE-CAJ,,-6.3737015,-78.9130333,Valle Callacate,2023-04-24 06:00,39,1
L11967891,PE,PE-CUS,,-12.9878127,-72.5460522,Valle Calquiña,2026-09-04 07:47,277,208
L2460511,PE,PE-AMA,,-5.8144647,-78.7007332,Valle Chamaya,2026-08-05 10:33,125,44
L6102966,PE,PE-AMA,,-6.2469444,-78.0380556,Valle Huaylla Belén,2026-09-22 10:47,223,191
L5037663,PE,PE-ICA,,-14.9725223,-74.867599,Valle Las Trancas,2024-11-08 12:11,40,5
L25959661,PE,PE-ANC,,-10.103104,-77.493507,Valle Marca,2026-08-06 16:53,76,37
L7356246,PE,PE-MOQ,,-17.18396,-70.9543,Valle Moquegua,2024-09-13 07:10,46,20
L4606202,PE,PE-AYA,,-13.1128825,-74.1981851,Valle Muyurina,2026-05-09 06:12,65,6
L27599910,PE,PE-CUS,,-13.9021592,-71.3245296,Valle Rio Rojo Pitumarca,2026-05-24 11:23,23,3
L871187,PE,PE-LIM,,-12.1302991,-76.614275,Valle Tinajas,2026-03-02 10:00,56,67
L6066085,PE,PE-TAC,,-17.5213889,-70.7244444,Valle de Cinto,2017-03-31 06:00,29,1
L8267244,PE,PE-AMA,,-5.652922,-78.533179,Valle de Huarangopampa,2026-06-24 11:05,62,17
L7323347,PE,PE-MOQ,,-17.6225,-71.2705556,Valle de Ilo--Algarrobal,2023-06-26 05:45,30,6
L23637817,PE,PE-MOQ,,-17.624596,-71.335524,Valle de Ilo--Parte Baja,2024-08-12 08:40,26,5
L23638738,PE,PE-MOQ,,-17.623316,-71.30997,Valle de Ilo--Poquera,2024-07-24 08:23,19,5
L23638017,PE,PE-MOQ,,-17.629888,-71.290968,Valle de Ilo--Sacramento,2025-08-22 10:37,8,1
L16573126,PE,PE-LIM,,-11.6537105,-76.5017057,Valle de Santa Eulalia,2025-08-17 13:50,77,14
L858536,PE,PE-LIM,,-11.74938,-76.59798,Valle de Santa Eulalia--Central Hidroelectrica,2026-09-25 13:44,92,97
L1312080,PE,PE-LIM,,-11.5953207,-76.3658381,Valle de Santa Eulalia--Cerro Milloc,2025-11-18 10:56,96,39
L858533,PE,PE-LIM,,-11.73275,-76.58664,Valle de Santa Eulalia--Desvio a Huachupampa,2026-09-27 05:41,112,653
L4562553,PE,PE-LIM,,-11.7441077,-76.6086209,Valle de Santa Eulalia--Estación Biológica Río Santa Eulalia,2026-09-25 16:25,96,331
L52946969,PE,PE-LIM,,-11.746349,-76.605702,Valle de Santa Eulalia--Huerto,2026-09-13 10:57,48,30
L905412,PE,PE-LIM,,-11.766742,-76.615731,Valle de Santa Eulalia--Huinco,2026-09-13 09:27,109,203
L2019202,PE,PE-LIM,,-11.5836335,-76.3302612,Valle de Santa Eulalia--Pantanos,2026-08-31 10:37,68,20
L858539,PE,PE-LIM,,-11.7399159,-76.6100639,Valle de Santa Eulalia--Puente Autisha,2026-09-25 16:44,111,494
L517155,PE,PE-LIM,,-11.62625,-76.43605,Valle de Santa Eulalia--Quebrada Yanac (Polylepis),2026-09-14 08:55,120,526
L957536,PE,PE-LIM,,-11.65017,-76.46011,Valle de Santa Eulalia--Superior,2026-05-17 07:55,100,88
L883178,PE,PE-LIM,,-11.7534546,-76.6190976,Valle de Santa Eulalia--Túnel,2026-09-26 14:21,90,296
L3286518,PE,PE-LIM,,-11.8413375,-76.6311836,Valle de Santa Eulalia--Valle Inferior,2026-09-25 06:41,107,228
L6052478,PE,PE-LIM,,-11.7353468,-76.5989628,Valle de Santa Eulalia--Valle Superior,2026-09-25 10:25,107,119
L4231257,PE,PE-AYA,,-14.2494094,-73.9463568,Valle de Sondondo--Chipao,2022-08-13 08:47,53,9
L16122093,PE,PE-ARE,,-15.5733316,-71.5700246,Valle del Colca--Camino Collawa,2026-08-19 13:57,48,5
L983783,PE,PE-AMA,,-6.1393227,-77.9001045,Valle del Utcubamba,2026-09-18 15:58,321,376
L976508,PE,PE-AMA,,-5.86499,-78.22059,Valle del Utcubamba--Medio,2026-09-18 15:58,220,128
L961839,PE,PE-AMA,,-6.42751,-77.87647,Valle del Utcubamba--Nogal Cucho,2026-07-28 10:45,176,60
L976505,PE,PE-AMA,,-6.193427,-77.90651,Valle del Utcubamba--Superior,2026-08-30 05:59,173,55
L60372608,PE,PE-CUS,,-13.429236,-71.8299437,Ventanayoq,2026-04-19 12:49,32,2
L2462138,PE,PE-CAJ,,-5.3843703,-78.7742901,Via Jaen-San Ignacio--Las Juntas,2025-08-02 14:50,148,39
L39980597,PE,PE-CAL,,-12.0617032,-77.1198612,Villa Deportiva Regional del Callao,2026-07-31 08:05,17,7
L16752566,PE,PE-PAS,,-10.7757419,-75.2858784,Villa El Carmen,2026-07-31 09:16,202,28
L28566897,PE,PE-CUS,,-13.2973116,-72.1351299,Villa Urubamba Hotel,2026-09-13 13:15,59,35
L27342353,PE,PE-LIM,,-12.1379667,-76.9889635,Virgen Parque Loma Redonda,2026-08-06 13:00,25,11
L15751708,PE,PE-LIM,,-12.0297981,-77.0136291,Vivero Forestal El Bosque,2024-05-11 09:22,23,7
L15293369,PE,PE-MDD,,-12.4620242,-69.1382333,Vivero Forestal de Universidad Nacional Amazónica de Madre de Dios,2026-09-02 07:30,143,11
L17431202,PE,PE-ICA,,-14.001038,-75.717291,Viña Tacama,2026-06-16 16:15,32,13
L5847019,PE,PE-TAC,,-17.1809597,-70.1976049,Volcan Yucanani,2017-05-13 08:30,12,1
L1849133,PE,PE-SAM,,-6.0753855,-76.9762793,Waqanki/Quebrada Mishquiyaquillo,2026-09-26 08:57,727,3176
L1652750,PE,PE-SAM,,-6.0775373,-76.9790554,Waqanki/Quebrada Mishquiyaquillo--Senda Cresta (Trail to Ridge),2026-09-24 11:57,560,618
L692580,PE,PE-AYA,,-13.071107,-74.164228,Wari,2026-09-07 10:43,29,15
L34624018,PE,PE-MDD,,-12.592984,-69.174955,Wasai Maldonado Ecolodge,2026-09-07 06:46,133,77
L4167007,PE,PE-MDD,,-12.8516364,-69.4691491,Wasai Tambopata,2026-09-06 08:47,356,126
L2421654,PE,PE-ICA,,-14.9148512,-74.9890602,Wasipunko,2025-09-27 06:30,46,38
L11395995,PE,PE-CUS,,-13.1749355,-71.5871823,Wayqecha Cloud Forest Biological Station,2026-09-27 12:25,509,2684
L4722534,PE,PE-CUS,,-13.1850344,-71.5877335,Wayqecha Cloud Forest Biological Station--Canopy Trail,2026-09-19 14:57,274,423
L5116170,PE,PE-CUS,,-13.17459,-71.598696,Wayqecha Cloud Forest Biological Station--Oso Trail,2026-09-21 08:14,182,71
L5116171,PE,PE-CUS,,-13.179515,-71.581898,Wayqecha Cloud Forest Biological Station--Perdiz Trail,2026-09-13 11:21,102,40
L5116172,PE,PE-CUS,,-13.174621,-71.587121,Wayqecha Cloud Forest Biological Station--Picaflor Trail,2026-09-27 12:25,243,320
L5116173,PE,PE-CUS,,-13.188756,-71.586491,Wayqecha Cloud Forest Biological Station--Tangara Trail,2026-09-02 05:59,191,93
L4718712,PE,PE-CUS,,-13.1762727,-71.5970635,Wayqecha Cloud Forest Biological Station--Zorro Trail,2026-09-26 06:51,240,237
L1004824,PE,PE-CUS,,-13.1750985,-71.5867263,Wayqecha Cloud Forest Birding Lodge,2026-09-27 16:14,388,1663
L8177321,PE,PE-CUS,,-13.3276246,-72.6029214,Wayra Lodge,2025-09-23 06:43,53,5
L18021006,PE,PE-MDD,,-12.868053,-69.471342,Wilderness International Concesion de Conservacion El Gato--Trocha Aguajal,2026-08-28 06:15,305,152
L6954605,PE,PE-CUS,,-13.2920747,-72.1358013,Willka T'ika Luxury Wellness Retreat,2026-05-07 13:49,48,16
L1889182,PE,PE-ARE,,-16.3907872,-71.5414935,Yanahuara--Hostal Fernandez,2026-09-16 08:57,21,7
L42017226,PE,PE-CUS,,-12.9651242,-71.4748761,Yanamayo Ecolodge,2025-04-23 14:30,97,29
L8606311,PE,PE-LOR,,-3.449215,-72.852901,Yanamono Rum Distillery,2026-07-12 10:32,157,25
L64599095,PE,PE-LIM,,-11.6977311,-76.8530774,Yangas Campo Club Emphost,2021-03-15 07:23,29,1
L4475734,PE,PE-ARE,,-15.649543,-71.6588563,Yanque (pueblo),2026-09-16 10:28,67,44
L57668357,PE,PE-UCA,,-8.3352436,-74.5725274,Yarina Canopy Eco-Park,2026-01-25 05:27,50,2
L5065724,PE,PE-CUS,,-13.5088455,-72.4982053,Yoga Limatambo Hotel,2026-08-01 09:52,71,66
L14055903,PE,PE-HUV,,-12.1969336,-74.4521985,Yungas de Roble,2022-12-06 12:30,144,29
L1111627,PE,PE-LIM,,-11.8789421,-76.1517334,Yuracmayo,2026-08-20 08:00,46,10
L2271342,PE,PE-LOR,,-5.8954931,-76.108861,Yurimaguas (pueblo),2026-09-23 18:15,150,42
L11242124,PE,PE-LOR,,-4.2457807,-70.1114738,Zacambu Rainforest Lodge,2026-02-02 09:19,180,15
L62635619,PE,PE-CAL,,-12.0613598,-77.1102557,Zona 3 Bengala
L2388665,PE,PE-PUN,,-15.7217086,-70.1582623,Zona Arqueologica Sillustani,2026-08-29 09:47,116,95
L29102300,PE,PE-CUS,,-13.5110049,-71.952299,Zona Arqueológica Kallachaka,2026-08-20 12:46,38,10
L8697870,PE,PE-CUS,,-12.902236,-73.2076258,Zona Arqueológica de Espiritupampa,2026-04-19 12:40,152,16
L5386455,PE,PE-CUS,,-13.3833676,-71.944297,Zona Arqueológica de Huchuy Qosqo,2026-09-21 20:21,100,49
L5006393,PE,PE-CUS,,-13.5026279,-71.95288,Zona Arqueológica de Inkilltambo,2026-08-02 11:14,108,212
L7683781,PE,PE-CUS,,-13.5135838,-71.9700523,Zona Arqueológica de Mesa Redonda,2026-09-07 06:36,57,556
L5298578,PE,PE-CUS,,-14.0198397,-71.6938645,Zona Arqueológica de Waqrapukara,2026-06-01 12:51,94,31
L9185758,PE,PE-LIM,,-11.7623145,-77.174741,Zona Reservada Ancón,2026-09-11 08:46,65,83
L692082,PE,PE-LIM,,-11.9310126,-76.4754868,Zona Reservada Bosque de Zárate,2026-08-22 20:52,105,182
L9585222,PE,PE-LIM,,-11.9275075,-76.5109881,Zona Reservada Bosque de Zárate--Entrada,2026-08-22 20:52,81,73
L24397129,PE,PE-LIM,,-11.9284229,-76.4829991,Zona Reservada Bosque de Zárate--Pampa de Zárate,2025-11-22 10:07,52,21
L7368550,PE,PE-CAJ,,-6.5671564,-78.9113188,Zona Reservada Chancaybaños,2026-08-30 12:59,24,4
L58483486,PE,PE-HUC,,-10.2686503,-76.8753143,Zona Reservada Cordillera Huayhuash,2026-08-18 08:00,31,3
L3148325,PE,PE-LIM,,-10.4061051,-76.8502235,Zona Reservada Cordillera Huayhuash--Aguas Termales Viconga,2025-10-08 07:40,37,4
L2993187,PE,PE-HUC,,-10.2165336,-76.8999327,Zona Reservada Cordillera Huayhuash--Laguna Mitacocha,2026-07-05 08:13,36,6
L3148320,PE,PE-LIM,,-10.4047543,-76.8428421,Zona Reservada Cordillera Huayhuash--Laguna Viconga,2026-04-05 06:44,12,0
L2993071,PE,PE-ANC,,-10.183,-76.933,Zona Reservada Cordillera Huayhuash--Matacancha,2025-09-04 07:52,42,3
L846858,PE,PE-LIM,,-12.5705647,-76.7047834,Zona Reservada Humedales Puerto Viejo,2026-09-13 11:06,150,471
L4601319,PE,PE-PIU,,-5.9736926,-81.0914183,Zona Reservada Illescas,2026-02-23 06:00,134,73
L5200015,PE,PE-PIU,,-5.890101,-81.1500768,Zona Reservada Illescas--Lobera Grande,2024-04-18 16:02,41,23
L10962799,PE,PE-PIU,,-5.8385866,-81.0989285,Zona Reservada Illescas--Playa Nunura,2026-02-21 17:00,36,5
L40373525,PE,PE-PIU,,-5.8035348,-81.0820198,Zona Reservada Illescas--Playa Tantalean,2026-02-23 06:00,34,5
L9213329,PE,PE-PIU,,-6.0505752,-81.1114809,Zona Reservada Illescas--Quebrada Avic,2025-03-07 17:39,35,6
L5200039,PE,PE-PIU,,-5.9544746,-81.0460299,Zona Reservada Illescas--Quebrada Tur,2024-04-19 11:52,22,5
L1310418,PE,PE-LIM,,-11.6774874,-77.1085739,Zona Reservada Lomas de Ancón,2026-05-10 16:30,48,29
L4032746,PE,PE-ICA,,-15.3653545,-75.1885521,Zona Reservada Punta San Juan,2026-09-02 06:32,43,84
L8956501,PE,PE-AMA,,-5.6152778,-77.85,Zona Reservada Rio Nieva--Sendero Mono,2026-02-19 19:34,94,14
L5842777,PE,PE-AMA,,-3.7686372,-77.7523041,Zona Reservada Santiago Comaina (Dept. Amazonas),2018-05-05 08:04,45,2
L44926404,PE,PE-AMA,,-4.014468,-77.758195,Zona Reservada Santiago Comaina--Galilea,2025-05-10 14:00,4,2
L44924770,PE,PE-AMA,,-4.426471,-77.642353,Zona Reservada Santiago Comaina--Pinglo,2025-05-10 08:49,6,2
L65915129,PE,PE-AMA,,-3.024819,-77.830706,Zona Reservada Santiago-Comainas--Alto Kampagkis,2026-05-09 08:00,35,4
L41430570,PE,PE-LOR,,-7.198681,-74.9451437,Zona Reservada Sierra del Divisor--Mirador,2025-03-15 08:24,19,2
L41428999,PE,PE-LOR,,-7.2159521,-74.9488608,Zona Reservada Sierra del Divisor--Puesto de Vigilancia y Control,2026-02-15 14:18,136,18
L14406583,PE,PE-JUN,,-12.0621613,-75.1966296,Zoológico Municipal Huancayo,2023-03-24 15:34,14,9
L51910386,PE,PE-HUC,,-9.318737,-76.014917,Zoológico de Piedra,2025-08-03 14:00,1,1
L4475664,PE,PE-ARE,,-15.6483963,-71.6620106,hotel Eco Inn Valle del Colca,2025-02-22 14:57,19,3
L2576069,PE,PE-ARE,,-15.6615223,-71.6772938,hotel Las Casitas,2026-08-29 06:03,51,19
L11677282,PE,PE-MDD,,-12.7796948,-69.2579842,Ñape Lodge,2026-07-20 13:00,192,58
L12841677,PE,PE-LIM,,-12.0739044,-76.9555572,Óvalo La Fontana,2025-12-30 11:01,19,10
