L3123286,PT,PT-30,PT-30-PS,33.83392,-16.1746216,A norte de Porto Santo (saídas pelágicas),2011-08-10 00:00,13,1
L3284414,PT,PT-30,PT-30-SC,32.1709628,-16.4204407,A sul das Desertas (saídas pelágicas),2025-04-28 08:21,20,13
L5541951,PT,PT-02,PT-02-AM,37.578775,-8.0890703,A-dos-Neves,2025-12-27 10:21,114,25
L15570599,PT,PT-09,PT-09-SA,40.4859631,-6.9459987,APP Vale Carapito,2026-06-14 11:10,103,59
L4325516,PT,PT-16,PT-16-MO,41.9843771,-8.5160565,Abedim,2020-06-26 10:52,30,3
L4297386,PT,PT-07,PT-07-EV,38.6689425,-7.9450196,Abegoaria,2026-07-23 08:24,120,95
L2671206,PT,PT-02,PT-02-FA,38.0221315,-8.1385517,Abegoaria (Ferreira do Alentejo),2025-12-20 16:35,78,8
L4061546,PT,PT-20,PT-20-VP,36.986284,-25.1767588,Abegoaria Grande,2026-05-12 19:15,56,45
L1363185,PT,PT-14,PT-14-AB,39.4629855,-8.2034612,Abrantes (centro urbano),2026-07-09 13:47,100,458
L2999935,PT,PT-12,PT-12-SO,39.0012098,-7.7313495,Abrunheiras,2025-02-01 14:11,77,18
L3388662,PT,PT-18,PT-18-MA,40.5709006,-7.6490009,Abrunhosa-a-velha,2026-07-17 08:05,69,22
L4233297,PT,PT-20,PT-20-RG,37.7734303,-25.3865981,Achada das Furnas,2026-09-21 09:45,93,222
L9379947,PT,PT-17,PT-17-VP,41.6148575,-7.6481199,Adagoi,2026-07-22 08:19,83,28
L4882904,PT,PT-13,PT-13-MI,41.2464077,-8.683655,Aeroporto Francisco Sá Carneiro,2026-09-23 11:36,84,264
L67316227,PT,PT-08,PT-08-FA,37.02092,-7.96813,Aeroporto Internacional Gago Coutinho,2026-09-26 09:44,20,5
L3653603,PT,PT-20,PT-20-HO,38.5216622,-28.7164915,Aeroporto da Horta,2026-07-18 14:43,40,76
L23326537,PT,PT-30,PT-30-SC,32.6928254,-16.7752597,Aeroporto da Madeira,2026-09-16 19:30,37,75
L3578993,PT,PT-20,PT-20-SF,39.4562947,-31.1313915,Aeroporto das Flores,2026-08-25 18:05,55,132
L58866580,PT,PT-20,PT-20-PV,38.74964,-27.0790133,Aeroporto das Lajes--Canada Mesquita (área sul),2026-09-03 08:35,27,24
L61932270,PT,PT-20,PT-20-PV,38.7801467,-27.1070398,Aeroporto das Lajes--Caparica (área norte),2026-09-11 19:09,29,31
L58127016,PT,PT-20,PT-20-PV,38.775905,-27.0889667,Aeroporto das Lajes--Serra de Santiago,2026-09-12 11:31,34,30
L1487088,PT,PT-11,PT-11-LI,38.7739282,-9.1368344,Aeroporto de Lisboa,2026-09-20 07:06,87,360
L6233018,PT,PT-20,PT-20-PD,37.7461503,-25.7030296,Aeroporto de Ponta Delgada,2026-09-27 10:36,41,118
L4216770,PT,PT-20,PT-20-VP,36.9550225,-25.1676273,Aeroporto de Santa Maria,2026-04-19 10:19,64,71
L2310813,PT,PT-10,PT-10-PN,39.3484259,-9.3211591,Aeródromo da Atouguia da Baleia,2023-06-18 12:36,46,21
L8304741,PT,PT-05,PT-05-CB,39.83673,-7.43663,Aeródromo de Castelo Branco,2026-09-13 14:51,166,1021
L3332732,PT,PT-09,PT-09-SE,40.4549154,-7.6926345,Aeródromo de Pinhanços,2026-09-21 08:00,130,408
L6343354,PT,PT-13,PT-13-MI,41.2835148,-8.517639,Aeródromo de Vilar de Luz,2026-08-04 16:03,69,79
L1470806,PT,PT-10,PT-10-OB,39.3885076,-9.1976405,Aeródromo de Óbidos,2026-08-26 20:19,139,71
L18498759,PT,PT-17,PT-17-VP,41.5267015,-7.680988,Afonsim,2025-03-13 08:19,64,11
L1446293,PT,PT-14,PT-14-OU,39.678734,-8.4365033,Agroal,2026-04-18 08:56,70,59
L2356999,PT,PT-12,PT-12-PA,39.3612032,-7.5383377,Alagoa,2026-01-04 08:43,109,29
L4150610,PT,PT-08,PT-08-LA,37.1285026,-8.4528959,Alagoas Brancas,2026-09-27 08:55,145,583
L4785644,PT,PT-07,PT-07-AL,38.7021412,-7.4047499,Alandroal (centro urbano),2026-06-07 17:41,42,12
L7693695,PT,PT-07,PT-07-AL,38.6739313,-7.4808608,Alandroal--Fonte Santa de Lucefecit,2026-08-06 18:27,104,113
L3154741,PT,PT-15,PT-15-AS,38.4296898,-8.5240602,Alberge,2026-09-07 15:19,106,26
L2893585,PT,PT-02,PT-02-BE,37.8621151,-7.9734993,Albernoa,2026-04-20 08:30,141,80
L2164267,PT,PT-05,PT-05-CB,39.978304,-7.4816895,Albufeira  de Santa Águeda,2026-09-25 15:54,209,1171
L10135445,PT,PT-07,PT-07-EV,38.4420498,-8.0394162,Albufeira Bala,2026-09-07 11:21,118,111
L2971533,PT,PT-18,PT-18-SC,40.3470674,-8.1812096,Albufeira da Aguieira,2026-09-20 18:32,55,32
L8813984,PT,PT-18,PT-18-SC,40.4077779,-8.1006199,Albufeira da Aguieira--Granjal,2026-08-26 19:44,96,108
L4691495,PT,PT-18,PT-18-SC,40.3467976,-8.1549829,Albufeira da Aguieira--Oveiro,2025-10-12 17:01,47,12
L16437871,PT,PT-18,PT-18-SC,40.3442018,-8.1251728,Albufeira da Aguieira--Senhora da Ribeira,2026-03-14 17:23,72,55
L11644676,PT,PT-02,PT-02-BE,38.0565601,-7.7565802,Albufeira da Amendoeira,2025-09-19 12:37,124,63
L4215413,PT,PT-02,PT-02-SE,38.0992781,-7.5599292,Albufeira da Amoreira,2026-01-24 12:26,116,39
L2332257,PT,PT-02,PT-02-AM,37.5022361,-8.0935764,Albufeira da Boavista,2024-09-05 09:00,88,27
L7748231,PT,PT-02,PT-02-SE,38.0446317,-7.5067886,Albufeira da Bolarina,2026-06-02 00:00,120,43
L5464991,PT,PT-04,PT-04-VF,41.3919099,-7.0492959,Albufeira da Burga,2024-10-04 15:58,50,14
L2106726,PT,PT-07,PT-07-VA,38.4388671,-8.2700443,Albufeira da Caldeira,2026-04-23 14:20,145,96
L10464427,PT,PT-15,PT-15-SC,37.9043974,-8.3200897,Albufeira da Daroeira,2026-08-25 13:40,104,12
L5464890,PT,PT-04,PT-04-AF,41.3711889,-6.9578111,Albufeira da Estevainha,2026-08-18 15:02,85,38
L2654171,PT,PT-02,PT-02-FA,38.0884318,-8.0249548,Albufeira da Herdade da Zambujeira,2023-12-21 10:35,102,20
L3087990,PT,PT-02,PT-02-BE,37.8827121,-7.9480934,Albufeira da Herdade dos Grous,2026-04-19 06:37,184,213
L1770941,PT,PT-07,PT-07-AR,38.7387711,-7.9752867,Albufeira da Oleirita,2026-07-26 19:24,116,33
L5433221,PT,PT-14,PT-14-AB,39.496319,-8.152563,Albufeira da Quinta do Pouchão,2023-08-18 11:00,88,17
L7769216,PT,PT-09,PT-09-AL,40.5988155,-7.0312594,Albufeira da Ribeira das Cabras,2025-11-23 17:00,75,20
L11735088,PT,PT-02,PT-02-BE,38.061586,-7.8867168,Albufeira da Ribeira de Santa Luzia,2026-07-18 10:42,117,76
L8965746,PT,PT-05,PT-05-CB,39.8187144,-7.5280504,Albufeira da Talagueira,2023-11-12 10:50,55,10
L3958228,PT,PT-09,PT-09-TR,40.8699757,-7.3459482,Albufeira da Teja,2026-09-17 18:08,112,85
L2485377,PT,PT-05,PT-05-IN,39.874702,-7.0739937,Albufeira da Toulica,2026-09-02 17:04,134,109
L2797239,PT,PT-07,PT-07-RD,38.5524614,-7.589922,Albufeira da Vigia,2026-04-04 17:05,78,21
L4953854,PT,PT-12,PT-12-CR,39.3239411,-7.6947492,Albufeira da barragem das Nascentes,2026-08-18 10:24,72,23
L2106851,PT,PT-07,PT-07-VA,38.3859387,-8.1803513,Albufeira das Alcáçovas,2026-05-07 14:01,125,141
L4810676,PT,PT-12,PT-12-AR,39.111049,-7.1484303,Albufeira de Abrilongo--Baldiozinho,2026-04-09 11:42,105,20
L1293609,PT,PT-02,PT-02-CU,38.2764406,-7.9051566,Albufeira de Albergaria dos Fusos,2026-05-13 08:10,105,36
L2843306,PT,PT-07,PT-07-PO,38.3096052,-7.870245,Albufeira de Albergaria dos Fusos--Oriola,2026-09-15 13:59,132,139
L3466947,PT,PT-07,PT-07-VA,38.3221983,-7.9255629,Albufeira de Albergaria dos Fusos--braço norte,2026-09-14 18:20,116,44
L3572831,PT,PT-08,PT-08-AC,37.469681,-7.4922037,Albufeira de Alcoutim,2026-05-25 06:45,69,9
L5883352,PT,PT-09,PT-09-SA,40.3833831,-6.9280038,Albufeira de Alfaiates,2026-09-21 14:52,125,127
L2302507,PT,PT-02,PT-02-ME,37.6367326,-7.6038694,Albufeira de Almajões,2026-07-29 21:09,118,76
L5736777,PT,PT-07,PT-07-MO,38.3996621,-7.359252,Albufeira de Alqueva--ponte de Mourão,2026-07-29 16:52,118,69
L23433999,PT,PT-17,PT-17-PR,41.1472186,-7.7396376,Albufeira de Bagaúste--Margem Norte,2026-07-22 20:23,45,25
L7032542,PT,PT-18,PT-18-LA,41.1448931,-7.7404784,Albufeira de Bagaúste--Margem Sul,2026-09-06 18:07,51,38
L8271295,PT,PT-08,PT-08-CM,37.2777903,-7.5104364,Albufeira de Beliche,2026-07-11 16:10,97,47
L4096643,PT,PT-07,PT-07-BO,38.8302137,-7.4110937,Albufeira de Borba,2026-07-12 16:50,146,134
L3334382,PT,PT-09,PT-09-PI,40.6917024,-7.2500968,Albufeira de Bouça Cova,2026-09-05 15:20,169,327
L2949023,PT,PT-02,PT-02-SE,38.0601889,-7.5849009,Albufeira de Brinches,2026-04-09 14:26,121,62
L4378879,PT,PT-01,PT-01-VC,40.8503391,-8.3526349,Albufeira de Burgães (Eng.º Duarte Pacheco),2026-03-26 13:12,49,23
L4384496,PT,PT-15,PT-15-SC,37.8492392,-8.6258125,Albufeira de Campilhas,2026-05-08 13:25,87,25
L3095059,PT,PT-18,PT-18-CI,41.0864806,-8.1294858,Albufeira de Carrapatelo,2026-09-10 13:37,42,29
L2290342,PT,PT-14,PT-14-AB,39.545538,-8.2775921,Albufeira de Castelo de Bode--Parque Náutico de Aldeia do Mato,2026-09-07 11:09,56,14
L14989798,PT,PT-14,PT-14-TM,39.5430958,-8.3185526,Albufeira de Castelo do Bode--paredão,2026-09-16 14:55,74,71
L3591273,PT,PT-02,PT-02-BE,38.0118533,-7.9384053,Albufeira de Cinco Reis,2026-04-21 08:38,140,145
L13550264,PT,PT-17,PT-17-RP,41.5414019,-7.787249,Albufeira de Daivões,2026-09-25 07:33,92,70
L3047801,PT,PT-18,PT-18-MA,40.6389543,-7.7783632,Albufeira de Fagilde,2026-09-04 17:07,115,190
L6108402,PT,PT-18,PT-18-PC,40.6504457,-7.7437198,Albufeira de Fagilde--Senhora da Ribeira,2026-09-06 18:38,95,78
L4168471,PT,PT-07,PT-07-MN,38.5473599,-8.2166576,Albufeira de Falcão,2025-12-10 12:01,109,57
L3329525,PT,PT-07,PT-07-MN,38.473831,-8.2830799,Albufeira de Foros da Tojeira,2025-03-12 15:04,117,35
L14703798,PT,PT-17,PT-17-VP,41.4899349,-7.7227867,Albufeira de Gouvães,2026-09-22 08:39,165,615
L3574580,PT,PT-05,PT-05-IN,39.947253,-7.1969461,Albufeira de Idanha,2026-09-26 08:40,132,124
L12283484,PT,PT-05,PT-05-IN,39.9732613,-7.2261225,Albufeira de Idanha--Rio Torto,2026-08-30 08:47,95,37
L5341130,PT,PT-07,PT-07-AL,38.6354277,-7.4101067,Albufeira de Lucefécit,2026-08-05 06:24,111,32
L2142911,PT,PT-14,PT-14-SM,38.9951731,-8.6893272,Albufeira de Magos,2026-07-21 18:54,139,70
L7723828,PT,PT-12,PT-12-AV,39.0522623,-7.793314,Albufeira de Maranhão--Albufeira Pequena,2026-03-28 15:49,42,5
L2287755,PT,PT-12,PT-12-AV,39.1188739,-7.8691292,Albufeira de Maranhão--Benavila,2026-08-20 16:34,147,199
L16053602,PT,PT-12,PT-12-AV,39.042101,-7.932471,Albufeira de Maranhão--Carabeta,2026-06-09 09:14,89,33
L4025533,PT,PT-12,PT-12-AV,39.0478857,-7.8052068,Albufeira de Maranhão--Ervedal,2026-07-17 18:19,107,94
L14496120,PT,PT-12,PT-12-AV,39.1287222,-7.8598237,Albufeira de Maranhão--Ponte de Valongo,2026-09-23 18:25,119,83
L3103153,PT,PT-12,PT-12-AV,39.0560508,-7.9120445,Albufeira de Maranhão--Posto Nautico de Avis,2026-05-24 10:14,91,29
L2142988,PT,PT-12,PT-12-AV,39.0149657,-7.9757309,Albufeira de Maranhão--paredão,2026-08-22 10:20,121,140
L2142993,PT,PT-12,PT-12-PS,39.116479,-8.1254271,Albufeira de Montargil,2026-09-24 18:50,194,359
L2207964,PT,PT-07,PT-07-EV,38.527756,-7.7337742,Albufeira de Monte Novo,2026-04-15 10:54,119,47
L3650564,PT,PT-07,PT-07-EV,38.5121848,-7.7106938,Albufeira de Monte Novo--paredão,2026-07-19 11:20,91,45
L2660682,PT,PT-15,PT-15-SI,37.9006935,-8.7530136,Albufeira de Morgavel,2026-09-17 11:26,158,204
L1904849,PT,PT-07,PT-07-EV,38.5123635,-8.0292709,Albufeira de Nossa Senhora da Tourega,2026-06-29 17:49,134,121
L1862155,PT,PT-02,PT-02-AV,38.191109,-8.107481,Albufeira de Odivelas,2026-06-25 12:48,168,145
L3466500,PT,PT-02,PT-02-AV,38.2060159,-8.0629563,Albufeira de Odivelas--braço norte,2026-04-09 13:20,103,28
L3271187,PT,PT-08,PT-08-LS,37.2135151,-8.7038326,Albufeira de Odiáxere,2025-11-02 15:15,81,16
L1477596,PT,PT-08,PT-08-LS,37.201956,-8.6984335,Albufeira de Odiáxere--Moinhos Velhos,2026-03-28 09:37,98,37
L2949036,PT,PT-02,PT-02-SE,38.1407673,-7.6078606,Albufeira de Pedrogão,2023-04-14 10:46,76,15
L5395123,PT,PT-02,PT-02-SE,38.0505495,-7.4678183,Albufeira de Pias,2026-09-09 09:28,126,49
L2467819,PT,PT-02,PT-02-BE,38.0721495,-7.9836273,Albufeira de Pisão,2026-09-12 18:32,185,316
L3032924,PT,PT-17,PT-17-MT,41.764974,-7.7503181,Albufeira de Pisões--Aldeia Nova,2026-09-24 15:44,173,258
L4046951,PT,PT-17,PT-17-MT,41.7442552,-7.8099371,Albufeira de Pisões--área geral,2026-08-31 20:17,127,56
L2880875,PT,PT-14,PT-14-MA,39.565669,-7.8126097,Albufeira de Pracana,2026-04-01 19:17,71,32
L10489379,PT,PT-09,PT-09-ME,41.0057326,-7.3333958,Albufeira de Ranhados,2025-06-22 12:20,68,13
L5464777,PT,PT-04,PT-04-AF,41.4027105,-6.9786894,Albufeira de Sambade,2026-04-08 16:12,50,14
L3313996,PT,PT-02,PT-02-OU,37.5628134,-8.3417988,Albufeira de Santa Clara--Braço do Rio Mira,2025-05-01 17:14,72,10
L1622846,PT,PT-02,PT-02-OD,37.5324482,-8.4410007,Albufeira de Santa Clara--Quinta do Barranco da Estrada,2026-06-15 17:39,115,269
L1862730,PT,PT-06,PT-06-PS,40.0898239,-7.8581381,Albufeira de Santa Luzia--paredão,2026-05-12 13:14,97,204
L3666966,PT,PT-05,PT-05-CB,40.003265,-7.490189,Albufeira de Santa Águeda--Ribeira do Mioso,2026-09-10 17:41,139,96
L2608254,PT,PT-02,PT-02-VI,38.1604763,-7.7661324,Albufeira de Selmes,2026-01-10 09:09,62,9
L2968268,PT,PT-02,PT-02-SE,37.9911572,-7.6045132,Albufeira de Serpa,2026-01-24 11:49,118,62
L42360030,PT,PT-02,PT-02-SE,37.9900352,-7.5660181,Albufeira de Serpa--Monte das Freiras,2026-09-11 14:56,77,6
L2740380,PT,PT-07,PT-07-VA,38.3295125,-8.152746,Albufeira de São Brissos,2025-04-21 11:23,148,87
L2335972,PT,PT-10,PT-10-PN,39.3337995,-9.315328,Albufeira de São Domingos,2026-09-12 14:23,75,26
L2337394,PT,PT-10,PT-10-PN,39.3130546,-9.2930295,Albufeira de São Domingos--Bolhos,2026-09-16 17:10,122,115
L4932771,PT,PT-18,PT-18-AR,41.056832,-7.6710105,Albufeira de Temilobos,2026-09-06 10:37,64,11
L12012828,PT,PT-03,PT-03-PL,41.571471,-8.179307,Albufeira de Travassos,2025-10-27 13:25,41,11
L4927160,PT,PT-17,PT-17-CH,41.7336288,-7.522459,Albufeira de Valdanta,2026-08-20 18:30,88,37
L2191712,PT,PT-07,PT-07-VA,38.3526957,-8.2099628,Albufeira de Vale Lameira,2026-03-15 08:08,110,46
L5578513,PT,PT-04,PT-04-TM,41.1907172,-6.9276631,Albufeira de Vale de Ferreiros,2025-07-04 21:57,73,11
L3467138,PT,PT-09,PT-09-PI,40.7193941,-7.089976,Albufeira de Vascoveiro,2026-08-23 17:00,128,82
L2915525,PT,PT-03,PT-03-VM,41.6784893,-7.984035,Albufeira de Venda Nova,2026-09-07 08:24,71,28
L7646972,PT,PT-09,PT-09-FC,40.8025052,-6.8919039,Albufeira de Vermiosa,2026-08-11 11:58,174,195
L2880164,PT,PT-18,PT-18-SE,40.9593413,-7.5385523,Albufeira de Vilar,2026-09-17 14:15,121,122
L6485829,PT,PT-04,PT-04-AF,41.337533,-7.0450258,Albufeira de Vilarelhos,2026-09-14 18:47,155,151
L9533480,PT,PT-03,PT-03-TB,41.7645029,-8.2069415,Albufeira de Vilarinho das Furnas,2026-07-11 10:45,69,22
L3527812,PT,PT-07,PT-07-RM,38.35519,-7.4431917,Albufeira do Alqueva--Campinho,2026-09-08 08:07,107,44
L2954175,PT,PT-02,PT-02-MO,38.2683085,-7.3889494,Albufeira do Alqueva--Estrela,2026-01-19 11:47,83,17
L2954210,PT,PT-07,PT-07-MO,38.3481185,-7.3844862,Albufeira do Alqueva--Luz,2026-07-10 11:28,145,59
L2792171,PT,PT-02,PT-02-MO,38.1977726,-7.4936926,Albufeira do Alqueva--Paredão,2026-08-18 16:21,129,85
L2968122,PT,PT-02,PT-02-MO,38.3288644,-7.2811031,Albufeira do Alqueva--Ribeira de Alcarrache--Granja,2026-07-29 16:50,74,19
L2954205,PT,PT-02,PT-02-MO,38.3122991,-7.3294258,Albufeira do Alqueva--Ribeira de Alcarrache--Vale Formoso,2026-04-20 09:13,78,21
L5257937,PT,PT-07,PT-07-RM,38.398754,-7.4429369,Albufeira do Alqueva--Ribeira do Álamo,2026-08-09 16:02,118,100
L2769402,PT,PT-07,PT-07-MO,38.2798937,-7.409935,Albufeira do Alqueva--área geral,2026-09-07 16:14,125,100
L2918069,PT,PT-17,PT-17-MT,41.8042061,-7.8724873,Albufeira do Alto Cávado,2025-08-03 12:24,73,44
L1572876,PT,PT-10,PT-10-OB,39.3562348,-9.11012,Albufeira do Arnóia,2026-05-22 18:20,98,53
L3111257,PT,PT-04,PT-04-MC,41.5708939,-6.9161081,Albufeira do Azibo,2026-09-27 09:51,172,308
L6750563,PT,PT-07,PT-07-RD,38.6646367,-7.5273728,Albufeira do Azinhalinho,2026-04-06 14:38,106,41
L5465043,PT,PT-04,PT-04-MI,41.3952742,-7.1574748,Albufeira do Cachão,2026-04-15 15:24,87,21
L3334247,PT,PT-09,PT-09-GU,40.5257122,-7.3282119,Albufeira do Caldeirão,2026-05-30 14:05,115,121
L2057676,PT,PT-07,PT-07-AR,38.6963627,-7.9251337,Albufeira do Divor,2026-09-18 18:15,179,402
L5260954,PT,PT-02,PT-02-SE,37.9846631,-7.4505329,Albufeira do Enxoé,2026-07-05 00:00,138,78
L4215499,PT,PT-02,PT-02-SE,37.9078745,-7.448473,Albufeira do Facho,2025-12-02 11:29,128,26
L3448250,PT,PT-08,PT-08-SI,37.2619628,-8.3825469,Albufeira do Funcho,2026-06-23 08:34,69,17
L8083964,PT,PT-08,PT-08-CM,37.2064099,-7.4879716,Albufeira do Jacinto,2026-04-04 17:49,109,55
L3000138,PT,PT-12,PT-12-SO,38.9763924,-7.7936196,Albufeira do Lameirão,2026-09-10 07:00,100,40
L4157984,PT,PT-07,PT-07-PO,38.3705977,-7.7329159,Albufeira do Loureiro,2026-07-09 12:16,91,20
L4677141,PT,PT-07,PT-07-EV,38.412206,-8.0424857,Albufeira do Marnel,2026-09-07 10:58,122,156
L3732389,PT,PT-02,PT-02-FA,38.0577025,-8.1947231,Albufeira do Monte Branco,2025-06-15 13:39,83,19
L5541930,PT,PT-02,PT-02-AM,37.4958352,-8.0615187,Albufeira do Monte Clérigo,2026-08-02 18:37,87,38
L2590569,PT,PT-02,PT-02-FA,38.1192637,-8.1246257,Albufeira do Monte Novo da Horta,2025-10-19 10:57,141,48
L10310052,PT,PT-07,PT-07-MN,38.5115591,-8.1464235,Albufeira do Monte da Defesa,2025-11-02 12:48,77,34
L2191074,PT,PT-02,PT-02-MO,38.241416,-7.2983551,Albufeira do Monte da Freixeira,2026-01-19 12:39,96,15
L2670649,PT,PT-02,PT-02-OU,37.7179114,-8.289957,Albufeira do Monte da Rocha,2026-08-03 15:44,156,176
L2607676,PT,PT-02,PT-02-BE,38.1086277,-7.9975319,Albufeira do Monte da Tramagueira,2022-05-27 13:22,99,20
L3268760,PT,PT-07,PT-07-MN,38.5106821,-8.1321251,Albufeira do Monte da Venda,2023-08-06 11:08,85,29
L19229857,PT,PT-02,PT-02-SE,37.934855,-7.343228,Albufeira do Monte das Bernardas,2025-09-05 11:20,39,13
L3605992,PT,PT-07,PT-07-AR,38.703932,-8.0760241,Albufeira do Monte das Luzes,2026-05-31 16:55,112,56
L4215556,PT,PT-02,PT-02-SE,37.9122593,-7.5743222,Albufeira do Monte do Peixoto,2026-07-16 18:12,81,21
L3269100,PT,PT-07,PT-07-AR,38.7325272,-7.9459906,Albufeira do Monte do Porto,2025-05-27 10:20,105,58
L3696343,PT,PT-07,PT-07-VA,38.3760145,-8.0756593,Albufeira do Monte do Sobral,2026-09-21 09:33,87,44
L3669333,PT,PT-02,PT-02-BE,37.9989696,-7.7156425,Albufeira do Monte do Vale de Alcaide de Cima,2022-05-21 16:44,58,6
L3113937,PT,PT-07,PT-07-EV,38.5456392,-7.8584433,Albufeira do Monte dos Pinheiros,2026-04-17 18:38,94,50
L1960527,PT,PT-14,PT-14-AB,39.5087425,-8.0937481,Albufeira do Negrelinho,2025-02-25 17:24,52,9
L4111706,PT,PT-15,PT-15-AS,38.3970387,-8.3039689,Albufeira do Pego do Altar--braço sul,2025-03-31 15:06,78,12
L12580823,PT,PT-02,PT-02-FA,38.0051634,-8.0723514,Albufeira do Penedrão,2026-05-23 18:15,81,13
L4232738,PT,PT-04,PT-04-VF,41.293022,-7.174428,Albufeira do Peneireiro,2026-02-14 09:47,91,33
L2590609,PT,PT-02,PT-02-FA,38.0302448,-8.0885553,Albufeira do Pereiro,2026-07-16 13:56,116,32
L6479716,PT,PT-08,PT-08-AC,37.4313443,-7.8523067,Albufeira do Pessegueiro,2025-06-24 13:22,88,32
L3313936,PT,PT-17,PT-17-VP,41.3983293,-7.6051033,Albufeira do Pinhão,2026-06-13 21:05,145,260
L3858455,PT,PT-05,PT-05-CB,40.0218963,-7.5566626,Albufeira do Pisco,2026-08-02 16:48,59,19
L1921376,PT,PT-04,PT-04-TM,41.1361971,-7.1145916,Albufeira do Pocinho--Paredão,2026-09-11 09:37,91,61
L2910424,PT,PT-12,PT-12-NI,39.5071356,-7.5799656,Albufeira do Poio,2024-05-04 14:47,108,37
L3268740,PT,PT-07,PT-07-MN,38.4790587,-8.1670904,Albufeira do Poço da Rua (acesso condicionado),2026-09-21 09:11,144,90
L3341517,PT,PT-08,PT-08-SI,37.2417368,-8.377279,Albufeira do Rio Arade,2025-12-05 15:21,87,32
L3523372,PT,PT-17,PT-17-VP,41.505227,-7.665392,Albufeira do Rio Torno,2026-09-17 15:30,123,297
L28164079,PT,PT-02,PT-02-BE,37.9472383,-8.0193587,Albufeira do Roxo--Braço da Ribeira do Outeiro,2026-09-03 20:23,112,40
L2590532,PT,PT-02,PT-02-BE,37.9301173,-8.0490303,Albufeira do Roxo--área geral,2026-09-07 09:15,183,385
L2065118,PT,PT-07,PT-07-EV,38.4381276,-8.0683422,Albufeira do Ruivo,2026-09-16 15:05,101,82
L4837292,PT,PT-09,PT-09-SA,40.3269003,-7.087276,Albufeira do Sabugal,2026-09-25 08:56,133,133
L16069910,PT,PT-09,PT-09-SA,40.322799,-7.0337053,Albufeira do Sabugal--Braço de Teixedas,2025-05-28 12:24,51,18
L3242815,PT,PT-17,PT-17-VR,41.2711924,-7.7905083,Albufeira do Sordo,2024-04-20 15:46,45,13
L2469940,PT,PT-07,PT-07-EV,38.509664,-7.8575528,Albufeira do Torres (acesso condicionado),2026-09-07 14:54,157,217
L2467834,PT,PT-15,PT-15-AS,38.2497746,-8.2941628,Albufeira do Vale do Gaio,2026-09-14 17:16,153,97
L3016112,PT,PT-18,PT-18-LA,41.1166073,-7.776432,Albufeira do Varosa,2026-09-16 17:12,79,88
L2586126,PT,PT-14,PT-14-MA,39.7047465,-8.0054659,Albufeira do Vergancinho,2015-04-15 11:50,20,3
L3571848,PT,PT-12,PT-12-AC,39.147369,-7.6794863,Albufeira do Zambujo,2026-08-13 08:30,128,70
L9075320,PT,PT-05,PT-05-IN,39.9568135,-7.2536366,Albufeira dos Carvalhos,2026-09-14 09:00,186,339
L2106688,PT,PT-07,PT-07-MN,38.4545297,-8.2951927,Albufeira dos Fartos,2026-04-16 11:39,152,96
L2057642,PT,PT-07,PT-07-MN,38.6616543,-8.0962372,Albufeira dos Minutos,2026-08-29 12:27,139,180
L2217706,PT,PT-14,PT-14-AP,39.247289,-8.5888839,Albufeira dos Patudos,2026-08-27 14:00,145,206
L4157978,PT,PT-07,PT-07-PO,38.3376169,-7.6158428,Albufeira dos Álamos,2026-09-08 09:21,139,112
L13808763,PT,PT-08,PT-08-AB,37.103613,-8.242485,Albufeira--Caliços-Amendoinhas,2026-06-17 12:01,67,13
L8521934,PT,PT-14,PT-14-CR,38.8369291,-8.191121,Albufeiras da Herdade do Peso,2026-08-18 09:07,139,164
L16555220,PT,PT-02,PT-02-BE,37.8984719,-7.8997748,Albufeiras de Vale Mosteiro,2026-06-10 15:24,86,22
L3332434,PT,PT-07,PT-07-MN,38.763014,-8.228596,Albufeiras do Monte do Barrocal,2026-05-23 09:10,152,134
L12193577,PT,PT-15,PT-15-BA,38.6582417,-9.0880128,Alburrica-Braamcamp,2026-09-10 13:47,98,67
L48133805,PT,PT-05,PT-05-CB,39.9129846,-7.4696202,Alcains--Ribeira da Líria,2026-09-10 19:13,99,72
L2771255,PT,PT-02,PT-02-VI,38.2025762,-7.7471638,Alcaria da Serra,2026-02-18 09:09,86,13
L3448899,PT,PT-10,PT-10-AC,39.5488858,-8.980314,Alcobaça (centro urbano),2026-09-20 12:35,70,66
L56577434,PT,PT-15,PT-15-AC,38.7523665,-8.9661224,Alcochete--Passeio do Tejo,2026-09-16 11:30,82,26
L2949800,PT,PT-08,PT-08-AC,37.4720143,-7.4728925,Alcoutim (centro urbano),2026-08-28 15:51,117,111
L2948825,PT,PT-07,PT-07-VA,38.3967696,-8.1548166,Alcáçovas,2026-03-15 08:02,98,36
L55635674,PT,PT-12,PT-12-AV,38.993542,-7.912995,Alcórrego--Barragem do Rabaço,2025-12-01 09:21,8,1
L27481176,PT,PT-09,PT-09-AL,40.6592743,-6.9886212,Aldeia Bela,2026-08-31 08:56,98,107
L5015714,PT,PT-02,PT-02-OD,37.7542262,-8.7348604,Aldeia Bugaga,2026-06-06 11:15,148,193
L28917576,PT,PT-02,PT-02-OU,37.5973399,-8.2209478,Aldeia Nova da Favela,2025-11-01 09:05,108,28
L4214146,PT,PT-09,PT-09-TR,40.718835,-7.4117804,Aldeia Velha,2000-04-09 09:30,26,1
L7281225,PT,PT-13,PT-13-AM,41.208744,-8.0367587,Aldeia Velha,2026-06-10 06:37,67,19
L54356376,PT,PT-20,PT-20-LF,39.4417014,-31.2526594,Aldeia da Cuada/Cancelinha de Cima,2025-10-22 10:50,13,11
L2685300,PT,PT-12,PT-12-CR,39.3040673,-7.7290535,Aldeia da Mata,2026-04-23 08:58,62,24
L3143457,PT,PT-09,PT-09-SA,40.4059963,-6.8605156,Aldeia da Ponte,2026-08-30 12:09,114,126
L15542149,PT,PT-09,PT-09-SA,40.4549697,-6.9007225,Aldeia da Ribeira,2025-05-26 09:12,60,18
L3928660,PT,PT-14,PT-14-MA,39.6296175,-8.0115738,Aldeia de Eiras,2026-03-21 11:02,46,11
L3110468,PT,PT-15,PT-15-GR,38.2342025,-8.5737991,Aldeia do Pico,2026-01-02 13:07,70,4
L28917573,PT,PT-02,PT-02-AM,37.5716668,-8.1694249,Aldeia dos Fernandes,2025-12-24 14:53,96,39
L51197852,PT,PT-11,PT-11-AL,39.0547156,-9.0085684,Alenquer (centro urbano),2026-09-12 21:10,4,1
L4055042,PT,PT-11,PT-11-AL,39.1506923,-9.0229565,Alenquer--Abrigada,2026-01-17 08:57,59,11
L3813161,PT,PT-11,PT-11-AL,39.1148207,-8.9411223,Alenquer--Herdade do Archino,2026-04-14 10:47,66,3
L4055054,PT,PT-11,PT-11-AL,39.0943702,-9.1131686,Alenquer--Merceana (vila),2026-05-21 15:22,19,1
L16204931,PT,PT-04,PT-04-BR,41.7567728,-6.716714,Alfaião - Bragança,2026-08-04 16:07,55,4
L15667191,PT,PT-13,PT-13-VA,41.2384023,-8.5269727,Alfena,2026-08-28 10:52,78,1260
L27171791,PT,PT-08,PT-08-MO,37.3304045,-8.487078,Alferce--Passadiços do Barranco do Demo,2026-09-13 18:52,56,19
L2622323,PT,PT-02,PT-02-FA,38.1199299,-8.0631065,Alfundão,2025-11-10 12:03,71,27
L1348711,PT,PT-14,PT-14-OU,39.6314899,-8.5050917,Algares da Cabrita,2025-02-23 10:58,36,8
L19714828,PT,PT-09,PT-09-FC,40.9523022,-7.0537946,Algodres,2026-08-16 20:14,81,42
L2971771,PT,PT-04,PT-04-VM,41.4701951,-6.5757243,Algoso,2026-08-15 09:10,106,78
L25863289,PT,PT-17,PT-17-AL,41.2757587,-7.4758644,Alijó (centro urbano),2026-09-17 20:35,49,28
L2949931,PT,PT-08,PT-08-CM,37.3096285,-7.4490952,Almada d'Ouro,2026-05-22 21:35,164,99
L2485236,PT,PT-12,PT-12-SO,38.9624121,-7.8642154,Almadafe,2020-05-24 13:58,41,3
L2474045,PT,PT-10,PT-10-PN,39.3782979,-9.3125868,Almagreira,2026-04-23 09:49,48,8
L13226766,PT,PT-09,PT-09-AL,40.725952,-6.905971,Almeida,2026-08-23 09:07,86,51
L6174958,PT,PT-09,PT-09-VF,40.9992695,-7.0537806,Almendra,2026-08-16 07:06,91,27
L3637210,PT,PT-14,PT-14-TN,39.5032253,-8.6123961,Almonda,2026-09-21 06:28,53,19
L2619540,PT,PT-12,PT-12-NI,39.4171895,-7.619319,Alpalhão,2026-07-10 10:09,142,104
L11669184,PT,PT-06,PT-06-SO,40.1002338,-8.754818,Alqueidão,2026-09-16 11:21,96,49
L2666885,PT,PT-14,PT-14-AB,39.5322833,-8.3157213,Alqueidão,2023-09-26 17:31,95,55
L2513681,PT,PT-11,PT-11-LI,38.779766,-9.1538858,Alta de Lisboa,2026-09-26 09:15,97,265
L2806927,PT,PT-08,PT-08-LO,37.2358637,-8.1761885,Alte,2026-05-01 15:13,95,44
L3758113,PT,PT-12,PT-12-AC,39.1880277,-7.6230097,Alter Pedroso,2024-10-25 12:05,94,24
L2287796,PT,PT-12,PT-12-AC,39.1982053,-7.659874,Alter do Chão (centro urbano),2026-04-10 08:30,73,44
L2219477,PT,PT-17,PT-17-MT,41.8156303,-7.8475736,Alto Cávado,2026-09-02 12:30,86,31
L2918295,PT,PT-05,PT-05-FU,40.0804685,-7.5265467,Alto da Serra da Gardunha,2024-09-05 07:18,92,15
L17247176,PT,PT-07,PT-07-EV,38.5807835,-7.9375342,Alto de São Bento,2026-09-10 18:30,91,82
L5097526,PT,PT-11,PT-11-OE,38.7277649,-9.2690974,Alto do Paimão,2026-07-31 08:56,63,62
L1924678,PT,PT-08,PT-08-CM,37.1771417,-7.4944782,Altura,2026-09-06 14:27,163,428
L7107443,PT,PT-17,PT-17-BO,41.7041718,-7.8213557,Alturas do Barroso,2026-06-24 07:23,79,15
L3149101,PT,PT-15,PT-15-SC,37.9392968,-8.3786201,Alvalade,2026-09-09 18:25,123,33
L2888846,PT,PT-01,PT-01-AR,40.9692705,-8.1651592,Alvarenga,2026-08-01 21:13,79,40
L3159916,PT,PT-14,PT-14-AB,39.4628364,-8.0452538,Alvega--área geral,2025-07-29 20:27,123,48
L2968178,PT,PT-07,PT-07-MO,38.3205149,-7.2208285,Ameada,2026-04-11 11:31,80,12
L7322831,PT,PT-08,PT-08-LO,37.3671265,-7.9651034,Ameixial,2026-05-05 09:45,77,45
L5760661,PT,PT-05,PT-05-IN,40.0122361,-7.0951509,Amial,2025-12-03 11:37,83,18
L1255334,PT,PT-14,PT-14-CR,38.9455709,-8.6193109,Amieira,2026-07-07 16:29,136,76
L29767850,PT,PT-15,PT-15-SX,38.6301869,-9.1207783,Amora--Parque Municipal do Serrado,2026-04-15 13:34,30,4
L29641411,PT,PT-15,PT-15-SX,38.6247216,-9.1188341,Amora--Parque das Galeguinhas,2026-06-01 14:27,7,1
L30123588,PT,PT-15,PT-15-SX,38.6123116,-9.1402347,Amora--Quinta do Conde da Cunha,2024-03-25 13:48,20,1
L2519888,PT,PT-14,PT-14-MA,39.6617422,-8.0734921,Amêndoa,2018-08-18 21:45,43,18
L2941253,PT,PT-04,PT-04-VM,41.6151332,-6.4103293,Angueira,2026-08-13 10:11,121,295
L4067576,PT,PT-20,PT-20-VP,37.0055126,-25.1641417,Anjos,2026-06-07 19:10,41,39
L2693142,PT,PT-13,PT-13-PV,41.4540493,-8.8831329,Ao largo da Apúlia (saídas pelágicas),2024-05-26 07:00,39,38
L2804908,PT,PT-08,PT-08-LS,37.0063911,-8.632164,Ao largo da Baía de Lagos (saídas pelágicas),2026-08-09 18:43,65,58
L2805187,PT,PT-15,PT-15-GR,38.1788305,-8.9713669,Ao largo da Costa da Galé (saídas pelágicas),2006-04-22 08:00,6,2
L2593225,PT,PT-11,PT-11-MA,38.9647479,-9.6755219,Ao largo da Ericeira (saídas pelágicas),2009-04-08 07:30,14,3
L2593199,PT,PT-08,PT-08-VS,36.9844546,-7.4277878,Ao largo da Foz do Rio Guadiana (saídas pelágicas),2009-04-17 07:30,19,3
L2693304,PT,PT-06,PT-06-FF,40.3747976,-9.2292023,Ao largo da Praia da Tocha (saídas pelágicas),2006-11-02 08:30,22,3
L2593447,PT,PT-01,PT-01-MU,40.7847008,-8.936348,Ao largo da Torreira (saídas pelágicas),2026-05-26 06:05,21,6
L3239510,PT,PT-30,PT-30-FU,32.6029401,-16.8930244,Ao largo da baía do Funchal (saídas pelágicas),2026-09-22 14:43,56,248
L13368079,PT,PT-08,PT-08-OL,36.9655552,-7.7232464,Ao largo das Ilhas-Barreira (saídas pelágicas),2026-09-10 07:39,76,62
L2695513,PT,PT-08,PT-08-AB,36.9345255,-8.3283234,Ao largo de Armação de Pêra (saídas pelágicas),2026-09-02 16:08,22,9
L17436103,PT,PT-11,PT-11-CS,38.6710084,-9.4827101,Ao largo de Cascais (saídas pelágicas),2026-09-27 08:46,49,78
L2693292,PT,PT-01,PT-01-EN,41.0094389,-8.8841629,Ao largo de Esmoriz (saídas pelágicas),2009-04-02 08:00,30,5
L2693154,PT,PT-13,PT-13-MT,41.1995815,-8.8410759,Ao largo de Leça (saídas pelágicas),2025-07-05 16:31,18,3
L2695176,PT,PT-08,PT-08-AJ,37.4443354,-8.9195251,Ao largo de Odeceixe (saídas pelágicas),2006-11-13 08:00,13,1
L2994665,PT,PT-20,PT-20-PD,37.7062959,-25.6774521,Ao largo de Ponta Delgada (saídas pelágicas),2026-09-13 09:00,43,113
L2804926,PT,PT-08,PT-08-FA,36.8158814,-8.1291962,Ao largo de Quarteira (saídas pelágicas),2026-07-01 09:31,17,5
L2888962,PT,PT-08,PT-08-VB,36.92397,-8.99599,Ao largo de Sagres (saídas pelágicas),2026-09-24 09:19,91,319
L2695113,PT,PT-11,PT-11-TV,39.164141,-9.6535492,Ao largo de Santa Cruz (saídas pelágicas),2022-11-05 15:07,12,38
L2693322,PT,PT-10,PT-10-AC,39.800096,-9.3610382,Ao largo de São Pedro de Moel (saídas pelágicas),2009-04-06 07:45,20,7
L10813946,PT,PT-20,PT-20-VC,37.7048543,-25.4351443,Ao largo de Vila Franca do Campo (saídas pelágicas),2026-09-04 13:00,35,57
L2593348,PT,PT-06,PT-06-FF,40.1967081,-9.2855072,Ao largo do Cabo Mondego (saídas pelágicas),2021-04-16 17:30,20,3
L2695164,PT,PT-15,PT-15-SI,37.9875044,-9.1234589,Ao largo do Cabo de Sines (saídas pelágicas),2012-06-19 08:00,11,3
L2596809,PT,PT-03,PT-03-ES,41.529142,-8.9717102,Ao largo do Estuário do Cávado (saídas pelágicas),2023-07-13 07:34,28,40
L16021439,PT,PT-08,PT-08-VS,37.1900146,-7.4483174,Apeadeiro de Monte Gordo,2026-09-08 18:35,114,57
L11991464,PT,PT-03,PT-03-ES,41.4793681,-8.7577369,Apúlia e Criaz,2026-08-28 11:12,80,131
L11222469,PT,PT-09,PT-09-GO,40.5128057,-7.5871384,Aral,2026-09-24 08:46,121,401
L11240377,PT,PT-17,PT-17-CH,41.6493846,-7.6006669,Arcossó,2025-09-26 09:37,96,40
L3291814,PT,PT-09,PT-09-GO,40.5417704,-7.6257992,Arcozelo,2026-05-31 12:44,89,88
L4603607,PT,PT-08,PT-08-FA,37.0329163,-7.9042581,Areal Gordo,2025-04-08 08:11,53,27
L5707248,PT,PT-10,PT-10-AC,39.6347289,-8.9238515,Areeiro de Alpedriz,2026-05-06 14:37,62,14
L3499834,PT,PT-12,PT-12-GA,39.5162582,-7.9291034,Areia,2025-08-06 20:16,60,12
L6755630,PT,PT-13,PT-13-VG,41.1216777,-8.5588634,Areinho de Avintes,2026-09-26 18:51,76,22
L21967519,PT,PT-12,PT-12-NI,39.4862683,-7.7235224,Arez,2026-07-09 21:38,72,10
L7844182,PT,PT-13,PT-13-VG,41.1398038,-8.5849412,Areínho de Gaia,2026-08-03 09:33,78,49
L8485828,PT,PT-16,PT-16-CA,41.8672584,-8.7921478,Argela,2026-09-11 20:28,87,574
L4135497,PT,PT-14,PT-14-AM,39.142909,-8.4952211,Arneiro da Volta,2023-05-21 09:27,60,3
L2378317,PT,PT-07,PT-07-AR,38.7275336,-7.9908639,Arraiolos,2026-07-22 19:27,97,319
L3344097,PT,PT-15,PT-15-AM,38.6564852,-9.2334187,Arriba Fóssil da Costa da Caparica--Alpena,2026-09-23 09:59,138,382
L5552915,PT,PT-15,PT-15-AM,38.665642,-9.2357254,Arriba Fóssil da Costa da Caparica--Pica Galo,2025-11-29 16:45,59,20
L8077180,PT,PT-20,PT-20-PD,37.7821934,-25.7054057,Arribanas,2026-09-27 09:12,67,184
L3832162,PT,PT-08,PT-08-AB,37.0766766,-8.2777691,Arrifes,2026-09-25 07:05,105,98
L2366970,PT,PT-14,PT-14-CH,39.4569678,-8.3969534,Arripiado,2025-05-01 19:01,77,24
L14249601,PT,PT-14,PT-14-CH,39.4466751,-8.4107591,Arripiado--Campos Agrícolas,2026-07-03 20:46,65,19
L2821620,PT,PT-12,PT-12-AR,39.1216285,-7.2838926,Arronches (centro urbano),2026-08-28 20:13,86,41
L3765568,PT,PT-02,PT-02-AV,38.1589241,-8.0783629,Arrozais da Lagoa dos Patos (histórico),2025-05-07 20:10,110,33
L3233277,PT,PT-15,PT-15-AS,38.3521168,-8.7813163,Arrozais da Torre,2026-08-21 15:50,89,13
L2518185,PT,PT-15,PT-15-PA,38.5828616,-8.6720324,Arrozais de Águas de Moura,2026-06-28 20:16,144,56
L3233270,PT,PT-15,PT-15-AS,38.3128103,-8.7474132,Arrozais do Carvalhal,2026-09-19 14:30,106,19
L3268687,PT,PT-14,PT-14-CA,39.1073527,-8.7760377,Arrozais do Setil,2026-08-25 11:00,102,48
L3790380,PT,PT-01,PT-01-AG,40.5310478,-8.4855626,Arrozais do rio Cértima - área geral,2026-04-02 10:34,111,56
L22498462,PT,PT-01,PT-01-OB,40.5247136,-8.4688691,Arrozais do rio Cértima--Murta/Cercal,2023-02-07 11:02,38,1
L34367036,PT,PT-01,PT-01-AG,40.5452226,-8.5007642,Arrozais do rio Cértima--parques do Prego/Ribeirinho,2026-04-19 13:38,83,23
L5295484,PT,PT-02,PT-02-FA,37.9888573,-8.2101774,Arrozal da Herdade da Pedralva (histórico),2025-06-25 16:58,86,8
L1368090,PT,PT-08,PT-08-LA,37.168799,-8.4856715,Arrozal da Nossa Senhora do Rosário,2026-09-12 10:08,197,480
L27566150,PT,PT-02,PT-02-AJ,37.9669137,-8.1975284,Arrozal de Aldeia Nova,2026-04-21 09:45,86,17
L16140507,PT,PT-10,PT-10-PB,39.9962694,-8.713101,Arrozal de Bonitos,2026-07-21 08:38,69,3
L2219609,PT,PT-08,PT-08-LA,37.1343191,-8.4414482,Arrozal de Lagoa,2026-02-19 16:27,158,366
L12312676,PT,PT-08,PT-08-SI,37.1812369,-8.4598562,Arrozal de Silves e Arrochela,2026-02-16 09:16,134,68
L2596907,PT,PT-07,PT-07-EV,38.4358048,-7.7852726,Atafonas,2026-05-01 12:39,118,46
L2684639,PT,PT-15,PT-15-MN,38.7107302,-8.925029,Atalaia,2026-04-10 14:39,94,25
L2602230,PT,PT-04,PT-04-MD,41.4215711,-6.4820945,Atenor,2026-09-08 18:44,151,710
L2529434,PT,PT-02,PT-02-CU,38.2429626,-7.951988,Aterro sanitário de Alvito,2025-05-04 13:45,50,7
L2586288,PT,PT-02,PT-02-BE,37.9262375,-7.8669941,Aterro sanitário de Beja,2026-09-26 18:22,74,37
L2475344,PT,PT-15,PT-15-SC,38.021549,-8.3531499,Aterro sanitário de Ermidas do Sado,2026-05-30 15:05,57,14
L11009392,PT,PT-15,PT-15-PA,38.6157446,-8.9774082,Aterro sanitário de Palmela,2025-05-19 10:58,53,9
L3282710,PT,PT-17,PT-17-VR,41.252774,-7.710754,Aterro sanitário de Vila Real,2026-08-09 12:16,62,35
L2378318,PT,PT-07,PT-07-EV,38.5351867,-7.969653,Aterro sanitário de Évora,2026-09-25 17:30,97,90
L4212063,PT,PT-08,PT-08-PO,37.2313535,-8.6236668,Autódromo Internacional do Algarve,2026-03-28 10:20,57,15
L12438619,PT,PT-04,PT-04-MI,41.5395262,-7.0941498,Avantos-Romeu (Mirandela),2020-10-05 12:30,34,2
L10638169,PT,PT-14,PT-14-FZ,39.7435974,-8.3950378,Avecasta,2020-10-04 11:10,30,1
L11879853,PT,PT-04,PT-04-VM,41.6644489,-6.4082246,Avelanoso,2026-09-19 10:04,63,6
L5883234,PT,PT-09,PT-09-GU,40.6621804,-7.2223721,Avelãs da Ribeira,2026-05-24 14:39,68,4
L2287729,PT,PT-12,PT-12-AV,39.0528981,-7.8889214,Avis (centro urbano),2026-08-30 12:05,75,55
L3016124,PT,PT-18,PT-18-LA,41.1263706,-7.8343248,Avões de Lá,2026-07-17 16:52,63,41
L2821735,PT,PT-12,PT-12-MO,39.0154981,-7.3808384,Azeiteiro,2025-03-06 12:05,50,11
L2794789,PT,PT-12,PT-12-AV,39.0511185,-7.8204632,Azenhas do Ervedal,2026-09-27 09:15,167,1250
L3022131,PT,PT-14,PT-14-CR,38.9668956,-8.4785056,Azervadinha,2026-04-16 16:10,95,21
L6294405,PT,PT-12,PT-12-CR,39.221083,-7.5606966,Azinhal do Marquês,2021-07-25 09:36,70,7
L2908263,PT,PT-02,PT-02-BE,37.842597,-7.9049206,Azinhalinho,2025-10-23 12:29,97,16
L15903306,PT,PT-05,PT-05-OL,39.921195,-7.891749,Açude Pinto,2026-07-28 16:50,73,40
L18334918,PT,PT-12,PT-12-SO,38.995912,-7.724167,Açude da Abrunheira,2026-08-11 12:03,86,58
L2155235,PT,PT-14,PT-14-AB,39.2823762,-8.0940753,Açude da Boa Viagem,2024-12-28 14:39,58,13
L2290720,PT,PT-07,PT-07-MN,38.6141879,-8.4560823,Açude da Cabrita,2026-07-23 18:46,78,29
L2370399,PT,PT-14,PT-14-MA,39.5553016,-7.9626042,Açude da Ribeira de Eiras,2025-08-17 12:42,59,35
L13050522,PT,PT-02,PT-02-BE,37.8865572,-8.0239483,Açude da Ribeira dos Louriçais/Monte da Malhada,2026-09-04 11:52,124,93
L2999937,PT,PT-12,PT-12-SO,38.9787277,-7.7435374,Açude da Rouca,2026-09-10 09:49,139,180
L4648236,PT,PT-05,PT-05-IN,39.9043374,-7.2234678,Açude da Senhora da Graça,2025-02-18 13:36,75,19
L2366967,PT,PT-14,PT-14-GO,39.3991851,-8.4917128,Açude de Alverca do Campo,2026-09-27 15:39,125,276
L2171952,PT,PT-14,PT-14-CR,38.880744,-8.6092472,Açude de Branca,2026-08-04 11:23,79,14
L5768032,PT,PT-06,PT-06-CO,40.215413,-8.4415146,Açude de Coimbra,2026-09-23 19:10,78,52
L12587031,PT,PT-02,PT-02-ME,37.7123599,-7.5890703,Açude de Corte de Sines,2026-03-02 17:24,97,45
L2065591,PT,PT-07,PT-07-MR,38.9343764,-8.1102276,Açude de Foros de Mora,2025-12-01 12:00,58,8
L9787416,PT,PT-14,PT-14-SM,39.0950219,-8.6415341,Açude de Granho,2026-08-11 08:45,106,24
L2736081,PT,PT-05,PT-05-VV,39.6892996,-7.5532374,Açude de Monte Fidalgo,2026-09-09 09:23,141,179
L3886192,PT,PT-14,PT-14-TM,39.620615,-8.4068906,Açude de Pedra,2026-04-05 15:45,89,119
L8826297,PT,PT-02,PT-02-ME,37.613239,-7.802761,Açude de São João dos Caldeireiros,2026-07-29 10:20,153,324
L2155225,PT,PT-12,PT-12-PS,39.2129121,-8.0474639,Açude de Tramaga,2025-08-11 11:44,83,11
L10719648,PT,PT-07,PT-07-MR,38.8583333,-8.0455556,Açude de Vale Largo,2023-06-11 11:15,38,5
L6608076,PT,PT-02,PT-02-BE,37.9003307,-8.0170923,Açude de Vale Travessos,2026-09-04 11:16,129,167
L2999928,PT,PT-12,PT-12-EL,38.926698,-7.3113155,Açude de Vila Fernando,2026-08-05 15:45,124,75
L1477612,PT,PT-02,PT-02-AJ,37.819739,-8.0939791,Açude do Carregueiro,2026-09-12 10:15,162,387
L1255359,PT,PT-07,PT-07-MR,38.9691023,-8.2083106,Açude do Furadouro,2026-02-22 09:30,124,91
L2290629,PT,PT-07,PT-07-MR,38.9538691,-8.1095839,Açude do Gameiro,2026-08-22 16:43,140,170
L2765364,PT,PT-12,PT-12-FR,39.1050216,-7.7331734,Açude do Meloeiro,2026-04-27 16:56,85,70
L10719603,PT,PT-07,PT-07-MR,38.8752778,-8.0602778,Açude do Miguel,2025-01-02 08:30,65,8
L2704608,PT,PT-14,PT-14-CR,38.9041255,-8.4737206,Açude do Monte da Barca,2026-03-22 17:41,63,9
L3441249,PT,PT-07,PT-07-MR,38.8899973,-8.0440414,Açude do Monte da Carrocheira,2026-01-10 12:06,65,17
L3791256,PT,PT-07,PT-07-MO,38.3948861,-7.3286104,Açude do Monte da Fonte dos Arcos (Ribeira das Vinhas),2026-05-28 16:20,110,57
L3603787,PT,PT-07,PT-07-EV,38.4885993,-7.7287531,Açude do Monte do Gavião,2026-08-21 12:49,143,344
L3662052,PT,PT-07,PT-07-VN,38.5894366,-8.618474,Açude do Vale das Bicas,2026-05-31 09:16,104,46
L14487868,PT,PT-15,PT-15-SC,37.9945232,-8.3567488,Açude do Vale de Pereiros,2021-06-07 07:15,81,7
L2995919,PT,PT-14,PT-14-CR,38.8286759,-8.2442093,Açude do vale de Gato,2022-05-28 18:20,69,9
L4185724,PT,PT-07,PT-07-VA,38.3751398,-8.2304549,Açudes da Herdade das Banhas,2026-03-15 08:52,122,58
L4185777,PT,PT-07,PT-07-MN,38.5358802,-8.2743573,Açudes de Olheiros,2025-02-05 09:14,94,25
L3140131,PT,PT-15,PT-15-AS,38.3585513,-8.2927036,Açudes de Vale de Arca,2020-12-30 13:21,109,14
L4982226,PT,PT-20,PT-20-AH,38.6548095,-27.2287399,Baia do Fanal,2026-08-13 07:15,38,80
L3867289,PT,PT-07,PT-07-ES,38.8469609,-7.5028682,Bailão,2025-06-27 06:40,82,16
L10638188,PT,PT-14,PT-14-FZ,39.6489705,-8.24123,Bairrada,2026-08-30 12:07,40,14
L15241776,PT,PT-15,PT-15-MN,38.7082824,-8.9925573,Bairro da Caneira,2025-01-24 15:32,88,77
L14134819,PT,PT-20,PT-20-CO,39.6951165,-31.086456,Baixa do Poço d'Água,2025-10-17 15:25,21,13
L3332750,PT,PT-09,PT-09-SE,40.4299868,-7.7093071,Baixa do Rio Seia,2026-08-06 15:25,119,241
L2695181,PT,PT-08,PT-08-AJ,37.2248611,-9.1526413,Baixios da Bordeira (saídas pelágicas),2018-10-05 14:00,11,2
L4727284,PT,PT-01,PT-01-ER,40.713544,-8.6092812,Baixo Vouga -- Esteiro da Barbosa,2026-09-17 10:48,131,114
L7586200,PT,PT-01,PT-01-AL,40.7172705,-8.6253029,Baixo Vouga--dique,2026-09-04 15:00,113,87
L2876833,PT,PT-01,PT-01-AL,40.7051969,-8.6077492,Baixo Vouga--área geral,2026-09-09 11:45,166,250
L2593352,PT,PT-06,PT-06-MI,40.4751584,-9.0644073,Baixos de Mira (saídas pelágicas),2009-04-04 08:00,14,2
L3568168,PT,PT-07,PT-07-AR,38.7002144,-7.9973817,Balanqueira,2023-08-03 10:19,66,9
L23295375,PT,PT-18,PT-18-MA,40.6220029,-7.6547142,Baldios de Corvaceira,2026-08-13 07:20,86,27
L1370143,PT,PT-10,PT-10-PN,39.3566304,-9.3469215,Baleal Sol Village II,2026-09-17 17:55,122,430
L3319284,PT,PT-02,PT-02-BE,38.0277771,-7.7193332,Baleizão,2025-12-27 09:43,85,10
L3159649,PT,PT-14,PT-14-CH,39.3279904,-8.3757019,Balsas,2026-06-11 15:20,80,10
L6270884,PT,PT-20,PT-20-HO,38.504,-28.883,Banco Condor (saídas pelágicas),2026-09-19 08:04,14,8
L11978131,PT,PT-20,PT-20-HO,38.005957,-29.299342,Banco Princesa Alice (saídas pelágicas),2020-07-23 09:45,8,0
L4905361,PT,PT-20,PT-20-SG,39.0144529,-27.6133734,Banco da Fortuna (saídas pelágicas),2026-08-30 16:48,31,72
L3017020,PT,PT-30,PT-30-PS,34.8228227,-13.1561279,Banco de Ampére--encostas sul (saídas pelágicas),2025-04-09 19:00,4,3
L3016989,PT,PT-08,PT-08-VB,36.5890684,-11.3845825,Banco de Gorringe,2026-04-04 10:00,15,4
L3017003,PT,PT-08,PT-08-VB,36.7432861,-11.0391998,Banco de Gorringe--Monte Ormonde,2024-09-18 00:00,9,4
L3123304,PT,PT-08,PT-08-VB,36.2265501,-11.5109253,Banco de Gorringe--encostas sul,2018-07-31 19:34,5,7
L3168094,PT,PT-15,PT-15-AM,38.6777543,-9.1974342,Banática,2026-04-12 12:40,46,26
L2821724,PT,PT-12,PT-12-EL,38.9589238,-7.2972393,Barbacena,2026-05-16 12:11,86,15
L3961760,PT,PT-20,PT-20-MA,38.5424091,-28.5207224,Barca,2026-09-24 16:20,45,289
L2769240,PT,PT-12,PT-12-NI,39.5215564,-7.8345404,Barca da Amieira,2025-12-14 15:17,110,43
L9698113,PT,PT-03,PT-03-ES,41.509496,-8.7513307,Barca do Lago,2026-09-04 17:36,80,126
L11807873,PT,PT-03,PT-03-BA,41.5289129,-8.618663,Barcelos (centro urbano),2026-07-18 19:41,60,45
L2059050,PT,PT-07,PT-07-AR,38.8322196,-7.9054356,Bardeiras,2026-08-29 07:53,118,50
L3313683,PT,PT-14,PT-14-VB,39.4570546,-8.4295446,Barquinha Parque,2026-08-30 15:15,108,193
L4080415,PT,PT-14,PT-14-GO,39.3793595,-8.4871852,Barracão do Duque,2026-08-31 16:23,94,103
L10078828,PT,PT-13,PT-13-GO,41.073728,-8.486905,Barragem Crestuma-Lever,2026-09-10 09:56,45,32
L20195590,PT,PT-03,PT-03-FA,41.506261,-8.162709,Barragem Queimadela,2026-09-25 09:36,59,43
L11811063,PT,PT-08,PT-08-CM,37.3155749,-7.5774897,Barragem da Corte Pequena,2024-02-29 11:53,46,5
L54066740,PT,PT-20,PT-20-SF,39.4621846,-31.1600749,Barragem da Fazenda,2025-10-25 11:49,6,10
L26539749,PT,PT-04,PT-04-FE,41.13077,-6.8375697,Barragem da Ferradosa,2025-05-30 17:46,35,5
L20769897,PT,PT-02,PT-02-SE,37.97068,-7.516609,Barragem da Herdade da Lage,2025-11-25 14:19,85,22
L39431526,PT,PT-04,PT-04-TM,41.2453012,-7.1325281,Barragem da Horta da Vilariça,2026-01-14 14:06,32,4
L3385812,PT,PT-18,PT-18-TO,40.5907945,-8.0677521,Barragem da Ribeira do Paúl,2026-08-14 09:02,54,22
L22433167,PT,PT-12,PT-12-SO,38.9925169,-7.8546971,Barragem da Turca,2025-10-01 17:22,68,13
L12691654,PT,PT-17,PT-17-MT,41.6920623,-8.0913126,Barragem de Salamonde,2026-08-02 09:05,37,9
L28863578,PT,PT-17,PT-17-VR,41.2885141,-7.7491762,Barragem do Terragido,2024-01-25 15:07,24,2
L14412194,PT,PT-12,PT-12-PS,39.178996,-7.963813,Barragem do Vale Penedo,2026-09-01 18:39,62,13
L16094808,PT,PT-12,PT-12-PS,39.2295754,-7.888239,Barragem do Vale da Estrada,2025-03-23 16:34,73,15
L19192900,PT,PT-05,PT-05-CB,39.7914144,-7.3299825,Barragem do Vidigal,2026-09-11 19:11,94,28
L14120586,PT,PT-08,PT-08-AB,37.0933881,-8.1816149,Barranco das Belharucas,2026-08-30 11:56,70,18
L2661104,PT,PT-02,PT-02-FA,38.1117128,-8.0301905,Barranco do Corvo,2024-01-05 11:40,74,15
L5879232,PT,PT-08,PT-08-AC,37.3005313,-7.662304,Barranco do Curral do Telhado--Cabaços,2023-08-06 11:42,47,20
L3572933,PT,PT-08,PT-08-CM,37.3257378,-7.6290071,Barranco do Curral do Telhado--Fernão Gil,2024-07-09 07:38,71,41
L2872494,PT,PT-01,PT-01-IL,40.5885985,-8.6445343,Barreiro da Légua,2026-06-27 09:45,65,23
L2369169,PT,PT-01,PT-01-OV,40.965369,-8.6425066,Barrinha de Esmoriz,2026-09-27 08:35,263,2817
L2776413,PT,PT-06,PT-06-MI,40.4455427,-8.7971199,Barrinha de Mira,2026-09-20 10:31,134,178
L2995873,PT,PT-07,PT-07-MN,38.7341006,-8.2768893,Barrocal de Baixo,2022-05-21 19:03,51,6
L2696956,PT,PT-15,PT-15-AS,38.355388,-8.4568763,Barrosinha,2026-05-08 15:22,80,12
L5429399,PT,PT-15,PT-15-AM,38.6626596,-9.147191,Base Naval do Alfeite (Acesso Restrito),2026-08-25 19:32,96,98
L14143558,PT,PT-09,PT-09-SA,40.4787971,-6.8500249,Batocas,2026-05-24 08:28,90,40
L1792527,PT,PT-20,PT-20-AH,38.6476249,-27.09753,Baía da Salga,2026-08-13 06:45,33,57
L2523942,PT,PT-11,PT-11-CS,38.6963381,-9.4158311,Baía de Cascais,2026-08-31 13:02,95,196
L3443840,PT,PT-20,PT-20-HO,38.5242643,-28.6280966,Baía de Porto Pim,2026-09-19 08:29,83,723
L2430575,PT,PT-10,PT-10-AC,39.5062923,-9.1407537,Baía de São Martinho do Porto,2026-09-25 18:50,131,221
L2804897,PT,PT-08,PT-08-VB,36.9944307,-8.9948845,Baía do Beliche (saídas pelágicas),2026-09-24 08:45,50,34
L1548868,PT,PT-15,PT-15-SX,38.6353529,-9.1103848,Baía do Seixal,2026-09-16 12:57,117,248
L2887093,PT,PT-20,PT-20-PD,37.8917214,-25.8213472,Baía dos Mosteiros,2026-09-27 13:09,66,207
L2695636,PT,PT-02,PT-02-BE,38.0152772,-7.8628096,Beja (centro urbano),2026-07-18 11:45,96,95
L2951359,PT,PT-02,PT-02-SE,38.0306562,-7.3923236,Belmeque,2026-09-22 00:00,108,26
L54602508,PT,PT-02,PT-02-SE,38.028963,-7.413625,Belmeque--Açude de Belmeque Novo,2025-12-18 10:18,25,2
L2577809,PT,PT-12,PT-12-GA,39.4914568,-7.9489946,Belver,2026-04-03 17:45,79,38
L8428580,PT,PT-12,PT-12-GA,39.5030752,-7.9656532,Belver--Água Branca,2024-12-17 14:17,58,28
L2156490,PT,PT-05,PT-05-PE,40.2251553,-7.2356129,Benquerença,2025-11-17 14:00,70,27
L2142527,PT,PT-02,PT-02-ME,37.7178359,-7.8408332,Benviúda,2026-09-16 10:18,133,470
L6855381,PT,PT-11,PT-11-LI,38.751115,-9.144679,Biblioteca dos Coruchéus,2026-03-05 12:54,46,64
L965531,PT,PT-08,PT-08-SB,37.2033979,-7.9283524,Bicas da Serra,2024-12-09 08:53,58,23
L7527759,PT,PT-18,PT-18-LA,41.006434,-7.886535,Bigorne,2026-08-20 09:41,80,70
L12028574,PT,PT-01,PT-01-ER,40.7059579,-8.5622477,BioRia - percurso de Fermelã,2026-09-01 19:15,37,5
L23008773,PT,PT-01,PT-01-ER,40.7125606,-8.5644984,BioRia--percurso de Canelas,2026-09-21 12:16,81,43
L5936684,PT,PT-17,PT-17-MB,41.4017287,-7.8340673,Bobal,2026-04-05 07:21,53,10
L1549891,PT,PT-20,PT-20-NO,37.8447481,-25.1468107,Boca da Ribeira,2026-09-21 10:06,43,60
L2725107,PT,PT-09,PT-09-PI,40.8181203,-7.118969,Bogalhal,2021-05-23 11:27,56,1
L3527931,PT,PT-03,PT-03-BR,41.5538859,-8.3768177,Bom Jesus,2026-09-19 13:11,89,237
L5748946,PT,PT-08,PT-08-PO,37.1487513,-8.5214686,Bom Retiro,2026-09-02 18:38,192,307
L2810219,PT,PT-10,PT-10-OB,39.3486023,-9.1580406,Bosque do Estádio Municipal de Óbidos,2026-04-12 16:03,41,12
L15594508,PT,PT-15,PT-15-AM,38.6344542,-9.1988132,Botequim,2026-09-21 17:55,72,46
L3144308,PT,PT-12,PT-12-NI,39.5698164,-7.5245404,Boto,2025-04-20 09:30,57,10
L4317901,PT,PT-16,PT-16-PC,41.9682016,-8.5040832,Boulhosa,2019-11-09 14:35,45,7
L2249245,PT,PT-04,PT-04-BR,41.8110771,-6.7657923,Bragança (centro urbano),2026-08-21 08:16,74,49
L11775912,PT,PT-16,PT-16-MO,42.000758,-8.292676,Branda de Santo António,2026-07-10 19:44,77,34
L2619619,PT,PT-15,PT-15-AS,38.3218067,-8.768785,Brejos da Carregueira,2025-05-29 09:19,102,14
L2949008,PT,PT-02,PT-02-SE,38.0364314,-7.6048246,Brinches,2024-09-14 11:00,103,13
L8238318,PT,PT-07,PT-07-MR,38.8712456,-8.1505109,Brotas,2026-06-10 19:10,65,9
L13047723,PT,PT-12,PT-12-NI,39.5354047,-7.6081214,Bruceira,2026-08-17 10:50,135,134
L4786348,PT,PT-17,PT-17-VA,41.5464723,-7.3601961,Brunhais,2023-11-21 08:57,37,3
L4148709,PT,PT-10,PT-10-BO,39.2765897,-9.1398954,Buddha Eden (acesso condicionado),2026-09-21 16:23,70,35
L2971632,PT,PT-17,PT-17-VR,41.208493,-7.6953006,Bujões,2026-06-25 20:20,31,7
L4108763,PT,PT-12,PT-12-PA,39.3629706,-7.5031042,Burromão,2025-04-27 20:44,53,4
L2666933,PT,PT-15,PT-15-SI,38.0065908,-8.8073874,Bêbeda,2025-11-04 15:15,69,13
L3291487,PT,PT-09,PT-09-GO,40.5028847,-7.5755775,CERVAS/Parque Ecológico de Gouveia,2026-09-22 10:40,100,218
L9989080,PT,PT-09,PT-09-SE,40.4190709,-7.7100139,CISE,2026-09-15 10:00,72,143
L2063619,PT,PT-08,PT-08-CM,37.3004118,-7.6293182,Cabacinhos,2020-06-20 00:00,34,6
L3023776,PT,PT-30,PT-30-SA,32.8266228,-16.9389734,Cabanas,2026-08-07 18:18,22,45
L4135947,PT,PT-12,PT-12-AV,39.0525183,-8.0902719,Cabecinhos,2018-07-02 10:22,67,7
L3653997,PT,PT-02,PT-02-BE,37.9252427,-7.7934694,Cabeça Gorda,2026-04-03 19:11,75,7
L3338620,PT,PT-15,PT-15-SI,37.82226,-8.7407184,Cabeça da Cabra,2026-08-26 15:19,68,12
L2757933,PT,PT-02,PT-02-OU,37.6199933,-8.1623375,Cabeça da Serra,2026-06-11 17:41,110,44
L1931899,PT,PT-14,PT-14-SD,39.5305788,-8.1290827,Cabeça das Mós,2025-03-17 16:39,79,22
L3487624,PT,PT-08,PT-08-SB,37.2481628,-7.8266215,Cabeça do Velho,2026-04-29 08:40,52,6
L3089255,PT,PT-10,PT-10-AC,39.565601,-9.056268,Cabeço da Moita,2026-09-26 12:45,100,36
L3032414,PT,PT-12,PT-12-FR,39.1324027,-7.5900292,Cabeço de Vide,2026-04-30 11:43,71,25
L7897795,PT,PT-30,PT-30-PS,33.0340532,-16.3803366,Cabeço do Zimbralinho,2026-08-05 11:44,35,14
L2279844,PT,PT-07,PT-07-MR,38.9528659,-8.0744151,Cabeção,2026-02-23 11:00,136,96
L2794751,PT,PT-07,PT-07-AR,38.6901325,-8.0640078,Cabido Encarnado,2026-04-10 19:15,99,71
L1220004,PT,PT-10,PT-10-PN,39.3593513,-9.4089592,Cabo Carvoeiro,2026-09-25 16:53,185,1595
L2997464,PT,PT-30,PT-30-CL,32.6565208,-17.0040196,Cabo Girão,2026-09-08 14:23,51,109
L4909522,PT,PT-06,PT-06-FF,40.178475,-8.905451,Cabo Mondego,2026-09-22 07:20,121,221
L2487111,PT,PT-15,PT-15-SI,37.9619279,-8.8845935,Cabo de Sines,2026-07-02 12:19,94,101
L54005082,PT,PT-20,PT-20-SF,39.520117,-31.224898,Caboucos,2025-10-13 15:32,14,5
L4128439,PT,PT-09,PT-09-AL,40.5689802,-7.0225382,Cabreira,2025-10-15 13:06,59,6
L2290781,PT,PT-07,PT-07-MN,38.586753,-8.5080957,Cabrela--Retorta,2026-07-27 20:02,115,56
L2063651,PT,PT-08,PT-08-TA,37.3333817,-7.8171158,Cachopo,2026-04-08 10:15,81,31
L3168103,PT,PT-15,PT-15-AM,38.6881561,-9.1463327,Cacilhas,2026-09-18 07:21,55,69
L3443851,PT,PT-09,PT-09-FA,40.5870624,-7.5110596,Cadoiço,2025-03-14 07:16,76,46
L3523193,PT,PT-11,PT-11-LI,38.750089,-9.094934,Cais da Matinha,2026-08-30 18:50,105,576
L16604819,PT,PT-20,PT-20-PD,37.7374423,-25.6693781,Cais da Sardinha,2026-09-27 17:15,65,228
L29771259,PT,PT-01,PT-01-ER,40.801403,-8.6356969,Cais da ribeira da Aldeia,2026-06-01 13:05,67,7
L2292109,PT,PT-11,PT-11-LI,38.7065191,-9.1361994,Cais das Colunas,2026-09-26 15:00,86,498
L8860561,PT,PT-18,PT-18-CI,41.0692926,-8.2596639,Cais de Escamarão,2026-07-02 15:08,52,26
L22869789,PT,PT-01,PT-01-OV,40.8634362,-8.6556923,Cais do Carregal,2026-06-25 16:27,71,16
L6245200,PT,PT-20,PT-20-MA,38.5586448,-28.4807843,Cais do Mourato,2025-05-02 12:14,20,18
L2360193,PT,PT-20,PT-20-SP,38.5298865,-28.3209595,Cais do Pico,2026-06-17 07:18,50,351
L2826247,PT,PT-11,PT-11-LI,38.7058409,-9.1445088,Cais do Sodré,2026-09-25 08:17,74,267
L4023063,PT,PT-01,PT-01-IL,40.6501914,-8.7304348,Cais do ferryboat,2026-08-23 09:45,89,136
L30270711,PT,PT-03,PT-03-GU,41.481979,-8.3420655,Caldas das Taipas (centro urbano),2025-07-06 18:10,37,4
L3213903,PT,PT-18,PT-18-NE,40.489125,-7.857707,Caldas de Felgueira,2026-09-23 07:11,88,38
L1458114,PT,PT-08,PT-08-MO,37.2838741,-8.5546562,Caldas de Monchique,2026-09-17 11:55,104,195
L27641413,PT,PT-20,PT-20-LF,39.4056,-31.218019,Caldeira Funda,2026-08-17 13:40,10,9
L20331163,PT,PT-20,PT-20-RG,37.7818646,-25.4994468,Caldeira Velha,2026-07-25 17:25,23,35
L1793342,PT,PT-20,PT-20-AH,38.712591,-27.2127486,Caldeira de Guilherme Moniz,2026-07-04 17:54,41,209
L1931117,PT,PT-15,PT-15-GR,38.4768414,-8.8831329,Caldeira de Tróia,2026-04-06 09:00,111,48
L20722562,PT,PT-20,PT-20-PD,37.8675158,-25.8053044,Caldeira do Alferes,2026-09-13 08:05,47,35
L19795076,PT,PT-20,PT-20-HO,38.5813103,-28.7073202,Caldeira do Faial,2026-09-23 11:00,31,92
L3130289,PT,PT-20,PT-20-CO,39.7117592,-31.1089897,Caldeirão do Corvo,2026-09-26 10:30,99,242
L14036314,PT,PT-14,PT-14-TM,39.5757325,-8.4497039,Caldelas,2025-11-22 12:00,65,37
L2697117,PT,PT-14,PT-14-AM,39.1230357,-8.52494,Calha do Grou,2026-01-28 16:31,59,7
L7924553,PT,PT-20,PT-20-LP,38.4397973,-28.0557496,Calhau da Ponta,2026-09-26 17:17,30,80
L16993035,PT,PT-30,PT-30-CT,32.7208974,-17.1781313,Calheta,2026-09-25 20:35,35,43
L3806742,PT,PT-11,PT-11-LI,38.7832606,-9.1673988,Calçada de Carriche,2026-09-27 08:24,79,764
L2972469,PT,PT-18,PT-18-LA,41.1293769,-7.8066444,Cambres,2026-06-22 20:07,50,40
L17930824,PT,PT-16,PT-16-CA,41.8740219,-8.8371004,Caminha (centro urbano),2026-09-25 16:16,102,1853
L27626956,PT,PT-20,PT-20-SF,39.497743,-31.231751,Caminho das Lombas,2023-10-21 17:28,8,3
L11681894,PT,PT-01,PT-01-OB,40.5041,-8.6031183,Caminho do Ribeirinho - Bustos,2026-06-18 10:19,61,19
L9501866,PT,PT-13,PT-13-MC,41.1618833,-8.1464229,Caminhos de Tongóbriga,2026-05-13 09:43,50,8
L2918289,PT,PT-05,PT-05-IN,39.8689052,-7.2140694,Campina de Idanha--área geral,2026-09-05 17:09,152,218
L7498660,PT,PT-09,PT-09-FC,40.8350477,-6.9317722,Campina de Vilar Torpim,2026-05-18 14:03,110,62
L15139359,PT,PT-02,PT-02-OU,37.5671884,-8.2645663,Camping Serro da Bica,2026-07-19 11:56,52,10
L3537166,PT,PT-18,PT-18-CD,40.9986055,-7.9286045,Campo Benfeito,2026-08-23 16:32,107,122
L3438041,PT,PT-14,PT-14-CN,39.3924943,-8.2887983,Campo Militar de Santa Margarida (acesso condicionado),2025-09-13 18:24,67,7
L2307364,PT,PT-11,PT-11-LI,38.708797,-9.1313177,Campo das Cebolas,2026-09-06 09:16,63,129
L10084415,PT,PT-11,PT-11-LI,38.779001,-9.1696232,Campo de Golfe - Quinta dos Alcoutins (Lisboa),2026-08-21 08:55,94,97
L9138457,PT,PT-13,PT-13-PV,41.4498034,-8.778162,Campo de Golfe da Estela,2026-08-28 10:05,74,25
L1273722,PT,PT-11,PT-11-LI,38.7178444,-9.1656662,Campo de Ourique,2026-09-24 17:09,61,1440
L2574178,PT,PT-15,PT-15-MN,38.7560243,-8.7281013,Campo de Tiro de Alcochete--Açude do Areeiro (acesso condicionado),2026-09-24 08:48,129,29
L2574196,PT,PT-14,PT-14-BE,38.8065404,-8.7799859,Campo de Tiro de Alcochete--Infantado (acesso condicionado),2026-03-28 16:38,99,17
L2710379,PT,PT-14,PT-14-BE,38.7926939,-8.7540865,Campo de Tiro de Alcochete--Ribeira do Vale do Cobrão (acesso condicionado),2024-02-25 07:54,72,4
L2596829,PT,PT-14,PT-14-BE,38.7630519,-8.7843204,Campo de Tiro de Alcochete--Zona de Tiro (acesso condicionado),2023-04-17 08:45,73,5
L6990096,PT,PT-04,PT-04-VM,41.5230054,-6.5657043,Campo de Víboras,2026-03-25 16:49,63,13
L1176651,PT,PT-11,PT-11-LI,38.7214235,-9.1399786,Campo dos Mártires da Pátria,2026-08-29 09:17,53,114
L7946070,PT,PT-18,PT-18-SC,40.3845565,-8.091879,Campolinho,2026-08-27 18:18,86,166
L12950951,PT,PT-20,PT-20-CO,39.6781637,-31.1170608,Campos Altos,2025-10-17 10:12,38,25
L13005107,PT,PT-06,PT-06-SO,40.0729127,-8.7440795,Campos Vinha da Rainha,2026-08-10 09:10,81,24
L2912580,PT,PT-10,PT-10-OB,39.3391435,-9.2108989,Campos agrícolas da Amoreira,2026-05-23 17:42,83,57
L4376444,PT,PT-15,PT-15-PA,38.5689729,-8.9632934,Campos agrícolas da Quinta-do-Anjo,2026-09-07 10:41,109,138
L2444344,PT,PT-10,PT-10-OB,39.3429852,-9.1844362,Campos agrícolas de A-da-Gorda,2026-02-24 17:45,29,5
L2182800,PT,PT-14,PT-14-TM,39.5449889,-8.4135962,Campos agrícolas de Maxial,2026-07-08 18:56,34,3
L2473875,PT,PT-14,PT-14-AB,39.4740455,-8.208434,Campos agrícolas de Samarra,2024-09-11 17:17,59,29
L2078716,PT,PT-14,PT-14-TM,39.5584565,-8.3903575,Campos agrícolas de Santa Cita,2026-09-15 13:33,76,45
L2127670,PT,PT-14,PT-14-TM,39.5871036,-8.4025079,Campos agrícolas de São Lourenço,2026-09-19 08:23,53,10
L5179762,PT,PT-06,PT-06-SO,40.1019072,-8.6574411,Campos agrícolas do Arunca,2026-05-31 11:53,97,34
L3893324,PT,PT-14,PT-14-TM,39.5590521,-8.45016,Campos agrícolas do Marmeleiro,2026-09-27 18:23,124,685
L4317808,PT,PT-06,PT-06-CO,40.2040832,-8.5097587,Campos agrícolas do Mondego--Taveiro,2026-09-05 16:22,78,23
L22229307,PT,PT-09,PT-09-SE,40.4505119,-7.7229114,Campos de Santa Comba,2026-03-15 11:11,69,30
L5361450,PT,PT-11,PT-11-CS,38.7307652,-9.3511891,Campos de Tires,2023-09-06 09:57,41,13
L13515944,PT,PT-01,PT-01-AG,40.5728245,-8.4565564,Campos de Águeda,2026-02-20 21:43,63,24
L2483484,PT,PT-14,PT-14-AB,39.4915343,-8.1516784,Campos do Gaio,2026-05-15 17:00,45,14
L2975325,PT,PT-10,PT-10-LE,39.806658,-8.850724,Campos do Lis--Amor,2026-07-25 09:49,92,22
L3026049,PT,PT-10,PT-10-LE,39.8759206,-8.8898706,Campos do Lis--Carreira/Galeota,2026-09-04 08:28,182,437
L2980379,PT,PT-01,PT-01-AV,40.6305925,-8.6578283,Campus da Universidade de Aveiro,2026-09-24 16:32,125,697
L2678081,PT,PT-17,PT-17-VR,41.2891903,-7.7442884,Campus da Universidade de Trás-os-Montes e Alto Douro (UTAD),2026-06-25 17:47,114,364
L2066652,PT,PT-20,PT-20-PV,38.7044678,-27.1264458,Canada do Junco,2026-08-30 12:55,79,299
L2062354,PT,PT-20,PT-20-PV,38.7108307,-27.1345997,Canada do Quinhão Grande,2026-09-12 14:08,88,457
L8140939,PT,PT-20,PT-20-AH,38.6845287,-27.1261338,Canada dos Compridos,2026-09-04 14:04,49,98
L3110472,PT,PT-15,PT-15-GR,38.1326325,-8.4779263,Canal Caveira,2025-12-25 16:21,84,10
L3653432,PT,PT-20,PT-20-HO,38.517717,-28.5821342,Canal entre o Pico e o Faial (saídas pelágicas),2026-09-23 09:07,30,105
L3257362,PT,PT-05,PT-05-OL,40.0234409,-7.8738284,Caneiros,2026-05-12 16:41,40,14
L2971553,PT,PT-17,PT-17-PR,41.1636647,-7.7269936,Canelas,2024-09-28 17:14,38,8
L6371630,PT,PT-01,PT-01-ER,40.7192672,-8.5352296,Canelas,2026-09-25 09:47,107,486
L12459309,PT,PT-01,PT-01-ER,40.7256751,-8.5447843,Canelas - Mata,2026-09-25 18:41,77,39
L22817441,PT,PT-01,PT-01-ER,40.7322676,-8.5330504,Canelas--Vale do Rio Cabrão,2026-06-20 16:50,60,14
L1554836,PT,PT-08,PT-08-LA,36.9080838,-8.5278613,Canhão Submarino de Portimão (saídas pelágicas),2026-09-15 13:53,46,36
L5558083,PT,PT-11,PT-11-AL,39.1172984,-9.0000021,Canhão cársico de Ota,2026-05-06 08:47,75,18
L2593232,PT,PT-10,PT-10-PN,39.6733704,-9.5594788,Canhão da Nazaré (saídas pelágicas),2009-04-07 07:30,12,3
L2596815,PT,PT-01,PT-01-AV,40.7274864,-9.369278,Canhão de Aveiro (saídas pelágicas),2026-09-21 07:30,31,8
L2593218,PT,PT-08,PT-08-FA,36.6673174,-7.6677704,Canhão de Faro (saídas pelágicas),2025-05-06 20:43,30,4
L2485376,PT,PT-05,PT-05-IN,39.915793,-7.2356987,Canhão de Idanha,2026-09-09 15:23,104,143
L2695186,PT,PT-08,PT-08-VB,36.8642402,-8.8700867,Canhão de Sagres (saídas pelágicas),2026-09-25 08:08,84,167
L2695158,PT,PT-15,PT-15-SS,38.2907091,-9.1122436,Canhão de Setúbal (saídas pelágicas),2026-09-12 07:00,21,13
L2695550,PT,PT-08,PT-08-VB,37.0756871,-9.2070007,Canhão de São Vicente (saídas pelágicas),2026-05-20 11:49,43,40
L1315159,PT,PT-08,PT-08-LO,37.0845173,-8.1284291,Caniçais de Vilamoura,2026-08-24 08:53,172,299
L5268295,PT,PT-30,PT-30-MA,32.7372559,-16.7365551,Caniçal,2026-09-18 10:20,66,133
L7927813,PT,PT-16,PT-16-CA,41.8661444,-8.8130349,Caniçal do Coura e veiga envolvente,2026-07-11 11:53,112,250
L976960,PT,PT-30,PT-30-SC,32.6421665,-16.8295902,Caniço de Baixo,2026-08-23 09:05,50,70
L5200638,PT,PT-13,PT-13-PO,41.147911,-8.665303,Cantareira,2026-09-10 11:52,68,72
L12950991,PT,PT-20,PT-20-CO,39.7038791,-31.0870142,Cantinho,2025-10-20 13:31,40,51
L12745060,PT,PT-12,PT-12-PA,39.2275382,-7.4482587,Cantoneiros,2026-08-07 08:05,87,11
L4291299,PT,PT-14,PT-14-CN,39.481779,-8.3315078,Capareira,2026-07-08 19:08,65,27
L2519924,PT,PT-14,PT-14-MA,39.6422572,-7.9452746,Capela,2017-10-05 12:38,31,8
L28138615,PT,PT-01,PT-01-EN,40.9781365,-8.6494278,Capela de Nossa Senhora da Aparecida,2026-09-26 07:37,47,8
L9388362,PT,PT-17,PT-17-CH,41.6691652,-7.5178108,Capela de Santa Bárbara,2026-09-17 14:17,78,36
L3306887,PT,PT-13,PT-13-VG,41.0687649,-8.6587561,Capela do Senhor da Pedra,2026-09-15 10:00,109,180
L2997312,PT,PT-07,PT-07-AL,38.5682671,-7.3790574,Capelins,2023-12-10 15:00,46,5
L4118163,PT,PT-05,PT-05-FU,40.2046404,-7.3727059,Capinha,2025-05-25 11:59,60,3
L6286195,PT,PT-09,PT-09-GO,40.4874329,-7.6131881,Caramuja,2021-12-11 09:30,39,4
L4691580,PT,PT-18,PT-18-TO,40.5487614,-8.2018813,Caramulinho,2026-08-31 16:43,54,15
L3107244,PT,PT-20,PT-20-SG,39.0114145,-27.9623938,Carapacho,2026-09-11 19:12,23,17
L3327835,PT,PT-14,PT-14-OU,39.6426251,-8.5869097,Carapita,2022-11-11 14:15,38,32
L4185632,PT,PT-09,PT-09-AB,40.7491345,-7.4641317,Carapito,2024-01-08 13:12,57,7
L2995839,PT,PT-14,PT-14-CR,38.831551,-8.4644938,Carapuções,2026-04-26 09:58,65,10
L18586360,PT,PT-05,PT-05-BE,40.281406,-7.3585803,Caria,2026-06-26 11:06,82,49
L14557155,PT,PT-09,PT-09-SE,40.4022155,-7.7568053,Carragosela--Lagoas das Queijarias,2025-07-13 13:04,71,29
L10130760,PT,PT-08,PT-08-AJ,37.3580394,-8.7811092,Carrascalinho,2026-08-11 09:52,73,10
L4811571,PT,PT-04,PT-04-CA,41.24066,-7.305876,Carrazeda de Ansiães (centro urbano),2026-08-18 11:10,83,53
L4216413,PT,PT-11,PT-11-OE,38.693536,-9.3242199,Carta de Atenas,2026-01-10 10:20,55,115
L4933060,PT,PT-17,PT-17-MU,41.4126725,-7.5591999,Carva,2026-04-21 15:25,80,13
L2660446,PT,PT-05,PT-05-SE,39.8646261,-7.9867494,Carvalhal,2026-08-13 20:55,41,14
L16083886,PT,PT-13,PT-13-ST,41.356376,-8.465493,"Carvalhal da Lama, Santo Tirso",2026-08-09 07:27,69,116
L23957681,PT,PT-13,PT-13-BA,41.1860661,-7.995201,Carvalhal de Reixela,2026-06-02 18:41,40,4
L4323233,PT,PT-13,PT-13-AM,41.2242313,-8.0181909,Carvalho de Rei,2026-06-24 08:00,78,50
L2515140,PT,PT-14,PT-14-MA,39.6204114,-7.9219955,Carvoeiro,2025-05-15 19:15,42,14
L2794671,PT,PT-07,PT-07-MN,38.4965935,-8.1609535,Casa Branca,2026-02-13 08:30,76,18
L3256786,PT,PT-15,PT-15-AM,38.683537,-9.160157,Casa da Cerca--Jardim Botânico (acesso condicionado),2026-02-19 16:54,55,93
L1478446,PT,PT-08,PT-08-MO,37.285402,-8.6187688,Casais,2025-05-08 11:57,50,8
L6574661,PT,PT-13,PT-13-VG,41.0729246,-8.6431636,Casais,2026-07-30 10:12,75,88
L1770640,PT,PT-11,PT-11-AL,39.031588,-9.1012706,Casal Queimado,2021-11-01 16:15,30,5
L3388762,PT,PT-09,PT-09-FA,40.6468029,-7.549156,Casal Vasco,2025-07-28 07:15,60,23
L11887345,PT,PT-11,PT-11-SI,38.8368162,-9.3007923,Casal da Quintanela,2026-05-10 09:12,79,26
L7807280,PT,PT-10,PT-10-BA,39.6606017,-8.8014185,Casal de Santa Joana,2026-07-05 19:57,92,205
L2697121,PT,PT-14,PT-14-CH,39.3283888,-8.3380651,Casal do Gavião,2022-07-23 10:58,46,6
L1333679,PT,PT-14,PT-14-CN,39.4743489,-8.2924461,Casal do Montalvo,2026-05-17 17:58,127,156
L4380226,PT,PT-11,PT-11-SM,39.0268854,-9.1310334,Casal dos Mouchões,2023-12-19 15:30,43,11
L2385616,PT,PT-14,PT-14-AB,39.4806593,-8.2630062,Casarões,2026-04-07 15:01,48,8
L2387413,PT,PT-14,PT-14-MA,39.576321,-7.9840994,Casas da Ribeira,2018-05-21 12:20,33,8
L14443598,PT,PT-12,PT-12-PA,39.2621726,-7.250526,Cascata da Cabroeira,2025-10-05 19:05,32,7
L4128445,PT,PT-09,PT-09-GU,40.5715882,-7.0836496,Castanheira,2025-04-16 09:00,60,4
L4754093,PT,PT-04,PT-04-TM,41.220244,-7.1687078,Castedo,2026-04-23 15:15,63,10
L8607751,PT,PT-01,PT-01-CP,41.064406,-8.264155,Castelo,2025-07-08 10:09,32,5
L9272020,PT,PT-05,PT-05-CB,39.823379,-7.4923916,Castelo Branco (centro urbano),2026-08-21 00:26,126,1422
L30267692,PT,PT-05,PT-05-CB,39.8159719,-7.514807,Castelo Branco--Parque da Lagoinha,2026-09-15 07:45,111,236
L40009736,PT,PT-05,PT-05-CB,39.8127557,-7.4943066,Castelo Branco--Parque do Barrocal,2026-09-13 08:29,81,21
L2591891,PT,PT-09,PT-09-VF,41.0277657,-7.0659685,Castelo Melhor,2026-04-09 14:09,87,31
L2825951,PT,PT-05,PT-05-FU,40.0814864,-7.495079,Castelo Novo,2026-08-29 15:20,84,64
L5800683,PT,PT-09,PT-09-FC,40.8768528,-6.9642819,Castelo Rodrigo,2026-08-26 16:17,113,196
L2621455,PT,PT-02,PT-02-FA,38.1224834,-8.1415129,Castelo Ventoso,2026-02-12 12:26,52,9
L2188883,PT,PT-14,PT-14-AB,39.463295,-8.1943256,Castelo de Abrantes,2026-05-16 10:02,86,90
L3881760,PT,PT-14,PT-14-VB,39.4621903,-8.3846283,Castelo de Almourol,2026-09-17 15:16,90,77
L3026294,PT,PT-09,PT-09-ME,40.9135126,-7.2318149,Castelo de Marialva,2026-04-27 12:08,59,25
L3062588,PT,PT-04,PT-04-MO,41.3384196,-6.7203552,Castelo de Mogadouro,2026-07-20 23:40,78,39
L1264979,PT,PT-02,PT-02-BA,38.1777372,-7.0622295,Castelo de Noudar,2026-05-13 10:52,142,215
L4345955,PT,PT-14,PT-14-OU,39.6417248,-8.5922849,Castelo de Ourém,2026-04-22 17:34,50,27
L8780303,PT,PT-15,PT-15-PA,38.5659108,-8.9015156,Castelo de Palmela,2026-08-09 15:45,78,39
L3064261,PT,PT-10,PT-10-PB,39.9138756,-8.6247343,Castelo de Pombal,2026-04-05 19:00,44,15
L2679128,PT,PT-15,PT-15-SS,38.4517739,-9.1075587,Castelo de Sesimbra,2026-09-17 14:57,68,45
L2884048,PT,PT-11,PT-11-LI,38.7132136,-9.1337919,Castelo de São Jorge (acesso condicionado),2026-09-24 12:10,84,528
L13884501,PT,PT-14,PT-14-TN,39.4811727,-8.5381043,Castelo e Jardim Das Rosas,2026-03-18 13:15,70,80
L14755141,PT,PT-05,PT-05-CB,39.7024604,-7.2924365,Castiça,2026-06-18 13:55,84,43
L2757942,PT,PT-02,PT-02-CV,37.7006301,-8.0866456,Castro Verde (centro urbano),2026-09-26 00:10,155,1457
L7428962,PT,PT-17,PT-17-CH,41.7093517,-7.528095,Castro de Curalha,2026-07-12 15:00,67,13
L9156973,PT,PT-17,PT-17-BO,41.6457612,-7.7541395,Castro de Outeiro Lesenho,2026-07-21 11:28,70,33
L2311052,PT,PT-08,PT-08-LS,37.1269372,-8.7486738,Catalão,2026-09-20 09:44,159,503
L3667974,PT,PT-05,PT-05-CB,39.9937584,-7.40412,Catraia,2025-12-21 14:21,86,13
L13250913,PT,PT-03,PT-03-VF,41.4237686,-8.5694642,Cavalões,2025-07-20 11:22,68,204
L3455330,PT,PT-04,PT-04-VM,41.5624538,-6.4358473,Caçarelhos,2026-08-19 13:08,115,229
L8959365,PT,PT-13,PT-13-LO,41.2670959,-8.2244477,Caíde de Rei,2019-04-02 14:00,24,2
L2765582,PT,PT-12,PT-12-NI,39.6608172,-7.5418568,Cedilho,2026-07-21 10:30,101,66
L2752221,PT,PT-13,PT-13-TR,41.3169967,-8.5703123,Cedões,2024-10-25 13:46,34,6
L17153380,PT,PT-13,PT-13-PO,41.1432671,-8.5944307,Cemitério Prado do Repouso,2026-08-19 09:55,42,41
L17153697,PT,PT-13,PT-13-PO,41.1556519,-8.6332798,Cemitério de Agramonte,2026-06-29 19:12,34,26
L13083582,PT,PT-12,PT-12-NI,39.595078,-7.7135284,Central Hidroeléctrica da Velada,2026-06-03 09:14,67,15
L2834401,PT,PT-02,PT-02-MO,38.1866256,-7.2151852,Central fotovoltaica da Amareleja,2025-06-08 19:00,54,6
L22827868,PT,PT-06,PT-06-MV,40.1776901,-8.6385862,Centro Nautico Montemor-o-Velho,2026-09-27 09:36,74,30
L1858238,PT,PT-11,PT-11-OE,38.6916775,-9.2933704,Centro Náutico de Paço de Arcos,2026-09-26 14:49,61,86
L7022810,PT,PT-06,PT-06-LO,40.1469828,-8.2425383,Centro de Operações e Técnicas Florestais,2024-05-29 08:53,52,13
L4759650,PT,PT-03,PT-03-BR,41.5527208,-8.4772329,Cerca do Mosteiro de Tibães,2026-07-28 12:26,59,26
L38969190,PT,PT-15,PT-15-SC,37.8157138,-8.677798,Cercal do Alentejo--Moinho das Teimosas,2026-08-24 11:07,49,6
L4429983,PT,PT-15,PT-15-SC,37.799476,-8.6780512,Cercal do Alentejo--Vila e arredores imediatos,2026-08-24 16:28,121,206
L3166979,PT,PT-09,PT-09-SA,40.5103733,-7.0458841,Cerdeira,2026-06-10 08:17,71,19
L3889318,PT,PT-10,PT-10-PN,39.3568653,-9.6640635,Cerro Sudoeste (saídas pelágicas),2025-07-05 09:30,25,96
L8237827,PT,PT-08,PT-08-OL,37.107591,-7.778032,Cerro da Cabeça,2026-09-24 10:00,78,27
L5421404,PT,PT-08,PT-08-OL,37.1014032,-7.8322072,Cerro de São Miguel,2026-09-23 19:20,97,64
L4020145,PT,PT-08,PT-08-LO,37.1924589,-7.9777694,Cerro dos Negros,2023-01-22 10:14,52,5
L3690002,PT,PT-18,PT-18-AR,41.0367006,-7.6723623,Cerros de Vila Chã da Beira,2026-04-26 15:20,52,12
L9610540,PT,PT-16,PT-16-VN,41.9472222,-8.7277778,Cervo,2026-06-18 19:46,51,23
L7488654,PT,PT-07,PT-07-AR,38.6665467,-7.9150057,Chainha (acesso condicionado),2026-08-28 13:52,104,60
L3078673,PT,PT-15,PT-15-SI,37.8653677,-8.7575197,Chaminé,2026-05-10 20:31,69,13
L2765570,PT,PT-12,PT-12-AC,39.2529265,-7.8127813,Chança,2026-04-10 09:16,59,6
L2995903,PT,PT-14,PT-14-CR,38.8670122,-8.3297181,Chapelarinho,2014-07-18 15:00,24,1
L15582361,PT,PT-05,PT-05-CB,39.9662349,-7.4672802,Charca do Monte da Marateca,2026-08-22 11:44,122,159
L12629980,PT,PT-07,PT-07-AR,38.852495,-7.962235,Charca do Prates,2026-01-19 14:00,108,15
L11060981,PT,PT-20,PT-20-LP,38.4326713,-28.1101825,Charco Terralta,2025-10-05 13:10,26,35
L15585216,PT,PT-13,PT-13-GO,41.1584306,-8.5373104,Charco temporário de Fânzeres,2026-06-07 15:44,71,42
L8675252,PT,PT-15,PT-15-SX,38.6275369,-9.082808,Charco temporário de Paio Pires,2026-09-13 08:16,89,152
L3350948,PT,PT-20,PT-20-HO,38.589853,-28.643228,Charcos de Pedro Miguel,2026-09-26 16:09,64,490
L14527655,PT,PT-14,PT-14-AC,39.5328223,-8.7350405,Charneca das Milheiriças,2026-04-29 18:27,53,36
L4921834,PT,PT-17,PT-17-CH,41.7396418,-7.4698789,Chaves (centro urbano),2026-09-02 16:19,91,78
L3148412,PT,PT-11,PT-11-MA,38.8886278,-9.3303967,Cheleiros,2026-04-01 11:21,90,62
L3782471,PT,PT-10,PT-10-AC,39.536671,-8.945596,Chiqueda de Cima,2026-07-15 18:18,62,73
L3667960,PT,PT-05,PT-05-CB,39.9847492,-7.4973321,Cholcas,2025-12-11 15:44,101,34
L3291836,PT,PT-09,PT-09-GO,40.5051145,-7.5987813,Chorido,2026-02-15 17:00,82,66
L2728447,PT,PT-06,PT-06-CO,40.2220096,-8.4559321,Choupal,2026-09-24 08:40,128,385
L3158615,PT,PT-14,PT-14-CH,39.2701385,-8.3532143,Chouto,2026-04-28 19:27,93,18
L2608003,PT,PT-02,PT-02-VI,38.1498125,-7.7864742,Chucha,2023-04-28 06:50,33,4
L3705646,PT,PT-12,PT-12-NI,39.5817456,-7.7269292,Chão da Velha,2026-08-30 18:24,50,8
L12102870,PT,PT-30,PT-30-MA,32.721616,-16.8850763,Chão das Feiteiras,2026-08-08 11:03,24,26
L2387350,PT,PT-14,PT-14-MA,39.6277715,-8.0541104,Chão de Lopes,2026-01-26 08:30,43,15
L12856996,PT,PT-14,PT-14-FZ,39.7101431,-8.408261,Chãos,2020-12-12 15:40,29,2
L2880254,PT,PT-18,PT-18-MA,40.6209237,-7.6090193,Chãs de Tavares,2026-06-10 11:50,68,4
L2175310,PT,PT-07,PT-07-MN,38.7974435,-8.2287598,Ciborro,2026-07-19 09:24,108,34
L9429054,PT,PT-07,PT-07-MN,38.7956355,-8.2159375,Ciborro--Albufeira da Ataboeira,2026-09-13 08:34,134,119
L9216811,PT,PT-07,PT-07-MN,38.8120067,-8.2396859,Ciborro--Monte da Parreira,2026-09-18 07:49,141,286
L9217250,PT,PT-07,PT-07-MN,38.8196941,-8.2204243,Ciborro--Área de Regadio (Parreira/Atabueira),2025-07-17 07:43,88,33
L12282458,PT,PT-13,PT-13-PO,41.1703138,-8.6323269,Ciclovia da Prelada,2026-09-27 18:06,65,257
L6263145,PT,PT-11,PT-11-LI,38.7533303,-9.1566432,Cidade Universitária,2026-09-24 12:35,78,351
L2999919,PT,PT-07,PT-07-VV,38.8091823,-7.2731423,Ciladas,2024-08-22 23:13,76,23
L4610191,PT,PT-18,PT-18-CS,40.4431749,-7.9519665,Circuito Arqueológico Fiais/Azenha,2026-09-02 19:15,68,27
L4230262,PT,PT-15,PT-15-AM,38.6699812,-9.2098367,Circuito de Manutenção da FCT/UNL,2026-08-06 19:31,127,254
L11080146,PT,PT-07,PT-07-MR,38.9885521,-8.1839549,Circuito dos Pincaros,2026-02-24 10:15,65,6
L3102249,PT,PT-13,PT-13-PF,41.3233038,-8.3864897,Citânia de Sanfins,2026-09-12 10:50,44,19
L6294903,PT,PT-13,PT-13-VC,41.3835064,-8.6556602,Cividade de Bagunte,2026-06-20 18:45,64,13
L17770239,PT,PT-13,PT-13-PV,41.4124955,-8.7209773,"Cividade de Terroso, Póvoa de Varzim PT-Porto 41.41243, -8.72323",2026-06-26 10:14,57,60
L1958129,PT,PT-14,PT-14-MA,39.5489641,-8.0196065,Coadouro,2026-05-04 17:00,87,39
L9381502,PT,PT-09,PT-09-GU,40.6513889,-7.2044444,Codeceiro,1990-07-16 21:45,54,8
L2888423,PT,PT-06,PT-06-CO,40.2085079,-8.4284019,Coimbra (centro urbano),2026-09-12 17:51,85,153
L4486933,PT,PT-03,PT-03-BR,41.5547938,-8.4183712,Colina de Guadalupe,2026-09-26 16:05,73,181
L3166721,PT,PT-08,PT-08-LS,37.162437,-8.707931,Colinas Verdes,2026-09-26 11:12,80,7
L7754274,PT,PT-09,PT-09-FC,40.8556459,-7.014176,Colmeal,2026-07-12 07:39,52,5
L3057265,PT,PT-05,PT-05-BE,40.3857818,-7.332859,Colmeal da Torre,2026-05-22 12:41,55,9
L3176956,PT,PT-12,PT-12-GA,39.4030402,-7.7879333,Comenda,2026-06-02 23:55,110,28
L2513435,PT,PT-07,PT-07-AR,38.7542171,-7.8715754,Comenda Grande,2026-08-28 14:05,122,63
L9148405,PT,PT-14,PT-14-BE,38.879224,-8.8618255,Companhia das Lezírias,2026-06-11 12:46,143,57
L6228214,PT,PT-30,PT-30-FU,32.6365832,-16.9338369,Complexo Balnear do Lido,2026-09-25 09:37,44,137
L1553586,PT,PT-11,PT-11-OE,38.704301,-9.2553314,Complexo Desportivo Nacional do Jamor,2026-09-25 10:35,129,913
L21131937,PT,PT-17,PT-17-VP,41.4940041,-7.5231189,Complexo Mineiro Romano de Tresminas,2025-10-26 10:38,37,14
L12550122,PT,PT-04,PT-04-FE,41.0780881,-6.7812245,Congida,2026-08-18 10:34,82,34
L3519083,PT,PT-20,PT-20-AH,38.6437282,-27.0774888,Contendas,2026-09-22 13:53,60,160
L6410732,PT,PT-10,PT-10-OB,39.3673179,-9.1322635,Convento de São Miguel,2026-02-24 16:04,32,3
L2706805,PT,PT-06,PT-06-CN,40.0989775,-8.4941107,Conímbriga,2026-09-21 10:40,80,82
L21207163,PT,PT-08,PT-08-SB,37.1439171,-7.9275761,Corotelo,2026-09-19 06:53,80,111
L3111243,PT,PT-13,PT-13-GO,41.1297325,-8.568306,Corredor pedonal ribeirinho de Valbom,2026-05-15 12:30,82,63
L4380169,PT,PT-11,PT-11-AV,38.9999758,-9.0690637,Corredouras,2024-05-12 14:04,46,5
L4069558,PT,PT-07,PT-07-EV,38.5035794,-7.957449,Correia,2026-04-08 16:01,112,37
L6681501,PT,PT-15,PT-15-SX,38.6241657,-9.1526111,Corroios--Santa Marta do Pinhal e mata adjacente,2026-07-11 08:49,85,267
L3116849,PT,PT-08,PT-08-MO,37.2288226,-8.7197381,Corsino--Parque de Merendas,2026-03-15 08:09,95,30
L2304795,PT,PT-02,PT-02-ME,37.7412635,-7.4488592,Corte Azinha,2026-07-31 07:35,47,6
L30706588,PT,PT-02,PT-02-ME,37.7297136,-7.459834,Corte Azinha--Barranco dos Alcaides,2026-07-23 09:17,79,49
L5276843,PT,PT-08,PT-08-LO,37.2012786,-7.9724774,Corte Garcia,2024-07-06 17:36,44,5
L8299096,PT,PT-02,PT-02-ME,37.7497346,-7.8532267,Corte Pequena,2026-08-29 20:06,118,183
L11773948,PT,PT-08,PT-08-SI,37.3855448,-8.3127476,Corte Peral--Azilheira,2026-06-04 18:01,80,14
L2304790,PT,PT-02,PT-02-ME,37.7003629,-7.484374,Corte do Pinto,2026-05-08 12:00,70,7
L3630668,PT,PT-08,PT-08-AC,37.4932474,-7.5129962,Cortes Pereiras,2024-02-27 09:00,72,12
L2063631,PT,PT-08,PT-08-CM,37.3132466,-7.5579071,Corujos,2020-06-21 08:20,48,8
L14134181,PT,PT-20,PT-20-CO,39.6718618,-31.1098183,Corvo--Porto,2026-08-13 22:27,41,43
L14134142,PT,PT-20,PT-20-CO,39.6727889,-31.1212206,Corvo--Praia da Areia,2026-09-25 17:59,64,172
L3334595,PT,PT-15,PT-15-AM,38.657633,-9.2435789,Costa da Caparica--área norte,2026-09-21 11:42,185,6223
L9165219,PT,PT-20,PT-20-LF,39.3794868,-31.2434883,Costa do Lajedo,2025-10-12 17:50,17,12
L2593161,PT,PT-08,PT-08-LS,37.1872782,-8.6988821,Cotifo--Bravura,2026-06-30 17:00,107,24
L12118077,PT,PT-12,PT-12-AC,39.2215785,-7.6870037,Coudelaria de Alter (acesso condicionado),2026-08-23 11:54,67,15
L3344425,PT,PT-07,PT-07-MN,38.7524506,-8.2670052,Courela da Freixeirinha,2022-01-01 11:06,35,4
L8844091,PT,PT-07,PT-07-MN,38.7625781,-8.3509546,Courela da Ponte Velha (acesso condicionado),2020-02-25 12:30,35,4
L3167208,PT,PT-14,PT-14-CR,38.9234595,-8.5746574,Courelas da Amoreirinha,2026-05-18 07:24,86,10
L3604300,PT,PT-07,PT-07-EV,38.6700314,-7.7324438,Courelas da Toura,2025-05-06 08:11,92,15
L2765647,PT,PT-05,PT-05-IN,39.7853233,-7.1124458,Couto da Enchacana,2022-04-30 22:00,32,4
L2763905,PT,PT-14,PT-14-CR,38.9869008,-8.2738209,Couço,2022-05-09 11:30,89,13
L27806610,PT,PT-20,PT-20-LF,39.4273754,-31.2561214,Cova da Bagaça,2025-10-05 11:08,6,0
L3142541,PT,PT-05,PT-05-FU,40.1504067,-7.5094986,Cova da Beira--Fundão,2026-03-08 15:25,87,12
L4063313,PT,PT-20,PT-20-VP,36.9884545,-25.1674461,Cova do Areão,2026-04-19 09:28,45,38
L25532859,PT,PT-16,PT-16-VN,41.8863169,-8.6981936,Covas,2026-09-26 13:24,42,13
L4375417,PT,PT-15,PT-15-AM,38.6638241,-9.2172503,Covas,2026-09-21 14:45,75,103
L2851968,PT,PT-14,PT-14-TM,39.593751,-8.3654022,Covas de Valdonas,2026-03-08 16:25,63,52
L6504622,PT,PT-17,PT-17-BO,41.634046,-7.7824885,Covas do Barroso,2022-12-14 09:25,54,10
L2971641,PT,PT-17,PT-17-PR,41.1608539,-7.6853013,Covelinhas,2025-11-09 16:58,45,8
L2848910,PT,PT-07,PT-07-AR,38.7344934,-7.8998137,Cristãos Novos (acesso condicionado),2026-09-10 10:41,127,79
L2519879,PT,PT-07,PT-07-EV,38.5574813,-8.0611774,Cromeleque dos Almendres,2026-08-27 15:39,89,107
L2837151,PT,PT-05,PT-05-IN,39.9851888,-7.3050499,Cuco,2024-05-14 09:57,75,6
L10638184,PT,PT-14,PT-14-FZ,39.7011588,-8.2989566,Cumbada,2026-08-29 17:40,80,49
L6216752,PT,PT-30,PT-30-CL,32.7200712,-16.9670105,Curral das Freiras,2026-09-23 09:32,33,55
L3165113,PT,PT-17,PT-17-VA,41.5068348,-7.460038,Curros,2026-04-14 16:40,59,9
L8570274,PT,PT-17,PT-17-BO,41.643404,-7.6890621,Curros,2026-07-21 19:56,77,31
L38169617,PT,PT-01,PT-01-SM,40.9180852,-8.5527277,Cáster--passadiço,2026-06-18 11:54,24,3
L3281507,PT,PT-13,PT-13-PF,41.278951,-8.4050276,Cô,2026-07-30 12:03,62,11
L4725029,PT,PT-20,PT-20-CO,39.6878698,-31.0908151,Da Ponte e Pico,2026-09-23 17:30,66,192
L2887401,PT,PT-07,PT-07-ES,38.7915399,-7.6600671,Defesa,2026-06-23 19:21,60,11
L3007023,PT,PT-30,PT-30-SC,32.5125846,-16.5086317,Deserta Grande--Área Geral,2026-09-21 11:29,42,123
L9660672,PT,PT-11,PT-11-LN,39.2790668,-9.2936717,Dinoparque,2026-08-28 13:26,51,31
L12950980,PT,PT-20,PT-20-CO,39.6939226,-31.0945263,Do Vinte,2025-10-16 14:31,23,25
L2527702,PT,PT-08,PT-08-LS,37.105861,-8.671453,Doca de Lagos,2026-09-27 09:24,127,270
L3154528,PT,PT-11,PT-11-LI,38.7650931,-9.0939331,Doca dos Olivais,2026-09-27 15:11,89,227
L1774396,PT,PT-11,PT-11-LI,38.6959463,-9.228111,Docapesca de Algés,2026-09-24 13:37,93,399
L4174677,PT,PT-02,PT-02-AM,37.4334656,-7.9914701,Dogueno,2026-05-21 12:08,74,10
L2593767,PT,PT-12,PT-12-GA,39.5249978,-7.9500246,Domingos da Vinha,2026-04-14 12:18,28,6
L2918193,PT,PT-17,PT-17-MT,41.8276427,-7.8125587,Donões,2026-07-24 11:10,115,190
L5087438,PT,PT-14,PT-14-CH,39.4578075,-8.3436932,EBIO Ribeira da Foz,2026-04-16 16:12,71,40
L8439160,PT,PT-08,PT-08-SB,37.1793023,-7.8870319,EBIO Ribeira de Alportel,2026-09-19 07:56,110,130
L10485708,PT,PT-08,PT-08-AB,37.1567856,-8.2026028,EBIO Ribeira de Quarteira,2026-07-09 08:48,87,47
L8013369,PT,PT-04,PT-04-BR,41.7730337,-6.8992231,EBIO de Carrazedo,2021-09-18 17:00,51,5
L6193695,PT,PT-10,PT-10-MG,39.880584,-8.9433346,ETAR - Vieira de Leiria,2025-12-28 12:14,95,70
L1323358,PT,PT-10,PT-10-PN,39.3480835,-9.3364048,ETAR da Atouguia da Baleia,2026-09-20 18:33,184,952
L17363644,PT,PT-14,PT-14-AM,39.2130569,-8.6061036,ETAR da Compal,2025-01-19 14:23,55,19
L3264102,PT,PT-08,PT-08-LS,37.0934576,-8.767283,ETAR de Almádena,2026-09-26 15:48,89,117
L14938503,PT,PT-12,PT-12-NI,39.4280569,-7.6329325,ETAR de Alpalhão,2026-08-07 10:27,119,66
L2219251,PT,PT-14,PT-14-AP,39.230304,-8.5886693,ETAR de Alpiarça,2026-09-19 08:27,178,499
L16635129,PT,PT-12,PT-12-CM,39.0036773,-7.0631169,ETAR de Campo Maior,2026-05-10 10:23,84,43
L1549880,PT,PT-20,PT-20-PD,37.7430297,-25.6495396,ETAR de Ponta Delgada,2026-09-27 08:27,63,432
L1826092,PT,PT-01,PT-01-AV,40.6699483,-8.7325855,ETAR de São Jacinto,2023-04-23 16:00,59,22
L2608280,PT,PT-02,PT-02-VI,38.2037228,-7.808404,ETAR de Vidigueira,2026-04-17 12:00,86,47
L2065200,PT,PT-08,PT-08-LO,37.0952034,-8.1441736,ETAR de Vilamoura,2026-09-10 08:40,191,491
L38578611,PT,PT-10,PT-10-PN,39.3511576,-9.3566608,Eco Salgados,2026-09-10 17:21,26,2
L5084157,PT,PT-13,PT-13-MI,41.2343752,-8.6353371,Ecocaminho Souto-Brandinhães,2025-08-27 18:42,69,54
L3935514,PT,PT-13,PT-13-AM,41.2820636,-8.0836844,Ecopista,2026-06-04 11:00,55,31
L14738650,PT,PT-16,PT-16-VN,41.920691,-8.7693527,Ecopista do Rio Minho--Cais da Mota/Ilha dos Amores,2026-09-26 11:36,88,139
L32891754,PT,PT-01,PT-01-AR,40.91681,-8.318077,Ecovia do Arda--parque de Zendo,2025-09-27 11:13,35,3
L2700411,PT,PT-12,PT-12-EL,38.8828842,-7.1628848,Elvas (centro histórico),2026-08-27 15:46,86,53
L10260594,PT,PT-12,PT-12-EL,38.8772813,-7.1386774,Elvas--Charca do Bairro das Pias,2026-04-29 11:39,60,8
L3284433,PT,PT-30,PT-30-PS,34.3298283,-13.6257935,Entre Monte Seine e Banco Ampére (saídas pelágicas)
L3123289,PT,PT-30,PT-30-PS,33.7106323,-15.2998352,Entre Porto Santo e Monte Seine (saídas pelágicas),2019-04-30 17:00,5,1
L1934268,PT,PT-30,PT-30-MA,32.8745,-16.54862,Entre a Madeira e Porto Santo (saídas pelágicas),2026-09-27 09:03,48,309
L4069604,PT,PT-07,PT-07-VA,38.3454933,-8.1478214,Entre as Matas,2023-10-16 11:38,85,32
L5823220,PT,PT-08,PT-08-SI,37.2039277,-8.4207255,Enxerim,2025-04-24 10:36,116,501
L3346140,PT,PT-06,PT-06-MV,40.1523748,-8.7126303,Ereira,2026-09-27 11:42,94,23
L2684552,PT,PT-16,PT-16-AV,41.853644,-8.2900858,Ermelo,2026-07-09 17:37,55,22
L4619717,PT,PT-16,PT-16-PB,41.8179684,-8.2615766,Ermida,2026-08-09 11:18,64,17
L7276776,PT,PT-12,PT-12-NI,39.5475261,-7.625883,Ermida de Nossa Sra. da Graça,2025-01-02 10:15,73,9
L3016132,PT,PT-18,PT-18-AR,41.1206001,-7.7465737,Ermida de São Domingos,2026-09-05 10:44,61,35
L2825806,PT,PT-15,PT-15-SC,38.0069841,-8.4136391,Ermidas do Sado,2025-12-13 16:35,118,20
L2697144,PT,PT-14,PT-14-CR,38.9979747,-8.4444523,Erra,2020-05-28 14:53,69,11
L21931666,PT,PT-05,PT-05-CB,39.9277268,-7.4120881,Escalos de Cima,2026-09-08 07:10,110,33
L2166021,PT,PT-20,PT-20-AH,38.7255454,-27.2704697,Escampadouro,2026-09-04 18:01,28,193
L1230827,PT,PT-14,PT-14-SM,39.0680468,-8.7585926,Escaroupim,2026-09-12 14:30,137,247
L2596813,PT,PT-16,PT-16-VC,41.7579955,-9.1567612,Escarpa do Beiral de Viana (saídas pelágicas),2025-08-15 19:59,23,5
L38401009,PT,PT-07,PT-07-RM,38.4299312,-7.5254071,Escola Básica António Gião,2026-08-19 16:26,52,113
L2101369,PT,PT-05,PT-05-CB,39.8215023,-7.4611227,Escola Superior Agrária de Castelo Branco,2026-08-06 08:11,123,104
L17995331,PT,PT-06,PT-06-CO,40.2111119,-8.4524882,Escola Superior Agrária de Coimbra,2026-09-11 17:54,67,201
L3819874,PT,PT-10,PT-10-CR,39.3955911,-9.135569,Escola Superior de Artes e Design,2026-09-23 12:44,58,19
L3926565,PT,PT-13,PT-13-PO,41.1803205,-8.597593,Escola Superior de Educação IPP,2026-09-11 09:22,60,692
L4920027,PT,PT-13,PT-13-PO,41.1660918,-8.5996261,Escola de Costa Cabral,2026-09-02 07:23,54,914
L3376892,PT,PT-11,PT-11-AZ,39.0486523,-8.9005995,Espadanal,2025-12-29 12:15,92,37
L4070389,PT,PT-07,PT-07-EV,38.5976712,-7.8911448,Espinheiro,2026-07-26 14:09,75,74
L19418129,PT,PT-03,PT-03-ES,41.5337331,-8.779462,Esposende (centro urbano),2026-09-04 10:55,85,411
L2355866,PT,PT-11,PT-11-OE,38.6960277,-9.3145394,Estação Agronómica de Oeiras,2026-09-25 18:53,108,321
L26969208,PT,PT-09,PT-09-VF,41.0909386,-7.2452742,Estação Arqueológica do Rumansil l,2023-09-03 13:57,21,1
L15060770,PT,PT-09,PT-09-FA,40.6470567,-7.4669694,Estação da Biodiversidade da Ribeira da Muxagata,2026-09-20 07:51,106,257
L3344790,PT,PT-09,PT-09-VF,41.0347745,-7.0030385,Estação de Almendra,2025-07-10 17:29,80,19
L26948756,PT,PT-10,PT-10-OB,39.3443466,-9.2277549,Estação de Biodiversidade Quinta do Furadouro,2026-05-29 13:20,37,8
L2190242,PT,PT-14,PT-14-MA,39.475674,-8.0442667,Estação de Ortiga,2025-03-04 14:48,89,22
L3177032,PT,PT-12,PT-12-PA,39.2014645,-7.4620342,Estação de Portalegre,2026-08-03 10:03,85,42
L3457257,PT,PT-11,PT-11-VX,38.8405099,-9.0792131,Estação de Santa Iria de Azóia,2026-09-15 18:19,135,327
L8315853,PT,PT-15,PT-15-MN,38.6917303,-8.9567047,Esteiro da Lançada,2026-08-14 19:03,99,28
L24368917,PT,PT-01,PT-01-ER,40.7494772,-8.575783,Esteiro de Estarreja,2026-08-08 08:06,62,6
L6174989,PT,PT-04,PT-04-TM,41.2339939,-7.0679641,Estevais,2026-04-03 11:33,52,5
L16206569,PT,PT-09,PT-09-GO,40.5189852,-7.4973193,Estrela Serenity Resort,2026-09-17 08:57,68,32
L2392967,PT,PT-08,PT-08-PO,37.15616,-8.5186802,Estuário do Arade,2026-09-07 12:25,116,42
L3513493,PT,PT-08,PT-08-LA,37.1507054,-8.5004354,Estuário do Arade--Mexilhoeira da Carregação,2026-08-21 11:51,115,108
L4237220,PT,PT-08,PT-08-LA,37.1421877,-8.5167968,Estuário do Arade--Parchal,2026-08-09 09:27,93,65
L2570499,PT,PT-13,PT-13-VC,41.3416014,-8.7454391,Estuário do Ave,2026-09-25 18:13,184,1416
L8998626,PT,PT-03,PT-03-ES,41.5134203,-8.7702157,Estuário do Cávado--Frente Ribeirinha de Fão,2026-09-17 12:19,153,868
L2745642,PT,PT-13,PT-13-PO,41.147844,-8.65356,Estuário do Douro--Observatório de Aves FAPAS/APDL,2026-09-27 11:32,119,622
L21759095,PT,PT-16,PT-16-VC,41.6841156,-8.8293978,Estuário do Lima--Cabedelo,2025-12-17 09:50,38,7
L3354025,PT,PT-16,PT-16-VC,41.6867584,-8.8166571,Estuário do Lima--Cais Novo (Darque),2026-09-20 10:53,120,167
L2885027,PT,PT-16,PT-16-VC,41.6928987,-8.8011217,Estuário do Lima--área geral,2026-09-18 16:05,111,95
L12261077,PT,PT-16,PT-16-CA,41.8944844,-8.8213501,Estuário do Minho--Seixas,2026-09-25 14:19,100,683
L10576977,PT,PT-16,PT-16-CA,41.9016584,-8.8132693,Estuário do Minho--Seixas-Lanhelas,2026-09-27 12:35,118,812
L9965691,PT,PT-16,PT-16-CA,41.8730695,-8.842869,Estuário do Minho--marginal de Caminha,2026-09-19 14:00,107,475
L1104921,PT,PT-06,PT-06-FF,40.1322973,-8.8281155,Estuário do Mondego--Ilha da Murraceira,2026-09-26 09:52,204,1716
L1276044,PT,PT-06,PT-06-FF,40.1133625,-8.8318276,Estuário do Mondego--Salinas de Lavos,2026-09-26 10:51,172,492
L4759363,PT,PT-06,PT-06-FF,40.123372,-8.8388872,Estuário do Mondego--área geral,2026-09-03 12:04,124,69
L1273320,PT,PT-15,PT-15-GR,38.489607,-8.8609886,Estuário do Sado--Ferry Setúbal-Tróia,2026-09-19 09:45,69,61
L2697067,PT,PT-15,PT-15-PA,38.5644083,-8.6877608,Estuário do Sado--Herdade do Zambujal,2026-05-21 17:53,145,38
L3346234,PT,PT-16,PT-16-CA,41.8098361,-8.8624048,Estuário do Âncora,2026-09-20 19:55,176,1823
L2696866,PT,PT-16,PT-16-CA,41.8692117,-8.8630511,Estuários do Minho e Coura--Praia do Camarido,2026-09-13 13:02,116,208
L2678241,PT,PT-16,PT-16-CA,41.8830966,-8.8411188,Estuários do Minho e Coura--área geral,2026-09-27 12:35,197,5648
L2940332,PT,PT-11,PT-11-LI,38.753439,-9.1615784,Estádio Universitário de Lisboa,2026-09-23 13:43,80,277
L2127562,PT,PT-14,PT-14-TM,39.640244,-8.3110821,Eucaliptal de Torrão,2021-07-29 13:35,17,3
L9601622,PT,PT-01,PT-01-SM,40.9313369,-8.5764203,Europarque,2026-09-19 14:47,60,27
L18287851,PT,PT-15,PT-15-AM,38.6609781,-9.2057723,Faculdade de Ciências e Tecnologia,2026-09-23 11:00,60,53
L2884890,PT,PT-20,PT-20-HO,38.5685691,-28.6420441,Faial--área geral,2024-04-28 17:18,30,16
L5038352,PT,PT-20,PT-20-LF,39.4541679,-31.2658774,Fajã Grande,2026-01-26 10:30,85,289
L5775029,PT,PT-20,PT-20-CA,38.6264263,-27.929306,Fajã da Caldeira de Santo Cristo,2026-09-19 17:33,32,26
L977897,PT,PT-30,PT-30-SA,32.7585515,-16.8648505,Fajã da Nogueira,2026-08-24 08:27,26,21
L1549837,PT,PT-20,PT-20-PD,37.7877537,-25.6602064,Fajã de Cima,2026-09-27 08:49,78,254
L4001578,PT,PT-20,PT-20-CA,38.641981,-27.9657197,Fajã dos Cubres,2026-09-03 13:00,63,88
L4861324,PT,PT-04,PT-04-VF,41.3868963,-7.1945013,Falésias do Tua (Vilarinho),2026-07-18 18:35,67,9
L9025675,PT,PT-08,PT-08-AC,37.4748168,-7.653164,Farelos,2026-09-22 14:15,119,98
L3906569,PT,PT-20,PT-20-VC,37.7041614,-25.4436439,Farilhão--Ilhéu de Vila Franca do Campo,2026-09-24 15:25,38,48
L3788791,PT,PT-10,PT-10-NA,39.6046945,-9.0841082,Farol da Nazaré,2026-09-21 13:24,41,13
L1478442,PT,PT-08,PT-08-LA,37.0867158,-8.4418804,Farol de Alfanzina,2026-09-23 12:09,97,83
L12395881,PT,PT-13,PT-13-PO,41.144757,-8.679576,Farol de Felgueiras,2026-09-26 10:39,96,210
L4390253,PT,PT-20,PT-20-NO,37.824,-25.1358333,Farol do Arnel,2026-07-15 15:26,42,90
L3268723,PT,PT-17,PT-17-AL,41.2666626,-7.5000358,Favaios,2026-08-28 10:01,72,26
L2279837,PT,PT-07,PT-07-MN,38.6980374,-8.2009935,Fazendas do Cortiço,2026-08-18 17:05,50,16
L71090968,PT,PT-06,PT-06-CA,40.3899726,-8.6179625,Febres--Lagoa dos Coadiçais,2026-08-07 08:57,44,3
L4932602,PT,PT-18,PT-18-RE,41.0355959,-7.9198256,Feirão,2026-09-01 20:14,85,30
L2383405,PT,PT-14,PT-14-MA,39.6462366,-7.914795,Feiteira,2014-04-07 14:55,25,9
L4416786,PT,PT-08,PT-08-TA,37.2743303,-7.8630701,Feiteira,2026-05-02 13:39,67,17
L6601342,PT,PT-10,PT-10-FV,39.9715621,-8.3240941,Ferraria de S. João,2025-04-17 15:43,60,13
L3004533,PT,PT-06,PT-06-PL,39.9868329,-8.3797359,Ferrarias,2024-04-05 14:42,28,3
L4240395,PT,PT-07,PT-07-MO,38.4180904,-7.3201561,Ferrarias,2026-05-24 15:45,126,66
L2788122,PT,PT-17,PT-17-VR,41.3290801,-7.738401,Ferreiros,2023-02-19 18:03,61,18
L2972479,PT,PT-18,PT-18-LA,41.1171041,-7.8173304,Ferreiros de Avões,2026-07-17 16:23,54,28
L18594001,PT,PT-05,PT-05-CO,40.2354346,-7.4460277,Ferro,2024-08-19 20:59,73,53
L2972461,PT,PT-18,PT-18-LA,41.1016481,-7.7614117,Figueira,2026-08-03 19:09,70,47
L8951548,PT,PT-09,PT-09-FA,40.6299447,-7.4984282,Figueiró da Granja,2026-08-16 08:23,106,192
L8892185,PT,PT-17,PT-17-BO,41.6111564,-7.6842267,Fiães do Tâmega,2026-05-21 09:00,79,31
L2655518,PT,PT-12,PT-12-CR,39.3056612,-7.6445103,Flor da Rosa,2026-08-18 11:22,103,58
L12478743,PT,PT-20,PT-20-CO,39.6988028,-31.0884591,Fojo,2025-11-14 11:42,66,221
L4718885,PT,PT-08,PT-08-TA,37.12985,-7.66274,Fojo,2026-06-12 06:05,128,134
L15988823,PT,PT-12,PT-12-CR,39.3137037,-7.531135,Fonte Alta,2024-01-20 14:00,105,22
L1659624,PT,PT-08,PT-08-LO,37.210438,-8.0109897,Fonte Benémola,2026-09-17 13:39,120,259
L2621130,PT,PT-02,PT-02-FA,38.132071,-8.1125021,Fonte Boa,2025-06-10 22:33,73,20
L5591824,PT,PT-08,PT-08-SB,37.1850059,-7.9140186,Fonte Férrea,2026-09-17 07:21,86,169
L4219735,PT,PT-08,PT-08-MO,37.2926501,-8.4895755,Fonte Santa,2026-07-18 16:12,46,9
L20963610,PT,PT-02,PT-02-SE,37.892736,-7.303871,Fonte da Figueira,2026-09-21 11:17,31,7
L10810351,PT,PT-05,PT-05-VR,39.7169973,-8.1366285,Fonte das Eiras,2020-06-14 11:00,44,11
L2753569,PT,PT-14,PT-14-AB,39.4934853,-8.1292337,Fonte dos Carvalheiros,2026-03-12 15:06,31,4
L4032695,PT,PT-04,PT-04-CA,41.231313,-7.274261,Fontelonga,2026-09-08 18:05,138,333
L6342749,PT,PT-20,PT-20-HO,38.6386787,-28.6520364,Fora do Salão (Saídas Pelágicas),2026-08-04 09:59,25,7
L25859261,PT,PT-18,PT-18-ST,40.858373,-7.655787,Forles,2025-11-01 14:27,48,14
L14660414,PT,PT-06,PT-06-MV,40.1838851,-8.6152749,Formoselha,2026-09-26 17:34,102,118
L6312338,PT,PT-20,PT-20-MA,38.5513642,-28.5045702,Formosinha,2026-09-27 09:14,27,22
L4096904,PT,PT-09,PT-09-AB,40.7056279,-7.5535083,Forninhos,2024-01-07 10:45,46,3
L2471352,PT,PT-14,PT-14-SM,39.1064536,-8.656776,Foros de Almeirim--Ribeira de Muge,2026-09-21 07:25,131,45
L3766795,PT,PT-07,PT-07-MN,38.569777,-8.3428717,Foros do Baldio,2026-04-09 13:15,97,42
L3564111,PT,PT-15,PT-15-AS,38.4682233,-8.319515,Foros do Pinheiro,2025-08-17 16:56,86,11
L3162097,PT,PT-07,PT-07-MN,38.7217432,-8.3204509,Foros do Vale de Figueira,2026-05-11 08:41,88,12
L22170011,PT,PT-08,PT-08-VB,36.9960762,-8.9488766,Fortaleza de Sagres,2026-09-27 09:11,178,210
L18417173,PT,PT-12,PT-12-EL,38.8941635,-7.1644038,Forte de Nossa Senhora da Graca,2026-04-28 09:36,59,14
L1298641,PT,PT-11,PT-11-OE,38.6762232,-9.3256116,Forte de São Julião da Barra,2026-07-10 11:20,58,59
L3750434,PT,PT-08,PT-08-CM,37.3493154,-7.6142335,Fortes,2026-08-23 07:14,99,81
L1740559,PT,PT-10,PT-10-PN,39.3644381,-9.3772629,Fosso e Parque da Muralha,2026-09-09 16:45,104,338
L2062838,PT,PT-17,PT-17-AL,41.2174033,-7.4240112,Foz Tua,2026-08-22 14:11,92,74
L1478458,PT,PT-08,PT-08-SI,37.1007386,-8.3526324,Foz da Ribeira de Alcantarilha,2026-09-14 19:05,175,329
L2949779,PT,PT-08,PT-08-CM,37.3531022,-7.4458551,Foz da ribeira de Odeleite,2026-02-20 11:16,114,62
L4061565,PT,PT-20,PT-20-VP,36.9456967,-25.1457953,Foz da ribeira de São Francisco,2026-06-06 08:11,51,73
L2393132,PT,PT-11,PT-11-MA,39.0121404,-9.4200363,Foz da ribeira de São Lourenço,2026-09-05 11:44,106,45
L8539000,PT,PT-14,PT-14-AB,39.4710171,-8.0269421,Foz da ribeira do Vale Vaqueiro,2026-08-03 09:48,183,566
L3751722,PT,PT-08,PT-08-AC,37.5248052,-7.5156999,Foz da ribeira do Vascão,2026-05-25 16:50,63,8
L1447914,PT,PT-08,PT-08-LO,37.0611093,-8.0817801,Foz do Almargem,2026-09-23 18:26,196,463
L24218470,PT,PT-16,PT-16-VC,41.6149139,-8.8084202,Foz do Neiva (sector norte),2026-08-21 16:00,83,31
L3089495,PT,PT-10,PT-10-NA,39.5799595,-9.082818,Foz do Rio Alcoa,2026-07-23 06:15,150,86
L3615999,PT,PT-02,PT-02-MO,38.1647384,-7.4920812,Foz do Rio Ardila,2025-05-14 19:33,141,46
L1901475,PT,PT-14,PT-14-MA,39.4743179,-8.0633801,Foz do Rio Frio,2026-05-04 14:37,95,44
L1411945,PT,PT-08,PT-08-VS,37.1696603,-7.4049623,Foz do Rio Guadiana,2026-09-21 15:28,150,216
L7460892,PT,PT-03,PT-03-VV,41.6053817,-8.434664,Foz do Rio Homem,2026-06-08 10:17,64,11
L2748233,PT,PT-10,PT-10-MG,39.8798002,-8.9698005,Foz do Rio Lis,2026-09-06 12:25,154,312
L1139158,PT,PT-11,PT-11-MA,38.938232,-9.4117641,Foz do Rio Lizandro,2026-07-04 08:00,127,174
L3167438,PT,PT-13,PT-13-MT,41.2704365,-8.7262237,Foz do Rio Onda,2026-09-27 10:36,154,800
L1285585,PT,PT-11,PT-11-TV,39.1034512,-9.3991846,Foz do Rio Sizandro,2026-09-26 11:52,208,1456
L978778,PT,PT-11,PT-11-LS,38.7962394,-9.0906286,Foz do Rio Trancão,2026-09-23 19:14,185,1770
L3819139,PT,PT-10,PT-10-CR,39.4978235,-9.1459572,Foz do Rio da Tornada,2026-09-25 17:13,106,78
L7522634,PT,PT-04,PT-04-TM,41.1780726,-7.1116734,Foz do Sabor,2026-08-19 19:35,89,52
L25670572,PT,PT-18,PT-18-AR,41.1571767,-7.6411,Foz do Tedo,2026-09-11 12:50,67,42
L7696870,PT,PT-18,PT-18-TB,41.157068,-7.581416,Foz do Távora,2026-09-08 08:29,53,13
L6208482,PT,PT-30,PT-30-RB,32.6704664,-17.0661503,Foz e farol da Ribeira Brava,2026-08-06 19:45,56,146
L5487933,PT,PT-06,PT-06-AR,40.2200271,-7.9360449,Fraga da Pena,2026-08-29 12:03,35,8
L8951741,PT,PT-09,PT-09-FA,40.7172361,-7.4615722,Fraga da Pena,2026-07-11 08:01,75,58
L17926127,PT,PT-13,PT-13-VG,41.0757191,-8.6560573,Francemar,2026-09-02 20:16,84,104
L3150384,PT,PT-05,PT-05-VV,39.6264493,-7.7510262,Fratel,2026-04-07 14:37,64,9
L3564094,PT,PT-15,PT-15-AS,38.4238063,-8.3173156,Freixial--Albufeira do Pego do Altar,2015-04-04 16:45,11,2
L2207935,PT,PT-07,PT-07-RD,38.6757273,-7.6455402,Freixo,2026-03-07 15:23,70,27
L26969177,PT,PT-09,PT-09-VF,41.0699276,-7.2228574,Freixo de Numão,2026-04-16 11:43,74,7
L9102822,PT,PT-20,PT-20-PV,38.8005505,-27.2594109,Frente Costeira dos Biscoitos,2026-09-17 17:03,32,68
L8678629,PT,PT-15,PT-15-MT,38.6527316,-8.9953589,Frente Ribeirinha da Moita,2026-03-29 19:18,72,13
L2911923,PT,PT-15,PT-15-SX,38.637648,-9.1180838,Frente Ribeirinha da Quinta da Atalaia e Praia dos Pinheirinhos,2026-04-29 21:49,106,104
L3508607,PT,PT-20,PT-20-PV,38.6777124,-27.0567137,Frente costeira de Porto Martins,2026-09-22 15:36,71,274
L4268511,PT,PT-08,PT-08-PO,37.1303331,-8.5964262,Frente ribeirinha de Alvor,2026-09-26 11:12,150,136
L4155824,PT,PT-15,PT-15-BA,38.6500735,-9.0697664,Frente ribeirinha do Barreiro,2026-09-06 07:54,79,18
L5123996,PT,PT-15,PT-15-MN,38.7025923,-8.9769781,Frente ribeirinha do Montijo,2026-08-16 10:30,90,63
L10933320,PT,PT-09,PT-09-FA,40.6925211,-7.4461359,Fuinhas,2025-06-21 09:50,81,38
L4185488,PT,PT-09,PT-09-AB,40.834493,-7.5790001,Fumadinha,2026-08-27 18:45,70,30
L2832178,PT,PT-02,PT-02-OU,37.726228,-8.3398032,Funcheira,2026-03-03 15:46,66,16
L6378455,PT,PT-20,PT-20-SG,39.0268686,-27.974691,Furna do Enxofre Caldeira,2026-09-11 10:44,23,35
L10933304,PT,PT-09,PT-09-FA,40.6588182,-7.5330635,Furtado,2026-08-23 07:15,91,80
L26487936,PT,PT-13,PT-13-ST,41.3506347,-8.4758434,Fábrica Santo Thyrso--Santo Tirso,2026-02-14 10:45,47,10
L3894628,PT,PT-11,PT-11-OE,38.7396122,-9.2843431,Fábrica da Pólvora de Barcarena,2026-07-17 10:30,72,149
L2772860,PT,PT-15,PT-15-SX,38.6192009,-9.1648507,Fábrica de Pólvora de Vale de Milhaços (acesso condicionado),2025-09-20 11:43,61,14
L19843959,PT,PT-03,PT-03-ES,41.5116605,-8.7732661,Fão (centro urbano),2026-09-21 19:28,84,524
L2972519,PT,PT-17,PT-17-PR,41.1856779,-7.6881981,Galafura,2026-06-19 18:32,41,7
L3177871,PT,PT-12,PT-12-PS,39.1646734,-7.9973602,Galveias,2026-04-06 08:47,78,12
L9315866,PT,PT-17,PT-17-RP,41.5878527,-7.7995523,Gardunho,2024-03-30 07:10,54,19
L2519907,PT,PT-14,PT-14-MA,39.6527989,-7.9881275,Gargantada,2014-04-15 11:30,31,14
L14694044,PT,PT-02,PT-02-OU,37.7077944,-8.3430862,Garvão,2026-05-30 09:33,96,42
L4380191,PT,PT-11,PT-11-AL,39.0436528,-9.0746641,Gavinheira,2019-07-03 11:45,30,2
L16348285,PT,PT-03,PT-03-ES,41.5185736,-8.7438409,Gemeses,2025-05-24 17:00,53,32
L4619662,PT,PT-16,PT-16-PB,41.7752004,-8.2708275,Germil,2026-08-06 19:15,44,9
L2246151,PT,PT-04,PT-04-BR,41.8017748,-6.6962957,Gimonde,2026-09-10 10:52,100,45
L2969029,PT,PT-17,PT-17-PR,41.1687488,-7.8053141,Godim,2025-07-21 09:38,45,16
L10473962,PT,PT-13,PT-13-AM,41.2581947,-8.1144051,Golf de Amarante,2025-04-07 10:54,42,9
L3833394,PT,PT-15,PT-15-AM,38.6488564,-9.2262679,Golfe Aldeia dos Capuchos (acesso condicionado),2026-09-14 19:43,76,55
L2587178,PT,PT-02,PT-02-AM,37.5117003,-8.1646872,Gomes Aires,2025-12-13 10:47,79,20
L11240998,PT,PT-03,PT-03-CB,41.5920921,-7.8439895,Gondiães,2026-09-21 08:54,88,53
L2491300,PT,PT-07,PT-07-MR,38.9242096,-8.009119,Gonçala,2024-08-17 11:54,71,15
L3391813,PT,PT-14,PT-14-CH,39.2306575,-8.2594872,Gorjão,2022-06-03 14:58,80,4
L2602844,PT,PT-18,PT-18-CD,41.0111066,-7.8986442,Gosendinho,2026-08-20 09:37,82,38
L3337757,PT,PT-09,PT-09-GO,40.4927355,-7.5941277,Gouveia (centro urbano),2026-09-08 23:21,61,97
L6594921,PT,PT-17,PT-17-VP,41.4744056,-7.7296127,Gouvães da Serra,2026-07-26 17:16,109,55
L13200089,PT,PT-09,PT-09-AB,40.8615552,-7.5311663,Gradiz,2026-01-18 11:12,13,1
L19581430,PT,PT-18,PT-18-CI,41.0046864,-7.9703557,Gralheira,2026-08-21 18:17,74,46
L2995845,PT,PT-14,PT-14-CR,38.8292275,-8.4363306,Gralheira,2026-04-26 08:23,47,8
L3170939,PT,PT-11,PT-11-SI,38.8379861,-9.3434858,Granja do Marquês,2026-09-03 11:19,146,779
L2949794,PT,PT-08,PT-08-AC,37.3938572,-7.4454474,Guerreiros do Rio,2026-08-30 18:18,80,35
L3004413,PT,PT-17,PT-17-VR,41.2093441,-7.6612362,Guiães,2025-11-09 17:22,45,8
L2469978,PT,PT-12,PT-12-CR,39.4110965,-7.6833782,Gáfete,2026-07-06 00:00,108,51
L5743731,PT,PT-07,PT-07-MN,38.6393665,-8.1799543,Herdade Ameira,2026-06-23 18:17,43,8
L2608285,PT,PT-02,PT-02-VI,38.196573,-7.8322649,Herdade Grande,2023-01-07 11:06,54,8
L1255336,PT,PT-14,PT-14-CR,38.9734687,-8.5660529,Herdade da Agolada de Baixo (acesso condicionado),2022-07-12 06:25,95,125
L2513313,PT,PT-12,PT-12-EL,38.870721,-7.0537376,Herdade da Alfarófia,2026-09-16 12:36,177,362
L6648103,PT,PT-07,PT-07-MN,38.6590259,-8.146479,Herdade da Amoreira da Torre,2026-09-08 12:39,82,18
L2601646,PT,PT-02,PT-02-CU,38.1840255,-7.8586149,Herdade da Aroeira,2023-06-07 14:23,52,4
L4033370,PT,PT-15,PT-15-AM,38.5738369,-9.1741419,Herdade da Aroeira--área geral (acesso condicionado),2026-09-15 15:20,122,332
L4046743,PT,PT-07,PT-07-AR,38.6815232,-7.8480792,Herdade da Calada,2026-01-25 15:57,77,9
L2915792,PT,PT-07,PT-07-MN,38.6975685,-8.1646013,Herdade da Caravela,2025-12-01 15:01,82,13
L9257233,PT,PT-12,PT-12-AV,39.051211,-7.9101096,Herdade da Cortesia,2026-08-02 15:52,59,15
L2948029,PT,PT-05,PT-05-IN,39.8043161,-7.0922327,Herdade da Enchacana,2014-06-05 12:00,21,1
L4713256,PT,PT-12,PT-12-AC,39.2969782,-7.7722692,Herdade da Lameira,2025-02-26 16:30,106,17
L1653027,PT,PT-07,PT-07-VA,38.3604341,-8.1264775,Herdade da Mata,2026-05-05 17:15,93,10
L3342494,PT,PT-07,PT-07-EV,38.5306012,-8.0186623,Herdade da Mitra--LabOr,2026-09-25 15:30,137,2342
L3455185,PT,PT-07,PT-07-EV,38.5347052,-8.0045915,Herdade da Mitra--Montado,2026-05-16 07:04,121,302
L3440835,PT,PT-07,PT-07-EV,38.5220567,-8.0267626,Herdade da Mitra--Pinhal,2026-08-09 19:08,136,451
L1446298,PT,PT-14,PT-14-AB,39.5077078,-8.0832338,Herdade da Murteira,2026-04-16 10:25,64,15
L11735124,PT,PT-02,PT-02-BE,38.0754103,-7.886303,Herdade da Namorada,2025-07-27 10:20,110,32
L4099557,PT,PT-02,PT-02-MO,38.0305153,-7.1667337,Herdade da Negrita,2023-07-14 09:07,86,9
L7287429,PT,PT-12,PT-12-EL,39.0210709,-7.3224306,Herdade da Pereira,2025-04-03 12:15,69,10
L3140464,PT,PT-15,PT-15-GR,38.1074067,-8.5696632,Herdade da Ribeira Abaixo,2026-06-03 07:01,105,98
L17439149,PT,PT-12,PT-12-PA,39.2368837,-7.508789,Herdade da Torre,2026-08-11 08:50,113,23
L2621279,PT,PT-02,PT-02-FA,38.1384952,-8.0608964,Herdade da Torre,2026-01-22 11:55,66,20
L11224928,PT,PT-05,PT-05-VV,39.6808318,-7.5829167,Herdade da Urgueira,2026-09-09 10:20,147,136
L2949011,PT,PT-02,PT-02-SE,38.0739401,-7.6352191,Herdade da Várzea,2022-02-04 07:35,72,3
L2949004,PT,PT-02,PT-02-SE,38.1269274,-7.5945139,Herdade da Ínsua,2022-02-10 15:00,87,10
L3847116,PT,PT-12,PT-12-MO,39.0029774,-7.3603892,Herdade das Esquilas,2026-06-02 11:02,111,49
L3153606,PT,PT-15,PT-15-AS,38.278362,-8.398034,Herdade das Parchanas (acesso condicionado),2024-09-27 11:20,95,11
L2912010,PT,PT-07,PT-07-RM,38.3765864,-7.4399972,Herdade das Pipas,2025-05-12 10:04,82,13
L2697256,PT,PT-14,PT-14-CR,38.8542134,-8.542192,Herdade das Sesmarias,2026-04-26 09:15,46,6
L2400896,PT,PT-07,PT-07-MR,38.9099503,-7.9528812,Herdade de Condes,2026-08-29 09:41,121,72
L2999917,PT,PT-07,PT-07-VV,38.815168,-7.223103,Herdade do Alcaide,2023-12-31 00:16,59,15
L3628028,PT,PT-07,PT-07-MN,38.7148079,-8.3779042,Herdade do Carrascal,2026-04-10 17:45,43,5
L3178406,PT,PT-12,PT-12-EL,38.8941726,-7.0532227,Herdade do Choupal,2025-10-17 09:15,86,10
L3574561,PT,PT-05,PT-05-IN,39.8844172,-7.28297,Herdade do Couto da Várzea,2025-09-06 09:29,99,27
L2035144,PT,PT-07,PT-07-RM,38.3829784,-7.5577354,Herdade do Esporão,2026-09-08 10:25,204,480
L2817043,PT,PT-07,PT-07-MN,38.7030735,-8.3257484,Herdade do Freixo do Meio,2026-08-13 18:31,124,85
L4046759,PT,PT-07,PT-07-AR,38.6719078,-7.8553319,Herdade do Outeiro da Esquila,2026-07-14 15:58,70,9
L4691370,PT,PT-07,PT-07-PO,38.3731884,-7.6582593,Herdade do Peral,2026-07-01 15:11,125,68
L2671236,PT,PT-02,PT-02-FA,38.0951869,-8.0979967,Herdade do Pinheiro,2024-01-10 08:00,107,44
L2602064,PT,PT-07,PT-07-EV,38.4464972,-7.7208781,Herdade do Rico-Homem,2026-09-08 13:24,46,3
L10282736,PT,PT-02,PT-02-CU,38.1975848,-7.8555679,Herdade do Rocim,2025-03-12 16:59,35,3
L2057644,PT,PT-07,PT-07-AR,38.7076158,-8.0653381,Herdade do Sargacinho,2025-10-27 07:50,63,30
L1649616,PT,PT-02,PT-02-VI,38.182592,-7.592565,Herdade do Sobroso (acesso condicionado),2026-03-15 18:44,95,23
L4697521,PT,PT-02,PT-02-BE,37.9269669,-7.682265,Herdade do Vau,2026-08-22 19:13,49,5
L11757119,PT,PT-12,PT-12-CM,39.0706279,-7.0987495,Herdade dos Adães,2026-02-21 11:45,100,11
L3319254,PT,PT-02,PT-02-BE,38.0583135,-7.8270185,Herdade dos Almeidas,2026-09-27 18:35,127,66
L3453701,PT,PT-07,PT-07-RM,38.3897398,-7.4926543,Herdade dos Cebolinhos,2023-04-07 13:57,76,10
L2676164,PT,PT-02,PT-02-MO,38.1069623,-7.2306454,Herdade dos Lameirões,2025-05-12 16:00,82,15
L2697023,PT,PT-14,PT-14-CR,38.9508654,-8.2876396,Herdade dos Madeiros,2005-06-22 09:15,25,3
L55518207,PT,PT-08,PT-08-AB,37.0962044,-8.2391496,Holiday Inn Albufeira,2025-08-26 00:00,15,0
L11864620,PT,PT-12,PT-12-AV,39.052012,-7.836231,Horta das Rosas,2026-09-24 11:38,96,46
L12253624,PT,PT-13,PT-13-PO,41.1450421,-8.6189866,Horto das Virtudes,2026-09-05 17:53,63,114
L4584692,PT,PT-11,PT-11-AM,38.744511,-9.2476344,Hospital Fernando Fonseca,2026-09-14 18:29,77,167
L12696570,PT,PT-11,PT-11-LI,38.7484606,-9.1607094,Hospital de Santa Maria--Jardins,2026-09-27 17:38,60,85
L2513455,PT,PT-12,PT-12-AR,39.0697128,-7.2496891,IBA Albufeira do Caia--Baldio,2026-08-29 07:25,172,231
L2513463,PT,PT-12,PT-12-AR,39.0318193,-7.1400297,IBA Albufeira do Caia--Contenda,2025-12-26 15:05,76,16
L2825616,PT,PT-12,PT-12-EL,39.0149157,-7.2270298,IBA Albufeira do Caia--braço de Santa Eulália,2026-08-29 10:57,172,301
L2825624,PT,PT-12,PT-12-CM,39.0044448,-7.140314,IBA Albufeira do Caia--paredão,2026-08-29 12:45,117,111
L1670460,PT,PT-12,PT-12-EL,39.0120223,-7.1515536,IBA Albufeira do Caia--área geral,2026-06-30 10:14,145,64
L1446376,PT,PT-12,PT-12-AC,39.1700145,-7.668349,IBA Alter do Chão,2026-05-03 18:23,125,79
L2063075,PT,PT-07,PT-07-AR,38.7936304,-7.9674053,IBA Arraiolos--Aldeia da Serra,2025-04-20 09:59,94,22
L2112012,PT,PT-07,PT-07-AR,38.7932959,-7.9537582,IBA Arraiolos--Casas Novas,2026-08-29 10:11,67,12
L2207889,PT,PT-07,PT-07-AR,38.7834613,-8.0259418,IBA Arraiolos--Herdade da Amendoeira,2025-11-30 09:12,66,7
L2207878,PT,PT-07,PT-07-AR,38.8021927,-8.0504036,IBA Arraiolos--Herdade da Mata,2026-09-10 09:00,142,69
L2058983,PT,PT-07,PT-07-AR,38.8104196,-7.9967594,IBA Arraiolos--Herdade dos Concelhos,2025-04-18 14:28,58,10
L2278324,PT,PT-07,PT-07-AR,38.7304516,-8.0631495,IBA Arraiolos--Herdade dos Testos,2026-06-23 19:04,36,6
L2063106,PT,PT-07,PT-07-AR,38.7557566,-7.9834557,IBA Arraiolos--Mogos,2026-08-29 10:38,54,12
L1904666,PT,PT-07,PT-07-AR,38.7451135,-8.0109215,IBA Arraiolos--Monte da Ravasqueira,2025-11-30 08:54,93,37
L2278333,PT,PT-07,PT-07-AR,38.7235548,-8.0432796,IBA Arraiolos--Monte do Zambujo,2024-12-01 10:25,54,6
L2059055,PT,PT-07,PT-07-AR,38.8131283,-7.9231596,IBA Arraiolos--Parque Africano,2026-08-29 09:05,92,14
L2063053,PT,PT-07,PT-07-AR,38.7993833,-7.9162502,IBA Arraiolos--São Gregório,2026-08-29 09:36,84,24
L2175278,PT,PT-07,PT-07-AR,38.7844649,-7.9882622,IBA Arraiolos--Vale do Paio,2026-01-10 08:16,105,55
L2058997,PT,PT-07,PT-07-AR,38.8352283,-7.9861164,IBA Arraiolos--albufeira do Vale da Anta,2026-01-10 11:13,102,24
L1549914,PT,PT-20,PT-20-NO,37.7948911,-25.1867163,IBA Pico da Vara--Serra da Tronqueira,2026-08-10 12:30,25,142
L1549938,PT,PT-20,PT-20-NO,37.8166501,-25.203159,IBA Pico da Vara--planalto dos Graminhais,2026-09-20 13:53,54,142
L2287263,PT,PT-07,PT-07-EV,38.4982729,-7.7989626,IBA Planície de Évora--Cabido da Raposa,2026-09-06 08:32,121,197
L2513503,PT,PT-07,PT-07-EV,38.6074811,-7.8447104,IBA Planície de Évora--Fonte Boa do Degebe,2026-09-07 16:10,127,62
L2278047,PT,PT-07,PT-07-EV,38.518684,-7.8127813,IBA Planície de Évora--Herdade do Falcão,2026-04-13 15:55,91,50
L2287271,PT,PT-07,PT-07-EV,38.4851057,-7.8236818,IBA Planície de Évora--São Jordão,2026-04-13 13:45,100,49
L2246132,PT,PT-04,PT-04-BR,41.7282162,-6.8582368,IBA Serras de Montesinho e Nogueira--Alto da Serra da Nogueira,2025-12-28 09:56,53,6
L2246120,PT,PT-04,PT-04-VN,41.7889129,-6.9500113,IBA Serras de Montesinho e Nogueira--Ousilhão,2024-04-15 14:49,25,3
L2776167,PT,PT-07,PT-07-VA,38.4543281,-8.2640147,IBA São Cristovão e Cabrela--Defesa Grande,2026-04-16 18:37,135,68
L2776178,PT,PT-07,PT-07-VA,38.4510345,-8.1816387,IBA São Cristovão e Cabrela--Gigantas,2026-03-15 11:27,67,13
L2776107,PT,PT-07,PT-07-MN,38.489607,-8.3054924,IBA São Cristovão e Cabrela--São Cristovão,2026-05-03 07:02,124,36
L2776150,PT,PT-07,PT-07-VA,38.4280761,-8.2688642,IBA São Cristovão e Cabrela--ribeira das Alcáçovas,2024-02-14 10:41,73,22
L3095004,PT,PT-07,PT-07-MN,38.481276,-8.2833481,IBA São Cristóvão e Cabrela--área geral,2025-04-30 10:21,153,37
L2652729,PT,PT-05,PT-05-CB,39.8207987,-7.358222,IBA Tejo Internacional--Belgais,2025-09-06 15:22,61,10
L2028497,PT,PT-05,PT-05-IN,39.8604725,-7.3323441,IBA Tejo Internacional--Canhão de Monheca,2026-08-27 17:33,81,54
L7238474,PT,PT-05,PT-05-IN,39.9955073,-7.1419845,Idanha-a-Velha,2026-08-08 10:35,95,37
L2368649,PT,PT-10,PT-10-PN,39.3735193,-9.3399936,Ilha do Baleal,2026-08-25 17:16,85,89
L2347318,PT,PT-20,PT-20-SG,39.0563547,-27.9573727,Ilhéu da Praia,2026-09-11 07:15,42,82
L59346492,PT,PT-20,PT-20-PD,37.74441,-25.63862,Ilhéu de São Roque,2026-09-23 17:37,22,5
L4806618,PT,PT-20,PT-20-AH,38.6316073,-27.1446848,Ilhéus das Cabras,2026-06-09 10:21,20,12
L12183812,PT,PT-20,PT-20-VP,37.2712448,-24.7806829,Ilhéus das Formigas (saídas pelágicas),2025-04-08 16:36,8,3
L4590774,PT,PT-03,PT-03-BR,41.5620083,-8.4155662,Imediações do Quartel,2026-08-05 17:10,70,77
L3139675,PT,PT-05,PT-05-SE,39.7712402,-7.9842067,Isna de São Carlos,2023-07-04 21:49,65,4
L34290666,PT,PT-01,PT-01-AR,40.9256528,-8.1497086,Janarde,2024-07-04 11:41,13,1
L9933937,PT,PT-09,PT-09-GO,40.4955167,-7.6077931,Jancão,2026-04-06 16:52,107,255
L3012417,PT,PT-11,PT-11-LI,38.6966691,-9.2002425,Jardim Afonso de Albuquerque,2026-09-20 17:36,73,122
L3452878,PT,PT-11,PT-11-LI,38.7361176,-9.164325,Jardim Amnistia Internacional,2026-06-20 19:30,54,48
L10499121,PT,PT-11,PT-11-LI,38.73152,-9.15465,Jardim Amália Rodrigues,2026-08-30 12:33,31,5
L3923061,PT,PT-20,PT-20-PD,37.7432943,-25.6755906,Jardim António Borges,2026-09-14 14:13,32,207
L23088217,PT,PT-11,PT-11-LI,38.7360728,-9.1423222,Jardim Arco do Cego,2026-08-17 16:50,28,12
L1470302,PT,PT-11,PT-11-LI,38.7183026,-9.1488148,Jardim Botânico (UL) (acesso condicionado),2026-09-27 15:24,79,487
L28073901,PT,PT-20,PT-20-PD,37.7484652,-25.6704098,Jardim Botânico José do Canto (acesso condicionado),2026-09-10 09:13,23,43
L2698458,PT,PT-11,PT-11-LI,38.6990087,-9.2024848,Jardim Botânico Tropical (acesso condicionado),2026-09-14 12:30,82,256
L1328613,PT,PT-11,PT-11-LI,38.706334,-9.2008223,Jardim Botânico da Ajuda,2026-09-03 18:30,62,64
L1801855,PT,PT-30,PT-30-FU,32.6625677,-16.894865,Jardim Botânico da Madeira,2026-09-21 10:52,40,201
L9539921,PT,PT-06,PT-06-CO,40.2057913,-8.4214488,Jardim Botânico da Universidade de Coimbra,2026-09-24 11:42,82,233
L3490975,PT,PT-20,PT-20-HO,38.5833313,-28.6548328,Jardim Botânico de Pedro Miguel,2026-09-26 15:28,39,295
L14849309,PT,PT-13,PT-13-PO,41.1528079,-8.642358,Jardim Botânico do Porto,2026-09-10 14:21,53,55
L19206504,PT,PT-20,PT-20-HO,38.5509008,-28.6393404,Jardim Botânico dos Flamengos,2026-06-21 18:27,20,10
L5773142,PT,PT-11,PT-11-LI,38.7431398,-9.137181,Jardim Fernando Pessa,2026-09-02 08:16,55,209
L16000708,PT,PT-30,PT-30-FU,32.6478633,-16.9113936,Jardim Municipal do Funchal,2026-08-22 17:02,48,24
L2876570,PT,PT-01,PT-01-IL,40.6426929,-8.7294531,Jardim Oudinot,2026-09-24 08:00,110,241
L37445767,PT,PT-13,PT-13-PO,41.1531401,-8.5972618,Jardim Paulo Vallada,2026-09-05 08:12,15,1
L49448298,PT,PT-11,PT-11-OE,38.7451881,-9.2872708,Jardim Público de Barcarena,2026-07-22 17:52,42,4
L3925945,PT,PT-07,PT-07-EV,38.5671263,-7.9109609,Jardim Público de Évora,2026-09-26 14:24,94,300
L26420060,PT,PT-30,PT-30-FU,32.6740204,-16.9024609,Jardim Tropical do Monte Palace,2026-09-26 12:05,42,248
L3334559,PT,PT-15,PT-15-AM,38.6491455,-9.2390728,Jardim Urbano da Costa da Caparica,2026-09-25 19:05,137,630
L26677102,PT,PT-11,PT-11-LI,38.7433,-9.16984,Jardim Zoológico de Lisboa (acesso condicionado),2026-07-21 16:30,36,5
L5128658,PT,PT-03,PT-03-BR,41.5518841,-8.4200764,Jardim da Avenida Central,2026-09-05 13:40,47,155
L1534703,PT,PT-11,PT-11-LI,38.7550963,-9.199756,Jardim da Estrada dos Arneiros,2025-11-11 04:22,42,22
L2619365,PT,PT-11,PT-11-LI,38.7148948,-9.1594005,Jardim da Estrela,2026-09-26 20:12,73,463
L13048759,PT,PT-03,PT-03-BR,41.5511894,-8.4278333,Jardim da Praça do Município,2026-09-11 11:10,41,64
L5868663,PT,PT-11,PT-11-CS,38.6938506,-9.3384218,Jardim da Quinta da Alagoa,2026-07-12 11:02,76,101
L14475449,PT,PT-06,PT-06-CO,40.2094085,-8.4180754,Jardim da Sereia,2026-09-10 07:45,57,32
L5037155,PT,PT-11,PT-11-LI,38.6917632,-9.215523,Jardim da Torre de Belém,2026-09-22 11:42,109,424
L2721501,PT,PT-13,PT-13-PO,41.1579944,-8.6289614,Jardim da rotunda da Boavista,2026-08-27 14:05,48,64
L30399654,PT,PT-14,PT-14-SA,39.2331726,-8.6751868,Jardim das Portas do Sol,2026-09-04 07:44,28,3
L1862750,PT,PT-06,PT-06-PS,40.0896617,-7.8517652,Jardim de Santa Luzia,2026-08-12 11:51,40,12
L3531872,PT,PT-11,PT-11-LI,38.706991,-9.1545242,Jardim de Santos--Jardim Nun' Álvares,2026-07-11 14:56,53,37
L21470527,PT,PT-11,PT-11-OD,38.81675,-9.2298354,Jardim do Aqueduto,2026-09-06 20:25,25,2
L1552824,PT,PT-11,PT-11-LI,38.7603838,-9.0982827,Jardim do Cabeço das Rolas,2026-09-16 22:11,121,1351
L1823253,PT,PT-11,PT-11-LI,38.7566582,-9.1534835,Jardim do Campo Grande,2026-09-23 08:43,67,252
L4174041,PT,PT-15,PT-15-AM,38.6843624,-9.15656,Jardim do Castelo,2025-06-18 16:31,50,46
L5939685,PT,PT-11,PT-11-MA,38.9382654,-9.3237555,Jardim do Cerco,2026-09-27 18:20,63,59
L5608280,PT,PT-17,PT-17-CH,41.7623172,-7.4860045,Jardim do Hotel Casino,2026-04-04 12:28,57,15
L13213740,PT,PT-13,PT-13-PO,41.150384,-8.6233767,Jardim do Largo da Maternidade Júlio Dinis,2026-09-21 16:25,26,23
L35594017,PT,PT-30,PT-30-CT,32.7376034,-17.2121457,Jardim do Mar,2026-07-04 10:40,12,5
L15978092,PT,PT-13,PT-13-VG,41.137315,-8.609376,Jardim do Morro,2026-09-27 10:38,56,73
L1881854,PT,PT-11,PT-11-LI,38.7007359,-9.185142,Jardim do Palácio Burnay,2026-09-27 19:09,56,108
L3271867,PT,PT-11,PT-11-OE,38.6930467,-9.3155265,Jardim do Palácio do Marquês de Pombal,2026-08-20 09:24,84,97
L3553126,PT,PT-13,PT-13-PO,41.1481066,-8.6703908,Jardim do Passeio Alegre,2026-09-13 12:32,99,351
L2686737,PT,PT-10,PT-10-LE,39.7513144,-8.8144684,Jardim do Polis Leiria,2026-09-20 19:13,80,124
L2878801,PT,PT-11,PT-11-LI,38.7161846,-9.1490042,Jardim do Príncipe Real,2026-09-17 09:32,61,125
L4202347,PT,PT-15,PT-15-AM,38.650245,-9.1902526,Jardim do Solar dos Zagallos,2026-08-02 19:10,62,88
L2950727,PT,PT-17,PT-17-CH,41.6314344,-7.5745475,Jardim do Vidago Palace,2026-06-08 13:21,79,49
L14379624,PT,PT-11,PT-11-OE,38.7140399,-9.2343833,Jardim dos Plátanos,2026-01-04 09:20,42,91
L1823234,PT,PT-11,PT-11-LI,38.7651676,-9.1026895,Jardins da EPAL,2026-08-16 19:51,55,79
L1497757,PT,PT-11,PT-11-LI,38.7372396,-9.1533645,Jardins da Fundação Calouste Gulbenkian,2026-09-26 13:29,96,628
L22875902,PT,PT-11,PT-11-OE,38.7014737,-9.2737858,Jardins da Real Quinta de Caxias,2026-09-12 08:03,59,102
L2389147,PT,PT-11,PT-11-SI,38.7497271,-9.2600638,Jardins do Palácio Nacional de Queluz,2026-09-20 10:00,83,192
L3084546,PT,PT-13,PT-13-PO,41.1471057,-8.6272365,Jardins do Palácio de Cristal,2026-09-26 12:50,93,509
L2480042,PT,PT-08,PT-08-SB,37.1781675,-7.936753,Juncais,2026-08-18 12:45,106,186
L7517839,PT,PT-04,PT-04-VM,41.4813512,-6.6427964,Junqueira,2025-08-23 09:30,66,12
L2950071,PT,PT-08,PT-08-CM,37.2660613,-7.4546957,Junqueira--Sapal da Moita,2026-05-22 13:45,157,114
L2314953,PT,PT-07,PT-07-AL,38.7383185,-7.2398508,Juromenha,2026-08-05 08:52,138,167
L3115878,PT,PT-20,PT-20-PC,37.7696631,-25.2024221,Labaçal,2026-08-10 14:10,25,81
L2767500,PT,PT-05,PT-05-IN,39.8467672,-7.2445393,Ladoeiro,2026-09-07 06:29,95,49
L15169403,PT,PT-06,PT-06-OH,40.4017269,-7.8605598,Lagares da Beira,2023-08-08 10:58,87,63
L2903273,PT,PT-01,PT-01-ME,40.3898632,-8.4769821,Lago do Sume,2026-06-02 10:58,60,28
L973573,PT,PT-20,PT-20-PD,37.8604888,-25.7848263,Lagoa Azul,2026-09-27 10:54,98,680
L2660831,PT,PT-15,PT-15-GR,38.2975274,-8.7726259,Lagoa Formosa,2025-11-05 12:40,74,15
L2885419,PT,PT-06,PT-06-CA,40.2974649,-8.7847281,Lagoa Salgueira,2026-08-21 11:28,88,59
L4233270,PT,PT-20,PT-20-PC,37.7554104,-25.3132856,Lagoa Seca,2026-05-24 08:25,43,83
L2153206,PT,PT-20,PT-20-PD,37.8449756,-25.7876587,Lagoa Verde,2026-09-19 10:09,61,219
L3098347,PT,PT-10,PT-10-LE,39.9299781,-8.89575,Lagoa da Ervedeira,2026-07-30 20:28,93,77
L3441928,PT,PT-20,PT-20-LF,39.425382,-31.188763,Lagoa da Lomba,2025-11-17 17:30,27,34
L7314946,PT,PT-08,PT-08-LO,37.2184706,-8.05094,Lagoa da Nave,2026-05-26 16:45,87,36
L6002879,PT,PT-20,PT-20-LP,38.4325809,-28.1856608,Lagoa da Rosada,2026-03-16 11:14,21,49
L985726,PT,PT-15,PT-15-PA,38.6496566,-8.8825321,Lagoa da Salgueirinha,2026-09-13 11:31,181,399
L4610069,PT,PT-18,PT-18-NE,40.5153489,-7.887556,Lagoa da Urgeiriça,2026-09-09 16:17,76,66
L2885415,PT,PT-06,PT-06-FF,40.2656424,-8.7919807,Lagoa da Vela,2026-09-25 13:11,182,647
L2885407,PT,PT-06,PT-06-FF,40.2425848,-8.8043404,Lagoa das Braças,2026-09-24 15:14,151,386
L16328528,PT,PT-20,PT-20-VC,37.769943,-25.3793336,Lagoa das Contendas,2026-09-11 15:58,35,25
L1447916,PT,PT-08,PT-08-LO,37.0446589,-8.0527424,Lagoa das Dunas Douradas,2026-09-02 09:13,163,152
L1549894,PT,PT-20,PT-20-PC,37.7559078,-25.3308204,Lagoa das Furnas,2026-09-23 15:55,98,869
L2125956,PT,PT-20,PT-20-AH,38.7129664,-27.2505559,Lagoa das Narcejas,2026-09-15 19:00,32,120
L1048223,PT,PT-15,PT-15-SS,38.5125794,-9.1722107,Lagoa de Albufeira--Lagoa Grande,2026-09-25 13:26,195,671
L1048216,PT,PT-15,PT-15-SS,38.5213096,-9.1495085,Lagoa de Albufeira--Lagoa Pequena,2026-09-17 09:19,215,749
L1040108,PT,PT-15,PT-15-SS,38.5260437,-9.1425562,Lagoa de Albufeira--Lagoa da Estacada,2026-09-27 09:45,205,1280
L927105,PT,PT-15,PT-15-SS,38.5180186,-9.1645718,Lagoa de Albufeira--área geral,2026-09-24 09:10,244,1356
L4151411,PT,PT-08,PT-08-VS,37.1798772,-7.4685788,Lagoa de Aldeia Nova,2026-09-17 12:59,183,916
L1265216,PT,PT-08,PT-08-VB,37.1019357,-8.8485754,Lagoa de Budens,2026-09-10 18:23,98,46
L2357920,PT,PT-15,PT-15-GR,38.1338139,-8.7829256,Lagoa de Melides,2026-09-22 12:05,200,326
L2776450,PT,PT-06,PT-06-MI,40.4392065,-8.7542689,Lagoa de Mira,2026-09-16 08:36,105,118
L2999986,PT,PT-10,PT-10-AC,39.677127,-9.002856,Lagoa de Pataias,2026-09-26 18:03,87,68
L3534346,PT,PT-10,PT-10-OB,39.397071,-9.2049122,Lagoa de Óbidos--Foz do Rio Real,2026-09-26 10:03,212,861
L5428573,PT,PT-10,PT-10-CR,39.4248648,-9.2103817,Lagoa de Óbidos--Margem Norte,2026-09-24 11:34,134,197
L1366630,PT,PT-10,PT-10-CR,39.4056179,-9.186803,Lagoa de Óbidos--braço da Barrosa,2026-09-27 18:04,172,529
L2870280,PT,PT-10,PT-10-OB,39.3901063,-9.2231727,Lagoa de Óbidos--braço do Bom Sucesso,2026-09-24 17:53,135,169
L3248941,PT,PT-10,PT-10-OB,39.4113525,-9.220233,Lagoa de Óbidos--margem sul,2026-08-25 17:33,159,257
L978669,PT,PT-10,PT-10-CR,39.4045003,-9.206672,Lagoa de Óbidos--área geral,2026-09-27 18:30,235,562
L3532716,PT,PT-11,PT-11-LI,38.7446617,-9.1002309,Lagoa do Braço de Prata (histórico),2025-10-12 17:00,59,29
L3902237,PT,PT-20,PT-20-SP,38.4580707,-28.2496262,Lagoa do Caiado,2026-09-24 15:24,37,331
L3866075,PT,PT-20,PT-20-SP,38.4878434,-28.3192778,Lagoa do Capitão,2026-09-13 11:54,46,451
L1549844,PT,PT-20,PT-20-VC,37.7558362,-25.4072098,Lagoa do Congro,2026-06-22 17:58,25,60
L6072622,PT,PT-20,PT-20-RG,37.7670905,-25.4864164,Lagoa do Fogo,2026-09-01 14:38,39,103
L2062363,PT,PT-20,PT-20-AH,38.6831313,-27.1664,Lagoa do Ginjal,2026-07-31 09:40,28,8
L5223301,PT,PT-20,PT-20-AH,38.69545,-27.1580234,Lagoa do Ginjal,2026-09-12 14:42,50,97
L8168996,PT,PT-20,PT-20-VP,36.978134,-25.161634,Lagoa do Ginjal,2026-08-14 09:53,47,40
L1792507,PT,PT-20,PT-20-PV,38.7101289,-27.122326,Lagoa do Junco,2026-09-12 14:15,93,886
L8003592,PT,PT-20,PT-20-LP,38.4579719,-28.2682964,Lagoa do Landroal,2026-09-13 10:31,25,129
L12272342,PT,PT-01,PT-01-VG,40.4481436,-8.6455441,Lagoa do Moitão,2026-04-03 15:38,39,11
L1793360,PT,PT-20,PT-20-PV,38.7381412,-27.269027,Lagoa do Negro,2026-09-17 17:45,33,86
L5591368,PT,PT-20,PT-20-LP,38.4282286,-28.2324503,Lagoa do Paul,2026-09-27 11:34,23,39
L30697623,PT,PT-01,PT-01-AN,40.4757574,-8.5001383,Lagoa do Paúl de Anca,2026-09-09 20:21,35,6
L5632355,PT,PT-20,PT-20-SP,38.4342331,-28.1735412,Lagoa do Peixinho,2026-04-29 12:25,28,78
L2467825,PT,PT-02,PT-02-AV,38.169654,-8.0622911,Lagoa do Peneireiro (histórico),2016-02-17 15:12,79,39
L6018486,PT,PT-20,PT-20-PV,38.7362153,-27.2471049,Lagoa do Pico dos Pedreiros,2026-09-06 19:21,28,47
L3782802,PT,PT-10,PT-10-NA,39.6139,-9.016229,Lagoa do Saloio (vulgo Lagoa do Valado),2026-07-25 12:07,70,33
L11669203,PT,PT-06,PT-06-FF,40.025,-8.8672222,Lagoa dos Linhos,2025-12-03 14:11,31,4
L1251610,PT,PT-02,PT-02-AV,38.161096,-8.0620122,Lagoa dos Patos,2026-09-21 10:16,222,664
L962500,PT,PT-08,PT-08-SI,37.09469,-8.3313704,Lagoa dos Salgados,2026-09-27 14:11,274,3807
L3174485,PT,PT-06,PT-06-CA,40.3062363,-8.7763166,Lagoa dos Teixoeiros,2026-09-25 13:45,154,315
L10814063,PT,PT-20,PT-20-PD,37.8240805,-25.7392368,Lagoa e Miradouro do Carvão,2026-09-03 15:50,19,8
L3610367,PT,PT-14,PT-14-GO,39.3349945,-8.530004,Lagoas da Azinhaga,2026-04-20 13:29,111,113
L17822234,PT,PT-09,PT-09-ME,40.9271582,-7.2118308,Lagoas da Barreira,2026-04-27 11:38,65,11
L15947460,PT,PT-09,PT-09-GU,40.4068702,-7.3399009,Lagoas da Ribeira de Gaia,2026-09-20 08:16,92,23
L3293186,PT,PT-09,PT-09-GO,40.5233906,-7.6379228,Lagoas da Ribeira do Bôco,2026-07-30 09:25,127,294
L6164673,PT,PT-06,PT-06-OH,40.4606134,-7.8069556,Lagoas da Sobreda,2024-01-01 16:18,70,20
L16221110,PT,PT-20,PT-20-PD,37.8255974,-25.7494078,"Lagoas das Éguas, Rasa e Empadadas",2026-08-08 17:07,11,8
L9715938,PT,PT-03,PT-03-BA,41.5495885,-8.5456409,Lagoas de Areias de Vilar,2025-02-28 09:49,63,12
L9435980,PT,PT-16,PT-16-VC,41.693038,-8.754637,Lagoas de Vila Franca,2026-06-18 18:03,85,35
L18714257,PT,PT-14,PT-14-AB,39.3328705,-8.1642631,"Lagoas do Casalão, Chaminé",2024-10-27 14:48,41,4
L3137635,PT,PT-17,PT-17-CH,41.7660784,-7.4384844,Lagoas do Tâmega,2026-08-21 15:01,173,576
L17529388,PT,PT-04,PT-04-BR,41.8294039,-6.824507,Lagomar,2026-06-05 08:31,29,4
L3094961,PT,PT-08,PT-08-LS,37.1024258,-8.6788559,Lagos (centro urbano),2026-09-21 17:58,100,171
L3961746,PT,PT-20,PT-20-MA,38.519039,-28.539579,Lajido da Criação Velha,2026-09-27 07:45,49,205
L3437045,PT,PT-20,PT-20-HO,38.523053,-28.652427,Lajinha,2026-07-27 14:59,43,179
L3159774,PT,PT-14,PT-14-CR,39.0689797,-8.4653091,Lamarosa,2025-01-28 11:00,83,8
L7696279,PT,PT-18,PT-18-LA,41.0974683,-7.8067297,Lamego (centro urbano),2026-09-18 17:40,77,1705
L23544510,PT,PT-09,PT-09-SA,40.4261911,-7.2020348,Lameiras,2025-08-08 18:44,57,5
L12327824,PT,PT-16,PT-16-CA,41.9077223,-8.7907605,Lanhelas (centro urbano),2026-09-27 09:07,74,277
L38314996,PT,PT-16,PT-16-VC,41.729339,-8.6766619,Lanheses,2026-07-25 10:00,83,10
L12485878,PT,PT-20,PT-20-CO,39.6823214,-31.0996437,Lapa,2026-08-23 14:34,72,94
L1931901,PT,PT-14,PT-14-SD,39.5360582,-8.1186525,Lapa,2026-05-10 17:03,61,24
L16336575,PT,PT-18,PT-18-VO,40.6413493,-8.1405262,Lapa de Meruge,2026-07-18 16:51,45,7
L10102530,PT,PT-08,PT-08-LO,37.0595095,-7.9990983,Laranjal Golf,2026-09-07 09:30,135,674
L4060814,PT,PT-08,PT-08-MO,37.2547835,-8.5036399,Laranjeira,2026-05-13 11:02,89,24
L11497224,PT,PT-06,PT-06-FF,40.1195737,-8.7923671,Lares,2026-09-25 08:10,186,542
L3621645,PT,PT-13,PT-13-VG,41.1346839,-8.6703908,Lavadores,2026-09-22 17:18,104,200
L2290649,PT,PT-07,PT-07-MN,38.7754985,-8.3685886,Lavre,2025-08-24 09:28,72,16
L13632887,PT,PT-13,PT-13-GO,41.1286051,-8.5279515,Levada de Ramalde-Cavada,2025-05-10 18:58,72,61
L3023708,PT,PT-30,PT-30-SA,32.7846047,-16.9074869,Levada do Caldeirão Verde,2026-09-22 12:38,26,144
L35688480,PT,PT-30,PT-30-PD,32.6906672,-17.0917843,Levada do Moinho,2026-09-21 12:23,15,8
L20474089,PT,PT-30,PT-30-SA,32.8169009,-16.9246308,Levada do Rei,2026-08-14 15:48,16,7
L1363582,PT,PT-11,PT-11-VX,38.9065724,-8.9710467,Lezíria Grande de Vila Franca de Xira--Alcamé (acesso condicionado),2026-08-29 07:07,189,398
L1253942,PT,PT-11,PT-11-VX,38.9159291,-8.9326572,Lezíria Grande de Vila Franca de Xira--Arrozais da Giganta (acesso condicionado),2026-09-20 08:08,171,263
L1543672,PT,PT-11,PT-11-VX,38.879644,-8.9582344,Lezíria Grande de Vila Franca de Xira--Arrozais da Saragoça (acesso condicionado),2026-09-25 15:41,184,271
L1739905,PT,PT-11,PT-11-VX,38.9180102,-8.954823,Lezíria Grande de Vila Franca de Xira--Arrozais da Vala de Mar de Cães (acesso condicionado),2026-09-20 08:01,128,87
L1372455,PT,PT-11,PT-11-VX,38.931133,-8.9764748,Lezíria Grande de Vila Franca de Xira--Cardal (acesso condicionado),2026-09-20 07:52,184,387
L2124291,PT,PT-11,PT-11-VX,38.8927196,-8.9261341,Lezíria Grande de Vila Franca de Xira--Portas do Capitão-Mór (acesso condicionado),2026-09-26 14:17,133,54
L3076164,PT,PT-11,PT-11-VX,38.9232515,-8.9643502,Lezíria Grande de Vila Franca de Xira--Poça do Cardal,2026-09-14 07:00,157,243
L927102,PT,PT-11,PT-11-VX,38.8970984,-8.9462956,Lezíria Grande de Vila Franca de Xira--área geral (acesso condicionado),2026-09-27 09:05,280,7061
L2484677,PT,PT-11,PT-11-VX,38.9696208,-8.9032129,Lezíria Norte,2026-09-02 08:20,179,164
L2346650,PT,PT-14,PT-14-AB,39.4580781,-8.2907713,Lezíria da Coutada,2025-12-14 14:34,106,27
L15364621,PT,PT-14,PT-14-AP,39.2768878,-8.6157957,Lezíria de Alpiarça,2026-07-23 07:31,116,44
L8108469,PT,PT-11,PT-11-OE,38.7125778,-9.2376284,Linda-a-Velha,2026-07-14 17:48,52,55
L12401181,PT,PT-14,PT-14-TM,39.521817,-8.379015,Linhaceira,2023-01-06 15:30,46,3
L3749624,PT,PT-04,PT-04-CA,41.2063298,-7.3670197,Linhares de Ansiães,2026-09-27 12:45,107,440
L21806996,PT,PT-13,PT-13-GO,41.19653,-8.552324,Lipor--Parque Aventura,2026-04-24 18:10,55,10
L2465400,PT,PT-11,PT-11-MA,38.9703625,-9.4207549,Litoral da Ericeira,2026-07-29 07:20,116,103
L1102402,PT,PT-08,PT-08-SI,37.1010746,-8.3622025,Litoral de Armação de Pêra,2026-08-26 17:44,129,56
L14443893,PT,PT-16,PT-16-CA,41.8351896,-8.874317,Litoral de Moledo,2026-09-19 09:49,116,318
L7927078,PT,PT-16,PT-16-CA,41.8230556,-8.8736111,Litoral de Vila Praia de Âncora,2026-09-24 09:30,104,418
L3167464,PT,PT-13,PT-13-VC,41.2821684,-8.7312555,Litoral de Vila do Conde e Reserva Ornitológica do Mindelo--Castro de São Paio,2026-09-03 11:41,94,72
L71377585,PT,PT-13,PT-13-VC,41.2739079,-8.7290518,Litoral de Vila do Conde e Reserva Ornitológica do Mindelo--Praia de Labruge,2026-09-05 11:08,26,5
L3167482,PT,PT-13,PT-13-VC,41.2948009,-8.7359333,Litoral de Vila do Conde e Reserva Ornitológica do Mindelo--Praia de Vila Chã,2026-09-14 10:54,74,68
L2173828,PT,PT-13,PT-13-VC,41.3195107,-8.7347317,Litoral de Vila do Conde e Reserva Ornitológica do Mindelo--área geral,2026-09-25 14:16,167,552
L2972697,PT,PT-06,PT-06-PC,40.2836077,-8.2651305,Livraria do Mondego,2025-10-12 15:46,59,17
L2995881,PT,PT-07,PT-07-MN,38.7642398,-8.2607853,Lobeira de Cima,2025-06-02 10:23,79,34
L4157505,PT,PT-20,PT-20-HO,38.5737503,-28.6450465,Lomba dos Frades (charca),2024-05-11 16:25,33,104
L1477634,PT,PT-02,PT-02-CV,37.6068093,-7.979808,Lombador,2026-05-13 11:28,87,41
L7844188,PT,PT-13,PT-13-MT,41.1831164,-8.6964051,Lota de Matosinhos (acesso condicionado),2026-09-21 16:26,45,40
L3150728,PT,PT-11,PT-11-LS,38.8392062,-9.1552699,Loures--Infantado,2026-07-30 11:29,108,686
L9209799,PT,PT-17,PT-17-BO,41.6203325,-7.8403387,Lousas,2024-08-28 06:24,60,17
L3004513,PT,PT-06,PT-06-LO,40.1144937,-8.2476425,Lousã (centro urbano),2026-08-13 20:32,53,28
L1914672,PT,PT-11,PT-11-OD,38.8204762,-9.2232478,Lugar d'Além (Caneças),2026-09-26 15:08,106,479
L7518102,PT,PT-13,PT-13-AM,41.2773066,-7.9951394,Lugar da Rua,2026-04-03 09:35,52,28
L2359793,PT,PT-30,PT-30-PD,32.6790178,-17.0891431,Lugar de Baixo,2026-09-21 15:51,83,265
L3492471,PT,PT-14,PT-14-GO,39.3747461,-8.5270577,Lázaros,2026-06-28 16:46,122,116
L2028420,PT,PT-05,PT-05-VV,39.7304257,-7.7631712,MN Portas de Ródão e Vale Mourão--Foz do Cobrão,2026-03-01 15:54,105,38
L2736563,PT,PT-05,PT-05-VV,39.6791042,-7.7007776,MN Portas de Ródão e Vale Mourão--Penedo Gordo,2026-04-07 14:34,64,11
L1443555,PT,PT-05,PT-05-VV,39.6471988,-7.6899583,MN Portas de Ródão e Vale Mourão--Portas de Ródão,2026-09-04 16:25,179,727
L14443624,PT,PT-05,PT-05-PN,39.7350792,-7.7488375,MN Portas de Ródão e Vale Mourão--Portas do Almourão,2026-06-20 08:36,44,13
L2755189,PT,PT-05,PT-05-VV,39.65025,-7.67093,MN Portas de Ródão e Vale Mourão--Vila Velha de Rodão,2026-07-30 11:40,108,120
L2825641,PT,PT-04,PT-04-MO,41.4455251,-6.6357422,Macedo do Peso,2026-06-19 14:05,36,5
L10529125,PT,PT-09,PT-09-FA,40.694334,-7.4733428,Maceira,2026-07-11 07:16,94,89
L3442639,PT,PT-02,PT-02-MO,38.0897154,-7.4175739,Machados,2025-03-06 10:10,92,12
L4068616,PT,PT-14,PT-14-TM,39.5829529,-8.4145617,Machuca,2021-11-17 15:51,48,11
L6179701,PT,PT-04,PT-04-MC,41.4698723,-6.8958521,Maciço de Morais--área geral,2021-01-09 12:01,52,8
L20626727,PT,PT-30,PT-30-PD,32.7017913,-17.1346159,Madalena do Mar,2026-07-04 09:40,32,37
L2485014,PT,PT-07,PT-07-MR,38.9390498,-7.93612,Malarranha,2024-06-28 16:02,124,38
L2736503,PT,PT-05,PT-05-CB,39.6888636,-7.3807043,Malpica do Tejo,2025-01-12 09:24,102,42
L10701683,PT,PT-11,PT-11-MA,38.9399023,-9.2619749,Malveira--Estrada dos Moinhos,2025-12-07 10:44,48,32
L4394308,PT,PT-16,PT-16-ME,41.9931667,-8.2711667,Mamoa do Batateiro,2026-08-31 19:28,64,35
L3094871,PT,PT-02,PT-02-AJ,37.9051995,-8.2639503,Mancoca,2026-08-29 12:50,86,34
L6000618,PT,PT-20,PT-20-LP,38.4132158,-28.0290145,Manhenha--Farol,2026-06-19 12:44,28,65
L4158301,PT,PT-08,PT-08-VS,37.1701659,-7.5084686,Manta Rota--Foz da Ribeira do Álamo,2026-09-04 19:08,148,215
L3143625,PT,PT-09,PT-09-MA,40.4023202,-7.5371361,Manteigas (centro urbano),2026-09-19 09:01,64,78
L2805202,PT,PT-10,PT-10-PN,39.441496,-9.594841,Mar da Berlenga (saídas pelágicas),2024-09-15 13:19,57,88
L23786785,PT,PT-11,PT-11-SI,38.824484,-10.024428,Mar dos Ursos (saídas pelágicas),2025-04-27 06:56,32,54
L12979095,PT,PT-08,PT-08-TA,37.0865762,-7.7452051,Maragota,2026-09-26 18:20,110,437
L2279852,PT,PT-12,PT-12-AV,39.0029774,-7.997489,Maranhão,2026-07-05 06:25,108,48
L4111529,PT,PT-12,PT-12-GA,39.3816151,-7.8998137,Margem,2025-08-07 09:23,113,52
L4557200,PT,PT-16,PT-16-VN,41.9590497,-8.7437439,Margem do Rio Minho,2026-09-10 08:19,136,136
L28016087,PT,PT-15,PT-15-AS,38.3760413,-8.5331793,Margem norte de Alcácer do Sal,2026-01-01 16:53,136,15
L2919835,PT,PT-15,PT-15-AS,38.3700677,-8.509925,Margem sul de Alcácer do Sal,2026-08-29 16:40,153,104
L3158298,PT,PT-14,PT-14-CH,39.1834373,-8.463335,Marianos,2023-10-16 18:41,66,5
L3288358,PT,PT-11,PT-11-LI,38.7581327,-9.0913904,Marina Parque das Nações,2026-09-14 19:53,87,187
L1791522,PT,PT-20,PT-20-PV,38.7275609,-27.0573919,Marina da Praia da Vitória,2026-09-15 16:39,70,300
L1792524,PT,PT-20,PT-20-AH,38.6524078,-27.2174264,Marina de Angra do Heroísmo,2026-08-26 20:10,49,182
L1327014,PT,PT-20,PT-20-PD,37.7403069,-25.6590659,Marina de Ponta Delgada,2026-09-23 19:06,83,459
L977887,PT,PT-30,PT-30-FU,32.6426321,-16.9129158,Marina do Funchal,2026-09-10 13:36,87,508
L1505737,PT,PT-11,PT-11-VX,38.850496,-9.0713747,Marinhas de D. Ana (salinas da Solvay),2026-06-28 16:14,105,117
L2346675,PT,PT-14,PT-14-CN,39.4055333,-8.277415,Mariola,2008-06-08 09:45,33,3
L2948941,PT,PT-02,PT-02-VI,38.171206,-7.6569986,Marmelar,2026-05-21 06:54,64,7
L6071001,PT,PT-18,PT-18-MR,40.3547226,-8.2629593,Marmeleira,2026-06-21 11:06,51,30
L21956975,PT,PT-05,PT-05-FU,40.071846,-7.3390237,Martianas,2025-05-21 09:44,59,6
L2997244,PT,PT-14,PT-14-CR,38.7780752,-8.1477571,Martianes,2018-06-03 13:25,34,2
L2387376,PT,PT-14,PT-14-MA,39.658901,-8.0064154,Martinzes,2014-09-15 11:00,30,11
L2951299,PT,PT-02,PT-02-MO,38.0859323,-7.1250629,Marvões,2020-07-08 20:17,69,10
L11711701,PT,PT-08,PT-08-LO,37.0751024,-7.9563121,Mata Lobos,2026-09-16 20:06,76,197
L2150414,PT,PT-10,PT-10-BO,39.2670943,-9.1564929,Mata Municipal do Bombarral,2026-09-07 16:02,48,28
L2207816,PT,PT-15,PT-15-BA,38.6165771,-9.0426064,Mata Nacional da Machada,2026-09-23 09:30,131,374
L5492668,PT,PT-08,PT-08-CM,37.3550808,-7.5085974,Mata Nacional das Terras da Ordem,2026-07-25 19:19,80,22
L9559166,PT,PT-11,PT-11-AZ,39.0936094,-8.8337515,Mata Nacional das Virtudes,2025-12-26 16:13,87,22
L23515819,PT,PT-07,PT-07-MR,38.9583197,-8.0939166,Mata Nacional de Cabeção,2026-04-01 10:39,80,20
L70326466,PT,PT-06,PT-06-CO,40.2103471,-8.3781645,Mata Nacional de Vale de Canas,2026-09-12 11:05,28,7
L2913701,PT,PT-01,PT-01-ME,40.37774,-8.3709383,Mata Nacional do Buçaco,2026-09-14 10:51,88,147
L12608788,PT,PT-10,PT-10-NA,39.5957671,-9.0109143,Mata Nacional do Valado--Lagoa Seca,2026-08-08 07:04,34,5
L5079024,PT,PT-10,PT-10-CR,39.404512,-9.127751,Mata Rainha Dona Leonor,2026-09-23 16:15,52,27
L4185249,PT,PT-09,PT-09-GO,40.500026,-7.5853525,Mata Rainha/Calçadão,2026-07-19 14:10,49,7
L9498756,PT,PT-07,PT-07-BO,38.7792794,-7.4521588,Mata da Barrada,2026-03-17 14:15,76,16
L3284539,PT,PT-08,PT-08-TA,37.1898265,-7.5714576,Mata da Conceição,2026-08-21 17:30,98,64
L2219555,PT,PT-17,PT-17-MT,41.816671,-7.7880728,Mata da Corujeira,2026-07-17 13:09,76,89
L13802172,PT,PT-11,PT-11-LI,38.7327874,-9.1161134,Mata da Madre de Deus,2026-09-11 10:30,47,11
L5487867,PT,PT-06,PT-06-AR,40.2161193,-7.9192784,Mata da Margaraça,2025-06-08 14:55,51,20
L4177780,PT,PT-15,PT-15-SX,38.6078739,-9.1457179,Mata da Princesa Bela Verde e Lagoas da Amarsul,2026-09-20 09:57,91,119
L21957037,PT,PT-05,PT-05-FU,40.105741,-7.345413,Mata da Rainha,2025-05-27 16:45,97,19
L3139161,PT,PT-05,PT-05-FU,40.1671995,-7.3208427,Mata da Rainha,2025-08-23 15:37,60,6
L75022364,PT,PT-11,PT-11-SI,38.7882174,-9.2604712,Mata de Belas,2026-09-20 10:49,31,3
L2676854,PT,PT-11,PT-11-SI,38.7599345,-9.2813176,Mata de Massamá,2026-09-14 09:03,90,143
L12381926,PT,PT-11,PT-11-AL,39.0446423,-9.1246752,Mata de Palhacana,2026-09-27 17:07,55,39
L15648110,PT,PT-13,PT-13-LO,41.2834422,-8.2217109,Mata de Vilar (acesso condicionado),2026-08-18 11:00,44,6
L6778258,PT,PT-11,PT-11-LS,38.8027142,-9.0994745,Mata do Bairro da Petrogal,2026-04-04 13:45,41,8
L4578011,PT,PT-16,PT-16-CA,41.8602286,-8.8608521,Mata do Camarido,2026-09-19 12:12,76,91
L4621586,PT,PT-03,PT-03-BR,41.5697889,-8.41115,Mata e Quinta do Convento Franciscano Montariol,2025-05-06 09:20,79,37
L3700761,PT,PT-09,PT-09-FA,40.6823303,-7.5296259,Matança,2026-08-14 08:14,107,82
L10933136,PT,PT-09,PT-09-FA,40.6856788,-7.5016171,Matança--Forcadas,2024-06-17 11:28,53,28
L3287530,PT,PT-17,PT-17-VR,41.2999919,-7.7215701,Mateus,2025-12-22 09:15,65,54
L2064456,PT,PT-11,PT-11-SI,38.7441094,-9.260273,Matinha de Queluz,2026-09-16 10:23,65,50
L2910433,PT,PT-12,PT-12-CV,39.5052449,-7.5548816,Mato da Póvoa,2026-03-24 17:39,70,12
L2268369,PT,PT-05,PT-05-PE,40.2268355,-7.1849382,Meimoa,2026-05-31 13:40,71,26
L9808586,PT,PT-05,PT-05-PE,40.2817405,-7.117823,Meimão,2026-07-12 10:05,62,13
L34290601,PT,PT-01,PT-01-AR,40.9229364,-8.1286198,Meitriz,2024-07-04 12:28,15,1
L3969552,PT,PT-13,PT-13-TR,41.2854497,-8.5741344,Mendões,2026-09-27 10:19,56,50
L2893556,PT,PT-02,PT-02-AJ,37.8287685,-8.23627,Messejana,2026-08-29 12:35,122,68
L3494833,PT,PT-06,PT-06-TA,40.38,-7.9552778,Midões,2026-09-19 16:41,80,24
L3261220,PT,PT-15,PT-15-GR,38.0805276,-8.4893417,Mina da Caveira,2024-03-22 12:58,99,6
L5052518,PT,PT-09,PT-09-GO,40.5540154,-7.5529075,Mina do Castelejo,2025-03-26 08:44,67,23
L5672060,PT,PT-01,PT-01-SV,40.7342045,-8.4000719,Minas do Braçal--percursos pedestres,2020-06-20 11:00,31,2
L36597007,PT,PT-18,PT-18-SP,40.7490044,-8.0666151,Mini-hídrica de Drizes,2026-08-01 17:48,52,7
L2305767,PT,PT-08,PT-08-LS,37.162608,-8.8011003,Mioto,2026-09-27 09:53,162,1303
L18204829,PT,PT-17,PT-17-MF,41.158851,-7.881236,Miradouro Imaginário,2026-02-27 18:54,37,15
L14145213,PT,PT-12,PT-12-NI,39.5420263,-7.8077364,Miradouro da Barragem do Fratel,2026-08-01 10:55,89,35
L20722792,PT,PT-20,PT-20-PD,37.857846,-25.8505726,Miradouro da Ilha Sabrina,2026-07-26 16:02,24,24
L20351646,PT,PT-30,PT-30-MA,32.7503127,-16.7073645,Miradouro da Ponta do Rosto,2026-09-27 08:15,49,179
L2484038,PT,PT-15,PT-15-AM,38.6818583,-9.1689867,Miradouro da Quinta da Arealva,2026-06-10 10:31,37,12
L25520947,PT,PT-07,PT-07-PO,38.1975948,-7.5001609,Miradouro da barragem de Alqueva,2026-03-31 15:00,96,46
L7590931,PT,PT-12,PT-12-GA,39.4931986,-7.892219,Miradouro de Avifauna do Outeiro,2026-07-24 14:21,105,100
L4710226,PT,PT-20,PT-20-LF,39.4323129,-31.2342475,Miradouro de Craveiro Lopes,2026-05-08 21:42,19,5
L12469228,PT,PT-14,PT-14-FZ,39.6931293,-8.2455716,Miradouro do Castro,2026-07-25 18:05,66,38
L8520713,PT,PT-20,PT-20-RG,37.8338392,-25.3944229,Miradouro do Frade,2026-08-24 11:00,25,25
L7827029,PT,PT-30,PT-30-MA,32.723948,-16.758678,Miradouro do Pico do Facho,2026-09-07 08:11,33,44
L20952264,PT,PT-20,PT-20-PC,37.7719391,-25.334191,Miradouro do Pico do Ferro,2026-09-01 15:35,32,28
L2781709,PT,PT-10,PT-10-NA,39.6044979,-9.0764612,Miradouro do Suberco,2026-09-21 14:06,91,168
L2898245,PT,PT-14,PT-14-AB,39.4550017,-8.2393947,Miradouro do Tramagal,2026-03-14 17:35,75,19
L3004517,PT,PT-06,PT-06-MC,40.0908724,-8.3317566,Miranda do Corvo (centro urbano),2026-09-27 17:04,31,12
L3291856,PT,PT-09,PT-09-GO,40.4937309,-7.5901258,Mirante do Paixotão e Mata da Cerca,2026-08-19 18:14,63,77
L2825630,PT,PT-04,PT-04-MO,41.3423386,-6.7108876,Mogadouro (centro urbano),2026-08-12 19:36,88,43
L11244584,PT,PT-03,PT-03-CB,41.5247532,-7.888487,Moimenta,2026-06-25 17:35,59,14
L3494504,PT,PT-09,PT-09-GO,40.4742443,-7.6398325,Moimenta da Serra,2026-02-14 09:40,62,23
L2346486,PT,PT-10,PT-10-PN,39.3782,-9.29154,Moinho Velho,2024-08-24 08:36,59,16
L3172083,PT,PT-07,PT-07-AL,38.6684818,-7.2699237,Moinho da Abóbada,2020-09-01 16:06,44,6
L3442802,PT,PT-02,PT-02-VI,38.0863376,-7.6551533,Moinho das Fazendas,2004-04-20 00:00,31,2
L3751331,PT,PT-08,PT-08-CM,37.301436,-7.5472426,Moinho de Barreiros,2026-03-28 10:35,58,10
L20000998,PT,PT-03,PT-03-VF,41.3718938,-8.5784888,Moinho de Vento--Ribeirão,2024-10-17 11:01,29,3
L2719103,PT,PT-06,PT-06-CA,40.3652743,-8.5690784,Moinho do Dias,2026-09-01 10:25,61,18
L2622121,PT,PT-02,PT-02-FA,38.1255894,-8.0438805,Moinho do Grandão,2024-01-05 08:10,59,12
L28702791,PT,PT-02,PT-02-SE,38.025868,-7.642086,Moinhos Velhos de Brinches,2024-10-26 15:43,21,2
L4786365,PT,PT-02,PT-02-ME,37.5477417,-7.693541,Moinhos de Vento,2026-09-16 17:01,129,83
L9971788,PT,PT-06,PT-06-PC,40.2635057,-8.3492553,Moinhos de Vento,2019-10-20 14:50,18,2
L1596314,PT,PT-15,PT-15-SX,38.6405713,-9.0840247,Moinhos de maré do Seixal,2026-09-16 18:45,127,367
L36996951,PT,PT-20,PT-20-CO,39.6697684,-31.1144147,Moinhos do Corvo,2026-04-27 13:05,16,7
L3138747,PT,PT-05,PT-05-PN,39.7207877,-7.8569412,Moitas,2026-06-06 16:10,77,9
L1323328,PT,PT-10,PT-10-PN,39.3507837,-9.3681622,Molhe Leste,2026-08-24 10:29,166,1269
L15219267,PT,PT-01,PT-01-AV,40.6432828,-8.7634148,Molhe norte de São Jacinto,2026-09-07 06:42,120,233
L2680303,PT,PT-01,PT-01-IL,40.6411166,-8.7547731,Molhe sul da Praia da Barra,2026-09-06 19:11,79,203
L2375685,PT,PT-06,PT-06-FF,40.1437671,-8.8748503,Molhes da Figueira da Foz,2026-09-23 08:40,152,776
L5232959,PT,PT-05,PT-05-CB,39.7469668,-7.290859,Monforte da Beira,2026-05-15 15:27,46,5
L2485372,PT,PT-05,PT-05-IN,39.9898878,-6.8839558,Monfortinho,2026-06-29 13:00,111,55
L2246080,PT,PT-05,PT-05-IN,40.0393122,-7.1146345,Monsanto,2026-08-18 12:03,123,221
L6654057,PT,PT-05,PT-05-IN,40.038175,-7.1615872,Monsanto - Curral do Barriga,2026-08-01 16:18,87,34
L2701751,PT,PT-07,PT-07-RM,38.4423923,-7.3815116,Monsaraz,2026-08-17 16:54,118,127
L2577847,PT,PT-12,PT-12-GA,39.4725104,-7.9308414,Montado do Gavião,2025-09-10 18:29,71,22
L2765633,PT,PT-05,PT-05-IN,39.8164477,-7.1337318,Montados da Boca Larga,2026-06-14 16:47,75,19
L3262913,PT,PT-15,PT-15-AS,38.4723057,-8.6385798,Montados da Herdade da Palma,2025-10-16 15:30,107,43
L2999950,PT,PT-12,PT-12-SO,38.9633464,-7.819047,Montados da Seixa,2026-04-23 12:31,43,8
L3455858,PT,PT-07,PT-07-ES,38.8674131,-7.7059007,Montados da Torre do Bácoro,2026-07-27 21:15,50,9
L2279861,PT,PT-12,PT-12-AV,39.0964292,-8.0028105,Montados de Aldeia Velha,2026-06-20 17:00,79,14
L2825808,PT,PT-15,PT-15-GR,38.1669548,-8.5362053,Montados de Grândola,2026-05-21 20:03,89,9
L2797227,PT,PT-07,PT-07-AR,38.7076158,-7.8624773,Montados de Igrejinha,2026-04-13 07:21,95,27
L2995893,PT,PT-14,PT-14-CR,38.877186,-8.385433,Montados de Santana do Mato,2026-03-22 18:43,80,9
L2290626,PT,PT-12,PT-12-AV,39.0371196,-8.0386877,Montados de São Martinho,2022-03-14 11:50,68,12
L3262940,PT,PT-15,PT-15-AS,38.5317846,-8.3855724,Montados do Barrancão,2024-04-29 15:36,79,7
L3570306,PT,PT-12,PT-12-AC,39.1400466,-7.6987982,Montados do Monte da Colónia,2026-04-26 08:54,49,5
L2298227,PT,PT-17,PT-17-MT,41.8252942,-7.7916162,Montalegre,2026-09-07 14:59,110,129
L1988826,PT,PT-12,PT-12-NI,39.593288,-7.5240684,Montalvão,2026-08-09 10:15,128,54
L27238352,PT,PT-11,PT-11-SI,38.792748,-9.809187,Montanha Camões (saídas pelágicas),2025-10-26 07:36,34,46
L2737509,PT,PT-03,PT-03-GU,41.4311881,-8.26895,Montanha da Penha,2026-07-10 17:32,60,57
L3017016,PT,PT-30,PT-30-PS,35.038992,-13.0023193,Monte Ampére,2006-09-24 08:00,8,2
L23504684,PT,PT-11,PT-11-MA,38.9158468,-9.2425489,Monte Atalaia,2026-07-21 15:08,44,22
L2287790,PT,PT-12,PT-12-AC,39.1631075,-7.7363491,Monte Barrão,2026-08-15 08:40,131,96
L4806635,PT,PT-20,PT-20-AH,38.644018,-27.2250438,Monte Brasil,2026-09-21 19:09,34,103
L21967504,PT,PT-12,PT-12-NI,39.5281447,-7.7213842,Monte Claro,2026-04-03 19:38,72,7
L3123276,PT,PT-30,PT-30-PS,34.6603224,-16.7788696,Monte Dragon (saídas pelágicas),2007-01-23 08:00,5,2
L3123291,PT,PT-30,PT-30-PS,34.3389004,-16.8557739,Monte Dragon--encostas sul (saídas pelágicas),2007-01-25 13:00,1,2
L37765608,PT,PT-16,PT-16-VA,42.0181398,-8.5959943,Monte Faro,2024-11-02 12:54,15,1
L25996616,PT,PT-15,PT-15-SC,37.970291,-8.690657,Monte Horizonte,2026-04-11 11:52,30,3
L3123270,PT,PT-30,PT-30-PS,35.2355245,-15.5078888,Monte Lion--central (saídas pelágicas),2007-01-18 12:00,2,2
L3123273,PT,PT-30,PT-30-PS,35.2411328,-15.8985901,Monte Lion--encostas ocidentais (saídas pelágicas),2007-01-24 09:00,6,2
L3123265,PT,PT-30,PT-30-PS,35.0614769,-15.3067017,Monte Lion--encostas sul (saídas pelágicas),2006-09-21 08:00,3,2
L2622195,PT,PT-02,PT-02-FA,38.1127044,-8.122673,Monte Novo da Horta,2024-01-10 10:20,87,22
L3741127,PT,PT-13,PT-13-ST,41.3126613,-8.4493661,Monte Padrão,2026-08-15 09:40,57,40
L2519857,PT,PT-14,PT-14-MA,39.5080141,-8.0361128,Monte Penedo,2026-05-22 14:23,17,7
L2621878,PT,PT-02,PT-02-FA,38.1339099,-8.0914629,Monte Queimado,2021-08-27 07:30,60,13
L2972476,PT,PT-17,PT-17-PR,41.1514317,-7.7084488,Monte Raso,2025-07-11 15:26,47,10
L4390633,PT,PT-07,PT-07-EV,38.4036667,-8.07,Monte Ribeiro,2026-09-21 10:45,121,217
L3053016,PT,PT-07,PT-07-RM,38.4561827,-7.3984243,Monte Saraz,2024-06-02 09:42,51,7
L3123283,PT,PT-30,PT-30-PS,33.7700152,-14.3728638,Monte Seine (saídas pelágicas),2006-09-22 08:00,5,1
L3017031,PT,PT-30,PT-30-PS,34.6060846,-14.430542,Monte Unicorn (saídas pelágicas),2006-09-20 15:00,3,1
L3017033,PT,PT-30,PT-30-PS,34.8160583,-14.4291687,Monte Unicorn--encostas norte,2006-09-23 14:00,8,2
L3017051,PT,PT-30,PT-30-PS,34.3910458,-14.4841003,Monte Unicorn--encostas sul (saídas pelágicas),2006-09-20 16:00,6,1
L3123278,PT,PT-30,PT-30-PS,34.6558039,-14.7958374,Monte Unicórnio--encostas ocidentais (saídas pelágicas),2006-09-21 16:00,6,1
L2607706,PT,PT-07,PT-07-PO,38.4232011,-7.6995277,Monte da Azambuja,2024-07-17 17:32,75,10
L2287762,PT,PT-12,PT-12-AC,39.1359024,-7.730931,Monte da Barbosa,2024-07-13 11:52,68,15
L2821898,PT,PT-14,PT-14-CR,38.9469093,-8.4997272,Monte da Barca,2025-10-20 11:26,68,16
L2661026,PT,PT-02,PT-02-FA,38.1074368,-8.0974388,Monte da Barrada,2024-04-23 07:00,70,20
L2997281,PT,PT-07,PT-07-ES,38.7251618,-7.6889706,Monte da Barroca,2021-01-20 10:16,46,10
L2621094,PT,PT-02,PT-02-FA,38.1426147,-8.0404472,Monte da Caniveta,2026-09-21 10:03,73,19
L2661179,PT,PT-02,PT-02-FA,38.1008179,-8.1137466,Monte da Capela,2020-01-12 09:25,62,9
L2618493,PT,PT-02,PT-02-FA,38.15042,-8.0964518,Monte da Casa Branca,2020-01-11 08:40,67,14
L2621207,PT,PT-02,PT-02-FA,38.1389019,-8.0739212,Monte da Cassapa,2020-01-14 10:27,68,10
L15409689,PT,PT-12,PT-12-NI,39.4860765,-7.6194099,Monte da D. Mariana,2024-04-21 21:09,82,15
L3664536,PT,PT-05,PT-05-IN,39.9136205,-7.0948076,Monte da Granja,2026-08-16 10:31,55,7
L3438024,PT,PT-20,PT-20-HO,38.519836,-28.623548,Monte da Guia,2026-09-09 17:15,41,138
L19141502,PT,PT-02,PT-02-SE,37.853639,-7.329337,Monte da Luz Dourada (acesso restrito),2026-09-22 17:18,131,489
L3320708,PT,PT-02,PT-02-BE,38.0384249,-7.7654886,Monte da Magra,2026-07-15 18:56,106,28
L2823672,PT,PT-03,PT-03-ES,41.5884859,-8.7731838,Monte da Nossa Senhora da Guia,2026-05-06 14:07,85,173
L2685257,PT,PT-12,PT-12-CR,39.3647203,-7.7497387,Monte da Pedra,2026-08-18 10:55,106,48
L3096704,PT,PT-02,PT-02-SE,37.8800023,-7.2916603,Monte da Penalva,2026-05-24 12:38,69,6
L3627509,PT,PT-14,PT-14-CR,38.7936639,-8.5703713,Monte da Pestana,2022-05-08 11:00,56,3
L4074893,PT,PT-07,PT-07-MO,38.3638008,-7.2773695,Monte da Queijeirinha,2026-09-11 08:43,122,77
L1658615,PT,PT-07,PT-07-EV,38.530618,-7.9014122,Monte da Serralheira,2026-04-13 15:17,104,43
L6259248,PT,PT-13,PT-13-VG,41.1079215,-8.5879827,Monte da Virgem,2026-09-27 01:00,78,192
L2059040,PT,PT-07,PT-07-MR,38.8671792,-7.9666328,Monte das Casas Velhas,2022-01-13 11:28,64,12
L3627624,PT,PT-14,PT-14-CR,38.8050835,-8.5684226,Monte das Figueiras de Lavre,2026-04-26 09:26,42,3
L6351385,PT,PT-08,PT-08-AC,37.3657384,-7.6495437,Monte das Preguiças,2026-04-30 08:40,79,21
L3271132,PT,PT-15,PT-15-AM,38.6639833,-9.1984963,Monte de Caparica,2026-08-06 20:01,121,376
L2125618,PT,PT-11,PT-11-VX,38.8989617,-9.0738809,Monte de Cerves--Fortificação das Linhas de Torres,2026-07-12 07:29,58,17
L2949049,PT,PT-02,PT-02-VI,38.1733315,-7.5269866,Monte de Dona Maria,2025-05-07 09:35,42,5
L3325735,PT,PT-16,PT-16-VC,41.7012268,-8.834585,Monte de Santa Luzia,2026-09-05 09:29,80,152
L2518134,PT,PT-07,PT-07-AR,38.7937977,-7.8495812,Monte de Santana,2026-08-28 14:15,86,18
L14932630,PT,PT-09,PT-09-SA,40.3439346,-7.1875076,Monte de São Cornélio,2025-10-14 11:23,56,10
L9748163,PT,PT-03,PT-03-BR,41.5425616,-8.4453281,Monte de São Gregório,2026-06-10 14:40,35,4
L3755951,PT,PT-02,PT-02-BE,38.0915393,-7.7387953,Monte de São Pedro,2026-06-11 21:30,148,76
L57741627,PT,PT-14,PT-14-CR,39.0667341,-8.5667217,Monte do Areeiro,2025-11-30 07:36,45,4
L18615906,PT,PT-05,PT-05-BE,40.2661009,-7.3252201,Monte do Bispo,2024-09-10 10:35,84,44
L2711512,PT,PT-02,PT-02-FA,38.0905508,-8.1387234,Monte do Carvalhoso,2024-02-03 13:53,43,9
L2602091,PT,PT-07,PT-07-EV,38.4742544,-7.7316499,Monte do Casão,2023-06-02 14:59,65,9
L3032416,PT,PT-12,PT-12-FR,39.0785328,-7.6056719,Monte do Cego,2026-04-30 10:36,118,51
L2597109,PT,PT-07,PT-07-EV,38.4244787,-7.7528715,Monte do Freixo,2023-08-14 09:29,68,10
L2361665,PT,PT-14,PT-14-CR,38.8711342,-8.1870461,Monte do Peral,2016-03-05 14:00,31,4
L22755653,PT,PT-02,PT-02-ME,37.7578841,-7.8362085,Monte do Peso,2026-06-14 11:32,74,23
L1907366,PT,PT-05,PT-05-CB,39.7933563,-7.4042702,Monte do Pombal,2025-04-16 13:07,135,214
L3724530,PT,PT-07,PT-07-RM,38.2824921,-7.4304056,Monte do Roncanito (acesso condicionado),2022-06-03 10:28,123,120
L2692995,PT,PT-02,PT-02-FA,38.0688386,-8.1694937,Monte do Sabino,2026-06-06 23:58,67,22
L23204046,PT,PT-03,PT-03-BR,41.540819,-8.371352,Monte do Sameiro,2026-08-21 14:28,79,79
L2602043,PT,PT-07,PT-07-PO,38.3980477,-7.716608,Monte do Trigo,2026-03-29 10:33,99,28
L1670687,PT,PT-11,PT-11-CS,38.6561111,-9.9561111,Monte do Urso (Saídas Pelágicas),2025-04-27 05:57,30,53
L2359712,PT,PT-10,PT-10-PN,39.3511908,-9.3284655,Monte do estrume,2026-09-24 07:20,106,156
L2513430,PT,PT-07,PT-07-AR,38.769008,-7.876811,Monte do Álamo,2026-09-10 11:27,101,80
L2674970,PT,PT-07,PT-07-MN,38.7882116,-8.3303404,Monte dos Arneiros,2023-03-02 10:17,71,14
L2997267,PT,PT-07,PT-07-AR,38.815703,-8.0881262,Monte dos Fretos,2023-07-31 10:48,39,4
L12070123,PT,PT-18,PT-18-VS,40.6089785,-8.0364947,Montebelo Golfe,2025-03-03 10:28,43,3
L4591213,PT,PT-16,PT-16-VC,41.7524239,-8.8808155,Montedor--praias de Paçô e Carreço,2026-09-09 06:48,97,61
L2279668,PT,PT-07,PT-07-MN,38.6480478,-8.2122374,Montemor-o-Novo (centro urbano),2026-08-21 14:28,83,61
L2065182,PT,PT-08,PT-08-FA,37.0309251,-7.9585218,Montenegro,2026-09-05 21:10,154,587
L3597358,PT,PT-14,PT-14-TM,39.6366301,-8.2655994,Montes,2019-10-25 16:30,42,4
L3919180,PT,PT-12,PT-12-AC,39.2111561,-7.6106865,Montes Novos,2026-05-21 11:23,55,5
L2704901,PT,PT-08,PT-08-PO,37.2411594,-8.6119294,Montes de Cima,2026-03-10 10:18,63,9
L13051161,PT,PT-16,PT-16-MO,42.0751817,-8.4813017,Monção (centro urbano),2026-09-12 21:34,81,98
L2290631,PT,PT-07,PT-07-MR,38.9441902,-8.1636572,Mora (centro urbano),2026-05-08 15:15,100,95
L1478462,PT,PT-08,PT-08-SI,37.1043729,-8.33865,Morgado das Relvas,2026-08-11 07:10,138,100
L22347595,PT,PT-08,PT-08-PO,37.1751905,-8.5288172,Morgado de Arge,2026-09-07 12:21,159,30
L3782468,PT,PT-08,PT-08-PO,37.1885616,-8.548007,Morgado do Reguengo,2026-09-07 08:59,201,457
L22423329,PT,PT-08,PT-08-PO,37.1987219,-8.5639998,Morgado do Reguengo--Lago Álamos,2026-09-12 14:02,55,17
L3674492,PT,PT-20,PT-20-HO,38.5243482,-28.7474334,Morro do Castelo Branco,2026-08-21 19:09,31,89
L13267223,PT,PT-03,PT-03-CB,41.5831288,-7.9249094,Moscoso,2023-07-16 12:23,72,16
L2106794,PT,PT-08,PT-08-VB,37.1007144,-8.8715458,Mosqueiros,2026-09-19 17:49,157,271
L4698819,PT,PT-10,PT-10-PG,39.9353749,-8.1870675,Mosteiro,2026-09-12 09:52,69,33
L4258502,PT,PT-06,PT-06-AR,40.2281042,-7.9982024,Mosteiro de Folques,2020-08-09 09:56,37,5
L14371813,PT,PT-16,PT-16-VA,42.0314581,-8.5824631,Mosteiro de Sanfins e arredores,2026-08-18 16:38,45,13
L12633091,PT,PT-13,PT-13-PA,41.1783335,-8.3643144,Mosteiro de São Pedro de Cête,2026-06-13 09:52,56,34
L3289579,PT,PT-17,PT-17-VR,41.2614205,-7.7017808,Mosteirô,2025-09-11 09:32,50,9
L1400366,PT,PT-14,PT-14-AB,39.4847913,-8.1067944,Mouriscas--Casas Novas,2026-04-18 08:54,107,124
L2035433,PT,PT-07,PT-07-MO,38.3815655,-7.3517418,Mourão,2026-04-14 12:23,150,110
L58721192,PT,PT-01,PT-01-MU,40.7547564,-8.6537434,Murtosa -- Zona Húmida da Av. do Emigrante,2026-05-03 08:51,54,7
L18768696,PT,PT-01,PT-01-MU,40.7693635,-8.6687728,Murtosa--Bunheiro,2026-09-26 06:57,136,118
L9811757,PT,PT-17,PT-17-MU,41.4047511,-7.4571031,Murça (área geral),2025-10-13 14:43,65,7
L23663143,PT,PT-11,PT-11-LI,38.70529,-9.2089,Museu Nacional de Etnologia/Jardim Fernanda de Castro,2026-07-05 06:49,44,27
L4214143,PT,PT-09,PT-09-FA,40.6642984,-7.4601889,Muxagata,2026-09-26 07:24,112,269
L3830178,PT,PT-03,PT-03-BR,41.5789782,-8.3322112,Nascente do rio Este,2026-06-23 11:00,56,21
L2147823,PT,PT-02,PT-02-ME,37.7274833,-7.823216,Navarro--Monte Barbeiro,2026-09-02 09:38,137,121
L4174807,PT,PT-02,PT-02-OD,37.4099826,-8.4835267,Nave Redonda,2025-03-26 10:00,60,7
L4721709,PT,PT-09,PT-09-FC,40.87161,-6.91817,Nave Redonda,2026-05-22 09:14,78,19
L2246099,PT,PT-09,PT-09-AL,40.5232601,-6.8336248,Nave de Haver,2026-09-15 10:03,93,13
L3686200,PT,PT-11,PT-11-SI,38.8816126,-9.278512,Negrais,2026-06-03 15:27,30,5
L2056065,PT,PT-20,PT-20-AH,38.6553056,-27.2820139,Negrito,2026-09-18 18:36,44,550
L13026557,PT,PT-12,PT-12-NI,39.516192,-7.6498811,Nisa,2026-05-17 02:30,108,42
L24964895,PT,PT-01,PT-01-AR,40.988422,-8.1075786,Noninha,2026-08-01 18:49,40,10
L10226556,PT,PT-05,PT-05-IN,40.0216397,-7.0593898,Nossa Senhora da Azenha,2026-08-25 18:11,141,147
L3269041,PT,PT-07,PT-07-EV,38.6550752,-7.9860283,Nossa Senhora da Graça do Divor,2026-06-25 17:00,100,47
L2853988,PT,PT-06,PT-06-LO,40.1009024,-8.2331697,Nossa Senhora da Piedade,2026-09-14 18:38,53,60
L3096690,PT,PT-02,PT-02-BE,38.0204143,-7.8100196,Nossa Senhora das Neves,2025-12-27 09:36,61,5
L1314813,PT,PT-02,PT-02-CV,37.7460365,-7.8866561,Nossa Senhora de Aracelis,2026-09-18 09:41,160,793
L2207945,PT,PT-07,PT-07-EV,38.5699112,-7.7759171,Nossa Senhora de Machede,2026-09-20 09:20,80,27
L58573499,PT,PT-05,PT-05-IN,39.9098375,-7.1700094,Nossa Senhora do Almurtão,2026-08-16 10:09,64,10
L4850560,PT,PT-11,PT-11-OD,38.786631,-9.1761106,Odivelas--Rio da Costa,2026-09-23 18:22,77,124
L2593195,PT,PT-08,PT-08-FA,36.7300795,-7.8703308,Off Cabo de Santa Maria (saídas pelágicas),2026-08-13 08:41,39,24
L2593191,PT,PT-08,PT-08-LA,36.8389656,-8.4519196,Off Canhão de Portimão (saídas pelágicas),2024-08-30 22:27,15,3
L7117703,PT,PT-05,PT-05-BE,40.3547122,-7.2915293,Olas,2022-05-21 13:47,46,11
L4779747,PT,PT-04,PT-04-MI,41.6370956,-7.1225524,Olgas de Torre de Dona Chama,2026-09-17 11:36,70,16
L11384193,PT,PT-15,PT-15-PA,38.6039554,-8.9505069,Olhos de Água,2025-09-06 15:30,68,54
L2843395,PT,PT-07,PT-07-BO,38.881479,-7.4689865,Orada,2026-04-16 12:03,86,23
L15075360,PT,PT-05,PT-05-CB,39.9584357,-7.450115,Ordinha,2026-09-01 14:46,138,236
L17020766,PT,PT-14,PT-14-OU,39.6603927,-8.5789883,Ourém--Mata Municipal,2025-03-16 11:27,31,21
L2752185,PT,PT-13,PT-13-TR,41.2898099,-8.5432676,Outeiral,2026-08-10 12:20,36,5
L2767430,PT,PT-05,PT-05-IN,39.7103561,-7.1268654,Ovelheiros,2026-07-15 05:22,78,19
L7497263,PT,PT-13,PT-13-AM,41.2496124,-8.0305526,Ovelhinha,2026-08-19 15:46,45,28
L2846242,PT,PT-11,PT-11-LS,38.901834,-9.1836584,PF Cabeço de Montachique,2026-09-11 08:21,74,95
L1470875,PT,PT-02,PT-02-MO,38.0578754,-7.04085,PF Herdade da Contenda--área geral,2026-06-14 07:00,132,127
L54541350,PT,PT-02,PT-02-MO,38.0905935,-7.0208216,PF Herdade da Contenda--área norte,2026-04-11 11:43,39,11
L12740471,PT,PT-02,PT-02-MO,38.0295685,-7.0514862,PF Herdade da Contenda--área sul,2026-07-29 21:22,45,9
L1336673,PT,PT-11,PT-11-LI,38.7217133,-9.190042,PF Monsanto--Alameda Keil do Amaral,2026-09-16 06:44,81,199
L10155790,PT,PT-11,PT-11-LI,38.7144444,-9.2188889,PF Monsanto--Caselas,2026-09-27 15:55,64,75
L5101811,PT,PT-11,PT-11-LI,38.7324435,-9.1901171,PF Monsanto--Forte de Monsanto,2026-09-17 13:11,112,159
L3151470,PT,PT-11,PT-11-LI,38.7304683,-9.2003632,PF Monsanto--Luneta dos Quartéis,2026-05-19 17:22,48,40
L3151467,PT,PT-11,PT-11-LI,38.7176283,-9.2018437,PF Monsanto--Montes Claros,2026-09-24 18:36,76,160
L2333621,PT,PT-11,PT-11-LI,38.7374315,-9.1764164,PF Monsanto--Parque Urbano do Calhau,2026-09-18 11:05,69,132
L2715966,PT,PT-11,PT-11-LI,38.7333181,-9.1780539,PF Monsanto--Parque da Serafina,2026-09-27 13:55,64,111
L1328631,PT,PT-11,PT-11-LI,38.7355507,-9.1987621,PF Monsanto--Vila Guiné,2026-01-24 13:24,49,42
L2385603,PT,PT-11,PT-11-LI,38.7397702,-9.1866088,PF Monsanto--área geral,2026-09-05 15:36,95,201
L17977339,PT,PT-04,PT-04-VM,41.6136407,-6.4837575,PINTA,2026-08-14 17:00,61,10
L6485865,PT,PT-04,PT-04-MD,41.4719742,-6.3551831,PN  Douro Internacional--Duas Igrejas,2026-09-12 19:27,120,58
L11636506,PT,PT-17,PT-17-MB,41.3765634,-7.8702312,PN Alvão -- Fisgas do Ermelo,2026-04-11 15:04,63,52
L2990327,PT,PT-17,PT-17-MB,41.364267,-7.819804,PN Alvão--área geral,2026-02-24 12:36,114,67
L1478486,PT,PT-15,PT-15-SE,38.493576,-9.0281413,PN Arrábida--Alambre,2026-09-19 17:13,124,511
L977989,PT,PT-15,PT-15-SE,38.4759343,-8.9833939,PN Arrábida--Baía do Portinho da Arrábida,2026-04-14 12:32,74,69
L1770579,PT,PT-15,PT-15-SS,38.415586,-9.2159414,PN Arrábida--Cabo Espichel--Farol,2026-09-17 11:15,137,149
L1770612,PT,PT-15,PT-15-SS,38.4203779,-9.2125725,PN Arrábida--Cabo Espichel--Santuário de Nossa Senhora do Cabo,2026-08-30 09:22,118,161
L927200,PT,PT-15,PT-15-SS,38.4176062,-9.2096758,PN Arrábida--Cabo Espichel--área geral,2026-09-19 08:58,208,1354
L1478475,PT,PT-15,PT-15-SS,38.4633,-9.056,PN Arrábida--Calhariz,2026-09-17 13:21,123,154
L2125408,PT,PT-15,PT-15-SE,38.4762366,-9.0297747,PN Arrábida--Casais da Serra,2026-08-03 09:15,114,136
L8144049,PT,PT-15,PT-15-SE,38.5247008,-8.9716458,PN Arrábida--Cascata de Alcube,2026-05-27 08:31,68,15
L10920798,PT,PT-15,PT-15-PA,38.5451439,-8.908735,PN Arrábida--Parque de Merendas de São Paulo,2026-06-24 09:06,99,65
L4409668,PT,PT-15,PT-15-PA,38.5654103,-8.9356613,PN Arrábida--Serra do Louro,2026-09-15 09:31,125,267
L3291840,PT,PT-15,PT-15-SS,38.4537097,-9.0293884,PN Arrábida--Terras do Risco,2026-03-15 16:20,86,41
L4821106,PT,PT-15,PT-15-SS,38.4362451,-9.0644717,PN Arrábida--cabo de Ares,2026-07-05 14:05,93,66
L2142506,PT,PT-15,PT-15-SE,38.4957874,-8.9947128,PN Arrábida--área geral,2026-09-22 09:35,134,203
L3143485,PT,PT-09,PT-09-FC,40.8601744,-6.8865824,PN Douro Internacional--Albufeira de Santa Maria de Aguiar,2026-09-11 10:35,192,466
L2755431,PT,PT-09,PT-09-FC,40.8608602,-6.8479697,PN Douro Internacional--Almofala,2026-07-12 12:33,94,42
L2755440,PT,PT-09,PT-09-FC,40.9965888,-6.9366324,PN Douro Internacional--Alto da Sapinha,2026-09-16 17:40,90,132
L1580778,PT,PT-09,PT-09-FC,41.0265215,-6.9408519,PN Douro Internacional--Barca de Alva,2026-09-22 13:30,115,134
L2805464,PT,PT-04,PT-04-MO,41.2407871,-6.66942,PN Douro Internacional--Bruçó,2025-04-14 09:49,106,57
L20621120,PT,PT-04,PT-04-MD,41.5162081,-6.2600668,PN Douro Internacional--Castrilhouço (Miradouro),2026-08-16 12:23,102,50
L2944484,PT,PT-04,PT-04-MD,41.3894528,-6.321677,PN Douro Internacional--Castro de Cigaduenha,2026-06-24 15:00,95,49
L2944463,PT,PT-04,PT-04-MO,41.2527612,-6.6176587,PN Douro Internacional--Castro de Vilarinho dos Galegos,2026-03-25 08:36,95,34
L21259412,PT,PT-04,PT-04-MD,41.3957702,-6.4398177,PN Douro Internacional--Charca e Ecopista de Sendim,2026-09-13 15:36,129,229
L3012350,PT,PT-04,PT-04-MD,41.6202257,-6.2762028,PN Douro Internacional--Constantim,2026-04-02 17:08,99,38
L2806957,PT,PT-04,PT-04-MD,41.4788273,-6.3020995,PN Douro Internacional--Cércio,2026-08-19 10:32,125,98
L1142618,PT,PT-04,PT-04-MD,41.394896,-6.3675535,PN Douro Internacional--Fraga do Puio-Picote,2026-08-14 18:46,120,129
L2807753,PT,PT-04,PT-04-MD,41.4252557,-6.3088346,PN Douro Internacional--Freixiosa,2026-08-19 16:22,112,64
L6011339,PT,PT-04,PT-04-MD,41.5821623,-6.2458616,PN Douro Internacional--Ifanes,2026-06-22 10:04,116,80
L2805449,PT,PT-04,PT-04-FE,41.1923642,-6.7205429,PN Douro Internacional--Lagoaça,2026-02-26 10:02,113,84
L6252523,PT,PT-04,PT-04-MO,41.3166093,-6.5318055,PN Douro Internacional--Lamoso,2025-04-08 10:38,79,21
L21778198,PT,PT-04,PT-04-MD,41.5749255,-6.1962418,PN Douro Internacional--Miradouro Penha das Torres,2026-09-22 11:09,96,60
L2750502,PT,PT-04,PT-04-FE,41.1691327,-6.7319691,PN Douro Internacional--Miradouro do Carrascalinho,2026-08-23 18:33,108,135
L2884874,PT,PT-04,PT-04-MD,41.4934138,-6.2736856,PN Douro Internacional--Miranda do Douro,2026-09-22 13:23,139,385
L2886612,PT,PT-04,PT-04-MD,41.5832858,-6.2116742,PN Douro Internacional--Paradela,2026-08-06 17:12,111,62
L6230612,PT,PT-04,PT-04-MD,41.4982965,-6.2765488,PN Douro Internacional--Parque urbano do Rio Fresno,2026-09-09 14:17,113,172
L1580784,PT,PT-04,PT-04-FE,41.0464391,-6.818095,PN Douro Internacional--Penedo Durão,2026-09-13 17:29,117,312
L3131345,PT,PT-04,PT-04-MO,41.2750005,-6.5531731,PN Douro Internacional--Peredo da Bemposta,2026-03-25 10:33,99,26
L17385199,PT,PT-09,PT-09-FC,40.9966914,-6.9081971,PN Douro Internacional--Praia do Vau,2026-03-07 11:42,38,5
L1142323,PT,PT-04,PT-04-FE,41.054324,-6.9016456,PN Douro Internacional--Ribeira do Mosteiro,2026-09-22 19:01,125,243
L7138973,PT,PT-09,PT-09-FC,40.8847399,-6.8346119,PN Douro Internacional--Santo André das Arribas,2026-09-11 12:00,103,82
L5889021,PT,PT-04,PT-04-MD,41.389444,-6.425833,PN Douro Internacional--Sendim,2026-05-20 11:17,130,211
L2602227,PT,PT-04,PT-04-MD,41.5400483,-6.2227142,PN Douro Internacional--São João das Arribas,2026-09-05 10:23,125,233
L6245612,PT,PT-04,PT-04-MO,41.3230342,-6.5639797,PN Douro Internacional--Tó,2026-09-16 08:16,113,31
L1000876,PT,PT-04,PT-04-MD,41.5227162,-6.2403309,PN Douro Internacional--Vale de Águia,2024-10-14 09:49,107,54
L6056035,PT,PT-04,PT-04-MO,41.299605,-6.4748311,PN Douro Internacional--albufeira da Bemposta,2026-03-25 13:23,87,53
L2805485,PT,PT-04,PT-04-MD,41.4955844,-6.2701625,PN Douro Internacional--albufeira de Miranda,2026-09-05 16:10,128,337
L2810109,PT,PT-04,PT-04-MD,41.3788856,-6.3492286,PN Douro Internacional--albufeira de Picote,2026-08-21 14:21,94,82
L2944936,PT,PT-04,PT-04-MO,41.3200162,-6.5109336,PN Douro Internacional--percurso pedestre Bemposta-Lamoso,2026-03-25 13:14,81,21
L7615411,PT,PT-09,PT-09-FC,40.8916504,-6.8921614,PN Douro Internacional--pseudo-estepe de Mata de Lobos,2026-08-12 19:00,126,122
L15900191,PT,PT-03,PT-03-ES,41.4978155,-8.7862273,PN Litoral Norte--Apúlia-Pedrinhas,2026-09-23 08:33,70,69
L2819117,PT,PT-03,PT-03-ES,41.4893723,-8.7687421,PN Litoral Norte--Caniçal da Apúlia,2026-08-22 06:32,99,191
L2399391,PT,PT-03,PT-03-ES,41.5259613,-8.7839341,PN Litoral Norte--Estuário do Cávado--área geral,2026-09-26 08:40,241,3225
L2853689,PT,PT-03,PT-03-ES,41.6109504,-8.8086748,PN Litoral Norte--Foz do Rio Neiva,2026-09-23 11:00,161,374
L2772131,PT,PT-03,PT-03-ES,41.4980996,-8.7719822,PN Litoral Norte--Mata de Pinheiros e folhosas entre Fão e Apúlia,2026-09-21 18:50,115,709
L2696856,PT,PT-03,PT-03-ES,41.4831194,-8.7772179,PN Litoral Norte--Praia da Apúlia,2026-06-28 11:00,91,164
L9492163,PT,PT-03,PT-03-ES,41.5156882,-8.787571,PN Litoral Norte--Praia de Ofir,2026-09-26 09:05,116,346
L52894979,PT,PT-03,PT-03-ES,41.539001,-8.7872131,PN Litoral Norte--Sapal de Esposende,2026-09-24 13:10,90,155
L2853898,PT,PT-03,PT-03-ES,41.5848908,-8.8026667,PN Litoral Norte--litoral de Belinho,2026-09-23 08:30,126,453
L2840079,PT,PT-03,PT-03-ES,41.5640227,-8.7959182,PN Litoral Norte--litoral de Marinhas,2026-09-11 11:23,118,293
L2249357,PT,PT-04,PT-04-BR,41.9613335,-6.7716781,PN Montesinho--Albufeira de Serra Serrada,2026-09-26 16:17,109,85
L2249249,PT,PT-04,PT-04-BR,41.933891,-6.8167377,PN Montesinho--Alto Sabor,2026-03-22 19:29,90,20
L10966813,PT,PT-04,PT-04-BR,41.8905556,-6.6966667,PN Montesinho--Aveleda,2026-06-06 14:31,77,13
L2249241,PT,PT-04,PT-04-BR,41.824005,-6.6349483,PN Montesinho--Babe,2026-08-05 15:45,48,6
L10994677,PT,PT-04,PT-04-VN,41.9426221,-7.0325911,PN Montesinho--Casares,2026-07-14 11:01,48,18
L10091672,PT,PT-04,PT-04-VN,41.9411111,-7.0511111,PN Montesinho--Cerdedo,2026-06-07 07:18,47,7
L2249240,PT,PT-04,PT-04-BR,41.8547947,-6.5869474,PN Montesinho--Deilão,2026-06-06 19:10,87,20
L11723783,PT,PT-04,PT-04-BR,41.8305556,-6.8069444,PN Montesinho--Donai,2025-04-17 19:16,57,5
L10500166,PT,PT-04,PT-04-BR,41.865,-6.8477778,PN Montesinho--Espinhosela,2026-08-20 22:28,67,11
L2479708,PT,PT-04,PT-04-BR,41.902277,-6.7350912,PN Montesinho--França,2026-08-25 16:00,91,51
L24589936,PT,PT-04,PT-04-VN,41.8968262,-6.9380786,PN Montesinho--Fresulfe,2025-07-22 09:30,15,3
L3101156,PT,PT-04,PT-04-VN,41.8837484,-7.1502113,PN Montesinho--Gestosa,2022-06-22 15:29,52,3
L2246105,PT,PT-04,PT-04-BR,41.8447249,-6.8598676,PN Montesinho--Gondesende,2025-10-03 19:33,64,29
L2249244,PT,PT-04,PT-04-BR,41.8194956,-6.8195486,PN Montesinho--Grandais,2020-10-10 10:44,42,4
L2246366,PT,PT-04,PT-04-BR,41.9113477,-6.5672922,PN Montesinho--Guadramil,2026-09-02 06:07,95,41
L2249354,PT,PT-04,PT-04-BR,41.9806186,-6.7948108,PN Montesinho--Lama Grande,2026-08-19 10:45,100,88
L2249306,PT,PT-04,PT-04-VN,41.919523,-6.9125032,PN Montesinho--Mofreita,2026-06-06 22:25,87,13
L2937405,PT,PT-04,PT-04-VN,41.965,-6.9594,PN Montesinho--Moimenta,2026-06-06 22:44,100,34
L2249363,PT,PT-04,PT-04-BR,41.9388712,-6.765132,PN Montesinho--Montesinho,2026-08-20 16:12,109,95
L2576674,PT,PT-04,PT-04-BR,41.9316796,-6.8516064,PN Montesinho--Novais,2019-05-19 12:15,71,9
L2249312,PT,PT-04,PT-04-BR,41.8972621,-6.8661332,PN Montesinho--Parâmio,2026-03-20 14:37,87,22
L2246434,PT,PT-04,PT-04-BR,41.8664609,-6.5258145,PN Montesinho--Petisqueira,2023-03-05 11:00,65,10
L8843517,PT,PT-04,PT-04-VN,41.9636111,-7.1375,PN Montesinho--Pinheiro Novo,2026-06-07 09:24,62,13
L2249273,PT,PT-04,PT-04-VN,41.9584435,-7.1159518,PN Montesinho--Pinheiro Velho,2026-06-07 08:41,61,16
L10570568,PT,PT-04,PT-04-BR,41.9294444,-6.7288889,PN Montesinho--Portelo,2026-04-04 17:25,56,11
L3101131,PT,PT-04,PT-04-BR,41.7470166,-6.5740051,PN Montesinho--Quintanilha,2026-09-10 16:19,88,16
L9282551,PT,PT-04,PT-04-BR,41.8686111,-6.7538889,PN Montesinho--Rabal,2026-06-06 21:34,86,21
L2249309,PT,PT-04,PT-04-BR,41.8979968,-6.8532801,PN Montesinho--Rio Baceiro--ponte da N308,2025-07-04 06:30,44,10
L2246361,PT,PT-04,PT-04-BR,41.938552,-6.6163874,PN Montesinho--Rio de Onor,2026-09-27 07:32,110,99
L9261845,PT,PT-04,PT-04-VN,41.9199861,-7.0862681,PN Montesinho--Seixas,2026-06-07 09:06,41,5
L2884690,PT,PT-04,PT-04-VN,41.9021493,-7.0356703,PN Montesinho--Serra da Coroa--área geral,2026-08-02 15:33,83,20
L2884701,PT,PT-04,PT-04-BR,41.9365089,-6.7551756,PN Montesinho--Serra de Montesinho--área geral,2026-08-27 22:00,127,42
L2249253,PT,PT-04,PT-04-BR,41.8893715,-6.8040133,PN Montesinho--Soutelo,2026-05-21 09:51,76,18
L10089737,PT,PT-04,PT-04-BR,41.8183333,-6.6016667,PN Montesinho--São Julião de Palácios,2024-03-30 16:00,66,9
L2249261,PT,PT-04,PT-04-BR,41.8817036,-6.8461561,PN Montesinho--Terroso,2025-07-04 11:09,56,14
L8330476,PT,PT-04,PT-04-VN,41.8917591,-7.0007154,PN Montesinho--Travanca,2026-08-02 17:46,77,15
L8503666,PT,PT-04,PT-04-VN,41.8941667,-7.0583333,PN Montesinho--Tuizelo,2025-07-21 09:00,63,8
L2246360,PT,PT-04,PT-04-BR,41.8710948,-6.6773486,PN Montesinho--Varge,2026-09-27 11:20,92,18
L2576671,PT,PT-04,PT-04-BR,41.9129243,-6.8974829,PN Montesinho--Zeive,2025-07-04 09:30,81,7
L28738337,PT,PT-04,PT-04-BR,41.9523413,-6.8037128,PN Montesinho--barragem das Veiguinhas,2026-08-19 12:33,18,3
L2249270,PT,PT-04,PT-04-VN,41.9582455,-7.1577859,PN Montesinho--fragas do Rio Moas,2026-06-07 09:53,42,11
L14789042,PT,PT-16,PT-16-ME,42.0037526,-8.1655045,PN Peneda-Gerês--Ameijoeira-Laceiras,2026-08-18 13:39,68,121
L14788155,PT,PT-16,PT-16-ME,42.0015152,-8.1542051,PN Peneda-Gerês--Ameijoeira-Varziela,2026-07-18 10:27,60,34
L10068807,PT,PT-16,PT-16-PB,41.8211111,-8.2405556,PN Peneda-Gerês--Bilhares,2025-01-13 14:51,32,4
L10068761,PT,PT-17,PT-17-MT,41.7138889,-8.0355556,PN Peneda-Gerês--Cabril,2026-07-09 11:03,61,15
L1670622,PT,PT-16,PT-16-ME,42.0313675,-8.1577257,PN Peneda-Gerês--Castro Laboreiro,2026-08-15 15:21,105,160
L2951077,PT,PT-17,PT-17-MT,41.8021587,-7.8979468,PN Peneda-Gerês--Covelães,2026-09-03 21:59,92,75
L14970667,PT,PT-16,PT-16-ME,41.970153,-8.1821765,PN Peneda-Gerês--Dorna-Ribeiro de Baixo,2023-06-26 07:41,52,20
L7157911,PT,PT-03,PT-03-TB,41.7290169,-8.1616616,PN Peneda-Gerês--Gerês,2026-08-31 00:45,103,72
L981525,PT,PT-16,PT-16-ME,42.0430463,-8.200779,PN Peneda-Gerês--Lamas de Mouro,2026-08-06 10:58,95,110
L2884702,PT,PT-16,PT-16-PB,41.8654701,-8.1996417,PN Peneda-Gerês--Lindoso,2026-06-14 04:10,82,59
L14798138,PT,PT-16,PT-16-ME,42.0278564,-8.1194916,PN Peneda-Gerês--Percurso Teso-Portos-Bico,2026-07-14 18:37,58,36
L2733763,PT,PT-17,PT-17-MT,41.8425488,-7.9501534,PN Peneda-Gerês--Pitões das Júnias,2026-09-16 12:45,123,467
L2162315,PT,PT-17,PT-17-MT,41.8448848,-7.9219151,PN Peneda-Gerês--Planalto da Mourela,2026-09-16 12:24,127,615
L14552200,PT,PT-16,PT-16-ME,42.0397675,-8.1029816,PN Peneda-Gerês--Planalto de Castro Laboreiro,2026-08-15 18:26,97,143
L14806437,PT,PT-16,PT-16-ME,42.0068388,-8.1339015,PN Peneda-Gerês--Senhora de Anamão,2026-07-18 06:08,45,13
L3547952,PT,PT-16,PT-16-AV,41.8732358,-8.2619977,PN Peneda-Gerês--Soajo,2026-08-31 12:39,92,83
L3024744,PT,PT-03,PT-03-TB,41.7496075,-8.0778265,PN Peneda-Gerês--Sombrosas,2026-09-06 08:30,50,16
L2737456,PT,PT-17,PT-17-MT,41.9064452,-7.8990036,PN Peneda-Gerês--Tourém,2026-09-24 02:06,146,382
L2680364,PT,PT-03,PT-03-TB,41.8016468,-8.1306553,PN Peneda-Gerês--mata de Albergaria,2026-08-20 10:15,88,96
L14612649,PT,PT-16,PT-16-ME,42.0452778,-8.1544444,PN Peneda-Gerês--percurso Portelinha-Rodeiro,2026-08-15 18:26,70,53
L19679466,PT,PT-17,PT-17-MT,41.8532331,-7.9485378,PN Peneda-Gêres--percurso Pitões das Júnias fronteira Requiás,2026-07-08 16:07,67,39
L4563750,PT,PT-08,PT-08-TA,37.1359955,-7.5982475,PN Ria Formosa--Cabanas,2026-09-11 21:12,169,315
L2142778,PT,PT-08,PT-08-VS,37.1562721,-7.5458586,PN Ria Formosa--Cacela Velha,2026-09-26 15:39,172,318
L10174584,PT,PT-08,PT-08-FA,37.0082305,-7.9253758,PN Ria Formosa--Cais Comercial de Faro,2026-09-23 19:15,118,141
L3133644,PT,PT-08,PT-08-FA,36.9959035,-7.912302,PN Ria Formosa--Canal de Faro (Percurso Fluvial),2026-09-24 10:54,139,196
L4345878,PT,PT-08,PT-08-FA,37.0132675,-7.9361616,PN Ria Formosa--Centro de Ciência Viva do Algarve,2026-09-26 11:34,130,284
L11497316,PT,PT-08,PT-08-FA,37.0156787,-7.9365586,PN Ria Formosa--Doca de Faro,2026-09-27 10:19,105,185
L1471417,PT,PT-08,PT-08-FA,37.0169018,-7.95739,PN Ria Formosa--ETAR de Montenegro,2026-08-21 08:42,145,131
L4447071,PT,PT-08,PT-08-OL,37.0219827,-7.8605676,PN Ria Formosa--ETAR de Olhão,2026-05-01 17:25,151,179
L3260557,PT,PT-08,PT-08-FA,37.0185242,-7.9404478,PN Ria Formosa--Estação de Faro,2026-09-21 12:25,110,103
L4564093,PT,PT-08,PT-08-TA,37.139391,-7.5905442,PN Ria Formosa--Forte de S. João da Barra,2026-08-10 19:21,118,64
L1365542,PT,PT-08,PT-08-OL,37.0514973,-7.7461905,PN Ria Formosa--Fuseta,2026-09-25 15:31,140,241
L5043440,PT,PT-08,PT-08-OL,37.024484,-7.7810669,PN Ria Formosa--Ilha da Armona,2026-09-23 22:44,141,111
L3133650,PT,PT-08,PT-08-FA,36.9641234,-7.8853083,PN Ria Formosa--Ilha da Barreta (Ilha Deserta),2026-09-23 14:00,171,155
L5597226,PT,PT-08,PT-08-FA,36.9932642,-7.8409338,PN Ria Formosa--Ilha da Culatra,2026-09-25 16:12,132,104
L2081431,PT,PT-08,PT-08-TA,37.1228226,-7.6108646,PN Ria Formosa--Ilha de Cabanas,2026-09-11 12:34,141,132
L1256157,PT,PT-08,PT-08-TA,37.0858478,-7.6659803,PN Ria Formosa--Ilha de Tavira,2026-08-14 15:42,171,209
L25984187,PT,PT-08,PT-08-FA,36.9742297,-7.8655779,PN Ria Formosa--Ilha do Farol,2026-09-19 07:47,163,245
L9997526,PT,PT-08,PT-08-TA,37.1471063,-7.5725321,PN Ria Formosa--Lacém,2026-06-10 18:06,119,31
L1447918,PT,PT-08,PT-08-LO,37.0406558,-8.0442769,PN Ria Formosa--Lagoa do Garrão,2025-12-30 13:36,121,49
L964943,PT,PT-08,PT-08-LO,37.0181794,-7.999506,PN Ria Formosa--Ludo--Esteiros do Ancão e da Maria Nova,2026-09-26 10:24,210,778
L1417651,PT,PT-08,PT-08-LO,37.0316,-7.9948,PN Ria Formosa--Ludo--Salinas e Ribeira de São Lourenço,2026-09-15 14:00,224,590
L5578684,PT,PT-08,PT-08-VS,37.1605902,-7.5264502,PN Ria Formosa--Manta Rota,2026-09-06 12:56,127,58
L9039451,PT,PT-08,PT-08-FA,37.0188258,-7.9064518,PN Ria Formosa--Marinha da Garganta,2026-09-17 17:26,176,282
L4322039,PT,PT-08,PT-08-OL,37.01943,-7.8843534,PN Ria Formosa--Marinha do Baeta,2026-09-18 07:05,183,416
L4436368,PT,PT-08,PT-08-OL,37.0247907,-7.870009,PN Ria Formosa--Marinha do Grelha,2026-09-21 11:56,136,416
L57854747,PT,PT-08,PT-08-OL,37.022965,-7.8510077,PN Ria Formosa--Parque Ribeirinho de Olhão,2026-09-23 11:49,91,80
L2520713,PT,PT-08,PT-08-TA,37.0907533,-7.672298,PN Ria Formosa--Pedras d'el-Rei,2026-09-18 09:20,150,211
L5402366,PT,PT-08,PT-08-TA,37.0705875,-7.7193761,PN Ria Formosa--Pinheiro,2026-09-08 18:50,181,562
L57316002,PT,PT-08,PT-08-TA,37.1331288,-7.5911826,PN Ria Formosa--Praia de Cabanas,2026-04-17 12:48,45,7
L1447920,PT,PT-08,PT-08-FA,37.0081325,-7.9949029,PN Ria Formosa--Praia de Faro,2026-09-27 18:08,195,669
L8479003,PT,PT-08,PT-08-OL,37.0373878,-7.7969885,PN Ria Formosa--Praia dos Cavacos,2026-06-16 12:14,137,87
L980437,PT,PT-08,PT-08-OL,37.0322098,-7.817722,PN Ria Formosa--Quinta de Marim,2026-09-26 12:44,230,1472
L2065188,PT,PT-08,PT-08-LO,37.0224967,-8.0134964,PN Ria Formosa--Quinta do Lago--Salinas,2026-09-25 08:40,194,405
L1368094,PT,PT-08,PT-08-LO,37.0246316,-8.0118258,PN Ria Formosa--Quinta do Lago--área geral,2026-09-25 08:58,257,3073
L1099654,PT,PT-08,PT-08-LO,37.025529,-7.997092,PN Ria Formosa--Quinta do Ludo--área geral,2026-09-25 11:03,219,619
L2084822,PT,PT-08,PT-08-TA,37.1376655,-7.6154246,PN Ria Formosa--Ribeira do Almargem,2026-09-20 18:30,186,441
L1327040,PT,PT-08,PT-08-FA,37.0211415,-7.8988771,PN Ria Formosa--Salgados do Fialho (ETAR de Faro),2026-09-23 11:59,210,576
L6841667,PT,PT-08,PT-08-OL,37.0627457,-7.7453291,PN Ria Formosa--Salinas da Fuseta (Leste),2026-06-21 10:26,161,286
L1266460,PT,PT-08,PT-08-OL,37.0480203,-7.7582225,PN Ria Formosa--Salinas da Fuseta (Oeste),2026-09-16 08:00,161,224
L2771214,PT,PT-08,PT-08-OL,37.0240728,-7.8534651,PN Ria Formosa--Salinas de Olhão,2026-09-25 06:48,188,1036
L1285717,PT,PT-08,PT-08-TA,37.1036985,-7.6468706,PN Ria Formosa--Salinas de Santa Luzia,2026-09-24 07:42,187,745
L1397857,PT,PT-08,PT-08-TA,37.121009,-7.6358628,PN Ria Formosa--Salinas de Tavira (Quatro Águas),2026-09-23 07:18,177,871
L1459558,PT,PT-08,PT-08-TA,37.1251003,-7.6215544,PN Ria Formosa--Salinas do Forte do Rato,2026-09-27 09:56,198,1149
L6509708,PT,PT-08,PT-08-FA,37.0235952,-7.9570654,PN Ria Formosa--Sapais de Montenegro,2026-08-17 18:24,117,71
L5711080,PT,PT-08,PT-08-OL,37.0057057,-7.8597307,PN Ria Formosa--canal de Olhão (percurso fluvial),2026-09-22 13:04,100,109
L2065184,PT,PT-08,PT-08-FA,37.0107776,-7.9732418,PN Ria Formosa--salinas do Ramalhete,2026-08-28 13:58,168,304
L1072904,PT,PT-30,PT-30-SA,32.7410674,-16.887984,PN Ribeiro Frio,2026-09-19 09:29,55,385
L3342680,PT,PT-09,PT-09-GO,40.4708981,-7.5994411,PN Serra da Estrela--Aldeias,2025-07-07 16:06,68,20
L4683541,PT,PT-09,PT-09-GO,40.4567358,-7.4922091,PN Serra da Estrela--Casais de Folgosinho,2026-07-04 17:44,80,38
L3238757,PT,PT-09,PT-09-MA,40.3553858,-7.520473,PN Serra da Estrela--Chão do Celorico,2026-07-09 18:22,63,11
L2156493,PT,PT-09,PT-09-MA,40.3286834,-7.5886989,PN Serra da Estrela--Covão da Ametade,2026-09-23 16:13,93,263
L3238935,PT,PT-09,PT-09-MA,40.4419174,-7.5162578,PN Serra da Estrela--Covão da Ponte,2026-07-09 15:20,102,99
L3291843,PT,PT-09,PT-09-GO,40.4904999,-7.5726485,PN Serra da Estrela--Curral do Negro,2026-09-18 15:00,85,106
L3168760,PT,PT-09,PT-09-MA,40.327751,-7.5997066,PN Serra da Estrela--Cântaro Magro,2026-08-10 08:10,65,142
L3237600,PT,PT-09,PT-09-SE,40.3941823,-7.6665044,PN Serra da Estrela--Encosta da Senhora do Desterro,2023-08-03 14:14,71,26
L3347695,PT,PT-09,PT-09-GO,40.5354106,-7.4870968,PN Serra da Estrela--Figueiró da Serra,2026-07-31 20:44,73,12
L3150179,PT,PT-09,PT-09-GO,40.5064578,-7.5145626,PN Serra da Estrela--Folgosinho,2026-08-30 13:49,81,12
L3713053,PT,PT-09,PT-09-SE,40.3355862,-7.6244044,PN Serra da Estrela--Garganta de Loriga,2026-09-23 12:10,61,20
L1872042,PT,PT-09,PT-09-SE,40.3622218,-7.6478179,PN Serra da Estrela--Lagoa Comprida,2026-09-12 14:31,91,170
L3401759,PT,PT-09,PT-09-MA,40.3427254,-7.5555414,PN Serra da Estrela--Lagoa Seca,2025-11-14 13:00,61,22
L3166990,PT,PT-09,PT-09-SE,40.3274729,-7.6243401,PN Serra da Estrela--Lagoa do Covão das Quelhas,2025-12-13 13:25,55,27
L3332704,PT,PT-09,PT-09-CB,40.5415911,-7.4611142,PN Serra da Estrela--Linhares da Beira,2026-09-04 14:14,88,55
L3337653,PT,PT-09,PT-09-GO,40.4465758,-7.5671702,PN Serra da Estrela--Malhão-Santinha,2026-09-19 08:24,86,149
L9910160,PT,PT-09,PT-09-GO,40.4793313,-7.5616291,PN Serra da Estrela--Mata da Câmara,2026-09-13 11:33,60,17
L3293237,PT,PT-09,PT-09-GO,40.5198674,-7.5335741,PN Serra da Estrela--Melo,2025-03-01 08:48,68,16
L2209297,PT,PT-09,PT-09-MA,40.3169923,-7.5780022,PN Serra da Estrela--Nave de Santo António,2026-08-16 08:09,95,149
L2358845,PT,PT-09,PT-09-SE,40.2494308,-7.7258134,PN Serra da Estrela--Pedras Lavradas,2026-09-14 11:00,57,19
L3237594,PT,PT-09,PT-09-MA,40.4085619,-7.5660396,PN Serra da Estrela--Penhas Douradas,2026-08-16 18:09,85,167
L1804781,PT,PT-05,PT-05-CO,40.3089963,-7.5477189,PN Serra da Estrela--Penhas da Saúde,2026-06-22 14:50,111,399
L2156494,PT,PT-05,PT-05-CO,40.3134604,-7.57532,PN Serra da Estrela--Piornos,2026-08-12 07:35,96,257
L3717616,PT,PT-09,PT-09-SE,40.3445162,-7.6382017,PN Serra da Estrela--Planalto da Torre,2026-09-12 07:34,74,126
L3713052,PT,PT-09,PT-09-SE,40.417613,-7.6109076,PN Serra da Estrela--Ponte de Cabaços,2026-07-16 13:30,54,32
L2698710,PT,PT-09,PT-09-SE,40.3567645,-7.6744089,PN Serra da Estrela--Portela de São Bento,2024-06-16 11:40,47,30
L3146787,PT,PT-09,PT-09-MA,40.4183645,-7.5391316,PN Serra da Estrela--Pousada de São Lourenço,2026-08-23 17:45,72,52
L3237611,PT,PT-09,PT-09-MA,40.3735287,-7.516795,PN Serra da Estrela--Poço do Inferno,2026-07-25 10:13,50,22
L2863994,PT,PT-09,PT-09-CB,40.5620362,-7.3769331,PN Serra da Estrela--Prados,2025-11-25 11:10,87,19
L5292151,PT,PT-09,PT-09-GU,40.5784986,-7.3078179,PN Serra da Estrela--Praia Fluvial de Aldeia Viçosa,2024-12-26 16:16,73,18
L55552405,PT,PT-09,PT-09-MA,40.4169038,-7.5118142,PN Serra da Estrela--Rota das Faias de São Lourenço,2026-07-27 10:05,52,7
L3238957,PT,PT-09,PT-09-SE,40.402647,-7.6414633,PN Serra da Estrela--Sabugueiro,2026-07-23 15:10,93,151
L24250275,PT,PT-05,PT-05-CO,40.2964889,-7.5407728,PN Serra da Estrela--Salto do Lobo,2025-12-21 12:45,39,8
L3138667,PT,PT-05,PT-05-CO,40.2916752,-7.5331986,PN Serra da Estrela--Sanatório dos Ferroviários,2026-04-28 10:01,80,41
L6121891,PT,PT-09,PT-09-SE,40.356323,-7.7814746,PN Serra da Estrela--Sandomil,2026-02-15 12:51,42,10
L2698693,PT,PT-05,PT-05-CO,40.3226961,-7.6027751,PN Serra da Estrela--Senhora da Boa Estrela,2026-08-10 10:34,53,68
L27186498,PT,PT-09,PT-09-SE,40.3949223,-7.6946258,PN Serra da Estrela--Senhora do Desterro,2026-09-20 11:26,48,35
L14272635,PT,PT-09,PT-09-GO,40.4525349,-7.4655241,PN Serra da Estrela--Serra de Bois,2021-05-20 10:02,29,2
L1865122,PT,PT-09,PT-09-SE,40.3214059,-7.6141937,PN Serra da Estrela--Torre,2026-09-12 16:10,82,625
L3188734,PT,PT-09,PT-09-MA,40.3400035,-7.5681315,PN Serra da Estrela--Vale Glaciar do Rio Zêzere,2026-08-12 07:06,87,59
L3238967,PT,PT-09,PT-09-SE,40.3265895,-7.6810312,PN Serra da Estrela--Vale de Loriga,2026-05-08 12:01,72,51
L1865052,PT,PT-09,PT-09-GO,40.4032723,-7.5874568,PN Serra da Estrela--Vale do Rossim,2026-09-11 16:54,117,490
L5531912,PT,PT-09,PT-09-GU,40.4033006,-7.3993349,PN Serra da Estrela--Valhelhas,2026-07-08 13:56,101,48
L3138665,PT,PT-05,PT-05-CO,40.2900999,-7.5281882,PN Serra da Estrela--Varanda dos Carquejais,2026-05-21 14:20,63,25
L3150214,PT,PT-09,PT-09-SE,40.2998215,-7.7809381,PN Serra da Estrela--Vide,2025-05-27 12:55,56,7
L7630252,PT,PT-09,PT-09-GU,40.5111074,-7.3895073,PN Serra da Estrela--Videmonte,2026-04-26 09:34,90,35
L3140284,PT,PT-05,PT-05-CO,40.3730157,-7.4674415,PN Serra da Estrela--ribeira de Beijames--Verdelhos,2026-08-04 16:30,53,9
L9534318,PT,PT-05,PT-05-CO,40.2847137,-7.5924584,PN Serra da Estrela--vale glaciar de Alforfa,2026-09-12 08:06,87,44
L2646110,PT,PT-12,PT-12-MA,39.429404,-7.3202312,PN Serra de São Mamede--Aires,2026-06-07 07:13,108,54
L2816998,PT,PT-12,PT-12-PA,39.2387261,-7.3234177,PN Serra de São Mamede--Alegrete,2026-08-06 11:00,84,26
L2816942,PT,PT-12,PT-12-MA,39.3481167,-7.4077892,PN Serra de São Mamede--Alvarrões,2026-06-07 12:05,73,23
L5087198,PT,PT-12,PT-12-CV,39.4155738,-7.428689,PN Serra de São Mamede--Amieira,2026-08-07 10:09,92,361
L2277032,PT,PT-12,PT-12-MA,39.4514975,-7.3642865,PN Serra de São Mamede--Beirã,2026-09-13 11:40,126,112
L2925651,PT,PT-12,PT-12-MA,39.4264756,-7.3934233,PN Serra de São Mamede--Bica,2026-06-07 12:33,56,6
L2939710,PT,PT-12,PT-12-CV,39.4619573,-7.5110435,PN Serra de São Mamede--Cana Flexa,2026-04-11 09:25,110,103
L2645969,PT,PT-12,PT-12-CV,39.5024093,-7.4137545,PN Serra de São Mamede--Cancela,2026-08-30 11:15,110,64
L2791142,PT,PT-12,PT-12-PA,39.3704511,-7.4333668,PN Serra de São Mamede--Carreiras,2025-12-25 22:15,97,38
L4108757,PT,PT-12,PT-12-PA,39.3645632,-7.465682,PN Serra de São Mamede--Castanheira,2026-03-10 15:15,87,26
L2139019,PT,PT-12,PT-12-CV,39.4143139,-7.4536228,PN Serra de São Mamede--Castelo de Vide,2026-09-03 00:00,124,240
L2645808,PT,PT-12,PT-12-CV,39.4441595,-7.4714112,PN Serra de São Mamede--Coureleiros,2026-06-04 17:58,94,37
L2646224,PT,PT-12,PT-12-MA,39.392585,-7.4106646,PN Serra de São Mamede--Escusa,2026-09-06 11:06,90,27
L2278096,PT,PT-12,PT-12-AR,39.1594825,-7.1937275,PN Serra de São Mamede--Esperança,2026-04-09 10:00,87,17
L2276997,PT,PT-12,PT-12-AR,39.142959,-7.1569705,PN Serra de São Mamede--Hortas de Baixo,2025-10-15 17:30,103,36
L2822867,PT,PT-12,PT-12-MA,39.394629,-7.3897862,PN Serra de São Mamede--Jardim,2026-06-07 12:49,42,7
L2939707,PT,PT-12,PT-12-CV,39.4256101,-7.5035763,PN Serra de São Mamede--Lavradores,2026-08-02 10:53,77,16
L2676355,PT,PT-12,PT-12-CV,39.5085891,-7.4797797,PN Serra de São Mamede--Malabrigo,2025-05-26 18:20,88,16
L2817024,PT,PT-12,PT-12-AR,39.1802227,-7.1692657,PN Serra de São Mamede--Marco,2025-06-07 08:33,80,11
L2026432,PT,PT-12,PT-12-MA,39.3954166,-7.3782743,PN Serra de São Mamede--Marvão,2026-09-22 10:24,129,348
L2572537,PT,PT-12,PT-12-CV,39.496027,-7.4544811,PN Serra de São Mamede--Meada,2026-09-19 11:05,144,223
L2026442,PT,PT-12,PT-12-CV,39.5086515,-7.436682,PN Serra de São Mamede--Monte do Dr. Eugénio,2026-07-21 18:25,95,43
L2502681,PT,PT-12,PT-12-CV,39.4540453,-7.4401903,PN Serra de São Mamede--Monte do Galhardo,2026-04-26 12:02,79,11
L2572539,PT,PT-12,PT-12-CV,39.4685048,-7.449578,PN Serra de São Mamede--Monte do Ribeiro D'Ante,2026-04-05 10:17,85,15
L2676243,PT,PT-12,PT-12-CV,39.4640631,-7.4839479,PN Serra de São Mamede--Monte dos Covões,2026-09-06 10:40,76,18
L2817018,PT,PT-12,PT-12-AR,39.1918683,-7.2839355,PN Serra de São Mamede--Mosteiros,2026-07-27 23:21,74,21
L2278092,PT,PT-12,PT-12-AR,39.170729,-7.2477579,PN Serra de São Mamede--Nave Fria,2024-12-30 12:07,66,9
L2791403,PT,PT-12,PT-12-PA,39.3152728,-7.3356056,PN Serra de São Mamede--Odres,2026-05-24 11:26,57,7
L4105927,PT,PT-12,PT-12-AR,39.1990446,-7.2407627,PN Serra de São Mamede--Parra,2021-11-23 10:50,59,3
L4112716,PT,PT-12,PT-12-CV,39.4832429,-7.4104929,PN Serra de São Mamede--Penedo de São Martinho,2026-03-23 18:44,51,7
L2112032,PT,PT-12,PT-12-MA,39.3546752,-7.3092556,PN Serra de São Mamede--Penha da Esparoeira,2026-09-03 11:20,105,175
L2645998,PT,PT-12,PT-12-MA,39.4791599,-7.3857737,PN Serra de São Mamede--Pereiro,2026-06-07 10:15,92,30
L2500195,PT,PT-12,PT-12-CV,39.4366184,-7.455157,PN Serra de São Mamede--Pombais,2023-05-24 17:20,75,14
L3068231,PT,PT-12,PT-12-CV,39.4341689,-7.5361061,PN Serra de São Mamede--Ponte Panasco,2026-08-30 16:46,92,13
L2278089,PT,PT-12,PT-12-MA,39.3825439,-7.3831987,PN Serra de São Mamede--Portagem,2026-09-08 16:15,113,270
L2742076,PT,PT-12,PT-12-PA,39.2913564,-7.4322939,PN Serra de São Mamede--Portalegre (centro urbano),2026-05-02 10:00,71,38
L2646187,PT,PT-12,PT-12-MA,39.3549528,-7.3504329,PN Serra de São Mamede--Porto da Espada,2026-08-03 14:45,101,64
L2500157,PT,PT-12,PT-12-CV,39.4103893,-7.4328682,PN Serra de São Mamede--Prado,2026-04-25 12:41,73,28
L3065300,PT,PT-12,PT-12-CV,39.4941515,-7.5169444,PN Serra de São Mamede--Quinta do Bispo,2026-04-11 16:14,58,12
L2816979,PT,PT-12,PT-12-CV,39.3980482,-7.4837494,PN Serra de São Mamede--Quinta do Pomarinho,2026-07-31 09:10,94,23
L3723046,PT,PT-12,PT-12-PA,39.3129841,-7.4147844,PN Serra de São Mamede--Salão Frio,2026-08-27 14:34,86,31
L2646033,PT,PT-12,PT-12-MA,39.4144045,-7.3492956,PN Serra de São Mamede--Santo António das Areias,2026-06-05 12:35,89,32
L2677512,PT,PT-12,PT-12-CV,39.4097837,-7.4657464,PN Serra de São Mamede--Senhora da Penha,2026-08-26 11:20,105,135
L2791406,PT,PT-12,PT-12-PA,39.266064,-7.2952008,PN Serra de São Mamede--Soverete,2026-08-17 12:42,58,8
L2646207,PT,PT-12,PT-12-MA,39.371296,-7.387104,PN Serra de São Mamede--São Salvador da Aramenha,2026-08-19 09:53,89,43
L4101764,PT,PT-12,PT-12-CV,39.4077489,-7.575202,PN Serra de São Mamede--Tapada de Matos,2026-08-01 09:52,73,4
L2791398,PT,PT-12,PT-12-PA,39.2940345,-7.3241687,PN Serra de São Mamede--Teixinha,2019-01-10 13:09,53,10
L2660655,PT,PT-12,PT-12-CV,39.4269361,-7.4738789,PN Serra de São Mamede--Tinhosa,2026-05-17 12:35,99,28
L4106221,PT,PT-12,PT-12-CV,39.4399362,-7.4380016,PN Serra de São Mamede--Torrinha,2026-04-03 13:32,64,9
L2817008,PT,PT-12,PT-12-PA,39.2256499,-7.3030329,PN Serra de São Mamede--Vale de Cavalos,2025-05-18 11:10,80,12
L2821612,PT,PT-12,PT-12-PA,39.3306582,-7.446692,PN Serra de São Mamede--Vargem,2026-05-29 11:11,84,12
L2676349,PT,PT-12,PT-12-CV,39.4807377,-7.4688792,PN Serra de São Mamede--Várzea dos Mourões,2026-08-02 11:10,102,58
L2572529,PT,PT-12,PT-12-MA,39.3470912,-7.3834991,PN Serra de São Mamede--albufeira da Apartadura,2026-09-06 12:02,91,39
L2277046,PT,PT-12,PT-12-CV,39.4786177,-7.5509763,PN Serra de São Mamede--albufeira de Póvoa e Meadas,2026-09-20 11:07,181,638
L2917763,PT,PT-12,PT-12-PA,39.3130505,-7.3602819,PN Serra de São Mamede--alto de São Mamede,2026-06-05 10:34,89,62
L2816990,PT,PT-12,PT-12-CV,39.4484798,-7.4603176,PN Serra de São Mamede--ribeira de São João,2026-08-07 09:45,61,9
L7289727,PT,PT-10,PT-10-PM,39.5486291,-8.7800932,PN Serras de Aire e Candeeiros--Alvados,2026-08-23 18:59,88,74
L2667608,PT,PT-10,PT-10-PM,39.5234089,-8.8805044,PN Serras de Aire e Candeeiros--Azelha,2022-07-28 10:42,49,5
L2619206,PT,PT-10,PT-10-PM,39.500959,-8.8867378,PN Serras de Aire e Candeeiros--Cabeço Gordo,2025-09-07 19:19,72,15
L3143948,PT,PT-10,PT-10-PM,39.526944,-8.852598,PN Serras de Aire e Candeeiros--Casais do Chão da Mendiga,2023-04-01 15:28,47,6
L15438199,PT,PT-10,PT-10-PM,39.551841,-8.79832,PN Serras de Aire e Candeeiros--Chainça,2026-07-25 11:54,82,56
L5836788,PT,PT-10,PT-10-PM,39.543701,-8.787925,PN Serras de Aire e Candeeiros--Covões Largos,2026-08-22 08:28,86,82
L7289672,PT,PT-10,PT-10-PM,39.5662645,-8.7996197,PN Serras de Aire e Candeeiros--Fórnea,2026-06-19 18:00,84,67
L3817619,PT,PT-10,PT-10-PM,39.4990074,-8.8718462,PN Serras de Aire e Candeeiros--Lagoa Grande do Arrimal,2026-09-13 10:04,107,133
L3324425,PT,PT-14,PT-14-AC,39.4444125,-8.7109512,PN Serras de Aire e Candeeiros--Olhos de Água,2026-09-24 14:21,94,79
L2736391,PT,PT-10,PT-10-PM,39.5278567,-8.8624263,PN Serras de Aire e Candeeiros--Portela do Vale de Espinho,2026-09-12 09:42,69,21
L2746741,PT,PT-10,PT-10-PM,39.5496858,-8.8633919,PN Serras de Aire e Candeeiros--Vale Grande,2024-02-28 09:15,54,10
L2910127,PT,PT-10,PT-10-AC,39.4746967,-8.9041829,PN Serras de Aire e Candeeiros--Vale de Ventos,2026-05-25 11:02,67,35
L951002,PT,PT-10,PT-10-PM,39.5013916,-8.7986755,PN Serras de Aire e Candeeiros--área geral,2026-07-25 13:48,101,68
L3151464,PT,PT-11,PT-11-CS,38.7645577,-9.422493,PN Sintra-Cascais--Albufeira do Rio da Mula,2026-08-08 16:35,67,67
L1859257,PT,PT-11,PT-11-CS,38.7518935,-9.4582016,PN Sintra-Cascais--Almoinhas Velhas,2026-07-27 10:05,99,87
L1920449,PT,PT-11,PT-11-SI,38.8394402,-9.4612885,PN Sintra-Cascais--Azenhas do Mar,2026-08-28 14:00,71,49
L1585249,PT,PT-11,PT-11-CS,38.6905847,-9.4297184,PN Sintra-Cascais--Boca do Inferno,2026-09-06 15:24,80,83
L930224,PT,PT-11,PT-11-CS,38.7094577,-9.485836,PN Sintra-Cascais--Cabo Raso,2026-09-26 12:24,212,4079
L1144456,PT,PT-11,PT-11-SI,38.7804505,-9.4989467,PN Sintra-Cascais--Cabo da Roca,2026-09-23 17:41,164,712
L2458994,PT,PT-11,PT-11-SI,38.8873913,-9.4311383,PN Sintra-Cascais--Casal de Pianos,2026-09-17 11:10,157,291
L1823250,PT,PT-11,PT-11-SI,38.7927106,-9.3892282,PN Sintra-Cascais--Castelo dos Mouros (acesso condicionado),2026-09-05 16:45,90,238
L9599367,PT,PT-11,PT-11-SI,38.8934864,-9.4177221,PN Sintra-Cascais--Catribana,2026-06-06 10:19,68,15
L3913441,PT,PT-11,PT-11-SI,38.7846434,-9.4383422,PN Sintra-Cascais--Convento dos Capuchos (acesso condicionado),2026-09-07 10:00,49,22
L3166841,PT,PT-11,PT-11-CS,38.7244922,-9.4728971,PN Sintra-Cascais--Dunas da Cresmina,2026-09-08 09:30,105,361
L3151463,PT,PT-11,PT-11-SI,38.7679373,-9.3976021,PN Sintra-Cascais--Lagoa Azul,2026-07-17 09:50,65,65
L4842307,PT,PT-11,PT-11-SI,38.8648903,-9.4495082,PN Sintra-Cascais--Magoito,2026-07-18 15:41,140,137
L4585509,PT,PT-11,PT-11-CS,38.7040324,-9.4682515,PN Sintra-Cascais--Oitavos,2026-05-17 15:18,93,67
L3686319,PT,PT-11,PT-11-SI,38.793413,-9.42083,PN Sintra-Cascais--Parque de Monserrate,2026-09-16 19:35,74,102
L3527664,PT,PT-11,PT-11-CS,38.7556685,-9.4194245,PN Sintra-Cascais--Parque de Natureza da Quinta do Pisão,2026-09-27 09:10,144,810
L2527667,PT,PT-11,PT-11-CS,38.7321161,-9.4673397,PN Sintra-Cascais--Parque de merendas do Guincho,2026-08-28 12:00,77,52
L2886381,PT,PT-11,PT-11-SI,38.7875311,-9.3903828,PN Sintra-Cascais--Parque e Palácio Nacional da Pena (acesso condicionado),2026-09-27 11:52,106,467
L1139154,PT,PT-11,PT-11-SI,38.7687069,-9.4593573,PN Sintra-Cascais--Peninha,2026-09-21 12:10,109,321
L3340133,PT,PT-11,PT-11-SI,38.8135752,-9.4784331,PN Sintra-Cascais--Praia Grande,2026-09-11 08:15,59,24
L3340120,PT,PT-11,PT-11-SI,38.8035032,-9.4851601,PN Sintra-Cascais--Praia da Adraga,2025-08-01 15:23,89,68
L1849730,PT,PT-11,PT-11-CS,38.7262507,-9.4766092,PN Sintra-Cascais--Praia da Cresmina,2026-07-20 11:04,72,50
L3340150,PT,PT-11,PT-11-SI,38.8256914,-9.4703436,PN Sintra-Cascais--Praia das Maçãs,2026-08-28 12:30,71,55
L5134247,PT,PT-11,PT-11-CS,38.7419504,-9.4716418,PN Sintra-Cascais--Praia do Abano,2026-03-01 17:00,95,87
L2886386,PT,PT-11,PT-11-SI,38.7958266,-9.3961978,PN Sintra-Cascais--Quinta da Regaleira (acesso condicionado),2026-09-23 12:22,80,268
L9139454,PT,PT-11,PT-11-SI,38.8034229,-9.4493751,PN Sintra-Cascais--Ribeira de Colares--Colares,2026-07-04 20:53,57,70
L8705561,PT,PT-11,PT-11-CS,38.7362347,-9.4220046,PN Sintra-Cascais--Ribeira do Marmeleiro,2026-08-08 10:15,85,67
L3948295,PT,PT-11,PT-11-CS,38.6897322,-9.4266236,PN Sintra-Cascais--Rocha da Nau,2026-03-10 14:48,84,82
L2292132,PT,PT-11,PT-11-SI,38.8969115,-9.4309473,PN Sintra-Cascais--Samarra,2026-08-08 19:07,117,69
L2684565,PT,PT-11,PT-11-SI,38.77576,-9.42138,PN Sintra-Cascais--Serra de Sintra--Área Geral,2025-07-12 17:00,70,13
L3913439,PT,PT-11,PT-11-SI,38.782887,-9.4342867,PN Sintra-Cascais--Tapada D. Fernando II,2026-07-17 13:46,44,18
L3895653,PT,PT-11,PT-11-SI,38.7797936,-9.4157338,PN Sintra-Cascais--Tapada das Roças,2025-10-01 11:00,69,13
L3895640,PT,PT-11,PT-11-SI,38.7686796,-9.4099081,PN Sintra-Cascais--Tapada do Saldanha,2024-03-19 17:25,35,15
L27851594,PT,PT-08,PT-08-AJ,37.3163328,-8.8023774,PN Sudoeste Alentejano e Costa Vicentina--Aljezur,2026-09-07 20:30,102,58
L2654808,PT,PT-02,PT-02-OD,37.6500534,-8.8028383,PN Sudoeste Alentejano e Costa Vicentina--Almograve,2026-06-17 17:38,147,124
L3601473,PT,PT-08,PT-08-AJ,37.2921751,-8.8605165,PN Sudoeste Alentejano e Costa Vicentina--Arrifana,2026-09-09 18:50,113,53
L2818968,PT,PT-02,PT-02-OD,37.4636861,-8.7968516,PN Sudoeste Alentejano e Costa Vicentina--Azenha do Mar,2026-07-11 11:41,85,24
L16596504,PT,PT-08,PT-08-VB,37.052175,-8.9154843,PN Sudoeste Alentejano e Costa Vicentina--Barranco da Alcaria do Melão,2026-09-26 13:17,158,161
L2327253,PT,PT-08,PT-08-VB,37.0265886,-8.9632139,PN Sudoeste Alentejano e Costa Vicentina--Beliche,2026-09-27 15:09,163,418
L1344987,PT,PT-08,PT-08-VB,37.0729844,-8.806572,PN Sudoeste Alentejano e Costa Vicentina--Boca do Rio,2026-09-27 07:30,204,771
L2708448,PT,PT-08,PT-08-AJ,37.1967914,-8.8628769,PN Sudoeste Alentejano e Costa Vicentina--Bordeira,2026-09-07 15:23,111,64
L3161364,PT,PT-15,PT-15-SI,37.8942772,-8.7885475,PN Sudoeste Alentejano e Costa Vicentina--Brejos de Morgavel,2026-08-18 18:10,117,27
L3338558,PT,PT-02,PT-02-OD,37.4809884,-8.7673045,PN Sudoeste Alentejano e Costa Vicentina--Brejão,2025-10-25 20:27,61,15
L2567626,PT,PT-08,PT-08-VB,37.0722311,-8.7758875,PN Sudoeste Alentejano e Costa Vicentina--Burgau,2026-09-14 08:42,125,63
L2968341,PT,PT-08,PT-08-VB,37.0660161,-8.7952477,PN Sudoeste Alentejano e Costa Vicentina--Cabanas Velhas,2026-09-20 08:23,86,32
L1477410,PT,PT-02,PT-02-OD,37.5984179,-8.8175346,PN Sudoeste Alentejano e Costa Vicentina--Cabo Sardão,2026-08-25 10:39,180,479
L997949,PT,PT-08,PT-08-VB,37.0234432,-8.9956972,PN Sudoeste Alentejano e Costa Vicentina--Cabo de São Vicente,2026-09-27 17:22,231,3562
L1009708,PT,PT-08,PT-08-VB,37.0355486,-8.9542058,PN Sudoeste Alentejano e Costa Vicentina--Cabranosa,2026-09-27 15:55,231,3876
L962431,PT,PT-08,PT-08-AJ,37.1926353,-8.9022222,PN Sudoeste Alentejano e Costa Vicentina--Carrapateira,2026-09-24 10:26,200,482
L3107771,PT,PT-02,PT-02-OD,37.6663358,-8.7198588,PN Sudoeste Alentejano e Costa Vicentina--Casa Branca,2026-05-02 09:47,80,10
L3161404,PT,PT-08,PT-08-AJ,37.2405593,-8.8252312,PN Sudoeste Alentejano e Costa Vicentina--Chabouco/Monte da Vinha,2026-09-05 09:00,106,77
L2708476,PT,PT-02,PT-02-OD,37.572771,-8.7492371,PN Sudoeste Alentejano e Costa Vicentina--Daroeiras,2026-09-10 07:40,70,10
L5118340,PT,PT-08,PT-08-VB,37.0838288,-8.8259697,PN Sudoeste Alentejano e Costa Vicentina--ETAR de Budens,2026-09-26 17:19,103,171
L5506999,PT,PT-08,PT-08-VB,37.0852759,-8.7823462,PN Sudoeste Alentejano e Costa Vicentina--ETAR de Burgau,2026-09-22 11:14,109,77
L2323100,PT,PT-08,PT-08-VB,37.0694007,-8.8456625,PN Sudoeste Alentejano e Costa Vicentina--ETAR de Figueira,2026-09-24 07:43,124,129
L2392936,PT,PT-02,PT-02-OD,37.7197995,-8.7845993,PN Sudoeste Alentejano e Costa Vicentina--Estuário do Mira,2026-09-23 18:20,186,1355
L3224332,PT,PT-15,PT-15-SI,37.8318812,-8.7674442,PN Sudoeste Alentejano e Costa Vicentina--Fonte de Mouro,2026-05-14 08:55,72,14
L3111501,PT,PT-08,PT-08-VB,37.0274677,-8.9825258,PN Sudoeste Alentejano e Costa Vicentina--Forte do Beliche,2026-09-27 10:20,155,348
L2193735,PT,PT-15,PT-15-SI,37.8285651,-8.7916374,PN Sudoeste Alentejano e Costa Vicentina--Forte do Pessegueiro,2026-08-01 12:13,113,120
L3489481,PT,PT-02,PT-02-OD,37.6221178,-8.6708307,PN Sudoeste Alentejano e Costa Vicentina--Foz da Ribeira do Torgal,2026-03-21 07:50,74,7
L4999542,PT,PT-02,PT-02-OD,37.6819184,-8.770566,PN Sudoeste Alentejano e Costa Vicentina--Herdade dos Nascedios (acesso condicionado),2026-09-14 17:10,155,216
L2704897,PT,PT-08,PT-08-VB,37.1161406,-8.9042473,PN Sudoeste Alentejano e Costa Vicentina--Lagoa Funda,2026-08-05 10:35,100,37
L3338290,PT,PT-08,PT-08-AJ,37.3520913,-8.8064432,PN Sudoeste Alentejano e Costa Vicentina--Lagoa do Boi,2026-07-25 12:32,110,49
L22534129,PT,PT-08,PT-08-VB,37.0825964,-8.9358435,PN Sudoeste Alentejano e Costa Vicentina--Lagoa do Garcia,2026-09-18 12:57,61,10
L3344099,PT,PT-08,PT-08-AJ,37.4061578,-8.7845993,PN Sudoeste Alentejano e Costa Vicentina--Maria Vinagre,2026-03-23 06:41,90,26
L1265275,PT,PT-08,PT-08-VB,37.0205671,-8.9285481,PN Sudoeste Alentejano e Costa Vicentina--Martinhal,2026-09-26 12:05,212,1192
L51771468,PT,PT-08,PT-08-VB,37.070075,-8.885419,PN Sudoeste Alentejano e Costa Vicentina--Milrei,2026-09-26 18:00,111,92
L2821741,PT,PT-08,PT-08-VB,37.1321294,-8.9239454,PN Sudoeste Alentejano e Costa Vicentina--Mirouço,2025-08-11 08:09,61,10
L2619928,PT,PT-02,PT-02-OD,37.7300185,-8.751694,PN Sudoeste Alentejano e Costa Vicentina--Moinho da Asneira,2026-09-10 10:13,176,311
L2619769,PT,PT-02,PT-02-OD,37.710455,-8.7562108,PN Sudoeste Alentejano e Costa Vicentina--Monte do Zambujeiro,2026-08-25 10:15,172,360
L2024911,PT,PT-02,PT-02-OD,37.5962127,-8.6435477,PN Sudoeste Alentejano e Costa Vicentina--Odemira,2026-08-04 09:15,117,71
L2335452,PT,PT-08,PT-08-VB,37.0109864,-8.9490241,PN Sudoeste Alentejano e Costa Vicentina--Pinhal da Cerâmica,2026-09-27 10:25,134,413
L10810298,PT,PT-08,PT-08-AJ,37.3202427,-8.8758179,PN Sudoeste Alentejano e Costa Vicentina--Ponta da Atalaia,2026-08-30 11:25,87,85
L991881,PT,PT-08,PT-08-VB,37.0031524,-8.9304578,PN Sudoeste Alentejano e Costa Vicentina--Ponta da Atalaia,2026-09-27 10:25,202,1621
L27031055,PT,PT-08,PT-08-AJ,37.1964184,-8.9171087,PN Sudoeste Alentejano e Costa Vicentina--Pontal da Carrapateira,2026-09-24 09:35,126,414
L3070418,PT,PT-15,PT-15-SI,37.853127,-8.7894917,PN Sudoeste Alentejano e Costa Vicentina--Porto Covo (centro urbano),2026-08-22 18:28,95,105
L999064,PT,PT-08,PT-08-VB,37.0092698,-8.9271212,PN Sudoeste Alentejano e Costa Vicentina--Porto da Baleeira,2026-09-27 08:34,161,1524
L4424924,PT,PT-02,PT-02-OD,37.7376407,-8.8013336,PN Sudoeste Alentejano e Costa Vicentina--Porto das Barcas,2026-08-20 17:36,74,50
L6323821,PT,PT-08,PT-08-VB,37.0285145,-8.9572487,PN Sudoeste Alentejano e Costa Vicentina--Posto das Esparregueiras,2026-09-14 08:37,86,33
L2393239,PT,PT-02,PT-02-OD,37.7522607,-8.7933072,PN Sudoeste Alentejano e Costa Vicentina--Pousadas Novas,2026-03-22 12:43,157,121
L2574168,PT,PT-08,PT-08-AJ,37.3837302,-8.8245642,PN Sudoeste Alentejano e Costa Vicentina--Praia Vale de Homens,2026-09-10 09:11,107,40
L3128507,PT,PT-08,PT-08-AJ,37.3486331,-8.8445306,PN Sudoeste Alentejano e Costa Vicentina--Praia da Amoreira,2026-09-22 18:49,136,90
L3129781,PT,PT-08,PT-08-VB,37.1089801,-8.9363158,PN Sudoeste Alentejano e Costa Vicentina--Praia da Cordoama,2026-06-22 17:07,86,20
L2323098,PT,PT-08,PT-08-VB,37.0615331,-8.8396007,PN Sudoeste Alentejano e Costa Vicentina--Praia da Figueira,2026-09-26 08:23,117,80
L3107432,PT,PT-08,PT-08-VB,37.0054486,-8.942332,PN Sudoeste Alentejano e Costa Vicentina--Praia da Mareta,2026-09-27 12:45,137,183
L2821655,PT,PT-08,PT-08-VB,37.1540917,-8.9104056,PN Sudoeste Alentejano e Costa Vicentina--Praia da Murração,2026-03-04 12:47,66,15
L15372955,PT,PT-08,PT-08-VB,37.06516,-8.8241673,PN Sudoeste Alentejano e Costa Vicentina--Praia da Salema,2026-08-09 19:30,91,49
L2567691,PT,PT-08,PT-08-VB,37.0565813,-8.8552165,PN Sudoeste Alentejano e Costa Vicentina--Praia das Furnas,2026-09-26 18:39,103,117
L2568605,PT,PT-08,PT-08-AJ,37.3381588,-8.8545299,PN Sudoeste Alentejano e Costa Vicentina--Praia de Monte Clérigo,2026-08-30 13:14,131,69
L2654736,PT,PT-08,PT-08-AJ,37.4399741,-8.7995338,PN Sudoeste Alentejano e Costa Vicentina--Praia de Odeceixe,2026-09-25 12:20,116,59
L2749972,PT,PT-08,PT-08-AJ,37.1686863,-8.9014149,PN Sudoeste Alentejano e Costa Vicentina--Praia do Amado,2026-09-15 15:28,92,44
L2567696,PT,PT-08,PT-08-VB,37.0451073,-8.8985395,PN Sudoeste Alentejano e Costa Vicentina--Praia do Barranco,2026-07-07 18:30,135,66
L3338563,PT,PT-02,PT-02-OD,37.500006,-8.7911546,PN Sudoeste Alentejano e Costa Vicentina--Praia do Carvalhal,2026-09-17 07:49,107,49
L2751677,PT,PT-02,PT-02-OD,37.790573,-8.8003922,PN Sudoeste Alentejano e Costa Vicentina--Praia do Malhão,2026-08-31 19:57,122,42
L10088138,PT,PT-08,PT-08-VB,37.0221198,-8.9203513,PN Sudoeste Alentejano e Costa Vicentina--Praia dos Rebolinhos,2026-06-04 14:47,82,25
L2664709,PT,PT-02,PT-02-OD,37.7996374,-8.7746738,PN Sudoeste Alentejano e Costa Vicentina--Ribeira da Azenha,2026-05-13 19:20,97,14
L1776901,PT,PT-08,PT-08-AJ,37.3348933,-8.830423,PN Sudoeste Alentejano e Costa Vicentina--Ribeira de Aljezur,2026-09-24 07:49,179,240
L2321201,PT,PT-08,PT-08-AJ,37.4348159,-8.7689902,PN Sudoeste Alentejano e Costa Vicentina--Ribeira de Odeceixe,2026-09-24 09:47,141,88
L3048217,PT,PT-02,PT-02-OD,37.632995,-8.6263271,PN Sudoeste Alentejano e Costa Vicentina--Ribeira do Torgal,2026-07-31 10:07,85,32
L2748119,PT,PT-08,PT-08-AJ,37.3699344,-8.806057,PN Sudoeste Alentejano e Costa Vicentina--Rogil,2026-09-22 12:47,134,112
L2327251,PT,PT-08,PT-08-VB,37.0119309,-8.9385312,PN Sudoeste Alentejano e Costa Vicentina--Sagres (centro urbano),2026-09-27 20:46,186,1253
L2751700,PT,PT-08,PT-08-VB,37.0539008,-8.9487934,PN Sudoeste Alentejano e Costa Vicentina--Santo António,2026-09-27 12:01,170,903
L2751778,PT,PT-02,PT-02-OD,37.5282552,-8.7597942,PN Sudoeste Alentejano e Costa Vicentina--Sardanito,2026-04-01 17:33,71,23
L2349532,PT,PT-08,PT-08-VB,37.0348151,-8.962132,PN Sudoeste Alentejano e Costa Vicentina--Sebe,2026-09-27 11:26,173,888
L2821803,PT,PT-02,PT-02-OD,37.5590032,-8.7907362,PN Sudoeste Alentejano e Costa Vicentina--Tonel,2026-08-12 07:10,90,27
L2704846,PT,PT-08,PT-08-VB,37.0855042,-8.9518619,PN Sudoeste Alentejano e Costa Vicentina--Torre d'Aspa,2026-06-08 09:45,104,25
L2969849,PT,PT-02,PT-02-OD,37.5568259,-8.7647724,PN Sudoeste Alentejano e Costa Vicentina--Touril,2026-09-07 11:51,83,19
L2832173,PT,PT-08,PT-08-AJ,37.2473429,-8.8686705,PN Sudoeste Alentejano e Costa Vicentina--Vale Figueira,2026-07-31 20:07,68,16
L1006212,PT,PT-08,PT-08-VB,37.0486439,-8.9693767,PN Sudoeste Alentejano e Costa Vicentina--Vale Santo,2026-09-27 17:55,212,2265
L3836839,PT,PT-08,PT-08-AJ,37.2723108,-8.8555491,PN Sudoeste Alentejano e Costa Vicentina--Vale da Praia do Canal,2026-06-23 10:00,76,11
L2821711,PT,PT-08,PT-08-AJ,37.3108948,-8.8538136,PN Sudoeste Alentejano e Costa Vicentina--Vale da Telha,2026-04-05 16:03,126,43
L6176364,PT,PT-08,PT-08-VB,37.0455373,-8.9765984,PN Sudoeste Alentejano e Costa Vicentina--Vale do Telheiro,2026-09-21 13:44,150,152
L10056743,PT,PT-08,PT-08-AJ,37.2958281,-8.8335089,PN Sudoeste Alentejano e Costa Vicentina--Vales,2026-08-27 18:15,63,11
L2408125,PT,PT-02,PT-02-OD,37.6085802,-8.7096906,PN Sudoeste Alentejano e Costa Vicentina--Várzea de Vale de Gomes,2026-08-04 09:45,102,14
L2520014,PT,PT-02,PT-02-OD,37.736796,-8.7376577,PN Sudoeste Alentejano e Costa Vicentina--Várzea do Galeado,2026-07-29 10:19,173,194
L2821769,PT,PT-02,PT-02-OD,37.5239543,-8.7862086,PN Sudoeste Alentejano e Costa Vicentina--Zambujeira do Mar,2026-08-25 14:31,113,87
L2968315,PT,PT-08,PT-08-VB,37.0468884,-8.872447,PN Sudoeste Alentejano e Costa Vicentina--Zavial,2026-08-30 16:24,79,17
L3264200,PT,PT-08,PT-08-VB,37.0738062,-8.9134312,PN Sudoeste Alentejano e Costa Vicentina--terrenos junto à N268,2026-09-20 08:45,108,85
L3572491,PT,PT-05,PT-05-CB,39.7429663,-7.2502685,PN Tejo Internacional--Brejo da Castanha,2026-07-21 09:05,87,33
L1905709,PT,PT-05,PT-05-IN,39.734372,-7.0397289,PN Tejo Internacional--Cabeço Alto,2026-08-19 14:48,98,56
L11184814,PT,PT-05,PT-05-CB,39.736818,-7.495572,PN Tejo Internacional--Cais Fluvial dos Lentiscais,2026-07-29 09:57,54,10
L2518012,PT,PT-05,PT-05-IN,39.7413823,-7.1938562,PN Tejo Internacional--Cegonhas,2026-06-21 15:27,84,31
L2768996,PT,PT-05,PT-05-IN,39.6973473,-7.0597243,PN Tejo Internacional--Couto de Santa Marina,2026-07-15 13:09,107,42
L2652756,PT,PT-05,PT-05-IN,39.6551344,-7.1494389,PN Tejo Internacional--Foz da Ribeira da Fonte Santa,2026-04-07 17:38,84,22
L2782359,PT,PT-05,PT-05-IN,39.6860661,-7.2124493,PN Tejo Internacional--Herdade da Cubeira,2026-07-29 14:17,96,55
L48834250,PT,PT-05,PT-05-IN,39.6866448,-7.0441987,PN Tejo Internacional--Herdade da Morena,2026-07-17 12:08,70,8
L2782249,PT,PT-05,PT-05-IN,39.6943018,-7.1076608,PN Tejo Internacional--Herdade da Poupa,2026-08-14 08:33,114,58
L2601552,PT,PT-05,PT-05-CB,39.7006493,-7.3162508,PN Tejo Internacional--Monte Barata,2026-06-25 08:37,135,69
L24825673,PT,PT-05,PT-05-CB,39.7662018,-7.4478004,PN Tejo Internacional--Monte do Chaveiro,2026-04-15 18:01,81,26
L1905741,PT,PT-05,PT-05-CB,39.7386279,-7.2158904,PN Tejo Internacional--Ponte do Aravil-Cegonhas,2026-07-21 09:44,91,60
L2481932,PT,PT-05,PT-05-IN,39.673453,-7.1603715,PN Tejo Internacional--Posto dos Alares,2026-07-17 06:37,116,104
L1905730,PT,PT-05,PT-05-IN,39.8209345,-6.9979294,PN Tejo Internacional--Ribeira da Enchacana,2025-04-12 15:33,67,15
L2157140,PT,PT-05,PT-05-IN,39.8132419,-7.0191908,PN Tejo Internacional--Ribeira do Veado,2026-04-08 13:31,71,33
L1458950,PT,PT-05,PT-05-IN,39.7274698,-7.0902777,PN Tejo Internacional--Rosmaninhal,2026-07-18 04:54,145,238
L4019265,PT,PT-05,PT-05-IN,39.8820422,-6.9112453,PN Tejo Internacional--Salvaterra do Extremo,2026-09-11 17:03,119,106
L2157119,PT,PT-05,PT-05-IN,39.8213415,-6.9807851,PN Tejo Internacional--Segura,2026-08-19 08:49,112,198
L2767520,PT,PT-05,PT-05-CB,39.7274079,-7.2880769,PN Tejo Internacional--Serra de Monforte da Beira,2025-07-14 14:07,105,21
L2485348,PT,PT-05,PT-05-IN,39.7022176,-7.1752739,PN Tejo Internacional--Soalheiras,2026-07-18 18:39,97,32
L2768982,PT,PT-05,PT-05-CB,39.7045454,-7.257328,PN Tejo Internacional--Águas de Verão,2026-08-06 09:50,67,13
L2302464,PT,PT-02,PT-02-ME,37.6732741,-7.5090265,PN Vale do Guadiana--Albufeira da Tapada Grande,2026-09-24 13:00,119,69
L1315170,PT,PT-02,PT-02-ME,37.7090321,-7.7780814,PN Vale do Guadiana--Alcaria Ruiva,2026-09-27 11:33,162,330
L2304756,PT,PT-02,PT-02-ME,37.6063102,-7.5788713,PN Vale do Guadiana--Alves,2026-06-19 13:15,104,34
L3442586,PT,PT-02,PT-02-ME,37.7883188,-7.6892066,PN Vale do Guadiana--Amendoeira da Serra,2026-07-19 21:14,116,56
L9478374,PT,PT-02,PT-02-ME,37.7607764,-7.8156848,PN Vale do Guadiana--Azinhal,2026-09-08 18:57,112,50
L17307839,PT,PT-02,PT-02-ME,37.6212168,-7.6605117,PN Vale do Guadiana--Bombeira/Estação da Biodiversidade,2026-08-20 19:56,70,8
L10388242,PT,PT-02,PT-02-ME,37.7106533,-7.6432338,PN Vale do Guadiana--Brava,2026-07-20 07:42,108,31
L1140543,PT,PT-02,PT-02-ME,37.6680258,-7.4982119,PN Vale do Guadiana--Complexo Mineiro da Mina de São Domingos,2026-09-24 12:00,145,591
L7517811,PT,PT-02,PT-02-ME,37.6830825,-7.6436968,PN Vale do Guadiana--Corte Pequena,2026-09-16 10:02,116,152
L22064290,PT,PT-02,PT-02-ME,37.6760083,-7.4938343,PN Vale do Guadiana--Lagoa da Tapada Pequena,2025-06-05 18:00,90,18
L2950110,PT,PT-02,PT-02-ME,37.539303,-7.5366855,PN Vale do Guadiana--Mesquita,2026-01-17 09:22,92,23
L2851049,PT,PT-02,PT-02-ME,37.6932954,-7.656194,PN Vale do Guadiana--Moinho dos Canais,2026-09-27 08:35,145,353
L2304772,PT,PT-02,PT-02-ME,37.6399271,-7.5606108,PN Vale do Guadiana--Moreanes,2026-09-05 19:06,126,211
L962483,PT,PT-02,PT-02-ME,37.6404029,-7.6615477,PN Vale do Guadiana--Mértola,2026-09-26 20:35,189,1425
L2950792,PT,PT-02,PT-02-ME,37.5833577,-7.5955439,PN Vale do Guadiana--Penha-d'Águia,2026-07-28 19:26,98,58
L2939832,PT,PT-02,PT-02-ME,37.65083,-7.65915,PN Vale do Guadiana--Perímetro Florestal de Mértola (Norte),2026-09-08 10:24,135,101
L21551611,PT,PT-02,PT-02-ME,37.6296603,-7.6694949,PN Vale do Guadiana--Perímetro Florestal de Mértola (Sul),2026-08-31 10:27,59,9
L2950797,PT,PT-02,PT-02-ME,37.5564857,-7.5285316,PN Vale do Guadiana--Pomarão,2026-07-12 16:21,105,65
L930226,PT,PT-02,PT-02-ME,37.8042657,-7.6334381,PN Vale do Guadiana--Pulo do Lobo,2026-09-25 09:54,141,410
L2968282,PT,PT-02,PT-02-SE,37.8231414,-7.6225805,PN Vale do Guadiana--Ribeira de Limas,2026-07-30 18:18,77,18
L2304722,PT,PT-02,PT-02-ME,37.6224577,-7.5337672,PN Vale do Guadiana--Santana de Cambas,2026-05-13 19:49,118,188
L2304780,PT,PT-02,PT-02-ME,37.6498495,-7.533145,PN Vale do Guadiana--Sapos,2026-05-17 18:46,77,16
L4645310,PT,PT-02,PT-02-ME,37.6663273,-7.7421856,PN Vale do Guadiana--São Barão,2026-08-31 20:40,117,89
L2677546,PT,PT-17,PT-17-VR,41.370649,-7.796216,PN do Alvão--Lamas de Olo,2026-07-15 16:00,86,33
L4535298,PT,PT-17,PT-17-VR,41.3564532,-7.7974176,PN do Alvão--albufeira Cimeira,2026-02-21 10:00,97,52
L7172535,PT,PT-15,PT-15-AM,38.6433899,-9.2212375,PP Arriba Fóssil da Costa da Caparica--Convento e Miradouro dos Capuchos,2026-09-19 20:45,74,61
L3606032,PT,PT-15,PT-15-AM,38.6213635,-9.206779,PP Arriba Fóssil da Costa da Caparica--Mata da Quinta do Texugo,2026-09-26 18:28,120,490
L4725221,PT,PT-15,PT-15-AM,38.595642,-9.1949558,PP Arriba Fóssil da Costa da Caparica--Mata dos Medos (Norte),2026-09-02 16:07,78,90
L3658861,PT,PT-15,PT-15-AM,38.5730148,-9.1899776,PP Arriba Fóssil da Costa da Caparica--Mata dos Medos (Sul),2026-09-09 11:50,105,201
L4808296,PT,PT-15,PT-15-AM,38.6310361,-9.2132378,PP Arriba Fóssil da Costa da Caparica--Mata e Ribeira da Foz do Rego,2026-08-03 13:15,79,394
L19744597,PT,PT-15,PT-15-SS,38.5357827,-9.1785417,PP Arriba Fóssil da Costa da Caparica--Medos de Albufeira,2026-09-25 15:25,53,11
L2908050,PT,PT-15,PT-15-AM,38.570683,-9.1948271,PP Arriba Fóssil da Costa da Caparica--Praia da Fonte da Telha,2026-08-18 17:09,103,190
L4331759,PT,PT-15,PT-15-AM,38.6368893,-9.2227194,PP Arriba Fóssil da Costa da Caparica--Terras da Costa,2026-05-04 07:20,79,50
L3179350,PT,PT-15,PT-15-AM,38.6081191,-9.202745,PP Arriba Fóssil da Costa da Caparica--área geral,2026-09-12 12:00,180,391
L2678023,PT,PT-16,PT-16-PC,41.8878826,-8.5177171,PP Corno de Bico,2026-07-21 08:20,101,79
L2073690,PT,PT-16,PT-16-PL,41.7663136,-8.6367044,PP Lagoas de Bertiandos e São Pedro d'Arcos,2026-09-18 16:14,131,363
L27731295,PT,PT-11,PT-11-CD,39.1741908,-9.052838,PP Serra de Montejunto--Antenas,2026-07-11 08:42,23,13
L1767116,PT,PT-11,PT-11-CD,39.2051029,-9.0306909,PP Serra de Montejunto--área geral,2026-05-20 10:25,107,105
L1253456,PT,PT-14,PT-14-CR,38.963729,-8.5594654,PPL Açude da Agolada,2022-03-29 16:46,66,12
L3611949,PT,PT-08,PT-08-AB,37.1746113,-8.2023668,Paderne,2026-08-31 07:00,139,53
L3317999,PT,PT-02,PT-02-BE,37.9905135,-7.8024169,Padrão,2024-04-05 18:01,76,8
L29888243,PT,PT-15,PT-15-SX,38.6161252,-9.0931385,Paio Pires--Parque Bacelos de Gaio,2026-04-24 10:24,27,4
L29888271,PT,PT-15,PT-15-SX,38.6153066,-9.0806888,Paio Pires--Quintas dos Sapatos e dos Almeirões,2026-03-07 14:36,55,13
L4886903,PT,PT-11,PT-11-OD,38.7763856,-9.2060602,Paiã,2026-09-22 19:30,74,41
L4320351,PT,PT-06,PT-06-SO,40.0451604,-8.6021984,Paleão,2025-10-19 09:32,50,6
L24233681,PT,PT-30,PT-30-FU,32.6601635,-16.8672104,Palheiro Gardens,2026-09-08 10:49,26,77
L2362205,PT,PT-14,PT-14-CA,39.0608656,-8.7760873,Palhota,2026-01-11 10:08,96,16
L2597148,PT,PT-02,PT-02-VI,38.2107032,-7.8711677,Panasqueira,2020-06-21 12:20,50,4
L4878169,PT,PT-18,PT-18-RE,41.013635,-7.974738,Panchorra,2026-09-01 18:10,83,65
L3087827,PT,PT-02,PT-02-OU,37.7536698,-8.2938194,Panóias,2026-08-02 08:58,99,46
L3070806,PT,PT-10,PT-10-PN,39.3744498,-9.37814,Papoa,2026-08-26 12:00,108,367
L6365912,PT,PT-17,PT-17-VP,41.5623244,-7.7191213,Parada de Monteiros,2026-07-10 11:21,62,38
L16490978,PT,PT-04,PT-04-CA,41.2382378,-7.359595,Parambos,2026-08-22 10:19,97,69
L998123,PT,PT-08,PT-08-VB,37.1281776,-8.8365966,Pardieiro,2026-09-26 09:33,161,968
L2763884,PT,PT-11,PT-11-CS,38.6906015,-9.3564463,Parede (centro urbano),2026-07-28 01:09,83,787
L44140157,PT,PT-18,PT-18-SJ,41.064774,-7.480299,Paredes da Beira,2026-08-16 11:38,75,22
L19319111,PT,PT-16,PT-16-PC,41.9122414,-8.5645467,Paredes de Coura (centro urbano),2026-08-29 13:44,40,23
L4439508,PT,PT-14,PT-14-CN,39.4460405,-8.3185413,Parque Ambiental de Santa Margarida,2026-07-23 11:38,72,56
L963093,PT,PT-08,PT-08-LO,37.0893497,-8.1423175,Parque Ambiental de Vilamoura,2026-09-27 11:08,239,1634
L6112635,PT,PT-18,PT-18-VS,40.6553376,-7.9158479,Parque Aquilino Ribeiro,2026-09-26 15:42,56,109
L4584698,PT,PT-11,PT-11-AM,38.7633531,-9.2304683,Parque Aventura,2026-06-09 19:37,56,34
L2863221,PT,PT-11,PT-11-LI,38.7537935,-9.1791737,Parque Bensaúde,2026-06-07 09:29,79,420
L2125942,PT,PT-13,PT-13-VG,41.0986691,-8.5592401,Parque Biológico de Gaia,2026-09-05 08:57,92,485
L69904722,PT,PT-04,PT-04-VN,41.8587697,-6.9871336,Parque Biológico de Vinhais,2026-08-14 06:38,55,10
L3510283,PT,PT-17,PT-17-BO,41.68076,-7.71299,Parque Boticas Natureza e Biodiversidade,2026-09-04 12:03,91,73
L5003884,PT,PT-18,PT-18-CI,41.0508037,-8.2365202,Parque Botânico do Rio Paiva,2025-09-06 11:18,23,7
L2930799,PT,PT-04,PT-04-BR,41.8410142,-6.7464638,Parque Campismo do Inatel,2026-08-28 06:52,78,24
L18253013,PT,PT-13,PT-13-PO,41.1772004,-8.6018765,Parque Central da Asprela,2026-07-16 10:44,65,234
L1375256,PT,PT-10,PT-10-CR,39.4002583,-9.133879,Parque Dom Carlos I,2026-09-24 08:15,80,294
L18301681,PT,PT-16,PT-16-VC,41.6982949,-8.8174295,Parque Ecológico Urbano,2026-09-11 16:59,77,52
L976963,PT,PT-30,PT-30-FU,32.7001297,-16.9041502,Parque Ecológico do Funchal,2026-08-29 18:08,47,76
L1137073,PT,PT-11,PT-11-LI,38.72799,-9.1535,Parque Eduardo VII,2026-09-26 09:30,107,1105
L33890548,PT,PT-01,PT-01-AR,40.9942978,-8.0935231,Parque Eólico Alto do Côto,2026-08-01 18:33,32,23
L3047894,PT,PT-08,PT-08-VB,37.097856,-8.8600874,Parque Eólico da Raposeira,2026-09-26 15:00,156,690
L9379934,PT,PT-17,PT-17-RP,41.4771475,-7.7774898,Parque Eólico de Viduedo,2026-09-22 09:09,88,64
L9129810,PT,PT-13,PT-13-AM,41.2669715,-8.0813312,Parque Florestal de Amarante,2026-09-16 09:58,75,97
L36464409,PT,PT-30,PT-30-SV,32.7602265,-17.0167874,Parque Florestal do Chão dos Louros,2026-08-06 11:45,15,16
L21879286,PT,PT-30,PT-30-PM,32.8094304,-17.1423055,Parque Florestal do Fanal,2026-09-23 09:19,21,53
L38259717,PT,PT-13,PT-13-MI,41.2114789,-8.5918501,Parque Fluvial de Alvura,2026-09-24 07:28,68,59
L4875186,PT,PT-18,PT-18-RE,41.1180724,-7.9136422,Parque Fluvial de Porto de Rei,2026-09-04 15:08,51,19
L4989638,PT,PT-01,PT-01-AV,40.6351225,-8.6537134,Parque Infante Dom Pedro,2026-09-04 19:05,68,66
L2129747,PT,PT-11,PT-11-LI,38.7595047,-9.1325998,Parque José Gomes Ferreira,2026-09-25 12:27,83,357
L3065143,PT,PT-15,PT-15-SX,38.6399866,-9.1625172,Parque Luso e mata adjacente,2026-08-30 09:09,72,59
L962451,PT,PT-11,PT-11-CS,38.6925443,-9.4225359,Parque Marechal Carmona,2026-09-12 12:52,102,237
L34965318,PT,PT-01,PT-01-OA,40.8151879,-8.4979221,Parque Molinológico Ul,2026-04-02 11:26,48,9
L18006300,PT,PT-13,PT-13-LO,41.26803,-8.25611,Parque Molinológico e Florestal do Sousa,2026-09-24 16:08,42,2
L13560365,PT,PT-15,PT-15-AM,38.6364102,-9.1806615,Parque Multiusos da Sobreda,2026-04-04 12:29,44,14
L4225505,PT,PT-15,PT-15-MT,38.6536114,-8.9879751,Parque Municipal da Moita,2026-07-07 08:35,78,71
L35512951,PT,PT-01,PT-01-SM,40.9760219,-8.6042147,Parque Municipal da Quinta do Engenho Novo,2025-05-07 06:39,45,4
L15935538,PT,PT-15,PT-15-MN,38.7093376,-8.9770501,Parque Municipal do Montijo,2026-03-09 07:55,38,14
L16623580,PT,PT-13,PT-13-PA,41.1287294,-8.4336779,Parque Natural da Senhora do Salto,2026-09-17 13:40,69,83
L10306409,PT,PT-13,PT-13-VG,41.1330538,-8.6189783,Parque Quinta das Devesas--Jardim das Camélias,2026-09-13 13:46,46,48
L8226239,PT,PT-15,PT-15-MT,38.66257,-9.0412419,Parque Ribeirinho da Baixa da Banheira,2026-09-27 17:23,115,109
L11984668,PT,PT-14,PT-14-BE,38.9849935,-8.8114226,Parque Ribeirinho de Benavente,2025-09-24 10:00,80,18
L4665596,PT,PT-08,PT-08-FA,37.0238062,-7.946417,Parque Ribeirinho de Faro,2026-09-25 13:54,130,171
L16750174,PT,PT-18,PT-18-TR,41.024758,-7.772115,Parque Ribeirinho de Tarouca,2026-08-25 15:34,50,14
L2979686,PT,PT-14,PT-14-CN,39.4765134,-8.341316,Parque Rural de Constância,2026-09-17 14:30,91,106
L1080421,PT,PT-11,PT-11-LI,38.7484271,-9.2046762,Parque Silva Porto,2026-08-05 10:15,58,79
L4505639,PT,PT-03,PT-03-BR,41.5412404,-8.4193146,Parque São João da Ponte,2026-09-06 12:23,77,108
L4851995,PT,PT-20,PT-20-PC,37.7716711,-25.3149301,Parque Terra Nostra,2026-09-26 20:17,47,271
L15289270,PT,PT-13,PT-13-LO,41.2874492,-8.2100985,Parque Torre de Vilar,2026-04-05 18:50,28,3
L10131770,PT,PT-15,PT-15-SE,38.5365209,-8.8874577,Parque Urbano Da Várzea,2026-09-17 11:46,76,52
L4068672,PT,PT-13,PT-13-LO,41.274807,-8.2766372,Parque Urbano Dr. Mário Fonseca,2026-08-08 11:53,56,25
L3224541,PT,PT-11,PT-11-SI,38.7537319,-9.2588139,Parque Urbano Felício Loureiro,2026-05-28 10:46,64,99
L22390184,PT,PT-01,PT-01-VC,40.8514036,-8.3980372,Parque Urbano Vale de Cambra,2026-03-28 10:56,63,19
L2785357,PT,PT-11,PT-11-VX,38.8589384,-9.0590322,Parque Urbano da Póvoa de Santa Iria,2026-09-13 14:17,137,175
L3962594,PT,PT-15,PT-15-SX,38.6341881,-9.1553128,Parque Urbano da Quinta da Marialva,2026-07-16 12:50,79,108
L5197151,PT,PT-11,PT-11-AM,38.72962,-9.213149,Parque Urbano da Ribeira--Alfragide,2026-08-02 19:06,57,85
L16820281,PT,PT-18,PT-18-SP,40.7588387,-8.0596913,Parque Urbano das Nogueiras,2026-08-12 14:56,63,27
L3181779,PT,PT-15,PT-15-SX,38.6208941,-9.1160345,Parque Urbano das Paivas,2026-04-15 09:12,50,52
L55883336,PT,PT-15,PT-15-SX,38.644685,-9.1535165,Parque Urbano de Corroios,2026-02-28 11:51,32,4
L52896089,PT,PT-11,PT-11-OE,38.71198,-9.22468,Parque Urbano de Miraflores,2026-09-21 13:31,43,20
L2910643,PT,PT-01,PT-01-OV,40.8637826,-8.6215881,Parque Urbano de Ovar,2026-08-31 08:50,89,73
L28939170,PT,PT-13,PT-13-PF,41.2737552,-8.378022,Parque Urbano de Paços de Ferreira,2026-05-23 09:53,27,0
L31403819,PT,PT-20,PT-20-PD,37.7565381,-25.6586959,Parque Urbano de Ponta Delgada,2026-09-02 13:10,19,24
L6778212,PT,PT-11,PT-11-LS,38.848588,-9.0998447,Parque Urbano de Santa Iria da Azóia,2026-07-26 00:21,48,8
L11577690,PT,PT-18,PT-18-VS,40.6649779,-7.9067016,Parque Urbano de Santiago,2026-09-18 15:42,81,163
L1900462,PT,PT-14,PT-14-AB,39.4745145,-8.2168829,Parque Urbano de São Lourenço,2026-07-09 11:46,87,77
L12603203,PT,PT-15,PT-15-AM,38.6683607,-9.171347,Parque Urbano do Pragal,2026-09-27 13:00,73,152
L10494039,PT,PT-09,PT-09-GU,40.5482585,-7.2432132,Parque Urbano do Rio Diz,2026-06-16 09:32,88,75
L5541851,PT,PT-01,PT-01-SJ,40.9011578,-8.4824264,Parque Urbano do Rio Ul,2026-08-02 17:15,64,36
L23345216,PT,PT-11,PT-11-AM,38.7760068,-9.2172396,Parque Urbano do Rio da Costa,2026-04-10 11:34,31,2
L9261376,PT,PT-15,PT-15-SX,38.6420161,-9.10335,Parque Urbano do Seixal (acesso condicionado),2026-05-14 18:27,75,32
L3762417,PT,PT-11,PT-11-LI,38.7096952,-9.2060548,Parque Urbano dos Moinhos de Santana,2026-09-05 18:11,96,592
L16361607,PT,PT-10,PT-10-AC,39.5462829,-8.9709803,Parque Verde de Alcobaça,2026-09-20 19:29,82,99
L41211295,PT,PT-11,PT-11-LI,38.76632,-9.19166,Parque Verde de Carnide,2026-09-27 09:54,79,71
L16986416,PT,PT-06,PT-06-CO,40.2014097,-8.4251659,Parque Verde do Mondego,2026-09-19 19:19,64,71
L6436902,PT,PT-17,PT-17-RP,41.5147356,-7.7949812,Parque ambiental de Ribeira de Pena,2026-07-17 05:30,65,37
L3969532,PT,PT-01,PT-01-AV,40.6379559,-8.6553007,Parque da Baixa de Santo António,2026-09-23 15:17,66,53
L4228283,PT,PT-01,PT-01-AV,40.6323857,-8.5571265,Parque da Balsa--percursos pedestres,2026-07-07 20:49,116,136
L5085578,PT,PT-11,PT-11-LI,38.7491467,-9.125787,Parque da Bela Vista,2026-09-21 08:02,77,167
L5672023,PT,PT-01,PT-01-SV,40.7533825,-8.3904833,Parque da Cabreia,2026-07-09 13:01,45,26
L24620981,PT,PT-01,PT-01-SM,40.979469,-8.50501,Parque da Chã,2026-08-29 17:11,43,5
L4507393,PT,PT-03,PT-03-FA,41.4538482,-8.1753892,Parque da Cidade Fafe,2026-09-27 19:08,62,49
L3547855,PT,PT-11,PT-11-LS,38.8153018,-9.1695338,Parque da Cidade Nova,2026-09-25 14:49,74,76
L7834977,PT,PT-09,PT-09-GU,40.5353783,-7.2757632,Parque da Cidade da Guarda,2025-08-07 15:48,44,18
L4375103,PT,PT-01,PT-01-ME,40.3836407,-8.4484327,Parque da Cidade da Mealhada,2026-08-02 17:46,61,46
L1453230,PT,PT-13,PT-13-PV,41.3996295,-8.7534476,Parque da Cidade da Póvoa de Varzim,2026-09-23 18:18,149,513
L2895219,PT,PT-03,PT-03-GU,41.4488502,-8.2744431,Parque da Cidade de Guimarães,2026-08-14 12:17,64,67
L17415861,PT,PT-13,PT-13-PA,41.2090984,-8.3249867,Parque da Cidade de Paredes,2026-08-11 11:52,56,29
L6497608,PT,PT-13,PT-13-PE,41.1944713,-8.2886374,Parque da Cidade de Penafiel,2026-06-22 10:23,64,41
L8416581,PT,PT-15,PT-15-BA,38.6483166,-9.05888,Parque da Cidade do Barreiro,2026-09-18 19:23,79,18
L2090718,PT,PT-13,PT-13-PO,41.1688984,-8.6798859,Parque da Cidade do Porto,2026-09-24 16:15,161,1726
L4174028,PT,PT-03,PT-03-VF,41.4075871,-8.511765,Parque da Devesa,2026-09-27 11:29,118,451
L6705665,PT,PT-13,PT-13-MI,41.2368912,-8.6449715,Parque da ETAR de Ponte de Moreira,2026-07-11 18:18,61,24
L6142004,PT,PT-06,PT-06-FF,40.1715774,-8.889589,Parque da Emide,2026-09-22 08:05,60,76
L51711767,PT,PT-08,PT-08-VB,37.092806,-8.839696,Parque da Floresta,2026-09-24 09:48,110,106
L4202579,PT,PT-13,PT-13-VG,41.1183128,-8.5926872,Parque da Lavandeira,2026-09-12 20:20,71,120
L2949790,PT,PT-18,PT-18-LA,41.0922331,-7.8156513,Parque da Nossa Senhora dos Remédios,2026-09-18 18:24,66,141
L4285343,PT,PT-13,PT-13-PO,41.151597,-8.662102,Parque da Pasteleira,2026-06-20 19:43,63,49
L1127099,PT,PT-15,PT-15-AM,38.6629445,-9.167372,Parque da Paz,2026-09-27 07:30,131,1309
L12443669,PT,PT-04,PT-04-MI,41.4890897,-7.1905888,Parque da Praia Fluvial do Rio Tua (Mirandela),2026-08-31 13:14,87,63
L22090531,PT,PT-11,PT-11-LI,38.7375473,-9.1588357,Parque da Praça de Espanha,2026-09-20 18:12,57,52
L2497235,PT,PT-11,PT-11-LI,38.7700161,-9.155037,Parque da Quinta das Conchas,2026-09-25 17:50,112,1260
L5763703,PT,PT-13,PT-13-ST,41.3506144,-8.4634799,Parque da Rabada,2026-09-01 08:55,75,88
L3889983,PT,PT-11,PT-11-CS,38.6988334,-9.4299723,Parque da Ribeira dos Mochos,2026-09-02 14:15,67,43
L24660641,PT,PT-03,PT-03-BR,41.552384,-8.403654,Parque da Rodovia,2026-04-10 17:51,37,14
L9138311,PT,PT-01,PT-01-MU,40.7456696,-8.6444884,Parque da Saldida,2026-09-25 15:11,80,47
L7835261,PT,PT-09,PT-09-GU,40.5326059,-7.2732639,Parque da Saúde da Guarda,2026-08-17 16:30,68,84
L16001241,PT,PT-20,PT-20-PD,37.7452104,-25.6635929,Parque da Universidade Dos Açores,2026-06-17 10:52,29,58
L3455423,PT,PT-12,PT-12-PS,39.2479415,-8.0063295,Parque da marginal de Ponte de Sor,2026-06-14 14:02,95,99
L22475473,PT,PT-11,PT-11-AM,38.7752735,-9.2262287,Parque das Artes e do Desporto,2026-05-29 18:20,25,3
L3262864,PT,PT-13,PT-13-TR,41.3449522,-8.5742605,Parque das Azenhas,2026-09-13 09:20,130,311
L3788757,PT,PT-01,PT-01-SM,40.9953682,-8.511169,Parque das Ribeiras do Rio Uíma,2026-07-29 14:25,72,39
L7071749,PT,PT-03,PT-03-VZ,41.37394,-8.307564,Parque das Termas,2025-10-18 09:05,54,23
L4694460,PT,PT-01,PT-01-AN,40.426086,-8.463892,Parque das Termas da Curia,2026-06-17 15:20,62,35
L8275668,PT,PT-13,PT-13-MT,41.2090815,-8.6215683,Parque das Varas,2026-09-26 07:49,98,367
L2752370,PT,PT-13,PT-13-MI,41.2886099,-8.6117578,Parque de Avioso,2026-07-27 12:07,80,139
L3026053,PT,PT-05,PT-05-PE,40.1280973,-7.0709682,Parque de Campismo do Freixial,2026-09-02 17:02,95,49
L6834821,PT,PT-05,PT-05-CO,40.287627,-7.527358,Parque de Campismo do Pião,2025-06-17 16:49,43,18
L9411301,PT,PT-11,PT-11-LI,38.7513389,-9.1384363,Parque de Jogos 1º de Maio,2026-08-27 19:45,38,27
L8356808,PT,PT-01,PT-01-OA,40.8432295,-8.4657812,Parque de La Salette,2026-07-02 11:32,39,15
L10002138,PT,PT-03,PT-03-GU,41.5593405,-8.2149152,Parque de Lazer Charcas dos 3 moinhos,2026-05-26 13:46,27,3
L4909455,PT,PT-13,PT-13-LO,41.2716804,-8.2990511,Parque de Lazer da Nª Sª da Conceição,2018-06-13 12:24,46,9
L4193056,PT,PT-13,PT-13-LO,41.2735007,-8.3076811,Parque de Lazer de Casais,2025-08-10 10:08,60,36
L6372018,PT,PT-16,PT-16-VN,41.9384409,-8.7496549,Parque de Lazer de Castelinho,2026-09-26 12:38,94,136
L3463649,PT,PT-17,PT-17-VP,41.5633886,-7.6004201,Parque de Lazer de Sabroso de Aguiar,2026-01-18 10:15,114,170
L11487874,PT,PT-14,PT-14-OU,39.6564199,-8.6486159,Parque de Merendas das Fontes,2023-06-30 11:20,28,2
L56587823,PT,PT-15,PT-15-MT,38.6842869,-8.9781592,Parque de Merendas dos Sarilhos Pequenos,2025-10-12 15:44,5,1
L10081490,PT,PT-30,PT-30-FU,32.6453843,-16.9144932,Parque de Santa Catarina,2026-09-24 17:29,58,268
L7451095,PT,PT-03,PT-03-TB,41.6899472,-8.2039118,Parque de São Bento da Porta Aberta,2026-08-21 16:58,45,13
L3744771,PT,PT-13,PT-13-PO,41.1593801,-8.5889161,Parque de São Roque,2026-07-13 10:06,52,94
L6227287,PT,PT-08,PT-08-AB,37.089636,-8.23745,Parque de Vale Faro,2025-09-06 16:03,97,39
L3526138,PT,PT-13,PT-13-ST,41.306077,-8.4492481,Parque de Valinhas,2026-06-10 19:09,54,75
L2395193,PT,PT-11,PT-11-CS,38.6785706,-9.3291092,Parque de estacionamento do bairro da Torre,2026-07-12 13:41,62,51
L3404916,PT,PT-03,PT-03-GU,41.5288443,-8.2754946,Parque de lazer de Gondomar,2023-06-15 15:14,25,4
L4396466,PT,PT-10,PT-10-PN,39.3577197,-9.2977904,Parque de merendas de Ferrel,2025-09-26 18:32,41,10
L3325315,PT,PT-14,PT-14-EN,39.4799388,-8.4659797,Parque do Bonito,2026-09-10 19:12,112,294
L3732946,PT,PT-01,PT-01-OV,40.9496309,-8.6404467,Parque do Buçaquinho,2026-09-26 11:42,130,375
L11502332,PT,PT-03,PT-03-GU,41.4476871,-8.2905576,Parque do Castelo e Paço dos Duques de Bragança,2026-09-14 12:03,63,101
L2872686,PT,PT-01,PT-01-AV,40.6387411,-8.6439881,Parque do Centro de Congressos,2026-09-14 16:18,67,116
L4981839,PT,PT-11,PT-11-TV,39.0973324,-9.2609482,Parque do Choupal,2026-09-21 14:00,60,28
L27628350,PT,PT-06,PT-06-FF,40.1581401,-8.8477546,Parque do Continente da Figueira da Foz,2023-11-05 16:50,25,6
L2795356,PT,PT-17,PT-17-VR,41.298897,-7.738076,Parque do Corgo,2026-02-14 11:17,91,193
L2951084,PT,PT-17,PT-17-MT,41.8287299,-7.7911252,Parque do Cávado,2026-07-17 12:10,81,79
L3582202,PT,PT-18,PT-18-VS,40.6584505,-7.8991914,Parque do Fontelo,2026-09-02 16:50,82,216
L3279287,PT,PT-11,PT-11-LI,38.7760594,-9.1659933,Parque do Monteiro-Mor,2026-09-04 18:43,79,114
L22022279,PT,PT-11,PT-11-CS,38.7130778,-9.325236,Parque do Outeiro de Polima,2026-08-02 14:10,33,36
L1764210,PT,PT-11,PT-11-LI,38.7833188,-9.0920119,Parque do Tejo,2026-09-18 15:35,161,1501
L8580894,PT,PT-11,PT-11-LI,38.7518075,-9.1086102,Parque do Vale Fundão,2026-05-25 15:47,42,16
L8749574,PT,PT-11,PT-11-AM,38.7341822,-9.2124676,Parque do Zambujal,2026-02-16 12:35,43,20
L12438773,PT,PT-04,PT-04-MI,41.491587,-7.1806278,Parque dos Carvalhais (Mirandela),2026-07-04 17:29,84,67
L5289836,PT,PT-11,PT-11-OE,38.7002981,-9.3012142,Parque dos Poetas,2026-09-19 19:32,69,118
L1659617,PT,PT-13,PT-13-PO,41.158565,-8.6567191,Parque e Jardim da Fundação Serralves,2026-09-27 12:58,89,322
L6697048,PT,PT-13,PT-13-PO,41.1555798,-8.5639286,Parque oriental da cidade,2026-09-04 19:30,86,168
L1916198,PT,PT-05,PT-05-SE,39.8024698,-8.0970848,Parque ribeirinho da Sertã,2026-08-10 18:58,71,82
L6966995,PT,PT-13,PT-13-VC,41.362278,-8.751061,Parque urbano João Paulo II,2026-08-27 13:35,48,20
L6285982,PT,PT-11,PT-11-SI,38.78948,-9.313734,Parque urbano da Rinchoa,2026-07-16 19:32,69,55
L17534888,PT,PT-11,PT-11-OE,38.7327742,-9.2419658,Parque urbano da Serra de Carnaxide,2026-09-20 09:45,57,36
L10929758,PT,PT-13,PT-13-VG,41.0614356,-8.6364536,Passadiços da Ribeira do Espírito Santo,2026-09-19 20:30,59,12
L32891111,PT,PT-01,PT-01-AR,40.9527994,-8.1760476,Passadiços do Paiva--Areinho,2026-08-10 15:02,51,12
L4721651,PT,PT-01,PT-01-AR,40.9928886,-8.2114649,Passadiços do Paiva--Espiunca,2026-05-02 16:09,71,29
L980442,PT,PT-11,PT-11-OE,38.6801287,-9.3156445,Passeio Marítimo de Oeiras (INATEL),2026-09-20 19:29,93,395
L13034315,PT,PT-12,PT-12-NI,39.4826735,-7.5940371,Patalou,2026-09-02 11:32,93,15
L2278074,PT,PT-01,PT-01-AV,40.658113,-8.5739064,Pateira da Taboeira,2026-09-12 10:16,164,847
L23880235,PT,PT-01,PT-01-OB,40.5521568,-8.5066903,Pateira de Fermentelos -- Carreiro Velho,2026-09-09 16:40,91,47
L23879772,PT,PT-01,PT-01-AG,40.5674951,-8.5001182,Pateira de Fermentelos--Espinhel,2026-07-31 09:33,82,45
L23879946,PT,PT-01,PT-01-AG,40.5724213,-8.5156244,Pateira de Fermentelos--Fermentelos,2026-07-30 09:37,80,37
L20591537,PT,PT-01,PT-01-AV,40.58299,-8.532971,Pateira de Fermentelos--Requeixo,2026-06-16 13:48,76,25
L2705281,PT,PT-01,PT-01-AG,40.5777048,-8.5244833,Pateira de Fermentelos--Área Geral,2026-07-28 10:15,133,270
L23880174,PT,PT-01,PT-01-AG,40.5767453,-8.5128763,Pateira de Fermentelos--Óis da Ribeira,2026-08-29 20:30,88,40
L2785237,PT,PT-01,PT-01-AL,40.6594153,-8.5441124,Pateira de Frossos,2026-09-02 08:04,157,524
L4641040,PT,PT-03,PT-03-VF,41.3503969,-8.6083031,Pateiras do Ave,2026-01-14 11:00,146,823
L4198975,PT,PT-20,PT-20-PV,38.7581494,-27.2559696,Pau Velho,2026-08-31 19:17,29,110
L927095,PT,PT-15,PT-15-AC,38.7319581,-8.8970804,Paul da Barroca (Barroca d'Alva),2026-09-26 11:01,234,2929
L2697152,PT,PT-14,PT-14-CR,39.0090802,-8.4166217,Paul da Erra,2020-05-28 14:29,36,5
L6816748,PT,PT-14,PT-14-AP,39.2338653,-8.5849518,Paul da Gouxa,2026-09-19 10:57,177,476
L1655110,PT,PT-11,PT-11-VX,38.8573088,-9.1118439,Paul da Granja,2026-05-24 10:33,91,46
L1791609,PT,PT-20,PT-20-PV,38.7354261,-27.0611317,Paul da Praia da Vitória,2026-09-27 10:53,134,1864
L4823996,PT,PT-30,PT-30-CT,32.7537129,-17.0973444,Paul da Serra,2026-09-19 14:47,37,75
L1328073,PT,PT-10,PT-10-CR,39.44726,-9.1365505,Paul da Tornada,2026-09-25 12:50,159,396
L1505701,PT,PT-11,PT-11-LS,38.8508469,-9.1484936,Paul das Caniceiras,2026-09-09 08:44,130,413
L11774141,PT,PT-14,PT-14-SA,39.216413,-8.7092189,Paul das Fontainhas,2026-02-23 09:37,71,10
L4343820,PT,PT-14,PT-14-SA,39.2588083,-8.7870669,Paul das Salgadas,2026-08-22 18:07,89,28
L3569559,PT,PT-08,PT-08-LS,37.125544,-8.6806261,Paul de Lagos,2026-09-27 13:48,168,419
L2601834,PT,PT-14,PT-14-SM,39.0352196,-8.7431216,Paul de Magos,2026-09-25 12:07,136,47
L3346223,PT,PT-06,PT-06-FF,40.1710036,-8.7415123,Paul de Maiorca,2026-08-22 11:27,107,57
L4770808,PT,PT-11,PT-11-AZ,39.2199859,-8.8884008,Paul de Manique,2026-09-18 18:57,197,524
L2143016,PT,PT-14,PT-14-SM,39.1041225,-8.6949492,Paul de Muge,2026-08-08 09:55,160,80
L972526,PT,PT-15,PT-15-AC,38.7063767,-8.8776827,Paul de Rilvas,2026-09-10 10:45,169,323
L10452810,PT,PT-09,PT-09-AL,40.5021949,-6.8716341,Paul de Tourões,2026-09-15 11:08,138,435
L2062487,PT,PT-20,PT-20-PV,38.7158536,-27.0629311,Paul do Belo Jardim,2026-09-15 17:51,91,225
L1216969,PT,PT-20,PT-20-PV,38.7063432,-27.0475674,Paul do Cabo da Praia,2026-09-27 16:15,162,3139
L10395076,PT,PT-14,PT-14-SA,39.2568608,-8.7640711,Paul do Secorio,2026-08-09 13:52,115,41
L3402909,PT,PT-11,PT-11-LS,38.842106,-9.1406947,Paul do Tojal,2026-03-07 13:43,93,43
L2115299,PT,PT-14,PT-14-BE,38.9652317,-8.7848568,Paul do Trejoito,2024-12-23 14:11,120,21
L2279866,PT,PT-07,PT-07-MR,38.8951747,-8.0206633,Pavia,2026-05-09 16:58,65,23
L8220119,PT,PT-09,PT-09-GO,40.4703315,-7.6603341,Paços da Serra,2025-04-22 07:23,86,46
L17204175,PT,PT-05,PT-05-CB,39.8764002,-7.4768122,Pedra da Légua,2026-09-25 19:25,136,300
L3060248,PT,PT-08,PT-08-VB,37.1412423,-8.8621688,Pedralva,2026-09-13 10:31,98,47
L2882788,PT,PT-17,PT-17-VP,41.5445291,-7.6055217,Pedras Salgadas,2026-07-22 13:27,116,286
L1374452,PT,PT-10,PT-10-OB,39.3473151,-9.1885297,Pedreira da Amoreira,2026-02-24 18:25,76,111
L2949055,PT,PT-02,PT-02-VI,38.1221335,-7.6497459,Pedrogão,2024-06-15 10:18,86,11
L2995886,PT,PT-07,PT-07-MN,38.7535918,-8.3176375,Pedrogão--Monte Cores do Vale,2026-09-05 19:15,117,113
L5487994,PT,PT-10,PT-10-PG,39.9199739,-8.1328137,Pedrógão Grande--Albufeira do Cabril,2024-07-07 10:38,59,15
L1130278,PT,PT-05,PT-05-SE,39.9111991,-8.1284505,Pedrógão Pequeno--Monte da Nossa Senhora da Confiança,2026-07-23 19:48,65,25
L2102222,PT,PT-05,PT-05-SE,39.9051708,-8.1390964,Pedrógão Pequeno--Ponte Filipina,2025-06-01 08:27,42,7
L978776,PT,PT-05,PT-05-SE,39.8980863,-8.1404481,Pedrógão Pequeno--Túnel do Moinho das Freiras,2026-07-22 19:37,80,56
L41115344,PT,PT-05,PT-05-PE,40.0777808,-7.2455124,Pedrógão de São Pedro--Quinta da Líria,2026-04-23 09:05,36,6
L8823588,PT,PT-09,PT-09-GU,40.4282915,-7.1440489,Pega,2026-06-14 11:25,74,11
L1961369,PT,PT-14,PT-14-MA,39.5757504,-7.8272223,Pego da Rainha,2026-05-23 11:30,89,90
L3560866,PT,PT-12,PT-12-NI,39.6345023,-7.6956888,Pego das Portas--Arneiro,2026-08-09 11:15,164,288
L9965547,PT,PT-02,PT-02-OU,37.5855699,-8.2259358,Pego do Linho (acesso condicionado),2026-07-26 08:30,89,8
L13046400,PT,PT-12,PT-12-NI,39.5024411,-7.6543343,Pego do Moinho,2024-04-21 21:22,78,9
L3697986,PT,PT-12,PT-12-CV,39.4469974,-7.5190687,Pegos Dobrados,2026-06-04 15:31,117,59
L3456563,PT,PT-15,PT-15-MN,38.6875197,-8.6669254,Pegões Velhos,2026-08-04 10:27,61,7
L52516221,PT,PT-18,PT-18-PC,40.6763658,-7.7067738,Penalva do Castelo--Casa da Ínsua,2026-02-21 15:51,36,18
L2268356,PT,PT-05,PT-05-PE,40.159271,-7.1582741,Penamacor--Caminho do Carril,2025-08-23 15:09,41,7
L41115148,PT,PT-05,PT-05-PE,40.1797914,-7.1923542,Penamacor--Minas do Palão,2026-08-30 16:40,53,2
L2825647,PT,PT-04,PT-04-MO,41.3947752,-6.6590023,Penas Róias,2026-09-16 16:45,103,52
L9480091,PT,PT-05,PT-05-VR,39.6257882,-8.1623268,Penedo Furado,2026-06-30 09:43,64,34
L3319258,PT,PT-02,PT-02-BE,37.9833101,-7.911315,Penedo Gordo,2025-10-21 12:34,100,23
L12610352,PT,PT-08,PT-08-SI,37.2603975,-8.279941,Penedo Grande,2025-11-29 08:59,72,28
L4053733,PT,PT-18,PT-18-PE,41.0425594,-7.420578,Penela da Beira,2025-06-01 14:30,66,51
L8659059,PT,PT-09,PT-09-PI,40.6456753,-7.1136272,Penha Forte,2019-02-19 13:55,60,7
L2156700,PT,PT-05,PT-05-IN,40.0433226,-7.0156556,Penha Garcia,2026-08-15 16:31,131,509
L3138647,PT,PT-05,PT-05-CO,40.2563417,-7.3922539,Peraboa,2025-08-24 11:15,90,292
L2736125,PT,PT-05,PT-05-VV,39.6705957,-7.593956,Perais,2026-09-09 09:56,140,129
L2997258,PT,PT-07,PT-07-AR,38.7922256,-8.1013227,Peral do Meio,2020-06-14 15:37,43,6
L3399031,PT,PT-04,PT-04-MD,41.5454504,-6.3532841,Percurso Genísio-Malhadas,2026-06-17 23:05,87,45
L10443548,PT,PT-03,PT-03-BR,41.5567183,-8.4240824,Percurso Ornitológico de São Vicente,2026-09-27 17:12,110,2046
L74692523,PT,PT-11,PT-11-LS,38.80485,-9.09039,Percurso Ribeirinho de Loures,2026-09-09 08:00,59,6
L2593171,PT,PT-08,PT-08-VB,36.97397,-9.10576,Percurso Sagres-Carrapateira (saídas pelágicas),2025-08-06 16:07,25,11
L6230640,PT,PT-04,PT-04-BR,41.8043641,-6.7574836,Percurso pedonal do rio Fervença,2026-09-01 11:14,76,61
L2379339,PT,PT-08,PT-08-AC,37.4468817,-7.5917673,Pereiro,2026-07-29 14:40,125,183
L12312777,PT,PT-08,PT-08-SI,37.3781257,-8.3614923,Pereiros,2024-06-07 15:46,69,10
L2112007,PT,PT-07,PT-07-EV,38.4666273,-8.0114365,Pero Peão (acesso condicionado),2026-09-07 09:26,147,154
L2708576,PT,PT-02,PT-02-FA,38.0921934,-8.047657,Peroguarda,2023-04-17 12:25,78,30
L3200749,PT,PT-02,PT-02-MO,38.2094556,-7.2052717,Perímetro Florestal da Amareleja,2026-03-21 11:30,104,53
L2526382,PT,PT-08,PT-08-LS,37.1365492,-8.7966585,Perímetro Florestal do Barão de São João,2026-09-25 09:40,164,1320
L2971697,PT,PT-17,PT-17-PR,41.1641817,-7.7877617,Peso da Régua (centro urbano),2026-08-21 07:02,68,44
L14069235,PT,PT-14,PT-14-MA,39.4756363,-8.0107952,Pesqueiras do Tejo,2026-01-24 10:23,76,17
L3677411,PT,PT-10,PT-10-BA,39.5976531,-8.7169969,Pia do Urso,2026-07-18 06:18,55,36
L2951366,PT,PT-02,PT-02-SE,38.0167221,-7.4671841,Pias,2026-07-25 00:00,109,29
L3014341,PT,PT-10,PT-10-CR,39.4246742,-9.1580594,Picadeiro,2026-02-21 17:29,60,18
L38590815,PT,PT-20,PT-20-NO,37.77831,-25.1690152,Pico Bartolomeu,2026-09-24 09:44,19,53
L4198766,PT,PT-20,PT-20-AH,38.7310612,-27.2673798,Pico Gaspar,2026-09-04 18:49,24,228
L10100756,PT,PT-30,PT-30-SA,32.7588748,-16.9427381,Pico Ruivo,2026-09-25 19:00,34,87
L3866096,PT,PT-20,PT-20-LP,38.4623933,-28.336401,Pico da Urze,2026-09-22 16:02,58,213
L976969,PT,PT-30,PT-30-SA,32.7351621,-16.9281292,Pico do Arieiro,2026-09-26 08:21,45,490
L7972832,PT,PT-20,PT-20-VE,38.6408559,-28.0563181,Pico do Pinheiro,2025-08-14 00:00,21,18
L9458246,PT,PT-17,PT-17-VP,41.4729391,-7.7432115,Pinduradouro,2026-05-21 14:25,103,160
L9812411,PT,PT-04,PT-04-VM,41.6375765,-6.5566905,Pinelo,2026-05-25 17:57,62,6
L4229655,PT,PT-11,PT-11-CS,38.6851245,-9.333508,Pinhal St. Julians,2026-03-21 10:30,91,81
L14383844,PT,PT-16,PT-16-CA,41.7990302,-8.8666165,Pinhal da Gelfa,2026-09-20 09:38,115,227
L4306405,PT,PT-15,PT-15-MN,38.8139642,-8.6939192,Pinhal da Prudência,1999-06-30 06:30,76,2
L3950333,PT,PT-15,PT-15-SX,38.5893758,-9.1296459,Pinhal de Belverde e Verdizela,2026-09-20 08:00,108,259
L2127554,PT,PT-14,PT-14-TM,39.6306471,-8.3077294,Pinhal de Cepos,2026-07-31 19:30,65,80
L1798130,PT,PT-10,PT-10-PN,39.354082,-9.3231303,Pinhal de Ferrel,2025-08-29 16:49,81,35
L2137234,PT,PT-14,PT-14-TM,39.5943463,-8.4552562,Pinhal de Monte Agudo,2026-09-19 07:58,31,7
L11620500,PT,PT-08,PT-08-LO,37.0701539,-7.9862195,Pinhal de S. João da Venda,2026-03-06 14:00,80,31
L3137690,PT,PT-08,PT-08-VS,37.1822706,-7.4163294,Pinhal de Vila Real de Santo António,2026-09-22 16:30,140,109
L11123952,PT,PT-10,PT-10-PN,39.3616398,-9.4025524,Pinhal dos Remédios,2026-09-14 16:36,77,66
L3117069,PT,PT-15,PT-15-GR,38.2661184,-8.7285948,Pinheiro da Cruz,2026-01-17 15:04,67,7
L1856620,PT,PT-18,PT-18-OF,40.7266407,-8.2135281,Pinheiro de Lafões,2026-08-17 09:13,82,104
L5171296,PT,PT-14,PT-14-CR,38.9491966,-8.4496021,Pinheiro do Divor,2023-09-18 11:34,39,3
L3268743,PT,PT-17,PT-17-AL,41.1912018,-7.5465424,Pinhão,2026-09-25 10:07,102,202
L3441978,PT,PT-20,PT-20-SF,39.458607,-31.125617,Piscinas Naturais de Santa Cruz das Flores,2026-05-12 14:00,56,101
L2736216,PT,PT-12,PT-12-CR,39.2631855,-7.5603104,Pisão,2026-08-12 08:45,116,62
L6002899,PT,PT-20,PT-20-LP,38.426496,-28.1041002,Planalto da Achada,2025-09-01 18:00,25,25
L3143647,PT,PT-09,PT-09-AL,40.5488959,-6.8733215,Planalto de Malhada Sorda,2026-06-10 18:30,125,88
L7383646,PT,PT-17,PT-17-VP,41.5473999,-7.6875916,Planalto do Minhéu,2026-09-23 08:09,117,232
L3239277,PT,PT-30,PT-30-CT,32.9164853,-19.5446777,Planície abissal da Madeira (saídas pelágicas),2024-05-10 16:00,3,1
L3123297,PT,PT-30,PT-30-PS,34.6558039,-12.8292847,Planícies da Ferradura,2007-02-12 09:00,9,2
L3447404,PT,PT-20,PT-20-LP,38.3938098,-28.2543468,Plataforma Costeira das Lajes do Pico,2026-09-27 18:54,112,1544
L3162094,PT,PT-15,PT-15-PA,38.6403721,-8.7363625,Poceirão,2025-11-26 15:29,61,6
L2753722,PT,PT-09,PT-09-VF,41.1321333,-7.1221137,Pocinho,2026-05-24 11:58,91,43
L2797261,PT,PT-07,PT-07-RD,38.6081518,-7.6135683,Pocinho,2026-05-28 07:35,75,8
L2971560,PT,PT-17,PT-17-PR,41.178864,-7.7261138,Poiares,2026-06-19 19:52,73,40
L59026785,PT,PT-14,PT-14-AC,39.5230373,-8.7041631,Polje de Mira Minde,2026-06-29 10:38,62,14
L3096889,PT,PT-10,PT-10-PB,39.9187553,-8.631649,Pombal (centro urbano),2026-07-08 13:08,50,15
L3040191,PT,PT-13,PT-13-FE,41.3828558,-8.2255116,Pombeiro,2025-08-10 11:13,54,14
L4712250,PT,PT-20,PT-20-SF,39.5201052,-31.2080479,Ponta Delgada,2026-01-23 10:00,58,81
L1072886,PT,PT-30,PT-30-FU,32.6331591,-16.9450459,Ponta da Cruz,2026-09-24 18:55,49,148
L27627562,PT,PT-20,PT-20-LF,39.469625,-31.253093,Ponta da Fajã,2025-11-18 09:42,21,42
L5073979,PT,PT-20,PT-20-LG,37.7081678,-25.5089906,Ponta da Galera,2026-07-19 07:54,36,85
L3130564,PT,PT-20,PT-20-PV,38.7342128,-27.0479105,Ponta da Má Merenda,2026-08-29 20:00,59,71
L8140698,PT,PT-20,PT-20-SG,39.086132,-27.9958439,Ponta da Pesqueira e Cais da Barra,2026-09-11 14:49,48,78
L1035284,PT,PT-08,PT-08-LS,37.0794899,-8.6686742,Ponta da Piedade,2026-09-24 11:15,166,530
L76380928,PT,PT-20,PT-20-AH,38.7670673,-27.3756552,Ponta da Serreta (do Queimado),2026-09-08 12:04,19,12
L4348958,PT,PT-08,PT-08-PO,37.1170053,-8.5678768,Ponta de João d'Arens,2026-08-27 12:00,140,287
L1067938,PT,PT-30,PT-30-MA,32.7426705,-16.7017937,Ponta de São Lourenço,2026-09-23 09:14,80,648
L3441975,PT,PT-20,PT-20-SF,39.520101,-31.236114,Ponta do Albernaz,2025-10-21 16:05,51,47
L2739656,PT,PT-08,PT-08-LA,37.1056773,-8.5186207,Ponta do Altar,2026-08-03 09:18,109,117
L9873283,PT,PT-30,PT-30-SC,32.638201,-16.8505658,Ponta do Garajau (Cristo Rei),2026-08-09 12:48,50,173
L2660923,PT,PT-30,PT-30-CT,32.8125959,-17.2562914,Ponta do Pargo,2026-09-13 09:12,79,184
L977911,PT,PT-30,PT-30-PD,32.6798405,-17.102108,Ponta do Sol,2026-08-24 17:24,42,95
L2372556,PT,PT-15,PT-15-SX,38.6420688,-9.1281956,Ponta do Talaminho,2026-04-20 10:18,87,41
L8304336,PT,PT-20,PT-20-CA,38.548103,-27.752855,Ponta do Topo,2026-09-06 16:00,39,28
L6357912,PT,PT-20,PT-20-HO,38.5960265,-28.825377,Ponta dos Capelinhos,2026-08-03 10:26,34,73
L54325319,PT,PT-20,PT-20-SF,39.503904,-31.200809,Ponta dos Ilhéus,2025-10-23 16:39,11,6
L2695605,PT,PT-08,PT-08-FA,37.0375712,-7.9815888,Pontal,2026-09-26 13:54,167,208
L37665336,PT,PT-02,PT-02-SE,37.9815112,-7.6529808,Ponte Férrea do Guadiana,2026-07-23 09:42,82,27
L28745192,PT,PT-02,PT-02-SE,37.992999,-7.525646,Ponte Medieval da Ribeira do Enxoé,2026-09-11 14:38,69,21
L11685032,PT,PT-17,PT-17-MT,41.6922252,-8.0191961,Ponte da Misarela,2026-06-17 10:34,51,16
L11649475,PT,PT-14,PT-14-CR,39.0114599,-8.3540139,Ponte de Escusa,2026-09-22 08:14,103,45
L9799292,PT,PT-16,PT-16-PL,41.7681001,-8.5848814,Ponte de Lima--frente ribeirinha,2026-09-27 13:41,116,354
L16711200,PT,PT-04,PT-04-CA,41.2267623,-7.367021,Ponte de Parambos,2026-04-30 18:52,68,21
L7800419,PT,PT-16,PT-16-AV,41.943048,-8.457921,Portela,2026-07-28 17:55,57,23
L4782773,PT,PT-14,PT-14-AB,39.6102095,-8.2466702,Portela das Fontes,2023-05-01 19:49,51,15
L3168090,PT,PT-15,PT-15-AM,38.6752583,-9.219954,Portinho da Costa,2026-06-12 10:55,88,154
L3168092,PT,PT-15,PT-15-AM,38.6772517,-9.2073584,Porto Brandão,2026-09-15 09:27,60,70
L5858676,PT,PT-08,PT-08-TA,37.1756372,-7.8103995,Porto Carvalhoso,2026-09-23 09:10,103,74
L977913,PT,PT-30,PT-30-PM,32.8672451,-17.1698928,Porto Moniz,2026-09-26 16:14,61,322
L16441202,PT,PT-20,PT-20-VC,37.7139744,-25.4315124,Porto Pescas Vila Franca do Campo,2026-09-12 17:05,49,104
L6612272,PT,PT-30,PT-30-PS,33.0513853,-16.3701721,Porto Santo Golf,2026-08-02 11:47,99,63
L977885,PT,PT-30,PT-30-PS,33.0636365,-16.3507462,Porto Santo--área geral,2026-05-26 10:00,81,66
L3401772,PT,PT-12,PT-12-PS,39.0292857,-8.2375789,Porto Velho,2025-05-16 08:42,69,7
L6222367,PT,PT-30,PT-30-MA,32.7677179,-16.825819,Porto da Cruz,2026-09-23 13:46,46,68
L3350945,PT,PT-20,PT-20-HO,38.5232301,-28.6702328,Porto da Feteira--Poça da Rainha,2026-09-26 10:35,74,1854
L3350980,PT,PT-20,PT-20-HO,38.5294641,-28.6242394,Porto da Horta,2026-09-27 13:41,70,730
L3865642,PT,PT-20,PT-20-MA,38.535062,-28.530885,Porto da Madalena,2026-09-19 18:08,67,507
L2483886,PT,PT-10,PT-10-NA,39.5868721,-9.0738702,Porto da Nazaré,2026-09-20 09:15,109,141
L2502733,PT,PT-13,PT-13-PV,41.3733746,-8.7650728,Porto da Póvoa de Varzim,2026-09-17 10:05,111,286
L5376762,PT,PT-16,PT-16-VC,41.7113536,-8.862488,Porto da Vinha--Areosa,2026-09-18 17:56,89,56
L3618068,PT,PT-20,PT-20-AH,38.6751678,-27.3291779,Porto das Cinco Ribeiras,2026-09-18 17:53,39,164
L3447392,PT,PT-20,PT-20-LF,39.3795087,-31.1695433,Porto das Lajes das Flores,2025-11-18 15:52,40,61
L3441917,PT,PT-20,PT-20-SF,39.451616,-31.125207,Porto das Poças,2025-11-19 09:17,40,62
L3350946,PT,PT-20,PT-20-HO,38.5183717,-28.7236691,Porto de Castelo Branco,2026-07-31 18:51,35,71
L4067214,PT,PT-14,PT-14-TM,39.656043,-8.42749,Porto de Cavaleiros,2026-04-04 15:00,56,30
L36921583,PT,PT-11,PT-11-LI,38.6988302,-9.1766975,Porto de Lisboa--Doca de Santo Amaro,2026-09-27 08:10,29,23
L4376169,PT,PT-14,PT-14-CA,39.1086515,-8.7416196,Porto de Muge,2026-04-12 12:12,72,20
L3334760,PT,PT-08,PT-08-LS,37.0874326,-8.6965585,Porto de Mós,2026-09-08 10:06,111,102
L4113417,PT,PT-09,PT-09-AL,40.520998,-6.9574362,Porto de Ovelha,2025-05-07 11:20,75,10
L30578720,PT,PT-20,PT-20-HO,38.5675534,-28.6054199,Porto de Pedro Miguel,2026-08-21 13:27,38,115
L1297477,PT,PT-10,PT-10-PN,39.3517372,-9.374342,Porto de Peniche,2026-08-27 10:40,101,511
L1549892,PT,PT-20,PT-20-PC,37.7453031,-25.2463618,Porto de Povoação,2026-06-11 16:52,61,141
L1472752,PT,PT-15,PT-15-SS,38.4383635,-9.1109701,Porto de Sesimbra,2026-09-03 11:56,117,433
L1273326,PT,PT-15,PT-15-SI,37.9515209,-8.8687456,Porto de Sines,2026-07-19 18:21,80,86
L3236148,PT,PT-13,PT-13-VG,41.1434368,-8.6484289,Porto de São Pedro da Afurada,2026-09-25 10:01,100,300
L8159071,PT,PT-20,PT-20-VE,38.680302,-28.2033886,Porto de Velas,2026-08-08 23:54,30,51
L3095095,PT,PT-16,PT-16-VC,41.6857841,-8.8401747,Porto de Viana do Castelo,2026-02-26 14:46,55,46
L12035069,PT,PT-16,PT-16-CA,41.8155057,-8.8691211,Porto de Vila Praia de Âncora,2026-09-20 19:55,74,276
L5235644,PT,PT-08,PT-08-VS,37.2030304,-7.4177939,Porto de Vila Real de Santo António,2026-09-10 11:00,106,60
L1792491,PT,PT-20,PT-20-PV,38.715219,-27.053919,Porto de pesca da Praia da Vitória,2026-09-24 12:30,114,1219
L4202450,PT,PT-08,PT-08-AB,37.0827082,-8.2611394,Porto de pesca de Albufeira,2026-06-26 08:31,99,79
L2523355,PT,PT-08,PT-08-LA,37.1340625,-8.52759,Porto de pesca de Portimão,2026-08-06 14:12,110,219
L2438821,PT,PT-08,PT-08-LO,37.0670605,-8.1110859,Porto de pesca de Quarteira,2026-08-05 18:21,122,184
L10150856,PT,PT-15,PT-15-SE,38.5196186,-8.8997632,Porto de pesca de Setúbal,2026-09-27 18:46,81,138
L976977,PT,PT-30,PT-30-MA,32.7181477,-16.7613843,Porto de recreio de Machico,2026-09-09 19:15,79,306
L10132848,PT,PT-20,PT-20-AH,38.7082629,-27.1489038,Posto de Rádio Americano,2026-09-04 15:23,72,140
L1365061,PT,PT-10,PT-10-OB,39.3322062,-9.2023623,Poça da Amoreira,2026-09-23 18:29,128,195
L1453088,PT,PT-10,PT-10-OB,39.3776858,-9.2131329,Poça grande do Vau,2026-06-05 13:53,130,180
L1443633,PT,PT-10,PT-10-OB,39.3853359,-9.2091847,Poça pequena do Vau,2026-09-24 17:30,83,46
L12847804,PT,PT-20,PT-20-CO,39.695672,-31.0911013,Poço d'Água,2025-11-17 09:37,48,54
L37831950,PT,PT-20,PT-20-LF,39.4271921,-31.2405904,Poço da Alagoinha,2025-10-26 11:48,13,8
L8000809,PT,PT-20,PT-20-LF,39.436927,-31.238361,Poço da ribeira do Ferreiro,2026-08-25 13:35,45,114
L3780426,PT,PT-10,PT-10-AC,39.487469,-8.976793,Poço das Vinhas,2026-05-23 08:08,43,47
L11587022,PT,PT-08,PT-08-SI,37.1301526,-8.3434934,Poço de Alcantarilha,2026-08-12 10:35,59,19
L2949343,PT,PT-08,PT-08-TA,37.2026459,-7.6878762,Poço do Vale da Vaca,2026-05-25 08:40,34,5
L9070395,PT,PT-16,PT-16-ME,42.1076367,-8.2670589,Prado,2026-02-14 17:07,69,17
L9210670,PT,PT-08,PT-08-LS,37.0913229,-8.669723,Praia Dona Ana,2026-09-18 07:47,122,229
L12443786,PT,PT-04,PT-04-MI,41.5068904,-7.1976008,Praia Fluvial Campismo (Tua - Mirandela),2024-05-31 00:00,64,9
L19738083,PT,PT-17,PT-17-MU,41.3901901,-7.4499181,Praia Fluvial Rebelos (Murça-Rio Tinhela),2026-04-02 16:40,77,47
L55586518,PT,PT-15,PT-15-BA,38.6415913,-9.0646755,Praia Fluvial da Copacabana,2026-04-04 18:56,41,3
L23955965,PT,PT-13,PT-13-BA,41.1656305,-8.0238913,Praia Fluvial da Fraga do Rio Ovil,2025-11-30 15:17,33,7
L10006331,PT,PT-03,PT-03-BR,41.5940141,-8.4646648,Praia Fluvial de Merelim (S.Paio),2026-09-10 11:28,90,43
L4761938,PT,PT-12,PT-12-GA,39.4882608,-7.9678023,Praia Fluvial do Alamal,2026-07-23 13:43,86,60
L11687365,PT,PT-17,PT-17-VA,41.6347503,-7.2461351,Praia Fluvial do Rio Rabaçal,2026-09-01 20:00,50,7
L10375493,PT,PT-30,PT-30-FU,32.6386195,-16.9504042,Praia Formosa,2026-09-27 12:22,26,14
L14218498,PT,PT-20,PT-20-VP,36.9513639,-25.0988426,Praia Formosa,2026-09-08 09:49,23,25
L3044165,PT,PT-16,PT-16-VC,41.6997449,-8.8552648,Praia Norte de Viana do Castelo,2026-09-18 17:06,162,523
L17266551,PT,PT-10,PT-10-PB,40.0009169,-8.9140339,Praia Osso da Baleia,2025-12-08 07:44,30,4
L2341356,PT,PT-10,PT-10-PN,39.3535999,-9.3896493,Praia Portinho de Areia,2026-09-20 16:46,57,42
L6372428,PT,PT-08,PT-08-CM,37.1771417,-7.4815822,Praia Verde,2026-09-19 18:05,127,121
L3069835,PT,PT-10,PT-10-OB,39.3867127,-9.2889833,Praia d'el Rey,2026-08-21 09:00,81,28
L2654980,PT,PT-15,PT-15-GR,38.1762666,-8.7810802,Praia da Aberta Nova,2025-11-26 07:38,34,7
L4797266,PT,PT-13,PT-13-VG,41.0487575,-8.6546838,Praia da Aguda,2026-08-02 16:56,113,186
L2696861,PT,PT-13,PT-13-PV,41.4337181,-8.7836981,Praia da Aguçadoura,2026-09-18 12:32,87,80
L3450502,PT,PT-08,PT-08-LA,37.0915578,-8.4002602,Praia da Albandeira,2026-09-02 17:44,70,50
L4842139,PT,PT-11,PT-11-LN,39.263427,-9.3370056,Praia da Areia Branca,2026-05-22 14:40,70,39
L6566272,PT,PT-01,PT-01-IL,40.6357583,-8.7489608,Praia da Barra,2026-08-04 13:25,68,28
L3333857,PT,PT-10,PT-10-PN,39.3243678,-9.3599787,Praia da Consolação,2026-07-16 23:34,79,48
L2876591,PT,PT-01,PT-01-IL,40.6130316,-8.7547594,Praia da Costa Nova,2026-08-28 06:57,99,192
L1042213,PT,PT-11,PT-11-OE,38.6992096,-9.2513895,Praia da Cruz Quebrada,2026-09-16 13:55,99,413
L2888413,PT,PT-06,PT-06-FF,40.1542117,-8.8695717,Praia da Figueira da Foz,2026-09-23 07:44,96,95
L10427922,PT,PT-01,PT-01-VG,40.5336924,-8.776518,Praia da Gafanha da Boa Hora,2026-03-04 17:17,62,8
L2659468,PT,PT-08,PT-08-LS,37.0871154,-8.7261915,Praia da Luz,2026-09-08 10:47,120,97
L13843414,PT,PT-08,PT-08-AB,37.0854901,-8.2237058,Praia da Oura,2026-04-30 11:20,88,47
L3268752,PT,PT-11,PT-11-MA,38.987568,-9.4190329,Praia da Ribeira d'Ilhas,2025-10-23 09:58,78,31
L11444700,PT,PT-14,PT-14-SA,39.2366298,-8.6700858,Praia da Ribeira de Santarém,2026-01-10 07:57,88,28
L4237218,PT,PT-08,PT-08-PO,37.1126933,-8.5297036,Praia da Rocha,2026-09-17 12:32,102,151
L9525674,PT,PT-06,PT-06-CA,40.3286115,-8.8461625,Praia da Tocha,2026-09-24 19:37,127,207
L2292142,PT,PT-11,PT-11-OE,38.6755933,-9.3229079,Praia da Torre,2026-08-28 12:00,60,44
L2696888,PT,PT-01,PT-01-MU,40.7613009,-8.7139606,Praia da Torreira,2026-09-12 17:24,97,209
L2860447,PT,PT-01,PT-01-VG,40.5643021,-8.7688977,Praia da Vagueira,2026-09-26 09:25,137,694
L2292125,PT,PT-15,PT-15-SX,38.6450894,-9.0913689,Praia da Velha,2026-04-15 18:44,76,67
L978002,PT,PT-11,PT-11-CS,38.6856438,-9.3561888,Praia das Avencas,2026-08-24 16:46,102,439
L1265585,PT,PT-11,PT-11-OE,38.6955482,-9.2308438,Praia de Algés,2026-09-14 14:27,87,294
L1063930,PT,PT-11,PT-11-CS,38.6792083,-9.3357503,Praia de Carcavelos,2026-07-20 15:21,122,221
L2698087,PT,PT-11,PT-11-OE,38.6985733,-9.2765647,Praia de Caxias,2026-09-27 17:48,81,190
L8224400,PT,PT-01,PT-01-OV,40.9417158,-8.6593597,Praia de Cortegaça,2026-09-26 14:09,52,87
L12362713,PT,PT-01,PT-01-OV,40.9607913,-8.6541269,Praia de Esmoriz,2026-09-20 13:55,105,63
L2741863,PT,PT-30,PT-30-PM,32.8554431,-17.1539819,Praia de Janelas,2026-09-22 07:57,47,136
L3236119,PT,PT-13,PT-13-MT,41.1743094,-8.6916929,Praia de Matosinhos,2026-09-21 13:35,93,300
L2901905,PT,PT-06,PT-06-MI,40.457674,-8.8032246,Praia de Mira,2026-06-22 13:12,79,87
L9165232,PT,PT-16,PT-16-CA,41.8493737,-8.8667262,Praia de Moledo,2026-08-22 18:00,87,90
L6477159,PT,PT-08,PT-08-VS,37.1774959,-7.4514489,Praia de Monte Gordo,2026-09-21 17:00,115,196
L2339473,PT,PT-11,PT-11-TV,39.1781109,-9.3563926,Praia de Porto Novo,2026-06-05 12:01,99,87
L25011499,PT,PT-06,PT-06-FF,40.215609,-8.8943304,Praia de Quiaios,2026-07-12 10:12,26,5
L1328640,PT,PT-11,PT-11-OE,38.684822,-9.3117287,Praia de Santo Amaro de Oeiras,2026-06-18 11:38,74,94
L2744003,PT,PT-13,PT-13-PV,41.4155369,-8.7869382,Praia de Santo André,2026-09-26 14:21,120,241
L10132205,PT,PT-01,PT-01-EN,40.9891776,-8.6463707,Praia de Silvalde,2025-04-10 09:41,45,11
L1823241,PT,PT-01,PT-01-AV,40.669263,-8.746448,Praia de São Jacinto,2026-08-16 12:30,86,81
L3598076,PT,PT-15,PT-15-AM,38.6567952,-9.2508101,Praia de São João da Caparica,2026-03-23 10:27,79,99
L5161664,PT,PT-01,PT-01-OV,40.9210864,-8.6624693,Praia de São Pedro de Maceda,2026-04-30 13:20,43,17
L22604324,PT,PT-08,PT-08-LS,37.1057114,-8.6655202,Praia de São Roque,2026-09-05 05:30,89,38
L8566954,PT,PT-15,PT-15-GR,38.4689417,-8.8862683,Praia de Tróia-Galé,2026-05-31 09:20,76,43
L3103555,PT,PT-15,PT-15-GR,38.4943095,-8.9050198,Praia de Tróia-Mar,2026-09-11 17:30,90,46
L3577710,PT,PT-08,PT-08-LA,37.0911299,-8.4545588,Praia de Vale Centianes,2026-08-10 14:25,82,50
L6357878,PT,PT-20,PT-20-HO,38.553192,-28.6085916,Praia do Almoxarife,2026-08-03 05:23,31,44
L2938306,PT,PT-01,PT-01-VG,40.5236366,-8.7811232,Praia do Areão,2026-09-11 08:05,114,125
L6675995,PT,PT-13,PT-13-PO,41.16777,-8.689712,Praia do Castelo do Queijo,2026-09-12 10:14,89,190
L13886721,PT,PT-08,PT-08-AB,37.0731706,-8.2980654,Praia do Castelo e Ponta do Castelo,2026-08-13 07:34,89,29
L1443953,PT,PT-11,PT-11-OE,38.6970081,-9.2362126,Praia do Dafundo,2026-09-08 19:50,94,494
L12142415,PT,PT-16,PT-16-CA,41.8017707,-8.8717303,Praia do Forte do Cão,2026-06-20 14:09,87,116
L2758930,PT,PT-01,PT-01-OV,40.8681192,-8.6788135,Praia do Furadouro,2026-08-15 12:30,64,63
L10391228,PT,PT-01,PT-01-VG,40.5491609,-8.7733394,Praia do Labrego,2026-02-15 10:14,42,10
L5076601,PT,PT-15,PT-15-SS,38.4895062,-9.1838622,Praia do Meco,2026-08-17 16:50,81,37
L2693062,PT,PT-08,PT-08-LA,37.1097159,-8.5204339,Praia do Molhe,2026-03-23 16:31,82,157
L1549865,PT,PT-20,PT-20-RG,37.8236505,-25.5249056,Praia do Monte Verde,2026-09-26 10:04,68,375
L7956549,PT,PT-13,PT-13-MT,41.2261364,-8.7174338,Praia do Paraíso,2026-09-27 18:09,134,454
L23359515,PT,PT-06,PT-06-MI,40.4903204,-8.7919378,Praia do Poço da Cruz,2026-07-18 10:52,53,16
L58009588,PT,PT-20,PT-20-PD,37.7503868,-25.6181095,Praia do Pópulo,2026-09-23 16:53,23,8
L25996942,PT,PT-15,PT-15-MT,38.680233,-9.0106222,Praia do Rosário e Bosque da Cidla,2026-07-29 19:06,121,37
L5230543,PT,PT-10,PT-10-NA,39.564172,-9.091444,Praia do Salgado--São Gião,2026-09-18 15:35,84,20
L3087082,PT,PT-15,PT-15-AC,38.7288781,-9.0098834,Praia do Samouco,2026-09-26 07:35,115,50
L8314233,PT,PT-01,PT-01-OV,40.8287526,-8.6898245,Praia do Torrão do Lameiro,2026-06-18 15:00,54,15
L1470303,PT,PT-08,PT-08-LO,37.0552402,-8.0752034,Praia do Trafal,2026-08-18 08:55,173,244
L6268714,PT,PT-01,PT-01-EN,40.9982655,-8.6502743,Praia do bairro piscatório,2026-02-14 14:28,91,102
L13517347,PT,PT-08,PT-08-AB,37.0849744,-8.2408686,Praia dos Alemães,2026-09-16 13:06,62,25
L2330011,PT,PT-15,PT-15-AC,38.7444106,-8.9857006,Praia dos Moinhos,2026-09-04 10:28,130,75
L15544610,PT,PT-08,PT-08-LA,37.09987,-8.3780467,Praia dos Tremoços,2026-06-30 10:15,68,44
L3168112,PT,PT-15,PT-15-AM,38.6729632,-9.1503829,Praia e ETAR da Mutela,2026-07-27 16:00,69,144
L2586500,PT,PT-15,PT-15-AM,38.6716816,-9.2414761,Praia e Lagoa do Segundo Torrão,2026-09-15 11:23,118,387
L6175644,PT,PT-17,PT-17-VA,41.5658851,-7.2601175,Praia fluival do rio Rabaçal--Miradeses,2026-08-07 16:00,82,12
L5487965,PT,PT-06,PT-06-PL,40.0262014,-8.3042479,Praia fluvial da Louçainha,2026-08-24 18:00,37,4
L8840487,PT,PT-03,PT-03-BR,41.6091776,-8.4077919,Praia fluvial de Adaúfe,2026-06-24 12:10,71,29
L2298228,PT,PT-06,PT-06-OH,40.2951469,-7.9058969,Praia fluvial de Avô,2026-07-29 19:58,51,22
L4865503,PT,PT-13,PT-13-AM,41.2469867,-7.9635818,Praia fluvial de Candemil,2026-08-19 14:44,58,44
L2586132,PT,PT-14,PT-14-MA,39.7088059,-8.0142662,Praia fluvial de Cardigos,2024-05-11 14:03,23,3
L7373029,PT,PT-10,PT-10-CP,40.0054344,-8.2064544,Praia fluvial de Castanheira de Pêra,2026-08-01 10:30,51,19
L2358068,PT,PT-14,PT-14-MA,39.4831243,-8.0021909,Praia fluvial de Ortiga,2026-07-17 17:28,118,108
L4501470,PT,PT-18,PT-18-TO,40.526245,-7.9674965,Praia fluvial de Sangemil,2024-04-22 18:55,38,8
L11428042,PT,PT-05,PT-05-VR,39.7230001,-8.1077938,Praia fluvial do Bostelim,2025-08-24 11:00,41,6
L11682296,PT,PT-03,PT-03-CB,41.5165005,-7.8896484,Praia fluvial e pista de pesca de Cavêz,2026-03-10 07:32,72,52
L18341289,PT,PT-15,PT-15-AM,38.6134769,-9.2158898,Praias da Costa da Caparica--Linha do Transpraia,2026-08-25 12:31,95,56
L2519443,PT,PT-15,PT-15-AM,38.6632712,-9.2572045,Praias da Cova do Vapor,2026-09-22 07:44,155,715
L4071257,PT,PT-15,PT-15-AM,38.6435732,-9.2408538,Praias urbanas da Costa da Caparica,2026-09-02 08:55,177,1121
L2996069,PT,PT-30,PT-30-MA,32.7423907,-16.7208776,Prainha,2026-06-11 13:16,36,45
L37977871,PT,PT-20,PT-20-LF,39.433228,-31.241921,Prainha,2024-11-11 15:48,6,2
L2268341,PT,PT-11,PT-11-LI,38.7303573,-9.1441655,Praça José Fontana,2026-09-22 09:54,47,82
L2328830,PT,PT-11,PT-11-LI,38.6960361,-9.2060816,Praça do Império,2026-09-20 17:53,94,602
L3537027,PT,PT-18,PT-18-LA,41.0299186,-7.8957689,Pretarouca,2026-09-19 19:16,126,166
L21320478,PT,PT-14,PT-14-AB,39.5126656,-8.242991,Pucariça,2026-04-05 09:56,41,8
L2596838,PT,PT-14,PT-14-BE,38.8178263,-8.7251294,Pulgas,2024-11-22 10:15,42,2
L1770840,PT,PT-11,PT-11-AL,39.103597,-9.0114864,Pé da Serra,2026-02-26 19:00,54,7
L2387369,PT,PT-14,PT-14-MA,39.6592974,-8.0338168,Pé da Serra,2014-04-07 11:10,39,12
L3256796,PT,PT-15,PT-15-AM,38.657463,-9.219637,Pêra de Baixo,2026-09-23 09:39,98,251
L3404118,PT,PT-08,PT-08-SB,37.2098238,-7.8524995,Pêro de Amigos,2026-09-23 14:01,59,18
L4174574,PT,PT-13,PT-13-MI,41.2040051,-8.5684669,Pícua,2025-11-14 14:36,62,24
L3147888,PT,PT-09,PT-09-PI,40.6069153,-7.0676851,Pínzio,2026-05-15 07:10,59,7
L3225241,PT,PT-18,PT-18-TO,40.587845,-8.0797657,Póvoa da Alagoa,2026-08-16 08:47,85,74
L3388560,PT,PT-18,PT-18-MA,40.5606782,-7.6816079,Póvoa de Cervães,2026-08-29 08:24,46,7
L2884435,PT,PT-05,PT-05-CB,39.9387642,-7.5034046,Póvoa de Rio de Moinhos,2026-09-27 13:15,109,137
L2954046,PT,PT-02,PT-02-MO,38.2261792,-7.3337173,Póvoa de São Miguel,2026-09-05 13:05,56,10
L2222239,PT,PT-12,PT-12-CV,39.51076,-7.5201416,Póvoa e Meadas,2026-09-16 18:07,148,231
L11216651,PT,PT-08,PT-08-SI,37.1079468,-8.3669432,Qta dos Arcos e área a norte do estádio,2026-09-09 11:17,94,115
L10122217,PT,PT-01,PT-01-EN,40.9764578,-8.639202,Quartel de Paramos--área envolvente,2026-08-22 06:43,137,79
L3572963,PT,PT-08,PT-08-AC,37.4388837,-7.5078249,Quatro Estradas,2026-06-09 08:45,55,7
L2162299,PT,PT-10,PT-10-PN,39.3684367,-9.3732369,Quebrado,2026-09-20 16:47,114,224
L6327450,PT,PT-20,PT-20-LP,38.3860048,-28.2414708,Queimada,2026-09-23 12:04,35,256
L3016122,PT,PT-18,PT-18-LA,41.1438892,-7.7655315,Quinta Branca,2026-07-17 18:49,59,19
L32858250,PT,PT-11,PT-11-LI,38.7731607,-9.1085801,Quinta Conde dos Arcos,2026-08-28 17:35,69,79
L38924098,PT,PT-01,PT-01-AV,40.6170783,-8.6045767,Quinta Ecológica da Moita (acesso condicionado),2026-09-25 22:04,90,342
L3833557,PT,PT-14,PT-14-GO,39.4015472,-8.4882264,Quinta Guadalupe (acesso condicionado),2026-09-23 22:30,71,229
L40589486,PT,PT-11,PT-11-SI,38.7510301,-9.2507843,Quinta Nova de Queluz,2026-09-03 08:05,61,33
L3143544,PT,PT-10,PT-10-AC,39.4861819,-9.1265059,Quinta Nova de São José (acesso condicionado),2026-05-03 17:31,63,5
L24421264,PT,PT-03,PT-03-BR,41.561157,-8.438711,"Quinta Pedagógica de Braga, Real",2026-09-22 11:16,67,33
L2245921,PT,PT-11,PT-11-LI,38.7633169,-9.1122365,Quinta Pedagógica dos Olivais,2026-06-28 10:30,63,190
L1291351,PT,PT-08,PT-08-PO,37.1439134,-8.6073375,Quinta d'A Rocha,2026-09-27 17:23,215,900
L5733076,PT,PT-11,PT-11-LI,38.745833,-9.188155,Quinta da Alfarrobeira,2026-08-06 12:55,51,40
L14921680,PT,PT-05,PT-05-CB,39.9819351,-7.5293942,Quinta da Alma Cheia,2026-08-24 14:52,86,16
L1445589,PT,PT-15,PT-15-AC,38.7391993,-8.9184768,Quinta da Atalaya (acesso condicionado),2026-09-26 07:46,209,1162
L12240511,PT,PT-13,PT-13-PE,41.2085848,-8.3063474,Quinta da Aveleda,2026-09-12 11:46,39,15
L14351500,PT,PT-01,PT-01-IL,40.6066509,-8.6944017,Quinta da Boavista,2026-05-16 10:09,90,52
L3522553,PT,PT-14,PT-14-GO,39.3637087,-8.526356,Quinta da Broa (acesso condicionado),2026-03-18 12:45,100,54
L7064686,PT,PT-15,PT-15-AM,38.6289621,-9.1763896,Quinta da Carcereira,2024-01-30 09:05,44,8
L3461594,PT,PT-14,PT-14-GO,39.4454196,-8.4489699,Quinta da Cardiga,2026-09-25 08:16,143,344
L3916599,PT,PT-14,PT-14-FZ,39.70032,-8.27728,Quinta da Cerejeira,2025-11-23 11:40,28,5
L3261242,PT,PT-15,PT-15-SC,37.9758682,-8.4989119,Quinta da Corona,2002-02-02 00:30,89,4
L13242466,PT,PT-09,PT-09-GO,40.5888324,-7.555472,Quinta da Estrela,2026-06-18 07:48,41,6
L6229890,PT,PT-18,PT-18-SC,40.4025225,-8.081977,Quinta da Fontanheira,2024-06-10 19:55,53,13
L930220,PT,PT-11,PT-11-LI,38.752276,-9.1932821,Quinta da Granja,2026-09-24 19:05,73,269
L3958904,PT,PT-14,PT-14-GO,39.4216597,-8.4503738,Quinta da Labruja (acesso condicionado),2026-02-15 14:50,114,78
L39640432,PT,PT-14,PT-14-AP,39.2962406,-8.5626186,Quinta da Lagoalva de Cima (acesso condicionado),2026-09-19 11:48,130,25
L9825381,PT,PT-09,PT-09-GU,40.5710162,-7.2330721,Quinta da Maúnça,2026-05-28 07:36,89,35
L10871618,PT,PT-06,PT-06-VP,40.223861,-8.2663751,Quinta da Moenda,2025-02-03 10:22,49,27
L7098044,PT,PT-15,PT-15-AM,38.6376569,-9.1928852,Quinta da Morgadinha,2026-06-29 09:30,77,63
L2409214,PT,PT-10,PT-10-PN,39.3556126,-9.3060744,Quinta da Neta,2014-05-12 07:00,45,4
L9406141,PT,PT-08,PT-08-LO,37.1925957,-8.0095911,Quinta da Ombria,2026-09-10 18:42,131,476
L4096864,PT,PT-18,PT-18-PC,40.7006828,-7.5852442,Quinta da Ponte,2003-05-11 12:37,24,1
L26042250,PT,PT-15,PT-15-AM,38.6392786,-9.2038625,Quinta da Regateira,2026-09-12 08:06,70,13
L46610763,PT,PT-11,PT-11-SI,38.8145215,-9.3762524,Quinta da Ribafria e Parque Urbano Lourel-Ribafria,2026-07-23 16:59,36,6
L3355274,PT,PT-08,PT-08-SI,37.149645,-8.41115,Quinta da Vala,2026-05-12 22:17,158,263
L2918211,PT,PT-17,PT-17-MT,41.831456,-7.764641,Quinta da Veiga,2026-07-16 19:51,106,57
L4396895,PT,PT-15,PT-15-SE,38.5429259,-8.8852358,Quinta da Várzea,2026-07-10 06:18,59,45
L2106821,PT,PT-08,PT-08-LS,37.0876381,-8.7630558,Quinta das Alagoas,2026-08-30 20:27,52,8
L4662959,PT,PT-07,PT-07-VV,38.832479,-7.2656021,Quinta das Courelas,2018-05-26 09:26,45,4
L6451490,PT,PT-08,PT-08-FA,37.1033508,-7.8920185,Quinta das Flores--Acesso Condicionado,2026-09-25 13:31,142,490
L4598464,PT,PT-14,PT-14-EN,39.4415706,-8.476907,Quinta das Vendas,2026-01-05 07:40,58,18
L5677257,PT,PT-14,PT-14-AB,39.638161,-8.235832,Quinta de Conheira,2024-03-17 07:30,56,8
L4410638,PT,PT-06,PT-06-FF,40.1928685,-8.7162162,Quinta de Foja,2025-07-18 08:23,100,62
L5622639,PT,PT-15,PT-15-AM,38.6439881,-9.19384,Quinta de São Pedro,2026-03-28 08:33,50,55
L9182691,PT,PT-02,PT-02-FA,38.0714105,-8.0968657,Quinta de São Vicente,2026-07-16 15:01,78,15
L15288615,PT,PT-13,PT-13-LO,41.2831907,-8.283048,Quinta de Vila Meã--Silvares,2024-01-29 22:08,48,6
L4229663,PT,PT-11,PT-11-CS,38.6935491,-9.331255,Quinta do Barão,2026-09-08 08:59,77,35
L11107382,PT,PT-11,PT-11-LS,38.9115613,-9.1204204,Quinta do Boição,2026-04-27 15:49,52,16
L3346111,PT,PT-06,PT-06-FF,40.1110979,-8.7992764,Quinta do Canal,2026-09-23 14:25,152,174
L3780353,PT,PT-10,PT-10-AC,39.555775,-8.991237,Quinta do Cidral (acesso condicionado),2026-05-23 06:48,36,45
L7116893,PT,PT-15,PT-15-SS,38.5664883,-9.0343093,Quinta do Conde--Parque Ecológico da Várzea,2026-08-31 09:15,123,112
L8940535,PT,PT-15,PT-15-SS,38.5736758,-9.0350901,Quinta do Conde--Parque da Ribeira,2026-07-10 06:32,64,23
L5667830,PT,PT-04,PT-04-MD,41.4979186,-6.3521791,Quinta do Cordeiro,2026-08-27 15:41,126,127
L6329309,PT,PT-13,PT-13-PO,41.16612,-8.604,Quinta do Covelo,2026-09-18 18:53,56,279
L2782882,PT,PT-07,PT-07-VA,38.3318269,-8.0789208,Quinta do Duque,2022-10-22 09:54,84,7
L12016458,PT,PT-08,PT-08-LO,37.045878,-8.0175948,Quinta do Lago Golf Course,2026-09-06 09:24,164,1243
L1099675,PT,PT-08,PT-08-LO,37.0355842,-8.0275726,Quinta do Lago--lagos da avenida Ayrton Senna,2026-09-22 15:42,180,159
L2680429,PT,PT-08,PT-08-LS,37.1158075,-8.6693501,Quinta do Landeiro,2026-08-13 05:06,78,67
L14399251,PT,PT-30,PT-30-MA,32.7440579,-16.7108538,Quinta do Lorde,2026-09-20 10:25,38,76
L13254346,PT,PT-08,PT-08-LS,37.0761408,-8.7590432,Quinta do Mar da Luz,2026-09-05 07:35,85,22
L3855088,PT,PT-10,PT-10-CR,39.404292,-9.1689277,Quinta do Negrelho,2026-09-23 19:34,74,34
L8810493,PT,PT-15,PT-15-SX,38.6367936,-9.1271915,Quinta do Palácio do Infante,2026-04-13 09:17,103,25
L6046080,PT,PT-09,PT-09-GO,40.5251929,-7.6083595,Quinta do Pião,2025-09-23 08:25,69,18
L5585702,PT,PT-15,PT-15-MN,38.7022993,-8.9867467,Quinta do Saldanha (Observatório),2026-07-20 07:00,114,126
L3143530,PT,PT-10,PT-10-CR,39.481052,-9.136613,Quinta do Talvay (acesso condicionado),2026-09-25 14:43,112,26
L12802092,PT,PT-08,PT-08-CM,37.2491153,-7.4478315,Quinta do Vale Golf Resort,2026-09-06 09:26,110,28
L17350556,PT,PT-05,PT-05-IN,39.9382526,-7.2600387,Quinta do Valongo,2026-09-09 14:57,129,144
L4654601,PT,PT-04,PT-04-CA,41.1570897,-7.2554746,Quinta dos Carris,2026-08-18 09:35,98,66
L8722765,PT,PT-15,PT-15-MT,38.6817868,-8.9933975,Quinta dos Ingleses,2026-07-21 09:15,139,65
L2360929,PT,PT-10,PT-10-PN,39.3585493,-9.3332693,Quinta dos Salgados,2025-07-05 15:09,76,38
L7197323,PT,PT-14,PT-14-GO,39.4139824,-8.4971523,Quinta dos Álamos,2026-09-24 08:11,80,62
L3319171,PT,PT-02,PT-02-BE,37.9628061,-7.7062005,Quintos,2025-04-11 17:18,97,17
L22057577,PT,PT-09,PT-09-GU,40.5155647,-7.2158818,Quintãzinha do Mouratão--várzea de Monte Barro,2026-06-11 07:55,64,6
L9301175,PT,PT-20,PT-20-NO,37.8008659,-25.1632465,RF Cancela do Cinzeiro--Centro Ambiental do Priolo,2026-09-24 11:40,32,255
L9152918,PT,PT-20,PT-20-LF,39.4425257,-31.2258034,RFN Morro Alto--Caldeira Negra,2025-09-27 18:55,18,5
L3441963,PT,PT-20,PT-20-LF,39.445227,-31.216954,RFN Morro Alto--Caldeira Seca,2025-11-18 08:17,32,52
L3441988,PT,PT-20,PT-20-LF,39.449322,-31.225893,RFN Morro Alto--Lagoa Branca,2026-08-25 11:20,47,144
L9152896,PT,PT-20,PT-20-LF,39.4410878,-31.2213479,RFN Morro Alto--Lagoa Comprida,2025-08-11 13:34,9,5
L927094,PT,PT-10,PT-10-PN,39.4155075,-9.5121002,RN Berlengas--área geral,2026-09-27 15:14,156,523
L1823252,PT,PT-01,PT-01-AV,40.6884727,-8.7265093,RN Dunas de São Jacinto--pateira,2026-09-04 10:55,126,204
L1823240,PT,PT-01,PT-01-AV,40.6708825,-8.7249108,RN Dunas de São Jacinto--área geral,2026-09-16 14:39,151,203
L3404673,PT,PT-15,PT-15-AS,38.4302949,-8.6816776,RN Estuário do Sado--Abul,2024-06-26 09:43,98,12
L2520803,PT,PT-15,PT-15-GR,38.373693,-8.7896633,RN Estuário do Sado--Arrozais da Comporta,2026-08-14 19:07,141,47
L4536167,PT,PT-15,PT-15-AS,38.4062593,-8.5616112,RN Estuário do Sado--Batalha,2026-05-25 20:14,184,177
L1065193,PT,PT-15,PT-15-AS,38.4119706,-8.7586784,RN Estuário do Sado--Cais Palafítico da Carrasqueira,2026-09-24 16:54,160,217
L3083346,PT,PT-15,PT-15-AS,38.3817169,-8.7900496,RN Estuário do Sado--Cais Palafítico da Comporta,2026-09-25 15:45,130,90
L1902831,PT,PT-15,PT-15-SE,38.4751471,-8.7765558,RN Estuário do Sado--Estaleiro da Lisnave,2026-04-04 15:26,120,69
L2147818,PT,PT-15,PT-15-SE,38.5485178,-8.7547302,RN Estuário do Sado--Gâmbia,2026-08-14 16:47,173,176
L1904968,PT,PT-15,PT-15-AS,38.4657392,-8.716603,RN Estuário do Sado--Herdade do Pinheiro (acesso condicionado),2023-05-26 11:41,176,55
L1215786,PT,PT-15,PT-15-SE,38.4948111,-8.7755013,RN Estuário do Sado--Mitrena,2026-06-20 15:00,181,322
L1929582,PT,PT-15,PT-15-AS,38.424008,-8.6350822,RN Estuário do Sado--Monte Novo da Palma,2026-06-22 13:45,188,253
L5198958,PT,PT-15,PT-15-SE,38.518667,-8.784565,RN Estuário do Sado--Morgada,2026-05-01 12:23,102,66
L1929446,PT,PT-15,PT-15-SE,38.5292332,-8.8037395,RN Estuário do Sado--Mourisca,2026-09-24 12:16,233,1089
L2455841,PT,PT-15,PT-15-AS,38.4202269,-8.7889338,RN Estuário do Sado--Península da Carrasqueira,2026-01-18 16:00,196,263
L1272596,PT,PT-15,PT-15-GR,38.4261261,-8.8263988,RN Estuário do Sado--Península de Tróia,2026-05-11 11:15,131,88
L2703351,PT,PT-15,PT-15-SE,38.549122,-8.7934077,RN Estuário do Sado--Pinheiro Torto,2026-08-12 11:30,156,218
L53175067,PT,PT-15,PT-15-SE,38.5333636,-8.778718,RN Estuário do Sado--Pontal dos Musgos,2026-08-27 10:51,56,5
L2619577,PT,PT-15,PT-15-AS,38.3953357,-8.7771106,RN Estuário do Sado--Possanco,2026-01-11 17:38,100,13
L1215797,PT,PT-15,PT-15-SE,38.5168898,-8.8409686,RN Estuário do Sado--Praias do Sado,2026-02-17 13:34,145,159
L3103234,PT,PT-15,PT-15-SE,38.5083482,-8.9281082,RN Estuário do Sado--Ribeira da Comenda,2026-05-27 06:46,73,24
L1985319,PT,PT-15,PT-15-AS,38.4159385,-8.7212563,RN Estuário do Sado--Torrinha,2025-05-28 14:37,92,14
L1215801,PT,PT-15,PT-15-PA,38.5686172,-8.7342453,RN Estuário do Sado--Zambujal,2026-09-20 19:04,217,895
L1931182,PT,PT-15,PT-15-AS,38.407868,-8.6791992,RN Estuário do Sado--arrozais do Monte Novo do Sul,2022-12-11 12:52,110,16
L10458384,PT,PT-15,PT-15-SE,38.5144265,-8.8195884,RN Estuário do Sado--salinas das Praias do Sado,2026-09-11 11:41,126,186
L1744770,PT,PT-15,PT-15-SE,38.4606987,-8.7881,RN Estuário do Sado--área geral,2026-09-14 10:00,232,345
L1269150,PT,PT-11,PT-11-VX,38.8557752,-8.981967,RN Estuário do Tejo--38 Moios (acesso condicionado),2026-06-12 08:46,186,301
L1543666,PT,PT-11,PT-11-VX,38.8485316,-8.9738252,RN Estuário do Tejo--EVOA e Lagoa Principal (acesso condicionado),2026-09-16 11:56,209,1097
L1739891,PT,PT-11,PT-11-VX,38.8375196,-8.9708516,RN Estuário do Tejo--EVOA--Lagoa Grande (acesso condicionado),2026-09-10 13:45,171,412
L1874087,PT,PT-11,PT-11-VX,38.8442409,-8.9736136,RN Estuário do Tejo--EVOA--Lagoa Rasa (acesso condicionado),2026-09-19 14:53,194,644
L1853654,PT,PT-11,PT-11-VX,38.8386588,-8.9791067,RN Estuário do Tejo--EVOA--Sapal (acesso condicionado),2026-07-30 08:00,142,16
L1253957,PT,PT-11,PT-11-VX,38.8464571,-8.9762265,RN Estuário do Tejo--EVOA--área geral (acesso condicionado),2026-09-25 12:43,230,3328
L1456908,PT,PT-11,PT-11-VX,38.8719329,-8.9749332,RN Estuário do Tejo--Marinhas da Saragoça (acesso condicionado),2025-12-08 20:19,154,88
L1173785,PT,PT-14,PT-14-BE,38.8278579,-8.92416,RN Estuário do Tejo--Monte de Bate-Orelhas,2026-09-26 16:53,217,338
L938639,PT,PT-14,PT-14-BE,38.8089482,-8.918066,RN Estuário do Tejo--Monte de Pancas,2026-09-27 10:30,221,1228
L1831471,PT,PT-11,PT-11-VX,38.8422656,-9.0552664,RN Estuário do Tejo--Mouchão da Póvoa (acesso condicionado),2026-09-23 10:32,127,102
L1135989,PT,PT-11,PT-11-VX,38.8865734,-8.979156,RN Estuário do Tejo--Mouchão das Garças (acesso condicionado),2026-08-22 07:06,165,247
L2425365,PT,PT-11,PT-11-VX,38.8696763,-9.0003777,RN Estuário do Tejo--Mouchão do Lombo do Tejo (acesso condicionado),2026-05-23 18:48,77,5
L1177578,PT,PT-11,PT-11-VX,38.83433,-8.96691,RN Estuário do Tejo--Ponta da Erva (acesso condicionado),2026-09-20 10:03,210,571
L2320318,PT,PT-14,PT-14-BE,38.8286514,-8.9481397,RN Estuário do Tejo--Salinas de Vasa Sacos,2026-09-26 17:09,226,601
L972527,PT,PT-15,PT-15-AC,38.760768,-8.9384186,RN Estuário do Tejo--Sítio das Hortas,2026-09-26 12:50,210,1729
L2917730,PT,PT-14,PT-14-BE,38.7801828,-8.9215422,RN Estuário do Tejo--Vale de Frades,2026-09-26 15:38,205,490
L2793469,PT,PT-11,PT-11-VX,38.8649906,-8.9679873,RN Estuário do Tejo--estrada de acesso ao EVOA (acesso condicionado),2026-09-20 09:41,184,350
L1283589,PT,PT-14,PT-14-BE,38.8001204,-8.9564324,RN Estuário do Tejo--área geral,2026-09-03 22:30,214,183
L1098408,PT,PT-30,PT-30-FU,30.1442365,-15.8656311,RN Ilhas Selvagens--Selvagem Grande--área geral,2026-04-25 16:00,61,163
L4849153,PT,PT-30,PT-30-FU,30.0357528,-16.0341954,RN Ilhas Selvagens--Selvagem Pequena--área geral,2024-11-02 13:03,34,12
L1852703,PT,PT-15,PT-15-SC,38.0948439,-8.7845331,RN Lagoas de Santo André e da Sancha--Casa do Peixe,2026-08-25 08:49,184,133
L1852633,PT,PT-15,PT-15-SC,38.1136867,-8.7964635,RN Lagoas de Santo André e da Sancha--Costa de Santo André,2026-09-03 07:58,171,132
L1852687,PT,PT-15,PT-15-SC,38.0729042,-8.7927728,RN Lagoas de Santo André e da Sancha--ETAR de Santo André,2026-09-19 14:09,129,91
L2660515,PT,PT-15,PT-15-SI,38.0242095,-8.8319778,RN Lagoas de Santo André e da Sancha--Lagoa da Sancha,2024-07-19 13:11,84,14
L2666848,PT,PT-15,PT-15-SI,38.0137039,-8.827343,RN Lagoas de Santo André e da Sancha--Lagoa da Sancha--Viveiros,2026-04-03 17:44,55,9
L973582,PT,PT-15,PT-15-SC,38.0995774,-8.789835,RN Lagoas de Santo André e da Sancha--Lagoa de Santo André,2026-09-19 08:38,245,461
L1852646,PT,PT-15,PT-15-SC,38.0986936,-8.7825589,RN Lagoas de Santo André e da Sancha--Marco Geodésico de Brescos,2026-07-04 19:13,193,153
L1852708,PT,PT-15,PT-15-SC,38.0790869,-8.8091665,RN Lagoas de Santo André e da Sancha--Poço do Barbarroxa de Baixo,2026-04-13 19:36,104,23
L2469915,PT,PT-15,PT-15-SC,38.0861887,-8.8059443,RN Lagoas de Santo André e da Sancha--Poços de Praia,2026-09-21 16:03,110,49
L22254356,PT,PT-15,PT-15-SC,38.0781698,-8.781385,RN Lagoas de Santo André e da Sancha--Salgueiral da Galiza,2026-09-21 11:20,168,157
L3233707,PT,PT-15,PT-15-SC,38.0997372,-8.773613,RN Lagoas de Santo André e da Sancha--Várzea de Brescos,2026-09-18 12:21,112,20
L2549391,PT,PT-15,PT-15-SC,38.0772846,-8.7903929,RN Lagoas de Santo André e da Sancha--Várzea de Monte Velho,2026-08-23 19:21,171,123
L2903292,PT,PT-06,PT-06-CO,40.1807095,-8.5595512,RN Paul de Arzila,2026-09-17 10:35,143,299
L21417026,PT,PT-14,PT-14-TN,39.4079799,-8.5299774,RN Paul do Boquilobo--Quinta do Paúl,2026-09-21 16:55,111,33
L1206406,PT,PT-14,PT-14-GO,39.3871399,-8.5333244,RN Paul do Boquilobo--área geral,2026-09-27 17:07,236,1271
L3016951,PT,PT-08,PT-08-CM,37.2058761,-7.4665725,RN Sapal Castro Marim e VRSA--Aroucas,2026-09-05 11:50,154,117
L3282240,PT,PT-08,PT-08-CM,37.1893991,-7.472527,RN Sapal Castro Marim e VRSA--Azeda,2026-09-04 17:37,146,49
L3087797,PT,PT-08,PT-08-CM,37.2184869,-7.4434927,RN Sapal Castro Marim e VRSA--Castro Marim (centro urbano),2026-09-22 09:52,153,117
L5607203,PT,PT-08,PT-08-CM,37.2027485,-7.4264574,RN Sapal Castro Marim e VRSA--Charneca da Companhia,2026-09-05 11:44,95,23
L11287282,PT,PT-08,PT-08-CM,37.2040648,-7.4396261,RN Sapal Castro Marim e VRSA--Esteiro da Carrasqueira Norte,2026-09-06 18:54,166,227
L975203,PT,PT-08,PT-08-VS,37.19788,-7.428013,RN Sapal Castro Marim e VRSA--Esteiro da Carrasqueira Sul,2026-09-22 16:07,167,309
L964836,PT,PT-08,PT-08-CM,37.2131391,-7.438066,RN Sapal Castro Marim e VRSA--Esteiro da Lezíria,2026-09-18 15:26,116,39
L1670947,PT,PT-08,PT-08-CM,37.2002013,-7.4579358,RN Sapal Castro Marim e VRSA--Salinas Cerro do Bufo (acesso condicionado),2026-08-11 06:34,192,487
L1924679,PT,PT-08,PT-08-CM,37.225852,-7.4284315,RN Sapal Castro Marim e VRSA--Salinas Sinexpral,2026-09-23 09:16,151,105
L1928736,PT,PT-08,PT-08-CM,37.2131391,-7.4313068,RN Sapal Castro Marim e VRSA--Salinas de Castro Marim,2026-08-30 16:50,167,106
L5262783,PT,PT-08,PT-08-VS,37.1863564,-7.4623668,RN Sapal Castro Marim e VRSA--Sapal de Aldeia Nova,2026-09-05 17:35,173,247
L975199,PT,PT-08,PT-08-CM,37.2297902,-7.4265164,RN Sapal Castro Marim e VRSA--Sapal de Venta Moinhos,2026-09-24 09:46,205,1165
L2464620,PT,PT-08,PT-08-CM,37.2313785,-7.4374866,RN Sapal Castro Marim e VRSA--Sapal do Francisco,2026-09-24 07:29,164,200
L2180411,PT,PT-08,PT-08-CM,37.208646,-7.4419069,RN Sapal Castro Marim e VRSA--área geral,2026-08-26 07:26,203,321
L2156659,PT,PT-05,PT-05-PE,40.2649711,-7.1400619,RN Serra da Malcata--Albufeira da Meimoa,2026-09-04 12:03,96,53
L3405728,PT,PT-09,PT-09-SA,40.3116922,-6.9861778,RN Serra da Malcata--Espírito Santo da Lameira,2026-05-24 16:30,106,62
L2156671,PT,PT-05,PT-05-PE,40.2404145,-7.113862,RN Serra da Malcata--miradouro dos Abutres-pretos,2026-07-12 07:43,77,23
L1826362,PT,PT-13,PT-13-VG,41.1367384,-8.6624771,RNL Estuário do Douro--área geral,2026-09-27 11:30,229,3933
L3755969,PT,PT-02,PT-02-BE,38.0787034,-7.6976824,Rabadoa,2025-09-26 17:39,125,28
L11573039,PT,PT-09,PT-09-SE,40.414278,-7.697347,Raposeira / Quinta da Nogueira,2026-09-20 09:59,59,35
L3148596,PT,PT-09,PT-09-SA,40.4190715,-7.046734,Rapoula do Côa,2026-06-07 13:23,79,10
L12310712,PT,PT-17,PT-17-CH,41.6767131,-7.5274033,Redial,2026-09-23 20:07,86,23
L4785618,PT,PT-07,PT-07-RD,38.6488857,-7.5440347,Redondo (centro urbano),2026-06-19 12:02,50,21
L6823927,PT,PT-09,PT-09-SA,40.3886856,-7.025866,Rendo--Campos e Charcas,2026-09-26 10:50,84,67
L33654381,PT,PT-09,PT-09-SA,40.37851,-7.05554,Rendo--Soutos e Carvalhais,2026-09-26 11:24,56,37
L2914334,PT,PT-07,PT-07-MN,38.705506,-8.0984044,Represa,2025-04-20 19:40,76,31
L21886163,PT,PT-18,PT-18-VO,40.672995,-8.200902,Reserva Botânica de Cambarinho,2025-05-22 11:55,41,7
L51728925,PT,PT-20,PT-20-PD,37.7884798,-25.636671,Reserva Florestal de Recreio do Pinhal da Paz,2026-09-08 17:10,20,17
L6177308,PT,PT-20,PT-20-NO,37.8291159,-25.1486814,Reserva Florestal de Recreio do Viveiro do Nordeste,2026-05-11 11:00,26,26
L54694326,PT,PT-30,PT-30-SA,32.8141848,-16.8749004,Reserva Natural da Rocha do Navio,2026-09-22 10:38,20,7
L16742853,PT,PT-05,PT-05-PE,40.25563,-7.0154872,Reserva Natural da Serra da Malcata--Área Geral,2025-07-19 08:33,69,31
L22890456,PT,PT-20,PT-20-PV,38.7370989,-27.2052609,Reserva Natural da Terra Brava e Criação das Lagoas,2026-06-08 16:35,19,19
L11590671,PT,PT-02,PT-02-CU,38.1703924,-7.8506956,Reservatório 3 EDIA,2026-01-10 13:26,139,97
L8282058,PT,PT-30,PT-30-SC,32.6998041,-16.8452932,Reservatório das Águas Mansas,2026-07-02 14:10,15,6
L8282208,PT,PT-30,PT-30-SC,32.7174868,-16.8065628,Reservatório de Santo António da Serra,2026-09-06 18:30,35,31
L1793339,PT,PT-20,PT-20-AH,38.7077848,-27.176571,Reservatório do Cabrito,2026-09-23 13:40,81,593
L3112698,PT,PT-20,PT-20-CO,39.6943754,-31.1128521,Reservatório do Corvo,2025-11-14 15:38,72,147
L8598444,PT,PT-20,PT-20-AH,38.7623328,-27.2797545,Reservatórios da Queimada,2026-08-31 18:59,24,55
L10734801,PT,PT-20,PT-20-AH,38.7170934,-27.2989217,Reservatórios de São Bartolomeu,2026-09-05 15:56,27,48
L27779147,PT,PT-10,PT-10-PN,39.3667755,-9.4033928,Revelim dos Remédios,2026-09-17 17:04,101,127
L22229428,PT,PT-14,PT-14-TN,39.583814,-8.5347244,Rexaldia--charcas do pinhal e campos envolventes,2026-09-26 13:30,99,188
L1320309,PT,PT-08,PT-08-PO,37.1475059,-8.5947418,Ria de Alvor--Abicada,2026-09-18 14:30,207,999
L4394854,PT,PT-08,PT-08-PO,37.1370219,-8.5941195,Ria de Alvor--EBIO Alvor,2026-09-25 08:14,144,132
L2806880,PT,PT-08,PT-08-LS,37.12272,-8.6326575,Ria de Alvor--Meia-praia,2026-08-17 19:10,173,173
L1320314,PT,PT-08,PT-08-PO,37.1249259,-8.6088181,Ria de Alvor--dunas de Alvor,2026-09-26 12:24,196,675
L1316908,PT,PT-08,PT-08-PO,37.1338218,-8.6173153,Ria de Alvor--área geral,2026-09-27 18:16,265,2610
L17277232,PT,PT-01,PT-01-OV,40.8337337,-8.6229265,Ria de Aveiro -- Cais do Puxadouro,2026-05-02 17:13,27,3
L17277197,PT,PT-01,PT-01-ER,40.7922322,-8.6412222,Ria de Aveiro -- Ribeira das Teixugueiras,2026-07-26 11:11,71,13
L50014062,PT,PT-01,PT-01-IL,40.6084705,-8.6839819,Ria de Aveiro-- Rio Boco--Frente ribeirinha da Gafanha de Aquém,2026-09-13 14:20,23,2
L7794293,PT,PT-01,PT-01-AV,40.6956812,-8.5996838,Ria de Aveiro--Bocage do Baixo Vouga,2026-07-05 20:29,95,31
L3204756,PT,PT-01,PT-01-IL,40.6144225,-8.7396884,Ria de Aveiro--Cais da Bruxa,2026-07-23 12:50,96,53
L3234268,PT,PT-01,PT-01-MU,40.7605446,-8.6786842,Ria de Aveiro--Cais da Béstida,2026-09-19 10:30,162,251
L3344535,PT,PT-01,PT-01-MU,40.7344492,-8.6276734,Ria de Aveiro--Cais da Cambeia,2026-05-17 15:00,130,62
L4138301,PT,PT-01,PT-01-AV,40.6572891,-8.6366969,Ria de Aveiro--Cais da Ribeira de Esgueira,2026-09-08 14:58,117,118
L4059155,PT,PT-01,PT-01-OV,40.8209363,-8.649711,Ria de Aveiro--Cais da Tijosa,2026-09-21 18:43,85,28
L8756709,PT,PT-01,PT-01-MU,40.7292872,-8.649327,Ria de Aveiro--Cais do Bico,2026-09-25 09:27,120,58
L5903572,PT,PT-01,PT-01-VG,40.5156693,-8.7762928,Ria de Aveiro--Canal de Mira--Caniçal do Areão,2026-08-22 10:00,124,109
L3300098,PT,PT-01,PT-01-VG,40.5457354,-8.7682056,Ria de Aveiro--Canal de Mira--troço Areão-Vagueira,2026-09-24 17:25,216,1432
L3279874,PT,PT-01,PT-01-IL,40.5954158,-8.7488079,Ria de Aveiro--Canal de Mira--troço Vagueira-Costa Nova/Gafanha da Encarnação,2026-08-28 09:25,158,297
L2776408,PT,PT-01,PT-01-VG,40.5607484,-8.7565005,Ria de Aveiro--Canal de Mira--área geral,2026-09-01 16:36,161,158
L4059135,PT,PT-01,PT-01-OV,40.8233427,-8.6635351,Ria de Aveiro--Canal de Ovar--troço Ponte da Varela-Carregal,2026-06-18 15:10,95,24
L3268823,PT,PT-01,PT-01-MU,40.7235238,-8.6944771,Ria de Aveiro--Canal de Ovar--troço São Jacinto-Ponte da Varela,2026-09-16 17:24,161,250
L2910699,PT,PT-01,PT-01-OV,40.8479723,-8.6347121,Ria de Aveiro--Foz do Rio Cáster,2026-08-01 11:00,134,62
L2680333,PT,PT-01,PT-01-AV,40.6486223,-8.6580849,Ria de Aveiro--Marinhas de São Roque,2026-09-26 15:24,151,767
L2886831,PT,PT-01,PT-01-IL,40.643837,-8.7489367,Ria de Aveiro--Meia Laranja,2026-05-09 16:40,83,120
L3342324,PT,PT-01,PT-01-MU,40.78847,-8.671689,Ria de Aveiro--Ponte da Varela,2026-09-26 13:21,136,170
L2596816,PT,PT-01,PT-01-IL,40.6499551,-8.7248254,Ria de Aveiro--Porto de Aveiro (acesso condicionado),2026-09-14 16:26,58,36
L2876476,PT,PT-01,PT-01-IL,40.6320231,-8.7322211,Ria de Aveiro--Porto de Pesca Costeira (acesso condicionado),2026-07-23 11:39,77,103
L1823242,PT,PT-01,PT-01-MU,40.7166878,-8.7017512,Ria de Aveiro--Quinta do Cochel,2025-09-09 14:37,67,14
L7585580,PT,PT-01,PT-01-AV,40.6982498,-8.6287858,Ria de Aveiro--Refúgio de Caça de Vilarinho,2026-09-21 09:59,154,254
L5050922,PT,PT-01,PT-01-MU,40.7796843,-8.6456743,Ria de Aveiro--Ribeira do Martinho,2025-06-23 18:30,99,24
L3279887,PT,PT-01,PT-01-IL,40.5744815,-8.680315,Ria de Aveiro--Rio Boco,2026-08-15 20:00,60,14
L3300119,PT,PT-01,PT-01-IL,40.6274252,-8.673234,Ria de Aveiro--Rio Boco (Lagoa do Paraíso),2026-09-26 09:29,101,43
L7780310,PT,PT-01,PT-01-ER,40.7209228,-8.5646642,Ria de Aveiro--Salreu (percurso do Rio Jardim),2026-09-25 06:39,149,379
L1674537,PT,PT-01,PT-01-ER,40.7326166,-8.5681182,Ria de Aveiro--Salreu (rede de percursos pedestres),2026-09-19 11:15,219,2179
L7585694,PT,PT-01,PT-01-AV,40.7057886,-8.6203462,Ria de Aveiro--campos abertos do Baixo Vouga,2026-09-17 09:22,194,610
L2289415,PT,PT-01,PT-01-AV,40.6417709,-8.6631972,Ria de Aveiro--complexo de salinas do Canal das Pirâmides (Salina da Troncalhada e outras),2026-09-24 15:10,168,1873
L3160224,PT,PT-01,PT-01-IL,40.6140753,-8.7486577,Ria de Aveiro--frente ribeirinha da Costa Nova,2026-08-30 15:38,101,104
L3296056,PT,PT-01,PT-01-IL,40.6441001,-8.6973953,Ria de Aveiro--frente ribeirinha da Gafanha da Nazaré,2026-07-22 11:01,84,36
L2876717,PT,PT-01,PT-01-IL,40.6363583,-8.7420809,Ria de Aveiro--frente ribeirinha da Praia da Barra,2026-09-07 07:10,98,108
L3059522,PT,PT-01,PT-01-MU,40.7609089,-8.7003136,Ria de Aveiro--frente ribeirinha da Torreira,2026-09-25 14:52,130,227
L1820971,PT,PT-01,PT-01-AV,40.6617794,-8.7270605,Ria de Aveiro--frente ribeirinha de São Jacinto,2026-09-17 09:23,121,372
L2684518,PT,PT-01,PT-01-MU,40.7393885,-8.6599302,Ria de Aveiro--frente ribeirinha e campos da Murtosa,2026-09-26 14:38,198,988
L4083001,PT,PT-01,PT-01-AV,40.6353325,-8.6780512,Ria de Aveiro--marinha e envolvente do terminal sul,2026-09-19 11:58,87,109
L7585573,PT,PT-01,PT-01-AV,40.6935554,-8.6167815,Ria de Aveiro--pateira de Vilarinho,2026-06-28 17:39,102,35
L17252792,PT,PT-01,PT-01-MU,40.7620099,-8.6590991,Ria de Aveiro--ribeira do Mancão,2026-02-15 15:26,48,3
L950986,PT,PT-01,PT-01-AV,40.6679442,-8.6899281,Ria de Aveiro--área geral (usar hotspot mais específico),2026-06-06 17:39,157,41
L4305102,PT,PT-14,PT-14-TN,39.4227514,-8.5109174,Riachos--Zona Industrial Oeste,2026-08-31 18:07,152,428
L2608269,PT,PT-02,PT-02-VI,38.1841267,-7.7813458,Ribafreixo,2024-12-28 10:19,53,6
L1827665,PT,PT-13,PT-13-PO,41.1402718,-8.61289,Ribeira,2026-09-27 13:01,85,1359
L2287801,PT,PT-12,PT-12-FR,39.0709122,-7.6518917,Ribeira Grande--Fronteira,2026-07-27 17:12,101,68
L4761920,PT,PT-12,PT-12-MO,39.0578254,-7.443586,Ribeira Grande--Monforte,2026-08-25 10:45,99,40
L5888633,PT,PT-15,PT-15-SS,38.5107555,-9.150403,Ribeira da Aiana,2026-09-23 20:05,121,96
L2773091,PT,PT-15,PT-15-SS,38.5318853,-9.1257226,Ribeira da Apostiça,2026-08-17 17:56,57,27
L6605482,PT,PT-06,PT-06-PL,40.0092422,-8.361793,Ribeira da Azenha--Espinhal,2026-07-09 18:01,47,5
L3083359,PT,PT-11,PT-11-SI,38.8516902,-9.3525088,Ribeira da Cabrela,2026-08-03 07:30,102,231
L2480035,PT,PT-08,PT-08-AC,37.4108689,-7.6365709,Ribeira da Foupana--Alcaria Queimada,2026-06-08 19:31,92,71
L2827380,PT,PT-08,PT-08-AC,37.4099996,-7.8024173,Ribeira da Foupana--Barrada,2026-08-06 07:40,90,72
L2950094,PT,PT-08,PT-08-AC,37.3816501,-7.5211501,Ribeira da Foupana--Cerro Tojo,2026-09-04 17:15,75,30
L3630737,PT,PT-08,PT-08-AC,37.4039829,-7.7381086,Ribeira da Foupana--Vaqueiros,2026-01-15 11:25,75,23
L5262642,PT,PT-08,PT-08-VS,37.2027741,-7.5586849,Ribeira da Gafa,2026-03-31 12:00,65,17
L2127486,PT,PT-14,PT-14-TM,39.5871946,-8.3659762,Ribeira da Lousa,2023-02-18 12:07,43,7
L1770822,PT,PT-11,PT-11-AL,39.1123685,-9.0934369,Ribeira da Madalena,2025-01-10 09:14,42,6
L2445680,PT,PT-07,PT-07-MR,38.9518244,-8.165288,Ribeira da Raia--ponte de Mora,2026-06-01 08:30,147,193
L2953921,PT,PT-02,PT-02-MO,38.1378646,-7.374444,Ribeira da Toutalga--ponte da N258,2023-07-08 07:40,92,9
L7882847,PT,PT-08,PT-08-MO,37.233728,-8.7098288,Ribeira da Vagarosa--Carapitonta,2026-09-20 10:04,135,156
L6268386,PT,PT-12,PT-12-GA,39.4144465,-7.7994347,Ribeira da Venda--ponte romana,2026-08-10 17:13,92,41
L1902834,PT,PT-04,PT-04-TM,41.2088046,-7.0983776,Ribeira da Vilariça,2026-07-27 17:13,85,18
L8966401,PT,PT-09,PT-09-AL,40.6244913,-7.0278226,Ribeira das Cabras--Freixo,2026-01-31 11:00,74,5
L7680173,PT,PT-09,PT-09-PI,40.7866992,-7.0570958,Ribeira das Cabras--ponte da N221,2025-03-09 09:02,74,16
L9157796,PT,PT-08,PT-08-PO,37.2440333,-8.5606694,Ribeira das Canas,2024-09-21 17:49,64,7
L977968,PT,PT-15,PT-15-AC,38.7478581,-8.9222717,Ribeira das Enguias,2026-09-22 08:20,220,2230
L2346671,PT,PT-14,PT-14-CN,39.3993819,-8.2596695,Ribeira de Alcolobre,2026-05-01 11:11,61,11
L2999948,PT,PT-12,PT-12-AV,39.020284,-7.8896642,Ribeira de Alcorrego--Samarra,2023-04-26 10:15,41,3
L2485233,PT,PT-12,PT-12-AV,39.0155826,-7.8496456,Ribeira de Alcorrego--Vale do Freixo,2025-05-28 09:02,44,5
L1923185,PT,PT-14,PT-14-AB,39.4868531,-8.176167,Ribeira de Alferrarede--Olho de Boi,2026-07-09 09:23,70,19
L23119035,PT,PT-12,PT-12-SO,38.9109829,-7.7941902,Ribeira de Almadafe Seco,2026-08-11 11:30,82,63
L14132723,PT,PT-05,PT-05-IN,39.963955,-7.3412936,Ribeira de Alpreade,2026-09-26 07:01,102,22
L1507010,PT,PT-11,PT-11-LS,38.836073,-9.1151913,Ribeira de Alpreate,2026-09-10 18:46,117,56
L1770898,PT,PT-07,PT-07-AR,38.7230014,-8.0053704,Ribeira de Arraiolos,2026-08-29 16:07,64,8
L5788058,PT,PT-08,PT-08-CM,37.2943009,-7.5974,Ribeira de Beliche--Alta Mora,2024-05-19 10:40,63,20
L2462971,PT,PT-14,PT-14-MA,39.5029205,-8.0441889,Ribeira de Boas Eiras,2024-01-01 16:00,40,5
L4118502,PT,PT-08,PT-08-PO,37.2106612,-8.5424602,Ribeira de Boina,2026-07-20 13:21,80,35
L3158768,PT,PT-11,PT-11-LS,38.8317348,-9.2205548,Ribeira de Camarões,2026-09-11 10:18,79,75
L6357020,PT,PT-20,PT-20-CO,39.7018742,-31.0868504,Ribeira de Cancelas,2025-10-21 09:59,42,60
L2171974,PT,PT-15,PT-15-MN,38.7366113,-8.5364628,Ribeira de Canha--Abegoaria,2026-04-03 14:12,51,10
L2917705,PT,PT-07,PT-07-VN,38.7333976,-8.4459543,Ribeira de Canha--Canafecheira,2026-04-10 16:48,52,5
L2290654,PT,PT-07,PT-07-VN,38.715869,-8.4110848,Ribeira de Canha--Cuncos,2026-04-10 15:51,84,14
L2172188,PT,PT-15,PT-15-MN,38.7580992,-8.5899353,Ribeira de Canha--Monte do Escatelar,2026-04-03 13:19,69,11
L2590635,PT,PT-02,PT-02-FA,38.0540388,-8.3068657,Ribeira de Canhestros--Canhestros,2026-06-26 10:30,73,8
L2361462,PT,PT-11,PT-11-CS,38.7152383,-9.3682882,Ribeira de Caparide,2026-06-07 08:41,64,19
L4034026,PT,PT-05,PT-05-CO,40.2605677,-7.4691074,Ribeira de Corges--Quinta Branca,2026-06-07 10:30,109,191
L2370375,PT,PT-14,PT-14-MA,39.5288267,-7.9768816,Ribeira de Eiras,2025-08-18 12:32,43,7
L2666855,PT,PT-12,PT-12-NI,39.4262941,-7.5877762,Ribeira de Figueiró,2026-04-03 15:13,84,15
L3404114,PT,PT-08,PT-08-SB,37.2378112,-7.7983832,Ribeira de Fronteira,2024-07-24 09:42,49,7
L2968126,PT,PT-07,PT-07-MO,38.322737,-7.2602248,Ribeira de Guadalim,2026-04-26 18:00,81,21
L7117808,PT,PT-05,PT-05-BE,40.3364449,-7.2916308,Ribeira de Inguias--Inguias,2026-08-02 19:43,59,20
L3096197,PT,PT-07,PT-07-MN,38.781521,-8.4560394,Ribeira de Lavre,2026-06-16 07:08,106,27
L2995852,PT,PT-07,PT-07-MN,38.7650596,-8.3947563,Ribeira de Lavre--Lavre,2022-05-27 11:07,42,7
L2997319,PT,PT-07,PT-07-AL,38.6049994,-7.351613,Ribeira de Lucefecit--Rosário,2026-06-26 20:20,97,19
L3016836,PT,PT-30,PT-30-MA,32.7197463,-16.7668319,Ribeira de Machico,2026-09-09 19:40,83,503
L2948946,PT,PT-02,PT-02-VI,38.1547059,-7.6404548,Ribeira de Marmelar--Pedrógão,2026-03-18 09:05,70,10
L2619657,PT,PT-15,PT-15-SI,37.9806948,-8.8585532,Ribeira de Moinhos,2026-07-02 11:29,158,79
L2666938,PT,PT-12,PT-12-CV,39.4150257,-7.5268364,Ribeira de Nisa,2025-12-28 16:07,111,33
L2601751,PT,PT-02,PT-02-VI,38.1168665,-7.7950144,Ribeira de Odearce--Monte das Pedras,2024-01-22 16:10,55,7
L2063185,PT,PT-08,PT-08-AC,37.3363163,-7.6898289,Ribeira de Odeleite--Bentos,2026-05-16 16:26,93,113
L3572920,PT,PT-08,PT-08-AC,37.3393871,-7.6601744,Ribeira de Odeleite--Galaxos,2024-09-20 14:15,62,15
L2063647,PT,PT-08,PT-08-TA,37.2995242,-7.7523994,Ribeira de Odeleite--Monte da Ribeira,2026-05-15 13:55,64,24
L3300192,PT,PT-08,PT-08-SB,37.2595719,-7.8687429,Ribeira de Odeleite--Montes Novos,2025-11-27 10:59,53,9
L2949572,PT,PT-08,PT-08-CM,37.3376882,-7.4881985,Ribeira de Odeleite--Odeleite,2026-01-15 15:25,122,41
L3087829,PT,PT-02,PT-02-FA,38.1710963,-8.1496292,Ribeira de Odivelas--Odivelas,2025-12-06 10:51,74,12
L4751814,PT,PT-02,PT-02-AM,37.5405961,-7.9933906,Ribeira de Oeiras--ponte da N267,2025-06-03 17:27,85,19
L2672214,PT,PT-02,PT-02-ME,37.624905,-7.8102493,Ribeira de Oeiras--ponte de São João dos Caldeireiros,2026-09-26 17:49,121,193
L3100728,PT,PT-17,PT-17-RP,41.518989,-7.7937698,Ribeira de Pena (centro urbano),2026-01-14 09:07,101,335
L2382256,PT,PT-14,PT-14-MA,39.6736432,-7.9786161,Ribeira de Pracana--Arganil,2014-04-14 10:30,38,13
L2382296,PT,PT-14,PT-14-MA,39.6582319,-7.9357016,Ribeira de Pracana--Pracana,2017-10-05 12:13,27,9
L1049089,PT,PT-10,PT-10-PG,39.9116991,-8.162241,Ribeira de Pêra--Fábrica do Papel e açude dos Rodrigues,2026-07-12 11:57,59,38
L2434198,PT,PT-14,PT-14-AB,39.4732836,-8.2413179,Ribeira de Rio de Moinhos,2025-06-19 14:37,117,59
L2513353,PT,PT-12,PT-12-AV,38.9970408,-8.0084324,Ribeira de Seda--Camões,2026-08-04 09:38,116,91
L3000446,PT,PT-07,PT-07-MR,38.9483623,-8.024236,Ribeira de Seda--Monte da Ordem,2026-05-27 10:22,79,20
L4083241,PT,PT-12,PT-12-AC,39.1954449,-7.7857447,Ribeira de Seda--Seda,2026-03-28 12:36,100,30
L11467322,PT,PT-12,PT-12-AV,39.1641679,-7.8410135,Ribeira de Seda--Valongo,2026-07-15 17:44,136,75
L3832819,PT,PT-12,PT-12-AC,39.216074,-7.785014,Ribeira de Seda--ponte romana de Vila Formosa,2026-08-15 09:50,98,39
L4209609,PT,PT-08,PT-08-MO,37.3872765,-8.6556387,Ribeira de Seixe--Foz do Besteiro,2025-06-13 08:04,58,11
L2776097,PT,PT-15,PT-15-AS,38.4821159,-8.3638787,Ribeira de São Cristovão--ponte da N253,2026-04-16 09:15,58,32
L3015241,PT,PT-30,PT-30-SV,32.8093157,-17.0478845,Ribeira de São Vicente,2026-09-19 08:40,63,233
L2445657,PT,PT-07,PT-07-MR,38.9383644,-8.0504894,Ribeira de Tera--Entre Águas,2025-08-13 12:06,101,23
L24355781,PT,PT-07,PT-07-MR,38.8902494,-7.9879957,Ribeira de Tera--Moinho da Misericórdia,2023-05-06 11:00,40,1
L3269087,PT,PT-07,PT-07-AR,38.8757995,-7.8269863,Ribeira de Tera--ponte de Broa,2026-08-11 14:33,97,24
L2951307,PT,PT-02,PT-02-BA,38.09952,-7.0417076,Ribeira do Arroio--Monte da Pedra Furada,2026-04-18 14:01,70,9
L3395981,PT,PT-09,PT-09-AB,40.7017076,-7.5179207,Ribeira do Carapito--Prado,2020-01-20 11:00,46,13
L2304813,PT,PT-02,PT-02-ME,37.697676,-7.4484086,Ribeira do Chança--Carril,2026-03-27 16:47,89,36
L2290634,PT,PT-07,PT-07-MR,38.9032572,-8.2611609,Ribeira do Divor--Ferrarias,2026-02-20 10:15,115,38
L2995897,PT,PT-14,PT-14-CR,38.918685,-8.3549738,Ribeira do Divor--Verdugos do Meio,2026-05-21 07:49,88,15
L11461752,PT,PT-08,PT-08-SI,37.1368912,-8.3168178,Ribeira do Espiche - sob a A22,2025-08-13 11:08,71,13
L3179359,PT,PT-30,PT-30-SA,32.791863,-16.849004,Ribeira do Faial,2026-08-31 19:31,58,109
L2586185,PT,PT-14,PT-14-MA,39.6746023,-8.0018422,Ribeira do Freixo--Sarnadas,2014-04-16 10:30,17,4
L2065169,PT,PT-08,PT-08-TA,37.2905795,-7.8608894,Ribeira do Leitejo,2025-11-27 12:32,33,9
L28374481,PT,PT-01,PT-01-OV,40.813999,-8.6175175,Ribeira do Mourão,2024-09-14 11:00,10,0
L23058370,PT,PT-12,PT-12-SO,38.9425858,-7.7988981,Ribeira do Vale da Areia,2026-09-17 07:40,105,156
L3463726,PT,PT-14,PT-14-BE,38.8230925,-8.888948,Ribeira do Vale do Cobrão--Bate-Orelhas,2026-09-26 17:56,137,222
L5879206,PT,PT-08,PT-08-AC,37.4764248,-7.7762818,Ribeira do Vascão--Castelhanos,2026-05-21 11:32,77,29
L2949226,PT,PT-08,PT-08-AC,37.4987633,-7.7013731,Ribeira do Vascão--Giões,2026-08-30 07:26,125,314
L3925866,PT,PT-02,PT-02-ME,37.5177595,-7.5792736,Ribeira do Vascão--ponte da N122,2026-09-24 19:27,84,74
L8668673,PT,PT-08,PT-08-CM,37.1960251,-7.521957,Ribeira do Álamo--Charcas,2026-08-27 17:11,143,186
L3437075,PT,PT-20,PT-20-HO,38.553144,-28.651046,Ribeira dos Flamengos,2026-02-27 16:17,23,86
L2950102,PT,PT-08,PT-08-AC,37.4526486,-7.5247121,Ribeira dos Ladrões,2026-06-11 09:55,63,16
L3489382,PT,PT-20,PT-20-HO,38.5423419,-28.6202002,Ribeira e Praia da Conceição,2026-08-01 21:56,55,287
L4861479,PT,PT-04,PT-04-VF,41.3670414,-7.2336549,Ribeirinha,2026-03-29 16:57,85,6
L2161369,PT,PT-30,PT-30-SA,32.7958608,-16.9390297,Ribeiro Bonito,2026-09-10 12:11,22,22
L4928328,PT,PT-30,PT-30-PS,33.0506878,-16.3585889,Ribeiro Salgado,2026-07-11 11:27,57,19
L10100550,PT,PT-14,PT-14-AB,39.4600417,-8.0726252,Ribeiro da Concavada,2025-08-17 09:30,150,1225
L2586102,PT,PT-14,PT-14-MA,39.5917119,-7.9971403,Ribeiro de Ponte do Castelo,2016-09-16 12:25,29,5
L18157255,PT,PT-17,PT-17-SM,41.226175,-7.771245,Rio Aguilhão--ponte da N2,2025-08-28 11:59,31,9
L3788796,PT,PT-10,PT-10-NA,39.5780121,-9.0253383,Rio Alcobaça--Valado dos Frades,2026-06-05 07:50,66,14
L9384047,PT,PT-14,PT-14-GO,39.3441321,-8.5276686,Rio Almonda--Azinhaga,2026-05-23 12:11,86,91
L4260167,PT,PT-06,PT-06-AR,40.2312905,-8.0580693,Rio Alva--Alagoa,2023-06-26 19:34,46,8
L3293417,PT,PT-06,PT-06-AR,40.2483499,-8.035984,Rio Alva--Secarias,2025-08-07 13:58,38,4
L2888912,PT,PT-04,PT-04-MO,41.4547569,-6.5937388,Rio Angueira,2026-08-30 19:46,67,17
L12297999,PT,PT-01,PT-01-ER,40.7584063,-8.5546398,Rio Antuã--percurso pedestre,2026-08-01 14:47,36,3
L1478470,PT,PT-08,PT-08-SI,37.1868348,-8.438332,Rio Arade--Silves,2026-09-19 14:46,113,256
L3087859,PT,PT-02,PT-02-MO,38.1514324,-7.2367287,Rio Ardila--Cabeço do Pião,2026-09-13 19:16,116,83
L2953937,PT,PT-02,PT-02-MO,38.1483951,-7.2971964,Rio Ardila--Santo Amador,2026-09-15 12:10,112,35
L3087823,PT,PT-02,PT-02-MO,38.1658751,-7.4209213,Rio Ardila--ponte da N255,2026-06-11 14:34,85,33
L5863737,PT,PT-02,PT-02-BA,38.1721,-7.1284801,Rio Ardila--ponte da N386,2026-06-05 08:30,108,62
L4320431,PT,PT-06,PT-06-SO,40.0536935,-8.630501,Rio Arunca--Soure,2026-03-11 11:25,62,7
L35317198,PT,PT-13,PT-13-VC,41.3511862,-8.6814308,Rio Ave--Ponte D. Zameiro,2026-07-12 07:45,55,18
L48494027,PT,PT-13,PT-13-VC,41.3569686,-8.7276158,Rio Ave--Ponte de Retorta,2026-08-05 19:43,45,21
L5247791,PT,PT-03,PT-03-VF,41.3467177,-8.575299,Rio Ave--Ribeirão,2026-09-12 10:17,72,22
L8052705,PT,PT-03,PT-03-VF,41.3490063,-8.5199656,Rio Ave--ponte da Lagoncinha,2026-09-12 15:28,53,13
L3026019,PT,PT-05,PT-05-PE,40.1459454,-7.0827055,Rio Bazágueda--ponte da R346,2026-09-02 17:41,104,53
L9080326,PT,PT-01,PT-01-VG,40.5541384,-8.6781796,Rio Boco--Quinta do Ega,2026-09-26 10:18,71,12
L4014171,PT,PT-01,PT-01-VG,40.5398914,-8.6749399,Rio Boco--cais do Moliço,2026-05-18 10:53,61,17
L2993760,PT,PT-18,PT-18-LA,41.1381159,-7.8007007,Rio Bom,2026-07-22 18:36,56,21
L3320046,PT,PT-17,PT-17-VA,41.6430129,-7.2780454,Rio Calvo--Vale de Casas,2024-10-27 08:57,32,1
L4044877,PT,PT-06,PT-06-GO,40.1622026,-8.1099386,Rio Ceira--Góis,2025-08-19 18:45,60,33
L14931610,PT,PT-09,PT-09-SA,40.4859723,-6.98841,Rio Côa--Badamalos,2025-08-03 20:00,81,22
L11934837,PT,PT-09,PT-09-AL,40.6784047,-6.9202752,Rio Côa--Junça,2023-08-01 13:07,44,4
L7756056,PT,PT-09,PT-09-AL,40.5820848,-6.9306006,Rio Côa--Porto de São Miguel,2024-08-12 15:17,71,13
L3694693,PT,PT-09,PT-09-AL,40.6155976,-6.9185007,Rio Côa--ponte da N16,2025-09-13 16:00,69,14
L2602111,PT,PT-07,PT-07-EV,38.4874571,-7.6968455,Rio Degebe--Moinho do Alcaide,2026-05-29 08:27,92,14
L4943686,PT,PT-07,PT-07-EV,38.3999984,-7.6608181,Rio Degebe--Monte do Trigo,2026-04-14 09:50,121,46
L2278041,PT,PT-07,PT-07-EV,38.4583482,-7.6780808,Rio Degebe--ponte do Albardão,2026-06-07 21:38,120,65
L4843526,PT,PT-18,PT-18-SJ,41.1440508,-7.3442745,Rio Douro--Ferradosa,2026-09-08 11:03,61,18
L10136205,PT,PT-18,PT-18-LA,41.1539326,-7.7835068,Rio Douro--Foz do Varosa,2026-08-28 16:47,65,48
L4106697,PT,PT-17,PT-17-PR,41.1531961,-7.7781916,Rio Douro--Régua,2026-09-16 09:45,101,157
L4767539,PT,PT-13,PT-13-VA,41.1572674,-8.4843314,Rio Ferreira--Couce,2026-09-21 12:45,61,71
L2246154,PT,PT-04,PT-04-BR,41.7471741,-6.6340685,Rio Frio,2025-10-20 12:30,43,3
L9503477,PT,PT-01,PT-01-AL,40.742543,-8.4416608,Rio Fílveda--Rota dos Moinhos de Ribeira de Fráguas,2026-06-10 10:11,32,15
L9462547,PT,PT-08,PT-08-TA,37.153467,-7.6731532,Rio Gilão--Ponte de São Domingues,2026-08-20 18:21,111,151
L28582875,PT,PT-02,PT-02-SE,37.9488674,-7.6740033,Rio Guadiana--Moinho da Amendoeira,2026-06-26 17:21,58,7
L2599510,PT,PT-12,PT-12-EL,38.7774509,-7.173788,Rio Guadiana--Ponte da Senhora da Ajuda,2026-07-27 18:23,147,144
L6227049,PT,PT-13,PT-13-MI,41.2293028,-8.6484011,Rio Leça--Couço,2026-05-17 10:58,59,16
L3311516,PT,PT-13,PT-13-VA,41.2234262,-8.561689,Rio Leça--Ermesinde,2026-09-04 07:38,106,208
L2752476,PT,PT-13,PT-13-MI,41.2169352,-8.5794747,Rio Leça--Milheirós,2026-07-31 15:20,54,14
L6555675,PT,PT-13,PT-13-MT,41.2185735,-8.6568886,Rio Leça--Parque da Ciência,2026-09-27 10:11,80,58
L6588250,PT,PT-13,PT-13-MT,41.2149977,-8.6675839,Rio Leça--Parque da Ponte do Carro,2026-07-30 16:26,69,27
L12720166,PT,PT-13,PT-13-MT,41.2181054,-8.6461702,Rio Leça--Ponte Medieval de D. Goimil,2026-05-09 15:49,66,17
L4103393,PT,PT-13,PT-13-ST,41.2830955,-8.4690334,Rio Leça--Reguenga,2024-12-21 16:12,72,59
L4099049,PT,PT-13,PT-13-ST,41.2559099,-8.4842415,Rio Leça--Água Longa/Agrela,2026-02-28 20:51,91,143
L3819793,PT,PT-04,PT-04-VM,41.6088234,-6.5601839,Rio Maçãs--ponte da N218,2026-06-22 20:12,65,32
L7274393,PT,PT-16,PT-16-CA,41.9160123,-8.7823538,Rio Minho--Caniçal de Lanhelas,2026-09-24 16:04,119,207
L1862108,PT,PT-02,PT-02-OD,37.5117556,-8.4756085,Rio Mira--Santa Clara-a-Velha,2026-07-19 10:50,112,96
L4699670,PT,PT-06,PT-06-PC,40.2740906,-8.2727641,Rio Mondego--Açude de Penacova,2026-02-14 13:20,72,23
L3332094,PT,PT-09,PT-09-CB,40.6546185,-7.3823365,Rio Mondego--Casas do Rio,2026-06-07 18:31,78,10
L3304675,PT,PT-09,PT-09-GO,40.5478606,-7.6982188,Rio Mondego--Cativelos,2026-05-17 07:55,67,22
L4200037,PT,PT-18,PT-18-MA,40.545105,-7.7135986,Rio Mondego--Contenças,2022-01-12 13:41,47,5
L10186973,PT,PT-18,PT-18-MA,40.5688057,-7.5977172,Rio Mondego--Gouveia-Gare,2026-07-17 07:42,65,11
L3291776,PT,PT-09,PT-09-GO,40.5859135,-7.5665653,Rio Mondego--Ponte Nova,2026-07-29 09:00,91,50
L3334403,PT,PT-09,PT-09-CB,40.655126,-7.3413938,Rio Mondego--Praia Fluvial da Ratoeira,2026-05-22 20:02,103,57
L3317631,PT,PT-09,PT-09-FA,40.6123887,-7.5184464,Rio Mondego--Praia fluvial da Ponte de Juncais,2026-09-27 07:39,83,108
L3289965,PT,PT-09,PT-09-CB,40.6508043,-7.372086,Rio Mondego--Santo António do Rio,2026-03-12 13:45,112,59
L6051909,PT,PT-18,PT-18-CS,40.3867952,-8.0425233,Rio Mondego--Senhora da Ribeira,2025-08-04 15:59,47,2
L3289665,PT,PT-09,PT-09-GO,40.5645466,-7.6067233,Rio Mondego--foz da ribeira de São Paio,2026-07-29 20:30,107,372
L6128550,PT,PT-18,PT-18-NE,40.5022321,-7.8232795,Rio Mondego--ponte da N231,2026-05-14 19:15,55,12
L4587619,PT,PT-18,PT-18-CS,40.4025327,-7.987479,Rio Mondego--ponte de Currelos,2026-09-20 15:26,68,19
L41115230,PT,PT-05,PT-05-CB,39.8670402,-7.5416023,Rio Ocreza--Chafariz Municipal,2026-04-09 19:33,73,12
L76294503,PT,PT-18,PT-18-CD,40.8875593,-7.9072648,Rio Paiva--Praia Fluvial da Folgosa,2026-08-27 14:40,29,1
L19303712,PT,PT-18,PT-18-MB,40.8598606,-7.6824357,Rio Paiva--Segões,2026-08-27 16:54,53,19
L6948027,PT,PT-18,PT-18-VS,40.662347,-7.925457,Rio Pavia--Ponte Quinta da Azenha,2026-09-05 10:03,73,43
L3742361,PT,PT-17,PT-17-RP,41.443981,-7.7755952,Rio Póio--Alvadia,2026-09-09 10:17,80,24
L4392323,PT,PT-10,PT-10-BO,39.3028333,-9.191,Rio Real--vale da Columbeira,2026-09-14 10:48,59,38
L13910193,PT,PT-04,PT-04-MC,41.415,-6.7791667,Rio Sabor--ponte da N217,2026-09-24 09:23,56,17
L20234579,PT,PT-09,PT-09-SE,40.443324,-7.7829672,Rio Seia--Poço dos Búzios,2025-10-12 13:00,69,10
L21678673,PT,PT-14,PT-14-CR,38.9540294,-8.5337945,Rio Sorraia--Passeio Pedestre da Cegonha,2026-09-20 07:45,92,52
L6611086,PT,PT-14,PT-14-CR,39.0052052,-8.3204784,Rio Sorraia--Santa Justa/Escusa,2026-07-25 18:03,145,115
L2456265,PT,PT-14,PT-14-CR,38.9953065,-8.2865238,Rio Sorraia--ponte de Santa Justa,2026-07-25 18:35,133,142
L10017346,PT,PT-13,PT-13-GO,41.0986953,-8.4930925,Rio Sousa--Trilhos dos Moinhos de Jancido,2026-09-21 07:20,101,330
L5955249,PT,PT-17,PT-17-MF,41.167626,-7.894878,Rio Teixeira--Ponte de Carrapatelo,2026-04-24 13:36,27,7
L2346603,PT,PT-14,PT-14-AB,39.4416384,-8.1999072,Rio Torto,2026-04-11 14:17,66,19
L3096722,PT,PT-02,PT-02-OU,37.4597346,-8.3393097,Rio Torto,2024-04-10 14:02,55,3
L3321887,PT,PT-09,PT-09-GO,40.5047937,-7.6570201,Rio Torto,2024-11-23 13:46,77,50
L21807802,PT,PT-09,PT-09-TR,40.7979544,-7.4325874,Rio Távora--Vila Novinha,2026-07-07 19:50,70,9
L7468579,PT,PT-17,PT-17-CH,41.7007866,-7.5366417,Rio Tâmega/Moure,2026-07-06 19:45,97,54
L3755525,PT,PT-08,PT-08-LO,37.3957324,-7.9894209,Rio Vascão--Várzea do Tasnal,2026-05-05 08:05,87,22
L29657190,PT,PT-08,PT-08-LO,37.345165,-7.995395,Rio Vascão--Ximeno,2026-04-26 12:35,49,6
L2848839,PT,PT-06,PT-06-MV,40.2155868,-8.5821033,Rio Velho--Tentúgal,2026-02-22 11:17,109,77
L7117453,PT,PT-05,PT-05-CO,40.3645963,-7.3567093,Rio Zêzere--Foz da Ribeira de Gaia,2026-09-12 08:38,93,51
L9078051,PT,PT-05,PT-05-CO,40.2361501,-7.4909426,Rio Zêzere--Ponte Pedrinha,2026-08-02 13:59,73,17
L3289987,PT,PT-09,PT-09-MA,40.402647,-7.52424,Rio Zêzere--São Gabriel,2026-05-03 15:50,69,168
L3780415,PT,PT-10,PT-10-AC,39.4832562,-8.995625,Rio das Antas--Laje,2026-05-23 07:54,41,45
L3400621,PT,PT-06,PT-06-TA,40.3770412,-8.0020863,Rio de Cavalos--Babau,2026-07-06 14:15,62,22
L3580303,PT,PT-11,PT-11-LS,38.8341084,-9.17117,Rio de Loures--Ponte da N115,2026-04-02 09:16,59,49
L3405954,PT,PT-11,PT-11-SI,38.7713981,-9.3273403,Rio de Mouro Velho--Várzea,2026-03-01 14:25,55,40
L1067935,PT,PT-30,PT-30-CT,32.7601395,-17.1266556,Risco,2026-09-27 14:30,37,141
L1453992,PT,PT-08,PT-08-LO,37.2577039,-8.1091363,Rocha da Pena,2026-08-23 10:58,107,116
L8159090,PT,PT-20,PT-20-VE,38.7185358,-28.2518746,Rosais,2025-08-15 14:44,19,7
L2485290,PT,PT-05,PT-05-IN,39.7516773,-7.1301699,Rosmaninhal--Vale David,2026-06-14 17:11,79,34
L22555340,PT,PT-01,PT-01-OV,40.8383758,-8.6343741,Rua de Enxemil,2026-08-11 14:08,90,26
L2892750,PT,PT-13,PT-13-MT,41.23165,-8.6905798,Rua de Rassamunde--Mata,2026-09-20 08:49,74,223
L9632183,PT,PT-10,PT-10-BA,39.6723315,-8.7571436,"Rua do Arieiro, Leiria",2025-07-07 09:44,70,16
L4837296,PT,PT-09,PT-09-SA,40.3508599,-7.0961297,Sabugal--Centro Histórico e Parque Ribeirinho,2026-09-25 10:45,98,318
L29226831,PT,PT-09,PT-09-SA,40.3594053,-7.0888316,Sabugal--Meandros do Côa,2026-09-24 08:27,108,255
L3582176,PT,PT-11,PT-11-SI,38.8254151,-9.2981536,Sabugo,2026-04-18 20:27,65,15
L2278311,PT,PT-07,PT-07-AR,38.7644128,-8.1228926,Sabugueiro,2025-12-03 17:09,99,38
L3766825,PT,PT-07,PT-07-MN,38.6165351,-8.3223796,Safira,2026-09-17 10:10,95,15
L965533,PT,PT-08,PT-08-AB,37.094553,-8.3243752,Salgados Golf (campo de golfe dos Salgados),2026-07-27 19:35,167,101
L5904119,PT,PT-08,PT-08-LA,37.1099333,-8.4317975,Salicos,2026-09-27 12:41,129,132
L21705635,PT,PT-01,PT-01-AV,40.6296472,-8.6617063,Salina de Santiago da Fonte,2026-09-23 18:23,152,823
L5596654,PT,PT-10,PT-10-LE,39.8741438,-8.8529806,Salinas da Junqueira,2026-08-08 10:25,127,103
L1845412,PT,PT-11,PT-11-VX,38.8795404,-9.0414738,Salinas de Alverca e Forte da Casa--Alverca,2026-08-09 19:29,123,120
L1767054,PT,PT-11,PT-11-VX,38.8831368,-9.0363129,Salinas de Alverca e Forte da Casa--ETAR de Alverca,2026-09-27 18:52,168,1093
L1674381,PT,PT-11,PT-11-VX,38.8710575,-9.0448343,Salinas de Alverca e Forte da Casa--Forte da Casa,2026-09-05 12:31,169,344
L977961,PT,PT-11,PT-11-VX,38.8765162,-9.0454372,Salinas de Alverca e Forte da Casa--área geral,2026-09-12 11:03,165,264
L1327567,PT,PT-08,PT-08-LS,37.1490192,-8.6409939,Salinas de Odiaxere,2026-09-27 17:11,152,238
L19542118,PT,PT-16,PT-16-VC,41.6975104,-8.7764972,Salinas de Portuzelo,2025-08-02 00:00,54,11
L1206058,PT,PT-15,PT-15-AC,38.7442829,-8.9765489,Salinas do Brito,2026-09-27 09:54,176,1341
L1877087,PT,PT-15,PT-15-AC,38.7346553,-8.992377,Salinas do Samouco (acesso condicionado),2026-09-26 10:50,205,705
L4599075,PT,PT-17,PT-17-MT,41.6396935,-7.9494667,Salto,2026-09-03 16:20,101,56
L3318096,PT,PT-02,PT-02-BE,37.9350592,-7.7747154,Salvada,2025-04-16 07:44,70,11
L13067300,PT,PT-12,PT-12-CM,39.0452254,-6.9778437,Salvador,2025-01-19 09:29,74,12
L5788668,PT,PT-14,PT-14-SM,39.0272521,-8.7936115,Salvaterra de Magos (centro urbano),2025-11-09 07:45,56,9
L3246316,PT,PT-17,PT-17-VR,41.4088835,-7.7134448,Samardã,2023-07-17 09:54,99,38
L16204235,PT,PT-04,PT-04-BR,41.7869804,-6.750382,Samil - Bragança,2023-06-22 13:13,37,5
L4315104,PT,PT-14,PT-14-CN,39.4927127,-8.331219,Santa Bárbara ,2026-02-26 09:48,79,43
L2888252,PT,PT-05,PT-05-IN,39.8492383,-7.3082685,Santa Catarina,2026-02-20 14:49,86,29
L3154738,PT,PT-15,PT-15-AS,38.400133,-8.4339809,Santa Catarina de Sítimos,2026-04-16 07:18,126,50
L56456340,PT,PT-20,PT-20-PD,37.7336879,-25.6828603,Santa Clara,2026-09-19 12:53,42,56
L3318040,PT,PT-02,PT-02-BE,37.9712166,-7.8719402,Santa Clara de Louredo,2026-06-19 09:19,111,24
L5647401,PT,PT-13,PT-13-ST,41.3359063,-8.4377843,Santa Cruz,2019-11-18 11:30,41,8
L2821702,PT,PT-12,PT-12-EL,39.0051429,-7.2521782,Santa Eulália,2026-06-05 19:18,77,21
L29656105,PT,PT-02,PT-02-SE,37.877102,-7.537286,Santa Iria--Ponte da Ribeira de Limas,2026-04-03 16:11,24,2
L2057668,PT,PT-07,PT-07-AR,38.7483936,-7.848959,Santa Justa,2026-09-10 11:44,118,97
L17291336,PT,PT-12,PT-12-CV,39.4601503,-7.5707456,Santa Luzia,2025-01-02 16:22,47,5
L3893564,PT,PT-08,PT-08-TA,37.1025196,-7.6650653,Santa Luzia--Caminho das Trindades,2026-09-20 10:12,107,68
L2590643,PT,PT-02,PT-02-FA,38.111329,-8.3580208,Santa Margarida do Sado,2025-12-27 08:52,79,6
L6594702,PT,PT-17,PT-17-VP,41.503823,-7.7421108,Santa Marta do Alvão,2026-06-12 16:10,90,50
L2776077,PT,PT-15,PT-15-AS,38.4453208,-8.3932543,Santa Susana,2026-04-16 08:53,72,11
L3422671,PT,PT-15,PT-15-AS,38.4437074,-8.3721399,Santa Susana--Albufeira do Pego do Altar,2026-04-16 07:51,97,38
L2797267,PT,PT-07,PT-07-RD,38.5758164,-7.6680708,Santa Suzana,2026-08-21 12:06,81,14
L4364371,PT,PT-03,PT-03-BR,41.5469062,-8.4111853,Santa Tecla--Rio Este,2026-08-10 09:23,61,45
L4077590,PT,PT-07,PT-07-PO,38.2726548,-7.7990055,Santana,2023-07-27 08:25,87,13
L4414825,PT,PT-13,PT-13-LO,41.2994115,-8.280344,Santo Adrião,2024-01-23 09:20,35,4
L2951272,PT,PT-02,PT-02-MO,38.0685795,-7.1510982,Santo Aleixo da Restauração,2023-06-07 13:08,95,17
L11939293,PT,PT-17,PT-17-RP,41.5413374,-7.8080265,Santo Aleixo de Além Tâmega,2026-05-31 06:56,96,268
L2912654,PT,PT-12,PT-12-SO,38.9722219,-7.5808239,Santo Amaro,2025-12-17 10:47,75,9
L9489282,PT,PT-17,PT-17-MT,41.8640332,-7.667025,Santo André,2026-05-01 20:38,70,9
L5993058,PT,PT-20,PT-20-SP,38.536365,-28.3352047,Santo António,2026-07-22 15:36,45,274
L2853945,PT,PT-10,PT-10-CP,40.0792286,-8.161841,Santo António da Neve,2026-03-28 08:28,80,34
L7842759,PT,PT-15,PT-15-AM,38.6532671,-9.207241,Santo António da Romeira,2026-08-11 19:28,58,44
L5834467,PT,PT-30,PT-30-SC,32.7231785,-16.8215667,Santo António da Serra,2026-09-20 14:06,36,93
L2484999,PT,PT-12,PT-12-AV,39.0230539,-7.9116369,Santo António de Alcorrego,2026-03-28 17:41,43,4
L3455803,PT,PT-07,PT-07-ES,38.9189688,-7.5976145,Santo Estevão,2026-06-23 19:39,46,5
L3168277,PT,PT-11,PT-11-MA,38.9015205,-9.2588997,Santo Estêvão das Galés,2024-04-01 07:24,56,13
L4480731,PT,PT-03,PT-03-GU,41.5092568,-8.3246407,Santo Estêvão de Briteiros,2026-09-15 12:13,100,236
L8602897,PT,PT-13,PT-13-ST,41.3404793,-8.4774155,Santo Tirso (centro urbano),2026-06-02 08:36,79,722
L3859569,PT,PT-14,PT-14-TM,39.5416197,-8.4343937,Santos Mártires,2026-08-15 11:54,65,83
L2684542,PT,PT-12,PT-12-CM,39.0820396,-7.0148349,Santuário de Enxara,2026-04-25 12:00,103,52
L3017167,PT,PT-14,PT-14-OU,39.6327415,-8.6723113,Santuário de Fátima,2026-09-15 11:17,80,169
L3168099,PT,PT-15,PT-15-AM,38.6786421,-9.1713738,Santuário e Encosta do Cristo Rei (acesso condicionado),2026-08-20 09:10,71,98
L975157,PT,PT-15,PT-15-MT,38.6613527,-8.9994979,Sapal da Moita,2026-08-18 09:15,159,153
L980669,PT,PT-15,PT-15-MT,38.6646535,-9.0214062,Sapal de Alhos Vedros,2026-09-25 09:45,181,455
L2163926,PT,PT-15,PT-15-SX,38.64359,-9.144702,Sapal de Corroios--Moinho de Maré,2026-09-25 18:49,138,553
L1471835,PT,PT-15,PT-15-SX,38.6496508,-9.1165668,Sapal de Corroios--Península da Ponta dos Corvos,2026-09-10 15:41,154,278
L3176191,PT,PT-15,PT-15-SX,38.6450799,-9.1224936,Sapal de Corroios--Área Geral,2026-08-20 15:45,156,300
L4930466,PT,PT-15,PT-15-MN,38.6888261,-8.9737487,Sapal de Sarilhos Grandes,2025-09-20 15:10,120,32
L1670893,PT,PT-15,PT-15-SX,38.6169477,-9.0582841,Sapal do Coina,2026-08-29 16:50,123,165
L7927770,PT,PT-16,PT-16-CA,41.8796651,-8.828265,Sapal do Coura,2026-09-27 09:46,165,2868
L3179730,PT,PT-11,PT-11-SM,38.9669501,-9.1978741,Sapataria,2025-08-09 13:15,60,11
L6594809,PT,PT-17,PT-17-RP,41.5814636,-7.7469529,Seirós,2026-03-11 08:35,79,55
L35736751,PT,PT-30,PT-30-PM,32.8242852,-17.1087971,Seixal,2026-09-25 16:32,26,13
L20445520,PT,PT-15,PT-15-SX,38.6475655,-9.1436731,Seixal--Clube Recreativo e Desportivo Brasileiro/Rouxinol,2026-06-18 10:00,61,24
L12476522,PT,PT-15,PT-15-SX,38.6332704,-9.1049194,Seixal--Quinta da Fidalga (acesso condicionado),2026-05-14 11:18,54,18
L5123985,PT,PT-15,PT-15-MN,38.70281,-9.0067399,Seixalinho,2026-09-10 10:31,99,51
L2710396,PT,PT-02,PT-02-VI,38.1450876,-7.7609825,Selmes,2026-01-10 09:05,51,3
L3715952,PT,PT-02,PT-02-AM,37.5408343,-7.9592943,Semblana,2026-05-08 12:24,83,24
L2697060,PT,PT-14,PT-14-CH,39.3127848,-8.2888842,Semideiro,2024-06-18 13:49,66,10
L12537271,PT,PT-06,PT-06-FF,40.1593102,-8.8522976,Seminário da Imaculada Conceição,2023-12-26 13:15,53,29
L3159712,PT,PT-15,PT-15-AM,38.6807611,-9.165194,Seminário de São Paulo (acesso condicionado),2026-09-20 11:14,92,442
L18276631,PT,PT-18,PT-18-TB,41.05041,-7.539479,Sendim,2026-04-29 15:40,58,28
L3747127,PT,PT-17,PT-17-MT,41.8887325,-7.763257,Sendim,2026-07-18 09:00,83,105
L4115501,PT,PT-12,PT-12-PA,39.2628455,-7.5128621,Senhor dos Aflitos,2026-06-01 11:07,74,15
L4141547,PT,PT-12,PT-12-AV,39.0829057,-8.0810022,Senhora da Arrabaça,2019-06-18 14:47,43,5
L8137977,PT,PT-16,PT-16-MO,42.069167,-8.52353,Senhora da Cabeça (ecopista),2026-06-13 18:17,69,24
L2768550,PT,PT-14,PT-14-AB,39.4643553,-8.0610962,Senhora da Guia,2026-01-06 13:35,133,179
L3242014,PT,PT-12,PT-12-NI,39.4051083,-7.6415706,Senhora da Redonda,2025-12-31 17:01,50,7
L12925889,PT,PT-08,PT-08-LA,37.0965308,-8.3881608,Senhora da Rocha,2026-06-29 10:30,79,70
L8943932,PT,PT-11,PT-11-OE,38.7222565,-9.2495713,Senhora da Rocha,2026-09-27 11:21,73,90
L10080765,PT,PT-16,PT-16-CA,41.8423505,-8.7896133,Senhora das Neves,2021-06-10 13:56,3,1
L4756095,PT,PT-17,PT-17-BO,41.7394892,-7.5839567,Senhora das Neves,2018-08-30 17:11,54,5
L7599400,PT,PT-18,PT-18-MA,40.6118023,-7.7434516,Senhora do Castelo,2026-09-26 15:26,58,21
L2704890,PT,PT-08,PT-08-PO,37.2200426,-8.5860085,Senhora do Verde,2025-10-25 09:20,81,11
L7116804,PT,PT-12,PT-12-NI,39.6195349,-7.5454156,Senhora dos Remédios,2026-02-26 15:30,54,13
L10923196,PT,PT-18,PT-18-NE,40.5438429,-7.8102764,Senhorim,2026-05-23 08:42,101,112
L6055900,PT,PT-04,PT-04-VM,41.6289163,-6.460433,Serapicos,2026-06-02 17:19,99,29
L2888359,PT,PT-01,PT-01-AG,40.6720781,-8.4505677,Sernada do Vouga,2026-06-28 15:13,61,8
L3336507,PT,PT-02,PT-02-BA,38.1407933,-6.9672418,Serra Colorada--Encosta Leste,2022-05-10 15:40,48,11
L11737102,PT,PT-16,PT-16-CA,41.8465152,-8.7118363,Serra d'Arga--Arga de Baixo,2026-07-25 17:51,54,22
L9504201,PT,PT-16,PT-16-CA,41.8502778,-8.7477778,Serra d'Arga--Arga de São João,2025-07-12 15:16,55,37
L9361013,PT,PT-16,PT-16-CA,41.8383333,-8.7325,Serra d'Arga--Mosteiro de São João d'Arga,2026-04-24 18:17,50,28
L9503657,PT,PT-16,PT-16-VC,41.8001483,-8.6889704,Serra d'Arga--Senhora do Minho,2026-08-12 21:00,54,81
L3854864,PT,PT-16,PT-16-CA,41.8256103,-8.7112784,Serra d'Arga--área geral,2026-08-12 19:30,85,46
L11007101,PT,PT-16,PT-16-CA,41.8327778,-8.6927778,Serra d'Arga-Arga de Cima,2026-07-25 17:39,44,21
L3942990,PT,PT-13,PT-13-AM,41.1981284,-8.0346751,Serra da Aboboreira,2026-06-10 07:47,89,76
L2951342,PT,PT-02,PT-02-MO,38.0214553,-7.3137188,Serra da Adiça,2024-01-27 14:46,71,8
L34299513,PT,PT-01,PT-01-AR,40.8835901,-8.167769,Serra da Arada--Covelo de Paivó,2020-08-12 10:37,20,2
L25227293,PT,PT-01,PT-01-AR,40.8611116,-8.1172892,Serra da Arada--Drave,2025-07-05 10:18,24,3
L7738517,PT,PT-18,PT-18-SP,40.8323897,-8.1581996,Serra da Arada--Fraguinha,2026-06-18 08:34,95,46
L25238621,PT,PT-01,PT-01-AR,40.8792357,-8.1341754,Serra da Arada--Regoufe,2026-05-02 12:33,23,1
L34299298,PT,PT-01,PT-01-AR,40.8771494,-8.1893344,Serra da Arada--Rio de Frades,2020-08-12 11:40,12,2
L2893059,PT,PT-01,PT-01-AR,40.8626155,-8.118098,Serra da Arada--área geral,2026-02-24 14:30,51,9
L3454893,PT,PT-17,PT-17-SA,41.2817239,-7.6110363,Serra da Azinheira,2026-03-21 12:57,78,21
L6141949,PT,PT-06,PT-06-FF,40.1990682,-8.8911581,Serra da Boa Viagem,2026-09-12 12:47,78,56
L2735772,PT,PT-03,PT-03-VM,41.6465865,-8.091259,Serra da Cabreira,2023-08-26 07:20,97,42
L2596895,PT,PT-07,PT-07-EV,38.4490516,-7.8004217,Serra da Espinheira,2024-01-19 11:07,51,6
L3805162,PT,PT-20,PT-20-HO,38.5699112,-28.7216949,Serra da Feteira,2026-09-26 11:25,21,98
L12056588,PT,PT-01,PT-01-AR,40.8772365,-8.2173298,Serra da Freita - Cando,2026-07-08 08:14,37,16
L4685467,PT,PT-01,PT-01-VC,40.8519493,-8.2846227,Serra da Freita - Castanheira,2026-06-21 14:37,52,20
L2664599,PT,PT-01,PT-01-AR,40.8676181,-8.2744845,Serra da Freita--Albergaria da Serra,2026-07-19 14:09,72,43
L12055798,PT,PT-01,PT-01-VC,40.8465387,-8.259814,Serra da Freita--Côvo,2026-07-29 10:05,54,19
L2664673,PT,PT-01,PT-01-AR,40.8747713,-8.2984644,Serra da Freita--Merujal,2026-07-29 06:36,87,101
L33862041,PT,PT-01,PT-01-VC,40.8372269,-8.2686308,Serra da Freita--Miradouro do Cabeço do Gralheiro,2024-06-24 15:34,14,1
L6203791,PT,PT-01,PT-01-AR,40.8637608,-8.2856561,Serra da Freita--Mizarela,2026-07-29 08:52,78,74
L11562829,PT,PT-01,PT-01-AR,40.8770716,-8.2499986,Serra da Freita--parque eólico,2026-06-26 17:50,34,13
L9677322,PT,PT-01,PT-01-AR,40.8615377,-8.2655696,Serra da Freita--turfeiras do planalto,2026-06-21 11:06,71,61
L2893073,PT,PT-01,PT-01-AR,40.8684135,-8.259794,Serra da Freita--área geral,2026-07-09 08:48,111,254
L2918298,PT,PT-05,PT-05-FU,40.1110979,-7.4840498,Serra da Gardunha--Alcongosta,2026-06-06 12:10,88,38
L3957642,PT,PT-05,PT-05-FU,40.0929433,-7.5300336,Serra da Gardunha--Carvalhal,2026-03-01 10:34,54,10
L3138637,PT,PT-05,PT-05-FU,40.066643,-7.506398,Serra da Gardunha--área geral,2026-04-04 16:58,99,44
L3620540,PT,PT-06,PT-06-LO,40.0919723,-8.2358193,Serra da Lousã--Casal Novo,2026-08-13 19:11,66,15
L2656938,PT,PT-06,PT-06-LO,40.0920379,-8.2260776,Serra da Lousã--Talasnal,2026-09-17 12:48,64,39
L7266733,PT,PT-05,PT-05-IN,40.0665141,-7.1219918,Serra da Moreirinha,2022-06-04 17:33,91,39
L2888854,PT,PT-04,PT-04-BR,41.7344934,-6.8714762,Serra da Nogueira--Área Geral,2023-06-12 10:08,79,12
L11342317,PT,PT-12,PT-12-PA,39.3035893,-7.4451732,Serra da Penha,2026-08-21 08:56,106,72
L6145621,PT,PT-18,PT-18-LA,41.1013479,-7.8406346,Serra das Meadas,2026-09-18 10:27,94,87
L5870698,PT,PT-09,PT-09-SA,40.2732098,-6.8685713,Serra das Mesas--Lameirão Grande/Nascente do Côa,2026-06-05 13:49,94,76
L5192973,PT,PT-20,PT-20-MA,38.4866162,-28.4547409,Serra das Velhas,2026-09-13 15:45,32,70
L2652272,PT,PT-10,PT-10-AN,39.8579359,-8.4123731,Serra de Ariques,2026-05-06 09:11,60,11
L2664642,PT,PT-04,PT-04-MC,41.4684574,-6.9524574,Serra de Bornes--topo norte,2026-04-09 09:39,61,5
L2664620,PT,PT-04,PT-04-MC,41.4374503,-6.9994497,Serra de Bornes--topo sul,2026-04-06 09:55,59,5
L3277467,PT,PT-08,PT-08-AJ,37.232342,-8.7784399,Serra de Espinhaço de Cão--Almarjanito,2025-12-03 10:11,83,34
L36300419,PT,PT-08,PT-08-AJ,37.234734,-8.79226,Serra de Espinhaço de Cão--Amieira,2026-09-24 15:45,105,58
L2704864,PT,PT-08,PT-08-AJ,37.2125078,-8.8334241,Serra de Espinhaço de Cão--Cabeços da Bordeira,2026-09-27 09:26,119,67
L2305760,PT,PT-08,PT-08-LS,37.1852452,-8.7783551,Serra de Espinhaço de Cão--Corte Cardeira,2026-09-27 09:43,164,911
L3116852,PT,PT-08,PT-08-AJ,37.2297557,-8.7576857,Serra de Espinhaço de Cão--Guerreiros,2026-09-21 09:19,127,198
L21779239,PT,PT-08,PT-08-AJ,37.2127664,-8.7917928,Serra de Espinhaço de Cão--Pedras de Mocho,2026-09-25 09:05,111,149
L3139815,PT,PT-08,PT-08-LS,37.2044642,-8.7489038,Serra de Espinhaço de Cão--Pincho,2026-09-11 18:15,136,162
L2313949,PT,PT-08,PT-08-LS,37.1613426,-8.8263559,Serra de Espinhaço de Cão--Ribeira do Paraíso,2026-08-05 07:25,116,66
L2704872,PT,PT-08,PT-08-AJ,37.191365,-8.8133955,Serra de Espinhaço de Cão--Samouqueira,2025-11-11 09:05,67,7
L3271820,PT,PT-08,PT-08-MO,37.2484882,-8.7204679,Serra de Espinhaço de Cão--Três Figos,2026-03-15 09:03,81,19
L16714447,PT,PT-08,PT-08-AJ,37.2201537,-8.7837709,Serra de Espinhaço de Cão--Vale da Cruz,2026-09-02 17:30,102,41
L10272818,PT,PT-08,PT-08-LS,37.2220769,-8.7387102,Serra de Espinhaço de Cão--Vale de Lobos,2026-09-27 09:15,135,292
L2865933,PT,PT-08,PT-08-AJ,37.1948087,-8.7965298,Serra de Espinhaço de Cão--área geral,2026-03-05 12:29,106,38
L2951330,PT,PT-02,PT-02-MO,37.9674781,-7.2819614,Serra de Ficalho,2026-01-24 17:09,75,12
L3393042,PT,PT-15,PT-15-GR,38.0933901,-8.6228943,Serra de Grândola,2024-04-06 11:54,79,9
L5899070,PT,PT-15,PT-15-GR,38.163946,-8.581303,Serra de Grândola - Penha,2026-04-23 09:44,74,20
L1478451,PT,PT-08,PT-08-MO,37.3239444,-8.5910933,Serra de Monchique,2026-09-27 10:45,115,126
L1291352,PT,PT-08,PT-08-MO,37.3156595,-8.5926497,Serra de Monchique--Alto da Fóia,2026-09-22 16:22,127,582
L4784023,PT,PT-07,PT-07-MN,38.5797752,-8.1807375,Serra de Monfurado--Caeiras,2026-01-01 12:43,80,32
L2794710,PT,PT-07,PT-07-EV,38.5884973,-8.1288958,Serra de Monfurado--Castelos,2024-04-26 10:09,65,14
L1910063,PT,PT-07,PT-07-MN,38.5541395,-8.1532288,Serra de Monfurado--Escoural,2026-02-27 15:15,94,47
L2794681,PT,PT-07,PT-07-MN,38.5313818,-8.1036615,Serra de Monfurado--São Brissos,2023-08-05 11:35,81,26
L2794715,PT,PT-07,PT-07-EV,38.5911138,-8.0947566,Serra de Monfurado--São Sebastião da Giesteira,2026-03-15 16:35,68,16
L43451425,PT,PT-18,PT-18-RE,41.0103665,-7.9481933,Serra de Montemuro--Planalto Central,2026-08-14 18:39,66,26
L2880154,PT,PT-18,PT-18-CI,41.0016015,-7.9653883,Serra de Montemuro--área geral,2026-06-20 18:43,92,45
L21426561,PT,PT-07,PT-07-ES,38.7401985,-7.5815356,Serra de Ossa -- Sul,2025-11-08 14:02,64,12
L2207928,PT,PT-07,PT-07-RD,38.7226842,-7.5686359,Serra de Ossa--Aldeia da Serra,2026-04-21 15:30,92,35
L11687899,PT,PT-05,PT-05-IN,40.0229073,-6.9698777,Serra de Penha Garcia--Vaca,2026-05-03 12:37,82,43
L48481963,PT,PT-12,PT-12-SO,38.931214,-7.686331,Serra de S. Miguel,2026-05-28 08:41,48,6
L7924308,PT,PT-20,PT-20-AH,38.7301764,-27.3173437,Serra de Santa Bárbara,2026-09-17 08:39,17,52
L6224985,PT,PT-18,PT-18-TR,41.008508,-7.806474,Serra de Santa Helena--área geral,2026-08-19 11:44,67,30
L3528105,PT,PT-13,PT-13-VA,41.1717811,-8.4936386,Serra de Santa Justa,2025-10-25 13:00,47,17
L3096898,PT,PT-10,PT-10-PB,39.922,-8.55327,Serra de Sicó,2026-05-01 11:16,58,13
L4878167,PT,PT-18,PT-18-RE,41.051996,-7.928743,Serra de São Cristóvão,2026-08-19 11:24,74,82
L4286746,PT,PT-17,PT-17-SA,41.1970628,-7.5873041,Serra de São Domingos,2026-05-12 19:21,57,9
L4999524,PT,PT-02,PT-02-OD,37.7304187,-8.6793064,Serra de São Luís,2026-06-06 22:45,108,31
L3601562,PT,PT-13,PT-13-VA,41.2193241,-8.503076,Serra de Valongo--Quintarei,2022-02-27 15:32,65,27
L29339499,PT,PT-09,PT-09-SA,40.3981517,-7.112365,Serra do Baraçal,2026-09-17 13:56,89,170
L2844490,PT,PT-17,PT-17-MT,41.7060788,-7.8416634,Serra do Barroso,2026-09-09 07:00,76,33
L13306494,PT,PT-17,PT-17-CH,41.711436,-7.4396563,Serra do Brunheiro,2026-07-08 09:27,53,12
L2949348,PT,PT-08,PT-08-TA,37.2482311,-7.7296758,Serra do Caldeirão--Alcaria do Cume,2026-09-22 13:55,61,18
L3016961,PT,PT-08,PT-08-LO,37.2372987,-7.9414415,Serra do Caldeirão--Barranco do Velho,2026-04-11 12:24,103,123
L3300227,PT,PT-08,PT-08-SB,37.2002531,-7.9414523,Serra do Caldeirão--Cortes,2026-03-24 10:10,67,24
L3360743,PT,PT-08,PT-08-SB,37.1977235,-7.8993845,Serra do Caldeirão--Cova da Muda,2026-09-03 09:55,70,32
L2949485,PT,PT-08,PT-08-TA,37.3309931,-7.7967846,Serra do Caldeirão--Garcia,2026-05-02 09:56,63,9
L3300206,PT,PT-08,PT-08-SB,37.2352145,-7.8902221,Serra do Caldeirão--Javali,2025-11-22 10:45,69,37
L2065178,PT,PT-08,PT-08-LO,37.268452,-7.9115295,Serra do Caldeirão--Montes Novos,2025-11-27 10:30,68,21
L3300241,PT,PT-08,PT-08-SB,37.247138,-7.8521132,Serra do Caldeirão--Parises,2026-03-18 14:00,76,23
L23959980,PT,PT-13,PT-13-BA,41.1710452,-7.9921118,Serra do Castelo,2026-07-25 07:10,84,32
L3508601,PT,PT-20,PT-20-PV,38.7108474,-27.1131742,Serra do Cume,2026-08-19 18:49,34,60
L2671085,PT,PT-09,PT-09-SA,40.3147448,-6.8917537,Serra do Homem de Pedra,2026-05-21 09:00,70,23
L2918200,PT,PT-17,PT-17-MT,41.8802697,-7.720634,Serra do Larouco,2026-08-17 19:35,116,234
L2602828,PT,PT-13,PT-13-AM,41.2749037,-7.9183316,Serra do Marão--Alto das Veias,2026-08-23 07:30,85,106
L12153432,PT,PT-13,PT-13-AM,41.3001009,-7.9517184,Serra do Marão--Covelo do Monte,2025-12-27 17:30,50,9
L3482188,PT,PT-17,PT-17-PR,41.2367129,-7.8794074,Serra do Marão--Fraga da Ermida,2026-08-19 13:03,70,67
L12153416,PT,PT-13,PT-13-AM,41.2761457,-7.9458189,Serra do Marão--Lameira,2025-11-30 10:04,61,29
L36251111,PT,PT-13,PT-13-BA,41.2173371,-7.9054905,Serra do Marão--Mafómedes,2025-05-18 13:39,32,16
L12153409,PT,PT-13,PT-13-AM,41.2911687,-7.9224247,Serra do Marão--Pena Suar,2026-07-11 15:08,49,27
L2602811,PT,PT-13,PT-13-BA,41.2476662,-7.885716,Serra do Marão--Senhora da Serra,2026-07-30 11:00,82,131
L5081393,PT,PT-02,PT-02-VI,38.2444495,-7.7808523,Serra do Mendro,2026-08-03 09:40,88,49
L2480084,PT,PT-07,PT-07-EV,38.5603815,-8.0844355,Serra do Monfurado--Boa Fé,2023-07-08 17:55,64,25
L2480075,PT,PT-07,PT-07-EV,38.5597103,-8.1238961,Serra do Monfurado--Freguises,2023-07-08 18:24,63,21
L48335933,PT,PT-18,PT-18-CI,40.9737445,-7.9875622,Serra do Montemuro,2026-08-31 18:15,42,18
L18594825,PT,PT-05,PT-05-FU,40.2454212,-7.3578641,Serra do Pereiro,2024-08-01 10:45,76,44
L2750514,PT,PT-03,PT-03-FA,41.5196552,-8.0991125,Serranias de Fafe,2025-09-06 08:10,90,57
L2733752,PT,PT-03,PT-03-GU,41.405184,-8.2333678,Serzedo,2026-01-02 15:40,40,9
L5961775,PT,PT-15,PT-15-SS,38.5204031,-9.0980959,Sesimbra Natura Park (acesso condicionado),2026-08-24 07:11,119,93
L4309099,PT,PT-08,PT-08-PO,37.1506027,-8.562609,Sesmarias de Baixo,2025-08-06 14:00,60,48
L4570741,PT,PT-03,PT-03-BR,41.569247,-8.4041601,Sete Fontes,2026-09-23 10:32,95,122
L4642239,PT,PT-06,PT-06-MC,40.0600017,-8.3633772,Sete Quintas,2024-06-21 10:00,63,27
L2593133,PT,PT-11,PT-11-LI,38.7418121,-9.1682625,Sete Rios,2026-09-22 16:40,72,177
L11366572,PT,PT-15,PT-15-SX,38.6345334,-9.0829846,Siderurgia Nacional--área norte,2026-09-13 08:36,127,151
L3248162,PT,PT-15,PT-15-SX,38.6058638,-9.0601265,Siderurgia Nacional--área sul,2026-06-16 17:22,95,101
L3401915,PT,PT-15,PT-15-GR,38.2143786,-8.4816384,Silha do Pascoal,2026-09-21 12:00,106,36
L37956698,PT,PT-20,PT-20-LF,39.434387,-31.248348,Silveira,2026-08-14 22:20,12,6
L10567242,PT,PT-11,PT-11-SI,38.79707,-9.39072,Sintra--Centro Histórico e Palácio Nacional,2026-09-09 13:04,26,11
L9379946,PT,PT-17,PT-17-BO,41.6416356,-7.6266025,Sobradelo,2026-07-22 08:19,91,54
L2951338,PT,PT-02,PT-02-MO,38.0226723,-7.2587442,Sobral da Adiça,2024-12-22 15:30,94,20
L12351560,PT,PT-15,PT-15-AM,38.646166,-9.1776067,Sobreda--Parque Urbano e Pista de Atletismo,2026-03-11 08:48,78,67
L3026301,PT,PT-09,PT-09-SA,40.3290024,-7.2157484,Sortelha,2026-08-01 18:20,100,96
L16053501,PT,PT-12,PT-12-SO,38.952375,-7.6747119,Sousel,2025-04-27 08:49,85,21
L3026322,PT,PT-03,PT-03-GU,41.5058456,-8.3069944,Souto,2025-12-25 12:08,50,7
L3016129,PT,PT-18,PT-18-LA,41.115508,-7.7958941,Souto Covo,2026-07-17 17:25,69,47
L4181436,PT,PT-03,PT-03-BA,41.5249653,-8.6296535,Souto dos Burros,2026-03-09 18:04,63,33
L23417461,PT,PT-01,PT-01-SM,40.89955,-8.5500515,Souto--rio Sarrilha,2025-08-23 14:12,54,31
L2466241,PT,PT-02,PT-02-ME,37.5261076,-7.7150102,São Bartolomeu de Via Glória,2026-08-22 17:29,83,16
L20337457,PT,PT-16,PT-16-AV,41.9726128,-8.2588187,São Bento do Cando,2026-08-15 19:46,32,12
L4101071,PT,PT-07,PT-07-ES,38.9391166,-7.5778627,São Bento do Cortiço,2017-12-28 16:14,41,2
L2607640,PT,PT-02,PT-02-BE,38.0707982,-7.9450035,São Brissos,2024-04-05 07:07,87,27
L2968276,PT,PT-02,PT-02-SE,37.8942953,-7.6123881,São Brás,2026-07-30 07:45,70,7
L4416796,PT,PT-08,PT-08-SB,37.1538864,-7.8884625,São Brás de Alportel (centro urbano),2026-06-11 20:03,50,20
L2485221,PT,PT-07,PT-07-EV,38.4310009,-8.0573773,São Brás do Regedouro,2026-05-06 08:44,102,72
L12998460,PT,PT-14,PT-14-GO,39.4382139,-8.4515027,São Caetano,2026-04-12 10:18,76,21
L7695470,PT,PT-18,PT-18-AR,41.119175,-7.731389,São Domingos de Fontelo,2026-09-06 13:54,59,20
L2279665,PT,PT-07,PT-07-MN,38.7646125,-8.1967026,São Geraldo,2026-04-09 11:14,108,44
L3150232,PT,PT-06,PT-06-OH,40.3389555,-7.8017521,São Gião,2023-04-07 16:37,58,11
L1479105,PT,PT-14,PT-14-MA,39.5259661,-7.8513837,São José das Matas,2025-08-17 15:58,114,122
L12201074,PT,PT-18,PT-18-TR,40.994979,-7.746648,São João de Tarouca,2026-08-25 16:47,43,22
L2971618,PT,PT-17,PT-17-PR,41.1731718,-7.6719143,São Leonardo de Galafura,2026-09-05 13:25,52,32
L2207989,PT,PT-07,PT-07-EV,38.4621917,-7.7511978,São Manços,2026-05-01 10:44,96,46
L18730345,PT,PT-11,PT-11-SI,38.7484979,-9.2899932,São Marcos - Sintra,2026-09-17 18:53,58,139
L12608850,PT,PT-08,PT-08-SI,37.3648771,-8.3728978,São Marcos da Serra,2026-05-23 15:40,98,129
L2587163,PT,PT-02,PT-02-OD,37.653655,-8.4049273,São Martinho das Amoreiras,2026-07-26 13:05,108,88
L3234376,PT,PT-20,PT-20-AH,38.6561311,-27.2655237,São Mateus,2026-09-18 19:04,34,168
L8154518,PT,PT-20,PT-20-MA,38.431064,-28.4618471,São Mateus,2026-09-17 11:23,31,37
L1904663,PT,PT-07,PT-07-EV,38.5921872,-8.0025744,São Matias,2026-03-15 16:25,83,38
L2601738,PT,PT-02,PT-02-BE,38.1065678,-7.8453326,São Matias,2026-08-21 14:49,90,26
L7133995,PT,PT-18,PT-18-SC,40.3929943,-8.0961306,São Miguel,2026-08-25 11:54,62,18
L3293179,PT,PT-09,PT-09-GO,40.5232438,-7.5744081,São Paio,2025-06-19 11:43,50,6
L7431972,PT,PT-13,PT-13-ST,41.308687,-8.490037,São Paio de Guimarei,2024-10-31 12:20,67,692
L2094773,PT,PT-10,PT-10-MG,39.7591229,-9.0322866,São Pedro Moel,2026-05-10 09:26,89,65
L2278317,PT,PT-07,PT-07-AR,38.7447119,-8.0843496,São Pedro da Gafanhoeira,2025-11-30 11:49,66,9
L39965820,PT,PT-18,PT-18-TB,41.0749467,-7.5140767,São Pedro das Águias,2026-09-16 14:10,36,10
L15073967,PT,PT-18,PT-18-CI,41.008094,-8.0853733,São Pedro do Campo,2026-08-01 17:36,48,28
L8568321,PT,PT-09,PT-09-AL,40.6618676,-6.8404121,São Pedro do Rio Seco,2025-02-08 14:06,89,10
L4104020,PT,PT-07,PT-07-VV,38.7826038,-7.3081183,São Romão,2024-01-20 12:49,62,22
L8061935,PT,PT-16,PT-16-VC,41.615792,-8.776794,São Romão de Neiva,2026-09-08 06:32,55,102
L3154519,PT,PT-15,PT-15-AS,38.260289,-8.3544159,São Romão do Sado,2025-08-20 11:32,114,39
L7107452,PT,PT-17,PT-17-BO,41.6730631,-7.7759945,São Salvador de Viveiro,2026-05-21 15:39,79,26
L4514163,PT,PT-14,PT-14-TM,39.6341175,-8.4420061,São Simão,2026-04-18 08:10,49,35
L2821615,PT,PT-12,PT-12-PA,39.2358553,-7.3891854,São Tiago,2025-07-31 11:15,83,11
L6665563,PT,PT-08,PT-08-PO,37.1333183,-8.5874462,Sítio da Dourada,2026-02-20 13:15,65,29
L4199306,PT,PT-08,PT-08-LA,37.1617872,-8.4857851,Sítio das Fontes,2026-09-12 08:42,125,145
L3983664,PT,PT-15,PT-15-AC,38.7580222,-8.9388757,Sítio das Hortas--Parque de Merendas,2026-09-22 08:55,151,221
L3987563,PT,PT-03,PT-03-BR,41.562515,-8.422121,Sítio de Cabanas,2026-09-26 11:27,112,369
L4942164,PT,PT-13,PT-13-MI,41.24787,-8.5772109,Taim,2026-04-23 14:03,66,22
L3101364,PT,PT-14,PT-14-AB,39.470665,-8.1817326,Tainho,2023-08-09 11:38,45,4
L2172203,PT,PT-15,PT-15-MN,38.738419,-8.6968803,Taipadas,2026-06-27 07:15,79,15
L3751308,PT,PT-08,PT-08-CM,37.2638755,-7.5291109,Tanoeiro,2026-06-27 08:15,70,27
L4852604,PT,PT-30,PT-30-PS,33.0700022,-16.3413745,Tanque de Porto Santo,2026-07-04 20:50,84,86
L2456268,PT,PT-07,PT-07-MR,38.9518894,-8.1496561,Tanques Sopragol,2026-02-28 15:00,106,60
L3339534,PT,PT-11,PT-11-MA,38.9576401,-9.2966437,Tapada Nacional de Mafra (acesso condicionado),2026-09-27 11:13,78,71
L1907540,PT,PT-11,PT-11-LI,38.7114368,-9.186538,Tapada da Ajuda,2026-09-25 09:40,117,1148
L2825779,PT,PT-11,PT-11-LI,38.7091898,-9.1693407,Tapada das Necessidades,2026-08-31 19:36,74,152
L1988799,PT,PT-12,PT-12-NI,39.5466767,-7.5149488,Tapada de São Silvestre (Nave Guedelha),2026-09-16 11:24,147,239
L2828909,PT,PT-14,PT-14-AB,39.4307834,-8.1804344,Tapadas do Cabrito,2024-11-09 16:21,82,27
L4564720,PT,PT-08,PT-08-TA,37.1267633,-7.6510978,Tavira (centro urbano),2026-09-27 18:10,137,214
L8542174,PT,PT-04,PT-04-MD,41.4453271,-6.5047478,Teixeira,2026-04-30 18:15,131,151
L2767506,PT,PT-05,PT-05-CB,39.7816297,-7.2628212,Tejo Internacional--Garranchos,2026-06-24 20:43,42,7
L8411800,PT,PT-05,PT-05-IN,39.6988157,-7.1511634,Tejo Internacional--Vale dos Lobos,2026-06-20 19:45,77,19
L64403391,PT,PT-12,PT-12-FR,39.135178,-7.578867,Termas da Sulfuria,2026-04-30 11:45,26,2
L6119024,PT,PT-18,PT-18-VS,40.6076973,-7.8677988,Termas de Alcafache,2026-04-11 09:14,63,31
L3178755,PT,PT-12,PT-12-NI,39.4490189,-7.697854,Termas de Nisa,2026-08-31 12:08,104,48
L15923431,PT,PT-18,PT-18-SP,40.7395198,-8.0877073,Termas de São Pedro do Sul,2026-03-07 14:19,75,54
L11914029,PT,PT-16,PT-16-ME,42.1059172,-8.2831763,Termas do Peso,2026-09-02 19:35,50,14
L4591675,PT,PT-11,PT-11-TV,39.0909002,-9.2416584,Termas dos Cucos,2026-07-12 01:30,56,19
L8210859,PT,PT-08,PT-08-PO,37.1267864,-8.5304828,Terminal de Cruzeiros de Portimão,2026-07-25 11:02,90,50
L3000163,PT,PT-07,PT-07-MR,38.9055949,-7.9089975,Tesas,2026-05-21 09:30,84,13
L2065120,PT,PT-07,PT-07-EV,38.4819605,-8.0272752,Tojal,2026-09-07 09:14,127,159
L4117251,PT,PT-12,PT-12-NI,39.424525,-7.7259207,Tolosa,2026-08-30 18:21,92,23
L2849994,PT,PT-14,PT-14-TM,39.6056811,-8.4133257,Tomar--Ilha do Mouchão,2026-09-24 18:57,93,619
L3380519,PT,PT-14,PT-14-TM,39.6013732,-8.4186226,Tomar--Mata Nacional dos Sete Montes,2026-09-18 08:49,86,202
L36811884,PT,PT-14,PT-14-TM,39.6001866,-8.4085031,Tomar--Parque Ribeirinho do Flecheiro,2026-09-26 10:26,71,78
L10922689,PT,PT-02,PT-02-OU,37.8333134,-8.3666649,Torre Vã,2024-08-19 14:56,67,7
L964882,PT,PT-08,PT-08-AB,37.0902569,-8.2075167,Torre da Medronheira,2026-09-11 14:28,102,51
L3399305,PT,PT-12,PT-12-PS,39.3127848,-7.9025173,Torre das Vargens,2025-10-18 14:05,84,12
L2290640,PT,PT-07,PT-07-MR,38.874129,-8.1243467,Torre das Águias,2019-05-21 09:15,55,5
L6632653,PT,PT-07,PT-07-EV,38.4145017,-7.8364891,Torre de Coelheiros,2026-05-15 08:04,92,32
L13008660,PT,PT-14,PT-14-CR,38.9461126,-8.6453027,Torre de Dom Diogo,2026-09-19 16:03,84,9
L11850412,PT,PT-08,PT-08-FA,37.0461525,-7.9034382,Torre de Natal,2026-09-27 09:03,155,416
L2696953,PT,PT-14,PT-14-CR,38.9409524,-8.6720109,Torrinha,2024-01-28 15:37,72,8
L2692968,PT,PT-15,PT-15-AS,38.300984,-8.2289314,Torrão,2026-06-29 22:19,139,99
L4189094,PT,PT-13,PT-13-VC,41.3643449,-8.7056243,Tougues,2025-05-17 11:16,50,8
L2485361,PT,PT-05,PT-05-IN,39.9209276,-7.0365286,Toulões,2026-01-18 14:19,87,25
L18233498,PT,PT-18,PT-18-VP,40.895432,-7.749731,Touro,2026-07-13 16:55,46,27
L2586489,PT,PT-15,PT-15-AM,38.6729452,-9.2323887,Trafaria,2026-09-12 19:50,93,241
L2361595,PT,PT-07,PT-07-MR,38.8931706,-8.0788994,Tramagueira,2026-02-16 09:30,132,66
L7886441,PT,PT-08,PT-08-AJ,37.2270115,-8.8249683,Tramelo,2026-08-04 07:40,107,134
L16495324,PT,PT-09,PT-09-TR,40.7746389,-7.3520681,Trancoso (Parque Municipal e centro urbano),2026-09-13 18:42,65,78
L9681806,PT,PT-09,PT-09-SE,40.4198441,-7.8226681,Travancinha--Chão do Rio,2026-09-19 19:50,68,17
L55870936,PT,PT-20,PT-20-CO,39.5844272,-31.1139822,Travessia Marítima Flores-Corvo,2025-10-12 20:39,4,2
L3014547,PT,PT-10,PT-10-PN,39.3903053,-9.46558,Travessia Marítima Peniche-Berlengas,2026-09-27 18:16,65,275
L26120914,PT,PT-20,PT-20-AH,38.613338,-27.5336949,Travessia São Jorge-Terceira (saídas pelágicas),2026-08-15 16:44,5,3
L1579025,PT,PT-30,PT-30-MA,32.6580358,-16.6454891,Travessia para as Desertas (saídas pelágicas),2026-09-23 10:30,51,282
L2590555,PT,PT-02,PT-02-BE,38.1088261,-7.9728556,Trigaches,2024-08-04 10:33,101,27
L5649283,PT,PT-13,PT-13-VG,41.1226368,-8.5689926,Trilho Pedestre Rio Febros,2026-04-16 10:01,61,25
L31649818,PT,PT-07,PT-07-EV,38.6047946,-7.9378386,Trilho do Aqueduto--Troço R114-4 a Cano Alto,2026-06-01 19:17,57,6
L2907584,PT,PT-02,PT-02-BE,37.8824411,-7.895565,Trindade,2026-06-10 16:04,98,14
L4523405,PT,PT-07,PT-07-MR,38.9382065,-8.1052794,Troço pedestre -Castelhana,2026-03-01 10:00,100,36
L2825800,PT,PT-08,PT-08-SI,37.1660621,-8.2573414,Tunes,2025-06-08 07:05,95,45
L11973881,PT,PT-18,PT-18-TB,41.10123,-7.535505,Távora,2026-06-22 08:15,47,17
L5868393,PT,PT-05,PT-05-CO,40.2604683,-7.6222372,Unhais da Serra,2026-09-12 07:51,73,39
L3455325,PT,PT-04,PT-04-VM,41.4919719,-6.5116954,Uva,2026-09-13 07:31,140,577
L7685941,PT,PT-03,PT-03-CB,41.57353,-7.8885629,Uz,2026-09-21 10:32,81,51
L1885889,PT,PT-13,PT-13-VC,41.3279123,-8.6730835,Vairão--Campus Agrário,2026-09-25 17:46,90,1785
L1043927,PT,PT-11,PT-11-AZ,39.039453,-8.8682842,Vala Real,2026-06-19 19:25,113,50
L14172070,PT,PT-14,PT-14-AP,39.2558151,-8.5924745,Vala Real--Área Geral (Concelho de Alpiarça),2026-09-19 11:30,108,35
L16075283,PT,PT-14,PT-14-AM,39.1944404,-8.65232,Vala de Almeirim e campos envolventes,2026-08-07 17:21,70,5
L1043921,PT,PT-11,PT-11-AL,39.0102223,-8.9449203,Vala do Carregado,2026-04-20 14:04,80,31
L11955054,PT,PT-16,PT-16-MO,42.0738504,-8.364024,Valadares,2026-09-05 10:23,77,140
L8806350,PT,PT-05,PT-05-VR,39.6536436,-8.2137117,Valadas - Macieira,2024-10-12 13:45,24,2
L17441522,PT,PT-20,PT-20-PV,38.7316117,-27.0808667,Vale Farto,2026-01-04 11:53,30,22
L10488494,PT,PT-09,PT-09-ME,40.9126232,-7.2832459,Vale Flor,2020-08-17 15:54,37,2
L4101922,PT,PT-12,PT-12-CV,39.3905043,-7.5288534,Vale Lobo,2026-09-01 16:37,67,6
L2287233,PT,PT-07,PT-07-EV,38.6206594,-8.0101705,Vale Maria do Meio,2026-04-15 10:05,80,22
L2058987,PT,PT-07,PT-07-AR,38.7338998,-7.9380083,Vale Melão,2026-02-12 16:33,73,19
L2278121,PT,PT-07,PT-07-MR,38.8606298,-8.0185175,Vale Migalhas,2026-01-10 16:18,80,24
L13192595,PT,PT-15,PT-15-AM,38.6569241,-9.1800457,Vale Mourelos,2026-04-05 10:50,45,13
L7866947,PT,PT-04,PT-04-MD,41.4167102,-6.4905902,Vale Palheiros,2026-09-04 07:46,108,170
L34297987,PT,PT-30,PT-30-SC,32.674877,-16.8608041,Vale Paraíso,2026-07-11 11:08,22,58
L2513387,PT,PT-07,PT-07-EV,38.6630618,-8.0250192,Vale d'el Rei de Baixo,2026-05-28 21:17,75,34
L9047082,PT,PT-11,PT-11-LI,38.7874965,-9.1607674,Vale da Ameixoeira,2026-09-27 17:27,64,17
L3264098,PT,PT-17,PT-17-VR,41.2883025,-7.8611469,Vale da Campeã,2025-11-09 14:47,92,32
L9804815,PT,PT-14,PT-14-TN,39.4819961,-8.5874527,Vale da Dama,2026-08-09 14:08,44,5
L3201216,PT,PT-10,PT-10-BO,39.3049484,-9.2169714,Vale da Fonte Quente,2025-04-05 15:27,39,11
L12950959,PT,PT-20,PT-20-CO,39.6783401,-31.1114916,Vale da Fonte Velha,2026-08-13 17:15,50,64
L2769516,PT,PT-14,PT-14-AB,39.3149762,-8.0870748,Vale da Horta,2026-01-10 11:23,56,17
L9157177,PT,PT-08,PT-08-PO,37.1235146,-8.5494864,Vale da Horta,2025-11-16 10:29,73,22
L3271215,PT,PT-08,PT-08-MO,37.2637389,-8.6681914,Vale da Junça,2025-03-15 09:48,48,9
L1478468,PT,PT-08,PT-08-SI,37.1880138,-8.4889117,Vale da Lama,2026-04-06 15:04,127,51
L3813192,PT,PT-11,PT-11-AL,39.0893014,-8.9605093,Vale da Ota,2023-06-10 13:19,98,14
L4104001,PT,PT-07,PT-07-VV,38.7879941,-7.3925972,Vale da Rabaça,2026-08-15 10:08,110,87
L3334412,PT,PT-09,PT-09-CB,40.578955,-7.4714327,Vale da Ribeira,2021-12-20 12:35,53,15
L10528098,PT,PT-09,PT-09-FA,40.6460637,-7.5041429,Vale da Ribeira de Cortiçô,2026-07-12 08:14,91,79
L18687220,PT,PT-09,PT-09-GO,40.54319,-7.5743191,Vale da Ribeira de São Paio,2023-03-22 17:20,43,6
L28182201,PT,PT-09,PT-09-GU,40.4409193,-7.1927052,Vale da Ribeira do Freixal,2026-05-22 11:48,89,19
L15390055,PT,PT-10,PT-10-AC,39.5374483,-8.9363148,Vale da Ribeira do Mogo--Sul,2026-08-04 08:00,37,8
L51602199,PT,PT-08,PT-08-VB,37.1083806,-8.8661955,Vale da Sinceira,2026-09-27 09:10,119,83
L4212338,PT,PT-04,PT-04-TM,41.197362,-7.107874,Vale da Vilariça--área geral,2026-07-24 11:09,104,25
L2995858,PT,PT-07,PT-07-MN,38.7786104,-8.4059787,Vale das Custas,2026-01-28 15:33,57,7
L4055212,PT,PT-13,PT-13-VG,41.1289567,-8.6237419,Vale das Devesas (Sul),2026-09-22 22:23,98,447
L2358046,PT,PT-14,PT-14-MA,39.5050165,-8.0031955,Vale de Abelha,2022-11-27 13:15,32,9
L2671193,PT,PT-02,PT-02-FA,38.0334223,-8.1741071,Vale de Areia,2024-01-07 10:35,78,15
L1271503,PT,PT-11,PT-11-LI,38.7542992,-9.1219297,Vale de Chelas,2026-05-09 18:27,42,32
L10748813,PT,PT-09,PT-09-SA,40.2928481,-6.9516121,Vale de Espinho,2026-08-21 13:00,98,42
L3271198,PT,PT-08,PT-08-MO,37.2320368,-8.6804223,Vale de Guena,2016-05-02 11:44,57,11
L2999933,PT,PT-12,PT-12-FR,39.0013766,-7.5558257,Vale de Maceira,2025-05-30 07:40,66,8
L3300185,PT,PT-08,PT-08-SB,37.1289816,-7.8946209,Vale de Machados,2026-01-12 09:01,42,11
L31733379,PT,PT-08,PT-08-AB,37.1150455,-8.2465643,Vale de Paraíso,2026-04-04 16:00,83,59
L25932691,PT,PT-18,PT-18-SJ,41.038615,-7.486581,Vale de Penela,2026-08-16 10:06,59,10
L14932511,PT,PT-09,PT-09-SA,40.3480226,-7.2218908,Vale de Quarta-Feira,2025-06-16 16:55,44,6
L29289131,PT,PT-04,PT-04-CA,41.2213314,-7.3999545,Vale de Ribalonga,2026-07-27 14:30,69,9
L3756242,PT,PT-02,PT-02-BE,37.8744469,-7.7528715,Vale de Russins,2025-04-13 22:44,63,12
L2382193,PT,PT-14,PT-14-MA,39.5731268,-8.0091883,Vale de São Domingos,2021-05-30 21:32,65,68
L2387360,PT,PT-14,PT-14-MA,39.650426,-8.0464876,Vale de Vacas,2014-08-07 10:00,49,22
L2951351,PT,PT-02,PT-02-SE,37.9844531,-7.413899,Vale de Vargo,2025-12-18 10:42,78,15
L3268765,PT,PT-17,PT-17-VP,41.4429837,-7.6692295,"Vale de Vila Pouca de Aguiar, junto à TABOPAM",2026-01-14 13:50,109,127
L3409515,PT,PT-12,PT-12-PS,39.151163,-8.130033,Vale de Vilão,2026-01-25 16:48,61,4
L22786602,PT,PT-14,PT-14-AB,39.4069241,-8.1015326,Vale de Zebrinho,2026-09-25 20:17,105,281
L2324372,PT,PT-08,PT-08-VB,37.1067383,-8.8107133,Vale do Boi Velho,2026-09-27 09:22,165,909
L39961030,PT,PT-10,PT-10-AN,39.9331244,-8.4674345,Vale do Boi--Associação Florestal de Ansião,2025-04-16 09:39,38,33
L32725232,PT,PT-18,PT-18-RE,41.0508198,-7.9774903,Vale do Cabrum Superior,2025-12-23 15:15,45,5
L45599643,PT,PT-09,PT-09-SA,40.38581,-7.06834,Vale do Côa--Quinta das Vinhas,2026-09-17 10:28,55,16
L4725021,PT,PT-20,PT-20-CO,39.7156051,-31.0886693,Vale do Farol,2026-09-27 10:00,62,169
L4113675,PT,PT-05,PT-05-PE,40.1672651,-7.2574568,Vale do Freixo,2024-03-17 16:15,61,9
L53792539,PT,PT-10,PT-10-LE,39.76164,-8.7294,Vale do Lapedo,2025-10-05 09:40,16,1
L12951003,PT,PT-20,PT-20-CO,39.7102566,-31.0879885,Vale do Loural,2025-10-16 11:02,32,24
L21267135,PT,PT-20,PT-20-SF,39.5144334,-31.2278728,Vale do Moinho,2025-10-06 18:01,9,1
L2207913,PT,PT-07,PT-07-AR,38.7399588,-7.8141975,Vale do Pereiro,2026-04-13 08:57,68,22
L2685036,PT,PT-12,PT-12-CR,39.3514718,-7.6452827,Vale do Peso,2026-07-10 10:27,97,49
L7894257,PT,PT-30,PT-30-PS,33.0906163,-16.3107088,Vale do Pico Branco,2025-10-20 12:46,46,18
L2392995,PT,PT-14,PT-14-MA,39.5535264,-7.9772544,Vale do Rato,2025-08-17 12:38,41,11
L7446652,PT,PT-10,PT-10-BA,39.6344645,-8.7657326,Vale do Reguengo do Fetal,2026-07-22 13:07,81,45
L2971706,PT,PT-18,PT-18-LA,41.1287627,-7.7671623,Vale do Varosa,2026-07-18 17:30,69,55
L3615788,PT,PT-11,PT-11-TV,39.1770064,-9.3466402,Vale do rio Alcabrichel--Vimeiro / Porto Novo,2026-09-12 11:52,122,304
L2634903,PT,PT-10,PT-10-BA,39.6693899,-8.8237381,Vale do rio Lena--Faniqueira/Golpilheira,2026-09-19 07:25,124,452
L14387947,PT,PT-16,PT-16-VA,42.0280369,-8.6460363,Valença (centro urbano),2026-09-03 20:20,72,111
L2519953,PT,PT-14,PT-14-MA,39.7312178,-7.978735,Vales de Cardigos,2015-04-20 13:00,22,4
L27956606,PT,PT-05,PT-05-FU,40.1896761,-7.4147657,Vales de Pêro Viseu,2025-06-01 07:08,94,11
L37511470,PT,PT-08,PT-08-AJ,37.260696,-8.820986,Valinhos,2026-09-27 09:52,99,50
L13395716,PT,PT-10,PT-10-PM,39.5819391,-8.7325696,"Valongo, Alqueidão da Serra",2026-02-22 08:02,50,7
L11309250,PT,PT-12,PT-12-AV,39.1718239,-7.8709353,Valongo--aldeia e áreas envolventes,2026-09-07 10:59,122,510
L3068981,PT,PT-17,PT-17-VP,41.576737,-7.5446784,Valoura,2026-01-02 10:30,74,13
L11687023,PT,PT-17,PT-17-VA,41.5992551,-7.3048715,Valpaços--Área Geral,2025-04-22 11:03,37,9
L15222080,PT,PT-04,PT-04-AF,41.3845368,-6.8978262,Valpereiro,2025-09-08 14:16,32,5
L18607992,PT,PT-09,PT-09-SA,40.2978959,-7.3039561,Valverdinho,2026-07-31 19:56,80,98
L37977831,PT,PT-20,PT-20-LF,39.4329368,-31.2449173,Veia,2025-10-21 17:07,10,5
L3409891,PT,PT-16,PT-16-AV,41.8293775,-8.3890539,Veiga,2026-06-17 07:47,67,26
L3095089,PT,PT-16,PT-16-VC,41.7239243,-8.8652802,Veiga da Areosa,2026-09-18 17:22,150,311
L8470083,PT,PT-16,PT-16-PL,41.751369,-8.623604,Veiga da Correlhã,2026-05-30 23:32,97,84
L4833583,PT,PT-16,PT-16-VA,42.0036345,-8.6558104,Veiga da Mira,2026-08-29 11:36,91,29
L10227712,PT,PT-16,PT-16-VC,41.632461,-8.811554,Veiga da Pedra Alta,2026-08-29 13:08,81,37
L15534661,PT,PT-09,PT-09-SA,40.390745,-6.9185514,Veiga da Ribeira de Alfaiates,2026-05-21 11:36,73,39
L8084375,PT,PT-16,PT-16-VC,41.7747436,-8.8664807,Veiga de Afife,2026-09-18 14:07,93,46
L8481662,PT,PT-16,PT-16-CA,41.8763409,-8.8010022,Veiga de Argela e Vilar de Mouros,2026-08-21 21:51,95,142
L3354049,PT,PT-16,PT-16-VC,41.6196132,-8.808074,Veiga de Castelo do Neiva,2025-12-21 13:59,137,232
L2777557,PT,PT-03,PT-03-GU,41.4357569,-8.3107495,Veiga de Creixomil,2026-08-13 10:00,68,35
L8137410,PT,PT-16,PT-16-VA,42.047568,-8.623205,Veiga de Ganfei,2026-08-03 19:21,100,81
L2982394,PT,PT-16,PT-16-VC,41.6890776,-8.7706733,Veiga de São Simão,2026-09-26 07:46,146,526
L6766459,PT,PT-09,PT-09-CB,40.6540963,-7.2891524,Velosa,2022-10-31 09:46,45,7
L2112010,PT,PT-07,PT-07-AR,38.7955704,-7.7796078,Venda do Duque,2025-12-01 10:25,74,13
L9185527,PT,PT-11,PT-11-MA,38.9294133,-9.2436159,Venda do Valador-Matoutinho,2026-06-20 11:58,64,885
L8892232,PT,PT-17,PT-17-BO,41.5968588,-7.7128674,Veral,2026-07-31 10:36,76,50
L3642423,PT,PT-09,PT-09-FC,40.8262783,-6.8892878,Vermiosa--Várzea da Devesa,2026-05-18 09:50,120,40
L49803907,PT,PT-07,PT-07-VA,38.334957,-8.003234,Viana do Alentejo (centro urbano),2026-03-27 14:22,19,6
L29934796,PT,PT-16,PT-16-VC,41.6929732,-8.8258929,Viana do Castelo (centro urbano),2026-09-18 16:20,61,121
L7180356,PT,PT-17,PT-17-VP,41.4883185,-7.7650625,Viduedo,2026-02-23 16:48,96,48
L12186360,PT,PT-14,PT-14-TN,39.4447939,-8.5248479,Vila Cardilium--Ruínas Romanas,2026-05-07 17:56,56,13
L2861742,PT,PT-04,PT-04-VM,41.5336193,-6.5043139,Vila Chã da Ribeira,2026-08-31 17:39,115,55
L3347641,PT,PT-09,PT-09-GO,40.5479829,-7.5339603,Vila Cortês da Serra,2026-04-19 07:47,117,180
L10887396,PT,PT-03,PT-03-BA,41.541677,-8.715785,Vila Cova,2023-09-28 17:44,52,27
L15927315,PT,PT-09,PT-09-GU,40.4965809,-7.1548988,Vila Fernando,2026-05-22 11:39,74,8
L29040246,PT,PT-11,PT-11-VX,38.9553249,-8.9946753,Vila Franca de Xira--Parque Urbano Dr. Luís César Pereira,2026-09-25 12:57,82,264
L4691526,PT,PT-18,PT-18-MR,40.4257644,-8.2273114,Vila Meã,2023-09-29 12:00,28,1
L2949062,PT,PT-02,PT-02-AV,38.2877808,-8.046627,Vila Nova da Baronia,2025-03-31 10:28,51,10
L18960760,PT,PT-14,PT-14-VB,39.4570147,-8.4202042,Vila Nova da Barquinha--Rua da Barca,2026-07-02 08:22,72,19
L5182922,PT,PT-11,PT-11-AZ,39.0380863,-8.9289451,Vila Nova da Rainha,2026-09-18 08:10,83,22
L26658808,PT,PT-16,PT-16-VN,41.9404466,-8.7439965,Vila Nova de Cerveira (centro urbano),2026-09-26 13:08,56,151
L22357492,PT,PT-18,PT-18-VP,40.8492555,-7.7318058,Vila Nova de Paiva,2026-09-19 18:31,86,27
L19754150,PT,PT-15,PT-15-SC,38.0592005,-8.781445,Vila Nova de Santo André,2026-09-19 11:54,23,7
L2882792,PT,PT-17,PT-17-VP,41.4975854,-7.6442742,Vila Pouca de Aguiar,2026-06-13 19:21,124,208
L12143742,PT,PT-16,PT-16-CA,41.8135995,-8.8624968,Vila Praia de Âncora (centro urbano),2026-09-18 19:40,61,219
L23610191,PT,PT-16,PT-16-CA,41.81764,-8.854209,Vila Praia de Âncora--monte Calvário,2026-01-31 14:58,46,19
L2502858,PT,PT-17,PT-17-VR,41.2976017,-7.7364349,Vila Real (centro urbano),2026-07-27 18:15,61,108
L4695145,PT,PT-09,PT-09-FA,40.570928,-7.5173065,Vila Ruiva,2026-08-22 07:33,100,128
L2971555,PT,PT-17,PT-17-PR,41.1998398,-7.7137327,Vila Seca,2026-01-13 17:12,44,9
L3443882,PT,PT-09,PT-09-FA,40.6121872,-7.4823536,Vila Soeiro do Chão,2026-06-07 18:27,103,95
L5101668,PT,PT-09,PT-09-SE,40.4564415,-7.7885577,Vila Verde,2026-04-18 06:30,68,33
L4099532,PT,PT-02,PT-02-SE,37.9423042,-7.2980976,Vila Verde de Ficalho,2026-02-27 10:38,160,62
L9922311,PT,PT-07,PT-07-VV,38.7789144,-7.4179876,Vila Viçosa (centro urbano),2026-06-20 12:10,74,83
L4981370,PT,PT-20,PT-20-CO,39.6743408,-31.1141458,Vila do Corvo,2026-08-24 21:50,164,660
L964876,PT,PT-08,PT-08-LO,37.0986949,-8.1422424,Vilamoura--Oceânico Golf,2026-09-20 19:02,118,52
L11973909,PT,PT-18,PT-18-MB,40.983145,-7.548289,Vilar,2026-09-17 13:25,78,17
L2249374,PT,PT-09,PT-09-AL,40.6079579,-6.835041,Vilar Formoso,2026-09-15 11:30,76,20
L3165288,PT,PT-09,PT-09-SA,40.4738202,-6.936511,Vilar Maior,2026-01-11 11:25,91,30
L18112914,PT,PT-13,PT-13-VG,41.106675,-8.5763775,Vilar de Andorinho--área geral,2025-06-29 10:25,42,5
L19385661,PT,PT-03,PT-03-CB,41.5595834,-7.8550275,Vilar de Cunhas,2026-09-21 11:19,73,25
L9945564,PT,PT-16,PT-16-CA,41.8916079,-8.7979505,Vilar de Mouros--estrada do Funchal,2026-09-27 19:30,110,14128
L3683166,PT,PT-17,PT-17-MT,41.8535572,-7.6331261,Vilar de Perdizes,2024-12-13 09:00,99,41
L2471390,PT,PT-08,PT-08-VB,37.1576659,-8.8668144,Vilarinha,2026-09-23 09:40,160,516
L7379983,PT,PT-17,PT-17-BO,41.6822018,-7.8120668,Vilarinho Seco,2026-09-24 18:52,81,19
L48738085,PT,PT-17,PT-17-SA,41.2397,-7.58305,Vilarinho de São Romão,2026-06-28 00:00,37,10
L19772723,PT,PT-04,PT-04-VN,41.8351799,-7.0031742,Vinhais (centro urbano),2026-07-14 13:50,27,7
L2219658,PT,PT-04,PT-04-CA,41.1506347,-7.3022604,Vinhas da Beira Grande,2026-06-21 09:00,93,108
L3291425,PT,PT-09,PT-09-GO,40.4953219,-7.6280254,Vinhó,2026-02-14 08:47,81,203
L2994336,PT,PT-30,PT-30-FU,32.6502428,-16.9298512,Virtudes,2025-11-14 17:48,21,21
L3686933,PT,PT-14,PT-14-CR,38.9784942,-8.3976746,Volta do Vale,2024-09-05 10:30,94,10
L2997343,PT,PT-07,PT-07-AL,38.719269,-7.2727776,Várzea Redonda,2026-08-05 08:00,167,160
L9393506,PT,PT-13,PT-13-MC,41.2047974,-8.1133235,"Várzea da Ovelha, Aliviada e Folhada",2026-06-07 05:56,69,27
L3691563,PT,PT-09,PT-09-AL,40.7184975,-6.820448,Várzea da Ribeira de Tourões,2026-04-25 12:58,114,51
L6225438,PT,PT-18,PT-18-TR,40.9922488,-7.8170595,Várzea da Serra,2026-09-09 17:38,72,31
L9722648,PT,PT-11,PT-11-SI,38.8480059,-9.2830366,Várzea de Almargem do Bispo,2026-09-26 16:54,99,56
L41190556,PT,PT-18,PT-18-SJ,41.051226,-7.463411,Várzea de Paredes da Beira,2026-08-16 11:11,73,23
L4074285,PT,PT-08,PT-08-AB,37.0889711,-8.1552243,Várzea de Quarteira,2026-09-19 11:39,105,49
L2696963,PT,PT-15,PT-15-AS,38.203453,-8.3247614,Várzea de Rio de Moinhos,2024-02-19 11:16,138,26
L6755753,PT,PT-14,PT-14-BE,38.9414833,-8.8389251,Várzea de Samora Correia,2026-09-03 15:56,152,53
L2287751,PT,PT-12,PT-12-AV,39.1819736,-7.8659105,Várzea de Valongo,2026-05-16 19:09,91,24
L1536159,PT,PT-11,PT-11-LS,38.8105373,-9.1085019,Várzea do Rio Trancão,2026-05-07 13:11,133,155
L3360799,PT,PT-08,PT-08-SB,37.2263304,-7.8412449,Várzea do Velho,2026-05-28 11:47,64,17
L5421657,PT,PT-08,PT-08-TA,37.1464295,-7.6567626,Várzea do rio Séqua,2026-06-13 10:53,109,53
L1472729,PT,PT-15,PT-15-AS,38.4021517,-8.7120276,ZPE Açude da Murta,2026-08-31 10:41,149,104
L2513467,PT,PT-12,PT-12-CM,39.0976282,-7.124505,ZPE Campo Maior--Albufeira e Montados de Abrilongo,2025-02-02 14:09,109,33
L2513478,PT,PT-12,PT-12-CM,39.0906337,-7.0393181,ZPE Campo Maior--Ouguela,2026-06-14 10:23,117,53
L2513488,PT,PT-12,PT-12-CM,38.9735565,-7.0191479,ZPE Campo Maior--Retiro,2026-08-14 13:05,107,117
L2672114,PT,PT-02,PT-02-CV,37.748831,-8.2080102,ZPE Castro Verde--Aivados,2026-09-13 02:51,107,68
L2939844,PT,PT-02,PT-02-CV,37.7372035,-8.1442165,ZPE Castro Verde--Almeirim,2026-07-21 08:24,103,68
L1140527,PT,PT-02,PT-02-CV,37.712208,-7.9649162,ZPE Castro Verde--Açude da Apariça,2026-09-12 12:15,182,616
L5838980,PT,PT-02,PT-02-CV,37.7653547,-8.011415,ZPE Castro Verde--Açude de Entradas,2026-09-11 11:50,176,983
L2923745,PT,PT-02,PT-02-AJ,37.8140965,-8.1271179,ZPE Castro Verde--Carregueiro,2026-08-29 12:20,138,148
L6447930,PT,PT-02,PT-02-CV,37.7188024,-8.0868725,ZPE Castro Verde--Charca das Hortas Comunitárias,2026-09-21 12:47,117,109
L2907570,PT,PT-02,PT-02-OU,37.7760236,-8.2420421,ZPE Castro Verde--Conceição,2026-06-29 10:01,80,22
L2568651,PT,PT-02,PT-02-ME,37.6160331,-7.880609,ZPE Castro Verde--Espargosa,2026-07-14 09:29,98,16
L1140513,PT,PT-02,PT-02-CV,37.7792332,-8.1807375,ZPE Castro Verde--Estação de Casével,2026-08-30 12:57,143,459
L2590381,PT,PT-02,PT-02-CV,37.6367666,-7.898891,ZPE Castro Verde--Figueirinha,2026-09-17 09:43,114,174
L3844356,PT,PT-02,PT-02-CV,37.7735213,-8.072505,ZPE Castro Verde--Fontes Bárbaras,2026-09-12 11:00,126,118
L5085302,PT,PT-02,PT-02-CV,37.7161197,-8.1219791,ZPE Castro Verde--Gregórios,2026-08-20 16:54,98,59
L2907515,PT,PT-02,PT-02-CV,37.6717285,-7.8870678,ZPE Castro Verde--Guerreiro,2026-09-26 09:17,127,199
L1398676,PT,PT-02,PT-02-CV,37.712863,-7.8914476,ZPE Castro Verde--Herdade de São Marcos-Belver,2026-09-25 10:22,125,125
L4302448,PT,PT-02,PT-02-CV,37.7063684,-8.1056356,ZPE Castro Verde--Horta da Nora (não passar a vedação),2026-08-21 10:59,176,981
L2466262,PT,PT-02,PT-02-ME,37.6791333,-7.8388524,ZPE Castro Verde--João Serra,2026-09-26 09:11,146,348
L2908744,PT,PT-02,PT-02-CV,37.7105105,-8.0417776,ZPE Castro Verde--Monte da Achada,2026-08-20 16:15,84,42
L2590407,PT,PT-02,PT-02-CV,37.6535871,-8.0102992,ZPE Castro Verde--Namorados,2026-07-18 09:48,118,71
L2466259,PT,PT-02,PT-02-ME,37.6440729,-7.8546667,ZPE Castro Verde--Penilhos,2026-08-01 20:09,116,137
L2219626,PT,PT-02,PT-02-CV,37.7425587,-7.9928844,ZPE Castro Verde--Percurso Entradas-São Marcos da Ataboeira,2026-09-24 14:17,166,584
L2908303,PT,PT-02,PT-02-CV,37.7577549,-7.9757738,ZPE Castro Verde--Percurso Salto-Entradas,2026-07-13 10:28,147,143
L5839006,PT,PT-02,PT-02-CV,37.7282476,-7.9768789,ZPE Castro Verde--Ribeira de Cobres,2026-08-20 15:49,113,89
L2142572,PT,PT-02,PT-02-CV,37.6904428,-8.0151272,ZPE Castro Verde--Ribeira de Cobres (N123),2026-09-04 18:48,118,89
L2142556,PT,PT-02,PT-02-CV,37.6921068,-8.0289888,ZPE Castro Verde--Ribeira de Maria Delgada,2026-09-04 19:12,140,537
L2480055,PT,PT-02,PT-02-CV,37.6764839,-7.9601312,ZPE Castro Verde--Rolão,2026-09-11 18:00,156,350
L2695620,PT,PT-02,PT-02-CV,37.7454376,-7.914598,ZPE Castro Verde--Salto,2026-09-13 12:35,135,157
L2672159,PT,PT-02,PT-02-CV,37.6329262,-7.9841852,ZPE Castro Verde--Santa Bárbara de Padrões,2026-07-28 10:00,111,95
L2672221,PT,PT-02,PT-02-CV,37.616679,-7.9522133,ZPE Castro Verde--Sete,2026-07-28 15:48,96,68
L973687,PT,PT-02,PT-02-CV,37.7042972,-7.9351759,ZPE Castro Verde--São Marcos da Atabueira,2026-08-16 18:45,150,330
L1398665,PT,PT-02,PT-02-CV,37.736648,-8.0314618,ZPE Castro Verde--Vale Gonçalinho,2026-09-22 13:53,166,1379
L2908274,PT,PT-02,PT-02-ME,37.7916085,-7.8561687,ZPE Castro Verde--Vale de Açor,2026-09-17 18:09,149,119
L2568679,PT,PT-02,PT-02-CV,37.656577,-7.9524493,ZPE Castro Verde--Viseus,2026-09-25 11:19,136,219
L964935,PT,PT-02,PT-02-CV,37.7940842,-8.0548871,ZPE Castro Verde--percurso Entradas-Carregueiro,2026-09-25 17:40,155,344
L4068695,PT,PT-02,PT-02-CV,37.7029898,-7.9098578,ZPE Castro Verde--«Cortiçois»,2026-09-16 10:30,132,512
L2590526,PT,PT-02,PT-02-CV,37.6945519,-8.072505,ZPE Castro Verde--área geral,2026-09-26 09:17,247,12285
L2601681,PT,PT-02,PT-02-BE,38.1021778,-7.8763175,ZPE Cuba--Apariça,2026-03-15 13:52,123,58
L2597156,PT,PT-02,PT-02-CU,38.1461001,-7.8733134,ZPE Cuba--Herdade do Vale,2022-11-28 08:13,53,7
L2601678,PT,PT-02,PT-02-CU,38.1253745,-7.9439735,ZPE Cuba--Ladeiras,2024-04-03 11:56,94,31
L2597127,PT,PT-02,PT-02-AV,38.20637,-7.9304445,ZPE Cuba--Monte das Figueiras,2025-05-01 11:44,76,12
L2601712,PT,PT-02,PT-02-BE,38.1128823,-7.9111648,ZPE Cuba--Monte das Pias,2024-12-19 16:19,81,17
L2607945,PT,PT-02,PT-02-CU,38.1674946,-7.9371071,ZPE Cuba--Monte dos Assentes,2023-02-27 15:35,68,12
L2601669,PT,PT-02,PT-02-BE,38.1399573,-7.8461266,ZPE Cuba--Sesmarias,2025-08-06 08:23,55,5
L2772154,PT,PT-02,PT-02-CU,38.1469776,-7.9158211,ZPE Cuba--Vale de Arada,2023-03-04 18:43,69,6
L2488271,PT,PT-12,PT-12-MO,39.0627277,-7.4939418,ZPE Monforte,2026-07-05 10:17,113,34
L2951159,PT,PT-02,PT-02-MO,38.2109393,-7.2356987,"ZPE Mourão, Moura e Barrancos--Amareleja",2026-07-22 20:38,151,195
L2950831,PT,PT-02,PT-02-BA,38.1334764,-6.9772625,"ZPE Mourão, Moura e Barrancos--Barrancos",2026-07-16 18:57,121,98
L2912019,PT,PT-07,PT-07-MO,38.3949534,-7.2771549,"ZPE Mourão, Moura e Barrancos--Cuncos-São Leonardo",2026-07-27 20:25,109,27
L2568714,PT,PT-07,PT-07-MO,38.2275277,-7.1596956,"ZPE Mourão, Moura e Barrancos--Garducho",2026-09-14 09:28,139,184
L2354053,PT,PT-07,PT-07-MO,38.2841922,-7.2356987,"ZPE Mourão, Moura e Barrancos--Granja",2026-04-11 09:02,118,36
L2950833,PT,PT-02,PT-02-BA,38.1261847,-7.078886,"ZPE Mourão, Moura e Barrancos--Mina de Aparis",2026-04-23 15:51,97,43
L2968254,PT,PT-07,PT-07-MO,38.2767314,-7.2059584,"ZPE Mourão, Moura e Barrancos--Monte da Aldeia",2026-04-11 09:36,99,21
L3229782,PT,PT-07,PT-07-MO,38.3531669,-7.249732,"ZPE Mourão, Moura e Barrancos--Monte do Espargueiro",2026-09-11 08:59,153,107
L2950819,PT,PT-02,PT-02-BA,38.1777149,-7.0381243,"ZPE Mourão, Moura e Barrancos--Parque de Natureza de Noudar",2026-07-16 18:07,133,178
L2950810,PT,PT-02,PT-02-BA,38.1521074,-6.9834638,"ZPE Mourão, Moura e Barrancos--Ribeira de Murtega--Barrancos",2026-07-16 18:51,111,126
L3442595,PT,PT-02,PT-02-BA,38.0891749,-7.1010303,"ZPE Mourão, Moura e Barrancos--Ribeira do Murtigão",2025-03-23 12:09,82,36
L3442591,PT,PT-02,PT-02-BA,38.2106695,-6.9569206,"ZPE Mourão, Moura e Barrancos--Rio Ardila",2019-03-26 10:00,66,5
L2953929,PT,PT-02,PT-02-MO,38.1357718,-7.3081827,"ZPE Mourão, Moura e Barrancos--Santo Amador",2025-04-07 17:50,119,22
L2888434,PT,PT-06,PT-06-SO,40.1296559,-8.6314023,ZPE Paul da Madriz,2026-08-28 17:44,126,70
L1441640,PT,PT-06,PT-06-MV,40.1803438,-8.6874084,ZPE Paul do Taipal,2026-09-27 09:44,169,883
L2757543,PT,PT-02,PT-02-CV,37.6527037,-8.1429076,ZPE Piçarras,2026-09-12 18:37,118,71
L2912004,PT,PT-07,PT-07-RM,38.3528303,-7.4840069,ZPE Reguengos de Monsaraz--São Marcos do  Campo-Campinho,2026-09-08 09:25,115,69
L2246148,PT,PT-04,PT-04-BR,41.7670066,-6.6596138,ZPE Rios Sabor e Maçãs--Quintas do Vilar,2026-07-30 15:47,37,3
L2846863,PT,PT-08,PT-08-MO,37.3139975,-8.5313344,ZPE Serra de Monchique--Picota,2026-03-31 12:15,81,31
L4102393,PT,PT-12,PT-12-EL,38.9568971,-7.176733,ZPE São Vicente,2026-06-30 11:08,117,81
L2513306,PT,PT-12,PT-12-EL,38.8478633,-7.0950651,ZPE Torre da Bolsa,2026-06-13 20:13,145,124
L2725010,PT,PT-09,PT-09-PI,40.8510327,-7.1315002,ZPE Vale do Côa--Azevo,2026-07-18 19:38,79,13
L2725040,PT,PT-09,PT-09-FC,40.8299942,-7.0045137,ZPE Vale do Côa--Bizarril,2026-04-29 13:18,78,8
L2724979,PT,PT-09,PT-09-PI,40.9150546,-7.1169913,ZPE Vale do Côa--Cidadelhe,2026-05-01 12:15,111,48
L2724948,PT,PT-09,PT-09-FC,40.9607597,-7.0768046,ZPE Vale do Côa--Devesa de Algodres,2026-05-01 16:00,85,16
L15570663,PT,PT-09,PT-09-PI,40.7739184,-6.9944927,ZPE Vale do Côa--Ermo das Águias,2026-09-09 12:24,111,89
L2756376,PT,PT-09,PT-09-VF,41.0780708,-7.1070815,ZPE Vale do Côa--Foz do Côa,2026-06-06 18:05,78,41
L2591858,PT,PT-09,PT-09-VF,41.0324144,-7.1514239,ZPE Vale do Côa--Muxagata,2026-04-16 14:01,49,3
L2591844,PT,PT-09,PT-09-VF,41.0543725,-7.1331096,ZPE Vale do Côa--Pedreiras do Poio,2026-08-11 19:09,78,24
L7756816,PT,PT-09,PT-09-PI,40.8177805,-7.0393998,ZPE Vale do Côa--Ponte da N221,2026-08-09 09:55,68,28
L16069869,PT,PT-09,PT-09-PI,40.7859604,-7.0101445,ZPE Vale do Côa--Praia Fluvial de Vale de Madeira,2026-07-18 11:21,79,24
L2591882,PT,PT-09,PT-09-VF,41.0010833,-7.1361673,ZPE Vale do Côa--Quinta de Santa Maria,2009-05-19 11:00,41,1
L2755417,PT,PT-09,PT-09-FC,40.9154424,-7.0920341,ZPE Vale do Côa--Reserva da Faia Brava,2026-08-22 17:39,130,258
L2591866,PT,PT-09,PT-09-VF,41.0261156,-7.1226471,ZPE Vale do Côa--Ribeira dos Piscos,2023-04-06 09:19,60,3
L3026087,PT,PT-09,PT-09-VF,41.0637262,-7.1063948,ZPE Vale do Côa--Vale de Moinhos,2026-08-12 11:09,91,41
L2912659,PT,PT-07,PT-07-ES,38.9706204,-7.5117302,ZPE Veiros,2026-08-27 11:39,108,50
L2999922,PT,PT-12,PT-12-EL,38.9063964,-7.2902441,ZPE Vila Fernando--Herdade das Casas Velhas,2025-05-06 17:00,69,5
L2679256,PT,PT-12,PT-12-EL,38.8941058,-7.3256493,ZPE Vila Fernando--área geral,2026-08-27 14:11,127,68
L2680559,PT,PT-07,PT-07-EV,38.4449847,-7.8815746,ZPE Évora,2022-12-28 14:30,139,41
L2357502,PT,PT-07,PT-07-EV,38.4836948,-7.889986,ZPE Évora--Campo da Mira,2026-04-13 15:22,100,60
L2514026,PT,PT-07,PT-07-EV,38.4404134,-7.974937,ZPE Évora--Herdade da Camoeira,2026-09-07 12:04,157,237
L2287325,PT,PT-07,PT-07-EV,38.5275528,-7.7773454,ZPE Évora--Vale de Rudez,2025-04-24 10:36,63,19
L13458108,PT,PT-14,PT-14-OU,39.6369427,-8.6107979,Zambujal,2023-02-12 11:23,56,5
L2384571,PT,PT-04,PT-04-MO,41.3209772,-6.7093045,Zava,2026-09-16 06:50,92,50
L2485359,PT,PT-05,PT-05-IN,39.8419071,-7.0794976,Zebreira,2026-01-30 14:01,62,22
L3547986,PT,PT-14,PT-14-TM,39.5543486,-8.3970026,Zona Industrial de Tomar,2026-09-22 11:47,100,768
L4399298,PT,PT-08,PT-08-SI,37.285219,-8.4302795,Zona de Intervenção Florestal do Arade,2025-03-26 10:48,54,10
L15366094,PT,PT-06,PT-06-MI,40.5086336,-8.7850223,"stakeout Calhandra-cornuda, Praia do Areão",2026-07-19 16:06,47,27
L21750654,PT,PT-15,PT-15-AM,38.6036932,-9.1997814,"stakeout Curruca curruca, Mata dos Medos (Dez 2022)",2026-09-12 09:00,51,10
L8254232,PT,PT-02,PT-02-ME,37.6425865,-7.7464795,Água Santa da Morena,2026-09-12 16:58,132,248
L3466933,PT,PT-02,PT-02-AV,38.3007061,-7.9632264,Água de Peixes,2025-10-19 16:20,53,6
L6566552,PT,PT-07,PT-07-EV,38.4647447,-7.739605,Álamo da Horta,2026-04-12 18:42,63,23
L2589161,PT,PT-02,PT-02-ME,37.6475138,-7.8168151,Álvares,2026-09-25 16:43,181,1040
L11969659,PT,PT-16,PT-16-ME,42.1156762,-8.274511,Área de lazer e desporto de Melgaço,2025-09-02 17:56,63,16
L2427163,PT,PT-15,PT-15-GR,38.1668409,-8.4922734,Área de serviço da A2 Grândola,2026-06-25 13:48,70,87
L17169331,PT,PT-16,PT-16-CA,41.7948487,-8.8447961,Âncora--Veiga da Lage/Trindade,2026-08-28 15:44,52,27
L2278051,PT,PT-07,PT-07-EV,38.5723983,-7.9071951,Évora (centro urbano),2026-09-26 15:08,113,1043
L2057660,PT,PT-07,PT-07-ES,38.7712164,-7.7175522,Évoramonte,2026-05-22 22:09,89,57
L2206013,PT,PT-10,PT-10-OB,39.3609669,-9.154598,Óbidos (vila),2026-09-23 10:26,85,153
