L12091985,RS,RS-00,,44.6191896,20.2001884,"""Grebača"" - deponija Obrenovac",2024-02-11 12:58,26,1
L21914950,RS,RS-VO,,44.8620415,20.6627923,"""Rupa"" između Hale Sportova i Strelišta, Pančevo, Vojvodina, RS (44.862, 20.663)",2023-02-27 16:47,11,2
L13806877,RS,RS-13,,43.9587646,21.3457193,A1 highway Great Morava crossing,2025-05-24 13:00,15,1
L13812537,RS,RS-19,,43.7404419,21.4923258,A1 highway near Pločnik,2026-08-12 17:33,7,1
L13812532,RS,RS-19,,43.7505968,21.4476824,A1 highway near Pojate,2026-01-22 06:40,10,3
L4273589,RS,RS-00,,44.7847095,20.3927064,"Ada Ciganlija--Savsko Jezero, walking path around the lake, IBA Ušće Save u Dunav",2026-09-09 10:28,101,293
L2205525,RS,RS-00,,44.7926005,20.4176939,"Ada Ciganlija--eastern side, IBA Ušće Save u Dunav",2026-09-15 10:47,109,515
L3068711,RS,RS-00,,44.7890112,20.3973198,"Ada Ciganlija--western side, IBA Ušće Save u Dunav",2026-09-02 07:50,92,226
L3889357,RS,RS-00,,44.7906432,20.4224896,"Ada Ciganlija--Čukarički rukavac, IBA Ušće Save u Dunav",2026-09-02 08:13,85,294
L2460449,RS,RS-00,,44.8240995,20.5110777,"Ada Huja, IBA Ušće Save u Dunav",2026-05-09 18:15,119,261
L68061372,RS,RS-VO,,45.177297,20.183528,Ada Janda,2026-05-27 13:00,24,1
L4462699,RS,RS-00,,44.793105,20.3900163,"Ada Međica, IBA Ušće Save u Dunav",2026-08-08 17:56,68,124
L11659457,RS,RS-VO,,45.1502089,20.2499244,"Ade i lesni odseci kod Slankamena, Stari Slankamen",2026-06-17 05:00,95,19
L24943076,RS,RS-VO,,45.3330057,20.4500338,Aerodrom Ečka,2023-06-04 08:55,15,1
L3094408,RS,RS-00,,44.8194993,20.4579002,"Akademski Park, Beograd",2026-08-06 18:44,30,162
L56709869,RS,RS-00,,44.8519338,20.3882391,"Alaska ulica, Zemun",2026-05-22 11:59,9,3
L4706946,RS,RS-VO,,45.0813098,20.7673649,Alaška dolina--specijalni rezervat prirode Doline kod Padine,2026-03-08 15:40,16,4
L32998269,RS,RS-24,,42.489447,21.899165,Aleksandrovačko jezero kod Vranja,2025-07-12 05:45,55,4
L23551561,RS,RS-VO,,45.6339073,20.5838928,Aleksandrovo,2025-07-20 07:55,29,3
L75053042,RS,RS-20,,43.5392238,21.7093028,Aleksinac--centar,2026-08-03 19:20,12,1
L14980861,RS,RS-VO,,45.080167,20.9652128,Alibunar--selo,2023-06-25 17:40,39,3
L3517621,RS,RS-16,,43.33,19.8688,Aljinovići,2025-04-20 10:00,35,10
L8696240,RS,RS-00,,44.7891482,20.4379998,"Andre Nikolića 4, 6 and 8, park between buildings",2026-03-13 10:12,85,168
L4030236,RS,RS-VO,,45.670071,18.9809525,Apatin (town),2025-06-01 16:07,8,1
L62703601,RS,RS-VO,,45.66736,19.01543,Apatin--ribnjak Popović,2026-04-13 15:45,5,2
L20315730,RS,RS-VO,,45.3768428,20.3054019,Aradac town,2026-04-16 10:00,21,6
L5777243,RS,RS-12,,44.307524,20.5528852,Aranđelovac--Bukovička Banja park,2026-07-04 19:08,63,55
L23948143,RS,RS-VO,,45.6440537,20.2729906,"Arača, crkva i okolne njive",2026-04-07 17:42,38,10
L5523750,RS,RS-VO,,45.9531189,20.1979351,"Arenda, Čoka",2024-07-01 07:56,18,4
L12810068,RS,RS-14,,44.653178,22.5452643,"Arheolosko nalaziste Diana, Davidovac",2025-10-17 17:15,34,6
L33859731,RS,RS-16,,43.753384,20.09757,Arilje--centar,2024-06-24 08:45,7,1
L29586391,RS,RS-09,,44.4057797,20.0933933,"Auto-put Miloš Veliki, benzinska pumpa MOL",2026-06-29 19:29,22,1
L3491934,RS,RS-VO,,45.3738868,20.413692,"Autobuska stanica Rookery, Zrenjanin",2022-05-08 07:50,11,7
L3186767,RS,RS-00,,44.7907655,20.4673576,"Autokomanda, Beograd",2026-08-24 05:40,35,242
L3992682,RS,RS-00,,44.6901068,20.5140228,Avala NR--Monument to the Unknown Hero (mountain top),2026-07-18 09:20,81,188
L7236269,RS,RS-00,,44.687133,20.5113754,Avala NR--južne padine,2025-01-16 11:44,29,18
L2207643,RS,RS-00,,44.6965055,20.5143929,Avala NR--mountain forest (central area),2026-05-24 12:21,82,204
L3992683,RS,RS-00,,44.6974032,20.5052691,Avala NR--parkland near Šumska uprava (Forest Management) building,2026-05-02 11:02,70,200
L7181950,RS,RS-00,,44.6923931,20.5177134,Avala NR--pešačka staza dolinom potoka Vranovac,2026-05-30 15:37,45,13
L7181945,RS,RS-00,,44.6947422,20.5085242,Avala NR--pešačka staza izvor Sakinac - toranj (čika Vladina staza),2026-09-13 12:41,37,14
L7236274,RS,RS-00,,44.6993493,20.5150152,Avala NR--severne padine,2026-06-19 13:00,52,21
L22096505,RS,RS-00,,44.6900455,20.5090955,"Avala NR--zapadne padine (mešovita šuma hrasta, graba, drena, lipe i crnog jasena)",2026-09-06 11:46,32,12
L3684895,RS,RS-00,,44.6954256,20.5217314,Avala NR--Čarapićev brest,2026-07-11 09:24,64,116
L12788350,RS,RS-VO,,45.4412241,20.2223854,Babatovo,2024-10-05 13:58,31,10
L6620939,RS,RS-16,,43.4473601,19.8185674,"Babića brdo, Zlatar",2026-06-28 14:04,64,14
L19810036,RS,RS-22,,43.0654706,22.4127123,"Babušnica, naselje",2022-06-24 11:30,6,1
L13335103,RS,RS-19,,43.5740603,21.318494,Bagdala vidikovac,2026-02-12 11:29,19,4
L4278570,RS,RS-19,,43.5615579,21.3224569,"Bagdala, Kruševac",2023-08-01 08:10,67,55
L6656343,RS,RS-VO,,45.808749,20.45932,"Bager banja (Toza Marković kopovi), Kikinda",2026-05-09 08:48,35,3
L27497771,RS,RS-13,,44.0930153,21.181273,Bagrdanske bare,2023-10-13 11:20,21,1
L22905876,RS,RS-VO,,45.9056844,19.4205635,Bagremar park--Pačir,2024-07-03 05:40,19,3
L2205485,RS,RS-00,,44.765597,20.4764128,"Bajfordova šuma (Byford's Forest), Voždovac",2026-09-25 07:38,80,675
L20871302,RS,RS-16,,43.9746423,19.5494238,"Bajina Bašta, naselje",2026-06-06 16:33,13,2
L3887811,RS,RS-00,,44.7546818,20.4689026,Bakhtiyar Vahabzadeh St.--roadside shrub and trees,2026-09-12 06:28,46,128
L8572424,RS,RS-09,,44.2545231,19.7775838,Balinović,2020-11-19 08:00,19,4
L29598770,RS,RS-12,,43.9446755,20.9185018,"Baljkovac, šuma",2024-03-02 13:16,12,1
L57864074,RS,RS-VO,,45.271015,20.8176367,Banatska Dubica--selo i jezero,2026-01-31 13:23,11,2
L13856045,RS,RS-VO,,44.8442812,21.3316767,Banatska Palanka,2024-12-07 13:50,13,7
L18660650,RS,RS-00,,44.8751149,20.4637023,"Banatska ulica, Borča",2022-04-24 12:30,1,0
L14612557,RS,RS-VO,,44.6643097,20.8223217,Banatski Brestovac--nasipom od Brestovačke ade do čuvarnice kod Provale,2023-03-18 12:00,35,2
L33600045,RS,RS-VO,,45.3623692,20.6607654,Banatski Despotovac village,2024-06-19 07:00,21,1
L17598817,RS,RS-VO,,45.5149722,20.5166106,Banatski Dvor,2025-10-04 15:30,35,8
L6701011,RS,RS-VO,,45.0498668,21.0170817,Banatski Karlovac,2025-04-28 13:05,41,7
L33304975,RS,RS-VO,,45.9569,20.278095,Banatski Monoštor,2025-05-25 18:03,7,3
L6889276,RS,RS-VO,,46.0633098,20.2388438,Banatsko Aranđelovo,2025-03-02 16:38,10,10
L23551500,RS,RS-VO,,45.59195,20.5546245,Banatsko Karađorđevo,2023-07-09 08:55,16,2
L6700981,RS,RS-VO,,44.9904612,20.7840729,Banatsko Novo Selo,2026-07-17 14:16,26,14
L29725552,RS,RS-17,,43.9514776,20.4848679,Banja Gornja Trepča,2024-02-28 14:06,9,2
L18971996,RS,RS-08,,44.5187292,19.1600661,Banja Koviljača--obala,2026-08-13 19:15,73,8
L18827070,RS,RS-11,,44.2976182,21.48895,"Banja Ždrelo, Magnolia",2022-05-06 19:10,14,2
L4134934,RS,RS-00,,44.7788554,20.4189599,Banovo Brdo Park,2026-09-02 07:08,47,107
L13203865,RS,RS-VO,,45.2141138,19.6133423,Banoštor,2026-07-29 05:40,70,9
L10778345,RS,RS-VO,,45.2087056,19.5931148,Banoštor--Prljuša,2022-01-08 21:00,19,6
L16485731,RS,RS-VO,,45.2178362,19.6380302,Banoštor-Čerević,2026-01-24 10:09,38,2
L10260772,RS,RS-VO,,44.9724118,20.1618955,"Bara Gajićka, Stara Pazova",2026-09-26 06:30,88,31
L5288916,RS,RS-00,,44.7454145,20.3165102,Bara kod Ostružničkog mosta (left bank of Sava),2025-09-04 09:10,60,28
L25120863,RS,RS-VO,,45.22838,20.621676,Bara pored Uzdina,2023-06-11 13:44,12,2
L2205772,RS,RS-VO,,45.0933757,20.4708445,Baranda ribnjak (private fish farm — access restricted/denied),2025-05-31 08:01,169,116
L6696179,RS,RS-VO,,45.0898536,20.4530132,Baranda ribnjak--jezera kod restorana Belorepan (private fish farm — access restricted/denied),2026-05-10 10:45,145,134
L30478239,RS,RS-VO,,45.0847067,20.4446866,"Baranda, selo",2026-03-15 09:25,25,4
L3574999,RS,RS-VO,,45.0945496,20.4359436,Baranda--Brod i Srednja Greda (mrtvaje i vlažne livade Tamiša),2026-01-18 12:22,84,14
L14588932,RS,RS-VO,,45.0968568,20.4491919,Baranda--Srednja i Velika Greda (mrtvaje i vlažne livade Tamiša),2024-05-11 15:00,74,8
L3567865,RS,RS-VO,,45.0809756,20.435257,Baranda--Trnovačka greda (mrtvaje i vlažne livade Tamiša),2025-05-22 15:00,27,3
L14663770,RS,RS-VO,,45.1056075,20.4591879,Baranda--Volarska torina,2026-06-13 18:00,119,51
L3399008,RS,RS-VO,,45.079862,20.4824155,"Baranđanske slatine--Slatina, Pečena slatina i Siget (threatened with conversion into a solar power plant)",2026-08-09 07:34,178,282
L11490308,RS,RS-VO,,45.3191318,20.4287854,Bare između Lukinog sela i Ečke,2026-04-18 07:32,55,14
L65946082,RS,RS-00,,44.66113,20.26697,Barička ada,2026-08-16 16:29,32,3
L4011200,RS,RS-22,,43.1514344,22.5763196,"Barje, Pirot",2025-07-07 08:30,123,39
L14894144,RS,RS-VO,,46.0417899,19.9879932,Baráthok kútja (bara i slatinski pasnjak),2026-07-05 10:06,52,6
L62639069,RS,RS-VO,,44.975686,19.9788967,"Basiana, pašnjaci",2026-07-05 19:00,27,0
L7418335,RS,RS-12,,44.1488931,21.0534925,Batočina,2020-06-07 09:35,16,2
L4716459,RS,RS-VO,,44.827341,20.8918538,Bavanište--Manastirska šuma,2024-08-12 08:34,25,3
L12326074,RS,RS-VO,,45.3928588,19.2216294,Bač Fortress,2026-08-30 18:26,26,3
L3456583,RS,RS-VO,,45.4200931,19.1998315,Bač fishpond,2026-04-13 11:02,62,3
L28415957,RS,RS-VO,,45.2364029,19.3787393,Bačka Palanka--park prirode Tikvara,2026-07-17 07:38,46,4
L9629417,RS,RS-VO,,45.6263831,19.2725643,Bački Brestovac--Dokina jamura,2018-04-01 13:00,8,1
L3103725,RS,RS-VO,,45.5575684,19.3322331,Bački Gračac--Lake,2025-09-27 12:41,76,27
L26404672,RS,RS-VO,,45.545405,19.32668,Bački Gračac--slatine
L11408372,RS,RS-VO,,45.5866116,19.3199596,Bački Gračac--slatinska livada (saline meadow),2025-02-11 15:31,22,5
L4312495,RS,RS-VO,,45.7928435,18.9376402,Bački Monoštor (village),2026-04-02 19:15,57,23
L11429443,RS,RS-VO,,45.3586421,19.5926461,Bački Petrovac--City Park,2026-09-27 11:52,36,39
L3284218,RS,RS-VO,,45.5500815,20.0059426,Bačko Gradište--DTD kanal,2022-06-02 09:52,57,10
L3284213,RS,RS-VO,,45.5336841,20.0231664,Bačko Gradište--town center,2026-04-12 09:55,10,1
L28416449,RS,RS-VO,,45.7018582,20.0956361,Bačko Petrovo Selo--Tisa kod skele,2022-07-16 12:18,7,1
L10843173,RS,RS-VO,,45.6423156,20.414915,Bašaid Village,2026-01-02 09:38,29,14
L21383089,RS,RS-00,,44.7432289,20.465199,Bašte i voćnjaci između Miljakovca i Jajinaca,2026-08-04 04:59,51,30
L7544032,RS,RS-VO,,45.4420511,20.460454,"Begej kod Kleka, Zrenjanin",2026-01-24 11:23,53,11
L8696055,RS,RS-VO,,45.2162124,20.3756806,Begej river near Perlez,2025-03-20 16:50,108,37
L29584517,RS,RS-VO,,45.2373851,19.622979,"Begeč (naselje), Bačka"
L3836525,RS,RS-VO,,45.2221936,19.6009398,Begečka jama (Nature Park),2026-07-30 06:31,85,11
L29636730,RS,RS-VO,,44.9101325,21.4447612,Bela Crkva--izvor Siga,2024-03-03 16:40,16,1
L3983865,RS,RS-00,,44.6601064,20.4868841,Bela Reka--Hajdučki potok-Ševarnik,2024-03-27 08:36,37,4
L3983847,RS,RS-00,,44.660778,20.4652548,Bela Reka--Otavice-Kurjakovac,2026-05-30 06:57,103,65
L3609651,RS,RS-00,,44.6543321,20.4617411,Bela Reka--akumulacija (reservoir),2026-09-19 08:00,71,35
L11643276,RS,RS-00,,45.0227139,20.3527563,Belegiš--Dunav,2026-05-09 17:09,103,33
L4900672,RS,RS-VO,,45.0011654,20.3104452,Belegiš--Petrinci i šljunkara Stari Banovci,2026-09-04 16:00,108,52
L26783936,RS,RS-00,,45.00848,20.33733,Belegiš--plavne livade i sprudovi,2026-09-24 06:36,164,160
L59691680,RS,RS-00,,44.8274482,20.4216791,Belgrade Aquarium (construction site in 2026),2026-08-24 06:43,21,5
L7567169,RS,RS-00,,44.8143583,20.4212505,"Belgrade Arena (Blok 25), Novi Beograd",2026-04-21 10:35,15,8
L39243309,RS,RS-00,,44.8055044,20.4161784,"Belgrade Bus Station, Novi Beograd",2025-11-30 07:03,9,2
L2432042,RS,RS-00,,44.7862659,20.5970478,"Belgrade City Rubbish Dump, Vinča (restricted access)",2018-12-27 09:30,31,27
L9229068,RS,RS-00,,44.7769345,20.585979,"Belgrade City Rubbish Dump, Vinča--access road (restricted access)",2026-06-15 14:43,13,2
L4523230,RS,RS-00,,44.8256649,20.4546192,Belgrade Zoo (include only wild free-flying birds!),2026-06-30 17:29,41,80
L2481937,RS,RS-00,,44.9066692,20.374167,Beljarica--Jagodina-Petica i Balaton-Beljarica (PIO Forland leve obale Dunava kod Beograda),2026-09-27 13:28,201,1140
L5710433,RS,RS-00,,44.8816903,20.3751862,Beljarica--Vojne bašte (PIO Forland leve obale Dunava kod Beograda),2026-08-09 18:00,148,136
L22993881,RS,RS-VO,,45.2736046,20.3747218,"Belo Blato, selo",2026-07-11 09:22,27,7
L5503252,RS,RS-VO,,45.223649,20.3442764,"Belo Blato--Farkaždinski rit (uklj. njive, forland Tise i jezero Joca)",2025-06-13 07:50,112,52
L3512097,RS,RS-VO,,44.8919603,21.403985,Belocrkvanska jezera,2026-06-13 12:00,132,154
L11598625,RS,RS-12,,43.8906906,20.7696748,"Benzinska pumpa, Gruža",2020-05-29 16:50,11,1
L3291639,RS,RS-00,,44.8058334,20.4466295,Beograd na vodi (Belgrade Waterfront) - Sava od mosta Gazela do Starog savskog mosta,2026-09-16 09:28,72,138
L3956872,RS,RS-VO,,45.227725,19.7145152,Beočin--Karaš,2025-10-19 11:41,28,4
L13105648,RS,RS-VO,,45.224325,19.720875,Beočinski rit,2021-01-01 15:23,13,2
L55071995,RS,RS-17,,44.0613238,20.3393339,Beršići,2025-11-12 07:15,1,0
L8049652,RS,RS-24,,42.5374111,22.1996174,Besna Kobila,2026-09-27 08:17,26,3
L7129397,RS,RS-00,,45.0058966,20.3636312,Besni Fok--dunavski forland od Vrbovskog do Preliva,2026-06-20 10:26,62,8
L7627176,RS,RS-00,,44.9929145,20.3971052,Besni Fok--kanal,2026-06-20 06:10,50,5
L15052166,RS,RS-VO,,45.5999265,20.0438353,Bečej - kanal,2023-03-11 14:00,28,2
L3448779,RS,RS-VO,,45.56887,20.0284624,"Bečej ribnjak (fish farm), Bečej",2026-08-23 06:14,163,85
L19947209,RS,RS-VO,,45.6148291,20.0484418,"Bečej, grad",2025-01-10 11:18,25,6
L22080327,RS,RS-00,,44.7848472,20.2038379,Bečmenski ribnjak,2026-01-13 11:40,35,10
L29744171,RS,RS-VO,,45.1093721,19.7117051,Bešenovački prnjavor,2024-03-09 09:35,22,1
L5870849,RS,RS-VO,,45.1678785,20.0815272,Beška bridge,2026-06-11 09:30,70,12
L3972927,RS,RS-00,,44.8319149,20.3837525,Bežanijska Kosa--KBC,2026-06-10 07:01,51,84
L13093752,RS,RS-00,,44.8163029,20.3728063,Bežanijska kosa,2026-06-10 04:30,54,116
L11361480,RS,RS-19,,43.6026627,21.3349517,Bivoljski ključ,2025-01-28 15:24,47,3
L60830901,RS,RS-19,,43.7196572,21.4127144,Bivši depo šuta od izgradnje autoputa
L7792142,RS,RS-21,,43.2961766,21.2910296,Blace (town),2026-03-03 08:10,29,4
L11662004,RS,RS-14,,44.5096758,22.3706801,Blederija Waterfalls (Nature Monument),2022-10-08 17:21,3,0
L13153204,RS,RS-00,,44.8235245,20.4097207,"Blok 1, Novi Beograd",2026-07-18 06:40,34,24
L5069237,RS,RS-00,,44.8292242,20.4126191,"Blok 11 c (incl. Stari Merkator), Novi Beograd",2026-02-01 07:52,14,5
L4960412,RS,RS-00,,44.8049035,20.4294352,"Blok 19a, Novi Beograd",2026-07-03 20:33,24,22
L3496294,RS,RS-00,,44.8277156,20.4100786,"Blok 2, Novi Beograd",2026-09-07 14:30,35,55
L3861530,RS,RS-00,,44.8146655,20.4303914,"Blok 21, Novi Beograd",2026-06-02 06:22,25,82
L4714294,RS,RS-00,,44.8077014,20.4251249,"Blok 23, Novi Beograd",2026-04-29 18:47,15,50
L3494856,RS,RS-00,,44.8108252,20.4190779,"Blok 24, Novi Beograd",2026-09-09 15:52,33,112
L3783939,RS,RS-00,,44.812897,20.4135847,"Blok 28, Novi Beograd",2026-05-24 15:06,32,87
L3848676,RS,RS-00,,44.8195548,20.4204619,"Blok 30, Novi Beograd",2026-09-03 08:00,31,59
L17680176,RS,RS-00,,44.8206584,20.4069607,"Blok 33, Novi Beograd",2025-08-26 19:03,6,2
L5594225,RS,RS-00,,44.8192852,20.3994495,"Blok 37, Novi Beograd",2025-11-07 07:41,11,9
L5491988,RS,RS-00,,44.8167841,20.4040039,"Blok 38, Novi Beograd",2024-05-06 06:15,15,17
L3686592,RS,RS-00,,44.8155639,20.4083061,"Blok 39 (shrubs and trees), Novi Beograd",2026-06-10 23:56,42,120
L2611976,RS,RS-00,,44.7993444,20.387063,"Blok 44, Novi Beograd",2026-09-08 06:14,75,235
L4258969,RS,RS-00,,44.7955825,20.3789306,"Blok 45, Novi Beograd",2026-09-08 06:30,67,195
L56056072,RS,RS-00,,44.8287248,20.4056545,"Blok 5, Novi Beograd",2026-05-08 06:44,14,24
L8429335,RS,RS-00,,44.8062855,20.3826085,"Blok 63, Novi Beograd",2025-12-17 15:14,10,4
L8815870,RS,RS-00,,44.8075275,20.3926676,"Blok 64, Novi Beograd",2026-04-27 17:50,29,25
L14069028,RS,RS-00,,44.8055452,20.4014774,"Blok 67A, Novi Beograd",2026-03-13 13:40,40,13
L1146130,RS,RS-00,,44.8006539,20.3958392,"Blok 70, Novi Beograd",2026-09-02 13:47,75,367
L4708943,RS,RS-09,,44.4736649,20.0885439,Bogdanovica gravel pits,2026-09-27 16:35,144,438
L13031756,RS,RS-VO,,45.530221,19.1303101,Bogojevo (town),2022-09-16 13:14,10,2
L3325461,RS,RS-VO,,45.5142378,19.1132981,Bogojevski rit,2025-07-25 14:54,67,8
L3863437,RS,RS-00,,44.3279479,20.2009756,"Bogovadja, selo",2025-05-28 12:04,38,14
L20270707,RS,RS-09,,44.3274892,20.1854156,"Bogovađa, šuma",2025-10-16 12:53,27,3
L2581940,RS,RS-00,,44.7366023,20.1708328,"Bojčinska šuma i ribnjak Živača, put Sremska gazela i deponija (general area—please use a more precise spot)",2026-08-30 10:40,180,393
L6819147,RS,RS-00,,44.7340711,20.1525039,"Bojčinska šuma lužnjaka, spomenik prirode (nature reserve)",2026-05-24 08:20,110,107
L7786844,RS,RS-VO,,45.3537086,20.8317051,Boka (town),2026-01-31 10:46,35,4
L4753180,RS,RS-15,,43.8425358,21.9582796,Boljevac,2016-05-22 15:00,7,1
L22261654,RS,RS-00,,44.7163842,20.222733,Boljevci--nautičko selo 'Biser',2025-10-17 13:00,51,10
L4887473,RS,RS-14,,44.0713066,22.0962563,Bor (town),2024-07-14 15:15,15,4
L9536821,RS,RS-12,,43.963023,20.6020772,Borački krš (Nature Monument),2025-05-31 10:00,39,4
L8013410,RS,RS-VO,,45.0402642,19.81996,"Borkovačko jezero (Borkovac Lake), Ruma",2026-02-13 16:10,57,13
L3391747,RS,RS-14,,44.090914,22.011559,Borsko jezero (lake),2024-10-25 13:25,105,3
L6597580,RS,RS-00,,44.8739753,20.4458212,"Borča SC (44,874, 20,446)",2026-05-09 17:11,70,26
L3794913,RS,RS-00,,44.8754668,20.4521165,"Borča, Centar 3",2024-12-19 07:45,8,1
L19747208,RS,RS-24,,42.4991874,22.4745941,"Bosilegrad, naselje",2022-06-21 18:35,16,3
L60707685,RS,RS-VO,,44.9556922,19.2401077,"Bosutske šume specijalni rezervat prirode (mostly fenced hunting ground, access restricted, request permission from the manager)",2026-03-21 00:00,15,1
L12594237,RS,RS-VO,,44.9836667,19.2085873,Bosutske šume specijalni rezervat prirode--Slezen bara,2026-03-06 20:53,14,1
L3241468,RS,RS-00,,44.815675,20.4733443,Botanical Garden Jevremovac,2026-05-03 13:26,62,117
L28885045,RS,RS-VO,,45.3072105,20.6413724,"Botoš, selo",2025-08-02 11:30,24,3
L33599889,RS,RS-20,,43.626006,21.692596,Bovan--napusteni motel,2024-06-19 17:50,20,1
L5781755,RS,RS-15,,43.6551426,21.7712116,Bovansko jezero (reservoir)--Mrestilište (ušće Moravice u akumulaciju),2026-06-05 12:22,140,89
L5781779,RS,RS-15,,43.6524102,21.7264938,Bovansko jezero (reservoir)--središnji deo,2024-02-17 11:31,49,7
L5781781,RS,RS-15,,43.6425352,21.7082977,Bovansko jezero (reservoir)--velika plaža i brana,2026-02-14 12:19,75,32
L28511527,RS,RS-20,,43.610165,21.6504626,Bradarac--put Bovan - Rutevac,2023-12-30 13:30,16,1
L7247420,RS,RS-VO,,45.091517,21.31216,"Brana na Mesiću (dam on Mesić stream), Vršac",2025-01-08 11:20,7,2
L12976112,RS,RS-23,,43.0076354,21.976888,"Bratmilovce, Leskovac",2023-12-24 12:45,34,4
L3773598,RS,RS-VO,,45.2159058,19.6844852,Brazilija--Skenderac,2015-07-05 16:20,53,2
L29945540,RS,RS-VO,,44.6656742,20.7794561,Brestovačka ada,2024-10-11 16:18,19,2
L3391792,RS,RS-14,,44.0599439,22.0436919,Brestovačka banja,2020-02-16 00:00,48,1
L11888346,RS,RS-21,,43.0417065,21.6169968,Brestovačko jezero,2025-12-07 09:32,62,6
L3264442,RS,RS-VO,,45.411085,19.9085301,"Brick Factory lake, Temerin",2017-01-15 12:50,47,7
L18093297,RS,RS-14,,44.484509,22.457391,Brza-Palanka—selo,2022-03-12 13:05,13,2
L11661989,RS,RS-13,,44.1208887,21.1534476,Brzansko Moravište (Special Nature Reserve),2025-12-23 09:22,11,1
L29695401,RS,RS-17,,43.9640066,20.4325847,Brđani,2024-02-28 09:37,38,4
L4396396,RS,RS-00,,44.7235031,20.5416012,"Bubanj potok, Voždovac",2026-05-21 10:00,27,9
L29970045,RS,RS-VO,,45.28079,19.993637,Budisava,2024-03-20 09:22,7,2
L3471777,RS,RS-VO,,45.2569818,19.8073196,"Budući park kod Novog naselja, Novi Sad",2026-02-02 17:17,60,24
L24876322,RS,RS-24,,42.450726,21.779668,Bujanovac,2024-09-11 17:05,10,1
L36506313,RS,RS-24,,42.4317964,21.7776882,Bujanovačko jezero,2026-07-03 20:04,16,3
L39302048,RS,RS-VO,,45.1845725,19.9019977,Bukovac--panoramska staza,2026-05-04 09:11,29,7
L39301084,RS,RS-VO,,45.1846108,19.8862955,Bukovac--put do brda Beljevo,2026-05-09 13:18,46,9
L32215222,RS,RS-VO,,45.1915184,19.8947176,Bukovac--selo,2026-05-09 15:58,17,5
L39302492,RS,RS-VO,,45.1828765,19.8949501,Bukovac--staza do brda Srednji Čot,2026-05-05 10:34,31,5
L44525343,RS,RS-12,,44.3233964,20.5243951,Bukovik,2026-09-14 09:04,83,135
L5777377,RS,RS-12,,44.2975231,20.5316824,Bukulja mountain,2026-08-16 18:38,50,17
L7060573,RS,RS-11,,44.6173291,21.1895351,"Bus station, Požarevac",2024-01-07 09:45,7,2
L67779175,RS,RS-VO,,45.27584,20.39494,Carska Bara Ramsar Site (incl. Ečka Fish Farm)--general area (please use a more precise spot),2026-09-26 16:13,220,1084
L2588186,RS,RS-VO,,45.2786782,20.4265022,Carska bara NR--istočno od Starog Begeja (Traktor-bara i Tiganjica),2026-09-26 16:13,149,107
L2842929,RS,RS-VO,,45.26812,20.40269,"Carska bara NR--zapadno od Starog Begeja (Carska bara, Perleska bara i sam tok Starog Begeja)",2026-06-20 17:18,149,73
L22905922,RS,RS-VO,,45.1903467,20.5131204,Centralni park--Idvor,2023-02-16 14:20,8,1
L5050358,RS,RS-08,,44.6142618,19.4969988,Cer Mountain,2026-04-10 13:20,51,8
L37870002,RS,RS-00,,44.7476789,20.1784518,Cerova greda,2025-02-09 16:17,8,2
L3934951,RS,RS-VO,,45.4496846,19.323256,"Ciglanska jezera, Ratkovo",2026-08-18 15:26,53,9
L3264459,RS,RS-VO,,45.4068773,19.893955,"City park, Temerin",2021-06-27 14:33,43,12
L20415896,RS,RS-VO,,45.0095233,20.6363602,Crepaja--selo,2026-07-25 16:23,17,2
L6893106,RS,RS-VO,,45.972556,20.2754979,"Crkva, Crna Bara (45,973, 20,275)",2018-02-14 11:32,1,2
L6892541,RS,RS-VO,,45.9742862,20.2692554,"Crna Bara (45,974, 20,269)",2018-02-14 10:15,7,2
L2501245,RS,RS-VO,,44.774331,20.998714,Crna Bara NR (near Kovin),2026-04-18 14:47,73,35
L31950392,RS,RS-08,,44.8662946,19.369135,Crna Bara--šljunkara,2026-09-06 07:25,94,24
L11090856,RS,RS-00,,44.7960524,20.486441,"Crveni krst, Timočka, Vračar",2026-06-09 12:51,33,30
L4450271,RS,RS-00,,44.7977944,20.4860902,"Crveni krst, Vračar",2025-10-14 03:01,18,27
L2844332,RS,RS-00,,44.860235,20.4101729,"Crvenka--forland, PIO Forland leve obale Dunava kod Beograda",2026-06-27 06:25,110,49
L22086091,RS,RS-00,,44.7927263,20.5059846,Cvetkova pijaca i DZ Zvezdara,2022-06-11 16:45,2,0
L40979766,RS,RS-VO,,45.8383554,20.2049645,"DTD Ribnjak, Padej",2026-01-12 10:53,43,3
L17604249,RS,RS-VO,,45.4081331,20.4593343,DTD kod Temišvarskog druma,2026-01-24 09:53,47,12
L4848932,RS,RS-00,,44.8072372,20.4812575,Dalmatinska/Ruzveltova/Vojvode Brane (urban pocket),2026-02-03 12:37,14,49
L2333715,RS,RS-00,,44.8305984,20.421521,"Danube Riverside (presently a construction site), former Hotel Jugoslavija, Zemun",2026-08-24 06:54,80,227
L6248093,RS,RS-VO,,44.7131655,20.9706795,Danube embankment between Kovinski Dunavac and sewage ponds,2024-03-23 11:15,58,6
L5287436,RS,RS-VO,,45.2584967,19.8554921,"Danube--Beogradski kej, Novi Sad",2026-07-08 02:34,65,27
L5287550,RS,RS-VO,,45.236631,19.8487008,"Danube--Strand, Novi Sad",2026-07-02 00:37,64,14
L5237295,RS,RS-13,,43.865094,21.473082,"Davidovac, Paraćin",2022-06-02 18:30,86,99
L41441062,RS,RS-14,,44.3631979,21.9013048,Debeli Lug--Todorova Reka,2025-03-20 05:58,42,2
L25363143,RS,RS-VO,,45.0663933,20.5847536,Debeljacka Jezera,2025-07-21 10:35,39,5
L11639675,RS,RS-09,,44.1519607,19.692342,Debelo brdo,2026-04-10 13:19,46,8
L19755753,RS,RS-00,,44.7848023,20.450628,"Dedinje--severno od ulice Teodora Drajzera, Beograd",2026-04-16 16:31,38,5
L9643490,RS,RS-VO,,44.9954483,20.9551743,Deliblatska Peščara NR--Devojački bunar,2026-07-30 17:34,82,58
L10906377,RS,RS-VO,,44.9282876,21.2187626,Deliblatska Peščara NR--Dumača,2026-04-19 11:52,35,1
L10906367,RS,RS-VO,,44.93983,21.18772,Deliblatska Peščara NR--Zagajička brda,2026-08-16 12:18,63,12
L3545599,RS,RS-VO,,44.8529705,21.1025476,Deliblatska Peščara NR--omladinsko naselje Čardak (closed to the public),2026-09-24 08:35,88,67
L39193161,RS,RS-VO,,44.9555872,21.0629954,Deliblatska peščara NR--Korn,2026-09-27 17:19,68,18
L11482101,RS,RS-VO,,44.9076734,20.9972606,Deliblatska peščara NR--Mramorački vinogradi,2026-08-05 06:42,108,87
L4690878,RS,RS-VO,,44.9636293,20.9586656,Deliblatska peščara NR--Volovska paša,2026-07-17 05:13,104,129
L66832566,RS,RS-VO,,44.8308157,21.2509296,Deliblatska peščara NR--asfalt Dubovac—kanal DTD,2026-05-18 14:10,1,0
L54367433,RS,RS-VO,,44.9253296,21.0924001,Deliblatska peščara NR--potez Flamunda—Rošijana,2026-09-27 16:38,41,8
L43891333,RS,RS-VO,,44.9477412,21.0812546,Deliblatska peščara NR--potez Flamunda—Šušara,2026-07-03 11:52,18,2
L33835648,RS,RS-VO,,44.9296475,20.9747486,Deliblatska peščara NR--potez Prvi bunar—Leanka,2026-08-20 14:30,52,10
L11736822,RS,RS-VO,,44.8945281,21.0967805,"Deliblatska peščara NR--put Deliblato—Šušara (razvaljen asfalt, samo za viša vozila)",2026-09-27 15:49,34,4
L72298186,RS,RS-VO,,44.98332,21.02245,Deliblatska peščara NR--put do Korna,2026-09-22 19:41,36,6
L13433288,RS,RS-VO,,44.8331199,21.1395051,"Deliblatska peščara NR--Šumarak, vikend naselje  (closed to the public)",2026-07-09 10:00,38,7
L2907670,RS,RS-VO,,44.8824515,21.1669159,Deliblatska peščara specijalni rezervat prirode (Nature Reserve)--general area (please use a more precise spot),2026-09-27 17:19,149,464
L6794146,RS,RS-00,,44.7425432,20.1790414,Deponija Progar--Lunjište (private property—access denied),2026-07-26 11:18,101,88
L8014895,RS,RS-VO,,45.4541934,19.2186303,Deronje (town),2021-12-21 11:17,8,2
L3935797,RS,RS-VO,,45.4706048,19.1845751,Deronje--Donja Branjevina (ancient forest),2026-07-15 12:52,19,2
L3103505,RS,RS-VO,,45.471411,19.2058368,Deronje--fishpond,2024-01-25 12:20,73,11
L29855982,RS,RS-VO,,45.4320201,19.2295491,Deronje--Čerič pašnjak,2024-01-13 13:38,14,0
L31149239,RS,RS-13,,44.093952,21.444833,Despotovac,2024-05-01 17:40,12,1
L36046201,RS,RS-22,,43.0179638,22.8010601,"Dimitrovgrad, polja istočno od grada",2026-08-09 07:00,13,2
L3674040,RS,RS-09,,44.1139038,20.0030994,Divčibare,2026-09-20 09:18,86,79
L48210623,RS,RS-09,,44.1128158,19.9743744,Divčibare--vidikovac Golubac,2026-09-18 11:14,19,2
L40976158,RS,RS-09,,44.096943,19.9688008,Divčibare--vidikovac Paljba,2026-08-16 09:00,21,4
L5890557,RS,RS-11,,44.6552222,21.7666197,Djerdap National Park--Brnjica,2025-10-23 08:16,58,12
L20292779,RS,RS-11,,44.610145,21.8727533,"Djerdap National Park--Desna reka, Jastrebovo – Dobra (put bez podloge, samo ponegde tucanik, dosta rupa)",2022-07-25 16:58,25,2
L12037526,RS,RS-11,,44.6401787,21.9077034,Djerdap National Park--Dobra,2025-08-01 15:31,49,6
L12036176,RS,RS-14,,44.4660739,22.1518755,Djerdap National Park--Donji Milanovac (town),2026-09-09 11:16,60,16
L18093238,RS,RS-14,,44.504095,22.203402,"Djerdap National Park--Golubinje, selo",2026-08-07 07:00,37,4
L5724294,RS,RS-14,,44.4607527,22.1356487,"Djerdap National Park--Hotel Lepenski Vir, Donji Milanovac",2026-07-09 09:21,30,11
L20299949,RS,RS-14,,44.5572606,22.0158891,"Djerdap National Park--Košo brdo to Boljetinska reka meadow road (7,4 km; southern slope)",2026-04-24 11:47,62,14
L20299941,RS,RS-11,,44.5818383,21.9849508,"Djerdap National Park--Salatinski rt to Kožica forest road (10,6 km; northern slope)",2026-04-24 09:18,55,15
L12871610,RS,RS-14,,44.6831789,22.4102211,Djerdap National Park--Tekija,2025-08-23 13:18,64,12
L2846559,RS,RS-14,,44.5359193,21.9795227,Djerdap National Park--general area (please use a more precise spot),2026-09-09 11:16,165,234
L5890642,RS,RS-14,,44.5403241,22.0294547,"Djerdap National Park--kanjon Boljetinske reke (Boljetin River Canyon special nature reserve), reka odnela put",2026-05-28 11:34,40,19
L5757358,RS,RS-14,,44.47853,22.03154,Djerdap National Park--put br. 164 D. Milanovac—Majdanpek (loš asfalt),2026-04-24 14:44,31,5
L63774782,RS,RS-14,,44.45582,22.01892,"Djerdap National Park--puteljak za Veliki Liškovac, stari asfalt (44.462, 22.012)",2026-04-24 14:51,6,1
L2846579,RS,RS-14,,44.6018382,22.2845993,Djerdap National Park--the Lower Gorge (river from Donji Milanovac to Kladovo),2025-04-19 11:43,42,4
L6951019,RS,RS-11,,44.61951,21.99857,Djerdap National Park--the Upper Gorge (river from Golubac to Donji Milanovac),2025-05-24 14:57,67,8
L4150238,RS,RS-14,,44.4424821,22.1750021,Djerdap National Park--ušće Porečke reke (Mosna),2026-02-07 15:10,44,11
L23981339,RS,RS-14,,44.48486,22.06285,Djerdap National Park--vidikovac Kovilovo,2026-04-24 14:25,51,9
L23978984,RS,RS-14,,44.6382796,22.3075637,"Djerdap National Park--đerdapska magistrala, odmorište naspram Decebala",2025-09-24 09:21,12,1
L12066741,RS,RS-VO,,45.2153341,20.8364335,Dobrica,2020-09-13 08:17,11,2
L4509976,RS,RS-VO,,45.0473902,19.9459791,Dobrodol,2026-08-30 10:10,96,41
L7233707,RS,RS-00,,44.5452333,20.3818166,Dolina Barajevske Reke (Barajevo-V. Borak),2026-05-30 12:36,53,8
L32967037,RS,RS-24,,42.468078,21.846225,Dolina Krševičke reke kod Davidovca,2024-06-07 16:18,15,1
L2851047,RS,RS-24,,42.3301235,21.8959022,Dolina Pčinje (Pčinja River Valley),2026-08-16 05:50,100,37
L31157168,RS,RS-13,,44.129798,21.407855,Dolina Resave kod Plažana,2026-02-17 12:39,44,2
L7228383,RS,RS-00,,44.6481708,20.3864884,Doljanski potok,2019-03-03 12:20,29,2
L4405430,RS,RS-VO,,46.0694251,20.0745642,"Dolma od Lepenke do Žute kuće, Kanjiža",2022-10-08 11:15,120,58
L6859060,RS,RS-VO,,46.0390636,20.0871706,"Dolma od mosta do Papove vile, Novi Kneževac",2025-11-18 16:49,50,5
L4667914,RS,RS-VO,,46.064071,20.0720429,"Dolma od Štranda do puta, Kanjiža",2026-08-09 11:00,50,5
L41010378,RS,RS-VO,,44.9006367,20.8898583,Dolovo--Vodica svetog proroka Ilije,2026-08-01 06:17,29,11
L3096663,RS,RS-19,,43.4340034,21.3697815,Dom Jastrebac,2026-06-14 13:00,38,10
L64487863,RS,RS-00,,44.8153552,20.4625287,Dom omladine Beograda,2026-08-10 23:37,11,3
L4499215,RS,RS-24,,42.549368,21.9051006,"Dom učenika, Vranje",2025-05-23 17:30,18,2
L3300009,RS,RS-16,,43.401762,19.5440997,"Donje Babine, Prijepolje",2017-02-04 12:00,7,3
L49378258,RS,RS-19,,43.766688,21.37288,Donji Katun - peskare uz Moravu,2026-01-08 14:06,45,6
L38352727,RS,RS-19,,43.7472396,21.3832257,Donji Katun--peskare,2026-06-03 16:17,64,15
L11798297,RS,RS-20,,43.3461084,21.945556,Donji Matejevac,2020-06-29 12:29,11,1
L62398767,RS,RS-00,,44.8231331,20.4672289,Dorćol Platz,2026-06-07 18:36,9,3
L24803767,RS,RS-00,,44.8217821,20.4646071,Dorćol--Museum of Science and Technology,2026-09-13 18:00,14,19
L2207343,RS,RS-00,,44.8300469,20.4499984,"Dorćolski kej--combined eastern and western part, IBA Ušće Save u Dunav",2026-09-17 11:16,175,2195
L4162380,RS,RS-00,,44.8309077,20.455116,"Dorćolski kej--eastern part (Danube downstream of VRO), IBA Ušće Save u Dunav",2026-09-15 11:34,122,456
L4162401,RS,RS-00,,44.8268526,20.4456317,"Dorćolski kej--western part (facing VRO), IBA Ušće Save u Dunav",2026-08-02 12:56,133,298
L22393173,RS,RS-08,,44.8458191,19.711138,Drenovačka ada,2026-01-31 10:37,23,7
L32932887,RS,RS-24,,42.403015,21.885547,Dreznica,2024-06-06 06:35,14,1
L25940414,RS,RS-08,,44.7771948,19.3425247,"Drina kod Pavlovića Mosta, Badovinci",2026-04-25 16:36,85,17
L11684651,RS,RS-10,,44.5461619,20.8357148,Drugovac village,2023-04-23 12:35,19,2
L2434281,RS,RS-00,,44.5851735,20.4352972,"Duboki Potok akumulacija (reservoir), Barajevo",2023-03-08 08:56,26,5
L9193637,RS,RS-00,,44.6533294,20.4151726,Dugi rt,2026-06-21 12:14,27,6
L18156132,RS,RS-24,,42.425618,22.3905381,Dukat planina,2011-05-10 09:00,2,0
L2609807,RS,RS-11,,44.7413693,21.5970826,Dunav Požeženo-Vinci (Vinogradine—šire priobalje),2025-12-21 15:16,70,28
L8232202,RS,RS-11,,44.6996904,21.6090059,Dunav Vinci—Usije,2025-06-24 08:59,53,16
L6955322,RS,RS-VO,,45.2670817,19.8666325,"Dunav, špic keja kod Danubiusa (DTD-Dunav), Novi Sad",2026-05-10 13:41,71,33
L3196280,RS,RS-VO,,45.2552154,19.8513454,"Dunavski Park, Novi Sad",2026-08-27 08:31,73,65
L14949266,RS,RS-11,,44.7109732,21.0575739,Dunavski nasip od ušća Velike Morave nizvodno--Dubravica-Ostrovo,2021-05-15 10:15,44,2
L31419892,RS,RS-20,,43.324563,21.9293493,"Duvanište, Niš--strip of trees along Nišava",2025-09-08 18:00,18,2
L43965395,RS,RS-14,,44.3249934,22.5364367,Dušanovac--kamp St. Mokranjac,2025-05-03 09:24,22,1
L3515415,RS,RS-16,,43.4495542,19.6390057,Džurovo,2026-03-21 16:10,22,14
L3562907,RS,RS-VO,,45.4393174,20.2968657,Elemir,2026-06-12 09:50,78,56
L5785000,RS,RS-VO,,45.1364557,19.39871,Erdevićko jezero Bruje (lake),2026-08-16 11:34,72,9
L21770891,RS,RS-11,,44.5974877,21.1445799,Ergela Ljubičevo,2026-09-06 12:13,1,0
L10659583,RS,RS-12,,44.277075,20.5697838,Etno Kompleks Orahovac,2022-04-24 11:08,55,26
L11798100,RS,RS-22,,43.1340111,22.6070208,Etno kompleks Nišavska Dolina,2021-05-30 14:00,10,2
L43277154,RS,RS-00,,44.590522,20.2070826,Etno ribnjak,2025-12-30 11:25,44,6
L13806900,RS,RS-13,,43.8839367,21.3997199,Etno selo Stolovo,2023-08-22 12:45,10,3
L18875566,RS,RS-11,,44.220631,21.7440722,"Etno selo Trška, Suvi Do",2025-04-06 14:00,58,6
L73636875,RS,RS-00,,44.7964184,20.3652377,"Eurasia, kineski tržni centar",2026-06-19 11:09,4,1
L12770236,RS,RS-VO,,45.319326,20.4551785,"Ečka, village",2026-06-20 21:30,15,7
L9146779,RS,RS-VO,,45.6646369,19.4316691,Fabrika Šećera Crvenka,2021-02-16 13:09,48,2
L10716821,RS,RS-VO,,45.6526956,19.9017371,Fantast Castle (hotel),2025-01-10 13:19,29,10
L3513897,RS,RS-VO,,45.199769,20.487586,Farkaždin--Tamiš,2025-07-05 11:00,34,4
L34101285,RS,RS-VO,,45.1917977,20.4721533,Farkaždin--village,2026-07-25 15:59,14,1
L5474162,RS,RS-00,,44.7388192,20.227139,Fenek monastery,2025-10-17 14:00,33,6
L6878293,RS,RS-VO,,46.046864,20.1478623,"Filić, Novi Kneževac (46,047, 20,148)",2024-11-28 11:20,34,4
L5458444,RS,RS-00,,44.8074986,20.4589989,"Finansijski park, Savski venac",2026-06-09 09:20,19,52
L5774785,RS,RS-VO,,44.8828468,21.2479127,"Fosilni meandri Karaša - Kajtasovo, predeo izuzetnih odlika ""Karaš-Nera"" NR",2024-07-09 17:20,35,5
L9720287,RS,RS-VO,,44.8731256,21.425868,"Fosilni meandri Nere - Bela Crkva, predeo izuzetnih odlika ""Karaš-Nera"" NR",2025-07-06 10:40,52,9
L6160374,RS,RS-VO,,44.86823,21.3686013,"Fosilni meandri Nere - Vračev Gaj, predeo izuzetnih odlika ""Karaš-Nera"" NR",2025-07-06 11:05,57,14
L33381297,RS,RS-VO,,45.1590428,19.7002029,Fruska Gora NP--Orlove stene,2025-01-30 11:00,18,3
L32048801,RS,RS-VO,,45.1357875,19.6782111,Fruška Gora NP--Letenka,2025-05-16 08:03,37,8
L4857040,RS,RS-VO,,45.1064243,19.9052525,Fruška Gora NP--Neradin,2024-04-06 11:30,72,13
L22005723,RS,RS-VO,,45.1347396,19.8585303,Fruška Gora NP--Staro Hopovo Monastery,2026-08-08 14:54,45,9
L6380163,RS,RS-VO,,45.1693156,19.9172527,Fruška Gora NP--Stražilovo,2026-08-23 09:58,38,12
L2842969,RS,RS-VO,,45.1576984,19.8769111,Fruška Gora NP--east of Rakovac-Vrdnik line,2025-06-19 22:12,52,14
L44175770,RS,RS-VO,,45.1745808,19.8568854,Fruška Gora NP–northeast slopes from Iriški Road to Viline Vode,2025-05-04 11:45,8,2
L1028196,RS,RS-VO,,45.1536832,19.8023415,Fruška Gora National Park--general area (please use a more precise spot),2026-09-17 17:15,142,234
L4524218,RS,RS-VO,,45.1218674,19.940254,Fruška Gora--Krušedol,2025-09-30 16:01,39,14
L11911007,RS,RS-VO,,45.1740888,19.6480372,Fruška gora NP--Andrevlje,2022-06-05 17:37,13,1
L27547938,RS,RS-VO,,45.1814667,19.7738016,Fruška gora NP--Beli Majdan,2025-05-03 17:15,11,1
L29744849,RS,RS-VO,,45.158115,19.73958,Fruška gora NP--Crveni Čot to Zmajevac,2025-06-24 15:16,13,2
L4857055,RS,RS-VO,,45.1252914,19.9139643,Fruška gora NP--Grgeteg to Krušedol Prnjavor,2024-05-20 14:17,41,4
L12472277,RS,RS-VO,,45.1531173,19.8391922,Fruška gora NP--Iriški venac monument,2026-09-17 17:15,38,21
L11910996,RS,RS-VO,,45.1872185,19.7888187,Fruška gora NP--Kesten,2022-09-03 10:33,24,3
L5635670,RS,RS-VO,,45.1545894,19.5805496,Fruška gora NP--Mačkovac (sviloška padina),2024-03-09 12:26,20,5
L11911023,RS,RS-VO,,45.1801353,19.8244881,Fruška gora NP--Popovica,2026-04-18 13:06,68,21
L11822976,RS,RS-VO,,45.1776312,19.8953761,Fruška gora NP--Selište,2026-05-04 09:41,74,27
L11910993,RS,RS-VO,,45.1892051,19.8101651,Fruška gora NP--Stari Ledinci,2025-06-16 21:16,33,6
L13374931,RS,RS-VO,,45.1589625,19.8632725,Fruška gora NP--TV toranj na Iriškom vencu,2025-05-15 05:58,28,6
L12382316,RS,RS-VO,,45.1441129,19.7749694,Fruška gora NP--Vrdnik Tower (Vrdnička kula),2025-04-12 13:48,51,16
L3985809,RS,RS-VO,,45.1357263,19.6524919,Fruška gora NP--central area,2024-05-18 11:11,52,13
L64953698,RS,RS-VO,,45.17603,19.9126,Fruška gora NP--kota Avala,2026-05-04 10:27,7,2
L23931473,RS,RS-VO,,45.1582081,19.4946519,Fruška gora NP--livada Kišelez,2023-04-30 13:13,11,1
L20468258,RS,RS-VO,,45.1639633,19.7472517,Fruška gora NP--vidikovac Kobilica,2025-10-19 12:11,11,2
L11912245,RS,RS-VO,,45.1442843,19.6180991,Fruška gora NP--vila Ravne,2025-05-03 13:25,38,5
L3985833,RS,RS-VO,,45.1417145,19.5204949,Fruška gora NP--west of Sviloš-Ležimir line (put za Rohalj baze),2025-05-03 12:07,45,9
L2842930,RS,RS-VO,,45.2363062,19.6694756,Futog fish farm,2026-06-08 08:26,45,5
L46065185,RS,RS-VO,,45.2329234,19.7322178,Futog--plaža Vok,2026-04-17 06:56,21,2
L14827855,RS,RS-VO,,45.2348809,19.7120687,Futog--skelski prelaz,2026-03-20 13:55,32,6
L3196279,RS,RS-VO,,45.2506837,19.8269105,"Futoški Park, Novi Sad",2026-06-16 17:30,54,23
L5537603,RS,RS-VO,,44.7971854,21.0773134,"Gaj village, Kovin",2026-02-26 12:45,26,19
L4346821,RS,RS-16,,43.8300689,19.8583031,"Gajevi, Užice",2025-04-21 18:39,74,17
L9223748,RS,RS-00,,44.8578571,20.3696114,"Galenika, Zemun",2026-09-16 00:00,87,114
L2466573,RS,RS-00,,44.7718678,20.3376632,Galovica kanal,2026-05-23 15:28,153,248
L4006361,RS,RS-00,,44.788597,20.2901602,"Galovica-Surčin road, Vinogradska",2026-06-13 15:30,56,21
L4150896,RS,RS-12,,44.2894521,20.4810905,Garaško jezero,2026-05-03 12:44,55,7
L4821275,RS,RS-00,,44.8485174,20.4076838,"Gardoš, Zemun",2026-06-13 10:56,57,38
L6655485,RS,RS-VO,,45.830958,20.46922,"Generala Drapšina (alley trees), Kikinda",2026-04-09 14:05,25,11
L35810193,RS,RS-16,,43.178899,19.906722,Giljeva,2025-08-23 12:03,25,4
L14816939,RS,RS-VO,,45.4805581,20.042392,Glinara kod Čuruga,2025-08-23 17:08,33,8
L2807599,RS,RS-00,,44.8223645,20.5523086,Glinara u Višnjici,2026-07-05 12:58,62,43
L18405170,RS,RS-12,,44.0354747,20.9448674,Gnezdo bele rode u Jovanovcu,2024-12-12 10:49,47,2
L4065514,RS,RS-10,,44.6463186,20.9522796,"Godomin, Smederevo",2026-09-19 09:04,96,67
L27096522,RS,RS-18,,43.4382731,20.4344657,Golija NR--Bzovik,2023-09-17 13:10,39,6
L3631899,RS,RS-17,,43.3344804,20.2775431,Golija NR--Jankov Kamen,2026-08-24 13:45,50,5
L27108218,RS,RS-18,,43.4143986,20.4874061,Golija NR--Rudno,2023-09-17 10:15,23,3
L63935912,RS,RS-10,,44.4421,21.04283,Golobok--Miloševačko jezero,2025-08-10 13:55,1,0
L4832664,RS,RS-19,,43.558874,21.3612628,"Golovodski ključ, Kruševac",2022-01-09 11:40,63,20
L49600931,RS,RS-11,,44.6593001,21.6689578,Golubac Fortress area (cliffs and the river),2026-09-09 09:46,109,65
L33533420,RS,RS-11,,44.653949,21.6356083,Golubac town--embankment,2026-04-05 11:53,54,9
L30021744,RS,RS-VO,,44.991749,20.198247,Golubinački kanal uz industrijsku zonu u Staroj Pazovi,2024-03-23 11:00,2,1
L29743911,RS,RS-VO,,44.983247,20.0669209,Golubinci,2024-03-09 08:30,10,1
L3268181,RS,RS-VO,,45.6131921,20.0555044,"Goranski Park, Bečej",2024-10-07 12:02,47,18
L37612213,RS,RS-19,,43.5447682,21.1213533,Gornja Omašnica,2026-07-05 19:47,58,7
L18837844,RS,RS-11,,44.2697853,21.5464332,Gornjačka klisura,2026-09-06 14:29,38,7
L31710083,RS,RS-08,,44.5094627,19.3416522,"Gornje Nedeljice, selo",2024-05-10 14:30,18,1
L3517611,RS,RS-16,,43.263,19.7705,Gornje Stranjane,2024-10-06 13:27,67,37
L8702405,RS,RS-20,,43.5047346,21.6351633,Gornji Adrovac (town),2018-08-31 16:00,6,1
L38409844,RS,RS-19,,43.7387678,21.3308453,Gornji Katun--polja,2026-06-03 12:23,68,31
L3040113,RS,RS-19,,43.7535821,21.3733006,Gornji Katun--uz Veliku Moravu,2026-06-02 17:09,34,4
L5161226,RS,RS-17,,44.0213356,20.4637957,Gornji Milanovac--town,2025-11-20 11:30,21,4
L7991260,RS,RS-00,,44.7656079,20.5948404,Gornji put za Vinču,2026-06-15 13:24,11,1
L18093282,RS,RS-14,,44.490344,22.486684,Grabovica—selo,2022-03-12 12:11,32,2
L11183280,RS,RS-16,,43.710236,19.944974,"Gradina, Kruščica",2024-06-24 09:20,50,2
L21865315,RS,RS-00,,44.8430484,20.5671399,"Gradine (""Naselje rajskih ptica"")",2022-12-21 10:55,25,1
L2946884,RS,RS-00,,44.8636166,20.6218012,"Gradska šuma, Pančevo - IBA područje Ušće Save u Dunav",2025-05-24 09:12,60,7
L3630464,RS,RS-00,,44.8627336,20.5992651,"Gradska šuma, Pančevo--closed old road, IBA Ušće Save u Dunav",2026-09-27 12:38,41,6
L3630438,RS,RS-00,,44.8640553,20.5908411,"Gradska šuma, Pančevo--nasip uz stari pančevački put, IBA područje Ušće Save u Dunav",2026-06-27 10:32,95,52
L21725961,RS,RS-VO,,44.8709069,20.6404518,Gradski Park Pančevo,2026-06-22 10:14,33,39
L8091400,RS,RS-VO,,45.229432,21.278177,Granični prelaz Vatin,2026-05-11 11:56,18,4
L8117445,RS,RS-24,,42.7991258,22.0966984,Grdelička klisura,2023-04-12 10:38,5,1
L4709232,RS,RS-00,,44.8225466,20.569145,"Greben Milićevog brda, borova šuma Zapis",2025-11-04 14:25,27,4
L30046724,RS,RS-VO,,44.9016355,21.242562,Grebenac,2024-07-09 13:41,9,3
L27753358,RS,RS-00,,44.841257,20.168233,Grmovac,2026-03-22 10:35,47,7
L4381739,RS,RS-00,,44.64749,20.7645464,Grocka--Brestovik,2026-08-30 19:20,34,12
L4345522,RS,RS-00,,44.6723987,20.7194853,Grocka--center,2026-03-07 13:30,59,34
L22390991,RS,RS-00,,44.677152,20.7201,Grocka--dunavski kej,2026-07-11 07:33,44,3
L8570733,RS,RS-12,,43.9324228,20.6795778,Gružansko jezero (lake),2026-09-20 12:56,146,41
L13812592,RS,RS-23,,42.9489786,22.0157607,Guberevac,2025-06-21 14:29,32,11
L3582785,RS,RS-00,,44.5414304,20.5088353,"Guberevačke šume (šuma i selo Babe), Sopot",2023-07-30 17:32,104,332
L8203914,RS,RS-00,,44.5689698,20.5042567,"Guberevačke šume--forest and village Parcani, Sopot",2023-03-12 06:20,26,3
L11345568,RS,RS-16,,43.700617,19.927551,Gureši,2020-05-05 09:00,42,1
L2207624,RS,RS-00,,44.79149,20.4494,"Hajd Park, Dedinje",2026-05-26 12:10,75,265
L7786884,RS,RS-VO,,45.2538107,20.9676064,Hajdučica (town),2022-03-10 15:45,8,2
L3545600,RS,RS-VO,,44.8072949,21.1410427,Hatarica pašnjak/pasture (Deliblatska Peščara/Deliblato Sands)  (closed to the public),2026-05-18 11:10,114,88
L23512589,RS,RS-VO,,45.6618269,20.7807721,Hetin,2023-04-10 13:40,15,1
L3273358,RS,RS-10,,44.5883563,20.8072472,"Highway E75, near Vodanj (motel Jerina)",2025-11-30 11:35,23,12
L4282764,RS,RS-00,,44.7859167,20.427897,"Hipodrom, Čukarica",2026-09-02 06:07,48,163
L14733439,RS,RS-VO,,46.1526757,19.9656454,"Horgoš, selo",2026-05-17 19:43,31,4
L4499187,RS,RS-20,,43.3804462,21.8089521,Hotel Nais,2026-06-20 07:58,40,12
L13961293,RS,RS-20,,43.3752305,21.9004986,Hum--selo,2021-04-25 10:58,34,7
L2839061,RS,RS-00,,44.817355,20.487273,IBISS (Institute for Biological Research Siniša Stanković),2026-07-01 15:30,54,232
L3264396,RS,RS-VO,,45.3899134,19.8566294,"Ilandža, Temerin",2018-05-20 11:30,107,62
L2456720,RS,RS-00,,44.8012355,20.3710127,Institute for Nature Conservation of Serbia,2026-01-17 12:48,18,79
L10457682,RS,RS-VO,,45.0493608,20.0808536,Inđija,2026-09-20 15:00,96,90
L23585684,RS,RS-18,,42.8847765,20.5001746,Istočni Mojstir,2025-10-25 09:28,7,1
L5768452,RS,RS-17,,43.5677848,20.2475023,Ivanjica,2025-04-18 20:54,25,2
L2937313,RS,RS-VO,,44.7280971,20.7046509,Ivanovo--Nasip,2026-04-18 08:31,70,17
L2797023,RS,RS-VO,,44.6855426,20.7352352,Ivanovo--nasip ka B. Brestovcu,2015-08-08 10:00,15,1
L6316419,RS,RS-VO,,44.7467332,20.6596613,"Ivanovo--nasip ka Starčevu, Mukulj, Suvo polje, do dalekovoda",2021-03-09 08:25,37,3
L4678047,RS,RS-VO,,44.7396605,20.6988352,Ivanovo--selo,2025-03-21 15:25,51,10
L10571700,RS,RS-VO,,45.0212782,21.1843872,Izbište,2021-07-25 08:40,8,3
L40499652,RS,RS-15,,43.5365806,22.2852366,Izletište Baranica,2025-02-22 16:45,7,1
L39224975,RS,RS-00,,44.6653468,20.2339363,Izletište Zabran,2026-07-04 14:49,71,22
L34147037,RS,RS-16,,43.2483333,19.9913889,Izvor reke Grabovice,2026-08-24 06:25,14,2
L33839129,RS,RS-16,,43.71103,19.83766,Izvor vode Čajetina,2024-06-24 11:54,17,1
L40979419,RS,RS-VO,,45.8441397,20.329714,Iđoški ribnjaci i Kikindski kanal,2026-09-22 14:12,100,19
L3456613,RS,RS-09,,44.1760485,19.6681881,Jablanik,2026-04-12 07:38,29,2
L17522192,RS,RS-VO,,44.9443239,20.5882089,Jabuka  Tamiš 24 -- donja utina,2025-03-02 08:48,17,2
L46527027,RS,RS-VO,,44.9457691,20.5775163,Jabuka--Stare baste - deponija - jezero Jabuka,2026-02-07 16:53,40,3
L2729530,RS,RS-00,,44.7878356,20.2365857,"Jakovački Ključ (SRC), Surčin--lužnjakova šuma",2026-08-03 05:56,155,210
L33511137,RS,RS-00,,44.754069,20.260487,Jakovo,2025-07-21 09:35,16,1
L23551211,RS,RS-VO,,45.4732794,20.4375315,Jankov Most,2026-05-01 09:05,34,6
L50209690,RS,RS-VO,,45.2702419,20.7756682,Jarkovac,2026-06-13 11:01,36,4
L18443866,RS,RS-VO,,45.0573259,20.022534,"Jarkovačko jezero, Inđija",2026-09-27 10:00,131,81
L4184721,RS,RS-00,,44.7068385,20.4867182,"Jaroslav Černi Institute, Pinosava, Voždovac",2025-01-20 10:38,42,13
L50508864,RS,RS-VO,,44.9381079,21.3001834,"Jasenovo, selo",2026-09-05 13:34,31,3
L8599495,RS,RS-VO,,45.8936825,20.2193431,Jazovo (town),2019-02-09 11:00,3,2
L8150056,RS,RS-VO,,45.8769937,20.2187192,Jazovo Fish Farm (private fish farm — access restricted),2025-12-28 14:58,58,9
L50154490,RS,RS-VO,,45.4509452,20.8421436,Jaša Tomić,2025-07-20 10:00,11,1
L6762708,RS,RS-VO,,45.4028112,20.2180624,"Jegmeč, Tisa river",2026-05-10 06:26,69,7
L29213853,RS,RS-VO,,45.4542891,19.8354167,Jegrička kod Siriga,2024-02-10 09:35,19,1
L2907679,RS,RS-VO,,45.3919407,20.1066113,Jegrička--Fishpond,2026-08-09 07:00,67,20
L3353751,RS,RS-VO,,45.4627929,19.9607232,Jegrička--Temerin,2026-03-08 08:50,127,36
L43532822,RS,RS-VO,,45.1852057,21.0488733,Jermenovci,2025-05-02 10:43,18,4
L16112306,RS,RS-10,,44.5273627,21.0656034,Jezava kod Lugavčine,2025-04-13 15:10,42,7
L3436059,RS,RS-VO,,45.3802187,20.3786409,"Jezera 1 i 2 starog Begeja, Zrenjanin",2024-09-11 10:10,64,49
L11797513,RS,RS-20,,43.3351699,21.7776899,Jezera blizu J. Morave kod Lalinca,2026-06-26 06:45,85,14
L5246683,RS,RS-VO,,45.380327,20.3868806,"Jezero 3 Starog Begeja, Zrenjanin",2026-08-12 22:05,32,23
L9042221,RS,RS-12,,44.0164426,20.9254521,"Jezero Bubanj, Kragujevac",2026-08-02 14:10,46,20
L5254237,RS,RS-13,,43.8620719,21.351403,"Jezero Buljanka (lake), Paraćin",2024-01-28 10:30,61,8
L5758497,RS,RS-09,,44.4755023,20.1892662,Jezero Kladnica,2025-10-12 08:22,49,6
L20930793,RS,RS-10,,44.3798071,20.9769268,Jezero Kudreč,2026-01-28 09:38,69,11
L2899079,RS,RS-VO,,46.0932338,19.8265457,Jezero Ludaš (Lake) specijalni rezervat prirode (Nature Reserve),2026-08-15 05:30,166,120
L3105003,RS,RS-VO,,45.6275036,19.2784009,Jezero Marešt--Bački Brestovac,2024-12-13 13:45,115,60
L12475353,RS,RS-VO,,45.0797732,19.9147045,"Jezero Međeš, Šatrinci",2026-09-20 07:59,159,134
L58363684,RS,RS-00,,44.3988003,20.2381483,Jezero Stara Očaga,2026-06-07 11:30,48,5
L13339083,RS,RS-11,,44.7327898,21.2038513,Jezero TE Kostolac B,2023-01-26 11:20,14,3
L11879375,RS,RS-10,,44.5225532,20.9371463,Jezero Turgajevac,2026-08-16 18:00,37,5
L28980730,RS,RS-12,,43.9268515,20.8829538,Jezero Vodojaža Grošnica,2026-01-16 14:10,11,3
L18444394,RS,RS-VO,,45.0747909,19.6113288,"Jezero Vranjaš, Manđelos",2024-03-09 13:30,20,2
L30335649,RS,RS-VO,,46.1312079,20.0910039,Jezero kod Srpskog Krstura,2024-04-04 12:13,30,1
L3277433,RS,RS-19,,43.417767,21.1848164,Jezero Ćelije,2024-03-10 12:27,44,4
L17569642,RS,RS-12,,44.0287459,20.8793754,Jezero Šumarice--Kragujevac,2026-07-17 07:00,80,29
L25106007,RS,RS-VO,,44.8285011,20.6991511,Jezero--bara kod Rafinerije Nafte  Pančevo,2026-05-04 10:33,71,30
L7680817,RS,RS-18,,43.3881931,20.7513607,Jošanička Banja,2018-07-04 18:55,5,1
L55024508,RS,RS-13,,43.8354551,21.255862,Juhor (general area),2025-11-11 11:00,3,1
L3650599,RS,RS-VO,,45.6791024,19.0339422,Junaković Forest (Nature Monument),2025-07-01 14:00,31,2
L59198561,RS,RS-23,,43.0329157,22.0087542,Južna Morava kod sela Kumarevo,2003-08-29 00:00,7,0
L6662364,RS,RS-13,,43.8758933,21.6286039,Južni Kučaj--Grza,2026-06-23 17:49,29,9
L27510384,RS,RS-15,,43.880557,21.6994878,Južni Kučaj--Mala Brezovica,2023-10-14 11:30,18,1
L5773094,RS,RS-13,,44.0727255,21.6297626,Južni Kučaj--Resavska pećina i Veliko brdo,2022-09-09 14:30,19,3
L67686602,RS,RS-15,,43.9604239,21.7723451,Južni Kučaj--Velika Brezovica,2026-09-04 09:08,9,0
L3290028,RS,RS-15,,43.88258,21.8031,Južni Kučaj--klisura Radovanske reke,2015-02-16 09:45,33,3
L24508844,RS,RS-13,,44.1009035,21.6394215,Južni Kučaj--kotlina Lisine i vodopad Veliki Buk,2026-06-06 12:00,39,3
L15463363,RS,RS-13,,43.9724814,21.4969248,Južni Kučaj--manastir Ravanica,2024-03-10 08:31,35,3
L76651724,RS,RS-15,,43.9260817,21.7482617,Južni Kučaj--put za Veliku Brezovicu,2026-09-04 09:39,4,0
L67687654,RS,RS-13,,43.9963373,21.7121606,Južni Kučaj--vodopad Prskalo,2026-05-22 14:10,6,0
L7889998,RS,RS-00,,44.812497,20.508645,K2 poljanče/commons,2026-05-04 12:20,50,70
L5456143,RS,RS-00,,44.7772988,20.4583012,"KBC Dragiša Mišović/Pink TV, Dedinje",2026-04-19 06:10,23,114
L39293241,RS,RS-00,,44.8259684,20.4490396,Kalemegdan--Donji grad,2026-09-18 10:06,73,95
L1825204,RS,RS-00,,44.8223429,20.4514179,Kalemegdan--Gornji grad,2026-09-20 10:00,130,952
L27870986,RS,RS-VO,,44.8999182,21.5509701,Kaluderovo--selo,2024-05-19 12:15,34,2
L14733531,RS,RS-VO,,46.16272,19.9847264,Kamaraš park prirode,2025-05-18 18:51,25,2
L3880684,RS,RS-16,,43.2955556,19.5608333,Kamena Gora,2022-08-14 00:00,24,1
L3196282,RS,RS-VO,,45.2295233,19.8490763,"Kamenički Park, Novi Sad",2026-07-02 08:20,78,41
L4230327,RS,RS-VO,,45.636523,20.3052664,Kanal DTD--Basaid,2024-06-15 11:30,48,14
L22375827,RS,RS-00,,44.818706,20.209705,Kanal Galovica--Dobanovci,2023-10-28 12:40,31,4
L11768016,RS,RS-VO,,45.5879253,19.3163762,"Kanal Marešt, Bački Gračac",2021-02-16 14:22,17,2
L12280593,RS,RS-VO,,45.2016189,20.4117668,Kanal Perlez-Idvor,2026-01-31 08:30,49,18
L4345424,RS,RS-00,,44.85341,20.551261,Kanal Sebeš--Kalovito (IBA područje Ušće Save u Dunav),2026-09-24 17:04,98,84
L7389015,RS,RS-00,,44.867936,20.5031937,"Kanal Sebeš--istočni deo, duž Velikog blata (IBA Ušće Save u Dunav)",2026-08-23 07:00,107,36
L5627028,RS,RS-00,,44.8713864,20.4816072,"Kanal Sebeš--zapadni deo, duž Velikog blata (IBA Ušće Save u Dunav)",2026-09-21 08:20,126,293
L7433546,RS,RS-00,,44.9330295,20.501132,Kanal Sibnica kod Glogonjskog Rita,2026-09-07 17:26,89,19
L7428751,RS,RS-00,,44.9297802,20.5401421,Kanal Sibnica kod Jabučkog Rita,2025-01-16 14:30,58,4
L3281269,RS,RS-VO,,45.4269935,19.882393,"Kanal iz zoo vrta, Temerin",2023-12-24 13:01,40,6
L8415926,RS,RS-11,,44.761474,21.4911594,Kanali pred vikend naseljem Srebrno jezero,2024-12-29 08:54,22,12
L8787603,RS,RS-00,,44.7519417,20.4556811,"Kanarevo Brdo--park, Rakovica",2026-04-08 06:56,16,13
L6932302,RS,RS-00,,44.751645,20.461687,"Kanarevo brdo--šuma, Rakovica",2022-06-18 19:23,22,2
L3567028,RS,RS-16,,43.2818,19.7227,Kanjon Lima,2024-09-28 14:22,16,4
L26266444,RS,RS-23,,42.8526478,21.9160555,Kanjon reke Vučjanke,2026-06-03 11:38,12,6
L13388501,RS,RS-16,,43.8482949,19.8084438,Kanjon Đetinje--Sunčani vir,2026-05-07 12:00,26,3
L3456561,RS,RS-VO,,46.0442092,19.9375248,"Kapetanski Rit ribnjak, Subotica (private fish farm, ask for permission)",2026-08-15 14:24,174,103
L11966985,RS,RS-00,,44.80571,20.5218681,"Karaburma 2, Salvadora Aljendea",2022-07-13 17:45,15,6
L16720354,RS,RS-00,,44.812984,20.513876,Karaburma između Vojvode Micka Krstića i Mirjevskog bulevara,2026-07-09 20:07,37,11
L15109332,RS,RS-VO,,44.7829822,19.7661319,"Karakuša, lovište",2021-05-25 08:55,25,1
L2213924,RS,RS-00,,44.7987232,20.4652333,"Karađorđev Park, Beograd",2026-05-11 08:01,32,224
L3434816,RS,RS-VO,,45.3855012,20.3965098,"Karađorđev park, Zrenjanin",2025-10-07 08:30,47,39
L8573042,RS,RS-00,,44.7833382,20.6056957,"Karlice, Vinča",2026-06-18 08:41,9,0
L21757556,RS,RS-VO,,44.8232516,20.0425502,"Karlovčić, selo",2026-01-18 11:58,19,5
L23578838,RS,RS-16,,43.2768277,19.833153,"Katunić--PIO ""Ozren - Jadovnik""",2025-05-04 12:44,52,5
L7019724,RS,RS-13,,43.765976,21.4006551,"Katunske bare, Drenovac, Paraćin",2026-06-03 17:40,78,15
L3187211,RS,RS-VO,,45.8275433,20.466671,Kikinda (town),2026-05-30 14:59,37,17
L15821025,RS,RS-14,,44.5913167,22.6392062,"Kladovo, Lolića rit",2021-07-18 16:50,22,1
L12877458,RS,RS-14,,44.6090842,22.605435,Kladovo--dva jezera,2025-12-01 11:19,58,6
L4521774,RS,RS-00,,44.79733,20.4598153,Klinički Centar Srbije,2024-08-01 08:20,23,22
L3668063,RS,RS-09,,44.226615,19.858357,Klisura reke Gradac (Gradac river gorge),2026-08-08 06:56,79,49
L40977971,RS,RS-09,,44.162093,19.882533,Klisura reke Gradac--stena Sokolovača,2025-03-08 08:46,9,1
L2207633,RS,RS-00,,44.8181636,20.4564893,"Knez Mihailova St., Stari Grad",2026-09-20 09:46,33,258
L40491277,RS,RS-15,,43.5660761,22.2542648,Knjaževac,2025-02-22 14:11,10,0
L7483887,RS,RS-10,,44.5836821,20.8965755,"Kolari village, Smederevo",2026-07-26 15:00,34,4
L7548119,RS,RS-00,,44.8149299,20.4601917,"Kolarčeva i Palata Albanija, Beograd",2026-09-19 12:26,17,108
L26464373,RS,RS-VO,,45.305415,19.8320129,Kolonija belih roda -- Temerinski put,2026-07-05 08:24,23,6
L5917287,RS,RS-09,,44.2783612,19.9646688,"Kolubara river, Beloševac, Valjevo",2025-08-02 17:48,29,2
L4570116,RS,RS-VO,,45.8825352,18.9302534,Kolut,2018-04-14 11:50,26,4
L5860653,RS,RS-VO,,45.8940406,18.9476609,Kolutski ribnjaci,2017-05-11 15:11,60,2
L4008131,RS,RS-22,,43.1455872,22.6061082,"Kompenzacioni bazen, Pirot",2026-08-20 06:00,225,421
L33318611,RS,RS-VO,,45.141327,19.780418,Kompleks Fruške terme,2025-05-23 11:08,31,3
L7786868,RS,RS-VO,,45.3119342,20.9102811,Konak (town),2023-06-25 18:10,16,4
L23125990,RS,RS-18,,43.6987615,20.6053673,"Konarevo, selo",2026-04-05 08:40,47,28
L3814692,RS,RS-00,,44.7825661,20.4929996,"Konjarnik 2--Jungle, Voždovac",2026-02-07 10:50,45,97
L10995015,RS,RS-00,,44.7833011,20.49561,Konjarnik 2--park ispod vrtića,2025-04-17 16:00,21,16
L9405162,RS,RS-00,,44.7827656,20.4983596,Konjarnik 2--park između zgrada,2026-01-06 13:20,50,66
L3848680,RS,RS-00,,44.7815789,20.4959661,"Konjarnik 2--stand of trees along the highway E-75, Voždovac",2026-04-20 13:00,42,152
L3877576,RS,RS-00,,44.7811474,20.5019394,Konjarnik--Plavi most bridge (open lawn),2024-09-21 17:30,13,57
L36344445,RS,RS-13,,43.9831364,21.319495,Končarevo--Stankovo jezero,2024-09-04 11:50,7,1
L7801661,RS,RS-19,,43.3100386,20.8382518,Kopaonik NP--Bele Stene,2026-08-04 09:57,33,2
L7680760,RS,RS-18,,43.3172318,20.822171,Kopaonik NP--Gobelja,2026-08-09 14:00,52,11
L75056987,RS,RS-18,,43.320419,20.7738242,Kopaonik NP--Jankove Bare,2026-08-08 09:57,26,3
L7658737,RS,RS-18,,43.3232957,20.7494026,Kopaonik NP--Kukavica i Kozje stene,2024-08-05 11:50,31,8
L7682947,RS,RS-18,,43.2845785,20.744977,Kopaonik NP--Lisina,2018-08-07 08:35,6,1
L7680676,RS,RS-19,,43.2616437,20.8356142,Kopaonik NP--Nebeske Stolice,2026-08-03 10:05,26,6
L7801675,RS,RS-18,,43.2974485,20.7227522,Kopaonik NP--Semeteško Jezero (lake),2025-05-15 12:36,16,2
L26826459,RS,RS-18,,43.2793778,20.8070989,Kopaonik NP--Sunčana dolina,2026-08-29 10:12,59,16
L7825280,RS,RS-18,,43.264829,20.789028,Kopaonik NP--Treska,2023-08-28 09:27,24,5
L7666898,RS,RS-19,,43.2855533,20.8270647,"Kopaonik NP--Vučja staza (Karaman Greben, Mali Karaman)",2026-08-06 10:44,42,12
L2907680,RS,RS-18,,43.30534,20.80542,Kopaonik National Park (general area),2026-08-29 10:12,89,104
L7677531,RS,RS-10,,44.3168006,20.9997103,Koporin Monastery,2026-05-22 12:39,35,2
L47663368,RS,RS-VO,,45.3071468,20.4032683,Kopovo (vlažne livade severno od Belog jezera),2025-06-15 07:45,40,1
L18099614,RS,RS-14,,44.5248619,22.7072901,Korbovo--selo,2023-04-13 11:21,18,2
L31226727,RS,RS-16,,43.9991215,19.9072527,Kosjerić,2026-06-22 10:01,37,4
L6853186,RS,RS-00,,44.4694081,20.5737233,Kosmaj Mountain,2026-01-18 16:11,38,12
L7060596,RS,RS-11,,44.716293,21.1739939,Kostolac--Gradski park,2023-03-04 15:00,11,3
L4180184,RS,RS-11,,44.7110301,21.1534374,Kostolac--nasip preko Dunavca,2023-12-06 09:10,33,12
L6767415,RS,RS-11,,44.7229848,21.1574149,Kostolac--Šugavica (Češljeve bare),2023-01-26 10:20,27,4
L5886471,RS,RS-00,,44.8480803,20.4682589,Kotež (town),2021-07-25 18:54,17,2
L3768895,RS,RS-VO,,45.0794519,20.6336707,Kovačica--šećeranski taložnici (sugar plant wastewater ponds - not operational),2026-07-25 16:17,171,289
L6334141,RS,RS-10,,44.6424449,20.9091604,"Kovačićevo, Smederevo",2025-04-05 17:10,30,8
L29876062,RS,RS-VO,,45.228354,19.897064,Koviljsko - petrovaradinski rit NR--Tekije,2026-08-09 16:21,64,9
L22905124,RS,RS-VO,,45.214603,19.9218237,Koviljsko-Petrovaradinski Rit NR--Karlovački dunavac,2026-07-27 15:21,115,57
L3067532,RS,RS-VO,,45.2153496,20.0202656,Koviljsko-Petrovaradinski Rit NR--Koviljski Rit,2026-08-08 15:17,121,83
L3989406,RS,RS-VO,,45.2135891,19.9467731,Koviljsko-Petrovaradinski Rit NR--Kurjačka greda,2026-05-10 17:55,92,21
L3220210,RS,RS-VO,,45.2270011,19.9095599,Koviljsko-Petrovaradinski Rit NR--Petrovaradinski Rit (entry with reserve management permission only),2026-01-22 10:40,154,86
L28415740,RS,RS-VO,,45.2537055,19.8895718,Koviljsko-Petrovaradinski Rit NR--Šinter hagla,2025-01-11 11:58,57,10
L4828222,RS,RS-VO,,45.1762882,20.1154362,Koviljsko-Petrovaradinski Rit SNR--Krčedinska ada,2026-07-30 08:40,68,5
L6064522,RS,RS-VO,,45.2183923,19.9352396,Koviljsko-Petrovaradisnki rit--ostrvo Koh Chang,2025-09-24 13:44,44,4
L13912840,RS,RS-00,,44.9329011,20.3713718,Kovilovo--Rasova bara (njive),2021-03-04 08:36,26,3
L5153092,RS,RS-00,,44.9093409,20.4260068,Kovilovo--naselje,2026-08-15 10:15,64,50
L4065501,RS,RS-VO,,44.6997906,20.9493399,Kovin bridge,2025-05-09 07:23,50,11
L4078836,RS,RS-VO,,44.7290747,20.9763765,Kovin--Kovinski Dunavac,2026-05-26 18:14,59,12
L4427546,RS,RS-VO,,44.7577381,20.9846002,Kovin--kotlarnica NPB,2025-01-08 07:26,13,1
L3670877,RS,RS-VO,,44.7402214,20.9779429,Kovin--town center,2024-05-17 18:19,19,4
L6095668,RS,RS-VO,,44.7319488,21.0097432,Kovin--Šljunkara,2017-08-06 13:00,8,1
L2797088,RS,RS-VO,,44.7077828,20.960412,Kovin--šećeranski taložnik (sugar plant wastewater pond),2026-09-19 09:25,169,212
L2709522,RS,RS-00,,44.7719872,20.4328966,"Košutnjak Forest, Belgrade",2026-08-06 06:15,76,168
L2897270,RS,RS-00,,44.7643447,20.427146,Košutnjak--DIF (Fakultet sporta i fizičkog vaspitanja),2026-09-02 06:18,85,349
L3696701,RS,RS-00,,44.7619101,20.437156,"Košutnjak--Pionirski Grad, Savski venac",2026-09-02 06:41,60,120
L2905216,RS,RS-00,,44.7787031,20.4278433,Košutnjak--Ski Staza (klub Aleksandar),2026-07-29 11:00,54,56
L2209101,RS,RS-00,,44.8498016,20.4493127,Kožara--ada Kožara i Jojkićev rukavac (PIO Forland leve obale Dunava kod Beograda),2026-06-13 06:54,133,168
L5918257,RS,RS-12,,44.0094998,20.9115422,Kragujevac--city center,2026-09-17 17:25,27,10
L27425164,RS,RS-12,,44.0150708,20.9607983,Kragujevac--spomenik Ilicevo,2026-07-25 05:27,55,21
L24900689,RS,RS-VO,,45.4508805,20.7272594,Krajišnik,2023-06-03 12:15,19,1
L3670882,RS,RS-VO,,44.840174,21.032306,Kraljevac NR--Deliblato,2026-04-10 13:44,100,39
L15408757,RS,RS-VO,,44.8481766,21.0297597,"Kraljevac NR--kolonija pčelarica i pašnjak, Deliblato",2026-07-04 12:18,82,27
L23323395,RS,RS-18,,43.7214209,20.650175,Kraljevo--Ibar,2026-04-05 08:29,55,20
L18443056,RS,RS-18,,43.7283339,20.6671471,Kraljevo--grad,2026-07-11 10:49,38,7
L70722679,RS,RS-18,,43.7278167,20.692797,Kraljevo--park kod železničke stanice,2026-06-20 11:26,6,1
L3468846,RS,RS-VO,,45.6351667,19.313364,"Kraljevski rit, Bački Brestovac",2024-10-07 15:13,67,26
L8021681,RS,RS-18,,43.4756292,20.5981522,Krdže,2018-11-26 12:20,24,3
L18858959,RS,RS-11,,44.2587144,21.6021029,"Krepoljin, grad",2022-05-05 18:05,2,0
L16581688,RS,RS-VO,,45.8950013,19.6054178,Krivaja,2018-05-25 06:30,55,12
L3303208,RS,RS-VO,,45.5473371,19.8483253,"Krivaja, Turija",2015-01-17 10:45,9,2
L27497937,RS,RS-15,,43.8187716,21.749405,Krivi Vir,2026-02-28 11:24,45,8
L5381084,RS,RS-00,,44.843354,20.4904407,Krnjača (town),2026-06-13 06:41,30,62
L2897286,RS,RS-00,,44.8339958,20.5047031,Krnjača--forland od Pančevačkog mosta do bare Reve (IBA Ušće Save u Dunav),2026-09-27 10:03,144,166
L8324954,RS,RS-VO,,44.8898055,20.1391225,Krnješevci,2024-04-26 15:00,15,7
L32932839,RS,RS-24,,42.443781,21.859027,Krsevica,2024-06-06 06:32,13,1
L7231880,RS,RS-11,,44.1840436,21.6087362,Krupajsko vrelo NR,2025-08-25 14:54,36,7
L4148474,RS,RS-22,,43.1091763,22.6798046,"Krupačko jezero (lake), Krupac",2021-07-25 08:35,117,31
L3110328,RS,RS-19,,43.5792976,21.3299306,Kruševac (town center),2018-08-06 00:00,13,52
L5000968,RS,RS-VO,,44.9271884,21.4748383,Kruščica (town),2023-12-16 08:43,37,12
L3194976,RS,RS-00,,44.8243111,20.4134023,Kružni tok kod Opštine Novi Beograd,2026-04-30 07:03,33,60
L25818198,RS,RS-VO,,46.0953753,19.7678412,Krvavo jezero kod Palića,2026-06-19 14:24,45,7
L39483288,RS,RS-10,,44.3864464,20.9827867,Kudreč--gornje jezero,2026-01-28 08:43,15,2
L3711472,RS,RS-VO,,45.6194428,19.5147336,Kula,2015-11-29 14:30,20,2
L7505925,RS,RS-10,,44.7009521,21.0270647,"Kulič, Velika Morava embankment",2025-07-06 13:40,96,27
L4983844,RS,RS-VO,,45.5364002,20.2327738,Kumane (town),2025-12-13 11:30,54,36
L13920676,RS,RS-00,,44.7694192,20.4870978,"Kumodraž, Dunav centar",2021-03-04 17:30,5,1
L42585850,RS,RS-VO,,44.7066579,20.0504779,"Kupinovo, selo",2025-07-21 08:10,6,0
L6785005,RS,RS-00,,44.7170995,20.1044011,"Kupinovo--od deponije duz dalekovoda ka Savi: Krivaja bara, Stari Drenovci, Velika bara i šuma Jasenska",2026-04-20 06:00,23,7
L4753081,RS,RS-21,,43.143794,21.2765265,Kuršumlija,2017-12-29 10:42,34,3
L12779869,RS,RS-VO,,44.8718762,21.4823678,"Kusić, village",2026-01-20 13:45,66,10
L21630754,RS,RS-VO,,45.1267188,20.7437147,Kutna dolina--specijalni rezervat prirode Doline kod Padine,2024-04-30 11:38,33,4
L67685364,RS,RS-14,,44.0161663,21.801785,Kučaj-Beljanica NP--makadam od raskrsnice Krnja Jela do Velike Brezovice,2026-05-22 11:20,18,0
L18857718,RS,RS-11,,44.1324447,21.7076523,"Kučaj-Beljanica National Park--Beljanica, planina",2022-05-05 09:33,28,2
L4753157,RS,RS-11,,44.0996282,21.9099569,Kučaj-Beljanica National Park--Dubašnica,2016-05-23 17:00,15,1
L2832032,RS,RS-13,,44.07904,21.65596,"Kučaj-Beljanica National Park--Gornja Resava NR (klisure Resave i Suvaje, Vita Bukva, Vrtačeje, Vinatovača)",2025-04-18 12:54,69,19
L2833380,RS,RS-14,,44.0295664,21.9612837,Kučaj-Beljanica National Park--Lazarev Canyon,2026-09-05 11:39,38,6
L67198134,RS,RS-13,,44.0677102,21.763301,Kučaj-Beljanica National Park--Vinatovača,2026-05-22 09:55,1,0
L4753166,RS,RS-11,,44.1027918,21.7045895,Kučaj-Beljanica National Park--južna stena Beljanice / southern cliffs of Mt. Beljanica,2018-08-03 08:00,24,2
L67694864,RS,RS-13,,44.0692287,21.6487103,Kučaj-Beljanica National Park--klisura Suvaje / Kločanice,2026-05-24 15:05,18,2
L67062158,RS,RS-13,,44.0381117,21.7420684,Kučaj-Beljanica National Park--kotlina Kločanice,2026-05-24 10:34,23,7
L4814406,RS,RS-11,,44.4776876,21.6682363,Kučevo,2025-03-20 11:26,23,4
L26781093,RS,RS-VO,,45.0323715,21.381603,Kuštilj,2023-08-26 11:45,5,0
L26261181,RS,RS-23,,42.9596346,21.991992,Kvantaška pijaca Leskovac,2025-01-23 12:06,8,5
L2846269,RS,RS-VO,,44.7943105,21.226073,Labudovo Okno NR--Dubovački rit i uporedna sekcija Dunava,2026-09-13 13:01,164,144
L4180356,RS,RS-11,,44.7893269,21.2898575,Labudovo Okno NR--Hrastovača vikend naselje na Dunavu,2025-12-29 11:48,110,74
L5445979,RS,RS-VO,,44.8416943,21.3151858,Labudovo Okno NR--Nasip pored DTD kanala,2025-01-12 13:50,92,15
L5227066,RS,RS-VO,,44.812741,21.3302001,Labudovo Okno NR--Ram Fortress,2025-06-29 12:39,48,8
L4800582,RS,RS-VO,,44.8264582,21.3401875,Labudovo Okno NR--Stara Palanka,2026-08-01 15:20,90,61
L3866862,RS,RS-VO,,44.8308563,21.3096558,Labudovo Okno NR--Stevanova ravnica i laguna Karaša,2026-09-26 15:27,199,214
L3483017,RS,RS-VO,,44.8544805,21.2996793,Labudovo Okno NR--bara Đurica,2026-09-05 08:20,118,79
L49625162,RS,RS-11,,44.7996882,21.3806259,Labudovo Okno NR--biciklistička staza Zatonje - Ram (Ramsko-Zatonjska peščara i Dunav),2026-02-16 16:45,39,3
L27541435,RS,RS-11,,44.8022117,21.3616411,Labudovo Okno NR--brdo Gorica  (Ramsko-Zatonjska peščara),2025-07-12 13:45,55,3
L2609882,RS,RS-11,,44.8000444,21.3196967,Labudovo Okno NR--dunavski nasip prema Ramu (Ada),2026-02-16 09:20,102,64
L2721682,RS,RS-VO,,44.809021,21.2851007,Labudovo Okno NR--leva obala od Ade Žilave i Dubovca do Karaša/ušća kanala DTD (general area),2026-01-31 11:45,135,15
L4296549,RS,RS-11,,44.7805245,21.3722992,Labudovo Okno NR--put Ram-Zatonje (Bostanište),2025-12-21 13:05,41,22
L28765197,RS,RS-11,,44.7819888,21.3211477,Labudovo Okno NR--put od Kličevca do Rama,2026-05-15 10:27,28,9
L4776935,RS,RS-11,,44.7795231,21.2747162,"Labudovo Okno NR--put od Kličevca do vikend-naselja, uzvodni kraj",2026-05-15 11:21,84,41
L3822429,RS,RS-VO,,44.8295881,21.3534522,Labudovo Okno NR--ušće Nere,2026-02-14 12:15,110,58
L6767519,RS,RS-11,,44.7853075,21.2653899,Labudovo Okno NR--Šumoviti hrast/Šuvajka,2026-05-15 11:42,87,34
L5949180,RS,RS-09,,44.3671215,20.1619506,Lajkovac (town center),2023-03-04 15:35,14,6
L5246448,RS,RS-17,,43.9126933,20.2363122,Lake Međuvršje,2026-08-22 10:01,70,28
L6656304,RS,RS-VO,,45.812795,20.466068,"Lake near Vajarski centar (reedless), Kikinda",2026-05-09 08:32,16,3
L11797450,RS,RS-20,,43.3411074,21.7839956,Lalinac (Niški),2024-06-08 11:40,8,2
L36806722,RS,RS-20,,43.4447848,22.0163047,Lalinac (Svrljiški),2024-09-23 13:00,8,1
L3552688,RS,RS-20,,43.3452778,21.7458333,Lalinačka slatina (Nature Monument),2024-08-05 09:20,63,4
L33598244,RS,RS-VO,,45.3862931,20.5410442,Lazarevo village,2024-06-19 06:25,14,1
L3575574,RS,RS-19,,43.5840706,21.3220167,"Lazarica, Kruševac",2025-01-28 15:34,16,3
L14060963,RS,RS-00,,44.7258833,20.3030296,"Lađari vikend naselje, Jakovo",2021-03-17 12:45,10,1
L40212040,RS,RS-00,,44.8063154,20.3467808,Ledine,2026-01-16 15:52,40,2
L2842921,RS,RS-VO,,44.6842057,20.9056521,Left bank of the Danube along Smederevska Ada,2022-07-05 14:00,59,7
L4571988,RS,RS-VO,,44.9355491,19.6697291,"Leget, Sremska Mitrovica",2023-04-17 10:27,37,2
L36716906,RS,RS-15,,43.6369269,22.206984,Lepena,2024-09-20 12:55,7,1
L3534098,RS,RS-23,,42.991476,21.9383025,Leskovac,2026-04-28 23:10,32,4
L31382438,RS,RS-VO,,44.8890323,20.8531139,Lesni odsek Dolovo--hrastova šuma,2025-06-17 12:05,49,12
L19219907,RS,RS-00,,44.8807968,20.3546459,"Lesni odsek i okolne njive kod auto-kampa ""Dunav"", Zemun",2026-09-16 07:02,39,12
L5950935,RS,RS-00,,44.9255044,20.3186077,Lesni profil Kapela u Batajnici NR,2025-12-20 08:02,88,72
L11649920,RS,RS-VO,,45.3966709,20.2922066,Letnji put za Elemir,2026-05-08 07:11,33,17
L15171348,RS,RS-24,,42.4277793,21.7405434,Levosoje--bare/ponds,2026-07-04 19:51,50,11
L4685220,RS,RS-00,,44.7445001,20.5996656,Leštane,2025-03-01 13:00,30,17
L2432812,RS,RS-00,,44.802799,20.5475406,"Lešće (južna strana brda), Beograd",2026-09-13 16:45,62,106
L13204018,RS,RS-VO,,45.1193475,19.5668435,Ležimir,2024-05-18 13:00,24,1
L2863147,RS,RS-16,,43.4327735,19.6333408,Lim River,2026-04-08 16:40,17,11
L7110113,RS,RS-VO,,45.2389126,19.835912,"Liman 4, Novi Sad",2026-05-14 05:58,4,1
L3196281,RS,RS-VO,,45.2392697,19.8415017,"Limanski Park, Novi Sad",2026-07-06 08:03,27,7
L16180796,RS,RS-10,,44.6450502,21.0045891,"Lipe, Badrika i selo",2026-03-29 14:15,44,4
L16180846,RS,RS-10,,44.6359833,21.0206283,"Lipe, Bageri (kopovi šljunka)",2026-05-02 15:30,28,3
L9364353,RS,RS-00,,44.8157656,20.5085464,"Lipetska, Karaburma",2025-02-06 15:10,11,2
L2718789,RS,RS-00,,44.2677097,20.297606,"Liplje, selo",2025-04-05 08:00,123,350
L33063050,RS,RS-08,,44.5932711,19.2321464,Lipnički Šor--šljunkara,2025-10-20 09:10,56,4
L11980157,RS,RS-20,,43.1366074,21.9215924,Lipovačke bare (šljunkara),2025-08-22 18:31,78,4
L3517472,RS,RS-00,,44.6366736,20.3999484,Lipovička šuma,2020-05-31 09:53,31,4
L5508567,RS,RS-VO,,45.3792932,20.3495919,"Livada Bagljaš, Zrenjanin",2026-05-10 09:55,20,8
L11842138,RS,RS-VO,,46.0170997,19.9751044,Livade pored Kapetanskog Rita,2026-04-10 15:09,43,8
L4072753,RS,RS-09,,44.2274131,20.240824,Ljig (town),2026-06-13 05:30,45,4
L18093323,RS,RS-14,,44.502588,22.526293,Ljubicevac—selo,2022-03-12 13:59,15,2
L18546451,RS,RS-11,,44.5867138,21.1296553,Ljubičevski most,2026-03-15 15:20,46,5
L35406313,RS,RS-08,,44.1827366,19.3718987,Ljubovija--usce Ljubovidje u Drinu,2026-08-08 11:38,30,4
L27097620,RS,RS-18,,43.6786905,20.5079364,Lopatnica,2026-01-29 10:08,12,2
L15103423,RS,RS-VO,,45.1866587,20.1929351,Ločka ada--Lok,2021-09-05 10:45,44,2
L7059052,RS,RS-13,,43.9746141,21.2840849,"Lugomir foreland, Jagodina",2021-10-29 16:22,16,7
L11819548,RS,RS-00,,44.826152,20.4734943,Luka Beograd / Port of Belgrade,2026-05-14 16:00,91,1067
L17497990,RS,RS-VO,,44.8455452,20.6423005,Luka Dunav--Pančevo,2026-01-31 09:11,15,2
L5681342,RS,RS-VO,,45.3318589,20.5022335,Lukićevo (town),2023-06-04 09:50,20,2
L11684684,RS,RS-10,,44.5449489,20.8922919,Lunjevačka šuma forest,2026-03-22 14:25,25,5
L5858448,RS,RS-00,,44.7594254,20.1950277,Lužnjakova šuma Gibavac,2026-08-30 06:11,87,17
L3723207,RS,RS-16,,43.2549972,20.0883776,Madz Brod (The Bridge on the River Vapa),2026-08-26 06:19,54,11
L36287653,RS,RS-18,,43.6137977,20.5506755,Maglič Fortress,2026-08-02 10:15,11,1
L12877059,RS,RS-14,,44.4377774,21.9288772,Majdanpek--vidikovac Starica,2020-11-13 16:30,1,0
L17414959,RS,RS-00,,44.8780947,20.3467778,Makadamski put od skretanja za Zemun Polje na Batajničkom drumu,2026-05-02 08:15,38,5
L44373580,RS,RS-00,,44.7527177,20.384238,Makiš,2021-05-14 07:29,41,2
L7013633,RS,RS-00,,44.7629908,20.3569472,"Makiš, Čukarica",2026-08-03 10:00,43,8
L3972882,RS,RS-00,,44.7805364,20.3977704,"Makiška šuma--eastern side, Čukarica, IBA Ušće Save u Dunav",2025-05-09 10:50,41,7
L13500463,RS,RS-19,,43.6096314,21.3844756,Makrešane,2021-01-05 00:00,8,0
L34339279,RS,RS-VO,,45.1058944,19.7453374,"Mala Remeta, Ruža vetrova i okolne njive"
L5838877,RS,RS-VO,,45.5133843,20.2998483,Mala Rusanda,2026-04-24 11:06,83,28
L4150249,RS,RS-14,,44.6033533,22.6641083,Mala Vrbica,2026-09-06 11:17,73,8
L16080848,RS,RS-19,,43.6263085,21.4977583,"Maletina, Južna Morava",2021-08-07 00:00,36,1
L11329661,RS,RS-20,,43.617208,21.5170638,"Maletina, dolina Južne Morave",2020-05-03 00:00,37,1
L3572043,RS,RS-00,,45.0457529,20.4156876,"Mali Dunavac, Tamiš-Opovo",2024-06-02 06:39,53,4
L16724912,RS,RS-VO,,46.0820661,19.9724847,Mali Pesak,2026-08-13 17:00,35,3
L3456544,RS,RS-VO,,44.9092154,21.2572789,"Mali Pesak - Dupljaja, predeo izuzetnih odlika ""Karaš-Nera"" NR",2026-09-05 11:15,64,24
L3483113,RS,RS-VO,,44.8677778,21.3121998,"Mali Pesak - Vračev Gaj, predeo izuzetnih odlika ""Karaš-Nera"" NR",2026-07-26 12:30,87,42
L3555330,RS,RS-VO,,45.6986714,19.3236315,Mali Stapar,2015-04-10 16:20,23,2
L28665816,RS,RS-08,,44.4035876,19.1262102,Mali Zvornik,2025-10-16 11:09,23,2
L23659392,RS,RS-VO,,44.8573591,20.6426753,Mali rit--Pančevo,2026-03-14 16:16,60,15
L7043851,RS,RS-VO,,45.1615847,21.3476372,"Mali vršački rit Nature Park, Vršac",2025-01-08 10:45,21,4
L26330343,RS,RS-09,,44.10271,20.02693,Maljen i Divčibare--general area (please use a more precise spot),2026-09-20 09:18,124,157
L15160669,RS,RS-VO,,44.7409121,21.0990698,Malo Bavanište,2024-10-12 09:57,59,5
L37588813,RS,RS-11,,44.5530128,21.302591,Malo Crniće,2024-10-25 09:02,6,1
L40089356,RS,RS-08,,44.529833,19.703083,Manastir Kaona - Kaona monastery and surrounding forests,2026-07-23 10:58,35,3
L48945149,RS,RS-19,,43.6508128,20.9966452,Manastir Ljubostinja,2026-09-20 13:07,57,6
L15373338,RS,RS-13,,44.1009941,21.4694269,Manastir Manasija,2025-02-12 13:54,37,5
L16782097,RS,RS-10,,44.3105574,21.0566692,Manastir Pokajnica,2026-05-18 10:30,34,4
L16778864,RS,RS-09,,44.2058377,20.0931928,Manastir Ribnica - Ribnica Monastery,2026-09-05 11:37,59,14
L43397091,RS,RS-18,,43.1175359,20.3735963,Manastir Sopoćani,2026-04-29 17:03,29,3
L18178215,RS,RS-08,,44.269013,19.4209093,Manastir Sv Nikolaj,2026-04-25 16:35,21,5
L37943965,RS,RS-19,,43.6368812,21.0043329,Manastir Svete Petke,2025-04-23 15:27,49,3
L14559675,RS,RS-00,,44.7940692,20.5894041,"Manastirska padina (prema vinčanskoj deponiji, zemljanim putem)",2025-10-25 16:37,40,4
L2213939,RS,RS-00,,44.8046915,20.4636776,"Manjež Park, Savski Venac",2026-06-01 08:06,34,149
L6045160,RS,RS-VO,,45.2132867,21.1772847,Margita,2020-06-30 08:50,19,5
L24967288,RS,RS-VO,,45.4101359,20.446752,Marjanov brod--Zrenjanin,2026-04-17 08:32,42,7
L3158218,RS,RS-00,,44.3898922,20.657993,Markovačko Jezero (Lake),2025-12-27 11:15,42,3
L23972926,RS,RS-VO,,46.1182254,20.0745184,"Martonoš, vikend placevi",2023-05-01 12:50,23,1
L18293483,RS,RS-19,,43.6706879,21.388893,Maskare - Zapadna Morava,2025-01-31 15:20,21,1
L6154541,RS,RS-VO,,44.965891,19.5990622,Mačvanska Mitrovica (town),2025-07-20 08:55,32,10
L27837956,RS,RS-00,,44.8056738,20.3971205,Medicina rada,2026-07-27 19:37,31,19
L31157266,RS,RS-13,,44.150726,21.343357,Medveđa,2024-05-01 11:41,6,1
L32280552,RS,RS-VO,,45.514905,20.318453,"Melenci, selo",2026-09-27 17:04,22,10
L25510522,RS,RS-VO,,45.5468003,20.2942303,Melenci--20 vlažnih livada,2026-04-10 10:22,62,12
L5838833,RS,RS-VO,,45.5194887,20.3294519,Melenci--bara / plavna livada kod vodotornja,2026-05-20 09:27,80,41
L15343034,RS,RS-VO,,45.5170905,20.3010233,Melenci--bara kod groblja,2024-04-28 15:40,46,3
L23511815,RS,RS-VO,,45.5370071,20.7936377,Međa,2023-07-08 10:55,24,2
L6048862,RS,RS-10,,44.5410582,20.9758615,Mihajlovac,2023-04-09 13:50,9,1
L4693536,RS,RS-VO,,45.4688954,20.4175329,Mihajlovo,2026-05-01 08:42,30,6
L25086360,RS,RS-VO,,45.4510061,20.3780309,Mihajlovo--iskop Ledine,2026-05-20 10:15,24,7
L3451006,RS,RS-16,,43.3723749,19.7096229,Mileševka river gorge Special Nature Reserve,2025-07-27 10:27,35,3
L15276411,RS,RS-08,,44.5855818,19.4645268,"Milina, selo",2021-06-06 11:45,14,1
L3355626,RS,RS-00,,44.7421306,20.4551268,"Miljakovačka Šuma (Miljakovac Forest), Rakovica",2026-08-04 05:18,73,162
L3355617,RS,RS-00,,44.7485833,20.4562426,"Miljakovački izvori Park, Rakovica",2026-08-04 05:28,34,110
L3471516,RS,RS-00,,44.7546612,20.4298899,"Miloja Zakića St., Čukarica",2022-10-19 11:34,42,108
L3517593,RS,RS-16,,43.3225,19.7889,Milošev Do,2025-06-15 11:47,58,15
L18093269,RS,RS-14,,44.545933,22.567347,Milutinovacki zaliv,2022-03-12 11:15,20,2
L5949289,RS,RS-09,,44.2520543,20.0817525,Mionica,2026-09-05 16:02,27,5
L71588357,RS,RS-00,,44.4308394,20.3934816,Mirosaljci jezero,2026-06-27 07:00,39,2
L15874160,RS,RS-14,,44.4818069,22.3461974,"Miroč, Kraku Tokalij",2021-07-22 15:00,9,1
L15874138,RS,RS-14,,44.4795788,22.2542818,"Miroč, selo",2022-04-10 14:00,22,2
L24807291,RS,RS-VO,,45.5123554,20.4264211,Mitrov salaš i hrastova šuma,2026-05-01 09:10,48,9
L15133709,RS,RS-VO,,45.2323151,19.8703941,Mišeluk--Petrovaradin,2021-05-27 19:15,18,1
L5777225,RS,RS-00,,44.4401343,20.6928483,Mladenovac (town),2026-05-05 08:53,15,6
L32966947,RS,RS-24,,42.397349,21.950595,Mlasinska Mahala,2026-05-31 09:17,15,2
L30367340,RS,RS-00,,44.5813285,20.1817989,Mohanji Peace Center - Serbia,2025-12-30 12:10,44,9
L51919328,RS,RS-VO,,45.9185602,20.418122,Mokrin--bara u blizini naselja,2026-09-22 13:03,61,15
L4860691,RS,RS-VO,,45.9334451,20.4121256,Mokrin--town,2025-12-12 09:30,33,11
L3378184,RS,RS-VO,,45.8118307,18.9311257,Monoštorski rit - Bezdan road,2016-02-26 15:40,48,4
L6116183,RS,RS-VO,,45.0087694,19.2185962,Morović,2026-01-03 07:55,52,5
L6893710,RS,RS-VO,,45.9674509,20.3162715,"Most 9 Grla (45,967, 20,316)",2026-05-19 14:02,7,4
L2611963,RS,RS-00,,44.7949927,20.4264379,"Most na Adi, IBA Ušće Save u Dunav",2026-02-23 17:40,58,226
L3431415,RS,RS-VO,,45.3923503,20.4202956,"Motel Šumice, Zrenjanin",2026-05-15 07:41,126,230
L33596828,RS,RS-20,,43.65863,21.661007,Mozgovo,2024-06-19 17:57,22,1
L33002035,RS,RS-20,,43.312358,21.784424,Mramor,2024-06-08 11:06,9,1
L3284196,RS,RS-VO,,45.5372877,20.0669535,"Mrtva Tisa, Bačko Gradište",2026-08-01 12:50,56,13
L13099736,RS,RS-VO,,45.5543822,20.0687,Mrtva Tisa--Dvorac na Bisernom ostrvu,2026-08-23 10:16,56,4
L2985225,RS,RS-20,,43.2953243,21.7975187,"Mrtvaja J. Morave, pored Gudura",2025-03-02 14:55,83,12
L5856951,RS,RS-19,,43.7208231,21.4032233,Mrtvaje (oxbow lakes) on route from Ćićevac to Varvarin,2017-08-18 07:20,42,2
L6144011,RS,RS-17,,43.478268,20.063007,Mt. Javor--Kušići,2026-04-10 14:39,46,7
L3724065,RS,RS-16,,43.4177899,19.8776579,Mt. Zlatar (general area),2025-07-17 19:25,41,5
L14274893,RS,RS-00,,44.7887697,20.4352947,"Muzej afričke umetnosti, park",2026-03-15 16:45,68,52
L4726850,RS,RS-VO,,45.3292407,20.3840074,Mužljanski rit--peskara Mužlja (kod Zrenjanina),2026-08-28 08:44,153,244
L9230860,RS,RS-VO,,44.8789557,20.1223422,NIS Petrol Shimanovci,2024-06-12 10:46,21,5
L17388009,RS,RS-VO,,45.1644101,21.3812161,Na putu ka Velikom Središtu,2022-01-09 00:00,1,0
L13804550,RS,RS-00,,44.8864571,20.3429362,"Naselje 13 maj, Zemun",2021-12-08 12:45,29,2
L17540131,RS,RS-00,,44.8583286,20.3499762,"Naselje Altina, Zemun",2026-05-15 14:31,22,8
L3469363,RS,RS-00,,44.7591737,20.4798996,"Naselje Banjica--NE quadrant (Nea Pendeli and part of Bulevar oslobođenja), Voždovac",2026-08-28 05:36,41,235
L2205467,RS,RS-00,,44.7595561,20.4731995,"Naselje Banjica--Pet Solitera bus stop, Belgrade",2026-09-14 06:55,73,2777
L3444527,RS,RS-00,,44.7594837,20.4747605,"Naselje Banjica--park između Pet solitera (Saše Simeunovića St.), Voždovac",2026-08-20 08:41,42,426
L2205505,RS,RS-00,,44.7557667,20.4799533,"Naselje Banjica--south of Baštovanska St., Voždovac (includes Kaljavi Potok canal, Neolithic site and Henkel hill)",2026-08-09 05:44,83,430
L19636931,RS,RS-00,,44.9058599,20.2749116,Naselje Batajnica,2026-09-06 14:30,63,24
L3438411,RS,RS-00,,44.7042291,20.5186844,"Naselje Beli Potok, Voždovac",2026-04-26 06:53,91,944
L3970062,RS,RS-00,,44.7680528,20.499115,"Naselje Braće Jerković, Voždovac",2024-05-08 13:16,28,60
L27752658,RS,RS-00,,44.8905921,20.2289056,Naselje Busije,2026-07-15 14:53,9,2
L4108895,RS,RS-00,,44.7411247,20.4828072,"Naselje Jajinci, Voždovac",2026-03-23 08:09,43,126
L39756955,RS,RS-00,,44.7629362,20.5337625,"Naselje Klenak, Beograd"
L29161062,RS,RS-00,,44.7408584,20.5114789,"Naselje Kumodraž, Voždovac",2026-04-17 07:01,47,61
L29161049,RS,RS-00,,44.7729706,20.5345872,"Naselje Mali mokri lug, Zvezdara",2024-01-30 16:30,1,0
L36665444,RS,RS-00,,44.776474,20.4937458,Naselje Medaković 2,2026-07-24 00:36,33,7
L28884203,RS,RS-00,,44.7739455,20.5036061,Naselje Medaković--OŠ Milan Ð. Milićević,2024-05-06 20:23,12,1
L5806643,RS,RS-00,,44.7722141,20.5015504,Naselje Medaković--park kod Crkve Sv. Jovana Vladimira,2024-06-07 00:00,32,37
L29173724,RS,RS-VO,,44.924866,20.2237438,Naselje Nova Pazova,2026-08-08 20:16,21,2
L3689047,RS,RS-00,,44.6933918,20.4825926,"Naselje Pinosava, Voždovac",2025-01-13 10:25,71,41
L14251920,RS,RS-00,,44.8546214,20.3312731,"Naselje Plavi horizonti, Zemun polje",2025-04-23 08:47,7,0
L3986031,RS,RS-00,,44.7246008,20.498085,"Naselje Rakovica selo, Voždovac",2024-08-31 07:37,31,71
L28775670,RS,RS-00,,44.6694705,20.5078636,Naselje Ripanj--Prečica,2024-04-25 13:17,27,6
L4650893,RS,RS-00,,44.6772591,20.4445481,Naselje Rušanj,2019-01-07 11:00,41,6
L16583629,RS,RS-00,,44.8449,20.3937,"Naselje Sava Kovačević, Zemun",2026-09-27 06:10,54,2685
L3024200,RS,RS-00,,44.7551938,20.493021,"Naselje Stepa Stepanović, Voždovac",2026-09-02 00:58,79,350
L18781378,RS,RS-00,,44.7913324,20.4546798,Naselje Stjepana Filipovića,2026-08-22 18:12,58,32
L27752812,RS,RS-00,,44.8726234,20.1959531,Naselje Ugrinovci,2026-07-15 14:50,16,2
L29161058,RS,RS-00,,44.7566983,20.5275849,"Naselje Veliki mokri lug, Zvezdara"
L13598503,RS,RS-00,,44.8710778,20.328446,"Naselje Zemun Polje, Zemun",2026-09-21 07:50,58,319
L4098742,RS,RS-00,,44.6935303,20.5548345,"Naselje Zuce, Voždovac",2024-04-04 14:04,41,11
L5779548,RS,RS-00,,44.719905,20.3765059,Naselje Železnik,2026-05-20 07:37,61,96
L15280744,RS,RS-VO,,44.8792537,21.2748095,Nasip DTD od mosta Grebenac do Đavoljeg mosta,2026-04-12 11:01,70,4
L3448236,RS,RS-00,,44.6759001,20.1826572,Nasip Progar-Boljevci,2024-12-29 12:56,25,7
L15160570,RS,RS-VO,,44.7288709,20.9994347,Nasip naspram Žarkovačke ade--Kovin,2023-06-08 11:30,36,2
L3578445,RS,RS-19,,43.4780606,21.3097215,Naupare,2015-04-19 10:30,12,1
L21289007,RS,RS-14,,44.2283739,22.5302291,"Negotin, centar",2024-04-27 00:00,5,1
L5919862,RS,RS-09,,44.3579478,20.1374245,New Slip road Wetland nr. Lajkovac,2024-04-13 05:15,11,3
L13203977,RS,RS-VO,,45.2258428,19.4514871,Neštin,2025-06-03 15:06,12,4
L3856630,RS,RS-00,,44.8211164,20.2914906,"Nikola Tesla Airport, Belgrade",2026-09-27 08:00,46,67
L30586777,RS,RS-17,,43.937161,20.399976,Nis petrol Čačak,2026-05-12 17:11,30,4
L9385736,RS,RS-20,,43.3249526,21.9204373,"Nišava - Krive livade, grad Niš",2025-09-11 07:17,84,24
L4514125,RS,RS-20,,43.317581,21.963165,Nišava riverbank near Brzi brod,2022-05-04 13:46,41,3
L3290047,RS,RS-20,,43.4710718,22.0954397,Niševačka klisura,2024-04-30 00:00,37,2
L14479494,RS,RS-20,,43.3258239,21.8957457,Niška  tvrđava--park Sedmi jul,2026-06-16 12:35,49,13
L63341543,RS,RS-20,,43.2929123,22.0063385,Niška Banja,2026-07-26 16:58,28,2
L29161069,RS,RS-00,,44.764909,20.5317614,"Njive i živice između Malog i Velikog mokrog luga, Zvezdara"
L20513657,RS,RS-00,,44.7569069,20.5110758,"Njive i živice između naselja Kumodraž i Veliki mokri lug, Voždovac",2026-09-26 07:25,118,202
L29337069,RS,RS-00,,44.917288,20.23736,Njive izmedju Batajnice i Nove Pazove - Kineski put,2026-09-18 17:58,116,132
L19180896,RS,RS-VO,,44.8960632,20.9350737,Njive izmedju Dolova i Mramorka,2026-01-22 12:20,15,3
L30376320,RS,RS-00,,44.743967,20.5731069,Njive izmedju Kaludjerice i Leštana
L41762452,RS,RS-00,,44.8869367,20.2909543,Njive između Batajnice i Zemun Polja,2026-09-17 14:39,55,23
L23551654,RS,RS-VO,,45.6715152,20.6105861,Nova Crnja,2023-07-09 10:55,17,2
L27762498,RS,RS-09,,44.4815042,19.8945201,"Novaci, selo",2026-09-16 14:54,65,29
L11632465,RS,RS-VO,,45.5930474,20.1510214,Novi Bečej,2025-02-20 20:15,38,12
L15058265,RS,RS-VO,,45.6481925,20.1753274,Novi Bečej--pašnjaci,2026-04-07 17:22,50,17
L4032766,RS,RS-VO,,46.0476309,20.0886941,Novi Kneževac park,2026-01-12 12:09,116,139
L3072314,RS,RS-VO,,46.0411787,20.1207733,Novi Kneževac ribnjak (fish farm),2025-09-27 17:58,155,40
L52446123,RS,RS-18,,43.140307,20.516273,Novi Pazar--grad,2026-04-05 10:19,24,11
L9603757,RS,RS-VO,,45.2551795,19.8452916,Novi Sad--centar,2026-09-05 17:39,37,26
L6687519,RS,RS-00,,44.808605,20.4877236,Novo groblje (cemetery grounds),2026-05-27 05:20,33,24
L14543812,RS,RS-00,,44.8015119,20.4116574,Novobeogradske elektrane,2026-02-13 15:30,28,3
L13363443,RS,RS-VO,,45.086635,20.1301976,Novosadski autoput blizu Indjije,2024-12-11 14:18,12,4
L25940498,RS,RS-VO,,44.9268206,19.5564957,Noćaj,2023-07-15 05:30,7,0
L3105028,RS,RS-19,,43.5801203,21.3480958,"Obala Rasine, Kruševac",2021-02-04 00:00,68,28
L2833359,RS,RS-VO,,44.735943,19.986958,"Obedska Bara Special Nature Reserve--""Kula Obeda"" observation tower and the info centre area",2026-05-24 11:06,112,44
L2729604,RS,RS-VO,,44.7438414,20.0076726,"Obedska Bara Special Nature Reserve--""Matijevica"" observation platform",2026-04-25 10:47,78,23
L22369890,RS,RS-VO,,44.7385355,20.0373598,"Obedska Bara Special Nature Reserve--""Spomenik"" observation tower",2025-10-19 09:33,25,6
L8940084,RS,RS-VO,,44.6998277,20.0358588,Obedska Bara Special Nature Reserve--Kupinovo (vlažne Livade Kupinika i hrastova šuma Obreda),2025-04-13 12:49,81,18
L6841016,RS,RS-VO,,44.6874222,20.0331664,Obedska Bara Special Nature Reserve--Kupinski kut i kanal Vok (plantaže klonske topole),2025-10-19 13:44,43,9
L16818149,RS,RS-VO,,44.7131321,20.0378907,Obedska Bara Special Nature Reserve--Livade majke Angeline,2024-06-23 13:13,5,1
L6841019,RS,RS-VO,,44.6948859,20.0154185,Obedska Bara Special Nature Reserve--asfaltom selo Kupinovo-rasadnik Plandište (između hrasta i topole),2025-09-26 12:44,41,10
L6841012,RS,RS-VO,,44.7038461,19.9546909,"Obedska Bara Special Nature Reserve--bara Revenica, Grede i Širine",2026-02-06 15:27,43,7
L1028185,RS,RS-VO,,44.7330755,20.0215817,Obedska Bara Special Nature Reserve--general area (please use a more precise spot),2026-07-19 10:00,156,188
L6841025,RS,RS-VO,,44.7126794,19.9710059,Obedska Bara Special Nature Reserve--od Širina do Obreža (između Šugave bare i hrastove šume Čenjin),2025-09-26 14:00,50,8
L15020718,RS,RS-VO,,44.7306855,19.9057195,Obedska Bara Special Nature Reserve--put Obrež-Grabovci (Vitojevačko/Grabovačko ostrvo),2026-07-05 15:12,33,1
L6841021,RS,RS-VO,,44.6994013,19.971981,Obedska Bara Special Nature Reserve--zapadno od rasadnika Plandište,2026-07-19 10:00,37,10
L11310045,RS,RS-VO,,44.7166607,20.0129848,Obedska bara spec. rezervat prirode--Kupinske grede (kružna edukativna staza — pristup ograničen),2026-04-20 06:20,59,17
L14429006,RS,RS-20,,43.3052862,21.6859757,Oblačina--vlažne livade,2026-02-28 16:06,30,4
L14428966,RS,RS-20,,43.3052867,21.6791303,Oblačinsko jezero,2026-09-26 12:18,128,32
L7825489,RS,RS-00,,44.6627427,20.202329,Obrenovac (town),2026-07-16 07:46,30,7
L50203478,RS,RS-VO,,44.7329571,19.9788915,"Obrež, selo",2025-07-21 00:00,1,0
L44700121,RS,RS-VO,,44.939603,20.9322978,Od Dolova na istok do peščare,2026-07-17 04:46,28,14
L44959347,RS,RS-VO,,44.8983735,20.9830261,Od Mramorka na istok do peščare,2026-05-18 09:50,46,7
L11797422,RS,RS-13,,43.7974369,21.4331996,"Odmorište Krežbinac, Autoput A1",2025-08-23 13:55,11,2
L3312618,RS,RS-VO,,45.5059935,19.2596609,Odžaci,2026-08-07 20:05,19,4
L9628952,RS,RS-VO,,45.5108338,19.2533562,Odžaci--Kalvarija,2017-01-08 10:30,8,1
L3220121,RS,RS-VO,,45.2614287,19.8708538,"Oficirac (Petrovaradinska plaža), Novi Sad",2026-06-13 19:12,82,33
L11836640,RS,RS-VO,,45.5358078,20.186401,Okanj bara--selo Kumane,2022-07-02 11:25,41,9
L2899074,RS,RS-VO,,45.4703641,20.3027344,Okanj jezero (lake),2026-04-24 11:32,105,92
L4753146,RS,RS-14,,44.1007993,21.9599104,Okolina Borskog jezera,2016-05-24 21:30,4,1
L3044560,RS,RS-00,,44.8152929,20.4901242,"Omladinski stadion bus terminus, Palilula",2026-09-18 06:41,28,204
L14643871,RS,RS-VO,,44.7729804,20.7215616,"Omoljica--Nadel, kanal",2026-09-24 15:43,173,382
L9042527,RS,RS-12,,44.2468598,20.6821427,"Oplenac, Topola",2026-05-23 14:49,44,17
L2648471,RS,RS-VO,,45.0519461,20.4234143,Opovo (town - general area),2026-08-03 12:20,131,227
L3229530,RS,RS-00,,44.7876414,20.4776841,"Opštinski park, Voždovac",2025-05-22 09:54,22,53
L16540676,RS,RS-12,,44.3328007,20.5853058,"Orašac, memorijalni kompleks",2025-12-20 10:31,38,6
L3973711,RS,RS-00,,44.713527,20.401114,Orlovača,2024-04-08 11:14,39,15
L11483323,RS,RS-00,,44.7985068,20.5506551,"Orlovica, istočna padina (Mirijevo)",2026-04-22 16:28,37,5
L24411955,RS,RS-00,,44.765974,20.4617991,Ortopedska klinika,2025-09-27 10:40,17,5
L31647480,RS,RS-09,,44.192536,20.0255712,Osečenica,2024-05-12 14:05,18,4
L26920299,RS,RS-10,,44.5496549,21.0602204,"Osipaonica, selo",2025-07-13 15:50,23,3
L11301582,RS,RS-19,,43.5503626,21.2866125,Osište,2020-04-30 07:25,37,1
L2702293,RS,RS-00,,44.7916776,20.5609893,"Osovlje (zapadni greben brda - mirijevske njive), Beograd",2025-10-15 15:50,70,43
L11662017,RS,RS-19,,43.5884471,21.1997408,Osredak (Special Nature Reserve),2022-04-11 17:00,38,2
L7704463,RS,RS-VO,,45.5681179,20.3208418,Ostrovo,2026-09-27 12:53,43,2
L5826788,RS,RS-00,,44.7176347,20.317651,Ostružnica,2021-11-22 19:25,28,1
L8748227,RS,RS-00,,44.700426,20.3503063,Ostružnička šuma (forest/woodland),2019-03-03 09:45,13,1
L39372639,RS,RS-00,,44.8597503,20.5139159,Ovčanski put pored Velikog Blata,2026-09-18 13:30,62,5
L17900267,RS,RS-17,,43.8983877,20.1871793,Ovčar banja,2025-12-20 11:18,66,20
L13719514,RS,RS-17,,43.8838027,20.2039627,Ovčar--Dučalovići,2024-05-19 10:46,54,7
L67091455,RS,RS-17,,43.9,20.20919,Ovčar-Kablar Gorge--general area (please use a more precise spot),2026-08-22 10:01,117,85
L3086286,RS,RS-17,,43.9096114,20.207119,Ovčarsko-kablarska klisura (gorge),2026-04-05 13:08,79,17
L24321476,RS,RS-17,,43.91299,20.19134,Ovčarsko-kablarska klisura--vrh Kablara,2026-07-24 13:12,30,7
L18177595,RS,RS-16,,44.0595901,19.6036466,Ovčinje - Drina,2023-05-12 17:23,21,5
L6654374,RS,RS-15,,43.61864,21.8527079,Ozren,2024-04-27 10:46,41,8
L7531805,RS,RS-00,,44.9009049,20.2811171,"OŠ Branko Radičević, Batajnica (campus)",2024-04-28 17:59,12,2
L3134672,RS,RS-00,,44.7934265,20.5286182,"OŠ Despot Stefan Lazarević, Mirijevo (campus)",2026-07-19 07:00,20,8
L7531808,RS,RS-00,,44.7364424,20.4867406,"OŠ Jajinci, Voždovac (campus)"
L7531774,RS,RS-00,,44.7844141,20.4675856,"OŠ Karađorđe, Voždovac (campus)",2023-10-22 12:25,8,2
L7531810,RS,RS-00,,44.7091118,20.4517995,"OŠ Kosta Abrašević, Resnik (campus)"
L7531767,RS,RS-00,,44.8094478,20.47801,"OŠ Starina Novak, Palilula (campus)"
L7501936,RS,RS-00,,44.6640505,20.5913709,"OŠ Sveti Sava, Vrčin (campus)",2018-06-05 09:19,7,2
L7531814,RS,RS-00,,44.8059203,20.4672658,"OŠ Vladislav Ribnikar, Vračar (campus)"
L7964869,RS,RS-00,,44.6768467,20.3945257,"OŠ Vuk Karadžić (campus), Sremčica, Beograd"
L7531802,RS,RS-00,,44.6402108,20.520405,"OŠ Vuk Karadžić, Ripanj (campus)",2023-05-03 07:04,5,1
L7864007,RS,RS-00,,44.6333069,20.5499748,"OŠ Vuk Karadžić, Ripanj, izdvojeno odeljenje Srednji Prnjavor (campus), Voždovac"
L7531813,RS,RS-00,,44.8464702,20.497507,"OŠ Zaga Malivuk, Palilula (campus)"
L5388701,RS,RS-00,,44.7698245,20.491519,"OŠ Đura Daničić, Braće Jerković (campus)",2024-07-15 06:37,8,4
L8355358,RS,RS-VO,,45.8368008,20.2312581,Padej,2025-04-13 14:32,23,5
L2205300,RS,RS-00,,44.9364914,20.40277,Padinska Skela--šećeranski taložnici (sugar plant wastewater ponds),2025-12-06 08:15,93,25
L27497536,RS,RS-10,,44.3193045,21.1225072,Palanačke bare,2025-06-18 07:56,42,3
L2899078,RS,RS-VO,,46.079661,19.7575378,Palić Lake Nature Park,2026-08-10 10:30,133,60
L3219873,RS,RS-09,,44.4280798,20.1435184,Paljuvi akumulacija (reservoir),2026-09-27 17:20,200,295
L27444972,RS,RS-09,,44.4414432,19.9227902,"Pambukovica, selo",2026-09-23 08:36,73,194
L35531586,RS,RS-13,,44.009723,21.254104,Panjevački rit,2024-06-16 16:30,16,1
L12026567,RS,RS-VO,,45.7405391,19.5287684,Panonija--Akumulaciono jezero Panonija,2020-08-06 18:10,16,1
L12026547,RS,RS-VO,,45.7502799,19.5259574,Panonija--Park prirode Panonija,2020-08-06 16:30,11,1
L29949464,RS,RS-00,,44.8283608,20.4918194,Pančevački most,2026-09-18 06:59,21,9
L2209278,RS,RS-00,,44.9664983,20.465126,Pančevački rit--general area,2024-09-28 17:06,59,5
L38284866,RS,RS-00,,44.824562,20.4640797,"Pančićev park, Dorćol",2026-06-29 08:30,27,20
L3891995,RS,RS-00,,44.5791918,20.5455108,"Parcanski vis, Ralja",2024-02-16 15:38,18,4
L2503290,RS,RS-00,,44.7058409,20.4630822,"Pariguz akumulacija (reservoir), Resnik",2026-01-14 07:15,77,30
L2213933,RS,RS-00,,44.803839,20.4671109,"Park Dušana Jovanovića, Vračar",2026-05-19 12:27,25,233
L16937204,RS,RS-00,,44.8378042,20.3941629,"Park Jelovac, Zemun",2026-09-18 07:54,18,19
L16657982,RS,RS-00,,44.812614,20.511518,"Park Juhorska Danteova Marijane Gregoran, Beograd",2025-05-14 21:54,11,2
L4269563,RS,RS-00,,44.840437,20.4018288,"Park Kalvarija, Zemun",2026-08-13 09:37,37,32
L7066179,RS,RS-08,,44.5332731,19.2208211,"Park Kod Bazena, Loznica",2024-06-14 19:21,30,7
L5618761,RS,RS-VO,,45.0500623,20.0910705,"Park Kraljice Marije/Železnička stanica, Inđija",2017-06-11 21:25,4,3
L6744494,RS,RS-00,,44.7994905,20.4506103,"Park Lepi izgled, Gazela, Savski Venac",2026-02-07 10:28,10,14
L4248725,RS,RS-00,,44.811553,20.4532633,"Park Luke Ćelovića and park Bristol, Savski venac",2026-04-20 10:43,24,94
L9090748,RS,RS-VO,,44.8654442,20.6568595,"Park Narodna bašta, Pančevo",2026-09-05 08:04,83,304
L19515793,RS,RS-00,,44.8164028,20.4818579,"Park Osmana Đikića, Profesorska kolonija",2026-09-22 14:25,13,3
L16981693,RS,RS-00,,44.8419,20.3912,"Park Sava Kovačević, Zemun",2025-11-07 08:22,13,19
L14165543,RS,RS-20,,43.3227257,21.8973445,"Park Sedmi Juli, Niš",2026-05-18 13:56,28,10
L3289656,RS,RS-19,,43.5625436,21.3326383,"Park Slobodište, Kruševac",2024-03-13 06:53,44,11
L69446030,RS,RS-VO,,45.25518,19.827588,Park Trg 1. Maja,2026-06-19 14:27,11,7
L5586306,RS,RS-VO,,45.0524615,20.0738044,"Park Vašarište, Inđija",2017-03-26 15:30,11,2
L4507524,RS,RS-00,,44.8018344,20.4753996,"Park Vojvode Bojovića, Vračar",2024-03-23 07:39,9,35
L3343559,RS,RS-00,,44.8166263,20.4552072,"Park Vojvode Vuka, Stari grad",2026-05-31 09:17,22,97
L11127524,RS,RS-00,,44.7853205,20.4432983,Park between Hyde park and Topčiderski park,2026-04-19 07:40,47,18
L2473742,RS,RS-00,,44.8112073,20.467245,Park between Parliament and Glavna Pošta,2026-06-18 10:35,24,226
L44717415,RS,RS-VO,,45.2571592,19.8529024,Park kod Arhiva Vojvodine,2026-07-20 21:35,10,1
L7531770,RS,RS-00,,44.8109841,20.4792479,"Park na uglu Cvijićeve i Starine Novaka, Palilula",2025-11-16 12:16,9,11
L20709415,RS,RS-00,,44.7923013,20.4424024,"Park narodnog heroja ""Branko Parac""",2025-04-23 21:13,23,2
L14506173,RS,RS-00,,44.7902088,20.4396014,"Park oko kuće Kralja Petra, Savski venac",2024-06-08 21:03,24,3
L11569857,RS,RS-VO,,45.3877146,20.1858103,Park prirode Jegrička,2026-05-08 07:35,96,27
L4507516,RS,RS-00,,44.8012533,20.4716639,"Park srpsko-grčkog prijateljstva, Vračar",2026-06-25 17:28,15,48
L3442818,RS,RS-VO,,45.2726722,19.5177591,"Park, Čelarevo",2026-06-24 04:43,19,2
L57690113,RS,RS-VO,,45.2602578,19.8203535,Parkić pored ABC-a,2026-02-05 11:40,1,0
L4378051,RS,RS-VO,,46.0455263,20.1098192,"Pasture/slatina od pruge do zimovnika, Novi Kneževac",2024-11-28 11:22,51,6
L2899077,RS,RS-VO,,45.9202048,20.3017554,"Pastures of Great Bustard Special Nature Reserve--Jaroš, Mokrin village (visits allowed only in a company of a park warden)",2026-05-30 17:40,94,49
L5523722,RS,RS-VO,,46.0417824,20.3290629,"Pastures of Great Bustard Special Nature Reserve--Kočovat, Vrbica village",2025-01-18 09:04,34,2
L6864889,RS,RS-VO,,46.0863974,20.2022783,"Pastures of Great Bustard Special Nature Reserve--Veliki Siget, Banatsko Aranđelovo",2024-01-12 08:41,53,6
L32950887,RS,RS-24,,42.492301,21.854116,Pavlovac,2024-06-06 18:22,10,1
L12382372,RS,RS-VO,,45.0662094,19.7952358,Pavlovačko jezero (Pavlovci Lake),2024-04-30 14:52,45,6
L39901438,RS,RS-VO,,44.9499457,20.186464,Pazovačke njive--između Nove Pazove i Stare Pazove,2026-03-15 06:08,42,5
L7049590,RS,RS-VO,,46.053558,20.1092666,"Pašnjak/slatina od Aleve do ribnjaka severna strana, Novi Kneževac",2019-03-16 13:00,25,2
L60989824,RS,RS-VO,,45.2061487,20.3782482,"Perlez, selo",2026-05-05 17:20,1,0
L47837131,RS,RS-VO,,45.1730227,20.3775823,Perlez--vlažni pašnjak,2025-07-21 11:40,19,2
L3682870,RS,RS-16,,43.956495,19.4263387,Perućac,2026-04-07 14:59,39,12
L17743414,RS,RS-VO,,45.3512767,20.3807622,"Peskara, gradsko kupalište, Zrenjanin",2026-04-29 07:27,86,57
L2475215,RS,RS-00,,44.7954038,20.4972482,"Peti Parkić, Zvezdara",2026-07-02 07:47,21,100
L12700473,RS,RS-00,,44.8363966,20.2508994,Petlja Beograd junction E70-E75,2026-07-15 04:56,24,3
L4646996,RS,RS-00,,44.7183297,20.4286212,Petlovo Brdo bus terminus,2016-05-28 05:09,9,1
L3668724,RS,RS-09,,44.24645,19.930771,Petnica,2026-04-10 17:37,46,12
L38594697,RS,RS-09,,44.2497411,19.9256854,Petničko jezero,2025-07-21 09:37,31,4
L17949042,RS,RS-11,,44.3781729,21.4171955,Petrovac na Mlavi,2024-05-26 05:45,26,3
L3204773,RS,RS-VO,,45.2454038,19.8810482,"Petrovaradin (town), Novi Sad",2026-04-29 22:01,105,148
L13523981,RS,RS-VO,,45.2334313,19.8891504,Petrovaradin--Kalvarija,2026-03-11 14:24,22,3
L40149572,RS,RS-VO,,45.2399515,19.8721064,Petrovaradin--Trandžamentska ulica,2025-12-01 15:15,28,6
L45020080,RS,RS-VO,,45.2462541,19.8832507,Petrovaradin--budući park na Dudari,2026-04-21 22:11,50,11
L64907714,RS,RS-VO,,45.2503459,19.8701956,Petrovaradin--konjički klub Petras,2026-05-02 19:41,40,7
L27977922,RS,RS-VO,,45.2469688,19.8931761,Petrovaradin--polja istočno od grada (fields east of town),2026-04-04 17:45,72,21
L3204772,RS,RS-VO,,45.2533801,19.861393,"Petrovaradinska tvrđava (fortress), Novi Sad",2026-09-24 07:11,114,131
L13497805,RS,RS-VO,,45.2527961,19.8689499,Petrovaradinska tvrđava--Molinarijev park,2025-04-26 18:33,36,12
L10222408,RS,RS-VO,,45.2576216,19.8590128,Petrovaradinski kej (od mosta Duga do Žeželjevog mosta),2026-09-21 06:09,54,13
L28415794,RS,RS-VO,,45.2450505,19.8727884,Petrovaradinsko groblje,2026-09-20 10:48,58,49
L17858577,RS,RS-00,,44.795325,20.1620274,Petrovčić,2022-02-20 13:00,7,1
L26294820,RS,RS-12,,44.3015357,20.581281,Pećina Risovača i okolina,2025-09-24 14:12,31,5
L3181822,RS,RS-18,,43.0851255,20.1131558,Peštersko polje--Karajukića Bunari,2026-08-22 12:12,174,97
L12377963,RS,RS-16,,43.0975055,20.1266169,"Peštersko polje--Tresetište, Karajukića Bunari",2020-09-24 17:20,1,0
L2213942,RS,RS-00,,44.8103357,20.4647505,"Pionirski Park, Stari Grad",2026-05-20 18:55,42,186
L26690882,RS,RS-17,,43.9232002,20.1335377,Planina Orovica i Vrnčanska reka,2023-08-21 09:40,26,1
L14132153,RS,RS-00,,44.7527622,20.6220458,Planinarska staza (Hiking Trail) Vinča-Ritopek,2025-11-17 08:51,31,3
L4837948,RS,RS-00,,44.7230986,20.6291914,Plantaže Boleč,2026-01-08 13:45,35,21
L3200990,RS,RS-00,,44.8068724,20.4641363,"Plato Đoke Vještice (urban pocket), Vračar",2026-07-18 08:04,15,123
L43989934,RS,RS-14,,44.2938425,22.2705781,Plavna--Rajska prerast,2025-05-03 12:49,8,1
L14134308,RS,RS-00,,44.8880843,20.4059364,Plavne livade kod Borče,2026-08-13 11:50,36,27
L3837008,RS,RS-VO,,44.703436,20.8659983,Pločica (general area),2026-09-20 11:39,51,30
L2973005,RS,RS-VO,,44.6715217,20.872736,Pločički rit (Provala),2026-09-20 12:08,133,67
L12294721,RS,RS-22,,42.9717498,22.6614975,Poganovo,2024-09-21 09:02,28,13
L36046408,RS,RS-13,,43.7547786,21.4466126,"Pojate, polja i šumarci severno od auto-puta",2024-08-24 10:00,1,1
L13616086,RS,RS-00,,44.835266,20.3738024,Polytechnic High School (campus),2026-05-04 20:15,10,1
L7347254,RS,RS-VO,,44.7224481,20.8067375,Ponjavica Nature Park--Banatski Brestovac,2026-09-20 10:57,66,17
L3537512,RS,RS-VO,,44.7492761,20.7402496,Ponjavica Nature Park--Omoljica,2026-05-23 08:44,73,28
L5973108,RS,RS-VO,,44.756844,20.7238841,Ponjavica Nature Park--heronry in Omoljica,2026-09-27 10:40,132,250
L36806567,RS,RS-22,,43.1679875,22.4521808,Ponor,2025-07-26 07:00,6,2
L54312466,RS,RS-00,,44.5645024,20.5889469,Popović--selo,2025-12-16 12:20,18,3
L3464050,RS,RS-00,,44.8967029,20.3985643,Potez Kovilovo - Beljarica (područje projekta “Srpsko-kineski industrijski park Mihajlo Pupin“),2026-09-19 09:03,136,359
L29203872,RS,RS-00,,44.9130894,20.5002059,Potez Kovilovo - Ovča,2026-09-11 08:26,22,6
L3464075,RS,RS-00,,44.9275206,20.4192495,Potez Kovilovo - Vizelj (farma),2026-05-13 18:15,77,48
L7245423,RS,RS-00,,44.9886406,20.3568278,Potez Vrbovski - severni nasip (nasut put),2026-06-20 09:18,19,2
L7118391,RS,RS-00,,44.9624902,20.3341913,"Potez Vrbovski - zapadni nasip (od Vrbovskog beton, pa loša kaldrma)",2022-01-30 13:13,42,9
L23771262,RS,RS-VO,,44.8890986,20.6453631,"Potez kružni tok – aerodrom ""Pančevo""",2026-05-15 22:10,44,7
L17412542,RS,RS-00,,44.8735252,20.3377322,Potez od raskrsnice Jurija Rakitina i Novosadskog puta do Batajničkog druma,2026-05-10 04:55,17,1
L3517588,RS,RS-16,,43.4969,19.61,Potpećko jezero,2019-03-23 12:05,50,24
L67953877,RS,RS-09,,44.1370087,19.7325476,Povlen Mountain,2026-08-15 07:55,55,4
L17136391,RS,RS-19,,43.5933861,21.081479,Počekovina,2025-07-28 15:57,85,22
L35315424,RS,RS-11,,44.6202461,21.1855697,Požarevac--Gradski park i Trg Oslobođenja,2025-06-19 11:38,37,1
L28087997,RS,RS-16,,43.8382439,20.054756,Požega--Skrapež,2026-04-21 21:46,22,1
L26449907,RS,RS-16,,43.8461113,20.0359557,Požega--centar,2024-06-24 08:35,10,2
L4821873,RS,RS-11,,44.7371006,21.5630254,"Požeženski Peskovi--Kolarnica, Padina, Peskovi",2025-07-12 05:34,74,25
L39461779,RS,RS-13,,43.9998872,21.3317595,Predorska bara,2023-05-31 00:00,4,1
L22080453,RS,RS-00,,44.8069211,20.0981026,Preka kaldrma,2026-07-26 10:35,17,1
L59325753,RS,RS-00,,45.0314891,20.3735319,Preliv--dunavski forland od Preliva do kanala Karaš,2026-02-28 13:36,11,1
L3555989,RS,RS-VO,,45.6561979,19.3180203,Preradovićeve livade,2015-04-10 14:20,4,1
L3448047,RS,RS-14,,44.3818262,22.3381448,"Prerasti u kanjonu Vratne, specijalni rezervat prirode",2026-08-13 13:00,52,8
L5204023,RS,RS-VO,,45.2793765,19.8254406,"Prevodnica, DTD kanal, Novi Sad",2026-08-20 19:38,37,6
L8088627,RS,RS-18,,43.4207864,20.5753669,"Prevoj na bilu, kod zaseoka Senci",2020-10-14 09:45,28,4
L15167515,RS,RS-24,,42.3056259,21.6668199,Preševo (incl. general area around the town),2026-07-12 14:20,97,29
L12569527,RS,RS-24,,42.360545,21.711894,Preševo--bare/ponds,2026-09-20 09:30,46,10
L20287800,RS,RS-16,,43.5667287,19.5443846,Priboy Area,2022-07-21 17:00,6,1
L4058588,RS,RS-16,,43.3879949,19.6446058,Prijepolje--Sandžačkih brigada St.,2026-08-03 08:06,52,43
L3382874,RS,RS-16,,43.3923253,19.6465366,Prijepolje--ušće Mileševke u Lim,2025-09-06 15:05,47,22
L29724821,RS,RS-17,,43.949048,20.4319921,Prislonica,2024-02-28 13:20,14,2
L38963670,RS,RS-00,,44.7087323,20.1591894,Progar--Sava,2026-03-08 07:11,66,10
L6541782,RS,RS-00,,44.7165506,20.1348925,"Progar--betonski put kraj reni bunara, od Ade ka Jasenskoj",2025-12-13 11:59,56,12
L4753105,RS,RS-21,,43.2317195,21.6041422,Prokuplje,2017-12-29 12:54,36,1
L21576204,RS,RS-00,,44.8678581,20.384016,"Pupinov most--palilulska strana, PIO Forland leve obale Dunava kod Beograda",2026-05-19 11:16,58,27
L21572573,RS,RS-00,,44.8625622,20.3793036,Pupinov most--zemunska strana,2026-09-06 11:36,65,34
L13777410,RS,RS-VO,,45.7206186,19.0315369,Put Apatin-Sombor,2021-02-20 11:40,13,2
L6890162,RS,RS-VO,,46.032406,20.2588176,"Put B. Aranđelovo-Podlokanj (46,032, 20,259)",2018-02-14 16:10,4,4
L6312104,RS,RS-VO,,44.6957789,20.7939317,Put Banatski Brestovac - obala Dunava,2023-03-18 11:30,14,3
L19633828,RS,RS-00,,44.5824854,20.3983118,Put Barajevo - Baćevac i Zornića kuća,2022-06-13 18:25,22,1
L8393881,RS,RS-VO,,45.0949653,20.4172003,Put Baranda - Čenta (plavna zona Tamiša),2026-01-18 11:52,33,11
L33304980,RS,RS-VO,,45.762372,20.422766,Put Basaid-Kikinda,2026-05-09 17:30,24,12
L39551160,RS,RS-VO,,44.899465,21.5289833,Put Bela Crkva-Kaluđerovo,2025-12-27 11:30,14,1
L3972974,RS,RS-VO,,45.2868433,20.6314503,Put Botos - Tomasevac (5 km),2025-07-05 09:00,26,2
L6894278,RS,RS-VO,,45.9522546,20.3367743,"Put Crna Bara-Mokrin (45,952, 20,337)",2026-04-11 16:09,39,8
L18105321,RS,RS-VO,,45.066157,20.5050853,Put Debeljača - Opovo (asfalt),2025-07-21 11:03,38,18
L11700977,RS,RS-VO,,44.8602118,20.9986804,Put Deliblato - Mramorak,2020-06-14 15:05,7,2
L35839882,RS,RS-VO,,45.1902095,20.8882679,Put Dobroca - Ilandža,2024-08-17 08:22,12,1
L6549486,RS,RS-11,,44.7293037,21.2690641,Put Drmno-Kličevac,2025-12-29 10:15,41,13
L35837912,RS,RS-VO,,45.2815392,20.520227,Put Ečka - Orlovat,2025-08-02 11:00,18,2
L25940931,RS,RS-08,,44.8516223,19.3992831,Put Glogovac - Salaš Crnobarski,2026-04-25 09:45,18,0
L19429159,RS,RS-VO,,45.5601909,20.1832618,Put Kumane - Novi Bečej,2026-08-23 11:24,29,13
L26264560,RS,RS-23,,42.9481431,21.9537136,Put Leskovac - Vučje,2023-07-29 15:00,6,5
L19429129,RS,RS-VO,,45.4982023,20.2520714,Put Melenci - Kumane,2026-02-27 06:30,30,12
L6896585,RS,RS-VO,,46.0467223,20.1975851,Put Novi Kneževac - Veliki Salaš - Banatsko Aranđelovo,2025-02-09 16:30,15,3
L60183722,RS,RS-VO,,45.3427093,20.0187162,Put Novi Sad - Žabalj,2026-07-03 05:58,6,2
L49141995,RS,RS-VO,,45.2684876,20.5984493,Put Orlovat - Botoš,2025-07-05 06:45,17,1
L6541837,RS,RS-00,,44.7240702,20.1161814,Put Progar - Kupinovo (pazite na rupe!),2026-04-20 10:50,17,4
L24763518,RS,RS-VO,,45.17432,20.50032,Put Sakule - Idvor,2024-08-10 09:00,10,5
L35904687,RS,RS-VO,,45.2447012,20.6828306,"Put Tomaševac - Dobrica, zapadna sekcija",2024-09-17 10:02,23,4
L27752936,RS,RS-00,,44.8812156,20.1602796,Put Ugrinovci - Krnješevci,2023-10-28 07:18,10,0
L32688094,RS,RS-VO,,45.4388737,20.3914354,Put Zrenjanin - Mihajlovo,2026-05-01 08:15,21,4
L21918079,RS,RS-VO,,45.4435751,20.3610984,Put Zrenjanin-Melenci,2026-04-04 08:15,32,31
L10576664,RS,RS-VO,,44.9765217,21.2466139,Put između Zagajice i Parte,2021-06-13 16:20,13,3
L6309112,RS,RS-00,,44.8244191,20.5571043,"Put ka repetitoru, istočno od Višnjičke banje",2024-11-25 14:30,44,7
L39190410,RS,RS-VO,,45.03304,21.03634,Put meteorološka stanica (B. Karlovac) - Deliblatska peščara,2026-09-15 15:56,61,10
L29724116,RS,RS-17,,43.9634536,20.4485685,Put od  manastira Vujan do Prislonice,2024-02-28 12:30,16,2
L29721180,RS,RS-17,,43.9709401,20.4457884,Put od Brđana do manastira Vujan,2024-02-28 11:25,14,2
L12823383,RS,RS-VO,,45.0705211,20.4382485,Put od Opova do Barande,2026-05-02 07:23,34,7
L6928185,RS,RS-00,,44.9117476,20.4400527,Put za Kovilovo (južni - drvored platana),2026-04-26 05:52,45,26
L46010094,RS,RS-00,,45.0013192,20.4361816,Put za Sefkerin,2026-08-16 18:05,37,7
L17387542,RS,RS-VO,,45.1966974,19.6458721,"Put za Testeru, Fruška gora",2022-01-08 00:00,4,2
L15264644,RS,RS-00,,44.9836047,20.371701,Put za Vrbovski,2026-06-20 08:12,61,24
L4466051,RS,RS-00,,44.7955453,20.5441782,Put za trafo stanicu Mirijevo,2017-04-15 16:17,26,9
L10957043,RS,RS-VO,,44.9923168,19.9723873,Putinci,2026-09-19 15:00,26,2
L14420768,RS,RS-10,,44.6173175,20.9760232,"Radinački bageri, šljunkara",2025-04-20 16:43,62,13
L6371394,RS,RS-16,,43.5301521,19.7638035,Radoinjsko jezero,2026-09-05 11:00,61,5
L23551800,RS,RS-VO,,45.7430651,20.783354,Radojevo,2023-04-12 14:31,15,1
L2475213,RS,RS-00,,44.7930741,20.4995227,"Radojke Lakić St., Zvezdara",2026-04-06 08:31,27,91
L16782139,RS,RS-10,,44.2936094,21.0277407,Radovanjski lug,2021-11-21 13:45,24,3
L31171067,RS,RS-16,,43.6724449,19.9346692,Radoševo,2024-05-02 09:21,7,3
L3447929,RS,RS-14,,44.2666823,22.6642799,Radujevac,2023-01-24 14:20,25,3
L3515505,RS,RS-16,,43.371703,19.634864,Raisnjevo,2026-09-20 09:41,133,415
L7416435,RS,RS-09,,44.1365184,20.2242975,Rajac NR--šira okolina vrha Rajac,2026-06-15 14:50,66,15
L5725015,RS,RS-14,,44.4412256,21.95233,Rajkova pećina,2026-05-03 13:57,14,2
L3499203,RS,RS-VO,,45.0530296,20.4596758,Rakitas i Velika slatina,2025-05-28 12:20,62,16
L3096672,RS,RS-19,,43.5704843,21.353066,"Rasinska šuma, Kruševac",2023-06-24 14:28,109,108
L7443583,RS,RS-18,,43.7042544,20.7486463,"Ratina, Kraljevo",2018-05-21 10:20,1,0
L14035234,RS,RS-VO,,45.2602843,19.9149554,"Ratno ostrvo--naselje Šangaj, Novi Sad",2025-02-16 15:55,51,5
L24186332,RS,RS-16,,43.3121344,19.5393817,Ravna gora (pešterska),2023-05-07 13:07,3,0
L50152734,RS,RS-VO,,45.4629897,20.5765979,Ravni Topolovac,2025-07-20 07:10,13,1
L9603006,RS,RS-18,,43.2864044,20.6176519,Raška (town),2026-06-12 18:50,22,4
L33599755,RS,RS-20,,43.674542,21.54908,Ražanj,2024-06-19 18:38,11,1
L17593925,RS,RS-VO,,45.2645498,20.4200617,Reka Begej između Stajićeva i prevodnice,2025-01-07 11:28,42,6
L17604787,RS,RS-VO,,45.210586,20.3360951,Reka Begej od ušća do prevodnice kod Stajićeva,2026-04-17 18:45,38,7
L13338857,RS,RS-11,,44.7357122,21.2011018,Reka Mlava kod TE Kostolac B,2023-01-26 11:25,22,6
L70049206,RS,RS-17,,44.0604172,20.1023679,Reka Tinja i okolne padine Maljena,2026-06-14 05:42,33,1
L8480187,RS,RS-VO,,46.0157659,20.0525481,Reka Tisa od 145km (most NK) do 120km (most Senta),2019-01-17 09:30,33,2
L8480004,RS,RS-VO,,46.0930111,20.0475321,Reka Tisa od 145km (most NK) do 164km (drž. granica),2026-06-06 18:54,62,7
L4291058,RS,RS-13,,43.8700426,21.0730276,Rekovac,2016-02-19 10:40,12,1
L13203885,RS,RS-VO,,45.2088916,19.5772752,Restoran Atos,2022-06-05 15:25,13,3
L11598575,RS,RS-00,,44.4625039,20.667511,"Restoran MB, Mladenovac",2020-05-29 14:02,10,1
L2886356,RS,RS-00,,44.8461701,20.5339597,Reva--bara Reva (IBA područje Ušće Save u Dunav),2026-09-27 10:21,166,1108
L4607745,RS,RS-00,,44.8472654,20.5494147,Reva--istočni forland duž Ovčanske ade (IBA područje Ušće Save u Dunav),2026-09-27 11:03,170,633
L2820846,RS,RS-00,,44.8415753,20.5323207,Reva--put do Dunava i kubici (IBA područje Ušće Save u Dunav),2026-09-17 08:59,139,406
L4607741,RS,RS-00,,44.8372428,20.530949,Reva--zapadni forland (IBA područje Ušće Save u Dunav),2026-09-27 10:44,125,171
L12652724,RS,RS-VO,,45.2328107,19.8404053,Ribarsko ostrvo,2026-08-05 20:00,47,9
L2481943,RS,RS-VO,,45.1110963,20.4686021,"Ribnjaci Baranda, Sakule i Čenta--general area (please use a more precise spot)",2026-08-09 07:34,225,1400
L19597294,RS,RS-VO,,45.2893268,20.4438438,Ribnjaci izmedju Lukinog Sela i Stajićeva,2025-10-10 08:12,135,59
L9163265,RS,RS-VO,,45.3176592,20.4109987,"Ribnjak 45.316881, 20.411295",2026-05-19 12:54,87,56
L23323816,RS,RS-VO,,45.2548348,20.8436395,Ribnjak Banatska Dubica,2026-01-31 13:49,44,4
L28862690,RS,RS-VO,,45.503243,20.51669,Ribnjak Banatski Dvor,2026-01-24 14:02,33,10
L23323868,RS,RS-VO,,45.3674764,20.7491398,"Ribnjak Barakuda--Sečanj (private property, must have permission to enter)",2026-01-31 10:48,35,1
L21350050,RS,RS-VO,,45.3290827,20.427879,Ribnjak Carska jezera Ečka,2023-06-04 11:49,34,2
L19844823,RS,RS-VO,,45.4241254,20.3008662,Ribnjak Elemir,2026-05-10 08:11,83,12
L6198295,RS,RS-VO,,45.2948995,20.422905,Ribnjak Ečka--Belo jezero i mladičnjaci,2026-09-19 06:40,191,522
L6676058,RS,RS-VO,,45.2520717,20.3137967,Ribnjak Ečka--jezero Joca,2026-07-11 10:12,44,7
L6676056,RS,RS-VO,,45.2899595,20.3808995,Ribnjak Ečka--jezero Koča,2026-09-18 10:10,148,107
L6676073,RS,RS-VO,,45.2642175,20.3530951,Ribnjak Ečka--jezero Mika,2026-08-28 17:44,94,26
L25182859,RS,RS-VO,,44.989776,20.5410098,Ribnjak Glogonj (private fish farm - ask for permission),2026-08-16 18:30,37,5
L28862696,RS,RS-VO,,45.42999,20.460594,Ribnjak Klek,2026-01-24 10:27,38,7
L12054400,RS,RS-VO,,45.3521743,20.7563225,"Ribnjak Neuzina Fish Farm (private property, must have permission to enter)",2026-01-31 10:00,52,8
L28862702,RS,RS-VO,,45.449222,20.452801,Ribnjak Ribobel,2026-01-24 11:55,46,7
L2860199,RS,RS-VO,,45.3543809,20.6691075,"Ribnjak Sutjeska fish farm (Private property, must have permission to enter)",2026-04-18 07:31,104,15
L2987752,RS,RS-VO,,45.2143851,20.6167245,Ribnjak Uzdin (private fish farm — access restricted/denied),2026-01-18 15:54,113,36
L23323829,RS,RS-VO,,45.1359219,21.1494422,"Ribnjak Vršački ritovi (private property, must have permission to enter)",2023-04-01 00:00,2,0
L8597898,RS,RS-VO,,45.8850389,20.235768,"Ribnjak Zlatica (fishpond), private property (ask owner for permission to enter)",2026-04-09 19:00,84,12
L5466999,RS,RS-11,,44.7461465,21.4891773,Ribnjak pred Velikim Gradištem,2024-12-29 08:45,20,9
L6784604,RS,RS-00,,44.7348298,20.1896363,Ribnjak Živača (private fish farm - ask for permission),2026-03-14 06:01,133,66
L3323713,RS,RS-VO,,45.3490308,19.9077845,Rimski Šančevi,2015-04-21 13:30,36,5
L32954453,RS,RS-24,,42.468696,21.842973,Ristovac,2024-06-07 06:51,10,1
L5381398,RS,RS-00,,44.7388309,20.6591839,Ritopek,2017-01-29 11:20,13,3
L28058739,RS,RS-00,,44.2492723,20.2758003,"River Ljig flood plain, Moravci",2025-11-20 10:30,25,2
L3972963,RS,RS-VO,,45.3138901,20.7468926,Road Jarkovac to Neuzina (humid grasslands; 10.3 km),2026-06-13 10:40,37,11
L3973043,RS,RS-VO,,45.2516359,20.607364,Road Tomasevac to Orlovat (humid grasslands),2024-01-13 13:19,5,0
L3972981,RS,RS-VO,,45.2499349,20.6293904,Road Tomaševac to Uzdin (humid grasslands; 8 km),2024-01-21 10:31,49,7
L3044562,RS,RS-00,,44.8469727,20.5173111,Road from Omladinski stadion to Reva Wetland (bus 108),2026-09-18 07:04,57,237
L24321386,RS,RS-17,,43.929079,20.169514,"Rošci, selo",2023-05-13 19:16,10,5
L7321367,RS,RS-15,,43.7736019,21.91117,Rtanj mountain,2026-05-31 12:27,52,4
L15179203,RS,RS-VO,,44.8768394,21.0279026,Rub Deliblatske peščare--Deliblato,2023-10-23 14:34,34,4
L3348838,RS,RS-17,,44.1692088,20.4603266,Rudnik--Ostrvica,2025-11-20 14:03,15,1
L50013060,RS,RS-23,,42.8654041,22.573442,Ruj planina
L12382268,RS,RS-VO,,45.0080396,19.821319,Ruma (town),2026-04-23 22:00,10,1
L3279259,RS,RS-VO,,45.3079979,19.7298574,Rumenka--DTD kanal,2026-07-06 05:20,32,8
L26618724,RS,RS-08,,44.5454,19.2828,"Runjani, selo",2024-06-14 12:35,42,2
L2408220,RS,RS-VO,,45.5279496,20.2959538,Rusanda park prirode (nature reserve),2026-09-27 11:16,194,356
L33599778,RS,RS-20,,43.590835,21.611076,Rutevac,2026-07-17 16:18,22,1
L6656046,RS,RS-VO,,45.836677,20.457615,"SP Park Blandaš, Kikinda",2026-01-11 12:04,32,12
L5455078,RS,RS-VO,,45.2466239,19.8440669,"SPENS, Novi Sad",2025-12-17 14:11,37,9
L19786082,RS,RS-VO,,44.8802737,20.661111,SRC Mladost--Pančevo,2026-01-06 10:15,33,5
L20660102,RS,RS-VO,,45.8152485,18.9348578,SRP Gornje Podunavlje--Crna Šuma,2023-08-09 08:38,58,5
L4318455,RS,RS-VO,,45.7775807,18.9393568,SRP Gornje Podunavlje--Donja Siga,2016-06-07 06:10,26,1
L4455838,RS,RS-VO,,45.7710554,18.9560938,SRP Gornje Podunavlje--Kanal Dunav-Tisa,2016-06-07 08:00,33,2
L5927062,RS,RS-VO,,45.704441,18.9299369,SRP Gornje Podunavlje--Mirković bara,2017-06-03 07:20,41,1
L4318552,RS,RS-VO,,45.7832673,18.8942957,SRP Gornje Podunavlje--Vikend Naselje Dondo,2026-06-20 07:46,48,2
L4458235,RS,RS-VO,,45.8245677,18.9290839,SRP Gornje Podunavlje--kolonija čaplji,2023-08-09 10:45,16,3
L4455871,RS,RS-VO,,45.8147278,18.927716,SRP Gornje Podunavlje--Češki most i ribnjak,2025-06-01 17:30,36,3
L5860630,RS,RS-VO,,45.8250612,18.9497316,SRP Gornje Podunavlje--Štrbački pesci,2017-05-19 18:36,47,3
L5619264,RS,RS-VO,,45.1464517,20.4856162,Sakule (selo),2026-02-14 11:59,41,15
L2399281,RS,RS-VO,,45.1366351,20.474224,"Sakule ribnjak--jezero Jer (private fish farm, ask for permission)",2026-03-10 08:22,181,368
L18938290,RS,RS-VO,,45.1240217,20.4647341,"Sakule ribnjak--jezero Jer, južni deo (Truntalj – jez. Jer – Siget)",2025-02-09 08:15,91,10
L33374875,RS,RS-VO,,45.5733747,20.3777147,Salaš na Bašaidskom drumu,2026-02-27 17:03,27,6
L6893091,RS,RS-VO,,45.996766,20.2143294,"Salaši-Veliki jaroš/Crni Rit, Novi Kneževac (45,997, 20,214)",2024-01-13 08:08,18,3
L23461928,RS,RS-10,,44.4904105,21.0787576,"Saraorci, selo",2025-04-13 15:45,30,5
L3291582,RS,RS-00,,44.7966372,20.4329824,"Sava od Mosta na Adi do Železničkog mosta, IBA Ušće Save u Dunav",2025-10-18 15:00,80,135
L3291663,RS,RS-00,,44.8129579,20.4496765,Sava od Starog savskog mosta do Brankovog mosta,2026-04-07 08:14,52,122
L3291617,RS,RS-00,,44.8004133,20.4402459,Sava od Železničkog mosta do mosta Gazela,2026-09-22 12:00,64,127
L1146129,RS,RS-00,,44.7956566,20.392921,"Savski nasip--blokovi (45,44,70,70a), Novi Beograd",2026-08-04 06:30,112,427
L4655733,RS,RS-00,,44.7876164,20.3704617,Savski nasip--između Galovice i Bloka 45,2026-06-17 19:59,72,78
L4644599,RS,RS-00,,44.8083543,20.4567012,"Savski trg, Main Train Station",2023-09-10 08:17,11,78
L2205355,RS,RS-00,,44.8168049,20.4493117,"Savsko pristanište, Stari grad",2026-06-18 06:23,66,190
L15225243,RS,RS-VO,,45.1300518,20.9138568,Seleuš,2022-08-27 09:40,41,6
L3122635,RS,RS-VO,,46.1398083,19.9387264,Selevenjske pustare NR,2026-05-10 12:32,22,4
L30959609,RS,RS-09,,44.15846,20.19508,Selo Ba,2026-05-18 05:30,20,1
L14181323,RS,RS-20,,43.294509,21.8424466,Selo Bubanj,2025-04-03 10:30,91,14
L17297362,RS,RS-12,,43.9144189,20.9029055,Selo Trešnjevak,2022-03-26 07:30,20,2
L6045194,RS,RS-VO,,45.3602081,20.7719278,Sečanj (town),2024-06-08 18:40,28,9
L2860219,RS,RS-VO,,44.8949174,19.9366236,Sibač--šećeranski taložnici (sugar plant wastewater ponds—access restricted),2026-07-26 09:04,126,30
L17899185,RS,RS-00,,44.8831798,20.5927989,Sibnica--kanal do železničke pruge,2026-01-27 09:21,74,20
L20871397,RS,RS-16,,43.6883899,19.8800168,"Sirogojno, naselje i muzej na otvorenom",2026-04-02 12:44,16,4
L14411715,RS,RS-20,,43.3211867,22.0536625,Sićevačka klisura NR--naselje Prosek,2025-09-05 19:23,18,3
L14441579,RS,RS-20,,43.318164,22.0739133,Sićevačka klisura Nature Park--Kusača,2021-04-10 12:36,24,1
L36806649,RS,RS-20,,43.3361316,22.1303833,Sićevačka klisura Nature Park--Manastir Svete petke Iverice,2024-09-23 11:25,2,1
L2907685,RS,RS-22,,43.3247953,22.1438885,Sićevačka klisura Nature Park--Oblik,2025-05-09 10:35,23,3
L13961329,RS,RS-20,,43.352475,22.1597705,Sićevačka klisura Nature Park--Pleš,2026-03-01 08:23,34,8
L7712439,RS,RS-20,,43.3434499,22.1035695,Sićevačka klisura Nature Park--brda,2026-02-06 10:00,31,5
L10810330,RS,RS-20,,43.335184,22.102661,Sićevačka klisura Nature Park--near Šutevac,2020-05-22 08:00,43,2
L7703483,RS,RS-20,,43.3416397,22.0855451,Sićevačka klisura Nature Park--selo Sićevo,2026-07-22 12:40,35,12
L11750256,RS,RS-16,,43.1454019,20.0662867,Sjenica--Buđevo,2020-06-22 13:42,10,1
L11750457,RS,RS-16,,43.2717691,20.0253912,Sjenica--Park Borovi,2026-08-23 06:40,67,19
L31915485,RS,RS-16,,43.2726212,20.0016074,Sjenica--naselje,2026-06-20 07:45,38,5
L3932706,RS,RS-00,,44.8180483,20.4675628,"Skadarlijska pijaca, Stari grad",2024-06-16 08:26,10,50
L17544803,RS,RS-00,,44.6790652,20.0455003,"Skela, selo",2026-06-13 10:40,19,2
L12742631,RS,RS-00,,44.7506118,20.4348613,"Skojevsko naselje (park), Rakovica",2022-03-31 15:00,3,0
L29847256,RS,RS-VO,,45.2821788,20.440127,Skretanje za Carsku baru (Etno selo Tiganjica),2026-07-25 05:02,48,10
L34365341,RS,RS-VO,,44.9177221,20.657124,Skrobara,2026-07-25 16:33,12,5
L4082505,RS,RS-00,,44.7977304,20.4713421,Skver Mome Kapora (urban pocket),2026-05-31 08:27,14,48
L3740425,RS,RS-00,,44.7994805,20.5812228,Slanci--Ul. Save Kovačevića (manastirski put),2024-12-22 15:07,60,42
L28583829,RS,RS-VO,,45.1696634,20.1891241,Slankamenački vinogradi,2026-08-28 17:30,78,22
L2721679,RS,RS-VO,,45.6255034,20.2092648,Slano Kopovo specijalni rezervat prirode (nature reserve),2026-05-12 16:44,167,171
L13777992,RS,RS-VO,,45.5192141,19.1717042,Slatina Karavukovo,2024-08-08 11:46,32,3
L10842484,RS,RS-VO,,45.847616,20.439533,Small wood on the left before Almex Kindja,2020-01-26 16:00,4,1
L12431307,RS,RS-10,,44.663846,20.9284816,Smederevo - Gimnasium and Karađorđev dud park,2023-09-21 17:11,17,5
L4048105,RS,RS-10,,44.670215,20.9275925,Smederevo Fortress,2026-09-27 15:40,79,92
L22900513,RS,RS-10,,44.6958045,20.9684676,"Smederevo, nova luka i nasip na Dunavu",2026-07-05 12:00,72,14
L2897272,RS,RS-10,,44.6655792,20.9175315,Smederevo--Dunavski Kej,2026-08-23 17:15,78,99
L3260886,RS,RS-10,,44.6719546,20.9305751,Smederevo--Jezava,2026-09-27 16:10,118,292
L4260937,RS,RS-10,,44.6584179,20.8708584,Smederevo--Jugovo,2026-08-01 20:30,64,31
L4147048,RS,RS-10,,44.6265607,20.9044719,Smederevo--Kolarski put,2025-06-08 02:40,36,17
L4465845,RS,RS-10,,44.6628183,20.9251624,Smederevo--Majdan,2026-09-12 14:30,40,16
L4261606,RS,RS-10,,44.6549378,20.8245313,Smederevo--Orešac,2026-09-27 07:22,74,96
L4082786,RS,RS-10,,44.6629404,20.9170192,Smederevo--Pionirski park i Staro groblje,2026-09-19 09:35,39,21
L4082791,RS,RS-10,,44.6592469,20.9025782,"Smederevo--Provalija (Stadion FKS, Stara Železara and surroundings)",2026-04-01 16:20,68,30
L4581305,RS,RS-10,,44.65941,20.935961,Smederevo--Senjak,2026-05-19 07:50,41,10
L4446783,RS,RS-10,,44.6267857,20.8818769,Smederevo--Vodanj - Petrijevo,2025-01-27 00:15,30,15
L4096276,RS,RS-10,,44.6522416,20.89679,Smederevo--Zlatno Brdo (Gorička),2023-07-30 14:20,44,11
L2897278,RS,RS-10,,44.6671969,20.9283462,Smederevo--bus station Lasta,2026-01-08 13:10,46,43
L4082119,RS,RS-10,,44.6813288,20.9488034,Smederevo--east industrial zone,2026-09-06 15:20,71,35
L13299557,RS,RS-10,,44.6748507,20.9735306,Smederevo--Železarin kanal,2026-01-25 14:48,38,7
L18505142,RS,RS-22,,43.071145,22.842207,Smilovska jezera,2026-08-16 13:00,84,5
L4055378,RS,RS-15,,43.6381054,21.8864179,"Sokobanja--Lepterija-Sokograd, Moravica river",2025-08-18 10:45,49,20
L46069603,RS,RS-15,,43.639604,21.873273,Sokobanja--Vrelo - park šuma Borići,2025-05-26 11:30,2,0
L46068254,RS,RS-15,,43.638348,21.865559,Sokobanja--park Čuka 2,2025-05-26 11:00,6,0
L4055330,RS,RS-15,,43.6440132,21.8726474,Sokobanja--town center,2024-04-28 06:49,55,27
L4466406,RS,RS-VO,,45.7540105,19.0944207,Sombor--Veliki bački kanal,2026-04-03 12:30,31,3
L9758500,RS,RS-16,,43.3069258,19.7306024,Sopotnica,2025-07-26 18:31,35,8
L18759562,RS,RS-VO,,45.158779,19.3346003,Sotsko Jezero,2026-05-16 11:30,44,7
L25601854,RS,RS-VO,,45.2864391,20.3528012,"Sovajka, bare i jezero",2025-06-13 09:26,33,2
L11797992,RS,RS-22,,42.9783146,22.6332876,"Specijalni rezervat prirode ""Kanjon reke Jerme""",2026-08-11 13:00,40,11
L3543633,RS,RS-00,,44.7295676,20.4892874,"Spomen Park Jajinci, Voždovac",2026-09-06 11:13,68,144
L4378685,RS,RS-VO,,44.9279939,20.6342118,"Spomen kompleks Stratište, Jabuka",2026-05-24 06:33,55,8
L7218757,RS,RS-20,,43.3065596,21.8742113,"Spomen park Bubanj, Niš",2026-05-28 09:34,40,10
L7531775,RS,RS-00,,44.7860335,20.466506,"Spomen park Topovske šupe, Voždovac",2025-12-17 12:15,7,28
L17667571,RS,RS-11,,44.6138729,21.2011422,Spomen park Čačalica,2024-07-28 17:20,41,6
L6714989,RS,RS-VO,,44.9765781,19.6025705,"Spomen park, Sremska Mitrovica",2023-09-20 20:33,30,7
L5918407,RS,RS-12,,44.016367,20.8861899,Spomen-park Kragujevački oktobar,2025-11-13 10:34,62,41
L8107048,RS,RS-20,,43.3147938,21.8948886,"Spomenik Palim Vazduhoplovcima, Niš",2026-08-19 06:23,17,2
L13707728,RS,RS-VO,,45.8327018,19.5011164,Spomenik prirode park Krivaja (nature monument),2024-07-02 14:30,29,2
L71964931,RS,RS-00,,44.7627871,20.4746107,Sportski centar Banjica
L28862682,RS,RS-VO,,45.482006,20.538094,Sportski ribnjak Grgec,2024-01-20 13:43,14,2
L3494258,RS,RS-11,,44.769954,21.4356995,Srebrno jezero i uporedna sekcija Dunava: Zatonje — Ostrovo — vikend naselje Beli Bagrem,2026-04-05 10:00,131,150
L15263546,RS,RS-11,,44.7436397,21.4332308,Srebrno jezero--nasip kod Kisiljeva,2021-06-05 10:02,27,2
L5467054,RS,RS-11,,44.7667853,21.4796448,Srebrno jezero--nasip preko Kisiljevačkog rukavca,2026-04-04 15:00,80,40
L6942544,RS,RS-10,,44.6587938,20.9251571,"Srednje Brdo, Smederevo",2023-10-29 15:30,12,2
L30616629,RS,RS-11,,44.6450396,21.4938373,Srednjevo,2025-07-01 11:10,5,1
L2323921,RS,RS-VO,,44.9694701,19.6094906,Sremska Mitrovica (city center),2026-09-27 17:07,64,42
L42556156,RS,RS-00,,44.7531791,20.1598012,Sremska gazela,2026-08-30 10:40,82,34
L3627002,RS,RS-VO,,45.202149,19.9339521,Sremski Karlovci,2026-05-10 13:44,66,29
L7606690,RS,RS-VO,,45.1963051,19.9327075,Sremski Karlovci -- Dvorska basta,2026-04-12 15:20,40,6
L28416025,RS,RS-VO,,45.2034197,19.9124073,Sremski Karlovci--Doka,2026-06-19 14:08,26,4
L64913546,RS,RS-VO,,45.190726,19.934459,Sremski Karlovci--Stražilovački potok,2026-04-12 15:51,15,1
L8061647,RS,RS-VO,,45.2067668,19.9401885,Sremski Karlovci--bank of Danube,2026-05-11 09:17,69,10
L64914263,RS,RS-VO,,45.1821122,19.9253771,Sremski Karlovci--Čerat,2026-04-12 17:00,7,1
L3575560,RS,RS-00,,44.69761,20.396118,Sremčica--Sremački rt,2025-02-09 12:59,33,13
L23551718,RS,RS-VO,,45.7186868,20.6831989,Srpska Crnja,2025-07-20 08:55,21,3
L23511919,RS,RS-VO,,45.5638303,20.7191073,Srpski i Novi Itebej,2023-07-08 07:35,39,2
L5493349,RS,RS-00,,44.7892366,20.4576319,Stadion FK Partizan (including nearby park),2026-04-19 06:34,29,65
L3552533,RS,RS-00,,44.7643447,20.4726148,"Stadion FK Rad, Voždovac",2026-08-09 06:58,37,175
L31262237,RS,RS-VO,,45.2922987,20.4571809,Stajićevo,2024-06-01 19:50,14,1
L28033828,RS,RS-VO,,45.9486065,19.1437714,Stanišić,2013-05-10 00:00,14,0
L13707936,RS,RS-VO,,45.8707071,19.4665567,Stara Moravica--centralni park,2024-07-02 15:00,24,3
L8936177,RS,RS-VO,,44.9846264,20.15885,Stara Pazova--town center,2026-09-08 18:24,24,4
L9361861,RS,RS-15,,43.4069179,22.5785462,"Stara Planina NP--Crni vrh, selo",2021-06-06 18:05,21,2
L26811638,RS,RS-22,,43.2259067,22.7846783,Stara Planina NP--Dojkinci,2023-08-29 08:28,23,0
L11797629,RS,RS-15,,43.3638753,22.5827174,"Stara Planina NP--Jabučko Ravnište (hotel ""Stara Planina"")",2026-07-26 07:07,53,15
L9361684,RS,RS-22,,43.394165,22.6788568,Stara Planina NP--Midžor,2026-09-13 11:45,44,10
L9307875,RS,RS-22,,43.287312,22.5891941,Stara Planina NP--Upper Temska Valley,2026-07-05 08:22,33,4
L18837463,RS,RS-15,,43.4164323,22.5428769,Stara Planina NP--Vodopad ka Babinom Zubu,2022-05-01 18:00,21,1
L64610710,RS,RS-22,,43.3204488,22.6861965,Stara Planina NP--general area (please use a more precise spot),2026-05-02 00:00,1,0
L11797599,RS,RS-15,,43.4025212,22.5085456,Stara Planina NP--road 222,2020-06-28 10:46,17,2
L18766922,RS,RS-15,,43.4123802,22.5161308,Stara Planina NP—Janja,2022-04-30 10:34,19,1
L18766899,RS,RS-15,,43.387583,22.591602,Stara Planina NP—Konjarnik,2022-04-30 11:42,18,1
L18747503,RS,RS-15,,43.40029,22.460946,Stara Planina NP—Vrtovac,2024-08-02 19:11,31,4
L9307868,RS,RS-22,,43.2433819,22.5363575,Stara Planina--Central Temska Valley,2020-08-08 15:00,3,0
L18837481,RS,RS-15,,43.4088316,22.4248572,Stara Planina--Kalna,2022-05-01 18:15,18,0
L3450820,RS,RS-22,,43.2603769,22.5436878,Stara Planina--Temska,2026-06-17 15:18,82,25
L11797945,RS,RS-15,,43.3789769,22.4285081,Stara Planina--road 221,2021-06-08 11:31,16,2
L12085296,RS,RS-22,,43.2906471,22.7904778,Stara planina NP--Arbinje,2020-08-14 10:25,6,0
L6128887,RS,RS-15,,43.3741146,22.6137909,Stara planina NP--Babin Zub,2026-09-12 13:33,66,22
L9361933,RS,RS-15,,43.3547383,22.443359,Stara planina--Vodopad Bigar,2026-07-04 16:51,18,5
L27753114,RS,RS-VO,,44.9819721,20.2810547,"Stari Banovci, naselje",2025-07-27 14:00,10,0
L9021938,RS,RS-VO,,44.9715031,20.233635,Stari Banovci--GAZPROM NEFT New Gas Station,2026-02-13 17:00,20,14
L34471102,RS,RS-VO,,45.1533432,20.2294091,Stari Slankamen--vikendice,2026-05-09 15:18,38,2
L6655341,RS,RS-VO,,45.836602,20.466018,"Staro jezero, Kikinda",2026-05-10 18:00,59,21
L3406890,RS,RS-00,,44.8139777,20.4446554,"Staro sajmište, Novi Beograd",2026-07-16 08:36,77,172
L14552966,RS,RS-VO,,44.8086377,20.7046688,"Starčevo, selo",2026-01-31 07:11,17,3
L13870203,RS,RS-VO,,44.7946733,20.6629033,Starčevo--Juhas-bara (njive pod dalekovodima),2021-02-28 08:50,30,2
L10663436,RS,RS-VO,,44.7922,20.7220436,"Starčevo--Nadel, kanal",2026-09-20 10:01,120,107
L14805208,RS,RS-VO,,44.808716,20.7240719,"Starčevo--Nadel, kanal (starčevačka deponija)",2025-01-25 10:37,34,5
L3296325,RS,RS-VO,,44.7937745,20.639019,Starčevo—nasip ka Ivanovu od Tri bare do dalekovoda (IBA Ušće Save u Dunav),2023-07-18 07:10,81,10
L30627058,RS,RS-00,,44.7373642,20.5249271,Stepin gaj--Golo brdo,2025-10-12 13:07,39,4
L2743459,RS,RS-00,,44.7458595,20.5363512,Stepin gaj--Izletišna šuma,2026-09-13 12:00,60,39
L2743442,RS,RS-00,,44.7464462,20.5253327,Stepin gaj--Stražarska kosa,2025-11-16 14:43,65,25
L4860243,RS,RS-00,,44.5050758,20.2822638,Stepojevac,2017-08-18 13:35,11,2
L20871373,RS,RS-16,,43.7026519,19.8541567,Stopića Pećina,2026-04-02 12:03,13,3
L10571850,RS,RS-VO,,44.9749222,21.2952115,Straža (town),2024-08-12 09:50,48,17
L6820496,RS,RS-00,,44.7320153,20.4408038,"Straževica, Rakovica",2020-01-02 12:01,16,2
L30021078,RS,RS-00,,44.7591757,20.447604,Streličarski klub Košutnjak,2026-09-27 08:59,50,4
L6655816,RS,RS-VO,,45.844771,20.493555,"Strelište lake, Kikinda",2020-01-24 10:45,23,4
L12606623,RS,RS-09,,44.2376718,19.7488586,Stubo-Rovni Dam,2026-04-12 13:00,56,6
L7012107,RS,RS-18,,43.4657758,20.6066179,"Studenica (river), Ušće",2024-06-18 09:33,68,35
L3227334,RS,RS-00,,44.8237647,20.3998303,"Studentski grad, Novi Beograd",2025-04-26 13:21,38,61
L3778600,RS,RS-VO,,46.1016476,19.6539831,Subotica (city area),2026-07-07 16:32,32,19
L2907667,RS,RS-VO,,46.1603105,19.6796036,Subotička peščara NR (Subotica Sandplain),2026-06-28 12:00,55,9
L42496819,RS,RS-VO,,44.8449831,19.9575106,Subotište,2026-02-19 08:14,41,4
L3663145,RS,RS-VO,,45.0736281,20.3156948,Surduk (town),2026-06-14 10:00,44,4
L31549560,RS,RS-24,,42.689937,22.17104,Surdulica,2025-06-02 05:35,9,5
L10670655,RS,RS-VO,,45.1028623,20.2939621,Surdučka ada,2024-04-28 14:27,34,3
L4041849,RS,RS-VO,,45.2406956,19.534075,Susek--Susečki ribnjak,2026-06-13 07:24,138,14
L23932837,RS,RS-VO,,45.2296252,19.5062137,Susek--vikend naselje kod Neštinske Ade,2023-04-30 15:04,9,0
L3279941,RS,RS-VO,,45.3313927,20.6624081,"Sutjeska fish farm, Banatski Despotovac,  and  Sveti Nikola fish farm, Neuzina",2019-09-27 10:17,64,1
L18505063,RS,RS-22,,43.1807945,22.175206,Suva planina,2026-05-01 08:43,47,8
L24143838,RS,RS-17,,44.0967484,20.1904064,Suvobor--Brajići,2026-09-12 15:14,66,7
L18922469,RS,RS-17,,44.0650955,20.1802205,Suvobor--Koštunići,2026-09-12 08:27,93,34
L19979584,RS,RS-09,,44.1096914,20.1570856,Suvobor--Ravna Gora,2026-09-12 13:06,68,8
L63629481,RS,RS-17,,44.11116,20.18095,Suvobor--general area (please use a more precise spot),2026-09-12 15:14,113,82
L18932298,RS,RS-09,,44.1235992,20.1784503,Suvobor--šira okolina vrha,2026-08-23 15:41,74,16
L2984285,RS,RS-VO,,45.3085472,20.6685448,"Sv. Nikola fish farm--Neuzina (private property, must have permission to enter)",2023-04-01 00:00,14,0
L15373283,RS,RS-13,,44.2313716,21.1921137,Svilajnac,2026-09-26 14:02,22,4
L3650672,RS,RS-VO,,45.6271461,19.1062975,"Svilojevo fish farm (private property, must have permission to enter)",2021-02-20 14:02,67,4
L13204047,RS,RS-VO,,45.172097,19.5877647,Sviloš--selo i okolina,2026-03-01 12:29,14,2
L33859758,RS,RS-16,,43.749931,20.033794,Svračkovo,2024-06-24 08:54,8,1
L2907688,RS,RS-20,,43.3246782,22.2706604,Svrljiške Planine Mt.,2017-05-03 14:20,4,0
L3866354,RS,RS-00,,44.8274276,20.4560763,Tadeuša Košćuška St.--from Belgrade Zoo to Dorćolski kej,2026-09-23 12:56,36,139
L14730421,RS,RS-17,,44.0426381,20.3872156,Takovo,2025-07-23 08:01,15,4
L5523745,RS,RS-VO,,45.9683933,20.2009392,"Taložne jame, Čoka",2017-02-27 17:30,4,2
L3291277,RS,RS-VO,,45.428346,19.9336839,"Taložnici, Temerin",2021-08-15 09:10,135,71
L9305411,RS,RS-13,,43.876925,21.3696076,"Taložno jezero pored ribnjaka, Paraćin",2025-05-19 15:11,76,13
L17596722,RS,RS-VO,,45.2100141,20.5742094,Tamiš 9 kamp,2024-08-17 11:09,23,3
L3398964,RS,RS-00,,45.0505435,20.4176617,"Tamiš, Opovo",2026-06-13 13:45,61,20
L12288576,RS,RS-VO,,44.866681,20.639791,"Tamiški kej, Pančevo",2026-09-27 10:44,115,315
L28884830,RS,RS-VO,,45.2909602,20.6419563,Tamiški nasip od Tomaševca do DTD,2026-01-18 14:11,37,7
L15485866,RS,RS-VO,,45.345282,20.6832609,"Tamiški nasip, Neuzina",2026-06-13 10:15,113,17
L15462648,RS,RS-VO,,45.3764684,20.8511361,Tamiški nasip--Boka,2026-07-28 13:53,40,2
L46566236,RS,RS-00,,44.9390062,20.55642,Tamiški nasip--Jabučki rit kod farme goveda,2026-05-24 14:02,24,2
L11889844,RS,RS-00,,45.0690426,20.4142477,Tamiški nasip--Opovo-Čenta,2020-07-13 17:00,13,1
L11635449,RS,RS-00,,45.0229413,20.4440298,Tamiški nasip--potez Opovo-Sefkerin,2026-06-13 16:00,70,8
L5434152,RS,RS-00,,44.9578041,20.5271709,Tamiški nasip--u visini Glogonjskog rita,2026-05-24 12:18,61,6
L5434124,RS,RS-00,,44.923326,20.6015003,Tamiški nasip--u visini Jabučkog rita,2026-07-13 13:20,90,19
L5434205,RS,RS-00,,44.9933556,20.4774427,Tamiški nasip--u visini Sefkerina,2026-06-06 15:00,127,130
L12288793,RS,RS-00,,44.8885245,20.6132627,Tamiški nasip--uzvodno i nizvodno od železničkog mosta kod Pančeva,2026-09-27 16:22,168,586
L15431591,RS,RS-VO,,45.4060061,20.8637574,Tamiški nasip--Šurjana,2021-06-18 07:55,43,1
L28998852,RS,RS-VO,,44.8477175,20.6360035,Tamiški svetionici--strana luke Dunav,2024-01-28 15:00,9,1
L21366282,RS,RS-00,,44.8487206,20.6350735,Tamiški svetionik - Beogradska strana,2023-04-16 07:25,17,2
L9744960,RS,RS-16,,43.9496368,19.3827655,"Tara NP--Aluga, put do Banjske stene",2024-08-14 11:32,31,5
L11642046,RS,RS-16,,43.9045384,19.4561004,"Tara NP--Barski do, Suve bukve, Talijanski put, Tisovo brdo",2023-07-08 11:00,19,1
L27951888,RS,RS-16,,43.8986583,19.5000982,Tara NP--Borjak,2025-05-13 16:45,20,2
L11641310,RS,RS-16,,43.8843129,19.3303821,Tara NP--Gornje Karaklije,2021-08-04 00:00,4,1
L9629800,RS,RS-16,,43.9572365,19.2599344,"Tara NP--Jagoštica gornja, vidikovac Čolpin bor",2016-04-30 08:23,16,1
L11639679,RS,RS-16,,43.8947685,19.556526,Tara NP--Kafana Kurta,2020-06-01 14:00,6,1
L40896174,RS,RS-16,,43.9260889,19.3609694,Tara NP--Kremnići (centralni deo),2025-04-01 15:00,22,6
L9747906,RS,RS-16,,43.9341431,19.3539733,Tara NP--Kremnići (severni deo),2019-07-24 06:35,22,2
L40771349,RS,RS-16,,43.9214284,19.3578653,"Tara NP--Kremnići, put ka Crvenim Stenama",2025-04-01 12:00,21,8
L9738674,RS,RS-16,,43.9460554,19.3417608,Tara NP--Križevac,2025-03-30 14:30,10,1
L3726611,RS,RS-16,,43.919496,19.424386,Tara NP--Mitrovac na Tari,2026-09-05 16:31,62,38
L11641514,RS,RS-16,,43.9394253,19.467854,Tara NP--Osluša,2024-05-18 10:34,31,4
L58565494,RS,RS-16,,43.90956,19.56794,Tara NP--Platno - Vranovina (uključujući i Solotušu),2026-09-06 17:15,45,19
L3726567,RS,RS-16,,43.9416082,19.3093407,Tara NP--Predov Krst,2025-03-31 15:18,30,6
L7174668,RS,RS-16,,43.8980173,19.5159613,Tara NP--Račanska Šljivovica,2026-05-11 15:35,38,17
L9170711,RS,RS-16,,43.9068961,19.4955859,Tara NP--Rezervat Račanska Šljivovica,2026-04-13 11:49,24,8
L3726478,RS,RS-16,,43.9217216,19.48421,Tara NP--Road from Mitrovac to Kaluđerske Bare,2020-06-01 18:00,24,4
L11640392,RS,RS-16,,43.9258676,19.497766,Tara NP--Sokolina,2021-03-29 13:10,25,4
L11642206,RS,RS-16,,43.9366769,19.4454299,"Tara NP--Sumbulića brdo, vik. naselje Borje",2020-06-05 10:30,7,1
L27951543,RS,RS-16,,43.9222201,19.3235374,Tara NP--Vidikovac Sjenič,2014-06-21 00:00,2,0
L3726537,RS,RS-16,,43.8754994,19.3999672,Tara NP--Zaovine Lake,2026-05-14 10:00,50,10
L9738940,RS,RS-16,,43.9611894,19.3970395,Tara NP--jezero Perućac,2026-02-01 15:11,19,12
L20871357,RS,RS-16,,43.9646131,19.3611893,Tara NP--kanjon Dervente,2025-09-18 16:12,16,5
L9175406,RS,RS-16,,43.9319303,19.5413063,Tara NP--manastir Rača,2026-08-09 08:04,39,12
L11641251,RS,RS-16,,43.9200243,19.3049734,Tara NP--od Predovog krsta do podno Kozjeg rida (staza 12a),2026-08-22 14:50,22,1
L9165178,RS,RS-16,,43.9839531,19.302577,Tara NP--put Bilješke stene - Drlije (2 km),2019-05-02 16:30,10,1
L9164926,RS,RS-16,,43.964981,19.3188294,Tara NP--put Predov Krst - Bilješke stene,2024-08-14 09:32,18,2
L2807822,RS,RS-16,,43.8984284,19.5485723,Tara NP--staza ka hotelu Beli Bor (ukljucujuci i auto kamp Radmilovac),2026-09-12 15:08,62,21
L7200151,RS,RS-16,,43.9223379,19.5077269,Tara NP--staza ka vidikovcu Sokolarica,2025-09-22 17:17,35,8
L7200108,RS,RS-16,,43.9477646,19.4035499,Tara NP--staza od parkinga do vidikovca Banjska stena,2026-08-03 16:10,45,14
L9164640,RS,RS-16,,43.9458216,19.3561388,Tara NP--ušće Aluge u Derventu,2026-08-22 19:00,25,11
L14195551,RS,RS-16,,43.8929295,19.4304396,Tara NP--zaselak Sekulić,2023-12-28 12:04,30,6
L2851050,RS,RS-16,,43.8627526,19.4363594,Tara National Park (general area - please use more precise spot),2026-09-12 15:08,123,248
L2807718,RS,RS-16,,43.8868413,19.556973,Tara--Hotel Omorika,2026-08-09 10:10,68,82
L58879261,RS,RS-16,,43.89187,19.56432,Tara--Kaluđerske Bare,2026-09-07 06:18,50,56
L4556612,RS,RS-16,,43.8858917,19.5464724,Tara--Krug oko brda Golubac,2026-05-21 18:45,48,18
L3329484,RS,RS-VO,,45.468787,20.195446,Taraš (town),2024-06-24 12:00,51,12
L3724535,RS,RS-VO,,45.4582643,20.1933432,Taraš--Tisa river,2022-07-02 13:42,43,8
L3076179,RS,RS-00,,44.8089619,20.4707909,Tašmajdan Park,2026-09-18 06:27,46,163
L11413740,RS,RS-19,,43.5873635,21.3819546,Tekije-Dedina visoravan (highland plateau),2020-05-11 04:55,33,1
L3557490,RS,RS-VO,,45.3964832,19.8845243,"Temerin, town",2018-04-25 20:29,21,4
L12280169,RS,RS-00,,44.8129924,20.4587718,Terazijska terasa,2026-09-16 18:55,25,22
L13692738,RS,RS-VO,,45.9026483,19.427595,Termalna banja Pačir,2024-07-02 16:00,25,2
L15448075,RS,RS-VO,,44.8734045,20.660844,"Tesla naselje, iza pijace--Pančevo",2026-02-07 14:17,16,3
L10191088,RS,RS-11,,44.6032679,21.0871516,"The bridge on Velika Morava, Braničevo",2024-01-08 08:10,5,2
L10576074,RS,RS-VO,,45.0330376,21.1702969,The road between Uljma and Izbiste (put izmedu Uljme i Izbišta),2020-01-25 10:26,4,1
L6656175,RS,RS-VO,,45.817674,20.472135,"Thicket near Melino groblje, Kikinda",2018-01-01 12:30,6,2
L5997799,RS,RS-VO,,45.3725017,20.2386374,"Tisa, Aradac",2026-04-16 09:30,43,6
L5400658,RS,RS-VO,,45.5748745,20.1185471,"Tisa, Novobečejska brana",2025-01-10 10:47,30,5
L65071997,RS,RS-VO,,45.20882,20.3116233,Titel--Mala čarda (Tisa naspram ušća Begeja),2026-05-05 15:41,13,1
L3455517,RS,RS-VO,,45.2235744,20.2138674,Titelski breg specijalni rezervat prirode--Lok,2026-08-23 07:09,59,19
L4718937,RS,RS-VO,,45.293607,20.1887707,Titelski breg specijalni rezervat prirode--SPC (kolonija),2016-06-19 10:55,5,1
L38196396,RS,RS-VO,,45.2895922,20.1393973,Titelski breg specijalni rezervat prirode--put Šajkaš - Mošorin,2025-11-29 07:50,9,2
L15141012,RS,RS-VO,,45.2077378,20.3098714,Titelski breg specijalni rezervat prirode--vidikovac Kalvarija,2026-07-12 17:19,47,4
L11683766,RS,RS-VO,,45.2148494,20.2842026,Titelski breg--Izlaz iz Titela (lesni odsek),2026-08-15 09:30,16,4
L11683769,RS,RS-VO,,45.2665406,20.1756992,Titelski breg--drum preko brda,2022-12-23 10:20,20,5
L12920798,RS,RS-VO,,45.392636,20.3820395,"Titov gaj, Zrenjanin",2026-05-01 19:02,43,42
L23578800,RS,RS-16,,43.2134785,19.8365893,"Tičje Polje--PIO ""Ozren - Jadovnik""",2023-04-01 00:00,1,0
L28999457,RS,RS-12,,43.9974223,20.8864947,Tok Lepenice kroz Kragujevac,2025-01-28 09:37,21,2
L39791744,RS,RS-12,,44.0408808,20.9111443,Tok Uglješnice kroz Kragujevac,2026-01-31 07:49,29,1
L23142548,RS,RS-18,,43.4287649,20.6720397,"Tokalići, Kraljevo",2025-04-18 11:51,32,8
L28884289,RS,RS-VO,,45.2727297,20.6218223,Tomaševac,2025-07-05 09:11,23,4
L3589499,RS,RS-16,,44.0785526,20.0260055,Tometino polje,2026-05-20 12:25,88,28
L11290856,RS,RS-17,,44.0450506,20.0642722,Tometino polje--Orlovo gnezdo,2026-06-07 09:59,86,32
L7800062,RS,RS-12,,44.2547509,20.6782577,Topola (town),2025-07-04 18:00,16,4
L13433955,RS,RS-11,,44.7199104,21.4447757,Topolovnik,2022-03-12 18:00,24,4
L54958274,RS,RS-19,,43.6290801,21.0186317,Topolsko jezero,2026-09-19 12:18,100,26
L3281348,RS,RS-00,,44.787648,20.4418498,Topčiderska Zvezda Park,2026-04-19 07:24,49,30
L2680365,RS,RS-00,,44.7791514,20.4396343,Topčiderski Park,2026-05-20 10:21,99,628
L38492880,RS,RS-00,,44.7802207,20.4310917,Topčidersko groblje (cemetery grounds),2025-11-28 11:30,17,2
L23511369,RS,RS-VO,,45.5120577,20.6058917,Torak,2025-07-20 09:25,39,3
L23551418,RS,RS-VO,,45.5732176,20.4639015,Torda,2023-04-12 11:18,15,1
L30412002,RS,RS-00,,44.7348771,20.5052096,"Torlak brdo (44,738, 20,504)",2024-10-15 13:03,24,2
L3855431,RS,RS-00,,44.334744,20.359876,Trbušnica--Etno selo Babina reka,2022-06-19 14:33,33,6
L3288230,RS,RS-00,,44.6063877,20.5705047,"Trešnja, Mala Ivanča",2025-12-16 11:35,43,8
L10197431,RS,RS-00,,44.6157985,20.5990161,Trešnja--put za Kremenac,2024-07-16 05:47,41,7
L2842914,RS,RS-08,,44.1413648,19.5332623,Trešnjica Griffon Vulture Sanctuary,2026-09-23 07:55,81,33
L2213948,RS,RS-00,,44.812607,20.4630339,"Trg Nikole Pašića, Stari grad",2026-08-18 14:34,19,145
L3954039,RS,RS-00,,44.8152837,20.4652213,Trg kod zgrade Politike i Opštine Stari grad,2026-06-29 16:42,16,110
L3946061,RS,RS-00,,44.8161635,20.460754,"Trg republike, Stari grad",2026-09-13 17:42,28,124
L6655242,RS,RS-VO,,45.830505,20.465814,"Trg srpskih dobrovoljaca (with Long-eared Owl roost), Kikinda",2026-01-13 07:47,45,73
L7251608,RS,RS-24,,42.3631955,22.0843317,Trgovište (town),2026-05-25 14:00,42,20
L12103033,RS,RS-18,,43.1088742,20.1597499,Trojan--Peštersko polje,2026-08-22 06:16,30,3
L3778666,RS,RS-00,,44.761472,20.4841429,"Trošarina, Voždovac",2026-08-28 05:52,45,157
L43165675,RS,RS-19,,43.6169817,20.9987275,Trstenik--town,2026-08-09 00:18,80,25
L33600081,RS,RS-15,,43.668591,21.759799,Trubarevac,2024-06-19 15:20,17,1
L21405091,RS,RS-08,,44.4941429,19.2691233,Tršić--Vukova kuća i turističko selo,2026-06-07 10:00,54,14
L3303218,RS,RS-VO,,45.5410253,19.9029565,Turija/Nadalj--DTD kanal,2015-01-17 12:00,16,2
L32142300,RS,RS-16,,43.142549,20.126401,Tuzinje--deponija,2025-08-21 08:36,19,2
L5599572,RS,RS-VO,,45.3851224,20.3916746,"Ulica Cara Dušana, Zrenjanin",2026-06-01 06:10,48,147
L4295067,RS,RS-00,,44.7804034,20.4492903,"Ulica Teodora Drajzera, Savski Venac",2026-01-06 17:51,30,83
L4047944,RS,RS-00,,44.7765346,20.4749107,"Ulica Vojvode Stepe (od Trošarine do Autokomande), Voždovac",2026-09-24 17:13,22,76
L7869166,RS,RS-VO,,45.0455131,21.1532724,Uljma (town),2018-08-24 09:30,10,1
L3204768,RS,RS-VO,,45.2469372,19.8543119,"Univerzitetski Park, Novi Sad",2026-07-08 02:01,61,23
L56947595,RS,RS-VO,,45.2557819,19.8295391,Uspensko groblje,2026-06-12 11:35,27,12
L3068706,RS,RS-16,,43.4129539,19.9361515,Uvac Special Nature Reserve,2026-09-19 08:49,123,85
L12101162,RS,RS-16,,43.3219716,19.9990191,Uvac Special Nature Reserve--Krstac,2025-06-26 09:28,27,1
L10055729,RS,RS-16,,43.360952,19.968904,"Uvac Special Nature Reserve--Ursule, Molitva",2026-09-19 08:49,71,21
L34146464,RS,RS-16,,43.3577778,19.9508333,Uvac Special Nature Reserve--od parkinga Ravni krš ka vidikovcu,2026-08-26 13:15,22,5
L8053688,RS,RS-16,,43.3511615,19.9738302,"Uvac Special Nature Reserve--staza od Donjih Lopiža preko visećeg mosta, pored Devojačke stene do vidikovca Molitva",2026-06-20 09:06,73,17
L49145510,RS,RS-VO,,45.2066849,20.6297903,Uzdin selo i glinara,2025-07-05 09:22,12,1
L15043136,RS,RS-00,,44.7884216,20.5085244,Učiteljsko naselje,2024-04-10 10:17,11,2
L30780085,RS,RS-VO,,44.941149,19.369446,Ušće Bosuta u Savu,2024-07-27 11:44,12,1
L31950413,RS,RS-08,,44.892096,19.357508,Ušće Drine u Savu,2024-05-18 12:22,25,1
L2207491,RS,RS-00,,44.8232898,20.4416299,"Ušće Park--Konjska ada/vrbak/Taverna/Stara koliba, IBA Ušće Save u Dunav",2026-09-13 16:30,128,605
L3382872,RS,RS-00,,44.8219282,20.4234982,"Ušće Park--Park kod Palate Srbije SIV, Novi Beograd",2026-08-31 08:25,69,209
L3406889,RS,RS-00,,44.8242394,20.4271647,"Ušće Park--bank of Danube, Novi Beograd",2026-09-24 14:00,108,302
L3406888,RS,RS-00,,44.8183615,20.4376388,"Ušće Park--central open parkland, Novi Beograd",2026-09-23 12:25,90,243
L3406887,RS,RS-00,,44.8183027,20.4458785,"Ušće Park--duž obale Save, IBA Ušće Save u Dunav",2026-05-22 18:56,93,243
L9876562,RS,RS-19,,43.38347,21.165529,Ušće Rasine u Ćelije,2026-09-26 08:16,88,14
L5694164,RS,RS-19,,43.7008551,21.4045966,Ušće Zapadne i Južne Morave,2025-01-28 15:17,57,6
L6001741,RS,RS-00,,44.7589954,20.6249793,Ušće reke Bolečice u Dunav,2024-10-26 11:18,17,1
L4072667,RS,RS-16,,43.8205989,19.8004895,Užice--Bela Zemlja,2023-07-09 19:33,16,5
L4062175,RS,RS-16,,43.8113275,19.7800684,Užice--Kačer,2022-09-10 11:50,7,1
L54276714,RS,RS-16,,43.8535656,19.8482045,Užice--Park Dovarje,2025-10-20 08:30,17,1
L12517264,RS,RS-16,,43.8482003,19.8460507,Užice--Veliki Park,2025-08-07 07:07,25,1
L4062179,RS,RS-16,,43.8551012,19.8369741,Užice--city center,2026-04-12 13:57,43,9
L21282455,RS,RS-00,,44.7661142,20.4673912,VMA,2025-01-26 11:57,30,13
L18093359,RS,RS-14,,44.555948,22.636181,Vajuga—selo,2026-01-30 10:32,37,3
L5725074,RS,RS-14,,44.3628889,21.9918889,Valja prerast,2026-05-03 10:33,23,2
L12708921,RS,RS-09,,44.2687176,19.8870558,Valjevo--town,2026-06-16 06:41,59,17
L47197248,RS,RS-10,,44.5272289,21.0013501,"Vampirača, Mihajlovac",2025-09-26 13:00,15,2
L3638076,RS,RS-16,,43.2988226,20.0267673,"Vapa, Sjenica",2024-05-17 11:36,40,6
L36344494,RS,RS-19,,43.7245896,21.3728363,Varvarin,2026-06-03 20:30,26,12
L7533865,RS,RS-VO,,45.22938,21.27827,Vatin border crossing (authorized personnel only!),2018-06-06 00:00,3,1
L14682660,RS,RS-17,,44.060264,20.4822747,"Velereč, selo",2021-05-03 09:00,25,6
L15821067,RS,RS-14,,44.515237,22.5529389,Velesnički zaliv,2022-03-12 11:28,46,4
L4753131,RS,RS-11,,44.1661173,21.8613982,"Velika Glavica, severni obronci Beljanice",2019-05-12 10:00,21,4
L10140446,RS,RS-23,,42.9321869,22.025889,Velika Grabovnica--šljunkara,2026-09-13 07:59,188,215
L8053597,RS,RS-16,,43.4100764,19.7866945,Velika Krševa,2025-04-20 11:32,39,4
L18915698,RS,RS-10,,44.4914352,21.1485693,Velika Morava - Lozovik,2025-08-01 09:45,43,5
L18915391,RS,RS-10,,44.4023371,21.1299498,Velika Morava - Trnovče,2024-08-22 02:54,25,3
L18914108,RS,RS-10,,44.3499845,21.122451,Velika Morava - Velika Plana,2026-08-07 10:00,43,4
L18914934,RS,RS-10,,44.3748108,21.1034338,Velika Morava - Veliko Orašje,2025-05-19 14:35,28,4
L7677558,RS,RS-10,,44.33898,21.0882683,Velika Plana (town),2026-08-05 08:50,39,13
L17918755,RS,RS-12,,44.0170063,20.9061382,Veliki park--Kragujevac,2023-02-06 08:55,8,1
L7159927,RS,RS-VO,,45.1853402,20.4866588,"Veliki pašnjak - plavne livade uz Tamiš, Idvor-Farkaždin (humid grasslands)",2026-01-31 08:35,76,34
L20625785,RS,RS-VO,,45.301425,19.843748,Veliki rit--Novi Sad,2026-05-16 16:47,36,3
L5832857,RS,RS-VO,,46.0416146,20.1667571,"Veliki salaš, Novi Kneževac",2018-05-12 17:30,40,6
L2216856,RS,RS-00,,44.8627898,20.4949351,"Veliko Blato jezero / ribnjak Mika Alas (fish farm), IBA Ušće Save u Dunav (private nature reserve - ask for permission)",2026-09-21 08:58,162,299
L4078861,RS,RS-11,,44.7655665,21.5366364,Veliko Gradište--Pek river mouth to Požeženo village,2025-12-21 14:28,81,23
L4611537,RS,RS-11,,44.7647671,21.5044927,Veliko Gradište--town and Danube promenade,2026-07-25 11:25,41,9
L2209173,RS,RS-00,,44.8307956,20.4349136,"Veliko Ratno ostrvo Nature Reserve (PIO), IBA Ušće Save u Dunav",2026-08-31 12:08,154,433
L15683800,RS,RS-VO,,45.183995,21.373773,Veliko Srediste--farma broj 1,2024-05-02 15:59,45,10
L2497489,RS,RS-00,,44.7984243,20.5864584,Veliko selo (Teslina),2018-12-27 12:10,26,6
L18546359,RS,RS-11,,44.597798,21.1008998,Velikomoravska šljunkara 1,2023-01-26 12:23,38,3
L18546574,RS,RS-11,,44.5431728,21.1360067,Velikomoravska šljunkara 2,2023-08-06 16:20,23,2
L4081634,RS,RS-09,,44.2222116,20.1838933,Veliševac,2020-12-06 13:00,22,5
L3398977,RS,RS-VO,,45.0675802,20.4210091,"Vencov vinograd, Opovo",2023-09-09 13:07,79,28
L16540732,RS,RS-12,,44.275081,20.5928916,"Venčac, kamenolom",2021-10-03 16:30,4,1
L10406668,RS,RS-19,,43.5792823,21.3280654,"Veselo popodne, Kruševac",2021-01-07 00:00,4,2
L4237243,RS,RS-00,,44.741963,20.4223448,"Vidikovački venac, Rakovica",2026-06-08 09:15,27,8
L55205188,RS,RS-00,,44.5374898,20.5436739,"Vikend naselje Babe, Sopot",2026-05-16 11:30,30,3
L5677453,RS,RS-VO,,45.1662446,20.1305366,Vikend naselje Krčedinski Breg,2017-04-09 12:00,23,1
L11585454,RS,RS-VO,,45.2589652,20.4134453,Vikend naselje duž Zrenjaninskog puta (naspram Carske bare),2026-05-03 11:00,96,20
L13021966,RS,RS-VO,,45.2397852,20.1525622,Vilovo (town and lake),2023-02-16 11:50,35,3
L9248868,RS,RS-11,,44.7334063,21.2305342,Viminacium,2026-02-02 11:01,37,5
L9872642,RS,RS-00,,44.8385655,20.3910864,"Vinarska St., Zemun",2019-09-02 10:00,5,0
L12239705,RS,RS-00,,44.8446629,20.4122065,"Vinova loza u Zemunu (Grapevine in Zemun), botanical monument",2026-06-26 14:05,20,4
L3050561,RS,RS-00,,44.7619939,20.6234246,Vinča--Belo brdo,2026-01-17 09:50,74,73
L4120211,RS,RS-00,,44.7855735,20.6131304,Vinčanska bara--IBA Ušće Save u Dunav,2026-05-09 07:13,117,55
L50441703,RS,RS-00,,44.8214,20.5346,Visnjicka Banja--Marina,2025-07-25 19:00,2,0
L17368175,RS,RS-19,,43.4583315,21.0955378,Vitkovo--selo (town),2025-11-30 13:47,44,2
L2579639,RS,RS-00,,44.8021033,20.4557276,"Višegradska/Miloša Pocerca bus stop, Kneza Miloša St.",2026-09-02 05:50,24,252
L15225655,RS,RS-VO,,45.033755,20.8669969,Vladimirovac,2026-07-17 14:06,46,10
L31601779,RS,RS-24,,42.7075371,22.0587409,Vladičin Han,2026-07-20 18:00,6,2
L22629952,RS,RS-VO,,45.0730466,21.1973004,"Vlajkovački park, Vlajkovac",2026-07-30 18:31,32,7
L4012142,RS,RS-22,,42.9955922,22.6353872,Vlasi,2026-08-15 13:30,64,19
L4935051,RS,RS-24,,42.6778134,22.3478329,Vlasina Nature Reserve--Vlasinsko blato/peat bog (southern part),2026-09-20 07:06,154,48
L4623979,RS,RS-24,,42.746858,22.326288,Vlasina Nature Reserve--Vlasinsko jezero/Vlasina Dam (northern part),2026-07-12 10:01,70,21
L3399755,RS,RS-VO,,45.0372622,20.4313946,"Vlastovac, Opovo",2026-08-03 12:20,50,6
L14181210,RS,RS-22,,43.1298199,22.5962645,Vlazne livade kod Pirota,2025-05-19 16:36,20,3
L23487174,RS,RS-10,,44.4772278,20.9400946,Vlaški Do Lake and surroundings,2026-08-23 14:40,49,8
L3397286,RS,RS-00,,45.0584258,20.4119539,"Vlaški rit, Opovo",2015-09-12 16:15,62,16
L47301153,RS,RS-VO,,45.3680902,20.3263822,Vlažne livade kod Aradca,2025-06-10 07:22,18,1
L25609650,RS,RS-VO,,45.3063383,20.4347011,"Vlažne livade, Lukino selo",2025-01-26 10:52,14,3
L5196781,RS,RS-VO,,44.9293705,20.1473687,Vojka,2024-02-17 16:56,11,5
L3565719,RS,RS-00,,44.8441247,20.3741241,"Vojni put, Zemun",2026-04-23 12:10,20,24
L7270315,RS,RS-24,,42.5518276,21.8988455,Vranje (town center),2026-06-14 13:23,25,11
L7256351,RS,RS-24,,42.3841922,22.0520694,"Vražji Kamen, Donja Trnica village",2026-07-20 14:20,68,40
L12026702,RS,RS-VO,,45.5850914,19.6232507,"Vrbas--Šlajz, Veliki Bački kanal",2026-01-21 15:50,28,3
L6891350,RS,RS-VO,,46.0196669,20.3172099,"Vrbica (46,02, 20,317)",2018-02-14 16:00,12,4
L33592863,RS,RS-15,,43.684401,21.750534,Vrbovac,2024-06-19 15:29,25,1
L6662196,RS,RS-15,,43.8249521,22.0642805,Vrbovac,2018-01-03 11:45,7,1
L7129392,RS,RS-00,,44.9858174,20.3046924,"Vrbovski, severni forland/bara Zatonja do Kišvare",2026-02-28 11:48,33,2
L4140541,RS,RS-00,,44.9336081,20.3240611,Vrbovski--zapadni forland od Široke do Lokvanićke bare (PIO Forland leve obale Dunava kod Beograda),2026-09-18 10:50,135,82
L12382297,RS,RS-VO,,45.1263875,19.7895392,Vrdnik (town),2026-07-28 19:59,41,12
L11640565,RS,RS-08,,44.1414424,19.4267591,Vrhpolje,2026-08-08 13:28,33,5
L6642433,RS,RS-15,,43.7151232,21.8183756,Vrmdža,2024-04-29 12:27,41,6
L27431626,RS,RS-15,,43.7086778,21.813204,Vrmdža - jugozapad uz Vrmdžansku reku,2023-10-07 07:15,24,1
L25433458,RS,RS-15,,43.7419906,21.8263302,Vrmdžansko jezero,2026-08-20 05:55,44,5
L3534092,RS,RS-18,,43.6194478,20.8951807,Vrnjačka Banja,2026-08-29 07:32,63,31
L7043857,RS,RS-VO,,45.1190232,21.3080692,Vršac--Gradski park,2026-09-18 10:31,47,21
L6546064,RS,RS-VO,,45.1168988,21.3026192,Vršac--Lesovik (wildlife rehab center),2026-08-02 20:01,27,24
L3456536,RS,RS-VO,,45.1324273,21.2982738,Vršac--Mali rit,2025-08-09 08:21,38,2
L6951178,RS,RS-VO,,45.1212702,21.2954392,Vršac--Trg Sv. Teodora,2024-02-23 12:59,16,2
L7056512,RS,RS-VO,,45.128233,21.318942,Vršac--Vazduhoplovna Akademija,2026-02-14 13:23,57,21
L6552244,RS,RS-VO,,45.109057,21.315959,Vršac--Vinogradi,2026-05-08 15:52,30,5
L21096895,RS,RS-VO,,45.1129642,21.2947647,Vršac--Vojnički trg,2026-05-10 11:30,13,1
L58195718,RS,RS-VO,,45.1291812,21.2836605,Vršac--Vršačko Jezero,2026-05-21 12:32,10,2
L3652138,RS,RS-VO,,45.1202307,21.2998107,Vršac--city center,2021-04-25 18:00,28,3
L8556421,RS,RS-VO,,45.1180492,21.3000895,Vršac--Školski centar Nikola Tesla (campus),2023-04-17 17:55,2,1
L48710415,RS,RS-VO,,45.1139549,21.3870667,Vršačke Planine--Mesićka Glavica,2025-06-29 12:00,27,2
L3456533,RS,RS-VO,,45.1256174,21.3322778,Vršačke planine--Kula i Crveni Krst,2026-09-18 07:49,69,35
L18674488,RS,RS-VO,,45.1443133,21.3779541,Vršačke planine--Orlovo brdo,2026-05-10 06:56,40,7
L26018220,RS,RS-VO,,45.0935246,21.4502725,Vršačke planine--Sočica,2025-08-02 08:42,54,11
L3348826,RS,RS-VO,,45.1239288,21.4281464,Vršačke planine--general area (please use a more precise spot),2026-09-18 07:49,89,64
L34043948,RS,RS-VO,,45.123595,21.344776,Vršačke planine--Đakov vrh,2024-08-03 15:01,35,4
L2682806,RS,RS-00,,44.8046877,20.4787731,"Vukov Spomenik Park, Zvezdara",2025-01-24 11:52,17,110
L22392502,RS,RS-08,,44.6446242,19.7092,Vukošačko jezero,2026-09-27 11:42,75,10
L15597566,RS,RS-10,,44.6222174,20.9211976,"Vučak, selo",2021-07-04 18:05,15,2
L2209141,RS,RS-00,,44.8117066,20.4011393,"West 65 and Airport City, Novi Beograd",2026-09-08 06:03,41,140
L15162545,RS,RS-00,,44.6797047,20.6623616,Zaklopača,2026-05-30 07:06,28,19
L11598851,RS,RS-17,,43.8644542,20.4704216,Zapadna Morava--Donja Gorevnica,2026-08-02 08:45,25,2
L3533996,RS,RS-17,,43.8674247,20.1104093,Zapadna Morava--Gugalj,2024-04-27 22:40,50,3
L18229650,RS,RS-19,,43.5967297,21.2423693,Zapadna Morava--Koševi,2022-03-19 00:00,25,1
L18442996,RS,RS-18,,43.6905176,20.8378962,Zapadna Morava--Podunavačke bare,2026-06-26 15:10,57,5
L21072906,RS,RS-17,,43.8996431,20.3383499,Zapadna Morava--Suva Morava,2026-04-27 09:13,66,6
L5247035,RS,RS-17,,43.8990544,20.3503702,Zapadna Morava--Čačak,2026-07-17 14:28,57,11
L18176987,RS,RS-16,,44.0966701,19.6875736,Zarožje,2026-06-05 15:22,42,6
L2215739,RS,RS-VO,,44.9470624,19.5197868,Zasavica specijalni rezervat prirode (Nature Reserve),2026-09-13 07:30,140,91
L6155432,RS,RS-08,,44.909417,19.4459403,Zasavica--Banovo Polje (village),2024-05-18 08:44,25,2
L6155409,RS,RS-08,,44.922424,19.4711423,Zasavica--Batar,2026-07-05 08:30,36,2
L6155574,RS,RS-08,,44.920388,19.4366598,Zasavica--Trebljevina,2023-12-01 00:00,39,1
L4776611,RS,RS-11,,44.7688567,21.3871115,"Zatonje, selo",2019-01-12 12:30,6,1
L37664053,RS,RS-11,,44.7674258,21.395996,Zatonje--Dunav,2026-04-05 10:00,40,4
L17732019,RS,RS-00,,44.7815059,20.3748094,Zaštićeno stanište Gljive na Adi Ciganliji,2026-07-18 19:15,58,27
L22964290,RS,RS-00,,44.8991543,20.444638,Zbeg cemetery,2026-09-19 08:30,16,5
L3783953,RS,RS-00,,44.8142358,20.4565752,"Zeleni venac bus terminus, Savski venac",2026-08-24 05:55,24,158
L43679886,RS,RS-00,,44.846542,20.4051782,Zemun--naselje Muhar,2025-08-05 10:05,18,5
L1146132,RS,RS-00,,44.8428039,20.4182724,"Zemunski kej, severni deo naspram Lida, IBA Ušće Save u Dunav",2026-09-24 11:21,129,528
L5749249,RS,RS-00,,44.8550979,20.397773,"Zemunski lesni profil NR, IBA područje Ušće Save u Dunav",2026-09-06 16:35,50,13
L3196287,RS,RS-00,,44.8406102,20.408864,Zemunski park,2026-06-30 09:07,46,106
L2863149,RS,RS-16,,43.4987207,19.8227262,Zlatar Dam,2026-07-04 11:36,87,31
L3517584,RS,RS-16,,43.38921,19.847167,Zlatar proplanak,2025-04-20 10:20,37,10
L69815110,RS,RS-16,,43.51578,19.82755,Zlatarsko jezero--severna strana,2026-09-06 08:00,10,1
L33859681,RS,RS-16,,43.700813,19.785738,Zlatibor--Alin Potok,2024-06-24 12:23,27,1
L31269023,RS,RS-16,,43.6244226,19.7189409,Zlatibor--Dobroselica,2024-05-05 05:32,48,3
L31173521,RS,RS-16,,43.6232967,19.6986078,Zlatibor--Dobroselička prerast,2024-05-02 11:59,25,3
L3599106,RS,RS-16,,43.7808238,19.7186995,Zlatibor--Jokino vrelo,2026-05-02 08:00,47,4
L65958334,RS,RS-16,,43.6245647,19.6547683,Zlatibor--Stublo,2026-05-10 15:00,7,1
L33859939,RS,RS-16,,43.703706,19.741758,Zlatibor--dolina reke Katušnice,2025-10-29 09:55,30,1
L21720258,RS,RS-16,,43.6611979,19.6874857,Zlatibor--izletište Vodice,2025-08-24 12:52,38,5
L72392159,RS,RS-16,,43.7114297,19.7121653,Zlatibor--staza do spomenika na Šumatnom brdu,2026-07-04 16:19,12,1
L1122747,RS,RS-16,,43.7208,19.7011,Zlatibor--turistički centar,2026-08-06 07:30,115,60
L37589219,RS,RS-14,,44.0089116,21.986861,Zlot,2024-10-28 09:30,35,7
L4111715,RS,RS-00,,44.8288478,20.3680086,"Zmajeva pumpa, Zemun",2026-01-08 16:08,29,8
L15180494,RS,RS-VO,,45.8510664,19.6262442,Zobnatičko jezero,2026-08-14 09:31,113,27
L20601965,RS,RS-VO,,45.3803473,20.3903881,Zrenjanin--Trg slobode,2025-01-08 07:35,21,4
L3715929,RS,RS-VO,,45.364128,20.3698969,Zrenjanin--deponija,2025-12-30 09:37,32,4
L13406862,RS,RS-00,,44.8712212,20.4720354,Zrenjaninski put--Borca,2026-03-07 17:42,11,0
L8696130,RS,RS-00,,45.0543328,20.3901647,Zrenjaninski put--kod Dunavca,2026-01-18 09:08,28,10
L9087644,RS,RS-00,,45.0943484,20.3754825,Zrenjaninski put--most na Karašu,2026-04-25 09:52,40,12
L3866770,RS,RS-00,,45.0211265,20.3990579,Zrenjaninski put--od Besnog Foka do Dunavca,2026-04-25 09:42,48,39
L9050592,RS,RS-00,,44.9786,20.4160854,Zrenjaninski put--od Padinske Skele do Besnog Foka,2026-02-19 11:20,58,26
L11402264,RS,RS-VO,,45.1605756,20.3914844,Zrenjaninski put--od Čente do Perleza,2026-01-31 08:14,35,18
L2915431,RS,RS-00,,44.7981903,20.5062604,Zvezdara trolleybus terminus,2026-07-12 19:39,28,91
L2480067,RS,RS-00,,44.8041663,20.5107129,Zvezdarska šuma (Zvezdara Forest)--forest,2026-09-24 17:43,90,500
L3451129,RS,RS-00,,44.7964748,20.5154586,Zvezdarska šuma (Zvezdara Forest)--kocka oko bivše kasarne u Volginoj,2025-02-24 12:15,53,149
L3183283,RS,RS-00,,44.7930997,20.4583722,"Zvečanska St., Savski Venac",2019-04-11 09:10,37,108
L60341262,RS,RS-08,,44.3688938,19.1093255,Zvorničko Jezero i HE Zvornik,2026-04-05 11:40,38,2
L17524634,RS,RS-11,,44.6654855,21.1920316,Ćirikovac--Braničevo,2022-01-23 14:26,10,2
L40398824,RS,RS-19,,43.7180828,21.4415617,Ćićevac,2025-02-11 12:30,1,0
L31549553,RS,RS-24,,42.692366,22.207225,Ćurkovica,2024-05-10 07:41,5,2
L2980841,RS,RS-20,,43.3139376,21.9052792,"Čair Park, Niš",2026-06-04 10:43,27,5
L33860306,RS,RS-16,,43.810808,19.792824,Čajetina,2024-06-24 16:00,5,1
L29015755,RS,RS-VO,,44.82859,20.624598,"Čakljanac (Čakljanac, Štefanac i Donja ada)--IBA Ušće Save u Dunav",2024-01-30 09:44,27,2
L4120126,RS,RS-00,,44.8589122,20.5725141,"Čapljin, forland (IBA područje Ušće Save u Dunav)",2026-09-27 11:58,124,144
L11291781,RS,RS-00,,44.8564443,20.5879265,"Čapljin--vikend naselje, IBA Ušće Save u Dunav",2026-05-06 13:30,51,12
L34275898,RS,RS-VO,,45.109205,20.3897504,"Čenta, selo",2026-07-25 04:36,18,3
L15126483,RS,RS-VO,,45.1104644,20.4160517,"Čenta--Mali alas, Okruglica i Budžak (mrtvaje i vlažne livade Tamiša)",2026-06-20 13:00,75,8
L2832004,RS,RS-VO,,45.1203839,20.3952599,Čenta--ribnjak Veliki Alas,2026-06-03 07:20,164,331
L46533114,RS,RS-00,,45.0882309,20.3640345,Čenta--zapadni nasip uz kanal Karaš (nikako ne ići kolima!),2025-05-31 16:00,16,1
L23928112,RS,RS-VO,,45.0984376,20.3668185,Čenćanska jezera,2026-01-18 09:56,25,2
L19480887,RS,RS-VO,,45.2191594,19.6624468,Čerević--naselje,2022-06-05 20:30,4,0
L25801679,RS,RS-VO,,45.567,20.5404729,Čestereg,2025-07-20 07:39,14,2
L10571958,RS,RS-VO,,44.944642,21.3697009,Češko selo,2025-01-19 13:25,35,8
L3399493,RS,RS-VO,,45.7099158,20.0354254,"Čik river, Bačko Petrovo Selo",2023-05-20 15:50,54,3
L5587010,RS,RS-VO,,45.1693902,20.0101454,Čortanovačka šuma (Čortanovci Forest),2026-01-02 11:05,71,14
L3121461,RS,RS-00,,44.797292,20.4758012,"Čuburski Park, Vračar",2026-08-03 08:15,19,82
L11537019,RS,RS-VO,,45.4732971,20.0718507,Čurug--selo i okolina (town),2024-11-03 10:53,36,6
L13021916,RS,RS-VO,,45.3227102,20.0667803,Đurđevo (town),2026-03-17 12:28,16,4
L15276679,RS,RS-08,,44.7568725,19.6942434,"Šabac, centar",2022-01-25 09:10,18,3
L13424335,RS,RS-08,,44.7624321,19.7059333,Šabac--Gradska plaža,2026-01-31 12:24,40,14
L13424159,RS,RS-VO,,44.7515961,19.733412,Šabac--Tursko groblje,2021-01-29 12:00,15,2
L7743006,RS,RS-08,,44.7478914,19.7028884,Šabac--bus station,2021-01-29 15:40,10,3
L13423410,RS,RS-08,,44.734071,19.6738627,Šabac--napušteni ribnjak,2021-01-29 10:15,6,2
L13423556,RS,RS-08,,44.7467143,19.7260633,Šabac--ušće Cerskog obodnog kanala,2026-06-05 16:46,46,13
L12955222,RS,RS-VO,,45.2646395,20.0851567,Šajkaš,2023-08-11 20:20,27,7
L4078848,RS,RS-10,,44.6900968,21.0181761,"Šalinac, Smederevo",2025-05-18 14:10,52,12
L7050171,RS,RS-10,,44.6823245,20.9871912,"Šalinački bageri (lakes), Smederevo",2026-01-25 14:13,56,18
L3355604,RS,RS-VO,,45.2657462,19.8764777,"Šangaj, Dunav, Novi Sad",2024-05-19 06:53,43,7
L32967054,RS,RS-24,,42.387217,21.998313,Šaprance--klisure duž puta,2024-06-07 11:54,4,1
L23562555,RS,RS-16,,43.799912,19.5123066,Šargan-Mokra Gora Nature Park,2026-04-06 18:18,29,4
L24942433,RS,RS-VO,,45.3468355,20.423658,Šećeranski taložnici (sugar plant ponds)--Zrenjanin,2026-06-03 07:50,32,2
L12594316,RS,RS-VO,,45.1264619,19.2293648,"Šid, town",2026-03-01 14:10,11,2
L11464610,RS,RS-00,,44.9807029,20.28449,Šljunkara Budovar--Dunav pred Starim Banovcima,2026-05-30 18:30,35,8
L13338216,RS,RS-10,,44.5957111,21.0502049,Šljunkara Jatagan (Jatagan gravel pit),2026-04-13 13:45,61,28
L50194858,RS,RS-19,,43.5999749,21.2151034,Šljunkara Kukljin,2025-07-21 09:41,12,1
L22375998,RS,RS-00,,44.730866,20.278303,Šljunkara Kumša--Jakovo,2026-01-16 07:15,27,8
L48723685,RS,RS-19,,43.6146272,21.0969702,Šljunkara Medveđa--Moravište,2025-06-29 16:24,7,1
L48725439,RS,RS-19,,43.6209006,21.0859351,Šljunkara Medveđa--selo,2026-05-28 13:06,15,2
L13422944,RS,RS-08,,44.7961293,19.6490834,Šljunkara Tabanović (Tabanović gravel pit),2026-07-29 10:14,39,8
L48719794,RS,RS-19,,43.6072069,21.1197683,Šljunkara Velika Drenova--Gašinac,2026-05-28 11:34,28,2
L48715848,RS,RS-19,,43.6063861,21.1333593,Šljunkara Velika Drenova--Česmena bara,2025-06-29 15:14,3,1
L49144137,RS,RS-19,,43.6421355,20.9406581,Šljunkara Štulac,2025-08-15 19:09,9,1
L4056703,RS,RS-16,,43.3791518,19.6341908,"Šljunkara, Lim river",2026-05-15 14:49,36,23
L47096315,RS,RS-19,,43.6117266,21.0738602,Šljunkare Gornji Ribnik--Adice,2026-05-29 14:29,37,2
L20308259,RS,RS-10,,44.6096777,21.0744659,Šljunkare kod Dragovca (Dragovac Gravel Pits),2026-08-14 14:56,40,4
L7227370,RS,RS-19,,43.7132497,21.4164305,"Šljunkare, Ćićevac-Varvarin",2025-04-23 11:07,58,8
L3672113,RS,RS-VO,,45.2299314,19.8204947,"Šodroš, Novi Sad",2026-06-25 19:45,105,68
L5062014,RS,RS-00,,44.3972005,20.2484885,"Šopić, Lazarevac",2025-06-10 11:40,31,10
L11009046,RS,RS-17,,43.479083,20.006304,Štitkovo,2026-05-30 13:08,22,1
L13521551,RS,RS-VO,,45.0975815,19.6695479,"Šuljam, village",2025-06-24 16:45,20,4
L20925811,RS,RS-00,,44.681105,20.5516963,Šuma Karagača i Jezero Zuce ('Oaza'),2025-08-30 11:30,49,7
L6318901,RS,RS-00,,44.8300272,20.3943425,"Šuma Zelengorska, Zemun",2026-03-08 09:50,63,50
L9504147,RS,RS-VO,,44.8079555,21.1740923,Šumarak to Dubovac Rd.  (closed to the public),2025-12-20 13:23,49,17
L52584861,RS,RS-00,,44.7192258,20.566563,Šumarci i njive između Leštana i Bubanj potoka,2025-05-11 07:37,27,1
L8217387,RS,RS-00,,44.782762,20.4234759,Šumarski fakultet (Faculty of Forestry)--Arboretum (nature monument),2026-05-29 11:07,25,9
L3186769,RS,RS-00,,44.7855816,20.488987,"Šumice--Šumice Park, Voždovac",2026-09-16 11:34,86,385
L71098539,RS,RS-VO,,44.936434,19.504209,Šumska Vila Zasavica,2026-06-24 14:07,22,7
L10449909,RS,RS-VO,,44.9312868,21.1388512,"Šušara, selo--Deliblatska peščara",2026-05-18 16:35,46,18
L10802909,RS,RS-00,,44.7020101,20.4329324,Švabinac/Starčevica (Resnik-Rušanj),2009-06-06 11:10,28,1
L3447502,RS,RS-VO,,45.3968067,20.2123547,"Žabalj bridge area, Tisa River",2026-05-08 09:35,83,20
L4570157,RS,RS-VO,,45.3775236,20.0354683,Žabalj deponija,2016-04-28 18:20,4,1
L42192165,RS,RS-VO,,45.9048686,19.7728255,Žablje ostrvo,2025-04-05 06:30,5,0
L17948903,RS,RS-11,,44.1931396,21.7837199,Žagubica i Vrelo Mlave,2022-02-27 14:35,24,1
L29073725,RS,RS-VO,,45.0058521,19.9390714,Žarkovac,2024-03-09 08:43,15,7
L4341736,RS,RS-10,,44.6057267,20.9627509,Železara Smederevo,2019-07-19 07:35,10,1
L6166106,RS,RS-00,,44.80727,20.4176939,Železnička stanica Novi Beograd (Train Station),2024-09-03 05:54,23,82
L14032012,RS,RS-00,,44.8641997,20.5213636,Železnička stanica Sebeš (train station),2026-07-17 15:02,29,4
L3456572,RS,RS-VO,,45.2643636,19.8248345,"Železnički park, Novi Sad",2026-08-24 14:25,40,15
L23511087,RS,RS-VO,,45.4878639,20.5479688,Žitište,2026-01-24 13:40,42,7
L21297383,RS,RS-21,,43.1902866,21.7081984,Žitorađa--naselje,2022-10-20 14:38,12,1
L21617862,RS,RS-00,,44.7498881,20.5602692,"Živorada Jakovljevića St, Kaluđerica"
L3096657,RS,RS-19,,43.5788106,21.3465402,"Živote Stojadinovića St., Kruševac",2021-04-30 09:09,53,107
L3555924,RS,RS-VO,,45.6229973,19.2827547,"Žožina jamura (bara), Bački Brestovac",2024-10-07 16:20,40,12
