L13794756,SE,SE-BD,,65.447796,19.390569,Abborrträsk,2025-07-12 19:12,21,0
L9308014,SE,SE-BD,,68.3543621,18.8157606,Abisko Forskningsstation,2026-08-17 10:15,81,35
L3316238,SE,SE-BD,,68.3588099,18.78425,Abisko NP--Abisko Turiststation,2026-09-25 15:19,110,162
L1668717,SE,SE-BD,,68.2876947,18.6014124,Abisko NP--Abiskojaure,2026-06-16 09:48,72,18
L4482749,SE,SE-BD,,68.3365411,18.6674881,Abisko NP--Kårsavagge,2024-07-14 15:00,46,15
L4482700,SE,SE-BD,,68.3578549,18.7002754,Abisko NP--Njulla,2026-07-24 10:30,73,77
L4582640,SE,SE-BD,,68.3845561,18.7212181,Abisko NP--Östra tunnelmynningen,2026-06-13 16:49,40,3
L4584574,SE,SE-BD,,68.3198054,18.7182999,Abisko nationalpark,2026-09-25 15:19,148,383
L11786395,SE,SE-BD,,68.34907,18.82987,Abisko östra,2026-09-20 12:26,54,24
L3538374,SE,SE-M,,55.8263107,13.3153653,Abulahagen,2026-09-27 10:20,116,99
L4307095,SE,SE-AB,,59.3796784,17.4868441,Adelsö--Hagalund,2026-04-04 18:43,51,6
L77043677,SE,SE-M,,55.9346702,13.4287402,Ageröds mosse
L4669640,SE,SE-N,,56.9048937,12.4033928,Agerör,2025-06-16 12:28,88,13
L966054,SE,SE-U,,59.4810534,16.2914371,Aholmens reservat,2025-05-28 08:54,43,4
L5405996,SE,SE-I,,57.9611889,19.221242,Ajkesträsk,2026-09-22 18:24,159,110
L10476889,SE,SE-AB,,59.4192989,17.9222304,Akalla,2025-05-28 00:00,73,13
L10458553,SE,SE-AB,,59.418062,17.9242767,Akalla industriområde,2026-09-16 07:18,34,3
L27068668,SE,SE-BD,,67.1485511,18.3055064,Aktse,2023-09-12 07:49,9,1
L1669577,SE,SE-BD,,67.8364489,20.252425,Ala Lompolo,2026-09-20 14:27,64,20
L4482663,SE,SE-C,,59.6872114,17.7231789,Alasjön,2025-07-17 10:50,107,30
L20288634,SE,SE-F,,57.2482571,13.7779494,Albosjön,2022-07-23 19:00,1,0
L4285081,SE,SE-H,,56.3344229,16.4208913,Albrunna kalkbrott,2026-08-28 09:17,174,77
L5861552,SE,SE-H,,56.3181167,16.4109496,Albrunna lund,2026-05-16 14:46,99,28
L8260335,SE,SE-H,,56.4862904,16.5699911,Alby,2026-09-03 17:45,114,18
L30564786,SE,SE-AB,,59.2297177,18.2685417,Alby NR,2026-08-31 11:02,60,8
L44797505,SE,SE-M,,55.37883,13.09758,Albäcksskogen,2026-07-14 07:37,66,12
L6251198,SE,SE-M,,55.3761434,13.0987809,Albäcksåns mynning,2026-07-14 08:51,87,15
L74120648,SE,SE-N,,56.8434709,13.2626622,Alenäs naturreservat
L4970542,SE,SE-BD,,68.1601376,18.4487915,Alesjaure,2026-09-03 10:00,55,12
L22962237,SE,SE-N,,56.6633924,12.8390721,Alets NR--Västra stranden,2023-05-14 16:09,55,3
L64340768,SE,SE-N,,56.6657973,12.8372171,Alets naturreservat,2024-10-29 10:13,65,30
L6539355,SE,SE-H,,57.0574431,15.9963942,Algunnen,2023-06-05 10:36,10,1
L1004396,SE,SE-AB,,58.93106,17.9536,Alhagen,2026-09-20 10:11,148,179
L42906373,SE,SE-AB,,58.9393172,17.9475053,Alhagen -- Kalvö ängar,2026-05-22 09:34,100,19
L9673210,SE,SE-M,,56.1102813,12.6939597,Allerum,2026-09-20 12:44,28,2
L26448982,SE,SE-I,,57.6102909,18.4271622,Allkvie Änge,2025-05-30 16:31,21,1
L75861148,SE,SE-O,,58.2142132,11.824251,Allmags kile
L15583351,SE,SE-I,,57.6406904,18.2906621,Almedalen,2026-09-23 09:06,82,27
L43746586,SE,SE-Z,,63.5040069,14.0364179,Almåsatjärnen,2025-04-30 10:09,21,2
L75940992,SE,SE-K,,56.1527026,15.4411454,Almö
L75941166,SE,SE-K,,56.1355243,15.4584249,Almö--Almö udde
L75941347,SE,SE-K,,56.144111,15.4480231,Almö--Sysslingsholmen
L75941116,SE,SE-K,,56.1510728,15.4540915,Almö--Tjuraviken
L4351457,SE,SE-M,,55.6551788,13.0791378,Alnarpsparken,2026-09-24 11:16,106,156
L5406025,SE,SE-I,,57.9405795,19.1684561,Alnäsaträsk,2025-09-24 11:51,21,3
L8264220,SE,SE-D,,59.200263,16.2634596,"Alphyddan, Näshulta",2020-09-25 15:55,12,2
L75091016,SE,SE-H,,56.627782,15.8364781,Alsjösjön
L21190854,SE,SE-C,,59.7431327,17.2479534,Alstasjön,2026-09-12 09:40,92,10
L4332690,SE,SE-S,,59.39592,13.60373,Alsterälvsområdet,2026-08-02 08:13,96,29
L77143159,SE,SE-S,,59.3987345,13.602818,Alsterälvsområdet--Alsters herrgård
L77143364,SE,SE-S,,59.3932135,13.6035364,Alsterälvsområdet--Alstertornet
L74977381,SE,SE-G,,56.5319132,13.640661,Altaböke sjö
L75919608,SE,SE-O,,57.7654918,12.2559471,Aludden
L74311123,SE,SE-E,,58.2965785,14.6585104,Alvastra kloster
L4665897,SE,SE-D,,59.433938,16.658092,Alvesta gård,2020-12-07 10:18,16,2
L76697914,SE,SE-G,,56.8985619,14.5572579,Alvesta station
L4029965,SE,SE-BD,,65.565242,21.7637873,Alviksgården,2026-09-27 15:41,44,12
L4345456,SE,SE-I,,56.9313637,18.1987667,Alvret,2026-07-23 15:04,54,2
L9942136,SE,SE-S,,60.497545,13.168615,Ambjörby,2019-09-21 13:25,8,1
L4921566,SE,SE-AC,,65.9585848,16.2106705,Ammarnäs,2026-08-08 17:43,150,122
L15514526,SE,SE-AC,,65.9777039,16.0311268,Ammarnäs--Gaisats,2026-07-23 14:00,59,13
L15542501,SE,SE-AC,,65.9533792,16.22876,Ammarnäs--fågeltorn,2026-08-10 07:30,79,14
L7569806,SE,SE-H,,56.4996259,16.5029025,Amossen,2025-05-24 12:45,43,7
L8001745,SE,SE-F,,57.313636,13.626177,Anderstorps Stormosse,2023-06-18 19:37,17,2
L62854868,SE,SE-Z,,63.1353151,14.4207177,Andersön--Isösundet,2026-04-15 13:34,13,1
L63281355,SE,SE-Z,,63.1315266,14.436868,Andersön--Lillsundet,2026-04-19 15:34,11,1
L44672820,SE,SE-Z,,63.1557044,14.4273956,Andersöns naturreservat,2026-04-19 15:34,32,3
L74919610,SE,SE-F,,57.8499015,14.8237999,Aneby--Stalpet
L74916604,SE,SE-F,,57.820083,14.8157472,Anebysjön
L41227836,SE,SE-AB,,59.5569424,18.1877104,Angarnssjöängen--Ådalen,2026-06-10 22:22,19,2
L2935019,SE,SE-AB,,59.5488659,18.1603146,Angarnssjöängens NR,2026-09-26 06:28,222,646
L12066470,SE,SE-Z,,64.815852,14.244857,Ankarede,2026-07-08 10:35,46,13
L7365680,SE,SE-AB,,58.8015548,17.8351762,Ankarudden,2026-06-06 10:18,100,59
L75858131,SE,SE-O,,58.0013797,11.8090184,Anråseåns mynning
L4651707,SE,SE-D,,59.335696,16.259833,Apalsjön,2026-03-04 16:58,74,28
L12059458,SE,SE-BD,,67.831584,20.416348,Aptasvare NR,2026-09-14 13:56,56,28
L5407379,SE,SE-I,,57.9168902,18.9477339,Ar,2026-07-08 12:43,27,4
L70201560,SE,SE-M,,56.0600586,14.1197434,Araslövssjön,2026-09-01 14:12,150,73
L5706213,SE,SE-M,,56.0519575,14.1297054,Araslövssjön--Araslövstornet,2025-08-21 18:35,116,26
L4607607,SE,SE-M,,56.0488976,14.1054583,Araslövssjön--Karpalundsdammarna,2026-08-23 13:16,111,33
L5780681,SE,SE-M,,56.0742152,14.1345549,Araslövssjön--Norra Lingenäset,2026-05-31 09:53,110,14
L70202211,SE,SE-M,,56.06583,14.13959,Araslövssjön--Näsby fält,2026-09-01 14:12,12,0
L70201788,SE,SE-M,,56.0771846,14.1163181,Araslövssjön--Åby ängar
L6704936,SE,SE-U,,59.399452,15.923502,Arboga flygfält,2026-09-18 11:05,75,16
L5573149,SE,SE-U,,59.398399,15.8150339,Arbogaån--Höjen,2025-08-09 12:00,54,24
L19321030,SE,SE-AC,,63.8401765,20.1141644,Arboretum Norr,2026-07-07 14:15,59,9
L39357865,SE,SE-O,,57.6930936,11.8145514,Arendalsudden,2026-07-26 14:59,35,4
L4493803,SE,SE-AB,,59.844786,19.1144085,Arholma,2026-06-25 08:17,105,11
L66837530,SE,SE-M,,55.64398,13.05509,Arlövs ängar,2026-08-30 13:18,71,8
L66790118,SE,SE-M,,55.64014,13.04982,Arlövs ängar--Kalinaåns mynning,2026-07-06 16:11,57,7
L41750608,SE,SE-D,,58.7402192,17.016871,Arnö Strandpark,2026-06-13 19:24,16,1
L47638374,SE,SE-X,,61.6994575,17.388285,"Arnön, Hornslandet",2025-06-15 03:51,7,0
L77144587,SE,SE-S,,59.0593893,14.0263381,Arskagen
L44696157,SE,SE-S,,59.6547122,12.5922182,Arvika,2026-08-25 16:57,31,1
L20358194,SE,SE-AB,,59.6521108,17.7282643,Askarehage NR,2025-06-29 05:52,100,16
L4644872,SE,SE-D,,59.4464386,16.393168,Askholmen,2026-05-30 00:00,126,46
L18006118,SE,SE-O,,57.6255396,11.9263321,Askim strand,2026-09-26 14:40,110,505
L8148539,SE,SE-M,,55.9682374,13.2608346,Asks våtmark,2020-04-09 16:29,19,0
L77138874,SE,SE-U,,59.5365419,16.4746152,Askö gård
L77138714,SE,SE-U,,59.5068418,16.4648351,Asköviken-Tidö NR--Hjortklippan
L77138488,SE,SE-U,,59.5220161,16.4814159,Asköviken-Tidö NR--Kvarnberget
L7192766,SE,SE-U,,59.52124,16.45391,Asköviken-Tidö NR--Lövsta-pumpen,2026-07-24 15:48,164,98
L77138552,SE,SE-U,,59.5267794,16.4628736,Asköviken-Tidö NR--Rastholmen
L77138770,SE,SE-U,,59.5087274,16.4537813,Asköviken-Tidö NR--Rudöklippan
L966058,SE,SE-U,,59.51157,16.4797,Asköviken-Tidö NR--Tidöspången,2026-01-17 07:00,98,19
L53691428,SE,SE-U,,59.5245685,16.4713812,Asköviken-Tidö NR--Tornudden,2026-08-15 15:14,107,9
L966247,SE,SE-U,,59.51911,16.46431,Asköviken-Tidö naturreservat,2026-08-30 12:24,218,192
L70165510,SE,SE-O,,57.647883,11.7991588,Asperö,2026-09-24 09:47,9,0
L75995687,SE,SE-K,,56.1131817,15.5397444,Aspö,2026-09-27 09:11,100,28
L5980646,SE,SE-K,,56.1106851,15.5633998,Aspö--Drottningskärs kastell,2026-09-27 09:11,100,28
L74916838,SE,SE-F,,57.8019781,14.9505782,Assjön
L5407412,SE,SE-I,,57.7088795,18.8493977,Asunden,2026-08-04 14:07,117,35
L77138602,SE,SE-U,,59.5287431,16.4564083,Asöviken-Tidö NR--Stenarna
L4345478,SE,SE-I,,56.9845671,18.3650637,Aurriv,2026-07-29 18:05,106,7
L71433065,SE,SE-I,,57.241068,18.6796142,Austerviken,2021-05-11 00:00,1,0
L5407089,SE,SE-I,,57.9464868,19.2908378,Ava,2026-07-04 22:32,75,9
L42538902,SE,SE-Z,,63.3018383,14.467749,Avaviken,2026-05-20 09:59,69,24
L8256702,SE,SE-W,,60.143019,16.1682785,Avesta,2025-07-16 07:10,52,6
L77042803,SE,SE-M,,56.1519534,14.5102543,Axeltorpsviken
L77145333,SE,SE-S,,59.8543487,13.1818967,Backatjärn
L64349494,SE,SE-Z,,63.1794415,14.6294975,Badhusparken,2026-09-13 09:58,38,8
L6425696,SE,SE-D,,59.2692141,16.1213207,Badplatsen Stora sundby,2026-06-20 00:00,32,2
L13619998,SE,SE-AB,,59.3052954,18.291275,Baggensstäket,2024-09-28 12:04,58,14
L11777831,SE,SE-S,,59.1337611,13.972934,Baggerud,2020-11-26 07:20,78,1
L11823513,SE,SE-AC,,64.618817,16.6831357,Baksjötjärn,2026-07-10 09:11,7,3
L76979651,SE,SE-M,,55.5289844,13.8283744,Baldringe våtmark,2026-09-10 15:00,17,1
L8189053,SE,SE-N,,57.1639124,12.1702587,Balgö,2015-04-06 00:00,2,0
L58392817,SE,SE-O,,59.0759148,12.4732161,Baljåsens naturreservat,2025-08-31 13:25,7,1
L64840068,SE,SE-O,,57.6255045,11.9850469,Balltorp--Balltorps våtmark,2022-08-01 13:45,10,1
L5705971,SE,SE-M,,56.1034493,14.2094421,Balsberget,2026-05-12 12:48,57,6
L4529056,SE,SE-M,,55.6222167,13.2449429,"Banvallen, Torreberga",2025-06-07 13:02,91,8
L66558847,SE,SE-O,,58.657428,13.1288284,Barensjöns våtmark,2026-05-18 15:53,16,0
L4351010,SE,SE-AB,,59.4157044,17.8694773,Barkarby f.d. flygfält,2026-04-09 16:45,113,77
L74755227,SE,SE-F,,57.71715,14.57959,Barkerydssjöns naturreservat,2026-07-31 19:13,8,1
L4250752,SE,SE-M,,55.7557376,12.9045367,Barsebäckshamn,2026-09-19 17:04,122,26
L4250567,SE,SE-M,,55.7608328,12.9651761,Barsebäcksmosse,2025-04-19 08:36,69,12
L11775439,SE,SE-I,,56.9090706,18.1877979,Barshageudd,2025-08-02 15:54,76,6
L8263896,SE,SE-D,,59.3824891,16.7770245,Barvalappen,2026-03-31 17:37,22,0
L4452202,SE,SE-M,,55.5941584,14.3163228,Baskemölla,2026-05-05 16:37,61,8
L18342511,SE,SE-AC,,63.6802,20.421742,Bastuskär,2025-03-02 07:48,62,8
L72348246,SE,SE-H,,56.5951098,16.4193605,Beijershamns NR--Norra tornet,2026-08-27 16:50,2,0
L72348301,SE,SE-H,,56.6032968,16.3965429,Beijershamns NR--Pirspetsen
L72348187,SE,SE-H,,56.5941257,16.4157785,Beijershamns NR--Spången,2026-08-25 16:24,38,5
L11952840,SE,SE-H,,56.58773,16.41285,Beijershamns NR--Södra tornet,2026-09-25 09:13,196,268
L72348063,SE,SE-H,,56.6008137,16.4154562,Beijershamns NR--Vassgömslet
L1120176,SE,SE-H,,56.59617,16.41386,Beijershamns naturreservat,2026-09-25 09:13,222,521
L9675051,SE,SE-O,,59.0274418,12.2228807,Bengtsfors,2026-08-21 14:30,45,6
L77144276,SE,SE-S,,59.0942705,14.1029565,Bengtsgårds badplats
L3755649,SE,SE-AB,,58.9967335,17.8247595,Berga ängar,2026-09-27 13:05,106,47
L23704761,SE,SE-Y,,62.2699108,17.4656445,Bergafjärden,2026-08-13 20:00,82,1
L56298175,SE,SE-G,,56.916448,13.995725,"Bergastigen, Lagan",2026-06-12 16:13,12,1
L4353636,SE,SE-X,,61.9824578,17.0560169,Bergsjö,2023-09-21 14:16,32,1
L73873873,SE,SE-O,,58.0104904,12.2910195,Bergsjön & Skår naturreservat,2026-06-15 09:37,6,1
L7460326,SE,SE-D,,59.382326,16.386958,Bergssjön,2026-08-09 09:17,111,31
L43156986,SE,SE-S,,59.3752224,13.4146037,Bergviks udde,2024-08-31 00:00,14,0
L4307134,SE,SE-C,,60.3586443,18.0293369,Berkinge,2012-03-17 05:00,38,2
L2100208,SE,SE-C,,59.8578335,17.5782966,Berthåga Kyrkogård,2026-07-29 16:11,43,11
L1009617,SE,SE-E,,58.5982506,16.3681698,Beteby gård,2022-04-20 13:25,117,73
L4288498,SE,SE-D,,59.2853745,16.3620114,"Bibybron, Hedfjärden",2025-02-07 13:30,72,13
L74916386,SE,SE-G,,56.8807296,14.5177461,Billagården
L74087323,SE,SE-O,,57.5854206,11.9470372,Billdals park
L4976668,SE,SE-O,,57.57485,11.90774,Billdals skärgård,2016-09-25 10:00,3,0
L11219916,SE,SE-C,,60.6552544,17.5059628,Billudden,2026-09-27 06:48,116,16
L15661291,SE,SE-I,,57.64615,18.32086,Bingers kvarn,2026-07-11 13:19,25,3
L4561202,SE,SE-M,,55.3855141,13.5030556,Bingsmarken,2026-09-14 18:21,80,11
L6682165,SE,SE-M,,55.4830048,13.3416166,Bisbjär,2026-09-26 14:00,110,41
L10517558,SE,SE-C,,59.6665281,17.4882453,Biskops-Arnö,2026-05-25 12:00,73,15
L76400734,SE,SE-N,,57.2558627,12.0855636,Biskopshagens NR--Ringhals udde,2023-07-03 12:37,17,1
L30970940,SE,SE-N,,57.25312,12.09534,Biskopshagens naturreservat,2026-05-19 00:00,61,5
L74240993,SE,SE-N,,56.7992991,12.8907269,Biskopstorps naturreservat
L4938670,SE,SE-AB,,59.1024982,18.7240076,Biskopsö,2025-06-17 04:20,33,2
L39944849,SE,SE-W,,60.3576333,15.8038151,Bispbergs klack,2023-05-22 00:00,1,0
L54120957,SE,SE-O,,58.26423,13.11378,Bjertorp Slott,2025-08-14 10:00,13,1
L19580632,SE,SE-AC,,63.74755,20.588807,Bjuren,2023-06-18 17:35,77,9
L25110275,SE,SE-AC,,64.436928,21.609445,Bjuröklubb--Grundskatan,2026-08-13 14:03,87,17
L25110306,SE,SE-AC,,64.454436,21.608607,Bjuröklubb--Sillhällorna,2026-06-27 10:44,52,5
L25652224,SE,SE-AC,,64.439771,21.587094,Bjuröklubb--Storsand,2023-07-02 20:00,13,1
L25110228,SE,SE-AC,,64.480749,21.575276,Bjuröklubb--fyren,2026-06-27 07:34,35,4
L6662434,SE,SE-D,,59.2158827,16.5770817,Bjälken
L9780324,SE,SE-O,,58.2663749,11.5999632,Bjällansås,2014-08-02 00:00,44,0
L23009039,SE,SE-H,,56.7038113,16.7349607,Bjärby badplats,2026-03-09 13:50,64,8
L24982772,SE,SE-M,,55.91924,13.62829,Bjävröd rastplats,2023-06-04 08:01,17,1
L77073526,SE,SE-T,,59.109528,15.1143182,Björka lertag naturreservat
L77136119,SE,SE-U,,59.8290957,16.2899349,Björkbacken
L5833574,SE,SE-AB,,59.5309931,18.0664936,Björkby-Kyrkviken NR,2026-09-22 14:57,128,139
L15230504,SE,SE-AB,,59.3997014,17.8494601,Björkebyskolan,2026-06-10 07:25,40,6
L42333984,SE,SE-N,,56.70527,13.09364,Björkelund,2026-07-08 10:05,20,5
L25996496,SE,SE-S,,59.89753,13.21624,"Björken, Sunne",2026-08-30 13:11,105,21
L77145945,SE,SE-S,,59.90675,13.2099848,Björken--Norra tornet
L77145979,SE,SE-S,,59.8941062,13.2159463,Björken--Södra tornet
L76414990,SE,SE-K,,55.9960539,14.6760095,Björkenabbens naturreservat
L75934700,SE,SE-K,,56.2637558,15.5095769,Björkerydssjön
L6232167,SE,SE-M,,55.5272217,13.4024835,Björkesåkrasjön,2025-08-16 11:49,118,10
L4452237,SE,SE-M,,55.687601,14.2030799,"Björket, Kivik",2025-05-18 14:15,60,12
L15546169,SE,SE-AC,,66.040516,16.312204,Björkfjället,2026-07-09 09:39,50,19
L6339804,SE,SE-AB,,59.2926042,18.1235936,Björkhagens fågelmatning,2026-06-26 12:55,63,137
L5640907,SE,SE-AB,,59.28485,18.1430321,Björkhagens golfbana,2026-08-22 12:01,64,34
L4482710,SE,SE-BD,,68.4053827,18.68783,Björkliden,2026-09-11 08:25,68,47
L13299841,SE,SE-I,,57.0517653,18.2896414,Björklunda,2026-05-16 15:42,116,4
L2959077,SE,SE-S,,59.400194,13.389061,Björknästorp,2024-10-03 17:18,33,3
L14542081,SE,SE-AB,,59.3632614,19.1233394,Björkskär,1990-07-18 10:00,38,1
L56918059,SE,SE-Y,,62.8092189,17.9409033,Björkudden,2021-08-12 10:56,16,1
L29470411,SE,SE-AB,,59.2207428,18.5388075,Björkviks Brygga,2026-08-05 11:19,20,2
L4669634,SE,SE-N,,57.0072885,12.350564,Björkängs havsbad,2026-05-02 10:19,141,10
L64289886,SE,SE-O,,57.7309028,11.6818161,Björkö,2026-07-25 08:43,44,4
L46754577,SE,SE-O,,57.7533502,11.6818396,Björkö--Norra Björkö,2020-04-24 09:00,14,0
L23704780,SE,SE-Y,,62.2481171,17.525224,Björköviken,2025-04-30 13:15,46,0
L2791693,SE,SE-C,,60.6384,17.9808,Björn,2026-09-27 07:27,224,134
L10908105,SE,SE-N,,56.929552,12.4352632,Björnhults golfbana,2026-09-21 10:29,81,10
L8199973,SE,SE-AC,,63.971196,18.055395,Björnlandet NP,2026-06-09 13:42,53,15
L23009172,SE,SE-Z,,62.4135639,13.9519892,Björnrike,2026-07-13 14:43,12,1
L3620050,SE,SE-C,,60.0153762,18.3468246,Björnsundet,2025-09-04 10:45,28,4
L13034026,SE,SE-AB,,59.2226995,18.5444618,"Björnö NR, Ingarö",2026-08-28 16:30,95,38
L75091635,SE,SE-H,,56.7710432,16.3634503,Björnö naturreservat
L54431256,SE,SE-O,,58.6688277,13.6839226,Björsätersviken--Småbåtshamn (restricted),2026-06-01 22:10,45,3
L4339012,SE,SE-Z,,63.3823067,13.7943649,"Bleckåsen, Alsen",2025-05-19 13:46,42,1
L75090152,SE,SE-G,,56.5025897,14.7122769,Blidingsholm
L49696909,SE,SE-AB,,59.6065954,18.8984697,Blidö,2026-05-26 06:05,38,1
L4595751,SE,SE-AB,,59.3222067,18.1548214,Blockhusudden,2026-09-18 13:58,76,46
L6875664,SE,SE-O,,58.42463,13.77559,Blängsmossen,2026-08-23 08:29,54,28
L9109856,SE,SE-T,,59.2582035,15.3000069,Blänkabacken NR,2019-04-24 17:23,1,0
L8260386,SE,SE-H,,56.6227733,16.6756357,Bläsinge,2026-06-04 12:42,94,12
L3898300,SE,SE-H,,56.6205244,16.7016438,Bläsinge hamn,2026-08-11 16:00,122,20
L77154224,SE,SE-M,,56.1693339,13.0490728,Bläsinge ängar
L77154334,SE,SE-M,,56.1714747,13.0378346,Bläsinge ängar--Bläsinge ängar väster
L77154357,SE,SE-M,,56.1710701,13.0656511,Bläsinge ängar--Bläsinge ängar öster
L5931578,SE,SE-H,,57.25199,16.79302,Blå Jungfrun nationalpark,2026-08-12 10:45,20,4
L4339308,SE,SE-Z,,63.1906635,12.1869278,Blåhammaren,2026-06-19 10:22,42,3
L2563834,SE,SE-W,,60.11961,15.04371,Blötberget,2004-08-10 00:00,8,1
L75934751,SE,SE-K,,56.4610662,15.6187521,Bockabosjön
L75859480,SE,SE-O,,58.3303115,11.9123943,Bodeleån
L42789388,SE,SE-Z,,62.8136855,14.883213,Bodsjöbyån,2026-06-15 11:05,29,3
L23914818,SE,SE-BD,,65.8372567,21.6794328,Bodträsket,2026-08-20 13:47,54,5
L22077064,SE,SE-I,,57.686589,18.7653163,Boge,2025-07-09 16:05,13,1
L11193328,SE,SE-T,,59.299915,15.2158031,Boglundsängen naturreservat,2026-09-15 09:00,119,58
L13529871,SE,SE-O,,57.8605662,11.9990524,Bohus Fästning,2026-08-22 10:26,73,25
L9780322,SE,SE-O,,58.2921539,11.5721963,Bokenäs,2026-08-05 18:01,20,2
L5948544,SE,SE-M,,55.68527,13.400992,Boklunden,2026-08-20 10:42,86,24
L74916928,SE,SE-F,,57.8221986,14.6464247,Bolerumsmossen
L74834492,SE,SE-G,,56.8526615,13.7486385,Bolmen--Bokholmen
L2508062,SE,SE-AB,,59.4025148,17.5706363,Bonadammen,2026-02-14 11:30,87,27
L39973625,SE,SE-F,,57.7703222,14.2474252,Bondbergets naturreservat,2025-06-09 11:36,13,1
L8256727,SE,SE-D,,59.2953984,16.2793665,Bondeka,2012-06-27 00:00,1,1
L6253589,SE,SE-M,,55.75103,13.03702,Borgeby slott,2026-04-01 14:41,93,13
L23227749,SE,SE-M,,55.75393,13.04271,Borgeby våtmark,2023-03-26 14:35,12,1
L75904563,SE,SE-E,,58.3829266,14.6813743,Borghamns småbåtshamn
L75904591,SE,SE-E,,58.3863417,14.6927647,Borghamnsdammen
L32417919,SE,SE-H,,56.8659391,16.6507536,Borgholms alvar,2026-08-25 13:50,31,5
L17016725,SE,SE-AB,,59.7545149,18.7335134,Borgmästarholmen,2026-07-09 10:48,46,13
L31440550,SE,SE-S,,59.39313,13.50105,Borgmästarholmen,2026-09-01 15:23,10,1
L8260286,SE,SE-W,,60.4858996,15.4374279,Borlänge,2026-06-15 11:56,45,6
L7444463,SE,SE-AB,,59.24093,17.7219,Bornsjön NR,2026-08-21 18:53,182,344
L7691648,SE,SE-AB,,59.23441,17.7048,Bornsjön NR--Bergaholm,2026-08-21 18:53,161,180
L64304087,SE,SE-AB,,59.2173,17.75674,Bornsjön NR--Bergholmsfälten,2026-07-24 17:19,14,1
L8019890,SE,SE-AB,,59.2640689,17.6804073,Bornsjön NR--Dalkarlsäng,2026-05-15 07:14,131,77
L7214232,SE,SE-AB,,59.2252,17.73022,Bornsjön NR--Skårbydammen,2026-04-21 16:40,139,83
L62111936,SE,SE-O,,58.6924106,14.1027595,Borreboda dammar,2026-08-17 09:34,38,2
L14734353,SE,SE-M,,55.70757,13.588961,Borstbäcken NR,2026-04-29 09:36,43,8
L9780130,SE,SE-D,,59.3352096,16.4356842,Borsökna,2026-06-04 21:01,11,3
L2935235,SE,SE-C,,59.8520009,17.6290226,Botaniska Trädgården,2026-08-22 16:15,75,140
L11251393,SE,SE-M,,55.7045882,13.2033193,"Botaniska trädgården, Lund",2026-09-07 08:29,111,198
L6923774,SE,SE-O,,58.59384,13.82043,Boterstenaraken,2026-09-27 17:13,82,23
L25598065,SE,SE-AC,,64.272203,20.090577,Botsmark--Isklinten,2023-07-01 07:00,19,1
L5867546,SE,SE-H,,56.5932466,16.2303257,Bottorps hamn,2026-09-19 15:45,147,18
L76499275,SE,SE-O,,58.3906403,13.857882,Boulognerskogen,2026-09-11 18:57,13,2
L75861244,SE,SE-O,,58.1165239,11.4831519,Boxviks kile
L75861214,SE,SE-O,,58.1219544,11.4914546,Boxviks vette
L13326402,SE,SE-AB,,59.1049727,17.6800449,Brandalslund NR,2023-08-09 07:27,51,9
L13505586,SE,SE-D,,58.7432476,17.0576094,Brandholmen,2026-02-18 08:25,92,19
L9931318,SE,SE-M,,55.6747795,13.7432225,Brandstadvägen,2019-09-17 14:30,30,1
L6927241,SE,SE-M,,56.2674274,12.9131842,Brandsvig,2025-08-19 11:44,17,1
L10218565,SE,SE-D,,58.6935405,17.1385171,Brannäs våtmark,2026-01-17 10:50,119,30
L25723488,SE,SE-D,,58.6905442,17.1189737,Brannäs våtmark,2022-05-14 16:30,6,3
L8263724,SE,SE-D,,59.3665525,16.4192285,Branteberg,2026-03-28 00:00,37,2
L4507665,SE,SE-M,,55.51282,14.34449,Brantevik,2026-08-19 15:38,122,25
L70015033,SE,SE-M,,55.5082379,14.3435812,Brantevik--Grönet,2026-07-16 11:04,28,1
L11472087,SE,SE-M,,55.52193,14.34777,Brantevik--Norra Stranden,2026-08-19 15:38,46,1
L70015683,SE,SE-M,,55.5135253,14.3494435,Brantevik--Södra hamnen
L77141046,SE,SE-S,,59.6561216,13.984764,Brattfors brandfälts naturreservat
L4332828,SE,SE-S,,59.6903232,13.9117384,Brattforshedens NR,2021-03-26 17:11,15,3
L77140908,SE,SE-S,,59.6076492,13.9154656,Brattforshedens flygplats
L75856940,SE,SE-O,,57.9207725,11.7367442,Brattöns naturreservat
L74916996,SE,SE-F,,57.8694681,14.5880583,Breafallsmossen
L6307670,SE,SE-K,,56.14261,15.32987,Bredasund,2022-06-26 10:00,46,2
L75940213,SE,SE-K,,56.1443919,15.3413341,Bredasund--Fågeltornet
L75940098,SE,SE-K,,56.13366,15.31896,Bredasund--Utloppet
L65029095,SE,SE-G,,56.86416,13.9242277,Bredemad återvinningscentral,2026-08-02 12:15,17,5
L13210450,SE,SE-O,,58.2166633,12.0131636,Bredfjället,2025-04-26 13:22,42,12
L75859540,SE,SE-O,,58.2321292,12.0054872,Bredfjället--Fågeltornet
L26367382,SE,SE-O,,58.7855923,12.1321478,"Bredmossen, Bäckefors",2023-08-01 09:45,12,1
L47547146,SE,SE-X,,61.7136249,17.487806,"Bredsand, Hornslandet",2025-06-15 03:13,13,2
L39870246,SE,SE-AC,,63.537326,19.602103,Bredvik,2026-01-17 12:29,22,2
L13737916,SE,SE-T,,58.9724653,15.6100026,Brevens tallskogar,2026-06-11 13:55,12,2
L4261054,SE,SE-AB,,59.345846,18.222971,"Brevik, Lidingö",2026-08-18 18:32,53,18
L75859311,SE,SE-O,,58.0004953,11.5720986,Breviks kile naturreservat
L21927267,SE,SE-I,,57.7152493,18.3751969,Brissund,2026-05-22 17:06,42,3
L12053743,SE,SE-D,,59.43421,16.26887,Brobyviken,2026-04-13 13:20,82,11
L14612388,SE,SE-D,,59.4246,16.26649,Brobyviken,2025-04-07 00:00,75,0
L77042246,SE,SE-M,,56.0958025,12.8977261,Brogårda våtmark
L16643462,SE,SE-C,,59.81451,17.2134,Bromsbo sjö,2014-03-27 19:10,49,1
L11222657,SE,SE-S,,59.1964364,13.0117413,Brosjön,2026-09-11 10:01,65,10
L16852031,SE,SE-AB,,59.8429088,18.7304398,"Brosjön, Roslagsbro",2026-06-20 00:53,77,4
L77146223,SE,SE-S,,59.1998386,13.0225497,Brosjön--Norra tornet
L77146267,SE,SE-S,,59.1921066,13.0174486,Brosjön--Södra tornet
L77146239,SE,SE-S,,59.1971626,13.0049757,Brosjön--Västra tornet
L74916461,SE,SE-G,,57.0267429,14.3475557,Brotorpabäcks naturreservat
L8268138,SE,SE-W,,60.1068757,16.3010258,"Brovallen, Avesta",2024-05-16 15:18,5,0
L14669834,SE,SE-AB,,59.4909191,17.6592624,Broängarnas NR,2026-05-17 13:32,155,68
L29540036,SE,SE-AB,,59.5001843,17.6597613,Broängarnas NR -- norra ängarna,2025-06-14 11:37,47,3
L16008309,SE,SE-I,,57.684771,18.347482,Brucebo naturreservat,2026-08-09 13:07,84,9
L22898946,SE,SE-M,,56.05723,12.76259,Bruces Skogs NR,2026-08-15 07:30,29,5
L21354542,SE,SE-O,,57.7001344,12.0517874,Brudarebacken,2026-09-13 10:39,74,18
L6341947,SE,SE-H,,56.9908781,16.7823082,Bruddesta,2026-08-26 13:06,41,7
L4307179,SE,SE-C,,60.3768923,18.1321621,Bruksdammen,2026-06-13 00:00,46,2
L10965430,SE,SE-D,,59.1566376,16.4745998,Bruksdammen Trails,2026-05-09 15:56,42,11
L13491835,SE,SE-Z,,62.6434627,12.4280029,Bruksvallarna,2026-07-24 14:37,73,17
L22630400,SE,SE-N,,57.1168641,12.268523,Brunnsbergsskogen,2021-04-17 00:00,4,1
L26273129,SE,SE-W,,60.2734223,15.9647581,"Brunnsjön, Hedemora",2015-06-07 00:00,4,0
L64508870,SE,SE-O,,57.7068747,11.9692094,Brunnsparken,2026-08-31 19:35,23,2
L8260354,SE,SE-D,,59.3980191,16.4553789,Brunnsta,2026-07-24 16:23,97,24
L8205939,SE,SE-AB,,59.3765135,18.0224832,Brunnsviken,2026-06-03 20:21,75,17
L74834622,SE,SE-G,,56.7288272,13.7839378,Brusarp
L44667744,SE,SE-Z,,62.7507503,15.422639,Bräcke,2026-08-13 15:14,14,2
L43190350,SE,SE-Z,,62.7488272,15.4151892,Bräcke båthamn,2025-10-07 08:31,8,2
L65029508,SE,SE-G,,56.8022643,14.0222788,Bräkentorpsjön,2026-08-01 10:48,21,1
L4594081,SE,SE-D,,59.403328,16.742015,Bränne,2026-03-02 14:17,35,7
L28780027,SE,SE-Y,,62.4683584,17.4607912,"Brännäsudden, Hörningsholm",2024-05-04 18:00,23,0
L30726694,SE,SE-O,,57.643644,11.7762341,Brännö,2026-09-26 11:40,66,16
L1022084,SE,SE-E,,58.615665,16.35993,Bråborg gård,2007-05-25 00:00,63,12
L9282407,SE,SE-AC,,63.8955115,19.8598769,Brånsjön,2026-07-14 19:16,102,26
L76415190,SE,SE-O,,57.6792181,12.1313636,Bråtatoppen,2026-09-23 12:11,1,1
L6198589,SE,SE-M,,55.7269288,14.1139501,Brösarps norra backar,2026-05-27 14:14,48,14
L6253596,SE,SE-M,,55.73207,14.07747,Brösarps norra backar,2026-08-14 17:09,64,5
L4236922,SE,SE-H,,56.6311509,16.7078876,Bröttorpsören,2026-05-06 08:13,122,19
L4327550,SE,SE-N,,57.2356062,12.1139717,Bua,2025-07-05 20:28,75,11
L57321498,SE,SE-N,,57.2271163,12.1097413,Bua--Bua strand,2026-01-17 13:20,19,1
L4764543,SE,SE-BD,,65.8575346,21.6775703,Buddbyträsket,2025-04-19 14:00,19,1
L13210373,SE,SE-O,,58.235516,11.8695257,Bukilen,2026-07-16 18:00,32,4
L4943446,SE,SE-AB,,59.2030971,18.8421965,Bullerö,2026-07-30 18:43,57,7
L1453797,SE,SE-M,,55.6026349,13.0745441,Bulltoftaparken,2026-09-12 08:34,140,224
L5408206,SE,SE-I,,57.8181598,19.0916376,Bungenäs,2025-07-15 11:04,74,4
L11144785,SE,SE-M,,55.56069,12.90324,Bunkeflo strandängar,2026-09-27 16:22,148,67
L4214381,SE,SE-M,,55.7511973,12.9015326,Bunkern,2026-09-20 11:21,165,63
L4923452,SE,SE-Z,,63.1520553,12.5129128,Bunnerfjällen,1980-06-11 05:41,39,3
L21997095,SE,SE-I,,57.0319477,18.2767774,Burgsvik,2026-05-16 14:09,40,3
L33747571,SE,SE-Z,,63.1855391,14.5334611,Buskmarkerna öster om flygplatsen,2026-06-14 08:02,26,6
L4582522,SE,SE-N,,56.7413489,12.624836,Busör,2026-06-20 09:42,160,31
L9026019,SE,SE-Z,,63.101943,13.7980835,Bydalen,2026-06-16 12:16,12,3
L17998614,SE,SE-S,,59.8096461,12.3456612,Bysjön,2026-08-23 12:35,30,4
L25225979,SE,SE-X,,60.44758,16.45809,"Bysjön, Hästbo",2026-09-27 16:09,163,336
L10019832,SE,SE-H,,57.3240106,17.0051999,Byxelkroks hamn,2025-10-13 14:29,33,2
L75914144,SE,SE-O,,59.0488578,12.4808563,Bäcke ängar och lövskogars naturreservat
L4555236,SE,SE-C,,59.814676,17.641696,"Bäcklösa, Uppsala",2025-08-06 10:45,75,21
L8263955,SE,SE-D,,59.2500259,16.4532403,Bälgviken,2024-06-18 11:41,11,4
L11204613,SE,SE-AB,,59.5165716,18.0673885,"Bällsta, Vallentuna",2025-10-13 10:56,43,9
L4222829,SE,SE-T,,59.1983799,15.4230881,Bärsta åkrar,2026-07-28 16:09,118,24
L6528025,SE,SE-H,,56.6693003,16.7289591,Båden,2024-10-20 09:55,89,6
L65554203,SE,SE-X,,61.7026735,17.4409636,"Bålsjön, Hornslandet"
L13761858,SE,SE-C,,60.026377,17.238235,Bången,2026-05-02 11:30,60,7
L24002852,SE,SE-X,,60.5563978,16.753193,Bångs,2023-04-23 14:19,12,1
L1042965,SE,SE-H,,56.5115385,16.4431,Bårbykärret,2026-07-11 13:03,121,25
L4348536,SE,SE-M,,56.4359537,12.841022,Båstads hamn,2026-09-20 18:39,155,136
L5646666,SE,SE-N,,57.2507886,12.1312773,Båtafjorden fågeltornet,2026-08-02 12:59,125,33
L10051598,SE,SE-C,,60.4374477,17.316169,Båtfors NR,2026-03-28 07:21,52,10
L2935251,SE,SE-C,,60.4614785,17.3871517,Båtfors NR,2024-04-22 12:12,49,5
L27167797,SE,SE-O,,57.9747819,11.5905077,Bö tjärn,2026-07-18 11:44,16,1
L2853901,SE,SE-H,,57.2463658,17.0755005,Böda hamn,2026-08-09 05:30,151,51
L75929099,SE,SE-K,,56.3632683,14.9933132,Bökemåla naturreservat
L39574687,SE,SE-AC,,63.8261997,20.2304202,Bölesholmarna,2026-08-28 21:25,55,16
L73251803,SE,SE-O,,58.615905,14.5183948,Bölets ängar,2026-07-12 11:18,10,2
L18283257,SE,SE-AC,,63.814939,20.199158,"Böleäng, slätten",2026-09-03 07:12,71,20
L4351012,SE,SE-X,,60.7390301,17.3198283,Bönans lotsstation,2026-06-20 14:30,92,21
L2235531,SE,SE-M,,55.47332,13.3348,Börringe mad,2026-09-20 14:35,155,101
L70018916,SE,SE-M,,55.4850297,13.3178988,Börringesjön,2013-10-04 00:00,27,0
L76285917,SE,SE-O,,57.6924367,11.9876968,Carlanderska Parken,2026-09-23 12:18,6,1
L75904488,SE,SE-E,,58.3431825,14.6922684,Charlottenborgsdammen
L6211354,SE,SE-M,,55.7175629,13.9595246,Christinehofs Ekopark,2026-05-26 09:25,117,15
L2996611,SE,SE-AB,,59.5899751,18.7509155,Coastal Shipping channel NE of Stockholm,2026-09-20 11:16,66,31
L7309574,SE,SE-D,,59.0074923,17.0687445,Dagnäsön NR,2018-04-30 10:14,26,1
L9780138,SE,SE-N,,57.0595308,12.4828544,Dagsås,2026-05-09 14:33,65,0
L14095908,SE,SE-AB,,59.1303955,18.4023588,Dalarö Hamn,2026-05-01 15:10,77,14
L45921803,SE,SE-AB,,59.122844,18.39897,Dalarö skärgård,2025-06-21 12:55,50,6
L18416282,SE,SE-C,,60.1147969,17.5467951,Dalboda grustäkt,2026-03-20 08:50,24,3
L5621830,SE,SE-M,,55.6750082,13.3322954,Dalby Söderskog nationalpark,2026-09-12 07:56,95,68
L5886835,SE,SE-M,,55.666935,13.3703161,Dalby fälad,2026-09-05 10:47,97,43
L4551775,SE,SE-C,,59.76211,17.57537,Dalbyviken,2026-09-16 18:06,166,198
L4222809,SE,SE-C,,59.7771682,17.5830603,Dalkarlskärret,2026-09-16 18:44,137,185
L8260304,SE,SE-O,,58.9134065,11.9308285,Dals-Ed,2025-10-03 00:00,31,2
L14253102,SE,SE-AB,,59.2893915,18.1459472,Dammtorpssjön,2026-09-26 10:06,99,124
L18417218,SE,SE-C,,60.1688449,17.8302076,Dannemorasjön,2023-07-27 18:04,88,8
L40209595,SE,SE-N,,56.7102167,13.132202,Danska Fall naturreservat,2026-09-22 10:35,18,5
L14662480,SE,SE-AB,,59.3140077,18.1108978,Danviken,2026-03-19 13:50,31,13
L8332866,SE,SE-AC,,65.27134,15.3043065,Daunafjället,2025-06-21 13:19,9,0
L4219347,SE,SE-M,,55.8282551,14.0724564,Degeberga--Forsakar,2026-09-22 17:01,93,21
L6923725,SE,SE-H,,56.35937,16.40802,Degerhamn,2026-09-11 07:40,156,63
L9351988,SE,SE-H,,56.3598313,16.414966,Degerhamn--Fågelsjön,2026-06-19 10:53,89,30
L72587478,SE,SE-H,,56.3539199,16.4054277,Degerhamn--Hamnen,2026-09-11 07:40,7,1
L72587534,SE,SE-H,,56.3571765,16.4067631,Degerhamn--Pralinen,2026-07-26 00:00,2,0
L72587327,SE,SE-H,,56.3599518,16.412011,Degerhamn--Skifferbrottet
L33687015,SE,SE-AC,,63.7516286,20.2856103,Degernäsbäckens utlopp,2026-05-06 07:18,55,6
L48129734,SE,SE-N,,56.946876,12.3573554,Digesgårds naturreservat,2026-06-19 18:26,23,2
L4513117,SE,SE-I,,56.9233076,18.1633186,Digrans,2026-05-27 10:50,50,2
L919518,SE,SE-U,,59.6113873,16.5327501,Djarkneberget,2026-05-16 16:30,42,9
L7614611,SE,SE-D,,58.976782,16.215752,"Djulö allé, Katrineholm",2026-08-06 13:12,88,72
L38860942,SE,SE-D,,58.9675969,16.2008385,Djulö kvarn,2024-12-25 00:00,10,0
L7026730,SE,SE-D,,58.824629,16.3171005,Djupvik,2004-04-12 00:00,51,3
L47456262,SE,SE-AB,,59.3310032,18.1197268,Djurgården -- Museiområdet,2026-07-18 13:55,54,9
L4508194,SE,SE-AB,,59.330351,18.13169,Djurgårdsbrunn,2026-09-13 09:28,97,55
L36954315,SE,SE-AB,,59.3307706,18.1059088,Djurgårdsbrunnsviken,2026-09-10 10:16,64,18
L77153633,SE,SE-M,,56.348173,13.0453535,Djurholmamossen
L44580747,SE,SE-H,,57.9773398,16.5344172,Djursnäs
L66559172,SE,SE-O,,58.8611727,13.470438,Djurö nationalpark
L64291680,SE,SE-O,,57.6007578,11.8038211,Donsö,2026-09-24 15:38,50,8
L34426430,SE,SE-AC,,64.2654077,16.4228312,Dorotea--Bergvattensjön,2024-07-07 14:22,17,1
L23837920,SE,SE-O,,57.6018947,11.9176457,Dotevik,2007-02-18 14:40,20,3
L9942092,SE,SE-W,,60.4589233,14.5889368,Drafsforsen,2019-09-21 15:18,1,1
L4635800,SE,SE-D,,59.265733,16.10858,Dragsjön,2026-04-20 17:29,96,22
L14937654,SE,SE-M,,55.7611567,14.1253591,Drakamöllan,2026-09-16 11:10,101,52
L74266568,SE,SE-F,,57.150946,13.6642522,Dravens NR--Fridsnästornet
L74266455,SE,SE-F,,57.1625596,13.6552979,Dravens NR--Hamragömslet
L74266409,SE,SE-F,,57.1704736,13.6511681,Dravens NR--Hunnahall
L74266647,SE,SE-F,,57.1486313,13.6419533,Dravens NR--Kinnaberg
L74266245,SE,SE-F,,57.1681745,13.6360117,Dravens NR--Källstorp,1998-06-01 00:00,1,1
L74266689,SE,SE-F,,57.1585388,13.63788,Dravens NR--Väcklingetornet
L8029755,SE,SE-F,,57.1592,13.64715,Dravens naturreservat,2026-07-17 08:15,108,20
L19367475,SE,SE-W,,61.7420943,12.4059749,Drevfjallen,2022-05-31 06:00,39,3
L7290144,SE,SE-AB,,59.322309,17.8820729,Drottningholms Slott,2026-09-25 11:06,110,146
L31639789,SE,SE-K,,56.1572363,14.7992069,Drösebo
L7569959,SE,SE-H,,56.5860551,16.5517187,Drösstorpmossen,2024-07-01 13:23,69,8
L24078422,SE,SE-F,,57.7696816,14.0446017,Dumme mosse NR--Lomsjön,2006-07-08 08:00,8,1
L74948193,SE,SE-F,,57.8107706,14.0402978,Dumme mosse NR--Norra fågeltornet
L39950219,SE,SE-F,,57.7493037,14.0420422,Dumme mosse NR--Södra delen,2026-07-19 14:32,83,9
L74947799,SE,SE-F,,57.7725948,14.0256433,Dumme mosse naturreservat,2026-07-19 14:32,83,10
L74948082,SE,SE-F,,57.8238666,14.0083896,Dumme mosse--Gigeryds fågeltorn
L74948383,SE,SE-F,,57.7927304,13.9779582,Dumme mosse--Gunnarsö
L74948557,SE,SE-F,,57.7624156,14.0103852,Dumme mosse--Olsbo
L36135357,SE,SE-BD,,67.1005432,20.5573877,Dundret NR,2026-06-11 07:02,7,2
L4574484,SE,SE-M,,55.7508108,12.9620004,"Dungen, Salviken",2026-03-06 12:47,44,2
L43187470,SE,SE-Z,,63.29953,14.47013,Dvärsättsviken,2026-05-20 09:59,39,9
L6653102,SE,SE-N,,56.9952448,12.4920747,"Dyilpered, Ljungby",2018-01-02 15:00,9,0
L77154181,SE,SE-M,,56.1826456,13.0138195,Dyngets naturreservat
L3626411,SE,SE-AB,,58.8832728,17.7833247,Dyvik,2015-05-09 22:20,24,3
L5406185,SE,SE-I,,57.868707,19.1251974,Dämbaträsk,2026-07-22 10:46,46,7
L5802357,SE,SE-O,,58.4132001,12.620008,Dätterns NR--Frugårds mad,2026-05-25 09:30,88,21
L5839050,SE,SE-O,,58.4081083,12.6629984,Dätterns NR--Kilja buskridån,2024-05-04 13:40,40,7
L5485115,SE,SE-O,,58.406928,12.6565504,Dätterns NR--Kilja pumphuset,2026-03-01 13:05,90,24
L4925533,SE,SE-O,,58.4184372,12.6227546,Dätterns NR--Sandbetet,2026-08-10 15:30,163,104
L4941992,SE,SE-O,,58.4090975,12.6417607,Dätterns NR--Sjöryds fågeltorn,2026-03-01 14:15,102,16
L4941975,SE,SE-O,,58.3994855,12.6428819,Dätterns NR--Sjöryds mad,2026-05-10 17:50,139,60
L64945775,SE,SE-O,,58.40771,12.63245,Dätterns naturreservat,2026-08-10 15:30,190,232
L5413470,SE,SE-O,,58.35687,12.5458,Dätterstorp,2026-09-18 13:55,159,95
L66720857,SE,SE-AC,,63.86668,20.40003,Dåvamyran,2026-07-05 13:01,25,3
L4582506,SE,SE-N,,56.4107357,12.9818916,Dömestorps strövområde,2026-06-03 09:30,56,7
L4574525,SE,SE-M,,55.601075,13.4622484,Dörröds Fälad,2026-05-23 13:17,88,33
L6798077,SE,SE-D,,58.8870207,17.5596285,Edanö gård,2026-05-07 09:32,71,13
L8924684,SE,SE-D,,59.244642,16.284239,Edebron,2022-11-07 08:30,5,1
L8908135,SE,SE-D,,59.3337603,17.2494591,Edeby Våtmark,2026-08-21 17:15,78,14
L74980710,SE,SE-F,,57.0563506,14.2003025,Eds kvarn
L5585034,SE,SE-AB,,59.4406823,17.9553861,"Edsbergs slott, Edsviken",2026-08-14 19:36,57,18
L6828423,SE,SE-AB,,59.4902054,17.8885746,Edsån,2026-05-24 07:47,118,153
L18362663,SE,SE-Z,,63.3152654,13.0852318,Edsåsdalen,2026-08-13 10:13,30,3
L4661945,SE,SE-H,,56.8775061,16.8626404,Egby udde,2026-08-05 10:42,94,18
L5822705,SE,SE-M,,55.87318,14.19134,Egeside,2026-05-30 09:49,115,18
L12628177,SE,SE-X,,60.73018,17.5451,Eggegrund,2026-09-20 11:06,137,30
L13210510,SE,SE-O,,58.652969,11.2846964,Ejgdetjärnet,2026-03-07 13:45,43,6
L8263988,SE,SE-D,,59.4102245,16.4621984,Ekbackens NR,2026-05-30 00:00,66,6
L45605198,SE,SE-AB,,59.4041917,18.2579262,Eke fjärd,2026-07-10 13:59,46,6
L8263358,SE,SE-D,,59.3752096,16.4491286,Ekeby,2026-09-02 00:00,39,1
L67943142,SE,SE-T,,59.2717296,15.3323923,Ekeby dreve naturreservat
L6532023,SE,SE-D,,59.380431,16.447235,Ekeby flygfält,2026-09-04 00:00,117,12
L4183701,SE,SE-D,,59.3905114,16.4578629,Ekeby våtmark,2026-09-13 12:45,194,1078
L2086592,SE,SE-C,,59.84567,17.60033,Ekebydalen,2026-08-30 11:34,104,98
L10938966,SE,SE-AB,,59.407463,18.0537263,Ekebysjön,2026-06-20 07:21,78,16
L4285084,SE,SE-H,,56.2905212,16.4782476,Eketorp,2026-09-08 12:40,70,15
L54905621,SE,SE-I,,57.9735239,19.2437068,Ekeviken--sjöräddningsmuseum,2026-08-13 11:01,47,3
L4345482,SE,SE-I,,57.2719125,18.0961132,Ekstakusten,2026-05-15 07:10,79,8
L8202749,SE,SE-D,,59.371167,16.8623829,Eksågstornet,2025-03-19 14:01,54,10
L46025105,SE,SE-E,,58.0571213,16.8106039,Ekudden,2026-06-21 00:00,24,1
L7771380,SE,SE-O,,58.718296,13.799352,"Ekudden, Mariestad",2026-09-26 08:27,166,333
L63982969,SE,SE-O,,58.7102696,13.7918017,Ekudden--Bäckaviken,2026-09-22 08:46,97,50
L51456587,SE,SE-O,,58.7145322,13.8090849,Ekudden--Tegelängen,2026-09-26 08:27,152,183
L7188841,SE,SE-D,,59.370077,16.548888,Ekängens IP,2025-04-23 12:20,31,7
L43331787,SE,SE-E,,58.3609309,15.6598259,Ekängs- och Ullstämmasjön,2026-09-15 18:11,82,41
L49181156,SE,SE-H,,56.6491096,16.2813945,"Ekö, Kalmar",2026-05-29 12:29,2,0
L42847902,SE,SE-Z,,62.7980734,15.4194973,"Eldtjärnen, Bräcke",2026-04-25 15:19,48,7
L29647679,SE,SE-AB,,59.3663163,18.2456919,Elfvik,2026-08-01 15:28,55,11
L77137475,SE,SE-U,,59.941146,16.2716813,Elimkapellet
L75930436,SE,SE-K,,56.16253,14.74618,Elleholm
L75930769,SE,SE-K,,56.1596513,14.7383925,Elleholm--Brunnsvik
L75930871,SE,SE-K,,56.1630132,14.750786,Elleholm--Elleholms kyrka
L75930589,SE,SE-K,,56.1525531,14.7468402,Elleholm--Mörrumsåns mynning
L75930561,SE,SE-K,,56.1460897,14.7528131,Elleholm--Nabben
L1022178,SE,SE-E,,58.2943919,14.6405697,Ellen Keys strand,2024-05-26 13:55,16,2
L12155640,SE,SE-M,,55.5318456,13.7335456,Ellestadsjön,2003-12-07 00:00,28,5
L4339265,SE,SE-Z,,63.2856218,12.3460579,Enafors,2026-06-02 16:11,40,5
L3720479,SE,SE-H,,56.2607063,16.4764452,Enetri,2026-09-07 07:11,161,63
L4934559,SE,SE-U,,59.9674613,16.0105884,Engelsbergs bruk,2025-08-02 13:29,26,5
L13808377,SE,SE-U,,59.532991,16.859207,Engsö Slott,2024-08-20 10:14,87,4
L8205955,SE,SE-C,,59.6506023,17.094143,Enköping,2026-03-16 11:40,78,15
L8268571,SE,SE-C,,60.0367679,16.7841263,"Enåker, Runhällen",2017-09-10 00:00,44,2
L9432215,SE,SE-X,,61.5469319,17.0046099,Enånger,2025-07-13 12:58,3,0
L9755681,SE,SE-D,,58.9330662,16.3797617,Eriksberg,2025-07-28 00:00,104,27
L75931354,SE,SE-K,,56.1781265,15.0006207,Eriksberg Vilt & Natur
L75931019,SE,SE-K,,56.1732096,15.0004444,Eriksberg Vilt & Natur--Flan
L75930982,SE,SE-K,,56.173926,14.9909429,Eriksberg Vilt & Natur--Färsksjön
L75931092,SE,SE-K,,56.1673877,15.0051789,Eriksberg Vilt & Natur--Maraviken
L75931051,SE,SE-K,,56.1770899,15.0104941,Eriksberg Vilt & Natur--Remmarna
L75932223,SE,SE-K,,56.1495097,15.0279424,Eriksbergs stränders NR--Allböle
L75931746,SE,SE-K,,56.16672,14.9986466,Eriksbergs stränders NR--Bruksviken
L75932310,SE,SE-K,,56.1649965,15.0339835,Eriksbergs stränders NR--Kohagen
L75931816,SE,SE-K,,56.158027,14.9945116,Eriksbergs stränders NR--Nelchstenen
L75932457,SE,SE-K,,56.170951,14.9844117,Eriksbergs stränders NR--P-plats Björnahemmet
L75932526,SE,SE-K,,56.1528864,15.0090836,Eriksbergs stränders naturreservat
L27226281,SE,SE-AB,,59.3053636,18.0679258,Eriksdalslunden,2026-06-17 08:20,89,163
L7398756,SE,SE-AB,,59.844263,18.5873222,"Erken, Norr Malma",2026-09-01 19:49,93,16
L25007578,SE,SE-H,,57.2606501,16.4892786,Ernemar,2026-09-12 12:04,44,4
L4187594,SE,SE-AB,,59.2679567,18.2581615,Erstavik,2026-08-21 12:36,132,53
L6111150,SE,SE-U,,59.981682,15.79598,"Eskilns Camping, Fagersta",2026-05-10 13:39,34,6
L12595514,SE,SE-M,,55.478794,12.9563116,Eskilstorps ängar,2026-09-27 15:25,76,11
L4190214,SE,SE-D,,59.3708901,16.5115499,Eskilstuna,2026-08-02 00:00,140,114
L9095881,SE,SE-D,,59.3548848,16.7055206,Eskilstuna flygplats,2025-04-26 18:58,51,17
L8263391,SE,SE-D,,59.3662312,16.5102964,Eskilstuna--Båtsmansbacken,2026-09-10 00:00,63,0
L8264252,SE,SE-D,,59.3752834,16.5097001,Eskilstuna--Faktoriholmen,2026-09-06 00:00,51,62
L6340087,SE,SE-D,,59.3426003,16.5415478,Eskilstuna--Lilla Nyby,2026-03-21 15:04,87,21
L4916723,SE,SE-D,,59.3730561,16.5028811,Eskilstuna--Rinmansparken,2025-11-20 00:00,16,2
L4907432,SE,SE-D,,59.3757189,16.5058851,Eskilstuna--Rothoffsparken,2026-06-09 10:21,51,55
L8263963,SE,SE-D,,59.3735088,16.5173677,Eskilstuna--Stadsparken,2026-09-09 00:00,51,78
L6340095,SE,SE-D,,59.3476767,16.4914227,Eskilstuna--Vilsta industriområde,2025-07-04 11:47,38,5
L4405821,SE,SE-D,,59.3683391,16.556282,Eskilstuna--golfklubb,2026-09-13 08:25,94,24
L4296296,SE,SE-D,,59.3655584,16.5151548,Eskilstuna--ån,2026-01-30 15:40,40,21
L17609188,SE,SE-X,,60.7962221,17.3535322,Eskön--Eskö klubb,1970-09-15 05:10,66,1
L7364309,SE,SE-F,,57.4346022,13.6372089,Ettö NR,2025-09-01 10:33,22,3
L74834729,SE,SE-G,,56.6885039,13.7543163,Exen
L3745342,SE,SE-T,,58.7626,14.70137,Fagertärns naturreservat,2021-08-17 18:34,27,3
L8268332,SE,SE-Y,,62.5010065,17.4081155,"Fagervik, Timrå",2024-07-10 11:13,31,5
L6278925,SE,SE-D,,59.380195,16.827324,Fagerviksholmen,2026-05-22 00:00,79,15
L3060685,SE,SE-M,,55.4125165,12.943536,Falsterbo Kursgård,2026-03-29 10:00,106,61
L9849021,SE,SE-M,,55.4237768,12.8431075,"Falsterbo, Skanör Bakdjupet",2026-09-27 16:59,180,212
L11719895,SE,SE-M,,55.384627,12.820464,Falsterbo--Kålhagen,2026-09-18 12:27,137,17
L13313676,SE,SE-M,,55.3641413,12.811515,Falsterbo--Måkläppen,2026-01-31 10:30,138,33
L4955834,SE,SE-M,,55.3919212,12.8233945,Falsterbo--South Flommen,2026-09-24 08:47,230,729
L3936763,SE,SE-M,,55.4109406,12.9229045,Falsterbonäset--Black,2026-09-04 11:00,105,28
L6339744,SE,SE-M,,55.3886692,12.8367901,Falsterbonäset--Falsterbo Fågelstation,2026-09-24 21:00,133,198
L7960918,SE,SE-M,,55.4018221,12.852061,Falsterbonäset--Falsterbo Horseshow area,2026-08-20 09:35,181,1061
L5496239,SE,SE-M,,55.3836628,12.8165944,Falsterbonäset--Falsterbo fyr,2026-09-27 12:15,274,798
L6262817,SE,SE-M,,55.39143,12.84091,Falsterbonäset--Falsterbo stadspark,2026-09-27 12:44,180,318
L3942312,SE,SE-M,,55.4039724,12.9397058,Falsterbonäset--Falsterbokanalen,2026-09-23 16:16,186,147
L12595556,SE,SE-M,,55.3951544,12.9490898,Falsterbonäset--Falsterbokanalen S,2026-08-27 15:05,119,21
L5562538,SE,SE-M,,55.3938832,12.8655696,Falsterbonäset--Gamla LV-4,2026-09-21 18:29,219,518
L3937986,SE,SE-M,,55.4155692,12.8787661,Falsterbonäset--Gamla Soptippen,2026-05-27 19:30,121,50
L16453473,SE,SE-M,,55.4151283,12.838353,Falsterbonäset--Hamnvägen area,2026-09-27 12:40,165,308
L13758869,SE,SE-M,,55.4258545,12.8593937,Falsterbonäset--Knävången,2026-09-25 17:48,151,114
L3181891,SE,SE-M,,55.4338834,12.8609991,Falsterbonäset--Knösen,2026-09-24 15:22,213,337
L7831151,SE,SE-M,,55.3842575,12.8231356,Falsterbonäset--Kolabacken,2026-09-27 13:42,188,141
L6082798,SE,SE-M,,55.4128452,12.8370038,Falsterbonäset--Landgrens holme,2026-09-19 12:32,182,213
L10687459,SE,SE-M,,55.3962895,12.9151204,Falsterbonäset--Ljungskogen,2026-09-07 06:35,93,14
L4947936,SE,SE-M,,55.3779058,12.810582,Falsterbonäset--Nabben,2026-09-27 07:00,287,2184
L7807250,SE,SE-M,,55.4031677,12.8314147,Falsterbonäset--North Flommen,2026-09-25 16:07,213,258
L3942350,SE,SE-M,,55.4072191,12.8869575,Falsterbonäset--Old railway embankment,2026-09-15 10:42,145,59
L3888154,SE,SE-M,,55.4097439,12.8526118,Falsterbonäset--Skanör,2026-05-20 18:01,207,183
L12054606,SE,SE-M,,55.4113803,12.8843558,Falsterbonäset--Skanör-Höll Natureservat,2026-08-27 07:41,153,40
L3935594,SE,SE-M,,55.40191,12.87186,Falsterbonäset--Skanörs Ljung,2026-09-26 15:54,195,474
L3881876,SE,SE-M,,55.4425992,12.8437901,Falsterbonäset--Skanörs Revlar,2026-09-22 11:56,174,168
L11034312,SE,SE-M,,55.4130307,12.8477963,Falsterbonäset--Skanörs norra stadspark,2026-09-11 13:05,85,29
L7749465,SE,SE-M,,55.4093158,12.8480082,Falsterbonäset--Skanörs södra stadspark,2026-09-05 12:37,118,218
L11936414,SE,SE-M,,55.4065873,12.829107,Falsterbonäset--Slusan,2026-09-23 15:39,161,90
L3942320,SE,SE-M,,55.3860039,12.9228348,Falsterbonäset--Stenudden,2026-09-16 19:23,151,36
L1120167,SE,SE-M,,55.4058051,12.8657457,Falsterbonäset--general (please use more specific locations),2026-09-27 16:59,334,9896
L2146210,SE,SE-M,,55.3932324,12.8879581,Falsterbonäset--Ängsnäset,2026-09-25 16:46,206,144
L3517909,SE,SE-W,,60.6000475,15.6166041,Falu Gruva,2026-08-09 16:31,59,34
L7740931,SE,SE-I,,57.0008059,18.384055,Faludden (General area),2026-08-09 13:16,199,46
L21170947,SE,SE-I,,56.9979624,18.3724059,Faludden -- Alkärret,2026-06-06 05:30,75,6
L53392639,SE,SE-I,,57.0024028,18.3725934,Faludden--talldungen,2026-08-09 13:16,19,5
L1824226,SE,SE-I,,56.995302,18.3958377,Faluddens fyr (Faludden Point),2026-08-02 06:27,171,26
L42788793,SE,SE-Z,,62.9563795,15.1377752,Fanbyviken,2026-09-15 08:27,12,2
L20762632,SE,SE-I,,57.7949908,18.9275368,"Fardume träsk, Gotland",2026-04-28 13:29,74,10
L4184190,SE,SE-M,,56.2226296,12.6981926,Farhultsviken,2026-08-19 18:16,209,151
L60101382,SE,SE-AB,,59.2351581,18.1045694,Farsta Strand,2026-08-07 10:52,69,61
L14485150,SE,SE-AB,,59.3136349,18.3737676,"Farstatippen, Gustavsberg",2026-08-30 08:37,37,7
L4303600,SE,SE-W,,60.3646221,16.0510254,Fatburen,2026-08-28 16:05,64,6
L4311098,SE,SE-C,,59.9116393,17.6206541,Faxan,2018-06-03 19:00,47,3
L4674420,SE,SE-N,,57.1092777,13.0411148,Fegen,2023-07-31 14:00,54,4
L4260540,SE,SE-D,,58.6484731,17.1074295,Femörehuvud,2026-07-25 10:40,119,39
L1009608,SE,SE-E,,58.5869344,16.1554599,Femöresbron,2026-06-26 09:55,56,38
L10993666,SE,SE-U,,59.82342,16.202,Fermansbo urskog,2026-04-19 19:48,63,25
L5704255,SE,SE-AB,,59.5094078,18.508873,Fermsholmen,2026-09-18 08:30,41,11
L73660671,SE,SE-O,,57.6578815,11.8231557,Ferry - Gothenburg southern archipelago,2026-09-26 11:08,26,6
L13210547,SE,SE-O,,58.91135,11.06315,Ferry Strömstad - Koster,2026-07-27 09:54,24,1
L2041999,SE,SE-C,,59.8885924,17.351532,Fiby Urskog,2025-03-22 08:03,111,61
L13301015,SE,SE-I,,57.0836576,18.3035432,Fide Prästäng,2026-05-27 13:31,76,12
L4578364,SE,SE-I,,57.0961781,18.2947254,Fidenäsviken,2026-04-16 12:46,76,2
L5407456,SE,SE-I,,57.9738038,19.2675648,Fifang,2026-09-22 11:09,76,13
L4594108,SE,SE-D,,59.434088,16.741503,Fiholm,2026-06-02 00:00,86,19
L4338873,SE,SE-C,,60.2196248,17.8962994,Filmsjön,2026-05-28 14:43,120,20
L39984629,SE,SE-U,,59.3107843,15.878708,Findlaviken,2004-06-04 21:00,1,0
L70307790,SE,SE-M,,56.135327,13.7008465,Finjasjön,2026-07-25 18:26,92,11
L70308053,SE,SE-M,,56.1540914,13.6844178,Finjasjön--Björkedals båtramp,2026-07-25 18:26,10,0
L70308464,SE,SE-M,,56.1206218,13.7316802,Finjasjön--Björkviken
L4492993,SE,SE-M,,56.11618,13.71029,Finjasjön--Guldkusten,2026-06-29 22:01,91,9
L14450554,SE,SE-AB,,59.313648,18.1217481,Finnboda,2025-11-11 09:15,45,5
L22458905,SE,SE-X,,60.9856786,17.168028,Finnharsfjärden,2026-07-06 15:31,8,2
L4332792,SE,SE-S,,60.5789293,12.7225113,Finnskogen,2022-09-16 08:19,14,1
L6428577,SE,SE-D,,59.1840196,15.890522,Fiskeboda,2023-07-30 13:42,37,3
L4462918,SE,SE-O,,57.6983494,11.9240499,Fiskhamnen,2026-09-04 11:30,91,30
L42546651,SE,SE-Z,,63.1720796,15.7978085,Fiskviken,2026-04-29 20:35,3,0
L4954094,SE,SE-D,,59.2697989,15.9046841,Fittjehuvud,2021-05-12 00:00,70,3
L1103930,SE,SE-AB,,59.328549,18.175507,Fjäderholmarna,2026-07-26 18:07,72,50
L13210653,SE,SE-O,,58.599783,11.2876199,Fjällbacka,2026-08-30 17:44,93,16
L4318201,SE,SE-D,,58.707058,16.5190601,Fjällmossens NR,2026-05-25 15:18,37,11
L10110459,SE,SE-M,,55.8095,13.8931,Fjällmossens naturreservat,2025-07-23 10:00,53,10
L2935022,SE,SE-C,,59.8330675,17.9130149,Fjällnora,2026-06-11 11:03,58,10
L46530012,SE,SE-Z,,62.5989289,12.180159,Fjällnäs,2026-07-30 13:02,15,2
L8128570,SE,SE-C,,59.7632325,16.9696809,Fjärdhundraslätten,2026-09-15 07:39,102,47
L6755557,SE,SE-C,,59.7526021,16.9575397,Fjärdhundraslätten -- Gästreladan,2026-09-15 07:39,37,9
L5415924,SE,SE-N,,57.3977019,11.925509,Fjärehals NR,2026-09-27 14:37,197,97
L64504957,SE,SE-N,,57.4029106,11.9260393,Fjärehals NR--Harholmsviken,2026-09-27 13:39,17,2
L64505714,SE,SE-N,,57.4070292,11.9201866,Fjärehals NR--Småholmarna,2026-09-27 13:58,38,2
L64389937,SE,SE-N,,57.392735,11.9099384,Fjärehals--Backfiskarudden (Restricted Access),2026-05-03 06:02,102,2
L35347301,SE,SE-N,,57.445918,12.185163,Fjärås Bräcka naturreservat,2026-07-11 16:03,20,4
L10460695,SE,SE-M,,55.3779172,13.1319593,Flaningen,2025-08-24 14:31,30,5
L10333574,SE,SE-AB,,59.2543051,18.1626822,Flatens NR,2026-05-23 14:59,77,16
L75861312,SE,SE-O,,58.0817973,11.3460581,Flateskär
L10003279,SE,SE-Z,,62.738464,12.7479633,Flatruet,2026-08-19 07:14,133,279
L64416548,SE,SE-Z,,62.7413735,12.7392771,Flatruet--Falkvålen,2026-08-07 16:20,48,14
L68725610,SE,SE-Z,,62.7749106,12.7693118,Flatruet--Kojebäcken,2026-07-03 20:40,22,7
L68725143,SE,SE-Z,,62.7892352,12.7647143,Flatruet--Norra vägbommen,2026-06-12 22:30,5,2
L64416654,SE,SE-Z,,62.7286332,12.7271465,Flatruet--Renslakteriet,2026-06-23 11:39,8,3
L64417104,SE,SE-Z,,62.7509736,12.7559063,Flatruet--Småtjärnarna N. Falkvålen,2026-07-11 23:06,40,14
L64416982,SE,SE-Z,,62.7406652,12.7153998,Flatruet--Tjärnarna V. Falkvålen,2026-08-19 07:14,23,7
L64416800,SE,SE-Z,,62.7138674,12.7065387,Flatruet--V. Storbäcken,2026-07-12 17:30,37,3
L75091958,SE,SE-H,,57.9874959,16.8101431,Flatvarps hamn
L13990738,SE,SE-AB,,59.2081719,17.968858,Flemingsbergsskogen,2026-08-17 19:11,87,27
L5875496,SE,SE-AB,,59.2241049,17.973614,Flemmimgsbergs Våtmark,2026-08-19 18:06,96,39
L3753153,SE,SE-W,,60.3698474,16.1275671,"Flinesjön, Hedemora",2026-05-30 14:19,69,3
L8260239,SE,SE-W,,60.380314,16.0988114,Flinssjön,2015-06-08 00:00,83,1
L4434145,SE,SE-I,,56.9128601,18.1728458,Flisviken,2025-10-25 00:00,76,2
L7034837,SE,SE-O,,58.8607131,11.1492825,Flo,2026-07-07 14:13,44,3
L24489188,SE,SE-D,,59.0743373,16.3653823,Floda kyrksjö,1994-06-26 00:00,83,10
L75919772,SE,SE-O,,57.8098853,12.3616909,Floda station,2026-09-02 13:15,5,0
L74892025,SE,SE-W,,60.59956,15.01121,Flogen,2020-07-24 20:00,7,1
L3267781,SE,SE-C,,59.8492125,17.5909567,Flogsta,2026-07-04 12:53,66,170
L4507239,SE,SE-C,,60.285252,17.8441143,Florarna NR,2026-05-31 05:14,87,22
L5579488,SE,SE-C,,60.4740288,18.5430336,Fluttu Gräsö skärgård,2017-06-11 08:30,60,2
L9559032,SE,SE-T,,59.3172357,14.9465714,"Flyhagen, Ånnaboda",2026-08-24 06:29,22,4
L4374707,SE,SE-M,,55.7483714,13.3502126,Flyinge Kungsgård,2026-09-21 11:42,155,362
L74241761,SE,SE-G,,56.7336929,13.7272412,Flymossens naturreservat
L4564725,SE,SE-U,,59.8687501,16.3208771,Fläcksjön,2026-05-31 07:32,152,54
L77136752,SE,SE-U,,59.8777656,16.3417361,Fläcksjön--Byberget
L65996669,SE,SE-U,,59.8604277,16.3396594,Fläcksjön--Dubbelladan,2026-05-30 20:23,34,2
L77136558,SE,SE-U,,59.8535796,16.3484158,Fläcksjön--Färjebron
L77136845,SE,SE-U,,59.8820849,16.3322943,Fläcksjön--Notudden
L77136910,SE,SE-U,,59.8832036,16.3232677,Fläcksjön--Näsklippan
L77136693,SE,SE-U,,59.8700104,16.3426293,Fläcksjön--Stora och lilla Mörtholmen
L8260416,SE,SE-D,,59.2562911,16.7785947,Flättsjön,2026-04-02 18:27,66,6
L74270862,SE,SE-O,,58.2416875,13.5306399,Forentorpa ängars naturreservat
L22213142,SE,SE-X,,60.6403193,16.8835277,Forsbacka soptipp,2023-03-11 12:23,30,2
L11186996,SE,SE-D,,59.152992,15.947657,"Forsby, Utkiken kalkbrottet",2020-04-18 17:05,17,2
L75859662,SE,SE-O,,58.2861406,11.911266,Forshälladalen
L1824242,SE,SE-C,,60.4057969,18.1713046,Forsmark Nuclear Plant,2023-07-31 08:20,58,7
L11591387,SE,SE-D,,58.951138,16.2862492,Forssjö,2026-04-11 09:13,85,15
L73251677,SE,SE-O,,58.578602,14.4371513,Forsvik,2026-07-12 13:10,7,2
L12849293,SE,SE-M,,55.4364421,12.9700487,Foteviksrännan,2025-11-08 08:34,66,3
L27195848,SE,SE-O,,57.6702478,11.657386,Fotö,2026-07-29 18:05,29,7
L10675768,SE,SE-M,,56.0561645,12.7079926,Fredriksdal,2023-06-30 19:00,30,4
L5706010,SE,SE-M,,56.0863089,14.1545105,Fredriksdal,2017-02-10 00:00,41,8
L21266834,SE,SE-O,,57.7680221,11.9773749,Fridhemsskogen,2025-04-05 16:33,37,4
L77710343,SE,SE-N,,57.316616,12.1690442,Frillesås,2026-07-29 19:30,118,19
L6115039,SE,SE-N,,57.3095121,12.1660709,Frillesås--Löftaåns mynning,2026-07-29 19:30,118,19
L4658404,SE,SE-M,,55.80777,14.2037,Frisebodas naturreservat,2026-08-20 07:57,98,43
L12603095,SE,SE-N,,57.153304,12.2246349,Frystrandsfjorden,2026-09-03 12:25,87,9
L10090324,SE,SE-M,,55.412596,13.3377169,Fröjdenborg,2018-12-26 00:00,13,3
L6445100,SE,SE-M,,55.6439174,14.0073025,Frörum,2026-05-10 11:13,49,3
L36538208,SE,SE-D,,59.0511996,17.3091102,Frösjöstrand,2026-08-11 15:55,25,4
L71315307,SE,SE-U,,59.3039105,15.8527271,Frösshammarsviken
L4585510,SE,SE-H,,56.5355573,16.5712452,Frösslundamossen,2025-06-06 07:20,106,16
L64506315,SE,SE-U,,59.7020735,16.53462,Frösvibäcken,2026-06-17 14:33,67,4
L11526204,SE,SE-C,,60.2613415,18.3579054,Frösåkersvallen,2023-06-07 07:51,51,8
L4505204,SE,SE-Z,,63.1843915,14.57757,Frösön,2025-08-20 17:53,50,13
L9090649,SE,SE-C,,59.906782,17.8565978,Frötuna viltvatten,2022-04-15 07:00,93,19
L2935257,SE,SE-U,,59.7060226,16.4855433,Frövisjön,2026-08-10 16:25,184,148
L77139989,SE,SE-U,,59.7036016,16.4902104,Frövisjön--Plattformen
L14844330,SE,SE-C,,59.9356235,17.6386356,Fullerö backar,2024-04-13 11:13,50,7
L26735928,SE,SE-M,,55.87683,13.61558,Fulltofta gård,2026-06-14 19:01,136,35
L70197978,SE,SE-M,,55.8798849,13.6099731,Fulltofta gård--Fiskarehusdammen,2026-08-11 15:35,8,2
L70198502,SE,SE-M,,55.87363,13.59941,Fulltofta gård--Strandpromenaden,2026-09-03 17:08,56,5
L70198193,SE,SE-M,,55.89263,13.6415,Fulltofta strövområde,2026-06-21 13:55,1,1
L70198270,SE,SE-M,,55.8889802,13.6399539,Fulltofta--Naturcentrum
L8268197,SE,SE-W,,61.6269303,12.6335179,Fulufjällets NP,2026-09-25 15:21,153,278
L9473164,SE,SE-W,,61.6369904,12.7167865,Fulufjällets NP-- Naturum,2026-09-09 07:53,113,98
L4315275,SE,SE-W,,61.6363127,12.6889515,Fulufjällets NP--Njupeskär,2026-09-25 15:21,133,84
L26390306,SE,SE-W,,61.6483233,12.7425241,Fulufjällsgården,2026-08-16 14:20,37,11
L4564227,SE,SE-C,,59.862054,17.852349,Funbosjön,2026-09-27 13:36,155,133
L75859768,SE,SE-O,,58.2574411,11.9790455,Funneshultssjön
L8338592,SE,SE-Z,,62.5428529,12.5454132,Funäsdalen,2026-08-26 09:07,99,47
L5406200,SE,SE-I,,57.7748013,19.0143642,Furilden,2026-08-09 11:06,142,19
L4216473,SE,SE-M,,55.8445463,14.2163086,Furuboda kursgård,2026-08-12 11:00,82,11
L11600867,SE,SE-W,,61.1703041,15.1363784,Furudal,2024-07-13 09:02,86,2
L5667168,SE,SE-M,,55.70695,13.53084,Furudal,2026-08-17 10:56,44,3
L4311117,SE,SE-M,,55.5137298,13.8661194,Furuhus mosse,2026-07-07 14:43,67,5
L77772851,SE,SE-N,,57.3490157,12.0775015,"Furulund, Ölmevalla"
L12710274,SE,SE-AB,,59.6630911,18.9261311,Furusund,2026-05-19 10:14,64,19
L11204551,SE,SE-X,,60.6504763,17.3315107,Furuvik,2025-08-24 19:48,77,4
L75090360,SE,SE-H,,57.2816676,16.6226485,Furö
L1120168,SE,SE-M,,55.5565,13.8584,Fyledalen,2026-09-12 07:50,151,114
L74244109,SE,SE-G,,56.8958689,14.8510555,Fylleryds naturreservat,2026-08-07 11:35,20,1
L64341038,SE,SE-N,,56.6398686,12.9064753,Fyllesjö,2026-08-27 14:19,27,6
L27199126,SE,SE-N,,56.618925,12.907487,Fylleåns mynning,2026-01-24 08:50,64,14
L8268648,SE,SE-C,,59.8479294,17.7144035,Fyrislund,2026-07-08 18:14,57,16
L4339630,SE,SE-AB,,59.5643756,17.9243231,Fysingen,2026-09-27 14:37,220,955
L7348124,SE,SE-AB,,59.5777717,17.9161263,Fysingen--Fågeltornet,2026-09-27 14:37,167,150
L4650869,SE,SE-AB,,59.539721,17.9225206,Fysingen--Hammarby våtmark,2026-07-19 00:00,77,10
L4759027,SE,SE-AB,,59.5844553,17.9214166,Fysingen--Norra ängarna,2026-09-02 19:19,72,13
L66083629,SE,SE-AB,,59.57573,17.9142,Fysingen--Spången,2026-09-11 09:35,94,12
L2283619,SE,SE-AB,,59.5814736,17.9166646,Fysingen--Ströms mad,2026-09-20 09:44,193,257
L37339933,SE,SE-AB,,59.58479,17.91081,Fysingen--Söderströmsbänken,2026-05-31 09:33,103,11
L11487675,SE,SE-AB,,59.572269,17.9050693,Fysingen--Vallstanäsmaden,2026-07-20 19:00,111,29
L66088411,SE,SE-AB,,59.573902,17.9121311,Fysingen--Åholmen,2026-08-08 14:37,56,4
L23052918,SE,SE-K,,56.1033402,14.7019632,Fäholmen,2026-07-24 09:13,37,3
L9031761,SE,SE-D,,59.4067283,16.4036675,"Fälten, Hagtorpet",2024-04-06 00:00,41,13
L73873749,SE,SE-O,,58.0060918,12.2703432,Färdsleskogen & Slereboåns dalgångs naturreservat,2026-07-01 09:38,9,1
L1009607,SE,SE-E,,58.5877508,16.164794,Färgaregården,2026-09-11 18:15,69,80
L74921597,SE,SE-N,,56.9925538,13.338147,Färgåns fågeltorn
L74979794,SE,SE-F,,57.0573527,14.0257307,Färjansö naturreservat
L4953787,SE,SE-U,,59.6020655,16.5481853,Färjekajen,2026-09-16 16:34,41,8
L54060394,SE,SE-O,,57.69679,11.90164,Färjenäsparken,2025-10-15 07:45,18,1
L7942928,SE,SE-H,,56.6550613,16.4726807,Färjestadens dämme,2026-09-07 11:00,101,45
L1889210,SE,SE-U,,59.8503535,15.9132542,Färna ekopark,2026-05-09 11:55,121,8
L73771882,SE,SE-X,,60.2174487,16.7944128,Färnebofjärdens NP,2026-08-27 09:13,141,108
L1824396,SE,SE-U,,60.1472461,16.7897739,Färnebofjärdens NP--Lindebergsmossen,2026-05-05 09:51,103,28
L7035326,SE,SE-X,,60.2804017,16.8639088,Färnebofjärdens NP--Mattön,2026-05-04 08:18,101,36
L7334128,SE,SE-C,,60.2126261,16.8548003,Färnebofjärdens NP--Skekarsbo,2026-08-27 09:13,100,22
L4902415,SE,SE-U,,60.1756437,16.760931,Färnebofjärdens NP--Tinäsets NR,2024-02-20 11:46,104,20
L8268148,SE,SE-W,,60.1999012,16.6946135,Färnebofjärdens NP--Tyttbo,2023-03-29 10:44,32,2
L75934805,SE,SE-K,,56.1595393,15.8596171,Färskesjöns NR--Färskesjön
L77321324,SE,SE-K,,56.1514445,15.8328545,Färskesjöns naturreservat
L23838016,SE,SE-O,,57.6471462,11.9811857,Fässberg--Prästabäcken,2006-01-22 00:00,2,0
L8189012,SE,SE-N,,57.292249,12.5179903,Fävren,2026-03-14 11:49,17,0
L74981484,SE,SE-N,,57.3011063,12.538052,Fävren--Fågeltornet
L75943386,SE,SE-K,,56.0923333,14.7189496,Fäören
L7522572,SE,SE-D,,59.3680403,16.3725686,Fåfelmossen,2026-08-09 09:29,51,5
L74446892,SE,SE-X,,61.79811,14.64404,Fågelsjö,2026-07-24 10:45,4,1
L3076328,SE,SE-C,,60.6011272,17.9387856,"Fågelsundet, Björns skärgård",2026-09-27 13:20,199,138
L63144113,SE,SE-O,,58.8157019,13.7778642,Fågelö Kapell,2026-04-18 06:04,38,2
L13266185,SE,SE-C,,59.5739,17.3838,Fånö,2007-06-06 03:05,96,12
L52546128,SE,SE-AC,,63.4512162,19.6309558,Fårskärsviken,2025-09-04 18:00,4,0
L3588758,SE,SE-I,,57.9599231,19.3488523,"Fårö fyr, Holmudden",2026-09-26 14:27,164,79
L5406030,SE,SE-I,,57.9156251,19.1331925,Fårö kyrka,2026-05-02 06:45,93,11
L4179849,SE,SE-I,,57.8675077,19.0610218,Fårösund,2026-09-27 08:24,95,42
L75941808,SE,SE-K,,56.196717,15.4339286,Förkärla,2026-08-22 08:47,2,0
L10073171,SE,SE-D,,59.1889234,15.88287,Gagnhäll,2014-10-26 11:25,12,0
L23599724,SE,SE-C,,59.875885,17.627163,"Galgbacken, Uppsala",2026-05-23 17:20,49,79
L65029818,SE,SE-N,,56.6851357,12.8489378,"Galgberget, Halmstad",2024-06-11 09:19,28,3
L52131587,SE,SE-Z,,62.78162,14.43785,Galhammarudden,2026-08-01 20:30,31,4
L4462941,SE,SE-N,,57.02761,12.31861,Galtabäck,2026-08-30 16:54,232,190
L17632060,SE,SE-N,,57.02877,12.31089,Galtabäck--Fågeltornet & Hamnen,2026-08-18 12:09,135,57
L76592001,SE,SE-N,,57.0301187,12.3175457,Galtabäck--Galtavattnet
L7693459,SE,SE-N,,57.0362781,12.3012114,Galtabäck--Lerjan,2026-06-26 07:00,200,45
L22022970,SE,SE-O,,57.6449695,11.7447602,Galterö naturreservat,2026-09-26 12:28,101,18
L56904092,SE,SE-Y,,62.1621955,17.4868441,Galtström,2024-05-25 20:11,36,0
L12810032,SE,SE-O,,58.8049981,11.2412218,Galtö lera,2026-07-29 16:00,48,11
L19501378,SE,SE-AB,,59.327725,18.0924761,Galärparken,2026-09-22 11:04,80,156
L77047948,SE,SE-M,,55.8727782,13.4927006,Gamla Bo
L11259113,SE,SE-S,,59.3596617,13.4675391,"Gamla Flygplatsen, Karlstad",2026-05-12 08:37,13,1
L37734822,SE,SE-AB,,59.9988711,18.8786055,Gamla Grisslehamn,2008-04-04 00:00,40,2
L76592076,SE,SE-N,,57.0437026,12.293979,"Gamla Köpstad, Träslöv"
L5434201,SE,SE-D,,58.6628795,17.1298742,Gamla Oxelösund,2026-01-16 10:21,79,5
L2981521,SE,SE-C,,59.897927,17.6331425,Gamla Uppsala,2026-09-13 16:38,126,90
L13103693,SE,SE-M,,55.6019902,12.9971802,"Gamla kyrkogården, Malmö",2026-09-27 15:01,83,52
L71318525,SE,SE-U,,59.9848249,15.8206258,Gamla sågverket
L71319256,SE,SE-U,,59.4016306,15.8608245,"Gamla tippen, Arboga"
L67088159,SE,SE-X,,60.67163,17.13981,Gammelbron,2026-05-20 19:50,7,1
L4029895,SE,SE-BD,,65.6281153,22.0851588,Gammelstadsviken,2026-09-27 18:54,145,158
L17543464,SE,SE-O,,57.632965,11.8771293,Ganlet,2026-07-04 16:34,56,8
L4578383,SE,SE-I,,57.3450353,18.1777382,Gannarveskär,2007-04-29 09:00,31,0
L35096519,SE,SE-AC,,65.3091524,17.964319,Gargnäs,2024-07-31 00:00,13,1
L4949545,SE,SE-AB,,59.6497182,17.7422333,"Garnsviken, Sigtuna",2026-05-27 08:10,119,31
L38350540,SE,SE-O,,58.4989102,13.840682,Garparörs naturreservat,2026-07-17 17:37,45,3
L77074022,SE,SE-T,,59.2786258,14.8871237,Garphyttans NP--Lövängen
L77074090,SE,SE-T,,59.2868052,14.8909121,Garphyttans NP--Tretågläntan
L77073968,SE,SE-T,,59.2871363,14.900947,Garphyttans NP--Ättestupan
L4252770,SE,SE-T,,59.28209,14.88926,Garphyttans nationalpark,2026-09-19 15:26,103,102
L77772636,SE,SE-N,,57.4359602,11.9105991,"Gate Klova, Vallda",2026-09-26 07:53,54,3
L57305457,SE,SE-N,,57.44151,11.90556,Gate Klova--Grunsen,2026-09-26 07:53,54,3
L77140673,SE,SE-S,,59.6223106,13.9805245,Geijerdalsmossens naturreservat
L7080113,SE,SE-D,,58.98867,16.145087,"Gennekvarn, Värmbol",2026-05-29 06:05,73,40
L18125654,SE,SE-O,,58.6932281,11.3545149,"Gerum, Tanum",2026-07-29 13:32,29,4
L74268949,SE,SE-O,,58.1597964,13.7354892,Gerumsberget
L12571964,SE,SE-M,,55.5002204,12.9350114,Gessiedammen,2025-04-17 11:22,39,4
L75858044,SE,SE-O,,58.0144848,11.7989966,Getskär
L1120165,SE,SE-N,,57.1262,12.2348,Getterön,2026-09-26 12:32,308,1161
L12955409,SE,SE-N,,57.1245,12.20605,Getterön--Bengtssons häck,2024-03-27 11:00,86,4
L8188972,SE,SE-N,,57.1244655,12.2284605,Getterön--Flygfältet,2026-07-01 07:10,66,8
L10908098,SE,SE-N,,57.12598,12.25199,Getterön--Fågelstationen,2026-08-26 09:57,149,37
L10908002,SE,SE-N,,57.11262,12.22578,Getterön--Klöven,2026-08-08 13:30,58,13
L64584126,SE,SE-N,,57.128193,12.258393,Getterön--Kärven,2026-08-03 14:51,10,1
L66227947,SE,SE-N,,57.11314,12.21353,Getterön--Lilla näs,2020-11-27 00:00,2,0
L8148521,SE,SE-N,,57.1263757,12.2523737,Getterön--Naturum,2026-09-24 15:35,213,258
L8189473,SE,SE-N,,57.12734,12.25276,Getterön--Obsplatsen,2026-09-12 11:05,161,86
L66227635,SE,SE-N,,57.1267049,12.2026527,Getterön--Sillahallen
L66227173,SE,SE-N,,57.1210244,12.2340299,Getterön--Södra viken,2026-08-26 11:16,24,1
L8148485,SE,SE-N,,57.1179357,12.2026699,Getteröns NR--5:e vik,2026-08-18 17:17,103,23
L8195756,SE,SE-N,,57.1215299,12.200999,Getteröns NR--6:e vik,2026-07-20 13:14,139,18
L8832645,SE,SE-N,,57.1315597,12.2473072,Getteröns NR--Bassängen,2026-06-19 13:44,124,11
L8189629,SE,SE-N,,57.1243614,12.2443465,Getteröns NR--Dammen,2026-09-17 13:50,194,31
L66229134,SE,SE-N,,57.1290257,12.222869,Getteröns NR--Farehammarsviken,2019-05-04 00:00,5,0
L8188949,SE,SE-N,,57.1234317,12.2380545,Getteröns NR--Fågeltornsparkeringen,2026-08-09 07:54,150,108
L4327570,SE,SE-N,,57.1169132,12.1927214,Getteröns NR--Gubbanäsan,2026-08-08 15:47,206,78
L8189289,SE,SE-N,,57.1333162,12.2510186,Getteröns NR--Himleåns mynning,2026-07-19 18:29,43,4
L8198528,SE,SE-N,,57.1285856,12.2136832,Getteröns NR--Killingatången,2026-08-02 20:08,140,32
L8188995,SE,SE-N,,57.12574,12.24926,Getteröns NR--Stora gömslet,2026-09-22 18:30,133,64
L8189180,SE,SE-N,,57.12497,12.25067,Getteröns NR--Vassgömslet,2026-09-26 12:32,114,40
L42851838,SE,SE-Z,,62.8154055,15.3533825,Gimån,2026-05-13 10:26,37,11
L43182847,SE,SE-Z,,62.8123187,15.3534707,Gimån--Utloppet Revsundsjön,2024-04-01 10:32,15,4
L43001687,SE,SE-Z,,62.8176461,15.3585966,Gimån--Vindskyddet,2025-04-20 11:13,12,1
L56010687,SE,SE-F,,57.2782073,13.5231721,Gislaved Reningsverk,2013-08-07 00:00,5,1
L4866149,SE,SE-M,,55.4852493,14.3163228,Gislövhammar,2026-06-07 08:01,114,15
L4311115,SE,SE-M,,55.4952704,14.2751455,Gislövs stjärna,2025-04-21 15:38,73,9
L49691212,SE,SE-C,,60.1193907,18.3739295,Gisslaren,2021-03-14 13:00,1,0
L2935471,SE,SE-AB,,59.776248,19.1802406,Gisslingö,2026-06-07 22:12,31,2
L17361365,SE,SE-AB,,59.1732589,17.9901218,Gladö Kvarntippen,2026-08-12 20:32,20,6
L8260409,SE,SE-T,,59.3173049,15.4014835,Glanshammar,2026-07-24 12:30,14,0
L10020121,SE,SE-S,,59.510046,12.3719905,Glaskogens naturreservat,2026-07-25 06:27,96,31
L6243416,SE,SE-M,,55.7454366,14.0844619,Glimmebodagården,2021-06-20 10:07,32,5
L71819416,SE,SE-M,,55.49987,14.22965,Glimminge,2026-06-20 10:30,1,0
L4243140,SE,SE-M,,56.3771493,12.6960754,Glimminge plantering,2026-06-01 09:30,101,26
L4602597,SE,SE-M,,55.487383,14.2361838,Glivarps mosse,2026-06-14 18:34,89,18
L2416674,SE,SE-N,,56.93143,12.36116,Glommen,2026-09-21 12:24,180,88
L64587127,SE,SE-N,,56.9298761,12.3521838,Glommen--Glommens hamn,2026-09-07 16:47,18,2
L64587643,SE,SE-N,,56.937,12.35899,Glommen--Glommens havsbad
L8332366,SE,SE-N,,56.9313785,12.3483242,Glommen--Glommens sten,2026-09-21 12:24,155,65
L21573040,SE,SE-E,,58.7092525,16.1860364,Glotternskogens naturreservat,2026-06-17 11:47,37,4
L77138185,SE,SE-U,,59.7257109,16.1474997,Glåpenbadet
L75088368,SE,SE-F,,57.4015148,14.9136389,Glömsjö
L25692021,SE,SE-W,,60.4725472,15.6028191,Glöttret,2026-03-17 11:52,42,8
L3517747,SE,SE-U,,59.7506506,16.1909123,Gnien naturreservat,2026-09-15 06:40,134,38
L53638990,SE,SE-I,,57.5030841,18.1110092,Gnisvärds fiskeläge,2026-06-01 13:21,54,3
L13122486,SE,SE-D,,59.3524245,17.053633,Gorsingeholm,2026-08-09 10:51,60,9
L26372048,SE,SE-I,,57.602952,18.375572,Gotlands västra skogar,2003-05-25 12:00,1,0
L75628313,SE,SE-I,,58.3965845,19.1782388,Gotska Sandön--Bredsandsudde,2026-08-28 11:00,31,5
L4949550,SE,SE-I,,58.36411,19.244957,Gotska Sandöns Nationalpark,2026-06-17 21:00,157,22
L66492844,SE,SE-N,,57.3881917,12.0207714,Gottskär,2026-05-30 12:16,2,0
L22925494,SE,SE-G,,56.7759304,14.2597401,Granhultsbergets naturreservat,2023-11-12 07:55,8,2
L9426051,SE,SE-X,,61.3142703,17.0769147,Granskärs våtmark,2023-06-12 00:31,50,2
L5549798,SE,SE-X,,60.6881305,17.2335684,Granudden,2024-03-06 11:00,47,3
L6662678,SE,SE-D,,58.6770269,16.9715595,Granövassen,2025-08-05 06:56,44,1
L22988466,SE,SE-H,,57.0018905,16.9151413,Greda vik,2003-06-21 00:00,18,1
L4190204,SE,SE-D,,59.3771136,16.479578,Gredby,2026-08-31 00:00,45,8
L9154930,SE,SE-C,,59.7372815,17.7829385,Gredelby Hagar,2026-05-24 16:23,88,40
L1022083,SE,SE-E,,58.5255709,15.8058071,Grensholm,2024-06-01 10:00,50,14
L75921817,SE,SE-O,,57.656166,12.0369988,Grevedämmet
L4669644,SE,SE-N,,56.8443874,12.5512791,Grimsholmen,2026-08-02 16:26,132,39
L77320986,SE,SE-K,,56.3183927,14.8683127,Grimsmåla naturreservat
L3492017,SE,SE-T,,59.7287619,15.4721823,Grimsö forskningsstation,2026-03-04 11:59,72,25
L4842182,SE,SE-AB,,59.4071802,18.5626888,Grinda,2026-09-05 10:29,96,68
L8871981,SE,SE-D,,58.8325444,17.3116315,Grinda våtmark,2021-08-04 17:05,50,3
L9944849,SE,SE-D,,59.2563372,17.2172692,Gripsholm,2026-07-10 11:00,62,14
L11674497,SE,SE-D,,59.253137,17.202711,Gripsholms hjorthage naturreservat,2026-09-24 12:11,51,8
L7153046,SE,SE-D,,59.0545734,16.1103344,Gropptorp,2020-05-22 16:18,4,0
L12977285,SE,SE-O,,57.959066,12.1982847,Grosjön,2026-04-28 08:36,66,5
L32657573,SE,SE-AC,,63.6544467,20.8434085,Grossgrunden,2024-06-02 11:48,67,3
L73307157,SE,SE-X,,61.48487,16.61528,Grossjöbergets naturreservat,2026-06-30 00:00,23,1
L75088415,SE,SE-F,,57.4047977,15.0450733,Grumlan
L5959867,SE,SE-AB,,59.1356511,18.372254,"Grustaget, Sandemar",2025-08-31 16:27,71,9
L26537285,SE,SE-BD,,67.8504054,20.2225413,Gruvstadsparken,2026-09-23 10:45,19,2
L10090507,SE,SE-I,,57.3817057,18.8357594,Grynge,2017-07-20 00:00,12,1
L4574242,SE,SE-W,,60.6251621,14.6891499,Gryssen,2024-06-22 13:45,17,1
L17646041,SE,SE-U,,59.6656933,16.5436119,Gryta soptipp,2026-01-11 14:04,68,3
L23079153,SE,SE-M,,56.3378626,12.7460983,Grytskären,2026-07-13 11:05,80,9
L13392451,SE,SE-AB,,59.7650211,19.0509785,Gräddö,2025-02-24 01:35,41,3
L17716174,SE,SE-AB,,59.7672256,19.0321264,Gräddö brygga,2026-01-28 10:34,23,5
L6431093,SE,SE-F,,58.025075,14.469821,Gränna,2026-08-19 17:11,71,8
L4507637,SE,SE-F,,58.0200628,14.4650781,Gränna kyrkogård,2026-04-12 14:01,47,4
L15931141,SE,SE-E,,58.1932179,16.6207503,Grännäs Camping,2024-06-29 10:22,36,0
L75092195,SE,SE-H,,57.7647425,16.6900542,Gränsö NR--Bondbacken
L75092139,SE,SE-H,,57.7603704,16.6829508,Gränsö NR--Gränsö Slott
L75092158,SE,SE-H,,57.7691484,16.6746189,Gränsö NR--Gränsö kanal
L75092216,SE,SE-H,,57.7606257,16.708981,Gränsö NR--Lillön
L75092092,SE,SE-H,,57.7387653,16.7032825,Gränsö NR--Lucernafjärden syd
L75092117,SE,SE-H,,57.7490668,16.7026414,Gränsö NR--Lucernafjärdens östra del
L75092239,SE,SE-H,,57.7442662,16.7166942,Gränsö NR--Skanvik
L75092030,SE,SE-H,,57.7313932,16.7161972,Gränsö NR--Södra udden
L75092002,SE,SE-H,,57.74212,16.71055,Gränsö naturreservat,2026-08-16 14:00,27,2
L4588783,SE,SE-H,,56.3104114,16.5094686,Gräsgård,2026-09-03 16:10,107,17
L4195159,SE,SE-H,,56.3173023,16.5322995,Gräsgårds hamn,2026-09-09 16:08,179,104
L5613028,SE,SE-C,,60.4002633,18.5763359,Gräsö skärgård,2026-06-19 19:19,24,3
L9643834,SE,SE-BD,,65.5614185,22.2785332,Gräsörenbron Hertsöfjärden,2025-09-26 14:16,41,7
L22458677,SE,SE-X,,60.7377254,16.4663708,Grävna Knippans NR,2023-01-27 08:59,8,1
L4184075,SE,SE-M,,56.13036,12.59139,Grå läge,2026-06-30 11:05,77,11
L9999568,SE,SE-AB,,59.1658713,17.7549877,Grödinge golfcenter,2026-04-15 17:17,5,0
L10976959,SE,SE-AB,,59.4747415,17.7515084,Gröna Udden,2025-01-04 09:48,70,9
L32704416,SE,SE-C,,59.62232,17.07116,Gröngarnsåsen-Dyarna,2015-01-24 00:00,76,3
L3718459,SE,SE-H,,56.26861,16.40104,Grönhögen,2026-09-08 11:01,200,106
L26744444,SE,SE-H,,56.27084,16.4099,Grönhögen--Kalkbrottet,2026-09-06 16:53,32,1
L72588166,SE,SE-H,,56.2702858,16.3910519,Grönhögen--Lilla hamnen
L4612615,SE,SE-H,,56.2696356,16.392889,Grönhögen--Västra dammen,2026-09-08 11:01,171,90
L72588038,SE,SE-H,,56.2723494,16.4017013,Grönhögen--Östra dammen
L9417968,SE,SE-X,,61.1134498,17.009814,Grönmyran,2023-08-26 12:00,39,1
L14530515,SE,SE-AB,,59.2779961,19.0252925,Grönskär,2025-06-30 18:23,44,2
L16310377,SE,SE-AC,,63.7834057,20.352567,Grössjön,2026-09-13 15:43,67,20
L3587478,SE,SE-I,,57.11835,18.4473753,Grötlingboudd,2026-05-05 19:36,124,12
L64337409,SE,SE-N,,56.6419305,12.7785948,Grötvik,2026-08-29 10:02,163,39
L64337697,SE,SE-N,,56.65186,12.77405,Grötvik--Eketånga NR
L64337114,SE,SE-N,,56.6482676,12.7929045,Grötvik--Jansabryggan,2025-01-04 12:24,45,5
L64338462,SE,SE-N,,56.6449235,12.7888091,Grötvik--Långenäsdammen
L64338175,SE,SE-N,,56.6433242,12.7924527,Grötvik--Långenäsudden
L8189651,SE,SE-N,,56.64259,12.78586,Grötvik--Ringmärkardungen,2025-09-20 06:52,130,14
L64337876,SE,SE-N,,56.647419,12.7616557,Grötvik--Sandhamn,2024-12-08 10:16,17,2
L8203796,SE,SE-N,,56.6447921,12.7752075,Grötvik--Spritkullen (Migration Site),2026-08-29 10:02,132,17
L64338010,SE,SE-N,,56.6510409,12.7844468,Grötvik--Stenhuggeriet,2025-01-04 13:12,8,1
L64290267,SE,SE-O,,57.6949816,11.6851257,Grötö,2026-07-30 11:24,11,1
L14579492,SE,SE-Y,,62.3499719,17.5779116,Gubben,2023-06-22 22:00,19,8
L11069925,SE,SE-AB,,59.2625604,18.0691538,Gubbängens IP,2026-07-13 16:28,14,4
L75856565,SE,SE-O,,57.873358,11.8637444,Guddehjälm
L75876550,SE,SE-O,,58.89949,14.22272,Gudhammarsviken,2026-08-17 11:01,11,1
L13322966,SE,SE-C,,60.5116303,18.0088112,Gudinge,2025-08-14 15:30,99,16
L8304043,SE,SE-N,,56.7045297,12.7349531,Gullbrandstorp,2025-01-04 08:22,17,3
L36362881,SE,SE-N,,56.5877984,12.9368479,Gullbranna NR--Genevadåns mynning,2026-08-27 20:16,28,5
L30252914,SE,SE-N,,56.5841693,12.9433879,Gullbranna naturreservat,2026-08-27 20:16,54,8
L76199421,SE,SE-O,,58.9873691,14.1095941,Gullspångsforsen
L74271162,SE,SE-O,,58.3011709,13.6283073,Gullängens naturreservat
L4529075,SE,SE-M,,55.6565358,13.2093215,Gullåkra Mosse,2025-10-14 11:29,71,15
L65578841,SE,SE-AC,,64.216972,21.078229,Gumbodahamn,2026-05-10 14:13,12,4
L63273813,SE,SE-X,,60.5981929,16.7878725,Gunnarudden,2026-09-08 16:56,59,11
L19400811,SE,SE-O,,57.65797,12.05902,Gunnebo Slott,2026-07-21 18:30,36,3
L75932804,SE,SE-K,,56.1518425,14.7763607,Gunnön
L77137095,SE,SE-U,,59.9082751,16.3294547,Gussjömyran
L11329148,SE,SE-U,,59.898206,16.378337,Gussjön,2026-05-30 20:55,75,8
L77137002,SE,SE-U,,59.8928458,16.3866909,Gussjön--Ågrens backe
L9993476,SE,SE-AB,,59.325575,18.38479,Gustavsberg,2026-06-23 12:46,67,29
L6200819,SE,SE-D,,59.386264,16.426063,Gustavsborgsfältet,2024-11-15 00:00,42,18
L2935249,SE,SE-X,,60.2851415,16.9077873,Gysinge storön,2026-08-26 12:16,109,58
L70167272,SE,SE-N,,57.4434023,12.2401782,Gäddeviks naturreservat
L47511199,SE,SE-X,,61.8733777,16.8951974,Gäddsjön,2025-06-14 12:11,25,2
L49769821,SE,SE-D,,58.6906368,16.8116568,Gälkhyttedammen,2021-11-21 14:30,1,0
L6219177,SE,SE-O,,58.4848788,12.4664998,Gälle udde,2021-09-27 15:45,40,4
L3115131,SE,SE-BD,,67.1197222,20.6411111,Gällivare--south of town,2025-08-17 09:10,57,14
L7064622,SE,SE-AB,,59.3962252,18.6472428,Gällnö,2026-08-04 19:32,39,5
L75904077,SE,SE-E,,58.8301437,15.337009,Gällsjön
L42539205,SE,SE-Z,,62.9170234,15.2449135,Gällösundet,2025-09-15 12:29,13,0
L55859353,SE,SE-Y,,62.4120411,17.3620938,"Gärdetjärnen, Sundsvall",2026-07-17 16:26,23,0
L4216436,SE,SE-E,,58.4302271,15.6504536,Gärstadsverken,2026-04-10 18:35,84,10
L8195574,SE,SE-N,,57.1465512,12.4894841,Gässlösa,2026-05-09 16:43,39,2
L11224019,SE,SE-X,,60.6826,17.18886,Gävle--Inre fjärden,2026-07-21 10:40,161,30
L12742730,SE,SE-AB,,59.094907,18.3445662,Gålö -- Havtornsudd,2026-09-27 13:35,87,26
L8719386,SE,SE-AB,,59.0968961,18.3217166,Gålö havsbad,2026-05-25 17:24,89,32
L74935329,SE,SE-N,,57.3631429,12.0811705,"Gårda Brygga, Ölmanäs"
L17096498,SE,SE-H,,56.6046506,16.701171,Gårdby hamn,2026-09-26 11:15,160,101
L4585573,SE,SE-H,,56.6143721,16.6444588,Gårdby sandhed,2026-08-29 11:11,108,53
L42539864,SE,SE-Z,,62.752593,15.0831051,"Gårdstjärnen, Hunge",2026-09-01 08:36,57,29
L5667123,SE,SE-M,,55.768068,13.3094215,Gårdstångadammen (E22),2026-06-16 00:11,33,4
L4934664,SE,SE-AB,,59.402302,17.7623391,"Gåseborg, Görvälns NR",2026-09-07 08:03,178,281
L75232287,SE,SE-H,,57.1765247,16.9339566,Gåsekärr
L5407298,SE,SE-I,,57.9385748,19.2242889,Gåsemora,2026-05-01 19:45,91,10
L75091087,SE,SE-H,,57.1162498,16.3521533,Gåsgöl
L22458822,SE,SE-X,,61.0061362,17.2432209,Gåsholma,2024-06-02 14:45,27,3
L75940534,SE,SE-K,,56.1409718,15.2844358,Gö NR--Gökalv
L75940144,SE,SE-K,,56.1333635,15.298478,Gö naturreservat
L75940596,SE,SE-K,,56.1289278,15.314704,Gö--Gö hamn
L75940573,SE,SE-K,,56.1414122,15.3137912,Gö--Gö ängar
L62725156,SE,SE-C,,59.8027763,16.7860522,Gölja våtmark,2026-09-15 08:18,83,15
L65112705,SE,SE-G,,56.7886325,14.0763922,Gölsjömyrens NR
L7453605,SE,SE-AB,,59.2527715,17.9190016,Gömmaren NR,2026-08-08 13:09,80,37
L4314174,SE,SE-H,,56.4493133,16.5887976,Görans dämme,2026-06-20 09:48,130,47
L4758932,SE,SE-AB,,59.4275809,17.7914572,Görvälns griftegård,2026-05-05 15:32,125,58
L4335229,SE,SE-AB,,59.4347797,17.7857065,Görvälns slott,2026-08-21 06:28,94,33
L59516978,SE,SE-O,,58.7338778,12.4731088,Gösjön,2025-08-08 10:08,47,3
L10484255,SE,SE-O,,57.6703301,12.2910645,Göteborg--Landvetter Airport,2026-09-23 11:54,29,13
L66825707,SE,SE-O,,57.6171336,11.9037352,Göteborg--Saltsjönäs
L64509127,SE,SE-O,,57.7095081,11.9745505,Göteborgs Centralstation,2026-09-25 10:45,11,3
L19411764,SE,SE-O,,57.6809967,11.9542758,Göteborgs botaniska trädgård,2026-09-25 17:01,98,163
L65028602,SE,SE-O,,57.7045844,11.9652234,Göteborgs domkyrka,2026-09-25 10:59,19,5
L14921079,SE,SE-M,,55.6930432,13.0743447,Habogårdsdammarna,2026-08-02 13:30,79,7
L16428067,SE,SE-O,,57.576131,11.9405352,Haga Kiles fågeltorn,2026-09-14 11:02,91,104
L6923689,SE,SE-H,,56.5802173,16.4135528,Haga park,2026-05-26 08:31,84,12
L7460330,SE,SE-D,,59.3938097,16.4025396,Hagaholmsstigen,2025-06-14 00:00,46,37
L4504193,SE,SE-AB,,59.362566,18.0359244,Hagaparken,2026-09-20 15:50,117,165
L7460338,SE,SE-D,,59.3722384,16.4001095,Hagastugan,2026-09-14 10:31,70,25
L8299888,SE,SE-AB,,59.4811943,18.0138813,Hagby Ekopark,2026-09-27 10:45,115,73
L9417302,SE,SE-H,,56.5813804,16.2242843,Hagbyhamn,2026-09-18 17:15,117,8
L6229955,SE,SE-D,,59.3784361,16.4194643,Hagbyområdet,2026-09-18 17:09,134,81
L5533309,SE,SE-D,,59.260639,16.546039,Hagbysjön,2026-05-31 10:17,43,7
L7087355,SE,SE-E,,58.573086,16.2114429,Hageby centrum,2024-01-02 14:18,13,2
L73988362,SE,SE-E,,58.4679042,14.9459831,Hagebyhöga naturreservat,2026-08-19 15:11,33,3
L6438394,SE,SE-M,,55.386767,14.146294,"Hagestads naturreservat, Löderup",2026-07-24 05:42,103,10
L76370934,SE,SE-N,,56.6307063,12.9059011,Hagöns NR--Hagöns våtmark
L22937534,SE,SE-N,,56.63135,12.90332,Hagöns naturreservat,2026-01-17 10:25,73,11
L70018153,SE,SE-M,,55.3893329,13.5928507,"Haken, Abbekås",2026-07-16 08:22,66,6
L75939753,SE,SE-K,,56.257246,14.5099399,Halens naturreservat
L13365325,SE,SE-I,,57.5115981,18.4684763,Halladammarna,2024-06-19 12:56,58,4
L4658408,SE,SE-M,,55.7081181,14.0187156,Hallamölla,2026-08-09 13:00,78,20
L77049327,SE,SE-M,,56.4506537,12.5426359,Hallands Väderö NR--Fyren
L77049451,SE,SE-M,,56.4578163,12.5518306,Hallands Väderö NR--Kråkan
L77049371,SE,SE-M,,56.4332859,12.5686661,Hallands Väderö NR--Kungshamn
L77049540,SE,SE-M,,56.4388698,12.5723364,Hallands Väderö NR--Söndre skog
L73277828,SE,SE-M,,56.4248606,12.5875689,Hallands Väderö NR--Vinga skär (island and vicinity ONLY)
L2779537,SE,SE-M,,56.44341,12.55984,Hallands Väderö naturreservat,2026-08-25 17:39,140,28
L8255954,SE,SE-U,,60.0935512,16.6867474,Hallaren,2026-06-12 21:25,44,3
L8268558,SE,SE-C,,60.0591034,16.7197096,Hallaren (Upplandsidan),2024-06-29 00:00,25,1
L77321272,SE,SE-K,,56.1544884,15.823477,Hallarumsvikens naturreservat
L20947358,SE,SE-O,,59.03035,11.13943,Halle-Vagnaren NR,2022-09-20 12:00,21,1
L67942555,SE,SE-O,,58.3737867,12.4400709,Halleberg,2026-08-17 11:31,56,23
L74268491,SE,SE-O,,58.3952184,12.4644119,Halleberg--Ekebacken,2026-08-17 11:31,1,0
L5567264,SE,SE-O,,58.4016667,12.4523807,Halleberg--Hallesnipen,2026-08-07 16:40,56,23
L74268377,SE,SE-O,,58.3887837,12.4408611,Halleberg--Rörmossen
L4661963,SE,SE-H,,57.037854,16.9519901,Hallnäs udde,2021-04-26 15:55,23,1
L73988741,SE,SE-E,,58.1509569,15.6455657,Hallstad ängar NR
L4457724,SE,SE-U,,59.6120254,16.230328,Hallstahammar,2025-10-11 07:24,24,1
L21897902,SE,SE-AB,,60.0475225,18.5791394,Hallstavik,2025-09-13 11:24,119,6
L35339139,SE,SE-AB,,60.0578164,18.6126732,Hallstavik - - Nordöstra,2025-07-20 08:15,83,112
L41804376,SE,SE-AB,,60.0449702,18.5936268,Hallstavik - - Skeboån,2025-06-29 10:04,66,10
L2158825,SE,SE-H,,56.8067994,16.5813732,Halltorps hage,2026-08-21 20:05,128,46
L24853830,SE,SE-N,,56.669036,12.86472,Halmstad C,2026-09-08 17:34,17,2
L4438294,SE,SE-N,,56.65309,12.86314,Halmstad Hamn,2025-07-14 18:45,150,58
L74087774,SE,SE-N,,56.6507957,12.8726792,Halmstad Hamn--Handikappbadet,2025-04-28 14:56,67,11
L74088333,SE,SE-N,,56.6575174,12.8673822,Halmstad Hamn--Industriområdet,2025-04-28 15:45,25,3
L74088633,SE,SE-N,,56.6625843,12.8586302,Halmstad Hamn--Schéleterminalen,2025-04-28 16:16,16,3
L74087600,SE,SE-N,,56.647798,12.8518035,Halmstad Hamn--f.d. Vassområdet,2024-09-29 16:32,28,2
L6580157,SE,SE-N,,56.6613528,12.8472562,Halmstads reningsverk,2026-04-10 09:04,77,24
L13210411,SE,SE-O,,58.12708,11.79166,Halsefjorden,2025-03-17 08:14,35,1
L7035163,SE,SE-O,,58.5460045,11.2558365,Hamburgö,2026-08-06 11:01,9,1
L4187317,SE,SE-M,,55.4067825,14.0213442,Hammar,2026-09-17 15:40,101,21
L10023219,SE,SE-H,,56.3898678,16.413162,Hammarby,2025-09-04 10:51,37,2
L4150282,SE,SE-AB,,59.3074676,18.1013918,Hammarby Sjö,2026-09-22 13:14,83,257
L3804741,SE,SE-AB,,59.2990658,18.1097281,Hammarbybacken,2026-08-08 11:01,110,347
L12563048,SE,SE-H,,56.3867662,16.4042902,Hammarbydammen,2026-05-15 09:12,10,0
L43306183,SE,SE-S,,59.34705,13.5191,Hammars Udde,2026-05-16 15:50,40,2
L37685821,SE,SE-M,,55.5715984,12.9171562,Hammars park,2026-07-07 11:22,49,13
L74977486,SE,SE-G,,56.5426219,13.7226667,Hammarsjön
L6232180,SE,SE-M,,56.0120579,14.190731,Hammarsjön--Ekenabben,2025-11-07 14:41,130,18
L11222615,SE,SE-C,,59.7845307,17.5571984,Hammarskogs NR--Stora kärret,2026-08-25 19:52,51,15
L25602089,SE,SE-S,,59.25403,13.50462,Hammarö Sydspets,2026-09-27 07:31,89,13
L77142529,SE,SE-S,,59.2556821,13.5058755,Hammarö Sydspets--Fyrholmen
L77141762,SE,SE-S,,59.25755,13.50808,Hammarö Sydspets--Fågelstationen & Spången,2026-09-27 07:31,29,2
L77141714,SE,SE-S,,59.25447,13.5056,Hammarö Sydspets--Skage fyr
L43177715,SE,SE-Z,,63.585667,15.3540289,Hammerdal,2021-09-20 00:00,3,0
L65834668,SE,SE-Z,,63.5943025,15.364608,Hammerdal--Hammerdals kyrka,2026-08-16 10:28,21,2
L11988406,SE,SE-Z,,65.0280848,14.3335273,Hamptjärnen,2026-07-09 10:45,40,14
L5811128,SE,SE-I,,56.9805185,18.3147411,Hamra,2024-09-01 16:05,71,3
L7877402,SE,SE-X,,61.7639877,14.7575569,Hamra NP,2026-06-12 11:14,86,20
L39970075,SE,SE-U,,59.5910112,16.5981223,Hamre Våtmark,2026-09-19 06:56,100,27
L75862942,SE,SE-O,,57.471402,12.69798,Hanatorps fågeltorn
L6375417,SE,SE-Z,,63.2497997,12.4439907,Handölsforsen,2026-07-22 17:46,61,10
L74981188,SE,SE-K,,56.0184294,14.8345607,Hanö NR--Bönsäcken
L74981307,SE,SE-K,,56.009113,14.8567575,Hanö NR--Norra Vindhalla,2026-08-03 14:36,25,1
L74981229,SE,SE-K,,56.00018,14.8425015,Hanö NR--Äspudden
L27797214,SE,SE-K,,56.00951,14.84585,Hanö naturreservat,2026-09-18 09:37,92,11
L74981272,SE,SE-K,,56.0099815,14.836574,Hanö--By och Hamn
L4030002,SE,SE-BD,,65.5728744,23.7581491,Haparanda Skärgård NP,2025-06-07 08:47,142,11
L4216446,SE,SE-M,,55.7047409,13.2956028,Hardeberga stenbrott,2026-05-25 21:21,90,45
L13327368,SE,SE-C,,60.1764315,18.4499652,Hargsviken,2023-07-11 08:06,109,11
L24496706,SE,SE-X,,60.7659372,17.3257264,Harkskär--Pålvik,2023-05-13 12:22,38,1
L6231058,SE,SE-M,,55.717788,13.525512,Harlösa,2026-08-05 12:02,83,37
L11780635,SE,SE-BD,,65.423712,21.557953,Harrbäcksfjärden,2025-06-29 13:48,53,4
L6777059,SE,SE-D,,58.6849238,17.4704933,Harstö-Enskär,2012-09-08 00:00,84,2
L4505225,SE,SE-Y,,62.3907008,17.5196743,"Hartungviken, Alnö",2023-09-14 11:35,25,1
L4567262,SE,SE-C,,60.354344,18.246855,"Harudden, Kallrigafjärden",2026-08-28 12:17,145,32
L18115915,SE,SE-O,,58.3478796,11.9383063,"Hasselbacken, Uddevalla",2025-08-28 09:43,40,2
L75934891,SE,SE-K,,56.1089445,15.4647765,Hasselö
L75934954,SE,SE-K,,56.101755,15.4761892,Hasselö--Garpahamnen
L75935067,SE,SE-K,,56.0951556,15.461061,Hasselö--Södra udden
L1832802,SE,SE-M,,56.1314694,12.8180832,Hasslarps Dammar,2026-08-14 09:38,155,119
L63116977,SE,SE-O,,58.7878594,13.7397894,"Hattarevik, Torsö",2026-04-18 07:41,24,2
L13059858,SE,SE-D,,59.33323,16.41806,Hattran,2021-05-02 13:13,8,1
L74917104,SE,SE-F,,57.8897855,14.520572,Haurida
L6708774,SE,SE-N,,56.7209828,12.6473981,Haverdal,2026-06-27 08:58,82,13
L49543437,SE,SE-N,,56.7077226,12.687692,Haverdals naturreservat,2026-08-01 18:03,5,1
L8554515,SE,SE-D,,59.0447437,17.1698863,Haversjön,2026-06-06 12:50,29,1
L3887912,SE,SE-M,,55.4884103,13.3685589,Havgårdskurvan,2026-01-24 14:43,94,63
L8116221,SE,SE-M,,55.4822297,13.3620085,Havgårdssjön,2026-05-22 09:00,115,27
L77147403,SE,SE-S,,60.9861513,12.6473163,Havsvalladalen
L4452267,SE,SE-M,,55.7244395,14.1961706,Haväng,2026-09-17 11:41,148,67
L22266384,SE,SE-AB,,59.6853268,18.1530453,"Hederviken, Närtuna, Vallentuna",2026-03-29 11:43,88,15
L8268310,SE,SE-X,,60.3944998,17.0069482,Hedesunda,2024-12-21 13:00,73,10
L54680375,SE,SE-O,,58.302027,12.3422767,Hedeäng,2026-06-16 17:30,8,1
L8264236,SE,SE-D,,59.2825985,16.3547222,Hedfjärden,2017-05-07 00:00,11,0
L8256516,SE,SE-D,,59.2712128,16.3191825,Hedlandet NR,2025-08-13 10:12,81,51
L5662728,SE,SE-D,,59.224961,16.749569,Hedmossen,2026-03-06 14:26,28,4
L5666589,SE,SE-D,,59.224775,16.749069,"Hedmossen, Ärla",2026-03-22 09:42,30,14
L6115030,SE,SE-Z,,62.8852634,12.5140715,Helagsfjällen,2026-07-29 20:13,52,7
L15615434,SE,SE-Y,,63.2327698,16.8422449,Helgumsjön Fågeltornet,2026-04-24 09:36,43,9
L74244418,SE,SE-G,,56.9575916,14.7836528,Helgö naturreservat
L5686127,SE,SE-M,,56.0559835,12.6825142,Helsingborg Oceanside walkway,2026-09-19 08:28,67,27
L16270287,SE,SE-M,,56.4296091,12.8971699,Hemmeslövssjön,2026-09-06 07:47,19,3
L76780812,SE,SE-M,,56.4320301,12.8658867,Hemmeslövsstrand,2025-02-17 13:26,47,8
L13269026,SE,SE-M,,56.43597,12.87696,Hemmeslövsstrand--Stensåns mynning,2025-02-17 13:26,47,8
L9244377,SE,SE-AB,,59.325369,18.511985,Hemmesta Sjöäng,2026-09-19 13:48,91,34
L71432614,SE,SE-I,,57.2376758,18.3498003,Hemse reningsverksdammar,2021-06-07 00:00,1,0
L35033215,SE,SE-AC,,65.3147565,17.976582,Hemsjön,2024-07-30 00:00,27,3
L3798304,SE,SE-M,,56.0043802,14.2564774,Hercules dammarna,2026-07-11 18:21,151,91
L75092327,SE,SE-H,,57.7759265,16.5576389,Hermanstorps våtmark
L75092336,SE,SE-H,,57.7759777,16.5612848,Hermanstorps våtmark--Fågeltornet
L9391407,SE,SE-E,,58.572191,16.10291,Herrebro Våtmark,2026-09-16 15:23,140,63
L9154840,SE,SE-D,,59.3220636,17.3382564,Herresta Udde,2019-05-01 10:31,9,1
L42539988,SE,SE-Z,,62.8485283,15.023128,Herrevadströmmen,2026-09-14 08:02,47,21
L7309552,SE,SE-D,,59.1185303,16.950016,Herröknanäs NR,2024-05-07 00:00,19,1
L42046330,SE,SE-S,,59.4006541,13.6606322,Herröns fågeltorn,2026-05-16 08:15,54,4
L11226704,SE,SE-X,,60.7395282,17.2057978,Hillesjön,2026-07-19 13:00,58,6
L75913922,SE,SE-O,,58.5647832,11.9287161,Hillingesätersjön
L6924678,SE,SE-H,,56.7402507,16.7108488,Himmelsberga,2023-12-26 11:57,31,3
L1009601,SE,SE-E,,58.5923693,16.1463833,Himmelstalund,2025-06-26 06:40,77,38
L7724472,SE,SE-O,,58.5753269,12.9032095,Hindens Rev,2026-09-05 14:26,70,11
L39358040,SE,SE-O,,57.7469298,11.9132466,Hisingsparken,2026-07-30 12:46,33,6
L74244268,SE,SE-G,,56.9536627,14.7987836,Hissö,2026-08-11 11:00,25,1
L4184127,SE,SE-M,,56.0990492,12.6299608,Hittarps rev,2026-08-15 14:20,85,13
L75941030,SE,SE-K,,56.1655595,15.4592537,Hjortahammar
L54003225,SE,SE-O,,58.6387903,12.6671505,Hjortens udde,2026-07-28 15:15,17,2
L18334933,SE,SE-H,,57.3081434,15.5232877,Hjortesjön,2011-05-14 00:00,2,0
L9758487,SE,SE-O,,57.9502664,12.5678577,Hjortkullen Rödene,2024-09-13 00:00,47,3
L4333496,SE,SE-O,,58.3064151,14.2761111,Hjoåns dalgång,2026-07-05 18:00,52,5
L75919367,SE,SE-O,,57.8505829,12.3188809,Hjällsnäs
L41458529,SE,SE-U,,59.3817655,15.9435965,Hjälmare docka,2025-03-21 11:46,16,2
L4468147,SE,SE-D,,59.242881,16.102215,Hjälmaresund,2026-04-16 08:48,149,37
L5788381,SE,SE-N,,57.495304,12.1481752,Hjälms våtmark,2026-09-11 18:39,163,156
L64292134,SE,SE-N,,57.49476,12.16088,Hjälms våtmark--Hjälmsfallen,2026-05-15 06:42,47,2
L75861824,SE,SE-O,,58.1213249,11.6563391,Hjälmvik
L75091619,SE,SE-H,,56.7434266,16.363103,Hjälmö ström
L64233668,SE,SE-C,,59.6669913,17.3743436,Hjälstavikens NR--Fågeltornet,2026-09-27 08:41,131,50
L49438012,SE,SE-C,,59.65999,17.39174,Hjälstavikens NR--Gömslet,2026-09-27 13:00,88,13
L64233834,SE,SE-C,,59.6698176,17.3680751,Hjälstavikens NR--Kokullen,2026-09-05 13:51,89,12
L64351581,SE,SE-C,,59.6618451,17.3695993,Hjälstavikens NR--Lilla parnassen
L8128925,SE,SE-C,,59.656339,17.3910447,Hjälstavikens NR--Långa WWF-spången,2026-09-26 12:37,174,297
L46424670,SE,SE-C,,59.6719009,17.3963451,Hjälstavikens NR--Nordöstra,2026-08-02 12:01,60,4
L64351517,SE,SE-C,,59.6541706,17.3865509,Hjälstavikens NR--Stora parnassen,2026-07-27 14:50,78,14
L2563812,SE,SE-C,,59.66496,17.38037,Hjälstavikens naturreservat,2026-09-27 13:00,249,2029
L77320793,SE,SE-K,,56.0199138,14.6176344,Hjärthalla naturreservat
L75934380,SE,SE-K,,56.3368697,14.971006,Hjärtsjömåla naturreservat
L4345463,SE,SE-I,,56.9177682,18.1259075,Hoburgen,2026-09-23 14:45,207,88
L3031480,SE,SE-M,,55.5575931,14.3592328,"Holken, Simrishamn",2026-08-28 05:52,151,94
L4353644,SE,SE-X,,61.8887085,17.2820091,"Holm, Strömsbruk",2020-05-12 00:00,19,1
L4434167,SE,SE-I,,56.9324566,18.2915068,Holmhällar,2026-08-09 14:15,139,42
L18342557,SE,SE-AC,,63.682225,20.337588,Holmsund--Fodercentralen,2026-05-10 12:56,100,63
L43569149,SE,SE-AC,,63.720105,20.345369,Holmsund--Holmen,2026-06-07 10:45,24,2
L22372326,SE,SE-AC,,63.699847,20.424378,Holmsund--Karlsborg,2025-12-26 12:16,13,2
L21106837,SE,SE-AC,,63.671563,20.391379,Holmsund--Lövöudden,2026-05-10 11:04,99,67
L25225058,SE,SE-AC,,63.717674,20.378752,Holmsund--Omberget,2026-08-29 09:56,29,3
L23373321,SE,SE-AC,,63.673575,20.338168,Holmsund--Piren,2026-08-05 17:18,67,19
L69877768,SE,SE-AC,,63.702831,20.370197,Holmsund--Storsjön,2026-06-21 20:43,3,0
L22089660,SE,SE-AC,,63.705569,20.351304,Holmsund--Västerbacken,2026-02-07 12:53,34,24
L75024754,SE,SE-AB,,59.3229944,18.5451741,Holmängen
L32048141,SE,SE-AC,,63.7926401,20.8673652,Holmö by,2026-09-23 09:03,69,13
L32048129,SE,SE-AC,,63.832994,20.824343,"Holmöfärjan, V Kvarken",2026-08-08 08:53,35,12
L32786577,SE,SE-AC,,63.6061859,20.7723836,Holmögadd,2020-06-21 08:00,9,0
L32787010,SE,SE-AC,,63.7773409,20.8797787,Holmön (General area),2026-06-18 11:51,55,3
L54596657,SE,SE-AC,,63.803112,20.868631,Holmön--Byviken,2025-10-30 07:20,7,0
L31895213,SE,SE-AC,,63.805769,20.863425,Holmön--Lillhällan,2026-08-08 09:44,85,9
L1824247,SE,SE-O,,58.3136181,13.5429706,Hornborgasjön,2026-09-24 07:23,226,678
L6080194,SE,SE-O,,58.2950685,13.5398448,Hornborgasjön--Almeö,2026-09-17 13:01,139,31
L75917626,SE,SE-O,,58.3432507,13.5985441,Hornborgasjön--Fäholmen
L2272729,SE,SE-O,,58.32424,13.58809,Hornborgasjön--Fågeludden (Naturum),2026-09-24 07:23,181,246
L6875687,SE,SE-O,,58.2793449,13.5294378,Hornborgasjön--Hångers udde,2026-08-11 09:03,147,26
L75917726,SE,SE-O,,58.3042198,13.5232458,Hornborgasjön--Oranabbe
L6537195,SE,SE-O,,58.296839,13.5068965,Hornborgasjön--Ore backar,2026-07-28 10:32,104,13
L2272708,SE,SE-O,,58.2780024,13.4914684,Hornborgasjön--Trandansen,2026-09-07 10:19,156,201
L6875408,SE,SE-O,,58.3259793,13.5321106,Hornborgasjön--Utloppet,2026-08-21 15:07,150,64
L2272727,SE,SE-O,,58.311608,13.5590601,Hornborgasjön--Ytterberg,2026-09-01 10:45,144,48
L7738595,SE,SE-D,,58.7275513,17.1310973,Horns Båtvarv,2025-09-10 09:20,79,6
L74836847,SE,SE-G,,56.6519889,13.8140792,Hornsborg,2026-09-19 06:59,1,0
L1562613,SE,SE-H,,57.19329,16.9514275,Hornssjön,2026-06-12 05:41,153,174
L3707026,SE,SE-H,,57.1949011,16.9032598,Hornsudden,2026-05-29 17:45,166,55
L75035972,SE,SE-G,,57.1669134,15.2511801,Horshaga flys fågeltorn
L22918114,SE,SE-G,,56.8281406,14.0934504,Horsnäsamossens naturreservat,2026-06-21 08:13,47,13
L5492012,SE,SE-AB,,59.3032337,19.1434527,Horssten,2026-05-30 05:45,211,12
L75091888,SE,SE-H,,56.731291,16.3548407,Horsö-Värsnäs naturreservat
L3252463,SE,SE-C,,59.9173755,18.3181572,Hosjön,2026-06-24 18:43,127,46
L4564793,SE,SE-W,,60.2721456,16.0485363,Hovran,2026-08-05 15:43,109,20
L65113735,SE,SE-G,,56.9127934,14.8226302,Hovs Göl
L65483163,SE,SE-M,,56.4697292,12.7028328,Hovs Hallar NR--Bunkern,2026-09-21 06:35,89,4
L4561186,SE,SE-M,,56.46884,12.70751,Hovs Hallar naturreservat,2026-09-21 06:35,175,62
L74979837,SE,SE-F,,57.225029,14.0955472,Hovs gård
L74979909,SE,SE-F,,57.2134719,14.0966866,Hovs gård--Garen
L74979856,SE,SE-F,,57.2316075,14.0953763,Hovs gård--Hovs dämme
L74979880,SE,SE-F,,57.2233211,14.1012317,Hovs gård--Södra dämmet
L9001625,SE,SE-T,,59.3395726,15.2221854,Hovsta,2026-04-30 10:39,72,13
L23817124,SE,SE-O,,57.6125839,11.9233124,Hovås Golfbanedamm,2025-07-03 08:31,40,5
L8268671,SE,SE-C,,60.0504322,16.9794084,Huddunge k:a,2026-06-08 14:40,75,9
L8255875,SE,SE-X,,61.727157,17.1030499,Hudiksvall,2026-06-12 08:07,71,20
L8260300,SE,SE-D,,59.3641906,16.5937536,Hugelstaskogen,2026-07-01 14:28,49,14
L5976717,SE,SE-O,,58.15487,13.53035,Hulesjön,2026-08-11 15:56,90,19
L56307546,SE,SE-G,,56.9387203,14.0479587,Huliesjön,2025-12-25 10:30,14,1
L75090580,SE,SE-H,,57.4649456,15.8611133,Hulingen
L75090619,SE,SE-H,,57.4572163,15.8742449,Hulingen--Fågeltorn Järnudden
L75090647,SE,SE-H,,57.4525075,15.882134,Hulingen--Södra tornet
L64945433,SE,SE-O,,58.2805553,12.3785481,Hullsjön,2026-09-22 11:44,159,159
L5405253,SE,SE-O,,58.2867226,12.383877,Hullsjön--Kårebro,2026-05-20 12:29,108,38
L5417497,SE,SE-O,,58.2755878,12.3694575,Hullsjön--Sydkullen,2026-09-22 11:44,137,73
L5558269,SE,SE-O,,58.2707922,12.3698437,Hullsjön--Sydmaden,2026-05-05 17:47,109,35
L5405259,SE,SE-O,,58.2836431,12.3679233,Hullsjön--Västsidan,2026-05-16 16:50,62,12
L74978410,SE,SE-G,,56.5448563,13.6089609,Hultasjön
L50479954,SE,SE-H,,57.9194972,16.7773635,Hulöhamn,2026-07-04 12:08,15,2
L47960365,SE,SE-M,,55.5879926,13.5253608,Humlarödshus fälad,2025-06-13 19:53,7,1
L6151876,SE,SE-AB,,59.339539,18.072599,Humlegården,2026-09-27 06:41,73,119
L4651299,SE,SE-D,,58.6411189,17.0290232,Hummelvik,2026-05-09 10:55,90,18
L13494226,SE,SE-W,,60.6713703,15.1622724,Hundhagens naturreservat,2026-03-27 16:37,49,5
L16946390,SE,SE-O,,58.32843,12.47153,Hunneberg,2026-09-24 08:30,39,11
L16946974,SE,SE-O,,58.3463641,12.431148,Hunneberg--Bergagården,2021-11-22 15:00,16,1
L16947042,SE,SE-O,,58.34299,12.44035,Hunneberg--Eldmörjan,2026-09-24 08:30,25,4
L74268133,SE,SE-O,,58.3197964,12.4618394,Hunneberg--Öjemossarna
L4334927,SE,SE-D,,59.3145333,16.450299,Husby-Rekarne kyrka,2026-08-09 21:12,52,34
L5509458,SE,SE-C,,59.9801833,17.7133942,Husbydammarna,2026-04-03 13:48,88,11
L36809597,SE,SE-G,,56.7787599,14.5894575,Huseby bruk,2026-08-30 09:05,42,3
L66855215,SE,SE-G,,56.7649851,14.5825589,Husebymadens NR--Fågeltornet,2026-08-30 10:20,60,2
L1599162,SE,SE-G,,56.7657534,14.588131,Husebymadens naturreservat,2026-08-30 10:20,114,24
L24985513,SE,SE-M,,55.57935,13.086889,Husie Mosse,2026-08-05 00:00,109,68
L74314044,SE,SE-F,,57.8096503,14.282668,Huskvarnabergen naturreservat
L6510351,SE,SE-AB,,59.3649497,18.1884456,"Hustegaholm, Lidingö",2026-05-20 18:04,113,97
L75919420,SE,SE-O,,57.9039813,12.3452912,Huvden
L4612429,SE,SE-AB,,58.9631613,18.5703278,Huvudskär,2026-07-30 10:00,114,12
L8268610,SE,SE-AB,,59.3455789,17.9900857,Huvudsta strand,2026-04-30 17:45,47,17
L4216462,SE,SE-M,,55.5010114,14.3270302,Hylkan,2026-07-23 13:17,99,9
L74917261,SE,SE-F,,57.8446752,14.8431438,Hyllingens fågeltorn
L74980635,SE,SE-F,,57.0474331,14.177014,Hyltans badplats
L46345648,SE,SE-O,,57.7609546,11.6107993,Hyppeln,2021-01-15 08:47,23,1
L4197648,SE,SE-C,,59.7511924,17.0792341,Hyvlingeåsens grustag,2025-05-19 09:34,81,21
L70020980,SE,SE-M,,55.5759169,13.4027298,Häckaberga--Häckabergakärret,2026-07-12 00:31,9,0
L70020804,SE,SE-M,,55.5762599,13.4248226,Häckaberga--Häckabergasjön,2026-09-15 10:40,18,1
L70022199,SE,SE-M,,55.5362217,13.4277683,Häckaberga--Kullaröd,2026-09-07 11:03,33,2
L70021483,SE,SE-M,,55.5466055,13.4412334,Häckaberga--Ramnhults våtmark
L4812073,SE,SE-M,,55.53588,13.44252,Häckaberga--Rockarpskorset,2026-09-26 10:34,112,94
L6001822,SE,SE-M,,55.56197,13.43595,Häckeberga naturvårdsområdet,2026-09-26 10:34,147,128
L19339157,SE,SE-AB,,59.4524524,18.1388323,Hägernäsviken,2022-05-29 11:00,38,2
L5500117,SE,SE-M,,55.667308,13.543529,Häljasjön,2026-08-22 13:30,66,16
L12952853,SE,SE-O,,57.9469573,12.0911938,Häljered,2026-07-01 11:42,97,4
L75934010,SE,SE-K,,56.20301,14.94724,Hällaryd
L8260372,SE,SE-D,,59.3919104,16.4176528,Hällby,2025-05-04 00:00,30,1
L8263818,SE,SE-D,,59.3981353,16.4083317,Hällby Skogskyrkogård,2026-08-01 00:00,38,12
L8264359,SE,SE-D,,59.3922158,16.4335926,Hällbybrunn,2026-02-06 12:22,37,14
L11763775,SE,SE-T,,59.0786879,15.4300002,Hällebosjön,2026-09-02 17:44,25,8
L4472228,SE,SE-U,,59.9133372,16.150648,Hälleskogsbrännan,2026-06-12 11:00,91,29
L71320899,SE,SE-U,,59.9705289,16.0732186,Hälleskogsbrännan--Stora Hoberget
L75861943,SE,SE-O,,58.12368,11.44394,Hälleviksstrand
L11329086,SE,SE-U,,59.8121275,16.3448795,Hällsjön,2026-05-24 19:23,100,19
L8255966,SE,SE-U,,60.0454591,16.5585927,Hällsjön,2025-07-21 17:30,17,0
L64290027,SE,SE-O,,57.7351607,11.6543467,Hälsö,2026-05-30 10:38,10,1
L15875238,SE,SE-H,,57.675211,16.7472891,Händelöphuvud,2025-08-08 16:19,45,7
L1022120,SE,SE-E,,58.1498739,16.98452,Häradskär,2026-09-13 06:18,89,5
L1429432,SE,SE-E,,58.5339255,16.0719719,Häradsudden,2025-07-03 14:52,4,0
L47096321,SE,SE-AB,,59.0427714,18.0229806,Häringe NR,2026-09-01 17:55,51,4
L65306619,SE,SE-O,,57.7074936,12.0497001,Härlanda tjärn,2026-08-01 14:52,28,5
L75861568,SE,SE-O,,58.1402292,11.350709,Härmanö NR--Härmanö huvud
L75861602,SE,SE-O,,58.1402974,11.3652086,Härmanö NR--Skålldalen
L75861652,SE,SE-O,,58.1753216,11.3953046,Härmanö NR--Vadet,2026-08-29 12:24,9,1
L75861547,SE,SE-O,,58.156926,11.3785625,Härmanö naturreservat,2026-08-29 12:24,9,1
L27155986,SE,SE-O,,58.0226348,11.4995888,Härön,2023-08-16 13:53,9,1
L13348826,SE,SE-AB,,59.3766879,17.8266335,Hässelby Villastad,2025-05-29 20:34,92,139
L65982616,SE,SE-U,,59.5858952,16.6138881,Hässlöskogen,2026-04-21 10:50,15,2
L33679554,SE,SE-AC,,63.815194,20.125565,Hässningberget,2026-05-01 17:17,29,15
L17386358,SE,SE-E,,58.27837,14.63704,Hästholmen,2025-07-31 12:52,35,4
L75995762,SE,SE-K,,56.0846382,15.7623536,Hästholmen-Ytteröns naturreservat
L6788515,SE,SE-AB,,59.0513465,18.0609629,"Hästholmsviken, Östnora",2025-08-07 20:26,52,14
L34779352,SE,SE-G,,56.8157548,13.5662118,Hästhultsskogen,2026-08-04 14:59,14,1
L6499844,SE,SE-D,,58.6027,17.314539,Hävringe,2026-05-21 00:00,123,9
L3665560,SE,SE-C,,59.8436507,17.5787902,Hågadalen NR--Hågaån Flogsta,2026-05-10 16:22,86,20
L3665575,SE,SE-C,,59.8419259,17.5658512,Hågadalen NR--Kvarnbo,2026-07-17 12:46,77,39
L5711008,SE,SE-C,,59.8035082,17.6045515,Hågadalen NR--Lurbobro,2026-09-05 17:29,101,14
L2935453,SE,SE-C,,59.8288896,17.5964928,Hågadalen naturreservat,2026-09-05 17:29,141,173
L1296574,SE,SE-AB,,59.2202672,17.8303879,Hågelbyparken,2026-06-16 13:53,44,5
L5565333,SE,SE-M,,55.4403717,12.9757011,Hålan,2026-09-24 16:26,80,16
L7035270,SE,SE-O,,58.9293057,11.1957335,Hålkedalskilen,2026-07-02 12:00,76,14
L3076344,SE,SE-C,,60.5787257,17.9474759,Hållen,2026-04-19 14:53,128,55
L2935102,SE,SE-C,,60.58893,18.00055,Hållnäskustens NR,2026-09-22 10:35,163,81
L4705225,SE,SE-C,,60.6034971,17.9902035,Hållnäskustens NR--Rödhäll,2026-09-22 10:35,153,68
L6340139,SE,SE-D,,59.2953884,16.4559746,Hållsta,2026-03-18 14:11,52,10
L36128916,SE,SE-N,,57.356581,12.001284,Hållsundsudde,2026-09-27 15:37,47,3
L4528774,SE,SE-O,,58.3365471,11.2166119,Hållö,2026-08-13 15:19,86,9
L13427943,SE,SE-X,,61.8275837,16.7605993,Hålsjöviken,2025-06-14 16:22,50,6
L5510882,SE,SE-C,,60.0178911,17.6888586,Hånstaslätten,2023-04-07 16:00,25,3
L42564976,SE,SE-Z,,63.3762845,14.8768557,"Hårkan, Häggenås",2026-04-23 07:53,8,2
L8256373,SE,SE-C,,59.8677462,16.9162101,Hårsbäcksdalen,2026-06-09 16:39,50,10
L30044001,SE,SE-O,,57.626819,12.097852,Hårssjön-Rambo mosse NR--Hårssjön,2026-04-30 14:53,47,2
L70166077,SE,SE-O,,57.6388646,12.077126,Hårssjön-Rambo mosse NR--Rambo mosse
L70166199,SE,SE-O,,57.6348155,12.0890574,Hårssjön-Rambo mosse naturreservat,2026-04-30 14:53,47,2
L4353647,SE,SE-X,,61.9893918,17.3846626,"Hårte, Jättendal",2022-06-26 21:52,67,3
L4219353,SE,SE-M,,55.9948928,14.2133045,Håslövs ängar,2026-09-06 14:21,139,52
L10776575,SE,SE-N,,57.1168,12.27719,Håsten,2020-02-03 00:00,1,0
L4662489,SE,SE-AB,,59.623289,17.6079082,Håtuna kyrka,2025-06-29 13:54,65,18
L10055833,SE,SE-AB,,59.3173211,18.0373251,Högalidsparken,2026-05-26 12:23,14,5
L17540988,SE,SE-M,,56.198655,12.5460952,Höganäs hamn,2026-08-24 19:59,56,13
L76354014,SE,SE-M,,56.2010014,12.5424315,Höganäs reningsverk,2026-08-29 10:41,1,0
L75935158,SE,SE-K,,56.2816012,16.025436,Högasand naturreservat
L7115354,SE,SE-X,,60.6702851,16.8174673,Högbo Bruk,2026-06-23 14:32,42,7
L69435231,SE,SE-U,,59.7460816,16.1740274,Högbyladan,2026-08-23 20:00,57,6
L29767762,SE,SE-AB,,59.2547025,18.0622322,Högdalstopparna,2026-07-19 16:33,134,11
L4875883,SE,SE-H,,57.0872715,16.98452,Högenäsorde,2024-08-25 16:21,56,4
L15366543,SE,SE-AB,,59.2581429,18.2187711,Högmora,2024-05-10 13:11,29,3
L4289160,SE,SE-M,,55.7796805,13.0759782,Högs mölla,2026-01-25 14:21,35,2
L43445509,SE,SE-O,,58.5087636,13.774354,Högsböla ängars naturreservat,2026-04-30 12:54,36,9
L4715034,SE,SE-Z,,63.3108259,12.3573232,"Högåsen, Enafors",2026-06-22 21:53,46,17
L18689169,SE,SE-N,,56.5351967,12.9533782,Hökafältet,2026-02-14 12:53,91,14
L23815583,SE,SE-O,,57.757954,11.9423976,Hökälla våtmark,2026-09-22 12:25,73,24
L9432353,SE,SE-X,,61.625404,17.438143,Hölick,2025-12-26 11:53,81,14
L28918398,SE,SE-M,,55.411419,12.935943,Höllvikenstand--södra,2026-09-18 14:47,36,7
L4438176,SE,SE-M,,55.4160238,12.9455853,Höllvikenstrand,2026-09-24 16:45,121,110
L6534476,SE,SE-O,,57.69077,11.64612,Hönö,2026-09-20 15:42,190,149
L64287554,SE,SE-O,,57.6981081,11.6221767,Hönö--Ersdalens naturvårdsområde,2026-09-19 22:35,39,6
L24106987,SE,SE-O,,57.7006097,11.6165692,Hönö--Ersdalsviken,2006-09-09 04:40,15,0
L64285668,SE,SE-O,,57.6857791,11.6637623,Hönö--Hönö Kyrkogård,2026-07-26 13:51,13,1
L64286978,SE,SE-O,,57.6976189,11.6103311,Hönö--Kråkudden,2026-07-29 12:02,21,4
L64288085,SE,SE-O,,57.6918003,11.635564,Hönö--Lappesand,2026-07-27 19:16,16,3
L64288352,SE,SE-O,,57.6791142,11.6670845,Hönö--Nötholmen,2026-07-26 13:28,15,2
L64289463,SE,SE-O,,57.69508,11.60876,Hönö--Räveskär (Kråkudden),2026-09-20 15:42,112,20
L64288757,SE,SE-O,,57.6942213,11.6132247,Hönö--Räveskärsbukten,2006-09-09 04:40,5,0
L64289134,SE,SE-O,,57.69995,11.63933,Hönö--Röds fiskehamn,2026-04-30 13:56,13,1
L64287867,SE,SE-O,,57.6861682,11.6554036,Hönö--Sudda,2026-07-26 11:47,1,0
L64287332,SE,SE-O,,57.697119,11.61478,Hönö--Tjälleviks mosse,2024-08-10 12:00,6,0
L70164747,SE,SE-N,,57.4959892,11.9761223,Hördalens naturreservat,2026-06-06 21:15,2,0
L77137548,SE,SE-U,,59.9589873,16.1591988,Hörendesjön
L6232235,SE,SE-M,,56.3666288,13.8689947,Hörlinge ängar,2026-05-08 11:20,69,5
L11509236,SE,SE-AC,,63.6063501,19.9733289,Hörnefors--Bådahällan,2025-05-17 08:40,38,3
L37471736,SE,SE-AC,,63.6163086,19.9005025,Hörnefors--Fabriksviken,2026-05-03 11:47,18,1
L11509204,SE,SE-AC,,63.6143576,19.9502895,Hörnefors--Rönnholmen,2026-05-09 10:53,89,10
L4510141,SE,SE-H,,56.8616738,16.7681837,Hörningemossen,2026-09-17 08:31,108,10
L8264334,SE,SE-D,,59.3408608,16.3541358,Hörningssjön,2021-01-02 15:20,5,0
L75922990,SE,SE-H,,56.5421205,15.6017346,"Hörnsjön, Vissefjärda"
L21656867,SE,SE-M,,55.38604,13.54752,Hörte hamn,2026-05-17 13:08,82,16
L30994643,SE,SE-M,,55.388716,13.5392227,Hörte våtmark,2026-07-21 21:49,68,2
L37547128,SE,SE-AC,,63.7881107,19.8466604,Hössjö,2026-05-10 07:25,8,1
L11864492,SE,SE-O,,57.8284925,13.5538629,Hössna mader,2026-04-19 16:45,93,89
L77079757,SE,SE-W,,60.0542266,14.9641006,Hötjärnen
L77079573,SE,SE-T,,60.0475106,14.9680618,Hötjärnen--Fågeltornet
L74241922,SE,SE-G,,56.6609108,14.1772187,Höö naturreservat,2026-08-03 10:18,9,2
L26480222,SE,SE-Y,,63.2893771,18.861144,Idbyfjärden,2026-09-19 10:05,83,8
L7246244,SE,SE-D,,59.3903322,16.798748,Idö udde,2026-08-11 07:23,95,32
L49684945,SE,SE-AB,,59.3926686,17.9763398,Igelbäckens NR--Blötängen,2026-06-12 13:30,56,15
L72764396,SE,SE-AB,,59.3915113,17.9668807,Igelbäckens naturreservat,2026-06-12 13:30,56,15
L18395917,SE,SE-X,,60.8741419,17.3125202,Iggön,2025-06-22 19:20,108,12
L23044996,SE,SE-X,,60.8851818,17.3290998,Iggön--Iggöskaten,2023-05-06 05:30,66,3
L77321030,SE,SE-K,,56.3447964,14.8723143,Ihre naturreservat
L4238051,SE,SE-M,,55.6153467,13.659246,Ilstorp,2025-01-29 10:15,89,14
L7573414,SE,SE-Y,,62.5057509,17.450484,Indalsälven Delta,2026-09-06 14:55,69,17
L8260401,SE,SE-Y,,62.5863408,17.0550968,"Indalsälven, Indal",2025-07-13 16:58,20,0
L43128704,SE,SE-Z,,63.3280493,14.4611816,"Indalsälven, Krokom",2025-01-18 10:00,21,2
L8260382,SE,SE-E,,58.6069382,16.1803895,Ingelsta,2026-07-10 11:29,25,5
L17710026,SE,SE-C,,60.2978051,17.1988817,Ingsjön,1988-04-19 22:30,49,1
L75995784,SE,SE-K,,56.0550643,15.7676209,Inlängan
L8268492,SE,SE-S,,59.11395,14.08191,Inre Kilsvikens naturreservat,2026-08-22 18:43,86,3
L64294017,SE,SE-N,,57.4558795,12.0628101,Inre Kungsbackafjorden,2026-09-27 18:01,139,52
L13285008,SE,SE-N,,57.4531136,12.05494,Inre Kungsbackafjorden--Daggudden,2026-09-27 18:01,104,22
L5218937,SE,SE-N,,57.4489134,12.0704092,Inre Kungsbackafjorden--Hanhalsholme,2026-07-09 13:35,111,25
L64294240,SE,SE-N,,57.4650185,12.0637531,Inre Kungsbackafjorden--Svinholmen,2026-06-07 16:25,20,5
L4434149,SE,SE-I,,56.9923326,18.3433395,Inre Stockviken,2026-07-31 17:00,180,70
L9484859,SE,SE-I,,57.8324664,18.7901776,"Inre delen, Kappelshamnsviken",2026-02-08 12:45,45,2
L16532868,SE,SE-AB,,59.3662315,18.1668877,"Inre kyrkviken, Lidingö",2026-08-22 17:52,76,26
L56442785,SE,SE-O,,57.606954,12.265407,Inseros--Västra Ingsjön,2026-06-03 03:04,24,6
L2971718,SE,SE-AB,,59.3260022,18.143481,Isbladskärret,2026-09-27 16:02,144,349
L25726164,SE,SE-AB,,59.3231092,18.1455523,Isbladsmatningen,2026-08-21 17:36,72,33
L8398441,SE,SE-AB,,59.3245068,18.1499098,Isbladsviken,2026-09-25 07:33,89,70
L5908480,SE,SE-H,,56.7457758,16.6411798,Ismantorpsborg,2026-06-15 17:36,63,21
L2935419,SE,SE-M,,56.0383298,14.1297913,Isternäset naturreservat,2026-09-14 10:18,148,67
L4313191,SE,SE-M,,56.1384722,14.3996644,Ivö klacks naturreservat,2026-07-12 10:42,82,3
L64349407,SE,SE-Z,,63.1864308,14.6298838,Jamtli bryggan,2026-03-24 13:50,3,0
L77079668,SE,SE-W,,60.0641518,14.9736556,Jan-Mattsdammen
L75904149,SE,SE-E,,58.5131826,15.0125715,Jerusalemviken
L11816635,SE,SE-BD,,66.6070773,19.8236118,Jokkmokk,2026-03-18 09:15,35,14
L7877689,SE,SE-BD,,66.600279,19.8344992,Jokkmokk--Talvatissjön,2026-06-27 20:44,43,8
L70756120,SE,SE-O,,57.7456289,12.1741393,Jonsered,2026-09-27 07:41,55,11
L46879486,SE,SE-O,,57.7518775,12.1774006,Jonsered--Bokedalens NR,2026-08-02 14:49,36,5
L70756615,SE,SE-O,,57.7479892,12.1686948,Jonsered--Jonsered strömmars naturreservat,2026-07-17 15:51,7,0
L70755940,SE,SE-O,,57.7494206,12.1767911,Jonsered--Jonsereds fabriker,2026-09-27 07:41,27,4
L70755775,SE,SE-O,,57.75218,12.1832759,Jonsered--Jonsereds trädgårdar,2026-09-04 17:41,34,2
L10183506,SE,SE-M,,55.41541,13.41499,Jordeberga slott,2009-08-12 11:12,10,3
L75858366,SE,SE-O,,58.1015239,11.8287142,Jordhammarsviken
L18118345,SE,SE-O,,58.5784415,11.2998599,Jorefjorden,2025-12-09 13:06,66,14
L30575350,SE,SE-AB,,59.3366701,17.9186299,Judarskogens NR,2026-05-30 13:00,60,22
L13215511,SE,SE-BD,,67.8500631,20.5943099,Jukkasjärvi,2026-09-14 11:30,79,23
L4476538,SE,SE-M,,55.7682851,14.1972542,Julebodas strand,2026-07-24 20:44,96,18
L4611864,SE,SE-D,,59.409803,16.691176,Jäders kyrka,2025-02-17 10:21,18,1
L74244483,SE,SE-G,,56.965348,14.7842577,Jägaregaps naturreservat
L39911651,SE,SE-D,,59.0747521,16.3202571,Jägern,2020-06-18 00:20,1,0
L74839717,SE,SE-N,,56.9190749,13.6298442,Järanäs båthamn
L4423489,SE,SE-M,,55.8049834,12.9328287,Järavallens NR--Plattformen,2026-09-26 15:30,132,62
L4624964,SE,SE-M,,55.8046819,12.9440618,Järavallens naturreservat,2026-09-26 15:30,151,80
L4187437,SE,SE-AB,,59.3017571,18.1497574,Järlasjön,2026-05-11 10:09,47,26
L28113052,SE,SE-AC,,63.4312765,19.6554366,Järnäs udde,2026-06-13 11:18,62,8
L22589465,SE,SE-X,,60.6690515,17.1921622,Järvsta sjöäng,2023-05-03 13:26,58,2
L13261605,SE,SE-X,,61.7305094,16.2643576,Järvsö-klack NR,2025-09-30 11:09,28,2
L74836983,SE,SE-G,,56.8156984,13.6219316,Jättabron,2025-07-18 11:13,11,1
L4564426,SE,SE-C,,59.855731,18.030013,"Jönsbolssjön, Almunge",2026-09-21 18:35,107,80
L4417803,SE,SE-D,,59.41163,16.630893,Kafjärdsslätten,2026-05-07 14:42,120,67
L4970562,SE,SE-BD,,67.7464756,18.298502,"Kaitumjaurestugorna, Kungsleden",2025-06-30 12:00,25,4
L5408454,SE,SE-I,,57.9643806,19.1933212,Kalbjerga,2024-10-12 13:13,24,1
L1824251,SE,SE-C,,60.3470127,18.2528223,Kallero,2023-05-19 15:28,106,11
L13426691,SE,SE-AB,,59.4560943,17.8150556,Kallhäll,2026-03-19 18:08,54,6
L4029998,SE,SE-BD,,65.5234375,22.0718122,Kallixhamm,2026-06-30 13:13,90,17
L4574047,SE,SE-H,,56.6670442,16.2926388,Kalmar Dämme,2026-06-27 15:18,139,52
L70524596,SE,SE-H,,56.65814,16.355,Kalmar Slott,2026-09-13 15:14,35,3
L42857484,SE,SE-H,,56.6584211,16.3604266,Kalmars hamn,2026-09-26 11:51,58,12
L4645071,SE,SE-C,,59.5511625,17.5562811,Kalmarsand,2026-02-01 13:12,75,15
L1120183,SE,SE-H,,56.6715,16.4346,Kalmarsund Bro,2026-09-06 14:03,57,7
L27464387,SE,SE-H,,56.6536034,16.3434937,Kalmarsundsparken,2026-06-14 13:31,63,6
L5380424,SE,SE-C,,59.5449166,17.542913,Kalmarviken,2025-05-28 11:00,88,7
L22067066,SE,SE-C,,60.1300836,17.3137746,Kalvnäset,2023-06-06 00:50,57,4
L9528509,SE,SE-D,,59.2284148,16.3124586,Kalvsjön,2019-06-21 13:33,23,2
L64290360,SE,SE-O,,57.7083973,11.6798587,Kalvsund
L42906206,SE,SE-AB,,58.9473324,17.9530399,Kalvö våtmark,2026-09-06 13:12,35,5
L13210407,SE,SE-O,,58.12055,11.61298,Kalvöfjorden,2025-05-06 16:03,55,5
L75862205,SE,SE-O,,58.1285996,11.6256676,Kalvöfjorden--Lagmansholmen
L26668065,SE,SE-O,,58.12623,11.59634,Kalvöfjorden--Norra Ängholmsviken,2025-05-06 16:03,14,2
L66046094,SE,SE-O,,58.1194319,11.5837229,Kalvöfjorden--Södra Ängholmsviken
L4520857,SE,SE-M,,55.6978566,13.1067433,"Kannikdammen, StaX-sidan",2026-07-13 16:00,101,9
L17715947,SE,SE-AB,,59.7173565,19.0665607,Kapellskär,2026-07-13 08:40,59,10
L3868250,SE,SE-H,,56.8178403,16.8404531,Kapelludden,2026-08-23 17:56,175,83
L24206510,SE,SE-X,,60.34398,16.87687,Karinmossen -- Midsommarbacken,2024-05-25 05:56,23,2
L66442647,SE,SE-H,,56.24557,16.43561,Karl X:s  mur--Östra delen,2026-07-24 11:17,26,5
L6924669,SE,SE-H,,56.2506225,16.4156556,Karl X:s mur--Västra delen,2026-05-16 16:07,96,24
L4976718,SE,SE-H,,56.6080587,16.4318275,Karleviviken,2026-08-28 14:24,124,11
L2935120,SE,SE-C,,60.50821,17.68169,Karlholmsviken,2026-08-12 14:31,176,64
L6307656,SE,SE-K,,56.1654354,14.8678064,Karlshamn,2026-09-19 10:00,51,8
L75995949,SE,SE-K,,56.1753026,15.567923,Karlskrona--Dragsö,2026-09-16 11:13,4,1
L4318547,SE,SE-K,,56.1648777,15.567112,Karlskrona--Saltö,2026-06-23 16:51,55,9
L7443900,SE,SE-K,,56.173985,15.600964,Karlskrona--Utkiken,2026-09-14 15:10,40,5
L18442354,SE,SE-S,,59.38472,13.50569,Karlstad,2026-08-31 15:53,53,8
L11918330,SE,SE-T,,59.2177743,15.3828949,Karlstorp,2026-05-15 16:16,74,16
L30689525,SE,SE-AB,,59.1845919,17.8199871,Kassmyrasjön,2026-07-06 12:23,74,106
L73988207,SE,SE-E,,58.4220421,14.8430204,Kastad kulle naturreservat,2026-07-05 15:48,7,1
L8268044,SE,SE-H,,56.45851,16.42957,Kastlösa kyrka,2026-08-02 14:45,79,13
L7035399,SE,SE-H,,56.4571582,16.4032364,Kastlösa åkrar,2026-04-04 18:48,83,13
L3718486,SE,SE-H,,56.4618385,16.3973469,Kastlösa åkrar--Dubbeldammarna,2026-04-04 18:48,58,8
L11021868,SE,SE-D,,58.9739797,16.2370952,Katrineholm--Rosenholms reningsverk,1993-05-20 00:00,158,286
L9176616,SE,SE-D,,59.0109436,16.2191169,Katrineholms avfallsanläggning,2022-05-28 00:00,7,1
L4243179,SE,SE-M,,56.4631583,12.7557278,Kattviks hamn,2026-04-04 14:55,120,27
L74976587,SE,SE-F,,57.8561779,14.3220071,Kaxholmens lövskog naturreservat
L42789062,SE,SE-Z,,63.4902061,13.9015512,Kaxås,2026-05-02 10:01,15,1
L4970554,SE,SE-BD,,67.868892,18.6213112,Kebnekaise fjällstation,2026-09-12 16:19,50,29
L70166706,SE,SE-N,,57.5108422,11.9073686,Kedholmens naturreservat
L5297983,SE,SE-O,,57.7144783,11.9357393,Keillors Park,2026-09-25 11:27,52,21
L22272556,SE,SE-Z,,62.9003674,12.6663523,Kesudalen,2026-06-09 08:22,47,3
L5776010,SE,SE-I,,56.9387472,18.1468391,Kettelvik,2026-05-30 10:30,86,6
L11799673,SE,SE-BD,,68.4325341,18.4716918,Kieddejaure,2026-09-20 12:49,30,5
L17004613,SE,SE-T,,59.7640461,14.8928261,Kindla naturreservat,2023-08-08 20:26,44,3
L4665820,SE,SE-D,,59.4134553,16.7975092,Kinglöt,2026-02-04 10:15,107,47
L27229878,SE,SE-O,,58.6078886,13.3918513,Kinnekulle Stenbrott,2013-08-02 00:00,11,1
L23837994,SE,SE-O,,57.7915525,11.834858,Kippholmen,2006-01-22 00:00,1,0
L8184786,SE,SE-BD,,67.8410663,20.4095016,Kiruna--Institutet för rymdfysik,2026-08-14 15:25,75,51
L8184489,SE,SE-BD,,67.840454,20.2363005,Kiruna--Yli Lompolo,2026-09-17 15:49,65,28
L32109822,SE,SE-BD,,67.8577083,20.3054464,Kiruna--golfklubb,2026-09-08 17:48,39,6
L4203114,SE,SE-X,,60.9088784,16.3631916,"Kittan, Rönnbacken",2024-09-24 08:34,46,51
L4996854,SE,SE-M,,55.6874559,14.2238832,Kivik,2026-09-12 08:00,152,63
L4943925,SE,SE-M,,55.6865245,14.2334479,"Kivik, holken",2026-09-18 06:40,153,74
L4218717,SE,SE-M,,55.692842,14.2157936,"Kiviks kapell, Kivik",2026-09-17 14:24,80,6
L10026515,SE,SE-M,,55.52474,12.91877,Klagshamn--general area,2026-09-23 14:16,202,292
L75726813,SE,SE-M,,55.51978,12.922426,Klagshamn--södra viken,2026-08-16 13:40,1,0
L52463281,SE,SE-M,,55.52678,12.92788,"Klagshamn--village, Kalkbrottet & woodland",2026-09-19 13:05,24,11
L11426294,SE,SE-M,,55.52171,12.91039,Klagshamnsudden--fågeltornet & södra ängarna,2026-09-23 14:16,141,87
L75540830,SE,SE-M,,55.52625,12.90819,Klagshamnudden--norra sidan,2026-09-19 13:28,18,1
L75540282,SE,SE-M,,55.52375,12.89583,"Klagshamnutten--hamnen, piren och badplats",2026-09-19 14:16,49,6
L4311110,SE,SE-C,,60.2017509,17.8670311,Klardammen,2026-05-26 12:26,78,6
L23833478,SE,SE-O,,57.7428056,11.8981078,Klare mosse,2005-05-07 08:45,3,0
L14995220,SE,SE-M,,56.4361115,12.9457975,Klarningen,2025-08-30 21:33,85,15
L36810768,SE,SE-I,,57.2360168,18.1481959,Klase Fiskeläge,2024-08-23 16:45,27,1
L7026787,SE,SE-D,,58.9589497,16.1264706,Klastorp viltvatten,2021-05-02 00:00,75,20
L15489662,SE,SE-AC,,65.0630176,14.8097108,Klimpfjäll,2026-07-09 14:42,60,9
L12742517,SE,SE-I,,57.39052,18.1941318,Klintehamn--Klinteviken,2026-07-30 18:06,73,10
L5407560,SE,SE-I,,57.8901333,19.1275148,Klintängarna,2026-07-30 14:47,95,26
L70839039,SE,SE-O,,57.68477,12.4825,Klippans naturreservat,2026-06-17 09:40,13,1
L52627271,SE,SE-O,,58.3836225,13.6522327,"Klostersjön, Varnhem",2026-07-23 15:15,57,7
L4238059,SE,SE-M,,55.635821,13.5746169,Klostersågen,2025-05-28 17:35,85,16
L6044049,SE,SE-M,,55.50332,13.32309,Klosterviken,2026-05-06 13:33,116,16
L54655629,SE,SE-I,,57.4943595,18.4861396,Klosteränge,2025-11-01 12:40,13,1
L17420578,SE,SE-M,,55.7276681,13.2246773,Klosterängshöjden,2026-07-11 19:54,83,45
L2981296,SE,SE-Z,,63.2866123,11.9991302,Klukstugan,2014-06-30 09:30,8,2
L27985115,SE,SE-O,,58.4981205,13.6596647,Klyftamons naturreservat,2024-10-13 14:54,15,3
L55964944,SE,SE-O,,57.94549,11.54036,Klädesholmen,2026-07-26 10:38,28,2
L59400456,SE,SE-N,,57.505147,11.973345,Kläppa,2026-05-31 12:51,15,2
L37542411,SE,SE-AC,,63.6510391,20.1391379,Kläppudden,2026-07-03 15:53,3,1
L75857096,SE,SE-O,,57.8703434,11.5915702,Klåveröns naturreservat
L17304540,SE,SE-T,,58.7645757,14.9417153,Klåvudden,2026-02-22 11:26,17,1
L3401931,SE,SE-M,,56.2223482,12.7874851,Klören,2026-07-25 08:57,116,9
L74837249,SE,SE-G,,56.9218671,14.0886434,Klövasmosse
L42045800,SE,SE-S,,59.3497768,13.4503948,Knappstadsviken,2025-04-03 13:00,5,1
L73659849,SE,SE-O,,57.625573,11.8276954,Knarrholmen
L6634209,SE,SE-H,,57.2008838,16.4525843,Knipefloe,2018-04-20 11:45,76,8
L5936239,SE,SE-H,,57.0485418,16.8468579,Knisa mosse,2026-09-08 16:26,114,26
L1009616,SE,SE-E,,58.6216541,16.0966015,Knivbergavägen--Ringstad Mosse,2025-02-08 13:10,68,22
L13505076,SE,SE-C,,59.7180042,17.7893216,Knivsta--Reningsverket,2026-02-14 10:01,74,11
L14302597,SE,SE-M,,55.66681,13.40334,Knivsås-Borelund naturreservat,2026-09-13 10:20,78,15
L6877218,SE,SE-T,,59.7899686,14.4821692,Knuthöjdsmossens naturreservat,2026-08-21 15:28,83,33
L5007089,SE,SE-H,,56.46946,16.39537,Kobbskogen,2026-05-29 15:21,57,4
L66046224,SE,SE-O,,58.16896,11.7485,Kollungeröd vatten,2026-06-06 10:40,22,2
L26668003,SE,SE-O,,58.1642599,11.7412991,Kollungeröd vatten--Toggelstalaviken,2026-06-06 10:40,22,2
L35356787,SE,SE-E,,58.6624706,16.4523224,Kolmården djurpark,2025-08-15 14:15,48,0
L8263424,SE,SE-D,,59.368779,16.4508417,Kolsta,2026-07-29 00:00,64,4
L4550975,SE,SE-D,,59.449945,16.497245,Kolstahatt,2026-05-11 10:29,141,50
L18169092,SE,SE-O,,57.6852267,13.6892323,Komosse NR--Trehörningen,2025-07-15 15:51,57,7
L18169080,SE,SE-O,,57.705585,13.702356,Komosse naturreservat,2026-09-10 09:45,85,18
L6877209,SE,SE-W,,61.3461775,14.7704744,Koppången,2016-06-25 00:00,3,0
L77043882,SE,SE-M,,55.9842671,13.626956,Korsarödsjön
L74260944,SE,SE-O,,58.8730197,10.9876628,Kosterhavets NP--Jutholmen
L7035063,SE,SE-O,,58.9023893,10.9980011,Kosterhavets NP--Nordkoster,2026-07-27 18:37,120,36
L75858915,SE,SE-O,,58.8305388,11.070451,Kosterhavets NP--Ramsö
L74259621,SE,SE-O,,58.7773992,10.9846255,Kosterhavets NP--Segelskären
L12955338,SE,SE-O,,58.8838994,11.0283334,Kosterhavets NP--Sydkoster,2026-08-29 07:57,90,32
L74260844,SE,SE-O,,58.8504295,11.0363591,Kosterhavets NP--Tjälleskären
L8168424,SE,SE-O,,58.83341,10.99443,Kosterhavets NP--Ursholmen,2026-07-16 17:39,25,3
L66492388,SE,SE-O,,58.82383,11.03645,Kosterhavets nationalpark,2026-08-29 07:57,133,73
L40320211,SE,SE-H,,56.7059699,16.37318,Koudden,2026-03-24 16:46,23,1
L36809865,SE,SE-I,,57.4089999,18.1600772,Kovik,2026-07-15 17:59,58,4
L2224040,SE,SE-M,,55.4901366,13.749733,Krageholmssjön,2026-03-29 08:58,137,17
L1120169,SE,SE-M,,55.6991,13.4802,Krankesjön,2026-09-23 07:02,235,1120
L4379253,SE,SE-M,,55.7001544,13.4647,Krankesjön--Almentornet,2026-09-21 11:59,186,251
L58999047,SE,SE-M,,55.6918766,13.4932494,Krankesjön--Gömsle,2026-09-21 09:31,86,18
L4617915,SE,SE-M,,55.6901652,13.4937644,Krankesjön--Silvåkratornet,2026-09-21 13:41,201,595
L4406191,SE,SE-M,,55.7093432,13.4582305,Krankesjön--Sjötorps ängar,2026-09-23 07:02,175,144
L4688591,SE,SE-M,,56.26203,12.53027,Krapperups Slott,2026-05-08 10:38,79,13
L64809257,SE,SE-M,,56.2677945,12.5249525,Krapperupsdammen
L75935360,SE,SE-K,,56.2516605,16.0459495,Kristianopel,2026-09-15 15:01,17,1
L53739947,SE,SE-O,,58.2496987,11.4456047,Kristineberg Marine Research Station,2026-05-03 19:49,14,0
L11002870,SE,SE-AB,,59.3344307,18.0064503,Kristinebergs slottpark,2023-03-25 08:30,41,8
L8255892,SE,SE-S,,59.310356,14.1089187,Kristinehamn,2026-05-12 16:40,41,4
L8268505,SE,SE-S,,59.2967951,14.0531269,Kristinehamn--Vålösundet,2026-05-12 18:12,56,4
L42789214,SE,SE-Z,,63.3227495,14.4457531,Krokomsviken,2026-05-08 09:11,14,1
L16205674,SE,SE-M,,55.573788,12.980448,Kroksbäcksparken,2026-05-22 11:53,33,8
L13322294,SE,SE-I,,57.440888,18.1181287,Kronholmen,2026-05-16 16:34,69,5
L65028854,SE,SE-G,,56.8458768,13.958358,Kronoskogens naturreservat
L18157440,SE,SE-C,,59.8340436,17.6396549,Kronparken,2026-04-24 10:37,42,10
L4299320,SE,SE-D,,59.365479,16.484388,Kronskogen,2026-09-23 09:10,96,408
L21926990,SE,SE-I,,57.69766,18.3629182,Kronviken,2026-08-05 13:31,15,1
L61041161,SE,SE-S,,59.394135,13.538965,Kroppkärrssjön--Västra plattformen,2026-05-28 10:50,32,7
L74980762,SE,SE-F,,57.0018672,14.1959508,Kroppsjön naturreservat
L6349780,SE,SE-T,,59.3121797,15.2492799,Kränglan naturreservat,2017-10-15 12:05,13,1
L8148384,SE,SE-K,,55.9973202,14.7125344,Kråkenabben,2026-09-19 12:51,114,16
L74228052,SE,SE-E,,58.19839,14.60184,Kråkeryds naturreservat,2026-07-22 11:15,17,2
L7522574,SE,SE-D,,59.3593754,16.4080596,Kråktorp,2026-04-18 10:47,64,8
L75923959,SE,SE-H,,57.7235853,15.8203218,Krön
L75923934,SE,SE-H,,57.6938569,15.8294088,Krön--Fågeltorn södra Krön
L75923856,SE,SE-H,,57.7180722,15.8339553,Krön--Krönbaden
L75923821,SE,SE-H,,57.7467736,15.8271015,Krön--Krönbron
L75923787,SE,SE-H,,57.7545201,15.8212724,Krön--Mellankrön
L75923710,SE,SE-H,,57.7877279,15.7919363,Krön--Norra Krön
L75923749,SE,SE-H,,57.7659494,15.7976722,Krön--Älö
L75089466,SE,SE-G,,56.5969291,15.0121203,Kubbö
L75940652,SE,SE-K,,56.1414541,15.3779914,Kuggeboda hamn
L13428409,SE,SE-X,,61.7024933,17.5206042,Kuggören,2026-09-04 08:56,75,11
L64745394,SE,SE-M,,56.3010106,12.4701787,Kullaberg NR--Ablahamn
L64812632,SE,SE-M,,56.2771376,12.5522264,Kullaberg NR--Bergahusen,2026-08-25 13:33,1,0
L64806820,SE,SE-M,,56.2810843,12.5210609,Kullaberg NR--Björkeröd
L64803133,SE,SE-M,,56.2981134,12.4919523,Kullaberg NR--Djupadal
L64805124,SE,SE-M,,56.2908478,12.5144787,Kullaberg NR--Gregers backar
L64808702,SE,SE-M,,56.27854,12.54329,Kullaberg NR--Himmelstorp,2026-07-11 10:52,3,0
L64802764,SE,SE-M,,56.29478,12.48509,Kullaberg NR--Hjorthagen,2026-05-09 08:23,38,6
L64806472,SE,SE-M,,56.2870879,12.5266231,Kullaberg NR--Håkull
L64805714,SE,SE-M,,56.2884082,12.5195744,Kullaberg NR--Håkulls mosse,2026-06-06 10:15,19,1
L64744233,SE,SE-M,,56.2974765,12.4564021,Kullaberg NR--Igla mosse,2026-08-22 11:14,7,0
L64745800,SE,SE-M,,56.2994249,12.4831913,Kullaberg NR--Josefinelust,2026-07-09 12:25,12,1
L64807455,SE,SE-M,,56.2748116,12.5255925,Kullaberg NR--Kockenhus
L64744795,SE,SE-M,,56.2962178,12.4646665,Kullaberg NR--Kulla mosse,2026-08-04 12:16,23,1
L64745261,SE,SE-M,,56.2988035,12.469162,Kullaberg NR--Kullagården,2026-07-12 11:38,39,1
L64744049,SE,SE-M,,56.3011602,12.4572514,Kullaberg NR--Kullens P-plats,2026-06-24 18:03,1,1
L64743237,SE,SE-M,,56.3010365,12.451661,Kullaberg NR--Kullens fyr & Naturum,2026-09-19 14:30,76,5
L64743076,SE,SE-M,,56.3026577,12.447127,Kullaberg NR--Mistluren,2026-09-20 07:35,75,6
L64808027,SE,SE-M,,56.2821907,12.4992107,Kullaberg NR--Mölle
L2935441,SE,SE-M,,56.2834564,12.493,Kullaberg NR--Mölle hamn,2026-09-19 12:07,94,28
L64805422,SE,SE-M,,56.2819846,12.5045592,Kullaberg NR--Mölle kapell,2026-09-20 06:30,1,0
L64804535,SE,SE-M,,56.2869853,12.5084134,Kullaberg NR--Mölle mosse
L64803962,SE,SE-M,,56.2899521,12.4899646,Kullaberg NR--Mölle utsikten
L64804334,SE,SE-M,,56.2947361,12.4983374,Kullaberg NR--Ona mosse
L64745673,SE,SE-M,,56.2918164,12.4761634,Kullaberg NR--Ransvik
L64808312,SE,SE-M,,56.2848791,12.5376905,Kullaberg NR--Sadeln,2026-08-25 11:07,29,2
L64744352,SE,SE-M,,56.3022177,12.4619142,Kullaberg NR--Visitgrottan,2026-07-30 16:45,7,2
L64743774,SE,SE-M,,56.2983186,12.4518228,Kullaberg NR--Åkersberget
L1120166,SE,SE-M,,56.29198,12.4943,Kullabergs naturreservat,2026-09-20 07:35,219,285
L65454474,SE,SE-N,,57.378196,12.265666,Kullagärdets våtmark,2026-05-09 09:08,31,2
L17082104,SE,SE-AB,,59.2544651,18.4641514,"Kullaskogen, Ingarö",2026-06-19 15:23,41,24
L23326046,SE,SE-M,,55.6096353,13.5583876,Kulturens Östarp,2023-03-31 12:00,7,0
L18758042,SE,SE-AB,,59.7343857,18.3947071,Kundbysjön,2022-05-24 00:00,81,5
L6314819,SE,SE-D,,59.385137,16.683989,"Kungavalen, Kjula",2025-02-01 13:58,9,1
L43614282,SE,SE-N,,57.489497,12.079929,Kungsbacka Station,2025-05-28 18:08,12,3
L40663890,SE,SE-N,,57.381624,12.128767,Kungsbackafjorden NR--Ölmevik,2026-08-21 13:02,18,1
L40867003,SE,SE-N,,57.493066,12.075871,Kungsbackaån--stadens centrala stråk,2025-05-14 16:10,19,2
L1022088,SE,SE-E,,58.5010268,15.5450106,Kungsbro,2026-06-21 15:04,121,45
L52557360,SE,SE-AB,,59.3322701,18.0353022,Kungsholmen -- Kronobergsparken,2026-08-18 15:15,53,16
L4596082,SE,SE-AB,,59.3287639,18.0487239,Kungsholms kyrka,2026-09-08 17:38,66,29
L4353630,SE,SE-AB,,59.3370707,18.0312681,Kungsholms strand,2026-08-30 15:59,50,16
L34991804,SE,SE-O,,57.700765,11.9658923,Kungsparken,2026-09-23 13:47,35,16
L54224210,SE,SE-M,,55.60319,12.99232,"Kungsparken, Malmö",2026-09-26 11:30,49,21
L4285384,SE,SE-H,,56.405148,16.5698719,Kungsskär,2025-05-10 20:32,104,6
L48045530,SE,SE-AB,,59.33082,18.07174,Kungsträdgården,2026-09-23 15:40,44,129
L13210535,SE,SE-O,,58.9958173,11.1332759,Kungsvikshamn,2026-07-30 12:30,37,7
L12517213,SE,SE-I,,57.4221034,18.9301001,"Kuppen, Östergarn",2026-08-11 15:43,55,6
L4584576,SE,SE-BD,,67.9346971,20.3547478,Kurravaara,2026-07-26 07:30,28,5
L6210021,SE,SE-BD,,67.5855011,17.0323991,Kutjaurestugan STF,2019-09-03 15:00,26,0
L77321221,SE,SE-K,,56.2656767,14.9598371,Kvallåkra & Östra Kvallåkra naturreservat
L75933048,SE,SE-K,,56.2587766,14.9612842,Kvallåkragölen
L75941763,SE,SE-K,,56.1705461,15.4282477,Kvalmsö naturreservat
L76007573,SE,SE-N,,56.9447986,12.7095136,"Kvarndammen, Hjuleberg"
L58033409,SE,SE-D,,59.25462,16.939082,"Kvarnforsen, Länna bruk",2026-02-04 10:22,3,1
L14419409,SE,SE-AB,,59.3157967,18.1343687,Kvarnholmen,2026-09-27 15:36,38,12
L26744426,SE,SE-H,,56.4417455,16.429262,Kvarnkärret,2026-07-19 08:19,52,1
L23031852,SE,SE-AB,,59.7902676,18.729367,"Kvarntorp, Broströmmen, Gillfjärden",2023-09-11 14:05,15,2
L8263580,SE,SE-D,,59.2281212,16.3899976,Kvarntorps NR,2026-07-06 11:45,72,19
L77073717,SE,SE-T,,59.1253294,15.253591,Kvarntorpshögen
L6234680,SE,SE-M,,56.0083632,14.2220163,Kvarnäs dammarna,2019-12-26 14:01,22,1
L9942093,SE,SE-W,,60.538699,14.421258,Kvarnåker,2019-09-21 15:05,2,0
L23837632,SE,SE-O,,57.74266,12.04486,Kvibergsfältet,2026-07-29 11:30,22,5
L4335139,SE,SE-D,,59.4442606,16.3324642,Kvicksund,2026-09-20 06:20,184,121
L4953781,SE,SE-U,,59.4539226,16.3191701,Kvicksundsbron,2026-08-12 18:00,158,61
L26299873,SE,SE-BD,,66.9535537,17.7318848,Kvikkjokk,2026-08-28 16:51,62,8
L9922540,SE,SE-C,,59.5119649,16.9979428,Kviksundsbro,2024-03-09 13:25,44,6
L23137171,SE,SE-X,,60.3727628,17.0464039,Kvillanuddens NR,2023-03-19 11:12,6,1
L70406271,SE,SE-T,,59.16958,15.42343,Kvismarens NR--Fiskingetornet,2026-08-25 16:34,59,12
L72770381,SE,SE-T,,59.17688,15.39735,Kvismarens NR--Fågelsjön,2026-09-18 18:28,88,31
L5516969,SE,SE-T,,59.1602834,15.3758383,Kvismarens NR--Gubbhyllan,2026-08-21 15:42,125,39
L72769951,SE,SE-T,,59.1708295,15.3820374,Kvismarens NR--Ormkärrsplattformen,2026-08-30 16:42,33,6
L72770159,SE,SE-T,,59.1819863,15.3644801,Kvismarens NR--Rysjön,2026-09-27 08:00,129,55
L70406226,SE,SE-T,,59.18103,15.34694,Kvismarens NR--Västra delen,2026-09-19 08:21,27,1
L72768834,SE,SE-T,,59.1772123,15.4050043,Kvismarens NR--Åslaholmen,2026-09-19 09:43,53,10
L45332537,SE,SE-T,,59.16898,15.39544,Kvismarens NR--Östra delen,2026-07-28 04:29,108,13
L2927762,SE,SE-T,,59.176485,15.374335,Kvismarens naturreservat,2026-09-27 08:00,252,836
L46025036,SE,SE-E,,58.072296,16.7722138,Kvädö--Fågeltorn,2026-08-08 11:20,21,2
L8483333,SE,SE-D,,58.6796754,17.109523,"Kylvattendammen, Oxelösund",2022-01-15 00:00,12,1
L77629538,SE,SE-O,,58.0868118,13.7815448,Kymbo våtmark
L7034830,SE,SE-O,,58.6980219,11.6361141,Kynnefjäll,2025-08-15 08:43,18,1
L37948390,SE,SE-W,,60.5151669,15.7207143,Kyrkbytjärn,2026-07-27 19:20,74,4
L13649960,SE,SE-AB,,59.2410702,17.9795657,"Kyrkdammen, Huddinge",2026-06-14 16:51,32,8
L11002892,SE,SE-AB,,59.4074314,17.8682649,"Kyrkdammen, Järfälla kyrka",2026-08-18 15:45,116,304
L9391559,SE,SE-T,,59.59383,15.23419,Kyrkeberget,2024-11-30 10:17,6,0
L8268763,SE,SE-D,,59.0759032,17.1607439,"Kyrksjön, Björnlunda",2021-07-04 23:55,50,4
L4314858,SE,SE-AB,,59.3494342,17.9161692,"Kyrksjön, Bromma",2026-08-08 06:33,98,129
L8136026,SE,SE-AB,,59.7387486,18.658782,"Kyrksjön, Norrtälje",2026-08-02 14:10,12,3
L75090513,SE,SE-H,,56.526379,15.5973055,"Kyrksjön, Vissefjärda"
L9942151,SE,SE-S,,59.4385702,14.4040265,Kyrksten,2020-08-05 10:12,9,0
L19248063,SE,SE-O,,57.8931,11.58503,"Käftedammarna, Koön",2026-07-28 05:54,32,3
L11121664,SE,SE-M,,55.5271253,13.1062029,Käglinge hästbacke,2026-03-01 12:52,71,16
L77146898,SE,SE-S,,58.7986085,13.247477,Källbergsön
L75858534,SE,SE-O,,57.9824954,11.8004838,Källsby kile
L13210436,SE,SE-O,,57.9872082,11.7890811,Källsnäs,2026-07-10 18:51,13,1
L5646431,SE,SE-N,,56.9053001,12.5559998,Källstorps våtmarker,2026-09-14 09:45,145,48
L2289531,SE,SE-AB,,59.2917569,18.1636491,Källtorpssjön,2026-09-12 15:54,95,124
L74980166,SE,SE-F,,57.1510109,13.9048558,Källunda bokskog
L73660018,SE,SE-O,,57.6254281,11.7792419,Källö
L64290148,SE,SE-O,,57.7534678,11.6520641,Källö-Knippla,2026-08-13 10:18,20,5
L5693186,SE,SE-AB,,59.6175738,17.6761866,Kämpasten,2025-08-23 11:44,63,4
L6326826,SE,SE-M,,55.3958379,12.9887753,Kämpingedungen,2026-05-13 18:22,149,25
L18204583,SE,SE-AB,,58.901028,17.885386,Käringboda Naturreservat,2026-05-08 12:09,63,11
L26667838,SE,SE-O,,58.1095563,11.3635584,Käringön,2026-08-20 14:54,37,3
L20844200,SE,SE-E,,58.4151519,15.5341565,Kärna mosse NR,2026-07-06 18:08,4,1
L66175024,SE,SE-H,,56.2664271,16.4746252,Kärra,2026-05-14 16:45,9,1
L40389050,SE,SE-AB,,59.3206798,17.9108385,Kärsön,2026-07-12 13:03,65,8
L4574367,SE,SE-C,,59.9093909,18.1622028,Kärven,2026-06-22 09:25,107,30
L11819508,SE,SE-BD,,66.152609,19.983312,Kåbdalis,2022-07-04 13:00,11,0
L6307682,SE,SE-H,,57.0154122,16.9291162,Kårehamn,2017-09-17 11:34,82,4
L6584712,SE,SE-H,,56.9572222,16.8884325,Kårehamn,2026-08-26 15:22,81,9
L4476555,SE,SE-M,,55.38217,14.05631,Kåsehuvud,2026-08-21 14:28,177,105
L75933175,SE,SE-K,,56.2027481,14.9184485,Kölja våtmark
L75933210,SE,SE-K,,56.2042851,14.9195782,Kölja våtmark--Fågeltornet
L75933290,SE,SE-K,,56.2017639,14.9192738,Kölja våtmark--Gömslet
L74977549,SE,SE-G,,56.413352,13.5219187,Köphultasjö
L70165407,SE,SE-O,,57.6298236,11.8059906,Köpstadsö,2026-07-10 10:00,12,1
L11177625,SE,SE-C,,60.0180986,17.8364201,Körlinge viltvatten,2021-06-18 00:30,21,3
L74837674,SE,SE-G,,56.7604654,13.7691981,Kösen--Östraby
L8268772,SE,SE-D,,58.7572362,17.080977,Labro ängar,2026-08-04 12:47,106,23
L4965235,SE,SE-AB,,59.336964,18.113091,Ladugårdsgärdet,2026-09-17 07:17,109,69
L75088476,SE,SE-F,,57.3120691,15.0276912,Laduslättasjön
L12498424,SE,SE-N,,56.54875,12.94759,Lagaoset,2026-08-12 06:10,70,11
L76416711,SE,SE-N,,56.543922,12.9532551,Lagaoset--Fågeltornet
L74977094,SE,SE-G,,56.8321823,13.9528408,Lagaån--Gängesbron – Ågårdsbron,2026-04-04 17:53,15,1
L7354184,SE,SE-C,,59.7838164,17.8521395,Laggaslätten,2025-04-12 19:00,118,24
L22544154,SE,SE-O,,57.80188,11.85831,Lagmansholmen,2026-04-23 13:15,40,7
L12612773,SE,SE-N,,56.50575,13.04485,Laholm,2025-08-06 09:26,56,1
L15084667,SE,SE-N,,56.4357362,13.1213236,Laholms golfklubb,2025-04-05 09:30,28,4
L23818072,SE,SE-O,,57.70196,11.66033,Lammholmsviken,2005-04-26 00:00,3,0
L4351063,SE,SE-C,,59.743005,17.2086239,Landsbergaslätten,2026-08-15 06:33,113,40
L57193292,SE,SE-U,,59.918398,15.9274721,Landsbergets naturreservat
L18169186,SE,SE-F,,57.8684425,14.3126241,Landsjön,2026-05-29 20:09,94,15
L74948773,SE,SE-F,,57.8556943,14.2923083,Landsjön--Bosgårdsviken
L74948664,SE,SE-F,,57.8758562,14.3394682,Landsjön--Landsjöns fältstation
L74976762,SE,SE-F,,57.8810089,14.3203196,Landsjön--Nyängen
L74976738,SE,SE-F,,57.8822798,14.3295532,Landsjön--Stickelösaviken
L35381995,SE,SE-M,,55.8668669,12.821184,Landskrona hamn,2026-09-03 10:40,51,4
L42539249,SE,SE-Z,,63.2648719,14.5538624,Landsom,2026-05-08 09:04,32,5
L1004397,SE,SE-AB,,58.75189,17.86538,Landsort,2026-09-27 12:13,230,328
L72761387,SE,SE-AB,,58.7464878,17.8671759,Landsort--Fågelstationen/Bredmar,2026-09-13 11:13,79,13
L72762393,SE,SE-AB,,58.7713448,17.861282,Landsort--Norra udden,2026-09-27 06:31,72,3
L72762352,SE,SE-AB,,58.7601568,17.8613743,Landsort--Saltmar
L45025371,SE,SE-AB,,58.73893,17.86551,Landsort--Södra udden,2026-09-27 12:13,110,27
L4351552,SE,SE-M,,55.9716527,14.4089985,Landön,2026-06-28 08:00,68,8
L5929806,SE,SE-M,,56.0303344,14.4655824,Landön,2026-05-26 13:51,105,7
L65267268,SE,SE-Z,,63.840287,15.5551532,Landön
L5408111,SE,SE-I,,57.9974646,19.1825924,Langhammars,2026-06-03 12:34,109,22
L36852063,SE,SE-I,,57.258921,18.0996557,Langstiteviken,2025-07-07 10:31,40,3
L9758449,SE,SE-D,,59.130408,15.8061171,Lappe,2019-10-03 00:00,59,5
L5806244,SE,SE-N,,56.6096128,12.9261781,Larssons våtmark,2026-07-31 09:55,123,104
L22025173,SE,SE-BD,,68.3595559,18.4835809,Latnjajaure,2024-07-04 11:12,15,1
L12055355,SE,SE-BD,,68.374421,18.471152,Latnjavaggi,2020-08-11 12:54,14,5
L4434132,SE,SE-I,,57.2821124,18.6736679,Lausviken,2025-07-29 07:00,99,10
L11782271,SE,SE-I,,57.2705839,18.6939136,Lausviken--Sydöstra tornet,2026-07-29 10:24,66,6
L54893237,SE,SE-I,,57.9524465,19.0808676,Lauterhorn,2026-06-20 16:39,29,1
L42581916,SE,SE-Z,,63.2708896,14.443696,Lavsjön,2026-05-20 10:29,59,16
L11831607,SE,SE-AC,,64.6326267,16.3954257,Laxbäcken,2026-07-10 08:44,31,2
L64341318,SE,SE-N,,56.5931277,12.9256679,Laxvik,2026-07-07 17:30,13,1
L2322371,SE,SE-C,,60.51117,17.72169,Ledskärsviken,2026-09-22 16:00,240,432
L70493130,SE,SE-C,,60.50449,17.71854,Ledskärsviken--Ledskärs fågeltorn,2026-09-20 10:53,78,10
L2935020,SE,SE-C,,60.50776,17.71032,Ledskärsviken--Ledskärsbryggan,2026-09-22 16:00,180,134
L4564802,SE,SE-W,,60.7322451,14.9958229,Leksand,2026-04-04 17:51,78,10
L29536508,SE,SE-AB,,59.2981616,18.4017233,Lemshaga,2026-08-15 14:46,48,3
L74270152,SE,SE-O,,58.2219503,13.8032814,Lena Borgs naturreservat
L1009598,SE,SE-E,,58.5949411,16.0909796,Leonardsberg,2026-09-22 11:34,153,99
L77772587,SE,SE-N,,57.4548184,11.909674,Lerkil--Kilanäsan
L77772540,SE,SE-N,,57.4568225,11.9193438,Lerkil--Norra Lerkilsviken
L4720874,SE,SE-N,,57.4554707,11.9138575,Lerkils hamn,2026-05-13 05:12,163,126
L77042915,SE,SE-M,,56.1047413,14.4888659,Levrasjön
L77042941,SE,SE-M,,56.1063488,14.5019041,Levrasjön--Norra Levrasjön
L77043042,SE,SE-M,,56.0944163,14.4795976,Levrasjön--Södra Levrasjön
L4179842,SE,SE-I,,57.8285155,18.5177565,Lickershamn,2026-08-08 13:57,58,7
L6365477,SE,SE-AB,,59.1602171,17.8622168,Lida NR,2026-07-04 11:35,63,25
L75089311,SE,SE-G,,56.6672594,14.8666056,Lidhemssjön,2026-09-06 07:00,34,0
L39935989,SE,SE-O,,58.51262,13.16493,Lidköpings hamn,2025-10-18 14:17,20,1
L11278656,SE,SE-S,,59.2636994,13.0804765,Liljedal,2026-06-21 06:21,44,3
L24065062,SE,SE-O,,57.5993167,11.9121537,Lilla Amundön,2006-03-12 15:05,2,1
L74979462,SE,SE-G,,56.8975981,15.1033987,Lilla Attsjön,2026-08-13 11:04,10,1
L74979530,SE,SE-G,,56.9008412,15.1004402,Lilla Attsjön--Norra plattformen,2026-08-13 11:04,10,1
L74979592,SE,SE-G,,56.8977578,15.1092511,Lilla Attsjön--Östra plattformen
L28964629,SE,SE-N,,56.598529,12.951851,Lilla Böslid,2026-09-19 13:00,46,8
L30382861,SE,SE-O,,57.68445,12.06965,Lilla Delsjön,2026-06-13 17:15,42,2
L4137935,SE,SE-AB,,59.3252282,18.0047894,Lilla Essingen,2026-08-11 21:35,119,135
L77592931,SE,SE-AB,,59.5589784,18.2591888,Lilla Garn Naturpark,2026-09-23 13:00,8,1
L5565319,SE,SE-M,,55.4575429,12.945714,Lilla Hammars näs,2026-07-26 14:54,167,83
L3020506,SE,SE-M,,55.4433751,12.959522,Lilla Hammarsnäset--Foteviken/Gröna Jaktstugan,2026-09-23 17:05,156,60
L75544239,SE,SE-M,,55.447799,12.953943,Lilla Hammarsnäset--general,2026-09-23 17:05,190,145
L9939820,SE,SE-M,,55.43048,12.95568,Lilla Hammarsnäset--hästhagar/Vikings museum,2026-09-15 15:36,31,2
L4332589,SE,SE-M,,55.7870951,13.206532,Lilla Harrie,2026-04-19 08:10,102,15
L25148823,SE,SE-W,,60.4427686,15.535183,Lilla Holmsjön,2026-05-25 00:20,78,5
L4661982,SE,SE-H,,57.0864905,16.9140315,Lilla Horns löväng,2026-05-26 15:41,56,10
L1398305,SE,SE-I,,57.3133145,18.0635768,Lilla Karlsö,2026-07-15 11:29,23,2
L4523439,SE,SE-AB,,59.3941749,19.2184353,Lilla Nassa skärgård,2008-09-27 00:00,12,0
L3755628,SE,SE-AB,,59.3002227,18.1220395,Lilla Sickla,2026-09-14 13:13,94,469
L24066264,SE,SE-O,,57.7498877,12.2777803,Lilla Stamsjön,2006-04-11 11:30,6,1
L35299930,SE,SE-D,,59.39048,16.40144,Lilla mon,2025-03-02 00:00,32,0
L75934241,SE,SE-K,,56.30998,15.0024212,Lilla Öjasjön
L40031829,SE,SE-N,,56.7299066,13.124927,Lillared-Klövaberget NR,2025-03-21 12:45,14,2
L75036041,SE,SE-G,,57.1221504,15.2722622,Lillasjös fågeltorn
L4569956,SE,SE-C,,60.2473512,17.931447,Lillbyasjön,2017-04-21 18:10,85,9
L4353771,SE,SE-X,,61.7325553,17.1089745,"Lillfjärden, Hudiksvall",2026-08-25 15:43,82,53
L26647745,SE,SE-AB,,59.3410132,17.9569818,Lillsjön,2026-09-26 06:32,74,34
L42787529,SE,SE-Z,,63.80995,15.50216,"Lillsjön, Tullingsås",2026-07-08 05:33,96,18
L70060646,SE,SE-Z,,63.1671906,14.6986496,Lillsjön--Nya bryggan,2025-06-16 18:57,18,1
L70060741,SE,SE-Z,,63.1621899,14.7043771,Lillsjön--Utloppet,2026-04-18 13:32,22,2
L70060476,SE,SE-Z,,63.1666934,14.7050987,Lillsjön--Östra plattformen,2026-06-13 13:37,46,4
L33603764,SE,SE-Z,,63.1647551,14.7018582,Lillsjöns naturreservat,2026-09-27 11:36,79,18
L75935435,SE,SE-K,,56.1499961,15.7901679,Lillö
L10090580,SE,SE-M,,55.5675909,12.9317723,Limhamns kalkbrott,2026-05-09 09:01,70,14
L9830915,SE,SE-W,,60.735788,15.015563,Limsjön,2026-07-31 13:42,110,27
L18124097,SE,SE-I,,57.5754924,18.63307,"Lina Myr, Roma Kloster , Gotland",2018-08-01 00:00,16,2
L6147795,SE,SE-AB,,59.2183537,17.5870554,Lina NR,2025-09-25 12:16,39,9
L31227540,SE,SE-D,,58.7434475,16.9888544,Lindbacke,2024-05-03 13:00,1,0
L77077278,SE,SE-U,,59.4993149,16.2268917,"Lindholmen, Ekholmen & Häggholmen naturreservat"
L56560859,SE,SE-O,,57.577483,12.109208,"Lindome kyrka, Lindome",2026-07-29 19:55,29,10
L39416400,SE,SE-O,,57.5669346,12.087081,Lindomeslätten,2026-08-30 06:38,62,19
L66122988,SE,SE-O,,57.60022,12.14968,Lindomeåns dalgång,2026-09-26 18:19,101,170
L66124484,SE,SE-O,,57.60845,12.15268,Lindomeåns dalgång--Greggered,2026-06-03 01:36,31,6
L55020710,SE,SE-O,,57.58559,12.10464,Lindomeåns dalgång--Gödeberg,2026-06-07 20:37,60,26
L66122762,SE,SE-O,,57.6028812,12.1821448,Lindomeåns dalgång--Hällesåker,2026-09-21 17:51,34,11
L66121831,SE,SE-O,,57.597783,12.1379181,Lindomeåns dalgång--Härtegården,2026-07-24 18:55,23,2
L59261188,SE,SE-O,,57.6030285,12.1317405,Lindomeåns dalgång--Knipered,2026-07-24 19:10,32,5
L66125302,SE,SE-O,,57.5878821,12.1159774,Lindomeåns dalgång--Lindevi-Lindsberg,2026-09-26 18:19,79,32
L66126219,SE,SE-O,,57.6020553,12.1639807,Lindomeåns dalgång--Löjsåker,2026-09-21 18:06,39,6
L66126050,SE,SE-O,,57.59505,12.12571,Lindomeåns dalgång--Svens-Transhult,2026-05-13 06:26,21,1
L6877213,SE,SE-W,,61.0997518,14.6228242,Lindänget,2026-08-12 13:20,117,30
L75940694,SE,SE-K,,56.1193813,15.3488015,Lindö Udde NR--Fågeltornet
L14263535,SE,SE-K,,56.12134,15.34769,Lindö Udde naturreservat,2026-05-17 12:10,53,4
L7034800,SE,SE-O,,58.790346,11.1472416,"Lindön, Tanum",2006-05-21 00:00,25,0
L71458115,SE,SE-I,,56.9548001,18.2171025,Lingen,2021-10-17 00:00,2,0
L75914236,SE,SE-O,,59.0281605,12.4481209,Linheden
L9780210,SE,SE-E,,58.4113915,15.6206002,Linköping,2026-09-26 07:54,69,24
L4454959,SE,SE-M,,55.7326923,13.3003449,Linnebjer naturreservat,2026-05-16 10:14,75,24
L7358394,SE,SE-C,,59.817581,17.7757019,Linnés Hammarby,2026-05-23 15:38,72,19
L74242532,SE,SE-G,,56.6184027,14.1999498,Linnés Råshult kulturreservat,2026-07-31 17:10,4,1
L77144535,SE,SE-S,,59.0913533,14.0729507,Linsön & Prästön
L11573043,SE,SE-D,,58.730302,17.090534,Linuddens naturreservat,2026-06-07 09:50,67,10
L4674024,SE,SE-N,,56.9497177,12.4372959,Lis mosse,2026-03-10 13:50,97,16
L4587719,SE,SE-U,,59.696264,16.045751,Lisjö ängar,2024-07-14 22:12,89,7
L7215867,SE,SE-AB,,59.17741,18.07128,Lissmadalens naturreservat,2026-08-04 12:44,105,72
L8255792,SE,SE-D,,59.3149738,16.2698972,Lista,2025-06-18 00:00,50,3
L9330551,SE,SE-D,,59.324781,16.264344,Lista viltvatten,2026-07-08 00:00,48,22
L75943477,SE,SE-K,,56.0227723,14.7588413,Listershuvud naturreservat
L4335810,SE,SE-AB,,58.9009292,17.7892685,Lisö -- Skärlinge,2021-03-20 10:06,51,4
L62060370,SE,SE-I,,57.3224612,18.708967,Ljugarns hamn,2026-08-07 15:02,1,1
L11204501,SE,SE-Z,,62.8528515,12.7910974,Ljungdalen,2026-06-16 12:51,86,19
L6171631,SE,SE-D,,59.063671,16.286113,"Ljus-Gryten, Katrineholm",2017-08-11 08:19,77,6
L4574218,SE,SE-W,,60.6123151,14.7730815,Ljusbodarna,2026-06-16 07:30,43,6
L7877648,SE,SE-Z,,62.1242061,15.0352276,Ljusnan Nature Camp,2026-07-30 12:22,5,1
L6787804,SE,SE-X,,61.204762,17.124896,Ljusnefors Camping,2022-06-05 00:00,41,5
L3073619,SE,SE-AB,,59.5383214,18.7397575,Ljusterö National Park--Lagnövägen,2019-08-03 14:22,41,3
L77321090,SE,SE-K,,56.3521323,14.8505208,Lobergets naturreservat
L66044047,SE,SE-O,,58.5273299,13.1326011,Lockörns vadarstrand,2026-08-21 11:01,30,1
L26826390,SE,SE-O,,58.5560726,13.8852571,Logårdens naturreservat,2026-07-18 11:23,111,55
L6253702,SE,SE-M,,55.6855205,13.0563068,Lomma Kustdammar,2026-09-24 09:51,147,74
L4508148,SE,SE-M,,55.6866131,13.0682802,Lomma fure,2025-03-20 12:14,67,11
L6253712,SE,SE-M,,55.6846979,13.0830002,Lomma kyrkodammar,2026-01-06 10:16,87,14
L4314851,SE,SE-AB,,59.322118,17.8390074,Lovö kyrka,2021-05-16 17:49,47,5
L1445837,SE,SE-AB,,59.3245768,17.8365236,"Lovö kyrkängar, Lovön",2026-08-12 08:00,68,7
L33003962,SE,SE-G,,56.74216,13.663842,Luberydsmossen NR
L9391555,SE,SE-W,,60.1532088,15.1898785,Ludvika,2026-07-04 09:01,31,3
L69588414,SE,SE-BD,,65.6061525,22.1282194,Luleå--Mjölkuddstjärnen,2026-08-03 13:03,11,2
L5436854,SE,SE-I,,57.7412666,18.4068575,Lummelundsbruk,2026-07-27 12:26,128,10
L6767309,SE,SE-M,,55.7141781,13.2082593,Lund universitet--Ekologihuset,2026-09-21 11:40,88,156
L2131129,SE,SE-M,,55.6973248,13.1575012,Lund--Reningsverksdammarna,2026-09-26 17:32,165,440
L4700795,SE,SE-D,,59.278051,16.48845,Lundby säteri,2024-08-23 10:14,34,5
L4405805,SE,SE-D,,59.284547,16.497159,Lundbyfälten,2026-09-10 00:00,88,56
L8924344,SE,SE-D,,59.268555,16.4879,Lundbylöt,2025-03-29 16:19,35,13
L37819678,SE,SE-M,,55.71335,13.20498,Lunds universitet,2026-09-21 11:40,88,179
L54738190,SE,SE-M,,55.7105406,13.2084947,Lunds universitet--Sjön,2026-08-24 10:41,22,5
L77141222,SE,SE-S,,59.6601711,14.0222993,Lungälvens ravinsystems naturreservat
L9263793,SE,SE-S,,59.3467214,13.8718621,Lunnerviken -- Strandvik,2019-08-18 00:00,73,8
L2059681,SE,SE-C,,59.7834035,17.7304745,Lunsen,2026-05-29 13:04,76,37
L12635110,SE,SE-O,,58.7926912,13.2371386,Lurö,2025-08-20 18:17,86,4
L77146938,SE,SE-S,,58.8044995,13.2228081,Lurö skärgårds NR--Husön
L77146418,SE,SE-S,,58.8763002,13.2126588,Lurö skärgårds NR--Kalvön
L77146842,SE,SE-S,,58.8294854,13.2304701,Lurö skärgårds naturreservat
L19931726,SE,SE-AC,,63.775176,20.69344,Lybäck,2026-09-12 07:16,69,30
L75856729,SE,SE-O,,57.8776413,11.7096033,Lycke kile
L13210632,SE,SE-O,,58.2158382,11.903944,Lyckorna brygga,2021-01-01 09:48,16,1
L19656162,SE,SE-AC,,64.5935431,18.6917143,Lycksele,2026-09-22 12:46,37,6
L41483033,SE,SE-O,,57.53586,12.42947,Lygnevi badplats
L5922083,SE,SE-H,,57.2826285,17.0628458,Lykesand,2025-08-09 14:42,38,8
L4673467,SE,SE-N,,56.9769668,12.3625374,Lynga,2026-01-08 12:29,105,11
L5152677,SE,SE-N,,56.9821725,12.357005,Lyngen,2026-04-09 06:57,121,11
L75862297,SE,SE-O,,58.0755975,11.5217205,Lyr
L75862326,SE,SE-O,,58.0655481,11.5269116,Lyr--Inre kilen
L7678695,SE,SE-O,,58.2693004,11.424648,Lysekil,2026-09-05 12:00,55,22
L20809346,SE,SE-O,,58.6748293,13.2191706,Läckö Slott,2026-09-23 13:30,65,9
L75934487,SE,SE-K,,56.2521682,14.8537624,Långasjönäs naturreservat
L12021570,SE,SE-S,,60.817962,12.880112,Långberget,2022-08-17 08:55,42,8
L43156490,SE,SE-W,,60.8815805,15.1111001,"Långbryggan, Rättvik",2026-09-25 07:08,36,6
L3766656,SE,SE-H,,57.1491152,17.0446765,Långebå,2026-05-19 09:29,67,13
L11246552,SE,SE-O,,58.512369,13.7461452,Lången,2025-06-19 11:00,116,21
L18116944,SE,SE-O,,58.7975697,11.569467,Långevallsälven,2025-05-28 18:00,4,1
L5007063,SE,SE-H,,57.2040182,17.0720458,"Långgrundsudden, Böda",2023-07-12 19:14,40,3
L4645114,SE,SE-AB,,59.321393,18.0223417,Långholmen,2026-09-12 14:16,88,54
L16443052,SE,SE-N,,56.7250612,13.2209691,Långhultamyren,2026-08-01 16:55,62,17
L5780342,SE,SE-AB,,59.2628297,17.9810998,Långsjön,2026-06-27 16:06,85,39
L9346075,SE,SE-D,,58.6305561,16.9911108,Långsjön,2026-07-12 16:50,87,25
L31356660,SE,SE-AB,,59.307715,18.188841,Långsjöns NR,2026-09-02 15:22,35,16
L11510897,SE,SE-AB,,59.7063155,19.4001285,Långskär (Söderarms skärgård),2021-05-08 13:00,49,3
L15503401,SE,SE-AC,,65.60028,17.58533,Långtjärn,2021-06-24 15:51,11,2
L42850168,SE,SE-Z,,62.7721952,15.4235538,"Långtjärnen, Bräcke",2026-04-25 15:02,30,4
L18703165,SE,SE-AC,,63.767636,20.52111,Långvikskatan,2026-09-06 14:51,142,82
L11051981,SE,SE-D,,58.95863,16.2246411,Långviksnäset,2022-06-12 19:13,56,7
L31122821,SE,SE-AB,,59.238605,18.491255,Långviksträsk NR,2026-08-14 12:30,45,8
L16271813,SE,SE-AB,,59.3535059,18.1759608,Långängen NR--Stockbysjön,2026-08-18 13:52,81,41
L16533104,SE,SE-AB,,59.35588,18.19305,Långängens NR,2026-09-13 12:56,104,149
L66057736,SE,SE-AB,,59.3551498,18.1874165,Långängens NR--Långängskärret,2026-06-05 15:55,39,4
L75995836,SE,SE-K,,56.0587855,15.8229291,Långören
L76353787,SE,SE-M,,56.2076722,12.5378658,"Långören, Höganäs",2026-09-11 06:49,42,3
L29936726,SE,SE-C,,59.7324328,17.4054934,Lårstaviken,1991-06-20 00:00,47,1
L4438167,SE,SE-M,,55.7283989,12.9971266,Löddesnäs,2026-09-24 08:53,187,356
L6431063,SE,SE-M,,55.38292,14.1095,Löderup strandbad,2026-05-20 17:30,51,4
L17389027,SE,SE-U,,59.59884,16.53515,Lögarängsparken,2026-07-30 12:57,43,9
L19971787,SE,SE-E,,58.5919836,16.7650443,Lönö,2025-07-18 21:00,39,1
L8268655,SE,SE-C,,59.8771374,17.6396792,Löten,2026-06-14 15:18,36,9
L4954115,SE,SE-D,,59.3418271,17.0697498,Lötfälten,2026-01-18 12:15,69,9
L1370083,SE,SE-AB,,59.3714499,17.9664698,Lötsjön,2026-05-27 16:20,78,43
L10644168,SE,SE-D,,59.4380297,16.5801598,Lövgård,2021-11-25 09:02,15,1
L47531336,SE,SE-X,,61.6595805,17.4520813,"Lövsalen, Hornslandet",2025-06-13 22:36,1,0
L75904249,SE,SE-E,,58.5264768,17.037075,Lövskären
L12984060,SE,SE-C,,60.4068639,17.8839035,Lövstabruk,2026-07-21 11:20,67,11
L5774680,SE,SE-AB,,59.3852357,17.7635994,Lövstafjärden,2021-05-01 00:00,28,8
L3110364,SE,SE-C,,59.83603,17.785638,Lövstaslätten,2026-09-27 14:17,176,157
L6108290,SE,SE-N,,56.8929724,12.4643326,Lövstaviken,2025-08-08 13:22,57,5
L23013254,SE,SE-D,,58.8694953,17.1209172,Lövsund,2024-05-04 10:17,17,4
L25110200,SE,SE-AC,,64.38434,21.312187,Lövånger--Gärdefjärden,2025-07-15 11:47,52,5
L75860417,SE,SE-O,,58.34344,11.91572,Lövåsbergets fågelmatning
L10336818,SE,SE-W,,62.0498983,12.392732,Lövåsen,2025-08-09 10:56,36,3
L8260285,SE,SE-D,,59.2748297,16.2922698,Lövön,2026-04-19 13:13,93,13
L77646611,SE,SE-O,,57.7574943,11.8534246,Madbäcksdammen
L27509577,SE,SE-AB,,59.230167,18.099972,Magelungens strandpromenad,2026-07-03 13:07,65,24
L7141325,SE,SE-D,,59.319861,16.357045,Magla,2023-11-19 12:46,3,0
L35354197,SE,SE-M,,55.3798907,13.0787516,Maglarps sandtag,2026-06-08 14:02,78,46
L7680819,SE,SE-M,,56.1363997,13.7620497,Magle våtmark,2026-07-07 13:30,58,8
L66254432,SE,SE-AB,,59.2674816,18.0713081,Majroskogen,2026-09-20 11:33,11,4
L16388798,SE,SE-M,,56.43012,12.85503,Malens strandpromenad,2026-06-18 08:36,74,15
L77148287,SE,SE-N,,57.5295457,11.9306304,Maleviksviken
L65995136,SE,SE-U,,59.6272783,16.5904016,Malmabergsskogen,2026-09-08 18:30,25,5
L26295262,SE,SE-W,,61.4913447,14.2826524,Malmborgskojan,1993-10-22 00:00,1,0
L6875276,SE,SE-Z,,62.5623404,12.3654449,Malmbäcksstugan,2026-07-29 12:28,80,20
L14383977,SE,SE-H,,56.6704049,16.3661497,Malmfjärden,2026-09-04 11:55,70,22
L1311343,SE,SE-AB,,59.292452,17.8351021,Malmvik--Malmviks strandängar,2026-02-08 13:29,54,9
L10709208,SE,SE-M,,55.593803,13.013921,Malmö--Folkets Park,2026-09-04 11:21,20,1
L6569809,SE,SE-M,,55.5897939,12.9937577,Malmö--Pildammsparken,2026-09-26 15:23,123,261
L10664636,SE,SE-M,,55.5994198,12.9558144,Malmö--Ribersborg,2026-09-27 11:37,187,702
L8200063,SE,SE-M,,55.60121,12.98723,Malmö--Slottsparken,2026-09-27 11:44,139,733
L6568801,SE,SE-M,,55.6331563,13.001461,Malmö--Swedechrome,2026-08-12 07:36,176,190
L5536657,SE,SE-M,,55.6199876,12.9815966,Malmö--Västra Hamnen (Scaniaparken Helikopterplatta),2026-09-21 14:55,151,129
L5836331,SE,SE-M,,55.593343,12.924121,Malmö--Ön,2026-09-13 11:35,116,89
L4216455,SE,SE-M,,55.6037277,12.9744673,Malmö--Öresundsparken,2026-09-27 11:37,159,484
L13428015,SE,SE-X,,61.7165942,17.1876499,Malngrynnan,2025-09-22 15:40,66,8
L9942096,SE,SE-W,,60.6862322,13.7216217,Malung,2025-08-18 11:45,47,2
L3930355,SE,SE-N,,57.3418021,11.9662185,Malön,2026-09-09 09:00,215,307
L33212419,SE,SE-BD,,65.5276344,23.5542659,Malören,2024-06-09 08:48,32,2
L40249329,SE,SE-N,,56.73975,12.77257,Mannarps naturreservat,2025-02-15 14:40,7,1
L10825698,SE,SE-O,,57.7358823,13.4065944,"Marbäck, Ulricehamn",2026-09-23 11:00,185,508
L7181921,SE,SE-AB,,59.4674777,18.3325623,Margretelundsparken,2024-01-24 14:08,54,5
L17691467,SE,SE-AB,,59.6857452,18.780686,Marholmen,2025-08-04 16:06,50,8
L66825540,SE,SE-O,,57.6232212,11.9165784,Marholmen,2026-08-27 07:26,22,0
L75858657,SE,SE-O,,58.0749856,11.8350541,Mariagården
L75856803,SE,SE-O,,57.8879479,12.0299512,Mariebergs naturreservat
L74921044,SE,SE-F,,57.3921444,13.8915084,Marieholmsskogens naturreservat
L74120812,SE,SE-N,,56.774569,12.7772217,Marielund och Soskinnet,2010-01-30 00:00,1,0
L2265129,SE,SE-S,,59.3607581,13.4842587,Marienbergs strandängar,2026-08-17 15:00,66,19
L50444892,SE,SE-G,,56.461633,13.5976382,Markaryd,2026-07-10 12:21,5,0
L67943074,SE,SE-T,,59.2515228,15.2608123,Markaskogen NR--Markasjön
L16361576,SE,SE-T,,59.2471168,15.2610286,Markaskogen naturreservat,2025-11-16 13:01,68,48
L73988331,SE,SE-E,,58.6609002,16.4213402,Marmorbrukets NR,2026-07-08 08:07,14,1
L74241994,SE,SE-G,,56.6855072,14.1677811,Marsholm
L4921573,SE,SE-AC,,66.0432048,16.0664749,Marsivagge,2021-06-18 17:13,85,13
L22939814,SE,SE-X,,60.7610996,17.3506733,Marskärsudden,2026-08-20 16:04,36,5
L19219304,SE,SE-O,,57.8879387,11.5735203,Marstrand,2026-07-27 12:19,39,8
L9962870,SE,SE-D,,58.6717865,16.9538505,"Marsviken, inre delen",2026-07-22 15:45,101,5
L4666938,SE,SE-D,,58.6786034,16.9624186,Marsäng,2026-06-13 20:51,168,24
L6044043,SE,SE-D,,59.1865156,17.1629135,Marvikens NR,2026-09-24 14:43,29,7
L13365242,SE,SE-I,,57.5636535,18.4472423,Massarvedammen,2026-07-16 13:06,1,0
L43884833,SE,SE-Z,,63.2952636,13.8745965,Mattmartjärnen,2026-09-03 07:34,59,4
L13505516,SE,SE-S,,59.108218,13.9563131,Medhamn,2020-11-28 09:00,1,1
L6669513,SE,SE-D,,59.394101,16.440489,Mellangårdsvägen,2025-05-30 00:00,74,22
L4714966,SE,SE-X,,61.9584187,15.3606892,Mellanljusnans NR,2023-06-18 15:51,13,4
L19815596,SE,SE-Y,,63.4278122,18.3288976,Mellansels bioreningsdammar,2022-06-25 09:04,10,0
L1120174,SE,SE-H,,56.39237,16.54609,Mellby,2026-08-04 22:55,98,18
L4476575,SE,SE-N,,56.50557,12.94058,Mellbystrand,2026-09-20 17:55,157,44
L76735973,SE,SE-N,,56.5146614,12.9426517,Mellbystrand--Norra Mellbystrand,2026-09-06 11:46,38,4
L76780644,SE,SE-N,,56.486387,12.9324681,Mellbystrand--Södra Mellbystrand
L49362428,SE,SE-H,,56.3864958,16.5449509,Mellbytorp,2026-01-02 11:45,5,0
L6049586,SE,SE-H,,56.3909851,16.5668035,Mellbyör,2026-09-20 08:01,143,37
L13332628,SE,SE-AB,,58.9913883,17.6725998,Mellersta Mörkö,2025-07-11 13:40,53,4
L44551367,SE,SE-Z,,63.6318689,13.8109252,"Mellsjön, Rönnöfors",2026-05-02 10:19,35,2
L64519347,SE,SE-D,,59.1148943,16.494259,Mellösa-Hedsjön-Harpsund bird inventory,2026-05-01 05:15,50,1
L6539447,SE,SE-H,,56.86636,16.85525,Melösa strand,2026-06-20 18:28,110,12
L1376762,SE,SE-AB,,59.32496,17.65641,Menhammarsviken,2026-08-14 14:09,147,106
L1376750,SE,SE-AB,,59.31969,17.66442,Menhammarsviken--Skytteholms herrgård,2026-08-14 14:09,79,42
L4573528,SE,SE-AB,,59.3185824,17.6640657,Menhammarsviken--Skytteholmstornet,2026-04-09 12:26,102,10
L9492888,SE,SE-Z,,62.6922153,12.4508676,Messmörstjärn,2026-06-22 11:05,29,6
L56887435,SE,SE-Y,,62.2290157,17.4344444,Mingen Västerviken,2026-09-06 12:43,76,6
L64001061,SE,SE-Z,,63.1596972,14.6549436,Minnesgärdet,2026-04-26 14:21,10,2
L4591815,SE,SE-E,,58.3157181,16.9447374,Missjö,2026-08-14 12:14,35,1
L6927265,SE,SE-Z,,62.6874184,12.6630735,Mittådalen,2026-07-11 19:10,72,13
L9492856,SE,SE-Z,,62.7324195,12.4518362,Mittåkläppen,2025-06-21 14:32,64,12
L13319369,SE,SE-I,,57.0237338,18.2352231,Mjölhatteträsk,2026-05-16 14:39,74,4
L7035282,SE,SE-O,,58.32596,11.81107,Mollön,2025-08-14 14:40,77,10
L75860599,SE,SE-O,,58.3293088,11.8131408,Mollön--Norra fågeltornet
L75862370,SE,SE-O,,58.073414,11.4738053,Mollösund,2025-02-17 12:30,12,1
L40377994,SE,SE-O,,58.0742149,11.4660853,Mollösund--Mollösunds Fyr,2025-02-17 12:30,12,1
L2930699,SE,SE-W,,61.00711,14.54351,Mora,2026-08-17 19:15,59,8
L4866138,SE,SE-M,,55.48148,14.3001437,Morfarshamn,2026-05-15 09:32,103,17
L4555272,SE,SE-C,,59.7543847,17.6358247,"Morga hage, Kungshamn-Morga naturreservat",2026-05-31 21:50,133,49
L11733603,SE,SE-T,,59.6974927,15.4095641,Morskogasjön,2026-05-22 10:55,49,6
L10083932,SE,SE-N,,56.979359,12.3996076,Morup,2026-06-27 14:57,50,6
L8189009,SE,SE-N,,56.9262502,12.3611385,Morups Tånge NR--Brevik,2026-07-23 11:45,111,17
L64586758,SE,SE-N,,56.91927,12.36916,Morups Tånge NR--Korshamn,2026-09-10 09:38,67,13
L64589322,SE,SE-N,,56.918915,12.3575267,Morups Tånge NR--Lindbådan,2014-12-25 15:05,1,1
L64586901,SE,SE-N,,56.9232447,12.3591391,Morups Tånge NR--Morups tånge fyr,2026-09-20 10:30,70,4
L64586677,SE,SE-N,,56.9229417,12.3642536,Morups Tånge NR--Pölsefloen
L4327583,SE,SE-N,,56.92108,12.36139,Morups Tånge naturreservat,2026-09-20 10:30,256,353
L12612795,SE,SE-N,,56.95008,12.35105,Morups hallar,2024-07-19 19:22,53,3
L4564817,SE,SE-W,,60.8136736,14.6736145,Moåsen,2026-04-01 16:30,20,6
L8168857,SE,SE-BD,,66.9609555,20.156797,Muddus / Muttos nationalpark,2026-08-15 08:11,103,30
L16378050,SE,SE-K,,56.412851,14.4816694,Mulatorp naturreservat,2021-09-09 13:00,2,0
L73259987,SE,SE-O,,58.317924,14.2102825,Mullsjön,2026-08-13 19:56,7,1
L73261039,SE,SE-O,,58.327071,14.2003631,Mullsjön--Svebråta
L73260466,SE,SE-O,,58.3269779,14.2164686,Mullsjön--TKF-tornet,2026-08-13 19:56,7,1
L73260578,SE,SE-O,,58.3151368,14.2317932,Mullsjön--Utloppet
L6108287,SE,SE-N,,56.96693,12.40073,Munkagårdsfloen,2026-09-13 18:40,137,85
L4351563,SE,SE-K,,56.15794,14.84056,Munkahusviken,2026-09-20 08:46,106,14
L75933772,SE,SE-K,,56.1585525,14.8476313,Munkahusviken--Inre Munkahusviken,2026-09-20 08:46,39,1
L75933570,SE,SE-K,,56.1566057,14.8317476,Munkahusviken--Yttre Munkahusviken
L74921183,SE,SE-F,,57.9145607,14.1079434,Munkaskog--Dammarna
L19402094,SE,SE-F,,57.7713873,14.1656054,Munksjön,2026-08-09 09:54,52,9
L47041965,SE,SE-O,,58.6081929,13.3777414,Munkängarna,2026-08-07 11:04,18,7
L10675274,SE,SE-U,,59.6069217,16.5593399,Munkängen,2026-09-08 13:15,49,11
L5211991,SE,SE-I,,56.9417203,18.1969643,Muskmyr,2026-07-30 10:54,95,25
L43748445,SE,SE-Z,,63.4743127,14.0368738,Mussjön,2025-04-30 10:30,26,1
L42564677,SE,SE-Z,,63.3759415,14.8276442,Myckeltjärnen,2026-05-08 14:03,16,1
L4574062,SE,SE-H,,56.5232972,16.4396667,Mysinge hög,2026-07-13 11:01,39,2
L4520438,SE,SE-AB,,59.3891201,18.4742403,"Myttinge, Värmdö",2008-07-12 14:00,36,2
L4497956,SE,SE-D,,59.448411,16.425372,Mälarbaden,2026-02-23 12:00,44,10
L49692115,SE,SE-AB,,59.3450655,17.8703014,Mälarklippan,2026-09-04 07:57,87,25
L7670088,SE,SE-U,,59.6044396,16.581738,Mälarpark,2023-09-24 12:34,36,5
L42788836,SE,SE-Z,,62.847577,15.2959573,Mälgviken,2025-05-25 14:20,6,0
L12053578,SE,SE-I,,57.22784,18.30748,Mästermyr,2023-07-05 11:51,41,2
L32055702,SE,SE-N,,56.61255,13.242673,Mästocka Ljunghed NR,2024-06-17 09:54,15,3
L40323251,SE,SE-N,,56.661148,13.285104,Mästocka Skjutfält,2024-05-04 17:51,17,0
L7256582,SE,SE-D,,59.409687,16.767557,Mågla gård,2024-04-07 00:00,27,4
L65029278,SE,SE-G,,56.82802,14.24745,Målaskogsberg NR,2026-06-20 21:19,3,1
L75090879,SE,SE-H,,57.4190386,16.241046,Målsjön
L75090925,SE,SE-H,,57.4213148,16.236517,Målsjön--Västra tornet
L75090935,SE,SE-H,,57.420837,16.245001,Målsjön--Östra tornet
L12571997,SE,SE-M,,55.4782698,13.136816,Månstorps gavlar,2026-04-19 13:53,14,2
L12595618,SE,SE-M,,55.486778,13.1483418,Månstorps sjö,2006-06-17 08:40,3,0
L5618425,SE,SE-X,,60.7539602,17.1772957,Mårdängssjön,2026-07-03 15:40,106,9
L70167037,SE,SE-N,,57.3941926,11.9936893,Mårtagårdens kulturreservat
L75861337,SE,SE-O,,58.0940307,11.3305133,Måseskär
L9974940,SE,SE-AB,,60.1876509,18.8414769,Måssten,2021-05-16 11:00,73,3
L1120175,SE,SE-H,,56.5336,16.5294,Möckelmossen,2026-09-23 16:00,167,153
L74242264,SE,SE-G,,56.6110604,14.1544992,Möckelsnäs & Kronans naturreservat
L40143451,SE,SE-N,,56.671509,12.757881,Möllegårds NR,2026-05-29 11:34,23,3
L64271455,SE,SE-M,,56.2778266,12.5008639,Möllehässle NR--Fågelviken,2026-05-03 20:10,16,0
L51828135,SE,SE-M,,56.2685286,12.5084181,Möllehässle naturreservat,2026-08-25 15:33,31,2
L70165053,SE,SE-O,,57.6554777,12.0184796,Mölndal,2026-06-27 10:39,14,0
L70164106,SE,SE-O,,57.633541,11.9831826,Mölndal--Balltorp,2022-08-01 13:45,10,1
L70163461,SE,SE-O,,57.6212311,12.0096429,Mölndal--Hills Golfbana,2026-06-23 05:35,38,6
L70163933,SE,SE-O,,57.6380398,11.9687087,Mölndal--Lunnagård
L70165141,SE,SE-O,,57.6577326,12.1191499,Mölnlycke,2026-08-04 19:55,31,4
L21656272,SE,SE-I,,57.9268816,19.1420564,Mölnorträsk,2026-08-07 10:49,57,16
L75917904,SE,SE-O,,58.0940955,13.4779773,Mönarps mosse
L3934035,SE,SE-N,,57.3556535,11.956568,Mönster,2026-09-11 07:34,223,481
L6008897,SE,SE-H,,56.912717,16.4299488,Mönsterås Kustväg,2026-06-21 17:49,79,13
L3083941,SE,SE-AB,,59.7650401,18.2419181,Mörby old castle,2015-04-18 14:30,82,5
L1120180,SE,SE-H,,56.5244,16.3824,Mörbylånga,2026-08-02 18:23,186,181
L4612587,SE,SE-H,,56.5292306,16.37362,Mörbylånga--Hamn,2026-08-02 18:23,122,24
L4285361,SE,SE-H,,56.5192176,16.3770103,Mörbylånga--Kalvhagen,2026-03-01 17:27,85,5
L4520489,SE,SE-H,,56.53398,16.38747,Mörbylånga--Norra dammarna och strandängen,2025-06-06 05:40,130,15
L19336540,SE,SE-H,,56.5289823,16.3845549,Mörbylånga--Sockerbruksdammarna,2026-07-22 16:33,109,98
L72585327,SE,SE-H,,56.5257205,16.3716363,Mörbylånga--Strandpromenaden,2026-07-15 10:45,10,1
L4523463,SE,SE-H,,56.5172367,16.4137459,Mörbylånga--Östra åkrarna,2025-12-21 00:00,40,8
L1824323,SE,SE-AB,,58.9255775,17.6537455,Mörkö -- Eriksö,2023-06-04 14:30,71,9
L27428908,SE,SE-AB,,59.0387659,17.680278,Mörkö -- Fälten Norra Mörkö,2024-05-10 14:03,37,1
L4210286,SE,SE-AB,,59.0407312,17.6539993,Mörkö --Sandasjön,2026-05-23 21:11,79,12
L65553819,SE,SE-X,,61.7120708,17.4102969,"Mörtsjön, Hornslandet"
L74270549,SE,SE-O,,58.1967139,13.4943649,Mösseberg
L5925437,SE,SE-H,,57.34873,17.08806,Nabbelunds hamn,2026-05-22 12:30,93,19
L71430158,SE,SE-I,,57.2658204,18.7168314,Nabben,2021-10-17 00:00,1,0
L28919686,SE,SE-AB,,59.3191188,18.1617891,Nacka strand,2026-06-13 07:54,56,5
L4166332,SE,SE-AB,,59.2973861,18.1462812,Nacka ström,2026-04-03 13:23,50,47
L4187508,SE,SE-AB,,59.2932857,18.1327052,Nackareservatet väster om väg 260 (General area),2026-09-12 13:59,97,145
L4431127,SE,SE-D,,59.330184,16.753129,Nasen,2026-04-24 14:20,93,18
L4718333,SE,SE-H,,56.5186544,16.6031688,"Naturbutiken, Stenåsa",2026-07-22 14:56,78,16
L11424047,SE,SE-T,,59.0618049,14.9354283,"Naturreservaten Oxaryggen, Nalavibergs ekäng & Broby äng",2020-05-12 14:16,20,1
L19905662,SE,SE-C,,60.5372316,17.4337836,Naturreservatet Gropholmarna,2026-05-31 09:45,28,2
L14268362,SE,SE-M,,56.0282433,14.1458454,Naturum Vattenriket,2026-08-02 14:00,117,62
L5414373,SE,SE-BD,,65.8420532,21.7054739,Nedre Avan,2023-06-15 18:30,10,2
L2935393,SE,SE-C,,59.8062622,17.6681614,Nedre Föret,2026-05-20 12:59,130,72
L39879797,SE,SE-H,,56.3669986,16.5378023,Nedre Segerstad,2026-05-21 22:08,3,0
L22307902,SE,SE-AC,,63.838031,20.561869,Nedre Sävarån (General area),2026-06-17 12:20,47,14
L5007073,SE,SE-H,,57.3415617,17.0218563,Neptuni åkrar,2026-07-10 10:48,96,18
L35662768,SE,SE-Z,,62.8223486,12.3625798,Nesjön,2022-07-21 00:00,19,1
L8148670,SE,SE-N,,57.3028407,11.9018767,Nidingen,2026-07-29 11:42,181,113
L77772341,SE,SE-N,,57.3040729,11.9112303,Nidingen--Ostudden,2023-08-25 12:02,21,1
L10016412,SE,SE-BD,,67.8530294,19.0175057,Nikkaluokta,2026-09-13 15:02,65,21
L4315318,SE,SE-W,,61.9660439,12.8599262,Nipfjället,2026-08-07 11:24,96,92
L7080313,SE,SE-N,,56.6665636,12.8575374,"Nissanstrand, Halmstad",2025-10-06 09:55,119,3
L8148573,SE,SE-I,,57.1373647,18.2153481,Nisseviken,2026-07-29 17:17,61,2
L40389016,SE,SE-AB,,59.3255433,17.9158196,Nockebysundet,2025-01-25 09:15,19,1
L75943425,SE,SE-K,,56.0050153,14.7371007,Nogersund,2026-08-20 16:30,10,1
L77707974,SE,SE-S,,59.3454432,13.5107361,Nolgårds fågeltorn
L5646457,SE,SE-O,,57.93537,12.50197,Nolhagaviken,2026-07-31 15:27,127,28
L25119767,SE,SE-AB,,59.8404909,18.676699,"Norasjön, Svanberga",2025-09-01 07:55,12,1
L21656245,SE,SE-I,,57.9762681,19.3300312,Nordermorarna,2026-07-28 13:00,22,2
L44872829,SE,SE-Z,,63.1505281,14.3552119,Norderön,2025-07-18 13:11,12,1
L49991224,SE,SE-Z,,63.1512553,14.3365315,Norderön--Tivars Gårdsmejeri,2025-07-18 13:11,6,1
L75857051,SE,SE-O,,57.8907137,11.6920286,Nordöns naturreservat
L75943539,SE,SE-K,,56.120445,14.6788559,Norje
L75943554,SE,SE-K,,56.120999,14.7017991,Norje--Norjegryt
L75943760,SE,SE-K,,56.1231608,14.682293,Norje--Norjesund
L75943587,SE,SE-K,,56.1349332,14.6752467,Norje--Örnavik
L17434982,SE,SE-U,,59.5757845,16.6100935,Norra Björnö,2026-09-27 16:06,104,11
L74920918,SE,SE-F,,57.066472,13.7605453,Norra Bolmen
L74920860,SE,SE-F,,57.0788917,13.7564427,Norra Bolmen--Liljenäsvikens badplats
L74920778,SE,SE-F,,57.0770002,13.7676861,Norra Bolmen--Liljenäsvikens vadarstrand
L74920527,SE,SE-F,,57.0697099,13.7492883,Norra Bolmen--Storåmynningen
L74920488,SE,SE-F,,57.06925,13.72945,Norra Bolmen--Västra vassviken
L10090277,SE,SE-AB,,59.3694745,18.0456236,Norra Djurdgården--Bergianska trädgården,2026-09-11 13:36,92,101
L66058164,SE,SE-AB,,59.3625867,18.0688534,Norra Djurgården,2026-09-19 14:00,147,451
L9736463,SE,SE-AB,,59.36761,18.04653,Norra Djurgården--Bergianska trädgårdens våtmark,2026-08-31 16:42,71,33
L23732469,SE,SE-AB,,59.3562523,18.0745268,Norra Djurgården--Fiskartorpsskogen,2026-09-12 08:53,83,27
L3639629,SE,SE-AB,,59.3606567,18.0763078,Norra Djurgården--Laduviken,2026-09-12 15:44,93,41
L23912423,SE,SE-AB,,59.3726638,18.0680695,Norra Djurgården--Lappis Beach,2026-05-24 10:07,63,12
L4523337,SE,SE-AB,,59.3687035,18.068862,Norra Djurgården--Lappkärret,2026-09-19 14:00,111,119
L18969146,SE,SE-AB,,59.3620968,18.0861089,Norra Djurgården--Lillsjön,2026-09-12 17:49,79,25
L4596889,SE,SE-AB,,59.3661962,18.0765653,Norra Djurgården--Stora skuggan,2026-08-25 11:02,107,85
L14867420,SE,SE-S,,59.5115409,13.3959749,Norra Hyn,2026-07-01 13:39,101,15
L10090265,SE,SE-AB,,59.44758,17.87206,Norra Järvafältet,2026-08-31 15:37,196,709
L4147115,SE,SE-AB,,59.4242265,17.8770518,Norra Järvafältet--30-meterskärret,2026-08-31 15:37,161,287
L4335206,SE,SE-AB,,59.4634033,17.8422689,Norra Järvafältet--Bodaäng,2026-05-22 17:06,74,10
L4505150,SE,SE-AB,,59.4313569,17.9116631,Norra Järvafältet--Hansta,2023-07-09 10:40,56,11
L10976964,SE,SE-AB,,59.4206151,17.900442,Norra Järvafältet--Hägerstalund,2026-02-20 10:14,70,16
L14503578,SE,SE-AB,,59.4579817,17.8342095,Norra Järvafältet--Molnsätra,2026-06-08 19:04,25,4
L4259784,SE,SE-AB,,59.4558144,17.9041958,Norra Järvafältet--Norra Ravalen,2024-02-03 10:48,45,4
L4440983,SE,SE-AB,,59.4472639,17.9096889,Norra Järvafältet--Ravalen,2026-05-17 12:08,101,25
L10465301,SE,SE-AB,,59.4259365,17.857976,Norra Järvafältet--Säby gård,2026-06-24 15:00,108,45
L2500105,SE,SE-AB,,59.43514,17.86906,Norra Järvafältet--Säbysjön,2026-06-10 10:30,162,224
L5984423,SE,SE-AB,,59.4391169,17.8962616,Norra Järvafältet--Väsby sjöäng,2026-05-24 05:46,98,33
L10102917,SE,SE-AB,,59.4548292,17.8442438,Norra Järvafältet--Översjön,2026-03-29 13:16,78,8
L39725435,SE,SE-AB,,59.4624154,17.8602494,Norra Järvafätet--Matningen V Fäboda,2026-04-13 14:32,39,23
L75549238,SE,SE-M,,55.53651,12.944707,Norra Klagshamn/Skumparp arable farmland,2026-08-12 17:24,2,0
L7382125,SE,SE-H,,57.7575208,15.5996647,Norra Kvill nationalpark,2026-06-09 11:24,42,11
L4658417,SE,SE-M,,55.6792943,13.0587745,Norra Lomma strand,2026-08-24 17:58,107,37
L12531857,SE,SE-N,,57.1339615,12.2189714,Norra Näs,2023-05-20 15:01,80,1
L5645379,SE,SE-M,,56.3587364,13.9899731,Norra Osbysjön,2026-03-26 14:25,23,3
L9778764,SE,SE-H,,56.5105391,16.3752728,Norra betebyören,2026-06-25 09:52,92,11
L38796409,SE,SE-E,,58.4412169,15.6657828,"Norra dammarna, Gärstadsverken",2016-07-11 18:00,31,1
L6531390,SE,SE-M,,55.996977,14.1653144,Norra Åsum- Helge Å,2025-11-07 14:07,48,3
L9428456,SE,SE-X,,61.358731,16.998124,Norrala,2025-07-13 12:48,6,0
L33026357,SE,SE-AC,,63.566107,19.832888,Norrbyns småbåtshamn,2024-06-25 05:23,21,2
L7075058,SE,SE-N,,56.678865,12.8599262,"Norre katts park, Halmstad",2026-06-22 09:55,30,8
L47747246,SE,SE-AC,,63.8625095,20.7382935,Norrfjärden,2026-09-20 10:46,21,3
L7561510,SE,SE-Y,,62.9626449,18.5227776,Norrfällsviken,2026-06-03 10:32,75,13
L77137406,SE,SE-U,,59.9239577,16.2720206,Norrgärsbo
L62492808,SE,SE-AC,,63.656266,20.122992,Norrmjöle fiskehamn,2026-08-30 09:49,62,8
L14316399,SE,SE-AB,,59.629944,19.2765868,Norrpada skärgård,2022-07-28 16:37,29,1
L10471575,SE,SE-AB,,59.75744,18.71587,Norrtälje hamn,2026-03-31 19:01,38,9
L17109085,SE,SE-AB,,59.7768493,18.8645354,Norrtäljeviken,2023-06-30 16:40,16,1
L9942078,SE,SE-W,,60.211287,15.107007,Norrvik,2026-07-08 00:07,32,3
L8260381,SE,SE-U,,59.4948305,16.051923,Norsa Hagar,2026-07-09 11:29,139,29
L2563833,SE,SE-W,,60.11527,15.09055,Norsen,2004-08-10 00:00,8,1
L5405924,SE,SE-I,,57.9930931,19.2229586,Norsholmen,2026-09-23 08:12,184,115
L75858779,SE,SE-O,,58.0327623,11.812023,Norums holme,2026-09-21 08:10,1,0
L75090182,SE,SE-G,,56.4900967,14.7064144,Nottaryd
L74244185,SE,SE-G,,56.9091313,14.8861541,Notteryds naturreservat,2026-08-14 11:15,21,1
L39994184,SE,SE-U,,59.6028905,16.5711982,Notudden,2026-08-30 14:12,17,3
L74917670,SE,SE-F,,57.919079,14.7588884,Noån
L74917849,SE,SE-F,,57.9392737,14.7442123,Noån--Degla gård
L74918165,SE,SE-F,,57.9210713,14.7546381,Noån--Degla kvarn
L74918051,SE,SE-F,,57.9317465,14.7461019,Noån--Deglaberget
L74918254,SE,SE-F,,57.9177762,14.7660064,Noån--Lillekulla kvarn
L74918355,SE,SE-F,,57.9148624,14.775196,Noån--Munka kvarn
L74918468,SE,SE-F,,57.90877,14.7948514,Noån--Nobynäs
L74547274,SE,SE-AB,,59.3316802,18.0773946,Nybroviken,2026-09-07 14:07,14,2
L11918197,SE,SE-U,,59.2393238,15.8116357,Nyckelgrundsstenen,2020-07-18 14:45,10,1
L9257294,SE,SE-AB,,59.3225249,18.1841668,Nyckelviken NR,2026-09-13 11:51,102,101
L24025682,SE,SE-AC,,63.821761,20.347596,Nydalasjön,2026-08-30 09:51,65,17
L4607597,SE,SE-M,,55.85641,14.23548,Nyehusen,2026-05-18 20:53,91,9
L4322649,SE,SE-AB,,59.2233094,18.2674742,Nyfors,2026-09-19 14:33,49,27
L5943612,SE,SE-O,,58.3313956,12.3927283,Nygårdspark Hunneberg,2026-08-04 15:18,57,11
L4922332,SE,SE-O,,58.3644553,12.3124766,Nygårdsängen,2026-09-14 10:45,104,81
L8099227,SE,SE-AB,,59.1818944,17.4393703,Nykvarn,2026-03-26 09:20,23,2
L8260324,SE,SE-D,,58.755706,17.0067116,Nyköping,2026-04-14 14:12,91,14
L9343958,SE,SE-D,,58.7391616,16.9787248,Nyköping -- Svanviken,2026-06-13 20:02,136,41
L6426298,SE,SE-D,,58.7442714,17.0217276,Nyköpings hamn,2026-07-10 18:46,60,32
L13427824,SE,SE-X,,61.7789847,17.0442751,"Nylandet, Hög",2020-04-07 00:00,13,2
L4507419,SE,SE-C,,60.0943521,18.4165192,"Nyländadammen, Malsättra",2008-04-19 10:30,54,2
L4233214,SE,SE-D,,58.808067,17.3674107,Nynäs NR -- Nynäs slott,2025-08-28 16:59,46,8
L49417402,SE,SE-AB,,58.9025973,17.9483993,Nynäshamn,2026-09-14 10:05,49,12
L54248014,SE,SE-AB,,58.9002314,17.9472167,Nynäshamn -- Svandammen,2026-08-27 14:37,45,8
L4327469,SE,SE-AB,,58.8714758,17.9294515,Nynäshamn--Lövhagen,2026-09-26 09:35,93,52
L4260002,SE,SE-AB,,58.8999156,17.9528404,Nynäshamns småbåtshamn,2026-09-23 13:49,91,78
L4596327,SE,SE-S,,60.5994979,13.0650616,Nyskogaområdet,2006-04-09 07:00,6,0
L7405106,SE,SE-D,,59.389089,16.389182,Nysätter,2026-07-24 00:00,74,40
L6235217,SE,SE-M,,56.328245,14.3842793,Nytebodaskogen,2026-07-11 12:45,54,8
L5059549,SE,SE-AB,,59.288964,18.1101394,Nytorps gärde,2026-06-28 11:15,42,39
L6307657,SE,SE-K,,56.170287,14.9713612,Nytäppet,2024-05-09 12:25,23,2
L75091367,SE,SE-H,,57.4383613,16.1363744,Näjern
L75091458,SE,SE-H,,57.4334176,16.1547639,Näjern--Fagerhultsmaden
L9378943,SE,SE-E,,58.734887,16.167226,Näkna bron,2022-09-29 07:31,41,2
L4768280,SE,SE-D,,59.3830701,16.4757907,Närjeholmsbron,2026-06-23 00:00,54,15
L4345469,SE,SE-I,,57.2285451,18.6898041,Närsholmen (General area),2026-07-24 11:20,135,22
L36851620,SE,SE-I,,57.2334073,18.7028544,Närsholmen -- Glasskär,2025-08-06 00:00,28,2
L36851507,SE,SE-I,,57.2181777,18.6843824,Närsholmen -- När fyr,2026-08-09 10:12,56,8
L8260203,SE,SE-D,,59.3118107,16.4137494,Närsjöfjärden,2018-05-19 00:00,27,0
L4994602,SE,SE-D,,59.314797,16.420946,Närsjötornet,2026-04-11 05:58,139,83
L42249983,SE,SE-O,,58.65844,12.56147,Näs Sannar,2025-09-26 17:40,16,2
L3063102,SE,SE-N,,57.3442462,12.071515,Näsbokrok naturreservat,2026-08-21 13:52,133,30
L66426170,SE,SE-H,,56.2435981,16.4640135,Näsby,2026-09-04 15:20,27,5
L10504632,SE,SE-AB,,59.424106,18.0861532,"Näsby Slott, Näsbypark",2026-09-22 17:36,74,17
L1654436,SE,SE-M,,55.4687591,13.4594536,Näsbyholms slott,2026-03-13 10:30,132,30
L1367008,SE,SE-M,,55.4634,13.4672,Näsbyholmsjön,2026-09-26 14:47,152,150
L6499195,SE,SE-D,,59.3739218,16.923151,"Näsbyholmssundet, Sörfjärden, Mälaren",2025-08-29 13:47,18,4
L58833047,SE,SE-O,,57.9566791,12.4348069,"Näset, Brobacka",2026-01-18 10:13,25,1
L25581092,SE,SE-N,,56.8716654,12.5205811,"Näset, Falkenberg",2026-09-24 10:00,144,29
L8260247,SE,SE-D,,59.2299035,16.3431963,Näshulta,2026-04-08 09:15,39,6
L8264108,SE,SE-D,,59.1806381,16.2852071,Näshultasjön--Västerviken,2020-09-24 10:36,3,0
L8268330,SE,SE-Y,,63.1478946,18.5389823,"Näskefjärden, Nätra",2025-07-29 18:10,29,1
L76414924,SE,SE-K,,56.0197706,14.5883976,Näsnabbarna naturreservat
L7387003,SE,SE-D,,59.01536,16.1602879,Näsnaren,2025-10-23 09:15,156,222
L77148037,SE,SE-D,,59.0070978,16.1705394,Näsnaren--Gamla tornet
L12694270,SE,SE-D,,59.0210029,16.1958982,Näsnaren--Lilla Näsnaren,2020-11-14 00:00,86,14
L9761442,SE,SE-D,,59.0129248,16.1282864,Näsnaren--Sjöholmskärret,2019-08-07 12:53,16,2
L77147989,SE,SE-D,,59.0100149,16.1692417,Näsnaren--Tornstugan
L13227922,SE,SE-I,,57.0699148,18.188231,Näsrevet säl- och fågelskyddsområde,2026-07-23 16:33,88,7
L75904223,SE,SE-E,,58.4696037,14.8004217,Nässja udde
L13853737,SE,SE-D,,58.9514709,16.1405497,Nässjön,2025-07-21 11:03,93,27
L74838088,SE,SE-G,,56.8270486,13.8723938,Nässjön
L75940822,SE,SE-K,,56.2365427,15.1913624,Nässjön
L75940871,SE,SE-K,,56.2331449,15.1833339,Nässjön--Bårkullen fornborg
L75940843,SE,SE-K,,56.2304831,15.1951396,Nässjön--Näsudden
L11341159,SE,SE-AB,,59.483943,18.6762515,Nässlingen,2002-05-06 08:00,44,1
L76171900,SE,SE-I,,57.0712247,18.1772612,Näsudden -- Storgrunn,2026-08-31 15:53,56,4
L11258900,SE,SE-D,,58.6282079,16.7973733,Nävekvarn,2026-07-12 08:46,150,81
L75088523,SE,SE-F,,57.3969228,14.885303,Nävelsjö
L2935280,SE,SE-C,,59.8219869,17.557869,Nåsten naturreservat,2026-04-30 18:30,106,75
L10859640,SE,SE-AB,,58.8728384,18.1183219,Nåttarö,2026-08-13 16:07,69,11
L3951700,SE,SE-M,,55.7349999,13.1538534,Nöbbelövs mosse,2026-09-06 11:53,158,252
L2308994,SE,SE-O,,58.8659697,11.2157536,Nöddökilen,2026-08-04 12:59,99,17
L75088580,SE,SE-F,,57.5494889,14.9172118,Nömmeholm,2026-09-07 10:14,7,1
L77135488,SE,SE-U,,59.9475121,16.3224864,Nötmyran
L77144622,SE,SE-S,,59.0688489,14.0468677,Nötön
L18886135,SE,SE-AC,,63.658032,20.285849,Obbola--Nagelhamnsviken,2026-09-17 14:22,116,62
L18352258,SE,SE-AC,,63.660878,20.278974,Obbola--Silverskatan,2026-06-05 06:48,84,25
L18352271,SE,SE-AC,,63.6521647,20.2941062,Obbola--Vitskärsudden,2026-09-13 07:50,144,123
L75939990,SE,SE-K,,56.3029334,14.520404,Odasjöslätt
L44475672,SE,SE-Z,,63.168426,14.6950179,Odenskogsdammen,2026-06-13 13:26,22,3
L13212058,SE,SE-M,,55.6308414,13.017377,Oljesjön,2025-03-16 15:50,18,17
L77075798,SE,SE-T,,59.1486059,15.4777372,Olles hage naturreservat
L10095657,SE,SE-N,,56.923196,12.391085,Olofsbo,2026-07-23 17:15,59,6
L10097821,SE,SE-N,,56.917881,12.384005,Olofsbo--Olofsbo havsbad,2026-06-27 10:52,31,2
L47900747,SE,SE-N,,56.91283,12.39658,Olofsbo--Torsvik,2026-07-23 17:15,31,2
L42657104,SE,SE-AC,,63.5752347,19.4309459,Olofsforsåkern,2025-04-14 13:45,20,0
L75935620,SE,SE-K,,56.2013598,15.9865454,Olsängs strandängar
L75935540,SE,SE-K,,56.1986494,15.9855298,Olsängs strandängar--Fågeltornet
L1597885,SE,SE-E,,58.33155,14.668,Omberg,2026-08-22 11:46,72,14
L74337447,SE,SE-E,,58.3147248,14.6500071,Omberg--Mörkahålkärrets NR
L74311027,SE,SE-E,,58.3067001,14.6486421,Omberg--Ombergs hjässa,2026-08-22 11:46,19,1
L74311174,SE,SE-E,,58.3564414,14.6880249,Omberg--Ombergslidens NR
L24076962,SE,SE-E,,58.3068736,14.6274376,Omberg--Stocklycke hamn,2026-07-05 09:17,25,2
L74311607,SE,SE-E,,58.3351288,14.6505314,Omberg--Storpissan NR
L74311069,SE,SE-E,,58.3563912,14.6562212,Omberg--Västra väggar
L64505989,SE,SE-N,,57.4158044,11.9161358,Onsala Sandö
L36512428,SE,SE-W,,61.1685315,15.1479672,Oresjön - Viken vid Skolvägen
L75940037,SE,SE-K,,56.2674068,14.5903621,Orlunden
L5788931,SE,SE-AB,,59.20638,18.04205,Orlångens NR--Balingsta Bottnen,2026-08-09 10:51,120,108
L10090372,SE,SE-AB,,59.1961,18.04118,Orlångens NR--Orlången,2026-08-02 16:22,52,5
L29337929,SE,SE-AB,,59.21666,18.06275,Orlångens NR--Orlångsån,2026-02-22 13:13,47,12
L2272702,SE,SE-AB,,59.22219,18.07311,Orlångens NR--Ågestasjön,2026-09-27 13:19,199,619
L4718564,SE,SE-AB,,59.21253,18.045,Orlångens naturreservat,2026-09-27 13:19,203,776
L2309004,SE,SE-O,,58.8522985,11.233263,Orrevikskilen,2026-03-08 09:56,92,15
L77079716,SE,SE-W,,60.0707146,14.9714925,Orrleken
L70313464,SE,SE-M,,56.3546317,13.9818669,Osbysjöns näset
L75917106,SE,SE-O,,57.6949832,12.9104028,Osdal & Bråt
L67943841,SE,SE-T,,59.3002611,15.2697562,Oset och Rynningevikens NR--Hjortstorp
L67943774,SE,SE-T,,59.3005869,15.2855127,Oset och Rynningevikens NR--Myrö våtmark,2026-09-05 12:12,12,1
L4252806,SE,SE-T,,59.27107,15.27,Oset och Rynningevikens NR--Oset,2026-09-26 11:45,193,247
L67943455,SE,SE-T,,59.2881171,15.2548148,Oset och Rynningevikens NR--Rävgångsmaden
L67943391,SE,SE-T,,59.2899695,15.2599542,Oset och Rynningevikens NR--Stentornet,2026-06-24 12:26,5,0
L67943956,SE,SE-T,,59.2845383,15.2587318,Oset och Rynningevikens NR--Strandpromenaden,2026-09-16 11:51,50,5
L77076307,SE,SE-T,,59.2783293,15.2728299,Oset och Rynningevikens NR--Svartån
L67943691,SE,SE-T,,59.29479,15.25727,Oset och Rynningevikens NR--Venakullarna,2026-07-25 09:21,25,1
L67943335,SE,SE-T,,59.29382,15.26802,Oset och Rynningevikens NR--Venalagunen,2026-09-19 13:12,22,4
L4212621,SE,SE-T,,59.28693,15.2679,Oset och Rynningevikens naturreservat,2026-09-26 11:45,208,412
L75935817,SE,SE-K,,56.187509,15.6245213,Oskarsvärnsområdet
L75935877,SE,SE-K,,56.1901863,15.6250365,Oskarsvärnsområdet--Norra delen
L75935849,SE,SE-K,,56.1843397,15.6226832,Oskarsvärnsområdet--Södra delen
L18878288,SE,SE-AC,,63.810976,20.701124,Ostögrundet,2026-08-30 07:56,108,20
L10611256,SE,SE-F,,57.1623,14.053,Osudden,2026-08-14 12:11,47,2
L1120177,SE,SE-H,,56.20922,16.40683,Ottenby (General area),2026-09-27 07:13,350,3137
L4342760,SE,SE-H,,56.2321,16.46829,Ottenby--Bondängen,2026-09-27 07:13,183,52
L46133863,SE,SE-H,,56.2035012,16.4018327,Ottenby--Fyrvägen,2026-09-21 00:00,129,23
L64467754,SE,SE-H,,56.2329791,16.4592179,Ottenby--Klockarängen,2026-06-14 21:08,13,1
L6243207,SE,SE-H,,56.2188993,16.4088857,Ottenby--Kungsstenarna,2026-09-10 10:00,188,108
L4718334,SE,SE-H,,56.2243313,16.4261055,Ottenby--Mellersta lunden,2026-06-17 04:30,173,125
L75413249,SE,SE-H,,56.2271612,16.4413129,Ottenby--Norra Lundtornet,2026-09-22 15:00,14,2
L3753152,SE,SE-H,,56.2319007,16.4436041,Ottenby--Norra lunden,2026-05-30 05:55,156,110
L8268011,SE,SE-H,,56.2182824,16.4432306,Ottenby--Norrvik,2026-09-25 06:00,179,69
L4202637,SE,SE-H,,56.2249516,16.4010429,Ottenby--Orminge rör,2026-08-23 15:29,106,7
L4197420,SE,SE-H,,56.2341042,16.4130592,Ottenby--Ottenby Kungsgård,2026-09-09 10:28,185,58
L4795198,SE,SE-H,,56.2048362,16.4154451,Ottenby--Sandviken,2026-09-15 18:08,215,52
L1042907,SE,SE-H,,56.21352,16.4257,Ottenby--Schäferiängarna,2026-09-18 11:20,204,93
L4195162,SE,SE-H,,56.2384052,16.4334869,Ottenby--Sibyllas jaktstuga,2026-09-08 13:50,127,64
L75413442,SE,SE-H,,56.2147638,16.4155867,Ottenby--Södra Lundtornet,2026-09-12 19:10,94,9
L4197422,SE,SE-H,,56.2181276,16.4204407,Ottenby--Södra lunden,2026-08-02 14:00,233,355
L4195146,SE,SE-H,,56.2065209,16.3976526,Ottenby--Västrevet,2026-07-21 11:02,179,66
L5822547,SE,SE-H,,56.23798,16.45216,Ottenby--Ås,2026-05-31 05:32,165,49
L1042904,SE,SE-H,,56.19582,16.39856,Ottenby--Ölands södra udde,2026-09-27 06:16,334,1625
L11674392,SE,SE-C,,59.9420632,17.9818207,Ovansjön,2023-07-10 18:12,31,7
L8268182,SE,SE-W,,61.1173931,14.1733666,Oxberg,2024-03-03 09:36,14,2
L31247659,SE,SE-AB,,58.9611162,18.013359,Oxeludden
L6662499,SE,SE-D,,58.6622992,17.111721,Oxelösunds hamn,2026-05-05 08:42,59,7
L75908494,SE,SE-O,,58.2011095,13.1890981,Oxhagens våtmark
L8136048,SE,SE-F,,57.3015388,14.9666873,Paddingetorpasjön,2026-05-06 10:43,58,7
L5403513,SE,SE-BD,,67.4137822,16.6691351,Padjelanta NP,2014-08-21 00:00,28,0
L3252336,SE,SE-BD,,67.4638121,16.9010067,Padjelanta NP--Låddejåkkåstugan,2014-08-21 00:00,6,0
L11796241,SE,SE-BD,,68.4348647,18.553035,Paktajaure,2023-11-19 11:56,43,3
L42571252,SE,SE-S,,59.4090457,13.8314251,Panken--Tornet,2026-05-14 13:15,26,1
L4477093,SE,SE-C,,59.9881835,18.3384132,Pansaruddens NR,2026-05-17 08:14,74,15
L4351987,SE,SE-O,,58.365228,13.8728571,Paradissjön,2026-07-10 16:20,85,35
L4314975,SE,SE-H,,56.25568,16.41243,Parboäng,2026-05-31 08:21,105,8
L9528471,SE,SE-O,,57.7345103,12.1232347,Partille,2026-03-15 09:41,26,1
L4181315,SE,SE-I,,57.453739,18.1423759,Paviken,2026-05-29 09:30,139,27
L75933866,SE,SE-K,,56.1784611,14.8778962,Pengaberget,2026-08-13 16:50,8,0
L4335348,SE,SE-H,,56.44153,16.47039,Penåsaskogen,2026-09-22 12:50,131,120
L4523947,SE,SE-M,,55.8064184,13.1773925,Perlundsdammen,2020-09-20 11:38,34,5
L75934131,SE,SE-K,,56.2636466,14.972107,Persgärde naturreservat
L49830399,SE,SE-Z,,63.1715185,14.5223882,Peterson-Bergers sommarhage,2026-07-08 12:45,28,4
L13319001,SE,SE-I,,57.187318,18.1653444,Petesvik,2023-08-12 16:28,31,0
L1120181,SE,SE-H,,56.9531,16.8574,Petgärdeträsk naturreservat,2026-08-26 10:36,175,80
L11227393,SE,SE-BD,,66.3505703,16.7427242,Pieljekaise NP,2026-06-16 10:31,58,3
L7356444,SE,SE-AB,,59.0841566,17.6134926,Pilkrogsviken,2026-09-13 15:24,137,108
L74980607,SE,SE-F,,57.0522802,14.179997,Pinnarekulla
L23173452,SE,SE-BD,,65.2311842,21.5341805,Pite Havsbad,2026-08-08 13:40,34,2
L74268838,SE,SE-O,,58.2289141,13.7444965,Plantaberget
L6130582,SE,SE-N,,56.7400095,13.3173043,Porsbjärs naturreservat,2026-08-23 11:12,16,6
L7446125,SE,SE-K,,56.167576,15.587421,"Pottholmen, Karlskrona",2026-09-14 16:37,54,16
L18147612,SE,SE-AB,,59.3201648,18.1141028,Prins Eugens Waldemarsudde,2026-09-17 16:38,63,39
L65028780,SE,SE-G,,56.8307808,14.0560074,Prästeboda naturreservat,2026-08-01 15:04,34,3
L70017055,SE,SE-M,,55.6132975,14.2967184,Prästens badkar
L9061440,SE,SE-D,,59.213805,16.241983,Prästsjön,2026-04-01 14:59,50,11
L70161892,SE,SE-M,,55.6838341,13.0706902,Pråmlyckans naturreservat,2026-09-10 18:09,6,1
L4431105,SE,SE-M,,55.88301,14.20913,Pulken-Yngsjö,2026-08-22 15:44,144,81
L4476668,SE,SE-N,,56.6041218,12.914257,Påarp,2026-08-25 11:47,172,115
L3440532,SE,SE-M,,56.4045886,12.6225615,Påarps mal,2026-03-14 12:30,103,25
L7878656,SE,SE-M,,56.0662505,12.684994,Pålsjö,2026-08-18 09:00,71,22
L23490363,SE,SE-M,,56.0803942,12.6739311,Pålsjö NR,2023-04-02 14:00,7,0
L19400451,SE,SE-O,,57.844835,11.9402057,Ragnhildsholmen,2026-08-09 09:31,71,8
L12907584,SE,SE-E,,58.3705386,15.4673716,Rakeredsdammen,2026-03-30 18:41,2,0
L5736322,SE,SE-D,,59.395903,16.425281,Rakåsskogen,2026-09-19 09:40,95,142
L2930696,SE,SE-W,,60.7692908,15.3186356,Rallsjon rest area,2025-05-31 18:46,23,5
L74918793,SE,SE-F,,57.8793111,14.8305509,Ralången
L74918948,SE,SE-F,,57.8926411,14.8296838,Ralången--Bengts fågeltorn
L74919000,SE,SE-F,,57.8632078,14.8444235,Ralången--Ralångens fågeltorn
L74919105,SE,SE-F,,57.8528516,14.8418877,Ralången--Södra Ralången
L75935981,SE,SE-K,,56.1813285,15.7685627,Ramdalaslätten
L75936401,SE,SE-K,,56.1785365,15.7863637,Ramdalaslätten--Reningsverksdammarna
L75936362,SE,SE-K,,56.1822387,15.7495283,Ramdalaslätten--Västra delen
L25706345,SE,SE-O,,57.5101871,12.3885012,Ramhultafallets naturreservat,2026-08-03 15:37,6,1
L11850761,SE,SE-Y,,63.540027,16.468746,Ramsele,2024-06-15 12:30,11,2
L4528868,SE,SE-O,,58.4441208,11.2600422,Ramsivikslandets NR--Tångevik,2025-11-25 09:15,47,7
L9922987,SE,SE-O,,58.4192094,11.224111,Ramsvikslandeta NR--Sotebonde,2026-06-02 11:19,68,7
L5672625,SE,SE-O,,58.4288024,11.2411326,Ramsvikslandets NR--Grosshamn,2026-08-30 10:51,104,36
L6970748,SE,SE-O,,58.4026785,11.2425113,Ramsvikslandets NR--Haby bukt,2026-06-05 10:52,90,32
L66054030,SE,SE-O,,58.4220854,11.2483141,Ramsvikslandets naturreservat,2026-08-30 10:51,133,84
L74242044,SE,SE-G,,56.700696,14.2128424,Ramsåshuvud naturreservat
L4493691,SE,SE-O,,58.4200404,14.2224026,Rankås friluftsområde,2020-03-14 15:13,29,2
L38555267,SE,SE-AC,,65.1734237,15.0671504,Ransarluspen,2026-07-08 17:25,58,3
L15843176,SE,SE-AC,,65.9913683,15.9401555,Raurejaure,2009-06-27 20:00,13,1
L4477379,SE,SE-M,,55.7436852,14.1863966,Ravlundafältet,2026-07-26 07:50,196,151
L27150348,SE,SE-M,,56.2416231,12.6738823,"Rekekroken, Skåne län",2026-06-08 18:08,32,3
L65027058,SE,SE-O,,57.6947798,11.9826084,Renströmsparken,2026-08-27 07:52,30,5
L75088664,SE,SE-F,,57.3996455,15.3198602,Repperda gata och Repperda ängar
L59963159,SE,SE-O,,58.3391059,12.3588681,Restad Gård,2017-05-20 08:30,1,0
L4236944,SE,SE-M,,55.5624153,14.3481338,"Revet, Simrishamn",2026-08-18 18:32,140,54
L13539518,SE,SE-M,,55.6890423,13.4615828,Revingefältet,2026-09-21 14:29,178,421
L5372208,SE,SE-M,,55.7134827,13.4669316,Revingefältet--Ella kvarn,2026-04-03 18:51,33,6
L5779506,SE,SE-M,,55.701096,13.453257,Revingefältet--Länsmansbäcken,2026-06-13 09:53,129,33
L4258892,SE,SE-M,,55.715073,13.4196496,Revingefältet--Sandby mosse,2026-08-24 13:54,137,151
L6002008,SE,SE-M,,55.6800041,13.4913397,Revingefältet--Silvåkrakärret,2026-08-06 00:00,95,35
L5251646,SE,SE-M,,55.695217,13.447892,Revingefältet--Stensoffa,2026-09-12 13:52,126,62
L5372407,SE,SE-M,,55.7168828,13.4341764,Revingefältet--Svarta Hål,2025-12-20 10:51,95,26
L4406180,SE,SE-M,,55.7115,13.47443,Revingefältet--Ålabäcken,2023-04-22 15:22,57,20
L4295745,SE,SE-M,,55.6592806,13.50658,Revingefältet--Östra Tvet,2026-08-22 14:06,139,71
L6527808,SE,SE-H,,56.7708482,16.4812356,Revsudden,2025-12-06 08:30,127,14
L75923199,SE,SE-H,,56.776178,16.4801907,Revsudden Hamn
L74977665,SE,SE-G,,56.47918,13.59022,Ribersdal
L74977841,SE,SE-G,,56.4746495,13.5770603,Ribersdal--Lillåns våtmarker/Tröskeln
L74977747,SE,SE-G,,56.4708713,13.5796707,Ribersdal--Pölen
L74977782,SE,SE-G,,56.473188,13.5810521,Ribersdal--Reningsdammarna
L74977901,SE,SE-G,,56.47753,13.5839,Ribersdal--Sjöstrands ängar
L74977707,SE,SE-G,,56.4834725,13.5928216,Ribersdal--Ulvbäcksbron
L4351015,SE,SE-AB,,59.3248122,18.0465889,Riddarfjärden,2026-09-12 15:25,55,36
L20194044,SE,SE-AB,,59.3246517,18.0644417,Riddarholmen,2026-09-11 14:01,46,47
L74976528,SE,SE-F,,57.7353721,14.2730181,Riddersbergsdammen
L2935258,SE,SE-AB,,59.7159381,19.0435982,"Riddersholm, Rådmansö",2026-05-31 08:30,105,31
L4507695,SE,SE-M,,55.7806197,14.200623,Rigelejes strand,2025-08-10 13:10,37,4
L36851877,SE,SE-I,,57.2226718,18.3455811,Ringome,2026-07-23 18:24,32,2
L4571693,SE,SE-D,,59.257382,16.659159,Rinkesta,2024-05-09 09:52,18,5
L47350905,SE,SE-M,,55.7069122,13.1536461,Rinnebäcksravinen,2026-05-27 16:25,20,4
L5091247,SE,SE-M,,56.45532,12.68183,Ripagården,2025-12-08 12:02,153,45
L4343044,SE,SE-H,,56.4819672,16.3738561,Risinge hamn,2026-09-10 00:00,176,47
L65551457,SE,SE-Z,,62.5454598,12.5264638,"Risnäset, fågeltornet",2026-06-18 11:00,23,2
L52572174,SE,SE-AB,,59.3824837,17.9267407,Rissne skog,2026-06-09 11:22,38,19
L4866078,SE,SE-M,,55.4466094,14.2588109,Risteören,2026-05-15 09:08,96,7
L73873150,SE,SE-O,,57.9654149,12.2856778,Risvedens NR--Kroksjön
L73873240,SE,SE-O,,57.9811343,12.3036282,Risvedens NR--Kvarnsjöarna
L73873297,SE,SE-O,,57.9662,12.32434,Risvedens NR--Rammdalen,2026-06-26 09:50,6,1
L73873405,SE,SE-O,,57.9828886,12.3231823,Risvedens NR--Risvedens vildmark
L73873086,SE,SE-O,,57.9763,12.30989,Risvedens naturreservat,2026-06-26 09:50,6,1
L4434142,SE,SE-I,,56.9087757,18.1290722,Rivet,2026-08-10 18:57,163,38
L12595553,SE,SE-M,,55.4217929,12.859656,Roberts dunge,2026-09-11 11:41,121,39
L4240197,SE,SE-F,,57.7732435,14.1877699,Rocksjöns naturreservat,2026-08-07 09:57,87,34
L10020058,SE,SE-Z,,62.3534885,12.4669618,Rogen,2026-07-12 08:00,78,20
L23980811,SE,SE-I,,57.5066548,18.4704101,Roma--Roma returvattendammar,2026-07-06 21:40,58,2
L65029166,SE,SE-G,,56.8368241,13.810819,Ronamossen/Klockesjömyrens naturreservat
L4345467,SE,SE-I,,57.1731629,18.4898186,Ronehamn,2021-08-02 13:59,18,2
L9705882,SE,SE-K,,56.164025,15.283237,Ronneby--Karön,2020-07-22 11:50,19,3
L6307668,SE,SE-K,,56.1681832,15.2832484,Ronnebyhamn,2024-05-25 11:28,35,6
L12955393,SE,SE-N,,56.9559538,12.3545112,"Rosendal, Morup",2026-03-14 11:17,68,12
L6927532,SE,SE-M,,56.094114,12.8274393,Rosendal--Lunden,2026-09-16 12:00,70,15
L9684062,SE,SE-M,,56.10073,12.83018,Rosendals våtmark,2026-08-19 12:55,59,44
L4214063,SE,SE-D,,59.3312449,16.4763379,Rosenfors,2026-09-01 10:59,82,44
L13358438,SE,SE-AB,,59.574396,17.8447158,Rosersberg,2026-06-22 07:04,86,25
L4476653,SE,SE-D,,59.29807,16.433901,Rossviksfältet,2026-08-14 09:30,40,8
L7034865,SE,SE-O,,58.8445533,11.1765766,Rossö,2026-03-19 09:21,187,42
L2292659,SE,SE-O,,58.8455497,11.1957335,Rossö--Backeleran,2024-06-10 10:10,12,3
L2293623,SE,SE-O,,58.8322259,11.1485481,Rossö--Kockholmen,2026-03-19 09:21,146,29
L7034759,SE,SE-O,,58.8405712,11.1868191,Rossö--Stubbarna,2023-06-09 10:10,33,0
L7034754,SE,SE-O,,58.8239181,11.131146,Rossö--Svartskären,2005-08-17 00:00,1,1
L7034766,SE,SE-O,,58.8445977,11.2110806,Rossö--Valö,2015-09-12 00:00,25,1
L7034764,SE,SE-O,,58.8317497,11.1853075,Rossö-Oxefjäll,2018-05-08 12:35,67,4
L74921483,SE,SE-N,,56.9602112,13.4888565,Roten
L27814419,SE,SE-AB,,60.1155181,18.695852,Rotholmsviken,2007-05-17 10:00,68,3
L2416693,SE,SE-E,,58.4929761,15.6246185,Roxen,2022-09-07 16:34,76,6
L2930701,SE,SE-W,,60.5785966,15.700431,Roxnas Beach and Point,2023-07-19 19:22,44,4
L34582710,SE,SE-AB,,59.1658705,18.1285015,Rudan,2026-09-09 08:41,31,6
L11224045,SE,SE-X,,60.681558,17.2445873,Rudsjön,2026-07-08 11:07,59,14
L26976427,SE,SE-AB,,59.3490137,18.3038238,Rudsjön,2026-08-02 09:00,35,6
L8260272,SE,SE-W,,60.4878409,15.4902457,Rudängsmyrans våtmark,2026-09-27 10:10,155,85
L8198398,SE,SE-N,,57.1287344,12.4380986,Runeberg,2026-09-02 00:00,73,3
L4666904,SE,SE-AB,,59.2819018,18.7713432,Runmarö,2026-04-04 18:28,86,9
L23526161,SE,SE-I,,57.3833581,18.7267131,Russvätar NR,2023-04-08 10:50,3,0
L17685516,SE,SE-C,,60.0226638,17.0991805,Ruthagsskogen,2023-10-03 18:39,67,12
L12446339,SE,SE-O,,57.6953799,11.8851704,Rya Skog,2026-09-13 14:06,67,19
L75917179,SE,SE-O,,57.7431161,12.9172346,Rya åsars naturreservat
L1066274,SE,SE-E,,58.4147061,15.5794716,Rydskogen,2026-06-11 08:27,52,29
L74979275,SE,SE-F,,57.9004917,13.8374516,Ryfors gammelskog naturreservat
L14427783,SE,SE-AB,,59.3129994,18.1467129,"Ryssbergen, Nacka",2026-07-20 17:53,15,2
L75943824,SE,SE-M,,56.1182458,14.5668967,Ryssberget
L77320733,SE,SE-K,,56.0675403,14.5922899,Ryssbergets naturreservat
L65028964,SE,SE-G,,56.8649,14.16547,Ryssby,2026-09-14 12:00,15,3
L38578444,SE,SE-G,,56.8464161,14.1691416,Ryssbysjön,2025-07-17 16:57,5,1
L38165123,SE,SE-I,,57.8455078,19.1228568,"Ryssnäs, Fårö",2026-07-30 15:36,46,2
L5732192,SE,SE-M,,55.7216769,13.2804708,Räften,2026-04-24 14:37,83,23
L4497760,SE,SE-T,,59.7976694,15.0959873,Rällsjön,2009-10-03 10:30,10,0
L75904134,SE,SE-E,,58.5283065,14.9789335,Rässnäsudden
L4538012,SE,SE-D,,59.377621,16.303741,Råby-Rekarne kyrka,2026-05-07 09:15,53,9
L4342173,SE,SE-M,,55.6863793,13.2341588,Råbydammen,2026-09-06 17:00,106,98
L37767300,SE,SE-F,,57.870963,14.408453,Råbyskogens naturreservat,2024-11-02 13:12,13,2
L61915314,SE,SE-O,,58.6064292,13.3462885,Råbäcks hamn,2026-04-05 12:21,18,4
L39880027,SE,SE-H,,56.2966486,16.5000368,Råbäcksdungen,2026-08-05 15:51,36,10
L76415839,SE,SE-O,,57.6633646,12.0823471,Rådasjöns naturreservat
L40664497,SE,SE-N,,57.333551,12.152341,Rågelund,2026-08-25 17:12,25,2
L19255254,SE,SE-AB,,59.2518904,18.0442657,Rågsveds NR,2026-09-23 10:29,97,132
L4304735,SE,SE-AB,,59.3281254,18.0266547,Rålambshovsparken,2026-08-21 17:40,67,38
L5001760,SE,SE-M,,56.44703,12.64653,Råle hamn,2025-05-18 16:55,88,6
L65996029,SE,SE-U,,59.7676119,16.3131398,Rålken,2026-05-25 08:19,45,6
L75090741,SE,SE-E,,58.1431273,16.6089284,Rånen
L67057009,SE,SE-O,,58.4489091,13.8360968,Rånnadammen
L75862472,SE,SE-O,,58.1080534,11.6372342,Råssö NR--Obsberget
L75862501,SE,SE-O,,58.1015678,11.6356621,Råssö NR--Råssö huvud
L75862442,SE,SE-O,,58.1096405,11.6507492,Råssö naturreservat
L2346662,SE,SE-AB,,59.3713396,17.9838272,Råstasjön,2026-09-06 12:00,120,284
L4595986,SE,SE-M,,55.9899724,12.7466941,Råå hamn,2026-02-28 14:50,68,13
L64506209,SE,SE-N,,57.3910917,11.9252982,Råö (Restricted access),2026-09-27 13:22,32,7
L64505151,SE,SE-N,,57.3946569,11.9296861,Råö--Råödammen (Restricted access),2026-09-27 13:22,32,6
L4303831,SE,SE-N,,57.396306,11.9667684,Råöslätten,2026-09-24 09:02,153,79
L76492463,SE,SE-N,,57.393121,11.967163,Råöslätten--Källekulle
L1121880,SE,SE-N,,57.3942,11.9492,Råöviken,2026-09-21 17:54,154,27
L27198729,SE,SE-AC,,63.808135,20.229784,Röbäcksdalen,2026-07-14 13:08,57,13
L4505246,SE,SE-AC,,63.7877204,20.2363529,"Röbäcksslätten (General area), Umeälvens delta och slätter",2026-09-06 07:44,79,7
L13210476,SE,SE-O,,58.6156369,11.2760819,Rödhammarfjorden,2025-06-23 10:10,30,3
L4937184,SE,SE-BD,,65.3180932,22.3648918,Rödkallen,2016-10-02 06:30,92,10
L8148482,SE,SE-N,,57.0650844,12.2435792,Rödskär,2026-06-19 08:51,176,7
L8535900,SE,SE-D,,59.3812161,16.5309855,Röksta,2026-03-29 08:40,5,0
L7284930,SE,SE-D,,59.360527,16.571977,Römossen,2023-06-12 21:00,25,3
L4504360,SE,SE-M,,56.22559,12.74902,Rönnens naturrestervat,2026-08-29 11:34,191,77
L4353640,SE,SE-X,,61.8992081,17.3570251,Rönnskär,2025-07-25 10:31,54,1
L4892336,SE,SE-AB,,59.9786731,18.9036298,Rönnskärs udde,2026-08-08 10:20,121,40
L24002685,SE,SE-X,,60.597679,16.9531266,Rörbergs flygfält,2023-06-09 12:20,59,2
L4564765,SE,SE-U,,59.8388785,16.3069725,Rörbosjön,2026-06-21 21:27,89,12
L4306412,SE,SE-M,,55.7481298,12.9242349,Rörbäck,2025-10-31 11:00,93,14
L4431138,SE,SE-D,,59.382607,16.798016,Rördromstornet,2026-08-09 19:10,139,129
L56794323,SE,SE-O,,58.5417449,11.2793112,Rörvikskilen,2026-06-22 17:00,17,1
L10092893,SE,SE-O,,57.7750933,11.6042665,Rörö naturreservat,2026-09-21 07:53,178,210
L8826317,SE,SE-O,,58.4571703,12.1518961,Röseboviken Hästefjorden,2024-03-25 14:10,9,3
L74270742,SE,SE-O,,58.2519776,13.3666857,Rösjömossen
L75089222,SE,SE-G,,56.5475553,14.8574373,Rössjön
L77153822,SE,SE-M,,56.3181163,13.10277,Rössjön
L77153874,SE,SE-M,,56.3193005,13.0709946,Rössjön--Rössjön västra
L8255765,SE,SE-D,,59.3702506,16.4383072,S:t Eskils kyrkogård,2026-03-11 13:10,73,21
L5407443,SE,SE-I,,57.7165521,18.9096036,S:t Olofsholm,2023-04-08 15:30,14,1
L14218619,SE,SE-M,,55.5974562,13.0213737,S:t Paulis kyrkogård,2026-07-25 12:12,79,104
L72064363,SE,SE-BD,,68.0516282,18.2416821,STF Tjäktjastugan,2026-09-04 10:00,23,1
L11350004,SE,SE-O,,57.66885,11.9965,Safjällets naturreservat,2026-06-20 16:46,46,19
L64294434,SE,SE-O,,57.59233,12.06685,Sagsjön,2026-09-13 13:09,56,22
L66486412,SE,SE-O,,57.5945852,12.0710257,Sagsjön--Norra plattformen,2026-07-21 20:27,41,4
L66486300,SE,SE-O,,57.5894253,12.0700691,Sagsjön--Södra plattformen,2026-09-13 13:09,29,5
L66486144,SE,SE-O,,57.5925992,12.0624937,Sagsjön--Västra tornet,2026-09-13 12:27,36,8
L71457770,SE,SE-I,,56.9515415,18.323854,Sallmundsudd,2020-10-31 00:00,10,0
L4338890,SE,SE-C,,60.0460892,17.7401733,Salsta slott,2026-06-06 22:50,103,22
L26223358,SE,SE-I,,57.7317205,18.3929601,Salthamn,2026-05-31 16:17,38,1
L18169160,SE,SE-O,,57.6599085,11.8426666,Saltholmen,2026-09-24 09:01,76,37
L4970566,SE,SE-BD,,67.3945772,18.522284,Saltoluokta,2026-09-03 11:00,29,3
L13514388,SE,SE-AB,,59.3126553,18.2998441,Saltsjö-Boo vid Baggensfjärden,2026-01-25 11:12,61,12
L2928082,SE,SE-AB,,59.2716807,18.3024742,Saltsjöbadens Natureservat,2026-09-23 10:26,73,12
L2931028,SE,SE-AB,,59.2755224,18.3150776,Saltsjöbadens friluftsbad--harbor,2026-07-26 20:38,56,13
L7817374,SE,SE-E,,58.5936,16.185485,Saltängsbron,2026-06-12 15:38,59,15
L74261515,SE,SE-O,,58.8715018,11.1305426,Saltö naturreservat,2026-08-25 08:45,8,1
L4250346,SE,SE-M,,55.7393367,12.9449844,Salviken,2026-08-21 16:09,110,29
L9647276,SE,SE-U,,59.468858,16.294076,Sandabadet,2021-07-17 00:00,5,1
L75233573,SE,SE-H,,56.5736027,16.6491377,Sandby skjutfält
L4202538,SE,SE-H,,56.5662139,16.6572475,Sandby skjutfält--Hålnäsdungen,2026-09-07 10:25,126,17
L2846584,SE,SE-AB,,59.1270511,18.3590662,Sandemar NR,2026-09-27 11:13,206,592
L6236193,SE,SE-M,,55.3852543,14.1943789,Sandhammaren,2026-08-19 14:30,143,42
L4700735,SE,SE-AB,,59.2855844,18.9138222,Sandhamn,2026-08-17 11:40,90,39
L77144468,SE,SE-S,,59.0677985,14.1324264,Sandholmen
L22153777,SE,SE-C,,60.2220787,18.4178865,Sandikafjärden,2023-06-12 15:37,40,2
L6321194,SE,SE-AB,,59.2825129,18.0969075,Sandsborgskyrkogården,2026-09-27 14:38,28,7
L64291920,SE,SE-N,,57.5421134,12.0372598,Sandsjöbacka NR--Bräckan,2026-07-23 20:37,52,9
L64292034,SE,SE-N,,57.5371735,12.0192239,Sandsjöbacka NR--Grönabur,2020-03-28 00:00,1,0
L64292289,SE,SE-N,,57.5294419,12.0406804,Sandsjöbacka NR--Grönabur (Trailhead),2026-07-18 19:21,19,1
L64378240,SE,SE-N,,57.5355428,11.9882881,Sandsjöbacka NR--Knipemyst (Trailhead),2026-08-04 18:10,23,1
L64377969,SE,SE-N,,57.5143334,11.9968285,Sandsjöbacka NR--Kyrkobyn-Dala (Trailhead),2026-06-13 15:36,22,1
L70163126,SE,SE-O,,57.6025794,12.01788,Sandsjöbacka NR--Labacka,2026-06-14 16:06,23,1
L64378313,SE,SE-O,,57.551144,12.0418886,Sandsjöbacka NR--Långås (Trailhead),2026-07-23 21:09,18,4
L7507888,SE,SE-O,,57.6048422,11.9720078,Sandsjöbacka NR--Oxsjön,2024-02-07 09:02,50,12
L64349738,SE,SE-O,,57.5528265,12.0531422,Sandsjöbacka NR--Rest area,2026-08-02 17:11,1,0
L64292189,SE,SE-O,,57.55091,12.02855,Sandsjöbacka NR--Sandsjö & Mellsjö,2023-04-22 09:03,17,1
L64291781,SE,SE-O,,57.6241779,11.97179,Sandsjöbacka NR--Sisjön,2020-11-14 00:00,2,0
L70163329,SE,SE-O,,57.6131878,12.0264706,Sandsjöbacka NR--Torrekulla
L64585189,SE,SE-O,,57.61498,11.96312,Sandsjöbacka NR--Trails between Sisjön and Oxsjön,2026-06-26 09:49,75,26
L64378503,SE,SE-O,,57.576,11.99115,Sandsjöbacka NR--Tråkärrsslätt,2026-07-17 20:35,9,1
L64378438,SE,SE-O,,57.5911619,11.9946206,Sandsjöbacka NR--Årekärr norra (Trailhead),2026-08-21 10:30,39,4
L17627035,SE,SE-O,,57.56176,12.01867,Sandsjöbacka naturreservat,2026-08-21 10:30,113,80
L62235039,SE,SE-AC,,63.7163624,20.3611463,"Sandvik, Holmsund",2026-04-08 08:40,4,1
L51412207,SE,SE-O,,58.7006827,13.7531667,Sandviken naturreservat,2026-09-19 14:25,76,32
L13502817,SE,SE-H,,56.3789633,16.4035749,Sandviks Camping,2025-10-10 11:02,102,17
L12889295,SE,SE-D,,59.465938,16.68653,Sandviksbadet,2020-12-07 10:46,6,1
L22589550,SE,SE-X,,60.6556518,17.350442,"Sandviksudden, Furuvik",2023-05-07 04:15,93,4
L1832806,SE,SE-M,,56.22183,12.78187,Sandön,2026-09-22 18:09,195,116
L5616654,SE,SE-M,,55.72307,13.19022,Sankt Hans backar,2026-08-28 18:59,133,95
L43150939,SE,SE-Z,,63.2692732,13.8281313,"Sannan, Ockesjön",2025-08-17 18:30,63,5
L18117444,SE,SE-O,,58.7199801,11.2595623,Sannäsfjorden--Kleva,2026-06-21 10:23,51,16
L73770495,SE,SE-BD,,67.0864837,17.8815024,Sarek NP,2026-07-24 16:28,80,5
L4842322,SE,SE-BD,,67.1185259,17.918787,Sarek NP--Ivarlako,1981-06-14 00:00,28,1
L4838017,SE,SE-BD,,67.0817151,17.7565241,Sarek NP--Pårek,2023-08-13 19:09,55,2
L4842377,SE,SE-BD,,67.0643005,17.977066,Sarek NP--Pårte,2026-07-24 16:28,25,1
L9711288,SE,SE-M,,55.8553968,12.8894813,Saxån's mynning,2026-09-20 14:21,120,20
L39508710,SE,SE-H,,56.28411,16.45981,Sebberneby,2007-05-13 17:50,8,1
L5007106,SE,SE-H,,56.3491817,16.5329593,Seby gravfält,2026-01-02 13:30,64,6
L4303594,SE,SE-H,,56.331679,16.5434361,Sebybadet,2026-09-27 16:48,224,209
L74313719,SE,SE-H,,57.8474633,16.521126,Segersgärde naturreservat
L77076480,SE,SE-T,,59.1823974,15.610366,Segersjö
L39879901,SE,SE-H,,56.3623625,16.5362459,Segerstad,2026-05-22 10:18,75,5
L5092022,SE,SE-H,,56.3695286,16.5672541,Segerstad Fyr,2026-09-16 14:53,227,114
L10026883,SE,SE-M,,55.6368417,13.0370267,Segeåns mynning,2025-05-11 14:30,129,59
L56915633,SE,SE-Y,,62.4040562,17.2230523,Selångersfjärden,2022-06-05 11:23,29,0
L68303588,SE,SE-C,,59.8676803,17.621448,Seminarieparken
L5583303,SE,SE-AB,,59.9724242,18.9067841,Sennebyhaken,2026-09-12 13:49,145,75
L75936530,SE,SE-K,,56.13748,15.89113,Sibbaboda
L75936720,SE,SE-K,,56.1370127,15.8966443,Sibbaboda--Lagunen
L75936692,SE,SE-K,,56.1418391,15.9075808,Sibbaboda--Långenabben
L41877438,SE,SE-N,,57.02188,12.54831,Sibbarps dammar,2026-06-23 22:15,7,1
L26243290,SE,SE-M,,55.575127,12.906603,Sibbarpsstrand,2026-08-27 09:17,70,27
L6427402,SE,SE-D,,58.9521995,16.8843985,Sibrofjärden,2026-08-16 11:51,55,5
L5062235,SE,SE-AB,,59.302283,18.1223559,Sickla strand,2026-04-28 15:13,56,39
L75943937,SE,SE-K,,56.0691817,14.5561608,Siesjö östra NR--Fågeltornen
L75943865,SE,SE-K,,56.07102,14.5597,Siesjö östra naturreservat
L4680651,SE,SE-AB,,59.3722456,18.528614,"Siggesta, Värmdö",2026-02-07 10:19,47,6
L26299773,SE,SE-I,,57.8555528,18.6162901,Sigsarvestrand,2024-08-01 14:13,12,4
L61607664,SE,SE-AB,,59.6181598,17.7227516,Sigtuna,2026-09-22 17:06,38,6
L5073937,SE,SE-AB,,59.0386652,17.3326626,Sigtunaån,2023-07-04 10:45,47,7
L8148533,SE,SE-N,,56.9985289,12.3605308,Sik,2026-03-17 13:58,129,8
L74980432,SE,SE-F,,57.0806188,14.1289973,Sikudden
L43177631,SE,SE-Z,,63.62873,15.25417,Sikåstornet,2026-07-10 13:44,75,12
L9887523,SE,SE-M,,55.4532496,13.3952156,Sillesjö gård,2025-09-18 15:51,67,30
L75943989,SE,SE-K,,55.9971272,14.6113114,Sillnäs udde
L23752185,SE,SE-X,,60.827262,17.2519155,Silverbäckarna,2023-04-21 14:35,73,1
L27972385,SE,SE-O,,58.4944997,13.7466247,Silverfallet-Karlsfors naturreservat,2026-05-24 09:59,41,10
L40308365,SE,SE-N,,56.7277996,13.1520548,Simlångsdalen--Simlången,2026-07-24 10:02,20,3
L23060343,SE,SE-AB,,59.8810864,19.0698334,Simpnäs,2026-01-17 09:24,82,8
L4602629,SE,SE-M,,55.5388674,14.3554777,Simris stenbrott,2026-06-07 11:46,33,1
L6860104,SE,SE-M,,55.531482,14.353054,Simris strandängar,2026-07-13 08:41,49,4
L4493780,SE,SE-AB,,60.1662084,18.7885952,Singö,2026-04-05 09:15,107,14
L70163730,SE,SE-O,,57.6110081,11.9899058,Sisjöns skjutfält
L5924439,SE,SE-BD,,67.500227,19.8843527,Sjaunja,2024-08-18 16:00,17,9
L74270306,SE,SE-O,,58.2262679,13.8497958,Sjöarmads naturreservat
L17543547,SE,SE-O,,57.6417788,11.8636693,Sjöbacka,2025-11-07 12:06,64,12
L8260392,SE,SE-U,,59.4788433,16.2018586,Sjöboda,2022-06-24 10:11,10,0
L7713700,SE,SE-G,,56.7385561,14.5870328,Sjöbytornet,2026-08-30 12:19,45,3
L24909656,SE,SE-C,,59.9211032,17.7040945,Sjödyn,2023-06-03 15:02,27,2
L71315235,SE,SE-U,,59.3158806,15.8707777,Sjölandamaden
L17004324,SE,SE-U,,59.40274,15.6271,Sjömosjön,2025-02-01 12:39,33,1
L77074663,SE,SE-U,,59.4023663,15.6299759,Sjömosjön--Västmanlands län
L77074615,SE,SE-T,,59.4037956,15.6223667,Sjömosjön--Örebro län
L12947691,SE,SE-C,,60.04507,17.17822,Sjömossen-Svinasjöns NR,2011-05-21 01:35,66,7
L42568218,SE,SE-Z,,63.19463,14.62634,Sjön utanför helikopterplattan,2025-04-05 16:00,7,0
L6722287,SE,SE-D,,58.7563602,17.1004343,Sjösaviken,2025-05-10 17:15,94,20
L8260405,SE,SE-W,,60.1607048,16.326962,Sjövik--Folkärna,2016-09-11 00:00,1,0
L7026669,SE,SE-D,,59.1277363,15.9556675,"Sjöäng, Österåker",2004-03-29 00:00,5,1
L74258716,SE,SE-T,,59.1092753,14.7245748,Skagershultsmossen
L53894733,SE,SE-O,,57.8053072,13.0057526,Skalles fågeltorn,2025-10-11 07:00,41,1
L10118961,SE,SE-N,,56.7268415,12.6427998,Skallkrokens hamn,2025-07-09 13:27,40,2
L9942095,SE,SE-W,,60.5223263,14.2886049,Skamhed,2026-06-06 18:52,20,1
L1323245,SE,SE-AB,,59.3262799,18.1029153,Skansen,2026-09-19 13:41,125,251
L65026935,SE,SE-O,,57.696,11.95534,Skansen Kronan,2026-09-25 13:30,22,10
L6853282,SE,SE-AB,,59.0489202,17.6868382,Skanssundet,2026-09-19 11:54,91,53
L4414766,SE,SE-M,,55.4148384,12.8302932,Skanör--Hamnen,2026-09-22 09:37,193,291
L7878134,SE,SE-M,,55.420873,12.8491895,Skanörs borgruin,2026-09-17 08:46,156,93
L74978268,SE,SE-G,,56.6434112,13.7596933,Skararps ängar
L3264800,SE,SE-M,,55.7980968,13.3545685,Skarhults ängar,2026-09-12 17:54,134,74
L5510893,SE,SE-AB,,60.1100597,18.8374578,Skatudden,2026-08-15 12:41,208,419
L75858405,SE,SE-O,,58.0939266,11.8331756,Skedhammarsviken
L4921546,SE,SE-AB,,59.7709462,18.2820654,Skedviken,2021-03-21 10:25,98,10
L9281835,SE,SE-AC,,64.7502,20.9509,Skellefteå,2026-07-29 14:18,59,13
L20351736,SE,SE-AC,,63.784856,20.704752,Skepparkallen,2026-09-12 07:40,97,33
L77137802,SE,SE-U,,59.7688107,16.4470785,Skepplinge gård
L4187465,SE,SE-AB,,59.3251699,18.0764794,Skeppsbron,2026-09-24 16:03,63,113
L4259883,SE,SE-AB,,59.3251479,18.0816936,Skeppsholmen,2026-09-25 14:37,94,228
L75860761,SE,SE-O,,58.3416297,11.9089746,"Skeppsviken småbåtshamn, Uddevalla"
L10498717,SE,SE-AB,,59.7094371,18.0936703,Skepptuna,2025-02-02 09:35,31,2
L23549854,SE,SE-AB,,59.3415462,18.3820889,Skeviks NR,2026-06-13 13:27,81,5
L10575179,SE,SE-U,,59.8784546,16.292474,"Skillberg, Fläckebo",2026-04-19 19:09,71,26
L70014710,SE,SE-M,,55.4735315,14.2848675,Skillinge hamn,2026-08-18 11:41,38,3
L4683668,SE,SE-AB,,59.3197872,18.0509019,"Skinnarviksberget, Södermalm",2026-09-11 09:13,57,28
L8260252,SE,SE-U,,59.824703,15.6881188,Skinnskatteberg,2026-05-25 09:34,106,36
L6340112,SE,SE-D,,59.351221,16.395185,Skiren,2026-07-26 00:00,86,78
L4190322,SE,SE-D,,59.3406219,16.4892712,Skjulsta,2026-05-07 00:00,104,130
L8260369,SE,SE-D,,59.3400816,16.4962296,Skjulstaberget,2023-04-19 13:23,19,0
L4679668,SE,SE-H,,56.2966496,16.507988,"Skjutbanedungen, Össby",2026-09-10 12:10,93,15
L34067673,SE,SE-O,,58.2390759,13.7369653,Skogastorps naturreservat,2026-06-13 16:08,30,2
L23833496,SE,SE-O,,57.7648653,11.9389933,Skogome våtmark,2026-07-29 14:20,91,27
L4645187,SE,SE-C,,59.7877371,17.2831249,Skogs-Tibble,2014-03-27 18:20,60,6
L4551013,SE,SE-H,,57.1783653,16.9367825,Skogsgärdet,2026-06-16 13:11,104,68
L6096106,SE,SE-AB,,59.275047,18.0993748,Skogskyrkogården,2026-09-27 18:16,56,56
L18168933,SE,SE-F,,57.7539896,14.1478264,"Skogskyrkogården, Jönköping",2026-08-20 15:29,43,11
L65028924,SE,SE-G,,56.8426442,13.9409109,"Skogskyrkogården, Ljungby"
L8264245,SE,SE-D,,59.3259924,16.4846178,Skogstorp,2026-03-30 08:47,70,13
L7332010,SE,SE-D,,59.354526,16.51699,Skogsängen,2025-02-13 10:43,25,5
L24241889,SE,SE-N,,56.43315,12.98093,Skottorps dammar,2026-04-29 08:45,87,13
L25546440,SE,SE-N,,56.4127827,13.0415032,Skottorps våtmark,2014-06-01 22:30,1,0
L24096920,SE,SE-N,,56.8843839,12.5030505,Skrea strand,2026-09-13 10:00,105,11
L4338362,SE,SE-M,,55.6834398,13.366735,Skrylleskogen,2026-09-09 20:01,110,91
L23704941,SE,SE-Y,,62.24609,17.39057,Skrängstasjön,2026-06-27 17:00,65,1
L77137930,SE,SE-U,,59.7549561,16.4413006,Skråmsta
L40045656,SE,SE-AB,,59.5762141,17.6314689,Skråmsta viltvatten,2026-05-25 13:28,87,17
L7560509,SE,SE-Y,,63.1090635,18.4862137,Skuleskogens NP,2026-09-07 09:14,130,70
L77137886,SE,SE-U,,59.7364386,16.4357039,Skultinasågen
L77137982,SE,SE-U,,59.7186276,16.4187149,Skultuna mässingbruk
L10908073,SE,SE-N,,56.46287,12.91497,Skummeslövsstrand,2026-09-21 09:47,188,313
L8189163,SE,SE-N,,56.4518543,12.904326,Skummeslövsstrand--Hedhusets reningsverk,2024-11-06 14:04,69,5
L23914619,SE,SE-BD,,65.5875746,22.175561,Skurholmsfjärden,2026-09-19 18:09,41,7
L14473282,SE,SE-AB,,59.3086072,18.219283,Skurusundet,2026-08-05 11:12,71,11
L8296012,SE,SE-C,,60.6341933,17.4091487,Skutskär,2025-12-25 11:12,99,6
L5495956,SE,SE-AB,,59.8651713,19.1355589,Skvallerhamnsudden Björkö-Arholma,2023-10-10 08:15,72,3
L24096971,SE,SE-N,,56.89742,12.44738,Skvalpevik,2006-07-29 06:20,27,1
L2089298,SE,SE-C,,60.1119211,17.7367401,Skyttorp-Knypplan,2026-04-18 08:59,81,22
L13416720,SE,SE-AB,,59.4186268,17.7587886,Skäftingeholmen,2025-05-31 21:15,117,90
L74186569,SE,SE-N,,57.3898658,12.1291039,Skällträ
L74244625,SE,SE-G,,56.9743153,14.7413943,Skälsnäs naturreservat,2026-09-21 16:57,3,1
L10230530,SE,SE-N,,56.6875493,12.6817211,Skälviks hamn,2025-02-15 16:54,23,5
L8268406,SE,SE-E,,58.3962652,15.0856389,Skänninge,2026-07-22 10:08,23,1
L9757530,SE,SE-O,,57.3390756,13.1819467,Skäremo,2026-07-19 09:00,69,9
L5736767,SE,SE-D,,59.446145,16.420524,Skärets naturreservat,2026-04-28 08:52,84,23
L4195142,SE,SE-H,,56.4152386,16.5527058,Skärlöv,2026-09-16 17:59,140,26
L2500262,SE,SE-H,,56.4235767,16.579757,Skärlövs hamn,2026-09-16 16:38,109,23
L5406145,SE,SE-I,,57.9859274,19.3050556,Skärsände,2025-11-08 12:08,125,27
L9420049,SE,SE-X,,61.378577,17.105071,Skärså,2024-04-28 10:10,25,2
L75862592,SE,SE-O,,58.0943942,11.7041502,Skåpesund
L3236193,SE,SE-D,,58.8145222,16.7421925,Skåraviken--Hallbosjön - Skåraområdet,2026-07-17 14:31,119,16
L77046696,SE,SE-M,,55.3756268,13.0532463,Skåre hamn,2026-09-19 10:44,18,1
L77047126,SE,SE-M,,55.3823361,13.0272066,Skåre hamn--Solvik,2026-09-19 10:44,18,1
L1901140,SE,SE-E,,58.1767847,16.5346557,Skönero Gods,2019-04-30 16:20,50,9
L75904094,SE,SE-E,,58.8032588,15.3687914,Skönnarbosjön
L6877360,SE,SE-O,,58.4525382,13.9708757,Skövde flygplats,2024-05-16 11:17,17,2
L6877245,SE,SE-O,,58.2965007,13.8950658,Skövde skjutfält,2025-04-12 19:58,35,7
L6924608,SE,SE-O,,58.4030046,13.8262832,Skövde slalombacke,2025-07-02 10:00,42,3
L4318408,SE,SE-O,,58.3342192,13.8838863,Skövde övningsfält,2025-07-03 09:23,76,18
L77043800,SE,SE-M,,55.9435743,13.4508311,Slabältorna
L75092487,SE,SE-H,,57.8087322,16.7892653,Sladö NR--Sträcklokal
L75092428,SE,SE-H,,57.8018921,16.7876196,Sladö NR--Öudden
L75092408,SE,SE-H,,57.8099026,16.7764901,Sladö naturreservat
L5551713,SE,SE-D,,59.393547,16.484381,Slagsta,2022-11-21 00:00,14,5
L21928085,SE,SE-E,,58.361443,15.730782,Slattefors,2026-06-22 14:54,26,2
L22135841,SE,SE-O,,57.6624914,11.9047846,Slottsberget,2024-05-27 12:49,60,56
L74976800,SE,SE-F,,57.8886579,14.3496299,Slottsbergets naturreservat
L22147629,SE,SE-O,,57.6611522,11.9023454,Slottsbergs mosse,2024-05-27 12:49,30,25
L10109966,SE,SE-S,,59.333806,13.102329,Slottsbron,2026-08-14 11:10,60,2
L3755574,SE,SE-H,,56.8693368,16.6338587,Slottskogen,2026-09-16 12:10,120,27
L67942909,SE,SE-T,,59.2733695,15.2160563,"Slottsparken, Örebro",2026-08-20 13:33,19,2
L8447477,SE,SE-O,,57.6864183,11.942778,Slottsskogen,2026-09-27 17:38,110,246
L65027813,SE,SE-O,,57.68419,11.94024,Slottsskogen--Alpdammen & August Kobbs damm,2026-08-15 14:02,7,0
L65028066,SE,SE-O,,57.6820699,11.938985,Slottsskogen--Bragebacken
L65027509,SE,SE-O,,57.6881255,11.9515801,Slottsskogen--Fågeldammen,2026-06-29 11:21,14,1
L65027180,SE,SE-O,,57.6876598,11.9468578,Slottsskogen--Lilla dammen,2026-08-25 17:16,16,2
L65028178,SE,SE-O,,57.6925466,11.9438196,Slottsskogen--Observatorieberget,2026-06-14 17:38,4,1
L65027674,SE,SE-O,,57.68559,11.93431,Slottsskogen--Plantskoleängen,2026-05-26 10:34,1,0
L65027117,SE,SE-O,,57.6831834,11.9460752,Slottsskogen--Stora dammen,2026-09-27 17:38,42,7
L65027302,SE,SE-O,,57.6916158,11.9430435,Slottsskogen--Ödledammen,2026-08-14 12:02,3,1
L36877013,SE,SE-AB,,59.3207727,18.0744765,"Slussen, Södermalm",2026-09-24 15:00,39,65
L6941794,SE,SE-AB,,59.1571179,18.1463248,Slätmossens naturpark,2026-08-27 08:56,54,59
L16883304,SE,SE-M,,55.6824,13.07514,Slättängsdammarna,2026-02-08 00:00,45,6
L59738863,SE,SE-N,,57.430918,11.920185,Smarholmen,2026-03-07 08:19,17,2
L18889714,SE,SE-BD,,65.7959492,22.0330528,Smedbyfjärden--Lakagrundet,2022-05-09 15:49,13,0
L75088757,SE,SE-F,,57.3369749,15.2955586,Smedbälgen
L75091050,SE,SE-H,,56.8868482,15.8631079,Smedjeviks naturreservat
L5152665,SE,SE-N,,57.020913,12.3372787,Smedsgård,2026-06-26 08:10,197,36
L5973055,SE,SE-O,,57.6409526,12.4878794,"Smedstorps ängar, Rävlanda",2025-03-08 10:21,19,1
L4482616,SE,SE-AB,,59.3254435,18.0232859,"Smedsudden, Kungsholmen",2026-08-21 18:20,55,14
L68922115,SE,SE-O,,58.4218346,14.1476515,Smulebergsparken
L12595531,SE,SE-M,,55.3397564,13.3421957,Smygedungen,2026-03-29 06:50,78,6
L3127282,SE,SE-M,,55.3370013,13.3598042,Smygehuk,2026-09-25 14:21,156,69
L6860055,SE,SE-M,,55.5597918,14.3524961,"Småbåtshamnen, Simrishamn",2026-06-14 09:53,79,13
L4243062,SE,SE-M,,55.3748474,13.1181479,"Småbåtshamnen, Trelleborg",2026-08-07 06:28,127,87
L22458284,SE,SE-X,,60.8806677,17.2525867,Småmurens hamn,2026-07-09 08:58,37,5
L11875841,SE,SE-O,,58.3630646,11.2350785,Smögen,2026-07-21 13:27,60,18
L46994905,SE,SE-Z,,63.2371459,12.4203051,Snasadolparna,2026-06-26 13:32,24,7
L4434179,SE,SE-I,,57.228545,18.1506157,Snoderviken,2025-09-29 17:02,32,1
L6202984,SE,SE-M,,55.563107,13.7260866,Snogeholmssjön,2026-08-10 09:39,109,30
L27701548,SE,SE-AC,,63.482228,19.890537,Snöan,2023-10-27 08:49,42,2
L38531436,SE,SE-X,,60.6905778,17.1767318,Snötippen,2026-07-21 08:10,63,3
L4220073,SE,SE-D,,59.4086798,16.6564751,Sofiebergsåsen,2026-04-21 08:49,95,61
L5901442,SE,SE-M,,56.0839044,12.6597261,Sofiero slott,2026-09-21 10:50,60,30
L77152694,SE,SE-M,,56.2158616,14.0222526,Solberga våtmark
L54320122,SE,SE-AB,,59.2851754,18.0016994,Solbergaskogen,2026-08-19 18:45,33,12
L73344554,SE,SE-F,,57.54588,15.11289,Solgenån--Sörabys utlopp,2026-07-30 00:00,23,2
L77137709,SE,SE-U,,59.821489,16.4918394,Solinge gård
L8260348,SE,SE-D,,59.4222628,16.9146957,Solöfälten,2021-04-07 13:40,20,1
L7364884,SE,SE-T,,59.24413,15.18969,Sommarro kulturreservat,2021-05-01 14:06,39,3
L28619657,SE,SE-Z,,62.3000175,13.5833073,Sonfjället NP,2026-08-11 15:15,70,9
L4482334,SE,SE-W,,60.1261034,16.2901497,Sonnboviken,2026-05-13 17:42,41,2
L15503438,SE,SE-AC,,65.541297,17.5133434,Sorsele Kyrktjärn,2025-07-16 15:28,22,8
L16670196,SE,SE-C,,59.895417,18.3821878,Sottern,1990-06-02 00:00,32,1
L4921559,SE,SE-Y,,62.6139289,18.0022252,Speckstatjärn,2026-04-07 07:31,68,7
L28668839,SE,SE-N,,56.70441,12.90571,Sperlingsholm,2026-09-12 22:21,83,19
L66706790,SE,SE-N,,56.7144671,12.9252656,Sperlingsholm--Fotstad
L66706296,SE,SE-N,,56.709314,12.9111592,Sperlingsholm--Gamla skolan,2025-01-04 13:52,22,5
L66705739,SE,SE-N,,56.7107048,12.8943553,Sperlingsholm--Ivars kulle,2024-01-25 15:09,4,1
L39158318,SE,SE-N,,56.70013,12.9168,Sperlingsholm--Maderna,2026-03-28 17:22,7,2
L66706587,SE,SE-N,,56.7028117,12.9301697,Sperlingsholm--Skahals,2025-01-04 14:03,3,0
L66706205,SE,SE-N,,56.7029459,12.8947756,Sperlingsholm--Skrikaredalen
L66706453,SE,SE-N,,56.6989764,12.9235722,Sperlingsholm--Sperlingsholms kyrka,2026-05-31 08:07,50,4
L59075814,SE,SE-O,,58.288419,12.286759,Spikön,2026-09-02 07:28,47,18
L70162817,SE,SE-M,,55.63634,13.05175,Spillepengs fritidsområde,2026-08-30 13:08,18,0
L3938958,SE,SE-M,,55.6392606,13.0478954,Spillepengs utsiktsplats,2026-08-15 05:34,187,237
L14494968,SE,SE-AB,,59.7034827,18.8743936,"Spillersboda varv, Frötuna Sn, Norrtälje",2021-04-25 10:45,32,4
L5822734,SE,SE-AB,,59.1740137,18.3750629,Spirudden/Stavholmen,2026-08-30 11:11,126,74
L4602607,SE,SE-M,,55.4437189,14.2489135,Spraggehusen,2026-05-10 10:43,70,4
L75944507,SE,SE-K,,56.0545564,14.753879,Spraglehall naturreservat
L13371589,SE,SE-AB,,59.3873362,17.9054308,Spånga,2026-06-12 19:15,125,283
L77152753,SE,SE-M,,56.1725122,14.0418194,Spånga
L2935422,SE,SE-E,,58.3524946,15.2237034,Spångsholm strömsnäs,2026-05-13 19:21,31,0
L39860554,SE,SE-O,,58.3794328,13.6028494,"Spånnsjön, Axvall",2026-07-02 12:05,35,1
L2041957,SE,SE-C,,59.8617984,17.6034451,Stabby Backe,2026-04-30 12:14,52,22
L3665484,SE,SE-C,,59.8519499,17.6437104,Stadsparken,2026-09-27 14:24,84,81
L18168947,SE,SE-F,,57.780858,14.1400146,"Stadsparken, Jönköping",2026-08-19 11:39,35,7
L6230266,SE,SE-M,,55.6987485,13.1858683,"Stadsparken, Lund",2026-09-26 12:31,75,96
L1232031,SE,SE-C,,59.8388937,17.622714,Stadsskogen,2026-08-28 06:53,102,282
L22063145,SE,SE-X,,60.6745824,17.1273598,"Stadsträdgården, Gävle",2026-07-21 00:00,77,23
L67942945,SE,SE-T,,59.271602,15.2278883,"Stadsträdgården, Örebro",2026-08-09 11:03,11,2
L74313385,SE,SE-E,,58.5292595,15.0899404,Staffanstorp naturreservat
L6115017,SE,SE-N,,56.9171669,12.4847603,Stafsinge håla,2026-03-18 15:47,42,5
L56783731,SE,SE-N,,56.8967525,12.4557269,Stafsingestrand,2026-01-03 14:00,4,1
L18497660,SE,SE-D,,59.3552716,17.1999502,Stallarholmen,2026-06-13 14:00,47,2
L65028313,SE,SE-O,,57.7092984,11.9891572,Stampens kyrkogård,2026-09-02 12:40,3,1
L38466361,SE,SE-C,,60.0344157,18.1405428,Stamsjön,1998-03-29 00:00,38,1
L77154104,SE,SE-M,,56.1942766,12.9845683,Starby
L62725475,SE,SE-C,,59.9550848,16.8871608,Starfors våtmark,2026-04-11 14:40,1,0
L40338939,SE,SE-N,,56.668943,12.861455,"Stationsparken, Halmstad",2025-02-17 08:11,10,1
L8136042,SE,SE-D,,58.7550765,16.4020302,Stavsjö,2018-09-02 00:00,2,0
L75935314,SE,SE-K,,56.2881407,16.0543487,Stavsnäs
L11942164,SE,SE-M,,55.36998,13.08289,Stavstensudden,2026-09-02 11:20,124,27
L8052123,SE,SE-AB,,59.1066102,18.2651275,Stegsholm,2026-06-06 16:45,109,19
L4527641,SE,SE-AB,,59.11137,18.246294,Stegsholms strandäng,2026-05-06 14:44,169,99
L9993381,SE,SE-Z,,65.0771432,14.4110739,Stekenjokk,2026-06-09 00:00,74,28
L6081734,SE,SE-AC,,65.0916349,14.4532871,Stekenjokkplatån,2026-07-18 07:01,59,15
L4303587,SE,SE-H,,56.6867774,16.7382717,Stenboudd,2023-07-26 17:45,111,8
L74242475,SE,SE-G,,56.6104453,14.1931053,Stenbrohults naturreservat
L22023155,SE,SE-O,,58.03926,12.08147,Stendammsmossen,2020-05-03 05:00,3,0
L7431212,SE,SE-D,,58.7456338,17.3877342,Stendörren NR,2026-06-28 13:18,93,21
L75089154,SE,SE-G,,56.4654775,14.9658814,Stenfors naturreservat
L6125752,SE,SE-N,,56.7895095,12.6155123,Steningekustens NR,2026-05-15 16:51,97,16
L4187005,SE,SE-D,,59.3100378,16.5462542,Stenkvistafältet,2026-09-14 16:35,155,163
L38134882,SE,SE-I,,57.7971556,18.5245856,Stenkyrka,2015-06-17 00:00,23,1
L1599383,SE,SE-M,,55.65626,14.26872,Stenshuvud nationalpark,2026-08-23 16:59,195,131
L5208373,SE,SE-AB,,59.1712513,18.3263111,"Stensjödal, Åva",2026-06-20 07:21,74,45
L4186989,SE,SE-D,,59.1963435,16.386137,Stensjön,2025-03-07 13:28,21,6
L70164969,SE,SE-O,,57.659124,12.0455765,Stensjön,2026-07-21 18:30,1,0
L4679633,SE,SE-D,,58.9783442,16.33358,"Stensjön, Stora Malm",2022-04-15 00:00,155,105
L25812832,SE,SE-AB,,59.3964764,18.4489632,"Stenslätten, Värmdö",2026-09-02 17:28,36,11
L14566998,SE,SE-N,,57.53774,12.31396,Stensmossen,2026-04-24 05:23,59,17
L77153242,SE,SE-M,,56.3134727,13.5105738,Stensmyr
L75933920,SE,SE-K,,56.1593265,14.7102453,Stensnäs
L6531141,SE,SE-H,,56.6480639,16.3272071,"Stensö, Kalmar",2026-09-27 10:52,106,26
L75091557,SE,SE-H,,56.630175,16.3153619,Stensö--Stensöudd
L7569904,SE,SE-H,,56.4265766,16.4973879,Stentagskärret,2026-06-01 06:44,66,12
L1042969,SE,SE-H,,56.5014971,16.621542,Stenåsabadet,2026-08-02 21:44,205,147
L4209481,SE,SE-X,,61.2468863,17.2118855,Stenö,2026-08-20 09:31,138,42
L75944044,SE,SE-K,,56.0215647,14.6937349,Stiby backe naturreservat
L31641248,SE,SE-K,,56.15389,14.786758,Stilleryds NR--Drösebo Båthamn
L75929373,SE,SE-K,,56.1494248,14.7893608,Stilleryds NR--Udden
L75929242,SE,SE-K,,56.1498177,14.78532,Stilleryds naturreservat
L13320365,SE,SE-D,,59.0789389,17.0088005,Stjärnhov,2026-04-19 19:04,75,11
L1022093,SE,SE-E,,58.5331436,15.5732918,Stjärnorpsravinen,2026-08-29 08:55,53,19
L8148372,SE,SE-M,,56.165183,13.8149781,Stoby våtmark,2026-07-08 16:51,11,2
L4582443,SE,SE-M,,55.9459356,13.3764124,Stockamöllan,2026-03-08 16:22,62,29
L74242708,SE,SE-G,,56.6036616,14.1704542,Stockanäs naturreservat
L2996614,SE,SE-AB,,59.3249671,18.0692911,Stockholm -- Gamla stan,2026-09-24 16:03,89,261
L1125472,SE,SE-AB,,59.3201412,18.0879593,Stockholm Harbor,2026-09-18 13:03,98,116
L8136018,SE,SE-D,,58.7880484,16.9207392,Stockholm Skavsta Flygplats,2026-07-08 07:35,17,2
L1004419,SE,SE-AB,,59.3275854,18.0761147,Stockholm ström,2026-09-26 13:04,96,226
L10370270,SE,SE-AB,,59.3419833,18.0549575,"Stockholm, Observatorielunden",2026-09-16 13:22,52,56
L9470789,SE,SE-AB,,59.3416155,18.0220413,Stockholm--Karlbergs slottspark,2026-06-15 09:10,33,10
L1167535,SE,SE-AB,,59.6503978,17.9331207,Stockholm-Arlanda Airport,2026-09-11 15:31,121,117
L18553142,SE,SE-AB,,59.3290977,18.0716218,Stockholms ström -- Matflotten,2026-09-25 07:01,71,247
L18852870,SE,SE-AC,,63.659446,20.296924,Stor-Vitskärsdiket,2026-06-04 21:13,22,8
L75936918,SE,SE-K,,56.3748819,15.5159314,Stora Alljungen
L74374539,SE,SE-O,,57.5937364,11.9188967,Stora Amundön NR--Hästhagen & Strandängarna,2026-09-19 10:43,59,6
L74378484,SE,SE-O,,57.5940476,11.9023113,Stora Amundöns NR--Havshuvudet,2026-09-19 11:46,8,2
L74378328,SE,SE-O,,57.5886167,11.9085761,Stora Amundöns NR--Kungsviken,2026-09-19 11:17,8,2
L1531046,SE,SE-O,,57.59233,11.91013,Stora Amundöns naturreservat,2026-09-19 11:46,143,91
L27985173,SE,SE-O,,58.4959733,13.6851236,Stora Bjursjöns naturreservat,2026-06-07 09:34,47,7
L74852749,SE,SE-C,,59.72623,17.32351,Stora Bärbyslätten,2026-09-26 11:08,49,31
L10021575,SE,SE-D,,58.6783389,16.7652581,Stora Bötets NR,2022-01-05 08:25,40,11
L6153195,SE,SE-O,,57.68465,12.04559,Stora Delsjön,2026-08-16 09:00,88,40
L27158383,SE,SE-O,,57.9287476,11.6114868,Stora Dyrön,2026-05-19 11:26,43,9
L67531200,SE,SE-O,,58.6146307,13.8159505,Stora Ek,2026-05-24 14:50,29,1
L3107732,SE,SE-AC,,63.8074631,21.0001516,Stora Fjäderäggs,2026-08-07 16:30,154,38
L73659935,SE,SE-O,,57.629536,11.8521122,Stora Förö
L11682212,SE,SE-E,,58.6311049,15.6181812,Stora Hjälmmossens NR,2026-04-26 16:05,26,2
L25838376,SE,SE-W,,60.446402,15.5461847,Stora Holmsjön,2026-04-28 17:30,41,2
L9025061,SE,SE-U,,59.4766371,16.5161988,Stora Jungfrun,2024-04-15 00:00,11,0
L33736364,SE,SE-I,,57.2843313,17.957034,Stora Karlsö -- Fågelberget,2026-07-15 15:41,45,10
L2962804,SE,SE-I,,57.2807996,17.9708862,Stora Karlsö -- General area,2026-08-08 10:05,115,57
L33736676,SE,SE-I,,57.2896826,17.9709562,Stora Karlsö -- Norderhamn,2026-08-16 14:32,57,19
L74921301,SE,SE-F,,57.905969,14.1062745,Stora Kärrs bokskog naturreservat
L39358335,SE,SE-O,,57.8068316,12.0752726,Stora Mölnesjön,2007-02-10 13:00,8,1
L75937146,SE,SE-K,,56.1397028,15.8094103,Stora Rom
L8268372,SE,SE-E,,58.265707,15.714097,Stora Rängen,2018-11-03 00:00,56,2
L4324537,SE,SE-H,,56.7570577,16.526286,Stora Rör seawatch,2026-09-18 09:19,206,245
L33085231,SE,SE-AB,,59.3868244,18.5484265,"Stora Sandön, Värmdö",2026-08-13 10:43,47,8
L4970564,SE,SE-BD,,67.4843024,18.3510303,Stora Sjöfallets / Stuor Muorkke NP--Vietas,2025-06-03 11:31,61,5
L73770711,SE,SE-BD,,67.5602669,18.04152,Stora Sjöfallets / Stuor Muorkke nationalpark,2026-08-07 09:30,62,5
L8263657,SE,SE-D,,59.2745198,16.1238279,Stora Sundby Slott,2026-09-15 00:00,120,29
L39949699,SE,SE-O,,57.873541,12.0308018,Stora Vikens strandängar,2026-08-07 13:44,42,4
L2339914,SE,SE-M,,55.622835,14.2028117,Stora Äsperöd,2026-09-11 11:00,115,24
L75934301,SE,SE-K,,56.32011,14.99976,Stora Öjasjön
L17096052,SE,SE-H,,56.4871974,16.6183308,Stora Ören,2024-10-19 09:35,109,8
L75036141,SE,SE-G,,56.9268804,15.2602629,Storasjöområdets NR--Fågeltornet
L75036111,SE,SE-G,,56.9285419,15.2740894,Storasjöområdets naturreservat
L5414395,SE,SE-BD,,65.8418354,21.7218761,Storavan,2026-07-10 09:24,65,8
L4584575,SE,SE-BD,,68.356462,19.0491772,Stordalens NR,2026-06-25 09:05,77,44
L74048881,SE,SE-F,,57.25379,13.88456,Store Mosse NP--Blådöppet runt,2026-08-08 07:55,21,1
L74048498,SE,SE-F,,57.3058833,13.9988658,Store Mosse NP--Häradsösjön,2026-08-08 18:17,15,1
L74049276,SE,SE-F,,57.2877605,13.9338283,Store Mosse NP--Kittlakull
L74049045,SE,SE-F,,57.279913,13.9074615,Store Mosse NP--Kittlakull - Lövö
L74049205,SE,SE-F,,57.2773792,14.0055946,Store Mosse NP--Kvarnö,2026-08-21 16:39,7,3
L74980266,SE,SE-F,,57.309003,13.9400166,Store Mosse NP--Lilla fågeltornet,2026-09-04 12:43,20,1
L74048234,SE,SE-F,,57.2627673,13.8806563,Store Mosse NP--Lövö,2026-08-17 13:47,4,0
L74048958,SE,SE-F,,57.2409544,13.9079365,Store Mosse NP--Lövö - Andersberg
L74049134,SE,SE-F,,57.2897958,13.9671365,Store Mosse NP--Svartgölsleden,2026-07-22 11:20,18,2
L1029673,SE,SE-F,,57.2959392,13.944397,Store Mosse nationalpark,2026-09-04 12:43,185,227
L8189379,SE,SE-N,,57.0900626,12.4181937,"Store Mosse, Grimeton",2026-08-08 15:03,12,0
L14260299,SE,SE-F,,57.3007959,13.9328742,Store Mosse--Fågeltornet,2026-08-21 17:45,123,63
L4894848,SE,SE-F,,57.3065962,13.9544705,Store Mosse--Kävsjön,2026-08-15 15:23,140,53
L42030826,SE,SE-F,,57.308,13.96331,Store Mosse--Svänö fågeltorn,2026-08-11 13:08,52,5
L12017016,SE,SE-S,,59.533947,14.275781,Storfors,2026-07-17 13:35,9,1
L13216463,SE,SE-BD,,65.8513236,20.4002083,Storforsen,2026-08-12 15:00,54,15
L42744973,SE,SE-X,,61.8089599,16.0912153,Storhaga våtmark,2026-07-18 00:00,35,5
L55881354,SE,SE-Y,,62.3969779,17.72377,"Storhamn, Åstholmen",2025-10-27 09:30,6,0
L26749977,SE,SE-X,,61.1427856,17.319767,Storjungfrun,1984-06-24 00:00,25,1
L2954841,SE,SE-Z,,63.3156194,12.100668,Storlien,2026-07-18 11:45,100,21
L5903037,SE,SE-H,,56.348838,16.4489425,Stormaren,2026-09-07 09:40,82,9
L71437987,SE,SE-C,,59.8268634,18.093009,"Stormossen, Sågarbol",2020-12-31 00:00,1,0
L13428122,SE,SE-Y,,62.4500938,17.4965464,Stornäset,2026-07-17 13:42,161,18
L54680854,SE,SE-Z,,62.8073876,13.02772,Storsjö Fiskecamp,2026-07-03 10:28,78,12
L8195788,SE,SE-Z,,62.79803,13.01715,Storsjö fågelskyddsområde,2026-08-08 11:39,136,140
L64416192,SE,SE-Z,,62.8028025,13.0090963,Storsjö--Deltat,2026-06-14 13:37,17,2
L9486244,SE,SE-Z,,62.7998079,13.0580409,Storsjö--Kyrktjärn,2026-08-08 11:39,104,74
L64251851,SE,SE-Z,,62.8046103,12.9985557,Storsjö--Mellersta tornet,2026-06-09 16:03,10,1
L64251721,SE,SE-Z,,62.8064716,12.9996931,Storsjö--Norra tornet,2026-06-14 13:51,27,2
L68651363,SE,SE-Z,,62.79908,13.05309,Storsjö--Storsjö badplats,2026-06-01 13:23,3,0
L64416001,SE,SE-Z,,62.8038511,12.9962737,Storsjö--Södra tornet,2026-06-23 12:55,20,2
L70305606,SE,SE-Z,,62.8067213,13.0097409,Storsjö--Tandåparkeringen,2026-06-23 12:40,18,4
L68632132,SE,SE-Z,,62.8386202,13.1474208,Storsjö--Åviken,2026-06-04 09:11,12,1
L4307164,SE,SE-C,,60.3705703,18.2562733,Storskäret,2012-03-17 10:00,42,2
L6595923,SE,SE-I,,57.5654814,18.7791538,Storsund,2026-05-14 09:05,84,8
L39901766,SE,SE-I,,57.5621668,18.7713432,Storsund fågeltorn,2026-07-31 15:33,19,2
L4676928,SE,SE-AB,,58.8498567,17.8168631,Storudden,2022-04-23 00:00,57,5
L4339286,SE,SE-Z,,63.1714562,12.3631382,Storulvån,2026-07-24 08:30,82,29
L4651282,SE,SE-D,,58.712452,17.1099186,Strandstuviken,2026-09-17 08:25,187,111
L49601433,SE,SE-H,,56.6584946,16.7132485,Strandtorp,2023-09-07 00:00,1,0
L6154378,SE,SE-AB,,59.3315149,18.0869937,Strandvägen,2026-08-21 18:30,64,78
L9780133,SE,SE-N,,56.9642393,12.3554733,"Stranninge, Morup",2026-04-13 12:13,68,3
L8260276,SE,SE-D,,59.3723856,17.0215569,Strängnäs,2025-10-19 10:03,81,18
L9081208,SE,SE-D,,59.0379636,16.215471,Strängstorp,2022-03-01 13:21,5,0
L50472218,SE,SE-F,,57.9324754,13.8329408,Stråken,2018-05-26 07:00,40,7
L42699063,SE,SE-AB,,59.267918,18.191947,Strålsjön-Erstavik NR,2026-04-26 12:57,18,3
L9870042,SE,SE-D,,58.9046706,16.1915042,Strångsjö,2007-09-30 00:00,23,1
L23080543,SE,SE-N,,57.2988786,12.1640667,Stråvalla strand,2026-05-21 16:47,36,2
L12576662,SE,SE-M,,55.9091777,13.2268936,Strö ängar,2020-10-24 08:30,3,0
L49474333,SE,SE-AC,,63.658838,20.226616,Strömbäck-Kont,2026-09-19 11:44,53,7
L39413895,SE,SE-F,,57.7504621,14.1934523,Strömsbergs NR--Bokskogsutsikten,2007-04-09 12:00,7,1
L39413904,SE,SE-F,,57.7480417,14.1911062,Strömsbergs NR--Skyttegärdsravinen,2007-04-09 12:30,8,1
L39413852,SE,SE-F,,57.75182,14.18208,Strömsbergs NR--Strömsbergs säteri,2007-04-09 13:20,23,2
L39413937,SE,SE-F,,57.75116,14.18834,Strömsbergs NR--Ängarna,2007-04-09 13:05,5,1
L9673157,SE,SE-C,,60.4026789,17.5827988,Strömsbergs bruk,2026-09-25 17:18,77,35
L64353352,SE,SE-F,,57.75291,14.19537,Strömsbergs naturreservat,2007-04-09 13:20,35,6
L77077898,SE,SE-U,,59.4787613,16.2277456,Strömsholms NR--Billingen
L77077448,SE,SE-U,,59.5066592,16.2600093,Strömsholms NR--Borgåsund
L77077378,SE,SE-U,,59.49912,16.2512097,Strömsholms NR--Jordmarken
L4835222,SE,SE-U,,59.5305752,16.2552595,Strömsholms NR--Lagårdssjön,2026-08-20 10:47,102,36
L77077607,SE,SE-U,,59.4932665,16.2619151,Strömsholms NR--Stavsholmen
L77078498,SE,SE-U,,59.5355689,16.2987757,Strömsholms NR--Utnäs
L77077538,SE,SE-U,,59.5208364,16.2801313,Strömsholms NR--Österängen
L77078658,SE,SE-U,,59.4874507,16.2507975,Strömsholms naturreservat,2026-08-20 10:47,102,36
L8268815,SE,SE-O,,58.9389432,11.1798355,Strömstad,2026-09-05 18:27,71,28
L6777086,SE,SE-U,,59.3711452,16.2770176,"Strömstudammen, Råby-Rekarne",2026-05-07 09:41,44,11
L75858976,SE,SE-O,,58.9483321,11.2495337,Strömsvattnet
L4921575,SE,SE-AC,,66.0274471,15.9918022,Stubebakte,2022-06-25 09:30,54,3
L21927395,SE,SE-E,,58.3256731,15.7739597,Sturefors slott,2022-12-27 13:00,15,1
L5083193,SE,SE-M,,56.1825086,12.7555132,Stureholms våtmark,2026-09-15 13:30,104,28
L75939562,SE,SE-K,,56.0985289,15.6734653,Sturkö,2024-08-29 11:20,87,5
L75939419,SE,SE-K,,56.0735755,15.6875302,Sturkö--Uttorp
L14261677,SE,SE-K,,56.0778737,15.6830471,Sturkö--Uttorp naturreservat,2024-08-29 11:20,87,5
L25499213,SE,SE-W,,61.006721,15.1904002,Styggforsen NR,2026-08-15 11:30,30,4
L11121020,SE,SE-C,,59.9634399,17.2895036,Styggkärret,2026-05-26 06:06,68,37
L64290969,SE,SE-O,,57.6114771,11.7855579,Styrsö,2026-09-26 16:54,58,8
L13426670,SE,SE-AB,,59.4704747,17.7952111,Stäket,2026-09-09 07:37,51,30
L31635917,SE,SE-K,,56.136402,14.835038,Stärnö-Boöns NR--Stärnö udde
L31637093,SE,SE-K,,56.147075,14.86386,Stärnö-Boöns NR--Ön,2026-09-12 12:16,13,3
L31636122,SE,SE-K,,56.14671,14.84349,Stärnö-Boöns Naturreservat,2026-09-12 12:16,13,3
L75091749,SE,SE-H,,56.7506851,16.329772,Stävlö
L75091693,SE,SE-H,,56.7500292,16.3186162,Stävlö--Medelhavet
L75091709,SE,SE-H,,56.7547779,16.3291491,Stävlö--Norrstävlö
L75091769,SE,SE-H,,56.7430654,16.3313461,Stävlö--Sörstävlö
L75919479,SE,SE-O,,57.8082853,12.4133438,Stålebo våtmark
L13322602,SE,SE-I,,57.2675162,18.5114252,Stånga returvattendammar,2024-09-01 13:20,55,3
L5520960,SE,SE-M,,55.741511,13.2024193,Stångby våtmark,2026-08-29 11:13,126,167
L75090991,SE,SE-H,,57.2286862,16.5056558,Stångehamn
L1029672,SE,SE-E,,58.4452793,15.6227303,Stångåmynningen,2026-06-11 16:31,100,37
L18639085,SE,SE-AC,,63.725107,20.230436,Stöcke--Storavan,2026-09-20 17:48,137,94
L9940258,SE,SE-S,,60.405141,13.27334,Stöllet,2026-07-27 08:19,36,8
L6539347,SE,SE-H,,56.7967894,16.7827749,Störlinge bodar,2026-08-28 16:41,96,7
L30228369,SE,SE-N,,57.0933418,12.6574945,Sumpafallens naturreservat,2024-10-14 00:00,16,0
L4352009,SE,SE-C,,59.9218681,17.529459,Sundbromark,2026-09-27 16:17,98,72
L4450337,SE,SE-D,,59.4452933,16.6223574,Sundbyholm,2026-08-04 12:44,107,62
L6340103,SE,SE-D,,59.4390095,16.6139889,Sundbyholms travbana,2026-02-12 09:12,15,9
L13442339,SE,SE-D,,59.438056,16.630341,Sundbyholmsåsen,2025-10-03 13:47,25,6
L60343126,SE,SE-G,,56.859138,14.765877,"Sundetviken, Norra Bergundasjön",2026-08-30 08:44,43,1
L9994232,SE,SE-I,,56.9356578,18.1818055,Sundre kyrka,2026-08-27 16:08,85,6
L60512648,SE,SE-S,,59.389384,13.509044,Sundstatjärn,2026-04-30 10:42,2,0
L11850810,SE,SE-Y,,62.3898226,17.2961642,Sundsvall,2026-06-26 11:15,69,14
L8268484,SE,SE-O,,58.7070865,12.5001129,"Sunnanå, Mellerud",2026-07-29 06:14,53,3
L44332528,SE,SE-Z,,63.1257987,14.4347128,Sunne,2025-09-20 07:35,40,1
L62852515,SE,SE-Z,,63.1270013,14.4281438,Sunne--Kyrkviken,2026-04-19 15:19,18,2
L11042507,SE,SE-C,,59.8006343,17.6624017,Sunnerstaviken,2026-09-27 14:56,133,157
L6485734,SE,SE-C,,59.7975954,17.6620007,Sunnerstaåsen,2026-05-30 10:29,95,43
L43185842,SE,SE-Z,,63.181201,14.6235713,Surfbukten,2026-04-14 19:15,25,1
L6108313,SE,SE-N,,56.8410389,12.5775433,Suseåns mynning,2026-05-15 11:40,124,15
L11554871,SE,SE-C,,59.8543257,17.6399676,Svandammen,2026-09-25 09:29,65,42
L20496534,SE,SE-O,,57.816229,11.981605,Svankälla våtmark,2026-04-23 11:36,35,5
L23376107,SE,SE-M,,56.2523152,12.661314,Svanshalls Hamn,2026-08-25 13:44,54,2
L75914388,SE,SE-O,,57.3947705,12.6644497,Svansjöviks fågeltorn
L75862627,SE,SE-O,,58.1174268,11.673326,Svanviks kile
L77137635,SE,SE-U,,59.7831385,16.3841002,Svanå bruksmiljö
L7614603,SE,SE-D,,58.9750321,16.2019389,Svartbäcken,2026-06-01 16:24,127,214
L8447411,SE,SE-O,,57.7255912,11.8847823,Svarte Mosse,2026-09-27 09:10,54,22
L75914032,SE,SE-O,,58.6548887,12.6275529,Svartebäck
L50953105,SE,SE-O,,58.0008491,12.0403976,Svartedalens NR,2025-08-03 07:57,25,3
L21550758,SE,SE-AB,,59.5729103,19.0422709,Svartlöga,2026-04-18 12:25,85,6
L1023867,SE,SE-AB,,59.357696,17.7259684,Svartsjöviken,2026-09-21 09:13,186,348
L3918847,SE,SE-AB,,59.3546686,17.7300276,Svartsjöviken--Fågeltornet,2026-07-24 12:49,91,16
L1376733,SE,SE-AB,,59.3672733,17.723779,Svartsjöviken--Svartsjö dämme,2026-09-18 15:17,162,145
L1348449,SE,SE-AB,,59.3530982,17.7347231,Svartsjöviken--Östra delen,2026-09-21 09:13,132,132
L65306526,SE,SE-O,,57.7101226,12.0632694,Svarttjärn,2026-09-25 12:26,40,12
L1022087,SE,SE-E,,58.4666362,15.5386162,Svartåmynningens NR--Härnaviken,2026-08-17 07:30,124,23
L1022172,SE,SE-E,,58.4652446,15.5543447,Svartåmynningens NR--Nybro,2026-09-27 13:00,160,112
L1022112,SE,SE-E,,58.4687234,15.5638826,Svartåmynningens NR--Nybro - stora tornet,2026-09-20 11:43,72,10
L1022082,SE,SE-E,,58.459745,15.5664253,Svartåmynningens NR--Sättunaviken,2026-09-26 18:43,172,198
L1022090,SE,SE-E,,58.4619001,15.5558681,Svartåmynningens naturreservat,2026-09-27 13:00,204,394
L12909424,SE,SE-T,,59.21435,14.43235,Sveafallen,2026-06-09 20:08,47,3
L17831669,SE,SE-U,,59.5793291,16.3204479,Svedevi rastplats,2026-07-27 09:30,3,0
L43138310,SE,SE-Z,,63.102907,14.5213893,Svedjesjön,2026-08-23 07:23,48,8
L77076844,SE,SE-AB,,59.277076,18.081487,Svedmyraskogen,2026-09-21 18:15,2,1
L5844098,SE,SE-AB,,59.4426726,19.5038223,Svenska Högarna,2026-07-17 10:13,155,26
L1009610,SE,SE-E,,58.6019175,16.3792849,Svensksundsviken NR--Vadarkärret,2026-07-14 07:30,123,31
L1022089,SE,SE-E,,58.58961,16.39421,Svensksundsvikens NR--Fågeltornet,2026-08-07 14:42,153,51
L75904342,SE,SE-E,,58.5899207,16.4183692,Svensksundsvikens NR--Ravnäs strandängar
L75904414,SE,SE-E,,58.59081,16.37913,Svensksundsvikens NR--Utsiktsberget
L2353653,SE,SE-E,,58.5854692,16.4052594,Svensksundsvikens naturreservat,2026-08-07 14:42,171,116
L70250432,SE,SE-O,,58.387507,13.8939647,Svesån--Varolavägen,2026-06-15 18:16,15,1
L22259713,SE,SE-C,,59.58305,17.02507,Svinnegarnsviken,2013-05-23 00:00,57,2
L11127221,SE,SE-U,,59.46092,16.29614,Svinskärsudde,2023-04-13 07:34,50,6
L57735883,SE,SE-H,,56.6805663,16.3754979,Svinös naturreservat,2026-07-07 10:34,94,15
L13183532,SE,SE-O,,58.34058,11.69577,Svälte kile,2026-08-29 08:58,74,17
L64505374,SE,SE-N,,57.411812,11.925064,Svängehallar NR
L64505836,SE,SE-N,,57.4067438,11.9307188,Svängehallar NR--Höviken
L4203246,SE,SE-AB,,58.8824003,17.8324413,"Svärdsund, Svärdsö",2026-01-31 11:14,22,4
L6875248,SE,SE-O,,58.0469107,14.0726709,"Sydvattnet, Hökensås",2023-07-27 13:26,11,0
L22291874,SE,SE-Z,,63.0063123,12.2247319,Sylarna,2026-07-24 07:22,23,3
L22192559,SE,SE-AB,,59.7621159,18.3610567,Syningen,1997-10-13 00:00,69,5
L12487517,SE,SE-I,,57.3875151,18.8833529,Sysneudd,2026-07-05 18:40,34,1
L12017048,SE,SE-S,,60.713112,12.883313,Sysslebäck,2020-08-05 13:55,8,0
L27155981,SE,SE-O,,58.0209242,11.575166,Säby kile naturreservat,2023-08-13 11:08,8,1
L29470339,SE,SE-AB,,59.2675443,18.4927593,Säbyfälten,2026-04-25 07:30,19,2
L4349299,SE,SE-AB,,59.5024767,17.5779104,Säbyholm,2024-10-05 08:50,61,5
L9344421,SE,SE-T,,59.163538,15.178051,Säbylundsparken,2026-01-28 14:53,11,2
L23057973,SE,SE-D,,59.4821973,17.0154042,Säbyviken,2023-03-12 07:15,17,1
L66044631,SE,SE-O,,58.7590722,13.9000324,Säbyviken
L4970548,SE,SE-BD,,67.9469142,18.2813358,Sälkastugorna,2026-09-05 10:00,23,6
L75940917,SE,SE-K,,56.321002,15.3522466,Sänneshult naturreservat
L9651592,SE,SE-N,,56.7389917,12.6315663,Särdals strand,2019-01-05 00:00,33,0
L13492804,SE,SE-W,,61.6949192,13.1420517,Särna,2026-08-24 17:29,110,36
L70372377,SE,SE-N,,57.505926,11.9406975,Särö,2026-06-23 15:53,94,35
L70370858,SE,SE-N,,57.5083185,11.9360299,Särö--Särö Nordanskog naturreservat,2026-06-23 15:53,28,1
L8128545,SE,SE-N,,57.50465,11.92677,Särö--Särö Västerskog naturreservat,2026-06-23 14:09,92,33
L77044039,SE,SE-M,,55.8935559,13.5479879,Sätoftasjön
L6426349,SE,SE-D,,58.8873976,17.2390079,Sätterstamaden,2025-09-09 11:44,66,4
L43306124,SE,SE-S,,59.30897,13.55305,Sättersviken,2021-05-16 15:37,1,0
L4529021,SE,SE-O,,58.2806347,13.5699177,Sätuna by,2026-07-22 06:40,54,1
L10203497,SE,SE-C,,60.0630497,17.575761,Sävastaåns uttlop,2026-06-06 20:45,78,17
L75919694,SE,SE-O,,57.7944793,12.3192136,Säveåns NR--Stenkullen,2026-08-26 14:52,2,1
L75919735,SE,SE-O,,57.8039438,12.3521565,Säveåns NR--f.d. Reningsverket
L7035106,SE,SE-O,,57.7208946,11.9892406,Säveåns mynning,2026-06-27 14:49,54,16
L46880053,SE,SE-O,,57.79689,12.33089,Säveåns naturreservat,2026-08-26 14:52,45,4
L8205914,SE,SE-F,,57.3924177,14.6470162,Sävsjö,2026-05-22 07:58,18,2
L4555028,SE,SE-AB,,59.3831261,17.7587181,Sånga-Nibbla båtplats,2021-05-08 14:45,85,19
L26552831,SE,SE-AB,,59.3362318,18.4192657,Sångens viltvatten,2025-07-22 10:33,57,2
L74980415,SE,SE-F,,57.096107,14.166035,Södergårdsviken
L9422803,SE,SE-X,,61.303633,17.059223,Söderhamn,2022-02-19 15:21,3,1
L29096591,SE,SE-AB,,59.2922411,18.4240598,Södersved,2024-08-17 15:06,7,1
L31245983,SE,SE-AB,,59.1897852,17.6309447,Södertälje -- Maren,2026-06-03 15:04,39,16
L18950759,SE,SE-AB,,59.1665592,17.6611233,Södertälje hamn,2026-05-01 13:50,35,10
L7878714,SE,SE-M,,56.0344718,13.2402446,Söderåsen NP NE,2026-09-20 15:54,107,105
L7878712,SE,SE-M,,56.004018,13.2820499,Söderåsen NP: Röstånga and Odensjön,2026-07-10 13:08,46,10
L5394519,SE,SE-AB,,59.6292709,19.0220547,Söderöra,2026-08-31 07:53,133,415
L71323044,SE,SE-U,,59.5566289,16.63353,Södra Björnö,2026-08-03 16:18,4,0
L13210423,SE,SE-O,,58.1055014,11.7405353,Södra Borgefjorden,2021-10-09 13:00,19,1
L952424,SE,SE-AB,,59.3262281,18.1213474,Södra Djurgården,2026-09-27 16:02,184,1388
L8268102,SE,SE-W,,60.1802685,16.5292415,Södra Fullsta,2021-08-08 00:00,24,0
L4661994,SE,SE-H,,57.0572019,16.9722891,Södra Holm,2021-04-26 14:37,16,1
L5620988,SE,SE-S,,59.46638,13.38918,Södra Hyn,2026-07-01 10:05,164,46
L66059376,SE,SE-AB,,59.4025894,17.917138,Södra Järvafältet,2026-08-19 00:00,112,44
L49686108,SE,SE-AB,,59.3972153,17.9188084,Södra Järvafältet--Eggeby gård,2026-07-13 19:30,51,6
L30191195,SE,SE-AB,,59.405352,17.9020976,Södra Järvafältet--Granholmstippen,2026-06-09 16:25,71,8
L39541616,SE,SE-AB,,59.4082962,17.8956491,Södra Järvafältet--Hästa gård,2025-06-13 12:00,47,2
L42807372,SE,SE-AB,,59.400312,17.904529,Södra Järvafältet--Hästa träsk,2026-07-13 20:00,77,28
L4561204,SE,SE-M,,55.66261,13.05984,Södra Lomma strand,2026-09-24 10:14,173,184
L70313313,SE,SE-M,,56.3450738,13.981043,Södra Osbysjön,2026-07-06 21:49,3,0
L8483485,SE,SE-AB,,59.2028433,17.8880862,Södra Tullingesjön,2026-06-27 17:38,75,54
L74838578,SE,SE-G,,56.9783122,13.9834353,Södra Vidöstern
L4351983,SE,SE-O,,58.3776583,13.8155651,Södra brottet,2026-07-01 18:20,79,23
L75862688,SE,SE-O,,58.1334023,11.4634368,Södra morlandadalen
L5861118,SE,SE-H,,56.6100714,16.5592623,Södra utmossen,2026-05-27 14:20,107,29
L4309030,SE,SE-C,,60.3865639,18.0400658,Södra Åsjön,2012-03-18 06:00,15,0
L65029436,SE,SE-G,,56.7411492,13.979839,Södra-Ljunga--Ljungasjön
L75036190,SE,SE-G,,56.9969493,15.5317942,Södresjös fågeltorn
L1562631,SE,SE-H,,57.0418816,16.9128555,Södviks sjömarker,2025-06-10 17:03,119,19
L75944135,SE,SE-K,,56.05057,14.61576,Sölve grustag
L75944237,SE,SE-K,,56.0535973,14.6000625,Sölvesborgsviken,2026-08-29 20:08,11,0
L75944355,SE,SE-K,,56.0580383,14.6043418,Sölvesborgsviken--Charpentiers våtmark
L75944396,SE,SE-K,,56.055633,14.6088769,Sölvesborgsviken--Inre Sölvesborgsviken
L76044818,SE,SE-K,,56.0494127,14.5934346,Sölvesborgsviken--Kaninholmen,2026-08-29 20:08,11,0
L4582537,SE,SE-O,,58.5378625,12.9417229,Söne mad,2026-04-14 15:30,92,12
L64322418,SE,SE-N,,57.36573,11.9653,Sönnerbergen,2026-09-23 14:04,56,5
L73962621,SE,SE-N,,57.3695623,11.9733574,Sönnerbergen--Knallekil
L73962883,SE,SE-N,,57.36131,11.94338,Sönnerbergen--Kyrkefjäll
L73963611,SE,SE-N,,57.37485,11.95989,Sönnerbergen--Orrevik
L21088821,SE,SE-AC,,63.8323929,20.7152149,Sönnerstgrundet,2026-06-20 16:05,148,29
L6923794,SE,SE-O,,58.46181,13.91428,Sörbylunds Kraftstation,2026-09-27 15:34,22,6
L8264384,SE,SE-D,,59.3990794,16.812031,Sörfjärdens NR,2026-05-31 00:00,129,69
L18658432,SE,SE-AC,,63.604507,20.006913,Sörmjöle--Blågrundsudden,2026-05-16 09:54,82,12
L20699970,SE,SE-AC,,63.65418,20.002128,Sörmjöle--Klubben,2025-08-24 09:26,55,3
L18659368,SE,SE-AC,,63.668077,20.031809,Sörmjöle--Lillskärsudden,2026-09-05 14:13,144,70
L19319329,SE,SE-AC,,64.3906276,18.5799146,Sörmyran Nature reserve,2026-02-08 10:45,37,2
L8268320,SE,SE-Y,,62.5002975,17.4995188,"Sörvik, Söråker",2026-07-09 12:29,16,0
L70406470,SE,SE-T,,59.1838064,15.4226388,Söröns naturreservat,2026-08-24 17:43,32,6
L70196040,SE,SE-M,,55.5752984,13.6650724,Sövdesjön,2025-08-18 16:22,130,11
L4498714,SE,SE-M,,55.5718427,13.6853385,Sövdesjön--Saxehuset,2025-08-18 16:22,128,11
L8099113,SE,SE-D,,59.404493,16.394176,Sövsta grusgrop,2026-03-19 14:30,71,14
L4306140,SE,SE-X,,60.67564,17.19432,T-uddens naturreservat,2026-08-26 18:39,75,21
L73988173,SE,SE-F,,57.6793733,14.0807313,Tabergs naturreservat,2026-08-23 15:06,11,2
L61348353,SE,SE-G,,56.7222151,14.4297439,Taglamyrens NR,2026-07-04 06:00,18,4
L32534589,SE,SE-H,,56.6468989,16.4603575,"Talludden, Färjestaden",2026-05-23 10:14,21,0
L12053730,SE,SE-D,,59.28253,16.39635,Tandlatornet,2020-09-15 13:56,28,1
L4927986,SE,SE-D,,59.278727,16.418515,Tandlaån,2026-05-30 09:59,56,23
L8268159,SE,SE-W,,61.179016,12.9930343,Tandådalen,2026-09-10 10:12,42,14
L9056166,SE,SE-W,,61.1480336,13.0417715,Tandådalen--Lindalens Fäbod,2026-02-19 11:48,17,2
L74978424,SE,SE-G,,56.5514371,13.6048007,Tannsjö
L27622590,SE,SE-AB,,59.3095757,18.0457049,Tanto -- Årstaviken,2026-09-12 09:57,64,84
L4645242,SE,SE-AB,,59.3130531,18.04896,Tantolunden,2026-09-23 07:47,82,112
L75859144,SE,SE-O,,58.7647924,11.2417761,Tanumskilens naturreservat
L4970557,SE,SE-BD,,67.9098511,18.6091661,Tarfala,2025-07-25 10:56,26,1
L75934203,SE,SE-K,,56.2797318,14.9938077,Tattamåla naturreservat
L17004547,SE,SE-BD,,68.50013,20.7491827,Tavvavuoma,2024-06-11 00:00,72,10
L74242112,SE,SE-G,,56.6294128,14.1696636,Taxås naturreservat
L40659990,SE,SE-T,,59.0701649,15.1039759,Tegeldammen,2025-02-27 12:51,10,1
L5235237,SE,SE-C,,60.2552355,17.710712,Tegelsmora kyrksjö,2026-08-12 11:52,126,28
L4396500,SE,SE-M,,55.764853,12.9112852,Tegelvik,2026-02-27 11:07,80,8
L9181293,SE,SE-D,,58.889036,16.435171,Tegnebol våtmark,2026-03-22 12:02,42,3
L74243981,SE,SE-G,,56.8472903,14.8328942,Teleborgs naturreservat,2026-04-15 17:22,1,1
L61034738,SE,SE-X,,60.6899769,17.1717933,Testeboåns Delta Naturreservat,2026-07-21 07:10,79,13
L27068721,SE,SE-BD,,67.6940759,18.1566539,Teusajaurastugorna,2023-09-10 06:23,4,1
L1304471,SE,SE-AB,,59.3546118,17.6834822,Thorslunda,2026-09-23 08:47,158,382
L57280962,SE,SE-AB,,59.4718896,17.7385397,Tibbleviken,2026-09-11 06:39,38,5
L57727702,SE,SE-O,,58.7049048,13.8251377,Tidan--Kvillarna,2026-09-15 15:09,59,27
L67988951,SE,SE-O,,58.6936824,13.8255845,Tidan--Mariefors,2026-06-09 06:32,40,4
L6924665,SE,SE-O,,58.3684055,14.1392648,Tidan--Timaden,2025-07-12 01:21,51,7
L64274236,SE,SE-O,,58.7067547,13.8180283,Tidan--Universitetsparken,2026-09-26 14:42,41,25
L77138947,SE,SE-U,,59.5047823,16.4804519,Tidö slott
L18041995,SE,SE-C,,60.3104897,17.4750256,Tierp,2026-07-18 09:48,45,2
L9744865,SE,SE-E,,58.37086,15.61253,Tinnerö eklandskap,2026-09-25 13:17,136,146
L73988541,SE,SE-E,,58.3537191,15.6187686,Tinnerö eklandskap--Edhaga våtmark
L2343871,SE,SE-E,,58.37086,15.62387,Tinnerö eklandskap--Frökärret,2026-09-25 12:26,93,49
L1022174,SE,SE-E,,58.3587824,15.6141043,Tinnerö eklandskap--Rosenkällasjön,2026-09-25 13:17,117,80
L75903985,SE,SE-E,,58.386104,15.6263765,Tinnerö eklandskap--Smedstad dammar,2026-09-13 16:39,28,2
L21246478,SE,SE-X,,60.689548,17.1940323,Tippen,2023-08-12 06:00,118,2
L74241123,SE,SE-N,,56.9443366,13.677713,Tira öars naturreservat
L65029646,SE,SE-N,,56.9422532,13.646199,Tiraholm,2026-08-12 09:28,37,2
L33000392,SE,SE-O,,57.5105304,11.7318594,Tistlarna,1990-05-10 06:00,12,2
L73252096,SE,SE-T,,58.7145858,14.556431,Tivedens NP--Entré Ösjönäs,2026-08-08 20:43,17,3
L73324200,SE,SE-T,,58.71125,14.556,Tivedens NP--Mellannäs,2026-07-19 12:53,10,1
L73252210,SE,SE-T,,58.7184867,14.6045761,Tivedens NP--Metesjön,2026-08-22 10:00,34,10
L26686816,SE,SE-T,,58.72912,14.56935,Tivedens NP--Vitsands området,2026-08-23 06:14,27,8
L4351947,SE,SE-T,,58.71557,14.59225,Tivedens nationalpark,2026-09-01 12:27,105,99
L7877396,SE,SE-T,,58.7576651,14.5968979,Tivedstorp,2025-08-25 09:03,49,15
L74186350,SE,SE-N,,57.3982655,12.1112215,Tjolöholms NR--Fågeltornet,2026-08-13 14:23,37,2
L74186369,SE,SE-N,,57.4145129,12.1135094,Tjolöholms NR--Kvarndammet
L74186311,SE,SE-N,,57.40008,12.0839573,Tjolöholms NR--Storeskog
L74186206,SE,SE-N,,57.3990661,12.1023212,Tjolöholms NR--Tjolöholm Slott
L74186473,SE,SE-N,,57.4149081,12.1280424,Tjolöholms NR--Östra Tjolöholm
L5215003,SE,SE-N,,57.4038,12.10308,Tjolöholms naturreservat,2026-08-13 14:23,175,99
L15810337,SE,SE-AC,,65.963182,16.069923,Tjulträsk Ringing Station,2026-07-25 10:00,84,62
L28352704,SE,SE-M,,55.9362721,13.5366081,Tjurasjö,2026-03-27 14:59,17,3
L27286662,SE,SE-AB,,59.3084706,18.0712597,Tjurbergsparken,2026-09-17 12:10,51,330
L75939582,SE,SE-K,,56.1109043,15.615309,Tjurkö
L11991924,SE,SE-O,,58.7221647,11.1722836,Tjurpannans naturreservat,2026-09-12 15:10,107,24
L26781076,SE,SE-O,,57.899617,11.7132282,Tjuvkils hamn,2024-07-28 11:48,64,2
L39028289,SE,SE-C,,59.897812,18.0109251,Tjäderleksmossens naturreservat,2025-01-01 13:26,5,4
L63110315,SE,SE-O,,58.7947624,13.750354,"Tjäderåsen, Torsö",2026-04-18 09:00,27,2
L40342856,SE,SE-H,,56.6544809,16.3688779,Tjärhovet,2026-06-11 06:34,36,1
L57992586,SE,SE-O,,58.8757426,11.1464453,Tjärnö Marine Laboratory,2026-09-02 10:51,32,2
L6307664,SE,SE-K,,56.1669694,15.0505829,Tjärö,2026-06-27 18:16,60,6
L4236953,SE,SE-M,,55.60081,14.30571,Tjörnedala,2026-04-05 11:02,82,10
L4507649,SE,SE-M,,55.5698368,14.3355703,Tobisvik,2026-06-03 00:00,85,6
L75944473,SE,SE-K,,56.0628104,14.736157,Tocken
L9635641,SE,SE-O,,57.8573262,11.7076139,Tofta kile,2026-07-08 16:07,118,33
L75857234,SE,SE-O,,57.85871,11.69334,Tofta naturreservat
L4578508,SE,SE-I,,57.553756,18.1656361,Tofta skjutfält,2026-08-22 12:45,36,2
L4665192,SE,SE-I,,57.4925518,18.1266689,Tofta strand,2025-06-23 19:35,145,13
L7381359,SE,SE-G,,57.028498,14.0142288,Toftaholm NR,2026-05-14 06:15,83,14
L27156183,SE,SE-O,,58.0002047,11.5396578,Toftenäs naturreservat,2026-08-19 18:04,30,2
L77153421,SE,SE-M,,56.1486896,13.0704748,Tomarps ene & Tomarps mader
L47550775,SE,SE-X,,61.6719297,17.5075484,"Tomashamn, Hornslandet",2025-06-14 06:57,8,1
L30298467,SE,SE-C,,59.9558354,17.7808546,"Tomtasjön, Rasbo",2026-09-27 11:40,162,54
L64948528,SE,SE-O,,58.3619753,12.5221151,Tore mosse
L3440535,SE,SE-M,,56.427473,12.6265097,Torekovs hamn,2026-07-06 10:35,102,48
L3440534,SE,SE-M,,56.4334475,12.6316166,Torekovs rev,2026-05-03 21:20,116,37
L3264741,SE,SE-M,,56.42135,12.62088,Torekovs strandpromenad,2026-07-20 11:00,145,58
L37689940,SE,SE-K,,56.0820829,15.8442431,Torhamns udde,2026-09-27 09:31,172,83
L64590892,SE,SE-K,,56.0759278,15.8453318,Torhamns udde--Fågeltornet,2026-08-08 12:06,46,6
L64590351,SE,SE-K,,56.0745371,15.8392856,Torhamns udde--Luckorna,2026-09-24 16:33,31,3
L64590126,SE,SE-K,,56.0931871,15.8573938,Torhamns udde--Sandhamn,2026-08-31 05:58,31,2
L37417532,SE,SE-K,,56.08393,15.84764,Torhamns udde--Skjutfältet,2024-10-17 14:20,1,0
L3836419,SE,SE-K,,56.07635,15.84717,Torhamns udde--Torhamns fågelstation,2025-07-19 13:23,159,49
L64590260,SE,SE-K,,56.0736856,15.8473428,Torhamns udde--Udda änne
L64590691,SE,SE-K,,56.0835384,15.8401417,Torhamns udde--Västra hagmarkerna
L9778659,SE,SE-Z,,62.8764572,12.7052588,Torkilstöten,2026-06-24 18:53,53,13
L75995595,SE,SE-K,,56.1535532,15.3993164,Torkö
L3311495,SE,SE-BD,,65.8529472,24.1319633,Tornio Kaupunginlahti,2026-08-04 11:01,109,50
L75921054,SE,SE-O,,57.6297381,13.2916971,Torpanäsets naturreservat
L5533481,SE,SE-U,,59.414605,16.188617,Torpaslätten,2026-07-24 16:11,29,4
L75937198,SE,SE-K,,56.1822487,15.6711584,Torpaviken
L1361147,SE,SE-D,,58.9099396,16.7611074,Torps Säteri,2009-05-01 09:00,52,1
L13302772,SE,SE-M,,55.6216882,13.2302931,Torreberga,2026-07-01 22:49,96,9
L5243034,SE,SE-D,,59.4202096,16.4735126,Torshälla,2024-08-20 14:35,65,20
L75247491,SE,SE-G,,56.7598291,14.9084228,Torsjön,2026-08-14 13:20,24,2
L3891623,SE,SE-O,,57.70785,11.79573,Torslandaviken,2026-09-27 11:56,231,450
L64316807,SE,SE-O,,57.70173,11.80087,Torslandaviken--Flatholmen-Rörskär,2026-07-26 17:46,38,1
L64318529,SE,SE-O,,57.7105404,11.7890869,Torslandaviken--Gamla flygfältet,2026-07-26 15:22,35,3
L64318719,SE,SE-O,,57.7061567,11.7882266,Torslandaviken--Karholmen,2026-08-26 12:54,29,3
L64316211,SE,SE-O,,57.70353,11.79759,Torslandaviken--Karholmsdammen,2026-08-22 09:32,92,10
L64316440,SE,SE-O,,57.71312,11.79379,Torslandaviken--Obskullen Bird tower,2026-06-21 17:26,63,15
L64319565,SE,SE-O,,57.7143417,11.8022104,Torslandaviken--Renovadeponin
L71692550,SE,SE-O,,57.6942005,11.8011188,Torslandaviken--Risholmen
L64318150,SE,SE-O,,57.6878444,11.8049081,Torslandaviken--Risholmsudden,2026-05-17 16:08,11,2
L64319086,SE,SE-O,,57.6961228,11.7803358,Torslandaviken--Skeppstadsholmen
L39357823,SE,SE-O,,57.7081144,11.8173131,Torslandaviken--Syrhåladammen,2007-07-01 22:30,6,2
L39399355,SE,SE-O,,57.7067446,11.8073319,Torslandaviken--Södskärsdammen,2026-08-22 09:19,58,13
L39398878,SE,SE-O,,57.7046244,11.7785075,Torslandaviken--Torslanda Golfbana,2026-07-26 17:55,61,11
L39414325,SE,SE-O,,57.7002536,11.7843816,Torslandaviken--Torslanda Lagun,2026-07-26 17:36,43,5
L39398891,SE,SE-O,,57.69685,11.79144,Torslandaviken--Vadehavet (Mudderdammen),2026-09-27 11:56,109,26
L64316666,SE,SE-O,,57.71111,11.80098,Torslandaviken--Vadskär,2026-09-12 14:03,24,2
L75939125,SE,SE-K,,56.1684962,15.7191044,Torstävaviken
L75939266,SE,SE-K,,56.1670332,15.7298304,Torstävaviken--Dammen
L75939208,SE,SE-K,,56.1611207,15.7066133,Torstävaviken--Rävskär
L75939353,SE,SE-K,,56.1731307,15.7234516,Torstävaviken--Strandängarna
L75944555,SE,SE-K,,55.9972749,14.6436348,Torsö
L4452247,SE,SE-M,,55.7033466,14.1791761,Torupa Flo,2026-08-04 12:03,126,89
L39416735,SE,SE-M,,55.55264,13.21292,Torups bokskog,2026-09-12 18:23,132,24
L18306394,SE,SE-N,,56.7074338,13.0202502,Torvsjön,2026-08-06 05:46,45,13
L8154606,SE,SE-AB,,58.8058034,17.8305114,Torö--Herrhamra ängar,2026-04-12 10:42,99,45
L60591207,SE,SE-AB,,58.80239,17.83231,Torö--Kvarnen,2026-06-19 11:34,28,3
L4758907,SE,SE-AB,,58.7938838,17.8544998,Torö--Läskär,2025-08-09 10:03,62,6
L4203332,SE,SE-AB,,58.8543702,17.8324842,Torö--Norrskogsviken,2024-03-12 13:34,43,1
L5520026,SE,SE-AB,,58.8095712,17.7996197,Torö--Reveln,2026-09-20 12:02,157,126
L1004399,SE,SE-AB,,58.8039833,17.8079367,Torö--Södra Torö (General area),2026-09-20 12:02,221,603
L4211759,SE,SE-AB,,58.8104563,17.8580403,Torö--Trevik,2026-04-06 09:30,44,7
L12465129,SE,SE-AB,,58.8002416,17.7906632,Torö--Örudden,2026-09-19 14:52,157,127
L5707028,SE,SE-M,,55.998141,14.4453907,Tosteberga udde,2026-02-21 09:20,131,20
L4715174,SE,SE-Z,,63.2811843,12.3193645,Trail from Enafors to Silverfallet,2016-06-18 12:00,11,1
L35794082,SE,SE-O,,58.3091777,13.7308945,Tranebärssjön,2025-03-02 07:07,41,4
L15498778,SE,SE-AC,,64.956,15.46576,Trappstegsforsen,2026-07-06 15:34,16,2
L26295495,SE,SE-K,,56.027208,14.5630934,Tredenborg,2025-06-05 13:40,23,2
L10022181,SE,SE-AB,,59.3117213,18.0176906,Trekanten,2026-09-25 23:00,64,49
L7877376,SE,SE-M,,55.3669699,13.1520387,Trelleborgs färjeläge,2026-08-31 13:45,76,25
L7035102,SE,SE-O,,59.0267171,11.7553329,Tresticklans nationalpark,2026-08-24 09:01,56,16
L4356490,SE,SE-H,,56.4559538,16.6046762,Triberga läge,2026-09-05 13:29,166,32
L4314207,SE,SE-H,,56.4710318,16.5739489,Triberga mosse,2026-09-16 11:14,158,100
L25653184,SE,SE-W,,60.3105179,16.0873581,Trollbosjön,2026-04-17 16:50,27,0
L15447886,SE,SE-AB,,59.3119205,18.1215865,Trolldalen,2025-11-25 09:27,40,3
L7228297,SE,SE-AB,,59.3877993,18.1265402,"Trolldalstippen, Lidingö",2024-10-12 09:15,78,20
L75904057,SE,SE-E,,58.8429749,15.3986547,Trolleflods mosse
L74313875,SE,SE-E,,58.1469802,15.5747094,Trollegater naturreservat
L1562633,SE,SE-H,,57.3445577,17.1239985,Trollskogen,2026-08-21 10:30,138,58
L75941555,SE,SE-K,,56.1527175,15.4808964,Tromtö NR--Tromtö nabb
L75941083,SE,SE-K,,56.1630456,15.4789741,Tromtö NR--Tromtö våtmark
L75941058,SE,SE-K,,56.1559662,15.4732697,Tromtö naturreservat
L10068508,SE,SE-D,,58.9017102,17.5488899,Trosa,2026-06-15 11:30,80,16
L31244035,SE,SE-D,,58.9446158,17.4881917,"Trosaån, Vagnhärad",2025-03-22 11:36,16,4
L4684279,SE,SE-N,,56.6682785,12.7775931,Trottabergs våtmark,2025-07-20 14:57,68,10
L22282333,SE,SE-G,,56.8645952,14.8209662,Trummen,2026-09-05 23:43,47,2
L9506331,SE,SE-W,,60.46597,15.58885,Truttjärn,2026-04-19 17:05,22,2
L66044296,SE,SE-O,,58.4967187,13.26488,Truve badplats
L6076871,SE,SE-O,,57.70522,11.97525,Trädgårdsföreningen,2026-09-26 13:04,65,161
L8879677,SE,SE-S,,59.4135418,13.954348,Träfors,2020-09-17 10:47,40,1
L75857515,SE,SE-O,,58.3151501,11.4676606,Trälebergs kile naturreservat
L8332568,SE,SE-N,,57.0557862,12.2749464,Träslövsläge,2026-04-23 16:31,175,10
L8189474,SE,SE-N,,57.0461892,12.2830789,Träslövsläge--Kagabäcksviken,2025-09-20 07:27,86,7
L75090257,SE,SE-G,,56.5000222,14.6941999,Trässhultsjön
L74939135,SE,SE-N,,56.6293844,12.9229925,Trönninge ängar NR--Fågeltornet,2026-08-29 13:37,24,1
L74939099,SE,SE-N,,56.6260454,12.9197588,Trönninge ängar NR--Gömslet,2026-09-25 10:38,48,3
L4494485,SE,SE-N,,56.62861,12.91762,Trönninge ängar naturreservat,2026-09-25 10:38,185,230
L27199161,SE,SE-N,,56.6144633,12.9107621,Trönningestranden,2024-01-15 12:28,29,4
L11226835,SE,SE-X,,60.6380008,17.3438319,Trösken,2025-12-25 10:09,76,1
L22237101,SE,SE-X,,60.6289786,17.3168776,Tröskens rikkärr NR,2023-01-17 08:47,14,1
L71425408,SE,SE-I,,57.0748129,18.3483095,Tubod,2024-10-15 00:00,2,0
L70164877,SE,SE-O,,57.6089659,12.087495,Tulebosjön,2026-06-07 18:19,28,2
L41500643,SE,SE-AB,,58.9497087,17.5879027,Tullgarnområdet (General area),2026-07-29 19:01,207,195
L4917179,SE,SE-AB,,58.9487981,17.5749922,Tullgarnområdet -- Västerviken,2026-07-14 12:18,151,41
L8087446,SE,SE-AB,,58.9483275,17.6165881,Tullgarnsnäs,2026-05-28 20:48,175,53
L4233231,SE,SE-AB,,58.9586987,17.5878239,Tullgarnsområdet--Häggnäsviken,2026-07-29 19:01,168,64
L6691859,SE,SE-D,,59.3733232,16.4670679,Tuna park,2026-09-01 17:30,33,3
L8263384,SE,SE-D,,59.3626997,16.5119151,Tunafors,2026-05-17 09:12,66,36
L26225613,SE,SE-I,,57.9579419,19.0761133,Tunguhuvud,2026-04-30 16:56,28,2
L5971557,SE,SE-D,,59.427581,16.709674,Tustrup Jäder,2026-03-08 14:00,24,7
L4477166,SE,SE-H,,56.2496051,16.4671755,"Tvärvägen, Näsby",2026-09-08 13:17,132,30
L75904181,SE,SE-E,,58.4628799,14.9003777,Tycklingen
L77152820,SE,SE-M,,56.2604583,14.0121491,Tydingen
L77153058,SE,SE-M,,56.2588861,13.9747829,Tydingen--Gerastorpsviken
L77152846,SE,SE-M,,56.2550022,14.0316035,Tydingen--Tydingestranden
L11192826,SE,SE-O,,58.9473777,12.6223429,Tydjesjön,2026-07-07 17:36,62,7
L11197525,SE,SE-M,,55.5106132,12.9257415,Tygelsjöbäckens mynning,2026-08-16 13:46,119,32
L65030166,SE,SE-N,,56.6455349,12.7294471,Tylösand,2024-07-10 10:42,32,3
L65030114,SE,SE-N,,56.6415553,12.7333891,Tylösand--Tjuvahålan
L28665647,SE,SE-N,,56.645075,12.723925,Tylösand--Tyludden,2024-07-10 10:42,32,3
L74089028,SE,SE-N,,56.6573688,12.7352534,Tylösand--Tylöbäck
L5208333,SE,SE-AB,,59.1783176,18.3034801,Tyresta NP -- Brandområdet 1999,2026-08-24 16:27,97,47
L37522051,SE,SE-AB,,59.1629615,18.2447453,Tyresta NR--Fågelsjön,2026-09-24 10:37,44,14
L2424297,SE,SE-AB,,59.1843439,18.2695073,Tyresta National Park,2026-09-24 07:14,124,216
L30585209,SE,SE-AB,,59.1670213,18.2391725,Tyresta by,2026-09-24 10:09,81,38
L21380528,SE,SE-AB,,59.1817964,18.3448414,Tyresta naturreservat,2026-08-15 13:32,41,9
L4162635,SE,SE-AB,,59.2351435,18.3029222,Tyresö slott,2026-09-23 18:56,110,193
L4203297,SE,SE-AB,,59.2572675,18.2724524,Tyresö strand,2026-04-10 12:18,75,31
L63968179,SE,SE-Z,,63.2486728,14.6361705,Tysjöarna--Kännåsenparkeringen,2026-05-31 06:15,24,7
L64260912,SE,SE-Z,,63.2357469,14.6293153,Tysjöarna--Mellansjölandet
L63968584,SE,SE-Z,,63.2452888,14.6356361,Tysjöarna--Norra spången,2026-06-12 18:54,30,6
L64260688,SE,SE-Z,,63.2335525,14.6219405,Tysjöarna--Stora blekekällan,2026-05-22 15:35,72,5
L64392868,SE,SE-Z,,63.2320747,14.6228991,Tysjöarna--Södra fågeltornet,2026-04-30 18:39,55,10
L64392798,SE,SE-Z,,63.228843,14.6335582,Tysjöarna--Utloppet Semsån,2026-04-30 19:35,22,5
L64392751,SE,SE-Z,,63.2420552,14.6287183,Tysjöarna--Västra fågeltornet,2026-06-12 19:10,92,12
L64392728,SE,SE-Z,,63.2400903,14.6372555,Tysjöarna--Östra fågeltornet,2026-06-12 19:53,52,3
L9525651,SE,SE-Z,,63.23882,14.63111,Tysjöarnas naturreservat,2026-08-10 12:22,138,99
L66747951,SE,SE-T,,59.3182533,15.045451,Tysslingens NR--Norra delen
L66747671,SE,SE-T,,59.3270162,15.0595737,Tysslingens NR--Norra tornet,2026-07-06 08:15,41,3
L17692304,SE,SE-T,,59.29366,15.04613,Tysslingens NR--Södra delen,2026-08-03 19:42,59,4
L21468428,SE,SE-T,,59.278062,15.0462438,Tysslingens NR--Södra tornet,2026-03-16 10:14,9,1
L4332678,SE,SE-T,,59.3073581,15.0433302,Tysslingens naturreservat,2026-09-18 16:15,166,80
L46310844,SE,SE-AB,,59.483496,18.0706221,Täby prästgårds NR -- f.d. Prästsjön,2026-07-29 08:14,69,9
L18567026,SE,SE-AC,,63.722342,20.573894,Täftelandet--Tavastudden,2026-09-19 07:10,165,64
L10413050,SE,SE-AB,,59.4582746,18.2967839,"Täljönäset, Åkersberga",2026-08-19 12:49,70,8
L6788388,SE,SE-C,,60.1626131,17.3282743,Tämnaren,2022-04-27 16:00,127,13
L8338586,SE,SE-Z,,62.4426272,12.6792967,Tännäs,2026-07-17 17:02,73,8
L39937604,SE,SE-AB,,59.0372076,17.930665,"Tärnan, Segersäng",2026-04-27 17:34,15,2
L4665374,SE,SE-AB,,59.5657812,18.3572102,Tärnanområdet,2024-04-13 20:00,87,15
L8268584,SE,SE-C,,60.1542296,16.9289917,Tärnsjö,2025-01-06 15:17,93,5
L75995412,SE,SE-K,,56.1180454,14.9687186,Tärnö
L2563727,SE,SE-E,,58.34554,14.80339,Tåkern Naturreservat,2026-08-29 12:09,195,395
L2346484,SE,SE-E,,58.3325944,14.8202444,Tåkern--Fågeltorn,2026-08-29 12:09,173,187
L66942125,SE,SE-E,,58.3323276,14.7148471,Tåkern--Holmens våtmark,2026-07-25 16:18,48,5
L8104513,SE,SE-E,,58.3635916,14.9155833,Tåkern--Hovtornet,2026-07-23 19:36,116,39
L4953689,SE,SE-E,,58.3290146,14.7582865,Tåkern--Renstad kanal,2023-09-17 10:27,14,1
L1022167,SE,SE-E,,58.3808385,14.842186,Tåkern--Svälingetornet,2026-08-02 20:04,113,26
L1022168,SE,SE-E,,58.33892,14.7136974,Tåkern--Väversundamaden,2026-07-22 20:53,94,25
L74978530,SE,SE-G,,56.495034,13.5425359,Tånnerydsdammen
L74978670,SE,SE-G,,56.498697,13.5570474,Tånnerydsdammen--Jacobssons udde
L74978822,SE,SE-G,,56.4891646,13.5280972,Tånnerydsdammen--Råstorpsbron
L74978704,SE,SE-G,,56.493047,13.5485458,Tånnerydsdammen--Örnafälla
L73771040,SE,SE-W,,62.1670506,12.4504945,Töfsingdalens NP
L7121715,SE,SE-O,,58.8460084,11.7897892,Töftedal,2020-07-10 12:53,12,2
L30252887,SE,SE-N,,56.56794,12.943821,Tönnersa NR--Tönnersastranden,2024-04-01 13:21,12,1
L71460903,SE,SE-I,,56.9082081,18.1538784,Udden,2026-08-05 00:00,18,0
L77154061,SE,SE-M,,56.2074419,12.9859206,Ugglarps broar
L75927812,SE,SE-H,,58.0798603,16.3539234,Uknadalen
L75927475,SE,SE-H,,58.0213574,16.4676227,Uknadalen--Edsbruk
L75927253,SE,SE-H,,58.0756377,16.3684058,Uknadalen--Gruvmossen
L75927281,SE,SE-H,,58.0714206,16.3806762,Uknadalen--Kastgöl
L75927083,SE,SE-H,,58.1050135,16.2956224,Uknadalen--Kolsebro
L75927320,SE,SE-H,,58.0535498,16.3985143,Uknadalen--Kråkängen
L75927214,SE,SE-H,,58.0841757,16.3343715,Uknadalen--Prästgården
L75927772,SE,SE-H,,58.1151326,16.2753171,Uknadalen--Stjälkhammar
L75927132,SE,SE-H,,58.0900082,16.3355879,Uknadalen--Tjurstad
L75927412,SE,SE-H,,58.0425255,16.4417168,Uknadalen--Vinäs naturreservat
L75927033,SE,SE-H,,58.1117341,16.2708173,Uknadalen--Åkervristens utlopp
L5866028,SE,SE-H,,57.91195,16.5487,Uknö,2026-08-07 13:17,133,55
L75924415,SE,SE-H,,57.92062,16.59047,Uknö--Bjursund
L75924632,SE,SE-H,,57.9186939,16.5651561,Uknö--Boflagen
L75925255,SE,SE-H,,57.8950291,16.5424259,Uknö--Gudingebaden
L75092768,SE,SE-H,,57.9124268,16.5345074,Uknö--Herrängen
L75924582,SE,SE-H,,57.9061361,16.5603749,Uknö--Kalmargärdet
L75925869,SE,SE-H,,57.9144691,16.524601,Uknö--Loftaån
L75092598,SE,SE-H,,57.9257881,16.5363451,Uknö--Torn Slåhagen,2026-08-07 13:17,19,1
L75924829,SE,SE-H,,57.9170143,16.545541,Uknö--Uknö glo
L75092718,SE,SE-H,,57.90765,16.54645,Uknö--Vadarängen
L75924292,SE,SE-H,,57.8958987,16.5493963,Uknö--Vinö glo
L75925210,SE,SE-H,,57.9213119,16.5156599,Uknö--Åkerholm
L4591982,SE,SE-M,,55.7460525,12.9721177,"Ulakärr, Salviken",2025-04-20 16:12,60,2
L42439240,SE,SE-E,,58.3494729,15.6769696,Ullaberg- och Mossens våtmarker,2026-09-06 08:08,66,18
L31563020,SE,SE-N,,56.75883,13.08246,Ullasjöbacken NR
L4343070,SE,SE-C,,59.8335882,17.650094,Ulleråker,2026-07-23 13:35,92,171
L13631727,SE,SE-AB,,59.468623,18.1429988,Ullnabacken,2026-03-30 15:57,45,25
L6115042,SE,SE-E,,58.3540993,15.6694221,Ullstämmaskogens naturreservat,2024-10-27 08:49,67,8
L4309778,SE,SE-AB,,59.3903183,18.0170202,Ulriksdal slott,2026-09-05 11:23,89,32
L13853150,SE,SE-C,,59.8168324,17.6581539,Ultuna,2026-06-24 12:12,94,17
L4203190,SE,SE-C,,59.9129194,17.576623,Ulva kvarn,2026-07-19 14:36,110,79
L9126473,SE,SE-D,,59.3954757,16.391358,Ulvsten,2026-05-10 10:10,34,9
L7564753,SE,SE-Y,,63.0385496,18.6522102,Ulvön,2022-08-11 17:58,19,2
L3107710,SE,SE-AC,,63.7386184,20.325222,Ume delta  (General area),2026-05-31 11:59,104,31
L18931996,SE,SE-AC,,63.740636,20.284884,Umeälvens delta--Berga,2026-09-10 17:15,66,8
L18530380,SE,SE-AC,,63.748516,20.291421,Umeälvens delta--Bergön,2026-09-10 12:21,137,80
L18804900,SE,SE-AC,,63.754732,20.2734328,Umeälvens delta--Dammen N Jvg (Restricted Access 1/4-15/5),2026-09-25 07:13,184,498
L18490142,SE,SE-AC,,63.7719943,20.244807,Umeälvens delta--Degernässlätten NW,2026-06-09 19:10,51,18
L18570780,SE,SE-AC,,63.7643747,20.2464604,Umeälvens delta--Degernässlätten SW,2026-05-08 08:45,48,3
L18550077,SE,SE-AC,,63.80006,20.2489602,Umeälvens delta--Fälten SV Ekmans,2026-06-15 07:17,95,28
L18342579,SE,SE-AC,,63.716042,20.31218,Umeälvens delta--Obbola industritipp,2026-09-13 08:47,119,47
L18932052,SE,SE-AC,,63.7960048,20.2298641,Umeälvens delta--Obsladan,2026-08-14 05:34,69,10
L11514616,SE,SE-AC,,63.74785,20.31231,Umeälvens delta--Stora tuvan (Restricted Access 21/4-15/6),2026-09-17 08:06,122,103
L31871312,SE,SE-AC,,63.7386256,20.2692916,Umeälvens delta--Sundshålet,2025-04-13 11:40,33,5
L11514428,SE,SE-AC,,63.7667847,20.2715016,Umeälvens delta--Södra Degernässlätten,2026-09-17 19:00,133,152
L18602098,SE,SE-AC,,63.7821211,20.2344008,Umeälvens delta--T-vägen,2026-09-24 17:18,132,172
L68627636,SE,SE-AC,,63.7387126,20.3086891,Umeälvens delta--Tuvanbankarna,2026-06-06 09:05,30,2
L37578506,SE,SE-AC,,63.746513,20.3384931,Umeälvens delta--Villanästornet,2026-05-03 10:06,43,4
L37517401,SE,SE-AC,,63.8290231,20.1933472,Umeå--Gran,2026-05-15 12:30,22,1
L58742229,SE,SE-AC,,63.8316564,20.2767303,Umeå--Hagaparken,2026-09-16 08:28,17,2
L69131082,SE,SE-I,,57.0297084,18.344058,Unghanseskär,2026-08-01 15:02,51,2
L75995815,SE,SE-K,,56.0492925,15.8064333,Ungskär
L7314371,SE,SE-C,,59.8709763,17.6157618,"Upper fyris, Uppsala",2026-06-11 05:00,92,51
L75088885,SE,SE-F,,57.4156417,15.1147908,Upplandatornet
L4351009,SE,SE-AB,,59.5419617,17.6255465,Upplands-Bro--Högbytorpstippen,2026-03-02 14:30,34,12
L989218,SE,SE-C,,59.8588679,17.6353312,Uppsala,2026-09-13 12:30,152,243
L8421208,SE,SE-C,,59.8439849,17.6597929,Uppsala Reningsverk,2026-05-09 15:00,117,122
L2935279,SE,SE-C,,59.8543847,17.629248,Uppsala--Engelska parken,2026-08-25 07:45,50,25
L14215657,SE,SE-F,,57.4740272,14.7525943,Uppsjön fågeltorn,2026-08-01 14:12,34,5
L4523449,SE,SE-AB,,59.5106612,19.3805265,Ut-Fredel,2026-05-09 09:00,56,2
L20577844,SE,SE-AB,,59.9026894,19.0321861,Utanå Skaten,2023-09-30 16:04,109,11
L75860928,SE,SE-O,,58.3350196,11.7711456,Utby fågeltorn
L10272012,SE,SE-K,,55.9551106,15.7033253,Utklippan,2026-06-26 06:54,162,10
L8148382,SE,SE-K,,56.0232376,15.7905198,Utlängan,2026-08-31 10:04,174,25
L64468228,SE,SE-K,,56.0264139,15.801584,Utlängan--Arnolds fiskebod
L64468147,SE,SE-K,,56.0215149,15.7984752,Utlängan--Arnolds åkrar
L64468706,SE,SE-K,,56.0221179,15.7969836,Utlängan--Byn
L64468511,SE,SE-K,,56.0296514,15.7980262,Utlängan--Korpdungen
L64468371,SE,SE-K,,56.0343367,15.7964897,Utlängan--Lastudden,2026-06-20 14:15,9,1
L64468792,SE,SE-K,,56.02469,15.78874,Utlängan--Maren
L64468749,SE,SE-K,,56.0153467,15.7911114,Utlängan--Pölen
L64468628,SE,SE-K,,56.0203557,15.7916278,Utlängan--Radarstationen
L64468307,SE,SE-K,,56.0316363,15.8050233,Utlängan--Saltstensudden
L64468854,SE,SE-K,,56.0300994,15.7820731,Utlängan--Stenshamn,2026-08-29 09:59,1,0
L64467985,SE,SE-K,,56.0129644,15.7886728,Utlängan--Sydudden
L8148298,SE,SE-N,,57.024349,12.32751,Utteros,2026-04-16 13:53,133,14
L1824403,SE,SE-AB,,58.9437771,18.256792,Utö,2026-08-02 15:00,135,52
L4938694,SE,SE-AB,,59.5862529,18.2071781,Vadadalen,2026-02-11 13:22,75,8
L1022181,SE,SE-D,,58.9088123,16.7816162,Vadsjön,2026-08-17 08:12,139,33
L11226973,SE,SE-BD,,68.5399193,18.4344578,Vadvetjåkka NP,2026-08-15 12:31,27,1
L5645343,SE,SE-G,,56.5259328,14.2234325,Vakö Myr--Vägen,2026-03-22 09:17,19,1
L5645291,SE,SE-G,,56.51186,14.23501,Vakö myr naturreservat,2026-07-09 13:20,71,36
L47937498,SE,SE-I,,57.0306542,18.2189717,Valar fyr,2023-06-21 00:00,23,0
L13696946,SE,SE-D,,59.0382281,16.5289041,Valdemaren,2026-06-10 13:05,49,3
L77043158,SE,SE-M,,56.04577,14.54258,Valjeviken
L77043208,SE,SE-M,,56.0512517,14.5347907,Valjeviken--Edenryd hamn
L77043357,SE,SE-M,,56.0380748,14.5204467,Valjeviken--Edenryds badplats & Gruarna
L75944626,SE,SE-K,,56.0371325,14.554522,Valjeviken--Hermans Heja
L75944713,SE,SE-K,,56.0518579,14.5566551,Valjeviken--Valje naturreservat
L13720063,SE,SE-AB,,59.2947701,18.0486313,"Valla Torg, Årsta",2026-08-14 07:00,43,87
L9755926,SE,SE-D,,58.9530254,16.3880194,"Valla gårds viltvatten, Stora Malm",2022-04-15 00:00,92,22
L64293205,SE,SE-N,,57.4847692,11.9188801,Vallda Sandö NR--Kalvheden,2026-05-15 15:50,33,2
L64292903,SE,SE-N,,57.4739771,11.930526,Vallda Sandö NR--Låddholmsviken,2026-09-27 11:39,113,28
L64293627,SE,SE-N,,57.48716,11.93036,Vallda Sandö NR--Parking area,2026-06-07 00:59,41,4
L64293551,SE,SE-N,,57.4795619,11.9314739,Vallda Sandö NR--Råglyckan,2026-09-27 11:25,22,2
L64456871,SE,SE-N,,57.4807941,11.9394746,Vallda Sandö NR--Råserna,2026-09-27 11:14,16,1
L64293296,SE,SE-N,,57.4764403,11.9191884,Vallda Sandö NR--Sandöknapp
L64456649,SE,SE-N,,57.4863547,11.9425345,Vallda Sandö NR--Stallviken,2026-09-27 10:57,52,5
L64293239,SE,SE-N,,57.4885361,11.9260818,Vallda Sandö NR--Stensvik,2026-05-26 05:26,33,1
L8195853,SE,SE-N,,57.48312,11.93173,Vallda Sandö naturreservat,2026-09-27 11:39,200,212
L75862731,SE,SE-O,,58.1253295,11.3570997,Vallerö
L5406310,SE,SE-I,,57.7856881,18.9501457,Valleviken,2025-08-02 17:29,80,8
L1824337,SE,SE-Z,,63.7006445,14.1529799,Vallrun,2012-07-21 00:00,6,0
L61248402,SE,SE-X,,60.6779286,17.1114206,Valls Hage,2026-03-29 07:01,64,1
L47529557,SE,SE-X,,61.7060314,17.4752351,"Vallsjön, Hornslandet",2025-06-15 03:32,14,1
L75859213,SE,SE-O,,58.4947666,11.2927381,Valöns naturreservat,2026-09-03 12:57,12,1
L75941726,SE,SE-K,,56.1750873,15.4571462,Vambåsa hagmarkers naturreservat
L14259736,SE,SE-K,,56.18139,15.44839,Vambåsa våtmark,2020-04-30 10:00,56,1
L4578485,SE,SE-I,,56.9687568,18.2304382,Vamlingbo,2026-05-09 18:51,118,7
L26018492,SE,SE-AB,,59.3494926,18.0534983,Vanadislunden,2026-09-17 09:40,49,24
L6064984,SE,SE-M,,55.9883961,14.4153929,Vannebergaholmen,2018-10-20 10:50,40,7
L74979670,SE,SE-G,,56.979315,15.1165483,Vannsjöns fågeltorn
L40159121,SE,SE-C,,59.9877159,16.9596738,Vansjön,2008-05-31 01:10,97,9
L74241051,SE,SE-N,,56.7783056,12.9236326,Vapnö mosse naturreservat
L8195854,SE,SE-N,,56.71028,12.82069,Vapnödalen,2026-06-12 00:12,68,15
L24844940,SE,SE-N,,56.702562,12.815349,Vapnödalen--Blomstervången,2026-06-12 00:12,28,1
L46825604,SE,SE-N,,56.6956705,12.7951729,Vapnödalen--Sions håla,2026-06-11 23:58,25,2
L65029920,SE,SE-N,,56.691449,12.8337698,Vapnödalen--Vapnö Grustag
L22837924,SE,SE-N,,56.697698,12.828674,Vapnödalen--Vapnö kyrka,2024-03-25 18:09,10,4
L6927275,SE,SE-O,,58.2662667,12.9428816,Varaslättens lagerhus,2026-03-27 12:24,10,1
L10083936,SE,SE-N,,57.1067451,12.2520907,Varberg,2026-06-23 17:17,191,37
L10090472,SE,SE-N,,57.0841547,12.2547762,Varberg--Apelviken,2026-08-25 16:45,119,6
L11532912,SE,SE-N,,57.11337,12.2664,Varberg--S:t Jörgens kyrkogård,2024-03-10 13:30,16,1
L20815192,SE,SE-N,,57.1059063,12.2398853,Varbergs Fästning,2026-09-24 14:37,30,2
L7744609,SE,SE-O,,57.6207799,11.7555612,Vargö naturreservat,2026-07-04 11:30,63,10
L16918410,SE,SE-O,,58.3571699,12.3951898,Vargön,2026-03-08 11:16,50,8
L75036287,SE,SE-G,,57.0730785,15.4107203,Varsjöns obs-plattform
L74268874,SE,SE-O,,58.2058843,13.7806306,Varvsberget
L49260322,SE,SE-X,,60.6738934,17.2851644,Varvsudden,2025-07-06 14:56,13,1
L6680898,SE,SE-AB,,59.5822202,18.1163962,"Vasakullen, Lindholmen",2026-09-20 10:14,84,51
L46791924,SE,SE-M,,56.3724625,12.705489,Vasaltheden,2026-05-30 12:20,45,2
L17331805,SE,SE-U,,59.6071657,16.5472754,Vasaparken,2026-06-11 00:00,51,20
L18960036,SE,SE-AB,,59.3401384,18.0428982,Vasaparken,2026-09-24 10:10,65,52
L65026864,SE,SE-O,,57.6980335,11.9718571,Vasaparken,2026-06-05 20:03,3,0
L5410656,SE,SE-O,,58.3718377,12.3087215,Vassbotten,2026-09-22 07:30,116,117
L5405273,SE,SE-O,,58.3504965,12.3077345,Vassbottenviken--Smedjan,2026-09-22 07:30,49,13
L4482729,SE,SE-BD,,68.4397885,18.2203102,Vassijaure,2025-06-10 12:17,36,2
L30447892,SE,SE-W,,60.5335171,15.378499,"Vassjön, Borlänge",2026-04-27 12:59,45,5
L25838876,SE,SE-W,,60.4395239,15.5641239,Vasstjärn,2026-03-11 15:55,26,0
L52951527,SE,SE-N,,56.81387,12.61063,Vassvik,2026-08-22 05:40,124,18
L1597928,SE,SE-E,,57.9400191,15.1803377,Vassviksberget NR,2024-07-29 12:38,13,1
L22687790,SE,SE-AB,,59.086178,17.455678,Vattgruvsmossen NR,2026-06-09 16:26,35,1
L52157912,SE,SE-AB,,59.4051586,18.3101788,Vaxholm,2026-09-24 10:36,46,18
L18899776,SE,SE-F,,57.76941,14.38578,Veda våtmark,2022-05-07 13:20,13,0
L10101117,SE,SE-N,,57.264016,12.322179,Veddige,2026-06-26 00:00,25,2
L27823702,SE,SE-O,,58.62145,11.2680511,Veddö naturreservat,2026-07-18 13:29,29,5
L75920430,SE,SE-O,,57.3431072,12.4745681,Vedelången--Viskanäs
L75862792,SE,SE-O,,58.1121792,11.350363,Vedholmen
L65113219,SE,SE-G,,56.7045305,14.1559943,Vedåsa naturreservat
L77153738,SE,SE-M,,56.2125768,12.82493,Vegeholmsskogen
L4348546,SE,SE-M,,56.30782,12.76106,Vejby udde,2025-05-21 10:00,118,35
L15457109,SE,SE-AB,,59.3469938,18.3261297,Velamsund,2026-07-21 13:01,79,18
L12571969,SE,SE-M,,55.4611684,12.9691458,Vellinge ängar,2026-08-11 15:47,91,10
L12431205,SE,SE-M,,55.5169683,13.1046081,Vellinge--Arriesjön,2026-09-12 16:23,148,123
L35381857,SE,SE-M,,55.9118962,12.6923649,Ven,2026-08-27 16:44,69,7
L75091262,SE,SE-H,,57.5139486,16.0052484,Vena mosse
L2426972,SE,SE-C,,60.17329,17.67169,Vendelsjön,2026-09-21 14:05,206,184
L65497120,SE,SE-C,,60.1559449,17.6326704,Vendelsjön--Fågeltornet,2026-08-22 16:26,109,27
L2935413,SE,SE-C,,60.16268,17.63885,Vendelsjön--Södra delen,2026-09-21 14:05,175,106
L2935261,SE,SE-C,,60.1994124,17.709682,Vendelsjön--Örbyhus slott,2026-05-17 05:45,105,24
L77772069,SE,SE-N,,57.3012817,12.1154802,Vendelsö
L4356489,SE,SE-H,,56.2825774,16.3975024,Ventlinge badplats,2026-09-21 00:00,174,38
L9468300,SE,SE-M,,55.7181801,13.9859749,Verkasjön,2025-07-24 12:00,13,1
L5406178,SE,SE-I,,57.8981095,19.1416136,Verkegards,2026-09-16 12:30,14,1
L2359920,SE,SE-M,,55.72005,14.17351,Verkeåns dalgång,2026-06-02 09:21,81,6
L75091177,SE,SE-H,,57.4873378,16.0379534,Versjön
L75091151,SE,SE-H,,57.4928156,16.0401702,Versjön--Vers fågeltorn
L75091325,SE,SE-H,,57.4531753,16.1064365,Veråns dalgång (Östrahult)
L75944772,SE,SE-K,,56.1082104,14.6383397,Vesan,2026-09-19 10:16,19,0
L75945266,SE,SE-K,,56.0786031,14.6427921,Vesan--Dammen
L75944989,SE,SE-K,,56.0869464,14.6130365,Vesan--Jockarp
L75945020,SE,SE-K,,56.0965169,14.635393,Vesan--Lussabacksvägen,2026-09-19 10:16,19,0
L75945192,SE,SE-K,,56.1279375,14.639723,Vesan--Ryedal
L75944909,SE,SE-K,,56.1211709,14.6283328,Vesan--Skvaltan
L75945138,SE,SE-K,,56.1193293,14.6509158,Vesan--Öarna
L9161010,SE,SE-N,,57.31186,12.42466,Veselången,2026-05-23 15:55,58,8
L75920504,SE,SE-O,,57.3303767,12.4453856,Veselången--Bosgård
L75920374,SE,SE-O,,57.3143631,12.4354354,Veselången--Fågeltornet
L75920573,SE,SE-O,,57.3195349,12.4307129,Veselången--Länsgränsen
L75920847,SE,SE-N,,57.2992592,12.4067914,Veselången--Veddinge
L12493328,SE,SE-D,,59.27633,16.01599,Viboö,2025-07-10 19:42,64,9
L4309804,SE,SE-T,,59.040584,14.8641586,Vibysjön,2026-04-12 16:13,66,7
L8267952,SE,SE-H,,56.5775177,16.4631897,Vickleby,2026-07-26 12:19,74,12
L74976389,SE,SE-F,,57.8701162,14.1323783,Vidablick
L22626572,SE,SE-N,,57.2501292,12.1073727,Videbergs hamn,2022-10-23 11:30,16,3
L75088988,SE,SE-G,,56.6782297,15.2700967,Videsjön
L75089010,SE,SE-G,,56.6769554,15.289621,Videsjön--Fågeltornet
L75089065,SE,SE-G,,56.6729987,15.2518673,Videsjön--Obs-plats
L21551298,SE,SE-AB,,59.6627308,19.1817042,Vidinge,1972-06-11 00:00,46,1
L8268404,SE,SE-E,,58.373128,15.636489,Vidingsjö fritidsområde,2025-06-29 07:48,50,9
L31877945,SE,SE-AB,,59.7674826,18.6708653,Vigelsjö NR,2026-05-07 12:23,54,3
L8299992,SE,SE-AB,,59.4361226,18.1123674,Viggbyholm--Båthamnen,2026-04-08 11:53,54,10
L7383586,SE,SE-E,,58.1990279,15.6493378,Viggeby NR,2026-07-09 19:33,74,14
L6773338,SE,SE-N,,57.3867443,11.9640711,"Viken, Onsala",2026-08-31 10:10,72,10
L6767093,SE,SE-M,,55.7283595,12.9558077,Vikhög,2026-08-21 17:00,95,12
L4289152,SE,SE-M,,55.7264334,12.9703367,Vikhögs ängar,2026-02-12 08:33,99,8
L4853626,SE,SE-AB,,59.4021819,17.8207684,Viksjö golfbana,2026-03-15 13:39,68,19
L11255760,SE,SE-AC,,64.6470625,16.5962423,Vilhelmina--Volgsjön,2026-08-13 17:33,41,9
L16347776,SE,SE-AB,,59.3291111,18.100081,Villa Godthem,2026-09-07 15:59,77,121
L24241534,SE,SE-AC,,63.73382,20.352143,Villanäsbankarna,2025-05-05 07:28,60,3
L71038512,SE,SE-N,,56.6945592,12.67984,Vilshärad NR,2026-06-23 06:13,24,2
L6340125,SE,SE-D,,59.3461451,16.5081596,Vilsta NR,2026-06-16 19:41,61,22
L5565797,SE,SE-D,,59.34061,16.510119,Vilsta naturreservat,2026-08-10 14:12,94,58
L15725113,SE,SE-AC,,66.0024282,15.5541301,Vindelfjällens NR,2021-07-03 00:00,32,1
L3108556,SE,SE-O,,57.6323534,11.6029358,Vinga,2026-07-12 11:01,100,7
L12929133,SE,SE-D,,59.0537206,15.9065928,Vingåker fågeltorn,2025-08-24 12:44,76,7
L4720821,SE,SE-AB,,59.3110636,17.9981804,Vinterviksparken,2026-05-22 18:01,49,18
L13938036,SE,SE-T,,59.2045382,15.7082228,Vinön,2023-08-06 13:39,44,2
L10906154,SE,SE-G,,56.6254408,14.3140144,Virestadsjön Nord - Horssjön,1990-04-25 20:00,55,3
L4434181,SE,SE-I,,57.2451273,18.7111759,Virudden,2022-09-25 15:00,33,1
L54120405,SE,SE-I,,57.643793,18.29391,Visby -- Botaniska trädgården,2026-09-22 18:05,62,19
L21967890,SE,SE-I,,57.628858,18.2952139,Visby -- Länna,2023-04-16 14:50,28,5
L19252295,SE,SE-I,,57.6207771,18.2707183,Visby -- Södra Hällarna NR,2026-07-21 08:39,89,18
L18485540,SE,SE-I,,57.6174467,18.2802561,Visby -- Visborg,2026-07-17 14:10,40,4
L4578330,SE,SE-I,,57.6338083,18.2926655,Visby -- general area,2026-09-22 08:44,134,77
L19905446,SE,SE-I,,57.6358914,18.2753697,Visby hamn (harbour),2026-07-17 18:00,48,20
L18511002,SE,SE-AB,,59.4690592,18.0538966,Visingedammarna,2025-09-06 11:40,20,4
L66055049,SE,SE-F,,58.0412934,14.3343033,Visingsö,2026-07-11 15:16,123,23
L26951859,SE,SE-F,,58.08853,14.38063,Visingsö--Erstad kärr,2025-07-17 06:10,74,14
L2125449,SE,SE-F,,58.0321506,14.3516046,Visingsö--Färjeläger,2026-06-10 09:14,100,6
L24097280,SE,SE-F,,58.1075514,14.398009,Visingsö--Norra udde,2025-07-03 09:00,25,2
L74976167,SE,SE-F,,58.0912498,14.4125624,Visingsö--Sandudden
L70839331,SE,SE-G,,56.783954,14.4920233,Vislanda--Kojtasjön,2026-06-20 19:30,23,1
L70839517,SE,SE-G,,56.8005556,14.4995933,Vislanda--Mellansjön,2026-07-05 12:34,6,1
L18493289,SE,SE-C,,60.0931991,17.5298883,Vissjön,2022-05-18 09:00,75,8
L5208402,SE,SE-AB,,59.185617,18.3791828,Vissvass,2026-04-07 12:28,68,12
L74976673,SE,SE-F,,57.8554732,14.2721227,Vista Kulle naturreservat
L21885626,SE,SE-E,,58.3233825,15.7224344,Vistkärret,2026-08-05 20:48,52,10
L27730344,SE,SE-AB,,59.31147,18.0901283,Vitabergsparken,2026-08-17 12:01,62,259
L4566646,SE,SE-M,,55.7009041,14.2047,Vitemölla,2026-08-18 14:00,154,48
L75036387,SE,SE-G,,57.0666591,15.2603095,Vithults NR--Obs-plattform
L75036357,SE,SE-G,,57.0712795,15.26141,Vithults naturreservat
L50680684,SE,SE-I,,57.3965664,18.1740953,Vivesholm,2026-08-24 16:55,56,4
L5251647,SE,SE-M,,55.65982,13.575221,Vombs Fure,2026-09-21 09:47,166,256
L4238025,SE,SE-M,,55.6586087,13.541379,Vombs vattenverksdammar,2026-08-21 11:25,137,64
L1367010,SE,SE-M,,55.674,13.5224,Vombs ängar,2026-08-29 17:18,178,564
L1367011,SE,SE-M,,55.6784,13.5967,Vombsjön,2026-09-21 12:51,226,712
L6251554,SE,SE-M,,55.669752,13.617245,Vombsjön--Björkaåns utlopp,2025-10-17 17:07,100,14
L3895527,SE,SE-M,,55.69843,13.55428,Vombsjön--Klingavälsåns utlopp,2026-08-09 11:37,204,512
L5667157,SE,SE-M,,55.6974316,13.5805392,Vombsjön--Täpperöd,2024-10-26 13:01,19,4
L5372366,SE,SE-M,,55.6937903,13.54743,Vombsjön--Västra ängarna,2026-05-20 16:41,140,67
L4485247,SE,SE-M,,55.6640797,13.5917616,Vombsjön--Äskebäskan,2026-09-21 12:51,136,56
L77136393,SE,SE-U,,59.8384277,16.3537552,Vrenninge
L77136233,SE,SE-U,,59.8406757,16.3621717,Vrenninge--Norra Vrenninge
L77136279,SE,SE-U,,59.8358222,16.3602973,Vrenninge--Södra Vrenninge
L11329750,SE,SE-C,,59.7588051,17.593081,Vreta udd,2026-05-11 10:17,111,32
L1009602,SE,SE-E,,58.5667305,16.1953926,Vrinneviskogen,2025-05-15 21:21,72,39
L61165355,SE,SE-O,,58.565598,13.7494137,Vristulvens badplats,2026-06-27 14:25,27,3
L61162016,SE,SE-O,,58.574162,13.7149263,Vristulvens naturreservat,2026-04-23 08:28,38,6
L6073580,SE,SE-O,,57.57314,11.78377,Vrångö,2026-09-26 16:35,111,57
L64291120,SE,SE-O,,57.5817449,11.7856919,Vrångö NR--Northern trail,2026-06-05 12:28,56,3
L64291290,SE,SE-O,,57.5667591,11.7845428,Vrångö NR--Southern trail,2026-09-26 16:35,36,9
L41877843,SE,SE-M,,56.4492343,14.1733074,Vyssle myr,2025-03-29 08:10,18,1
L12159310,SE,SE-D,,58.7585607,16.9156142,Väderbrunn,2026-07-31 08:30,43,5
L2500348,SE,SE-O,,58.57561,11.0677093,Väderöarna,2026-07-15 11:00,48,10
L44899776,SE,SE-W,,60.6804085,14.8904228,Vägskälet naturreservat,2026-06-16 06:15,32,1
L4446386,SE,SE-O,,57.63729,11.91306,Välen,2026-09-27 13:58,169,244
L66824601,SE,SE-O,,57.6252946,11.9095838,Välen--Bjöla småbåtshamn,2026-06-08 13:36,5,1
L66824674,SE,SE-O,,57.627605,11.915,Välen--Hultåsen
L66823276,SE,SE-O,,57.6425144,11.9302082,Välen--Krokegårdsängen,2026-07-20 20:02,4,1
L66824976,SE,SE-O,,57.6321224,11.9120805,Välen--Stallberget
L66823450,SE,SE-O,,57.64086,11.92647,Välen--Stora ån (upstream)
L66827453,SE,SE-O,,57.6361487,11.908793,Välens NR--Fågeltornet,2026-07-20 19:09,36,2
L66822109,SE,SE-O,,57.6260069,11.9073953,Välens NR--Kviberget
L66822198,SE,SE-O,,57.6299366,11.9055635,Välens NR--Mudderfältet
L66823651,SE,SE-O,,57.6385911,11.9173078,Välens NR--Stora ån (downstream)
L66822660,SE,SE-O,,57.6427027,11.9229427,Välens NR--Store lund
L30727050,SE,SE-O,,57.6332541,11.9048929,Välens NR--Torstens ås,2007-03-02 10:30,8,2
L11942066,SE,SE-S,,59.3780065,13.7929301,Välingsön-invallningen,2026-04-27 19:20,22,1
L10452292,SE,SE-M,,56.0222433,12.8050373,Välluvs våtmark,2026-05-10 14:28,59,25
L53863652,SE,SE-AB,,59.106859,18.071538,Välstafälten,2026-09-27 15:34,37,4
L5401267,SE,SE-O,,58.3756633,12.3570013,Vänerborgsviken--Göta älvsuget,2026-04-26 08:10,62,17
L74360249,SE,SE-O,,58.3855578,12.3283107,Vänerborgsviken--Skräckleparken,2026-09-21 17:49,43,6
L66052632,SE,SE-O,,58.3943678,12.3401343,Vänersborgsviken,2026-09-22 15:34,189,153
L9899989,SE,SE-O,,58.3983906,12.3160273,Vänersborgsviken--Bastungen,2021-11-10 13:00,71,5
L10071463,SE,SE-O,,58.3839356,12.3090402,Vänersborgsviken--Dalbotornet,2024-10-26 07:50,53,4
L7413625,SE,SE-O,,58.3920414,12.3557138,Vänersborgsviken--Flatskären,2026-09-21 14:00,49,10
L4920173,SE,SE-O,,58.3838421,12.3413694,Vänersborgsviken--Holmängetornet,2026-09-22 15:34,170,111
L8978017,SE,SE-O,,58.4629898,12.6305984,Vänersnäs gård östra,2020-06-15 12:00,49,2
L52604042,SE,SE-O,,58.48232,12.64818,Vänersnäs skärgårds NR,2025-09-08 11:20,9,1
L61132768,SE,SE-O,,57.84781,12.93448,Vänga mosse,2026-05-03 08:50,64,4
L75917315,SE,SE-O,,57.8521599,12.9319921,Vänga mosse--Västra fågeltornet
L75917344,SE,SE-O,,57.8543529,12.9432881,Vänga mosse--Östra fågeltornet
L2935273,SE,SE-C,,59.9251028,17.3359108,Vänge-Östfora--Börje sjö,2026-03-29 07:02,81,35
L10073437,SE,SE-D,,59.3134128,15.9743454,Värhulta,2021-03-12 15:43,3,0
L6923750,SE,SE-M,,55.4197954,13.8400376,Världens ände,2026-07-19 08:48,143,140
L77147173,SE,SE-S,,58.9060874,13.2302366,Värmlandsnäs Sydspets
L77147294,SE,SE-S,,58.8966646,13.2341376,Värmlandsnäs Sydspets--Ekenäs
L77146471,SE,SE-S,,58.8857888,13.2350983,Värmlandsnäs Sydspets--Ladholmen
L77147239,SE,SE-S,,58.8972822,13.2495969,Värmlandsnäs Sydspets--Åkershus
L75091498,SE,SE-H,,56.4990386,16.1512124,Värnanäs
L77153093,SE,SE-M,,56.3121315,13.4704983,Värsjön
L2563843,SE,SE-W,,60.19069,15.06843,Väsman,2017-05-21 10:00,11,2
L77772166,SE,SE-N,,57.3661987,11.9979962,Vässingsö,2026-09-27 15:21,36,3
L38866246,SE,SE-N,,57.35907,11.986426,Vässingsö--Skallanäs,2025-10-16 11:37,31,2
L74979379,SE,SE-F,,57.7367826,14.7947015,Vässledasjön,2026-09-26 12:20,14,1
L6002720,SE,SE-D,,59.2643015,16.6557884,"Väst Norrsjön, Ärla",2017-06-21 23:22,3,2
L74976255,SE,SE-F,,57.9954419,14.4280382,Västanå naturreservat & Röttle,2026-08-19 08:31,5,1
L68674085,SE,SE-AB,,59.2960057,18.0003821,Västberga,2026-08-12 15:49,20,4
L43250852,SE,SE-Z,,63.2018842,14.4676124,"Västbyn, Frösön",2026-06-14 04:45,40,5
L7831430,SE,SE-AC,,63.8298195,20.2906723,"Västerbottens museum, Umeå",2026-09-14 15:59,69,17
L4212657,SE,SE-U,,59.9485778,16.243372,Västerby,2025-07-29 15:08,33,3
L5571697,SE,SE-C,,60.3681719,18.767256,Västerbådan Gräsö skärgård,2016-10-02 11:00,103,12
L12053624,SE,SE-I,,57.43917,18.13885,Västergarnsviken,2026-02-07 08:12,85,4
L21996403,SE,SE-AC,,64.2692059,20.1870768,Västermark--raststugan,2026-09-09 10:24,60,19
L75918166,SE,SE-O,,58.5592846,13.3231694,Västerplana storängs naturreservat
L77153809,SE,SE-M,,56.3228527,13.0314477,Västersjön
L77153957,SE,SE-M,,56.3298626,12.9994545,Västersjön--Västersjöns badplats
L19517276,SE,SE-H,,56.4272174,16.4227581,Västerstads almlund,2022-06-04 10:15,4,1
L4285366,SE,SE-H,,56.4191792,16.3998842,Västerstadsviken,2026-08-22 00:00,195,234
L8205924,SE,SE-H,,57.7595026,16.6385726,Västervik,2026-08-23 14:00,70,25
L4592037,SE,SE-M,,55.7398562,13.003639,Västeråker,2025-02-24 08:16,50,6
L8205958,SE,SE-U,,59.6017001,16.6284548,Västerås flygplats,2024-08-26 07:30,26,2
L74258784,SE,SE-T,,59.1042758,14.7513108,Västkärr
L77074467,SE,SE-T,,59.1098975,14.755721,Västkärr--Fågeltornet
L18227116,SE,SE-C,,60.441317,17.6092156,Västland,2014-07-14 10:30,58,4
L74778973,SE,SE-G,,56.8475158,13.9237048,"Västra Industriområdena, Ljungby",2026-08-02 12:38,8,1
L4335172,SE,SE-AB,,59.3373187,18.0020428,Västra Kungsholmen,2023-10-29 12:54,46,6
L65030064,SE,SE-N,,56.6746318,12.8336301,"Västra Kyrkogården, Halmstad",2024-10-29 10:43,31,4
L75917428,SE,SE-O,,57.8170645,13.1134492,Västra Marsjöns fågeltorn
L77043985,SE,SE-M,,55.8905242,13.4701736,Västra Ringsjön,2026-09-21 14:24,139,28
L5736192,SE,SE-M,,55.9090517,13.4374571,Västra Ringsjön--Sjöholmen,2026-04-23 09:00,113,9
L52722808,SE,SE-M,,55.9124037,13.4487127,Västra Ringsjön--Sjöholmens fågeltorn,2026-09-21 14:24,113,19
L36113164,SE,SE-K,,56.1150675,15.730712,Västra Skällön NR,2026-06-19 09:00,67,7
L77320852,SE,SE-K,,56.0083571,14.6422304,Västra Torsö naturreservat
L75919213,SE,SE-O,,58.2054884,14.2398867,Västra Vättern
L75918622,SE,SE-O,,58.2136395,14.2403831,Västra Vättern--Boda
L75919086,SE,SE-O,,58.1828473,14.2337342,Västra Vättern--Hjällö
L75918763,SE,SE-O,,58.1936713,14.2253704,Västra Vättern--Moanäs
L75918388,SE,SE-O,,58.231927,14.2602861,Västra Vättern--Storebro
L75918437,SE,SE-O,,58.2204779,14.2586038,Västra Vättern--Vrångebäck
L25592036,SE,SE-M,,55.9568916,14.3649547,Västra hammaren,2014-12-27 08:30,1,0
L56473290,SE,SE-O,,57.68136,11.91701,Västra kyrkogården,2026-06-15 19:36,7,1
L10916447,SE,SE-M,,55.3733087,13.1298838,"Västra stranden, Trelleborg",2026-09-20 13:43,84,37
L23771877,SE,SE-AB,,59.8788805,18.8565591,Västtorps viltvatten,2026-06-19 23:53,34,2
L23525987,SE,SE-I,,57.4494157,18.3624743,Väte,2025-05-20 12:58,18,1
L17995818,SE,SE-O,,57.8286349,12.101243,Vättlefjäll Naturreservat,2026-08-15 13:00,55,6
L14526639,SE,SE-G,,56.8654378,14.8036274,Växjösjön,2026-09-14 13:00,71,17
L6540901,SE,SE-Z,,63.1480627,12.9635131,Vålådalen,2026-09-12 10:12,91,17
L6877174,SE,SE-O,,58.381311,13.8059735,Våmbs ängar,2020-07-12 12:39,2,0
L38508241,SE,SE-C,,59.7412492,17.0922408,Vånsjöåsens naturreservat,2024-12-08 11:10,20,2
L8213555,SE,SE-AB,,59.2702193,17.8781928,Vårbergstoppen,2026-09-11 06:45,138,156
L11533950,SE,SE-M,,55.5777139,14.336772,Vårhallarna,2026-05-14 15:11,47,4
L5618382,SE,SE-X,,60.6672926,17.3028874,Vårvik,2026-01-09 11:40,135,25
L4659827,SE,SE-D,,59.310334,16.459472,Våtmark SO Husby-Rekarne kyrka,2025-05-30 05:55,23,12
L23463020,SE,SE-Y,,62.4927348,17.3556882,Wifstavarv,2026-08-19 08:56,13,0
L11942084,SE,SE-H,,57.0815542,16.9731067,Wikegårds våtmark,2024-08-24 18:05,36,1
L7474842,SE,SE-C,,59.7370911,17.4611439,"Wiks slott, Balingsta",2025-09-15 17:38,94,17
L10199920,SE,SE-M,,55.5460636,13.2547963,Yddingesjön,2025-10-15 13:00,97,7
L68362791,SE,SE-O,,58.6935075,13.9771478,Ymseborg,2026-07-11 13:45,16,2
L62110703,SE,SE-O,,58.7072533,14.0033657,Ymsen--Badplats,2026-08-17 09:04,45,5
L4652004,SE,SE-M,,55.42438,13.82427,Ystads hamn,2026-08-26 11:48,86,38
L9319596,SE,SE-D,,58.6418248,16.9376684,Ytterbo våtmark,2026-03-15 15:48,89,26
L37538236,SE,SE-AC,,63.774545,20.3987296,Yttertavle,2016-06-12 20:30,1,0
L3264695,SE,SE-M,,56.4691761,12.7370596,Yttre Kattvik,2026-09-21 07:00,148,89
L74852391,SE,SE-I,,56.9918626,18.3587008,Yttre Stockviken,2026-08-02 07:38,18,1
L11716567,SE,SE-O,,57.6779412,13.3091608,Yttre Åsunden--Långegrund,2026-09-07 09:00,147,87
L75036440,SE,SE-G,,57.1787043,15.1380671,Zipelinetornet,2026-09-12 16:49,24,3
L18168973,SE,SE-O,,57.6881811,11.9587563,Zoologen GU,2026-06-26 07:48,81,38
L4954085,SE,SE-AB,,59.1368334,17.7812648,"f.d Kyrksjön, Grödinge",2026-06-01 23:04,100,34
L1585191,SE,SE-D,,58.9814576,16.222004,katrineholm,2025-04-12 08:09,114,222
L14468822,SE,SE-H,,56.9698999,16.769679,Äleklinta,2026-08-26 12:28,70,6
L76809174,SE,SE-M,,56.3917695,12.8986266,Älemossen
L75856998,SE,SE-O,,57.923293,11.696254,Älgöns naturreservat
L75861045,SE,SE-O,,58.3528216,12.0304087,Älje-Porsen
L75861073,SE,SE-O,,58.3572251,12.0290757,Älje-Porsen--Fågeltornet
L20578212,SE,SE-AB,,59.972,18.812,Älmsta,2026-04-05 12:15,92,10
L13493154,SE,SE-W,,61.2272058,14.0414083,Älvdalen,2026-07-16 14:42,34,7
L10110249,SE,SE-C,,59.9155206,17.9225739,Älvgärde,2026-04-05 06:35,104,32
L6499412,SE,SE-AB,,58.9447839,17.9185295,Älviken,2026-07-18 11:40,23,4
L5775101,SE,SE-AB,,59.2640821,17.9934168,Älvsjöskogen NR,2026-09-07 09:36,67,80
L5584940,SE,SE-D,,58.8558403,16.1947489,Ändebol,2026-08-22 17:17,78,26
L9405533,SE,SE-Z,,63.17543,14.5731,Ändsjön,2026-09-08 18:41,100,94
L64227266,SE,SE-Z,,63.1793982,14.5720729,Ändsjön--Norra tornet,2024-06-06 09:54,8,1
L64232339,SE,SE-Z,,63.1762501,14.5663762,Ändsjön--Strandängen,2015-07-20 15:20,7,1
L64227052,SE,SE-Z,,63.1728588,14.5724614,Ändsjön--Södra tornet,2026-09-08 18:41,83,25
L74978933,SE,SE-G,,56.49362,13.4989,Ängabäck
L74978987,SE,SE-G,,56.49484,13.50644,Ängabäck--Skogön–Ängabäcks kraftverk
L74979066,SE,SE-G,,56.4900454,13.4955128,Ängabäck--Ängarna
L32786918,SE,SE-AC,,63.7178482,20.8914464,Ängesön (General area),2026-05-24 14:10,67,5
L64672028,SE,SE-O,,57.6691235,11.9500159,Änggårdsbergens NR--Axelmossen,2026-09-26 13:03,15,1
L20915632,SE,SE-O,,57.6744415,11.9529724,Änggårdsbergens NR--Finnsmossen,2026-09-26 12:30,66,34
L64672660,SE,SE-O,,57.6718393,11.9585129,Änggårdsbergens NR--Ljungheden,2026-08-12 19:55,37,4
L73676472,SE,SE-O,,57.6810359,11.9574586,Änggårdsbergens NR--Vitsippsdalen,2026-09-26 13:50,17,5
L28547624,SE,SE-AC,,63.7796949,20.2941052,Ängsbacka,2026-06-11 07:28,57,14
L4295726,SE,SE-M,,55.7039511,13.5261011,Ängstorpsdammen,2026-05-17 12:47,168,181
L24994730,SE,SE-AB,,59.621833,18.7621547,Ängsö NP,2024-07-16 13:49,58,8
L8554460,SE,SE-D,,58.6382254,17.0377351,Ängudden,2026-05-09 07:44,97,31
L8105566,SE,SE-O,,57.6655715,11.964306,Ängårdsbergens naturreservat,2026-09-26 13:50,107,176
L5662738,SE,SE-D,,59.27996,16.680296,Ärla,2026-08-22 00:00,40,2
L6084938,SE,SE-N,,57.4330314,12.1108389,Äskatorp,2026-04-26 07:45,82,5
L65469618,SE,SE-N,,57.42708,12.2831,Äskhults by (kulturreservat),2026-07-10 15:12,36,5
L2131885,SE,SE-M,,55.923095,14.3264294,Äspets naturreservat,2026-09-20 14:23,207,202
L10166654,SE,SE-M,,55.3512055,13.3871282,Äspöåns våtmark,2026-08-06 10:44,79,17
L11937659,SE,SE-T,,59.26969,15.41018,Äsön,2026-09-11 07:00,150,65
L77076726,SE,SE-T,,59.2764617,15.4096316,Äsön--Grustaget
L77076660,SE,SE-T,,59.2533028,15.4162748,Äsön--Äsöbron
L4669642,SE,SE-N,,56.901203,12.5237703,"Ätran, Falkenberg",2026-07-04 10:00,108,18
L71319378,SE,SE-U,,59.3916618,15.8294662,Åbrinken
L75945428,SE,SE-K,,56.0299276,14.6600412,Ådala
L4465303,SE,SE-AB,,59.4640429,17.5820947,"Ådö slott, Lagnö",2023-07-17 14:40,32,2
L76600078,SE,SE-AB,,59.21616,18.07246,Ågesta -- Pumphusängen,2026-09-17 18:14,27,2
L4607600,SE,SE-M,,55.9278877,14.3167305,Åhus hamn,2026-07-16 08:36,58,10
L76863968,SE,SE-M,,55.654563,13.1047882,Åkarpsdammen,2026-04-11 13:48,2,0
L15956818,SE,SE-AB,,59.4834871,18.2898579,"Åkers kanal, Åkersberga",2026-04-08 19:32,36,6
L6428241,SE,SE-D,,58.8990599,16.4644718,"Åkforsån, Broby",2004-01-16 00:00,74,7
L74304632,SE,SE-N,,57.08518,12.55067,Åkulla bokskogar,2026-08-08 12:35,12,2
L74305042,SE,SE-N,,57.0897232,12.5260621,Åkulla bokskogar--Bexellstigen & Lillsjöstigen
L74305278,SE,SE-N,,57.0948788,12.6014844,Åkulla bokskogar--Björkasjön,2026-08-08 10:45,7,2
L74305230,SE,SE-N,,57.1156219,12.5665889,Åkulla bokskogar--Bockstensstigen
L74305614,SE,SE-N,,57.12524,12.57972,Åkulla bokskogar--Kulturstigen & Stora Asjöstigen
L74305749,SE,SE-N,,57.0902611,12.4851943,Åkulla bokskogar--Näsetstigen
L74305520,SE,SE-N,,57.0778051,12.5596085,Åkulla bokskogar--Skogsbostigen
L74304548,SE,SE-N,,57.0750874,12.5060672,Åkulla bokskogar--Slottstigen & Bergastigen
L63512428,SE,SE-N,,57.1090364,12.5448784,Åkulla bokskogar--Valasjön,2026-04-18 00:00,3,0
L74305384,SE,SE-N,,57.0697445,12.5758527,Åkulla bokskogar--Älvasjön,2026-08-08 12:35,3,0
L4513077,SE,SE-I,,57.1656787,18.4812355,Ålarve NR,2025-05-03 19:08,85,10
L74270406,SE,SE-O,,58.1371675,13.6007506,Ålleberg
L4353777,SE,SE-X,,61.2751144,17.0446014,Ålsjön,2026-09-06 19:56,138,55
L1022161,SE,SE-D,,59.0151125,16.1053562,Ålsätters viltvatten,2026-06-28 19:06,103,16
L32999557,SE,SE-AB,,58.919989,18.191944,Ålö brygga,2026-07-27 19:23,42,10
L32999334,SE,SE-AB,,58.909385,18.219783,Ålö storsand,2026-06-23 06:15,60,23
L32999611,SE,SE-AB,,58.923521,18.214065,Ålö våtmark,2026-07-30 13:19,64,12
L77320896,SE,SE-K,,56.3966759,14.65905,Åmma naturreservat
L8267786,SE,SE-U,,59.9303805,15.9722065,Åmänningen,2025-07-26 08:30,38,1
L11246944,SE,SE-C,,59.9880014,17.7194865,Ånge fågelsjö,2026-09-18 07:30,112,62
L8130759,SE,SE-U,,59.60595,16.5657,Ångkraftverket,2026-09-08 13:07,81,37
L26293832,SE,SE-U,,59.5653101,16.7346301,Ångsjön,2026-06-30 16:55,13,0
L64247960,SE,SE-Z,,63.311343,12.5267149,Ånnsjön--Dolparna,2026-07-09 19:33,40,4
L64248186,SE,SE-Z,,63.3034827,12.5428193,Ånnsjön--Halsenmossen,2026-06-06 07:46,19,2
L64247596,SE,SE-Z,,63.3186448,12.5355946,Ånnsjön--Lagunen,2026-08-19 10:39,38,5
L64247779,SE,SE-Z,,63.317812,12.5381442,Ånnsjön--Lagunentornet,2026-06-26 02:30,34,3
L69127981,SE,SE-Z,,63.31555,12.52794,Ånnsjön--Nätaflon,2026-06-06 06:33,5,1
L64248417,SE,SE-Z,,63.3149918,12.5376141,Ånnsjön--Nätaholmen,2026-06-26 15:41,53,5
L1824212,SE,SE-Z,,63.28799,12.5437,Ånnsjöns fågelskyddsområde,2026-08-19 10:39,132,74
L11674896,SE,SE-Z,,63.2587403,12.4477143,Ånnsjöns fågelstation,2026-08-19 12:29,97,38
L9333097,SE,SE-D,,59.385905,16.519667,Årby IP,2025-01-07 14:17,19,1
L8884602,SE,SE-D,,59.39232,16.525329,Årby NR,2026-04-02 10:05,42,23
L62175443,SE,SE-Z,,63.1977221,14.4994526,Åre Östersund Airport,2026-04-08 04:58,2,0
L9806572,SE,SE-Z,,63.427896,13.0802696,Åreskutan,2026-08-21 10:35,38,9
L2088134,SE,SE-C,,59.8321793,17.6689339,Årike Fyris,2026-09-20 10:57,230,1878
L2935403,SE,SE-C,,59.8162048,17.6747704,Årike Fyris--Nåntuna ängar,2026-09-19 15:42,124,37
L2508371,SE,SE-C,,59.8269167,17.6674747,Årike Fyris--Övre Föret,2026-09-20 10:57,207,1139
L4462928,SE,SE-N,,57.1904288,12.1621227,Årnäsuddens naturreservat,2026-01-17 10:00,96,16
L74241424,SE,SE-G,,56.7637017,13.4077208,Årshultsmyrens naturreservat
L8206765,SE,SE-AB,,59.1055854,18.1904003,Årsta slott och Årsta säteri,2026-08-14 14:11,34,6
L4595723,SE,SE-AB,,59.2911881,18.0447435,Årstafältet,2026-09-18 17:59,107,81
L27248943,SE,SE-AB,,59.3074981,18.0567843,Årstalunden,2026-09-21 08:16,67,118
L4662474,SE,SE-AB,,59.3015818,18.0587769,Årstaskogen,2026-07-11 18:53,77,122
L23704911,SE,SE-Y,,62.449841,17.4686778,"Ås ängar, Stolpås",2024-04-11 13:30,23,0
L77710405,SE,SE-N,,57.3497249,12.1234093,Åsa
L41567336,SE,SE-N,,57.3458468,12.1214336,Åsa strand
L19915851,SE,SE-W,,61.289027,13.7562722,Åsdammen,2026-07-15 19:29,32,9
L39944912,SE,SE-O,,58.18044,13.66257,Åsle mosse,2018-05-31 00:00,1,0
L1562637,SE,SE-G,,56.62003,14.69289,Åsnen,2026-09-07 11:58,111,25
L75089881,SE,SE-G,,56.5427136,14.7572185,Åsnen--Hackekvarn
L75089818,SE,SE-G,,56.639999,14.6921822,Åsnen--Hunshult naturreservat
L75089726,SE,SE-G,,56.5989469,14.8555861,Åsnen--Hökaudden
L75089631,SE,SE-G,,56.6328055,14.7120924,Åsnen--Ingelsund
L75089960,SE,SE-G,,56.6475093,14.8387237,Åsnen--Jäts badplats
L75089987,SE,SE-G,,56.652106,14.8223097,Åsnen--Jäts utsiktstorn,2026-08-17 14:00,13,0
L75089195,SE,SE-G,,56.6006059,14.7533605,Åsnen--Sirköbron
L75088942,SE,SE-G,,56.6034481,14.8174892,Åsnen--Ällenäs udde & Lunnabacken
L74270487,SE,SE-G,,56.6128793,14.6562579,Åsnens NP--Bergön
L74270912,SE,SE-G,,56.6367551,14.6674787,Åsnens NP--Bjurkärr,2026-08-21 10:51,23,1
L74271135,SE,SE-G,,56.6427724,14.6790456,Åsnens NP--Sunnabron
L51365813,SE,SE-G,,56.5760731,14.674739,Åsnens NP--Toftåsa myr,2026-09-07 11:58,40,3
L74270206,SE,SE-G,,56.61361,14.6185,Åsnens NP--Trollberget,2026-08-18 13:51,24,3
L74270374,SE,SE-G,,56.5874457,14.6644833,Åsnens NP--Utsiktsplattform Toftåsa myr,2026-08-19 09:30,38,1
L9738341,SE,SE-N,,56.3761008,13.0602256,Åstarpe Mosse Naturreservat,2025-08-28 06:41,57,9
L21949247,SE,SE-Y,,62.39347,17.73246,Åstholmen,2026-07-01 10:00,73,6
L9670151,SE,SE-M,,56.1347332,12.9463115,Åstorp,2026-04-10 17:42,38,3
L66745373,SE,SE-Y,,62.4086497,17.7207984,Åstöns NR
L22185304,SE,SE-Y,,62.4173311,17.7304728,Åstöns NR--Linberget,2025-01-18 10:00,13,1
L22376407,SE,SE-Y,,62.4051939,17.7276154,Åstöns NR--Skeppshamn,2026-06-20 13:26,10,2
L75921315,SE,SE-O,,57.748205,13.3829131,Åsunden,2026-09-09 08:43,144,191
L75921279,SE,SE-O,,57.7968229,13.4026617,Åsunden--Norra Åsunden
L11741744,SE,SE-O,,57.689794,13.3282647,Åsunden--Ruggeboviken,2026-09-09 08:43,144,191
L76526379,SE,SE-AB,,59.16343,18.34413,Åvaträsk,2026-09-21 17:35,26,2
L3753181,SE,SE-AB,,59.1666642,18.3603215,Åvaviken,2026-06-21 12:33,69,10
L64289660,SE,SE-O,,57.7135807,11.6450238,Öckerö,2026-08-17 13:24,42,5
L4349335,SE,SE-O,,57.7086563,11.665442,Öckerö--Björnhuvudet,2022-05-26 17:25,36,4
L45968617,SE,SE-O,,57.7166281,11.6334037,Öckerö--Rördammen,2023-04-23 12:00,2,0
L46931711,SE,SE-O,,57.7068853,11.6574972,Öckerö--Öckerö fiskehamn,2026-08-17 13:24,5,0
L12591446,SE,SE-E,,58.22658,14.66635,Ödeshög,2026-07-30 10:47,37,4
L64842723,SE,SE-O,,57.9198795,11.781111,Ödsmåls kiles NR,2025-01-23 12:26,36,3
L40571911,SE,SE-M,,56.1003195,12.7297387,Ödåkra sjö,2026-09-19 14:03,37,3
L11222719,SE,SE-Y,,63.3029281,18.8078671,Öfjärden,2022-07-02 10:40,73,4
L7569615,SE,SE-M,,55.5754224,13.0551218,Ögårdsparken,2026-07-06 07:39,70,9
L18492728,SE,SE-D,,59.286419,16.1597326,Öja kyrka,2026-02-01 00:00,6,0
L77154508,SE,SE-M,,55.4433696,13.8593653,Öja mosse
L4578409,SE,SE-I,,57.0333666,18.2958412,Öja prästänge,2025-05-30 13:35,73,3
L20958384,SE,SE-AB,,59.6359409,19.0220128,Öjan,2025-11-01 13:44,94,65
L71321335,SE,SE-U,,59.8502492,16.2534397,Öjesjöbrännan ekopark
L14411021,SE,SE-U,,59.8451488,16.2293998,Öjesjöbrännan--Skennaren,2026-05-30 05:08,65,17
L14394979,SE,SE-U,,59.85866,16.23799,Öjesjöbrännan--Öjesjön,2026-05-10 07:06,42,8
L46638517,SE,SE-Z,,63.43679,15.09411,Öjsjömyrarnas NR,2026-05-11 13:21,21,4
L65847914,SE,SE-Z,,63.4307031,15.0992986,Öjsjömyrarnas NR--Fågeltornet,2026-05-11 13:06,6,1
L65847344,SE,SE-Z,,63.4249396,15.1003677,Öjsjömyrarnas NR--Spången,2026-05-11 13:21,12,2
L6426389,SE,SE-D,,59.0841952,16.3167572,Ökna säteri,2023-04-08 00:00,90,11
L1042866,SE,SE-H,,56.4241558,16.3785553,Öland--Eckelsudde,2026-05-16 16:36,137,46
L3579134,SE,SE-H,,57.3667418,17.0947051,Ölands Norra Udde,2026-09-05 11:54,237,160
L75928132,SE,SE-H,,57.3611822,17.1173967,Ölands nordöstra udde
L66367918,SE,SE-H,,57.3665064,17.0909866,Ölands norra udde--Parkeringen,2026-09-05 11:54,114,8
L66369024,SE,SE-H,,57.3655046,17.1016859,Ölands norra udde--Stora Grundet,2026-08-09 16:00,40,1
L76005181,SE,SE-K,,56.1886966,15.7018828,Öljersjö våtmark
L75938991,SE,SE-K,,56.1837712,15.7003136,Öljersjöviken
L77145076,SE,SE-S,,59.3367537,13.9910696,Ölmeviksområdet,2026-07-23 12:50,110,7
L77144769,SE,SE-S,,59.36278,13.99841,Ölmeviksområdet--Järnvägsbron
L8268497,SE,SE-S,,59.32194,13.97456,Ölmeviksområdet--Kummelöns naturreservat,2026-07-23 12:50,35,2
L8076400,SE,SE-S,,59.340872,13.9692074,Ölmeviksområdet--Tofta,2026-05-14 13:24,108,5
L7388968,SE,SE-AB,,59.4026435,17.6672585,Ölsta--Ölsta tegelbruksdamm,2025-05-11 08:28,35,3
L26920189,SE,SE-E,,58.6974792,15.8331013,Ölstadsjön,2026-07-27 10:33,51,2
L19649669,SE,SE-AC,,63.816853,20.27495,Ön--brukshundsklubben,2026-07-18 22:11,35,4
L39912314,SE,SE-H,,56.4448843,16.1364437,Örarevet,2026-09-10 07:28,4,0
L5001784,SE,SE-M,,55.9817701,12.754215,Örby ängar,2026-09-18 15:25,68,10
L6253789,SE,SE-M,,56.23104,12.53427,"Ören, Strandbaden",2026-08-03 20:08,116,37
L5686141,SE,SE-M,,56.0517777,12.6926851,Öresundparken,2026-09-12 15:12,47,14
L7914042,SE,SE-M,,55.570054,12.896661,"Öresundsbron, Luftkastellet",2026-08-02 16:07,95,23
L21185770,SE,SE-AB,,59.3097789,17.9838264,"Örnberget, Aspudden",2026-08-08 16:06,98,24
L4986234,SE,SE-C,,60.5206509,18.3906841,Örskär,2025-06-15 05:48,155,7
L2085176,SE,SE-C,,60.5083011,18.3962631,Örskärssund,2026-02-20 11:20,74,8
L4184231,SE,SE-D,,59.2889856,16.529181,Örsta gård,2026-09-10 00:00,43,10
L19642395,SE,SE-C,,59.7351545,17.3218622,Örsundsbro reningsverket,2026-08-02 09:52,4,0
L70156606,SE,SE-M,,55.7805673,13.2618234,Örtofta Sockerbruk--Norra dammarna,2008-10-07 00:00,17,0
L6100604,SE,SE-M,,55.7749226,13.2721214,Örtofta Sockerbruk--södra dammarna,2026-08-19 19:07,185,136
L4202710,SE,SE-H,,56.2741076,16.4987612,Össby hamn,2026-05-27 08:51,151,37
L8030881,SE,SE-H,,56.274706,16.478739,Össbyskogen,2026-07-10 15:45,83,18
L29470202,SE,SE-G,,56.8786948,13.9787801,Össlöv,2026-08-02 10:35,25,2
L75939872,SE,SE-M,,56.2163784,14.5152553,Östafors
L75939913,SE,SE-K,,56.2182456,14.5183318,Östafors--Ljungryda naturreservat
L75939801,SE,SE-M,,56.2125721,14.516285,Östafors--Östafors bruks naturreservat
L26357479,SE,SE-W,,60.6227222,15.611789,Östanforsån,2015-01-24 00:00,7,0
L24084034,SE,SE-X,,60.8873867,16.7442528,Östby våtmark,2023-05-06 13:05,33,2
L4351997,SE,SE-O,,58.5635671,13.9235401,Östen,2026-09-27 15:07,174,252
L26085511,SE,SE-O,,58.5621019,13.9384902,Östen--Flistadsviken,2025-09-06 07:15,115,26
L27558610,SE,SE-O,,58.5586707,13.8924758,Östen--Hägnatornet,2026-05-16 13:03,75,17
L77806437,SE,SE-O,,58.5425373,13.9083457,Östen--Klämmatornet,2026-09-27 13:46,31,2
L64953340,SE,SE-O,,58.5503054,13.8942371,Östen--Madholmen,2026-07-01 23:43,41,2
L13936033,SE,SE-O,,58.53896,13.90178,Östen--Nils Matsgården,2026-09-27 15:07,99,43
L27056625,SE,SE-O,,58.583901,13.9572217,Östen--Norra vallen,2025-09-14 06:53,114,22
L18512866,SE,SE-O,,58.58234,13.95121,Östen--Skogen,2026-07-25 18:35,118,44
L40773389,SE,SE-O,,58.5933397,13.9477018,Östen--Sveneby,2025-03-02 13:18,21,2
L27730413,SE,SE-O,,58.57318,13.94639,Östen--Öja båtplats,2026-03-08 12:31,105,30
L8268317,SE,SE-X,,60.3040518,16.7915382,Österfärnebo,2021-06-02 11:30,15,1
L43566751,SE,SE-O,,58.5744306,13.4259585,Österplana hed och vall naturreservat,2026-08-08 12:07,47,8
L6567907,SE,SE-AB,,59.8314021,19.0732782,Östersjö,2018-01-14 09:14,33,5
L8338589,SE,SE-Z,,63.1773029,14.6353815,Östersund,2026-08-15 11:53,73,27
L64349543,SE,SE-Z,,63.1766891,14.6293367,Östersunds båthamn,2026-09-05 13:57,23,5
L24002966,SE,SE-X,,60.6570019,17.3640551,"Östervik, Ytter-Harnäs",2023-04-26 11:59,22,1
L20120089,SE,SE-AC,,63.754515,20.606964,Östnördestgrundet,2026-08-22 11:43,60,32
L9998126,SE,SE-O,,58.4844289,12.2210054,Östra Hästefjorden Vik,2024-03-25 15:15,43,3
L65028470,SE,SE-O,,57.7152257,12.0073948,Östra Kyrkogården--Göteborg
L45527724,SE,SE-AB,,59.3812973,18.4886913,Östra Myttingeviken,2025-05-20 14:15,6,1
L77044020,SE,SE-M,,55.8614324,13.5508834,Östra Ringsjön
L77048113,SE,SE-M,,55.8465724,13.5181178,Östra Ringsjön--Finnhultsviken
L77047483,SE,SE-M,,55.8440146,13.50953,Östra Ringsjön--Snogerödsdammen
L77047617,SE,SE-M,,55.8817483,13.5432888,Östra Ringsjön--Tödels näbbe
L6877205,SE,SE-W,,61.2104564,14.5235181,Östra Rädsjön,2021-07-09 12:00,4,0
L66044120,SE,SE-O,,58.4971941,13.2140323,Östra Sannornas naturreservat,2026-08-21 13:27,15,2
L27196578,SE,SE-N,,56.64606,12.88541,Östra Stranden--Halmstad,2023-09-22 13:28,22,2
L1004403,SE,SE-AB,,58.9753975,17.8648853,Östra Styran,2026-09-23 07:39,161,148
L74242340,SE,SE-G,,56.6385738,14.2056208,Östra Tångarne naturreservat
L5589366,SE,SE-D,,58.973826,16.116096,Östra Vingåkers viltvatten,2025-07-21 10:45,46,6
L60258949,SE,SE-N,,56.6834917,12.9270183,"Östra våtmarken, Vallås",2026-09-09 08:25,48,10
L13492772,SE,SE-W,,61.71276,13.50239,Översjön,2015-06-01 00:00,46,1
L26355649,SE,SE-W,,61.5705138,13.3006592,Övre Glysjön,2026-07-11 13:48,2,0
